2026-10-02 15:08:23,176 | INFO | 2024 | DIS-00191_entry | 8712 lignes | 3182 Ko | 17.43 s
2026-10-02 15:08:31,017 | INFO | 2024 | DIS-00192_entry | 5807 lignes | 2121 Ko | 7.84 s
2026-10-02 15:08:32,652 | INFO | 2024 | FNC-00033_entry | 8759 lignes | 3746 Ko | 1.63 s
2026-10-02 15:08:34,626 | INFO | 2024 | FNC-00034_entry | 8759 lignes | 3746 Ko | 1.97 s
2026-10-02 15:08:35,974 | INFO | 2024 | FNC-00035_entry | 8759 lignes | 3643 Ko | 1.35 s
2026-10-02 15:08:39,983 | WARNING | 2024 | ITP-00038_entry | aucune donnée
2026-10-02 15:09:03,203 | INFO | 2024 | ITP-00061_entry | 8760 lignes | 3750 Ko | 23.22 s
2026-10-02 15:09:03,863 | WARNING | 2024 | ITP-00088_entry | aucune donnée
2026-10-02 15:09:04,523 | WARNING | 2024 | ITP-00101_entry | aucune donnée
2026-10-02 15:09:20,105 | INFO | 2024 | ITP-00106_entry | 8760 lignes | 3869 Ko | 15.58 s
2026-10-02 15:09:22,794 | WARNING | 2024 | ITP-00110_entry | aucune donnée
2026-10-02 15:09:25,959 | WARNING | 2024 | ITP-00112_entry | aucune donnée
2026-10-02 15:09:29,606 | WARNING | 2024 | ITP-00113_entry | aucune donnée
2026-10-02 15:09:30,049 | WARNING | 2024 | ITP-00114_entry | aucune donnée
2026-10-02 15:09:33,860 | INFO | 2024 | ITP-00115_entry | 8736 lignes | 3822 Ko | 3.81 s
2026-10-02 15:09:34,385 | WARNING | 2024 | ITP-00147_entry | aucune donnée
2026-10-02 15:09:40,029 | WARNING | 2024 | ITP-00258_entry | aucune donnée
2026-10-02 15:09:43,827 | INFO | 2024 | ITP-00289_entry | 8736 lignes | 3268 Ko | 3.80 s
2026-10-02 15:09:49,620 | INFO | 2024 | ITP-00290_entry | 8736 lignes | 3268 Ko | 5.79 s
2026-10-02 15:09:51,160 | INFO | 2024 | ITP-00519_entry | 8759 lignes | 3370 Ko | 1.54 s
2026-10-02 15:10:14,836 | INFO | 2024 | ITP-00526_entry | 8760 lignes | 3621 Ko | 23.67 s
2026-10-02 15:10:18,598 | WARNING | 2024 | ITP-00542_entry | aucune donnée
2026-10-02 15:10:28,139 | INFO | 2024 | ITP-00555_entry | 8760 lignes | 3578 Ko | 9.54 s
2026-10-02 15:10:31,286 | INFO | 2024 | ITP-00614_entry | 8736 lignes | 3584 Ko | 3.15 s
2026-10-02 15:10:47,662 | INFO | 2024 | ITP-00648_entry | 8760 lignes | 3632 Ko | 16.37 s
2026-10-02 15:10:48,162 | WARNING | 2024 | LNG-00005_entry | aucune donnée
2026-10-02 15:10:58,425 | INFO | 2024 | LNG-00017_entry | 8760 lignes | 3487 Ko | 10.26 s
2026-10-02 15:11:04,536 | INFO | 2024 | UGS-00002_entry | 8760 lignes | 3097 Ko | 6.11 s
2026-10-02 15:11:06,296 | WARNING | 2024 | VTP-00029_entry | aucune donnée
2026-10-02 15:11:13,211 | INFO | 2024 | DIS-00191_exit | 8760 lignes | 3238 Ko | 6.91 s
2026-10-02 15:11:18,497 | INFO | 2024 | DIS-00192_exit | 5855 lignes | 2161 Ko | 5.28 s
2026-10-02 15:11:24,300 | INFO | 2024 | FNC-00033_exit | 8760 lignes | 3638 Ko | 5.80 s
2026-10-02 15:11:28,558 | INFO | 2024 | FNC-00034_exit | 5855 lignes | 2426 Ko | 4.26 s
2026-10-02 15:11:32,629 | INFO | 2024 | FNC-00035_exit | 8760 lignes | 3586 Ko | 4.07 s
2026-10-02 15:11:34,589 | WARNING | 2024 | ITP-00038_exit | aucune donnée
2026-10-02 15:11:39,644 | INFO | 2024 | ITP-00061_exit | 8736 lignes | 3691 Ko | 5.05 s
2026-10-02 15:11:40,454 | WARNING | 2024 | ITP-00088_exit | aucune donnée
2026-10-02 15:11:41,334 | WARNING | 2024 | ITP-00101_exit | aucune donnée
2026-10-02 15:11:46,716 | INFO | 2024 | ITP-00106_exit | 8736 lignes | 3780 Ko | 5.38 s
2026-10-02 15:11:48,317 | WARNING | 2024 | ITP-00110_exit | aucune donnée
2026-10-02 15:11:50,380 | WARNING | 2024 | ITP-00112_exit | aucune donnée
2026-10-02 15:11:51,237 | WARNING | 2024 | ITP-00113_exit | aucune donnée
2026-10-02 15:11:51,728 | WARNING | 2024 | ITP-00114_exit | aucune donnée
2026-10-02 15:11:58,538 | INFO | 2024 | ITP-00115_exit | 8760 lignes | 3848 Ko | 6.81 s
2026-10-02 15:11:58,972 | WARNING | 2024 | ITP-00147_exit | aucune donnée
2026-10-02 15:11:59,449 | WARNING | 2024 | ITP-00159_exit | aucune donnée
2026-10-02 15:11:59,860 | WARNING | 2024 | ITP-00159_exit | aucune donnée
2026-10-02 15:12:00,779 | WARNING | 2024 | ITP-00258_exit | aucune donnée
2026-10-02 15:12:05,081 | INFO | 2024 | ITP-00289_exit | 8736 lignes | 3251 Ko | 4.30 s
2026-10-02 15:12:20,225 | INFO | 2024 | ITP-00290_exit | 8736 lignes | 3251 Ko | 15.14 s
2026-10-02 15:12:21,306 | INFO | 2024 | ITP-00519_exit | 8759 lignes | 3352 Ko | 1.08 s
2026-10-02 15:12:26,347 | INFO | 2024 | ITP-00526_exit | 8736 lignes | 3559 Ko | 5.04 s
2026-10-02 15:12:29,542 | WARNING | 2024 | ITP-00542_exit | aucune donnée
2026-10-02 15:12:36,188 | INFO | 2024 | ITP-00555_exit | 8736 lignes | 3585 Ko | 6.64 s
2026-10-02 15:12:40,331 | INFO | 2024 | ITP-00614_exit | 8760 lignes | 3638 Ko | 4.14 s
2026-10-02 15:12:42,380 | INFO | 2024 | ITP-00648_exit | 8736 lignes | 3567 Ko | 2.05 s
2026-10-02 15:12:42,831 | WARNING | 2024 | LNG-00005_exit | aucune donnée
2026-10-02 15:12:46,931 | INFO | 2024 | LNG-00017_exit | 8736 lignes | 3404 Ko | 4.10 s
2026-10-02 15:12:53,828 | INFO | 2024 | UGS-00002_exit | 8736 lignes | 3077 Ko | 6.90 s
2026-10-02 15:12:56,232 | WARNING | 2024 | VTP-00029_exit | aucune donnée
2026-10-02 15:14:23,207 | INFO | 2024 | DIS-00191_entry | 8712 lignes | 3182 Ko | 3.78 s
2026-10-02 15:14:26,632 | INFO | 2024 | DIS-00192_entry | 5807 lignes | 2121 Ko | 3.42 s
2026-10-02 15:14:28,339 | INFO | 2024 | FNC-00033_entry | 8759 lignes | 3746 Ko | 1.71 s
2026-10-02 15:14:48,411 | INFO | 2024 | FNC-00034_entry | 8759 lignes | 3746 Ko | 20.07 s
2026-10-02 15:14:50,658 | INFO | 2024 | FNC-00035_entry | 8759 lignes | 3643 Ko | 2.25 s
2026-10-02 15:14:53,664 | WARNING | 2024 | ITP-00038_entry | aucune donnée
2026-10-02 15:14:59,603 | INFO | 2024 | ITP-00061_entry | 8760 lignes | 3750 Ko | 5.94 s
2026-10-02 15:15:00,459 | WARNING | 2024 | ITP-00088_entry | aucune donnée
2026-10-02 15:15:01,119 | WARNING | 2024 | ITP-00101_entry | aucune donnée
2026-10-02 15:15:11,699 | INFO | 2024 | ITP-00106_entry | 8760 lignes | 3869 Ko | 10.58 s
2026-10-02 15:26:40,891 | INFO | 2023 | DIS-00191_entry | 8736 lignes | 3191 Ko | 16.09 s
2026-10-02 15:26:43,727 | INFO | 2023 | DIS-00192_entry | 8736 lignes | 3191 Ko | 2.83 s
2026-10-02 15:26:45,495 | INFO | 2023 | FNC-00033_entry | 8735 lignes | 3736 Ko | 1.77 s
2026-10-02 15:26:46,968 | INFO | 2023 | FNC-00034_entry | 8735 lignes | 3736 Ko | 1.47 s
2026-10-02 15:26:48,878 | INFO | 2023 | FNC-00035_entry | 8735 lignes | 3633 Ko | 1.91 s
2026-10-02 15:26:55,817 | INFO | 2023 | ITP-00038_entry | 2155 lignes | 901 Ko | 6.94 s
2026-10-02 15:27:15,208 | INFO | 2023 | ITP-00061_entry | 8736 lignes | 3761 Ko | 19.39 s
2026-10-02 15:27:17,051 | WARNING | 2023 | ITP-00088_entry | aucune donnée
2026-10-02 15:27:17,870 | WARNING | 2023 | ITP-00101_entry | aucune donnée
2026-10-02 15:27:25,937 | INFO | 2023 | ITP-00106_entry | 8736 lignes | 3861 Ko | 8.07 s
2026-10-02 15:27:44,047 | INFO | 2025 | DIS-00191_entry | 8736 lignes | 3191 Ko | 16.97 s
2026-10-02 15:27:46,527 | WARNING | 2025 | DIS-00192_entry | aucune donnée
2026-10-02 15:27:48,107 | INFO | 2025 | FNC-00033_entry | 8735 lignes | 3736 Ko | 1.58 s
2026-10-02 15:27:49,502 | INFO | 2025 | FNC-00034_entry | 8735 lignes | 3736 Ko | 1.39 s
2026-10-02 15:27:50,974 | INFO | 2025 | FNC-00035_entry | 8735 lignes | 3633 Ko | 1.47 s
2026-10-02 15:27:53,002 | WARNING | 2025 | ITP-00038_entry | aucune donnée
2026-10-02 15:28:14,368 | INFO | 2025 | ITP-00061_entry | 8736 lignes | 3743 Ko | 21.36 s
2026-10-02 15:28:15,726 | WARNING | 2025 | ITP-00088_entry | aucune donnée
2026-10-02 15:28:16,329 | WARNING | 2025 | ITP-00101_entry | aucune donnée
2026-10-02 15:28:27,526 | INFO | 2025 | ITP-00106_entry | 8736 lignes | 3853 Ko | 11.20 s
2026-10-02 15:35:47,315 | WARNING | 2000 | DIS-00191_entry | aucune donnée
2026-10-02 15:35:47,733 | WARNING | 2000 | DIS-00192_entry | aucune donnée
2026-10-02 15:35:48,148 | WARNING | 2000 | FNC-00033_entry | aucune donnée
2026-10-02 15:35:48,567 | WARNING | 2000 | FNC-00034_entry | aucune donnée
2026-10-02 15:35:48,963 | WARNING | 2000 | FNC-00035_entry | aucune donnée
2026-10-02 15:35:54,665 | WARNING | 2000 | ITP-00038_entry | aucune donnée
2026-10-02 15:35:55,084 | WARNING | 2000 | ITP-00061_entry | aucune donnée
2026-10-02 15:35:55,495 | WARNING | 2000 | ITP-00088_entry | aucune donnée
2026-10-02 15:35:55,983 | WARNING | 2000 | ITP-00101_entry | aucune donnée
2026-10-02 15:35:56,393 | WARNING | 2000 | ITP-00106_entry | aucune donnée
2026-10-02 15:35:56,790 | WARNING | 2001 | DIS-00191_entry | aucune donnée
2026-10-02 15:35:57,188 | WARNING | 2001 | DIS-00192_entry | aucune donnée
2026-10-02 15:35:57,602 | WARNING | 2001 | FNC-00033_entry | aucune donnée
2026-10-02 15:35:58,021 | WARNING | 2001 | FNC-00034_entry | aucune donnée
2026-10-02 15:35:58,433 | WARNING | 2001 | FNC-00035_entry | aucune donnée
2026-10-02 15:35:58,832 | WARNING | 2001 | ITP-00038_entry | aucune donnée
2026-10-02 15:35:59,226 | WARNING | 2001 | ITP-00061_entry | aucune donnée
2026-10-02 15:35:59,628 | WARNING | 2001 | ITP-00088_entry | aucune donnée
2026-10-02 15:36:00,041 | WARNING | 2001 | ITP-00101_entry | aucune donnée
2026-10-02 15:36:00,457 | WARNING | 2001 | ITP-00106_entry | aucune donnée
2026-10-02 15:36:00,859 | WARNING | 2002 | DIS-00191_entry | aucune donnée
2026-10-02 15:36:01,260 | WARNING | 2002 | DIS-00192_entry | aucune donnée
2026-10-02 15:36:01,665 | WARNING | 2002 | FNC-00033_entry | aucune donnée
2026-10-02 15:36:02,089 | WARNING | 2002 | FNC-00034_entry | aucune donnée
2026-10-02 15:36:17,122 | WARNING | 2000 | DIS-00191_entry | aucune donnée
2026-10-02 15:36:17,502 | WARNING | 2000 | DIS-00192_entry | aucune donnée
2026-10-02 15:36:17,948 | WARNING | 2000 | FNC-00033_entry | aucune donnée
2026-10-02 15:36:18,335 | WARNING | 2000 | FNC-00034_entry | aucune donnée
2026-10-02 15:36:18,759 | WARNING | 2000 | FNC-00035_entry | aucune donnée
2026-10-02 15:36:19,147 | WARNING | 2000 | ITP-00038_entry | aucune donnée
2026-10-02 15:36:19,547 | WARNING | 2000 | ITP-00061_entry | aucune donnée
2026-10-02 15:36:19,958 | WARNING | 2000 | ITP-00088_entry | aucune donnée
2026-10-02 15:36:20,350 | WARNING | 2000 | ITP-00101_entry | aucune donnée
2026-10-02 15:36:20,734 | WARNING | 2000 | ITP-00106_entry | aucune donnée
2026-10-02 15:36:41,147 | WARNING | 2000 | DIS-00191_entry | aucune donnée
2026-10-02 15:36:41,527 | WARNING | 2000 | DIS-00192_entry | aucune donnée
2026-10-02 15:36:41,940 | WARNING | 2000 | FNC-00033_entry | aucune donnée
2026-10-02 15:36:42,320 | WARNING | 2000 | FNC-00034_entry | aucune donnée
2026-10-02 15:36:42,706 | WARNING | 2000 | FNC-00035_entry | aucune donnée
2026-10-02 15:36:43,088 | WARNING | 2000 | ITP-00038_entry | aucune donnée
2026-10-02 15:36:43,470 | WARNING | 2000 | ITP-00061_entry | aucune donnée
2026-10-02 15:36:43,865 | WARNING | 2000 | ITP-00088_entry | aucune donnée
2026-10-02 15:36:44,256 | WARNING | 2000 | ITP-00101_entry | aucune donnée
2026-10-02 15:36:44,646 | WARNING | 2000 | ITP-00106_entry | aucune donnée
2026-10-02 15:36:45,070 | WARNING | 2001 | DIS-00191_entry | aucune donnée
2026-10-02 15:36:45,453 | WARNING | 2001 | DIS-00192_entry | aucune donnée
2026-10-02 15:36:45,844 | WARNING | 2001 | FNC-00033_entry | aucune donnée
2026-10-02 15:36:46,286 | WARNING | 2001 | FNC-00034_entry | aucune donnée
2026-10-02 15:36:46,668 | WARNING | 2001 | FNC-00035_entry | aucune donnée
2026-10-02 15:36:47,095 | WARNING | 2001 | ITP-00038_entry | aucune donnée
2026-10-02 15:36:47,481 | WARNING | 2001 | ITP-00061_entry | aucune donnée
2026-10-02 15:36:47,876 | WARNING | 2001 | ITP-00088_entry | aucune donnée
2026-10-02 15:36:48,262 | WARNING | 2001 | ITP-00101_entry | aucune donnée
2026-10-02 15:36:48,646 | WARNING | 2001 | ITP-00106_entry | aucune donnée
2026-10-02 15:36:49,047 | WARNING | 2002 | DIS-00191_entry | aucune donnée
2026-10-02 15:36:49,425 | WARNING | 2002 | DIS-00192_entry | aucune donnée
2026-10-02 15:36:49,831 | WARNING | 2002 | FNC-00033_entry | aucune donnée
2026-10-02 15:36:50,222 | WARNING | 2002 | FNC-00034_entry | aucune donnée
2026-10-02 15:36:50,606 | WARNING | 2002 | FNC-00035_entry | aucune donnée
2026-10-02 15:36:51,013 | WARNING | 2002 | ITP-00038_entry | aucune donnée
2026-10-02 15:36:51,762 | WARNING | 2002 | ITP-00061_entry | aucune donnée
2026-10-02 15:36:52,220 | WARNING | 2002 | ITP-00088_entry | aucune donnée
2026-10-02 15:36:52,616 | WARNING | 2002 | ITP-00101_entry | aucune donnée
2026-10-02 15:36:53,366 | WARNING | 2002 | ITP-00106_entry | aucune donnée
2026-10-02 15:36:53,796 | WARNING | 2003 | DIS-00191_entry | aucune donnée
2026-10-02 15:36:54,196 | WARNING | 2003 | DIS-00192_entry | aucune donnée
2026-10-02 15:36:54,616 | WARNING | 2003 | FNC-00033_entry | aucune donnée
2026-10-02 15:36:55,011 | WARNING | 2003 | FNC-00034_entry | aucune donnée
2026-10-02 15:36:55,414 | WARNING | 2003 | FNC-00035_entry | aucune donnée
2026-10-02 15:36:55,912 | WARNING | 2003 | ITP-00038_entry | aucune donnée
2026-10-02 15:36:56,306 | WARNING | 2003 | ITP-00061_entry | aucune donnée
2026-10-02 15:36:56,732 | WARNING | 2003 | ITP-00088_entry | aucune donnée
2026-10-02 15:36:57,136 | WARNING | 2003 | ITP-00101_entry | aucune donnée
2026-10-02 15:36:57,533 | WARNING | 2003 | ITP-00106_entry | aucune donnée
2026-10-02 15:36:57,961 | WARNING | 2004 | DIS-00191_entry | aucune donnée
2026-10-02 15:36:58,375 | WARNING | 2004 | DIS-00192_entry | aucune donnée
2026-10-02 15:36:58,784 | WARNING | 2004 | FNC-00033_entry | aucune donnée
2026-10-02 15:36:59,181 | WARNING | 2004 | FNC-00034_entry | aucune donnée
2026-10-02 15:36:59,578 | WARNING | 2004 | FNC-00035_entry | aucune donnée
2026-10-02 15:36:59,974 | WARNING | 2004 | ITP-00038_entry | aucune donnée
2026-10-02 15:37:00,375 | WARNING | 2004 | ITP-00061_entry | aucune donnée
2026-10-02 15:37:00,778 | WARNING | 2004 | ITP-00088_entry | aucune donnée
2026-10-02 15:37:01,200 | WARNING | 2004 | ITP-00101_entry | aucune donnée
2026-10-02 15:37:01,614 | WARNING | 2004 | ITP-00106_entry | aucune donnée
2026-10-02 15:37:02,079 | WARNING | 2005 | DIS-00191_entry | aucune donnée
2026-10-02 15:37:02,497 | WARNING | 2005 | DIS-00192_entry | aucune donnée
2026-10-02 15:37:02,898 | WARNING | 2005 | FNC-00033_entry | aucune donnée
2026-10-02 15:37:03,305 | WARNING | 2005 | FNC-00034_entry | aucune donnée
2026-10-02 15:37:03,716 | WARNING | 2005 | FNC-00035_entry | aucune donnée
2026-10-02 15:37:04,115 | WARNING | 2005 | ITP-00038_entry | aucune donnée
2026-10-02 15:37:04,529 | WARNING | 2005 | ITP-00061_entry | aucune donnée
2026-10-02 15:37:24,752 | WARNING | 2000 | DIS-00191_entry | aucune donnée
2026-10-02 15:37:25,829 | WARNING | 2000 | DIS-00192_entry | aucune donnée
2026-10-02 15:37:26,243 | WARNING | 2000 | FNC-00033_entry | aucune donnée
2026-10-02 15:37:26,701 | WARNING | 2000 | FNC-00034_entry | aucune donnée
2026-10-02 15:37:34,017 | WARNING | 2000 | FNC-00035_entry | aucune donnée
2026-10-02 15:37:34,429 | WARNING | 2000 | ITP-00038_entry | aucune donnée
2026-10-02 15:37:34,834 | WARNING | 2000 | ITP-00061_entry | aucune donnée
2026-10-02 15:37:35,291 | WARNING | 2000 | ITP-00088_entry | aucune donnée
2026-10-02 15:37:35,697 | WARNING | 2000 | ITP-00101_entry | aucune donnée
2026-10-02 15:37:36,102 | WARNING | 2000 | ITP-00106_entry | aucune donnée
2026-10-02 15:37:36,519 | WARNING | 2000 | ITP-00110_entry | aucune donnée
2026-10-02 15:37:36,919 | WARNING | 2000 | ITP-00112_entry | aucune donnée
2026-10-02 15:37:37,324 | WARNING | 2000 | ITP-00113_entry | aucune donnée
2026-10-02 15:37:37,776 | WARNING | 2000 | ITP-00114_entry | aucune donnée
2026-10-02 15:37:38,175 | WARNING | 2000 | ITP-00115_entry | aucune donnée
2026-10-02 15:37:38,577 | WARNING | 2000 | ITP-00147_entry | aucune donnée
2026-10-02 15:37:38,980 | WARNING | 2000 | ITP-00258_entry | aucune donnée
2026-10-02 15:37:39,390 | WARNING | 2000 | ITP-00289_entry | aucune donnée
2026-10-02 15:37:39,819 | WARNING | 2000 | ITP-00290_entry | aucune donnée
2026-10-02 15:37:40,239 | WARNING | 2000 | ITP-00519_entry | aucune donnée
2026-10-02 15:37:40,637 | WARNING | 2000 | ITP-00526_entry | aucune donnée
2026-10-02 15:37:41,035 | WARNING | 2000 | ITP-00542_entry | aucune donnée
2026-10-02 15:37:41,458 | WARNING | 2000 | ITP-00555_entry | aucune donnée
2026-10-02 15:37:41,870 | WARNING | 2000 | ITP-00614_entry | aucune donnée
2026-10-02 15:37:42,962 | WARNING | 2000 | ITP-00648_entry | aucune donnée
2026-10-02 15:37:43,416 | WARNING | 2000 | LNG-00005_entry | aucune donnée
2026-10-02 15:37:43,817 | WARNING | 2000 | LNG-00017_entry | aucune donnée
2026-10-02 15:37:44,316 | WARNING | 2000 | UGS-00002_entry | aucune donnée
2026-10-02 15:37:44,710 | WARNING | 2000 | VTP-00029_entry | aucune donnée
2026-10-02 15:37:45,144 | WARNING | 2000 | DIS-00191_exit | aucune donnée
2026-10-02 15:37:45,556 | WARNING | 2000 | DIS-00192_exit | aucune donnée
2026-10-02 15:37:45,973 | WARNING | 2000 | FNC-00033_exit | aucune donnée
2026-10-02 15:37:46,381 | WARNING | 2000 | FNC-00034_exit | aucune donnée
2026-10-02 15:37:46,796 | WARNING | 2000 | FNC-00035_exit | aucune donnée
2026-10-02 15:37:47,196 | WARNING | 2000 | ITP-00038_exit | aucune donnée
2026-10-02 15:37:47,610 | WARNING | 2000 | ITP-00061_exit | aucune donnée
2026-10-02 15:37:48,012 | WARNING | 2000 | ITP-00088_exit | aucune donnée
2026-10-02 15:37:48,411 | WARNING | 2000 | ITP-00101_exit | aucune donnée
2026-10-02 15:37:48,856 | WARNING | 2000 | ITP-00106_exit | aucune donnée
2026-10-02 15:37:49,339 | WARNING | 2000 | ITP-00110_exit | aucune donnée
2026-10-02 15:37:49,735 | WARNING | 2000 | ITP-00112_exit | aucune donnée
2026-10-02 15:37:50,349 | WARNING | 2000 | ITP-00113_exit | aucune donnée
2026-10-02 15:37:50,766 | WARNING | 2000 | ITP-00114_exit | aucune donnée
2026-10-02 15:37:51,225 | WARNING | 2000 | ITP-00115_exit | aucune donnée
2026-10-02 15:37:52,695 | WARNING | 2000 | ITP-00147_exit | aucune donnée
2026-10-02 15:37:53,095 | WARNING | 2000 | ITP-00159_exit | aucune donnée
2026-10-02 15:37:53,491 | WARNING | 2000 | ITP-00159_exit | aucune donnée
2026-10-02 15:37:54,118 | WARNING | 2000 | ITP-00258_exit | aucune donnée
2026-10-02 15:37:54,514 | WARNING | 2000 | ITP-00289_exit | aucune donnée
2026-10-02 15:37:59,396 | WARNING | 2000 | ITP-00290_exit | aucune donnée
2026-10-02 15:37:59,825 | WARNING | 2000 | ITP-00519_exit | aucune donnée
2026-10-02 15:38:00,222 | WARNING | 2000 | ITP-00526_exit | aucune donnée
2026-10-02 15:38:00,621 | WARNING | 2000 | ITP-00542_exit | aucune donnée
2026-10-02 15:38:01,049 | WARNING | 2000 | ITP-00555_exit | aucune donnée
2026-10-02 15:38:01,460 | WARNING | 2000 | ITP-00614_exit | aucune donnée
2026-10-02 15:38:02,103 | WARNING | 2000 | ITP-00648_exit | aucune donnée
2026-10-02 15:38:02,513 | WARNING | 2000 | LNG-00005_exit | aucune donnée
2026-10-02 15:38:02,916 | WARNING | 2000 | LNG-00017_exit | aucune donnée
2026-10-02 15:38:03,324 | WARNING | 2000 | UGS-00002_exit | aucune donnée
2026-10-02 15:38:03,729 | WARNING | 2000 | VTP-00029_exit | aucune donnée
2026-10-02 15:38:04,144 | WARNING | 2001 | DIS-00191_entry | aucune donnée
2026-10-02 15:38:04,569 | WARNING | 2001 | DIS-00192_entry | aucune donnée
2026-10-02 15:38:05,103 | WARNING | 2001 | FNC-00033_entry | aucune donnée
2026-10-02 15:38:05,514 | WARNING | 2001 | FNC-00034_entry | aucune donnée
2026-10-02 15:38:05,942 | WARNING | 2001 | FNC-00035_entry | aucune donnée
2026-10-02 15:38:06,384 | WARNING | 2001 | ITP-00038_entry | aucune donnée
2026-10-02 15:38:06,815 | WARNING | 2001 | ITP-00061_entry | aucune donnée
2026-10-02 15:38:07,224 | WARNING | 2001 | ITP-00088_entry | aucune donnée
2026-10-02 15:38:07,620 | WARNING | 2001 | ITP-00101_entry | aucune donnée
2026-10-02 15:38:08,041 | WARNING | 2001 | ITP-00106_entry | aucune donnée
2026-10-02 15:38:08,519 | WARNING | 2001 | ITP-00110_entry | aucune donnée
2026-10-02 15:38:08,916 | WARNING | 2001 | ITP-00112_entry | aucune donnée
2026-10-02 15:38:09,331 | WARNING | 2001 | ITP-00113_entry | aucune donnée
2026-10-02 15:38:09,728 | WARNING | 2001 | ITP-00114_entry | aucune donnée
2026-10-02 15:38:14,848 | WARNING | 2001 | ITP-00115_entry | aucune donnée
2026-10-02 15:38:15,253 | WARNING | 2001 | ITP-00147_entry | aucune donnée
2026-10-02 15:38:15,674 | WARNING | 2001 | ITP-00258_entry | aucune donnée
2026-10-02 15:38:16,108 | WARNING | 2001 | ITP-00289_entry | aucune donnée
2026-10-02 15:38:16,521 | WARNING | 2001 | ITP-00290_entry | aucune donnée
2026-10-02 15:38:16,949 | WARNING | 2001 | ITP-00519_entry | aucune donnée
2026-10-02 15:38:17,357 | WARNING | 2001 | ITP-00526_entry | aucune donnée
2026-10-02 15:38:18,284 | WARNING | 2001 | ITP-00542_entry | aucune donnée
2026-10-02 15:38:22,815 | WARNING | 2001 | ITP-00555_entry | aucune donnée
2026-10-02 15:38:23,251 | WARNING | 2001 | ITP-00614_entry | aucune donnée
2026-10-02 15:38:23,658 | WARNING | 2001 | ITP-00648_entry | aucune donnée
2026-10-02 15:38:24,057 | WARNING | 2001 | LNG-00005_entry | aucune donnée
2026-10-02 15:38:24,452 | WARNING | 2001 | LNG-00017_entry | aucune donnée
2026-10-02 15:38:24,874 | WARNING | 2001 | UGS-00002_entry | aucune donnée
2026-10-02 15:38:25,287 | WARNING | 2001 | VTP-00029_entry | aucune donnée
2026-10-02 15:38:25,690 | WARNING | 2001 | DIS-00191_exit | aucune donnée
2026-10-02 15:38:26,100 | WARNING | 2001 | DIS-00192_exit | aucune donnée
2026-10-02 15:38:26,499 | WARNING | 2001 | FNC-00033_exit | aucune donnée
2026-10-02 15:38:26,903 | WARNING | 2001 | FNC-00034_exit | aucune donnée
2026-10-02 15:38:27,315 | WARNING | 2001 | FNC-00035_exit | aucune donnée
2026-10-02 15:38:27,711 | WARNING | 2001 | ITP-00038_exit | aucune donnée
2026-10-02 15:38:28,113 | WARNING | 2001 | ITP-00061_exit | aucune donnée
2026-10-02 15:38:28,508 | WARNING | 2001 | ITP-00088_exit | aucune donnée
2026-10-02 15:38:28,915 | WARNING | 2001 | ITP-00101_exit | aucune donnée
2026-10-02 15:38:29,335 | WARNING | 2001 | ITP-00106_exit | aucune donnée
2026-10-02 15:38:29,761 | WARNING | 2001 | ITP-00110_exit | aucune donnée
2026-10-02 15:38:30,217 | WARNING | 2001 | ITP-00112_exit | aucune donnée
2026-10-02 15:38:30,623 | WARNING | 2001 | ITP-00113_exit | aucune donnée
2026-10-02 15:38:31,022 | WARNING | 2001 | ITP-00114_exit | aucune donnée
2026-10-02 15:38:31,436 | WARNING | 2001 | ITP-00115_exit | aucune donnée
2026-10-02 15:38:31,831 | WARNING | 2001 | ITP-00147_exit | aucune donnée
2026-10-02 15:38:32,228 | WARNING | 2001 | ITP-00159_exit | aucune donnée
2026-10-02 15:38:32,625 | WARNING | 2001 | ITP-00159_exit | aucune donnée
2026-10-02 15:38:33,019 | WARNING | 2001 | ITP-00258_exit | aucune donnée
2026-10-02 15:38:33,422 | WARNING | 2001 | ITP-00289_exit | aucune donnée
2026-10-02 15:38:33,821 | WARNING | 2001 | ITP-00290_exit | aucune donnée
2026-10-02 15:38:34,223 | WARNING | 2001 | ITP-00519_exit | aucune donnée
2026-10-02 15:38:34,668 | WARNING | 2001 | ITP-00526_exit | aucune donnée
2026-10-02 15:38:35,067 | WARNING | 2001 | ITP-00542_exit | aucune donnée
2026-10-02 15:38:35,499 | WARNING | 2001 | ITP-00555_exit | aucune donnée
2026-10-02 15:38:35,910 | WARNING | 2001 | ITP-00614_exit | aucune donnée
2026-10-02 15:38:36,310 | WARNING | 2001 | ITP-00648_exit | aucune donnée
2026-10-02 15:38:36,715 | WARNING | 2001 | LNG-00005_exit | aucune donnée
2026-10-02 15:40:20,207 | WARNING | 2000 | DIS-00191_entry | aucune donnée
2026-10-02 15:40:20,607 | WARNING | 2000 | DIS-00192_entry | aucune donnée
2026-10-02 15:40:21,085 | WARNING | 2000 | FNC-00033_entry | aucune donnée
2026-10-02 15:40:21,484 | WARNING | 2000 | FNC-00034_entry | aucune donnée
2026-10-02 15:40:21,888 | WARNING | 2000 | FNC-00035_entry | aucune donnée
2026-10-02 15:40:22,308 | WARNING | 2000 | ITP-00038_entry | aucune donnée
2026-10-02 15:40:22,754 | WARNING | 2000 | ITP-00061_entry | aucune donnée
2026-10-02 15:40:23,175 | WARNING | 2000 | ITP-00088_entry | aucune donnée
2026-10-02 15:40:23,574 | WARNING | 2000 | ITP-00101_entry | aucune donnée
2026-10-02 15:40:24,166 | WARNING | 2000 | ITP-00106_entry | aucune donnée
2026-10-02 15:40:24,580 | WARNING | 2000 | ITP-00110_entry | aucune donnée
2026-10-02 15:40:25,001 | WARNING | 2000 | ITP-00112_entry | aucune donnée
2026-10-02 15:40:25,418 | WARNING | 2000 | ITP-00113_entry | aucune donnée
2026-10-02 15:40:25,838 | WARNING | 2000 | ITP-00114_entry | aucune donnée
2026-10-02 15:40:26,235 | WARNING | 2000 | ITP-00115_entry | aucune donnée
2026-10-02 15:40:26,666 | WARNING | 2000 | ITP-00147_entry | aucune donnée
2026-10-02 15:40:27,083 | WARNING | 2000 | ITP-00258_entry | aucune donnée
2026-10-02 15:40:27,502 | WARNING | 2000 | ITP-00289_entry | aucune donnée
2026-10-02 15:40:27,932 | WARNING | 2000 | ITP-00290_entry | aucune donnée
2026-10-02 15:40:28,359 | WARNING | 2000 | ITP-00519_entry | aucune donnée
2026-10-02 15:40:28,764 | WARNING | 2000 | ITP-00526_entry | aucune donnée
2026-10-02 15:40:29,175 | WARNING | 2000 | ITP-00542_entry | aucune donnée
2026-10-02 15:40:29,578 | WARNING | 2000 | ITP-00555_entry | aucune donnée
2026-10-02 15:40:29,997 | WARNING | 2000 | ITP-00614_entry | aucune donnée
2026-10-02 15:40:30,392 | WARNING | 2000 | ITP-00648_entry | aucune donnée
2026-10-02 15:40:30,803 | WARNING | 2000 | LNG-00005_entry | aucune donnée
2026-10-02 15:40:31,206 | WARNING | 2000 | LNG-00017_entry | aucune donnée
2026-10-02 15:40:31,616 | WARNING | 2000 | UGS-00002_entry | aucune donnée
2026-10-02 15:40:32,055 | WARNING | 2000 | VTP-00029_entry | aucune donnée
2026-10-02 15:40:32,452 | WARNING | 2000 | DIS-00191_exit | aucune donnée
2026-10-02 15:40:32,865 | WARNING | 2000 | DIS-00192_exit | aucune donnée
2026-10-02 15:40:33,267 | WARNING | 2000 | FNC-00033_exit | aucune donnée
2026-10-02 15:40:33,679 | WARNING | 2000 | FNC-00034_exit | aucune donnée
2026-10-02 15:40:34,098 | WARNING | 2000 | FNC-00035_exit | aucune donnée
2026-10-02 15:40:34,516 | WARNING | 2000 | ITP-00038_exit | aucune donnée
2026-10-02 15:40:34,945 | WARNING | 2000 | ITP-00061_exit | aucune donnée
2026-10-02 15:40:35,384 | WARNING | 2000 | ITP-00088_exit | aucune donnée
2026-10-02 15:40:35,823 | WARNING | 2000 | ITP-00101_exit | aucune donnée
2026-10-02 15:40:36,223 | WARNING | 2000 | ITP-00106_exit | aucune donnée
2026-10-02 15:40:36,858 | WARNING | 2000 | ITP-00110_exit | aucune donnée
2026-10-02 15:40:37,306 | WARNING | 2000 | ITP-00112_exit | aucune donnée
2026-10-02 15:40:37,723 | WARNING | 2000 | ITP-00113_exit | aucune donnée
2026-10-02 15:40:38,124 | WARNING | 2000 | ITP-00114_exit | aucune donnée
2026-10-02 15:40:38,543 | WARNING | 2000 | ITP-00115_exit | aucune donnée
2026-10-02 15:40:38,937 | WARNING | 2000 | ITP-00147_exit | aucune donnée
2026-10-02 15:40:39,353 | WARNING | 2000 | ITP-00159_exit | aucune donnée
2026-10-02 15:40:39,748 | WARNING | 2000 | ITP-00159_exit | aucune donnée
2026-10-02 15:40:40,144 | WARNING | 2000 | ITP-00258_exit | aucune donnée
2026-10-02 15:40:40,558 | WARNING | 2000 | ITP-00289_exit | aucune donnée
2026-10-02 15:40:40,956 | WARNING | 2000 | ITP-00290_exit | aucune donnée
2026-10-02 15:40:45,027 | WARNING | 2000 | ITP-00519_exit | aucune donnée
2026-10-02 15:40:45,471 | WARNING | 2000 | ITP-00526_exit | aucune donnée
2026-10-02 15:40:45,883 | WARNING | 2000 | ITP-00542_exit | aucune donnée
2026-10-02 15:40:46,327 | WARNING | 2000 | ITP-00555_exit | aucune donnée
2026-10-02 15:40:46,743 | WARNING | 2000 | ITP-00614_exit | aucune donnée
2026-10-02 15:40:47,148 | WARNING | 2000 | ITP-00648_exit | aucune donnée
2026-10-02 15:41:00,848 | WARNING | 2000 | LNG-00005_exit | aucune donnée
2026-10-02 15:41:01,263 | WARNING | 2000 | LNG-00017_exit | aucune donnée
2026-10-02 15:41:01,677 | WARNING | 2000 | UGS-00002_exit | aucune donnée
2026-10-02 15:41:07,399 | WARNING | 2000 | VTP-00029_exit | aucune donnée
2026-10-02 15:41:12,178 | WARNING | 2001 | DIS-00191_entry | aucune donnée
2026-10-02 15:41:12,579 | WARNING | 2001 | DIS-00192_entry | aucune donnée
2026-10-02 15:41:13,180 | WARNING | 2001 | FNC-00033_entry | aucune donnée
2026-10-02 15:41:13,583 | WARNING | 2001 | FNC-00034_entry | aucune donnée
2026-10-02 15:41:13,990 | WARNING | 2001 | FNC-00035_entry | aucune donnée
2026-10-02 15:41:14,403 | WARNING | 2001 | ITP-00038_entry | aucune donnée
2026-10-02 15:41:14,802 | WARNING | 2001 | ITP-00061_entry | aucune donnée
2026-10-02 15:41:15,204 | WARNING | 2001 | ITP-00088_entry | aucune donnée
2026-10-02 15:41:15,613 | WARNING | 2001 | ITP-00101_entry | aucune donnée
2026-10-02 15:41:16,014 | WARNING | 2001 | ITP-00106_entry | aucune donnée
2026-10-02 15:41:16,416 | WARNING | 2001 | ITP-00110_entry | aucune donnée
2026-10-02 15:41:16,817 | WARNING | 2001 | ITP-00112_entry | aucune donnée
2026-10-02 15:41:17,211 | WARNING | 2001 | ITP-00113_entry | aucune donnée
2026-10-02 15:41:17,624 | WARNING | 2001 | ITP-00114_entry | aucune donnée
2026-10-02 15:41:25,300 | WARNING | 2001 | ITP-00115_entry | aucune donnée
2026-10-02 15:41:25,699 | WARNING | 2001 | ITP-00147_entry | aucune donnée
2026-10-02 15:41:26,106 | WARNING | 2001 | ITP-00258_entry | aucune donnée
2026-10-02 15:41:26,541 | WARNING | 2001 | ITP-00289_entry | aucune donnée
2026-10-02 15:41:26,943 | WARNING | 2001 | ITP-00290_entry | aucune donnée
2026-10-02 15:41:27,362 | WARNING | 2001 | ITP-00519_entry | aucune donnée
2026-10-02 15:41:27,809 | WARNING | 2001 | ITP-00526_entry | aucune donnée
2026-10-02 15:41:28,207 | WARNING | 2001 | ITP-00542_entry | aucune donnée
2026-10-02 15:41:28,605 | WARNING | 2001 | ITP-00555_entry | aucune donnée
2026-10-02 15:41:29,006 | WARNING | 2001 | ITP-00614_entry | aucune donnée
2026-10-02 15:41:29,408 | WARNING | 2001 | ITP-00648_entry | aucune donnée
2026-10-02 15:41:30,035 | WARNING | 2001 | LNG-00005_entry | aucune donnée
2026-10-02 15:41:30,450 | WARNING | 2001 | LNG-00017_entry | aucune donnée
2026-10-02 15:41:30,863 | WARNING | 2001 | UGS-00002_entry | aucune donnée
2026-10-02 15:41:31,271 | WARNING | 2001 | VTP-00029_entry | aucune donnée
2026-10-02 15:41:31,667 | WARNING | 2001 | DIS-00191_exit | aucune donnée
2026-10-02 15:41:32,080 | WARNING | 2001 | DIS-00192_exit | aucune donnée
2026-10-02 15:41:32,519 | WARNING | 2001 | FNC-00033_exit | aucune donnée
2026-10-02 15:41:32,942 | WARNING | 2001 | FNC-00034_exit | aucune donnée
2026-10-02 15:41:33,560 | WARNING | 2001 | FNC-00035_exit | aucune donnée
2026-10-02 15:41:33,972 | WARNING | 2001 | ITP-00038_exit | aucune donnée
2026-10-02 15:41:34,367 | WARNING | 2001 | ITP-00061_exit | aucune donnée
2026-10-02 15:41:34,774 | WARNING | 2001 | ITP-00088_exit | aucune donnée
2026-10-02 15:41:35,181 | WARNING | 2001 | ITP-00101_exit | aucune donnée
2026-10-02 15:41:35,607 | WARNING | 2001 | ITP-00106_exit | aucune donnée
2026-10-02 15:41:36,011 | WARNING | 2001 | ITP-00110_exit | aucune donnée
2026-10-02 15:41:36,426 | WARNING | 2001 | ITP-00112_exit | aucune donnée
2026-10-02 15:41:36,832 | WARNING | 2001 | ITP-00113_exit | aucune donnée
2026-10-02 15:41:37,228 | WARNING | 2001 | ITP-00114_exit | aucune donnée
2026-10-02 15:41:37,648 | WARNING | 2001 | ITP-00115_exit | aucune donnée
2026-10-02 15:41:38,064 | WARNING | 2001 | ITP-00147_exit | aucune donnée
2026-10-02 15:41:38,504 | WARNING | 2001 | ITP-00159_exit | aucune donnée
2026-10-02 15:41:38,907 | WARNING | 2001 | ITP-00159_exit | aucune donnée
2026-10-02 15:41:39,329 | WARNING | 2001 | ITP-00258_exit | aucune donnée
2026-10-02 15:41:39,730 | WARNING | 2001 | ITP-00289_exit | aucune donnée
2026-10-02 15:41:40,131 | WARNING | 2001 | ITP-00290_exit | aucune donnée
2026-10-02 15:41:40,526 | WARNING | 2001 | ITP-00519_exit | aucune donnée
2026-10-02 15:41:41,191 | WARNING | 2001 | ITP-00526_exit | aucune donnée
2026-10-02 15:41:41,590 | WARNING | 2001 | ITP-00542_exit | aucune donnée
2026-10-02 15:41:42,015 | WARNING | 2001 | ITP-00555_exit | aucune donnée
2026-10-02 15:41:42,436 | WARNING | 2001 | ITP-00614_exit | aucune donnée
2026-10-02 15:41:42,840 | WARNING | 2001 | ITP-00648_exit | aucune donnée
2026-10-02 15:41:43,240 | WARNING | 2001 | LNG-00005_exit | aucune donnée
2026-10-02 15:41:43,662 | WARNING | 2001 | LNG-00017_exit | aucune donnée
2026-10-02 15:41:44,109 | WARNING | 2001 | UGS-00002_exit | aucune donnée
2026-10-02 15:41:44,530 | WARNING | 2001 | VTP-00029_exit | aucune donnée
2026-10-02 15:41:44,939 | WARNING | 2002 | DIS-00191_entry | aucune donnée
2026-10-02 15:41:45,334 | WARNING | 2002 | DIS-00192_entry | aucune donnée
2026-10-02 15:41:45,757 | WARNING | 2002 | FNC-00033_entry | aucune donnée
2026-10-02 15:41:46,248 | WARNING | 2002 | FNC-00034_entry | aucune donnée
2026-10-02 15:41:46,647 | WARNING | 2002 | FNC-00035_entry | aucune donnée
2026-10-02 15:41:47,056 | WARNING | 2002 | ITP-00038_entry | aucune donnée
2026-10-02 15:41:47,487 | WARNING | 2002 | ITP-00061_entry | aucune donnée
2026-10-02 15:41:47,919 | WARNING | 2002 | ITP-00088_entry | aucune donnée
2026-10-02 15:41:48,319 | WARNING | 2002 | ITP-00101_entry | aucune donnée
2026-10-02 15:41:48,749 | WARNING | 2002 | ITP-00106_entry | aucune donnée
2026-10-02 15:41:49,169 | WARNING | 2002 | ITP-00110_entry | aucune donnée
2026-10-02 15:41:49,567 | WARNING | 2002 | ITP-00112_entry | aucune donnée
2026-10-02 15:41:49,973 | WARNING | 2002 | ITP-00113_entry | aucune donnée
2026-10-02 15:41:50,387 | WARNING | 2002 | ITP-00114_entry | aucune donnée
2026-10-02 15:41:50,789 | WARNING | 2002 | ITP-00115_entry | aucune donnée
2026-10-02 15:41:51,198 | WARNING | 2002 | ITP-00147_entry | aucune donnée
2026-10-02 15:41:51,595 | WARNING | 2002 | ITP-00258_entry | aucune donnée
2026-10-02 15:41:52,036 | WARNING | 2002 | ITP-00289_entry | aucune donnée
2026-10-02 15:41:52,502 | WARNING | 2002 | ITP-00290_entry | aucune donnée
2026-10-02 15:41:52,917 | WARNING | 2002 | ITP-00519_entry | aucune donnée
2026-10-02 15:41:53,333 | WARNING | 2002 | ITP-00526_entry | aucune donnée
2026-10-02 15:41:53,746 | WARNING | 2002 | ITP-00542_entry | aucune donnée
2026-10-02 15:41:54,165 | WARNING | 2002 | ITP-00555_entry | aucune donnée
2026-10-02 15:41:54,576 | WARNING | 2002 | ITP-00614_entry | aucune donnée
2026-10-02 15:41:54,986 | WARNING | 2002 | ITP-00648_entry | aucune donnée
2026-10-02 15:41:55,416 | WARNING | 2002 | LNG-00005_entry | aucune donnée
2026-10-02 15:41:55,820 | WARNING | 2002 | LNG-00017_entry | aucune donnée
2026-10-02 15:41:56,274 | WARNING | 2002 | UGS-00002_entry | aucune donnée
2026-10-02 15:41:56,724 | WARNING | 2002 | VTP-00029_entry | aucune donnée
2026-10-02 15:41:57,129 | WARNING | 2002 | DIS-00191_exit | aucune donnée
2026-10-02 15:41:57,544 | WARNING | 2002 | DIS-00192_exit | aucune donnée
2026-10-02 15:41:57,961 | WARNING | 2002 | FNC-00033_exit | aucune donnée
2026-10-02 15:41:58,378 | WARNING | 2002 | FNC-00034_exit | aucune donnée
2026-10-02 15:41:58,783 | WARNING | 2002 | FNC-00035_exit | aucune donnée
2026-10-02 15:41:59,393 | WARNING | 2002 | ITP-00038_exit | aucune donnée
2026-10-02 15:41:59,805 | WARNING | 2002 | ITP-00061_exit | aucune donnée
2026-10-02 15:42:08,398 | WARNING | 2002 | ITP-00088_exit | aucune donnée
2026-10-02 15:42:08,796 | WARNING | 2002 | ITP-00101_exit | aucune donnée
2026-10-02 15:42:09,241 | WARNING | 2002 | ITP-00106_exit | aucune donnée
2026-10-02 15:42:09,647 | WARNING | 2002 | ITP-00110_exit | aucune donnée
2026-10-02 15:42:10,057 | WARNING | 2002 | ITP-00112_exit | aucune donnée
2026-10-02 15:42:10,468 | WARNING | 2002 | ITP-00113_exit | aucune donnée
2026-10-02 15:42:10,868 | WARNING | 2002 | ITP-00114_exit | aucune donnée
2026-10-02 15:42:25,095 | WARNING | 2002 | ITP-00115_exit | aucune donnée
2026-10-02 15:42:25,494 | WARNING | 2002 | ITP-00147_exit | aucune donnée
2026-10-02 15:42:25,935 | WARNING | 2002 | ITP-00159_exit | aucune donnée
2026-10-02 15:42:26,342 | WARNING | 2002 | ITP-00159_exit | aucune donnée
2026-10-02 15:42:26,760 | WARNING | 2002 | ITP-00258_exit | aucune donnée
2026-10-02 15:42:27,186 | WARNING | 2002 | ITP-00289_exit | aucune donnée
2026-10-02 15:42:27,589 | WARNING | 2002 | ITP-00290_exit | aucune donnée
2026-10-02 15:42:32,013 | WARNING | 2002 | ITP-00519_exit | aucune donnée
2026-10-02 15:42:32,442 | WARNING | 2002 | ITP-00526_exit | aucune donnée
2026-10-02 15:42:32,845 | WARNING | 2002 | ITP-00542_exit | aucune donnée
2026-10-02 15:42:33,262 | WARNING | 2002 | ITP-00555_exit | aucune donnée
2026-10-02 15:42:33,674 | WARNING | 2002 | ITP-00614_exit | aucune donnée
2026-10-02 15:42:34,077 | WARNING | 2002 | ITP-00648_exit | aucune donnée
2026-10-02 15:42:34,529 | WARNING | 2002 | LNG-00005_exit | aucune donnée
2026-10-02 15:42:34,940 | WARNING | 2002 | LNG-00017_exit | aucune donnée
2026-10-02 15:42:35,363 | WARNING | 2002 | UGS-00002_exit | aucune donnée
2026-10-02 15:42:35,891 | WARNING | 2002 | VTP-00029_exit | aucune donnée
2026-10-02 15:42:36,342 | WARNING | 2003 | DIS-00191_entry | aucune donnée
2026-10-02 15:42:36,802 | WARNING | 2003 | DIS-00192_entry | aucune donnée
2026-10-02 15:42:37,259 | WARNING | 2003 | FNC-00033_entry | aucune donnée
2026-10-02 15:42:37,709 | WARNING | 2003 | FNC-00034_entry | aucune donnée
2026-10-02 15:42:38,113 | WARNING | 2003 | FNC-00035_entry | aucune donnée
2026-10-02 15:42:38,565 | WARNING | 2003 | ITP-00038_entry | aucune donnée
2026-10-02 15:42:49,998 | WARNING | 2003 | ITP-00061_entry | aucune donnée
2026-10-02 15:42:50,409 | WARNING | 2003 | ITP-00088_entry | aucune donnée
2026-10-02 15:42:50,806 | WARNING | 2003 | ITP-00101_entry | aucune donnée
2026-10-02 15:42:51,219 | WARNING | 2003 | ITP-00106_entry | aucune donnée
2026-10-02 15:42:51,619 | WARNING | 2003 | ITP-00110_entry | aucune donnée
2026-10-02 15:42:52,036 | WARNING | 2003 | ITP-00112_entry | aucune donnée
2026-10-02 15:42:52,471 | WARNING | 2003 | ITP-00113_entry | aucune donnée
2026-10-02 15:42:52,932 | WARNING | 2003 | ITP-00114_entry | aucune donnée
2026-10-02 15:42:53,353 | WARNING | 2003 | ITP-00115_entry | aucune donnée
2026-10-02 15:42:53,762 | WARNING | 2003 | ITP-00147_entry | aucune donnée
2026-10-02 15:42:54,169 | WARNING | 2003 | ITP-00258_entry | aucune donnée
2026-10-02 15:42:54,602 | WARNING | 2003 | ITP-00289_entry | aucune donnée
2026-10-02 15:42:55,003 | WARNING | 2003 | ITP-00290_entry | aucune donnée
2026-10-02 15:42:55,407 | WARNING | 2003 | ITP-00519_entry | aucune donnée
2026-10-02 15:42:58,409 | WARNING | 2003 | ITP-00526_entry | aucune donnée
2026-10-02 15:42:58,852 | WARNING | 2003 | ITP-00542_entry | aucune donnée
2026-10-02 15:42:59,286 | WARNING | 2003 | ITP-00555_entry | aucune donnée
2026-10-02 15:42:59,687 | WARNING | 2003 | ITP-00614_entry | aucune donnée
2026-10-02 15:43:00,094 | WARNING | 2003 | ITP-00648_entry | aucune donnée
2026-10-02 15:43:00,502 | WARNING | 2003 | LNG-00005_entry | aucune donnée
2026-10-02 15:43:00,942 | WARNING | 2003 | LNG-00017_entry | aucune donnée
2026-10-02 15:43:01,357 | WARNING | 2003 | UGS-00002_entry | aucune donnée
2026-10-02 15:43:01,755 | WARNING | 2003 | VTP-00029_entry | aucune donnée
2026-10-02 15:43:02,172 | WARNING | 2003 | DIS-00191_exit | aucune donnée
2026-10-02 15:43:02,594 | WARNING | 2003 | DIS-00192_exit | aucune donnée
2026-10-02 15:43:03,254 | WARNING | 2003 | FNC-00033_exit | aucune donnée
2026-10-02 15:43:03,681 | WARNING | 2003 | FNC-00034_exit | aucune donnée
2026-10-02 15:43:04,084 | WARNING | 2003 | FNC-00035_exit | aucune donnée
2026-10-02 15:43:04,498 | WARNING | 2003 | ITP-00038_exit | aucune donnée
2026-10-02 15:43:04,930 | WARNING | 2003 | ITP-00061_exit | aucune donnée
2026-10-02 15:43:05,354 | WARNING | 2003 | ITP-00088_exit | aucune donnée
2026-10-02 15:43:05,789 | WARNING | 2003 | ITP-00101_exit | aucune donnée
2026-10-02 15:43:06,195 | WARNING | 2003 | ITP-00106_exit | aucune donnée
2026-10-02 15:43:06,606 | WARNING | 2003 | ITP-00110_exit | aucune donnée
2026-10-02 15:43:07,012 | WARNING | 2003 | ITP-00112_exit | aucune donnée
2026-10-02 15:43:07,444 | WARNING | 2003 | ITP-00113_exit | aucune donnée
2026-10-02 15:43:10,546 | WARNING | 2003 | ITP-00114_exit | aucune donnée
2026-10-02 15:43:10,977 | WARNING | 2003 | ITP-00115_exit | aucune donnée
2026-10-02 15:43:11,393 | WARNING | 2003 | ITP-00147_exit | aucune donnée
2026-10-02 15:43:12,022 | WARNING | 2003 | ITP-00159_exit | aucune donnée
2026-10-02 15:43:13,070 | WARNING | 2003 | ITP-00159_exit | aucune donnée
2026-10-02 15:43:13,475 | WARNING | 2003 | ITP-00258_exit | aucune donnée
2026-10-02 15:43:13,925 | WARNING | 2003 | ITP-00289_exit | aucune donnée
2026-10-02 15:43:14,578 | WARNING | 2003 | ITP-00290_exit | aucune donnée
2026-10-02 15:43:14,989 | WARNING | 2003 | ITP-00519_exit | aucune donnée
2026-10-02 15:43:15,387 | WARNING | 2003 | ITP-00526_exit | aucune donnée
2026-10-02 15:43:16,014 | WARNING | 2003 | ITP-00542_exit | aucune donnée
2026-10-02 15:43:16,490 | WARNING | 2003 | ITP-00555_exit | aucune donnée
2026-10-02 15:43:17,359 | WARNING | 2003 | ITP-00614_exit | aucune donnée
2026-10-02 15:43:17,767 | WARNING | 2003 | ITP-00648_exit | aucune donnée
2026-10-02 15:43:18,185 | WARNING | 2003 | LNG-00005_exit | aucune donnée
2026-10-02 15:43:18,614 | WARNING | 2003 | LNG-00017_exit | aucune donnée
2026-10-02 15:43:19,019 | WARNING | 2003 | UGS-00002_exit | aucune donnée
2026-10-02 15:43:19,482 | WARNING | 2003 | VTP-00029_exit | aucune donnée
2026-10-02 15:43:19,905 | WARNING | 2004 | DIS-00191_entry | aucune donnée
2026-10-02 15:43:20,315 | WARNING | 2004 | DIS-00192_entry | aucune donnée
2026-10-02 15:43:20,949 | WARNING | 2004 | FNC-00033_entry | aucune donnée
2026-10-02 15:43:21,368 | WARNING | 2004 | FNC-00034_entry | aucune donnée
2026-10-02 15:43:21,798 | WARNING | 2004 | FNC-00035_entry | aucune donnée
2026-10-02 15:43:22,229 | WARNING | 2004 | ITP-00038_entry | aucune donnée
2026-10-02 15:43:22,755 | WARNING | 2004 | ITP-00061_entry | aucune donnée
2026-10-02 15:44:01,216 | WARNING | 2005 | DIS-00191_entry | aucune donnée
2026-10-02 15:44:32,510 | WARNING | 2005 | DIS-00191_entry | aucune donnée
2026-10-02 15:45:17,899 | WARNING | 2005 | DIS-00191_entry | aucune donnée
2026-10-02 15:45:17,901 | ERROR | 2005 | DIS-00191_entry | échec : 404 Client Error: Not Found for url: https://transparency.entsog.eu/api/v1/operationaldatas?indicator=Physical+Flow&pointDirection=be-tso-0001dis-00191entry&from=2005-01-01&to=2005-12-31&periodType=hour&timezone=CET&limit=-1
2026-10-02 15:45:18,314 | WARNING | 2005 | DIS-00192_entry | aucune donnée
2026-10-02 15:45:18,315 | ERROR | 2005 | DIS-00192_entry | échec : 404 Client Error: Not Found for url: https://transparency.entsog.eu/api/v1/operationaldatas?indicator=Physical+Flow&pointDirection=be-tso-0001dis-00192entry&from=2005-01-01&to=2005-12-31&periodType=hour&timezone=CET&limit=-1
2026-10-02 15:45:18,727 | WARNING | 2005 | FNC-00033_entry | aucune donnée
2026-10-02 15:45:18,729 | ERROR | 2005 | FNC-00033_entry | échec : 404 Client Error: Not Found for url: https://transparency.entsog.eu/api/v1/operationaldatas?indicator=Physical+Flow&pointDirection=be-tso-0001fnc-00033entry&from=2005-01-01&to=2005-12-31&periodType=hour&timezone=CET&limit=-1
2026-10-02 15:45:19,153 | WARNING | 2005 | FNC-00034_entry | aucune donnée
2026-10-02 15:45:19,154 | ERROR | 2005 | FNC-00034_entry | échec : 404 Client Error: Not Found for url: https://transparency.entsog.eu/api/v1/operationaldatas?indicator=Physical+Flow&pointDirection=be-tso-0001fnc-00034entry&from=2005-01-01&to=2005-12-31&periodType=hour&timezone=CET&limit=-1
2026-10-02 15:45:19,554 | WARNING | 2005 | FNC-00035_entry | aucune donnée
2026-10-02 15:45:19,555 | ERROR | 2005 | FNC-00035_entry | échec : 404 Client Error: Not Found for url: https://transparency.entsog.eu/api/v1/operationaldatas?indicator=Physical+Flow&pointDirection=be-tso-0001fnc-00035entry&from=2005-01-01&to=2005-12-31&periodType=hour&timezone=CET&limit=-1
2026-10-02 15:45:19,978 | WARNING | 2005 | ITP-00038_entry | aucune donnée
2026-10-02 15:45:19,979 | ERROR | 2005 | ITP-00038_entry | échec : 404 Client Error: Not Found for url: https://transparency.entsog.eu/api/v1/operationaldatas?indicator=Physical+Flow&pointDirection=be-tso-0001itp-00038entry&from=2005-01-01&to=2005-12-31&periodType=hour&timezone=CET&limit=-1
2026-10-02 15:45:20,387 | WARNING | 2005 | ITP-00061_entry | aucune donnée
2026-10-02 15:45:20,388 | ERROR | 2005 | ITP-00061_entry | échec : 404 Client Error: Not Found for url: https://transparency.entsog.eu/api/v1/operationaldatas?indicator=Physical+Flow&pointDirection=be-tso-0001itp-00061entry&from=2005-01-01&to=2005-12-31&periodType=hour&timezone=CET&limit=-1
2026-10-02 15:45:20,793 | WARNING | 2005 | ITP-00088_entry | aucune donnée
2026-10-02 15:45:20,794 | ERROR | 2005 | ITP-00088_entry | échec : 404 Client Error: Not Found for url: https://transparency.entsog.eu/api/v1/operationaldatas?indicator=Physical+Flow&pointDirection=be-tso-0001itp-00088entry&from=2005-01-01&to=2005-12-31&periodType=hour&timezone=CET&limit=-1
2026-10-02 15:45:21,191 | WARNING | 2005 | ITP-00101_entry | aucune donnée
2026-10-02 15:45:21,192 | ERROR | 2005 | ITP-00101_entry | échec : 404 Client Error: Not Found for url: https://transparency.entsog.eu/api/v1/operationaldatas?indicator=Physical+Flow&pointDirection=be-tso-0001itp-00101entry&from=2005-01-01&to=2005-12-31&periodType=hour&timezone=CET&limit=-1
2026-10-02 15:45:21,603 | WARNING | 2005 | ITP-00106_entry | aucune donnée
2026-10-02 15:45:21,604 | ERROR | 2005 | ITP-00106_entry | échec : 404 Client Error: Not Found for url: https://transparency.entsog.eu/api/v1/operationaldatas?indicator=Physical+Flow&pointDirection=be-tso-0001itp-00106entry&from=2005-01-01&to=2005-12-31&periodType=hour&timezone=CET&limit=-1
2026-10-02 15:45:22,009 | WARNING | 2005 | ITP-00110_entry | aucune donnée
2026-10-02 15:45:22,010 | ERROR | 2005 | ITP-00110_entry | échec : 404 Client Error: Not Found for url: https://transparency.entsog.eu/api/v1/operationaldatas?indicator=Physical+Flow&pointDirection=be-tso-0001itp-00110entry&from=2005-01-01&to=2005-12-31&periodType=hour&timezone=CET&limit=-1
2026-10-02 15:45:22,484 | WARNING | 2005 | ITP-00112_entry | aucune donnée
2026-10-02 15:45:22,485 | ERROR | 2005 | ITP-00112_entry | échec : 404 Client Error: Not Found for url: https://transparency.entsog.eu/api/v1/operationaldatas?indicator=Physical+Flow&pointDirection=be-tso-0001itp-00112entry&from=2005-01-01&to=2005-12-31&periodType=hour&timezone=CET&limit=-1
2026-10-02 15:45:22,906 | WARNING | 2005 | ITP-00113_entry | aucune donnée
2026-10-02 15:45:22,909 | ERROR | 2005 | ITP-00113_entry | échec : 404 Client Error: Not Found for url: https://transparency.entsog.eu/api/v1/operationaldatas?indicator=Physical+Flow&pointDirection=be-tso-0001itp-00113entry&from=2005-01-01&to=2005-12-31&periodType=hour&timezone=CET&limit=-1
2026-10-02 15:45:23,349 | WARNING | 2005 | ITP-00114_entry | aucune donnée
2026-10-02 15:45:23,350 | ERROR | 2005 | ITP-00114_entry | échec : 404 Client Error: Not Found for url: https://transparency.entsog.eu/api/v1/operationaldatas?indicator=Physical+Flow&pointDirection=be-tso-0001itp-00114entry&from=2005-01-01&to=2005-12-31&periodType=hour&timezone=CET&limit=-1
2026-10-02 15:45:23,786 | WARNING | 2005 | ITP-00115_entry | aucune donnée
2026-10-02 15:45:23,788 | ERROR | 2005 | ITP-00115_entry | échec : 404 Client Error: Not Found for url: https://transparency.entsog.eu/api/v1/operationaldatas?indicator=Physical+Flow&pointDirection=be-tso-0001itp-00115entry&from=2005-01-01&to=2005-12-31&periodType=hour&timezone=CET&limit=-1
2026-10-02 15:45:24,192 | WARNING | 2005 | ITP-00147_entry | aucune donnée
2026-10-02 15:45:24,193 | ERROR | 2005 | ITP-00147_entry | échec : 404 Client Error: Not Found for url: https://transparency.entsog.eu/api/v1/operationaldatas?indicator=Physical+Flow&pointDirection=be-tso-0001itp-00147entry&from=2005-01-01&to=2005-12-31&periodType=hour&timezone=CET&limit=-1
2026-10-02 15:45:24,615 | WARNING | 2005 | ITP-00258_entry | aucune donnée
2026-10-02 15:45:24,616 | ERROR | 2005 | ITP-00258_entry | échec : 404 Client Error: Not Found for url: https://transparency.entsog.eu/api/v1/operationaldatas?indicator=Physical+Flow&pointDirection=be-tso-0001itp-00258entry&from=2005-01-01&to=2005-12-31&periodType=hour&timezone=CET&limit=-1
2026-10-02 15:45:25,019 | WARNING | 2005 | ITP-00289_entry | aucune donnée
2026-10-02 15:45:25,021 | ERROR | 2005 | ITP-00289_entry | échec : 404 Client Error: Not Found for url: https://transparency.entsog.eu/api/v1/operationaldatas?indicator=Physical+Flow&pointDirection=be-tso-0001itp-00289entry&from=2005-01-01&to=2005-12-31&periodType=hour&timezone=CET&limit=-1
2026-10-02 15:45:25,422 | WARNING | 2005 | ITP-00290_entry | aucune donnée
2026-10-02 15:45:25,423 | ERROR | 2005 | ITP-00290_entry | échec : 404 Client Error: Not Found for url: https://transparency.entsog.eu/api/v1/operationaldatas?indicator=Physical+Flow&pointDirection=be-tso-0001itp-00290entry&from=2005-01-01&to=2005-12-31&periodType=hour&timezone=CET&limit=-1
2026-10-02 15:45:25,824 | WARNING | 2005 | ITP-00519_entry | aucune donnée
2026-10-02 15:45:25,825 | ERROR | 2005 | ITP-00519_entry | échec : 404 Client Error: Not Found for url: https://transparency.entsog.eu/api/v1/operationaldatas?indicator=Physical+Flow&pointDirection=be-tso-0001itp-00519entry&from=2005-01-01&to=2005-12-31&periodType=hour&timezone=CET&limit=-1
2026-10-02 15:45:26,221 | WARNING | 2005 | ITP-00526_entry | aucune donnée
2026-10-02 15:45:26,222 | ERROR | 2005 | ITP-00526_entry | échec : 404 Client Error: Not Found for url: https://transparency.entsog.eu/api/v1/operationaldatas?indicator=Physical+Flow&pointDirection=be-tso-0001itp-00526entry&from=2005-01-01&to=2005-12-31&periodType=hour&timezone=CET&limit=-1
2026-10-02 15:45:26,651 | WARNING | 2005 | ITP-00542_entry | aucune donnée
2026-10-02 15:45:26,652 | ERROR | 2005 | ITP-00542_entry | échec : 404 Client Error: Not Found for url: https://transparency.entsog.eu/api/v1/operationaldatas?indicator=Physical+Flow&pointDirection=be-tso-0001itp-00542entry&from=2005-01-01&to=2005-12-31&periodType=hour&timezone=CET&limit=-1
2026-10-02 15:45:27,123 | WARNING | 2005 | ITP-00555_entry | aucune donnée
2026-10-02 15:45:27,124 | ERROR | 2005 | ITP-00555_entry | échec : 404 Client Error: Not Found for url: https://transparency.entsog.eu/api/v1/operationaldatas?indicator=Physical+Flow&pointDirection=be-tso-0001itp-00555entry&from=2005-01-01&to=2005-12-31&periodType=hour&timezone=CET&limit=-1
2026-10-02 15:45:27,521 | WARNING | 2005 | ITP-00614_entry | aucune donnée
2026-10-02 15:45:27,522 | ERROR | 2005 | ITP-00614_entry | échec : 404 Client Error: Not Found for url: https://transparency.entsog.eu/api/v1/operationaldatas?indicator=Physical+Flow&pointDirection=be-tso-0001itp-00614entry&from=2005-01-01&to=2005-12-31&periodType=hour&timezone=CET&limit=-1
2026-10-02 15:45:27,935 | WARNING | 2005 | ITP-00648_entry | aucune donnée
2026-10-02 15:45:27,936 | ERROR | 2005 | ITP-00648_entry | échec : 404 Client Error: Not Found for url: https://transparency.entsog.eu/api/v1/operationaldatas?indicator=Physical+Flow&pointDirection=be-tso-0001itp-00648entry&from=2005-01-01&to=2005-12-31&periodType=hour&timezone=CET&limit=-1
2026-10-02 15:45:28,342 | WARNING | 2005 | LNG-00005_entry | aucune donnée
2026-10-02 15:45:28,343 | ERROR | 2005 | LNG-00005_entry | échec : 404 Client Error: Not Found for url: https://transparency.entsog.eu/api/v1/operationaldatas?indicator=Physical+Flow&pointDirection=be-tso-0001lng-00005entry&from=2005-01-01&to=2005-12-31&periodType=hour&timezone=CET&limit=-1
2026-10-02 15:45:28,742 | WARNING | 2005 | LNG-00017_entry | aucune donnée
2026-10-02 15:45:28,743 | ERROR | 2005 | LNG-00017_entry | échec : 404 Client Error: Not Found for url: https://transparency.entsog.eu/api/v1/operationaldatas?indicator=Physical+Flow&pointDirection=be-tso-0001lng-00017entry&from=2005-01-01&to=2005-12-31&periodType=hour&timezone=CET&limit=-1
2026-10-02 15:45:29,151 | WARNING | 2005 | UGS-00002_entry | aucune donnée
2026-10-02 15:45:29,152 | ERROR | 2005 | UGS-00002_entry | échec : 404 Client Error: Not Found for url: https://transparency.entsog.eu/api/v1/operationaldatas?indicator=Physical+Flow&pointDirection=be-tso-0001ugs-00002entry&from=2005-01-01&to=2005-12-31&periodType=hour&timezone=CET&limit=-1
2026-10-02 15:45:29,556 | WARNING | 2005 | VTP-00029_entry | aucune donnée
2026-10-02 15:45:29,557 | ERROR | 2005 | VTP-00029_entry | échec : 404 Client Error: Not Found for url: https://transparency.entsog.eu/api/v1/operationaldatas?indicator=Physical+Flow&pointDirection=be-tso-0001vtp-00029entry&from=2005-01-01&to=2005-12-31&periodType=hour&timezone=CET&limit=-1
2026-10-02 15:45:30,030 | WARNING | 2005 | DIS-00191_exit | aucune donnée
2026-10-02 15:45:30,031 | ERROR | 2005 | DIS-00191_exit | échec : 404 Client Error: Not Found for url: https://transparency.entsog.eu/api/v1/operationaldatas?indicator=Physical+Flow&pointDirection=be-tso-0001dis-00191exit&from=2005-01-01&to=2005-12-31&periodType=hour&timezone=CET&limit=-1
2026-10-02 15:45:30,868 | WARNING | 2005 | DIS-00192_exit | aucune donnée
2026-10-02 15:45:30,870 | ERROR | 2005 | DIS-00192_exit | échec : 404 Client Error: Not Found for url: https://transparency.entsog.eu/api/v1/operationaldatas?indicator=Physical+Flow&pointDirection=be-tso-0001dis-00192exit&from=2005-01-01&to=2005-12-31&periodType=hour&timezone=CET&limit=-1
2026-10-02 15:45:31,289 | WARNING | 2005 | FNC-00033_exit | aucune donnée
2026-10-02 15:45:31,290 | ERROR | 2005 | FNC-00033_exit | échec : 404 Client Error: Not Found for url: https://transparency.entsog.eu/api/v1/operationaldatas?indicator=Physical+Flow&pointDirection=be-tso-0001fnc-00033exit&from=2005-01-01&to=2005-12-31&periodType=hour&timezone=CET&limit=-1
2026-10-02 15:45:31,713 | WARNING | 2005 | FNC-00034_exit | aucune donnée
2026-10-02 15:45:31,714 | ERROR | 2005 | FNC-00034_exit | échec : 404 Client Error: Not Found for url: https://transparency.entsog.eu/api/v1/operationaldatas?indicator=Physical+Flow&pointDirection=be-tso-0001fnc-00034exit&from=2005-01-01&to=2005-12-31&periodType=hour&timezone=CET&limit=-1
2026-10-02 15:45:32,127 | WARNING | 2005 | FNC-00035_exit | aucune donnée
2026-10-02 15:45:32,129 | ERROR | 2005 | FNC-00035_exit | échec : 404 Client Error: Not Found for url: https://transparency.entsog.eu/api/v1/operationaldatas?indicator=Physical+Flow&pointDirection=be-tso-0001fnc-00035exit&from=2005-01-01&to=2005-12-31&periodType=hour&timezone=CET&limit=-1
2026-10-02 15:45:32,529 | WARNING | 2005 | ITP-00038_exit | aucune donnée
2026-10-02 15:45:32,530 | ERROR | 2005 | ITP-00038_exit | échec : 404 Client Error: Not Found for url: https://transparency.entsog.eu/api/v1/operationaldatas?indicator=Physical+Flow&pointDirection=be-tso-0001itp-00038exit&from=2005-01-01&to=2005-12-31&periodType=hour&timezone=CET&limit=-1
2026-10-02 15:45:32,933 | WARNING | 2005 | ITP-00061_exit | aucune donnée
2026-10-02 15:45:32,934 | ERROR | 2005 | ITP-00061_exit | échec : 404 Client Error: Not Found for url: https://transparency.entsog.eu/api/v1/operationaldatas?indicator=Physical+Flow&pointDirection=be-tso-0001itp-00061exit&from=2005-01-01&to=2005-12-31&periodType=hour&timezone=CET&limit=-1
2026-10-02 15:45:33,810 | WARNING | 2005 | ITP-00088_exit | aucune donnée
2026-10-02 15:45:33,811 | ERROR | 2005 | ITP-00088_exit | échec : 404 Client Error: Not Found for url: https://transparency.entsog.eu/api/v1/operationaldatas?indicator=Physical+Flow&pointDirection=be-tso-0001itp-00088exit&from=2005-01-01&to=2005-12-31&periodType=hour&timezone=CET&limit=-1
2026-10-02 15:45:34,229 | WARNING | 2005 | ITP-00101_exit | aucune donnée
2026-10-02 15:45:34,230 | ERROR | 2005 | ITP-00101_exit | échec : 404 Client Error: Not Found for url: https://transparency.entsog.eu/api/v1/operationaldatas?indicator=Physical+Flow&pointDirection=be-tso-0001itp-00101exit&from=2005-01-01&to=2005-12-31&periodType=hour&timezone=CET&limit=-1
2026-10-02 15:45:34,664 | WARNING | 2005 | ITP-00106_exit | aucune donnée
2026-10-02 15:45:34,665 | ERROR | 2005 | ITP-00106_exit | échec : 404 Client Error: Not Found for url: https://transparency.entsog.eu/api/v1/operationaldatas?indicator=Physical+Flow&pointDirection=be-tso-0001itp-00106exit&from=2005-01-01&to=2005-12-31&periodType=hour&timezone=CET&limit=-1
2026-10-02 15:45:35,069 | WARNING | 2005 | ITP-00110_exit | aucune donnée
2026-10-02 15:45:35,071 | ERROR | 2005 | ITP-00110_exit | échec : 404 Client Error: Not Found for url: https://transparency.entsog.eu/api/v1/operationaldatas?indicator=Physical+Flow&pointDirection=be-tso-0001itp-00110exit&from=2005-01-01&to=2005-12-31&periodType=hour&timezone=CET&limit=-1
2026-10-02 15:45:35,485 | WARNING | 2005 | ITP-00112_exit | aucune donnée
2026-10-02 15:45:35,486 | ERROR | 2005 | ITP-00112_exit | échec : 404 Client Error: Not Found for url: https://transparency.entsog.eu/api/v1/operationaldatas?indicator=Physical+Flow&pointDirection=be-tso-0001itp-00112exit&from=2005-01-01&to=2005-12-31&periodType=hour&timezone=CET&limit=-1
2026-10-02 15:45:35,890 | WARNING | 2005 | ITP-00113_exit | aucune donnée
2026-10-02 15:45:35,891 | ERROR | 2005 | ITP-00113_exit | échec : 404 Client Error: Not Found for url: https://transparency.entsog.eu/api/v1/operationaldatas?indicator=Physical+Flow&pointDirection=be-tso-0001itp-00113exit&from=2005-01-01&to=2005-12-31&periodType=hour&timezone=CET&limit=-1
2026-10-02 15:45:36,290 | WARNING | 2005 | ITP-00114_exit | aucune donnée
2026-10-02 15:45:36,291 | ERROR | 2005 | ITP-00114_exit | échec : 404 Client Error: Not Found for url: https://transparency.entsog.eu/api/v1/operationaldatas?indicator=Physical+Flow&pointDirection=be-tso-0001itp-00114exit&from=2005-01-01&to=2005-12-31&periodType=hour&timezone=CET&limit=-1
2026-10-02 15:45:36,690 | WARNING | 2005 | ITP-00115_exit | aucune donnée
2026-10-02 15:45:36,691 | ERROR | 2005 | ITP-00115_exit | échec : 404 Client Error: Not Found for url: https://transparency.entsog.eu/api/v1/operationaldatas?indicator=Physical+Flow&pointDirection=be-tso-0001itp-00115exit&from=2005-01-01&to=2005-12-31&periodType=hour&timezone=CET&limit=-1
2026-10-02 15:45:37,102 | WARNING | 2005 | ITP-00147_exit | aucune donnée
2026-10-02 15:45:37,103 | ERROR | 2005 | ITP-00147_exit | échec : 404 Client Error: Not Found for url: https://transparency.entsog.eu/api/v1/operationaldatas?indicator=Physical+Flow&pointDirection=be-tso-0001itp-00147exit&from=2005-01-01&to=2005-12-31&periodType=hour&timezone=CET&limit=-1
2026-10-02 15:45:37,535 | WARNING | 2005 | ITP-00159_exit | aucune donnée
2026-10-02 15:45:37,536 | ERROR | 2005 | ITP-00159_exit | échec : 404 Client Error: Not Found for url: https://transparency.entsog.eu/api/v1/operationaldatas?indicator=Physical+Flow&pointDirection=be-tso-0001itp-00159exit&from=2005-01-01&to=2005-12-31&periodType=hour&timezone=CET&limit=-1
2026-10-02 15:45:37,958 | WARNING | 2005 | ITP-00159_exit | aucune donnée
2026-10-02 15:45:37,959 | ERROR | 2005 | ITP-00159_exit | échec : 404 Client Error: Not Found for url: https://transparency.entsog.eu/api/v1/operationaldatas?indicator=Physical+Flow&pointDirection=be-tso-0001itp-00159exit&from=2005-01-01&to=2005-12-31&periodType=hour&timezone=CET&limit=-1
2026-10-02 15:45:38,371 | WARNING | 2005 | ITP-00258_exit | aucune donnée
2026-10-02 15:45:38,372 | ERROR | 2005 | ITP-00258_exit | échec : 404 Client Error: Not Found for url: https://transparency.entsog.eu/api/v1/operationaldatas?indicator=Physical+Flow&pointDirection=be-tso-0001itp-00258exit&from=2005-01-01&to=2005-12-31&periodType=hour&timezone=CET&limit=-1
2026-10-02 15:45:38,789 | WARNING | 2005 | ITP-00289_exit | aucune donnée
2026-10-02 15:45:38,790 | ERROR | 2005 | ITP-00289_exit | échec : 404 Client Error: Not Found for url: https://transparency.entsog.eu/api/v1/operationaldatas?indicator=Physical+Flow&pointDirection=be-tso-0001itp-00289exit&from=2005-01-01&to=2005-12-31&periodType=hour&timezone=CET&limit=-1
2026-10-02 15:45:39,188 | WARNING | 2005 | ITP-00290_exit | aucune donnée
2026-10-02 15:45:39,190 | ERROR | 2005 | ITP-00290_exit | échec : 404 Client Error: Not Found for url: https://transparency.entsog.eu/api/v1/operationaldatas?indicator=Physical+Flow&pointDirection=be-tso-0001itp-00290exit&from=2005-01-01&to=2005-12-31&periodType=hour&timezone=CET&limit=-1
2026-10-02 15:45:39,588 | WARNING | 2005 | ITP-00519_exit | aucune donnée
2026-10-02 15:45:39,589 | ERROR | 2005 | ITP-00519_exit | échec : 404 Client Error: Not Found for url: https://transparency.entsog.eu/api/v1/operationaldatas?indicator=Physical+Flow&pointDirection=be-tso-0001itp-00519exit&from=2005-01-01&to=2005-12-31&periodType=hour&timezone=CET&limit=-1
2026-10-02 15:45:40,010 | WARNING | 2005 | ITP-00526_exit | aucune donnée
2026-10-02 15:45:40,011 | ERROR | 2005 | ITP-00526_exit | échec : 404 Client Error: Not Found for url: https://transparency.entsog.eu/api/v1/operationaldatas?indicator=Physical+Flow&pointDirection=be-tso-0001itp-00526exit&from=2005-01-01&to=2005-12-31&periodType=hour&timezone=CET&limit=-1
2026-10-02 15:45:40,407 | WARNING | 2005 | ITP-00542_exit | aucune donnée
2026-10-02 15:45:40,408 | ERROR | 2005 | ITP-00542_exit | échec : 404 Client Error: Not Found for url: https://transparency.entsog.eu/api/v1/operationaldatas?indicator=Physical+Flow&pointDirection=be-tso-0001itp-00542exit&from=2005-01-01&to=2005-12-31&periodType=hour&timezone=CET&limit=-1
2026-10-02 15:45:40,824 | WARNING | 2005 | ITP-00555_exit | aucune donnée
2026-10-02 15:45:40,825 | ERROR | 2005 | ITP-00555_exit | échec : 404 Client Error: Not Found for url: https://transparency.entsog.eu/api/v1/operationaldatas?indicator=Physical+Flow&pointDirection=be-tso-0001itp-00555exit&from=2005-01-01&to=2005-12-31&periodType=hour&timezone=CET&limit=-1
2026-10-02 15:45:41,247 | WARNING | 2005 | ITP-00614_exit | aucune donnée
2026-10-02 15:45:41,248 | ERROR | 2005 | ITP-00614_exit | échec : 404 Client Error: Not Found for url: https://transparency.entsog.eu/api/v1/operationaldatas?indicator=Physical+Flow&pointDirection=be-tso-0001itp-00614exit&from=2005-01-01&to=2005-12-31&periodType=hour&timezone=CET&limit=-1
2026-10-02 15:45:41,646 | WARNING | 2005 | ITP-00648_exit | aucune donnée
2026-10-02 15:45:41,647 | ERROR | 2005 | ITP-00648_exit | échec : 404 Client Error: Not Found for url: https://transparency.entsog.eu/api/v1/operationaldatas?indicator=Physical+Flow&pointDirection=be-tso-0001itp-00648exit&from=2005-01-01&to=2005-12-31&periodType=hour&timezone=CET&limit=-1
2026-10-02 15:45:42,074 | WARNING | 2005 | LNG-00005_exit | aucune donnée
2026-10-02 15:45:42,075 | ERROR | 2005 | LNG-00005_exit | échec : 404 Client Error: Not Found for url: https://transparency.entsog.eu/api/v1/operationaldatas?indicator=Physical+Flow&pointDirection=be-tso-0001lng-00005exit&from=2005-01-01&to=2005-12-31&periodType=hour&timezone=CET&limit=-1
2026-10-02 15:45:42,520 | WARNING | 2005 | LNG-00017_exit | aucune donnée
2026-10-02 15:45:42,520 | ERROR | 2005 | LNG-00017_exit | échec : 404 Client Error: Not Found for url: https://transparency.entsog.eu/api/v1/operationaldatas?indicator=Physical+Flow&pointDirection=be-tso-0001lng-00017exit&from=2005-01-01&to=2005-12-31&periodType=hour&timezone=CET&limit=-1
2026-10-02 15:45:42,919 | WARNING | 2005 | UGS-00002_exit | aucune donnée
2026-10-02 15:45:42,920 | ERROR | 2005 | UGS-00002_exit | échec : 404 Client Error: Not Found for url: https://transparency.entsog.eu/api/v1/operationaldatas?indicator=Physical+Flow&pointDirection=be-tso-0001ugs-00002exit&from=2005-01-01&to=2005-12-31&periodType=hour&timezone=CET&limit=-1
2026-10-02 15:45:43,316 | WARNING | 2005 | VTP-00029_exit | aucune donnée
2026-10-02 15:45:43,317 | ERROR | 2005 | VTP-00029_exit | échec : 404 Client Error: Not Found for url: https://transparency.entsog.eu/api/v1/operationaldatas?indicator=Physical+Flow&pointDirection=be-tso-0001vtp-00029exit&from=2005-01-01&to=2005-12-31&periodType=hour&timezone=CET&limit=-1
2026-10-02 15:45:43,740 | WARNING | 2006 | DIS-00191_entry | aucune donnée
2026-10-02 15:45:43,741 | ERROR | 2006 | DIS-00191_entry | échec : 404 Client Error: Not Found for url: https://transparency.entsog.eu/api/v1/operationaldatas?indicator=Physical+Flow&pointDirection=be-tso-0001dis-00191entry&from=2006-01-01&to=2006-12-31&periodType=hour&timezone=CET&limit=-1
2026-10-02 15:45:44,414 | WARNING | 2006 | DIS-00192_entry | aucune donnée
2026-10-02 15:45:44,415 | ERROR | 2006 | DIS-00192_entry | échec : 404 Client Error: Not Found for url: https://transparency.entsog.eu/api/v1/operationaldatas?indicator=Physical+Flow&pointDirection=be-tso-0001dis-00192entry&from=2006-01-01&to=2006-12-31&periodType=hour&timezone=CET&limit=-1
2026-10-02 15:45:44,850 | WARNING | 2006 | FNC-00033_entry | aucune donnée
2026-10-02 15:45:44,851 | ERROR | 2006 | FNC-00033_entry | échec : 404 Client Error: Not Found for url: https://transparency.entsog.eu/api/v1/operationaldatas?indicator=Physical+Flow&pointDirection=be-tso-0001fnc-00033entry&from=2006-01-01&to=2006-12-31&periodType=hour&timezone=CET&limit=-1
2026-10-02 15:45:45,340 | WARNING | 2006 | FNC-00034_entry | aucune donnée
2026-10-02 15:45:45,341 | ERROR | 2006 | FNC-00034_entry | échec : 404 Client Error: Not Found for url: https://transparency.entsog.eu/api/v1/operationaldatas?indicator=Physical+Flow&pointDirection=be-tso-0001fnc-00034entry&from=2006-01-01&to=2006-12-31&periodType=hour&timezone=CET&limit=-1
2026-10-02 15:45:45,760 | WARNING | 2006 | FNC-00035_entry | aucune donnée
2026-10-02 15:45:45,761 | ERROR | 2006 | FNC-00035_entry | échec : 404 Client Error: Not Found for url: https://transparency.entsog.eu/api/v1/operationaldatas?indicator=Physical+Flow&pointDirection=be-tso-0001fnc-00035entry&from=2006-01-01&to=2006-12-31&periodType=hour&timezone=CET&limit=-1
2026-10-02 15:45:46,154 | WARNING | 2006 | ITP-00038_entry | aucune donnée
2026-10-02 15:45:46,155 | ERROR | 2006 | ITP-00038_entry | échec : 404 Client Error: Not Found for url: https://transparency.entsog.eu/api/v1/operationaldatas?indicator=Physical+Flow&pointDirection=be-tso-0001itp-00038entry&from=2006-01-01&to=2006-12-31&periodType=hour&timezone=CET&limit=-1
2026-10-02 15:45:49,962 | WARNING | 2006 | ITP-00061_entry | aucune donnée
2026-10-02 15:45:49,963 | ERROR | 2006 | ITP-00061_entry | échec : 404 Client Error: Not Found for url: https://transparency.entsog.eu/api/v1/operationaldatas?indicator=Physical+Flow&pointDirection=be-tso-0001itp-00061entry&from=2006-01-01&to=2006-12-31&periodType=hour&timezone=CET&limit=-1
2026-10-02 15:45:50,371 | WARNING | 2006 | ITP-00088_entry | aucune donnée
2026-10-02 15:45:50,371 | ERROR | 2006 | ITP-00088_entry | échec : 404 Client Error: Not Found for url: https://transparency.entsog.eu/api/v1/operationaldatas?indicator=Physical+Flow&pointDirection=be-tso-0001itp-00088entry&from=2006-01-01&to=2006-12-31&periodType=hour&timezone=CET&limit=-1
2026-10-02 15:45:50,775 | WARNING | 2006 | ITP-00101_entry | aucune donnée
2026-10-02 15:45:50,776 | ERROR | 2006 | ITP-00101_entry | échec : 404 Client Error: Not Found for url: https://transparency.entsog.eu/api/v1/operationaldatas?indicator=Physical+Flow&pointDirection=be-tso-0001itp-00101entry&from=2006-01-01&to=2006-12-31&periodType=hour&timezone=CET&limit=-1
2026-10-02 15:45:51,196 | WARNING | 2006 | ITP-00106_entry | aucune donnée
2026-10-02 15:45:51,197 | ERROR | 2006 | ITP-00106_entry | échec : 404 Client Error: Not Found for url: https://transparency.entsog.eu/api/v1/operationaldatas?indicator=Physical+Flow&pointDirection=be-tso-0001itp-00106entry&from=2006-01-01&to=2006-12-31&periodType=hour&timezone=CET&limit=-1
2026-10-02 15:45:51,605 | WARNING | 2006 | ITP-00110_entry | aucune donnée
2026-10-02 15:45:51,606 | ERROR | 2006 | ITP-00110_entry | échec : 404 Client Error: Not Found for url: https://transparency.entsog.eu/api/v1/operationaldatas?indicator=Physical+Flow&pointDirection=be-tso-0001itp-00110entry&from=2006-01-01&to=2006-12-31&periodType=hour&timezone=CET&limit=-1
2026-10-02 15:45:52,033 | WARNING | 2006 | ITP-00112_entry | aucune donnée
2026-10-02 15:45:52,034 | ERROR | 2006 | ITP-00112_entry | échec : 404 Client Error: Not Found for url: https://transparency.entsog.eu/api/v1/operationaldatas?indicator=Physical+Flow&pointDirection=be-tso-0001itp-00112entry&from=2006-01-01&to=2006-12-31&periodType=hour&timezone=CET&limit=-1
2026-10-02 15:45:52,444 | WARNING | 2006 | ITP-00113_entry | aucune donnée
2026-10-02 15:45:52,445 | ERROR | 2006 | ITP-00113_entry | échec : 404 Client Error: Not Found for url: https://transparency.entsog.eu/api/v1/operationaldatas?indicator=Physical+Flow&pointDirection=be-tso-0001itp-00113entry&from=2006-01-01&to=2006-12-31&periodType=hour&timezone=CET&limit=-1
2026-10-02 15:45:53,740 | WARNING | 2006 | ITP-00114_entry | aucune donnée
2026-10-02 15:45:53,741 | ERROR | 2006 | ITP-00114_entry | échec : 404 Client Error: Not Found for url: https://transparency.entsog.eu/api/v1/operationaldatas?indicator=Physical+Flow&pointDirection=be-tso-0001itp-00114entry&from=2006-01-01&to=2006-12-31&periodType=hour&timezone=CET&limit=-1
2026-10-02 15:45:54,153 | WARNING | 2006 | ITP-00115_entry | aucune donnée
2026-10-02 15:45:54,154 | ERROR | 2006 | ITP-00115_entry | échec : 404 Client Error: Not Found for url: https://transparency.entsog.eu/api/v1/operationaldatas?indicator=Physical+Flow&pointDirection=be-tso-0001itp-00115entry&from=2006-01-01&to=2006-12-31&periodType=hour&timezone=CET&limit=-1
2026-10-02 15:45:54,575 | WARNING | 2006 | ITP-00147_entry | aucune donnée
2026-10-02 15:45:54,576 | ERROR | 2006 | ITP-00147_entry | échec : 404 Client Error: Not Found for url: https://transparency.entsog.eu/api/v1/operationaldatas?indicator=Physical+Flow&pointDirection=be-tso-0001itp-00147entry&from=2006-01-01&to=2006-12-31&periodType=hour&timezone=CET&limit=-1
2026-10-02 15:45:55,000 | WARNING | 2006 | ITP-00258_entry | aucune donnée
2026-10-02 15:45:55,001 | ERROR | 2006 | ITP-00258_entry | échec : 404 Client Error: Not Found for url: https://transparency.entsog.eu/api/v1/operationaldatas?indicator=Physical+Flow&pointDirection=be-tso-0001itp-00258entry&from=2006-01-01&to=2006-12-31&periodType=hour&timezone=CET&limit=-1
2026-10-02 15:45:55,394 | WARNING | 2006 | ITP-00289_entry | aucune donnée
2026-10-02 15:45:55,394 | ERROR | 2006 | ITP-00289_entry | échec : 404 Client Error: Not Found for url: https://transparency.entsog.eu/api/v1/operationaldatas?indicator=Physical+Flow&pointDirection=be-tso-0001itp-00289entry&from=2006-01-01&to=2006-12-31&periodType=hour&timezone=CET&limit=-1
2026-10-02 15:45:55,791 | WARNING | 2006 | ITP-00290_entry | aucune donnée
2026-10-02 15:45:55,793 | ERROR | 2006 | ITP-00290_entry | échec : 404 Client Error: Not Found for url: https://transparency.entsog.eu/api/v1/operationaldatas?indicator=Physical+Flow&pointDirection=be-tso-0001itp-00290entry&from=2006-01-01&to=2006-12-31&periodType=hour&timezone=CET&limit=-1
2026-10-02 15:45:56,260 | WARNING | 2006 | ITP-00519_entry | aucune donnée
2026-10-02 15:45:56,261 | ERROR | 2006 | ITP-00519_entry | échec : 404 Client Error: Not Found for url: https://transparency.entsog.eu/api/v1/operationaldatas?indicator=Physical+Flow&pointDirection=be-tso-0001itp-00519entry&from=2006-01-01&to=2006-12-31&periodType=hour&timezone=CET&limit=-1
2026-10-02 15:45:56,659 | WARNING | 2006 | ITP-00526_entry | aucune donnée
2026-10-02 15:45:56,660 | ERROR | 2006 | ITP-00526_entry | échec : 404 Client Error: Not Found for url: https://transparency.entsog.eu/api/v1/operationaldatas?indicator=Physical+Flow&pointDirection=be-tso-0001itp-00526entry&from=2006-01-01&to=2006-12-31&periodType=hour&timezone=CET&limit=-1
2026-10-02 15:45:57,054 | WARNING | 2006 | ITP-00542_entry | aucune donnée
2026-10-02 15:45:57,055 | ERROR | 2006 | ITP-00542_entry | échec : 404 Client Error: Not Found for url: https://transparency.entsog.eu/api/v1/operationaldatas?indicator=Physical+Flow&pointDirection=be-tso-0001itp-00542entry&from=2006-01-01&to=2006-12-31&periodType=hour&timezone=CET&limit=-1
2026-10-02 15:45:57,459 | WARNING | 2006 | ITP-00555_entry | aucune donnée
2026-10-02 15:45:57,460 | ERROR | 2006 | ITP-00555_entry | échec : 404 Client Error: Not Found for url: https://transparency.entsog.eu/api/v1/operationaldatas?indicator=Physical+Flow&pointDirection=be-tso-0001itp-00555entry&from=2006-01-01&to=2006-12-31&periodType=hour&timezone=CET&limit=-1
2026-10-02 15:45:57,861 | WARNING | 2006 | ITP-00614_entry | aucune donnée
2026-10-02 15:45:57,862 | ERROR | 2006 | ITP-00614_entry | échec : 404 Client Error: Not Found for url: https://transparency.entsog.eu/api/v1/operationaldatas?indicator=Physical+Flow&pointDirection=be-tso-0001itp-00614entry&from=2006-01-01&to=2006-12-31&periodType=hour&timezone=CET&limit=-1
2026-10-02 15:45:58,279 | WARNING | 2006 | ITP-00648_entry | aucune donnée
2026-10-02 15:45:58,281 | ERROR | 2006 | ITP-00648_entry | échec : 404 Client Error: Not Found for url: https://transparency.entsog.eu/api/v1/operationaldatas?indicator=Physical+Flow&pointDirection=be-tso-0001itp-00648entry&from=2006-01-01&to=2006-12-31&periodType=hour&timezone=CET&limit=-1
2026-10-02 15:45:58,680 | WARNING | 2006 | LNG-00005_entry | aucune donnée
2026-10-02 15:45:58,681 | ERROR | 2006 | LNG-00005_entry | échec : 404 Client Error: Not Found for url: https://transparency.entsog.eu/api/v1/operationaldatas?indicator=Physical+Flow&pointDirection=be-tso-0001lng-00005entry&from=2006-01-01&to=2006-12-31&periodType=hour&timezone=CET&limit=-1
2026-10-02 15:45:59,075 | WARNING | 2006 | LNG-00017_entry | aucune donnée
2026-10-02 15:45:59,076 | ERROR | 2006 | LNG-00017_entry | échec : 404 Client Error: Not Found for url: https://transparency.entsog.eu/api/v1/operationaldatas?indicator=Physical+Flow&pointDirection=be-tso-0001lng-00017entry&from=2006-01-01&to=2006-12-31&periodType=hour&timezone=CET&limit=-1
2026-10-02 15:45:59,483 | WARNING | 2006 | UGS-00002_entry | aucune donnée
2026-10-02 15:45:59,484 | ERROR | 2006 | UGS-00002_entry | échec : 404 Client Error: Not Found for url: https://transparency.entsog.eu/api/v1/operationaldatas?indicator=Physical+Flow&pointDirection=be-tso-0001ugs-00002entry&from=2006-01-01&to=2006-12-31&periodType=hour&timezone=CET&limit=-1
2026-10-02 15:45:59,916 | WARNING | 2006 | VTP-00029_entry | aucune donnée
2026-10-02 15:45:59,917 | ERROR | 2006 | VTP-00029_entry | échec : 404 Client Error: Not Found for url: https://transparency.entsog.eu/api/v1/operationaldatas?indicator=Physical+Flow&pointDirection=be-tso-0001vtp-00029entry&from=2006-01-01&to=2006-12-31&periodType=hour&timezone=CET&limit=-1
2026-10-02 15:46:00,322 | WARNING | 2006 | DIS-00191_exit | aucune donnée
2026-10-02 15:46:00,324 | ERROR | 2006 | DIS-00191_exit | échec : 404 Client Error: Not Found for url: https://transparency.entsog.eu/api/v1/operationaldatas?indicator=Physical+Flow&pointDirection=be-tso-0001dis-00191exit&from=2006-01-01&to=2006-12-31&periodType=hour&timezone=CET&limit=-1
2026-10-02 15:46:00,859 | WARNING | 2006 | DIS-00192_exit | aucune donnée
2026-10-02 15:46:00,860 | ERROR | 2006 | DIS-00192_exit | échec : 404 Client Error: Not Found for url: https://transparency.entsog.eu/api/v1/operationaldatas?indicator=Physical+Flow&pointDirection=be-tso-0001dis-00192exit&from=2006-01-01&to=2006-12-31&periodType=hour&timezone=CET&limit=-1
2026-10-02 15:46:01,271 | WARNING | 2006 | FNC-00033_exit | aucune donnée
2026-10-02 15:46:01,272 | ERROR | 2006 | FNC-00033_exit | échec : 404 Client Error: Not Found for url: https://transparency.entsog.eu/api/v1/operationaldatas?indicator=Physical+Flow&pointDirection=be-tso-0001fnc-00033exit&from=2006-01-01&to=2006-12-31&periodType=hour&timezone=CET&limit=-1
2026-10-02 15:46:01,772 | WARNING | 2006 | FNC-00034_exit | aucune donnée
2026-10-02 15:46:01,773 | ERROR | 2006 | FNC-00034_exit | échec : 404 Client Error: Not Found for url: https://transparency.entsog.eu/api/v1/operationaldatas?indicator=Physical+Flow&pointDirection=be-tso-0001fnc-00034exit&from=2006-01-01&to=2006-12-31&periodType=hour&timezone=CET&limit=-1
2026-10-02 15:46:02,181 | WARNING | 2006 | FNC-00035_exit | aucune donnée
2026-10-02 15:46:02,182 | ERROR | 2006 | FNC-00035_exit | échec : 404 Client Error: Not Found for url: https://transparency.entsog.eu/api/v1/operationaldatas?indicator=Physical+Flow&pointDirection=be-tso-0001fnc-00035exit&from=2006-01-01&to=2006-12-31&periodType=hour&timezone=CET&limit=-1
2026-10-02 15:46:02,598 | WARNING | 2006 | ITP-00038_exit | aucune donnée
2026-10-02 15:46:02,598 | ERROR | 2006 | ITP-00038_exit | échec : 404 Client Error: Not Found for url: https://transparency.entsog.eu/api/v1/operationaldatas?indicator=Physical+Flow&pointDirection=be-tso-0001itp-00038exit&from=2006-01-01&to=2006-12-31&periodType=hour&timezone=CET&limit=-1
2026-10-02 15:46:03,000 | WARNING | 2006 | ITP-00061_exit | aucune donnée
2026-10-02 15:46:03,002 | ERROR | 2006 | ITP-00061_exit | échec : 404 Client Error: Not Found for url: https://transparency.entsog.eu/api/v1/operationaldatas?indicator=Physical+Flow&pointDirection=be-tso-0001itp-00061exit&from=2006-01-01&to=2006-12-31&periodType=hour&timezone=CET&limit=-1
2026-10-02 15:46:03,401 | WARNING | 2006 | ITP-00088_exit | aucune donnée
2026-10-02 15:46:03,401 | ERROR | 2006 | ITP-00088_exit | échec : 404 Client Error: Not Found for url: https://transparency.entsog.eu/api/v1/operationaldatas?indicator=Physical+Flow&pointDirection=be-tso-0001itp-00088exit&from=2006-01-01&to=2006-12-31&periodType=hour&timezone=CET&limit=-1
2026-10-02 15:46:03,805 | WARNING | 2006 | ITP-00101_exit | aucune donnée
2026-10-02 15:46:03,806 | ERROR | 2006 | ITP-00101_exit | échec : 404 Client Error: Not Found for url: https://transparency.entsog.eu/api/v1/operationaldatas?indicator=Physical+Flow&pointDirection=be-tso-0001itp-00101exit&from=2006-01-01&to=2006-12-31&periodType=hour&timezone=CET&limit=-1
2026-10-02 15:46:04,209 | WARNING | 2006 | ITP-00106_exit | aucune donnée
2026-10-02 15:46:04,209 | ERROR | 2006 | ITP-00106_exit | échec : 404 Client Error: Not Found for url: https://transparency.entsog.eu/api/v1/operationaldatas?indicator=Physical+Flow&pointDirection=be-tso-0001itp-00106exit&from=2006-01-01&to=2006-12-31&periodType=hour&timezone=CET&limit=-1
2026-10-02 15:46:04,610 | WARNING | 2006 | ITP-00110_exit | aucune donnée
2026-10-02 15:46:04,611 | ERROR | 2006 | ITP-00110_exit | échec : 404 Client Error: Not Found for url: https://transparency.entsog.eu/api/v1/operationaldatas?indicator=Physical+Flow&pointDirection=be-tso-0001itp-00110exit&from=2006-01-01&to=2006-12-31&periodType=hour&timezone=CET&limit=-1
2026-10-02 15:46:05,033 | WARNING | 2006 | ITP-00112_exit | aucune donnée
2026-10-02 15:46:05,034 | ERROR | 2006 | ITP-00112_exit | échec : 404 Client Error: Not Found for url: https://transparency.entsog.eu/api/v1/operationaldatas?indicator=Physical+Flow&pointDirection=be-tso-0001itp-00112exit&from=2006-01-01&to=2006-12-31&periodType=hour&timezone=CET&limit=-1
2026-10-02 15:46:05,441 | WARNING | 2006 | ITP-00113_exit | aucune donnée
2026-10-02 15:46:05,443 | ERROR | 2006 | ITP-00113_exit | échec : 404 Client Error: Not Found for url: https://transparency.entsog.eu/api/v1/operationaldatas?indicator=Physical+Flow&pointDirection=be-tso-0001itp-00113exit&from=2006-01-01&to=2006-12-31&periodType=hour&timezone=CET&limit=-1
2026-10-02 15:46:05,946 | WARNING | 2006 | ITP-00114_exit | aucune donnée
2026-10-02 15:46:05,947 | ERROR | 2006 | ITP-00114_exit | échec : 404 Client Error: Not Found for url: https://transparency.entsog.eu/api/v1/operationaldatas?indicator=Physical+Flow&pointDirection=be-tso-0001itp-00114exit&from=2006-01-01&to=2006-12-31&periodType=hour&timezone=CET&limit=-1
2026-10-02 15:46:06,396 | WARNING | 2006 | ITP-00115_exit | aucune donnée
2026-10-02 15:46:06,397 | ERROR | 2006 | ITP-00115_exit | échec : 404 Client Error: Not Found for url: https://transparency.entsog.eu/api/v1/operationaldatas?indicator=Physical+Flow&pointDirection=be-tso-0001itp-00115exit&from=2006-01-01&to=2006-12-31&periodType=hour&timezone=CET&limit=-1
2026-10-02 15:46:07,455 | WARNING | 2006 | ITP-00147_exit | aucune donnée
2026-10-02 15:46:07,456 | ERROR | 2006 | ITP-00147_exit | échec : 404 Client Error: Not Found for url: https://transparency.entsog.eu/api/v1/operationaldatas?indicator=Physical+Flow&pointDirection=be-tso-0001itp-00147exit&from=2006-01-01&to=2006-12-31&periodType=hour&timezone=CET&limit=-1
2026-10-02 15:46:07,859 | WARNING | 2006 | ITP-00159_exit | aucune donnée
2026-10-02 15:46:07,860 | ERROR | 2006 | ITP-00159_exit | échec : 404 Client Error: Not Found for url: https://transparency.entsog.eu/api/v1/operationaldatas?indicator=Physical+Flow&pointDirection=be-tso-0001itp-00159exit&from=2006-01-01&to=2006-12-31&periodType=hour&timezone=CET&limit=-1
2026-10-02 15:46:08,280 | WARNING | 2006 | ITP-00159_exit | aucune donnée
2026-10-02 15:46:08,281 | ERROR | 2006 | ITP-00159_exit | échec : 404 Client Error: Not Found for url: https://transparency.entsog.eu/api/v1/operationaldatas?indicator=Physical+Flow&pointDirection=be-tso-0001itp-00159exit&from=2006-01-01&to=2006-12-31&periodType=hour&timezone=CET&limit=-1
2026-10-02 15:46:08,714 | WARNING | 2006 | ITP-00258_exit | aucune donnée
2026-10-02 15:46:08,715 | ERROR | 2006 | ITP-00258_exit | échec : 404 Client Error: Not Found for url: https://transparency.entsog.eu/api/v1/operationaldatas?indicator=Physical+Flow&pointDirection=be-tso-0001itp-00258exit&from=2006-01-01&to=2006-12-31&periodType=hour&timezone=CET&limit=-1
2026-10-02 15:46:09,125 | WARNING | 2006 | ITP-00289_exit | aucune donnée
2026-10-02 15:46:09,126 | ERROR | 2006 | ITP-00289_exit | échec : 404 Client Error: Not Found for url: https://transparency.entsog.eu/api/v1/operationaldatas?indicator=Physical+Flow&pointDirection=be-tso-0001itp-00289exit&from=2006-01-01&to=2006-12-31&periodType=hour&timezone=CET&limit=-1
2026-10-02 15:46:09,648 | WARNING | 2006 | ITP-00290_exit | aucune donnée
2026-10-02 15:46:09,649 | ERROR | 2006 | ITP-00290_exit | échec : 404 Client Error: Not Found for url: https://transparency.entsog.eu/api/v1/operationaldatas?indicator=Physical+Flow&pointDirection=be-tso-0001itp-00290exit&from=2006-01-01&to=2006-12-31&periodType=hour&timezone=CET&limit=-1
2026-10-02 15:46:10,064 | WARNING | 2006 | ITP-00519_exit | aucune donnée
2026-10-02 15:46:10,066 | ERROR | 2006 | ITP-00519_exit | échec : 404 Client Error: Not Found for url: https://transparency.entsog.eu/api/v1/operationaldatas?indicator=Physical+Flow&pointDirection=be-tso-0001itp-00519exit&from=2006-01-01&to=2006-12-31&periodType=hour&timezone=CET&limit=-1
2026-10-02 15:46:10,467 | WARNING | 2006 | ITP-00526_exit | aucune donnée
2026-10-02 15:46:10,468 | ERROR | 2006 | ITP-00526_exit | échec : 404 Client Error: Not Found for url: https://transparency.entsog.eu/api/v1/operationaldatas?indicator=Physical+Flow&pointDirection=be-tso-0001itp-00526exit&from=2006-01-01&to=2006-12-31&periodType=hour&timezone=CET&limit=-1
2026-10-02 15:46:10,909 | WARNING | 2006 | ITP-00542_exit | aucune donnée
2026-10-02 15:46:10,910 | ERROR | 2006 | ITP-00542_exit | échec : 404 Client Error: Not Found for url: https://transparency.entsog.eu/api/v1/operationaldatas?indicator=Physical+Flow&pointDirection=be-tso-0001itp-00542exit&from=2006-01-01&to=2006-12-31&periodType=hour&timezone=CET&limit=-1
2026-10-02 15:46:11,327 | WARNING | 2006 | ITP-00555_exit | aucune donnée
2026-10-02 15:46:11,328 | ERROR | 2006 | ITP-00555_exit | échec : 404 Client Error: Not Found for url: https://transparency.entsog.eu/api/v1/operationaldatas?indicator=Physical+Flow&pointDirection=be-tso-0001itp-00555exit&from=2006-01-01&to=2006-12-31&periodType=hour&timezone=CET&limit=-1
2026-10-02 15:46:11,755 | WARNING | 2006 | ITP-00614_exit | aucune donnée
2026-10-02 15:46:11,756 | ERROR | 2006 | ITP-00614_exit | échec : 404 Client Error: Not Found for url: https://transparency.entsog.eu/api/v1/operationaldatas?indicator=Physical+Flow&pointDirection=be-tso-0001itp-00614exit&from=2006-01-01&to=2006-12-31&periodType=hour&timezone=CET&limit=-1
2026-10-02 15:46:12,176 | WARNING | 2006 | ITP-00648_exit | aucune donnée
2026-10-02 15:46:12,177 | ERROR | 2006 | ITP-00648_exit | échec : 404 Client Error: Not Found for url: https://transparency.entsog.eu/api/v1/operationaldatas?indicator=Physical+Flow&pointDirection=be-tso-0001itp-00648exit&from=2006-01-01&to=2006-12-31&periodType=hour&timezone=CET&limit=-1
2026-10-02 15:46:12,578 | WARNING | 2006 | LNG-00005_exit | aucune donnée
2026-10-02 15:46:12,579 | ERROR | 2006 | LNG-00005_exit | échec : 404 Client Error: Not Found for url: https://transparency.entsog.eu/api/v1/operationaldatas?indicator=Physical+Flow&pointDirection=be-tso-0001lng-00005exit&from=2006-01-01&to=2006-12-31&periodType=hour&timezone=CET&limit=-1
2026-10-02 15:46:12,990 | WARNING | 2006 | LNG-00017_exit | aucune donnée
2026-10-02 15:46:12,991 | ERROR | 2006 | LNG-00017_exit | échec : 404 Client Error: Not Found for url: https://transparency.entsog.eu/api/v1/operationaldatas?indicator=Physical+Flow&pointDirection=be-tso-0001lng-00017exit&from=2006-01-01&to=2006-12-31&periodType=hour&timezone=CET&limit=-1
2026-10-02 15:46:13,920 | WARNING | 2006 | UGS-00002_exit | aucune donnée
2026-10-02 15:46:13,920 | ERROR | 2006 | UGS-00002_exit | échec : 404 Client Error: Not Found for url: https://transparency.entsog.eu/api/v1/operationaldatas?indicator=Physical+Flow&pointDirection=be-tso-0001ugs-00002exit&from=2006-01-01&to=2006-12-31&periodType=hour&timezone=CET&limit=-1
2026-10-02 15:46:15,601 | WARNING | 2006 | VTP-00029_exit | aucune donnée
2026-10-02 15:46:15,602 | ERROR | 2006 | VTP-00029_exit | échec : 404 Client Error: Not Found for url: https://transparency.entsog.eu/api/v1/operationaldatas?indicator=Physical+Flow&pointDirection=be-tso-0001vtp-00029exit&from=2006-01-01&to=2006-12-31&periodType=hour&timezone=CET&limit=-1
2026-10-02 15:46:18,232 | WARNING | 2007 | DIS-00191_entry | aucune donnée
2026-10-02 15:46:18,233 | ERROR | 2007 | DIS-00191_entry | échec : 404 Client Error: Not Found for url: https://transparency.entsog.eu/api/v1/operationaldatas?indicator=Physical+Flow&pointDirection=be-tso-0001dis-00191entry&from=2007-01-01&to=2007-12-31&periodType=hour&timezone=CET&limit=-1
2026-10-02 15:46:18,667 | WARNING | 2007 | DIS-00192_entry | aucune donnée
2026-10-02 15:46:18,667 | ERROR | 2007 | DIS-00192_entry | échec : 404 Client Error: Not Found for url: https://transparency.entsog.eu/api/v1/operationaldatas?indicator=Physical+Flow&pointDirection=be-tso-0001dis-00192entry&from=2007-01-01&to=2007-12-31&periodType=hour&timezone=CET&limit=-1
2026-10-02 15:46:19,070 | WARNING | 2007 | FNC-00033_entry | aucune donnée
2026-10-02 15:46:19,071 | ERROR | 2007 | FNC-00033_entry | échec : 404 Client Error: Not Found for url: https://transparency.entsog.eu/api/v1/operationaldatas?indicator=Physical+Flow&pointDirection=be-tso-0001fnc-00033entry&from=2007-01-01&to=2007-12-31&periodType=hour&timezone=CET&limit=-1
2026-10-02 15:46:19,477 | WARNING | 2007 | FNC-00034_entry | aucune donnée
2026-10-02 15:46:19,478 | ERROR | 2007 | FNC-00034_entry | échec : 404 Client Error: Not Found for url: https://transparency.entsog.eu/api/v1/operationaldatas?indicator=Physical+Flow&pointDirection=be-tso-0001fnc-00034entry&from=2007-01-01&to=2007-12-31&periodType=hour&timezone=CET&limit=-1
2026-10-02 15:46:19,891 | WARNING | 2007 | FNC-00035_entry | aucune donnée
2026-10-02 15:46:19,892 | ERROR | 2007 | FNC-00035_entry | échec : 404 Client Error: Not Found for url: https://transparency.entsog.eu/api/v1/operationaldatas?indicator=Physical+Flow&pointDirection=be-tso-0001fnc-00035entry&from=2007-01-01&to=2007-12-31&periodType=hour&timezone=CET&limit=-1
2026-10-02 15:46:20,305 | WARNING | 2007 | ITP-00038_entry | aucune donnée
2026-10-02 15:46:20,306 | ERROR | 2007 | ITP-00038_entry | échec : 404 Client Error: Not Found for url: https://transparency.entsog.eu/api/v1/operationaldatas?indicator=Physical+Flow&pointDirection=be-tso-0001itp-00038entry&from=2007-01-01&to=2007-12-31&periodType=hour&timezone=CET&limit=-1
2026-10-02 15:46:20,739 | WARNING | 2007 | ITP-00061_entry | aucune donnée
2026-10-02 15:46:20,740 | ERROR | 2007 | ITP-00061_entry | échec : 404 Client Error: Not Found for url: https://transparency.entsog.eu/api/v1/operationaldatas?indicator=Physical+Flow&pointDirection=be-tso-0001itp-00061entry&from=2007-01-01&to=2007-12-31&periodType=hour&timezone=CET&limit=-1
2026-10-02 15:46:21,158 | WARNING | 2007 | ITP-00088_entry | aucune donnée
2026-10-02 15:46:21,159 | ERROR | 2007 | ITP-00088_entry | échec : 404 Client Error: Not Found for url: https://transparency.entsog.eu/api/v1/operationaldatas?indicator=Physical+Flow&pointDirection=be-tso-0001itp-00088entry&from=2007-01-01&to=2007-12-31&periodType=hour&timezone=CET&limit=-1
2026-10-02 15:46:21,564 | WARNING | 2007 | ITP-00101_entry | aucune donnée
2026-10-02 15:46:21,565 | ERROR | 2007 | ITP-00101_entry | échec : 404 Client Error: Not Found for url: https://transparency.entsog.eu/api/v1/operationaldatas?indicator=Physical+Flow&pointDirection=be-tso-0001itp-00101entry&from=2007-01-01&to=2007-12-31&periodType=hour&timezone=CET&limit=-1
2026-10-02 15:46:22,003 | WARNING | 2007 | ITP-00106_entry | aucune donnée
2026-10-02 15:46:22,004 | ERROR | 2007 | ITP-00106_entry | échec : 404 Client Error: Not Found for url: https://transparency.entsog.eu/api/v1/operationaldatas?indicator=Physical+Flow&pointDirection=be-tso-0001itp-00106entry&from=2007-01-01&to=2007-12-31&periodType=hour&timezone=CET&limit=-1
2026-10-02 15:46:22,433 | WARNING | 2007 | ITP-00110_entry | aucune donnée
2026-10-02 15:46:22,434 | ERROR | 2007 | ITP-00110_entry | échec : 404 Client Error: Not Found for url: https://transparency.entsog.eu/api/v1/operationaldatas?indicator=Physical+Flow&pointDirection=be-tso-0001itp-00110entry&from=2007-01-01&to=2007-12-31&periodType=hour&timezone=CET&limit=-1
2026-10-02 15:46:22,888 | WARNING | 2007 | ITP-00112_entry | aucune donnée
2026-10-02 15:46:22,889 | ERROR | 2007 | ITP-00112_entry | échec : 404 Client Error: Not Found for url: https://transparency.entsog.eu/api/v1/operationaldatas?indicator=Physical+Flow&pointDirection=be-tso-0001itp-00112entry&from=2007-01-01&to=2007-12-31&periodType=hour&timezone=CET&limit=-1
2026-10-02 15:46:23,323 | WARNING | 2007 | ITP-00113_entry | aucune donnée
2026-10-02 15:46:23,324 | ERROR | 2007 | ITP-00113_entry | échec : 404 Client Error: Not Found for url: https://transparency.entsog.eu/api/v1/operationaldatas?indicator=Physical+Flow&pointDirection=be-tso-0001itp-00113entry&from=2007-01-01&to=2007-12-31&periodType=hour&timezone=CET&limit=-1
2026-10-02 15:46:23,861 | WARNING | 2007 | ITP-00114_entry | aucune donnée
2026-10-02 15:46:23,862 | ERROR | 2007 | ITP-00114_entry | échec : 404 Client Error: Not Found for url: https://transparency.entsog.eu/api/v1/operationaldatas?indicator=Physical+Flow&pointDirection=be-tso-0001itp-00114entry&from=2007-01-01&to=2007-12-31&periodType=hour&timezone=CET&limit=-1
2026-10-02 15:46:24,260 | WARNING | 2007 | ITP-00115_entry | aucune donnée
2026-10-02 15:46:24,261 | ERROR | 2007 | ITP-00115_entry | échec : 404 Client Error: Not Found for url: https://transparency.entsog.eu/api/v1/operationaldatas?indicator=Physical+Flow&pointDirection=be-tso-0001itp-00115entry&from=2007-01-01&to=2007-12-31&periodType=hour&timezone=CET&limit=-1
2026-10-02 15:46:24,667 | WARNING | 2007 | ITP-00147_entry | aucune donnée
2026-10-02 15:46:24,668 | ERROR | 2007 | ITP-00147_entry | échec : 404 Client Error: Not Found for url: https://transparency.entsog.eu/api/v1/operationaldatas?indicator=Physical+Flow&pointDirection=be-tso-0001itp-00147entry&from=2007-01-01&to=2007-12-31&periodType=hour&timezone=CET&limit=-1
2026-10-02 15:46:25,095 | WARNING | 2007 | ITP-00258_entry | aucune donnée
2026-10-02 15:46:25,096 | ERROR | 2007 | ITP-00258_entry | échec : 404 Client Error: Not Found for url: https://transparency.entsog.eu/api/v1/operationaldatas?indicator=Physical+Flow&pointDirection=be-tso-0001itp-00258entry&from=2007-01-01&to=2007-12-31&periodType=hour&timezone=CET&limit=-1
2026-10-02 15:46:25,509 | WARNING | 2007 | ITP-00289_entry | aucune donnée
2026-10-02 15:46:25,510 | ERROR | 2007 | ITP-00289_entry | échec : 404 Client Error: Not Found for url: https://transparency.entsog.eu/api/v1/operationaldatas?indicator=Physical+Flow&pointDirection=be-tso-0001itp-00289entry&from=2007-01-01&to=2007-12-31&periodType=hour&timezone=CET&limit=-1
2026-10-02 15:46:25,978 | WARNING | 2007 | ITP-00290_entry | aucune donnée
2026-10-02 15:46:25,979 | ERROR | 2007 | ITP-00290_entry | échec : 404 Client Error: Not Found for url: https://transparency.entsog.eu/api/v1/operationaldatas?indicator=Physical+Flow&pointDirection=be-tso-0001itp-00290entry&from=2007-01-01&to=2007-12-31&periodType=hour&timezone=CET&limit=-1
2026-10-02 15:46:26,387 | WARNING | 2007 | ITP-00519_entry | aucune donnée
2026-10-02 15:46:26,389 | ERROR | 2007 | ITP-00519_entry | échec : 404 Client Error: Not Found for url: https://transparency.entsog.eu/api/v1/operationaldatas?indicator=Physical+Flow&pointDirection=be-tso-0001itp-00519entry&from=2007-01-01&to=2007-12-31&periodType=hour&timezone=CET&limit=-1
2026-10-02 15:46:26,796 | WARNING | 2007 | ITP-00526_entry | aucune donnée
2026-10-02 15:46:26,797 | ERROR | 2007 | ITP-00526_entry | échec : 404 Client Error: Not Found for url: https://transparency.entsog.eu/api/v1/operationaldatas?indicator=Physical+Flow&pointDirection=be-tso-0001itp-00526entry&from=2007-01-01&to=2007-12-31&periodType=hour&timezone=CET&limit=-1
2026-10-02 15:46:27,220 | WARNING | 2007 | ITP-00542_entry | aucune donnée
2026-10-02 15:46:27,221 | ERROR | 2007 | ITP-00542_entry | échec : 404 Client Error: Not Found for url: https://transparency.entsog.eu/api/v1/operationaldatas?indicator=Physical+Flow&pointDirection=be-tso-0001itp-00542entry&from=2007-01-01&to=2007-12-31&periodType=hour&timezone=CET&limit=-1
2026-10-02 15:46:27,624 | WARNING | 2007 | ITP-00555_entry | aucune donnée
2026-10-02 15:46:27,625 | ERROR | 2007 | ITP-00555_entry | échec : 404 Client Error: Not Found for url: https://transparency.entsog.eu/api/v1/operationaldatas?indicator=Physical+Flow&pointDirection=be-tso-0001itp-00555entry&from=2007-01-01&to=2007-12-31&periodType=hour&timezone=CET&limit=-1
2026-10-02 15:46:28,068 | WARNING | 2007 | ITP-00614_entry | aucune donnée
2026-10-02 15:46:28,070 | ERROR | 2007 | ITP-00614_entry | échec : 404 Client Error: Not Found for url: https://transparency.entsog.eu/api/v1/operationaldatas?indicator=Physical+Flow&pointDirection=be-tso-0001itp-00614entry&from=2007-01-01&to=2007-12-31&periodType=hour&timezone=CET&limit=-1
2026-10-02 15:46:28,468 | WARNING | 2007 | ITP-00648_entry | aucune donnée
2026-10-02 15:46:28,470 | ERROR | 2007 | ITP-00648_entry | échec : 404 Client Error: Not Found for url: https://transparency.entsog.eu/api/v1/operationaldatas?indicator=Physical+Flow&pointDirection=be-tso-0001itp-00648entry&from=2007-01-01&to=2007-12-31&periodType=hour&timezone=CET&limit=-1
2026-10-02 15:46:28,868 | WARNING | 2007 | LNG-00005_entry | aucune donnée
2026-10-02 15:46:28,869 | ERROR | 2007 | LNG-00005_entry | échec : 404 Client Error: Not Found for url: https://transparency.entsog.eu/api/v1/operationaldatas?indicator=Physical+Flow&pointDirection=be-tso-0001lng-00005entry&from=2007-01-01&to=2007-12-31&periodType=hour&timezone=CET&limit=-1
2026-10-02 15:46:29,315 | WARNING | 2007 | LNG-00017_entry | aucune donnée
2026-10-02 15:46:29,316 | ERROR | 2007 | LNG-00017_entry | échec : 404 Client Error: Not Found for url: https://transparency.entsog.eu/api/v1/operationaldatas?indicator=Physical+Flow&pointDirection=be-tso-0001lng-00017entry&from=2007-01-01&to=2007-12-31&periodType=hour&timezone=CET&limit=-1
2026-10-02 15:46:29,714 | WARNING | 2007 | UGS-00002_entry | aucune donnée
2026-10-02 15:46:29,716 | ERROR | 2007 | UGS-00002_entry | échec : 404 Client Error: Not Found for url: https://transparency.entsog.eu/api/v1/operationaldatas?indicator=Physical+Flow&pointDirection=be-tso-0001ugs-00002entry&from=2007-01-01&to=2007-12-31&periodType=hour&timezone=CET&limit=-1
2026-10-02 15:46:30,130 | WARNING | 2007 | VTP-00029_entry | aucune donnée
2026-10-02 15:46:30,131 | ERROR | 2007 | VTP-00029_entry | échec : 404 Client Error: Not Found for url: https://transparency.entsog.eu/api/v1/operationaldatas?indicator=Physical+Flow&pointDirection=be-tso-0001vtp-00029entry&from=2007-01-01&to=2007-12-31&periodType=hour&timezone=CET&limit=-1
2026-10-02 15:46:30,540 | WARNING | 2007 | DIS-00191_exit | aucune donnée
2026-10-02 15:46:30,541 | ERROR | 2007 | DIS-00191_exit | échec : 404 Client Error: Not Found for url: https://transparency.entsog.eu/api/v1/operationaldatas?indicator=Physical+Flow&pointDirection=be-tso-0001dis-00191exit&from=2007-01-01&to=2007-12-31&periodType=hour&timezone=CET&limit=-1
2026-10-02 15:46:30,945 | WARNING | 2007 | DIS-00192_exit | aucune donnée
2026-10-02 15:46:30,946 | ERROR | 2007 | DIS-00192_exit | échec : 404 Client Error: Not Found for url: https://transparency.entsog.eu/api/v1/operationaldatas?indicator=Physical+Flow&pointDirection=be-tso-0001dis-00192exit&from=2007-01-01&to=2007-12-31&periodType=hour&timezone=CET&limit=-1
2026-10-02 15:46:31,345 | WARNING | 2007 | FNC-00033_exit | aucune donnée
2026-10-02 15:46:31,346 | ERROR | 2007 | FNC-00033_exit | échec : 404 Client Error: Not Found for url: https://transparency.entsog.eu/api/v1/operationaldatas?indicator=Physical+Flow&pointDirection=be-tso-0001fnc-00033exit&from=2007-01-01&to=2007-12-31&periodType=hour&timezone=CET&limit=-1
2026-10-02 15:46:31,996 | WARNING | 2007 | FNC-00034_exit | aucune donnée
2026-10-02 15:46:31,997 | ERROR | 2007 | FNC-00034_exit | échec : 404 Client Error: Not Found for url: https://transparency.entsog.eu/api/v1/operationaldatas?indicator=Physical+Flow&pointDirection=be-tso-0001fnc-00034exit&from=2007-01-01&to=2007-12-31&periodType=hour&timezone=CET&limit=-1
2026-10-02 15:46:32,418 | WARNING | 2007 | FNC-00035_exit | aucune donnée
2026-10-02 15:46:32,419 | ERROR | 2007 | FNC-00035_exit | échec : 404 Client Error: Not Found for url: https://transparency.entsog.eu/api/v1/operationaldatas?indicator=Physical+Flow&pointDirection=be-tso-0001fnc-00035exit&from=2007-01-01&to=2007-12-31&periodType=hour&timezone=CET&limit=-1
2026-10-02 15:46:32,836 | WARNING | 2007 | ITP-00038_exit | aucune donnée
2026-10-02 15:46:32,837 | ERROR | 2007 | ITP-00038_exit | échec : 404 Client Error: Not Found for url: https://transparency.entsog.eu/api/v1/operationaldatas?indicator=Physical+Flow&pointDirection=be-tso-0001itp-00038exit&from=2007-01-01&to=2007-12-31&periodType=hour&timezone=CET&limit=-1
2026-10-02 15:46:33,231 | WARNING | 2007 | ITP-00061_exit | aucune donnée
2026-10-02 15:46:33,231 | ERROR | 2007 | ITP-00061_exit | échec : 404 Client Error: Not Found for url: https://transparency.entsog.eu/api/v1/operationaldatas?indicator=Physical+Flow&pointDirection=be-tso-0001itp-00061exit&from=2007-01-01&to=2007-12-31&periodType=hour&timezone=CET&limit=-1
2026-10-02 15:46:33,643 | WARNING | 2007 | ITP-00088_exit | aucune donnée
2026-10-02 15:46:33,645 | ERROR | 2007 | ITP-00088_exit | échec : 404 Client Error: Not Found for url: https://transparency.entsog.eu/api/v1/operationaldatas?indicator=Physical+Flow&pointDirection=be-tso-0001itp-00088exit&from=2007-01-01&to=2007-12-31&periodType=hour&timezone=CET&limit=-1
2026-10-02 15:46:34,053 | WARNING | 2007 | ITP-00101_exit | aucune donnée
2026-10-02 15:46:34,054 | ERROR | 2007 | ITP-00101_exit | échec : 404 Client Error: Not Found for url: https://transparency.entsog.eu/api/v1/operationaldatas?indicator=Physical+Flow&pointDirection=be-tso-0001itp-00101exit&from=2007-01-01&to=2007-12-31&periodType=hour&timezone=CET&limit=-1
2026-10-02 15:46:34,467 | WARNING | 2007 | ITP-00106_exit | aucune donnée
2026-10-02 15:46:34,468 | ERROR | 2007 | ITP-00106_exit | échec : 404 Client Error: Not Found for url: https://transparency.entsog.eu/api/v1/operationaldatas?indicator=Physical+Flow&pointDirection=be-tso-0001itp-00106exit&from=2007-01-01&to=2007-12-31&periodType=hour&timezone=CET&limit=-1
2026-10-02 15:46:34,878 | WARNING | 2007 | ITP-00110_exit | aucune donnée
2026-10-02 15:46:34,878 | ERROR | 2007 | ITP-00110_exit | échec : 404 Client Error: Not Found for url: https://transparency.entsog.eu/api/v1/operationaldatas?indicator=Physical+Flow&pointDirection=be-tso-0001itp-00110exit&from=2007-01-01&to=2007-12-31&periodType=hour&timezone=CET&limit=-1
2026-10-02 15:46:35,311 | WARNING | 2007 | ITP-00112_exit | aucune donnée
2026-10-02 15:46:35,312 | ERROR | 2007 | ITP-00112_exit | échec : 404 Client Error: Not Found for url: https://transparency.entsog.eu/api/v1/operationaldatas?indicator=Physical+Flow&pointDirection=be-tso-0001itp-00112exit&from=2007-01-01&to=2007-12-31&periodType=hour&timezone=CET&limit=-1
2026-10-02 15:46:35,721 | WARNING | 2007 | ITP-00113_exit | aucune donnée
2026-10-02 15:46:35,722 | ERROR | 2007 | ITP-00113_exit | échec : 404 Client Error: Not Found for url: https://transparency.entsog.eu/api/v1/operationaldatas?indicator=Physical+Flow&pointDirection=be-tso-0001itp-00113exit&from=2007-01-01&to=2007-12-31&periodType=hour&timezone=CET&limit=-1
2026-10-02 15:46:36,120 | WARNING | 2007 | ITP-00114_exit | aucune donnée
2026-10-02 15:46:36,121 | ERROR | 2007 | ITP-00114_exit | échec : 404 Client Error: Not Found for url: https://transparency.entsog.eu/api/v1/operationaldatas?indicator=Physical+Flow&pointDirection=be-tso-0001itp-00114exit&from=2007-01-01&to=2007-12-31&periodType=hour&timezone=CET&limit=-1
2026-10-02 15:46:36,540 | WARNING | 2007 | ITP-00115_exit | aucune donnée
2026-10-02 15:46:36,542 | ERROR | 2007 | ITP-00115_exit | échec : 404 Client Error: Not Found for url: https://transparency.entsog.eu/api/v1/operationaldatas?indicator=Physical+Flow&pointDirection=be-tso-0001itp-00115exit&from=2007-01-01&to=2007-12-31&periodType=hour&timezone=CET&limit=-1
2026-10-02 15:46:36,978 | WARNING | 2007 | ITP-00147_exit | aucune donnée
2026-10-02 15:46:36,980 | ERROR | 2007 | ITP-00147_exit | échec : 404 Client Error: Not Found for url: https://transparency.entsog.eu/api/v1/operationaldatas?indicator=Physical+Flow&pointDirection=be-tso-0001itp-00147exit&from=2007-01-01&to=2007-12-31&periodType=hour&timezone=CET&limit=-1
2026-10-02 15:46:37,400 | WARNING | 2007 | ITP-00159_exit | aucune donnée
2026-10-02 15:46:37,401 | ERROR | 2007 | ITP-00159_exit | échec : 404 Client Error: Not Found for url: https://transparency.entsog.eu/api/v1/operationaldatas?indicator=Physical+Flow&pointDirection=be-tso-0001itp-00159exit&from=2007-01-01&to=2007-12-31&periodType=hour&timezone=CET&limit=-1
2026-10-02 15:46:37,801 | WARNING | 2007 | ITP-00159_exit | aucune donnée
2026-10-02 15:46:37,802 | ERROR | 2007 | ITP-00159_exit | échec : 404 Client Error: Not Found for url: https://transparency.entsog.eu/api/v1/operationaldatas?indicator=Physical+Flow&pointDirection=be-tso-0001itp-00159exit&from=2007-01-01&to=2007-12-31&periodType=hour&timezone=CET&limit=-1
2026-10-02 15:46:38,197 | WARNING | 2007 | ITP-00258_exit | aucune donnée
2026-10-02 15:46:38,198 | ERROR | 2007 | ITP-00258_exit | échec : 404 Client Error: Not Found for url: https://transparency.entsog.eu/api/v1/operationaldatas?indicator=Physical+Flow&pointDirection=be-tso-0001itp-00258exit&from=2007-01-01&to=2007-12-31&periodType=hour&timezone=CET&limit=-1
2026-10-02 15:46:40,050 | WARNING | 2007 | ITP-00289_exit | aucune donnée
2026-10-02 15:46:40,051 | ERROR | 2007 | ITP-00289_exit | échec : 404 Client Error: Not Found for url: https://transparency.entsog.eu/api/v1/operationaldatas?indicator=Physical+Flow&pointDirection=be-tso-0001itp-00289exit&from=2007-01-01&to=2007-12-31&periodType=hour&timezone=CET&limit=-1
2026-10-02 15:46:40,451 | WARNING | 2007 | ITP-00290_exit | aucune donnée
2026-10-02 15:46:40,452 | ERROR | 2007 | ITP-00290_exit | échec : 404 Client Error: Not Found for url: https://transparency.entsog.eu/api/v1/operationaldatas?indicator=Physical+Flow&pointDirection=be-tso-0001itp-00290exit&from=2007-01-01&to=2007-12-31&periodType=hour&timezone=CET&limit=-1
2026-10-02 15:46:40,858 | WARNING | 2007 | ITP-00519_exit | aucune donnée
2026-10-02 15:46:40,859 | ERROR | 2007 | ITP-00519_exit | échec : 404 Client Error: Not Found for url: https://transparency.entsog.eu/api/v1/operationaldatas?indicator=Physical+Flow&pointDirection=be-tso-0001itp-00519exit&from=2007-01-01&to=2007-12-31&periodType=hour&timezone=CET&limit=-1
2026-10-02 15:46:41,259 | WARNING | 2007 | ITP-00526_exit | aucune donnée
2026-10-02 15:46:41,260 | ERROR | 2007 | ITP-00526_exit | échec : 404 Client Error: Not Found for url: https://transparency.entsog.eu/api/v1/operationaldatas?indicator=Physical+Flow&pointDirection=be-tso-0001itp-00526exit&from=2007-01-01&to=2007-12-31&periodType=hour&timezone=CET&limit=-1
2026-10-02 15:46:41,658 | WARNING | 2007 | ITP-00542_exit | aucune donnée
2026-10-02 15:46:41,659 | ERROR | 2007 | ITP-00542_exit | échec : 404 Client Error: Not Found for url: https://transparency.entsog.eu/api/v1/operationaldatas?indicator=Physical+Flow&pointDirection=be-tso-0001itp-00542exit&from=2007-01-01&to=2007-12-31&periodType=hour&timezone=CET&limit=-1
2026-10-02 15:46:42,064 | WARNING | 2007 | ITP-00555_exit | aucune donnée
2026-10-02 15:46:42,065 | ERROR | 2007 | ITP-00555_exit | échec : 404 Client Error: Not Found for url: https://transparency.entsog.eu/api/v1/operationaldatas?indicator=Physical+Flow&pointDirection=be-tso-0001itp-00555exit&from=2007-01-01&to=2007-12-31&periodType=hour&timezone=CET&limit=-1
2026-10-02 15:46:42,487 | WARNING | 2007 | ITP-00614_exit | aucune donnée
2026-10-02 15:46:42,489 | ERROR | 2007 | ITP-00614_exit | échec : 404 Client Error: Not Found for url: https://transparency.entsog.eu/api/v1/operationaldatas?indicator=Physical+Flow&pointDirection=be-tso-0001itp-00614exit&from=2007-01-01&to=2007-12-31&periodType=hour&timezone=CET&limit=-1
2026-10-02 15:46:42,927 | WARNING | 2007 | ITP-00648_exit | aucune donnée
2026-10-02 15:46:42,929 | ERROR | 2007 | ITP-00648_exit | échec : 404 Client Error: Not Found for url: https://transparency.entsog.eu/api/v1/operationaldatas?indicator=Physical+Flow&pointDirection=be-tso-0001itp-00648exit&from=2007-01-01&to=2007-12-31&periodType=hour&timezone=CET&limit=-1
2026-10-02 15:46:43,375 | WARNING | 2007 | LNG-00005_exit | aucune donnée
2026-10-02 15:46:43,376 | ERROR | 2007 | LNG-00005_exit | échec : 404 Client Error: Not Found for url: https://transparency.entsog.eu/api/v1/operationaldatas?indicator=Physical+Flow&pointDirection=be-tso-0001lng-00005exit&from=2007-01-01&to=2007-12-31&periodType=hour&timezone=CET&limit=-1
2026-10-02 15:46:43,783 | WARNING | 2007 | LNG-00017_exit | aucune donnée
2026-10-02 15:46:43,784 | ERROR | 2007 | LNG-00017_exit | échec : 404 Client Error: Not Found for url: https://transparency.entsog.eu/api/v1/operationaldatas?indicator=Physical+Flow&pointDirection=be-tso-0001lng-00017exit&from=2007-01-01&to=2007-12-31&periodType=hour&timezone=CET&limit=-1
2026-10-02 15:46:44,307 | WARNING | 2007 | UGS-00002_exit | aucune donnée
2026-10-02 15:46:44,308 | ERROR | 2007 | UGS-00002_exit | échec : 404 Client Error: Not Found for url: https://transparency.entsog.eu/api/v1/operationaldatas?indicator=Physical+Flow&pointDirection=be-tso-0001ugs-00002exit&from=2007-01-01&to=2007-12-31&periodType=hour&timezone=CET&limit=-1
2026-10-02 15:46:44,711 | WARNING | 2007 | VTP-00029_exit | aucune donnée
2026-10-02 15:46:44,712 | ERROR | 2007 | VTP-00029_exit | échec : 404 Client Error: Not Found for url: https://transparency.entsog.eu/api/v1/operationaldatas?indicator=Physical+Flow&pointDirection=be-tso-0001vtp-00029exit&from=2007-01-01&to=2007-12-31&periodType=hour&timezone=CET&limit=-1
2026-10-02 15:46:45,117 | WARNING | 2008 | DIS-00191_entry | aucune donnée
2026-10-02 15:46:45,118 | ERROR | 2008 | DIS-00191_entry | échec : 404 Client Error: Not Found for url: https://transparency.entsog.eu/api/v1/operationaldatas?indicator=Physical+Flow&pointDirection=be-tso-0001dis-00191entry&from=2008-01-01&to=2008-12-31&periodType=hour&timezone=CET&limit=-1
2026-10-02 15:46:45,550 | WARNING | 2008 | DIS-00192_entry | aucune donnée
2026-10-02 15:46:45,550 | ERROR | 2008 | DIS-00192_entry | échec : 404 Client Error: Not Found for url: https://transparency.entsog.eu/api/v1/operationaldatas?indicator=Physical+Flow&pointDirection=be-tso-0001dis-00192entry&from=2008-01-01&to=2008-12-31&periodType=hour&timezone=CET&limit=-1
2026-10-02 15:46:45,975 | WARNING | 2008 | FNC-00033_entry | aucune donnée
2026-10-02 15:46:45,977 | ERROR | 2008 | FNC-00033_entry | échec : 404 Client Error: Not Found for url: https://transparency.entsog.eu/api/v1/operationaldatas?indicator=Physical+Flow&pointDirection=be-tso-0001fnc-00033entry&from=2008-01-01&to=2008-12-31&periodType=hour&timezone=CET&limit=-1
2026-10-02 15:46:46,458 | WARNING | 2008 | FNC-00034_entry | aucune donnée
2026-10-02 15:46:46,459 | ERROR | 2008 | FNC-00034_entry | échec : 404 Client Error: Not Found for url: https://transparency.entsog.eu/api/v1/operationaldatas?indicator=Physical+Flow&pointDirection=be-tso-0001fnc-00034entry&from=2008-01-01&to=2008-12-31&periodType=hour&timezone=CET&limit=-1
2026-10-02 15:46:46,871 | WARNING | 2008 | FNC-00035_entry | aucune donnée
2026-10-02 15:46:46,872 | ERROR | 2008 | FNC-00035_entry | échec : 404 Client Error: Not Found for url: https://transparency.entsog.eu/api/v1/operationaldatas?indicator=Physical+Flow&pointDirection=be-tso-0001fnc-00035entry&from=2008-01-01&to=2008-12-31&periodType=hour&timezone=CET&limit=-1
2026-10-02 15:46:48,581 | WARNING | 2008 | ITP-00038_entry | aucune donnée
2026-10-02 15:46:48,582 | ERROR | 2008 | ITP-00038_entry | échec : 404 Client Error: Not Found for url: https://transparency.entsog.eu/api/v1/operationaldatas?indicator=Physical+Flow&pointDirection=be-tso-0001itp-00038entry&from=2008-01-01&to=2008-12-31&periodType=hour&timezone=CET&limit=-1
2026-10-02 15:46:49,017 | WARNING | 2008 | ITP-00061_entry | aucune donnée
2026-10-02 15:46:49,018 | ERROR | 2008 | ITP-00061_entry | échec : 404 Client Error: Not Found for url: https://transparency.entsog.eu/api/v1/operationaldatas?indicator=Physical+Flow&pointDirection=be-tso-0001itp-00061entry&from=2008-01-01&to=2008-12-31&periodType=hour&timezone=CET&limit=-1
2026-10-02 15:46:49,430 | WARNING | 2008 | ITP-00088_entry | aucune donnée
2026-10-02 15:46:49,431 | ERROR | 2008 | ITP-00088_entry | échec : 404 Client Error: Not Found for url: https://transparency.entsog.eu/api/v1/operationaldatas?indicator=Physical+Flow&pointDirection=be-tso-0001itp-00088entry&from=2008-01-01&to=2008-12-31&periodType=hour&timezone=CET&limit=-1
2026-10-02 15:46:49,834 | WARNING | 2008 | ITP-00101_entry | aucune donnée
2026-10-02 15:46:49,835 | ERROR | 2008 | ITP-00101_entry | échec : 404 Client Error: Not Found for url: https://transparency.entsog.eu/api/v1/operationaldatas?indicator=Physical+Flow&pointDirection=be-tso-0001itp-00101entry&from=2008-01-01&to=2008-12-31&periodType=hour&timezone=CET&limit=-1
2026-10-02 15:46:50,231 | WARNING | 2008 | ITP-00106_entry | aucune donnée
2026-10-02 15:46:50,232 | ERROR | 2008 | ITP-00106_entry | échec : 404 Client Error: Not Found for url: https://transparency.entsog.eu/api/v1/operationaldatas?indicator=Physical+Flow&pointDirection=be-tso-0001itp-00106entry&from=2008-01-01&to=2008-12-31&periodType=hour&timezone=CET&limit=-1
2026-10-02 15:46:50,634 | WARNING | 2008 | ITP-00110_entry | aucune donnée
2026-10-02 15:46:50,635 | ERROR | 2008 | ITP-00110_entry | échec : 404 Client Error: Not Found for url: https://transparency.entsog.eu/api/v1/operationaldatas?indicator=Physical+Flow&pointDirection=be-tso-0001itp-00110entry&from=2008-01-01&to=2008-12-31&periodType=hour&timezone=CET&limit=-1
2026-10-02 15:46:51,035 | WARNING | 2008 | ITP-00112_entry | aucune donnée
2026-10-02 15:46:51,036 | ERROR | 2008 | ITP-00112_entry | échec : 404 Client Error: Not Found for url: https://transparency.entsog.eu/api/v1/operationaldatas?indicator=Physical+Flow&pointDirection=be-tso-0001itp-00112entry&from=2008-01-01&to=2008-12-31&periodType=hour&timezone=CET&limit=-1
2026-10-02 15:46:51,464 | WARNING | 2008 | ITP-00113_entry | aucune donnée
2026-10-02 15:46:51,464 | ERROR | 2008 | ITP-00113_entry | échec : 404 Client Error: Not Found for url: https://transparency.entsog.eu/api/v1/operationaldatas?indicator=Physical+Flow&pointDirection=be-tso-0001itp-00113entry&from=2008-01-01&to=2008-12-31&periodType=hour&timezone=CET&limit=-1
2026-10-02 15:46:51,869 | WARNING | 2008 | ITP-00114_entry | aucune donnée
2026-10-02 15:46:51,870 | ERROR | 2008 | ITP-00114_entry | échec : 404 Client Error: Not Found for url: https://transparency.entsog.eu/api/v1/operationaldatas?indicator=Physical+Flow&pointDirection=be-tso-0001itp-00114entry&from=2008-01-01&to=2008-12-31&periodType=hour&timezone=CET&limit=-1
2026-10-02 15:46:52,269 | WARNING | 2008 | ITP-00115_entry | aucune donnée
2026-10-02 15:46:52,270 | ERROR | 2008 | ITP-00115_entry | échec : 404 Client Error: Not Found for url: https://transparency.entsog.eu/api/v1/operationaldatas?indicator=Physical+Flow&pointDirection=be-tso-0001itp-00115entry&from=2008-01-01&to=2008-12-31&periodType=hour&timezone=CET&limit=-1
2026-10-02 15:46:52,892 | WARNING | 2008 | ITP-00147_entry | aucune donnée
2026-10-02 15:46:52,893 | ERROR | 2008 | ITP-00147_entry | échec : 404 Client Error: Not Found for url: https://transparency.entsog.eu/api/v1/operationaldatas?indicator=Physical+Flow&pointDirection=be-tso-0001itp-00147entry&from=2008-01-01&to=2008-12-31&periodType=hour&timezone=CET&limit=-1
2026-10-02 15:46:53,299 | WARNING | 2008 | ITP-00258_entry | aucune donnée
2026-10-02 15:46:53,300 | ERROR | 2008 | ITP-00258_entry | échec : 404 Client Error: Not Found for url: https://transparency.entsog.eu/api/v1/operationaldatas?indicator=Physical+Flow&pointDirection=be-tso-0001itp-00258entry&from=2008-01-01&to=2008-12-31&periodType=hour&timezone=CET&limit=-1
2026-10-02 15:46:53,727 | WARNING | 2008 | ITP-00289_entry | aucune donnée
2026-10-02 15:46:53,729 | ERROR | 2008 | ITP-00289_entry | échec : 404 Client Error: Not Found for url: https://transparency.entsog.eu/api/v1/operationaldatas?indicator=Physical+Flow&pointDirection=be-tso-0001itp-00289entry&from=2008-01-01&to=2008-12-31&periodType=hour&timezone=CET&limit=-1
2026-10-02 15:46:54,149 | WARNING | 2008 | ITP-00290_entry | aucune donnée
2026-10-02 15:46:54,150 | ERROR | 2008 | ITP-00290_entry | échec : 404 Client Error: Not Found for url: https://transparency.entsog.eu/api/v1/operationaldatas?indicator=Physical+Flow&pointDirection=be-tso-0001itp-00290entry&from=2008-01-01&to=2008-12-31&periodType=hour&timezone=CET&limit=-1
2026-10-02 15:46:54,577 | WARNING | 2008 | ITP-00519_entry | aucune donnée
2026-10-02 15:46:54,578 | ERROR | 2008 | ITP-00519_entry | échec : 404 Client Error: Not Found for url: https://transparency.entsog.eu/api/v1/operationaldatas?indicator=Physical+Flow&pointDirection=be-tso-0001itp-00519entry&from=2008-01-01&to=2008-12-31&periodType=hour&timezone=CET&limit=-1
2026-10-02 15:46:54,977 | WARNING | 2008 | ITP-00526_entry | aucune donnée
2026-10-02 15:46:54,978 | ERROR | 2008 | ITP-00526_entry | échec : 404 Client Error: Not Found for url: https://transparency.entsog.eu/api/v1/operationaldatas?indicator=Physical+Flow&pointDirection=be-tso-0001itp-00526entry&from=2008-01-01&to=2008-12-31&periodType=hour&timezone=CET&limit=-1
2026-10-02 15:46:55,385 | WARNING | 2008 | ITP-00542_entry | aucune donnée
2026-10-02 15:46:55,386 | ERROR | 2008 | ITP-00542_entry | échec : 404 Client Error: Not Found for url: https://transparency.entsog.eu/api/v1/operationaldatas?indicator=Physical+Flow&pointDirection=be-tso-0001itp-00542entry&from=2008-01-01&to=2008-12-31&periodType=hour&timezone=CET&limit=-1
2026-10-02 15:46:55,792 | WARNING | 2008 | ITP-00555_entry | aucune donnée
2026-10-02 15:46:55,793 | ERROR | 2008 | ITP-00555_entry | échec : 404 Client Error: Not Found for url: https://transparency.entsog.eu/api/v1/operationaldatas?indicator=Physical+Flow&pointDirection=be-tso-0001itp-00555entry&from=2008-01-01&to=2008-12-31&periodType=hour&timezone=CET&limit=-1
2026-10-02 15:46:56,194 | WARNING | 2008 | ITP-00614_entry | aucune donnée
2026-10-02 15:46:56,195 | ERROR | 2008 | ITP-00614_entry | échec : 404 Client Error: Not Found for url: https://transparency.entsog.eu/api/v1/operationaldatas?indicator=Physical+Flow&pointDirection=be-tso-0001itp-00614entry&from=2008-01-01&to=2008-12-31&periodType=hour&timezone=CET&limit=-1
2026-10-02 15:46:56,635 | WARNING | 2008 | ITP-00648_entry | aucune donnée
2026-10-02 15:46:56,637 | ERROR | 2008 | ITP-00648_entry | échec : 404 Client Error: Not Found for url: https://transparency.entsog.eu/api/v1/operationaldatas?indicator=Physical+Flow&pointDirection=be-tso-0001itp-00648entry&from=2008-01-01&to=2008-12-31&periodType=hour&timezone=CET&limit=-1
2026-10-02 15:46:57,084 | WARNING | 2008 | LNG-00005_entry | aucune donnée
2026-10-02 15:46:57,085 | ERROR | 2008 | LNG-00005_entry | échec : 404 Client Error: Not Found for url: https://transparency.entsog.eu/api/v1/operationaldatas?indicator=Physical+Flow&pointDirection=be-tso-0001lng-00005entry&from=2008-01-01&to=2008-12-31&periodType=hour&timezone=CET&limit=-1
2026-10-02 15:46:57,489 | WARNING | 2008 | LNG-00017_entry | aucune donnée
2026-10-02 15:46:57,490 | ERROR | 2008 | LNG-00017_entry | échec : 404 Client Error: Not Found for url: https://transparency.entsog.eu/api/v1/operationaldatas?indicator=Physical+Flow&pointDirection=be-tso-0001lng-00017entry&from=2008-01-01&to=2008-12-31&periodType=hour&timezone=CET&limit=-1
2026-10-02 15:46:57,895 | WARNING | 2008 | UGS-00002_entry | aucune donnée
2026-10-02 15:46:57,896 | ERROR | 2008 | UGS-00002_entry | échec : 404 Client Error: Not Found for url: https://transparency.entsog.eu/api/v1/operationaldatas?indicator=Physical+Flow&pointDirection=be-tso-0001ugs-00002entry&from=2008-01-01&to=2008-12-31&periodType=hour&timezone=CET&limit=-1
2026-10-02 15:46:58,291 | WARNING | 2008 | VTP-00029_entry | aucune donnée
2026-10-02 15:46:58,292 | ERROR | 2008 | VTP-00029_entry | échec : 404 Client Error: Not Found for url: https://transparency.entsog.eu/api/v1/operationaldatas?indicator=Physical+Flow&pointDirection=be-tso-0001vtp-00029entry&from=2008-01-01&to=2008-12-31&periodType=hour&timezone=CET&limit=-1
2026-10-02 15:46:58,691 | WARNING | 2008 | DIS-00191_exit | aucune donnée
2026-10-02 15:46:58,692 | ERROR | 2008 | DIS-00191_exit | échec : 404 Client Error: Not Found for url: https://transparency.entsog.eu/api/v1/operationaldatas?indicator=Physical+Flow&pointDirection=be-tso-0001dis-00191exit&from=2008-01-01&to=2008-12-31&periodType=hour&timezone=CET&limit=-1
2026-10-02 15:46:59,122 | WARNING | 2008 | DIS-00192_exit | aucune donnée
2026-10-02 15:46:59,123 | ERROR | 2008 | DIS-00192_exit | échec : 404 Client Error: Not Found for url: https://transparency.entsog.eu/api/v1/operationaldatas?indicator=Physical+Flow&pointDirection=be-tso-0001dis-00192exit&from=2008-01-01&to=2008-12-31&periodType=hour&timezone=CET&limit=-1
2026-10-02 15:46:59,533 | WARNING | 2008 | FNC-00033_exit | aucune donnée
2026-10-02 15:46:59,534 | ERROR | 2008 | FNC-00033_exit | échec : 404 Client Error: Not Found for url: https://transparency.entsog.eu/api/v1/operationaldatas?indicator=Physical+Flow&pointDirection=be-tso-0001fnc-00033exit&from=2008-01-01&to=2008-12-31&periodType=hour&timezone=CET&limit=-1
2026-10-02 15:47:00,998 | WARNING | 2008 | FNC-00034_exit | aucune donnée
2026-10-02 15:47:00,999 | ERROR | 2008 | FNC-00034_exit | échec : 404 Client Error: Not Found for url: https://transparency.entsog.eu/api/v1/operationaldatas?indicator=Physical+Flow&pointDirection=be-tso-0001fnc-00034exit&from=2008-01-01&to=2008-12-31&periodType=hour&timezone=CET&limit=-1
2026-10-02 15:47:01,427 | WARNING | 2008 | FNC-00035_exit | aucune donnée
2026-10-02 15:47:01,428 | ERROR | 2008 | FNC-00035_exit | échec : 404 Client Error: Not Found for url: https://transparency.entsog.eu/api/v1/operationaldatas?indicator=Physical+Flow&pointDirection=be-tso-0001fnc-00035exit&from=2008-01-01&to=2008-12-31&periodType=hour&timezone=CET&limit=-1
2026-10-02 15:47:01,851 | WARNING | 2008 | ITP-00038_exit | aucune donnée
2026-10-02 15:47:01,852 | ERROR | 2008 | ITP-00038_exit | échec : 404 Client Error: Not Found for url: https://transparency.entsog.eu/api/v1/operationaldatas?indicator=Physical+Flow&pointDirection=be-tso-0001itp-00038exit&from=2008-01-01&to=2008-12-31&periodType=hour&timezone=CET&limit=-1
2026-10-02 15:47:02,273 | WARNING | 2008 | ITP-00061_exit | aucune donnée
2026-10-02 15:47:02,274 | ERROR | 2008 | ITP-00061_exit | échec : 404 Client Error: Not Found for url: https://transparency.entsog.eu/api/v1/operationaldatas?indicator=Physical+Flow&pointDirection=be-tso-0001itp-00061exit&from=2008-01-01&to=2008-12-31&periodType=hour&timezone=CET&limit=-1
2026-10-02 15:47:02,674 | WARNING | 2008 | ITP-00088_exit | aucune donnée
2026-10-02 15:47:02,675 | ERROR | 2008 | ITP-00088_exit | échec : 404 Client Error: Not Found for url: https://transparency.entsog.eu/api/v1/operationaldatas?indicator=Physical+Flow&pointDirection=be-tso-0001itp-00088exit&from=2008-01-01&to=2008-12-31&periodType=hour&timezone=CET&limit=-1
2026-10-02 15:47:03,080 | WARNING | 2008 | ITP-00101_exit | aucune donnée
2026-10-02 15:47:03,081 | ERROR | 2008 | ITP-00101_exit | échec : 404 Client Error: Not Found for url: https://transparency.entsog.eu/api/v1/operationaldatas?indicator=Physical+Flow&pointDirection=be-tso-0001itp-00101exit&from=2008-01-01&to=2008-12-31&periodType=hour&timezone=CET&limit=-1
2026-10-02 15:47:03,503 | WARNING | 2008 | ITP-00106_exit | aucune donnée
2026-10-02 15:47:03,505 | ERROR | 2008 | ITP-00106_exit | échec : 404 Client Error: Not Found for url: https://transparency.entsog.eu/api/v1/operationaldatas?indicator=Physical+Flow&pointDirection=be-tso-0001itp-00106exit&from=2008-01-01&to=2008-12-31&periodType=hour&timezone=CET&limit=-1
2026-10-02 15:47:03,946 | WARNING | 2008 | ITP-00110_exit | aucune donnée
2026-10-02 15:47:03,947 | ERROR | 2008 | ITP-00110_exit | échec : 404 Client Error: Not Found for url: https://transparency.entsog.eu/api/v1/operationaldatas?indicator=Physical+Flow&pointDirection=be-tso-0001itp-00110exit&from=2008-01-01&to=2008-12-31&periodType=hour&timezone=CET&limit=-1
2026-10-02 15:47:04,350 | WARNING | 2008 | ITP-00112_exit | aucune donnée
2026-10-02 15:47:04,351 | ERROR | 2008 | ITP-00112_exit | échec : 404 Client Error: Not Found for url: https://transparency.entsog.eu/api/v1/operationaldatas?indicator=Physical+Flow&pointDirection=be-tso-0001itp-00112exit&from=2008-01-01&to=2008-12-31&periodType=hour&timezone=CET&limit=-1
2026-10-02 15:47:04,791 | WARNING | 2008 | ITP-00113_exit | aucune donnée
2026-10-02 15:47:04,792 | ERROR | 2008 | ITP-00113_exit | échec : 404 Client Error: Not Found for url: https://transparency.entsog.eu/api/v1/operationaldatas?indicator=Physical+Flow&pointDirection=be-tso-0001itp-00113exit&from=2008-01-01&to=2008-12-31&periodType=hour&timezone=CET&limit=-1
2026-10-02 15:47:05,205 | WARNING | 2008 | ITP-00114_exit | aucune donnée
2026-10-02 15:47:05,206 | ERROR | 2008 | ITP-00114_exit | échec : 404 Client Error: Not Found for url: https://transparency.entsog.eu/api/v1/operationaldatas?indicator=Physical+Flow&pointDirection=be-tso-0001itp-00114exit&from=2008-01-01&to=2008-12-31&periodType=hour&timezone=CET&limit=-1
2026-10-02 15:47:05,614 | WARNING | 2008 | ITP-00115_exit | aucune donnée
2026-10-02 15:47:05,615 | ERROR | 2008 | ITP-00115_exit | échec : 404 Client Error: Not Found for url: https://transparency.entsog.eu/api/v1/operationaldatas?indicator=Physical+Flow&pointDirection=be-tso-0001itp-00115exit&from=2008-01-01&to=2008-12-31&periodType=hour&timezone=CET&limit=-1
2026-10-02 15:47:06,037 | WARNING | 2008 | ITP-00147_exit | aucune donnée
2026-10-02 15:47:06,038 | ERROR | 2008 | ITP-00147_exit | échec : 404 Client Error: Not Found for url: https://transparency.entsog.eu/api/v1/operationaldatas?indicator=Physical+Flow&pointDirection=be-tso-0001itp-00147exit&from=2008-01-01&to=2008-12-31&periodType=hour&timezone=CET&limit=-1
2026-10-02 15:47:06,440 | WARNING | 2008 | ITP-00159_exit | aucune donnée
2026-10-02 15:47:06,441 | ERROR | 2008 | ITP-00159_exit | échec : 404 Client Error: Not Found for url: https://transparency.entsog.eu/api/v1/operationaldatas?indicator=Physical+Flow&pointDirection=be-tso-0001itp-00159exit&from=2008-01-01&to=2008-12-31&periodType=hour&timezone=CET&limit=-1
2026-10-02 15:47:06,839 | WARNING | 2008 | ITP-00159_exit | aucune donnée
2026-10-02 15:47:06,840 | ERROR | 2008 | ITP-00159_exit | échec : 404 Client Error: Not Found for url: https://transparency.entsog.eu/api/v1/operationaldatas?indicator=Physical+Flow&pointDirection=be-tso-0001itp-00159exit&from=2008-01-01&to=2008-12-31&periodType=hour&timezone=CET&limit=-1
2026-10-02 15:47:07,249 | WARNING | 2008 | ITP-00258_exit | aucune donnée
2026-10-02 15:47:07,251 | ERROR | 2008 | ITP-00258_exit | échec : 404 Client Error: Not Found for url: https://transparency.entsog.eu/api/v1/operationaldatas?indicator=Physical+Flow&pointDirection=be-tso-0001itp-00258exit&from=2008-01-01&to=2008-12-31&periodType=hour&timezone=CET&limit=-1
2026-10-02 15:47:07,672 | WARNING | 2008 | ITP-00289_exit | aucune donnée
2026-10-02 15:47:07,673 | ERROR | 2008 | ITP-00289_exit | échec : 404 Client Error: Not Found for url: https://transparency.entsog.eu/api/v1/operationaldatas?indicator=Physical+Flow&pointDirection=be-tso-0001itp-00289exit&from=2008-01-01&to=2008-12-31&periodType=hour&timezone=CET&limit=-1
2026-10-02 15:47:08,096 | WARNING | 2008 | ITP-00290_exit | aucune donnée
2026-10-02 15:47:08,097 | ERROR | 2008 | ITP-00290_exit | échec : 404 Client Error: Not Found for url: https://transparency.entsog.eu/api/v1/operationaldatas?indicator=Physical+Flow&pointDirection=be-tso-0001itp-00290exit&from=2008-01-01&to=2008-12-31&periodType=hour&timezone=CET&limit=-1
2026-10-02 15:47:08,511 | WARNING | 2008 | ITP-00519_exit | aucune donnée
2026-10-02 15:47:08,512 | ERROR | 2008 | ITP-00519_exit | échec : 404 Client Error: Not Found for url: https://transparency.entsog.eu/api/v1/operationaldatas?indicator=Physical+Flow&pointDirection=be-tso-0001itp-00519exit&from=2008-01-01&to=2008-12-31&periodType=hour&timezone=CET&limit=-1
2026-10-02 15:47:08,929 | WARNING | 2008 | ITP-00526_exit | aucune donnée
2026-10-02 15:47:08,930 | ERROR | 2008 | ITP-00526_exit | échec : 404 Client Error: Not Found for url: https://transparency.entsog.eu/api/v1/operationaldatas?indicator=Physical+Flow&pointDirection=be-tso-0001itp-00526exit&from=2008-01-01&to=2008-12-31&periodType=hour&timezone=CET&limit=-1
2026-10-02 15:47:09,351 | WARNING | 2008 | ITP-00542_exit | aucune donnée
2026-10-02 15:47:09,352 | ERROR | 2008 | ITP-00542_exit | échec : 404 Client Error: Not Found for url: https://transparency.entsog.eu/api/v1/operationaldatas?indicator=Physical+Flow&pointDirection=be-tso-0001itp-00542exit&from=2008-01-01&to=2008-12-31&periodType=hour&timezone=CET&limit=-1
2026-10-02 15:47:09,817 | WARNING | 2008 | ITP-00555_exit | aucune donnée
2026-10-02 15:47:09,818 | ERROR | 2008 | ITP-00555_exit | échec : 404 Client Error: Not Found for url: https://transparency.entsog.eu/api/v1/operationaldatas?indicator=Physical+Flow&pointDirection=be-tso-0001itp-00555exit&from=2008-01-01&to=2008-12-31&periodType=hour&timezone=CET&limit=-1
2026-10-02 15:47:10,235 | WARNING | 2008 | ITP-00614_exit | aucune donnée
2026-10-02 15:47:10,236 | ERROR | 2008 | ITP-00614_exit | échec : 404 Client Error: Not Found for url: https://transparency.entsog.eu/api/v1/operationaldatas?indicator=Physical+Flow&pointDirection=be-tso-0001itp-00614exit&from=2008-01-01&to=2008-12-31&periodType=hour&timezone=CET&limit=-1
2026-10-02 15:47:10,639 | WARNING | 2008 | ITP-00648_exit | aucune donnée
2026-10-02 15:47:10,640 | ERROR | 2008 | ITP-00648_exit | échec : 404 Client Error: Not Found for url: https://transparency.entsog.eu/api/v1/operationaldatas?indicator=Physical+Flow&pointDirection=be-tso-0001itp-00648exit&from=2008-01-01&to=2008-12-31&periodType=hour&timezone=CET&limit=-1
2026-10-02 15:47:11,037 | WARNING | 2008 | LNG-00005_exit | aucune donnée
2026-10-02 15:47:11,038 | ERROR | 2008 | LNG-00005_exit | échec : 404 Client Error: Not Found for url: https://transparency.entsog.eu/api/v1/operationaldatas?indicator=Physical+Flow&pointDirection=be-tso-0001lng-00005exit&from=2008-01-01&to=2008-12-31&periodType=hour&timezone=CET&limit=-1
2026-10-02 15:47:11,446 | WARNING | 2008 | LNG-00017_exit | aucune donnée
2026-10-02 15:47:11,446 | ERROR | 2008 | LNG-00017_exit | échec : 404 Client Error: Not Found for url: https://transparency.entsog.eu/api/v1/operationaldatas?indicator=Physical+Flow&pointDirection=be-tso-0001lng-00017exit&from=2008-01-01&to=2008-12-31&periodType=hour&timezone=CET&limit=-1
2026-10-02 15:47:11,855 | WARNING | 2008 | UGS-00002_exit | aucune donnée
2026-10-02 15:47:11,856 | ERROR | 2008 | UGS-00002_exit | échec : 404 Client Error: Not Found for url: https://transparency.entsog.eu/api/v1/operationaldatas?indicator=Physical+Flow&pointDirection=be-tso-0001ugs-00002exit&from=2008-01-01&to=2008-12-31&periodType=hour&timezone=CET&limit=-1
2026-10-02 15:47:12,274 | WARNING | 2008 | VTP-00029_exit | aucune donnée
2026-10-02 15:47:12,275 | ERROR | 2008 | VTP-00029_exit | échec : 404 Client Error: Not Found for url: https://transparency.entsog.eu/api/v1/operationaldatas?indicator=Physical+Flow&pointDirection=be-tso-0001vtp-00029exit&from=2008-01-01&to=2008-12-31&periodType=hour&timezone=CET&limit=-1
2026-10-02 15:47:12,710 | WARNING | 2009 | DIS-00191_entry | aucune donnée
2026-10-02 15:47:12,711 | ERROR | 2009 | DIS-00191_entry | échec : 404 Client Error: Not Found for url: https://transparency.entsog.eu/api/v1/operationaldatas?indicator=Physical+Flow&pointDirection=be-tso-0001dis-00191entry&from=2009-01-01&to=2009-12-31&periodType=hour&timezone=CET&limit=-1
2026-10-02 15:47:13,128 | WARNING | 2009 | DIS-00192_entry | aucune donnée
2026-10-02 15:47:13,129 | ERROR | 2009 | DIS-00192_entry | échec : 404 Client Error: Not Found for url: https://transparency.entsog.eu/api/v1/operationaldatas?indicator=Physical+Flow&pointDirection=be-tso-0001dis-00192entry&from=2009-01-01&to=2009-12-31&periodType=hour&timezone=CET&limit=-1
2026-10-02 15:47:13,580 | WARNING | 2009 | FNC-00033_entry | aucune donnée
2026-10-02 15:47:13,582 | ERROR | 2009 | FNC-00033_entry | échec : 404 Client Error: Not Found for url: https://transparency.entsog.eu/api/v1/operationaldatas?indicator=Physical+Flow&pointDirection=be-tso-0001fnc-00033entry&from=2009-01-01&to=2009-12-31&periodType=hour&timezone=CET&limit=-1
2026-10-02 15:47:13,990 | WARNING | 2009 | FNC-00034_entry | aucune donnée
2026-10-02 15:47:13,992 | ERROR | 2009 | FNC-00034_entry | échec : 404 Client Error: Not Found for url: https://transparency.entsog.eu/api/v1/operationaldatas?indicator=Physical+Flow&pointDirection=be-tso-0001fnc-00034entry&from=2009-01-01&to=2009-12-31&periodType=hour&timezone=CET&limit=-1
2026-10-02 15:47:14,405 | WARNING | 2009 | FNC-00035_entry | aucune donnée
2026-10-02 15:47:14,406 | ERROR | 2009 | FNC-00035_entry | échec : 404 Client Error: Not Found for url: https://transparency.entsog.eu/api/v1/operationaldatas?indicator=Physical+Flow&pointDirection=be-tso-0001fnc-00035entry&from=2009-01-01&to=2009-12-31&periodType=hour&timezone=CET&limit=-1
2026-10-02 15:47:14,982 | WARNING | 2009 | ITP-00038_entry | aucune donnée
2026-10-02 15:47:14,983 | ERROR | 2009 | ITP-00038_entry | échec : 404 Client Error: Not Found for url: https://transparency.entsog.eu/api/v1/operationaldatas?indicator=Physical+Flow&pointDirection=be-tso-0001itp-00038entry&from=2009-01-01&to=2009-12-31&periodType=hour&timezone=CET&limit=-1
2026-10-02 15:47:15,384 | WARNING | 2009 | ITP-00061_entry | aucune donnée
2026-10-02 15:47:15,385 | ERROR | 2009 | ITP-00061_entry | échec : 404 Client Error: Not Found for url: https://transparency.entsog.eu/api/v1/operationaldatas?indicator=Physical+Flow&pointDirection=be-tso-0001itp-00061entry&from=2009-01-01&to=2009-12-31&periodType=hour&timezone=CET&limit=-1
2026-10-02 15:47:15,825 | WARNING | 2009 | ITP-00088_entry | aucune donnée
2026-10-02 15:47:15,826 | ERROR | 2009 | ITP-00088_entry | échec : 404 Client Error: Not Found for url: https://transparency.entsog.eu/api/v1/operationaldatas?indicator=Physical+Flow&pointDirection=be-tso-0001itp-00088entry&from=2009-01-01&to=2009-12-31&periodType=hour&timezone=CET&limit=-1
2026-10-02 15:47:16,242 | WARNING | 2009 | ITP-00101_entry | aucune donnée
2026-10-02 15:47:16,243 | ERROR | 2009 | ITP-00101_entry | échec : 404 Client Error: Not Found for url: https://transparency.entsog.eu/api/v1/operationaldatas?indicator=Physical+Flow&pointDirection=be-tso-0001itp-00101entry&from=2009-01-01&to=2009-12-31&periodType=hour&timezone=CET&limit=-1
2026-10-02 15:47:16,664 | WARNING | 2009 | ITP-00106_entry | aucune donnée
2026-10-02 15:47:16,665 | ERROR | 2009 | ITP-00106_entry | échec : 404 Client Error: Not Found for url: https://transparency.entsog.eu/api/v1/operationaldatas?indicator=Physical+Flow&pointDirection=be-tso-0001itp-00106entry&from=2009-01-01&to=2009-12-31&periodType=hour&timezone=CET&limit=-1
2026-10-02 15:47:17,071 | WARNING | 2009 | ITP-00110_entry | aucune donnée
2026-10-02 15:47:17,071 | ERROR | 2009 | ITP-00110_entry | échec : 404 Client Error: Not Found for url: https://transparency.entsog.eu/api/v1/operationaldatas?indicator=Physical+Flow&pointDirection=be-tso-0001itp-00110entry&from=2009-01-01&to=2009-12-31&periodType=hour&timezone=CET&limit=-1
2026-10-02 15:47:17,476 | WARNING | 2009 | ITP-00112_entry | aucune donnée
2026-10-02 15:47:17,477 | ERROR | 2009 | ITP-00112_entry | échec : 404 Client Error: Not Found for url: https://transparency.entsog.eu/api/v1/operationaldatas?indicator=Physical+Flow&pointDirection=be-tso-0001itp-00112entry&from=2009-01-01&to=2009-12-31&periodType=hour&timezone=CET&limit=-1
2026-10-02 15:47:17,921 | WARNING | 2009 | ITP-00113_entry | aucune donnée
2026-10-02 15:47:17,922 | ERROR | 2009 | ITP-00113_entry | échec : 404 Client Error: Not Found for url: https://transparency.entsog.eu/api/v1/operationaldatas?indicator=Physical+Flow&pointDirection=be-tso-0001itp-00113entry&from=2009-01-01&to=2009-12-31&periodType=hour&timezone=CET&limit=-1
2026-10-02 15:47:18,344 | WARNING | 2009 | ITP-00114_entry | aucune donnée
2026-10-02 15:47:18,345 | ERROR | 2009 | ITP-00114_entry | échec : 404 Client Error: Not Found for url: https://transparency.entsog.eu/api/v1/operationaldatas?indicator=Physical+Flow&pointDirection=be-tso-0001itp-00114entry&from=2009-01-01&to=2009-12-31&periodType=hour&timezone=CET&limit=-1
2026-10-02 15:47:19,966 | WARNING | 2009 | ITP-00115_entry | aucune donnée
2026-10-02 15:47:19,967 | ERROR | 2009 | ITP-00115_entry | échec : 404 Client Error: Not Found for url: https://transparency.entsog.eu/api/v1/operationaldatas?indicator=Physical+Flow&pointDirection=be-tso-0001itp-00115entry&from=2009-01-01&to=2009-12-31&periodType=hour&timezone=CET&limit=-1
2026-10-02 15:47:20,379 | WARNING | 2009 | ITP-00147_entry | aucune donnée
2026-10-02 15:47:20,380 | ERROR | 2009 | ITP-00147_entry | échec : 404 Client Error: Not Found for url: https://transparency.entsog.eu/api/v1/operationaldatas?indicator=Physical+Flow&pointDirection=be-tso-0001itp-00147entry&from=2009-01-01&to=2009-12-31&periodType=hour&timezone=CET&limit=-1
2026-10-02 15:47:20,829 | WARNING | 2009 | ITP-00258_entry | aucune donnée
2026-10-02 15:47:20,830 | ERROR | 2009 | ITP-00258_entry | échec : 404 Client Error: Not Found for url: https://transparency.entsog.eu/api/v1/operationaldatas?indicator=Physical+Flow&pointDirection=be-tso-0001itp-00258entry&from=2009-01-01&to=2009-12-31&periodType=hour&timezone=CET&limit=-1
2026-10-02 15:47:21,243 | WARNING | 2009 | ITP-00289_entry | aucune donnée
2026-10-02 15:47:21,244 | ERROR | 2009 | ITP-00289_entry | échec : 404 Client Error: Not Found for url: https://transparency.entsog.eu/api/v1/operationaldatas?indicator=Physical+Flow&pointDirection=be-tso-0001itp-00289entry&from=2009-01-01&to=2009-12-31&periodType=hour&timezone=CET&limit=-1
2026-10-02 15:47:21,664 | WARNING | 2009 | ITP-00290_entry | aucune donnée
2026-10-02 15:47:21,666 | ERROR | 2009 | ITP-00290_entry | échec : 404 Client Error: Not Found for url: https://transparency.entsog.eu/api/v1/operationaldatas?indicator=Physical+Flow&pointDirection=be-tso-0001itp-00290entry&from=2009-01-01&to=2009-12-31&periodType=hour&timezone=CET&limit=-1
2026-10-02 15:47:22,091 | WARNING | 2009 | ITP-00519_entry | aucune donnée
2026-10-02 15:47:22,092 | ERROR | 2009 | ITP-00519_entry | échec : 404 Client Error: Not Found for url: https://transparency.entsog.eu/api/v1/operationaldatas?indicator=Physical+Flow&pointDirection=be-tso-0001itp-00519entry&from=2009-01-01&to=2009-12-31&periodType=hour&timezone=CET&limit=-1
2026-10-02 15:47:22,515 | WARNING | 2009 | ITP-00526_entry | aucune donnée
2026-10-02 15:47:22,516 | ERROR | 2009 | ITP-00526_entry | échec : 404 Client Error: Not Found for url: https://transparency.entsog.eu/api/v1/operationaldatas?indicator=Physical+Flow&pointDirection=be-tso-0001itp-00526entry&from=2009-01-01&to=2009-12-31&periodType=hour&timezone=CET&limit=-1
2026-10-02 15:47:22,943 | WARNING | 2009 | ITP-00542_entry | aucune donnée
2026-10-02 15:47:22,944 | ERROR | 2009 | ITP-00542_entry | échec : 404 Client Error: Not Found for url: https://transparency.entsog.eu/api/v1/operationaldatas?indicator=Physical+Flow&pointDirection=be-tso-0001itp-00542entry&from=2009-01-01&to=2009-12-31&periodType=hour&timezone=CET&limit=-1
2026-10-02 15:47:23,342 | WARNING | 2009 | ITP-00555_entry | aucune donnée
2026-10-02 15:47:23,343 | ERROR | 2009 | ITP-00555_entry | échec : 404 Client Error: Not Found for url: https://transparency.entsog.eu/api/v1/operationaldatas?indicator=Physical+Flow&pointDirection=be-tso-0001itp-00555entry&from=2009-01-01&to=2009-12-31&periodType=hour&timezone=CET&limit=-1
2026-10-02 15:47:23,754 | WARNING | 2009 | ITP-00614_entry | aucune donnée
2026-10-02 15:47:23,755 | ERROR | 2009 | ITP-00614_entry | échec : 404 Client Error: Not Found for url: https://transparency.entsog.eu/api/v1/operationaldatas?indicator=Physical+Flow&pointDirection=be-tso-0001itp-00614entry&from=2009-01-01&to=2009-12-31&periodType=hour&timezone=CET&limit=-1
2026-10-02 15:47:24,187 | WARNING | 2009 | ITP-00648_entry | aucune donnée
2026-10-02 15:47:24,189 | ERROR | 2009 | ITP-00648_entry | échec : 404 Client Error: Not Found for url: https://transparency.entsog.eu/api/v1/operationaldatas?indicator=Physical+Flow&pointDirection=be-tso-0001itp-00648entry&from=2009-01-01&to=2009-12-31&periodType=hour&timezone=CET&limit=-1
2026-10-02 15:47:24,622 | WARNING | 2009 | LNG-00005_entry | aucune donnée
2026-10-02 15:47:24,623 | ERROR | 2009 | LNG-00005_entry | échec : 404 Client Error: Not Found for url: https://transparency.entsog.eu/api/v1/operationaldatas?indicator=Physical+Flow&pointDirection=be-tso-0001lng-00005entry&from=2009-01-01&to=2009-12-31&periodType=hour&timezone=CET&limit=-1
2026-10-02 15:47:25,044 | WARNING | 2009 | LNG-00017_entry | aucune donnée
2026-10-02 15:47:25,045 | ERROR | 2009 | LNG-00017_entry | échec : 404 Client Error: Not Found for url: https://transparency.entsog.eu/api/v1/operationaldatas?indicator=Physical+Flow&pointDirection=be-tso-0001lng-00017entry&from=2009-01-01&to=2009-12-31&periodType=hour&timezone=CET&limit=-1
2026-10-02 15:47:25,450 | WARNING | 2009 | UGS-00002_entry | aucune donnée
2026-10-02 15:47:25,452 | ERROR | 2009 | UGS-00002_entry | échec : 404 Client Error: Not Found for url: https://transparency.entsog.eu/api/v1/operationaldatas?indicator=Physical+Flow&pointDirection=be-tso-0001ugs-00002entry&from=2009-01-01&to=2009-12-31&periodType=hour&timezone=CET&limit=-1
2026-10-02 15:47:25,852 | WARNING | 2009 | VTP-00029_entry | aucune donnée
2026-10-02 15:47:25,853 | ERROR | 2009 | VTP-00029_entry | échec : 404 Client Error: Not Found for url: https://transparency.entsog.eu/api/v1/operationaldatas?indicator=Physical+Flow&pointDirection=be-tso-0001vtp-00029entry&from=2009-01-01&to=2009-12-31&periodType=hour&timezone=CET&limit=-1
2026-10-02 15:47:26,258 | WARNING | 2009 | DIS-00191_exit | aucune donnée
2026-10-02 15:47:26,258 | ERROR | 2009 | DIS-00191_exit | échec : 404 Client Error: Not Found for url: https://transparency.entsog.eu/api/v1/operationaldatas?indicator=Physical+Flow&pointDirection=be-tso-0001dis-00191exit&from=2009-01-01&to=2009-12-31&periodType=hour&timezone=CET&limit=-1
2026-10-02 15:47:27,009 | WARNING | 2009 | DIS-00192_exit | aucune donnée
2026-10-02 15:47:27,009 | ERROR | 2009 | DIS-00192_exit | échec : 404 Client Error: Not Found for url: https://transparency.entsog.eu/api/v1/operationaldatas?indicator=Physical+Flow&pointDirection=be-tso-0001dis-00192exit&from=2009-01-01&to=2009-12-31&periodType=hour&timezone=CET&limit=-1
2026-10-02 15:47:27,427 | WARNING | 2009 | FNC-00033_exit | aucune donnée
2026-10-02 15:47:27,428 | ERROR | 2009 | FNC-00033_exit | échec : 404 Client Error: Not Found for url: https://transparency.entsog.eu/api/v1/operationaldatas?indicator=Physical+Flow&pointDirection=be-tso-0001fnc-00033exit&from=2009-01-01&to=2009-12-31&periodType=hour&timezone=CET&limit=-1
2026-10-02 15:47:27,831 | WARNING | 2009 | FNC-00034_exit | aucune donnée
2026-10-02 15:47:27,832 | ERROR | 2009 | FNC-00034_exit | échec : 404 Client Error: Not Found for url: https://transparency.entsog.eu/api/v1/operationaldatas?indicator=Physical+Flow&pointDirection=be-tso-0001fnc-00034exit&from=2009-01-01&to=2009-12-31&periodType=hour&timezone=CET&limit=-1
2026-10-02 15:47:28,240 | WARNING | 2009 | FNC-00035_exit | aucune donnée
2026-10-02 15:47:28,241 | ERROR | 2009 | FNC-00035_exit | échec : 404 Client Error: Not Found for url: https://transparency.entsog.eu/api/v1/operationaldatas?indicator=Physical+Flow&pointDirection=be-tso-0001fnc-00035exit&from=2009-01-01&to=2009-12-31&periodType=hour&timezone=CET&limit=-1
2026-10-02 15:47:28,638 | WARNING | 2009 | ITP-00038_exit | aucune donnée
2026-10-02 15:47:28,639 | ERROR | 2009 | ITP-00038_exit | échec : 404 Client Error: Not Found for url: https://transparency.entsog.eu/api/v1/operationaldatas?indicator=Physical+Flow&pointDirection=be-tso-0001itp-00038exit&from=2009-01-01&to=2009-12-31&periodType=hour&timezone=CET&limit=-1
2026-10-02 15:47:29,070 | WARNING | 2009 | ITP-00061_exit | aucune donnée
2026-10-02 15:47:29,072 | ERROR | 2009 | ITP-00061_exit | échec : 404 Client Error: Not Found for url: https://transparency.entsog.eu/api/v1/operationaldatas?indicator=Physical+Flow&pointDirection=be-tso-0001itp-00061exit&from=2009-01-01&to=2009-12-31&periodType=hour&timezone=CET&limit=-1
2026-10-02 15:47:29,468 | WARNING | 2009 | ITP-00088_exit | aucune donnée
2026-10-02 15:47:29,469 | ERROR | 2009 | ITP-00088_exit | échec : 404 Client Error: Not Found for url: https://transparency.entsog.eu/api/v1/operationaldatas?indicator=Physical+Flow&pointDirection=be-tso-0001itp-00088exit&from=2009-01-01&to=2009-12-31&periodType=hour&timezone=CET&limit=-1
2026-10-02 15:47:29,890 | WARNING | 2009 | ITP-00101_exit | aucune donnée
2026-10-02 15:47:29,891 | ERROR | 2009 | ITP-00101_exit | échec : 404 Client Error: Not Found for url: https://transparency.entsog.eu/api/v1/operationaldatas?indicator=Physical+Flow&pointDirection=be-tso-0001itp-00101exit&from=2009-01-01&to=2009-12-31&periodType=hour&timezone=CET&limit=-1
2026-10-02 15:47:30,306 | WARNING | 2009 | ITP-00106_exit | aucune donnée
2026-10-02 15:47:30,307 | ERROR | 2009 | ITP-00106_exit | échec : 404 Client Error: Not Found for url: https://transparency.entsog.eu/api/v1/operationaldatas?indicator=Physical+Flow&pointDirection=be-tso-0001itp-00106exit&from=2009-01-01&to=2009-12-31&periodType=hour&timezone=CET&limit=-1
2026-10-02 15:47:30,749 | WARNING | 2009 | ITP-00110_exit | aucune donnée
2026-10-02 15:47:30,750 | ERROR | 2009 | ITP-00110_exit | échec : 404 Client Error: Not Found for url: https://transparency.entsog.eu/api/v1/operationaldatas?indicator=Physical+Flow&pointDirection=be-tso-0001itp-00110exit&from=2009-01-01&to=2009-12-31&periodType=hour&timezone=CET&limit=-1
2026-10-02 15:47:31,193 | WARNING | 2009 | ITP-00112_exit | aucune donnée
2026-10-02 15:47:31,194 | ERROR | 2009 | ITP-00112_exit | échec : 404 Client Error: Not Found for url: https://transparency.entsog.eu/api/v1/operationaldatas?indicator=Physical+Flow&pointDirection=be-tso-0001itp-00112exit&from=2009-01-01&to=2009-12-31&periodType=hour&timezone=CET&limit=-1
2026-10-02 15:47:31,613 | WARNING | 2009 | ITP-00113_exit | aucune donnée
2026-10-02 15:47:31,614 | ERROR | 2009 | ITP-00113_exit | échec : 404 Client Error: Not Found for url: https://transparency.entsog.eu/api/v1/operationaldatas?indicator=Physical+Flow&pointDirection=be-tso-0001itp-00113exit&from=2009-01-01&to=2009-12-31&periodType=hour&timezone=CET&limit=-1
2026-10-02 15:47:32,142 | WARNING | 2009 | ITP-00114_exit | aucune donnée
2026-10-02 15:47:32,143 | ERROR | 2009 | ITP-00114_exit | échec : 404 Client Error: Not Found for url: https://transparency.entsog.eu/api/v1/operationaldatas?indicator=Physical+Flow&pointDirection=be-tso-0001itp-00114exit&from=2009-01-01&to=2009-12-31&periodType=hour&timezone=CET&limit=-1
2026-10-02 15:47:32,584 | WARNING | 2009 | ITP-00115_exit | aucune donnée
2026-10-02 15:47:32,584 | ERROR | 2009 | ITP-00115_exit | échec : 404 Client Error: Not Found for url: https://transparency.entsog.eu/api/v1/operationaldatas?indicator=Physical+Flow&pointDirection=be-tso-0001itp-00115exit&from=2009-01-01&to=2009-12-31&periodType=hour&timezone=CET&limit=-1
2026-10-02 15:47:32,984 | WARNING | 2009 | ITP-00147_exit | aucune donnée
2026-10-02 15:47:32,985 | ERROR | 2009 | ITP-00147_exit | échec : 404 Client Error: Not Found for url: https://transparency.entsog.eu/api/v1/operationaldatas?indicator=Physical+Flow&pointDirection=be-tso-0001itp-00147exit&from=2009-01-01&to=2009-12-31&periodType=hour&timezone=CET&limit=-1
2026-10-02 15:47:33,398 | WARNING | 2009 | ITP-00159_exit | aucune donnée
2026-10-02 15:47:33,399 | ERROR | 2009 | ITP-00159_exit | échec : 404 Client Error: Not Found for url: https://transparency.entsog.eu/api/v1/operationaldatas?indicator=Physical+Flow&pointDirection=be-tso-0001itp-00159exit&from=2009-01-01&to=2009-12-31&periodType=hour&timezone=CET&limit=-1
2026-10-02 15:47:33,798 | WARNING | 2009 | ITP-00159_exit | aucune donnée
2026-10-02 15:47:33,800 | ERROR | 2009 | ITP-00159_exit | échec : 404 Client Error: Not Found for url: https://transparency.entsog.eu/api/v1/operationaldatas?indicator=Physical+Flow&pointDirection=be-tso-0001itp-00159exit&from=2009-01-01&to=2009-12-31&periodType=hour&timezone=CET&limit=-1
2026-10-02 15:47:34,208 | WARNING | 2009 | ITP-00258_exit | aucune donnée
2026-10-02 15:47:34,209 | ERROR | 2009 | ITP-00258_exit | échec : 404 Client Error: Not Found for url: https://transparency.entsog.eu/api/v1/operationaldatas?indicator=Physical+Flow&pointDirection=be-tso-0001itp-00258exit&from=2009-01-01&to=2009-12-31&periodType=hour&timezone=CET&limit=-1
2026-10-02 15:47:34,630 | WARNING | 2009 | ITP-00289_exit | aucune donnée
2026-10-02 15:47:34,631 | ERROR | 2009 | ITP-00289_exit | échec : 404 Client Error: Not Found for url: https://transparency.entsog.eu/api/v1/operationaldatas?indicator=Physical+Flow&pointDirection=be-tso-0001itp-00289exit&from=2009-01-01&to=2009-12-31&periodType=hour&timezone=CET&limit=-1
2026-10-02 15:47:35,028 | WARNING | 2009 | ITP-00290_exit | aucune donnée
2026-10-02 15:47:35,029 | ERROR | 2009 | ITP-00290_exit | échec : 404 Client Error: Not Found for url: https://transparency.entsog.eu/api/v1/operationaldatas?indicator=Physical+Flow&pointDirection=be-tso-0001itp-00290exit&from=2009-01-01&to=2009-12-31&periodType=hour&timezone=CET&limit=-1
2026-10-02 15:47:35,454 | WARNING | 2009 | ITP-00519_exit | aucune donnée
2026-10-02 15:47:35,455 | ERROR | 2009 | ITP-00519_exit | échec : 404 Client Error: Not Found for url: https://transparency.entsog.eu/api/v1/operationaldatas?indicator=Physical+Flow&pointDirection=be-tso-0001itp-00519exit&from=2009-01-01&to=2009-12-31&periodType=hour&timezone=CET&limit=-1
2026-10-02 15:47:35,872 | WARNING | 2009 | ITP-00526_exit | aucune donnée
2026-10-02 15:47:35,873 | ERROR | 2009 | ITP-00526_exit | échec : 404 Client Error: Not Found for url: https://transparency.entsog.eu/api/v1/operationaldatas?indicator=Physical+Flow&pointDirection=be-tso-0001itp-00526exit&from=2009-01-01&to=2009-12-31&periodType=hour&timezone=CET&limit=-1
2026-10-02 15:47:36,267 | WARNING | 2009 | ITP-00542_exit | aucune donnée
2026-10-02 15:47:36,268 | ERROR | 2009 | ITP-00542_exit | échec : 404 Client Error: Not Found for url: https://transparency.entsog.eu/api/v1/operationaldatas?indicator=Physical+Flow&pointDirection=be-tso-0001itp-00542exit&from=2009-01-01&to=2009-12-31&periodType=hour&timezone=CET&limit=-1
2026-10-02 15:47:37,437 | WARNING | 2009 | ITP-00555_exit | aucune donnée
2026-10-02 15:47:37,438 | ERROR | 2009 | ITP-00555_exit | échec : 404 Client Error: Not Found for url: https://transparency.entsog.eu/api/v1/operationaldatas?indicator=Physical+Flow&pointDirection=be-tso-0001itp-00555exit&from=2009-01-01&to=2009-12-31&periodType=hour&timezone=CET&limit=-1
2026-10-02 15:47:37,851 | WARNING | 2009 | ITP-00614_exit | aucune donnée
2026-10-02 15:47:37,851 | ERROR | 2009 | ITP-00614_exit | échec : 404 Client Error: Not Found for url: https://transparency.entsog.eu/api/v1/operationaldatas?indicator=Physical+Flow&pointDirection=be-tso-0001itp-00614exit&from=2009-01-01&to=2009-12-31&periodType=hour&timezone=CET&limit=-1
2026-10-02 15:47:38,248 | WARNING | 2009 | ITP-00648_exit | aucune donnée
2026-10-02 15:47:38,249 | ERROR | 2009 | ITP-00648_exit | échec : 404 Client Error: Not Found for url: https://transparency.entsog.eu/api/v1/operationaldatas?indicator=Physical+Flow&pointDirection=be-tso-0001itp-00648exit&from=2009-01-01&to=2009-12-31&periodType=hour&timezone=CET&limit=-1
2026-10-02 15:47:38,686 | WARNING | 2009 | LNG-00005_exit | aucune donnée
2026-10-02 15:47:38,687 | ERROR | 2009 | LNG-00005_exit | échec : 404 Client Error: Not Found for url: https://transparency.entsog.eu/api/v1/operationaldatas?indicator=Physical+Flow&pointDirection=be-tso-0001lng-00005exit&from=2009-01-01&to=2009-12-31&periodType=hour&timezone=CET&limit=-1
2026-10-02 15:47:39,103 | WARNING | 2009 | LNG-00017_exit | aucune donnée
2026-10-02 15:47:39,105 | ERROR | 2009 | LNG-00017_exit | échec : 404 Client Error: Not Found for url: https://transparency.entsog.eu/api/v1/operationaldatas?indicator=Physical+Flow&pointDirection=be-tso-0001lng-00017exit&from=2009-01-01&to=2009-12-31&periodType=hour&timezone=CET&limit=-1
2026-10-02 15:47:39,505 | WARNING | 2009 | UGS-00002_exit | aucune donnée
2026-10-02 15:47:39,506 | ERROR | 2009 | UGS-00002_exit | échec : 404 Client Error: Not Found for url: https://transparency.entsog.eu/api/v1/operationaldatas?indicator=Physical+Flow&pointDirection=be-tso-0001ugs-00002exit&from=2009-01-01&to=2009-12-31&periodType=hour&timezone=CET&limit=-1
2026-10-02 15:47:39,912 | WARNING | 2009 | VTP-00029_exit | aucune donnée
2026-10-02 15:47:39,913 | ERROR | 2009 | VTP-00029_exit | échec : 404 Client Error: Not Found for url: https://transparency.entsog.eu/api/v1/operationaldatas?indicator=Physical+Flow&pointDirection=be-tso-0001vtp-00029exit&from=2009-01-01&to=2009-12-31&periodType=hour&timezone=CET&limit=-1
2026-10-02 15:47:40,313 | WARNING | 2010 | DIS-00191_entry | aucune donnée
2026-10-02 15:47:40,314 | ERROR | 2010 | DIS-00191_entry | échec : 404 Client Error: Not Found for url: https://transparency.entsog.eu/api/v1/operationaldatas?indicator=Physical+Flow&pointDirection=be-tso-0001dis-00191entry&from=2010-01-01&to=2010-12-31&periodType=hour&timezone=CET&limit=-1
2026-10-02 15:47:40,735 | WARNING | 2010 | DIS-00192_entry | aucune donnée
2026-10-02 15:47:40,736 | ERROR | 2010 | DIS-00192_entry | échec : 404 Client Error: Not Found for url: https://transparency.entsog.eu/api/v1/operationaldatas?indicator=Physical+Flow&pointDirection=be-tso-0001dis-00192entry&from=2010-01-01&to=2010-12-31&periodType=hour&timezone=CET&limit=-1
2026-10-02 15:47:41,185 | WARNING | 2010 | FNC-00033_entry | aucune donnée
2026-10-02 15:47:41,187 | ERROR | 2010 | FNC-00033_entry | échec : 404 Client Error: Not Found for url: https://transparency.entsog.eu/api/v1/operationaldatas?indicator=Physical+Flow&pointDirection=be-tso-0001fnc-00033entry&from=2010-01-01&to=2010-12-31&periodType=hour&timezone=CET&limit=-1
2026-10-02 15:47:41,595 | WARNING | 2010 | FNC-00034_entry | aucune donnée
2026-10-02 15:47:41,596 | ERROR | 2010 | FNC-00034_entry | échec : 404 Client Error: Not Found for url: https://transparency.entsog.eu/api/v1/operationaldatas?indicator=Physical+Flow&pointDirection=be-tso-0001fnc-00034entry&from=2010-01-01&to=2010-12-31&periodType=hour&timezone=CET&limit=-1
2026-10-02 15:47:42,015 | WARNING | 2010 | FNC-00035_entry | aucune donnée
2026-10-02 15:47:42,016 | ERROR | 2010 | FNC-00035_entry | échec : 404 Client Error: Not Found for url: https://transparency.entsog.eu/api/v1/operationaldatas?indicator=Physical+Flow&pointDirection=be-tso-0001fnc-00035entry&from=2010-01-01&to=2010-12-31&periodType=hour&timezone=CET&limit=-1
2026-10-02 15:47:42,411 | WARNING | 2010 | ITP-00038_entry | aucune donnée
2026-10-02 15:47:42,412 | ERROR | 2010 | ITP-00038_entry | échec : 404 Client Error: Not Found for url: https://transparency.entsog.eu/api/v1/operationaldatas?indicator=Physical+Flow&pointDirection=be-tso-0001itp-00038entry&from=2010-01-01&to=2010-12-31&periodType=hour&timezone=CET&limit=-1
2026-10-02 15:47:42,846 | WARNING | 2010 | ITP-00061_entry | aucune donnée
2026-10-02 15:47:42,847 | ERROR | 2010 | ITP-00061_entry | échec : 404 Client Error: Not Found for url: https://transparency.entsog.eu/api/v1/operationaldatas?indicator=Physical+Flow&pointDirection=be-tso-0001itp-00061entry&from=2010-01-01&to=2010-12-31&periodType=hour&timezone=CET&limit=-1
2026-10-02 15:47:43,254 | WARNING | 2010 | ITP-00088_entry | aucune donnée
2026-10-02 15:47:43,255 | ERROR | 2010 | ITP-00088_entry | échec : 404 Client Error: Not Found for url: https://transparency.entsog.eu/api/v1/operationaldatas?indicator=Physical+Flow&pointDirection=be-tso-0001itp-00088entry&from=2010-01-01&to=2010-12-31&periodType=hour&timezone=CET&limit=-1
2026-10-02 15:47:43,674 | WARNING | 2010 | ITP-00101_entry | aucune donnée
2026-10-02 15:47:43,676 | ERROR | 2010 | ITP-00101_entry | échec : 404 Client Error: Not Found for url: https://transparency.entsog.eu/api/v1/operationaldatas?indicator=Physical+Flow&pointDirection=be-tso-0001itp-00101entry&from=2010-01-01&to=2010-12-31&periodType=hour&timezone=CET&limit=-1
2026-10-02 15:47:44,111 | WARNING | 2010 | ITP-00106_entry | aucune donnée
2026-10-02 15:47:44,112 | ERROR | 2010 | ITP-00106_entry | échec : 404 Client Error: Not Found for url: https://transparency.entsog.eu/api/v1/operationaldatas?indicator=Physical+Flow&pointDirection=be-tso-0001itp-00106entry&from=2010-01-01&to=2010-12-31&periodType=hour&timezone=CET&limit=-1
2026-10-02 15:47:44,527 | WARNING | 2010 | ITP-00110_entry | aucune donnée
2026-10-02 15:47:44,528 | ERROR | 2010 | ITP-00110_entry | échec : 404 Client Error: Not Found for url: https://transparency.entsog.eu/api/v1/operationaldatas?indicator=Physical+Flow&pointDirection=be-tso-0001itp-00110entry&from=2010-01-01&to=2010-12-31&periodType=hour&timezone=CET&limit=-1
2026-10-02 15:47:44,926 | WARNING | 2010 | ITP-00112_entry | aucune donnée
2026-10-02 15:47:44,927 | ERROR | 2010 | ITP-00112_entry | échec : 404 Client Error: Not Found for url: https://transparency.entsog.eu/api/v1/operationaldatas?indicator=Physical+Flow&pointDirection=be-tso-0001itp-00112entry&from=2010-01-01&to=2010-12-31&periodType=hour&timezone=CET&limit=-1
2026-10-02 15:47:45,350 | WARNING | 2010 | ITP-00113_entry | aucune donnée
2026-10-02 15:47:45,351 | ERROR | 2010 | ITP-00113_entry | échec : 404 Client Error: Not Found for url: https://transparency.entsog.eu/api/v1/operationaldatas?indicator=Physical+Flow&pointDirection=be-tso-0001itp-00113entry&from=2010-01-01&to=2010-12-31&periodType=hour&timezone=CET&limit=-1
2026-10-02 15:47:45,750 | WARNING | 2010 | ITP-00114_entry | aucune donnée
2026-10-02 15:47:45,751 | ERROR | 2010 | ITP-00114_entry | échec : 404 Client Error: Not Found for url: https://transparency.entsog.eu/api/v1/operationaldatas?indicator=Physical+Flow&pointDirection=be-tso-0001itp-00114entry&from=2010-01-01&to=2010-12-31&periodType=hour&timezone=CET&limit=-1
2026-10-02 15:47:46,150 | WARNING | 2010 | ITP-00115_entry | aucune donnée
2026-10-02 15:47:46,152 | ERROR | 2010 | ITP-00115_entry | échec : 404 Client Error: Not Found for url: https://transparency.entsog.eu/api/v1/operationaldatas?indicator=Physical+Flow&pointDirection=be-tso-0001itp-00115entry&from=2010-01-01&to=2010-12-31&periodType=hour&timezone=CET&limit=-1
2026-10-02 15:47:46,544 | WARNING | 2010 | ITP-00147_entry | aucune donnée
2026-10-02 15:47:46,545 | ERROR | 2010 | ITP-00147_entry | échec : 404 Client Error: Not Found for url: https://transparency.entsog.eu/api/v1/operationaldatas?indicator=Physical+Flow&pointDirection=be-tso-0001itp-00147entry&from=2010-01-01&to=2010-12-31&periodType=hour&timezone=CET&limit=-1
2026-10-02 15:47:46,958 | WARNING | 2010 | ITP-00258_entry | aucune donnée
2026-10-02 15:47:46,959 | ERROR | 2010 | ITP-00258_entry | échec : 404 Client Error: Not Found for url: https://transparency.entsog.eu/api/v1/operationaldatas?indicator=Physical+Flow&pointDirection=be-tso-0001itp-00258entry&from=2010-01-01&to=2010-12-31&periodType=hour&timezone=CET&limit=-1
2026-10-02 15:47:47,406 | WARNING | 2010 | ITP-00289_entry | aucune donnée
2026-10-02 15:47:47,407 | ERROR | 2010 | ITP-00289_entry | échec : 404 Client Error: Not Found for url: https://transparency.entsog.eu/api/v1/operationaldatas?indicator=Physical+Flow&pointDirection=be-tso-0001itp-00289entry&from=2010-01-01&to=2010-12-31&periodType=hour&timezone=CET&limit=-1
2026-10-02 15:47:47,809 | WARNING | 2010 | ITP-00290_entry | aucune donnée
2026-10-02 15:47:47,810 | ERROR | 2010 | ITP-00290_entry | échec : 404 Client Error: Not Found for url: https://transparency.entsog.eu/api/v1/operationaldatas?indicator=Physical+Flow&pointDirection=be-tso-0001itp-00290entry&from=2010-01-01&to=2010-12-31&periodType=hour&timezone=CET&limit=-1
2026-10-02 15:47:48,261 | WARNING | 2010 | ITP-00519_entry | aucune donnée
2026-10-02 15:47:48,262 | ERROR | 2010 | ITP-00519_entry | échec : 404 Client Error: Not Found for url: https://transparency.entsog.eu/api/v1/operationaldatas?indicator=Physical+Flow&pointDirection=be-tso-0001itp-00519entry&from=2010-01-01&to=2010-12-31&periodType=hour&timezone=CET&limit=-1
2026-10-02 15:47:48,672 | WARNING | 2010 | ITP-00526_entry | aucune donnée
2026-10-02 15:47:48,673 | ERROR | 2010 | ITP-00526_entry | échec : 404 Client Error: Not Found for url: https://transparency.entsog.eu/api/v1/operationaldatas?indicator=Physical+Flow&pointDirection=be-tso-0001itp-00526entry&from=2010-01-01&to=2010-12-31&periodType=hour&timezone=CET&limit=-1
2026-10-02 15:47:49,074 | WARNING | 2010 | ITP-00542_entry | aucune donnée
2026-10-02 15:47:49,075 | ERROR | 2010 | ITP-00542_entry | échec : 404 Client Error: Not Found for url: https://transparency.entsog.eu/api/v1/operationaldatas?indicator=Physical+Flow&pointDirection=be-tso-0001itp-00542entry&from=2010-01-01&to=2010-12-31&periodType=hour&timezone=CET&limit=-1
2026-10-02 15:47:49,475 | WARNING | 2010 | ITP-00555_entry | aucune donnée
2026-10-02 15:47:49,476 | ERROR | 2010 | ITP-00555_entry | échec : 404 Client Error: Not Found for url: https://transparency.entsog.eu/api/v1/operationaldatas?indicator=Physical+Flow&pointDirection=be-tso-0001itp-00555entry&from=2010-01-01&to=2010-12-31&periodType=hour&timezone=CET&limit=-1
2026-10-02 15:47:49,888 | WARNING | 2010 | ITP-00614_entry | aucune donnée
2026-10-02 15:47:49,889 | ERROR | 2010 | ITP-00614_entry | échec : 404 Client Error: Not Found for url: https://transparency.entsog.eu/api/v1/operationaldatas?indicator=Physical+Flow&pointDirection=be-tso-0001itp-00614entry&from=2010-01-01&to=2010-12-31&periodType=hour&timezone=CET&limit=-1
2026-10-02 15:47:50,297 | WARNING | 2010 | ITP-00648_entry | aucune donnée
2026-10-02 15:47:50,298 | ERROR | 2010 | ITP-00648_entry | échec : 404 Client Error: Not Found for url: https://transparency.entsog.eu/api/v1/operationaldatas?indicator=Physical+Flow&pointDirection=be-tso-0001itp-00648entry&from=2010-01-01&to=2010-12-31&periodType=hour&timezone=CET&limit=-1
2026-10-02 15:47:50,694 | WARNING | 2010 | LNG-00005_entry | aucune donnée
2026-10-02 15:47:50,695 | ERROR | 2010 | LNG-00005_entry | échec : 404 Client Error: Not Found for url: https://transparency.entsog.eu/api/v1/operationaldatas?indicator=Physical+Flow&pointDirection=be-tso-0001lng-00005entry&from=2010-01-01&to=2010-12-31&periodType=hour&timezone=CET&limit=-1
2026-10-02 15:47:51,105 | WARNING | 2010 | LNG-00017_entry | aucune donnée
2026-10-02 15:47:51,106 | ERROR | 2010 | LNG-00017_entry | échec : 404 Client Error: Not Found for url: https://transparency.entsog.eu/api/v1/operationaldatas?indicator=Physical+Flow&pointDirection=be-tso-0001lng-00017entry&from=2010-01-01&to=2010-12-31&periodType=hour&timezone=CET&limit=-1
2026-10-02 15:47:51,500 | WARNING | 2010 | UGS-00002_entry | aucune donnée
2026-10-02 15:47:51,501 | ERROR | 2010 | UGS-00002_entry | échec : 404 Client Error: Not Found for url: https://transparency.entsog.eu/api/v1/operationaldatas?indicator=Physical+Flow&pointDirection=be-tso-0001ugs-00002entry&from=2010-01-01&to=2010-12-31&periodType=hour&timezone=CET&limit=-1
2026-10-02 15:47:51,964 | WARNING | 2010 | VTP-00029_entry | aucune donnée
2026-10-02 15:47:51,965 | ERROR | 2010 | VTP-00029_entry | échec : 404 Client Error: Not Found for url: https://transparency.entsog.eu/api/v1/operationaldatas?indicator=Physical+Flow&pointDirection=be-tso-0001vtp-00029entry&from=2010-01-01&to=2010-12-31&periodType=hour&timezone=CET&limit=-1
2026-10-02 15:47:52,376 | WARNING | 2010 | DIS-00191_exit | aucune donnée
2026-10-02 15:47:52,377 | ERROR | 2010 | DIS-00191_exit | échec : 404 Client Error: Not Found for url: https://transparency.entsog.eu/api/v1/operationaldatas?indicator=Physical+Flow&pointDirection=be-tso-0001dis-00191exit&from=2010-01-01&to=2010-12-31&periodType=hour&timezone=CET&limit=-1
2026-10-02 15:47:52,777 | WARNING | 2010 | DIS-00192_exit | aucune donnée
2026-10-02 15:47:52,778 | ERROR | 2010 | DIS-00192_exit | échec : 404 Client Error: Not Found for url: https://transparency.entsog.eu/api/v1/operationaldatas?indicator=Physical+Flow&pointDirection=be-tso-0001dis-00192exit&from=2010-01-01&to=2010-12-31&periodType=hour&timezone=CET&limit=-1
2026-10-02 15:47:53,194 | WARNING | 2010 | FNC-00033_exit | aucune donnée
2026-10-02 15:47:53,196 | ERROR | 2010 | FNC-00033_exit | échec : 404 Client Error: Not Found for url: https://transparency.entsog.eu/api/v1/operationaldatas?indicator=Physical+Flow&pointDirection=be-tso-0001fnc-00033exit&from=2010-01-01&to=2010-12-31&periodType=hour&timezone=CET&limit=-1
2026-10-02 15:47:53,620 | WARNING | 2010 | FNC-00034_exit | aucune donnée
2026-10-02 15:47:53,621 | ERROR | 2010 | FNC-00034_exit | échec : 404 Client Error: Not Found for url: https://transparency.entsog.eu/api/v1/operationaldatas?indicator=Physical+Flow&pointDirection=be-tso-0001fnc-00034exit&from=2010-01-01&to=2010-12-31&periodType=hour&timezone=CET&limit=-1
2026-10-02 15:47:54,034 | WARNING | 2010 | FNC-00035_exit | aucune donnée
2026-10-02 15:47:54,034 | ERROR | 2010 | FNC-00035_exit | échec : 404 Client Error: Not Found for url: https://transparency.entsog.eu/api/v1/operationaldatas?indicator=Physical+Flow&pointDirection=be-tso-0001fnc-00035exit&from=2010-01-01&to=2010-12-31&periodType=hour&timezone=CET&limit=-1
2026-10-02 15:47:54,449 | WARNING | 2010 | ITP-00038_exit | aucune donnée
2026-10-02 15:47:54,450 | ERROR | 2010 | ITP-00038_exit | échec : 404 Client Error: Not Found for url: https://transparency.entsog.eu/api/v1/operationaldatas?indicator=Physical+Flow&pointDirection=be-tso-0001itp-00038exit&from=2010-01-01&to=2010-12-31&periodType=hour&timezone=CET&limit=-1
2026-10-02 15:47:54,862 | WARNING | 2010 | ITP-00061_exit | aucune donnée
2026-10-02 15:47:54,862 | ERROR | 2010 | ITP-00061_exit | échec : 404 Client Error: Not Found for url: https://transparency.entsog.eu/api/v1/operationaldatas?indicator=Physical+Flow&pointDirection=be-tso-0001itp-00061exit&from=2010-01-01&to=2010-12-31&periodType=hour&timezone=CET&limit=-1
2026-10-02 15:47:55,258 | WARNING | 2010 | ITP-00088_exit | aucune donnée
2026-10-02 15:47:55,259 | ERROR | 2010 | ITP-00088_exit | échec : 404 Client Error: Not Found for url: https://transparency.entsog.eu/api/v1/operationaldatas?indicator=Physical+Flow&pointDirection=be-tso-0001itp-00088exit&from=2010-01-01&to=2010-12-31&periodType=hour&timezone=CET&limit=-1
2026-10-02 15:47:55,715 | WARNING | 2010 | ITP-00101_exit | aucune donnée
2026-10-02 15:47:55,716 | ERROR | 2010 | ITP-00101_exit | échec : 404 Client Error: Not Found for url: https://transparency.entsog.eu/api/v1/operationaldatas?indicator=Physical+Flow&pointDirection=be-tso-0001itp-00101exit&from=2010-01-01&to=2010-12-31&periodType=hour&timezone=CET&limit=-1
2026-10-02 15:47:56,113 | WARNING | 2010 | ITP-00106_exit | aucune donnée
2026-10-02 15:47:56,113 | ERROR | 2010 | ITP-00106_exit | échec : 404 Client Error: Not Found for url: https://transparency.entsog.eu/api/v1/operationaldatas?indicator=Physical+Flow&pointDirection=be-tso-0001itp-00106exit&from=2010-01-01&to=2010-12-31&periodType=hour&timezone=CET&limit=-1
2026-10-02 15:47:56,512 | WARNING | 2010 | ITP-00110_exit | aucune donnée
2026-10-02 15:47:56,513 | ERROR | 2010 | ITP-00110_exit | échec : 404 Client Error: Not Found for url: https://transparency.entsog.eu/api/v1/operationaldatas?indicator=Physical+Flow&pointDirection=be-tso-0001itp-00110exit&from=2010-01-01&to=2010-12-31&periodType=hour&timezone=CET&limit=-1
2026-10-02 15:47:56,932 | WARNING | 2010 | ITP-00112_exit | aucune donnée
2026-10-02 15:47:56,933 | ERROR | 2010 | ITP-00112_exit | échec : 404 Client Error: Not Found for url: https://transparency.entsog.eu/api/v1/operationaldatas?indicator=Physical+Flow&pointDirection=be-tso-0001itp-00112exit&from=2010-01-01&to=2010-12-31&periodType=hour&timezone=CET&limit=-1
2026-10-02 15:47:57,329 | WARNING | 2010 | ITP-00113_exit | aucune donnée
2026-10-02 15:47:57,331 | ERROR | 2010 | ITP-00113_exit | échec : 404 Client Error: Not Found for url: https://transparency.entsog.eu/api/v1/operationaldatas?indicator=Physical+Flow&pointDirection=be-tso-0001itp-00113exit&from=2010-01-01&to=2010-12-31&periodType=hour&timezone=CET&limit=-1
2026-10-02 15:47:57,744 | WARNING | 2010 | ITP-00114_exit | aucune donnée
2026-10-02 15:47:57,745 | ERROR | 2010 | ITP-00114_exit | échec : 404 Client Error: Not Found for url: https://transparency.entsog.eu/api/v1/operationaldatas?indicator=Physical+Flow&pointDirection=be-tso-0001itp-00114exit&from=2010-01-01&to=2010-12-31&periodType=hour&timezone=CET&limit=-1
2026-10-02 15:47:58,140 | WARNING | 2010 | ITP-00115_exit | aucune donnée
2026-10-02 15:47:58,141 | ERROR | 2010 | ITP-00115_exit | échec : 404 Client Error: Not Found for url: https://transparency.entsog.eu/api/v1/operationaldatas?indicator=Physical+Flow&pointDirection=be-tso-0001itp-00115exit&from=2010-01-01&to=2010-12-31&periodType=hour&timezone=CET&limit=-1
2026-10-02 15:47:58,551 | WARNING | 2010 | ITP-00147_exit | aucune donnée
2026-10-02 15:47:58,552 | ERROR | 2010 | ITP-00147_exit | échec : 404 Client Error: Not Found for url: https://transparency.entsog.eu/api/v1/operationaldatas?indicator=Physical+Flow&pointDirection=be-tso-0001itp-00147exit&from=2010-01-01&to=2010-12-31&periodType=hour&timezone=CET&limit=-1
2026-10-02 15:47:58,948 | WARNING | 2010 | ITP-00159_exit | aucune donnée
2026-10-02 15:47:58,949 | ERROR | 2010 | ITP-00159_exit | échec : 404 Client Error: Not Found for url: https://transparency.entsog.eu/api/v1/operationaldatas?indicator=Physical+Flow&pointDirection=be-tso-0001itp-00159exit&from=2010-01-01&to=2010-12-31&periodType=hour&timezone=CET&limit=-1
2026-10-02 15:47:59,379 | WARNING | 2010 | ITP-00159_exit | aucune donnée
2026-10-02 15:47:59,380 | ERROR | 2010 | ITP-00159_exit | échec : 404 Client Error: Not Found for url: https://transparency.entsog.eu/api/v1/operationaldatas?indicator=Physical+Flow&pointDirection=be-tso-0001itp-00159exit&from=2010-01-01&to=2010-12-31&periodType=hour&timezone=CET&limit=-1
2026-10-02 15:47:59,778 | WARNING | 2010 | ITP-00258_exit | aucune donnée
2026-10-02 15:47:59,779 | ERROR | 2010 | ITP-00258_exit | échec : 404 Client Error: Not Found for url: https://transparency.entsog.eu/api/v1/operationaldatas?indicator=Physical+Flow&pointDirection=be-tso-0001itp-00258exit&from=2010-01-01&to=2010-12-31&periodType=hour&timezone=CET&limit=-1
2026-10-02 15:48:00,193 | WARNING | 2010 | ITP-00289_exit | aucune donnée
2026-10-02 15:48:00,194 | ERROR | 2010 | ITP-00289_exit | échec : 404 Client Error: Not Found for url: https://transparency.entsog.eu/api/v1/operationaldatas?indicator=Physical+Flow&pointDirection=be-tso-0001itp-00289exit&from=2010-01-01&to=2010-12-31&periodType=hour&timezone=CET&limit=-1
2026-10-02 15:48:00,617 | WARNING | 2010 | ITP-00290_exit | aucune donnée
2026-10-02 15:48:00,618 | ERROR | 2010 | ITP-00290_exit | échec : 404 Client Error: Not Found for url: https://transparency.entsog.eu/api/v1/operationaldatas?indicator=Physical+Flow&pointDirection=be-tso-0001itp-00290exit&from=2010-01-01&to=2010-12-31&periodType=hour&timezone=CET&limit=-1
2026-10-02 15:48:01,013 | WARNING | 2010 | ITP-00519_exit | aucune donnée
2026-10-02 15:48:01,014 | ERROR | 2010 | ITP-00519_exit | échec : 404 Client Error: Not Found for url: https://transparency.entsog.eu/api/v1/operationaldatas?indicator=Physical+Flow&pointDirection=be-tso-0001itp-00519exit&from=2010-01-01&to=2010-12-31&periodType=hour&timezone=CET&limit=-1
2026-10-02 15:48:01,408 | WARNING | 2010 | ITP-00526_exit | aucune donnée
2026-10-02 15:48:01,409 | ERROR | 2010 | ITP-00526_exit | échec : 404 Client Error: Not Found for url: https://transparency.entsog.eu/api/v1/operationaldatas?indicator=Physical+Flow&pointDirection=be-tso-0001itp-00526exit&from=2010-01-01&to=2010-12-31&periodType=hour&timezone=CET&limit=-1
2026-10-02 15:48:01,836 | WARNING | 2010 | ITP-00542_exit | aucune donnée
2026-10-02 15:48:01,837 | ERROR | 2010 | ITP-00542_exit | échec : 404 Client Error: Not Found for url: https://transparency.entsog.eu/api/v1/operationaldatas?indicator=Physical+Flow&pointDirection=be-tso-0001itp-00542exit&from=2010-01-01&to=2010-12-31&periodType=hour&timezone=CET&limit=-1
2026-10-02 15:48:02,253 | WARNING | 2010 | ITP-00555_exit | aucune donnée
2026-10-02 15:48:02,254 | ERROR | 2010 | ITP-00555_exit | échec : 404 Client Error: Not Found for url: https://transparency.entsog.eu/api/v1/operationaldatas?indicator=Physical+Flow&pointDirection=be-tso-0001itp-00555exit&from=2010-01-01&to=2010-12-31&periodType=hour&timezone=CET&limit=-1
2026-10-02 15:48:02,650 | WARNING | 2010 | ITP-00614_exit | aucune donnée
2026-10-02 15:48:02,651 | ERROR | 2010 | ITP-00614_exit | échec : 404 Client Error: Not Found for url: https://transparency.entsog.eu/api/v1/operationaldatas?indicator=Physical+Flow&pointDirection=be-tso-0001itp-00614exit&from=2010-01-01&to=2010-12-31&periodType=hour&timezone=CET&limit=-1
2026-10-02 15:48:03,062 | WARNING | 2010 | ITP-00648_exit | aucune donnée
2026-10-02 15:48:03,063 | ERROR | 2010 | ITP-00648_exit | échec : 404 Client Error: Not Found for url: https://transparency.entsog.eu/api/v1/operationaldatas?indicator=Physical+Flow&pointDirection=be-tso-0001itp-00648exit&from=2010-01-01&to=2010-12-31&periodType=hour&timezone=CET&limit=-1
2026-10-02 15:48:03,461 | WARNING | 2010 | LNG-00005_exit | aucune donnée
2026-10-02 15:48:03,462 | ERROR | 2010 | LNG-00005_exit | échec : 404 Client Error: Not Found for url: https://transparency.entsog.eu/api/v1/operationaldatas?indicator=Physical+Flow&pointDirection=be-tso-0001lng-00005exit&from=2010-01-01&to=2010-12-31&periodType=hour&timezone=CET&limit=-1
2026-10-02 15:48:03,876 | WARNING | 2010 | LNG-00017_exit | aucune donnée
2026-10-02 15:48:03,877 | ERROR | 2010 | LNG-00017_exit | échec : 404 Client Error: Not Found for url: https://transparency.entsog.eu/api/v1/operationaldatas?indicator=Physical+Flow&pointDirection=be-tso-0001lng-00017exit&from=2010-01-01&to=2010-12-31&periodType=hour&timezone=CET&limit=-1
2026-10-02 15:48:04,297 | WARNING | 2010 | UGS-00002_exit | aucune donnée
2026-10-02 15:48:04,298 | ERROR | 2010 | UGS-00002_exit | échec : 404 Client Error: Not Found for url: https://transparency.entsog.eu/api/v1/operationaldatas?indicator=Physical+Flow&pointDirection=be-tso-0001ugs-00002exit&from=2010-01-01&to=2010-12-31&periodType=hour&timezone=CET&limit=-1
2026-10-02 15:48:04,706 | WARNING | 2010 | VTP-00029_exit | aucune donnée
2026-10-02 15:48:04,707 | ERROR | 2010 | VTP-00029_exit | échec : 404 Client Error: Not Found for url: https://transparency.entsog.eu/api/v1/operationaldatas?indicator=Physical+Flow&pointDirection=be-tso-0001vtp-00029exit&from=2010-01-01&to=2010-12-31&periodType=hour&timezone=CET&limit=-1
2026-10-02 15:48:05,112 | WARNING | 2011 | DIS-00191_entry | aucune donnée
2026-10-02 15:48:05,113 | ERROR | 2011 | DIS-00191_entry | échec : 404 Client Error: Not Found for url: https://transparency.entsog.eu/api/v1/operationaldatas?indicator=Physical+Flow&pointDirection=be-tso-0001dis-00191entry&from=2011-01-01&to=2011-12-31&periodType=hour&timezone=CET&limit=-1
2026-10-02 15:48:05,533 | WARNING | 2011 | DIS-00192_entry | aucune donnée
2026-10-02 15:48:05,534 | ERROR | 2011 | DIS-00192_entry | échec : 404 Client Error: Not Found for url: https://transparency.entsog.eu/api/v1/operationaldatas?indicator=Physical+Flow&pointDirection=be-tso-0001dis-00192entry&from=2011-01-01&to=2011-12-31&periodType=hour&timezone=CET&limit=-1
2026-10-02 15:48:05,935 | WARNING | 2011 | FNC-00033_entry | aucune donnée
2026-10-02 15:48:05,936 | ERROR | 2011 | FNC-00033_entry | échec : 404 Client Error: Not Found for url: https://transparency.entsog.eu/api/v1/operationaldatas?indicator=Physical+Flow&pointDirection=be-tso-0001fnc-00033entry&from=2011-01-01&to=2011-12-31&periodType=hour&timezone=CET&limit=-1
2026-10-02 15:48:06,354 | WARNING | 2011 | FNC-00034_entry | aucune donnée
2026-10-02 15:48:06,355 | ERROR | 2011 | FNC-00034_entry | échec : 404 Client Error: Not Found for url: https://transparency.entsog.eu/api/v1/operationaldatas?indicator=Physical+Flow&pointDirection=be-tso-0001fnc-00034entry&from=2011-01-01&to=2011-12-31&periodType=hour&timezone=CET&limit=-1
2026-10-02 15:48:06,787 | WARNING | 2011 | FNC-00035_entry | aucune donnée
2026-10-02 15:48:06,788 | ERROR | 2011 | FNC-00035_entry | échec : 404 Client Error: Not Found for url: https://transparency.entsog.eu/api/v1/operationaldatas?indicator=Physical+Flow&pointDirection=be-tso-0001fnc-00035entry&from=2011-01-01&to=2011-12-31&periodType=hour&timezone=CET&limit=-1
2026-10-02 15:48:07,189 | WARNING | 2011 | ITP-00038_entry | aucune donnée
2026-10-02 15:48:07,190 | ERROR | 2011 | ITP-00038_entry | échec : 404 Client Error: Not Found for url: https://transparency.entsog.eu/api/v1/operationaldatas?indicator=Physical+Flow&pointDirection=be-tso-0001itp-00038entry&from=2011-01-01&to=2011-12-31&periodType=hour&timezone=CET&limit=-1
2026-10-02 15:48:07,626 | WARNING | 2011 | ITP-00061_entry | aucune donnée
2026-10-02 15:48:07,627 | ERROR | 2011 | ITP-00061_entry | échec : 404 Client Error: Not Found for url: https://transparency.entsog.eu/api/v1/operationaldatas?indicator=Physical+Flow&pointDirection=be-tso-0001itp-00061entry&from=2011-01-01&to=2011-12-31&periodType=hour&timezone=CET&limit=-1
2026-10-02 15:48:08,031 | WARNING | 2011 | ITP-00088_entry | aucune donnée
2026-10-02 15:48:08,032 | ERROR | 2011 | ITP-00088_entry | échec : 404 Client Error: Not Found for url: https://transparency.entsog.eu/api/v1/operationaldatas?indicator=Physical+Flow&pointDirection=be-tso-0001itp-00088entry&from=2011-01-01&to=2011-12-31&periodType=hour&timezone=CET&limit=-1
2026-10-02 15:48:08,436 | WARNING | 2011 | ITP-00101_entry | aucune donnée
2026-10-02 15:48:08,437 | ERROR | 2011 | ITP-00101_entry | échec : 404 Client Error: Not Found for url: https://transparency.entsog.eu/api/v1/operationaldatas?indicator=Physical+Flow&pointDirection=be-tso-0001itp-00101entry&from=2011-01-01&to=2011-12-31&periodType=hour&timezone=CET&limit=-1
2026-10-02 15:48:08,846 | WARNING | 2011 | ITP-00106_entry | aucune donnée
2026-10-02 15:48:08,846 | ERROR | 2011 | ITP-00106_entry | échec : 404 Client Error: Not Found for url: https://transparency.entsog.eu/api/v1/operationaldatas?indicator=Physical+Flow&pointDirection=be-tso-0001itp-00106entry&from=2011-01-01&to=2011-12-31&periodType=hour&timezone=CET&limit=-1
2026-10-02 15:48:09,255 | WARNING | 2011 | ITP-00110_entry | aucune donnée
2026-10-02 15:48:09,257 | ERROR | 2011 | ITP-00110_entry | échec : 404 Client Error: Not Found for url: https://transparency.entsog.eu/api/v1/operationaldatas?indicator=Physical+Flow&pointDirection=be-tso-0001itp-00110entry&from=2011-01-01&to=2011-12-31&periodType=hour&timezone=CET&limit=-1
2026-10-02 15:48:09,663 | WARNING | 2011 | ITP-00112_entry | aucune donnée
2026-10-02 15:48:09,664 | ERROR | 2011 | ITP-00112_entry | échec : 404 Client Error: Not Found for url: https://transparency.entsog.eu/api/v1/operationaldatas?indicator=Physical+Flow&pointDirection=be-tso-0001itp-00112entry&from=2011-01-01&to=2011-12-31&periodType=hour&timezone=CET&limit=-1
2026-10-02 15:48:10,079 | WARNING | 2011 | ITP-00113_entry | aucune donnée
2026-10-02 15:48:10,080 | ERROR | 2011 | ITP-00113_entry | échec : 404 Client Error: Not Found for url: https://transparency.entsog.eu/api/v1/operationaldatas?indicator=Physical+Flow&pointDirection=be-tso-0001itp-00113entry&from=2011-01-01&to=2011-12-31&periodType=hour&timezone=CET&limit=-1
2026-10-02 15:48:10,482 | WARNING | 2011 | ITP-00114_entry | aucune donnée
2026-10-02 15:48:10,483 | ERROR | 2011 | ITP-00114_entry | échec : 404 Client Error: Not Found for url: https://transparency.entsog.eu/api/v1/operationaldatas?indicator=Physical+Flow&pointDirection=be-tso-0001itp-00114entry&from=2011-01-01&to=2011-12-31&periodType=hour&timezone=CET&limit=-1
2026-10-02 15:48:10,885 | WARNING | 2011 | ITP-00115_entry | aucune donnée
2026-10-02 15:48:10,886 | ERROR | 2011 | ITP-00115_entry | échec : 404 Client Error: Not Found for url: https://transparency.entsog.eu/api/v1/operationaldatas?indicator=Physical+Flow&pointDirection=be-tso-0001itp-00115entry&from=2011-01-01&to=2011-12-31&periodType=hour&timezone=CET&limit=-1
2026-10-02 15:48:11,287 | WARNING | 2011 | ITP-00147_entry | aucune donnée
2026-10-02 15:48:11,289 | ERROR | 2011 | ITP-00147_entry | échec : 404 Client Error: Not Found for url: https://transparency.entsog.eu/api/v1/operationaldatas?indicator=Physical+Flow&pointDirection=be-tso-0001itp-00147entry&from=2011-01-01&to=2011-12-31&periodType=hour&timezone=CET&limit=-1
2026-10-02 15:48:11,751 | WARNING | 2011 | ITP-00258_entry | aucune donnée
2026-10-02 15:48:11,751 | ERROR | 2011 | ITP-00258_entry | échec : 404 Client Error: Not Found for url: https://transparency.entsog.eu/api/v1/operationaldatas?indicator=Physical+Flow&pointDirection=be-tso-0001itp-00258entry&from=2011-01-01&to=2011-12-31&periodType=hour&timezone=CET&limit=-1
2026-10-02 15:48:12,145 | WARNING | 2011 | ITP-00289_entry | aucune donnée
2026-10-02 15:48:12,146 | ERROR | 2011 | ITP-00289_entry | échec : 404 Client Error: Not Found for url: https://transparency.entsog.eu/api/v1/operationaldatas?indicator=Physical+Flow&pointDirection=be-tso-0001itp-00289entry&from=2011-01-01&to=2011-12-31&periodType=hour&timezone=CET&limit=-1
2026-10-02 15:48:12,543 | WARNING | 2011 | ITP-00290_entry | aucune donnée
2026-10-02 15:48:12,544 | ERROR | 2011 | ITP-00290_entry | échec : 404 Client Error: Not Found for url: https://transparency.entsog.eu/api/v1/operationaldatas?indicator=Physical+Flow&pointDirection=be-tso-0001itp-00290entry&from=2011-01-01&to=2011-12-31&periodType=hour&timezone=CET&limit=-1
2026-10-02 15:48:12,968 | WARNING | 2011 | ITP-00519_entry | aucune donnée
2026-10-02 15:48:12,969 | ERROR | 2011 | ITP-00519_entry | échec : 404 Client Error: Not Found for url: https://transparency.entsog.eu/api/v1/operationaldatas?indicator=Physical+Flow&pointDirection=be-tso-0001itp-00519entry&from=2011-01-01&to=2011-12-31&periodType=hour&timezone=CET&limit=-1
2026-10-02 15:48:13,394 | WARNING | 2011 | ITP-00526_entry | aucune donnée
2026-10-02 15:48:13,395 | ERROR | 2011 | ITP-00526_entry | échec : 404 Client Error: Not Found for url: https://transparency.entsog.eu/api/v1/operationaldatas?indicator=Physical+Flow&pointDirection=be-tso-0001itp-00526entry&from=2011-01-01&to=2011-12-31&periodType=hour&timezone=CET&limit=-1
2026-10-02 15:48:13,817 | WARNING | 2011 | ITP-00542_entry | aucune donnée
2026-10-02 15:48:13,818 | ERROR | 2011 | ITP-00542_entry | échec : 404 Client Error: Not Found for url: https://transparency.entsog.eu/api/v1/operationaldatas?indicator=Physical+Flow&pointDirection=be-tso-0001itp-00542entry&from=2011-01-01&to=2011-12-31&periodType=hour&timezone=CET&limit=-1
2026-10-02 15:48:14,276 | WARNING | 2011 | ITP-00555_entry | aucune donnée
2026-10-02 15:48:14,277 | ERROR | 2011 | ITP-00555_entry | échec : 404 Client Error: Not Found for url: https://transparency.entsog.eu/api/v1/operationaldatas?indicator=Physical+Flow&pointDirection=be-tso-0001itp-00555entry&from=2011-01-01&to=2011-12-31&periodType=hour&timezone=CET&limit=-1
2026-10-02 15:48:15,206 | WARNING | 2011 | ITP-00614_entry | aucune donnée
2026-10-02 15:48:15,207 | ERROR | 2011 | ITP-00614_entry | échec : 404 Client Error: Not Found for url: https://transparency.entsog.eu/api/v1/operationaldatas?indicator=Physical+Flow&pointDirection=be-tso-0001itp-00614entry&from=2011-01-01&to=2011-12-31&periodType=hour&timezone=CET&limit=-1
2026-10-02 15:48:15,628 | WARNING | 2011 | ITP-00648_entry | aucune donnée
2026-10-02 15:48:15,630 | ERROR | 2011 | ITP-00648_entry | échec : 404 Client Error: Not Found for url: https://transparency.entsog.eu/api/v1/operationaldatas?indicator=Physical+Flow&pointDirection=be-tso-0001itp-00648entry&from=2011-01-01&to=2011-12-31&periodType=hour&timezone=CET&limit=-1
2026-10-02 15:48:16,026 | WARNING | 2011 | LNG-00005_entry | aucune donnée
2026-10-02 15:48:16,027 | ERROR | 2011 | LNG-00005_entry | échec : 404 Client Error: Not Found for url: https://transparency.entsog.eu/api/v1/operationaldatas?indicator=Physical+Flow&pointDirection=be-tso-0001lng-00005entry&from=2011-01-01&to=2011-12-31&periodType=hour&timezone=CET&limit=-1
2026-10-02 15:48:16,443 | WARNING | 2011 | LNG-00017_entry | aucune donnée
2026-10-02 15:48:16,444 | ERROR | 2011 | LNG-00017_entry | échec : 404 Client Error: Not Found for url: https://transparency.entsog.eu/api/v1/operationaldatas?indicator=Physical+Flow&pointDirection=be-tso-0001lng-00017entry&from=2011-01-01&to=2011-12-31&periodType=hour&timezone=CET&limit=-1
2026-10-02 15:48:16,857 | WARNING | 2011 | UGS-00002_entry | aucune donnée
2026-10-02 15:48:16,859 | ERROR | 2011 | UGS-00002_entry | échec : 404 Client Error: Not Found for url: https://transparency.entsog.eu/api/v1/operationaldatas?indicator=Physical+Flow&pointDirection=be-tso-0001ugs-00002entry&from=2011-01-01&to=2011-12-31&periodType=hour&timezone=CET&limit=-1
2026-10-02 15:48:17,253 | WARNING | 2011 | VTP-00029_entry | aucune donnée
2026-10-02 15:48:17,254 | ERROR | 2011 | VTP-00029_entry | échec : 404 Client Error: Not Found for url: https://transparency.entsog.eu/api/v1/operationaldatas?indicator=Physical+Flow&pointDirection=be-tso-0001vtp-00029entry&from=2011-01-01&to=2011-12-31&periodType=hour&timezone=CET&limit=-1
2026-10-02 15:48:17,674 | WARNING | 2011 | DIS-00191_exit | aucune donnée
2026-10-02 15:48:17,675 | ERROR | 2011 | DIS-00191_exit | échec : 404 Client Error: Not Found for url: https://transparency.entsog.eu/api/v1/operationaldatas?indicator=Physical+Flow&pointDirection=be-tso-0001dis-00191exit&from=2011-01-01&to=2011-12-31&periodType=hour&timezone=CET&limit=-1
2026-10-02 15:48:18,123 | WARNING | 2011 | DIS-00192_exit | aucune donnée
2026-10-02 15:48:18,124 | ERROR | 2011 | DIS-00192_exit | échec : 404 Client Error: Not Found for url: https://transparency.entsog.eu/api/v1/operationaldatas?indicator=Physical+Flow&pointDirection=be-tso-0001dis-00192exit&from=2011-01-01&to=2011-12-31&periodType=hour&timezone=CET&limit=-1
2026-10-02 15:48:18,538 | WARNING | 2011 | FNC-00033_exit | aucune donnée
2026-10-02 15:48:18,539 | ERROR | 2011 | FNC-00033_exit | échec : 404 Client Error: Not Found for url: https://transparency.entsog.eu/api/v1/operationaldatas?indicator=Physical+Flow&pointDirection=be-tso-0001fnc-00033exit&from=2011-01-01&to=2011-12-31&periodType=hour&timezone=CET&limit=-1
2026-10-02 15:48:18,951 | WARNING | 2011 | FNC-00034_exit | aucune donnée
2026-10-02 15:48:18,952 | ERROR | 2011 | FNC-00034_exit | échec : 404 Client Error: Not Found for url: https://transparency.entsog.eu/api/v1/operationaldatas?indicator=Physical+Flow&pointDirection=be-tso-0001fnc-00034exit&from=2011-01-01&to=2011-12-31&periodType=hour&timezone=CET&limit=-1
2026-10-02 15:48:19,373 | WARNING | 2011 | FNC-00035_exit | aucune donnée
2026-10-02 15:48:19,375 | ERROR | 2011 | FNC-00035_exit | échec : 404 Client Error: Not Found for url: https://transparency.entsog.eu/api/v1/operationaldatas?indicator=Physical+Flow&pointDirection=be-tso-0001fnc-00035exit&from=2011-01-01&to=2011-12-31&periodType=hour&timezone=CET&limit=-1
2026-10-02 15:48:19,788 | WARNING | 2011 | ITP-00038_exit | aucune donnée
2026-10-02 15:48:19,789 | ERROR | 2011 | ITP-00038_exit | échec : 404 Client Error: Not Found for url: https://transparency.entsog.eu/api/v1/operationaldatas?indicator=Physical+Flow&pointDirection=be-tso-0001itp-00038exit&from=2011-01-01&to=2011-12-31&periodType=hour&timezone=CET&limit=-1
2026-10-02 15:48:20,201 | WARNING | 2011 | ITP-00061_exit | aucune donnée
2026-10-02 15:48:20,203 | ERROR | 2011 | ITP-00061_exit | échec : 404 Client Error: Not Found for url: https://transparency.entsog.eu/api/v1/operationaldatas?indicator=Physical+Flow&pointDirection=be-tso-0001itp-00061exit&from=2011-01-01&to=2011-12-31&periodType=hour&timezone=CET&limit=-1
2026-10-02 15:48:20,616 | WARNING | 2011 | ITP-00088_exit | aucune donnée
2026-10-02 15:48:20,617 | ERROR | 2011 | ITP-00088_exit | échec : 404 Client Error: Not Found for url: https://transparency.entsog.eu/api/v1/operationaldatas?indicator=Physical+Flow&pointDirection=be-tso-0001itp-00088exit&from=2011-01-01&to=2011-12-31&periodType=hour&timezone=CET&limit=-1
2026-10-02 15:48:21,030 | WARNING | 2011 | ITP-00101_exit | aucune donnée
2026-10-02 15:48:21,031 | ERROR | 2011 | ITP-00101_exit | échec : 404 Client Error: Not Found for url: https://transparency.entsog.eu/api/v1/operationaldatas?indicator=Physical+Flow&pointDirection=be-tso-0001itp-00101exit&from=2011-01-01&to=2011-12-31&periodType=hour&timezone=CET&limit=-1
2026-10-02 15:48:21,451 | WARNING | 2011 | ITP-00106_exit | aucune donnée
2026-10-02 15:48:21,452 | ERROR | 2011 | ITP-00106_exit | échec : 404 Client Error: Not Found for url: https://transparency.entsog.eu/api/v1/operationaldatas?indicator=Physical+Flow&pointDirection=be-tso-0001itp-00106exit&from=2011-01-01&to=2011-12-31&periodType=hour&timezone=CET&limit=-1
2026-10-02 15:48:21,857 | WARNING | 2011 | ITP-00110_exit | aucune donnée
2026-10-02 15:48:21,858 | ERROR | 2011 | ITP-00110_exit | échec : 404 Client Error: Not Found for url: https://transparency.entsog.eu/api/v1/operationaldatas?indicator=Physical+Flow&pointDirection=be-tso-0001itp-00110exit&from=2011-01-01&to=2011-12-31&periodType=hour&timezone=CET&limit=-1
2026-10-02 15:48:30,736 | WARNING | 2011 | ITP-00112_exit | aucune donnée
2026-10-02 15:48:30,736 | ERROR | 2011 | ITP-00112_exit | échec : 404 Client Error: Not Found for url: https://transparency.entsog.eu/api/v1/operationaldatas?indicator=Physical+Flow&pointDirection=be-tso-0001itp-00112exit&from=2011-01-01&to=2011-12-31&periodType=hour&timezone=CET&limit=-1
2026-10-02 15:48:31,201 | WARNING | 2011 | ITP-00113_exit | aucune donnée
2026-10-02 15:48:31,201 | ERROR | 2011 | ITP-00113_exit | échec : 404 Client Error: Not Found for url: https://transparency.entsog.eu/api/v1/operationaldatas?indicator=Physical+Flow&pointDirection=be-tso-0001itp-00113exit&from=2011-01-01&to=2011-12-31&periodType=hour&timezone=CET&limit=-1
2026-10-02 15:48:31,606 | WARNING | 2011 | ITP-00114_exit | aucune donnée
2026-10-02 15:48:31,607 | ERROR | 2011 | ITP-00114_exit | échec : 404 Client Error: Not Found for url: https://transparency.entsog.eu/api/v1/operationaldatas?indicator=Physical+Flow&pointDirection=be-tso-0001itp-00114exit&from=2011-01-01&to=2011-12-31&periodType=hour&timezone=CET&limit=-1
2026-10-02 15:48:32,014 | WARNING | 2011 | ITP-00115_exit | aucune donnée
2026-10-02 15:48:32,015 | ERROR | 2011 | ITP-00115_exit | échec : 404 Client Error: Not Found for url: https://transparency.entsog.eu/api/v1/operationaldatas?indicator=Physical+Flow&pointDirection=be-tso-0001itp-00115exit&from=2011-01-01&to=2011-12-31&periodType=hour&timezone=CET&limit=-1
2026-10-02 15:48:32,442 | WARNING | 2011 | ITP-00147_exit | aucune donnée
2026-10-02 15:48:32,443 | ERROR | 2011 | ITP-00147_exit | échec : 404 Client Error: Not Found for url: https://transparency.entsog.eu/api/v1/operationaldatas?indicator=Physical+Flow&pointDirection=be-tso-0001itp-00147exit&from=2011-01-01&to=2011-12-31&periodType=hour&timezone=CET&limit=-1
2026-10-02 15:48:32,849 | WARNING | 2011 | ITP-00159_exit | aucune donnée
2026-10-02 15:48:32,850 | ERROR | 2011 | ITP-00159_exit | échec : 404 Client Error: Not Found for url: https://transparency.entsog.eu/api/v1/operationaldatas?indicator=Physical+Flow&pointDirection=be-tso-0001itp-00159exit&from=2011-01-01&to=2011-12-31&periodType=hour&timezone=CET&limit=-1
2026-10-02 15:48:33,243 | WARNING | 2011 | ITP-00159_exit | aucune donnée
2026-10-02 15:48:33,244 | ERROR | 2011 | ITP-00159_exit | échec : 404 Client Error: Not Found for url: https://transparency.entsog.eu/api/v1/operationaldatas?indicator=Physical+Flow&pointDirection=be-tso-0001itp-00159exit&from=2011-01-01&to=2011-12-31&periodType=hour&timezone=CET&limit=-1
2026-10-02 15:48:33,657 | WARNING | 2011 | ITP-00258_exit | aucune donnée
2026-10-02 15:48:33,658 | ERROR | 2011 | ITP-00258_exit | échec : 404 Client Error: Not Found for url: https://transparency.entsog.eu/api/v1/operationaldatas?indicator=Physical+Flow&pointDirection=be-tso-0001itp-00258exit&from=2011-01-01&to=2011-12-31&periodType=hour&timezone=CET&limit=-1
2026-10-02 15:48:34,070 | WARNING | 2011 | ITP-00289_exit | aucune donnée
2026-10-02 15:48:34,071 | ERROR | 2011 | ITP-00289_exit | échec : 404 Client Error: Not Found for url: https://transparency.entsog.eu/api/v1/operationaldatas?indicator=Physical+Flow&pointDirection=be-tso-0001itp-00289exit&from=2011-01-01&to=2011-12-31&periodType=hour&timezone=CET&limit=-1
2026-10-02 15:48:34,470 | WARNING | 2011 | ITP-00290_exit | aucune donnée
2026-10-02 15:48:34,471 | ERROR | 2011 | ITP-00290_exit | échec : 404 Client Error: Not Found for url: https://transparency.entsog.eu/api/v1/operationaldatas?indicator=Physical+Flow&pointDirection=be-tso-0001itp-00290exit&from=2011-01-01&to=2011-12-31&periodType=hour&timezone=CET&limit=-1
2026-10-02 15:48:34,967 | WARNING | 2011 | ITP-00519_exit | aucune donnée
2026-10-02 15:48:34,968 | ERROR | 2011 | ITP-00519_exit | échec : 404 Client Error: Not Found for url: https://transparency.entsog.eu/api/v1/operationaldatas?indicator=Physical+Flow&pointDirection=be-tso-0001itp-00519exit&from=2011-01-01&to=2011-12-31&periodType=hour&timezone=CET&limit=-1
2026-10-02 15:48:35,404 | WARNING | 2011 | ITP-00526_exit | aucune donnée
2026-10-02 15:48:35,405 | ERROR | 2011 | ITP-00526_exit | échec : 404 Client Error: Not Found for url: https://transparency.entsog.eu/api/v1/operationaldatas?indicator=Physical+Flow&pointDirection=be-tso-0001itp-00526exit&from=2011-01-01&to=2011-12-31&periodType=hour&timezone=CET&limit=-1
2026-10-02 15:48:35,818 | WARNING | 2011 | ITP-00542_exit | aucune donnée
2026-10-02 15:48:35,819 | ERROR | 2011 | ITP-00542_exit | échec : 404 Client Error: Not Found for url: https://transparency.entsog.eu/api/v1/operationaldatas?indicator=Physical+Flow&pointDirection=be-tso-0001itp-00542exit&from=2011-01-01&to=2011-12-31&periodType=hour&timezone=CET&limit=-1
2026-10-02 15:48:36,240 | WARNING | 2011 | ITP-00555_exit | aucune donnée
2026-10-02 15:48:36,241 | ERROR | 2011 | ITP-00555_exit | échec : 404 Client Error: Not Found for url: https://transparency.entsog.eu/api/v1/operationaldatas?indicator=Physical+Flow&pointDirection=be-tso-0001itp-00555exit&from=2011-01-01&to=2011-12-31&periodType=hour&timezone=CET&limit=-1
2026-10-02 15:48:36,646 | WARNING | 2011 | ITP-00614_exit | aucune donnée
2026-10-02 15:48:36,647 | ERROR | 2011 | ITP-00614_exit | échec : 404 Client Error: Not Found for url: https://transparency.entsog.eu/api/v1/operationaldatas?indicator=Physical+Flow&pointDirection=be-tso-0001itp-00614exit&from=2011-01-01&to=2011-12-31&periodType=hour&timezone=CET&limit=-1
2026-10-02 15:48:37,071 | WARNING | 2011 | ITP-00648_exit | aucune donnée
2026-10-02 15:48:37,072 | ERROR | 2011 | ITP-00648_exit | échec : 404 Client Error: Not Found for url: https://transparency.entsog.eu/api/v1/operationaldatas?indicator=Physical+Flow&pointDirection=be-tso-0001itp-00648exit&from=2011-01-01&to=2011-12-31&periodType=hour&timezone=CET&limit=-1
2026-10-02 15:48:37,477 | WARNING | 2011 | LNG-00005_exit | aucune donnée
2026-10-02 15:48:37,478 | ERROR | 2011 | LNG-00005_exit | échec : 404 Client Error: Not Found for url: https://transparency.entsog.eu/api/v1/operationaldatas?indicator=Physical+Flow&pointDirection=be-tso-0001lng-00005exit&from=2011-01-01&to=2011-12-31&periodType=hour&timezone=CET&limit=-1
2026-10-02 15:48:37,902 | WARNING | 2011 | LNG-00017_exit | aucune donnée
2026-10-02 15:48:37,903 | ERROR | 2011 | LNG-00017_exit | échec : 404 Client Error: Not Found for url: https://transparency.entsog.eu/api/v1/operationaldatas?indicator=Physical+Flow&pointDirection=be-tso-0001lng-00017exit&from=2011-01-01&to=2011-12-31&periodType=hour&timezone=CET&limit=-1
2026-10-02 15:48:39,173 | WARNING | 2011 | UGS-00002_exit | aucune donnée
2026-10-02 15:48:39,174 | ERROR | 2011 | UGS-00002_exit | échec : 404 Client Error: Not Found for url: https://transparency.entsog.eu/api/v1/operationaldatas?indicator=Physical+Flow&pointDirection=be-tso-0001ugs-00002exit&from=2011-01-01&to=2011-12-31&periodType=hour&timezone=CET&limit=-1
2026-10-02 15:48:39,566 | WARNING | 2011 | VTP-00029_exit | aucune donnée
2026-10-02 15:48:39,567 | ERROR | 2011 | VTP-00029_exit | échec : 404 Client Error: Not Found for url: https://transparency.entsog.eu/api/v1/operationaldatas?indicator=Physical+Flow&pointDirection=be-tso-0001vtp-00029exit&from=2011-01-01&to=2011-12-31&periodType=hour&timezone=CET&limit=-1
2026-10-02 15:48:39,996 | WARNING | 2012 | DIS-00191_entry | aucune donnée
2026-10-02 15:48:39,997 | ERROR | 2012 | DIS-00191_entry | échec : 404 Client Error: Not Found for url: https://transparency.entsog.eu/api/v1/operationaldatas?indicator=Physical+Flow&pointDirection=be-tso-0001dis-00191entry&from=2012-01-01&to=2012-12-31&periodType=hour&timezone=CET&limit=-1
2026-10-02 15:48:40,416 | WARNING | 2012 | DIS-00192_entry | aucune donnée
2026-10-02 15:48:40,417 | ERROR | 2012 | DIS-00192_entry | échec : 404 Client Error: Not Found for url: https://transparency.entsog.eu/api/v1/operationaldatas?indicator=Physical+Flow&pointDirection=be-tso-0001dis-00192entry&from=2012-01-01&to=2012-12-31&periodType=hour&timezone=CET&limit=-1
2026-10-02 15:48:40,847 | WARNING | 2012 | FNC-00033_entry | aucune donnée
2026-10-02 15:48:40,848 | ERROR | 2012 | FNC-00033_entry | échec : 404 Client Error: Not Found for url: https://transparency.entsog.eu/api/v1/operationaldatas?indicator=Physical+Flow&pointDirection=be-tso-0001fnc-00033entry&from=2012-01-01&to=2012-12-31&periodType=hour&timezone=CET&limit=-1
2026-10-02 15:48:41,267 | WARNING | 2012 | FNC-00034_entry | aucune donnée
2026-10-02 15:48:41,268 | ERROR | 2012 | FNC-00034_entry | échec : 404 Client Error: Not Found for url: https://transparency.entsog.eu/api/v1/operationaldatas?indicator=Physical+Flow&pointDirection=be-tso-0001fnc-00034entry&from=2012-01-01&to=2012-12-31&periodType=hour&timezone=CET&limit=-1
2026-10-02 15:48:41,688 | WARNING | 2012 | FNC-00035_entry | aucune donnée
2026-10-02 15:48:41,690 | ERROR | 2012 | FNC-00035_entry | échec : 404 Client Error: Not Found for url: https://transparency.entsog.eu/api/v1/operationaldatas?indicator=Physical+Flow&pointDirection=be-tso-0001fnc-00035entry&from=2012-01-01&to=2012-12-31&periodType=hour&timezone=CET&limit=-1
2026-10-02 15:48:42,098 | WARNING | 2012 | ITP-00038_entry | aucune donnée
2026-10-02 15:48:42,099 | ERROR | 2012 | ITP-00038_entry | échec : 404 Client Error: Not Found for url: https://transparency.entsog.eu/api/v1/operationaldatas?indicator=Physical+Flow&pointDirection=be-tso-0001itp-00038entry&from=2012-01-01&to=2012-12-31&periodType=hour&timezone=CET&limit=-1
2026-10-02 15:48:42,496 | WARNING | 2012 | ITP-00061_entry | aucune donnée
2026-10-02 15:48:42,497 | ERROR | 2012 | ITP-00061_entry | échec : 404 Client Error: Not Found for url: https://transparency.entsog.eu/api/v1/operationaldatas?indicator=Physical+Flow&pointDirection=be-tso-0001itp-00061entry&from=2012-01-01&to=2012-12-31&periodType=hour&timezone=CET&limit=-1
2026-10-02 15:48:42,912 | WARNING | 2012 | ITP-00088_entry | aucune donnée
2026-10-02 15:48:42,912 | ERROR | 2012 | ITP-00088_entry | échec : 404 Client Error: Not Found for url: https://transparency.entsog.eu/api/v1/operationaldatas?indicator=Physical+Flow&pointDirection=be-tso-0001itp-00088entry&from=2012-01-01&to=2012-12-31&periodType=hour&timezone=CET&limit=-1
2026-10-02 15:48:43,333 | WARNING | 2012 | ITP-00101_entry | aucune donnée
2026-10-02 15:48:43,334 | ERROR | 2012 | ITP-00101_entry | échec : 404 Client Error: Not Found for url: https://transparency.entsog.eu/api/v1/operationaldatas?indicator=Physical+Flow&pointDirection=be-tso-0001itp-00101entry&from=2012-01-01&to=2012-12-31&periodType=hour&timezone=CET&limit=-1
2026-10-02 15:48:43,727 | WARNING | 2012 | ITP-00106_entry | aucune donnée
2026-10-02 15:48:43,729 | ERROR | 2012 | ITP-00106_entry | échec : 404 Client Error: Not Found for url: https://transparency.entsog.eu/api/v1/operationaldatas?indicator=Physical+Flow&pointDirection=be-tso-0001itp-00106entry&from=2012-01-01&to=2012-12-31&periodType=hour&timezone=CET&limit=-1
2026-10-02 15:48:44,123 | WARNING | 2012 | ITP-00110_entry | aucune donnée
2026-10-02 15:48:44,123 | ERROR | 2012 | ITP-00110_entry | échec : 404 Client Error: Not Found for url: https://transparency.entsog.eu/api/v1/operationaldatas?indicator=Physical+Flow&pointDirection=be-tso-0001itp-00110entry&from=2012-01-01&to=2012-12-31&periodType=hour&timezone=CET&limit=-1
2026-10-02 15:48:44,542 | WARNING | 2012 | ITP-00112_entry | aucune donnée
2026-10-02 15:48:44,543 | ERROR | 2012 | ITP-00112_entry | échec : 404 Client Error: Not Found for url: https://transparency.entsog.eu/api/v1/operationaldatas?indicator=Physical+Flow&pointDirection=be-tso-0001itp-00112entry&from=2012-01-01&to=2012-12-31&periodType=hour&timezone=CET&limit=-1
2026-10-02 15:48:44,957 | WARNING | 2012 | ITP-00113_entry | aucune donnée
2026-10-02 15:48:44,959 | ERROR | 2012 | ITP-00113_entry | échec : 404 Client Error: Not Found for url: https://transparency.entsog.eu/api/v1/operationaldatas?indicator=Physical+Flow&pointDirection=be-tso-0001itp-00113entry&from=2012-01-01&to=2012-12-31&periodType=hour&timezone=CET&limit=-1
2026-10-02 15:48:45,371 | WARNING | 2012 | ITP-00114_entry | aucune donnée
2026-10-02 15:48:45,372 | ERROR | 2012 | ITP-00114_entry | échec : 404 Client Error: Not Found for url: https://transparency.entsog.eu/api/v1/operationaldatas?indicator=Physical+Flow&pointDirection=be-tso-0001itp-00114entry&from=2012-01-01&to=2012-12-31&periodType=hour&timezone=CET&limit=-1
2026-10-02 15:48:45,780 | WARNING | 2012 | ITP-00115_entry | aucune donnée
2026-10-02 15:48:45,781 | ERROR | 2012 | ITP-00115_entry | échec : 404 Client Error: Not Found for url: https://transparency.entsog.eu/api/v1/operationaldatas?indicator=Physical+Flow&pointDirection=be-tso-0001itp-00115entry&from=2012-01-01&to=2012-12-31&periodType=hour&timezone=CET&limit=-1
2026-10-02 15:48:46,187 | WARNING | 2012 | ITP-00147_entry | aucune donnée
2026-10-02 15:48:46,188 | ERROR | 2012 | ITP-00147_entry | échec : 404 Client Error: Not Found for url: https://transparency.entsog.eu/api/v1/operationaldatas?indicator=Physical+Flow&pointDirection=be-tso-0001itp-00147entry&from=2012-01-01&to=2012-12-31&periodType=hour&timezone=CET&limit=-1
2026-10-02 15:48:46,596 | WARNING | 2012 | ITP-00258_entry | aucune donnée
2026-10-02 15:48:46,597 | ERROR | 2012 | ITP-00258_entry | échec : 404 Client Error: Not Found for url: https://transparency.entsog.eu/api/v1/operationaldatas?indicator=Physical+Flow&pointDirection=be-tso-0001itp-00258entry&from=2012-01-01&to=2012-12-31&periodType=hour&timezone=CET&limit=-1
2026-10-02 15:48:47,007 | WARNING | 2012 | ITP-00289_entry | aucune donnée
2026-10-02 15:48:47,008 | ERROR | 2012 | ITP-00289_entry | échec : 404 Client Error: Not Found for url: https://transparency.entsog.eu/api/v1/operationaldatas?indicator=Physical+Flow&pointDirection=be-tso-0001itp-00289entry&from=2012-01-01&to=2012-12-31&periodType=hour&timezone=CET&limit=-1
2026-10-02 15:48:47,409 | WARNING | 2012 | ITP-00290_entry | aucune donnée
2026-10-02 15:48:47,411 | ERROR | 2012 | ITP-00290_entry | échec : 404 Client Error: Not Found for url: https://transparency.entsog.eu/api/v1/operationaldatas?indicator=Physical+Flow&pointDirection=be-tso-0001itp-00290entry&from=2012-01-01&to=2012-12-31&periodType=hour&timezone=CET&limit=-1
2026-10-02 15:48:47,817 | WARNING | 2012 | ITP-00519_entry | aucune donnée
2026-10-02 15:48:47,818 | ERROR | 2012 | ITP-00519_entry | échec : 404 Client Error: Not Found for url: https://transparency.entsog.eu/api/v1/operationaldatas?indicator=Physical+Flow&pointDirection=be-tso-0001itp-00519entry&from=2012-01-01&to=2012-12-31&periodType=hour&timezone=CET&limit=-1
2026-10-02 15:48:48,239 | WARNING | 2012 | ITP-00526_entry | aucune donnée
2026-10-02 15:48:48,240 | ERROR | 2012 | ITP-00526_entry | échec : 404 Client Error: Not Found for url: https://transparency.entsog.eu/api/v1/operationaldatas?indicator=Physical+Flow&pointDirection=be-tso-0001itp-00526entry&from=2012-01-01&to=2012-12-31&periodType=hour&timezone=CET&limit=-1
2026-10-02 15:48:48,647 | WARNING | 2012 | ITP-00542_entry | aucune donnée
2026-10-02 15:48:48,648 | ERROR | 2012 | ITP-00542_entry | échec : 404 Client Error: Not Found for url: https://transparency.entsog.eu/api/v1/operationaldatas?indicator=Physical+Flow&pointDirection=be-tso-0001itp-00542entry&from=2012-01-01&to=2012-12-31&periodType=hour&timezone=CET&limit=-1
2026-10-02 15:48:49,059 | WARNING | 2012 | ITP-00555_entry | aucune donnée
2026-10-02 15:48:49,061 | ERROR | 2012 | ITP-00555_entry | échec : 404 Client Error: Not Found for url: https://transparency.entsog.eu/api/v1/operationaldatas?indicator=Physical+Flow&pointDirection=be-tso-0001itp-00555entry&from=2012-01-01&to=2012-12-31&periodType=hour&timezone=CET&limit=-1
2026-10-02 15:48:49,461 | WARNING | 2012 | ITP-00614_entry | aucune donnée
2026-10-02 15:48:49,461 | ERROR | 2012 | ITP-00614_entry | échec : 404 Client Error: Not Found for url: https://transparency.entsog.eu/api/v1/operationaldatas?indicator=Physical+Flow&pointDirection=be-tso-0001itp-00614entry&from=2012-01-01&to=2012-12-31&periodType=hour&timezone=CET&limit=-1
2026-10-02 15:48:49,887 | WARNING | 2012 | ITP-00648_entry | aucune donnée
2026-10-02 15:48:49,888 | ERROR | 2012 | ITP-00648_entry | échec : 404 Client Error: Not Found for url: https://transparency.entsog.eu/api/v1/operationaldatas?indicator=Physical+Flow&pointDirection=be-tso-0001itp-00648entry&from=2012-01-01&to=2012-12-31&periodType=hour&timezone=CET&limit=-1
2026-10-02 15:48:50,359 | WARNING | 2012 | LNG-00005_entry | aucune donnée
2026-10-02 15:48:50,360 | ERROR | 2012 | LNG-00005_entry | échec : 404 Client Error: Not Found for url: https://transparency.entsog.eu/api/v1/operationaldatas?indicator=Physical+Flow&pointDirection=be-tso-0001lng-00005entry&from=2012-01-01&to=2012-12-31&periodType=hour&timezone=CET&limit=-1
2026-10-02 15:48:50,772 | WARNING | 2012 | LNG-00017_entry | aucune donnée
2026-10-02 15:48:50,774 | ERROR | 2012 | LNG-00017_entry | échec : 404 Client Error: Not Found for url: https://transparency.entsog.eu/api/v1/operationaldatas?indicator=Physical+Flow&pointDirection=be-tso-0001lng-00017entry&from=2012-01-01&to=2012-12-31&periodType=hour&timezone=CET&limit=-1
2026-10-02 15:48:51,452 | WARNING | 2012 | UGS-00002_entry | aucune donnée
2026-10-02 15:48:51,453 | ERROR | 2012 | UGS-00002_entry | échec : 404 Client Error: Not Found for url: https://transparency.entsog.eu/api/v1/operationaldatas?indicator=Physical+Flow&pointDirection=be-tso-0001ugs-00002entry&from=2012-01-01&to=2012-12-31&periodType=hour&timezone=CET&limit=-1
2026-10-02 15:48:51,874 | WARNING | 2012 | VTP-00029_entry | aucune donnée
2026-10-02 15:48:51,875 | ERROR | 2012 | VTP-00029_entry | échec : 404 Client Error: Not Found for url: https://transparency.entsog.eu/api/v1/operationaldatas?indicator=Physical+Flow&pointDirection=be-tso-0001vtp-00029entry&from=2012-01-01&to=2012-12-31&periodType=hour&timezone=CET&limit=-1
2026-10-02 15:48:52,278 | WARNING | 2012 | DIS-00191_exit | aucune donnée
2026-10-02 15:48:52,279 | ERROR | 2012 | DIS-00191_exit | échec : 404 Client Error: Not Found for url: https://transparency.entsog.eu/api/v1/operationaldatas?indicator=Physical+Flow&pointDirection=be-tso-0001dis-00191exit&from=2012-01-01&to=2012-12-31&periodType=hour&timezone=CET&limit=-1
2026-10-02 15:48:52,688 | WARNING | 2012 | DIS-00192_exit | aucune donnée
2026-10-02 15:48:52,688 | ERROR | 2012 | DIS-00192_exit | échec : 404 Client Error: Not Found for url: https://transparency.entsog.eu/api/v1/operationaldatas?indicator=Physical+Flow&pointDirection=be-tso-0001dis-00192exit&from=2012-01-01&to=2012-12-31&periodType=hour&timezone=CET&limit=-1
2026-10-02 15:48:53,098 | WARNING | 2012 | FNC-00033_exit | aucune donnée
2026-10-02 15:48:53,099 | ERROR | 2012 | FNC-00033_exit | échec : 404 Client Error: Not Found for url: https://transparency.entsog.eu/api/v1/operationaldatas?indicator=Physical+Flow&pointDirection=be-tso-0001fnc-00033exit&from=2012-01-01&to=2012-12-31&periodType=hour&timezone=CET&limit=-1
2026-10-02 15:48:53,499 | WARNING | 2012 | FNC-00034_exit | aucune donnée
2026-10-02 15:48:53,500 | ERROR | 2012 | FNC-00034_exit | échec : 404 Client Error: Not Found for url: https://transparency.entsog.eu/api/v1/operationaldatas?indicator=Physical+Flow&pointDirection=be-tso-0001fnc-00034exit&from=2012-01-01&to=2012-12-31&periodType=hour&timezone=CET&limit=-1
2026-10-02 15:48:53,920 | WARNING | 2012 | FNC-00035_exit | aucune donnée
2026-10-02 15:48:53,920 | ERROR | 2012 | FNC-00035_exit | échec : 404 Client Error: Not Found for url: https://transparency.entsog.eu/api/v1/operationaldatas?indicator=Physical+Flow&pointDirection=be-tso-0001fnc-00035exit&from=2012-01-01&to=2012-12-31&periodType=hour&timezone=CET&limit=-1
2026-10-02 15:48:54,348 | WARNING | 2012 | ITP-00038_exit | aucune donnée
2026-10-02 15:48:54,349 | ERROR | 2012 | ITP-00038_exit | échec : 404 Client Error: Not Found for url: https://transparency.entsog.eu/api/v1/operationaldatas?indicator=Physical+Flow&pointDirection=be-tso-0001itp-00038exit&from=2012-01-01&to=2012-12-31&periodType=hour&timezone=CET&limit=-1
2026-10-02 15:48:54,763 | WARNING | 2012 | ITP-00061_exit | aucune donnée
2026-10-02 15:48:54,764 | ERROR | 2012 | ITP-00061_exit | échec : 404 Client Error: Not Found for url: https://transparency.entsog.eu/api/v1/operationaldatas?indicator=Physical+Flow&pointDirection=be-tso-0001itp-00061exit&from=2012-01-01&to=2012-12-31&periodType=hour&timezone=CET&limit=-1
2026-10-02 15:48:55,168 | WARNING | 2012 | ITP-00088_exit | aucune donnée
2026-10-02 15:48:55,169 | ERROR | 2012 | ITP-00088_exit | échec : 404 Client Error: Not Found for url: https://transparency.entsog.eu/api/v1/operationaldatas?indicator=Physical+Flow&pointDirection=be-tso-0001itp-00088exit&from=2012-01-01&to=2012-12-31&periodType=hour&timezone=CET&limit=-1
2026-10-02 15:48:55,571 | WARNING | 2012 | ITP-00101_exit | aucune donnée
2026-10-02 15:48:55,572 | ERROR | 2012 | ITP-00101_exit | échec : 404 Client Error: Not Found for url: https://transparency.entsog.eu/api/v1/operationaldatas?indicator=Physical+Flow&pointDirection=be-tso-0001itp-00101exit&from=2012-01-01&to=2012-12-31&periodType=hour&timezone=CET&limit=-1
2026-10-02 15:48:55,973 | WARNING | 2012 | ITP-00106_exit | aucune donnée
2026-10-02 15:48:55,975 | ERROR | 2012 | ITP-00106_exit | échec : 404 Client Error: Not Found for url: https://transparency.entsog.eu/api/v1/operationaldatas?indicator=Physical+Flow&pointDirection=be-tso-0001itp-00106exit&from=2012-01-01&to=2012-12-31&periodType=hour&timezone=CET&limit=-1
2026-10-02 15:48:56,373 | WARNING | 2012 | ITP-00110_exit | aucune donnée
2026-10-02 15:48:56,374 | ERROR | 2012 | ITP-00110_exit | échec : 404 Client Error: Not Found for url: https://transparency.entsog.eu/api/v1/operationaldatas?indicator=Physical+Flow&pointDirection=be-tso-0001itp-00110exit&from=2012-01-01&to=2012-12-31&periodType=hour&timezone=CET&limit=-1
2026-10-02 15:48:56,773 | WARNING | 2012 | ITP-00112_exit | aucune donnée
2026-10-02 15:48:56,774 | ERROR | 2012 | ITP-00112_exit | échec : 404 Client Error: Not Found for url: https://transparency.entsog.eu/api/v1/operationaldatas?indicator=Physical+Flow&pointDirection=be-tso-0001itp-00112exit&from=2012-01-01&to=2012-12-31&periodType=hour&timezone=CET&limit=-1
2026-10-02 15:48:57,174 | WARNING | 2012 | ITP-00113_exit | aucune donnée
2026-10-02 15:48:57,175 | ERROR | 2012 | ITP-00113_exit | échec : 404 Client Error: Not Found for url: https://transparency.entsog.eu/api/v1/operationaldatas?indicator=Physical+Flow&pointDirection=be-tso-0001itp-00113exit&from=2012-01-01&to=2012-12-31&periodType=hour&timezone=CET&limit=-1
2026-10-02 15:48:57,582 | WARNING | 2012 | ITP-00114_exit | aucune donnée
2026-10-02 15:48:57,583 | ERROR | 2012 | ITP-00114_exit | échec : 404 Client Error: Not Found for url: https://transparency.entsog.eu/api/v1/operationaldatas?indicator=Physical+Flow&pointDirection=be-tso-0001itp-00114exit&from=2012-01-01&to=2012-12-31&periodType=hour&timezone=CET&limit=-1
2026-10-02 15:48:57,977 | WARNING | 2012 | ITP-00115_exit | aucune donnée
2026-10-02 15:48:57,978 | ERROR | 2012 | ITP-00115_exit | échec : 404 Client Error: Not Found for url: https://transparency.entsog.eu/api/v1/operationaldatas?indicator=Physical+Flow&pointDirection=be-tso-0001itp-00115exit&from=2012-01-01&to=2012-12-31&periodType=hour&timezone=CET&limit=-1
2026-10-02 15:48:58,396 | WARNING | 2012 | ITP-00147_exit | aucune donnée
2026-10-02 15:48:58,396 | ERROR | 2012 | ITP-00147_exit | échec : 404 Client Error: Not Found for url: https://transparency.entsog.eu/api/v1/operationaldatas?indicator=Physical+Flow&pointDirection=be-tso-0001itp-00147exit&from=2012-01-01&to=2012-12-31&periodType=hour&timezone=CET&limit=-1
2026-10-02 15:48:58,804 | WARNING | 2012 | ITP-00159_exit | aucune donnée
2026-10-02 15:48:58,805 | ERROR | 2012 | ITP-00159_exit | échec : 404 Client Error: Not Found for url: https://transparency.entsog.eu/api/v1/operationaldatas?indicator=Physical+Flow&pointDirection=be-tso-0001itp-00159exit&from=2012-01-01&to=2012-12-31&periodType=hour&timezone=CET&limit=-1
2026-10-02 15:48:59,207 | WARNING | 2012 | ITP-00159_exit | aucune donnée
2026-10-02 15:48:59,208 | ERROR | 2012 | ITP-00159_exit | échec : 404 Client Error: Not Found for url: https://transparency.entsog.eu/api/v1/operationaldatas?indicator=Physical+Flow&pointDirection=be-tso-0001itp-00159exit&from=2012-01-01&to=2012-12-31&periodType=hour&timezone=CET&limit=-1
2026-10-02 15:48:59,614 | WARNING | 2012 | ITP-00258_exit | aucune donnée
2026-10-02 15:48:59,616 | ERROR | 2012 | ITP-00258_exit | échec : 404 Client Error: Not Found for url: https://transparency.entsog.eu/api/v1/operationaldatas?indicator=Physical+Flow&pointDirection=be-tso-0001itp-00258exit&from=2012-01-01&to=2012-12-31&periodType=hour&timezone=CET&limit=-1
2026-10-02 15:49:00,036 | WARNING | 2012 | ITP-00289_exit | aucune donnée
2026-10-02 15:49:00,037 | ERROR | 2012 | ITP-00289_exit | échec : 404 Client Error: Not Found for url: https://transparency.entsog.eu/api/v1/operationaldatas?indicator=Physical+Flow&pointDirection=be-tso-0001itp-00289exit&from=2012-01-01&to=2012-12-31&periodType=hour&timezone=CET&limit=-1
2026-10-02 15:49:00,455 | WARNING | 2012 | ITP-00290_exit | aucune donnée
2026-10-02 15:49:00,456 | ERROR | 2012 | ITP-00290_exit | échec : 404 Client Error: Not Found for url: https://transparency.entsog.eu/api/v1/operationaldatas?indicator=Physical+Flow&pointDirection=be-tso-0001itp-00290exit&from=2012-01-01&to=2012-12-31&periodType=hour&timezone=CET&limit=-1
2026-10-02 15:49:00,869 | WARNING | 2012 | ITP-00519_exit | aucune donnée
2026-10-02 15:49:00,870 | ERROR | 2012 | ITP-00519_exit | échec : 404 Client Error: Not Found for url: https://transparency.entsog.eu/api/v1/operationaldatas?indicator=Physical+Flow&pointDirection=be-tso-0001itp-00519exit&from=2012-01-01&to=2012-12-31&periodType=hour&timezone=CET&limit=-1
2026-10-02 15:49:01,277 | WARNING | 2012 | ITP-00526_exit | aucune donnée
2026-10-02 15:49:01,278 | ERROR | 2012 | ITP-00526_exit | échec : 404 Client Error: Not Found for url: https://transparency.entsog.eu/api/v1/operationaldatas?indicator=Physical+Flow&pointDirection=be-tso-0001itp-00526exit&from=2012-01-01&to=2012-12-31&periodType=hour&timezone=CET&limit=-1
2026-10-02 15:49:01,675 | WARNING | 2012 | ITP-00542_exit | aucune donnée
2026-10-02 15:49:01,676 | ERROR | 2012 | ITP-00542_exit | échec : 404 Client Error: Not Found for url: https://transparency.entsog.eu/api/v1/operationaldatas?indicator=Physical+Flow&pointDirection=be-tso-0001itp-00542exit&from=2012-01-01&to=2012-12-31&periodType=hour&timezone=CET&limit=-1
2026-10-02 15:49:02,088 | WARNING | 2012 | ITP-00555_exit | aucune donnée
2026-10-02 15:49:02,089 | ERROR | 2012 | ITP-00555_exit | échec : 404 Client Error: Not Found for url: https://transparency.entsog.eu/api/v1/operationaldatas?indicator=Physical+Flow&pointDirection=be-tso-0001itp-00555exit&from=2012-01-01&to=2012-12-31&periodType=hour&timezone=CET&limit=-1
2026-10-02 15:49:02,487 | WARNING | 2012 | ITP-00614_exit | aucune donnée
2026-10-02 15:49:02,488 | ERROR | 2012 | ITP-00614_exit | échec : 404 Client Error: Not Found for url: https://transparency.entsog.eu/api/v1/operationaldatas?indicator=Physical+Flow&pointDirection=be-tso-0001itp-00614exit&from=2012-01-01&to=2012-12-31&periodType=hour&timezone=CET&limit=-1
2026-10-02 15:49:02,888 | WARNING | 2012 | ITP-00648_exit | aucune donnée
2026-10-02 15:49:02,889 | ERROR | 2012 | ITP-00648_exit | échec : 404 Client Error: Not Found for url: https://transparency.entsog.eu/api/v1/operationaldatas?indicator=Physical+Flow&pointDirection=be-tso-0001itp-00648exit&from=2012-01-01&to=2012-12-31&periodType=hour&timezone=CET&limit=-1
2026-10-02 15:49:03,306 | WARNING | 2012 | LNG-00005_exit | aucune donnée
2026-10-02 15:49:03,307 | ERROR | 2012 | LNG-00005_exit | échec : 404 Client Error: Not Found for url: https://transparency.entsog.eu/api/v1/operationaldatas?indicator=Physical+Flow&pointDirection=be-tso-0001lng-00005exit&from=2012-01-01&to=2012-12-31&periodType=hour&timezone=CET&limit=-1
2026-10-02 15:49:03,725 | WARNING | 2012 | LNG-00017_exit | aucune donnée
2026-10-02 15:49:03,726 | ERROR | 2012 | LNG-00017_exit | échec : 404 Client Error: Not Found for url: https://transparency.entsog.eu/api/v1/operationaldatas?indicator=Physical+Flow&pointDirection=be-tso-0001lng-00017exit&from=2012-01-01&to=2012-12-31&periodType=hour&timezone=CET&limit=-1
2026-10-02 15:49:04,127 | WARNING | 2012 | UGS-00002_exit | aucune donnée
2026-10-02 15:49:04,128 | ERROR | 2012 | UGS-00002_exit | échec : 404 Client Error: Not Found for url: https://transparency.entsog.eu/api/v1/operationaldatas?indicator=Physical+Flow&pointDirection=be-tso-0001ugs-00002exit&from=2012-01-01&to=2012-12-31&periodType=hour&timezone=CET&limit=-1
2026-10-02 15:49:04,528 | WARNING | 2012 | VTP-00029_exit | aucune donnée
2026-10-02 15:49:04,528 | ERROR | 2012 | VTP-00029_exit | échec : 404 Client Error: Not Found for url: https://transparency.entsog.eu/api/v1/operationaldatas?indicator=Physical+Flow&pointDirection=be-tso-0001vtp-00029exit&from=2012-01-01&to=2012-12-31&periodType=hour&timezone=CET&limit=-1
2026-10-02 15:49:04,952 | WARNING | 2013 | DIS-00191_entry | aucune donnée
2026-10-02 15:49:04,953 | ERROR | 2013 | DIS-00191_entry | échec : 404 Client Error: Not Found for url: https://transparency.entsog.eu/api/v1/operationaldatas?indicator=Physical+Flow&pointDirection=be-tso-0001dis-00191entry&from=2013-01-01&to=2013-12-31&periodType=hour&timezone=CET&limit=-1
2026-10-02 15:49:05,496 | WARNING | 2013 | DIS-00192_entry | aucune donnée
2026-10-02 15:49:05,497 | ERROR | 2013 | DIS-00192_entry | échec : 404 Client Error: Not Found for url: https://transparency.entsog.eu/api/v1/operationaldatas?indicator=Physical+Flow&pointDirection=be-tso-0001dis-00192entry&from=2013-01-01&to=2013-12-31&periodType=hour&timezone=CET&limit=-1
2026-10-02 15:49:05,970 | WARNING | 2013 | FNC-00033_entry | aucune donnée
2026-10-02 15:49:05,971 | ERROR | 2013 | FNC-00033_entry | échec : 404 Client Error: Not Found for url: https://transparency.entsog.eu/api/v1/operationaldatas?indicator=Physical+Flow&pointDirection=be-tso-0001fnc-00033entry&from=2013-01-01&to=2013-12-31&periodType=hour&timezone=CET&limit=-1
2026-10-02 15:49:06,390 | WARNING | 2013 | FNC-00034_entry | aucune donnée
2026-10-02 15:49:06,391 | ERROR | 2013 | FNC-00034_entry | échec : 404 Client Error: Not Found for url: https://transparency.entsog.eu/api/v1/operationaldatas?indicator=Physical+Flow&pointDirection=be-tso-0001fnc-00034entry&from=2013-01-01&to=2013-12-31&periodType=hour&timezone=CET&limit=-1
2026-10-02 15:49:06,793 | WARNING | 2013 | FNC-00035_entry | aucune donnée
2026-10-02 15:49:06,794 | ERROR | 2013 | FNC-00035_entry | échec : 404 Client Error: Not Found for url: https://transparency.entsog.eu/api/v1/operationaldatas?indicator=Physical+Flow&pointDirection=be-tso-0001fnc-00035entry&from=2013-01-01&to=2013-12-31&periodType=hour&timezone=CET&limit=-1
2026-10-02 15:49:07,218 | WARNING | 2013 | ITP-00038_entry | aucune donnée
2026-10-02 15:49:07,218 | ERROR | 2013 | ITP-00038_entry | échec : 404 Client Error: Not Found for url: https://transparency.entsog.eu/api/v1/operationaldatas?indicator=Physical+Flow&pointDirection=be-tso-0001itp-00038entry&from=2013-01-01&to=2013-12-31&periodType=hour&timezone=CET&limit=-1
2026-10-02 15:49:07,628 | WARNING | 2013 | ITP-00061_entry | aucune donnée
2026-10-02 15:49:07,628 | ERROR | 2013 | ITP-00061_entry | échec : 404 Client Error: Not Found for url: https://transparency.entsog.eu/api/v1/operationaldatas?indicator=Physical+Flow&pointDirection=be-tso-0001itp-00061entry&from=2013-01-01&to=2013-12-31&periodType=hour&timezone=CET&limit=-1
2026-10-02 15:49:08,038 | WARNING | 2013 | ITP-00088_entry | aucune donnée
2026-10-02 15:49:08,039 | ERROR | 2013 | ITP-00088_entry | échec : 404 Client Error: Not Found for url: https://transparency.entsog.eu/api/v1/operationaldatas?indicator=Physical+Flow&pointDirection=be-tso-0001itp-00088entry&from=2013-01-01&to=2013-12-31&periodType=hour&timezone=CET&limit=-1
2026-10-02 15:49:08,437 | WARNING | 2013 | ITP-00101_entry | aucune donnée
2026-10-02 15:49:08,438 | ERROR | 2013 | ITP-00101_entry | échec : 404 Client Error: Not Found for url: https://transparency.entsog.eu/api/v1/operationaldatas?indicator=Physical+Flow&pointDirection=be-tso-0001itp-00101entry&from=2013-01-01&to=2013-12-31&periodType=hour&timezone=CET&limit=-1
2026-10-02 15:49:08,855 | WARNING | 2013 | ITP-00106_entry | aucune donnée
2026-10-02 15:49:08,856 | ERROR | 2013 | ITP-00106_entry | échec : 404 Client Error: Not Found for url: https://transparency.entsog.eu/api/v1/operationaldatas?indicator=Physical+Flow&pointDirection=be-tso-0001itp-00106entry&from=2013-01-01&to=2013-12-31&periodType=hour&timezone=CET&limit=-1
2026-10-02 15:49:09,263 | WARNING | 2013 | ITP-00110_entry | aucune donnée
2026-10-02 15:49:09,264 | ERROR | 2013 | ITP-00110_entry | échec : 404 Client Error: Not Found for url: https://transparency.entsog.eu/api/v1/operationaldatas?indicator=Physical+Flow&pointDirection=be-tso-0001itp-00110entry&from=2013-01-01&to=2013-12-31&periodType=hour&timezone=CET&limit=-1
2026-10-02 15:49:09,679 | WARNING | 2013 | ITP-00112_entry | aucune donnée
2026-10-02 15:49:09,680 | ERROR | 2013 | ITP-00112_entry | échec : 404 Client Error: Not Found for url: https://transparency.entsog.eu/api/v1/operationaldatas?indicator=Physical+Flow&pointDirection=be-tso-0001itp-00112entry&from=2013-01-01&to=2013-12-31&periodType=hour&timezone=CET&limit=-1
2026-10-02 15:49:10,105 | WARNING | 2013 | ITP-00113_entry | aucune donnée
2026-10-02 15:49:10,106 | ERROR | 2013 | ITP-00113_entry | échec : 404 Client Error: Not Found for url: https://transparency.entsog.eu/api/v1/operationaldatas?indicator=Physical+Flow&pointDirection=be-tso-0001itp-00113entry&from=2013-01-01&to=2013-12-31&periodType=hour&timezone=CET&limit=-1
2026-10-02 15:49:10,502 | WARNING | 2013 | ITP-00114_entry | aucune donnée
2026-10-02 15:49:10,503 | ERROR | 2013 | ITP-00114_entry | échec : 404 Client Error: Not Found for url: https://transparency.entsog.eu/api/v1/operationaldatas?indicator=Physical+Flow&pointDirection=be-tso-0001itp-00114entry&from=2013-01-01&to=2013-12-31&periodType=hour&timezone=CET&limit=-1
2026-10-02 15:49:10,918 | WARNING | 2013 | ITP-00115_entry | aucune donnée
2026-10-02 15:49:10,919 | ERROR | 2013 | ITP-00115_entry | échec : 404 Client Error: Not Found for url: https://transparency.entsog.eu/api/v1/operationaldatas?indicator=Physical+Flow&pointDirection=be-tso-0001itp-00115entry&from=2013-01-01&to=2013-12-31&periodType=hour&timezone=CET&limit=-1
2026-10-02 15:49:11,352 | WARNING | 2013 | ITP-00147_entry | aucune donnée
2026-10-02 15:49:11,353 | ERROR | 2013 | ITP-00147_entry | échec : 404 Client Error: Not Found for url: https://transparency.entsog.eu/api/v1/operationaldatas?indicator=Physical+Flow&pointDirection=be-tso-0001itp-00147entry&from=2013-01-01&to=2013-12-31&periodType=hour&timezone=CET&limit=-1
2026-10-02 15:49:11,763 | WARNING | 2013 | ITP-00258_entry | aucune donnée
2026-10-02 15:49:11,764 | ERROR | 2013 | ITP-00258_entry | échec : 404 Client Error: Not Found for url: https://transparency.entsog.eu/api/v1/operationaldatas?indicator=Physical+Flow&pointDirection=be-tso-0001itp-00258entry&from=2013-01-01&to=2013-12-31&periodType=hour&timezone=CET&limit=-1
2026-10-02 15:49:12,166 | WARNING | 2013 | ITP-00289_entry | aucune donnée
2026-10-02 15:49:12,167 | ERROR | 2013 | ITP-00289_entry | échec : 404 Client Error: Not Found for url: https://transparency.entsog.eu/api/v1/operationaldatas?indicator=Physical+Flow&pointDirection=be-tso-0001itp-00289entry&from=2013-01-01&to=2013-12-31&periodType=hour&timezone=CET&limit=-1
2026-10-02 15:49:12,593 | WARNING | 2013 | ITP-00290_entry | aucune donnée
2026-10-02 15:49:12,594 | ERROR | 2013 | ITP-00290_entry | échec : 404 Client Error: Not Found for url: https://transparency.entsog.eu/api/v1/operationaldatas?indicator=Physical+Flow&pointDirection=be-tso-0001itp-00290entry&from=2013-01-01&to=2013-12-31&periodType=hour&timezone=CET&limit=-1
2026-10-02 15:49:12,994 | WARNING | 2013 | ITP-00519_entry | aucune donnée
2026-10-02 15:49:12,995 | ERROR | 2013 | ITP-00519_entry | échec : 404 Client Error: Not Found for url: https://transparency.entsog.eu/api/v1/operationaldatas?indicator=Physical+Flow&pointDirection=be-tso-0001itp-00519entry&from=2013-01-01&to=2013-12-31&periodType=hour&timezone=CET&limit=-1
2026-10-02 15:49:13,405 | WARNING | 2013 | ITP-00526_entry | aucune donnée
2026-10-02 15:49:13,406 | ERROR | 2013 | ITP-00526_entry | échec : 404 Client Error: Not Found for url: https://transparency.entsog.eu/api/v1/operationaldatas?indicator=Physical+Flow&pointDirection=be-tso-0001itp-00526entry&from=2013-01-01&to=2013-12-31&periodType=hour&timezone=CET&limit=-1
2026-10-02 15:49:13,811 | WARNING | 2013 | ITP-00542_entry | aucune donnée
2026-10-02 15:49:13,811 | ERROR | 2013 | ITP-00542_entry | échec : 404 Client Error: Not Found for url: https://transparency.entsog.eu/api/v1/operationaldatas?indicator=Physical+Flow&pointDirection=be-tso-0001itp-00542entry&from=2013-01-01&to=2013-12-31&periodType=hour&timezone=CET&limit=-1
2026-10-02 15:49:14,208 | WARNING | 2013 | ITP-00555_entry | aucune donnée
2026-10-02 15:49:14,210 | ERROR | 2013 | ITP-00555_entry | échec : 404 Client Error: Not Found for url: https://transparency.entsog.eu/api/v1/operationaldatas?indicator=Physical+Flow&pointDirection=be-tso-0001itp-00555entry&from=2013-01-01&to=2013-12-31&periodType=hour&timezone=CET&limit=-1
2026-10-02 15:49:14,615 | WARNING | 2013 | ITP-00614_entry | aucune donnée
2026-10-02 15:49:14,615 | ERROR | 2013 | ITP-00614_entry | échec : 404 Client Error: Not Found for url: https://transparency.entsog.eu/api/v1/operationaldatas?indicator=Physical+Flow&pointDirection=be-tso-0001itp-00614entry&from=2013-01-01&to=2013-12-31&periodType=hour&timezone=CET&limit=-1
2026-10-02 15:49:15,036 | WARNING | 2013 | ITP-00648_entry | aucune donnée
2026-10-02 15:49:15,037 | ERROR | 2013 | ITP-00648_entry | échec : 404 Client Error: Not Found for url: https://transparency.entsog.eu/api/v1/operationaldatas?indicator=Physical+Flow&pointDirection=be-tso-0001itp-00648entry&from=2013-01-01&to=2013-12-31&periodType=hour&timezone=CET&limit=-1
2026-10-02 15:49:15,443 | WARNING | 2013 | LNG-00005_entry | aucune donnée
2026-10-02 15:49:15,444 | ERROR | 2013 | LNG-00005_entry | échec : 404 Client Error: Not Found for url: https://transparency.entsog.eu/api/v1/operationaldatas?indicator=Physical+Flow&pointDirection=be-tso-0001lng-00005entry&from=2013-01-01&to=2013-12-31&periodType=hour&timezone=CET&limit=-1
2026-10-02 15:49:15,875 | WARNING | 2013 | LNG-00017_entry | aucune donnée
2026-10-02 15:49:15,876 | ERROR | 2013 | LNG-00017_entry | échec : 404 Client Error: Not Found for url: https://transparency.entsog.eu/api/v1/operationaldatas?indicator=Physical+Flow&pointDirection=be-tso-0001lng-00017entry&from=2013-01-01&to=2013-12-31&periodType=hour&timezone=CET&limit=-1
2026-10-02 15:49:16,307 | WARNING | 2013 | UGS-00002_entry | aucune donnée
2026-10-02 15:49:16,308 | ERROR | 2013 | UGS-00002_entry | échec : 404 Client Error: Not Found for url: https://transparency.entsog.eu/api/v1/operationaldatas?indicator=Physical+Flow&pointDirection=be-tso-0001ugs-00002entry&from=2013-01-01&to=2013-12-31&periodType=hour&timezone=CET&limit=-1
2026-10-02 15:49:16,711 | WARNING | 2013 | VTP-00029_entry | aucune donnée
2026-10-02 15:49:16,712 | ERROR | 2013 | VTP-00029_entry | échec : 404 Client Error: Not Found for url: https://transparency.entsog.eu/api/v1/operationaldatas?indicator=Physical+Flow&pointDirection=be-tso-0001vtp-00029entry&from=2013-01-01&to=2013-12-31&periodType=hour&timezone=CET&limit=-1
2026-10-02 15:49:17,117 | WARNING | 2013 | DIS-00191_exit | aucune donnée
2026-10-02 15:49:17,118 | ERROR | 2013 | DIS-00191_exit | échec : 404 Client Error: Not Found for url: https://transparency.entsog.eu/api/v1/operationaldatas?indicator=Physical+Flow&pointDirection=be-tso-0001dis-00191exit&from=2013-01-01&to=2013-12-31&periodType=hour&timezone=CET&limit=-1
2026-10-02 15:49:19,730 | WARNING | 2013 | DIS-00192_exit | aucune donnée
2026-10-02 15:49:19,731 | ERROR | 2013 | DIS-00192_exit | échec : 404 Client Error: Not Found for url: https://transparency.entsog.eu/api/v1/operationaldatas?indicator=Physical+Flow&pointDirection=be-tso-0001dis-00192exit&from=2013-01-01&to=2013-12-31&periodType=hour&timezone=CET&limit=-1
2026-10-02 15:49:20,129 | WARNING | 2013 | FNC-00033_exit | aucune donnée
2026-10-02 15:49:20,130 | ERROR | 2013 | FNC-00033_exit | échec : 404 Client Error: Not Found for url: https://transparency.entsog.eu/api/v1/operationaldatas?indicator=Physical+Flow&pointDirection=be-tso-0001fnc-00033exit&from=2013-01-01&to=2013-12-31&periodType=hour&timezone=CET&limit=-1
2026-10-02 15:49:20,539 | WARNING | 2013 | FNC-00034_exit | aucune donnée
2026-10-02 15:49:20,541 | ERROR | 2013 | FNC-00034_exit | échec : 404 Client Error: Not Found for url: https://transparency.entsog.eu/api/v1/operationaldatas?indicator=Physical+Flow&pointDirection=be-tso-0001fnc-00034exit&from=2013-01-01&to=2013-12-31&periodType=hour&timezone=CET&limit=-1
2026-10-02 15:49:21,334 | WARNING | 2013 | FNC-00035_exit | aucune donnée
2026-10-02 15:49:21,335 | ERROR | 2013 | FNC-00035_exit | échec : 404 Client Error: Not Found for url: https://transparency.entsog.eu/api/v1/operationaldatas?indicator=Physical+Flow&pointDirection=be-tso-0001fnc-00035exit&from=2013-01-01&to=2013-12-31&periodType=hour&timezone=CET&limit=-1
2026-10-02 15:49:21,734 | WARNING | 2013 | ITP-00038_exit | aucune donnée
2026-10-02 15:49:21,735 | ERROR | 2013 | ITP-00038_exit | échec : 404 Client Error: Not Found for url: https://transparency.entsog.eu/api/v1/operationaldatas?indicator=Physical+Flow&pointDirection=be-tso-0001itp-00038exit&from=2013-01-01&to=2013-12-31&periodType=hour&timezone=CET&limit=-1
2026-10-02 15:49:22,171 | WARNING | 2013 | ITP-00061_exit | aucune donnée
2026-10-02 15:49:22,172 | ERROR | 2013 | ITP-00061_exit | échec : 404 Client Error: Not Found for url: https://transparency.entsog.eu/api/v1/operationaldatas?indicator=Physical+Flow&pointDirection=be-tso-0001itp-00061exit&from=2013-01-01&to=2013-12-31&periodType=hour&timezone=CET&limit=-1
2026-10-02 15:49:22,582 | WARNING | 2013 | ITP-00088_exit | aucune donnée
2026-10-02 15:49:22,583 | ERROR | 2013 | ITP-00088_exit | échec : 404 Client Error: Not Found for url: https://transparency.entsog.eu/api/v1/operationaldatas?indicator=Physical+Flow&pointDirection=be-tso-0001itp-00088exit&from=2013-01-01&to=2013-12-31&periodType=hour&timezone=CET&limit=-1
2026-10-02 15:49:23,394 | WARNING | 2013 | ITP-00101_exit | aucune donnée
2026-10-02 15:49:23,395 | ERROR | 2013 | ITP-00101_exit | échec : 404 Client Error: Not Found for url: https://transparency.entsog.eu/api/v1/operationaldatas?indicator=Physical+Flow&pointDirection=be-tso-0001itp-00101exit&from=2013-01-01&to=2013-12-31&periodType=hour&timezone=CET&limit=-1
2026-10-02 15:49:23,802 | WARNING | 2013 | ITP-00106_exit | aucune donnée
2026-10-02 15:49:23,804 | ERROR | 2013 | ITP-00106_exit | échec : 404 Client Error: Not Found for url: https://transparency.entsog.eu/api/v1/operationaldatas?indicator=Physical+Flow&pointDirection=be-tso-0001itp-00106exit&from=2013-01-01&to=2013-12-31&periodType=hour&timezone=CET&limit=-1
2026-10-02 15:49:24,201 | WARNING | 2013 | ITP-00110_exit | aucune donnée
2026-10-02 15:49:24,202 | ERROR | 2013 | ITP-00110_exit | échec : 404 Client Error: Not Found for url: https://transparency.entsog.eu/api/v1/operationaldatas?indicator=Physical+Flow&pointDirection=be-tso-0001itp-00110exit&from=2013-01-01&to=2013-12-31&periodType=hour&timezone=CET&limit=-1
2026-10-02 15:49:24,652 | WARNING | 2013 | ITP-00112_exit | aucune donnée
2026-10-02 15:49:24,653 | ERROR | 2013 | ITP-00112_exit | échec : 404 Client Error: Not Found for url: https://transparency.entsog.eu/api/v1/operationaldatas?indicator=Physical+Flow&pointDirection=be-tso-0001itp-00112exit&from=2013-01-01&to=2013-12-31&periodType=hour&timezone=CET&limit=-1
2026-10-02 15:49:25,115 | WARNING | 2013 | ITP-00113_exit | aucune donnée
2026-10-02 15:49:25,116 | ERROR | 2013 | ITP-00113_exit | échec : 404 Client Error: Not Found for url: https://transparency.entsog.eu/api/v1/operationaldatas?indicator=Physical+Flow&pointDirection=be-tso-0001itp-00113exit&from=2013-01-01&to=2013-12-31&periodType=hour&timezone=CET&limit=-1
2026-10-02 15:49:25,776 | WARNING | 2013 | ITP-00114_exit | aucune donnée
2026-10-02 15:49:25,777 | ERROR | 2013 | ITP-00114_exit | échec : 404 Client Error: Not Found for url: https://transparency.entsog.eu/api/v1/operationaldatas?indicator=Physical+Flow&pointDirection=be-tso-0001itp-00114exit&from=2013-01-01&to=2013-12-31&periodType=hour&timezone=CET&limit=-1
2026-10-02 15:49:26,192 | WARNING | 2013 | ITP-00115_exit | aucune donnée
2026-10-02 15:49:26,193 | ERROR | 2013 | ITP-00115_exit | échec : 404 Client Error: Not Found for url: https://transparency.entsog.eu/api/v1/operationaldatas?indicator=Physical+Flow&pointDirection=be-tso-0001itp-00115exit&from=2013-01-01&to=2013-12-31&periodType=hour&timezone=CET&limit=-1
2026-10-02 15:49:26,597 | WARNING | 2013 | ITP-00147_exit | aucune donnée
2026-10-02 15:49:26,598 | ERROR | 2013 | ITP-00147_exit | échec : 404 Client Error: Not Found for url: https://transparency.entsog.eu/api/v1/operationaldatas?indicator=Physical+Flow&pointDirection=be-tso-0001itp-00147exit&from=2013-01-01&to=2013-12-31&periodType=hour&timezone=CET&limit=-1
2026-10-02 15:49:26,992 | WARNING | 2013 | ITP-00159_exit | aucune donnée
2026-10-02 15:49:26,993 | ERROR | 2013 | ITP-00159_exit | échec : 404 Client Error: Not Found for url: https://transparency.entsog.eu/api/v1/operationaldatas?indicator=Physical+Flow&pointDirection=be-tso-0001itp-00159exit&from=2013-01-01&to=2013-12-31&periodType=hour&timezone=CET&limit=-1
2026-10-02 15:49:27,368 | WARNING | 2013 | ITP-00159_exit | aucune donnée
2026-10-02 15:49:27,369 | ERROR | 2013 | ITP-00159_exit | échec : 404 Client Error: Not Found for url: https://transparency.entsog.eu/api/v1/operationaldatas?indicator=Physical+Flow&pointDirection=be-tso-0001itp-00159exit&from=2013-01-01&to=2013-12-31&periodType=hour&timezone=CET&limit=-1
2026-10-02 15:49:27,781 | WARNING | 2013 | ITP-00258_exit | aucune donnée
2026-10-02 15:49:27,782 | ERROR | 2013 | ITP-00258_exit | échec : 404 Client Error: Not Found for url: https://transparency.entsog.eu/api/v1/operationaldatas?indicator=Physical+Flow&pointDirection=be-tso-0001itp-00258exit&from=2013-01-01&to=2013-12-31&periodType=hour&timezone=CET&limit=-1
2026-10-02 15:49:28,222 | WARNING | 2013 | ITP-00289_exit | aucune donnée
2026-10-02 15:49:28,223 | ERROR | 2013 | ITP-00289_exit | échec : 404 Client Error: Not Found for url: https://transparency.entsog.eu/api/v1/operationaldatas?indicator=Physical+Flow&pointDirection=be-tso-0001itp-00289exit&from=2013-01-01&to=2013-12-31&periodType=hour&timezone=CET&limit=-1
2026-10-02 15:49:28,639 | WARNING | 2013 | ITP-00290_exit | aucune donnée
2026-10-02 15:49:28,639 | ERROR | 2013 | ITP-00290_exit | échec : 404 Client Error: Not Found for url: https://transparency.entsog.eu/api/v1/operationaldatas?indicator=Physical+Flow&pointDirection=be-tso-0001itp-00290exit&from=2013-01-01&to=2013-12-31&periodType=hour&timezone=CET&limit=-1
2026-10-02 15:49:29,140 | WARNING | 2013 | ITP-00519_exit | aucune donnée
2026-10-02 15:49:29,141 | ERROR | 2013 | ITP-00519_exit | échec : 404 Client Error: Not Found for url: https://transparency.entsog.eu/api/v1/operationaldatas?indicator=Physical+Flow&pointDirection=be-tso-0001itp-00519exit&from=2013-01-01&to=2013-12-31&periodType=hour&timezone=CET&limit=-1
2026-10-02 15:49:29,547 | WARNING | 2013 | ITP-00526_exit | aucune donnée
2026-10-02 15:49:29,549 | ERROR | 2013 | ITP-00526_exit | échec : 404 Client Error: Not Found for url: https://transparency.entsog.eu/api/v1/operationaldatas?indicator=Physical+Flow&pointDirection=be-tso-0001itp-00526exit&from=2013-01-01&to=2013-12-31&periodType=hour&timezone=CET&limit=-1
2026-10-02 15:49:29,967 | WARNING | 2013 | ITP-00542_exit | aucune donnée
2026-10-02 15:49:29,968 | ERROR | 2013 | ITP-00542_exit | échec : 404 Client Error: Not Found for url: https://transparency.entsog.eu/api/v1/operationaldatas?indicator=Physical+Flow&pointDirection=be-tso-0001itp-00542exit&from=2013-01-01&to=2013-12-31&periodType=hour&timezone=CET&limit=-1
2026-10-02 15:49:30,363 | WARNING | 2013 | ITP-00555_exit | aucune donnée
2026-10-02 15:49:30,364 | ERROR | 2013 | ITP-00555_exit | échec : 404 Client Error: Not Found for url: https://transparency.entsog.eu/api/v1/operationaldatas?indicator=Physical+Flow&pointDirection=be-tso-0001itp-00555exit&from=2013-01-01&to=2013-12-31&periodType=hour&timezone=CET&limit=-1
2026-10-02 15:49:30,788 | WARNING | 2013 | ITP-00614_exit | aucune donnée
2026-10-02 15:49:30,789 | ERROR | 2013 | ITP-00614_exit | échec : 404 Client Error: Not Found for url: https://transparency.entsog.eu/api/v1/operationaldatas?indicator=Physical+Flow&pointDirection=be-tso-0001itp-00614exit&from=2013-01-01&to=2013-12-31&periodType=hour&timezone=CET&limit=-1
2026-10-02 15:49:31,209 | WARNING | 2013 | ITP-00648_exit | aucune donnée
2026-10-02 15:49:31,210 | ERROR | 2013 | ITP-00648_exit | échec : 404 Client Error: Not Found for url: https://transparency.entsog.eu/api/v1/operationaldatas?indicator=Physical+Flow&pointDirection=be-tso-0001itp-00648exit&from=2013-01-01&to=2013-12-31&periodType=hour&timezone=CET&limit=-1
2026-10-02 15:49:31,616 | WARNING | 2013 | LNG-00005_exit | aucune donnée
2026-10-02 15:49:31,617 | ERROR | 2013 | LNG-00005_exit | échec : 404 Client Error: Not Found for url: https://transparency.entsog.eu/api/v1/operationaldatas?indicator=Physical+Flow&pointDirection=be-tso-0001lng-00005exit&from=2013-01-01&to=2013-12-31&periodType=hour&timezone=CET&limit=-1
2026-10-02 15:49:32,068 | WARNING | 2013 | LNG-00017_exit | aucune donnée
2026-10-02 15:49:32,069 | ERROR | 2013 | LNG-00017_exit | échec : 404 Client Error: Not Found for url: https://transparency.entsog.eu/api/v1/operationaldatas?indicator=Physical+Flow&pointDirection=be-tso-0001lng-00017exit&from=2013-01-01&to=2013-12-31&periodType=hour&timezone=CET&limit=-1
2026-10-02 15:49:32,465 | WARNING | 2013 | UGS-00002_exit | aucune donnée
2026-10-02 15:49:32,465 | ERROR | 2013 | UGS-00002_exit | échec : 404 Client Error: Not Found for url: https://transparency.entsog.eu/api/v1/operationaldatas?indicator=Physical+Flow&pointDirection=be-tso-0001ugs-00002exit&from=2013-01-01&to=2013-12-31&periodType=hour&timezone=CET&limit=-1
2026-10-02 15:49:32,886 | WARNING | 2013 | VTP-00029_exit | aucune donnée
2026-10-02 15:49:32,887 | ERROR | 2013 | VTP-00029_exit | échec : 404 Client Error: Not Found for url: https://transparency.entsog.eu/api/v1/operationaldatas?indicator=Physical+Flow&pointDirection=be-tso-0001vtp-00029exit&from=2013-01-01&to=2013-12-31&periodType=hour&timezone=CET&limit=-1
2026-10-02 15:49:33,301 | WARNING | 2014 | DIS-00191_entry | aucune donnée
2026-10-02 15:49:33,302 | ERROR | 2014 | DIS-00191_entry | échec : 404 Client Error: Not Found for url: https://transparency.entsog.eu/api/v1/operationaldatas?indicator=Physical+Flow&pointDirection=be-tso-0001dis-00191entry&from=2014-01-01&to=2014-12-31&periodType=hour&timezone=CET&limit=-1
2026-10-02 15:49:33,708 | WARNING | 2014 | DIS-00192_entry | aucune donnée
2026-10-02 15:49:33,709 | ERROR | 2014 | DIS-00192_entry | échec : 404 Client Error: Not Found for url: https://transparency.entsog.eu/api/v1/operationaldatas?indicator=Physical+Flow&pointDirection=be-tso-0001dis-00192entry&from=2014-01-01&to=2014-12-31&periodType=hour&timezone=CET&limit=-1
2026-10-02 15:49:34,757 | WARNING | 2014 | FNC-00033_entry | aucune donnée
2026-10-02 15:49:34,759 | ERROR | 2014 | FNC-00033_entry | échec : 404 Client Error: Not Found for url: https://transparency.entsog.eu/api/v1/operationaldatas?indicator=Physical+Flow&pointDirection=be-tso-0001fnc-00033entry&from=2014-01-01&to=2014-12-31&periodType=hour&timezone=CET&limit=-1
2026-10-02 15:49:35,168 | WARNING | 2014 | FNC-00034_entry | aucune donnée
2026-10-02 15:49:35,169 | ERROR | 2014 | FNC-00034_entry | échec : 404 Client Error: Not Found for url: https://transparency.entsog.eu/api/v1/operationaldatas?indicator=Physical+Flow&pointDirection=be-tso-0001fnc-00034entry&from=2014-01-01&to=2014-12-31&periodType=hour&timezone=CET&limit=-1
2026-10-02 15:49:35,571 | WARNING | 2014 | FNC-00035_entry | aucune donnée
2026-10-02 15:49:35,572 | ERROR | 2014 | FNC-00035_entry | échec : 404 Client Error: Not Found for url: https://transparency.entsog.eu/api/v1/operationaldatas?indicator=Physical+Flow&pointDirection=be-tso-0001fnc-00035entry&from=2014-01-01&to=2014-12-31&periodType=hour&timezone=CET&limit=-1
2026-10-02 15:49:36,041 | WARNING | 2014 | ITP-00038_entry | aucune donnée
2026-10-02 15:49:36,042 | ERROR | 2014 | ITP-00038_entry | échec : 404 Client Error: Not Found for url: https://transparency.entsog.eu/api/v1/operationaldatas?indicator=Physical+Flow&pointDirection=be-tso-0001itp-00038entry&from=2014-01-01&to=2014-12-31&periodType=hour&timezone=CET&limit=-1
2026-10-02 15:49:36,453 | WARNING | 2014 | ITP-00061_entry | aucune donnée
2026-10-02 15:49:36,454 | ERROR | 2014 | ITP-00061_entry | échec : 404 Client Error: Not Found for url: https://transparency.entsog.eu/api/v1/operationaldatas?indicator=Physical+Flow&pointDirection=be-tso-0001itp-00061entry&from=2014-01-01&to=2014-12-31&periodType=hour&timezone=CET&limit=-1
2026-10-02 15:49:36,854 | WARNING | 2014 | ITP-00088_entry | aucune donnée
2026-10-02 15:49:36,856 | ERROR | 2014 | ITP-00088_entry | échec : 404 Client Error: Not Found for url: https://transparency.entsog.eu/api/v1/operationaldatas?indicator=Physical+Flow&pointDirection=be-tso-0001itp-00088entry&from=2014-01-01&to=2014-12-31&periodType=hour&timezone=CET&limit=-1
2026-10-02 15:49:37,264 | WARNING | 2014 | ITP-00101_entry | aucune donnée
2026-10-02 15:49:37,265 | ERROR | 2014 | ITP-00101_entry | échec : 404 Client Error: Not Found for url: https://transparency.entsog.eu/api/v1/operationaldatas?indicator=Physical+Flow&pointDirection=be-tso-0001itp-00101entry&from=2014-01-01&to=2014-12-31&periodType=hour&timezone=CET&limit=-1
2026-10-02 15:49:37,685 | WARNING | 2014 | ITP-00106_entry | aucune donnée
2026-10-02 15:49:37,686 | ERROR | 2014 | ITP-00106_entry | échec : 404 Client Error: Not Found for url: https://transparency.entsog.eu/api/v1/operationaldatas?indicator=Physical+Flow&pointDirection=be-tso-0001itp-00106entry&from=2014-01-01&to=2014-12-31&periodType=hour&timezone=CET&limit=-1
2026-10-02 15:49:38,108 | WARNING | 2014 | ITP-00110_entry | aucune donnée
2026-10-02 15:49:38,110 | ERROR | 2014 | ITP-00110_entry | échec : 404 Client Error: Not Found for url: https://transparency.entsog.eu/api/v1/operationaldatas?indicator=Physical+Flow&pointDirection=be-tso-0001itp-00110entry&from=2014-01-01&to=2014-12-31&periodType=hour&timezone=CET&limit=-1
2026-10-02 15:49:38,508 | WARNING | 2014 | ITP-00112_entry | aucune donnée
2026-10-02 15:49:38,509 | ERROR | 2014 | ITP-00112_entry | échec : 404 Client Error: Not Found for url: https://transparency.entsog.eu/api/v1/operationaldatas?indicator=Physical+Flow&pointDirection=be-tso-0001itp-00112entry&from=2014-01-01&to=2014-12-31&periodType=hour&timezone=CET&limit=-1
2026-10-02 15:49:38,946 | WARNING | 2014 | ITP-00113_entry | aucune donnée
2026-10-02 15:49:38,947 | ERROR | 2014 | ITP-00113_entry | échec : 404 Client Error: Not Found for url: https://transparency.entsog.eu/api/v1/operationaldatas?indicator=Physical+Flow&pointDirection=be-tso-0001itp-00113entry&from=2014-01-01&to=2014-12-31&periodType=hour&timezone=CET&limit=-1
2026-10-02 15:49:39,376 | WARNING | 2014 | ITP-00114_entry | aucune donnée
2026-10-02 15:49:39,377 | ERROR | 2014 | ITP-00114_entry | échec : 404 Client Error: Not Found for url: https://transparency.entsog.eu/api/v1/operationaldatas?indicator=Physical+Flow&pointDirection=be-tso-0001itp-00114entry&from=2014-01-01&to=2014-12-31&periodType=hour&timezone=CET&limit=-1
2026-10-02 15:49:39,804 | WARNING | 2014 | ITP-00115_entry | aucune donnée
2026-10-02 15:49:39,805 | ERROR | 2014 | ITP-00115_entry | échec : 404 Client Error: Not Found for url: https://transparency.entsog.eu/api/v1/operationaldatas?indicator=Physical+Flow&pointDirection=be-tso-0001itp-00115entry&from=2014-01-01&to=2014-12-31&periodType=hour&timezone=CET&limit=-1
2026-10-02 15:49:40,207 | WARNING | 2014 | ITP-00147_entry | aucune donnée
2026-10-02 15:49:40,208 | ERROR | 2014 | ITP-00147_entry | échec : 404 Client Error: Not Found for url: https://transparency.entsog.eu/api/v1/operationaldatas?indicator=Physical+Flow&pointDirection=be-tso-0001itp-00147entry&from=2014-01-01&to=2014-12-31&periodType=hour&timezone=CET&limit=-1
2026-10-02 15:49:40,633 | WARNING | 2014 | ITP-00258_entry | aucune donnée
2026-10-02 15:49:40,634 | ERROR | 2014 | ITP-00258_entry | échec : 404 Client Error: Not Found for url: https://transparency.entsog.eu/api/v1/operationaldatas?indicator=Physical+Flow&pointDirection=be-tso-0001itp-00258entry&from=2014-01-01&to=2014-12-31&periodType=hour&timezone=CET&limit=-1
2026-10-02 15:49:41,040 | WARNING | 2014 | ITP-00289_entry | aucune donnée
2026-10-02 15:49:41,042 | ERROR | 2014 | ITP-00289_entry | échec : 404 Client Error: Not Found for url: https://transparency.entsog.eu/api/v1/operationaldatas?indicator=Physical+Flow&pointDirection=be-tso-0001itp-00289entry&from=2014-01-01&to=2014-12-31&periodType=hour&timezone=CET&limit=-1
2026-10-02 15:49:41,454 | WARNING | 2014 | ITP-00290_entry | aucune donnée
2026-10-02 15:49:41,455 | ERROR | 2014 | ITP-00290_entry | échec : 404 Client Error: Not Found for url: https://transparency.entsog.eu/api/v1/operationaldatas?indicator=Physical+Flow&pointDirection=be-tso-0001itp-00290entry&from=2014-01-01&to=2014-12-31&periodType=hour&timezone=CET&limit=-1
2026-10-02 15:49:41,872 | WARNING | 2014 | ITP-00519_entry | aucune donnée
2026-10-02 15:49:41,874 | ERROR | 2014 | ITP-00519_entry | échec : 404 Client Error: Not Found for url: https://transparency.entsog.eu/api/v1/operationaldatas?indicator=Physical+Flow&pointDirection=be-tso-0001itp-00519entry&from=2014-01-01&to=2014-12-31&periodType=hour&timezone=CET&limit=-1
2026-10-02 15:49:42,282 | WARNING | 2014 | ITP-00526_entry | aucune donnée
2026-10-02 15:49:42,283 | ERROR | 2014 | ITP-00526_entry | échec : 404 Client Error: Not Found for url: https://transparency.entsog.eu/api/v1/operationaldatas?indicator=Physical+Flow&pointDirection=be-tso-0001itp-00526entry&from=2014-01-01&to=2014-12-31&periodType=hour&timezone=CET&limit=-1
2026-10-02 15:49:42,704 | WARNING | 2014 | ITP-00542_entry | aucune donnée
2026-10-02 15:49:42,706 | ERROR | 2014 | ITP-00542_entry | échec : 404 Client Error: Not Found for url: https://transparency.entsog.eu/api/v1/operationaldatas?indicator=Physical+Flow&pointDirection=be-tso-0001itp-00542entry&from=2014-01-01&to=2014-12-31&periodType=hour&timezone=CET&limit=-1
2026-10-02 15:49:43,102 | WARNING | 2014 | ITP-00555_entry | aucune donnée
2026-10-02 15:49:43,103 | ERROR | 2014 | ITP-00555_entry | échec : 404 Client Error: Not Found for url: https://transparency.entsog.eu/api/v1/operationaldatas?indicator=Physical+Flow&pointDirection=be-tso-0001itp-00555entry&from=2014-01-01&to=2014-12-31&periodType=hour&timezone=CET&limit=-1
2026-10-02 15:49:43,582 | WARNING | 2014 | ITP-00614_entry | aucune donnée
2026-10-02 15:49:43,583 | ERROR | 2014 | ITP-00614_entry | échec : 404 Client Error: Not Found for url: https://transparency.entsog.eu/api/v1/operationaldatas?indicator=Physical+Flow&pointDirection=be-tso-0001itp-00614entry&from=2014-01-01&to=2014-12-31&periodType=hour&timezone=CET&limit=-1
2026-10-02 15:49:43,983 | WARNING | 2014 | ITP-00648_entry | aucune donnée
2026-10-02 15:49:43,984 | ERROR | 2014 | ITP-00648_entry | échec : 404 Client Error: Not Found for url: https://transparency.entsog.eu/api/v1/operationaldatas?indicator=Physical+Flow&pointDirection=be-tso-0001itp-00648entry&from=2014-01-01&to=2014-12-31&periodType=hour&timezone=CET&limit=-1
2026-10-02 15:49:44,385 | WARNING | 2014 | LNG-00005_entry | aucune donnée
2026-10-02 15:49:44,386 | ERROR | 2014 | LNG-00005_entry | échec : 404 Client Error: Not Found for url: https://transparency.entsog.eu/api/v1/operationaldatas?indicator=Physical+Flow&pointDirection=be-tso-0001lng-00005entry&from=2014-01-01&to=2014-12-31&periodType=hour&timezone=CET&limit=-1
2026-10-02 15:49:44,805 | WARNING | 2014 | LNG-00017_entry | aucune donnée
2026-10-02 15:49:44,806 | ERROR | 2014 | LNG-00017_entry | échec : 404 Client Error: Not Found for url: https://transparency.entsog.eu/api/v1/operationaldatas?indicator=Physical+Flow&pointDirection=be-tso-0001lng-00017entry&from=2014-01-01&to=2014-12-31&periodType=hour&timezone=CET&limit=-1
2026-10-02 15:49:45,206 | WARNING | 2014 | UGS-00002_entry | aucune donnée
2026-10-02 15:49:45,207 | ERROR | 2014 | UGS-00002_entry | échec : 404 Client Error: Not Found for url: https://transparency.entsog.eu/api/v1/operationaldatas?indicator=Physical+Flow&pointDirection=be-tso-0001ugs-00002entry&from=2014-01-01&to=2014-12-31&periodType=hour&timezone=CET&limit=-1
2026-10-02 15:49:45,615 | WARNING | 2014 | VTP-00029_entry | aucune donnée
2026-10-02 15:49:45,616 | ERROR | 2014 | VTP-00029_entry | échec : 404 Client Error: Not Found for url: https://transparency.entsog.eu/api/v1/operationaldatas?indicator=Physical+Flow&pointDirection=be-tso-0001vtp-00029entry&from=2014-01-01&to=2014-12-31&periodType=hour&timezone=CET&limit=-1
2026-10-02 15:49:46,052 | WARNING | 2014 | DIS-00191_exit | aucune donnée
2026-10-02 15:49:46,053 | ERROR | 2014 | DIS-00191_exit | échec : 404 Client Error: Not Found for url: https://transparency.entsog.eu/api/v1/operationaldatas?indicator=Physical+Flow&pointDirection=be-tso-0001dis-00191exit&from=2014-01-01&to=2014-12-31&periodType=hour&timezone=CET&limit=-1
2026-10-02 15:49:46,459 | WARNING | 2014 | DIS-00192_exit | aucune donnée
2026-10-02 15:49:46,460 | ERROR | 2014 | DIS-00192_exit | échec : 404 Client Error: Not Found for url: https://transparency.entsog.eu/api/v1/operationaldatas?indicator=Physical+Flow&pointDirection=be-tso-0001dis-00192exit&from=2014-01-01&to=2014-12-31&periodType=hour&timezone=CET&limit=-1
2026-10-02 15:49:46,857 | WARNING | 2014 | FNC-00033_exit | aucune donnée
2026-10-02 15:49:46,858 | ERROR | 2014 | FNC-00033_exit | échec : 404 Client Error: Not Found for url: https://transparency.entsog.eu/api/v1/operationaldatas?indicator=Physical+Flow&pointDirection=be-tso-0001fnc-00033exit&from=2014-01-01&to=2014-12-31&periodType=hour&timezone=CET&limit=-1
2026-10-02 15:49:47,290 | WARNING | 2014 | FNC-00034_exit | aucune donnée
2026-10-02 15:49:47,291 | ERROR | 2014 | FNC-00034_exit | échec : 404 Client Error: Not Found for url: https://transparency.entsog.eu/api/v1/operationaldatas?indicator=Physical+Flow&pointDirection=be-tso-0001fnc-00034exit&from=2014-01-01&to=2014-12-31&periodType=hour&timezone=CET&limit=-1
2026-10-02 15:49:47,690 | WARNING | 2014 | FNC-00035_exit | aucune donnée
2026-10-02 15:49:47,690 | ERROR | 2014 | FNC-00035_exit | échec : 404 Client Error: Not Found for url: https://transparency.entsog.eu/api/v1/operationaldatas?indicator=Physical+Flow&pointDirection=be-tso-0001fnc-00035exit&from=2014-01-01&to=2014-12-31&periodType=hour&timezone=CET&limit=-1
2026-10-02 15:49:48,108 | WARNING | 2014 | ITP-00038_exit | aucune donnée
2026-10-02 15:49:48,108 | ERROR | 2014 | ITP-00038_exit | échec : 404 Client Error: Not Found for url: https://transparency.entsog.eu/api/v1/operationaldatas?indicator=Physical+Flow&pointDirection=be-tso-0001itp-00038exit&from=2014-01-01&to=2014-12-31&periodType=hour&timezone=CET&limit=-1
2026-10-02 15:49:48,513 | WARNING | 2014 | ITP-00061_exit | aucune donnée
2026-10-02 15:49:48,515 | ERROR | 2014 | ITP-00061_exit | échec : 404 Client Error: Not Found for url: https://transparency.entsog.eu/api/v1/operationaldatas?indicator=Physical+Flow&pointDirection=be-tso-0001itp-00061exit&from=2014-01-01&to=2014-12-31&periodType=hour&timezone=CET&limit=-1
2026-10-02 15:49:48,923 | WARNING | 2014 | ITP-00088_exit | aucune donnée
2026-10-02 15:49:48,924 | ERROR | 2014 | ITP-00088_exit | échec : 404 Client Error: Not Found for url: https://transparency.entsog.eu/api/v1/operationaldatas?indicator=Physical+Flow&pointDirection=be-tso-0001itp-00088exit&from=2014-01-01&to=2014-12-31&periodType=hour&timezone=CET&limit=-1
2026-10-02 15:49:49,327 | WARNING | 2014 | ITP-00101_exit | aucune donnée
2026-10-02 15:49:49,329 | ERROR | 2014 | ITP-00101_exit | échec : 404 Client Error: Not Found for url: https://transparency.entsog.eu/api/v1/operationaldatas?indicator=Physical+Flow&pointDirection=be-tso-0001itp-00101exit&from=2014-01-01&to=2014-12-31&periodType=hour&timezone=CET&limit=-1
2026-10-02 15:49:49,743 | WARNING | 2014 | ITP-00106_exit | aucune donnée
2026-10-02 15:49:49,744 | ERROR | 2014 | ITP-00106_exit | échec : 404 Client Error: Not Found for url: https://transparency.entsog.eu/api/v1/operationaldatas?indicator=Physical+Flow&pointDirection=be-tso-0001itp-00106exit&from=2014-01-01&to=2014-12-31&periodType=hour&timezone=CET&limit=-1
2026-10-02 15:49:50,151 | WARNING | 2014 | ITP-00110_exit | aucune donnée
2026-10-02 15:49:50,152 | ERROR | 2014 | ITP-00110_exit | échec : 404 Client Error: Not Found for url: https://transparency.entsog.eu/api/v1/operationaldatas?indicator=Physical+Flow&pointDirection=be-tso-0001itp-00110exit&from=2014-01-01&to=2014-12-31&periodType=hour&timezone=CET&limit=-1
2026-10-02 15:49:50,602 | WARNING | 2014 | ITP-00112_exit | aucune donnée
2026-10-02 15:49:50,604 | ERROR | 2014 | ITP-00112_exit | échec : 404 Client Error: Not Found for url: https://transparency.entsog.eu/api/v1/operationaldatas?indicator=Physical+Flow&pointDirection=be-tso-0001itp-00112exit&from=2014-01-01&to=2014-12-31&periodType=hour&timezone=CET&limit=-1
2026-10-02 15:49:51,102 | WARNING | 2014 | ITP-00113_exit | aucune donnée
2026-10-02 15:49:51,102 | ERROR | 2014 | ITP-00113_exit | échec : 404 Client Error: Not Found for url: https://transparency.entsog.eu/api/v1/operationaldatas?indicator=Physical+Flow&pointDirection=be-tso-0001itp-00113exit&from=2014-01-01&to=2014-12-31&periodType=hour&timezone=CET&limit=-1
2026-10-02 15:49:51,515 | WARNING | 2014 | ITP-00114_exit | aucune donnée
2026-10-02 15:49:51,516 | ERROR | 2014 | ITP-00114_exit | échec : 404 Client Error: Not Found for url: https://transparency.entsog.eu/api/v1/operationaldatas?indicator=Physical+Flow&pointDirection=be-tso-0001itp-00114exit&from=2014-01-01&to=2014-12-31&periodType=hour&timezone=CET&limit=-1
2026-10-02 15:49:51,933 | WARNING | 2014 | ITP-00115_exit | aucune donnée
2026-10-02 15:49:51,935 | ERROR | 2014 | ITP-00115_exit | échec : 404 Client Error: Not Found for url: https://transparency.entsog.eu/api/v1/operationaldatas?indicator=Physical+Flow&pointDirection=be-tso-0001itp-00115exit&from=2014-01-01&to=2014-12-31&periodType=hour&timezone=CET&limit=-1
2026-10-02 15:49:52,357 | WARNING | 2014 | ITP-00147_exit | aucune donnée
2026-10-02 15:49:52,358 | ERROR | 2014 | ITP-00147_exit | échec : 404 Client Error: Not Found for url: https://transparency.entsog.eu/api/v1/operationaldatas?indicator=Physical+Flow&pointDirection=be-tso-0001itp-00147exit&from=2014-01-01&to=2014-12-31&periodType=hour&timezone=CET&limit=-1
2026-10-02 15:49:52,760 | WARNING | 2014 | ITP-00159_exit | aucune donnée
2026-10-02 15:49:52,761 | ERROR | 2014 | ITP-00159_exit | échec : 404 Client Error: Not Found for url: https://transparency.entsog.eu/api/v1/operationaldatas?indicator=Physical+Flow&pointDirection=be-tso-0001itp-00159exit&from=2014-01-01&to=2014-12-31&periodType=hour&timezone=CET&limit=-1
2026-10-02 15:49:53,159 | WARNING | 2014 | ITP-00159_exit | aucune donnée
2026-10-02 15:49:53,160 | ERROR | 2014 | ITP-00159_exit | échec : 404 Client Error: Not Found for url: https://transparency.entsog.eu/api/v1/operationaldatas?indicator=Physical+Flow&pointDirection=be-tso-0001itp-00159exit&from=2014-01-01&to=2014-12-31&periodType=hour&timezone=CET&limit=-1
2026-10-02 15:49:53,566 | WARNING | 2014 | ITP-00258_exit | aucune donnée
2026-10-02 15:49:53,567 | ERROR | 2014 | ITP-00258_exit | échec : 404 Client Error: Not Found for url: https://transparency.entsog.eu/api/v1/operationaldatas?indicator=Physical+Flow&pointDirection=be-tso-0001itp-00258exit&from=2014-01-01&to=2014-12-31&periodType=hour&timezone=CET&limit=-1
2026-10-02 15:49:54,029 | WARNING | 2014 | ITP-00289_exit | aucune donnée
2026-10-02 15:49:54,030 | ERROR | 2014 | ITP-00289_exit | échec : 404 Client Error: Not Found for url: https://transparency.entsog.eu/api/v1/operationaldatas?indicator=Physical+Flow&pointDirection=be-tso-0001itp-00289exit&from=2014-01-01&to=2014-12-31&periodType=hour&timezone=CET&limit=-1
2026-10-02 15:49:54,479 | WARNING | 2014 | ITP-00290_exit | aucune donnée
2026-10-02 15:49:54,481 | ERROR | 2014 | ITP-00290_exit | échec : 404 Client Error: Not Found for url: https://transparency.entsog.eu/api/v1/operationaldatas?indicator=Physical+Flow&pointDirection=be-tso-0001itp-00290exit&from=2014-01-01&to=2014-12-31&periodType=hour&timezone=CET&limit=-1
2026-10-02 15:49:54,896 | WARNING | 2014 | ITP-00519_exit | aucune donnée
2026-10-02 15:49:54,897 | ERROR | 2014 | ITP-00519_exit | échec : 404 Client Error: Not Found for url: https://transparency.entsog.eu/api/v1/operationaldatas?indicator=Physical+Flow&pointDirection=be-tso-0001itp-00519exit&from=2014-01-01&to=2014-12-31&periodType=hour&timezone=CET&limit=-1
2026-10-02 15:49:55,324 | WARNING | 2014 | ITP-00526_exit | aucune donnée
2026-10-02 15:49:55,325 | ERROR | 2014 | ITP-00526_exit | échec : 404 Client Error: Not Found for url: https://transparency.entsog.eu/api/v1/operationaldatas?indicator=Physical+Flow&pointDirection=be-tso-0001itp-00526exit&from=2014-01-01&to=2014-12-31&periodType=hour&timezone=CET&limit=-1
2026-10-02 15:49:55,740 | WARNING | 2014 | ITP-00542_exit | aucune donnée
2026-10-02 15:49:55,741 | ERROR | 2014 | ITP-00542_exit | échec : 404 Client Error: Not Found for url: https://transparency.entsog.eu/api/v1/operationaldatas?indicator=Physical+Flow&pointDirection=be-tso-0001itp-00542exit&from=2014-01-01&to=2014-12-31&periodType=hour&timezone=CET&limit=-1
2026-10-02 15:49:56,151 | WARNING | 2014 | ITP-00555_exit | aucune donnée
2026-10-02 15:49:56,151 | ERROR | 2014 | ITP-00555_exit | échec : 404 Client Error: Not Found for url: https://transparency.entsog.eu/api/v1/operationaldatas?indicator=Physical+Flow&pointDirection=be-tso-0001itp-00555exit&from=2014-01-01&to=2014-12-31&periodType=hour&timezone=CET&limit=-1
2026-10-02 15:49:56,569 | WARNING | 2014 | ITP-00614_exit | aucune donnée
2026-10-02 15:49:56,570 | ERROR | 2014 | ITP-00614_exit | échec : 404 Client Error: Not Found for url: https://transparency.entsog.eu/api/v1/operationaldatas?indicator=Physical+Flow&pointDirection=be-tso-0001itp-00614exit&from=2014-01-01&to=2014-12-31&periodType=hour&timezone=CET&limit=-1
2026-10-02 15:49:56,967 | WARNING | 2014 | ITP-00648_exit | aucune donnée
2026-10-02 15:49:56,968 | ERROR | 2014 | ITP-00648_exit | échec : 404 Client Error: Not Found for url: https://transparency.entsog.eu/api/v1/operationaldatas?indicator=Physical+Flow&pointDirection=be-tso-0001itp-00648exit&from=2014-01-01&to=2014-12-31&periodType=hour&timezone=CET&limit=-1
2026-10-02 15:49:57,366 | WARNING | 2014 | LNG-00005_exit | aucune donnée
2026-10-02 15:49:57,367 | ERROR | 2014 | LNG-00005_exit | échec : 404 Client Error: Not Found for url: https://transparency.entsog.eu/api/v1/operationaldatas?indicator=Physical+Flow&pointDirection=be-tso-0001lng-00005exit&from=2014-01-01&to=2014-12-31&periodType=hour&timezone=CET&limit=-1
2026-10-02 15:49:57,779 | WARNING | 2014 | LNG-00017_exit | aucune donnée
2026-10-02 15:49:57,780 | ERROR | 2014 | LNG-00017_exit | échec : 404 Client Error: Not Found for url: https://transparency.entsog.eu/api/v1/operationaldatas?indicator=Physical+Flow&pointDirection=be-tso-0001lng-00017exit&from=2014-01-01&to=2014-12-31&periodType=hour&timezone=CET&limit=-1
2026-10-02 15:49:58,250 | WARNING | 2014 | UGS-00002_exit | aucune donnée
2026-10-02 15:49:58,251 | ERROR | 2014 | UGS-00002_exit | échec : 404 Client Error: Not Found for url: https://transparency.entsog.eu/api/v1/operationaldatas?indicator=Physical+Flow&pointDirection=be-tso-0001ugs-00002exit&from=2014-01-01&to=2014-12-31&periodType=hour&timezone=CET&limit=-1
2026-10-02 15:49:58,667 | WARNING | 2014 | VTP-00029_exit | aucune donnée
2026-10-02 15:49:58,668 | ERROR | 2014 | VTP-00029_exit | échec : 404 Client Error: Not Found for url: https://transparency.entsog.eu/api/v1/operationaldatas?indicator=Physical+Flow&pointDirection=be-tso-0001vtp-00029exit&from=2014-01-01&to=2014-12-31&periodType=hour&timezone=CET&limit=-1
2026-10-02 15:49:59,086 | WARNING | 2015 | DIS-00191_entry | aucune donnée
2026-10-02 15:49:59,087 | ERROR | 2015 | DIS-00191_entry | échec : 404 Client Error: Not Found for url: https://transparency.entsog.eu/api/v1/operationaldatas?indicator=Physical+Flow&pointDirection=be-tso-0001dis-00191entry&from=2015-01-01&to=2015-12-31&periodType=hour&timezone=CET&limit=-1
2026-10-02 15:49:59,496 | WARNING | 2015 | DIS-00192_entry | aucune donnée
2026-10-02 15:49:59,497 | ERROR | 2015 | DIS-00192_entry | échec : 404 Client Error: Not Found for url: https://transparency.entsog.eu/api/v1/operationaldatas?indicator=Physical+Flow&pointDirection=be-tso-0001dis-00192entry&from=2015-01-01&to=2015-12-31&periodType=hour&timezone=CET&limit=-1
2026-10-02 15:49:59,951 | WARNING | 2015 | FNC-00033_entry | aucune donnée
2026-10-02 15:49:59,952 | ERROR | 2015 | FNC-00033_entry | échec : 404 Client Error: Not Found for url: https://transparency.entsog.eu/api/v1/operationaldatas?indicator=Physical+Flow&pointDirection=be-tso-0001fnc-00033entry&from=2015-01-01&to=2015-12-31&periodType=hour&timezone=CET&limit=-1
2026-10-02 15:50:00,434 | WARNING | 2015 | FNC-00034_entry | aucune donnée
2026-10-02 15:50:00,435 | ERROR | 2015 | FNC-00034_entry | échec : 404 Client Error: Not Found for url: https://transparency.entsog.eu/api/v1/operationaldatas?indicator=Physical+Flow&pointDirection=be-tso-0001fnc-00034entry&from=2015-01-01&to=2015-12-31&periodType=hour&timezone=CET&limit=-1
2026-10-02 15:50:00,874 | WARNING | 2015 | FNC-00035_entry | aucune donnée
2026-10-02 15:50:00,875 | ERROR | 2015 | FNC-00035_entry | échec : 404 Client Error: Not Found for url: https://transparency.entsog.eu/api/v1/operationaldatas?indicator=Physical+Flow&pointDirection=be-tso-0001fnc-00035entry&from=2015-01-01&to=2015-12-31&periodType=hour&timezone=CET&limit=-1
2026-10-02 15:50:01,283 | WARNING | 2015 | ITP-00038_entry | aucune donnée
2026-10-02 15:50:01,284 | ERROR | 2015 | ITP-00038_entry | échec : 404 Client Error: Not Found for url: https://transparency.entsog.eu/api/v1/operationaldatas?indicator=Physical+Flow&pointDirection=be-tso-0001itp-00038entry&from=2015-01-01&to=2015-12-31&periodType=hour&timezone=CET&limit=-1
2026-10-02 15:50:01,684 | WARNING | 2015 | ITP-00061_entry | aucune donnée
2026-10-02 15:50:01,684 | ERROR | 2015 | ITP-00061_entry | échec : 404 Client Error: Not Found for url: https://transparency.entsog.eu/api/v1/operationaldatas?indicator=Physical+Flow&pointDirection=be-tso-0001itp-00061entry&from=2015-01-01&to=2015-12-31&periodType=hour&timezone=CET&limit=-1
2026-10-02 15:50:02,100 | WARNING | 2015 | ITP-00088_entry | aucune donnée
2026-10-02 15:50:02,101 | ERROR | 2015 | ITP-00088_entry | échec : 404 Client Error: Not Found for url: https://transparency.entsog.eu/api/v1/operationaldatas?indicator=Physical+Flow&pointDirection=be-tso-0001itp-00088entry&from=2015-01-01&to=2015-12-31&periodType=hour&timezone=CET&limit=-1
2026-10-02 15:50:02,522 | WARNING | 2015 | ITP-00101_entry | aucune donnée
2026-10-02 15:50:02,523 | ERROR | 2015 | ITP-00101_entry | échec : 404 Client Error: Not Found for url: https://transparency.entsog.eu/api/v1/operationaldatas?indicator=Physical+Flow&pointDirection=be-tso-0001itp-00101entry&from=2015-01-01&to=2015-12-31&periodType=hour&timezone=CET&limit=-1
2026-10-02 15:50:02,985 | WARNING | 2015 | ITP-00106_entry | aucune donnée
2026-10-02 15:50:02,986 | ERROR | 2015 | ITP-00106_entry | échec : 404 Client Error: Not Found for url: https://transparency.entsog.eu/api/v1/operationaldatas?indicator=Physical+Flow&pointDirection=be-tso-0001itp-00106entry&from=2015-01-01&to=2015-12-31&periodType=hour&timezone=CET&limit=-1
2026-10-02 15:50:03,379 | WARNING | 2015 | ITP-00110_entry | aucune donnée
2026-10-02 15:50:03,380 | ERROR | 2015 | ITP-00110_entry | échec : 404 Client Error: Not Found for url: https://transparency.entsog.eu/api/v1/operationaldatas?indicator=Physical+Flow&pointDirection=be-tso-0001itp-00110entry&from=2015-01-01&to=2015-12-31&periodType=hour&timezone=CET&limit=-1
2026-10-02 15:50:03,825 | WARNING | 2015 | ITP-00112_entry | aucune donnée
2026-10-02 15:50:03,826 | ERROR | 2015 | ITP-00112_entry | échec : 404 Client Error: Not Found for url: https://transparency.entsog.eu/api/v1/operationaldatas?indicator=Physical+Flow&pointDirection=be-tso-0001itp-00112entry&from=2015-01-01&to=2015-12-31&periodType=hour&timezone=CET&limit=-1
2026-10-02 15:50:04,238 | WARNING | 2015 | ITP-00113_entry | aucune donnée
2026-10-02 15:50:04,240 | ERROR | 2015 | ITP-00113_entry | échec : 404 Client Error: Not Found for url: https://transparency.entsog.eu/api/v1/operationaldatas?indicator=Physical+Flow&pointDirection=be-tso-0001itp-00113entry&from=2015-01-01&to=2015-12-31&periodType=hour&timezone=CET&limit=-1
2026-10-02 15:50:04,651 | WARNING | 2015 | ITP-00114_entry | aucune donnée
2026-10-02 15:50:04,652 | ERROR | 2015 | ITP-00114_entry | échec : 404 Client Error: Not Found for url: https://transparency.entsog.eu/api/v1/operationaldatas?indicator=Physical+Flow&pointDirection=be-tso-0001itp-00114entry&from=2015-01-01&to=2015-12-31&periodType=hour&timezone=CET&limit=-1
2026-10-02 15:50:05,046 | WARNING | 2015 | ITP-00115_entry | aucune donnée
2026-10-02 15:50:05,047 | ERROR | 2015 | ITP-00115_entry | échec : 404 Client Error: Not Found for url: https://transparency.entsog.eu/api/v1/operationaldatas?indicator=Physical+Flow&pointDirection=be-tso-0001itp-00115entry&from=2015-01-01&to=2015-12-31&periodType=hour&timezone=CET&limit=-1
2026-10-02 15:50:05,496 | WARNING | 2015 | ITP-00147_entry | aucune donnée
2026-10-02 15:50:05,498 | ERROR | 2015 | ITP-00147_entry | échec : 404 Client Error: Not Found for url: https://transparency.entsog.eu/api/v1/operationaldatas?indicator=Physical+Flow&pointDirection=be-tso-0001itp-00147entry&from=2015-01-01&to=2015-12-31&periodType=hour&timezone=CET&limit=-1
2026-10-02 15:50:05,920 | WARNING | 2015 | ITP-00258_entry | aucune donnée
2026-10-02 15:50:05,921 | ERROR | 2015 | ITP-00258_entry | échec : 404 Client Error: Not Found for url: https://transparency.entsog.eu/api/v1/operationaldatas?indicator=Physical+Flow&pointDirection=be-tso-0001itp-00258entry&from=2015-01-01&to=2015-12-31&periodType=hour&timezone=CET&limit=-1
2026-10-02 15:50:06,317 | WARNING | 2015 | ITP-00289_entry | aucune donnée
2026-10-02 15:50:06,318 | ERROR | 2015 | ITP-00289_entry | échec : 404 Client Error: Not Found for url: https://transparency.entsog.eu/api/v1/operationaldatas?indicator=Physical+Flow&pointDirection=be-tso-0001itp-00289entry&from=2015-01-01&to=2015-12-31&periodType=hour&timezone=CET&limit=-1
2026-10-02 15:50:06,729 | WARNING | 2015 | ITP-00290_entry | aucune donnée
2026-10-02 15:50:06,730 | ERROR | 2015 | ITP-00290_entry | échec : 404 Client Error: Not Found for url: https://transparency.entsog.eu/api/v1/operationaldatas?indicator=Physical+Flow&pointDirection=be-tso-0001itp-00290entry&from=2015-01-01&to=2015-12-31&periodType=hour&timezone=CET&limit=-1
2026-10-02 15:50:07,125 | WARNING | 2015 | ITP-00519_entry | aucune donnée
2026-10-02 15:50:07,126 | ERROR | 2015 | ITP-00519_entry | échec : 404 Client Error: Not Found for url: https://transparency.entsog.eu/api/v1/operationaldatas?indicator=Physical+Flow&pointDirection=be-tso-0001itp-00519entry&from=2015-01-01&to=2015-12-31&periodType=hour&timezone=CET&limit=-1
2026-10-02 15:50:07,549 | WARNING | 2015 | ITP-00526_entry | aucune donnée
2026-10-02 15:50:07,550 | ERROR | 2015 | ITP-00526_entry | échec : 404 Client Error: Not Found for url: https://transparency.entsog.eu/api/v1/operationaldatas?indicator=Physical+Flow&pointDirection=be-tso-0001itp-00526entry&from=2015-01-01&to=2015-12-31&periodType=hour&timezone=CET&limit=-1
2026-10-02 15:50:07,956 | WARNING | 2015 | ITP-00542_entry | aucune donnée
2026-10-02 15:50:07,957 | ERROR | 2015 | ITP-00542_entry | échec : 404 Client Error: Not Found for url: https://transparency.entsog.eu/api/v1/operationaldatas?indicator=Physical+Flow&pointDirection=be-tso-0001itp-00542entry&from=2015-01-01&to=2015-12-31&periodType=hour&timezone=CET&limit=-1
2026-10-02 15:50:08,359 | WARNING | 2015 | ITP-00555_entry | aucune donnée
2026-10-02 15:50:08,360 | ERROR | 2015 | ITP-00555_entry | échec : 404 Client Error: Not Found for url: https://transparency.entsog.eu/api/v1/operationaldatas?indicator=Physical+Flow&pointDirection=be-tso-0001itp-00555entry&from=2015-01-01&to=2015-12-31&periodType=hour&timezone=CET&limit=-1
2026-10-02 15:50:08,792 | WARNING | 2015 | ITP-00614_entry | aucune donnée
2026-10-02 15:50:08,793 | ERROR | 2015 | ITP-00614_entry | échec : 404 Client Error: Not Found for url: https://transparency.entsog.eu/api/v1/operationaldatas?indicator=Physical+Flow&pointDirection=be-tso-0001itp-00614entry&from=2015-01-01&to=2015-12-31&periodType=hour&timezone=CET&limit=-1
2026-10-02 15:50:09,214 | WARNING | 2015 | ITP-00648_entry | aucune donnée
2026-10-02 15:50:09,216 | ERROR | 2015 | ITP-00648_entry | échec : 404 Client Error: Not Found for url: https://transparency.entsog.eu/api/v1/operationaldatas?indicator=Physical+Flow&pointDirection=be-tso-0001itp-00648entry&from=2015-01-01&to=2015-12-31&periodType=hour&timezone=CET&limit=-1
2026-10-02 15:50:09,640 | WARNING | 2015 | LNG-00005_entry | aucune donnée
2026-10-02 15:50:09,641 | ERROR | 2015 | LNG-00005_entry | échec : 404 Client Error: Not Found for url: https://transparency.entsog.eu/api/v1/operationaldatas?indicator=Physical+Flow&pointDirection=be-tso-0001lng-00005entry&from=2015-01-01&to=2015-12-31&periodType=hour&timezone=CET&limit=-1
2026-10-02 15:50:10,062 | WARNING | 2015 | LNG-00017_entry | aucune donnée
2026-10-02 15:50:10,063 | ERROR | 2015 | LNG-00017_entry | échec : 404 Client Error: Not Found for url: https://transparency.entsog.eu/api/v1/operationaldatas?indicator=Physical+Flow&pointDirection=be-tso-0001lng-00017entry&from=2015-01-01&to=2015-12-31&periodType=hour&timezone=CET&limit=-1
2026-10-02 15:50:10,503 | WARNING | 2015 | UGS-00002_entry | aucune donnée
2026-10-02 15:50:10,504 | ERROR | 2015 | UGS-00002_entry | échec : 404 Client Error: Not Found for url: https://transparency.entsog.eu/api/v1/operationaldatas?indicator=Physical+Flow&pointDirection=be-tso-0001ugs-00002entry&from=2015-01-01&to=2015-12-31&periodType=hour&timezone=CET&limit=-1
2026-10-02 15:50:10,903 | WARNING | 2015 | VTP-00029_entry | aucune donnée
2026-10-02 15:50:10,904 | ERROR | 2015 | VTP-00029_entry | échec : 404 Client Error: Not Found for url: https://transparency.entsog.eu/api/v1/operationaldatas?indicator=Physical+Flow&pointDirection=be-tso-0001vtp-00029entry&from=2015-01-01&to=2015-12-31&periodType=hour&timezone=CET&limit=-1
2026-10-02 15:50:11,339 | WARNING | 2015 | DIS-00191_exit | aucune donnée
2026-10-02 15:50:11,340 | ERROR | 2015 | DIS-00191_exit | échec : 404 Client Error: Not Found for url: https://transparency.entsog.eu/api/v1/operationaldatas?indicator=Physical+Flow&pointDirection=be-tso-0001dis-00191exit&from=2015-01-01&to=2015-12-31&periodType=hour&timezone=CET&limit=-1
2026-10-02 15:50:11,787 | WARNING | 2015 | DIS-00192_exit | aucune donnée
2026-10-02 15:50:11,788 | ERROR | 2015 | DIS-00192_exit | échec : 404 Client Error: Not Found for url: https://transparency.entsog.eu/api/v1/operationaldatas?indicator=Physical+Flow&pointDirection=be-tso-0001dis-00192exit&from=2015-01-01&to=2015-12-31&periodType=hour&timezone=CET&limit=-1
2026-10-02 15:50:12,209 | WARNING | 2015 | FNC-00033_exit | aucune donnée
2026-10-02 15:50:12,210 | ERROR | 2015 | FNC-00033_exit | échec : 404 Client Error: Not Found for url: https://transparency.entsog.eu/api/v1/operationaldatas?indicator=Physical+Flow&pointDirection=be-tso-0001fnc-00033exit&from=2015-01-01&to=2015-12-31&periodType=hour&timezone=CET&limit=-1
2026-10-02 15:50:12,632 | WARNING | 2015 | FNC-00034_exit | aucune donnée
2026-10-02 15:50:12,633 | ERROR | 2015 | FNC-00034_exit | échec : 404 Client Error: Not Found for url: https://transparency.entsog.eu/api/v1/operationaldatas?indicator=Physical+Flow&pointDirection=be-tso-0001fnc-00034exit&from=2015-01-01&to=2015-12-31&periodType=hour&timezone=CET&limit=-1
2026-10-02 15:50:13,064 | WARNING | 2015 | FNC-00035_exit | aucune donnée
2026-10-02 15:50:13,065 | ERROR | 2015 | FNC-00035_exit | échec : 404 Client Error: Not Found for url: https://transparency.entsog.eu/api/v1/operationaldatas?indicator=Physical+Flow&pointDirection=be-tso-0001fnc-00035exit&from=2015-01-01&to=2015-12-31&periodType=hour&timezone=CET&limit=-1
2026-10-02 15:50:13,496 | WARNING | 2015 | ITP-00038_exit | aucune donnée
2026-10-02 15:50:13,497 | ERROR | 2015 | ITP-00038_exit | échec : 404 Client Error: Not Found for url: https://transparency.entsog.eu/api/v1/operationaldatas?indicator=Physical+Flow&pointDirection=be-tso-0001itp-00038exit&from=2015-01-01&to=2015-12-31&periodType=hour&timezone=CET&limit=-1
2026-10-02 15:50:13,921 | WARNING | 2015 | ITP-00061_exit | aucune donnée
2026-10-02 15:50:13,923 | ERROR | 2015 | ITP-00061_exit | échec : 404 Client Error: Not Found for url: https://transparency.entsog.eu/api/v1/operationaldatas?indicator=Physical+Flow&pointDirection=be-tso-0001itp-00061exit&from=2015-01-01&to=2015-12-31&periodType=hour&timezone=CET&limit=-1
2026-10-02 15:50:14,365 | WARNING | 2015 | ITP-00088_exit | aucune donnée
2026-10-02 15:50:14,367 | ERROR | 2015 | ITP-00088_exit | échec : 404 Client Error: Not Found for url: https://transparency.entsog.eu/api/v1/operationaldatas?indicator=Physical+Flow&pointDirection=be-tso-0001itp-00088exit&from=2015-01-01&to=2015-12-31&periodType=hour&timezone=CET&limit=-1
2026-10-02 15:50:14,763 | WARNING | 2015 | ITP-00101_exit | aucune donnée
2026-10-02 15:50:14,765 | ERROR | 2015 | ITP-00101_exit | échec : 404 Client Error: Not Found for url: https://transparency.entsog.eu/api/v1/operationaldatas?indicator=Physical+Flow&pointDirection=be-tso-0001itp-00101exit&from=2015-01-01&to=2015-12-31&periodType=hour&timezone=CET&limit=-1
2026-10-02 15:50:15,181 | WARNING | 2015 | ITP-00106_exit | aucune donnée
2026-10-02 15:50:15,181 | ERROR | 2015 | ITP-00106_exit | échec : 404 Client Error: Not Found for url: https://transparency.entsog.eu/api/v1/operationaldatas?indicator=Physical+Flow&pointDirection=be-tso-0001itp-00106exit&from=2015-01-01&to=2015-12-31&periodType=hour&timezone=CET&limit=-1
2026-10-02 15:50:16,631 | WARNING | 2015 | ITP-00110_exit | aucune donnée
2026-10-02 15:50:16,632 | ERROR | 2015 | ITP-00110_exit | échec : 404 Client Error: Not Found for url: https://transparency.entsog.eu/api/v1/operationaldatas?indicator=Physical+Flow&pointDirection=be-tso-0001itp-00110exit&from=2015-01-01&to=2015-12-31&periodType=hour&timezone=CET&limit=-1
2026-10-02 15:50:17,068 | WARNING | 2015 | ITP-00112_exit | aucune donnée
2026-10-02 15:50:17,070 | ERROR | 2015 | ITP-00112_exit | échec : 404 Client Error: Not Found for url: https://transparency.entsog.eu/api/v1/operationaldatas?indicator=Physical+Flow&pointDirection=be-tso-0001itp-00112exit&from=2015-01-01&to=2015-12-31&periodType=hour&timezone=CET&limit=-1
2026-10-02 15:50:17,497 | WARNING | 2015 | ITP-00113_exit | aucune donnée
2026-10-02 15:50:17,498 | ERROR | 2015 | ITP-00113_exit | échec : 404 Client Error: Not Found for url: https://transparency.entsog.eu/api/v1/operationaldatas?indicator=Physical+Flow&pointDirection=be-tso-0001itp-00113exit&from=2015-01-01&to=2015-12-31&periodType=hour&timezone=CET&limit=-1
2026-10-02 15:50:18,003 | WARNING | 2015 | ITP-00114_exit | aucune donnée
2026-10-02 15:50:18,004 | ERROR | 2015 | ITP-00114_exit | échec : 404 Client Error: Not Found for url: https://transparency.entsog.eu/api/v1/operationaldatas?indicator=Physical+Flow&pointDirection=be-tso-0001itp-00114exit&from=2015-01-01&to=2015-12-31&periodType=hour&timezone=CET&limit=-1
2026-10-02 15:50:18,432 | WARNING | 2015 | ITP-00115_exit | aucune donnée
2026-10-02 15:50:18,433 | ERROR | 2015 | ITP-00115_exit | échec : 404 Client Error: Not Found for url: https://transparency.entsog.eu/api/v1/operationaldatas?indicator=Physical+Flow&pointDirection=be-tso-0001itp-00115exit&from=2015-01-01&to=2015-12-31&periodType=hour&timezone=CET&limit=-1
2026-10-02 15:50:18,894 | WARNING | 2015 | ITP-00147_exit | aucune donnée
2026-10-02 15:50:18,895 | ERROR | 2015 | ITP-00147_exit | échec : 404 Client Error: Not Found for url: https://transparency.entsog.eu/api/v1/operationaldatas?indicator=Physical+Flow&pointDirection=be-tso-0001itp-00147exit&from=2015-01-01&to=2015-12-31&periodType=hour&timezone=CET&limit=-1
2026-10-02 15:50:19,297 | WARNING | 2015 | ITP-00159_exit | aucune donnée
2026-10-02 15:50:19,299 | ERROR | 2015 | ITP-00159_exit | échec : 404 Client Error: Not Found for url: https://transparency.entsog.eu/api/v1/operationaldatas?indicator=Physical+Flow&pointDirection=be-tso-0001itp-00159exit&from=2015-01-01&to=2015-12-31&periodType=hour&timezone=CET&limit=-1
2026-10-02 15:50:19,689 | WARNING | 2015 | ITP-00159_exit | aucune donnée
2026-10-02 15:50:19,690 | ERROR | 2015 | ITP-00159_exit | échec : 404 Client Error: Not Found for url: https://transparency.entsog.eu/api/v1/operationaldatas?indicator=Physical+Flow&pointDirection=be-tso-0001itp-00159exit&from=2015-01-01&to=2015-12-31&periodType=hour&timezone=CET&limit=-1
2026-10-02 15:50:20,102 | WARNING | 2015 | ITP-00258_exit | aucune donnée
2026-10-02 15:50:20,103 | ERROR | 2015 | ITP-00258_exit | échec : 404 Client Error: Not Found for url: https://transparency.entsog.eu/api/v1/operationaldatas?indicator=Physical+Flow&pointDirection=be-tso-0001itp-00258exit&from=2015-01-01&to=2015-12-31&periodType=hour&timezone=CET&limit=-1
2026-10-02 15:50:20,520 | WARNING | 2015 | ITP-00289_exit | aucune donnée
2026-10-02 15:50:20,521 | ERROR | 2015 | ITP-00289_exit | échec : 404 Client Error: Not Found for url: https://transparency.entsog.eu/api/v1/operationaldatas?indicator=Physical+Flow&pointDirection=be-tso-0001itp-00289exit&from=2015-01-01&to=2015-12-31&periodType=hour&timezone=CET&limit=-1
2026-10-02 15:50:20,936 | WARNING | 2015 | ITP-00290_exit | aucune donnée
2026-10-02 15:50:20,937 | ERROR | 2015 | ITP-00290_exit | échec : 404 Client Error: Not Found for url: https://transparency.entsog.eu/api/v1/operationaldatas?indicator=Physical+Flow&pointDirection=be-tso-0001itp-00290exit&from=2015-01-01&to=2015-12-31&periodType=hour&timezone=CET&limit=-1
2026-10-02 15:50:21,334 | WARNING | 2015 | ITP-00519_exit | aucune donnée
2026-10-02 15:50:21,335 | ERROR | 2015 | ITP-00519_exit | échec : 404 Client Error: Not Found for url: https://transparency.entsog.eu/api/v1/operationaldatas?indicator=Physical+Flow&pointDirection=be-tso-0001itp-00519exit&from=2015-01-01&to=2015-12-31&periodType=hour&timezone=CET&limit=-1
2026-10-02 15:50:21,728 | WARNING | 2015 | ITP-00526_exit | aucune donnée
2026-10-02 15:50:21,729 | ERROR | 2015 | ITP-00526_exit | échec : 404 Client Error: Not Found for url: https://transparency.entsog.eu/api/v1/operationaldatas?indicator=Physical+Flow&pointDirection=be-tso-0001itp-00526exit&from=2015-01-01&to=2015-12-31&periodType=hour&timezone=CET&limit=-1
2026-10-02 15:50:22,137 | WARNING | 2015 | ITP-00542_exit | aucune donnée
2026-10-02 15:50:22,138 | ERROR | 2015 | ITP-00542_exit | échec : 404 Client Error: Not Found for url: https://transparency.entsog.eu/api/v1/operationaldatas?indicator=Physical+Flow&pointDirection=be-tso-0001itp-00542exit&from=2015-01-01&to=2015-12-31&periodType=hour&timezone=CET&limit=-1
2026-10-02 15:50:22,550 | WARNING | 2015 | ITP-00555_exit | aucune donnée
2026-10-02 15:50:22,551 | ERROR | 2015 | ITP-00555_exit | échec : 404 Client Error: Not Found for url: https://transparency.entsog.eu/api/v1/operationaldatas?indicator=Physical+Flow&pointDirection=be-tso-0001itp-00555exit&from=2015-01-01&to=2015-12-31&periodType=hour&timezone=CET&limit=-1
2026-10-02 15:50:22,956 | WARNING | 2015 | ITP-00614_exit | aucune donnée
2026-10-02 15:50:22,957 | ERROR | 2015 | ITP-00614_exit | échec : 404 Client Error: Not Found for url: https://transparency.entsog.eu/api/v1/operationaldatas?indicator=Physical+Flow&pointDirection=be-tso-0001itp-00614exit&from=2015-01-01&to=2015-12-31&periodType=hour&timezone=CET&limit=-1
2026-10-02 15:50:23,360 | WARNING | 2015 | ITP-00648_exit | aucune donnée
2026-10-02 15:50:23,361 | ERROR | 2015 | ITP-00648_exit | échec : 404 Client Error: Not Found for url: https://transparency.entsog.eu/api/v1/operationaldatas?indicator=Physical+Flow&pointDirection=be-tso-0001itp-00648exit&from=2015-01-01&to=2015-12-31&periodType=hour&timezone=CET&limit=-1
2026-10-02 15:50:23,771 | WARNING | 2015 | LNG-00005_exit | aucune donnée
2026-10-02 15:50:23,772 | ERROR | 2015 | LNG-00005_exit | échec : 404 Client Error: Not Found for url: https://transparency.entsog.eu/api/v1/operationaldatas?indicator=Physical+Flow&pointDirection=be-tso-0001lng-00005exit&from=2015-01-01&to=2015-12-31&periodType=hour&timezone=CET&limit=-1
2026-10-02 15:50:24,179 | WARNING | 2015 | LNG-00017_exit | aucune donnée
2026-10-02 15:50:24,180 | ERROR | 2015 | LNG-00017_exit | échec : 404 Client Error: Not Found for url: https://transparency.entsog.eu/api/v1/operationaldatas?indicator=Physical+Flow&pointDirection=be-tso-0001lng-00017exit&from=2015-01-01&to=2015-12-31&periodType=hour&timezone=CET&limit=-1
2026-10-02 15:50:24,587 | WARNING | 2015 | UGS-00002_exit | aucune donnée
2026-10-02 15:50:24,588 | ERROR | 2015 | UGS-00002_exit | échec : 404 Client Error: Not Found for url: https://transparency.entsog.eu/api/v1/operationaldatas?indicator=Physical+Flow&pointDirection=be-tso-0001ugs-00002exit&from=2015-01-01&to=2015-12-31&periodType=hour&timezone=CET&limit=-1
2026-10-02 15:50:24,999 | WARNING | 2015 | VTP-00029_exit | aucune donnée
2026-10-02 15:50:25,000 | ERROR | 2015 | VTP-00029_exit | échec : 404 Client Error: Not Found for url: https://transparency.entsog.eu/api/v1/operationaldatas?indicator=Physical+Flow&pointDirection=be-tso-0001vtp-00029exit&from=2015-01-01&to=2015-12-31&periodType=hour&timezone=CET&limit=-1
2026-10-02 15:50:25,422 | WARNING | 2016 | DIS-00191_entry | aucune donnée
2026-10-02 15:50:25,423 | ERROR | 2016 | DIS-00191_entry | échec : 404 Client Error: Not Found for url: https://transparency.entsog.eu/api/v1/operationaldatas?indicator=Physical+Flow&pointDirection=be-tso-0001dis-00191entry&from=2016-01-01&to=2016-12-31&periodType=hour&timezone=CET&limit=-1
2026-10-02 15:50:25,839 | WARNING | 2016 | DIS-00192_entry | aucune donnée
2026-10-02 15:50:25,839 | ERROR | 2016 | DIS-00192_entry | échec : 404 Client Error: Not Found for url: https://transparency.entsog.eu/api/v1/operationaldatas?indicator=Physical+Flow&pointDirection=be-tso-0001dis-00192entry&from=2016-01-01&to=2016-12-31&periodType=hour&timezone=CET&limit=-1
2026-10-02 15:50:26,255 | WARNING | 2016 | FNC-00033_entry | aucune donnée
2026-10-02 15:50:26,256 | ERROR | 2016 | FNC-00033_entry | échec : 404 Client Error: Not Found for url: https://transparency.entsog.eu/api/v1/operationaldatas?indicator=Physical+Flow&pointDirection=be-tso-0001fnc-00033entry&from=2016-01-01&to=2016-12-31&periodType=hour&timezone=CET&limit=-1
2026-10-02 15:50:26,691 | WARNING | 2016 | FNC-00034_entry | aucune donnée
2026-10-02 15:50:26,692 | ERROR | 2016 | FNC-00034_entry | échec : 404 Client Error: Not Found for url: https://transparency.entsog.eu/api/v1/operationaldatas?indicator=Physical+Flow&pointDirection=be-tso-0001fnc-00034entry&from=2016-01-01&to=2016-12-31&periodType=hour&timezone=CET&limit=-1
2026-10-02 15:50:27,086 | WARNING | 2016 | FNC-00035_entry | aucune donnée
2026-10-02 15:50:27,087 | ERROR | 2016 | FNC-00035_entry | échec : 404 Client Error: Not Found for url: https://transparency.entsog.eu/api/v1/operationaldatas?indicator=Physical+Flow&pointDirection=be-tso-0001fnc-00035entry&from=2016-01-01&to=2016-12-31&periodType=hour&timezone=CET&limit=-1
2026-10-02 15:50:27,484 | WARNING | 2016 | ITP-00038_entry | aucune donnée
2026-10-02 15:50:27,485 | ERROR | 2016 | ITP-00038_entry | échec : 404 Client Error: Not Found for url: https://transparency.entsog.eu/api/v1/operationaldatas?indicator=Physical+Flow&pointDirection=be-tso-0001itp-00038entry&from=2016-01-01&to=2016-12-31&periodType=hour&timezone=CET&limit=-1
2026-10-02 15:50:27,895 | WARNING | 2016 | ITP-00061_entry | aucune donnée
2026-10-02 15:50:27,896 | ERROR | 2016 | ITP-00061_entry | échec : 404 Client Error: Not Found for url: https://transparency.entsog.eu/api/v1/operationaldatas?indicator=Physical+Flow&pointDirection=be-tso-0001itp-00061entry&from=2016-01-01&to=2016-12-31&periodType=hour&timezone=CET&limit=-1
2026-10-02 15:50:28,300 | WARNING | 2016 | ITP-00088_entry | aucune donnée
2026-10-02 15:50:28,301 | ERROR | 2016 | ITP-00088_entry | échec : 404 Client Error: Not Found for url: https://transparency.entsog.eu/api/v1/operationaldatas?indicator=Physical+Flow&pointDirection=be-tso-0001itp-00088entry&from=2016-01-01&to=2016-12-31&periodType=hour&timezone=CET&limit=-1
2026-10-02 15:50:28,701 | WARNING | 2016 | ITP-00101_entry | aucune donnée
2026-10-02 15:50:28,701 | ERROR | 2016 | ITP-00101_entry | échec : 404 Client Error: Not Found for url: https://transparency.entsog.eu/api/v1/operationaldatas?indicator=Physical+Flow&pointDirection=be-tso-0001itp-00101entry&from=2016-01-01&to=2016-12-31&periodType=hour&timezone=CET&limit=-1
2026-10-02 15:50:29,117 | WARNING | 2016 | ITP-00106_entry | aucune donnée
2026-10-02 15:50:29,118 | ERROR | 2016 | ITP-00106_entry | échec : 404 Client Error: Not Found for url: https://transparency.entsog.eu/api/v1/operationaldatas?indicator=Physical+Flow&pointDirection=be-tso-0001itp-00106entry&from=2016-01-01&to=2016-12-31&periodType=hour&timezone=CET&limit=-1
2026-10-02 15:50:29,542 | WARNING | 2016 | ITP-00110_entry | aucune donnée
2026-10-02 15:50:29,543 | ERROR | 2016 | ITP-00110_entry | échec : 404 Client Error: Not Found for url: https://transparency.entsog.eu/api/v1/operationaldatas?indicator=Physical+Flow&pointDirection=be-tso-0001itp-00110entry&from=2016-01-01&to=2016-12-31&periodType=hour&timezone=CET&limit=-1
2026-10-02 15:50:29,946 | WARNING | 2016 | ITP-00112_entry | aucune donnée
2026-10-02 15:50:29,947 | ERROR | 2016 | ITP-00112_entry | échec : 404 Client Error: Not Found for url: https://transparency.entsog.eu/api/v1/operationaldatas?indicator=Physical+Flow&pointDirection=be-tso-0001itp-00112entry&from=2016-01-01&to=2016-12-31&periodType=hour&timezone=CET&limit=-1
2026-10-02 15:50:30,376 | WARNING | 2016 | ITP-00113_entry | aucune donnée
2026-10-02 15:50:30,377 | ERROR | 2016 | ITP-00113_entry | échec : 404 Client Error: Not Found for url: https://transparency.entsog.eu/api/v1/operationaldatas?indicator=Physical+Flow&pointDirection=be-tso-0001itp-00113entry&from=2016-01-01&to=2016-12-31&periodType=hour&timezone=CET&limit=-1
2026-10-02 15:50:30,791 | WARNING | 2016 | ITP-00114_entry | aucune donnée
2026-10-02 15:50:30,792 | ERROR | 2016 | ITP-00114_entry | échec : 404 Client Error: Not Found for url: https://transparency.entsog.eu/api/v1/operationaldatas?indicator=Physical+Flow&pointDirection=be-tso-0001itp-00114entry&from=2016-01-01&to=2016-12-31&periodType=hour&timezone=CET&limit=-1
2026-10-02 15:50:31,350 | WARNING | 2016 | ITP-00115_entry | aucune donnée
2026-10-02 15:50:31,351 | ERROR | 2016 | ITP-00115_entry | échec : 404 Client Error: Not Found for url: https://transparency.entsog.eu/api/v1/operationaldatas?indicator=Physical+Flow&pointDirection=be-tso-0001itp-00115entry&from=2016-01-01&to=2016-12-31&periodType=hour&timezone=CET&limit=-1
2026-10-02 15:50:31,752 | WARNING | 2016 | ITP-00147_entry | aucune donnée
2026-10-02 15:50:31,753 | ERROR | 2016 | ITP-00147_entry | échec : 404 Client Error: Not Found for url: https://transparency.entsog.eu/api/v1/operationaldatas?indicator=Physical+Flow&pointDirection=be-tso-0001itp-00147entry&from=2016-01-01&to=2016-12-31&periodType=hour&timezone=CET&limit=-1
2026-10-02 15:50:32,149 | WARNING | 2016 | ITP-00258_entry | aucune donnée
2026-10-02 15:50:32,150 | ERROR | 2016 | ITP-00258_entry | échec : 404 Client Error: Not Found for url: https://transparency.entsog.eu/api/v1/operationaldatas?indicator=Physical+Flow&pointDirection=be-tso-0001itp-00258entry&from=2016-01-01&to=2016-12-31&periodType=hour&timezone=CET&limit=-1
2026-10-02 15:50:32,549 | WARNING | 2016 | ITP-00289_entry | aucune donnée
2026-10-02 15:50:32,550 | ERROR | 2016 | ITP-00289_entry | échec : 404 Client Error: Not Found for url: https://transparency.entsog.eu/api/v1/operationaldatas?indicator=Physical+Flow&pointDirection=be-tso-0001itp-00289entry&from=2016-01-01&to=2016-12-31&periodType=hour&timezone=CET&limit=-1
2026-10-02 15:50:32,954 | WARNING | 2016 | ITP-00290_entry | aucune donnée
2026-10-02 15:50:32,955 | ERROR | 2016 | ITP-00290_entry | échec : 404 Client Error: Not Found for url: https://transparency.entsog.eu/api/v1/operationaldatas?indicator=Physical+Flow&pointDirection=be-tso-0001itp-00290entry&from=2016-01-01&to=2016-12-31&periodType=hour&timezone=CET&limit=-1
2026-10-02 15:50:33,359 | WARNING | 2016 | ITP-00519_entry | aucune donnée
2026-10-02 15:50:33,360 | ERROR | 2016 | ITP-00519_entry | échec : 404 Client Error: Not Found for url: https://transparency.entsog.eu/api/v1/operationaldatas?indicator=Physical+Flow&pointDirection=be-tso-0001itp-00519entry&from=2016-01-01&to=2016-12-31&periodType=hour&timezone=CET&limit=-1
2026-10-02 15:50:33,755 | WARNING | 2016 | ITP-00526_entry | aucune donnée
2026-10-02 15:50:33,756 | ERROR | 2016 | ITP-00526_entry | échec : 404 Client Error: Not Found for url: https://transparency.entsog.eu/api/v1/operationaldatas?indicator=Physical+Flow&pointDirection=be-tso-0001itp-00526entry&from=2016-01-01&to=2016-12-31&periodType=hour&timezone=CET&limit=-1
2026-10-02 15:50:34,163 | WARNING | 2016 | ITP-00542_entry | aucune donnée
2026-10-02 15:50:34,164 | ERROR | 2016 | ITP-00542_entry | échec : 404 Client Error: Not Found for url: https://transparency.entsog.eu/api/v1/operationaldatas?indicator=Physical+Flow&pointDirection=be-tso-0001itp-00542entry&from=2016-01-01&to=2016-12-31&periodType=hour&timezone=CET&limit=-1
2026-10-02 15:50:34,564 | WARNING | 2016 | ITP-00555_entry | aucune donnée
2026-10-02 15:50:34,565 | ERROR | 2016 | ITP-00555_entry | échec : 404 Client Error: Not Found for url: https://transparency.entsog.eu/api/v1/operationaldatas?indicator=Physical+Flow&pointDirection=be-tso-0001itp-00555entry&from=2016-01-01&to=2016-12-31&periodType=hour&timezone=CET&limit=-1
2026-10-02 15:50:34,987 | WARNING | 2016 | ITP-00614_entry | aucune donnée
2026-10-02 15:50:34,988 | ERROR | 2016 | ITP-00614_entry | échec : 404 Client Error: Not Found for url: https://transparency.entsog.eu/api/v1/operationaldatas?indicator=Physical+Flow&pointDirection=be-tso-0001itp-00614entry&from=2016-01-01&to=2016-12-31&periodType=hour&timezone=CET&limit=-1
2026-10-02 15:50:35,414 | WARNING | 2016 | ITP-00648_entry | aucune donnée
2026-10-02 15:50:35,415 | ERROR | 2016 | ITP-00648_entry | échec : 404 Client Error: Not Found for url: https://transparency.entsog.eu/api/v1/operationaldatas?indicator=Physical+Flow&pointDirection=be-tso-0001itp-00648entry&from=2016-01-01&to=2016-12-31&periodType=hour&timezone=CET&limit=-1
2026-10-02 15:50:35,813 | WARNING | 2016 | LNG-00005_entry | aucune donnée
2026-10-02 15:50:35,814 | ERROR | 2016 | LNG-00005_entry | échec : 404 Client Error: Not Found for url: https://transparency.entsog.eu/api/v1/operationaldatas?indicator=Physical+Flow&pointDirection=be-tso-0001lng-00005entry&from=2016-01-01&to=2016-12-31&periodType=hour&timezone=CET&limit=-1
2026-10-02 15:50:36,228 | WARNING | 2016 | LNG-00017_entry | aucune donnée
2026-10-02 15:50:36,229 | ERROR | 2016 | LNG-00017_entry | échec : 404 Client Error: Not Found for url: https://transparency.entsog.eu/api/v1/operationaldatas?indicator=Physical+Flow&pointDirection=be-tso-0001lng-00017entry&from=2016-01-01&to=2016-12-31&periodType=hour&timezone=CET&limit=-1
2026-10-02 15:50:36,647 | WARNING | 2016 | UGS-00002_entry | aucune donnée
2026-10-02 15:50:36,648 | ERROR | 2016 | UGS-00002_entry | échec : 404 Client Error: Not Found for url: https://transparency.entsog.eu/api/v1/operationaldatas?indicator=Physical+Flow&pointDirection=be-tso-0001ugs-00002entry&from=2016-01-01&to=2016-12-31&periodType=hour&timezone=CET&limit=-1
2026-10-02 15:50:37,064 | WARNING | 2016 | VTP-00029_entry | aucune donnée
2026-10-02 15:50:37,065 | ERROR | 2016 | VTP-00029_entry | échec : 404 Client Error: Not Found for url: https://transparency.entsog.eu/api/v1/operationaldatas?indicator=Physical+Flow&pointDirection=be-tso-0001vtp-00029entry&from=2016-01-01&to=2016-12-31&periodType=hour&timezone=CET&limit=-1
2026-10-02 15:50:37,465 | WARNING | 2016 | DIS-00191_exit | aucune donnée
2026-10-02 15:50:37,466 | ERROR | 2016 | DIS-00191_exit | échec : 404 Client Error: Not Found for url: https://transparency.entsog.eu/api/v1/operationaldatas?indicator=Physical+Flow&pointDirection=be-tso-0001dis-00191exit&from=2016-01-01&to=2016-12-31&periodType=hour&timezone=CET&limit=-1
2026-10-02 15:50:37,887 | WARNING | 2016 | DIS-00192_exit | aucune donnée
2026-10-02 15:50:37,888 | ERROR | 2016 | DIS-00192_exit | échec : 404 Client Error: Not Found for url: https://transparency.entsog.eu/api/v1/operationaldatas?indicator=Physical+Flow&pointDirection=be-tso-0001dis-00192exit&from=2016-01-01&to=2016-12-31&periodType=hour&timezone=CET&limit=-1
2026-10-02 15:50:38,315 | WARNING | 2016 | FNC-00033_exit | aucune donnée
2026-10-02 15:50:38,315 | ERROR | 2016 | FNC-00033_exit | échec : 404 Client Error: Not Found for url: https://transparency.entsog.eu/api/v1/operationaldatas?indicator=Physical+Flow&pointDirection=be-tso-0001fnc-00033exit&from=2016-01-01&to=2016-12-31&periodType=hour&timezone=CET&limit=-1
2026-10-02 15:50:38,732 | WARNING | 2016 | FNC-00034_exit | aucune donnée
2026-10-02 15:50:38,733 | ERROR | 2016 | FNC-00034_exit | échec : 404 Client Error: Not Found for url: https://transparency.entsog.eu/api/v1/operationaldatas?indicator=Physical+Flow&pointDirection=be-tso-0001fnc-00034exit&from=2016-01-01&to=2016-12-31&periodType=hour&timezone=CET&limit=-1
2026-10-02 15:50:39,128 | WARNING | 2016 | FNC-00035_exit | aucune donnée
2026-10-02 15:50:39,129 | ERROR | 2016 | FNC-00035_exit | échec : 404 Client Error: Not Found for url: https://transparency.entsog.eu/api/v1/operationaldatas?indicator=Physical+Flow&pointDirection=be-tso-0001fnc-00035exit&from=2016-01-01&to=2016-12-31&periodType=hour&timezone=CET&limit=-1
2026-10-02 15:50:39,522 | WARNING | 2016 | ITP-00038_exit | aucune donnée
2026-10-02 15:50:39,523 | ERROR | 2016 | ITP-00038_exit | échec : 404 Client Error: Not Found for url: https://transparency.entsog.eu/api/v1/operationaldatas?indicator=Physical+Flow&pointDirection=be-tso-0001itp-00038exit&from=2016-01-01&to=2016-12-31&periodType=hour&timezone=CET&limit=-1
2026-10-02 15:50:39,961 | WARNING | 2016 | ITP-00061_exit | aucune donnée
2026-10-02 15:50:39,962 | ERROR | 2016 | ITP-00061_exit | échec : 404 Client Error: Not Found for url: https://transparency.entsog.eu/api/v1/operationaldatas?indicator=Physical+Flow&pointDirection=be-tso-0001itp-00061exit&from=2016-01-01&to=2016-12-31&periodType=hour&timezone=CET&limit=-1
2026-10-02 15:50:40,370 | WARNING | 2016 | ITP-00088_exit | aucune donnée
2026-10-02 15:50:40,371 | ERROR | 2016 | ITP-00088_exit | échec : 404 Client Error: Not Found for url: https://transparency.entsog.eu/api/v1/operationaldatas?indicator=Physical+Flow&pointDirection=be-tso-0001itp-00088exit&from=2016-01-01&to=2016-12-31&periodType=hour&timezone=CET&limit=-1
2026-10-02 15:50:40,767 | WARNING | 2016 | ITP-00101_exit | aucune donnée
2026-10-02 15:50:40,768 | ERROR | 2016 | ITP-00101_exit | échec : 404 Client Error: Not Found for url: https://transparency.entsog.eu/api/v1/operationaldatas?indicator=Physical+Flow&pointDirection=be-tso-0001itp-00101exit&from=2016-01-01&to=2016-12-31&periodType=hour&timezone=CET&limit=-1
2026-10-02 15:50:41,177 | WARNING | 2016 | ITP-00106_exit | aucune donnée
2026-10-02 15:50:41,178 | ERROR | 2016 | ITP-00106_exit | échec : 404 Client Error: Not Found for url: https://transparency.entsog.eu/api/v1/operationaldatas?indicator=Physical+Flow&pointDirection=be-tso-0001itp-00106exit&from=2016-01-01&to=2016-12-31&periodType=hour&timezone=CET&limit=-1
2026-10-02 15:50:41,598 | WARNING | 2016 | ITP-00110_exit | aucune donnée
2026-10-02 15:50:41,599 | ERROR | 2016 | ITP-00110_exit | échec : 404 Client Error: Not Found for url: https://transparency.entsog.eu/api/v1/operationaldatas?indicator=Physical+Flow&pointDirection=be-tso-0001itp-00110exit&from=2016-01-01&to=2016-12-31&periodType=hour&timezone=CET&limit=-1
2026-10-02 15:50:42,017 | WARNING | 2016 | ITP-00112_exit | aucune donnée
2026-10-02 15:50:42,018 | ERROR | 2016 | ITP-00112_exit | échec : 404 Client Error: Not Found for url: https://transparency.entsog.eu/api/v1/operationaldatas?indicator=Physical+Flow&pointDirection=be-tso-0001itp-00112exit&from=2016-01-01&to=2016-12-31&periodType=hour&timezone=CET&limit=-1
2026-10-02 15:50:42,436 | WARNING | 2016 | ITP-00113_exit | aucune donnée
2026-10-02 15:50:42,436 | ERROR | 2016 | ITP-00113_exit | échec : 404 Client Error: Not Found for url: https://transparency.entsog.eu/api/v1/operationaldatas?indicator=Physical+Flow&pointDirection=be-tso-0001itp-00113exit&from=2016-01-01&to=2016-12-31&periodType=hour&timezone=CET&limit=-1
2026-10-02 15:50:42,850 | WARNING | 2016 | ITP-00114_exit | aucune donnée
2026-10-02 15:50:42,851 | ERROR | 2016 | ITP-00114_exit | échec : 404 Client Error: Not Found for url: https://transparency.entsog.eu/api/v1/operationaldatas?indicator=Physical+Flow&pointDirection=be-tso-0001itp-00114exit&from=2016-01-01&to=2016-12-31&periodType=hour&timezone=CET&limit=-1
2026-10-02 15:50:43,278 | WARNING | 2016 | ITP-00115_exit | aucune donnée
2026-10-02 15:50:43,280 | ERROR | 2016 | ITP-00115_exit | échec : 404 Client Error: Not Found for url: https://transparency.entsog.eu/api/v1/operationaldatas?indicator=Physical+Flow&pointDirection=be-tso-0001itp-00115exit&from=2016-01-01&to=2016-12-31&periodType=hour&timezone=CET&limit=-1
2026-10-02 15:50:43,699 | WARNING | 2016 | ITP-00147_exit | aucune donnée
2026-10-02 15:50:43,700 | ERROR | 2016 | ITP-00147_exit | échec : 404 Client Error: Not Found for url: https://transparency.entsog.eu/api/v1/operationaldatas?indicator=Physical+Flow&pointDirection=be-tso-0001itp-00147exit&from=2016-01-01&to=2016-12-31&periodType=hour&timezone=CET&limit=-1
2026-10-02 15:50:44,100 | WARNING | 2016 | ITP-00159_exit | aucune donnée
2026-10-02 15:50:44,100 | ERROR | 2016 | ITP-00159_exit | échec : 404 Client Error: Not Found for url: https://transparency.entsog.eu/api/v1/operationaldatas?indicator=Physical+Flow&pointDirection=be-tso-0001itp-00159exit&from=2016-01-01&to=2016-12-31&periodType=hour&timezone=CET&limit=-1
2026-10-02 15:50:44,497 | WARNING | 2016 | ITP-00159_exit | aucune donnée
2026-10-02 15:50:44,498 | ERROR | 2016 | ITP-00159_exit | échec : 404 Client Error: Not Found for url: https://transparency.entsog.eu/api/v1/operationaldatas?indicator=Physical+Flow&pointDirection=be-tso-0001itp-00159exit&from=2016-01-01&to=2016-12-31&periodType=hour&timezone=CET&limit=-1
2026-10-02 15:50:44,903 | WARNING | 2016 | ITP-00258_exit | aucune donnée
2026-10-02 15:50:44,904 | ERROR | 2016 | ITP-00258_exit | échec : 404 Client Error: Not Found for url: https://transparency.entsog.eu/api/v1/operationaldatas?indicator=Physical+Flow&pointDirection=be-tso-0001itp-00258exit&from=2016-01-01&to=2016-12-31&periodType=hour&timezone=CET&limit=-1
2026-10-02 15:50:45,318 | WARNING | 2016 | ITP-00289_exit | aucune donnée
2026-10-02 15:50:45,319 | ERROR | 2016 | ITP-00289_exit | échec : 404 Client Error: Not Found for url: https://transparency.entsog.eu/api/v1/operationaldatas?indicator=Physical+Flow&pointDirection=be-tso-0001itp-00289exit&from=2016-01-01&to=2016-12-31&periodType=hour&timezone=CET&limit=-1
2026-10-02 15:50:45,735 | WARNING | 2016 | ITP-00290_exit | aucune donnée
2026-10-02 15:50:45,736 | ERROR | 2016 | ITP-00290_exit | échec : 404 Client Error: Not Found for url: https://transparency.entsog.eu/api/v1/operationaldatas?indicator=Physical+Flow&pointDirection=be-tso-0001itp-00290exit&from=2016-01-01&to=2016-12-31&periodType=hour&timezone=CET&limit=-1
2026-10-02 15:50:46,153 | WARNING | 2016 | ITP-00519_exit | aucune donnée
2026-10-02 15:50:46,153 | ERROR | 2016 | ITP-00519_exit | échec : 404 Client Error: Not Found for url: https://transparency.entsog.eu/api/v1/operationaldatas?indicator=Physical+Flow&pointDirection=be-tso-0001itp-00519exit&from=2016-01-01&to=2016-12-31&periodType=hour&timezone=CET&limit=-1
2026-10-02 15:50:46,579 | WARNING | 2016 | ITP-00526_exit | aucune donnée
2026-10-02 15:50:46,581 | ERROR | 2016 | ITP-00526_exit | échec : 404 Client Error: Not Found for url: https://transparency.entsog.eu/api/v1/operationaldatas?indicator=Physical+Flow&pointDirection=be-tso-0001itp-00526exit&from=2016-01-01&to=2016-12-31&periodType=hour&timezone=CET&limit=-1
2026-10-02 15:50:46,982 | WARNING | 2016 | ITP-00542_exit | aucune donnée
2026-10-02 15:50:46,982 | ERROR | 2016 | ITP-00542_exit | échec : 404 Client Error: Not Found for url: https://transparency.entsog.eu/api/v1/operationaldatas?indicator=Physical+Flow&pointDirection=be-tso-0001itp-00542exit&from=2016-01-01&to=2016-12-31&periodType=hour&timezone=CET&limit=-1
2026-10-02 15:50:47,378 | WARNING | 2016 | ITP-00555_exit | aucune donnée
2026-10-02 15:50:47,379 | ERROR | 2016 | ITP-00555_exit | échec : 404 Client Error: Not Found for url: https://transparency.entsog.eu/api/v1/operationaldatas?indicator=Physical+Flow&pointDirection=be-tso-0001itp-00555exit&from=2016-01-01&to=2016-12-31&periodType=hour&timezone=CET&limit=-1
2026-10-02 15:50:47,795 | WARNING | 2016 | ITP-00614_exit | aucune donnée
2026-10-02 15:50:47,795 | ERROR | 2016 | ITP-00614_exit | échec : 404 Client Error: Not Found for url: https://transparency.entsog.eu/api/v1/operationaldatas?indicator=Physical+Flow&pointDirection=be-tso-0001itp-00614exit&from=2016-01-01&to=2016-12-31&periodType=hour&timezone=CET&limit=-1
2026-10-02 15:50:48,204 | WARNING | 2016 | ITP-00648_exit | aucune donnée
2026-10-02 15:50:48,205 | ERROR | 2016 | ITP-00648_exit | échec : 404 Client Error: Not Found for url: https://transparency.entsog.eu/api/v1/operationaldatas?indicator=Physical+Flow&pointDirection=be-tso-0001itp-00648exit&from=2016-01-01&to=2016-12-31&periodType=hour&timezone=CET&limit=-1
2026-10-02 15:50:48,610 | WARNING | 2016 | LNG-00005_exit | aucune donnée
2026-10-02 15:50:48,611 | ERROR | 2016 | LNG-00005_exit | échec : 404 Client Error: Not Found for url: https://transparency.entsog.eu/api/v1/operationaldatas?indicator=Physical+Flow&pointDirection=be-tso-0001lng-00005exit&from=2016-01-01&to=2016-12-31&periodType=hour&timezone=CET&limit=-1
2026-10-02 15:50:49,014 | WARNING | 2016 | LNG-00017_exit | aucune donnée
2026-10-02 15:50:49,015 | ERROR | 2016 | LNG-00017_exit | échec : 404 Client Error: Not Found for url: https://transparency.entsog.eu/api/v1/operationaldatas?indicator=Physical+Flow&pointDirection=be-tso-0001lng-00017exit&from=2016-01-01&to=2016-12-31&periodType=hour&timezone=CET&limit=-1
2026-10-02 15:50:49,433 | WARNING | 2016 | UGS-00002_exit | aucune donnée
2026-10-02 15:50:49,433 | ERROR | 2016 | UGS-00002_exit | échec : 404 Client Error: Not Found for url: https://transparency.entsog.eu/api/v1/operationaldatas?indicator=Physical+Flow&pointDirection=be-tso-0001ugs-00002exit&from=2016-01-01&to=2016-12-31&periodType=hour&timezone=CET&limit=-1
2026-10-02 15:50:49,860 | WARNING | 2016 | VTP-00029_exit | aucune donnée
2026-10-02 15:50:49,861 | ERROR | 2016 | VTP-00029_exit | échec : 404 Client Error: Not Found for url: https://transparency.entsog.eu/api/v1/operationaldatas?indicator=Physical+Flow&pointDirection=be-tso-0001vtp-00029exit&from=2016-01-01&to=2016-12-31&periodType=hour&timezone=CET&limit=-1
2026-10-02 15:50:50,286 | WARNING | 2017 | DIS-00191_entry | aucune donnée
2026-10-02 15:50:50,287 | ERROR | 2017 | DIS-00191_entry | échec : 404 Client Error: Not Found for url: https://transparency.entsog.eu/api/v1/operationaldatas?indicator=Physical+Flow&pointDirection=be-tso-0001dis-00191entry&from=2017-01-01&to=2017-12-31&periodType=hour&timezone=CET&limit=-1
2026-10-02 15:50:50,726 | WARNING | 2017 | DIS-00192_entry | aucune donnée
2026-10-02 15:50:50,727 | ERROR | 2017 | DIS-00192_entry | échec : 404 Client Error: Not Found for url: https://transparency.entsog.eu/api/v1/operationaldatas?indicator=Physical+Flow&pointDirection=be-tso-0001dis-00192entry&from=2017-01-01&to=2017-12-31&periodType=hour&timezone=CET&limit=-1
2026-10-02 15:50:51,157 | WARNING | 2017 | FNC-00033_entry | aucune donnée
2026-10-02 15:50:51,159 | ERROR | 2017 | FNC-00033_entry | échec : 404 Client Error: Not Found for url: https://transparency.entsog.eu/api/v1/operationaldatas?indicator=Physical+Flow&pointDirection=be-tso-0001fnc-00033entry&from=2017-01-01&to=2017-12-31&periodType=hour&timezone=CET&limit=-1
2026-10-02 15:50:51,563 | WARNING | 2017 | FNC-00034_entry | aucune donnée
2026-10-02 15:50:51,564 | ERROR | 2017 | FNC-00034_entry | échec : 404 Client Error: Not Found for url: https://transparency.entsog.eu/api/v1/operationaldatas?indicator=Physical+Flow&pointDirection=be-tso-0001fnc-00034entry&from=2017-01-01&to=2017-12-31&periodType=hour&timezone=CET&limit=-1
2026-10-02 15:50:51,964 | WARNING | 2017 | FNC-00035_entry | aucune donnée
2026-10-02 15:50:51,964 | ERROR | 2017 | FNC-00035_entry | échec : 404 Client Error: Not Found for url: https://transparency.entsog.eu/api/v1/operationaldatas?indicator=Physical+Flow&pointDirection=be-tso-0001fnc-00035entry&from=2017-01-01&to=2017-12-31&periodType=hour&timezone=CET&limit=-1
2026-10-02 15:50:52,380 | WARNING | 2017 | ITP-00038_entry | aucune donnée
2026-10-02 15:50:52,381 | ERROR | 2017 | ITP-00038_entry | échec : 404 Client Error: Not Found for url: https://transparency.entsog.eu/api/v1/operationaldatas?indicator=Physical+Flow&pointDirection=be-tso-0001itp-00038entry&from=2017-01-01&to=2017-12-31&periodType=hour&timezone=CET&limit=-1
2026-10-02 15:50:52,786 | WARNING | 2017 | ITP-00061_entry | aucune donnée
2026-10-02 15:50:52,786 | ERROR | 2017 | ITP-00061_entry | échec : 404 Client Error: Not Found for url: https://transparency.entsog.eu/api/v1/operationaldatas?indicator=Physical+Flow&pointDirection=be-tso-0001itp-00061entry&from=2017-01-01&to=2017-12-31&periodType=hour&timezone=CET&limit=-1
2026-10-02 15:50:53,219 | WARNING | 2017 | ITP-00088_entry | aucune donnée
2026-10-02 15:50:53,221 | ERROR | 2017 | ITP-00088_entry | échec : 404 Client Error: Not Found for url: https://transparency.entsog.eu/api/v1/operationaldatas?indicator=Physical+Flow&pointDirection=be-tso-0001itp-00088entry&from=2017-01-01&to=2017-12-31&periodType=hour&timezone=CET&limit=-1
2026-10-02 15:50:53,639 | WARNING | 2017 | ITP-00101_entry | aucune donnée
2026-10-02 15:50:53,640 | ERROR | 2017 | ITP-00101_entry | échec : 404 Client Error: Not Found for url: https://transparency.entsog.eu/api/v1/operationaldatas?indicator=Physical+Flow&pointDirection=be-tso-0001itp-00101entry&from=2017-01-01&to=2017-12-31&periodType=hour&timezone=CET&limit=-1
2026-10-02 15:50:54,105 | WARNING | 2017 | ITP-00106_entry | aucune donnée
2026-10-02 15:50:54,106 | ERROR | 2017 | ITP-00106_entry | échec : 404 Client Error: Not Found for url: https://transparency.entsog.eu/api/v1/operationaldatas?indicator=Physical+Flow&pointDirection=be-tso-0001itp-00106entry&from=2017-01-01&to=2017-12-31&periodType=hour&timezone=CET&limit=-1
2026-10-02 15:50:54,530 | WARNING | 2017 | ITP-00110_entry | aucune donnée
2026-10-02 15:50:54,531 | ERROR | 2017 | ITP-00110_entry | échec : 404 Client Error: Not Found for url: https://transparency.entsog.eu/api/v1/operationaldatas?indicator=Physical+Flow&pointDirection=be-tso-0001itp-00110entry&from=2017-01-01&to=2017-12-31&periodType=hour&timezone=CET&limit=-1
2026-10-02 15:50:54,939 | WARNING | 2017 | ITP-00112_entry | aucune donnée
2026-10-02 15:50:54,940 | ERROR | 2017 | ITP-00112_entry | échec : 404 Client Error: Not Found for url: https://transparency.entsog.eu/api/v1/operationaldatas?indicator=Physical+Flow&pointDirection=be-tso-0001itp-00112entry&from=2017-01-01&to=2017-12-31&periodType=hour&timezone=CET&limit=-1
2026-10-02 15:50:55,353 | WARNING | 2017 | ITP-00113_entry | aucune donnée
2026-10-02 15:50:55,354 | ERROR | 2017 | ITP-00113_entry | échec : 404 Client Error: Not Found for url: https://transparency.entsog.eu/api/v1/operationaldatas?indicator=Physical+Flow&pointDirection=be-tso-0001itp-00113entry&from=2017-01-01&to=2017-12-31&periodType=hour&timezone=CET&limit=-1
2026-10-02 15:50:55,772 | WARNING | 2017 | ITP-00114_entry | aucune donnée
2026-10-02 15:50:55,773 | ERROR | 2017 | ITP-00114_entry | échec : 404 Client Error: Not Found for url: https://transparency.entsog.eu/api/v1/operationaldatas?indicator=Physical+Flow&pointDirection=be-tso-0001itp-00114entry&from=2017-01-01&to=2017-12-31&periodType=hour&timezone=CET&limit=-1
2026-10-02 15:50:56,217 | WARNING | 2017 | ITP-00115_entry | aucune donnée
2026-10-02 15:50:56,218 | ERROR | 2017 | ITP-00115_entry | échec : 404 Client Error: Not Found for url: https://transparency.entsog.eu/api/v1/operationaldatas?indicator=Physical+Flow&pointDirection=be-tso-0001itp-00115entry&from=2017-01-01&to=2017-12-31&periodType=hour&timezone=CET&limit=-1
2026-10-02 15:50:56,657 | WARNING | 2017 | ITP-00147_entry | aucune donnée
2026-10-02 15:50:56,658 | ERROR | 2017 | ITP-00147_entry | échec : 404 Client Error: Not Found for url: https://transparency.entsog.eu/api/v1/operationaldatas?indicator=Physical+Flow&pointDirection=be-tso-0001itp-00147entry&from=2017-01-01&to=2017-12-31&periodType=hour&timezone=CET&limit=-1
2026-10-02 15:50:57,062 | WARNING | 2017 | ITP-00258_entry | aucune donnée
2026-10-02 15:50:57,063 | ERROR | 2017 | ITP-00258_entry | échec : 404 Client Error: Not Found for url: https://transparency.entsog.eu/api/v1/operationaldatas?indicator=Physical+Flow&pointDirection=be-tso-0001itp-00258entry&from=2017-01-01&to=2017-12-31&periodType=hour&timezone=CET&limit=-1
2026-10-02 15:50:57,465 | WARNING | 2017 | ITP-00289_entry | aucune donnée
2026-10-02 15:50:57,466 | ERROR | 2017 | ITP-00289_entry | échec : 404 Client Error: Not Found for url: https://transparency.entsog.eu/api/v1/operationaldatas?indicator=Physical+Flow&pointDirection=be-tso-0001itp-00289entry&from=2017-01-01&to=2017-12-31&periodType=hour&timezone=CET&limit=-1
2026-10-02 15:50:57,884 | WARNING | 2017 | ITP-00290_entry | aucune donnée
2026-10-02 15:50:57,885 | ERROR | 2017 | ITP-00290_entry | échec : 404 Client Error: Not Found for url: https://transparency.entsog.eu/api/v1/operationaldatas?indicator=Physical+Flow&pointDirection=be-tso-0001itp-00290entry&from=2017-01-01&to=2017-12-31&periodType=hour&timezone=CET&limit=-1
2026-10-02 15:50:58,282 | WARNING | 2017 | ITP-00519_entry | aucune donnée
2026-10-02 15:50:58,283 | ERROR | 2017 | ITP-00519_entry | échec : 404 Client Error: Not Found for url: https://transparency.entsog.eu/api/v1/operationaldatas?indicator=Physical+Flow&pointDirection=be-tso-0001itp-00519entry&from=2017-01-01&to=2017-12-31&periodType=hour&timezone=CET&limit=-1
2026-10-02 15:50:58,705 | WARNING | 2017 | ITP-00526_entry | aucune donnée
2026-10-02 15:50:58,706 | ERROR | 2017 | ITP-00526_entry | échec : 404 Client Error: Not Found for url: https://transparency.entsog.eu/api/v1/operationaldatas?indicator=Physical+Flow&pointDirection=be-tso-0001itp-00526entry&from=2017-01-01&to=2017-12-31&periodType=hour&timezone=CET&limit=-1
2026-10-02 15:50:59,100 | WARNING | 2017 | ITP-00542_entry | aucune donnée
2026-10-02 15:50:59,101 | ERROR | 2017 | ITP-00542_entry | échec : 404 Client Error: Not Found for url: https://transparency.entsog.eu/api/v1/operationaldatas?indicator=Physical+Flow&pointDirection=be-tso-0001itp-00542entry&from=2017-01-01&to=2017-12-31&periodType=hour&timezone=CET&limit=-1
2026-10-02 15:50:59,501 | WARNING | 2017 | ITP-00555_entry | aucune donnée
2026-10-02 15:50:59,501 | ERROR | 2017 | ITP-00555_entry | échec : 404 Client Error: Not Found for url: https://transparency.entsog.eu/api/v1/operationaldatas?indicator=Physical+Flow&pointDirection=be-tso-0001itp-00555entry&from=2017-01-01&to=2017-12-31&periodType=hour&timezone=CET&limit=-1
2026-10-02 15:50:59,948 | WARNING | 2017 | ITP-00614_entry | aucune donnée
2026-10-02 15:50:59,949 | ERROR | 2017 | ITP-00614_entry | échec : 404 Client Error: Not Found for url: https://transparency.entsog.eu/api/v1/operationaldatas?indicator=Physical+Flow&pointDirection=be-tso-0001itp-00614entry&from=2017-01-01&to=2017-12-31&periodType=hour&timezone=CET&limit=-1
2026-10-02 15:51:00,353 | WARNING | 2017 | ITP-00648_entry | aucune donnée
2026-10-02 15:51:00,354 | ERROR | 2017 | ITP-00648_entry | échec : 404 Client Error: Not Found for url: https://transparency.entsog.eu/api/v1/operationaldatas?indicator=Physical+Flow&pointDirection=be-tso-0001itp-00648entry&from=2017-01-01&to=2017-12-31&periodType=hour&timezone=CET&limit=-1
2026-10-02 15:51:00,777 | WARNING | 2017 | LNG-00005_entry | aucune donnée
2026-10-02 15:51:00,778 | ERROR | 2017 | LNG-00005_entry | échec : 404 Client Error: Not Found for url: https://transparency.entsog.eu/api/v1/operationaldatas?indicator=Physical+Flow&pointDirection=be-tso-0001lng-00005entry&from=2017-01-01&to=2017-12-31&periodType=hour&timezone=CET&limit=-1
2026-10-02 15:51:01,192 | WARNING | 2017 | LNG-00017_entry | aucune donnée
2026-10-02 15:51:01,193 | ERROR | 2017 | LNG-00017_entry | échec : 404 Client Error: Not Found for url: https://transparency.entsog.eu/api/v1/operationaldatas?indicator=Physical+Flow&pointDirection=be-tso-0001lng-00017entry&from=2017-01-01&to=2017-12-31&periodType=hour&timezone=CET&limit=-1
2026-10-02 15:51:01,585 | WARNING | 2017 | UGS-00002_entry | aucune donnée
2026-10-02 15:51:01,586 | ERROR | 2017 | UGS-00002_entry | échec : 404 Client Error: Not Found for url: https://transparency.entsog.eu/api/v1/operationaldatas?indicator=Physical+Flow&pointDirection=be-tso-0001ugs-00002entry&from=2017-01-01&to=2017-12-31&periodType=hour&timezone=CET&limit=-1
2026-10-02 15:51:01,996 | WARNING | 2017 | VTP-00029_entry | aucune donnée
2026-10-02 15:51:01,997 | ERROR | 2017 | VTP-00029_entry | échec : 404 Client Error: Not Found for url: https://transparency.entsog.eu/api/v1/operationaldatas?indicator=Physical+Flow&pointDirection=be-tso-0001vtp-00029entry&from=2017-01-01&to=2017-12-31&periodType=hour&timezone=CET&limit=-1
2026-10-02 15:51:02,594 | WARNING | 2017 | DIS-00191_exit | aucune donnée
2026-10-02 15:51:02,595 | ERROR | 2017 | DIS-00191_exit | échec : 404 Client Error: Not Found for url: https://transparency.entsog.eu/api/v1/operationaldatas?indicator=Physical+Flow&pointDirection=be-tso-0001dis-00191exit&from=2017-01-01&to=2017-12-31&periodType=hour&timezone=CET&limit=-1
2026-10-02 15:51:03,007 | WARNING | 2017 | DIS-00192_exit | aucune donnée
2026-10-02 15:51:03,009 | ERROR | 2017 | DIS-00192_exit | échec : 404 Client Error: Not Found for url: https://transparency.entsog.eu/api/v1/operationaldatas?indicator=Physical+Flow&pointDirection=be-tso-0001dis-00192exit&from=2017-01-01&to=2017-12-31&periodType=hour&timezone=CET&limit=-1
2026-10-02 15:51:03,423 | WARNING | 2017 | FNC-00033_exit | aucune donnée
2026-10-02 15:51:03,425 | ERROR | 2017 | FNC-00033_exit | échec : 404 Client Error: Not Found for url: https://transparency.entsog.eu/api/v1/operationaldatas?indicator=Physical+Flow&pointDirection=be-tso-0001fnc-00033exit&from=2017-01-01&to=2017-12-31&periodType=hour&timezone=CET&limit=-1
2026-10-02 15:51:03,845 | WARNING | 2017 | FNC-00034_exit | aucune donnée
2026-10-02 15:51:03,845 | ERROR | 2017 | FNC-00034_exit | échec : 404 Client Error: Not Found for url: https://transparency.entsog.eu/api/v1/operationaldatas?indicator=Physical+Flow&pointDirection=be-tso-0001fnc-00034exit&from=2017-01-01&to=2017-12-31&periodType=hour&timezone=CET&limit=-1
2026-10-02 15:51:04,253 | WARNING | 2017 | FNC-00035_exit | aucune donnée
2026-10-02 15:51:04,254 | ERROR | 2017 | FNC-00035_exit | échec : 404 Client Error: Not Found for url: https://transparency.entsog.eu/api/v1/operationaldatas?indicator=Physical+Flow&pointDirection=be-tso-0001fnc-00035exit&from=2017-01-01&to=2017-12-31&periodType=hour&timezone=CET&limit=-1
2026-10-02 15:51:04,666 | WARNING | 2017 | ITP-00038_exit | aucune donnée
2026-10-02 15:51:04,667 | ERROR | 2017 | ITP-00038_exit | échec : 404 Client Error: Not Found for url: https://transparency.entsog.eu/api/v1/operationaldatas?indicator=Physical+Flow&pointDirection=be-tso-0001itp-00038exit&from=2017-01-01&to=2017-12-31&periodType=hour&timezone=CET&limit=-1
2026-10-02 15:51:05,083 | WARNING | 2017 | ITP-00061_exit | aucune donnée
2026-10-02 15:51:05,084 | ERROR | 2017 | ITP-00061_exit | échec : 404 Client Error: Not Found for url: https://transparency.entsog.eu/api/v1/operationaldatas?indicator=Physical+Flow&pointDirection=be-tso-0001itp-00061exit&from=2017-01-01&to=2017-12-31&periodType=hour&timezone=CET&limit=-1
2026-10-02 15:51:05,484 | WARNING | 2017 | ITP-00088_exit | aucune donnée
2026-10-02 15:51:05,485 | ERROR | 2017 | ITP-00088_exit | échec : 404 Client Error: Not Found for url: https://transparency.entsog.eu/api/v1/operationaldatas?indicator=Physical+Flow&pointDirection=be-tso-0001itp-00088exit&from=2017-01-01&to=2017-12-31&periodType=hour&timezone=CET&limit=-1
2026-10-02 15:51:05,880 | WARNING | 2017 | ITP-00101_exit | aucune donnée
2026-10-02 15:51:05,881 | ERROR | 2017 | ITP-00101_exit | échec : 404 Client Error: Not Found for url: https://transparency.entsog.eu/api/v1/operationaldatas?indicator=Physical+Flow&pointDirection=be-tso-0001itp-00101exit&from=2017-01-01&to=2017-12-31&periodType=hour&timezone=CET&limit=-1
2026-10-02 15:51:06,282 | WARNING | 2017 | ITP-00106_exit | aucune donnée
2026-10-02 15:51:06,283 | ERROR | 2017 | ITP-00106_exit | échec : 404 Client Error: Not Found for url: https://transparency.entsog.eu/api/v1/operationaldatas?indicator=Physical+Flow&pointDirection=be-tso-0001itp-00106exit&from=2017-01-01&to=2017-12-31&periodType=hour&timezone=CET&limit=-1
2026-10-02 15:51:06,735 | WARNING | 2017 | ITP-00110_exit | aucune donnée
2026-10-02 15:51:06,736 | ERROR | 2017 | ITP-00110_exit | échec : 404 Client Error: Not Found for url: https://transparency.entsog.eu/api/v1/operationaldatas?indicator=Physical+Flow&pointDirection=be-tso-0001itp-00110exit&from=2017-01-01&to=2017-12-31&periodType=hour&timezone=CET&limit=-1
2026-10-02 15:51:07,148 | WARNING | 2017 | ITP-00112_exit | aucune donnée
2026-10-02 15:51:07,149 | ERROR | 2017 | ITP-00112_exit | échec : 404 Client Error: Not Found for url: https://transparency.entsog.eu/api/v1/operationaldatas?indicator=Physical+Flow&pointDirection=be-tso-0001itp-00112exit&from=2017-01-01&to=2017-12-31&periodType=hour&timezone=CET&limit=-1
2026-10-02 15:51:07,559 | WARNING | 2017 | ITP-00113_exit | aucune donnée
2026-10-02 15:51:07,560 | ERROR | 2017 | ITP-00113_exit | échec : 404 Client Error: Not Found for url: https://transparency.entsog.eu/api/v1/operationaldatas?indicator=Physical+Flow&pointDirection=be-tso-0001itp-00113exit&from=2017-01-01&to=2017-12-31&periodType=hour&timezone=CET&limit=-1
2026-10-02 15:51:07,972 | WARNING | 2017 | ITP-00114_exit | aucune donnée
2026-10-02 15:51:07,973 | ERROR | 2017 | ITP-00114_exit | échec : 404 Client Error: Not Found for url: https://transparency.entsog.eu/api/v1/operationaldatas?indicator=Physical+Flow&pointDirection=be-tso-0001itp-00114exit&from=2017-01-01&to=2017-12-31&periodType=hour&timezone=CET&limit=-1
2026-10-02 15:51:08,373 | WARNING | 2017 | ITP-00115_exit | aucune donnée
2026-10-02 15:51:08,374 | ERROR | 2017 | ITP-00115_exit | échec : 404 Client Error: Not Found for url: https://transparency.entsog.eu/api/v1/operationaldatas?indicator=Physical+Flow&pointDirection=be-tso-0001itp-00115exit&from=2017-01-01&to=2017-12-31&periodType=hour&timezone=CET&limit=-1
2026-10-02 15:51:08,769 | WARNING | 2017 | ITP-00147_exit | aucune donnée
2026-10-02 15:51:08,770 | ERROR | 2017 | ITP-00147_exit | échec : 404 Client Error: Not Found for url: https://transparency.entsog.eu/api/v1/operationaldatas?indicator=Physical+Flow&pointDirection=be-tso-0001itp-00147exit&from=2017-01-01&to=2017-12-31&periodType=hour&timezone=CET&limit=-1
2026-10-02 15:51:09,178 | WARNING | 2017 | ITP-00159_exit | aucune donnée
2026-10-02 15:51:09,179 | ERROR | 2017 | ITP-00159_exit | échec : 404 Client Error: Not Found for url: https://transparency.entsog.eu/api/v1/operationaldatas?indicator=Physical+Flow&pointDirection=be-tso-0001itp-00159exit&from=2017-01-01&to=2017-12-31&periodType=hour&timezone=CET&limit=-1
2026-10-02 15:51:09,571 | WARNING | 2017 | ITP-00159_exit | aucune donnée
2026-10-02 15:51:09,572 | ERROR | 2017 | ITP-00159_exit | échec : 404 Client Error: Not Found for url: https://transparency.entsog.eu/api/v1/operationaldatas?indicator=Physical+Flow&pointDirection=be-tso-0001itp-00159exit&from=2017-01-01&to=2017-12-31&periodType=hour&timezone=CET&limit=-1
2026-10-02 15:51:09,992 | WARNING | 2017 | ITP-00258_exit | aucune donnée
2026-10-02 15:51:09,994 | ERROR | 2017 | ITP-00258_exit | échec : 404 Client Error: Not Found for url: https://transparency.entsog.eu/api/v1/operationaldatas?indicator=Physical+Flow&pointDirection=be-tso-0001itp-00258exit&from=2017-01-01&to=2017-12-31&periodType=hour&timezone=CET&limit=-1
2026-10-02 15:51:10,386 | WARNING | 2017 | ITP-00289_exit | aucune donnée
2026-10-02 15:51:10,387 | ERROR | 2017 | ITP-00289_exit | échec : 404 Client Error: Not Found for url: https://transparency.entsog.eu/api/v1/operationaldatas?indicator=Physical+Flow&pointDirection=be-tso-0001itp-00289exit&from=2017-01-01&to=2017-12-31&periodType=hour&timezone=CET&limit=-1
2026-10-02 15:51:10,787 | WARNING | 2017 | ITP-00290_exit | aucune donnée
2026-10-02 15:51:10,788 | ERROR | 2017 | ITP-00290_exit | échec : 404 Client Error: Not Found for url: https://transparency.entsog.eu/api/v1/operationaldatas?indicator=Physical+Flow&pointDirection=be-tso-0001itp-00290exit&from=2017-01-01&to=2017-12-31&periodType=hour&timezone=CET&limit=-1
2026-10-02 15:51:11,189 | WARNING | 2017 | ITP-00519_exit | aucune donnée
2026-10-02 15:51:11,190 | ERROR | 2017 | ITP-00519_exit | échec : 404 Client Error: Not Found for url: https://transparency.entsog.eu/api/v1/operationaldatas?indicator=Physical+Flow&pointDirection=be-tso-0001itp-00519exit&from=2017-01-01&to=2017-12-31&periodType=hour&timezone=CET&limit=-1
2026-10-02 15:51:11,599 | WARNING | 2017 | ITP-00526_exit | aucune donnée
2026-10-02 15:51:11,600 | ERROR | 2017 | ITP-00526_exit | échec : 404 Client Error: Not Found for url: https://transparency.entsog.eu/api/v1/operationaldatas?indicator=Physical+Flow&pointDirection=be-tso-0001itp-00526exit&from=2017-01-01&to=2017-12-31&periodType=hour&timezone=CET&limit=-1
2026-10-02 15:51:12,016 | WARNING | 2017 | ITP-00542_exit | aucune donnée
2026-10-02 15:51:12,017 | ERROR | 2017 | ITP-00542_exit | échec : 404 Client Error: Not Found for url: https://transparency.entsog.eu/api/v1/operationaldatas?indicator=Physical+Flow&pointDirection=be-tso-0001itp-00542exit&from=2017-01-01&to=2017-12-31&periodType=hour&timezone=CET&limit=-1
2026-10-02 15:51:12,425 | WARNING | 2017 | ITP-00555_exit | aucune donnée
2026-10-02 15:51:12,426 | ERROR | 2017 | ITP-00555_exit | échec : 404 Client Error: Not Found for url: https://transparency.entsog.eu/api/v1/operationaldatas?indicator=Physical+Flow&pointDirection=be-tso-0001itp-00555exit&from=2017-01-01&to=2017-12-31&periodType=hour&timezone=CET&limit=-1
2026-10-02 15:51:12,845 | WARNING | 2017 | ITP-00614_exit | aucune donnée
2026-10-02 15:51:12,846 | ERROR | 2017 | ITP-00614_exit | échec : 404 Client Error: Not Found for url: https://transparency.entsog.eu/api/v1/operationaldatas?indicator=Physical+Flow&pointDirection=be-tso-0001itp-00614exit&from=2017-01-01&to=2017-12-31&periodType=hour&timezone=CET&limit=-1
2026-10-02 15:51:13,261 | WARNING | 2017 | ITP-00648_exit | aucune donnée
2026-10-02 15:51:13,262 | ERROR | 2017 | ITP-00648_exit | échec : 404 Client Error: Not Found for url: https://transparency.entsog.eu/api/v1/operationaldatas?indicator=Physical+Flow&pointDirection=be-tso-0001itp-00648exit&from=2017-01-01&to=2017-12-31&periodType=hour&timezone=CET&limit=-1
2026-10-02 15:51:13,687 | WARNING | 2017 | LNG-00005_exit | aucune donnée
2026-10-02 15:51:13,688 | ERROR | 2017 | LNG-00005_exit | échec : 404 Client Error: Not Found for url: https://transparency.entsog.eu/api/v1/operationaldatas?indicator=Physical+Flow&pointDirection=be-tso-0001lng-00005exit&from=2017-01-01&to=2017-12-31&periodType=hour&timezone=CET&limit=-1
2026-10-02 15:51:14,113 | WARNING | 2017 | LNG-00017_exit | aucune donnée
2026-10-02 15:51:14,114 | ERROR | 2017 | LNG-00017_exit | échec : 404 Client Error: Not Found for url: https://transparency.entsog.eu/api/v1/operationaldatas?indicator=Physical+Flow&pointDirection=be-tso-0001lng-00017exit&from=2017-01-01&to=2017-12-31&periodType=hour&timezone=CET&limit=-1
2026-10-02 15:51:14,534 | WARNING | 2017 | UGS-00002_exit | aucune donnée
2026-10-02 15:51:14,534 | ERROR | 2017 | UGS-00002_exit | échec : 404 Client Error: Not Found for url: https://transparency.entsog.eu/api/v1/operationaldatas?indicator=Physical+Flow&pointDirection=be-tso-0001ugs-00002exit&from=2017-01-01&to=2017-12-31&periodType=hour&timezone=CET&limit=-1
2026-10-02 15:51:14,940 | WARNING | 2017 | VTP-00029_exit | aucune donnée
2026-10-02 15:51:14,941 | ERROR | 2017 | VTP-00029_exit | échec : 404 Client Error: Not Found for url: https://transparency.entsog.eu/api/v1/operationaldatas?indicator=Physical+Flow&pointDirection=be-tso-0001vtp-00029exit&from=2017-01-01&to=2017-12-31&periodType=hour&timezone=CET&limit=-1
2026-10-02 15:51:15,335 | WARNING | 2018 | DIS-00191_entry | aucune donnée
2026-10-02 15:51:15,336 | ERROR | 2018 | DIS-00191_entry | échec : 404 Client Error: Not Found for url: https://transparency.entsog.eu/api/v1/operationaldatas?indicator=Physical+Flow&pointDirection=be-tso-0001dis-00191entry&from=2018-01-01&to=2018-12-31&periodType=hour&timezone=CET&limit=-1
2026-10-02 15:51:15,759 | WARNING | 2018 | DIS-00192_entry | aucune donnée
2026-10-02 15:51:15,760 | ERROR | 2018 | DIS-00192_entry | échec : 404 Client Error: Not Found for url: https://transparency.entsog.eu/api/v1/operationaldatas?indicator=Physical+Flow&pointDirection=be-tso-0001dis-00192entry&from=2018-01-01&to=2018-12-31&periodType=hour&timezone=CET&limit=-1
2026-10-02 15:51:16,177 | WARNING | 2018 | FNC-00033_entry | aucune donnée
2026-10-02 15:51:16,179 | ERROR | 2018 | FNC-00033_entry | échec : 404 Client Error: Not Found for url: https://transparency.entsog.eu/api/v1/operationaldatas?indicator=Physical+Flow&pointDirection=be-tso-0001fnc-00033entry&from=2018-01-01&to=2018-12-31&periodType=hour&timezone=CET&limit=-1
2026-10-02 15:51:16,626 | WARNING | 2018 | FNC-00034_entry | aucune donnée
2026-10-02 15:51:16,627 | ERROR | 2018 | FNC-00034_entry | échec : 404 Client Error: Not Found for url: https://transparency.entsog.eu/api/v1/operationaldatas?indicator=Physical+Flow&pointDirection=be-tso-0001fnc-00034entry&from=2018-01-01&to=2018-12-31&periodType=hour&timezone=CET&limit=-1
2026-10-02 15:51:17,024 | WARNING | 2018 | FNC-00035_entry | aucune donnée
2026-10-02 15:51:17,025 | ERROR | 2018 | FNC-00035_entry | échec : 404 Client Error: Not Found for url: https://transparency.entsog.eu/api/v1/operationaldatas?indicator=Physical+Flow&pointDirection=be-tso-0001fnc-00035entry&from=2018-01-01&to=2018-12-31&periodType=hour&timezone=CET&limit=-1
2026-10-02 15:51:17,649 | WARNING | 2018 | ITP-00038_entry | aucune donnée
2026-10-02 15:51:17,650 | ERROR | 2018 | ITP-00038_entry | échec : 404 Client Error: Not Found for url: https://transparency.entsog.eu/api/v1/operationaldatas?indicator=Physical+Flow&pointDirection=be-tso-0001itp-00038entry&from=2018-01-01&to=2018-12-31&periodType=hour&timezone=CET&limit=-1
2026-10-02 15:51:18,063 | WARNING | 2018 | ITP-00061_entry | aucune donnée
2026-10-02 15:51:18,064 | ERROR | 2018 | ITP-00061_entry | échec : 404 Client Error: Not Found for url: https://transparency.entsog.eu/api/v1/operationaldatas?indicator=Physical+Flow&pointDirection=be-tso-0001itp-00061entry&from=2018-01-01&to=2018-12-31&periodType=hour&timezone=CET&limit=-1
2026-10-02 15:51:18,479 | WARNING | 2018 | ITP-00088_entry | aucune donnée
2026-10-02 15:51:18,480 | ERROR | 2018 | ITP-00088_entry | échec : 404 Client Error: Not Found for url: https://transparency.entsog.eu/api/v1/operationaldatas?indicator=Physical+Flow&pointDirection=be-tso-0001itp-00088entry&from=2018-01-01&to=2018-12-31&periodType=hour&timezone=CET&limit=-1
2026-10-02 15:51:18,885 | WARNING | 2018 | ITP-00101_entry | aucune donnée
2026-10-02 15:51:18,886 | ERROR | 2018 | ITP-00101_entry | échec : 404 Client Error: Not Found for url: https://transparency.entsog.eu/api/v1/operationaldatas?indicator=Physical+Flow&pointDirection=be-tso-0001itp-00101entry&from=2018-01-01&to=2018-12-31&periodType=hour&timezone=CET&limit=-1
2026-10-02 15:51:19,281 | WARNING | 2018 | ITP-00106_entry | aucune donnée
2026-10-02 15:51:19,282 | ERROR | 2018 | ITP-00106_entry | échec : 404 Client Error: Not Found for url: https://transparency.entsog.eu/api/v1/operationaldatas?indicator=Physical+Flow&pointDirection=be-tso-0001itp-00106entry&from=2018-01-01&to=2018-12-31&periodType=hour&timezone=CET&limit=-1
2026-10-02 15:51:19,691 | WARNING | 2018 | ITP-00110_entry | aucune donnée
2026-10-02 15:51:19,692 | ERROR | 2018 | ITP-00110_entry | échec : 404 Client Error: Not Found for url: https://transparency.entsog.eu/api/v1/operationaldatas?indicator=Physical+Flow&pointDirection=be-tso-0001itp-00110entry&from=2018-01-01&to=2018-12-31&periodType=hour&timezone=CET&limit=-1
2026-10-02 15:51:20,103 | WARNING | 2018 | ITP-00112_entry | aucune donnée
2026-10-02 15:51:20,103 | ERROR | 2018 | ITP-00112_entry | échec : 404 Client Error: Not Found for url: https://transparency.entsog.eu/api/v1/operationaldatas?indicator=Physical+Flow&pointDirection=be-tso-0001itp-00112entry&from=2018-01-01&to=2018-12-31&periodType=hour&timezone=CET&limit=-1
2026-10-02 15:51:20,521 | WARNING | 2018 | ITP-00113_entry | aucune donnée
2026-10-02 15:51:20,522 | ERROR | 2018 | ITP-00113_entry | échec : 404 Client Error: Not Found for url: https://transparency.entsog.eu/api/v1/operationaldatas?indicator=Physical+Flow&pointDirection=be-tso-0001itp-00113entry&from=2018-01-01&to=2018-12-31&periodType=hour&timezone=CET&limit=-1
2026-10-02 15:51:21,294 | WARNING | 2018 | ITP-00114_entry | aucune donnée
2026-10-02 15:51:21,295 | ERROR | 2018 | ITP-00114_entry | échec : 404 Client Error: Not Found for url: https://transparency.entsog.eu/api/v1/operationaldatas?indicator=Physical+Flow&pointDirection=be-tso-0001itp-00114entry&from=2018-01-01&to=2018-12-31&periodType=hour&timezone=CET&limit=-1
2026-10-02 15:51:21,704 | WARNING | 2018 | ITP-00115_entry | aucune donnée
2026-10-02 15:51:21,704 | ERROR | 2018 | ITP-00115_entry | échec : 404 Client Error: Not Found for url: https://transparency.entsog.eu/api/v1/operationaldatas?indicator=Physical+Flow&pointDirection=be-tso-0001itp-00115entry&from=2018-01-01&to=2018-12-31&periodType=hour&timezone=CET&limit=-1
2026-10-02 15:51:22,132 | WARNING | 2018 | ITP-00147_entry | aucune donnée
2026-10-02 15:51:22,132 | ERROR | 2018 | ITP-00147_entry | échec : 404 Client Error: Not Found for url: https://transparency.entsog.eu/api/v1/operationaldatas?indicator=Physical+Flow&pointDirection=be-tso-0001itp-00147entry&from=2018-01-01&to=2018-12-31&periodType=hour&timezone=CET&limit=-1
2026-10-02 15:51:22,559 | WARNING | 2018 | ITP-00258_entry | aucune donnée
2026-10-02 15:51:22,561 | ERROR | 2018 | ITP-00258_entry | échec : 404 Client Error: Not Found for url: https://transparency.entsog.eu/api/v1/operationaldatas?indicator=Physical+Flow&pointDirection=be-tso-0001itp-00258entry&from=2018-01-01&to=2018-12-31&periodType=hour&timezone=CET&limit=-1
2026-10-02 15:51:23,010 | WARNING | 2018 | ITP-00289_entry | aucune donnée
2026-10-02 15:51:23,011 | ERROR | 2018 | ITP-00289_entry | échec : 404 Client Error: Not Found for url: https://transparency.entsog.eu/api/v1/operationaldatas?indicator=Physical+Flow&pointDirection=be-tso-0001itp-00289entry&from=2018-01-01&to=2018-12-31&periodType=hour&timezone=CET&limit=-1
2026-10-02 15:51:23,445 | WARNING | 2018 | ITP-00290_entry | aucune donnée
2026-10-02 15:51:23,446 | ERROR | 2018 | ITP-00290_entry | échec : 404 Client Error: Not Found for url: https://transparency.entsog.eu/api/v1/operationaldatas?indicator=Physical+Flow&pointDirection=be-tso-0001itp-00290entry&from=2018-01-01&to=2018-12-31&periodType=hour&timezone=CET&limit=-1
2026-10-02 15:51:23,846 | WARNING | 2018 | ITP-00519_entry | aucune donnée
2026-10-02 15:51:23,847 | ERROR | 2018 | ITP-00519_entry | échec : 404 Client Error: Not Found for url: https://transparency.entsog.eu/api/v1/operationaldatas?indicator=Physical+Flow&pointDirection=be-tso-0001itp-00519entry&from=2018-01-01&to=2018-12-31&periodType=hour&timezone=CET&limit=-1
2026-10-02 15:51:24,257 | WARNING | 2018 | ITP-00526_entry | aucune donnée
2026-10-02 15:51:24,258 | ERROR | 2018 | ITP-00526_entry | échec : 404 Client Error: Not Found for url: https://transparency.entsog.eu/api/v1/operationaldatas?indicator=Physical+Flow&pointDirection=be-tso-0001itp-00526entry&from=2018-01-01&to=2018-12-31&periodType=hour&timezone=CET&limit=-1
2026-10-02 15:51:24,664 | WARNING | 2018 | ITP-00542_entry | aucune donnée
2026-10-02 15:51:24,666 | ERROR | 2018 | ITP-00542_entry | échec : 404 Client Error: Not Found for url: https://transparency.entsog.eu/api/v1/operationaldatas?indicator=Physical+Flow&pointDirection=be-tso-0001itp-00542entry&from=2018-01-01&to=2018-12-31&periodType=hour&timezone=CET&limit=-1
2026-10-02 15:51:25,082 | WARNING | 2018 | ITP-00555_entry | aucune donnée
2026-10-02 15:51:25,082 | ERROR | 2018 | ITP-00555_entry | échec : 404 Client Error: Not Found for url: https://transparency.entsog.eu/api/v1/operationaldatas?indicator=Physical+Flow&pointDirection=be-tso-0001itp-00555entry&from=2018-01-01&to=2018-12-31&periodType=hour&timezone=CET&limit=-1
2026-10-02 15:51:25,478 | WARNING | 2018 | ITP-00614_entry | aucune donnée
2026-10-02 15:51:25,479 | ERROR | 2018 | ITP-00614_entry | échec : 404 Client Error: Not Found for url: https://transparency.entsog.eu/api/v1/operationaldatas?indicator=Physical+Flow&pointDirection=be-tso-0001itp-00614entry&from=2018-01-01&to=2018-12-31&periodType=hour&timezone=CET&limit=-1
2026-10-02 15:51:25,891 | WARNING | 2018 | ITP-00648_entry | aucune donnée
2026-10-02 15:51:25,892 | ERROR | 2018 | ITP-00648_entry | échec : 404 Client Error: Not Found for url: https://transparency.entsog.eu/api/v1/operationaldatas?indicator=Physical+Flow&pointDirection=be-tso-0001itp-00648entry&from=2018-01-01&to=2018-12-31&periodType=hour&timezone=CET&limit=-1
2026-10-02 15:51:26,894 | WARNING | 2018 | LNG-00005_entry | aucune donnée
2026-10-02 15:51:26,895 | ERROR | 2018 | LNG-00005_entry | échec : 404 Client Error: Not Found for url: https://transparency.entsog.eu/api/v1/operationaldatas?indicator=Physical+Flow&pointDirection=be-tso-0001lng-00005entry&from=2018-01-01&to=2018-12-31&periodType=hour&timezone=CET&limit=-1
2026-10-02 15:51:27,316 | WARNING | 2018 | LNG-00017_entry | aucune donnée
2026-10-02 15:51:27,318 | ERROR | 2018 | LNG-00017_entry | échec : 404 Client Error: Not Found for url: https://transparency.entsog.eu/api/v1/operationaldatas?indicator=Physical+Flow&pointDirection=be-tso-0001lng-00017entry&from=2018-01-01&to=2018-12-31&periodType=hour&timezone=CET&limit=-1
2026-10-02 15:51:27,717 | WARNING | 2018 | UGS-00002_entry | aucune donnée
2026-10-02 15:51:27,718 | ERROR | 2018 | UGS-00002_entry | échec : 404 Client Error: Not Found for url: https://transparency.entsog.eu/api/v1/operationaldatas?indicator=Physical+Flow&pointDirection=be-tso-0001ugs-00002entry&from=2018-01-01&to=2018-12-31&periodType=hour&timezone=CET&limit=-1
2026-10-02 15:51:28,119 | WARNING | 2018 | VTP-00029_entry | aucune donnée
2026-10-02 15:51:28,120 | ERROR | 2018 | VTP-00029_entry | échec : 404 Client Error: Not Found for url: https://transparency.entsog.eu/api/v1/operationaldatas?indicator=Physical+Flow&pointDirection=be-tso-0001vtp-00029entry&from=2018-01-01&to=2018-12-31&periodType=hour&timezone=CET&limit=-1
2026-10-02 15:51:28,514 | WARNING | 2018 | DIS-00191_exit | aucune donnée
2026-10-02 15:51:28,515 | ERROR | 2018 | DIS-00191_exit | échec : 404 Client Error: Not Found for url: https://transparency.entsog.eu/api/v1/operationaldatas?indicator=Physical+Flow&pointDirection=be-tso-0001dis-00191exit&from=2018-01-01&to=2018-12-31&periodType=hour&timezone=CET&limit=-1
2026-10-02 15:51:28,921 | WARNING | 2018 | DIS-00192_exit | aucune donnée
2026-10-02 15:51:28,922 | ERROR | 2018 | DIS-00192_exit | échec : 404 Client Error: Not Found for url: https://transparency.entsog.eu/api/v1/operationaldatas?indicator=Physical+Flow&pointDirection=be-tso-0001dis-00192exit&from=2018-01-01&to=2018-12-31&periodType=hour&timezone=CET&limit=-1
2026-10-02 15:51:29,331 | WARNING | 2018 | FNC-00033_exit | aucune donnée
2026-10-02 15:51:29,332 | ERROR | 2018 | FNC-00033_exit | échec : 404 Client Error: Not Found for url: https://transparency.entsog.eu/api/v1/operationaldatas?indicator=Physical+Flow&pointDirection=be-tso-0001fnc-00033exit&from=2018-01-01&to=2018-12-31&periodType=hour&timezone=CET&limit=-1
2026-10-02 15:51:29,724 | WARNING | 2018 | FNC-00034_exit | aucune donnée
2026-10-02 15:51:29,725 | ERROR | 2018 | FNC-00034_exit | échec : 404 Client Error: Not Found for url: https://transparency.entsog.eu/api/v1/operationaldatas?indicator=Physical+Flow&pointDirection=be-tso-0001fnc-00034exit&from=2018-01-01&to=2018-12-31&periodType=hour&timezone=CET&limit=-1
2026-10-02 15:51:30,122 | WARNING | 2018 | FNC-00035_exit | aucune donnée
2026-10-02 15:51:30,123 | ERROR | 2018 | FNC-00035_exit | échec : 404 Client Error: Not Found for url: https://transparency.entsog.eu/api/v1/operationaldatas?indicator=Physical+Flow&pointDirection=be-tso-0001fnc-00035exit&from=2018-01-01&to=2018-12-31&periodType=hour&timezone=CET&limit=-1
2026-10-02 15:51:30,573 | WARNING | 2018 | ITP-00038_exit | aucune donnée
2026-10-02 15:51:30,574 | ERROR | 2018 | ITP-00038_exit | échec : 404 Client Error: Not Found for url: https://transparency.entsog.eu/api/v1/operationaldatas?indicator=Physical+Flow&pointDirection=be-tso-0001itp-00038exit&from=2018-01-01&to=2018-12-31&periodType=hour&timezone=CET&limit=-1
2026-10-02 15:51:30,987 | WARNING | 2018 | ITP-00061_exit | aucune donnée
2026-10-02 15:51:30,988 | ERROR | 2018 | ITP-00061_exit | échec : 404 Client Error: Not Found for url: https://transparency.entsog.eu/api/v1/operationaldatas?indicator=Physical+Flow&pointDirection=be-tso-0001itp-00061exit&from=2018-01-01&to=2018-12-31&periodType=hour&timezone=CET&limit=-1
2026-10-02 15:51:31,396 | WARNING | 2018 | ITP-00088_exit | aucune donnée
2026-10-02 15:51:31,397 | ERROR | 2018 | ITP-00088_exit | échec : 404 Client Error: Not Found for url: https://transparency.entsog.eu/api/v1/operationaldatas?indicator=Physical+Flow&pointDirection=be-tso-0001itp-00088exit&from=2018-01-01&to=2018-12-31&periodType=hour&timezone=CET&limit=-1
2026-10-02 15:51:31,803 | WARNING | 2018 | ITP-00101_exit | aucune donnée
2026-10-02 15:51:31,804 | ERROR | 2018 | ITP-00101_exit | échec : 404 Client Error: Not Found for url: https://transparency.entsog.eu/api/v1/operationaldatas?indicator=Physical+Flow&pointDirection=be-tso-0001itp-00101exit&from=2018-01-01&to=2018-12-31&periodType=hour&timezone=CET&limit=-1
2026-10-02 15:51:32,199 | WARNING | 2018 | ITP-00106_exit | aucune donnée
2026-10-02 15:51:32,200 | ERROR | 2018 | ITP-00106_exit | échec : 404 Client Error: Not Found for url: https://transparency.entsog.eu/api/v1/operationaldatas?indicator=Physical+Flow&pointDirection=be-tso-0001itp-00106exit&from=2018-01-01&to=2018-12-31&periodType=hour&timezone=CET&limit=-1
2026-10-02 15:51:32,604 | WARNING | 2018 | ITP-00110_exit | aucune donnée
2026-10-02 15:51:32,605 | ERROR | 2018 | ITP-00110_exit | échec : 404 Client Error: Not Found for url: https://transparency.entsog.eu/api/v1/operationaldatas?indicator=Physical+Flow&pointDirection=be-tso-0001itp-00110exit&from=2018-01-01&to=2018-12-31&periodType=hour&timezone=CET&limit=-1
2026-10-02 15:51:33,014 | WARNING | 2018 | ITP-00112_exit | aucune donnée
2026-10-02 15:51:33,015 | ERROR | 2018 | ITP-00112_exit | échec : 404 Client Error: Not Found for url: https://transparency.entsog.eu/api/v1/operationaldatas?indicator=Physical+Flow&pointDirection=be-tso-0001itp-00112exit&from=2018-01-01&to=2018-12-31&periodType=hour&timezone=CET&limit=-1
2026-10-02 15:51:33,424 | WARNING | 2018 | ITP-00113_exit | aucune donnée
2026-10-02 15:51:33,425 | ERROR | 2018 | ITP-00113_exit | échec : 404 Client Error: Not Found for url: https://transparency.entsog.eu/api/v1/operationaldatas?indicator=Physical+Flow&pointDirection=be-tso-0001itp-00113exit&from=2018-01-01&to=2018-12-31&periodType=hour&timezone=CET&limit=-1
2026-10-02 15:51:33,858 | WARNING | 2018 | ITP-00114_exit | aucune donnée
2026-10-02 15:51:33,859 | ERROR | 2018 | ITP-00114_exit | échec : 404 Client Error: Not Found for url: https://transparency.entsog.eu/api/v1/operationaldatas?indicator=Physical+Flow&pointDirection=be-tso-0001itp-00114exit&from=2018-01-01&to=2018-12-31&periodType=hour&timezone=CET&limit=-1
2026-10-02 15:51:34,269 | WARNING | 2018 | ITP-00115_exit | aucune donnée
2026-10-02 15:51:34,269 | ERROR | 2018 | ITP-00115_exit | échec : 404 Client Error: Not Found for url: https://transparency.entsog.eu/api/v1/operationaldatas?indicator=Physical+Flow&pointDirection=be-tso-0001itp-00115exit&from=2018-01-01&to=2018-12-31&periodType=hour&timezone=CET&limit=-1
2026-10-02 15:51:34,684 | WARNING | 2018 | ITP-00147_exit | aucune donnée
2026-10-02 15:51:34,685 | ERROR | 2018 | ITP-00147_exit | échec : 404 Client Error: Not Found for url: https://transparency.entsog.eu/api/v1/operationaldatas?indicator=Physical+Flow&pointDirection=be-tso-0001itp-00147exit&from=2018-01-01&to=2018-12-31&periodType=hour&timezone=CET&limit=-1
2026-10-02 15:51:35,078 | WARNING | 2018 | ITP-00159_exit | aucune donnée
2026-10-02 15:51:35,079 | ERROR | 2018 | ITP-00159_exit | échec : 404 Client Error: Not Found for url: https://transparency.entsog.eu/api/v1/operationaldatas?indicator=Physical+Flow&pointDirection=be-tso-0001itp-00159exit&from=2018-01-01&to=2018-12-31&periodType=hour&timezone=CET&limit=-1
2026-10-02 15:51:35,474 | WARNING | 2018 | ITP-00159_exit | aucune donnée
2026-10-02 15:51:35,475 | ERROR | 2018 | ITP-00159_exit | échec : 404 Client Error: Not Found for url: https://transparency.entsog.eu/api/v1/operationaldatas?indicator=Physical+Flow&pointDirection=be-tso-0001itp-00159exit&from=2018-01-01&to=2018-12-31&periodType=hour&timezone=CET&limit=-1
2026-10-02 15:51:35,873 | WARNING | 2018 | ITP-00258_exit | aucune donnée
2026-10-02 15:51:35,874 | ERROR | 2018 | ITP-00258_exit | échec : 404 Client Error: Not Found for url: https://transparency.entsog.eu/api/v1/operationaldatas?indicator=Physical+Flow&pointDirection=be-tso-0001itp-00258exit&from=2018-01-01&to=2018-12-31&periodType=hour&timezone=CET&limit=-1
2026-10-02 15:51:36,305 | WARNING | 2018 | ITP-00289_exit | aucune donnée
2026-10-02 15:51:36,306 | ERROR | 2018 | ITP-00289_exit | échec : 404 Client Error: Not Found for url: https://transparency.entsog.eu/api/v1/operationaldatas?indicator=Physical+Flow&pointDirection=be-tso-0001itp-00289exit&from=2018-01-01&to=2018-12-31&periodType=hour&timezone=CET&limit=-1
2026-10-02 15:51:36,713 | WARNING | 2018 | ITP-00290_exit | aucune donnée
2026-10-02 15:51:36,714 | ERROR | 2018 | ITP-00290_exit | échec : 404 Client Error: Not Found for url: https://transparency.entsog.eu/api/v1/operationaldatas?indicator=Physical+Flow&pointDirection=be-tso-0001itp-00290exit&from=2018-01-01&to=2018-12-31&periodType=hour&timezone=CET&limit=-1
2026-10-02 15:51:37,132 | WARNING | 2018 | ITP-00519_exit | aucune donnée
2026-10-02 15:51:37,133 | ERROR | 2018 | ITP-00519_exit | échec : 404 Client Error: Not Found for url: https://transparency.entsog.eu/api/v1/operationaldatas?indicator=Physical+Flow&pointDirection=be-tso-0001itp-00519exit&from=2018-01-01&to=2018-12-31&periodType=hour&timezone=CET&limit=-1
2026-10-02 15:51:37,532 | WARNING | 2018 | ITP-00526_exit | aucune donnée
2026-10-02 15:51:37,533 | ERROR | 2018 | ITP-00526_exit | échec : 404 Client Error: Not Found for url: https://transparency.entsog.eu/api/v1/operationaldatas?indicator=Physical+Flow&pointDirection=be-tso-0001itp-00526exit&from=2018-01-01&to=2018-12-31&periodType=hour&timezone=CET&limit=-1
2026-10-02 15:51:37,944 | WARNING | 2018 | ITP-00542_exit | aucune donnée
2026-10-02 15:51:37,945 | ERROR | 2018 | ITP-00542_exit | échec : 404 Client Error: Not Found for url: https://transparency.entsog.eu/api/v1/operationaldatas?indicator=Physical+Flow&pointDirection=be-tso-0001itp-00542exit&from=2018-01-01&to=2018-12-31&periodType=hour&timezone=CET&limit=-1
2026-10-02 15:51:38,357 | WARNING | 2018 | ITP-00555_exit | aucune donnée
2026-10-02 15:51:38,358 | ERROR | 2018 | ITP-00555_exit | échec : 404 Client Error: Not Found for url: https://transparency.entsog.eu/api/v1/operationaldatas?indicator=Physical+Flow&pointDirection=be-tso-0001itp-00555exit&from=2018-01-01&to=2018-12-31&periodType=hour&timezone=CET&limit=-1
2026-10-02 15:51:38,778 | WARNING | 2018 | ITP-00614_exit | aucune donnée
2026-10-02 15:51:38,779 | ERROR | 2018 | ITP-00614_exit | échec : 404 Client Error: Not Found for url: https://transparency.entsog.eu/api/v1/operationaldatas?indicator=Physical+Flow&pointDirection=be-tso-0001itp-00614exit&from=2018-01-01&to=2018-12-31&periodType=hour&timezone=CET&limit=-1
2026-10-02 15:51:39,506 | WARNING | 2018 | ITP-00648_exit | aucune donnée
2026-10-02 15:51:39,506 | ERROR | 2018 | ITP-00648_exit | échec : 404 Client Error: Not Found for url: https://transparency.entsog.eu/api/v1/operationaldatas?indicator=Physical+Flow&pointDirection=be-tso-0001itp-00648exit&from=2018-01-01&to=2018-12-31&periodType=hour&timezone=CET&limit=-1
2026-10-02 15:51:39,924 | WARNING | 2018 | LNG-00005_exit | aucune donnée
2026-10-02 15:51:39,925 | ERROR | 2018 | LNG-00005_exit | échec : 404 Client Error: Not Found for url: https://transparency.entsog.eu/api/v1/operationaldatas?indicator=Physical+Flow&pointDirection=be-tso-0001lng-00005exit&from=2018-01-01&to=2018-12-31&periodType=hour&timezone=CET&limit=-1
2026-10-02 15:51:40,328 | WARNING | 2018 | LNG-00017_exit | aucune donnée
2026-10-02 15:51:40,329 | ERROR | 2018 | LNG-00017_exit | échec : 404 Client Error: Not Found for url: https://transparency.entsog.eu/api/v1/operationaldatas?indicator=Physical+Flow&pointDirection=be-tso-0001lng-00017exit&from=2018-01-01&to=2018-12-31&periodType=hour&timezone=CET&limit=-1
2026-10-02 15:51:40,758 | WARNING | 2018 | UGS-00002_exit | aucune donnée
2026-10-02 15:51:40,759 | ERROR | 2018 | UGS-00002_exit | échec : 404 Client Error: Not Found for url: https://transparency.entsog.eu/api/v1/operationaldatas?indicator=Physical+Flow&pointDirection=be-tso-0001ugs-00002exit&from=2018-01-01&to=2018-12-31&periodType=hour&timezone=CET&limit=-1
2026-10-02 15:51:41,160 | WARNING | 2018 | VTP-00029_exit | aucune donnée
2026-10-02 15:51:41,161 | ERROR | 2018 | VTP-00029_exit | échec : 404 Client Error: Not Found for url: https://transparency.entsog.eu/api/v1/operationaldatas?indicator=Physical+Flow&pointDirection=be-tso-0001vtp-00029exit&from=2018-01-01&to=2018-12-31&periodType=hour&timezone=CET&limit=-1
2026-10-02 15:51:41,576 | WARNING | 2019 | DIS-00191_entry | aucune donnée
2026-10-02 15:51:41,577 | ERROR | 2019 | DIS-00191_entry | échec : 404 Client Error: Not Found for url: https://transparency.entsog.eu/api/v1/operationaldatas?indicator=Physical+Flow&pointDirection=be-tso-0001dis-00191entry&from=2019-01-01&to=2019-12-31&periodType=hour&timezone=CET&limit=-1
2026-10-02 15:51:41,988 | WARNING | 2019 | DIS-00192_entry | aucune donnée
2026-10-02 15:51:41,989 | ERROR | 2019 | DIS-00192_entry | échec : 404 Client Error: Not Found for url: https://transparency.entsog.eu/api/v1/operationaldatas?indicator=Physical+Flow&pointDirection=be-tso-0001dis-00192entry&from=2019-01-01&to=2019-12-31&periodType=hour&timezone=CET&limit=-1
2026-10-02 15:51:42,401 | WARNING | 2019 | FNC-00033_entry | aucune donnée
2026-10-02 15:51:42,402 | ERROR | 2019 | FNC-00033_entry | échec : 404 Client Error: Not Found for url: https://transparency.entsog.eu/api/v1/operationaldatas?indicator=Physical+Flow&pointDirection=be-tso-0001fnc-00033entry&from=2019-01-01&to=2019-12-31&periodType=hour&timezone=CET&limit=-1
2026-10-02 15:51:42,834 | WARNING | 2019 | FNC-00034_entry | aucune donnée
2026-10-02 15:51:42,835 | ERROR | 2019 | FNC-00034_entry | échec : 404 Client Error: Not Found for url: https://transparency.entsog.eu/api/v1/operationaldatas?indicator=Physical+Flow&pointDirection=be-tso-0001fnc-00034entry&from=2019-01-01&to=2019-12-31&periodType=hour&timezone=CET&limit=-1
2026-10-02 15:51:43,236 | WARNING | 2019 | FNC-00035_entry | aucune donnée
2026-10-02 15:51:43,237 | ERROR | 2019 | FNC-00035_entry | échec : 404 Client Error: Not Found for url: https://transparency.entsog.eu/api/v1/operationaldatas?indicator=Physical+Flow&pointDirection=be-tso-0001fnc-00035entry&from=2019-01-01&to=2019-12-31&periodType=hour&timezone=CET&limit=-1
2026-10-02 15:51:43,656 | WARNING | 2019 | ITP-00038_entry | aucune donnée
2026-10-02 15:51:43,657 | ERROR | 2019 | ITP-00038_entry | échec : 404 Client Error: Not Found for url: https://transparency.entsog.eu/api/v1/operationaldatas?indicator=Physical+Flow&pointDirection=be-tso-0001itp-00038entry&from=2019-01-01&to=2019-12-31&periodType=hour&timezone=CET&limit=-1
2026-10-02 15:51:44,061 | WARNING | 2019 | ITP-00061_entry | aucune donnée
2026-10-02 15:51:44,062 | ERROR | 2019 | ITP-00061_entry | échec : 404 Client Error: Not Found for url: https://transparency.entsog.eu/api/v1/operationaldatas?indicator=Physical+Flow&pointDirection=be-tso-0001itp-00061entry&from=2019-01-01&to=2019-12-31&periodType=hour&timezone=CET&limit=-1
2026-10-02 15:51:44,473 | WARNING | 2019 | ITP-00088_entry | aucune donnée
2026-10-02 15:51:44,474 | ERROR | 2019 | ITP-00088_entry | échec : 404 Client Error: Not Found for url: https://transparency.entsog.eu/api/v1/operationaldatas?indicator=Physical+Flow&pointDirection=be-tso-0001itp-00088entry&from=2019-01-01&to=2019-12-31&periodType=hour&timezone=CET&limit=-1
2026-10-02 15:51:44,899 | WARNING | 2019 | ITP-00101_entry | aucune donnée
2026-10-02 15:51:44,900 | ERROR | 2019 | ITP-00101_entry | échec : 404 Client Error: Not Found for url: https://transparency.entsog.eu/api/v1/operationaldatas?indicator=Physical+Flow&pointDirection=be-tso-0001itp-00101entry&from=2019-01-01&to=2019-12-31&periodType=hour&timezone=CET&limit=-1
2026-10-02 15:51:45,323 | WARNING | 2019 | ITP-00106_entry | aucune donnée
2026-10-02 15:51:45,325 | ERROR | 2019 | ITP-00106_entry | échec : 404 Client Error: Not Found for url: https://transparency.entsog.eu/api/v1/operationaldatas?indicator=Physical+Flow&pointDirection=be-tso-0001itp-00106entry&from=2019-01-01&to=2019-12-31&periodType=hour&timezone=CET&limit=-1
2026-10-02 15:51:45,733 | WARNING | 2019 | ITP-00110_entry | aucune donnée
2026-10-02 15:51:45,734 | ERROR | 2019 | ITP-00110_entry | échec : 404 Client Error: Not Found for url: https://transparency.entsog.eu/api/v1/operationaldatas?indicator=Physical+Flow&pointDirection=be-tso-0001itp-00110entry&from=2019-01-01&to=2019-12-31&periodType=hour&timezone=CET&limit=-1
2026-10-02 15:51:46,128 | WARNING | 2019 | ITP-00112_entry | aucune donnée
2026-10-02 15:51:46,129 | ERROR | 2019 | ITP-00112_entry | échec : 404 Client Error: Not Found for url: https://transparency.entsog.eu/api/v1/operationaldatas?indicator=Physical+Flow&pointDirection=be-tso-0001itp-00112entry&from=2019-01-01&to=2019-12-31&periodType=hour&timezone=CET&limit=-1
2026-10-02 15:51:46,570 | WARNING | 2019 | ITP-00113_entry | aucune donnée
2026-10-02 15:51:46,571 | ERROR | 2019 | ITP-00113_entry | échec : 404 Client Error: Not Found for url: https://transparency.entsog.eu/api/v1/operationaldatas?indicator=Physical+Flow&pointDirection=be-tso-0001itp-00113entry&from=2019-01-01&to=2019-12-31&periodType=hour&timezone=CET&limit=-1
2026-10-02 15:51:46,964 | WARNING | 2019 | ITP-00114_entry | aucune donnée
2026-10-02 15:51:46,965 | ERROR | 2019 | ITP-00114_entry | échec : 404 Client Error: Not Found for url: https://transparency.entsog.eu/api/v1/operationaldatas?indicator=Physical+Flow&pointDirection=be-tso-0001itp-00114entry&from=2019-01-01&to=2019-12-31&periodType=hour&timezone=CET&limit=-1
2026-10-02 15:51:47,369 | WARNING | 2019 | ITP-00115_entry | aucune donnée
2026-10-02 15:51:47,370 | ERROR | 2019 | ITP-00115_entry | échec : 404 Client Error: Not Found for url: https://transparency.entsog.eu/api/v1/operationaldatas?indicator=Physical+Flow&pointDirection=be-tso-0001itp-00115entry&from=2019-01-01&to=2019-12-31&periodType=hour&timezone=CET&limit=-1
2026-10-02 15:51:47,780 | WARNING | 2019 | ITP-00147_entry | aucune donnée
2026-10-02 15:51:47,781 | ERROR | 2019 | ITP-00147_entry | échec : 404 Client Error: Not Found for url: https://transparency.entsog.eu/api/v1/operationaldatas?indicator=Physical+Flow&pointDirection=be-tso-0001itp-00147entry&from=2019-01-01&to=2019-12-31&periodType=hour&timezone=CET&limit=-1
2026-10-02 15:51:48,186 | WARNING | 2019 | ITP-00258_entry | aucune donnée
2026-10-02 15:51:48,187 | ERROR | 2019 | ITP-00258_entry | échec : 404 Client Error: Not Found for url: https://transparency.entsog.eu/api/v1/operationaldatas?indicator=Physical+Flow&pointDirection=be-tso-0001itp-00258entry&from=2019-01-01&to=2019-12-31&periodType=hour&timezone=CET&limit=-1
2026-10-02 15:51:54,095 | WARNING | 2019 | ITP-00289_entry | aucune donnée
2026-10-02 15:51:54,096 | ERROR | 2019 | ITP-00289_entry | échec : 404 Client Error: Not Found for url: https://transparency.entsog.eu/api/v1/operationaldatas?indicator=Physical+Flow&pointDirection=be-tso-0001itp-00289entry&from=2019-01-01&to=2019-12-31&periodType=hour&timezone=CET&limit=-1
2026-10-02 15:51:54,510 | WARNING | 2019 | ITP-00290_entry | aucune donnée
2026-10-02 15:51:54,511 | ERROR | 2019 | ITP-00290_entry | échec : 404 Client Error: Not Found for url: https://transparency.entsog.eu/api/v1/operationaldatas?indicator=Physical+Flow&pointDirection=be-tso-0001itp-00290entry&from=2019-01-01&to=2019-12-31&periodType=hour&timezone=CET&limit=-1
2026-10-02 15:51:54,922 | WARNING | 2019 | ITP-00519_entry | aucune donnée
2026-10-02 15:51:54,923 | ERROR | 2019 | ITP-00519_entry | échec : 404 Client Error: Not Found for url: https://transparency.entsog.eu/api/v1/operationaldatas?indicator=Physical+Flow&pointDirection=be-tso-0001itp-00519entry&from=2019-01-01&to=2019-12-31&periodType=hour&timezone=CET&limit=-1
2026-10-02 15:51:55,343 | WARNING | 2019 | ITP-00526_entry | aucune donnée
2026-10-02 15:51:55,345 | ERROR | 2019 | ITP-00526_entry | échec : 404 Client Error: Not Found for url: https://transparency.entsog.eu/api/v1/operationaldatas?indicator=Physical+Flow&pointDirection=be-tso-0001itp-00526entry&from=2019-01-01&to=2019-12-31&periodType=hour&timezone=CET&limit=-1
2026-10-02 15:51:55,768 | WARNING | 2019 | ITP-00542_entry | aucune donnée
2026-10-02 15:51:55,769 | ERROR | 2019 | ITP-00542_entry | échec : 404 Client Error: Not Found for url: https://transparency.entsog.eu/api/v1/operationaldatas?indicator=Physical+Flow&pointDirection=be-tso-0001itp-00542entry&from=2019-01-01&to=2019-12-31&periodType=hour&timezone=CET&limit=-1
2026-10-02 15:51:56,172 | WARNING | 2019 | ITP-00555_entry | aucune donnée
2026-10-02 15:51:56,174 | ERROR | 2019 | ITP-00555_entry | échec : 404 Client Error: Not Found for url: https://transparency.entsog.eu/api/v1/operationaldatas?indicator=Physical+Flow&pointDirection=be-tso-0001itp-00555entry&from=2019-01-01&to=2019-12-31&periodType=hour&timezone=CET&limit=-1
2026-10-02 15:51:56,572 | WARNING | 2019 | ITP-00614_entry | aucune donnée
2026-10-02 15:51:56,573 | ERROR | 2019 | ITP-00614_entry | échec : 404 Client Error: Not Found for url: https://transparency.entsog.eu/api/v1/operationaldatas?indicator=Physical+Flow&pointDirection=be-tso-0001itp-00614entry&from=2019-01-01&to=2019-12-31&periodType=hour&timezone=CET&limit=-1
2026-10-02 15:51:57,001 | WARNING | 2019 | ITP-00648_entry | aucune donnée
2026-10-02 15:51:57,002 | ERROR | 2019 | ITP-00648_entry | échec : 404 Client Error: Not Found for url: https://transparency.entsog.eu/api/v1/operationaldatas?indicator=Physical+Flow&pointDirection=be-tso-0001itp-00648entry&from=2019-01-01&to=2019-12-31&periodType=hour&timezone=CET&limit=-1
2026-10-02 15:51:57,398 | WARNING | 2019 | LNG-00005_entry | aucune donnée
2026-10-02 15:51:57,399 | ERROR | 2019 | LNG-00005_entry | échec : 404 Client Error: Not Found for url: https://transparency.entsog.eu/api/v1/operationaldatas?indicator=Physical+Flow&pointDirection=be-tso-0001lng-00005entry&from=2019-01-01&to=2019-12-31&periodType=hour&timezone=CET&limit=-1
2026-10-02 15:51:57,808 | WARNING | 2019 | LNG-00017_entry | aucune donnée
2026-10-02 15:51:57,809 | ERROR | 2019 | LNG-00017_entry | échec : 404 Client Error: Not Found for url: https://transparency.entsog.eu/api/v1/operationaldatas?indicator=Physical+Flow&pointDirection=be-tso-0001lng-00017entry&from=2019-01-01&to=2019-12-31&periodType=hour&timezone=CET&limit=-1
2026-10-02 15:51:58,224 | WARNING | 2019 | UGS-00002_entry | aucune donnée
2026-10-02 15:51:58,225 | ERROR | 2019 | UGS-00002_entry | échec : 404 Client Error: Not Found for url: https://transparency.entsog.eu/api/v1/operationaldatas?indicator=Physical+Flow&pointDirection=be-tso-0001ugs-00002entry&from=2019-01-01&to=2019-12-31&periodType=hour&timezone=CET&limit=-1
2026-10-02 15:51:58,621 | WARNING | 2019 | VTP-00029_entry | aucune donnée
2026-10-02 15:51:58,622 | ERROR | 2019 | VTP-00029_entry | échec : 404 Client Error: Not Found for url: https://transparency.entsog.eu/api/v1/operationaldatas?indicator=Physical+Flow&pointDirection=be-tso-0001vtp-00029entry&from=2019-01-01&to=2019-12-31&periodType=hour&timezone=CET&limit=-1
2026-10-02 15:51:59,019 | WARNING | 2019 | DIS-00191_exit | aucune donnée
2026-10-02 15:51:59,020 | ERROR | 2019 | DIS-00191_exit | échec : 404 Client Error: Not Found for url: https://transparency.entsog.eu/api/v1/operationaldatas?indicator=Physical+Flow&pointDirection=be-tso-0001dis-00191exit&from=2019-01-01&to=2019-12-31&periodType=hour&timezone=CET&limit=-1
2026-10-02 15:51:59,441 | WARNING | 2019 | DIS-00192_exit | aucune donnée
2026-10-02 15:51:59,442 | ERROR | 2019 | DIS-00192_exit | échec : 404 Client Error: Not Found for url: https://transparency.entsog.eu/api/v1/operationaldatas?indicator=Physical+Flow&pointDirection=be-tso-0001dis-00192exit&from=2019-01-01&to=2019-12-31&periodType=hour&timezone=CET&limit=-1
2026-10-02 15:51:59,848 | WARNING | 2019 | FNC-00033_exit | aucune donnée
2026-10-02 15:51:59,850 | ERROR | 2019 | FNC-00033_exit | échec : 404 Client Error: Not Found for url: https://transparency.entsog.eu/api/v1/operationaldatas?indicator=Physical+Flow&pointDirection=be-tso-0001fnc-00033exit&from=2019-01-01&to=2019-12-31&periodType=hour&timezone=CET&limit=-1
2026-10-02 15:52:00,262 | WARNING | 2019 | FNC-00034_exit | aucune donnée
2026-10-02 15:52:00,262 | ERROR | 2019 | FNC-00034_exit | échec : 404 Client Error: Not Found for url: https://transparency.entsog.eu/api/v1/operationaldatas?indicator=Physical+Flow&pointDirection=be-tso-0001fnc-00034exit&from=2019-01-01&to=2019-12-31&periodType=hour&timezone=CET&limit=-1
2026-10-02 15:52:00,668 | WARNING | 2019 | FNC-00035_exit | aucune donnée
2026-10-02 15:52:00,669 | ERROR | 2019 | FNC-00035_exit | échec : 404 Client Error: Not Found for url: https://transparency.entsog.eu/api/v1/operationaldatas?indicator=Physical+Flow&pointDirection=be-tso-0001fnc-00035exit&from=2019-01-01&to=2019-12-31&periodType=hour&timezone=CET&limit=-1
2026-10-02 15:52:01,063 | WARNING | 2019 | ITP-00038_exit | aucune donnée
2026-10-02 15:52:01,064 | ERROR | 2019 | ITP-00038_exit | échec : 404 Client Error: Not Found for url: https://transparency.entsog.eu/api/v1/operationaldatas?indicator=Physical+Flow&pointDirection=be-tso-0001itp-00038exit&from=2019-01-01&to=2019-12-31&periodType=hour&timezone=CET&limit=-1
2026-10-02 15:52:01,486 | WARNING | 2019 | ITP-00061_exit | aucune donnée
2026-10-02 15:52:01,487 | ERROR | 2019 | ITP-00061_exit | échec : 404 Client Error: Not Found for url: https://transparency.entsog.eu/api/v1/operationaldatas?indicator=Physical+Flow&pointDirection=be-tso-0001itp-00061exit&from=2019-01-01&to=2019-12-31&periodType=hour&timezone=CET&limit=-1
2026-10-02 15:52:01,884 | WARNING | 2019 | ITP-00088_exit | aucune donnée
2026-10-02 15:52:01,885 | ERROR | 2019 | ITP-00088_exit | échec : 404 Client Error: Not Found for url: https://transparency.entsog.eu/api/v1/operationaldatas?indicator=Physical+Flow&pointDirection=be-tso-0001itp-00088exit&from=2019-01-01&to=2019-12-31&periodType=hour&timezone=CET&limit=-1
2026-10-02 15:52:02,291 | WARNING | 2019 | ITP-00101_exit | aucune donnée
2026-10-02 15:52:02,292 | ERROR | 2019 | ITP-00101_exit | échec : 404 Client Error: Not Found for url: https://transparency.entsog.eu/api/v1/operationaldatas?indicator=Physical+Flow&pointDirection=be-tso-0001itp-00101exit&from=2019-01-01&to=2019-12-31&periodType=hour&timezone=CET&limit=-1
2026-10-02 15:52:02,688 | WARNING | 2019 | ITP-00106_exit | aucune donnée
2026-10-02 15:52:02,690 | ERROR | 2019 | ITP-00106_exit | échec : 404 Client Error: Not Found for url: https://transparency.entsog.eu/api/v1/operationaldatas?indicator=Physical+Flow&pointDirection=be-tso-0001itp-00106exit&from=2019-01-01&to=2019-12-31&periodType=hour&timezone=CET&limit=-1
2026-10-02 15:52:03,081 | WARNING | 2019 | ITP-00110_exit | aucune donnée
2026-10-02 15:52:03,082 | ERROR | 2019 | ITP-00110_exit | échec : 404 Client Error: Not Found for url: https://transparency.entsog.eu/api/v1/operationaldatas?indicator=Physical+Flow&pointDirection=be-tso-0001itp-00110exit&from=2019-01-01&to=2019-12-31&periodType=hour&timezone=CET&limit=-1
2026-10-02 15:52:03,485 | WARNING | 2019 | ITP-00112_exit | aucune donnée
2026-10-02 15:52:03,486 | ERROR | 2019 | ITP-00112_exit | échec : 404 Client Error: Not Found for url: https://transparency.entsog.eu/api/v1/operationaldatas?indicator=Physical+Flow&pointDirection=be-tso-0001itp-00112exit&from=2019-01-01&to=2019-12-31&periodType=hour&timezone=CET&limit=-1
2026-10-02 15:52:03,887 | WARNING | 2019 | ITP-00113_exit | aucune donnée
2026-10-02 15:52:03,888 | ERROR | 2019 | ITP-00113_exit | échec : 404 Client Error: Not Found for url: https://transparency.entsog.eu/api/v1/operationaldatas?indicator=Physical+Flow&pointDirection=be-tso-0001itp-00113exit&from=2019-01-01&to=2019-12-31&periodType=hour&timezone=CET&limit=-1
2026-10-02 15:52:04,311 | WARNING | 2019 | ITP-00114_exit | aucune donnée
2026-10-02 15:52:04,311 | ERROR | 2019 | ITP-00114_exit | échec : 404 Client Error: Not Found for url: https://transparency.entsog.eu/api/v1/operationaldatas?indicator=Physical+Flow&pointDirection=be-tso-0001itp-00114exit&from=2019-01-01&to=2019-12-31&periodType=hour&timezone=CET&limit=-1
2026-10-02 15:52:04,717 | WARNING | 2019 | ITP-00115_exit | aucune donnée
2026-10-02 15:52:04,719 | ERROR | 2019 | ITP-00115_exit | échec : 404 Client Error: Not Found for url: https://transparency.entsog.eu/api/v1/operationaldatas?indicator=Physical+Flow&pointDirection=be-tso-0001itp-00115exit&from=2019-01-01&to=2019-12-31&periodType=hour&timezone=CET&limit=-1
2026-10-02 15:52:05,119 | WARNING | 2019 | ITP-00147_exit | aucune donnée
2026-10-02 15:52:05,120 | ERROR | 2019 | ITP-00147_exit | échec : 404 Client Error: Not Found for url: https://transparency.entsog.eu/api/v1/operationaldatas?indicator=Physical+Flow&pointDirection=be-tso-0001itp-00147exit&from=2019-01-01&to=2019-12-31&periodType=hour&timezone=CET&limit=-1
2026-10-02 15:52:05,517 | WARNING | 2019 | ITP-00159_exit | aucune donnée
2026-10-02 15:52:05,518 | ERROR | 2019 | ITP-00159_exit | échec : 404 Client Error: Not Found for url: https://transparency.entsog.eu/api/v1/operationaldatas?indicator=Physical+Flow&pointDirection=be-tso-0001itp-00159exit&from=2019-01-01&to=2019-12-31&periodType=hour&timezone=CET&limit=-1
2026-10-02 15:52:05,937 | WARNING | 2019 | ITP-00159_exit | aucune donnée
2026-10-02 15:52:05,938 | ERROR | 2019 | ITP-00159_exit | échec : 404 Client Error: Not Found for url: https://transparency.entsog.eu/api/v1/operationaldatas?indicator=Physical+Flow&pointDirection=be-tso-0001itp-00159exit&from=2019-01-01&to=2019-12-31&periodType=hour&timezone=CET&limit=-1
2026-10-02 15:52:06,385 | WARNING | 2019 | ITP-00258_exit | aucune donnée
2026-10-02 15:52:06,387 | ERROR | 2019 | ITP-00258_exit | échec : 404 Client Error: Not Found for url: https://transparency.entsog.eu/api/v1/operationaldatas?indicator=Physical+Flow&pointDirection=be-tso-0001itp-00258exit&from=2019-01-01&to=2019-12-31&periodType=hour&timezone=CET&limit=-1
2026-10-02 15:52:06,806 | WARNING | 2019 | ITP-00289_exit | aucune donnée
2026-10-02 15:52:06,807 | ERROR | 2019 | ITP-00289_exit | échec : 404 Client Error: Not Found for url: https://transparency.entsog.eu/api/v1/operationaldatas?indicator=Physical+Flow&pointDirection=be-tso-0001itp-00289exit&from=2019-01-01&to=2019-12-31&periodType=hour&timezone=CET&limit=-1
2026-10-02 15:52:07,243 | WARNING | 2019 | ITP-00290_exit | aucune donnée
2026-10-02 15:52:07,244 | ERROR | 2019 | ITP-00290_exit | échec : 404 Client Error: Not Found for url: https://transparency.entsog.eu/api/v1/operationaldatas?indicator=Physical+Flow&pointDirection=be-tso-0001itp-00290exit&from=2019-01-01&to=2019-12-31&periodType=hour&timezone=CET&limit=-1
2026-10-02 15:52:07,653 | WARNING | 2019 | ITP-00519_exit | aucune donnée
2026-10-02 15:52:07,654 | ERROR | 2019 | ITP-00519_exit | échec : 404 Client Error: Not Found for url: https://transparency.entsog.eu/api/v1/operationaldatas?indicator=Physical+Flow&pointDirection=be-tso-0001itp-00519exit&from=2019-01-01&to=2019-12-31&periodType=hour&timezone=CET&limit=-1
2026-10-02 15:52:08,083 | WARNING | 2019 | ITP-00526_exit | aucune donnée
2026-10-02 15:52:08,084 | ERROR | 2019 | ITP-00526_exit | échec : 404 Client Error: Not Found for url: https://transparency.entsog.eu/api/v1/operationaldatas?indicator=Physical+Flow&pointDirection=be-tso-0001itp-00526exit&from=2019-01-01&to=2019-12-31&periodType=hour&timezone=CET&limit=-1
2026-10-02 15:52:08,545 | WARNING | 2019 | ITP-00542_exit | aucune donnée
2026-10-02 15:52:08,546 | ERROR | 2019 | ITP-00542_exit | échec : 404 Client Error: Not Found for url: https://transparency.entsog.eu/api/v1/operationaldatas?indicator=Physical+Flow&pointDirection=be-tso-0001itp-00542exit&from=2019-01-01&to=2019-12-31&periodType=hour&timezone=CET&limit=-1
2026-10-02 15:52:08,966 | WARNING | 2019 | ITP-00555_exit | aucune donnée
2026-10-02 15:52:08,967 | ERROR | 2019 | ITP-00555_exit | échec : 404 Client Error: Not Found for url: https://transparency.entsog.eu/api/v1/operationaldatas?indicator=Physical+Flow&pointDirection=be-tso-0001itp-00555exit&from=2019-01-01&to=2019-12-31&periodType=hour&timezone=CET&limit=-1
2026-10-02 15:52:09,382 | WARNING | 2019 | ITP-00614_exit | aucune donnée
2026-10-02 15:52:09,383 | ERROR | 2019 | ITP-00614_exit | échec : 404 Client Error: Not Found for url: https://transparency.entsog.eu/api/v1/operationaldatas?indicator=Physical+Flow&pointDirection=be-tso-0001itp-00614exit&from=2019-01-01&to=2019-12-31&periodType=hour&timezone=CET&limit=-1
2026-10-02 15:52:09,812 | WARNING | 2019 | ITP-00648_exit | aucune donnée
2026-10-02 15:52:09,813 | ERROR | 2019 | ITP-00648_exit | échec : 404 Client Error: Not Found for url: https://transparency.entsog.eu/api/v1/operationaldatas?indicator=Physical+Flow&pointDirection=be-tso-0001itp-00648exit&from=2019-01-01&to=2019-12-31&periodType=hour&timezone=CET&limit=-1
2026-10-02 15:52:10,215 | WARNING | 2019 | LNG-00005_exit | aucune donnée
2026-10-02 15:52:10,217 | ERROR | 2019 | LNG-00005_exit | échec : 404 Client Error: Not Found for url: https://transparency.entsog.eu/api/v1/operationaldatas?indicator=Physical+Flow&pointDirection=be-tso-0001lng-00005exit&from=2019-01-01&to=2019-12-31&periodType=hour&timezone=CET&limit=-1
2026-10-02 15:52:10,609 | WARNING | 2019 | LNG-00017_exit | aucune donnée
2026-10-02 15:52:10,610 | ERROR | 2019 | LNG-00017_exit | échec : 404 Client Error: Not Found for url: https://transparency.entsog.eu/api/v1/operationaldatas?indicator=Physical+Flow&pointDirection=be-tso-0001lng-00017exit&from=2019-01-01&to=2019-12-31&periodType=hour&timezone=CET&limit=-1
2026-10-02 15:52:11,031 | WARNING | 2019 | UGS-00002_exit | aucune donnée
2026-10-02 15:52:11,032 | ERROR | 2019 | UGS-00002_exit | échec : 404 Client Error: Not Found for url: https://transparency.entsog.eu/api/v1/operationaldatas?indicator=Physical+Flow&pointDirection=be-tso-0001ugs-00002exit&from=2019-01-01&to=2019-12-31&periodType=hour&timezone=CET&limit=-1
2026-10-02 15:52:11,435 | WARNING | 2019 | VTP-00029_exit | aucune donnée
2026-10-02 15:52:11,436 | ERROR | 2019 | VTP-00029_exit | échec : 404 Client Error: Not Found for url: https://transparency.entsog.eu/api/v1/operationaldatas?indicator=Physical+Flow&pointDirection=be-tso-0001vtp-00029exit&from=2019-01-01&to=2019-12-31&periodType=hour&timezone=CET&limit=-1
2026-10-02 15:52:12,173 | WARNING | 2020 | DIS-00191_entry | aucune donnée
2026-10-02 15:52:12,174 | ERROR | 2020 | DIS-00191_entry | échec : 404 Client Error: Not Found for url: https://transparency.entsog.eu/api/v1/operationaldatas?indicator=Physical+Flow&pointDirection=be-tso-0001dis-00191entry&from=2020-01-01&to=2020-12-31&periodType=hour&timezone=CET&limit=-1
2026-10-02 15:52:12,588 | WARNING | 2020 | DIS-00192_entry | aucune donnée
2026-10-02 15:52:12,590 | ERROR | 2020 | DIS-00192_entry | échec : 404 Client Error: Not Found for url: https://transparency.entsog.eu/api/v1/operationaldatas?indicator=Physical+Flow&pointDirection=be-tso-0001dis-00192entry&from=2020-01-01&to=2020-12-31&periodType=hour&timezone=CET&limit=-1
2026-10-02 15:52:12,997 | WARNING | 2020 | FNC-00033_entry | aucune donnée
2026-10-02 15:52:12,998 | ERROR | 2020 | FNC-00033_entry | échec : 404 Client Error: Not Found for url: https://transparency.entsog.eu/api/v1/operationaldatas?indicator=Physical+Flow&pointDirection=be-tso-0001fnc-00033entry&from=2020-01-01&to=2020-12-31&periodType=hour&timezone=CET&limit=-1
2026-10-02 15:52:13,401 | WARNING | 2020 | FNC-00034_entry | aucune donnée
2026-10-02 15:52:13,402 | ERROR | 2020 | FNC-00034_entry | échec : 404 Client Error: Not Found for url: https://transparency.entsog.eu/api/v1/operationaldatas?indicator=Physical+Flow&pointDirection=be-tso-0001fnc-00034entry&from=2020-01-01&to=2020-12-31&periodType=hour&timezone=CET&limit=-1
2026-10-02 15:52:13,812 | WARNING | 2020 | FNC-00035_entry | aucune donnée
2026-10-02 15:52:13,812 | ERROR | 2020 | FNC-00035_entry | échec : 404 Client Error: Not Found for url: https://transparency.entsog.eu/api/v1/operationaldatas?indicator=Physical+Flow&pointDirection=be-tso-0001fnc-00035entry&from=2020-01-01&to=2020-12-31&periodType=hour&timezone=CET&limit=-1
2026-10-02 15:52:14,242 | WARNING | 2020 | ITP-00038_entry | aucune donnée
2026-10-02 15:52:14,243 | ERROR | 2020 | ITP-00038_entry | échec : 404 Client Error: Not Found for url: https://transparency.entsog.eu/api/v1/operationaldatas?indicator=Physical+Flow&pointDirection=be-tso-0001itp-00038entry&from=2020-01-01&to=2020-12-31&periodType=hour&timezone=CET&limit=-1
2026-10-02 15:52:14,676 | WARNING | 2020 | ITP-00061_entry | aucune donnée
2026-10-02 15:52:14,677 | ERROR | 2020 | ITP-00061_entry | échec : 404 Client Error: Not Found for url: https://transparency.entsog.eu/api/v1/operationaldatas?indicator=Physical+Flow&pointDirection=be-tso-0001itp-00061entry&from=2020-01-01&to=2020-12-31&periodType=hour&timezone=CET&limit=-1
2026-10-02 15:52:15,078 | WARNING | 2020 | ITP-00088_entry | aucune donnée
2026-10-02 15:52:15,079 | ERROR | 2020 | ITP-00088_entry | échec : 404 Client Error: Not Found for url: https://transparency.entsog.eu/api/v1/operationaldatas?indicator=Physical+Flow&pointDirection=be-tso-0001itp-00088entry&from=2020-01-01&to=2020-12-31&periodType=hour&timezone=CET&limit=-1
2026-10-02 15:52:15,491 | WARNING | 2020 | ITP-00101_entry | aucune donnée
2026-10-02 15:52:15,492 | ERROR | 2020 | ITP-00101_entry | échec : 404 Client Error: Not Found for url: https://transparency.entsog.eu/api/v1/operationaldatas?indicator=Physical+Flow&pointDirection=be-tso-0001itp-00101entry&from=2020-01-01&to=2020-12-31&periodType=hour&timezone=CET&limit=-1
2026-10-02 15:52:15,903 | WARNING | 2020 | ITP-00106_entry | aucune donnée
2026-10-02 15:52:15,904 | ERROR | 2020 | ITP-00106_entry | échec : 404 Client Error: Not Found for url: https://transparency.entsog.eu/api/v1/operationaldatas?indicator=Physical+Flow&pointDirection=be-tso-0001itp-00106entry&from=2020-01-01&to=2020-12-31&periodType=hour&timezone=CET&limit=-1
2026-10-02 15:52:16,772 | WARNING | 2020 | ITP-00110_entry | aucune donnée
2026-10-02 15:52:16,773 | ERROR | 2020 | ITP-00110_entry | échec : 404 Client Error: Not Found for url: https://transparency.entsog.eu/api/v1/operationaldatas?indicator=Physical+Flow&pointDirection=be-tso-0001itp-00110entry&from=2020-01-01&to=2020-12-31&periodType=hour&timezone=CET&limit=-1
2026-10-02 15:52:17,190 | WARNING | 2020 | ITP-00112_entry | aucune donnée
2026-10-02 15:52:17,191 | ERROR | 2020 | ITP-00112_entry | échec : 404 Client Error: Not Found for url: https://transparency.entsog.eu/api/v1/operationaldatas?indicator=Physical+Flow&pointDirection=be-tso-0001itp-00112entry&from=2020-01-01&to=2020-12-31&periodType=hour&timezone=CET&limit=-1
2026-10-02 15:52:17,956 | WARNING | 2020 | ITP-00113_entry | aucune donnée
2026-10-02 15:52:17,957 | ERROR | 2020 | ITP-00113_entry | échec : 404 Client Error: Not Found for url: https://transparency.entsog.eu/api/v1/operationaldatas?indicator=Physical+Flow&pointDirection=be-tso-0001itp-00113entry&from=2020-01-01&to=2020-12-31&periodType=hour&timezone=CET&limit=-1
2026-10-02 15:52:18,359 | WARNING | 2020 | ITP-00114_entry | aucune donnée
2026-10-02 15:52:18,360 | ERROR | 2020 | ITP-00114_entry | échec : 404 Client Error: Not Found for url: https://transparency.entsog.eu/api/v1/operationaldatas?indicator=Physical+Flow&pointDirection=be-tso-0001itp-00114entry&from=2020-01-01&to=2020-12-31&periodType=hour&timezone=CET&limit=-1
2026-10-02 15:52:18,777 | WARNING | 2020 | ITP-00115_entry | aucune donnée
2026-10-02 15:52:18,778 | ERROR | 2020 | ITP-00115_entry | échec : 404 Client Error: Not Found for url: https://transparency.entsog.eu/api/v1/operationaldatas?indicator=Physical+Flow&pointDirection=be-tso-0001itp-00115entry&from=2020-01-01&to=2020-12-31&periodType=hour&timezone=CET&limit=-1
2026-10-02 15:52:19,177 | WARNING | 2020 | ITP-00147_entry | aucune donnée
2026-10-02 15:52:19,178 | ERROR | 2020 | ITP-00147_entry | échec : 404 Client Error: Not Found for url: https://transparency.entsog.eu/api/v1/operationaldatas?indicator=Physical+Flow&pointDirection=be-tso-0001itp-00147entry&from=2020-01-01&to=2020-12-31&periodType=hour&timezone=CET&limit=-1
2026-10-02 15:52:19,569 | WARNING | 2020 | ITP-00258_entry | aucune donnée
2026-10-02 15:52:19,570 | ERROR | 2020 | ITP-00258_entry | échec : 404 Client Error: Not Found for url: https://transparency.entsog.eu/api/v1/operationaldatas?indicator=Physical+Flow&pointDirection=be-tso-0001itp-00258entry&from=2020-01-01&to=2020-12-31&periodType=hour&timezone=CET&limit=-1
2026-10-02 15:52:19,969 | WARNING | 2020 | ITP-00289_entry | aucune donnée
2026-10-02 15:52:19,971 | ERROR | 2020 | ITP-00289_entry | échec : 404 Client Error: Not Found for url: https://transparency.entsog.eu/api/v1/operationaldatas?indicator=Physical+Flow&pointDirection=be-tso-0001itp-00289entry&from=2020-01-01&to=2020-12-31&periodType=hour&timezone=CET&limit=-1
2026-10-02 15:52:20,397 | WARNING | 2020 | ITP-00290_entry | aucune donnée
2026-10-02 15:52:20,398 | ERROR | 2020 | ITP-00290_entry | échec : 404 Client Error: Not Found for url: https://transparency.entsog.eu/api/v1/operationaldatas?indicator=Physical+Flow&pointDirection=be-tso-0001itp-00290entry&from=2020-01-01&to=2020-12-31&periodType=hour&timezone=CET&limit=-1
2026-10-02 15:52:20,839 | WARNING | 2020 | ITP-00519_entry | aucune donnée
2026-10-02 15:52:20,840 | ERROR | 2020 | ITP-00519_entry | échec : 404 Client Error: Not Found for url: https://transparency.entsog.eu/api/v1/operationaldatas?indicator=Physical+Flow&pointDirection=be-tso-0001itp-00519entry&from=2020-01-01&to=2020-12-31&periodType=hour&timezone=CET&limit=-1
2026-10-02 15:52:21,259 | WARNING | 2020 | ITP-00526_entry | aucune donnée
2026-10-02 15:52:21,260 | ERROR | 2020 | ITP-00526_entry | échec : 404 Client Error: Not Found for url: https://transparency.entsog.eu/api/v1/operationaldatas?indicator=Physical+Flow&pointDirection=be-tso-0001itp-00526entry&from=2020-01-01&to=2020-12-31&periodType=hour&timezone=CET&limit=-1
2026-10-02 15:52:21,665 | WARNING | 2020 | ITP-00542_entry | aucune donnée
2026-10-02 15:52:21,666 | ERROR | 2020 | ITP-00542_entry | échec : 404 Client Error: Not Found for url: https://transparency.entsog.eu/api/v1/operationaldatas?indicator=Physical+Flow&pointDirection=be-tso-0001itp-00542entry&from=2020-01-01&to=2020-12-31&periodType=hour&timezone=CET&limit=-1
2026-10-02 15:52:22,070 | WARNING | 2020 | ITP-00555_entry | aucune donnée
2026-10-02 15:52:22,070 | ERROR | 2020 | ITP-00555_entry | échec : 404 Client Error: Not Found for url: https://transparency.entsog.eu/api/v1/operationaldatas?indicator=Physical+Flow&pointDirection=be-tso-0001itp-00555entry&from=2020-01-01&to=2020-12-31&periodType=hour&timezone=CET&limit=-1
2026-10-02 15:52:22,481 | WARNING | 2020 | ITP-00614_entry | aucune donnée
2026-10-02 15:52:22,482 | ERROR | 2020 | ITP-00614_entry | échec : 404 Client Error: Not Found for url: https://transparency.entsog.eu/api/v1/operationaldatas?indicator=Physical+Flow&pointDirection=be-tso-0001itp-00614entry&from=2020-01-01&to=2020-12-31&periodType=hour&timezone=CET&limit=-1
2026-10-02 15:52:22,908 | WARNING | 2020 | ITP-00648_entry | aucune donnée
2026-10-02 15:52:22,909 | ERROR | 2020 | ITP-00648_entry | échec : 404 Client Error: Not Found for url: https://transparency.entsog.eu/api/v1/operationaldatas?indicator=Physical+Flow&pointDirection=be-tso-0001itp-00648entry&from=2020-01-01&to=2020-12-31&periodType=hour&timezone=CET&limit=-1
2026-10-02 15:52:23,324 | WARNING | 2020 | LNG-00005_entry | aucune donnée
2026-10-02 15:52:23,324 | ERROR | 2020 | LNG-00005_entry | échec : 404 Client Error: Not Found for url: https://transparency.entsog.eu/api/v1/operationaldatas?indicator=Physical+Flow&pointDirection=be-tso-0001lng-00005entry&from=2020-01-01&to=2020-12-31&periodType=hour&timezone=CET&limit=-1
2026-10-02 15:52:23,724 | WARNING | 2020 | LNG-00017_entry | aucune donnée
2026-10-02 15:52:23,725 | ERROR | 2020 | LNG-00017_entry | échec : 404 Client Error: Not Found for url: https://transparency.entsog.eu/api/v1/operationaldatas?indicator=Physical+Flow&pointDirection=be-tso-0001lng-00017entry&from=2020-01-01&to=2020-12-31&periodType=hour&timezone=CET&limit=-1
2026-10-02 15:52:24,123 | WARNING | 2020 | UGS-00002_entry | aucune donnée
2026-10-02 15:52:24,125 | ERROR | 2020 | UGS-00002_entry | échec : 404 Client Error: Not Found for url: https://transparency.entsog.eu/api/v1/operationaldatas?indicator=Physical+Flow&pointDirection=be-tso-0001ugs-00002entry&from=2020-01-01&to=2020-12-31&periodType=hour&timezone=CET&limit=-1
2026-10-02 15:52:24,553 | WARNING | 2020 | VTP-00029_entry | aucune donnée
2026-10-02 15:52:24,554 | ERROR | 2020 | VTP-00029_entry | échec : 404 Client Error: Not Found for url: https://transparency.entsog.eu/api/v1/operationaldatas?indicator=Physical+Flow&pointDirection=be-tso-0001vtp-00029entry&from=2020-01-01&to=2020-12-31&periodType=hour&timezone=CET&limit=-1
2026-10-02 15:52:24,978 | WARNING | 2020 | DIS-00191_exit | aucune donnée
2026-10-02 15:52:24,979 | ERROR | 2020 | DIS-00191_exit | échec : 404 Client Error: Not Found for url: https://transparency.entsog.eu/api/v1/operationaldatas?indicator=Physical+Flow&pointDirection=be-tso-0001dis-00191exit&from=2020-01-01&to=2020-12-31&periodType=hour&timezone=CET&limit=-1
2026-10-02 15:52:25,426 | WARNING | 2020 | DIS-00192_exit | aucune donnée
2026-10-02 15:52:25,427 | ERROR | 2020 | DIS-00192_exit | échec : 404 Client Error: Not Found for url: https://transparency.entsog.eu/api/v1/operationaldatas?indicator=Physical+Flow&pointDirection=be-tso-0001dis-00192exit&from=2020-01-01&to=2020-12-31&periodType=hour&timezone=CET&limit=-1
2026-10-02 15:52:25,824 | WARNING | 2020 | FNC-00033_exit | aucune donnée
2026-10-02 15:52:25,826 | ERROR | 2020 | FNC-00033_exit | échec : 404 Client Error: Not Found for url: https://transparency.entsog.eu/api/v1/operationaldatas?indicator=Physical+Flow&pointDirection=be-tso-0001fnc-00033exit&from=2020-01-01&to=2020-12-31&periodType=hour&timezone=CET&limit=-1
2026-10-02 15:52:26,264 | WARNING | 2020 | FNC-00034_exit | aucune donnée
2026-10-02 15:52:26,265 | ERROR | 2020 | FNC-00034_exit | échec : 404 Client Error: Not Found for url: https://transparency.entsog.eu/api/v1/operationaldatas?indicator=Physical+Flow&pointDirection=be-tso-0001fnc-00034exit&from=2020-01-01&to=2020-12-31&periodType=hour&timezone=CET&limit=-1
2026-10-02 15:52:26,676 | WARNING | 2020 | FNC-00035_exit | aucune donnée
2026-10-02 15:52:26,678 | ERROR | 2020 | FNC-00035_exit | échec : 404 Client Error: Not Found for url: https://transparency.entsog.eu/api/v1/operationaldatas?indicator=Physical+Flow&pointDirection=be-tso-0001fnc-00035exit&from=2020-01-01&to=2020-12-31&periodType=hour&timezone=CET&limit=-1
2026-10-02 15:52:27,094 | WARNING | 2020 | ITP-00038_exit | aucune donnée
2026-10-02 15:52:27,095 | ERROR | 2020 | ITP-00038_exit | échec : 404 Client Error: Not Found for url: https://transparency.entsog.eu/api/v1/operationaldatas?indicator=Physical+Flow&pointDirection=be-tso-0001itp-00038exit&from=2020-01-01&to=2020-12-31&periodType=hour&timezone=CET&limit=-1
2026-10-02 15:52:27,511 | WARNING | 2020 | ITP-00061_exit | aucune donnée
2026-10-02 15:52:27,512 | ERROR | 2020 | ITP-00061_exit | échec : 404 Client Error: Not Found for url: https://transparency.entsog.eu/api/v1/operationaldatas?indicator=Physical+Flow&pointDirection=be-tso-0001itp-00061exit&from=2020-01-01&to=2020-12-31&periodType=hour&timezone=CET&limit=-1
2026-10-02 15:52:27,938 | WARNING | 2020 | ITP-00088_exit | aucune donnée
2026-10-02 15:52:27,938 | ERROR | 2020 | ITP-00088_exit | échec : 404 Client Error: Not Found for url: https://transparency.entsog.eu/api/v1/operationaldatas?indicator=Physical+Flow&pointDirection=be-tso-0001itp-00088exit&from=2020-01-01&to=2020-12-31&periodType=hour&timezone=CET&limit=-1
2026-10-02 15:52:28,341 | WARNING | 2020 | ITP-00101_exit | aucune donnée
2026-10-02 15:52:28,342 | ERROR | 2020 | ITP-00101_exit | échec : 404 Client Error: Not Found for url: https://transparency.entsog.eu/api/v1/operationaldatas?indicator=Physical+Flow&pointDirection=be-tso-0001itp-00101exit&from=2020-01-01&to=2020-12-31&periodType=hour&timezone=CET&limit=-1
2026-10-02 15:52:28,819 | WARNING | 2020 | ITP-00106_exit | aucune donnée
2026-10-02 15:52:28,820 | ERROR | 2020 | ITP-00106_exit | échec : 404 Client Error: Not Found for url: https://transparency.entsog.eu/api/v1/operationaldatas?indicator=Physical+Flow&pointDirection=be-tso-0001itp-00106exit&from=2020-01-01&to=2020-12-31&periodType=hour&timezone=CET&limit=-1
2026-10-02 15:52:29,241 | WARNING | 2020 | ITP-00110_exit | aucune donnée
2026-10-02 15:52:29,242 | ERROR | 2020 | ITP-00110_exit | échec : 404 Client Error: Not Found for url: https://transparency.entsog.eu/api/v1/operationaldatas?indicator=Physical+Flow&pointDirection=be-tso-0001itp-00110exit&from=2020-01-01&to=2020-12-31&periodType=hour&timezone=CET&limit=-1
2026-10-02 15:52:29,643 | WARNING | 2020 | ITP-00112_exit | aucune donnée
2026-10-02 15:52:29,644 | ERROR | 2020 | ITP-00112_exit | échec : 404 Client Error: Not Found for url: https://transparency.entsog.eu/api/v1/operationaldatas?indicator=Physical+Flow&pointDirection=be-tso-0001itp-00112exit&from=2020-01-01&to=2020-12-31&periodType=hour&timezone=CET&limit=-1
2026-10-02 15:52:30,044 | WARNING | 2020 | ITP-00113_exit | aucune donnée
2026-10-02 15:52:30,045 | ERROR | 2020 | ITP-00113_exit | échec : 404 Client Error: Not Found for url: https://transparency.entsog.eu/api/v1/operationaldatas?indicator=Physical+Flow&pointDirection=be-tso-0001itp-00113exit&from=2020-01-01&to=2020-12-31&periodType=hour&timezone=CET&limit=-1
2026-10-02 15:52:30,457 | WARNING | 2020 | ITP-00114_exit | aucune donnée
2026-10-02 15:52:30,458 | ERROR | 2020 | ITP-00114_exit | échec : 404 Client Error: Not Found for url: https://transparency.entsog.eu/api/v1/operationaldatas?indicator=Physical+Flow&pointDirection=be-tso-0001itp-00114exit&from=2020-01-01&to=2020-12-31&periodType=hour&timezone=CET&limit=-1
2026-10-02 15:52:30,888 | WARNING | 2020 | ITP-00115_exit | aucune donnée
2026-10-02 15:52:30,889 | ERROR | 2020 | ITP-00115_exit | échec : 404 Client Error: Not Found for url: https://transparency.entsog.eu/api/v1/operationaldatas?indicator=Physical+Flow&pointDirection=be-tso-0001itp-00115exit&from=2020-01-01&to=2020-12-31&periodType=hour&timezone=CET&limit=-1
2026-10-02 15:52:31,294 | WARNING | 2020 | ITP-00147_exit | aucune donnée
2026-10-02 15:52:31,295 | ERROR | 2020 | ITP-00147_exit | échec : 404 Client Error: Not Found for url: https://transparency.entsog.eu/api/v1/operationaldatas?indicator=Physical+Flow&pointDirection=be-tso-0001itp-00147exit&from=2020-01-01&to=2020-12-31&periodType=hour&timezone=CET&limit=-1
2026-10-02 15:52:31,714 | WARNING | 2020 | ITP-00159_exit | aucune donnée
2026-10-02 15:52:31,716 | ERROR | 2020 | ITP-00159_exit | échec : 404 Client Error: Not Found for url: https://transparency.entsog.eu/api/v1/operationaldatas?indicator=Physical+Flow&pointDirection=be-tso-0001itp-00159exit&from=2020-01-01&to=2020-12-31&periodType=hour&timezone=CET&limit=-1
2026-10-02 15:52:32,124 | WARNING | 2020 | ITP-00159_exit | aucune donnée
2026-10-02 15:52:32,125 | ERROR | 2020 | ITP-00159_exit | échec : 404 Client Error: Not Found for url: https://transparency.entsog.eu/api/v1/operationaldatas?indicator=Physical+Flow&pointDirection=be-tso-0001itp-00159exit&from=2020-01-01&to=2020-12-31&periodType=hour&timezone=CET&limit=-1
2026-10-02 15:52:32,541 | WARNING | 2020 | ITP-00258_exit | aucune donnée
2026-10-02 15:52:32,542 | ERROR | 2020 | ITP-00258_exit | échec : 404 Client Error: Not Found for url: https://transparency.entsog.eu/api/v1/operationaldatas?indicator=Physical+Flow&pointDirection=be-tso-0001itp-00258exit&from=2020-01-01&to=2020-12-31&periodType=hour&timezone=CET&limit=-1
2026-10-02 15:52:32,943 | WARNING | 2020 | ITP-00289_exit | aucune donnée
2026-10-02 15:52:32,944 | ERROR | 2020 | ITP-00289_exit | échec : 404 Client Error: Not Found for url: https://transparency.entsog.eu/api/v1/operationaldatas?indicator=Physical+Flow&pointDirection=be-tso-0001itp-00289exit&from=2020-01-01&to=2020-12-31&periodType=hour&timezone=CET&limit=-1
2026-10-02 15:52:33,349 | WARNING | 2020 | ITP-00290_exit | aucune donnée
2026-10-02 15:52:33,351 | ERROR | 2020 | ITP-00290_exit | échec : 404 Client Error: Not Found for url: https://transparency.entsog.eu/api/v1/operationaldatas?indicator=Physical+Flow&pointDirection=be-tso-0001itp-00290exit&from=2020-01-01&to=2020-12-31&periodType=hour&timezone=CET&limit=-1
2026-10-02 15:52:34,473 | WARNING | 2020 | ITP-00519_exit | aucune donnée
2026-10-02 15:52:34,474 | ERROR | 2020 | ITP-00519_exit | échec : 404 Client Error: Not Found for url: https://transparency.entsog.eu/api/v1/operationaldatas?indicator=Physical+Flow&pointDirection=be-tso-0001itp-00519exit&from=2020-01-01&to=2020-12-31&periodType=hour&timezone=CET&limit=-1
2026-10-02 15:52:34,882 | WARNING | 2020 | ITP-00526_exit | aucune donnée
2026-10-02 15:52:34,883 | ERROR | 2020 | ITP-00526_exit | échec : 404 Client Error: Not Found for url: https://transparency.entsog.eu/api/v1/operationaldatas?indicator=Physical+Flow&pointDirection=be-tso-0001itp-00526exit&from=2020-01-01&to=2020-12-31&periodType=hour&timezone=CET&limit=-1
2026-10-02 15:52:35,634 | WARNING | 2020 | ITP-00542_exit | aucune donnée
2026-10-02 15:52:35,635 | ERROR | 2020 | ITP-00542_exit | échec : 404 Client Error: Not Found for url: https://transparency.entsog.eu/api/v1/operationaldatas?indicator=Physical+Flow&pointDirection=be-tso-0001itp-00542exit&from=2020-01-01&to=2020-12-31&periodType=hour&timezone=CET&limit=-1
2026-10-02 15:52:36,049 | WARNING | 2020 | ITP-00555_exit | aucune donnée
2026-10-02 15:52:36,050 | ERROR | 2020 | ITP-00555_exit | échec : 404 Client Error: Not Found for url: https://transparency.entsog.eu/api/v1/operationaldatas?indicator=Physical+Flow&pointDirection=be-tso-0001itp-00555exit&from=2020-01-01&to=2020-12-31&periodType=hour&timezone=CET&limit=-1
2026-10-02 15:52:36,475 | WARNING | 2020 | ITP-00614_exit | aucune donnée
2026-10-02 15:52:36,476 | ERROR | 2020 | ITP-00614_exit | échec : 404 Client Error: Not Found for url: https://transparency.entsog.eu/api/v1/operationaldatas?indicator=Physical+Flow&pointDirection=be-tso-0001itp-00614exit&from=2020-01-01&to=2020-12-31&periodType=hour&timezone=CET&limit=-1
2026-10-02 15:52:36,910 | WARNING | 2020 | ITP-00648_exit | aucune donnée
2026-10-02 15:52:36,911 | ERROR | 2020 | ITP-00648_exit | échec : 404 Client Error: Not Found for url: https://transparency.entsog.eu/api/v1/operationaldatas?indicator=Physical+Flow&pointDirection=be-tso-0001itp-00648exit&from=2020-01-01&to=2020-12-31&periodType=hour&timezone=CET&limit=-1
2026-10-02 15:52:37,367 | WARNING | 2020 | LNG-00005_exit | aucune donnée
2026-10-02 15:52:37,369 | ERROR | 2020 | LNG-00005_exit | échec : 404 Client Error: Not Found for url: https://transparency.entsog.eu/api/v1/operationaldatas?indicator=Physical+Flow&pointDirection=be-tso-0001lng-00005exit&from=2020-01-01&to=2020-12-31&periodType=hour&timezone=CET&limit=-1
2026-10-02 15:52:37,783 | WARNING | 2020 | LNG-00017_exit | aucune donnée
2026-10-02 15:52:37,784 | ERROR | 2020 | LNG-00017_exit | échec : 404 Client Error: Not Found for url: https://transparency.entsog.eu/api/v1/operationaldatas?indicator=Physical+Flow&pointDirection=be-tso-0001lng-00017exit&from=2020-01-01&to=2020-12-31&periodType=hour&timezone=CET&limit=-1
2026-10-02 15:52:38,183 | WARNING | 2020 | UGS-00002_exit | aucune donnée
2026-10-02 15:52:38,184 | ERROR | 2020 | UGS-00002_exit | échec : 404 Client Error: Not Found for url: https://transparency.entsog.eu/api/v1/operationaldatas?indicator=Physical+Flow&pointDirection=be-tso-0001ugs-00002exit&from=2020-01-01&to=2020-12-31&periodType=hour&timezone=CET&limit=-1
2026-10-02 15:52:38,595 | WARNING | 2020 | VTP-00029_exit | aucune donnée
2026-10-02 15:52:38,596 | ERROR | 2020 | VTP-00029_exit | échec : 404 Client Error: Not Found for url: https://transparency.entsog.eu/api/v1/operationaldatas?indicator=Physical+Flow&pointDirection=be-tso-0001vtp-00029exit&from=2020-01-01&to=2020-12-31&periodType=hour&timezone=CET&limit=-1
2026-10-02 17:34:17,869 | INFO | 2024 | DIS-00191_entry | 8712 lignes | 3182 Ko | 1.84 s
2026-10-02 17:34:23,239 | INFO | 2024 | DIS-00192_entry | 5807 lignes | 2121 Ko | 5.37 s
2026-10-02 17:34:26,442 | INFO | 2024 | FNC-00033_entry | 8759 lignes | 3746 Ko | 3.20 s
2026-10-02 17:34:29,395 | INFO | 2024 | FNC-00034_entry | 8759 lignes | 3746 Ko | 2.95 s
2026-10-02 17:34:32,396 | INFO | 2024 | FNC-00035_entry | 8759 lignes | 3643 Ko | 3.00 s
2026-10-02 17:34:36,267 | WARNING | 2024 | ITP-00038_entry | aucune donnée
2026-10-02 17:37:43,794 | WARNING | 2020 | DIS-00191_entry | aucune donnée
2026-10-02 17:37:45,533 | WARNING | 2020 | DIS-00192_entry | aucune donnée
2026-10-02 17:37:47,252 | WARNING | 2020 | FNC-00033_entry | aucune donnée
2026-10-02 17:37:48,946 | WARNING | 2020 | FNC-00034_entry | aucune donnée
2026-10-02 17:37:50,592 | WARNING | 2020 | FNC-00035_entry | aucune donnée
2026-10-02 17:37:52,498 | WARNING | 2020 | ITP-00038_entry | aucune donnée
2026-10-02 17:37:54,396 | WARNING | 2020 | ITP-00061_entry | aucune donnée
2026-10-02 17:37:56,055 | WARNING | 2020 | ITP-00088_entry | aucune donnée
2026-10-02 17:37:58,029 | WARNING | 2020 | ITP-00101_entry | aucune donnée
2026-10-02 17:37:59,414 | WARNING | 2020 | ITP-00106_entry | aucune donnée
2026-10-02 17:38:00,890 | WARNING | 2020 | ITP-00110_entry | aucune donnée
2026-10-02 17:38:02,297 | WARNING | 2020 | ITP-00112_entry | aucune donnée
2026-10-02 17:38:03,812 | WARNING | 2020 | ITP-00113_entry | aucune donnée
2026-10-02 17:38:05,697 | WARNING | 2020 | ITP-00114_entry | aucune donnée
2026-10-02 17:38:07,951 | WARNING | 2020 | ITP-00115_entry | aucune donnée
2026-10-02 17:38:09,896 | WARNING | 2020 | ITP-00147_entry | aucune donnée
2026-10-02 17:38:11,726 | WARNING | 2020 | ITP-00258_entry | aucune donnée
2026-10-02 17:38:13,420 | WARNING | 2020 | ITP-00289_entry | aucune donnée
2026-10-02 17:38:15,296 | WARNING | 2020 | ITP-00290_entry | aucune donnée
2026-10-02 17:38:17,229 | WARNING | 2020 | ITP-00519_entry | aucune donnée
2026-10-02 17:38:18,971 | WARNING | 2020 | ITP-00526_entry | aucune donnée
2026-10-02 17:38:21,402 | WARNING | 2020 | ITP-00542_entry | aucune donnée
2026-10-02 17:38:24,440 | WARNING | 2020 | ITP-00555_entry | aucune donnée
2026-10-02 17:38:26,124 | WARNING | 2020 | ITP-00614_entry | aucune donnée
2026-10-02 17:38:27,906 | WARNING | 2020 | ITP-00648_entry | aucune donnée
2026-10-02 17:38:29,810 | WARNING | 2020 | LNG-00005_entry | aucune donnée
2026-10-02 17:38:32,997 | WARNING | 2020 | LNG-00017_entry | aucune donnée
2026-10-02 17:38:35,664 | WARNING | 2020 | UGS-00002_entry | aucune donnée
2026-10-02 17:38:37,926 | WARNING | 2020 | VTP-00029_entry | aucune donnée
2026-10-02 17:38:40,445 | WARNING | 2020 | DIS-00191_exit | aucune donnée
2026-10-02 17:38:42,717 | WARNING | 2020 | DIS-00192_exit | aucune donnée
2026-10-02 17:38:44,982 | WARNING | 2020 | FNC-00033_exit | aucune donnée
2026-10-02 17:38:46,873 | WARNING | 2020 | FNC-00034_exit | aucune donnée
2026-10-02 17:38:48,292 | WARNING | 2020 | FNC-00035_exit | aucune donnée
2026-10-02 17:38:49,667 | WARNING | 2020 | ITP-00038_exit | aucune donnée
2026-10-02 17:38:51,867 | WARNING | 2020 | ITP-00061_exit | aucune donnée
2026-10-02 17:38:53,688 | WARNING | 2020 | ITP-00088_exit | aucune donnée
2026-10-02 17:38:55,336 | WARNING | 2020 | ITP-00101_exit | aucune donnée
2026-10-02 17:38:57,501 | WARNING | 2020 | ITP-00106_exit | aucune donnée
2026-10-02 17:38:59,278 | WARNING | 2020 | ITP-00110_exit | aucune donnée
2026-10-02 17:39:01,187 | WARNING | 2020 | ITP-00112_exit | aucune donnée
2026-10-02 17:39:03,512 | WARNING | 2020 | ITP-00113_exit | aucune donnée
2026-10-02 17:39:05,658 | WARNING | 2020 | ITP-00114_exit | aucune donnée
2026-10-02 17:39:07,430 | WARNING | 2020 | ITP-00115_exit | aucune donnée
2026-10-02 17:39:08,803 | WARNING | 2020 | ITP-00147_exit | aucune donnée
2026-10-02 17:39:10,570 | WARNING | 2020 | ITP-00159_exit | aucune donnée
2026-10-02 17:39:11,923 | WARNING | 2020 | ITP-00159_exit | aucune donnée
2026-10-02 17:39:14,274 | WARNING | 2020 | ITP-00258_exit | aucune donnée
2026-10-02 17:39:16,311 | WARNING | 2020 | ITP-00289_exit | aucune donnée
2026-10-02 17:39:18,323 | WARNING | 2020 | ITP-00290_exit | aucune donnée
2026-10-02 17:39:19,926 | WARNING | 2020 | ITP-00519_exit | aucune donnée
2026-10-02 17:39:22,336 | WARNING | 2020 | ITP-00526_exit | aucune donnée
2026-10-02 17:39:25,186 | WARNING | 2020 | ITP-00542_exit | aucune donnée
2026-10-02 17:39:27,666 | WARNING | 2020 | ITP-00555_exit | aucune donnée
2026-10-02 17:39:29,892 | WARNING | 2020 | ITP-00614_exit | aucune donnée
2026-10-02 17:39:31,968 | WARNING | 2020 | ITP-00648_exit | aucune donnée
2026-10-02 17:39:34,017 | WARNING | 2020 | LNG-00005_exit | aucune donnée
2026-10-02 17:39:36,039 | WARNING | 2020 | LNG-00017_exit | aucune donnée
2026-10-02 17:39:38,398 | WARNING | 2020 | UGS-00002_exit | aucune donnée
2026-10-02 17:39:40,538 | WARNING | 2020 | VTP-00029_exit | aucune donnée
2026-10-02 17:55:32,445 | INFO | 2021 | DIS-00191_entry | 8598 lignes | 3058 Ko | 32.92 s
2026-10-02 17:55:40,567 | INFO | 2021 | DIS-00192_entry | 6693 lignes | 2380 Ko | 8.12 s
2026-10-02 17:55:43,100 | INFO | 2021 | FNC-00033_entry | 2256 lignes | 973 Ko | 2.53 s
2026-10-02 17:55:45,483 | INFO | 2021 | FNC-00034_entry | 2184 lignes | 934 Ko | 2.38 s
2026-10-02 17:55:47,728 | INFO | 2021 | FNC-00035_entry | 2184 lignes | 908 Ko | 2.24 s
2026-10-02 17:55:54,629 | INFO | 2021 | ITP-00038_entry | 8736 lignes | 3647 Ko | 6.90 s
2026-10-02 17:56:00,489 | INFO | 2021 | ITP-00061_entry | 8736 lignes | 3614 Ko | 5.85 s
2026-10-02 17:56:01,907 | ERROR | 2021 | ITP-00088_entry | échec : 404 Client Error: Not Found for url: https://transparency.entsog.eu/api/v1/operationaldatas?indicator=Physical+Flow&pointDirection=be-tso-0001itp-00088entry&from=2021-01-01&to=2021-12-31&periodType=hour&timezone=CET&limit=-1
2026-10-02 17:56:03,241 | ERROR | 2021 | ITP-00101_entry | échec : 404 Client Error: Not Found for url: https://transparency.entsog.eu/api/v1/operationaldatas?indicator=Physical+Flow&pointDirection=be-tso-0001itp-00101entry&from=2021-01-01&to=2021-12-31&periodType=hour&timezone=CET&limit=-1
2026-10-02 17:56:08,396 | INFO | 2021 | ITP-00106_entry | 8736 lignes | 3856 Ko | 5.15 s
2026-10-02 17:56:10,198 | ERROR | 2021 | ITP-00110_entry | échec : 404 Client Error: Not Found for url: https://transparency.entsog.eu/api/v1/operationaldatas?indicator=Physical+Flow&pointDirection=be-tso-0001itp-00110entry&from=2021-01-01&to=2021-12-31&periodType=hour&timezone=CET&limit=-1
2026-10-02 17:56:14,787 | INFO | 2021 | ITP-00112_entry | 8736 lignes | 3883 Ko | 4.58 s
2026-10-02 17:56:16,637 | ERROR | 2021 | ITP-00113_entry | échec : 404 Client Error: Not Found for url: https://transparency.entsog.eu/api/v1/operationaldatas?indicator=Physical+Flow&pointDirection=be-tso-0001itp-00113entry&from=2021-01-01&to=2021-12-31&periodType=hour&timezone=CET&limit=-1
2026-10-02 17:56:18,258 | ERROR | 2021 | ITP-00114_entry | échec : 404 Client Error: Not Found for url: https://transparency.entsog.eu/api/v1/operationaldatas?indicator=Physical+Flow&pointDirection=be-tso-0001itp-00114entry&from=2021-01-01&to=2021-12-31&periodType=hour&timezone=CET&limit=-1
2026-10-02 17:56:23,120 | INFO | 2021 | ITP-00115_entry | 8736 lignes | 3823 Ko | 4.86 s
2026-10-02 17:56:24,638 | ERROR | 2021 | ITP-00147_entry | échec : 404 Client Error: Not Found for url: https://transparency.entsog.eu/api/v1/operationaldatas?indicator=Physical+Flow&pointDirection=be-tso-0001itp-00147entry&from=2021-01-01&to=2021-12-31&periodType=hour&timezone=CET&limit=-1
2026-10-02 17:56:26,684 | ERROR | 2021 | ITP-00258_entry | échec : 404 Client Error: Not Found for url: https://transparency.entsog.eu/api/v1/operationaldatas?indicator=Physical+Flow&pointDirection=be-tso-0001itp-00258entry&from=2021-01-01&to=2021-12-31&periodType=hour&timezone=CET&limit=-1
2026-10-02 17:56:31,364 | INFO | 2021 | ITP-00289_entry | 8736 lignes | 3268 Ko | 4.68 s
2026-10-02 17:56:35,749 | INFO | 2021 | ITP-00290_entry | 8736 lignes | 3273 Ko | 4.38 s
2026-10-02 17:56:38,370 | INFO | 2021 | ITP-00519_entry | 8735 lignes | 3360 Ko | 2.62 s
2026-10-02 17:56:42,292 | INFO | 2021 | ITP-00526_entry | 8736 lignes | 3583 Ko | 3.92 s
2026-10-02 17:56:46,075 | INFO | 2021 | ITP-00542_entry | 8736 lignes | 3641 Ko | 3.78 s
2026-10-02 17:56:49,985 | INFO | 2021 | ITP-00555_entry | 8736 lignes | 3573 Ko | 3.90 s
2026-10-02 17:56:51,399 | ERROR | 2021 | ITP-00614_entry | échec : 404 Client Error: Not Found for url: https://transparency.entsog.eu/api/v1/operationaldatas?indicator=Physical+Flow&pointDirection=be-tso-0001itp-00614entry&from=2021-01-01&to=2021-12-31&periodType=hour&timezone=CET&limit=-1
2026-10-02 17:56:53,246 | ERROR | 2021 | ITP-00648_entry | échec : 404 Client Error: Not Found for url: https://transparency.entsog.eu/api/v1/operationaldatas?indicator=Physical+Flow&pointDirection=be-tso-0001itp-00648entry&from=2021-01-01&to=2021-12-31&periodType=hour&timezone=CET&limit=-1
2026-10-02 17:56:54,675 | ERROR | 2021 | LNG-00005_entry | échec : 404 Client Error: Not Found for url: https://transparency.entsog.eu/api/v1/operationaldatas?indicator=Physical+Flow&pointDirection=be-tso-0001lng-00005entry&from=2021-01-01&to=2021-12-31&periodType=hour&timezone=CET&limit=-1
2026-10-02 17:56:58,628 | INFO | 2021 | LNG-00017_entry | 8736 lignes | 3472 Ko | 3.95 s
2026-10-02 17:57:02,487 | INFO | 2021 | UGS-00002_entry | 8736 lignes | 3092 Ko | 3.86 s
2026-10-02 17:57:05,327 | INFO | 2021 | VTP-00029_entry | 1802 lignes | 706 Ko | 2.83 s
2026-10-02 17:57:09,902 | INFO | 2021 | DIS-00191_exit | 8736 lignes | 3142 Ko | 4.57 s
2026-10-02 17:57:14,021 | INFO | 2021 | DIS-00192_exit | 8736 lignes | 3140 Ko | 4.11 s
2026-10-02 17:57:18,043 | INFO | 2021 | FNC-00033_exit | 8736 lignes | 3541 Ko | 4.02 s
2026-10-02 17:57:21,321 | INFO | 2021 | FNC-00034_exit | 8736 lignes | 3532 Ko | 3.27 s
2026-10-02 17:57:24,443 | INFO | 2021 | FNC-00035_exit | 8736 lignes | 3490 Ko | 3.12 s
2026-10-02 17:57:27,724 | INFO | 2021 | ITP-00038_exit | 8736 lignes | 3584 Ko | 3.28 s
2026-10-02 17:57:31,831 | INFO | 2021 | ITP-00061_exit | 8736 lignes | 3603 Ko | 4.10 s
2026-10-02 17:57:33,345 | ERROR | 2021 | ITP-00088_exit | échec : 404 Client Error: Not Found for url: https://transparency.entsog.eu/api/v1/operationaldatas?indicator=Physical+Flow&pointDirection=be-tso-0001itp-00088exit&from=2021-01-01&to=2021-12-31&periodType=hour&timezone=CET&limit=-1
2026-10-02 17:57:34,938 | ERROR | 2021 | ITP-00101_exit | échec : 404 Client Error: Not Found for url: https://transparency.entsog.eu/api/v1/operationaldatas?indicator=Physical+Flow&pointDirection=be-tso-0001itp-00101exit&from=2021-01-01&to=2021-12-31&periodType=hour&timezone=CET&limit=-1
2026-10-02 17:57:38,348 | INFO | 2021 | ITP-00106_exit | 8736 lignes | 3780 Ko | 3.41 s
2026-10-02 17:57:40,482 | ERROR | 2021 | ITP-00110_exit | échec : 404 Client Error: Not Found for url: https://transparency.entsog.eu/api/v1/operationaldatas?indicator=Physical+Flow&pointDirection=be-tso-0001itp-00110exit&from=2021-01-01&to=2021-12-31&periodType=hour&timezone=CET&limit=-1
2026-10-02 17:57:44,843 | INFO | 2021 | ITP-00112_exit | 8736 lignes | 3867 Ko | 4.36 s
2026-10-02 17:57:47,095 | ERROR | 2021 | ITP-00113_exit | échec : 404 Client Error: Not Found for url: https://transparency.entsog.eu/api/v1/operationaldatas?indicator=Physical+Flow&pointDirection=be-tso-0001itp-00113exit&from=2021-01-01&to=2021-12-31&periodType=hour&timezone=CET&limit=-1
2026-10-02 17:57:48,619 | ERROR | 2021 | ITP-00114_exit | échec : 404 Client Error: Not Found for url: https://transparency.entsog.eu/api/v1/operationaldatas?indicator=Physical+Flow&pointDirection=be-tso-0001itp-00114exit&from=2021-01-01&to=2021-12-31&periodType=hour&timezone=CET&limit=-1
2026-10-02 17:57:52,534 | INFO | 2021 | ITP-00115_exit | 8736 lignes | 3844 Ko | 3.91 s
2026-10-02 17:57:54,655 | ERROR | 2021 | ITP-00147_exit | échec : 404 Client Error: Not Found for url: https://transparency.entsog.eu/api/v1/operationaldatas?indicator=Physical+Flow&pointDirection=be-tso-0001itp-00147exit&from=2021-01-01&to=2021-12-31&periodType=hour&timezone=CET&limit=-1
2026-10-02 17:57:56,593 | ERROR | 2021 | ITP-00159_exit | échec : 404 Client Error: Not Found for url: https://transparency.entsog.eu/api/v1/operationaldatas?indicator=Physical+Flow&pointDirection=be-tso-0001itp-00159exit&from=2021-01-01&to=2021-12-31&periodType=hour&timezone=CET&limit=-1
2026-10-02 17:57:58,622 | ERROR | 2021 | ITP-00159_exit | échec : 404 Client Error: Not Found for url: https://transparency.entsog.eu/api/v1/operationaldatas?indicator=Physical+Flow&pointDirection=be-tso-0001itp-00159exit&from=2021-01-01&to=2021-12-31&periodType=hour&timezone=CET&limit=-1
2026-10-02 17:58:00,567 | ERROR | 2021 | ITP-00258_exit | échec : 404 Client Error: Not Found for url: https://transparency.entsog.eu/api/v1/operationaldatas?indicator=Physical+Flow&pointDirection=be-tso-0001itp-00258exit&from=2021-01-01&to=2021-12-31&periodType=hour&timezone=CET&limit=-1
2026-10-02 17:58:04,539 | INFO | 2021 | ITP-00289_exit | 8736 lignes | 3255 Ko | 3.96 s
2026-10-02 17:58:08,747 | INFO | 2021 | ITP-00290_exit | 8736 lignes | 3251 Ko | 4.20 s
2026-10-02 17:58:12,257 | INFO | 2021 | ITP-00519_exit | 8735 lignes | 3343 Ko | 3.51 s
2026-10-02 17:58:17,023 | INFO | 2021 | ITP-00526_exit | 8736 lignes | 3581 Ko | 4.76 s
2026-10-02 17:58:21,711 | INFO | 2021 | ITP-00542_exit | 8736 lignes | 3636 Ko | 4.68 s
2026-10-02 17:58:25,891 | INFO | 2021 | ITP-00555_exit | 8736 lignes | 3579 Ko | 4.17 s
2026-10-02 17:58:27,840 | ERROR | 2021 | ITP-00614_exit | échec : 404 Client Error: Not Found for url: https://transparency.entsog.eu/api/v1/operationaldatas?indicator=Physical+Flow&pointDirection=be-tso-0001itp-00614exit&from=2021-01-01&to=2021-12-31&periodType=hour&timezone=CET&limit=-1
2026-10-02 17:58:30,028 | ERROR | 2021 | ITP-00648_exit | échec : 404 Client Error: Not Found for url: https://transparency.entsog.eu/api/v1/operationaldatas?indicator=Physical+Flow&pointDirection=be-tso-0001itp-00648exit&from=2021-01-01&to=2021-12-31&periodType=hour&timezone=CET&limit=-1
2026-10-02 17:58:32,060 | ERROR | 2021 | LNG-00005_exit | échec : 404 Client Error: Not Found for url: https://transparency.entsog.eu/api/v1/operationaldatas?indicator=Physical+Flow&pointDirection=be-tso-0001lng-00005exit&from=2021-01-01&to=2021-12-31&periodType=hour&timezone=CET&limit=-1
2026-10-02 17:58:36,158 | INFO | 2021 | LNG-00017_exit | 8736 lignes | 3404 Ko | 4.09 s
2026-10-02 17:58:40,428 | INFO | 2021 | UGS-00002_exit | 8736 lignes | 3079 Ko | 4.26 s
2026-10-02 17:58:43,130 | INFO | 2021 | VTP-00029_exit | 1800 lignes | 712 Ko | 2.69 s
2026-10-02 17:58:58,183 | INFO | 2022 | DIS-00191_entry | 8736 lignes | 3177 Ko | 15.03 s
2026-10-02 17:59:03,252 | INFO | 2022 | DIS-00192_entry | 8486 lignes | 3088 Ko | 5.06 s
2026-10-02 17:59:06,995 | INFO | 2022 | FNC-00033_entry | 8735 lignes | 3736 Ko | 3.74 s
2026-10-02 17:59:10,496 | INFO | 2022 | FNC-00034_entry | 8735 lignes | 3736 Ko | 3.50 s
2026-10-02 17:59:14,145 | INFO | 2022 | FNC-00035_entry | 8735 lignes | 3633 Ko | 3.64 s
2026-10-02 17:59:31,067 | INFO | 2022 | ITP-00038_entry | 8736 lignes | 3644 Ko | 16.92 s
2026-10-02 17:59:39,490 | INFO | 2022 | ITP-00061_entry | 8736 lignes | 3671 Ko | 8.41 s
2026-10-02 17:59:48,229 | ERROR | 2022 | ITP-00088_entry | échec : 404 Client Error: Not Found for url: https://transparency.entsog.eu/api/v1/operationaldatas?indicator=Physical+Flow&pointDirection=be-tso-0001itp-00088entry&from=2022-01-01&to=2022-12-31&periodType=hour&timezone=CET&limit=-1
2026-10-02 17:59:50,472 | ERROR | 2022 | ITP-00101_entry | échec : 404 Client Error: Not Found for url: https://transparency.entsog.eu/api/v1/operationaldatas?indicator=Physical+Flow&pointDirection=be-tso-0001itp-00101entry&from=2022-01-01&to=2022-12-31&periodType=hour&timezone=CET&limit=-1
2026-10-02 17:59:58,010 | INFO | 2022 | ITP-00106_entry | 8736 lignes | 3856 Ko | 7.53 s
2026-10-02 18:00:00,662 | ERROR | 2022 | ITP-00110_entry | échec : 404 Client Error: Not Found for url: https://transparency.entsog.eu/api/v1/operationaldatas?indicator=Physical+Flow&pointDirection=be-tso-0001itp-00110entry&from=2022-01-01&to=2022-12-31&periodType=hour&timezone=CET&limit=-1
2026-10-02 18:00:05,708 | INFO | 2022 | ITP-00112_entry | 2111 lignes | 936 Ko | 5.04 s
2026-10-02 18:00:07,914 | ERROR | 2022 | ITP-00113_entry | échec : 404 Client Error: Not Found for url: https://transparency.entsog.eu/api/v1/operationaldatas?indicator=Physical+Flow&pointDirection=be-tso-0001itp-00113entry&from=2022-01-01&to=2022-12-31&periodType=hour&timezone=CET&limit=-1
2026-10-02 18:00:10,229 | ERROR | 2022 | ITP-00114_entry | échec : 404 Client Error: Not Found for url: https://transparency.entsog.eu/api/v1/operationaldatas?indicator=Physical+Flow&pointDirection=be-tso-0001itp-00114entry&from=2022-01-01&to=2022-12-31&periodType=hour&timezone=CET&limit=-1
2026-10-02 18:00:42,340 | INFO | 2022 | ITP-00115_entry | 8736 lignes | 3822 Ko | 32.10 s
2026-10-02 18:00:44,268 | ERROR | 2022 | ITP-00147_entry | échec : 404 Client Error: Not Found for url: https://transparency.entsog.eu/api/v1/operationaldatas?indicator=Physical+Flow&pointDirection=be-tso-0001itp-00147entry&from=2022-01-01&to=2022-12-31&periodType=hour&timezone=CET&limit=-1
2026-10-02 18:00:48,521 | ERROR | 2022 | ITP-00258_entry | échec : 404 Client Error: Not Found for url: https://transparency.entsog.eu/api/v1/operationaldatas?indicator=Physical+Flow&pointDirection=be-tso-0001itp-00258entry&from=2022-01-01&to=2022-12-31&periodType=hour&timezone=CET&limit=-1
2026-10-02 18:00:55,326 | INFO | 2022 | ITP-00289_entry | 8736 lignes | 3268 Ko | 6.80 s
2026-10-02 18:01:02,675 | INFO | 2022 | ITP-00290_entry | 8736 lignes | 3294 Ko | 7.34 s
2026-10-02 18:01:05,814 | INFO | 2022 | ITP-00519_entry | 8735 lignes | 3360 Ko | 3.14 s
2026-10-02 18:01:13,976 | INFO | 2022 | ITP-00526_entry | 8736 lignes | 3618 Ko | 8.16 s
2026-10-02 18:01:19,035 | INFO | 2022 | ITP-00542_entry | 2159 lignes | 899 Ko | 5.06 s
2026-10-02 18:01:25,224 | INFO | 2022 | ITP-00555_entry | 8736 lignes | 3558 Ko | 6.18 s
2026-10-02 18:01:28,175 | INFO | 2022 | ITP-00614_entry | 6577 lignes | 2698 Ko | 2.95 s
2026-10-02 18:01:29,908 | ERROR | 2022 | ITP-00648_entry | échec : 404 Client Error: Not Found for url: https://transparency.entsog.eu/api/v1/operationaldatas?indicator=Physical+Flow&pointDirection=be-tso-0001itp-00648entry&from=2022-01-01&to=2022-12-31&periodType=hour&timezone=CET&limit=-1
2026-10-02 18:01:32,350 | ERROR | 2022 | LNG-00005_entry | échec : 404 Client Error: Not Found for url: https://transparency.entsog.eu/api/v1/operationaldatas?indicator=Physical+Flow&pointDirection=be-tso-0001lng-00005entry&from=2022-01-01&to=2022-12-31&periodType=hour&timezone=CET&limit=-1
2026-10-02 18:01:42,165 | INFO | 2022 | LNG-00017_entry | 8736 lignes | 3479 Ko | 9.81 s
2026-10-02 18:01:51,392 | INFO | 2022 | UGS-00002_entry | 8736 lignes | 3091 Ko | 9.22 s
2026-10-02 18:01:54,985 | ERROR | 2022 | VTP-00029_entry | échec : 404 Client Error: Not Found for url: https://transparency.entsog.eu/api/v1/operationaldatas?indicator=Physical+Flow&pointDirection=be-tso-0001vtp-00029entry&from=2022-01-01&to=2022-12-31&periodType=hour&timezone=CET&limit=-1
2026-10-02 18:02:02,938 | INFO | 2022 | DIS-00191_exit | 8736 lignes | 3213 Ko | 7.95 s
2026-10-02 18:02:11,849 | INFO | 2022 | DIS-00192_exit | 8736 lignes | 3210 Ko | 8.90 s
2026-10-02 18:02:19,904 | INFO | 2022 | FNC-00033_exit | 8736 lignes | 3612 Ko | 8.05 s
2026-10-02 18:02:25,432 | INFO | 2022 | FNC-00034_exit | 8736 lignes | 3604 Ko | 5.52 s
2026-10-02 18:02:31,955 | INFO | 2022 | FNC-00035_exit | 8736 lignes | 3562 Ko | 6.52 s
2026-10-02 18:02:37,520 | INFO | 2022 | ITP-00038_exit | 8736 lignes | 3584 Ko | 5.56 s
2026-10-02 18:02:43,778 | INFO | 2022 | ITP-00061_exit | 8736 lignes | 3602 Ko | 6.25 s
2026-10-02 18:02:46,274 | ERROR | 2022 | ITP-00088_exit | échec : 404 Client Error: Not Found for url: https://transparency.entsog.eu/api/v1/operationaldatas?indicator=Physical+Flow&pointDirection=be-tso-0001itp-00088exit&from=2022-01-01&to=2022-12-31&periodType=hour&timezone=CET&limit=-1
2026-10-02 18:02:48,227 | ERROR | 2022 | ITP-00101_exit | échec : 404 Client Error: Not Found for url: https://transparency.entsog.eu/api/v1/operationaldatas?indicator=Physical+Flow&pointDirection=be-tso-0001itp-00101exit&from=2022-01-01&to=2022-12-31&periodType=hour&timezone=CET&limit=-1
2026-10-02 18:03:01,769 | INFO | 2022 | ITP-00106_exit | 8736 lignes | 3780 Ko | 13.54 s
2026-10-02 18:03:04,535 | ERROR | 2022 | ITP-00110_exit | échec : 404 Client Error: Not Found for url: https://transparency.entsog.eu/api/v1/operationaldatas?indicator=Physical+Flow&pointDirection=be-tso-0001itp-00110exit&from=2022-01-01&to=2022-12-31&periodType=hour&timezone=CET&limit=-1
2026-10-02 18:03:09,282 | INFO | 2022 | ITP-00112_exit | 2159 lignes | 968 Ko | 4.74 s
2026-10-02 18:03:42,749 | ERROR | 2022 | ITP-00113_exit | échec : 404 Client Error: Not Found for url: https://transparency.entsog.eu/api/v1/operationaldatas?indicator=Physical+Flow&pointDirection=be-tso-0001itp-00113exit&from=2022-01-01&to=2022-12-31&periodType=hour&timezone=CET&limit=-1
2026-10-02 18:03:43,951 | ERROR | 2022 | ITP-00114_exit | échec : 404 Client Error: Not Found for url: https://transparency.entsog.eu/api/v1/operationaldatas?indicator=Physical+Flow&pointDirection=be-tso-0001itp-00114exit&from=2022-01-01&to=2022-12-31&periodType=hour&timezone=CET&limit=-1
2026-10-02 18:03:55,297 | INFO | 2022 | ITP-00115_exit | 8736 lignes | 3841 Ko | 11.34 s
2026-10-02 18:03:58,174 | ERROR | 2022 | ITP-00147_exit | échec : 404 Client Error: Not Found for url: https://transparency.entsog.eu/api/v1/operationaldatas?indicator=Physical+Flow&pointDirection=be-tso-0001itp-00147exit&from=2022-01-01&to=2022-12-31&periodType=hour&timezone=CET&limit=-1
2026-10-02 18:03:59,524 | ERROR | 2022 | ITP-00159_exit | échec : 404 Client Error: Not Found for url: https://transparency.entsog.eu/api/v1/operationaldatas?indicator=Physical+Flow&pointDirection=be-tso-0001itp-00159exit&from=2022-01-01&to=2022-12-31&periodType=hour&timezone=CET&limit=-1
2026-10-02 18:04:01,012 | ERROR | 2022 | ITP-00159_exit | échec : 404 Client Error: Not Found for url: https://transparency.entsog.eu/api/v1/operationaldatas?indicator=Physical+Flow&pointDirection=be-tso-0001itp-00159exit&from=2022-01-01&to=2022-12-31&periodType=hour&timezone=CET&limit=-1
2026-10-02 18:04:16,202 | ERROR | 2022 | ITP-00258_exit | échec : 404 Client Error: Not Found for url: https://transparency.entsog.eu/api/v1/operationaldatas?indicator=Physical+Flow&pointDirection=be-tso-0001itp-00258exit&from=2022-01-01&to=2022-12-31&periodType=hour&timezone=CET&limit=-1
2026-10-02 18:04:26,026 | INFO | 2022 | ITP-00289_exit | 8736 lignes | 3277 Ko | 9.82 s
2026-10-02 18:04:31,288 | INFO | 2022 | ITP-00290_exit | 8736 lignes | 3251 Ko | 5.26 s
2026-10-02 18:04:34,361 | INFO | 2022 | ITP-00519_exit | 8735 lignes | 3343 Ko | 3.07 s
2026-10-02 18:04:50,715 | INFO | 2022 | ITP-00526_exit | 8736 lignes | 3551 Ko | 16.34 s
2026-10-02 18:04:58,649 | INFO | 2022 | ITP-00542_exit | 2159 lignes | 909 Ko | 7.93 s
2026-10-02 18:05:05,558 | INFO | 2022 | ITP-00555_exit | 8736 lignes | 3598 Ko | 6.90 s
2026-10-02 18:05:09,441 | INFO | 2022 | ITP-00614_exit | 6577 lignes | 2730 Ko | 3.88 s
2026-10-02 18:05:11,279 | ERROR | 2022 | ITP-00648_exit | échec : 404 Client Error: Not Found for url: https://transparency.entsog.eu/api/v1/operationaldatas?indicator=Physical+Flow&pointDirection=be-tso-0001itp-00648exit&from=2022-01-01&to=2022-12-31&periodType=hour&timezone=CET&limit=-1
2026-10-02 18:05:13,270 | ERROR | 2022 | LNG-00005_exit | échec : 404 Client Error: Not Found for url: https://transparency.entsog.eu/api/v1/operationaldatas?indicator=Physical+Flow&pointDirection=be-tso-0001lng-00005exit&from=2022-01-01&to=2022-12-31&periodType=hour&timezone=CET&limit=-1
2026-10-02 18:05:21,316 | INFO | 2022 | LNG-00017_exit | 8736 lignes | 3404 Ko | 8.04 s
2026-10-02 18:05:31,204 | INFO | 2022 | UGS-00002_exit | 8736 lignes | 3080 Ko | 9.88 s
2026-10-02 18:05:33,685 | ERROR | 2022 | VTP-00029_exit | échec : 404 Client Error: Not Found for url: https://transparency.entsog.eu/api/v1/operationaldatas?indicator=Physical+Flow&pointDirection=be-tso-0001vtp-00029exit&from=2022-01-01&to=2022-12-31&periodType=hour&timezone=CET&limit=-1
2026-10-02 18:05:50,832 | INFO | 2023 | DIS-00191_entry | 8736 lignes | 3191 Ko | 17.12 s
2026-10-02 18:05:55,685 | INFO | 2023 | DIS-00192_entry | 8736 lignes | 3191 Ko | 4.84 s
2026-10-02 18:06:00,592 | INFO | 2023 | FNC-00033_entry | 8735 lignes | 3736 Ko | 4.90 s
2026-10-02 18:06:03,801 | INFO | 2023 | FNC-00034_entry | 8735 lignes | 3736 Ko | 3.21 s
2026-10-02 18:06:06,899 | INFO | 2023 | FNC-00035_entry | 8735 lignes | 3633 Ko | 3.09 s
2026-10-02 18:06:13,568 | INFO | 2023 | ITP-00038_entry | 2155 lignes | 901 Ko | 6.66 s
2026-10-02 18:06:33,794 | INFO | 2023 | ITP-00061_entry | 8736 lignes | 3761 Ko | 20.22 s
2026-10-02 18:06:35,866 | ERROR | 2023 | ITP-00088_entry | échec : 404 Client Error: Not Found for url: https://transparency.entsog.eu/api/v1/operationaldatas?indicator=Physical+Flow&pointDirection=be-tso-0001itp-00088entry&from=2023-01-01&to=2023-12-31&periodType=hour&timezone=CET&limit=-1
2026-10-02 18:06:37,709 | ERROR | 2023 | ITP-00101_entry | échec : 404 Client Error: Not Found for url: https://transparency.entsog.eu/api/v1/operationaldatas?indicator=Physical+Flow&pointDirection=be-tso-0001itp-00101entry&from=2023-01-01&to=2023-12-31&periodType=hour&timezone=CET&limit=-1
2026-10-02 18:06:46,843 | INFO | 2023 | ITP-00106_entry | 8736 lignes | 3861 Ko | 9.13 s
2026-10-02 18:06:48,672 | ERROR | 2023 | ITP-00110_entry | échec : 404 Client Error: Not Found for url: https://transparency.entsog.eu/api/v1/operationaldatas?indicator=Physical+Flow&pointDirection=be-tso-0001itp-00110entry&from=2023-01-01&to=2023-12-31&periodType=hour&timezone=CET&limit=-1
2026-10-02 18:06:51,174 | ERROR | 2023 | ITP-00112_entry | échec : 404 Client Error: Not Found for url: https://transparency.entsog.eu/api/v1/operationaldatas?indicator=Physical+Flow&pointDirection=be-tso-0001itp-00112entry&from=2023-01-01&to=2023-12-31&periodType=hour&timezone=CET&limit=-1
2026-10-02 18:06:52,939 | ERROR | 2023 | ITP-00113_entry | échec : 404 Client Error: Not Found for url: https://transparency.entsog.eu/api/v1/operationaldatas?indicator=Physical+Flow&pointDirection=be-tso-0001itp-00113entry&from=2023-01-01&to=2023-12-31&periodType=hour&timezone=CET&limit=-1
2026-10-02 18:06:55,270 | ERROR | 2023 | ITP-00114_entry | échec : 404 Client Error: Not Found for url: https://transparency.entsog.eu/api/v1/operationaldatas?indicator=Physical+Flow&pointDirection=be-tso-0001itp-00114entry&from=2023-01-01&to=2023-12-31&periodType=hour&timezone=CET&limit=-1
2026-10-02 18:07:05,272 | INFO | 2023 | ITP-00115_entry | 8736 lignes | 3822 Ko | 10.00 s
2026-10-02 18:07:06,731 | ERROR | 2023 | ITP-00147_entry | échec : 404 Client Error: Not Found for url: https://transparency.entsog.eu/api/v1/operationaldatas?indicator=Physical+Flow&pointDirection=be-tso-0001itp-00147entry&from=2023-01-01&to=2023-12-31&periodType=hour&timezone=CET&limit=-1
2026-10-02 18:07:08,295 | ERROR | 2023 | ITP-00258_entry | échec : 404 Client Error: Not Found for url: https://transparency.entsog.eu/api/v1/operationaldatas?indicator=Physical+Flow&pointDirection=be-tso-0001itp-00258entry&from=2023-01-01&to=2023-12-31&periodType=hour&timezone=CET&limit=-1
2026-10-02 18:07:13,164 | INFO | 2023 | ITP-00289_entry | 8736 lignes | 3268 Ko | 4.86 s
2026-10-02 18:07:18,401 | INFO | 2023 | ITP-00290_entry | 8736 lignes | 3270 Ko | 5.23 s
2026-10-02 18:07:21,377 | INFO | 2023 | ITP-00519_entry | 8735 lignes | 3360 Ko | 2.97 s
2026-10-02 18:07:28,798 | INFO | 2023 | ITP-00526_entry | 8736 lignes | 3612 Ko | 7.42 s
2026-10-02 18:07:31,374 | ERROR | 2023 | ITP-00542_entry | échec : 404 Client Error: Not Found for url: https://transparency.entsog.eu/api/v1/operationaldatas?indicator=Physical+Flow&pointDirection=be-tso-0001itp-00542entry&from=2023-01-01&to=2023-12-31&periodType=hour&timezone=CET&limit=-1
2026-10-02 18:07:37,531 | INFO | 2023 | ITP-00555_entry | 8736 lignes | 3560 Ko | 6.15 s
2026-10-02 18:07:41,794 | INFO | 2023 | ITP-00614_entry | 8736 lignes | 3584 Ko | 4.26 s
2026-10-02 18:07:45,945 | INFO | 2023 | ITP-00648_entry | 6821 lignes | 2836 Ko | 4.15 s
2026-10-02 18:07:47,482 | ERROR | 2023 | LNG-00005_entry | échec : 404 Client Error: Not Found for url: https://transparency.entsog.eu/api/v1/operationaldatas?indicator=Physical+Flow&pointDirection=be-tso-0001lng-00005entry&from=2023-01-01&to=2023-12-31&periodType=hour&timezone=CET&limit=-1
2026-10-02 18:07:56,388 | INFO | 2023 | LNG-00017_entry | 8736 lignes | 3483 Ko | 8.90 s
2026-10-02 18:08:01,702 | INFO | 2023 | UGS-00002_entry | 8736 lignes | 3090 Ko | 5.31 s
2026-10-02 18:08:03,518 | ERROR | 2023 | VTP-00029_entry | échec : 404 Client Error: Not Found for url: https://transparency.entsog.eu/api/v1/operationaldatas?indicator=Physical+Flow&pointDirection=be-tso-0001vtp-00029entry&from=2023-01-01&to=2023-12-31&periodType=hour&timezone=CET&limit=-1
2026-10-02 18:08:10,567 | INFO | 2023 | DIS-00191_exit | 8736 lignes | 3232 Ko | 7.04 s
2026-10-02 18:08:17,233 | INFO | 2023 | DIS-00192_exit | 8736 lignes | 3227 Ko | 6.66 s
2026-10-02 18:08:22,819 | INFO | 2023 | FNC-00033_exit | 8736 lignes | 3631 Ko | 5.58 s
2026-10-02 18:08:27,948 | INFO | 2023 | FNC-00034_exit | 8736 lignes | 3622 Ko | 5.13 s
2026-10-02 18:08:32,694 | INFO | 2023 | FNC-00035_exit | 8736 lignes | 3579 Ko | 4.74 s
2026-10-02 18:08:37,145 | INFO | 2023 | ITP-00038_exit | 2135 lignes | 876 Ko | 4.45 s
2026-10-02 18:08:42,397 | INFO | 2023 | ITP-00061_exit | 8736 lignes | 3686 Ko | 5.25 s
2026-10-02 18:08:44,027 | ERROR | 2023 | ITP-00088_exit | échec : 404 Client Error: Not Found for url: https://transparency.entsog.eu/api/v1/operationaldatas?indicator=Physical+Flow&pointDirection=be-tso-0001itp-00088exit&from=2023-01-01&to=2023-12-31&periodType=hour&timezone=CET&limit=-1
2026-10-02 18:08:45,468 | ERROR | 2023 | ITP-00101_exit | échec : 404 Client Error: Not Found for url: https://transparency.entsog.eu/api/v1/operationaldatas?indicator=Physical+Flow&pointDirection=be-tso-0001itp-00101exit&from=2023-01-01&to=2023-12-31&periodType=hour&timezone=CET&limit=-1
2026-10-02 18:08:49,893 | INFO | 2023 | ITP-00106_exit | 8736 lignes | 3780 Ko | 4.42 s
2026-10-02 18:08:51,959 | ERROR | 2023 | ITP-00110_exit | échec : 404 Client Error: Not Found for url: https://transparency.entsog.eu/api/v1/operationaldatas?indicator=Physical+Flow&pointDirection=be-tso-0001itp-00110exit&from=2023-01-01&to=2023-12-31&periodType=hour&timezone=CET&limit=-1
2026-10-02 18:08:54,219 | ERROR | 2023 | ITP-00112_exit | échec : 404 Client Error: Not Found for url: https://transparency.entsog.eu/api/v1/operationaldatas?indicator=Physical+Flow&pointDirection=be-tso-0001itp-00112exit&from=2023-01-01&to=2023-12-31&periodType=hour&timezone=CET&limit=-1
2026-10-02 18:08:56,351 | ERROR | 2023 | ITP-00113_exit | échec : 404 Client Error: Not Found for url: https://transparency.entsog.eu/api/v1/operationaldatas?indicator=Physical+Flow&pointDirection=be-tso-0001itp-00113exit&from=2023-01-01&to=2023-12-31&periodType=hour&timezone=CET&limit=-1
2026-10-02 18:08:58,255 | ERROR | 2023 | ITP-00114_exit | échec : 404 Client Error: Not Found for url: https://transparency.entsog.eu/api/v1/operationaldatas?indicator=Physical+Flow&pointDirection=be-tso-0001itp-00114exit&from=2023-01-01&to=2023-12-31&periodType=hour&timezone=CET&limit=-1
2026-10-02 18:09:06,720 | INFO | 2023 | ITP-00115_exit | 8736 lignes | 3837 Ko | 8.46 s
2026-10-02 18:09:08,409 | ERROR | 2023 | ITP-00147_exit | échec : 404 Client Error: Not Found for url: https://transparency.entsog.eu/api/v1/operationaldatas?indicator=Physical+Flow&pointDirection=be-tso-0001itp-00147exit&from=2023-01-01&to=2023-12-31&periodType=hour&timezone=CET&limit=-1
2026-10-02 18:09:10,020 | ERROR | 2023 | ITP-00159_exit | échec : 404 Client Error: Not Found for url: https://transparency.entsog.eu/api/v1/operationaldatas?indicator=Physical+Flow&pointDirection=be-tso-0001itp-00159exit&from=2023-01-01&to=2023-12-31&periodType=hour&timezone=CET&limit=-1
2026-10-02 18:09:11,664 | ERROR | 2023 | ITP-00159_exit | échec : 404 Client Error: Not Found for url: https://transparency.entsog.eu/api/v1/operationaldatas?indicator=Physical+Flow&pointDirection=be-tso-0001itp-00159exit&from=2023-01-01&to=2023-12-31&periodType=hour&timezone=CET&limit=-1
2026-10-02 18:09:13,976 | ERROR | 2023 | ITP-00258_exit | échec : 404 Client Error: Not Found for url: https://transparency.entsog.eu/api/v1/operationaldatas?indicator=Physical+Flow&pointDirection=be-tso-0001itp-00258exit&from=2023-01-01&to=2023-12-31&periodType=hour&timezone=CET&limit=-1
2026-10-02 18:09:19,703 | INFO | 2023 | ITP-00289_exit | 8736 lignes | 3253 Ko | 5.72 s
2026-10-02 18:09:24,487 | INFO | 2023 | ITP-00290_exit | 8736 lignes | 3251 Ko | 4.78 s
2026-10-02 18:09:27,166 | INFO | 2023 | ITP-00519_exit | 8735 lignes | 3343 Ko | 2.68 s
2026-10-02 18:09:31,517 | INFO | 2023 | ITP-00526_exit | 8736 lignes | 3560 Ko | 4.35 s
2026-10-02 18:09:33,667 | ERROR | 2023 | ITP-00542_exit | échec : 404 Client Error: Not Found for url: https://transparency.entsog.eu/api/v1/operationaldatas?indicator=Physical+Flow&pointDirection=be-tso-0001itp-00542exit&from=2023-01-01&to=2023-12-31&periodType=hour&timezone=CET&limit=-1
2026-10-02 18:09:39,303 | INFO | 2023 | ITP-00555_exit | 8736 lignes | 3599 Ko | 5.63 s
2026-10-02 18:09:44,816 | INFO | 2023 | ITP-00614_exit | 8736 lignes | 3630 Ko | 5.51 s
2026-10-02 18:09:47,687 | INFO | 2023 | ITP-00648_exit | 6821 lignes | 2785 Ko | 2.87 s
2026-10-02 18:09:49,212 | ERROR | 2023 | LNG-00005_exit | échec : 404 Client Error: Not Found for url: https://transparency.entsog.eu/api/v1/operationaldatas?indicator=Physical+Flow&pointDirection=be-tso-0001lng-00005exit&from=2023-01-01&to=2023-12-31&periodType=hour&timezone=CET&limit=-1
2026-10-02 18:09:54,047 | INFO | 2023 | LNG-00017_exit | 8736 lignes | 3404 Ko | 4.83 s
2026-10-02 18:09:58,977 | INFO | 2023 | UGS-00002_exit | 8736 lignes | 3085 Ko | 4.93 s
2026-10-02 18:10:01,079 | ERROR | 2023 | VTP-00029_exit | échec : 404 Client Error: Not Found for url: https://transparency.entsog.eu/api/v1/operationaldatas?indicator=Physical+Flow&pointDirection=be-tso-0001vtp-00029exit&from=2023-01-01&to=2023-12-31&periodType=hour&timezone=CET&limit=-1
2026-10-02 18:10:18,843 | INFO | 2024 | DIS-00191_entry | 8712 lignes | 3182 Ko | 17.72 s
2026-10-02 18:10:27,716 | INFO | 2024 | DIS-00192_entry | 5807 lignes | 2121 Ko | 8.87 s
2026-10-02 18:10:30,746 | INFO | 2024 | FNC-00033_entry | 8759 lignes | 3746 Ko | 3.02 s
2026-10-02 18:10:33,546 | INFO | 2024 | FNC-00034_entry | 8759 lignes | 3746 Ko | 2.80 s
2026-10-02 18:10:36,461 | INFO | 2024 | FNC-00035_entry | 8759 lignes | 3643 Ko | 2.91 s
2026-10-02 18:10:42,246 | ERROR | 2024 | ITP-00038_entry | échec : 404 Client Error: Not Found for url: https://transparency.entsog.eu/api/v1/operationaldatas?indicator=Physical+Flow&pointDirection=be-tso-0001itp-00038entry&from=2024-01-01&to=2024-12-31&periodType=hour&timezone=CET&limit=-1
2026-10-02 18:11:07,901 | INFO | 2024 | ITP-00061_entry | 8760 lignes | 3750 Ko | 25.65 s
2026-10-02 18:11:09,492 | ERROR | 2024 | ITP-00088_entry | échec : 404 Client Error: Not Found for url: https://transparency.entsog.eu/api/v1/operationaldatas?indicator=Physical+Flow&pointDirection=be-tso-0001itp-00088entry&from=2024-01-01&to=2024-12-31&periodType=hour&timezone=CET&limit=-1
2026-10-02 18:11:10,902 | ERROR | 2024 | ITP-00101_entry | échec : 404 Client Error: Not Found for url: https://transparency.entsog.eu/api/v1/operationaldatas?indicator=Physical+Flow&pointDirection=be-tso-0001itp-00101entry&from=2024-01-01&to=2024-12-31&periodType=hour&timezone=CET&limit=-1
2026-10-02 18:11:35,226 | INFO | 2024 | ITP-00106_entry | 8760 lignes | 3869 Ko | 24.32 s
2026-10-02 18:11:37,125 | ERROR | 2024 | ITP-00110_entry | échec : 404 Client Error: Not Found for url: https://transparency.entsog.eu/api/v1/operationaldatas?indicator=Physical+Flow&pointDirection=be-tso-0001itp-00110entry&from=2024-01-01&to=2024-12-31&periodType=hour&timezone=CET&limit=-1
2026-10-02 18:11:39,987 | ERROR | 2024 | ITP-00112_entry | échec : 404 Client Error: Not Found for url: https://transparency.entsog.eu/api/v1/operationaldatas?indicator=Physical+Flow&pointDirection=be-tso-0001itp-00112entry&from=2024-01-01&to=2024-12-31&periodType=hour&timezone=CET&limit=-1
2026-10-02 18:11:44,683 | ERROR | 2024 | ITP-00113_entry | échec : 404 Client Error: Not Found for url: https://transparency.entsog.eu/api/v1/operationaldatas?indicator=Physical+Flow&pointDirection=be-tso-0001itp-00113entry&from=2024-01-01&to=2024-12-31&periodType=hour&timezone=CET&limit=-1
2026-10-02 18:11:46,800 | ERROR | 2024 | ITP-00114_entry | échec : 404 Client Error: Not Found for url: https://transparency.entsog.eu/api/v1/operationaldatas?indicator=Physical+Flow&pointDirection=be-tso-0001itp-00114entry&from=2024-01-01&to=2024-12-31&periodType=hour&timezone=CET&limit=-1
2026-10-02 18:11:58,872 | INFO | 2024 | ITP-00115_entry | 8736 lignes | 3822 Ko | 12.07 s
2026-10-02 18:12:00,461 | ERROR | 2024 | ITP-00147_entry | échec : 404 Client Error: Not Found for url: https://transparency.entsog.eu/api/v1/operationaldatas?indicator=Physical+Flow&pointDirection=be-tso-0001itp-00147entry&from=2024-01-01&to=2024-12-31&periodType=hour&timezone=CET&limit=-1
2026-10-02 18:12:02,828 | ERROR | 2024 | ITP-00258_entry | échec : 404 Client Error: Not Found for url: https://transparency.entsog.eu/api/v1/operationaldatas?indicator=Physical+Flow&pointDirection=be-tso-0001itp-00258entry&from=2024-01-01&to=2024-12-31&periodType=hour&timezone=CET&limit=-1
2026-10-02 18:12:16,197 | INFO | 2024 | ITP-00289_entry | 8736 lignes | 3268 Ko | 13.37 s
2026-10-02 18:12:31,129 | INFO | 2024 | ITP-00290_entry | 8736 lignes | 3268 Ko | 14.93 s
2026-10-02 18:12:33,860 | INFO | 2024 | ITP-00519_entry | 8759 lignes | 3370 Ko | 2.73 s
2026-10-02 18:12:56,154 | INFO | 2024 | ITP-00526_entry | 8760 lignes | 3621 Ko | 22.29 s
2026-10-02 18:13:01,623 | ERROR | 2024 | ITP-00542_entry | échec : 404 Client Error: Not Found for url: https://transparency.entsog.eu/api/v1/operationaldatas?indicator=Physical+Flow&pointDirection=be-tso-0001itp-00542entry&from=2024-01-01&to=2024-12-31&periodType=hour&timezone=CET&limit=-1
2026-10-02 18:13:15,025 | INFO | 2024 | ITP-00555_entry | 8760 lignes | 3578 Ko | 13.38 s
2026-10-02 18:13:20,793 | INFO | 2024 | ITP-00614_entry | 8736 lignes | 3584 Ko | 5.76 s
2026-10-02 18:13:40,804 | INFO | 2024 | ITP-00648_entry | 8760 lignes | 3632 Ko | 20.00 s
2026-10-02 18:13:42,051 | ERROR | 2024 | LNG-00005_entry | échec : 404 Client Error: Not Found for url: https://transparency.entsog.eu/api/v1/operationaldatas?indicator=Physical+Flow&pointDirection=be-tso-0001lng-00005entry&from=2024-01-01&to=2024-12-31&periodType=hour&timezone=CET&limit=-1
2026-10-02 18:14:16,242 | INFO | 2024 | LNG-00017_entry | 8760 lignes | 3487 Ko | 34.18 s
2026-10-02 18:14:26,953 | INFO | 2024 | UGS-00002_entry | 8760 lignes | 3097 Ko | 10.71 s
2026-10-02 18:14:29,477 | ERROR | 2024 | VTP-00029_entry | échec : 404 Client Error: Not Found for url: https://transparency.entsog.eu/api/v1/operationaldatas?indicator=Physical+Flow&pointDirection=be-tso-0001vtp-00029entry&from=2024-01-01&to=2024-12-31&periodType=hour&timezone=CET&limit=-1
2026-10-02 18:14:44,781 | INFO | 2024 | DIS-00191_exit | 8760 lignes | 3238 Ko | 15.30 s
2026-10-02 18:15:14,690 | INFO | 2024 | DIS-00192_exit | 5855 lignes | 2161 Ko | 29.90 s
2026-10-02 18:15:45,099 | INFO | 2024 | FNC-00033_exit | 8760 lignes | 3638 Ko | 30.40 s
2026-10-02 18:15:46,875 | ERROR | 2024 | FNC-00034_exit | échec : 502 Server Error: Bad Gateway for url: https://transparency.entsog.eu/api/v1/operationaldatas?indicator=Physical+Flow&pointDirection=be-tso-0001fnc-00034exit&from=2024-01-01&to=2024-12-31&periodType=hour&timezone=CET&limit=-1
2026-10-02 18:15:48,519 | ERROR | 2024 | FNC-00035_exit | échec : 502 Server Error: Bad Gateway for url: https://transparency.entsog.eu/api/v1/operationaldatas?indicator=Physical+Flow&pointDirection=be-tso-0001fnc-00035exit&from=2024-01-01&to=2024-12-31&periodType=hour&timezone=CET&limit=-1
2026-10-02 18:15:55,697 | ERROR | 2024 | ITP-00038_exit | échec : 404 Client Error: Not Found for url: https://transparency.entsog.eu/api/v1/operationaldatas?indicator=Physical+Flow&pointDirection=be-tso-0001itp-00038exit&from=2024-01-01&to=2024-12-31&periodType=hour&timezone=CET&limit=-1
2026-10-02 18:16:19,922 | INFO | 2024 | ITP-00061_exit | 8736 lignes | 3691 Ko | 24.22 s
2026-10-02 18:16:22,018 | ERROR | 2024 | ITP-00088_exit | échec : 404 Client Error: Not Found for url: https://transparency.entsog.eu/api/v1/operationaldatas?indicator=Physical+Flow&pointDirection=be-tso-0001itp-00088exit&from=2024-01-01&to=2024-12-31&periodType=hour&timezone=CET&limit=-1
2026-10-02 18:16:23,753 | ERROR | 2024 | ITP-00101_exit | échec : 404 Client Error: Not Found for url: https://transparency.entsog.eu/api/v1/operationaldatas?indicator=Physical+Flow&pointDirection=be-tso-0001itp-00101exit&from=2024-01-01&to=2024-12-31&periodType=hour&timezone=CET&limit=-1
2026-10-02 18:16:33,685 | INFO | 2024 | ITP-00106_exit | 8736 lignes | 3780 Ko | 9.92 s
2026-10-02 18:16:36,669 | ERROR | 2024 | ITP-00110_exit | échec : 404 Client Error: Not Found for url: https://transparency.entsog.eu/api/v1/operationaldatas?indicator=Physical+Flow&pointDirection=be-tso-0001itp-00110exit&from=2024-01-01&to=2024-12-31&periodType=hour&timezone=CET&limit=-1
2026-10-02 18:16:42,283 | ERROR | 2024 | ITP-00112_exit | échec : 404 Client Error: Not Found for url: https://transparency.entsog.eu/api/v1/operationaldatas?indicator=Physical+Flow&pointDirection=be-tso-0001itp-00112exit&from=2024-01-01&to=2024-12-31&periodType=hour&timezone=CET&limit=-1
2026-10-02 18:16:45,317 | ERROR | 2024 | ITP-00113_exit | échec : 404 Client Error: Not Found for url: https://transparency.entsog.eu/api/v1/operationaldatas?indicator=Physical+Flow&pointDirection=be-tso-0001itp-00113exit&from=2024-01-01&to=2024-12-31&periodType=hour&timezone=CET&limit=-1
2026-10-02 18:16:47,223 | ERROR | 2024 | ITP-00114_exit | échec : 404 Client Error: Not Found for url: https://transparency.entsog.eu/api/v1/operationaldatas?indicator=Physical+Flow&pointDirection=be-tso-0001itp-00114exit&from=2024-01-01&to=2024-12-31&periodType=hour&timezone=CET&limit=-1
2026-10-02 18:17:11,675 | INFO | 2024 | ITP-00115_exit | 8760 lignes | 3848 Ko | 24.45 s
2026-10-02 18:17:14,038 | ERROR | 2024 | ITP-00147_exit | échec : 404 Client Error: Not Found for url: https://transparency.entsog.eu/api/v1/operationaldatas?indicator=Physical+Flow&pointDirection=be-tso-0001itp-00147exit&from=2024-01-01&to=2024-12-31&periodType=hour&timezone=CET&limit=-1
2026-10-02 18:17:16,412 | ERROR | 2024 | ITP-00159_exit | échec : 404 Client Error: Not Found for url: https://transparency.entsog.eu/api/v1/operationaldatas?indicator=Physical+Flow&pointDirection=be-tso-0001itp-00159exit&from=2024-01-01&to=2024-12-31&periodType=hour&timezone=CET&limit=-1
2026-10-02 18:17:17,819 | ERROR | 2024 | ITP-00159_exit | échec : 404 Client Error: Not Found for url: https://transparency.entsog.eu/api/v1/operationaldatas?indicator=Physical+Flow&pointDirection=be-tso-0001itp-00159exit&from=2024-01-01&to=2024-12-31&periodType=hour&timezone=CET&limit=-1
2026-10-02 18:17:20,478 | ERROR | 2024 | ITP-00258_exit | échec : 404 Client Error: Not Found for url: https://transparency.entsog.eu/api/v1/operationaldatas?indicator=Physical+Flow&pointDirection=be-tso-0001itp-00258exit&from=2024-01-01&to=2024-12-31&periodType=hour&timezone=CET&limit=-1
2026-10-02 18:17:35,727 | INFO | 2024 | ITP-00289_exit | 8736 lignes | 3251 Ko | 15.25 s
2026-10-02 18:17:37,183 | ERROR | 2024 | ITP-00290_exit | échec : 502 Server Error: Bad Gateway for url: https://transparency.entsog.eu/api/v1/operationaldatas?indicator=Physical+Flow&pointDirection=be-tso-0001itp-00290exit&from=2024-01-01&to=2024-12-31&periodType=hour&timezone=CET&limit=-1
2026-10-02 18:17:38,619 | ERROR | 2024 | ITP-00519_exit | échec : 502 Server Error: Bad Gateway for url: https://transparency.entsog.eu/api/v1/operationaldatas?indicator=Physical+Flow&pointDirection=be-tso-0001itp-00519exit&from=2024-01-01&to=2024-12-31&periodType=hour&timezone=CET&limit=-1
2026-10-02 18:18:00,492 | INFO | 2024 | ITP-00526_exit | 8736 lignes | 3559 Ko | 21.87 s
2026-10-02 18:18:06,804 | ERROR | 2024 | ITP-00542_exit | échec : 404 Client Error: Not Found for url: https://transparency.entsog.eu/api/v1/operationaldatas?indicator=Physical+Flow&pointDirection=be-tso-0001itp-00542exit&from=2024-01-01&to=2024-12-31&periodType=hour&timezone=CET&limit=-1
2026-10-02 18:18:32,101 | INFO | 2024 | ITP-00555_exit | 8736 lignes | 3585 Ko | 25.29 s
2026-10-02 18:18:46,982 | INFO | 2024 | ITP-00614_exit | 8760 lignes | 3638 Ko | 14.88 s
2026-10-02 18:18:56,033 | INFO | 2024 | ITP-00648_exit | 8736 lignes | 3567 Ko | 9.05 s
2026-10-02 18:18:57,667 | ERROR | 2024 | LNG-00005_exit | échec : 404 Client Error: Not Found for url: https://transparency.entsog.eu/api/v1/operationaldatas?indicator=Physical+Flow&pointDirection=be-tso-0001lng-00005exit&from=2024-01-01&to=2024-12-31&periodType=hour&timezone=CET&limit=-1
2026-10-02 18:19:50,389 | INFO | 2024 | LNG-00017_exit | 8736 lignes | 3404 Ko | 52.71 s
2026-10-02 18:20:20,955 | INFO | 2024 | UGS-00002_exit | 8736 lignes | 3077 Ko | 30.56 s
2026-10-02 18:20:25,120 | ERROR | 2024 | VTP-00029_exit | échec : 404 Client Error: Not Found for url: https://transparency.entsog.eu/api/v1/operationaldatas?indicator=Physical+Flow&pointDirection=be-tso-0001vtp-00029exit&from=2024-01-01&to=2024-12-31&periodType=hour&timezone=CET&limit=-1
2026-10-02 18:20:56,769 | INFO | 2025 | DIS-00191_entry | 8736 lignes | 3191 Ko | 31.63 s
2026-10-02 18:21:07,713 | ERROR | 2025 | DIS-00192_entry | échec : 404 Client Error: Not Found for url: https://transparency.entsog.eu/api/v1/operationaldatas?indicator=Physical+Flow&pointDirection=be-tso-0001dis-00192entry&from=2025-01-01&to=2025-12-31&periodType=hour&timezone=CET&limit=-1
2026-10-02 18:21:13,394 | INFO | 2025 | FNC-00033_entry | 8735 lignes | 3736 Ko | 5.67 s
2026-10-02 18:21:28,443 | INFO | 2025 | FNC-00034_entry | 8735 lignes | 3736 Ko | 15.04 s
2026-10-02 18:21:34,034 | INFO | 2025 | FNC-00035_entry | 8735 lignes | 3633 Ko | 5.59 s
2026-10-02 18:21:41,197 | ERROR | 2025 | ITP-00038_entry | échec : 404 Client Error: Not Found for url: https://transparency.entsog.eu/api/v1/operationaldatas?indicator=Physical+Flow&pointDirection=be-tso-0001itp-00038entry&from=2025-01-01&to=2025-12-31&periodType=hour&timezone=CET&limit=-1
2026-10-02 18:22:37,260 | INFO | 2025 | ITP-00061_entry | 8736 lignes | 3743 Ko | 56.06 s
2026-10-02 18:23:15,419 | ERROR | 2025 | ITP-00088_entry | échec : 404 Client Error: Not Found for url: https://transparency.entsog.eu/api/v1/operationaldatas?indicator=Physical+Flow&pointDirection=be-tso-0001itp-00088entry&from=2025-01-01&to=2025-12-31&periodType=hour&timezone=CET&limit=-1
2026-10-02 18:23:18,750 | ERROR | 2025 | ITP-00101_entry | échec : 404 Client Error: Not Found for url: https://transparency.entsog.eu/api/v1/operationaldatas?indicator=Physical+Flow&pointDirection=be-tso-0001itp-00101entry&from=2025-01-01&to=2025-12-31&periodType=hour&timezone=CET&limit=-1
2026-10-02 18:24:05,307 | INFO | 2025 | ITP-00106_entry | 8736 lignes | 3853 Ko | 46.55 s
2026-10-02 18:24:08,757 | ERROR | 2025 | ITP-00110_entry | échec : 404 Client Error: Not Found for url: https://transparency.entsog.eu/api/v1/operationaldatas?indicator=Physical+Flow&pointDirection=be-tso-0001itp-00110entry&from=2025-01-01&to=2025-12-31&periodType=hour&timezone=CET&limit=-1
2026-10-02 18:24:11,133 | ERROR | 2025 | ITP-00112_entry | échec : 502 Server Error: Bad Gateway for url: https://transparency.entsog.eu/api/v1/operationaldatas?indicator=Physical+Flow&pointDirection=be-tso-0001itp-00112entry&from=2025-01-01&to=2025-12-31&periodType=hour&timezone=CET&limit=-1
2026-10-02 18:24:13,866 | ERROR | 2025 | ITP-00113_entry | échec : 502 Server Error: Bad Gateway for url: https://transparency.entsog.eu/api/v1/operationaldatas?indicator=Physical+Flow&pointDirection=be-tso-0001itp-00113entry&from=2025-01-01&to=2025-12-31&periodType=hour&timezone=CET&limit=-1
2026-10-02 18:24:16,124 | ERROR | 2025 | ITP-00114_entry | échec : 404 Client Error: Not Found for url: https://transparency.entsog.eu/api/v1/operationaldatas?indicator=Physical+Flow&pointDirection=be-tso-0001itp-00114entry&from=2025-01-01&to=2025-12-31&periodType=hour&timezone=CET&limit=-1
2026-10-02 18:24:34,183 | INFO | 2025 | ITP-00115_entry | 8736 lignes | 3822 Ko | 18.05 s
2026-10-02 18:24:36,306 | ERROR | 2025 | ITP-00147_entry | échec : 404 Client Error: Not Found for url: https://transparency.entsog.eu/api/v1/operationaldatas?indicator=Physical+Flow&pointDirection=be-tso-0001itp-00147entry&from=2025-01-01&to=2025-12-31&periodType=hour&timezone=CET&limit=-1
2026-10-02 18:24:39,984 | ERROR | 2025 | ITP-00258_entry | échec : 404 Client Error: Not Found for url: https://transparency.entsog.eu/api/v1/operationaldatas?indicator=Physical+Flow&pointDirection=be-tso-0001itp-00258entry&from=2025-01-01&to=2025-12-31&periodType=hour&timezone=CET&limit=-1
2026-10-02 18:25:11,467 | INFO | 2025 | ITP-00289_entry | 8736 lignes | 3268 Ko | 31.48 s
2026-10-02 18:25:32,228 | INFO | 2025 | ITP-00290_entry | 8736 lignes | 3268 Ko | 20.75 s
2026-10-02 18:25:35,793 | INFO | 2025 | ITP-00519_entry | 8735 lignes | 3360 Ko | 3.56 s
2026-10-02 18:26:14,755 | INFO | 2025 | ITP-00526_entry | 8736 lignes | 3621 Ko | 38.96 s
2026-10-02 18:26:16,909 | ERROR | 2025 | ITP-00542_entry | échec : 502 Server Error: Bad Gateway for url: https://transparency.entsog.eu/api/v1/operationaldatas?indicator=Physical+Flow&pointDirection=be-tso-0001itp-00542entry&from=2025-01-01&to=2025-12-31&periodType=hour&timezone=CET&limit=-1
2026-10-02 18:26:36,327 | INFO | 2025 | ITP-00555_entry | 8736 lignes | 3566 Ko | 19.41 s
2026-10-02 18:26:44,583 | INFO | 2025 | ITP-00614_entry | 8736 lignes | 3584 Ko | 8.25 s
2026-10-02 18:26:59,296 | INFO | 2025 | ITP-00648_entry | 8736 lignes | 3614 Ko | 14.71 s
2026-10-02 18:27:01,617 | ERROR | 2025 | LNG-00005_entry | échec : 404 Client Error: Not Found for url: https://transparency.entsog.eu/api/v1/operationaldatas?indicator=Physical+Flow&pointDirection=be-tso-0001lng-00005entry&from=2025-01-01&to=2025-12-31&periodType=hour&timezone=CET&limit=-1
2026-10-02 18:27:35,125 | INFO | 2025 | LNG-00017_entry | 8736 lignes | 3480 Ko | 33.50 s
2026-10-02 18:27:57,682 | INFO | 2025 | UGS-00002_entry | 8736 lignes | 3085 Ko | 22.55 s
2026-10-02 18:28:03,662 | ERROR | 2025 | VTP-00029_entry | échec : 404 Client Error: Not Found for url: https://transparency.entsog.eu/api/v1/operationaldatas?indicator=Physical+Flow&pointDirection=be-tso-0001vtp-00029entry&from=2025-01-01&to=2025-12-31&periodType=hour&timezone=CET&limit=-1
2026-10-02 18:28:44,841 | INFO | 2025 | DIS-00191_exit | 8736 lignes | 3228 Ko | 41.17 s
2026-10-02 18:28:58,972 | ERROR | 2025 | DIS-00192_exit | échec : 404 Client Error: Not Found for url: https://transparency.entsog.eu/api/v1/operationaldatas?indicator=Physical+Flow&pointDirection=be-tso-0001dis-00192exit&from=2025-01-01&to=2025-12-31&periodType=hour&timezone=CET&limit=-1
2026-10-02 18:29:44,127 | INFO | 2025 | FNC-00033_exit | 8736 lignes | 3626 Ko | 45.15 s
2026-10-02 18:29:51,795 | ERROR | 2025 | FNC-00034_exit | échec : 404 Client Error: Not Found for url: https://transparency.entsog.eu/api/v1/operationaldatas?indicator=Physical+Flow&pointDirection=be-tso-0001fnc-00034exit&from=2025-01-01&to=2025-12-31&periodType=hour&timezone=CET&limit=-1
2026-10-02 18:30:35,615 | INFO | 2025 | FNC-00035_exit | 8736 lignes | 3575 Ko | 43.81 s
2026-10-02 18:30:43,307 | ERROR | 2025 | ITP-00038_exit | échec : 404 Client Error: Not Found for url: https://transparency.entsog.eu/api/v1/operationaldatas?indicator=Physical+Flow&pointDirection=be-tso-0001itp-00038exit&from=2025-01-01&to=2025-12-31&periodType=hour&timezone=CET&limit=-1
2026-10-02 18:31:16,410 | INFO | 2025 | ITP-00061_exit | 8736 lignes | 3692 Ko | 33.10 s
2026-10-02 18:31:18,946 | ERROR | 2025 | ITP-00088_exit | échec : 404 Client Error: Not Found for url: https://transparency.entsog.eu/api/v1/operationaldatas?indicator=Physical+Flow&pointDirection=be-tso-0001itp-00088exit&from=2025-01-01&to=2025-12-31&periodType=hour&timezone=CET&limit=-1
2026-10-02 18:31:21,908 | ERROR | 2025 | ITP-00101_exit | échec : 404 Client Error: Not Found for url: https://transparency.entsog.eu/api/v1/operationaldatas?indicator=Physical+Flow&pointDirection=be-tso-0001itp-00101exit&from=2025-01-01&to=2025-12-31&periodType=hour&timezone=CET&limit=-1
2026-10-02 18:31:57,806 | INFO | 2025 | ITP-00106_exit | 8736 lignes | 3780 Ko | 35.89 s
2026-10-02 18:32:00,614 | ERROR | 2025 | ITP-00110_exit | échec : 404 Client Error: Not Found for url: https://transparency.entsog.eu/api/v1/operationaldatas?indicator=Physical+Flow&pointDirection=be-tso-0001itp-00110exit&from=2025-01-01&to=2025-12-31&periodType=hour&timezone=CET&limit=-1
2026-10-02 18:32:05,434 | ERROR | 2025 | ITP-00112_exit | échec : 404 Client Error: Not Found for url: https://transparency.entsog.eu/api/v1/operationaldatas?indicator=Physical+Flow&pointDirection=be-tso-0001itp-00112exit&from=2025-01-01&to=2025-12-31&periodType=hour&timezone=CET&limit=-1
2026-10-02 18:32:08,405 | ERROR | 2025 | ITP-00113_exit | échec : 404 Client Error: Not Found for url: https://transparency.entsog.eu/api/v1/operationaldatas?indicator=Physical+Flow&pointDirection=be-tso-0001itp-00113exit&from=2025-01-01&to=2025-12-31&periodType=hour&timezone=CET&limit=-1
2026-10-02 18:32:40,350 | ERROR | 2025 | ITP-00114_exit | échec : 404 Client Error: Not Found for url: https://transparency.entsog.eu/api/v1/operationaldatas?indicator=Physical+Flow&pointDirection=be-tso-0001itp-00114exit&from=2025-01-01&to=2025-12-31&periodType=hour&timezone=CET&limit=-1
2026-10-02 18:33:20,590 | INFO | 2025 | ITP-00115_exit | 8736 lignes | 3836 Ko | 40.23 s
2026-10-02 18:33:22,128 | ERROR | 2025 | ITP-00147_exit | échec : 404 Client Error: Not Found for url: https://transparency.entsog.eu/api/v1/operationaldatas?indicator=Physical+Flow&pointDirection=be-tso-0001itp-00147exit&from=2025-01-01&to=2025-12-31&periodType=hour&timezone=CET&limit=-1
2026-10-02 18:33:30,529 | ERROR | 2025 | ITP-00159_exit | échec : 404 Client Error: Not Found for url: https://transparency.entsog.eu/api/v1/operationaldatas?indicator=Physical+Flow&pointDirection=be-tso-0001itp-00159exit&from=2025-01-01&to=2025-12-31&periodType=hour&timezone=CET&limit=-1
2026-10-02 18:33:32,429 | ERROR | 2025 | ITP-00159_exit | échec : 404 Client Error: Not Found for url: https://transparency.entsog.eu/api/v1/operationaldatas?indicator=Physical+Flow&pointDirection=be-tso-0001itp-00159exit&from=2025-01-01&to=2025-12-31&periodType=hour&timezone=CET&limit=-1
2026-10-02 18:33:35,202 | ERROR | 2025 | ITP-00258_exit | échec : 404 Client Error: Not Found for url: https://transparency.entsog.eu/api/v1/operationaldatas?indicator=Physical+Flow&pointDirection=be-tso-0001itp-00258exit&from=2025-01-01&to=2025-12-31&periodType=hour&timezone=CET&limit=-1
2026-10-02 18:33:37,018 | ERROR | 2025 | ITP-00289_exit | échec : 502 Server Error: Bad Gateway for url: https://transparency.entsog.eu/api/v1/operationaldatas?indicator=Physical+Flow&pointDirection=be-tso-0001itp-00289exit&from=2025-01-01&to=2025-12-31&periodType=hour&timezone=CET&limit=-1
2026-10-02 18:33:38,198 | ERROR | 2025 | ITP-00290_exit | échec : 502 Server Error: Bad Gateway for url: https://transparency.entsog.eu/api/v1/operationaldatas?indicator=Physical+Flow&pointDirection=be-tso-0001itp-00290exit&from=2025-01-01&to=2025-12-31&periodType=hour&timezone=CET&limit=-1
2026-10-02 18:33:40,255 | ERROR | 2025 | ITP-00519_exit | échec : 502 Server Error: Bad Gateway for url: https://transparency.entsog.eu/api/v1/operationaldatas?indicator=Physical+Flow&pointDirection=be-tso-0001itp-00519exit&from=2025-01-01&to=2025-12-31&periodType=hour&timezone=CET&limit=-1
2026-10-02 18:34:26,190 | INFO | 2025 | ITP-00526_exit | 8736 lignes | 3551 Ko | 45.93 s
2026-10-02 18:34:32,481 | ERROR | 2025 | ITP-00542_exit | échec : 404 Client Error: Not Found for url: https://transparency.entsog.eu/api/v1/operationaldatas?indicator=Physical+Flow&pointDirection=be-tso-0001itp-00542exit&from=2025-01-01&to=2025-12-31&periodType=hour&timezone=CET&limit=-1
2026-10-02 18:34:34,554 | ERROR | 2025 | ITP-00555_exit | échec : 502 Server Error: Bad Gateway for url: https://transparency.entsog.eu/api/v1/operationaldatas?indicator=Physical+Flow&pointDirection=be-tso-0001itp-00555exit&from=2025-01-01&to=2025-12-31&periodType=hour&timezone=CET&limit=-1
2026-10-02 18:34:36,387 | ERROR | 2025 | ITP-00614_exit | échec : 502 Server Error: Bad Gateway for url: https://transparency.entsog.eu/api/v1/operationaldatas?indicator=Physical+Flow&pointDirection=be-tso-0001itp-00614exit&from=2025-01-01&to=2025-12-31&periodType=hour&timezone=CET&limit=-1
2026-10-02 18:34:38,615 | ERROR | 2025 | ITP-00648_exit | échec : 502 Server Error: Bad Gateway for url: https://transparency.entsog.eu/api/v1/operationaldatas?indicator=Physical+Flow&pointDirection=be-tso-0001itp-00648exit&from=2025-01-01&to=2025-12-31&periodType=hour&timezone=CET&limit=-1
2026-10-02 18:34:49,480 | ERROR | 2025 | LNG-00005_exit | échec : 404 Client Error: Not Found for url: https://transparency.entsog.eu/api/v1/operationaldatas?indicator=Physical+Flow&pointDirection=be-tso-0001lng-00005exit&from=2025-01-01&to=2025-12-31&periodType=hour&timezone=CET&limit=-1
2026-10-02 18:35:15,068 | INFO | 2025 | LNG-00017_exit | 8736 lignes | 3404 Ko | 25.58 s
2026-10-02 18:35:30,869 | INFO | 2025 | UGS-00002_exit | 8736 lignes | 3078 Ko | 15.80 s
2026-10-02 18:35:41,987 | ERROR | 2025 | VTP-00029_exit | échec : 404 Client Error: Not Found for url: https://transparency.entsog.eu/api/v1/operationaldatas?indicator=Physical+Flow&pointDirection=be-tso-0001vtp-00029exit&from=2025-01-01&to=2025-12-31&periodType=hour&timezone=CET&limit=-1
2026-10-02 18:36:18,326 | INFO | 2026 | DIS-00191_entry | 6575 lignes | 2402 Ko | 36.31 s
2026-10-02 18:36:25,682 | ERROR | 2026 | DIS-00192_entry | échec : 404 Client Error: Not Found for url: https://transparency.entsog.eu/api/v1/operationaldatas?indicator=Physical+Flow&pointDirection=be-tso-0001dis-00192entry&from=2026-01-01&to=2026-10-02&periodType=hour&timezone=CET&limit=-1
2026-10-02 18:36:31,697 | INFO | 2026 | FNC-00033_entry | 6575 lignes | 2812 Ko | 6.01 s
2026-10-02 18:36:48,428 | INFO | 2026 | FNC-00034_entry | 6575 lignes | 2812 Ko | 16.73 s
2026-10-02 18:37:09,486 | INFO | 2026 | FNC-00035_entry | 6575 lignes | 2735 Ko | 21.05 s
2026-10-02 18:37:16,326 | ERROR | 2026 | ITP-00038_entry | échec : 404 Client Error: Not Found for url: https://transparency.entsog.eu/api/v1/operationaldatas?indicator=Physical+Flow&pointDirection=be-tso-0001itp-00038entry&from=2026-01-01&to=2026-10-02&periodType=hour&timezone=CET&limit=-1
2026-10-02 18:37:43,887 | INFO | 2026 | ITP-00061_entry | 6575 lignes | 2822 Ko | 27.55 s
2026-10-02 18:37:46,639 | ERROR | 2026 | ITP-00088_entry | échec : 404 Client Error: Not Found for url: https://transparency.entsog.eu/api/v1/operationaldatas?indicator=Physical+Flow&pointDirection=be-tso-0001itp-00088entry&from=2026-01-01&to=2026-10-02&periodType=hour&timezone=CET&limit=-1
2026-10-02 18:37:48,888 | ERROR | 2026 | ITP-00101_entry | échec : 404 Client Error: Not Found for url: https://transparency.entsog.eu/api/v1/operationaldatas?indicator=Physical+Flow&pointDirection=be-tso-0001itp-00101entry&from=2026-01-01&to=2026-10-02&periodType=hour&timezone=CET&limit=-1
2026-10-02 18:38:15,266 | INFO | 2026 | ITP-00106_entry | 6575 lignes | 2904 Ko | 26.37 s
2026-10-02 18:38:18,482 | ERROR | 2026 | ITP-00110_entry | échec : 404 Client Error: Not Found for url: https://transparency.entsog.eu/api/v1/operationaldatas?indicator=Physical+Flow&pointDirection=be-tso-0001itp-00110entry&from=2026-01-01&to=2026-10-02&periodType=hour&timezone=CET&limit=-1
2026-10-02 18:38:28,204 | ERROR | 2026 | ITP-00112_entry | échec : 404 Client Error: Not Found for url: https://transparency.entsog.eu/api/v1/operationaldatas?indicator=Physical+Flow&pointDirection=be-tso-0001itp-00112entry&from=2026-01-01&to=2026-10-02&periodType=hour&timezone=CET&limit=-1
2026-10-02 18:38:31,689 | ERROR | 2026 | ITP-00113_entry | échec : 404 Client Error: Not Found for url: https://transparency.entsog.eu/api/v1/operationaldatas?indicator=Physical+Flow&pointDirection=be-tso-0001itp-00113entry&from=2026-01-01&to=2026-10-02&periodType=hour&timezone=CET&limit=-1
2026-10-02 18:38:33,634 | ERROR | 2026 | ITP-00114_entry | échec : 404 Client Error: Not Found for url: https://transparency.entsog.eu/api/v1/operationaldatas?indicator=Physical+Flow&pointDirection=be-tso-0001itp-00114entry&from=2026-01-01&to=2026-10-02&periodType=hour&timezone=CET&limit=-1
2026-10-02 18:38:57,713 | INFO | 2026 | ITP-00115_entry | 6575 lignes | 2877 Ko | 24.07 s
2026-10-02 18:38:59,180 | ERROR | 2026 | ITP-00147_entry | échec : 404 Client Error: Not Found for url: https://transparency.entsog.eu/api/v1/operationaldatas?indicator=Physical+Flow&pointDirection=be-tso-0001itp-00147entry&from=2026-01-01&to=2026-10-02&periodType=hour&timezone=CET&limit=-1
2026-10-02 18:39:11,927 | ERROR | 2026 | ITP-00258_entry | échec : 404 Client Error: Not Found for url: https://transparency.entsog.eu/api/v1/operationaldatas?indicator=Physical+Flow&pointDirection=be-tso-0001itp-00258entry&from=2026-01-01&to=2026-10-02&periodType=hour&timezone=CET&limit=-1
2026-10-02 18:39:31,149 | INFO | 2026 | ITP-00289_entry | 6575 lignes | 2460 Ko | 19.22 s
2026-10-02 18:39:48,404 | INFO | 2026 | ITP-00290_entry | 6575 lignes | 2460 Ko | 17.25 s
2026-10-02 18:39:51,188 | INFO | 2026 | ITP-00519_entry | 6575 lignes | 2529 Ko | 2.78 s
2026-10-02 18:40:29,246 | INFO | 2026 | ITP-00526_entry | 6575 lignes | 2719 Ko | 38.05 s
2026-10-02 18:40:33,549 | ERROR | 2026 | ITP-00542_entry | échec : 404 Client Error: Not Found for url: https://transparency.entsog.eu/api/v1/operationaldatas?indicator=Physical+Flow&pointDirection=be-tso-0001itp-00542entry&from=2026-01-01&to=2026-10-02&periodType=hour&timezone=CET&limit=-1
2026-10-02 18:40:51,179 | INFO | 2026 | ITP-00555_entry | 6575 lignes | 2688 Ko | 17.62 s
2026-10-02 18:40:58,185 | INFO | 2026 | ITP-00614_entry | 6575 lignes | 2697 Ko | 7.00 s
2026-10-02 18:41:08,697 | INFO | 2026 | ITP-00648_entry | 6575 lignes | 2716 Ko | 10.51 s
2026-10-02 18:41:10,478 | ERROR | 2026 | LNG-00005_entry | échec : 404 Client Error: Not Found for url: https://transparency.entsog.eu/api/v1/operationaldatas?indicator=Physical+Flow&pointDirection=be-tso-0001lng-00005entry&from=2026-01-01&to=2026-10-02&periodType=hour&timezone=CET&limit=-1
2026-10-02 18:41:26,612 | INFO | 2026 | LNG-00017_entry | 6575 lignes | 2619 Ko | 16.13 s
2026-10-02 18:41:34,735 | INFO | 2026 | UGS-00002_entry | 6575 lignes | 2321 Ko | 8.12 s
2026-10-02 18:41:37,857 | ERROR | 2026 | VTP-00029_entry | échec : 404 Client Error: Not Found for url: https://transparency.entsog.eu/api/v1/operationaldatas?indicator=Physical+Flow&pointDirection=be-tso-0001vtp-00029entry&from=2026-01-01&to=2026-10-02&periodType=hour&timezone=CET&limit=-1
2026-10-02 18:41:46,387 | INFO | 2026 | DIS-00191_exit | 6575 lignes | 2431 Ko | 8.53 s
2026-10-02 18:42:08,680 | ERROR | 2026 | DIS-00192_exit | échec : 404 Client Error: Not Found for url: https://transparency.entsog.eu/api/v1/operationaldatas?indicator=Physical+Flow&pointDirection=be-tso-0001dis-00192exit&from=2026-01-01&to=2026-10-02&periodType=hour&timezone=CET&limit=-1
2026-10-02 18:42:44,153 | INFO | 2026 | FNC-00033_exit | 6575 lignes | 2731 Ko | 35.47 s
2026-10-02 18:42:47,468 | ERROR | 2026 | FNC-00034_exit | échec : 404 Client Error: Not Found for url: https://transparency.entsog.eu/api/v1/operationaldatas?indicator=Physical+Flow&pointDirection=be-tso-0001fnc-00034exit&from=2026-01-01&to=2026-10-02&periodType=hour&timezone=CET&limit=-1
2026-10-02 18:42:57,188 | INFO | 2026 | FNC-00035_exit | 6575 lignes | 2692 Ko | 9.71 s
2026-10-02 18:43:01,720 | ERROR | 2026 | ITP-00038_exit | échec : 404 Client Error: Not Found for url: https://transparency.entsog.eu/api/v1/operationaldatas?indicator=Physical+Flow&pointDirection=be-tso-0001itp-00038exit&from=2026-01-01&to=2026-10-02&periodType=hour&timezone=CET&limit=-1
2026-10-02 18:43:11,389 | INFO | 2026 | ITP-00061_exit | 6575 lignes | 2776 Ko | 9.66 s
2026-10-02 18:43:13,379 | ERROR | 2026 | ITP-00088_exit | échec : 404 Client Error: Not Found for url: https://transparency.entsog.eu/api/v1/operationaldatas?indicator=Physical+Flow&pointDirection=be-tso-0001itp-00088exit&from=2026-01-01&to=2026-10-02&periodType=hour&timezone=CET&limit=-1
2026-10-02 18:43:15,745 | ERROR | 2026 | ITP-00101_exit | échec : 404 Client Error: Not Found for url: https://transparency.entsog.eu/api/v1/operationaldatas?indicator=Physical+Flow&pointDirection=be-tso-0001itp-00101exit&from=2026-01-01&to=2026-10-02&periodType=hour&timezone=CET&limit=-1
2026-10-02 18:43:21,933 | INFO | 2026 | ITP-00106_exit | 6575 lignes | 2845 Ko | 6.17 s
2026-10-02 18:43:24,043 | ERROR | 2026 | ITP-00110_exit | échec : 404 Client Error: Not Found for url: https://transparency.entsog.eu/api/v1/operationaldatas?indicator=Physical+Flow&pointDirection=be-tso-0001itp-00110exit&from=2026-01-01&to=2026-10-02&periodType=hour&timezone=CET&limit=-1
2026-10-02 18:43:27,119 | ERROR | 2026 | ITP-00112_exit | échec : 404 Client Error: Not Found for url: https://transparency.entsog.eu/api/v1/operationaldatas?indicator=Physical+Flow&pointDirection=be-tso-0001itp-00112exit&from=2026-01-01&to=2026-10-02&periodType=hour&timezone=CET&limit=-1
2026-10-02 18:43:29,269 | ERROR | 2026 | ITP-00113_exit | échec : 404 Client Error: Not Found for url: https://transparency.entsog.eu/api/v1/operationaldatas?indicator=Physical+Flow&pointDirection=be-tso-0001itp-00113exit&from=2026-01-01&to=2026-10-02&periodType=hour&timezone=CET&limit=-1
2026-10-02 18:43:31,532 | ERROR | 2026 | ITP-00114_exit | échec : 404 Client Error: Not Found for url: https://transparency.entsog.eu/api/v1/operationaldatas?indicator=Physical+Flow&pointDirection=be-tso-0001itp-00114exit&from=2026-01-01&to=2026-10-02&periodType=hour&timezone=CET&limit=-1
2026-10-02 18:43:39,141 | INFO | 2026 | ITP-00115_exit | 6575 lignes | 2884 Ko | 7.60 s
2026-10-02 18:43:41,042 | ERROR | 2026 | ITP-00147_exit | échec : 404 Client Error: Not Found for url: https://transparency.entsog.eu/api/v1/operationaldatas?indicator=Physical+Flow&pointDirection=be-tso-0001itp-00147exit&from=2026-01-01&to=2026-10-02&periodType=hour&timezone=CET&limit=-1
2026-10-02 18:43:43,252 | ERROR | 2026 | ITP-00159_exit | échec : 404 Client Error: Not Found for url: https://transparency.entsog.eu/api/v1/operationaldatas?indicator=Physical+Flow&pointDirection=be-tso-0001itp-00159exit&from=2026-01-01&to=2026-10-02&periodType=hour&timezone=CET&limit=-1
2026-10-02 18:43:45,048 | ERROR | 2026 | ITP-00159_exit | échec : 404 Client Error: Not Found for url: https://transparency.entsog.eu/api/v1/operationaldatas?indicator=Physical+Flow&pointDirection=be-tso-0001itp-00159exit&from=2026-01-01&to=2026-10-02&periodType=hour&timezone=CET&limit=-1
2026-10-02 18:43:46,973 | ERROR | 2026 | ITP-00258_exit | échec : 404 Client Error: Not Found for url: https://transparency.entsog.eu/api/v1/operationaldatas?indicator=Physical+Flow&pointDirection=be-tso-0001itp-00258exit&from=2026-01-01&to=2026-10-02&periodType=hour&timezone=CET&limit=-1
2026-10-02 18:43:53,170 | INFO | 2026 | ITP-00289_exit | 6575 lignes | 2447 Ko | 6.19 s
2026-10-02 18:44:02,350 | INFO | 2026 | ITP-00290_exit | 6575 lignes | 2447 Ko | 9.17 s
2026-10-02 18:44:04,530 | INFO | 2026 | ITP-00519_exit | 6575 lignes | 2516 Ko | 2.17 s
2026-10-02 18:44:10,268 | INFO | 2026 | ITP-00526_exit | 6575 lignes | 2678 Ko | 5.73 s
2026-10-02 18:44:22,620 | ERROR | 2026 | ITP-00542_exit | échec : 404 Client Error: Not Found for url: https://transparency.entsog.eu/api/v1/operationaldatas?indicator=Physical+Flow&pointDirection=be-tso-0001itp-00542exit&from=2026-01-01&to=2026-10-02&periodType=hour&timezone=CET&limit=-1
2026-10-02 18:44:30,535 | INFO | 2026 | ITP-00555_exit | 6575 lignes | 2697 Ko | 7.91 s
2026-10-02 18:44:36,597 | INFO | 2026 | ITP-00614_exit | 6575 lignes | 2731 Ko | 6.05 s
2026-10-02 18:44:41,633 | INFO | 2026 | ITP-00648_exit | 6575 lignes | 2684 Ko | 5.03 s
2026-10-02 18:44:43,460 | ERROR | 2026 | LNG-00005_exit | échec : 404 Client Error: Not Found for url: https://transparency.entsog.eu/api/v1/operationaldatas?indicator=Physical+Flow&pointDirection=be-tso-0001lng-00005exit&from=2026-01-01&to=2026-10-02&periodType=hour&timezone=CET&limit=-1
2026-10-02 18:44:50,894 | INFO | 2026 | LNG-00017_exit | 6575 lignes | 2562 Ko | 7.43 s
2026-10-02 18:44:57,726 | INFO | 2026 | UGS-00002_exit | 6575 lignes | 2314 Ko | 6.83 s
2026-10-02 18:45:00,002 | ERROR | 2026 | VTP-00029_exit | échec : 404 Client Error: Not Found for url: https://transparency.entsog.eu/api/v1/operationaldatas?indicator=Physical+Flow&pointDirection=be-tso-0001vtp-00029exit&from=2026-01-01&to=2026-10-02&periodType=hour&timezone=CET&limit=-1
