id,dataSet,indicator,periodType,periodFrom,periodTo,operatorKey,tsoEicCode,operatorLabel,pointKey,pointLabel,tsoItemIdentifier,directionKey,unit,itemRemarks,generalRemarks,value,lastUpdateDateTime,isUnlimited,flowStatus,interruptionType,restorationInformation,capacityType,capacityBookingStatus,isCamRelevant,isNA,originalPeriodFrom,isCmpRelevant,bookingPlatformKey,bookingPlatformLabel,bookingPlatformURL,interruptionCalculationRemark,pointType,idPointType,isArchived
1Physical Flowhour2022-01-01 05:00:00 +00:002022-01-01 06:00:00 +00:00BE-TSO-0001ITP-00542exitkWh/h,1,Physical Flow,hour,2022-01-01T06:00:00+01:00,2022-01-01T07:00:00+01:00,BE-TSO-0001,21X-BE-A-A0A0A-Y,Fluxys Belgium,ITP-00542,VIP Belgium - NCG,21Z000000000497Z,exit,kWh/h,,,10197434,2022-02-27T02:11:08+01:00,,Confirmed,,,,,True,,,True,PRISMA,,https://platform.prisma-capacity.eu/,,Cross-Border Transmission IP within EU,0,False
1Physical Flowhour2022-01-01 06:00:00 +00:002022-01-01 07:00:00 +00:00BE-TSO-0001ITP-00542exitkWh/h,1,Physical Flow,hour,2022-01-01T07:00:00+01:00,2022-01-01T08:00:00+01:00,BE-TSO-0001,21X-BE-A-A0A0A-Y,Fluxys Belgium,ITP-00542,VIP Belgium - NCG,21Z000000000497Z,exit,kWh/h,,,10076061,2022-02-27T02:11:08+01:00,,Confirmed,,,,,True,,,True,PRISMA,,https://platform.prisma-capacity.eu/,,Cross-Border Transmission IP within EU,0,False
1Physical Flowhour2022-01-01 07:00:00 +00:002022-01-01 08:00:00 +00:00BE-TSO-0001ITP-00542exitkWh/h,1,Physical Flow,hour,2022-01-01T08:00:00+01:00,2022-01-01T09:00:00+01:00,BE-TSO-0001,21X-BE-A-A0A0A-Y,Fluxys Belgium,ITP-00542,VIP Belgium - NCG,21Z000000000497Z,exit,kWh/h,,,9884989,2022-02-27T02:11:08+01:00,,Confirmed,,,,,True,,,True,PRISMA,,https://platform.prisma-capacity.eu/,,Cross-Border Transmission IP within EU,0,False
1Physical Flowhour2022-01-01 08:00:00 +00:002022-01-01 09:00:00 +00:00BE-TSO-0001ITP-00542exitkWh/h,1,Physical Flow,hour,2022-01-01T09:00:00+01:00,2022-01-01T10:00:00+01:00,BE-TSO-0001,21X-BE-A-A0A0A-Y,Fluxys Belgium,ITP-00542,VIP Belgium - NCG,21Z000000000497Z,exit,kWh/h,,,10061863,2022-02-27T02:11:08+01:00,,Confirmed,,,,,True,,,True,PRISMA,,https://platform.prisma-capacity.eu/,,Cross-Border Transmission IP within EU,0,False
1Physical Flowhour2022-01-01 09:00:00 +00:002022-01-01 10:00:00 +00:00BE-TSO-0001ITP-00542exitkWh/h,1,Physical Flow,hour,2022-01-01T10:00:00+01:00,2022-01-01T11:00:00+01:00,BE-TSO-0001,21X-BE-A-A0A0A-Y,Fluxys Belgium,ITP-00542,VIP Belgium - NCG,21Z000000000497Z,exit,kWh/h,,,10170540,2022-02-27T02:11:08+01:00,,Confirmed,,,,,True,,,True,PRISMA,,https://platform.prisma-capacity.eu/,,Cross-Border Transmission IP within EU,0,False
1Physical Flowhour2022-01-01 10:00:00 +00:002022-01-01 11:00:00 +00:00BE-TSO-0001ITP-00542exitkWh/h,1,Physical Flow,hour,2022-01-01T11:00:00+01:00,2022-01-01T12:00:00+01:00,BE-TSO-0001,21X-BE-A-A0A0A-Y,Fluxys Belgium,ITP-00542,VIP Belgium - NCG,21Z000000000497Z,exit,kWh/h,,,10059876,2022-02-27T02:11:08+01:00,,Confirmed,,,,,True,,,True,PRISMA,,https://platform.prisma-capacity.eu/,,Cross-Border Transmission IP within EU,0,False
1Physical Flowhour2022-01-01 11:00:00 +00:002022-01-01 12:00:00 +00:00BE-TSO-0001ITP-00542exitkWh/h,1,Physical Flow,hour,2022-01-01T12:00:00+01:00,2022-01-01T13:00:00+01:00,BE-TSO-0001,21X-BE-A-A0A0A-Y,Fluxys Belgium,ITP-00542,VIP Belgium - NCG,21Z000000000497Z,exit,kWh/h,,,10031254,2022-02-27T02:11:08+01:00,,Confirmed,,,,,True,,,True,PRISMA,,https://platform.prisma-capacity.eu/,,Cross-Border Transmission IP within EU,0,False
1Physical Flowhour2022-01-01 12:00:00 +00:002022-01-01 13:00:00 +00:00BE-TSO-0001ITP-00542exitkWh/h,1,Physical Flow,hour,2022-01-01T13:00:00+01:00,2022-01-01T14:00:00+01:00,BE-TSO-0001,21X-BE-A-A0A0A-Y,Fluxys Belgium,ITP-00542,VIP Belgium - NCG,21Z000000000497Z,exit,kWh/h,,,9987995,2022-02-27T02:11:08+01:00,,Confirmed,,,,,True,,,True,PRISMA,,https://platform.prisma-capacity.eu/,,Cross-Border Transmission IP within EU,0,False
1Physical Flowhour2022-01-01 13:00:00 +00:002022-01-01 14:00:00 +00:00BE-TSO-0001ITP-00542exitkWh/h,1,Physical Flow,hour,2022-01-01T14:00:00+01:00,2022-01-01T15:00:00+01:00,BE-TSO-0001,21X-BE-A-A0A0A-Y,Fluxys Belgium,ITP-00542,VIP Belgium - NCG,21Z000000000497Z,exit,kWh/h,,,10071406,2022-02-27T02:11:08+01:00,,Confirmed,,,,,True,,,True,PRISMA,,https://platform.prisma-capacity.eu/,,Cross-Border Transmission IP within EU,0,False
1Physical Flowhour2022-01-01 14:00:00 +00:002022-01-01 15:00:00 +00:00BE-TSO-0001ITP-00542exitkWh/h,1,Physical Flow,hour,2022-01-01T15:00:00+01:00,2022-01-01T16:00:00+01:00,BE-TSO-0001,21X-BE-A-A0A0A-Y,Fluxys Belgium,ITP-00542,VIP Belgium - NCG,21Z000000000497Z,exit,kWh/h,,,10049070,2022-02-27T02:11:08+01:00,,Confirmed,,,,,True,,,True,PRISMA,,https://platform.prisma-capacity.eu/,,Cross-Border Transmission IP within EU,0,False
1Physical Flowhour2022-01-01 15:00:00 +00:002022-01-01 16:00:00 +00:00BE-TSO-0001ITP-00542exitkWh/h,1,Physical Flow,hour,2022-01-01T16:00:00+01:00,2022-01-01T17:00:00+01:00,BE-TSO-0001,21X-BE-A-A0A0A-Y,Fluxys Belgium,ITP-00542,VIP Belgium - NCG,21Z000000000497Z,exit,kWh/h,,,10080038,2022-02-27T02:11:08+01:00,,Confirmed,,,,,True,,,True,PRISMA,,https://platform.prisma-capacity.eu/,,Cross-Border Transmission IP within EU,0,False
1Physical Flowhour2022-01-01 16:00:00 +00:002022-01-01 17:00:00 +00:00BE-TSO-0001ITP-00542exitkWh/h,1,Physical Flow,hour,2022-01-01T17:00:00+01:00,2022-01-01T18:00:00+01:00,BE-TSO-0001,21X-BE-A-A0A0A-Y,Fluxys Belgium,ITP-00542,VIP Belgium - NCG,21Z000000000497Z,exit,kWh/h,,,9916967,2022-02-27T02:11:08+01:00,,Confirmed,,,,,True,,,True,PRISMA,,https://platform.prisma-capacity.eu/,,Cross-Border Transmission IP within EU,0,False
1Physical Flowhour2022-01-01 17:00:00 +00:002022-01-01 18:00:00 +00:00BE-TSO-0001ITP-00542exitkWh/h,1,Physical Flow,hour,2022-01-01T18:00:00+01:00,2022-01-01T19:00:00+01:00,BE-TSO-0001,21X-BE-A-A0A0A-Y,Fluxys Belgium,ITP-00542,VIP Belgium - NCG,21Z000000000497Z,exit,kWh/h,,,9702039,2022-02-27T02:11:08+01:00,,Confirmed,,,,,True,,,True,PRISMA,,https://platform.prisma-capacity.eu/,,Cross-Border Transmission IP within EU,0,False
1Physical Flowhour2022-01-01 18:00:00 +00:002022-01-01 19:00:00 +00:00BE-TSO-0001ITP-00542exitkWh/h,1,Physical Flow,hour,2022-01-01T19:00:00+01:00,2022-01-01T20:00:00+01:00,BE-TSO-0001,21X-BE-A-A0A0A-Y,Fluxys Belgium,ITP-00542,VIP Belgium - NCG,21Z000000000497Z,exit,kWh/h,,,9189006,2022-02-27T02:11:08+01:00,,Confirmed,,,,,True,,,True,PRISMA,,https://platform.prisma-capacity.eu/,,Cross-Border Transmission IP within EU,0,False
1Physical Flowhour2022-01-01 19:00:00 +00:002022-01-01 20:00:00 +00:00BE-TSO-0001ITP-00542exitkWh/h,1,Physical Flow,hour,2022-01-01T20:00:00+01:00,2022-01-01T21:00:00+01:00,BE-TSO-0001,21X-BE-A-A0A0A-Y,Fluxys Belgium,ITP-00542,VIP Belgium - NCG,21Z000000000497Z,exit,kWh/h,,,9232111,2022-02-27T02:11:08+01:00,,Confirmed,,,,,True,,,True,PRISMA,,https://platform.prisma-capacity.eu/,,Cross-Border Transmission IP within EU,0,False
1Physical Flowhour2022-01-01 20:00:00 +00:002022-01-01 21:00:00 +00:00BE-TSO-0001ITP-00542exitkWh/h,1,Physical Flow,hour,2022-01-01T21:00:00+01:00,2022-01-01T22:00:00+01:00,BE-TSO-0001,21X-BE-A-A0A0A-Y,Fluxys Belgium,ITP-00542,VIP Belgium - NCG,21Z000000000497Z,exit,kWh/h,,,10117287,2022-02-27T02:11:08+01:00,,Confirmed,,,,,True,,,True,PRISMA,,https://platform.prisma-capacity.eu/,,Cross-Border Transmission IP within EU,0,False
1Physical Flowhour2022-01-01 21:00:00 +00:002022-01-01 22:00:00 +00:00BE-TSO-0001ITP-00542exitkWh/h,1,Physical Flow,hour,2022-01-01T22:00:00+01:00,2022-01-01T23:00:00+01:00,BE-TSO-0001,21X-BE-A-A0A0A-Y,Fluxys Belgium,ITP-00542,VIP Belgium - NCG,21Z000000000497Z,exit,kWh/h,,,10316933,2022-02-27T02:11:08+01:00,,Confirmed,,,,,True,,,True,PRISMA,,https://platform.prisma-capacity.eu/,,Cross-Border Transmission IP within EU,0,False
1Physical Flowhour2022-01-01 22:00:00 +00:002022-01-01 23:00:00 +00:00BE-TSO-0001ITP-00542exitkWh/h,1,Physical Flow,hour,2022-01-01T23:00:00+01:00,2022-01-02T00:00:00+01:00,BE-TSO-0001,21X-BE-A-A0A0A-Y,Fluxys Belgium,ITP-00542,VIP Belgium - NCG,21Z000000000497Z,exit,kWh/h,,,10671240,2022-02-27T02:11:08+01:00,,Confirmed,,,,,True,,,True,PRISMA,,https://platform.prisma-capacity.eu/,,Cross-Border Transmission IP within EU,0,False
1Physical Flowhour2022-01-01 23:00:00 +00:002022-01-02 00:00:00 +00:00BE-TSO-0001ITP-00542exitkWh/h,1,Physical Flow,hour,2022-01-02T00:00:00+01:00,2022-01-02T01:00:00+01:00,BE-TSO-0001,21X-BE-A-A0A0A-Y,Fluxys Belgium,ITP-00542,VIP Belgium - NCG,21Z000000000497Z,exit,kWh/h,,,10833159,2022-02-27T02:11:08+01:00,,Confirmed,,,,,True,,,True,PRISMA,,https://platform.prisma-capacity.eu/,,Cross-Border Transmission IP within EU,0,False
1Physical Flowhour2022-01-02 00:00:00 +00:002022-01-02 01:00:00 +00:00BE-TSO-0001ITP-00542exitkWh/h,1,Physical Flow,hour,2022-01-02T01:00:00+01:00,2022-01-02T02:00:00+01:00,BE-TSO-0001,21X-BE-A-A0A0A-Y,Fluxys Belgium,ITP-00542,VIP Belgium - NCG,21Z000000000497Z,exit,kWh/h,,,11019677,2022-02-27T02:11:08+01:00,,Confirmed,,,,,True,,,True,PRISMA,,https://platform.prisma-capacity.eu/,,Cross-Border Transmission IP within EU,0,False
1Physical Flowhour2022-01-02 01:00:00 +00:002022-01-02 02:00:00 +00:00BE-TSO-0001ITP-00542exitkWh/h,1,Physical Flow,hour,2022-01-02T02:00:00+01:00,2022-01-02T03:00:00+01:00,BE-TSO-0001,21X-BE-A-A0A0A-Y,Fluxys Belgium,ITP-00542,VIP Belgium - NCG,21Z000000000497Z,exit,kWh/h,,,11059109,2022-02-27T02:11:08+01:00,,Confirmed,,,,,True,,,True,PRISMA,,https://platform.prisma-capacity.eu/,,Cross-Border Transmission IP within EU,0,False
1Physical Flowhour2022-01-02 02:00:00 +00:002022-01-02 03:00:00 +00:00BE-TSO-0001ITP-00542exitkWh/h,1,Physical Flow,hour,2022-01-02T03:00:00+01:00,2022-01-02T04:00:00+01:00,BE-TSO-0001,21X-BE-A-A0A0A-Y,Fluxys Belgium,ITP-00542,VIP Belgium - NCG,21Z000000000497Z,exit,kWh/h,,,11054243,2022-02-27T02:11:08+01:00,,Confirmed,,,,,True,,,True,PRISMA,,https://platform.prisma-capacity.eu/,,Cross-Border Transmission IP within EU,0,False
1Physical Flowhour2022-01-02 03:00:00 +00:002022-01-02 04:00:00 +00:00BE-TSO-0001ITP-00542exitkWh/h,1,Physical Flow,hour,2022-01-02T04:00:00+01:00,2022-01-02T05:00:00+01:00,BE-TSO-0001,21X-BE-A-A0A0A-Y,Fluxys Belgium,ITP-00542,VIP Belgium - NCG,21Z000000000497Z,exit,kWh/h,,,11047324,2022-02-27T02:11:08+01:00,,Confirmed,,,,,True,,,True,PRISMA,,https://platform.prisma-capacity.eu/,,Cross-Border Transmission IP within EU,0,False
1Physical Flowhour2022-01-02 04:00:00 +00:002022-01-02 05:00:00 +00:00BE-TSO-0001ITP-00542exitkWh/h,1,Physical Flow,hour,2022-01-02T05:00:00+01:00,2022-01-02T06:00:00+01:00,BE-TSO-0001,21X-BE-A-A0A0A-Y,Fluxys Belgium,ITP-00542,VIP Belgium - NCG,21Z000000000497Z,exit,kWh/h,,,11035955,2022-02-27T02:11:08+01:00,,Confirmed,,,,,True,,,True,PRISMA,,https://platform.prisma-capacity.eu/,,Cross-Border Transmission IP within EU,0,False
1Physical Flowhour2022-01-02 05:00:00 +00:002022-01-02 06:00:00 +00:00BE-TSO-0001ITP-00542exitkWh/h,1,Physical Flow,hour,2022-01-02T06:00:00+01:00,2022-01-02T07:00:00+01:00,BE-TSO-0001,21X-BE-A-A0A0A-Y,Fluxys Belgium,ITP-00542,VIP Belgium - NCG,21Z000000000497Z,exit,kWh/h,,,11252812,2022-02-27T02:11:08+01:00,,Confirmed,,,,,True,,,True,PRISMA,,https://platform.prisma-capacity.eu/,,Cross-Border Transmission IP within EU,0,False
1Physical Flowhour2022-01-02 06:00:00 +00:002022-01-02 07:00:00 +00:00BE-TSO-0001ITP-00542exitkWh/h,1,Physical Flow,hour,2022-01-02T07:00:00+01:00,2022-01-02T08:00:00+01:00,BE-TSO-0001,21X-BE-A-A0A0A-Y,Fluxys Belgium,ITP-00542,VIP Belgium - NCG,21Z000000000497Z,exit,kWh/h,,,11136744,2022-02-27T02:11:08+01:00,,Confirmed,,,,,True,,,True,PRISMA,,https://platform.prisma-capacity.eu/,,Cross-Border Transmission IP within EU,0,False
1Physical Flowhour2022-01-02 07:00:00 +00:002022-01-02 08:00:00 +00:00BE-TSO-0001ITP-00542exitkWh/h,1,Physical Flow,hour,2022-01-02T08:00:00+01:00,2022-01-02T09:00:00+01:00,BE-TSO-0001,21X-BE-A-A0A0A-Y,Fluxys Belgium,ITP-00542,VIP Belgium - NCG,21Z000000000497Z,exit,kWh/h,,,11089054,2022-02-27T02:11:08+01:00,,Confirmed,,,,,True,,,True,PRISMA,,https://platform.prisma-capacity.eu/,,Cross-Border Transmission IP within EU,0,False
1Physical Flowhour2022-01-02 08:00:00 +00:002022-01-02 09:00:00 +00:00BE-TSO-0001ITP-00542exitkWh/h,1,Physical Flow,hour,2022-01-02T09:00:00+01:00,2022-01-02T10:00:00+01:00,BE-TSO-0001,21X-BE-A-A0A0A-Y,Fluxys Belgium,ITP-00542,VIP Belgium - NCG,21Z000000000497Z,exit,kWh/h,,,11273065,2022-02-27T02:11:08+01:00,,Confirmed,,,,,True,,,True,PRISMA,,https://platform.prisma-capacity.eu/,,Cross-Border Transmission IP within EU,0,False
1Physical Flowhour2022-01-02 09:00:00 +00:002022-01-02 10:00:00 +00:00BE-TSO-0001ITP-00542exitkWh/h,1,Physical Flow,hour,2022-01-02T10:00:00+01:00,2022-01-02T11:00:00+01:00,BE-TSO-0001,21X-BE-A-A0A0A-Y,Fluxys Belgium,ITP-00542,VIP Belgium - NCG,21Z000000000497Z,exit,kWh/h,,,11056259,2022-02-27T02:11:08+01:00,,Confirmed,,,,,True,,,True,PRISMA,,https://platform.prisma-capacity.eu/,,Cross-Border Transmission IP within EU,0,False
1Physical Flowhour2022-01-02 10:00:00 +00:002022-01-02 11:00:00 +00:00BE-TSO-0001ITP-00542exitkWh/h,1,Physical Flow,hour,2022-01-02T11:00:00+01:00,2022-01-02T12:00:00+01:00,BE-TSO-0001,21X-BE-A-A0A0A-Y,Fluxys Belgium,ITP-00542,VIP Belgium - NCG,21Z000000000497Z,exit,kWh/h,,,11129308,2022-02-27T02:11:08+01:00,,Confirmed,,,,,True,,,True,PRISMA,,https://platform.prisma-capacity.eu/,,Cross-Border Transmission IP within EU,0,False
1Physical Flowhour2022-01-02 11:00:00 +00:002022-01-02 12:00:00 +00:00BE-TSO-0001ITP-00542exitkWh/h,1,Physical Flow,hour,2022-01-02T12:00:00+01:00,2022-01-02T13:00:00+01:00,BE-TSO-0001,21X-BE-A-A0A0A-Y,Fluxys Belgium,ITP-00542,VIP Belgium - NCG,21Z000000000497Z,exit,kWh/h,,,11310949,2022-02-27T02:11:08+01:00,,Confirmed,,,,,True,,,True,PRISMA,,https://platform.prisma-capacity.eu/,,Cross-Border Transmission IP within EU,0,False
1Physical Flowhour2022-01-02 12:00:00 +00:002022-01-02 13:00:00 +00:00BE-TSO-0001ITP-00542exitkWh/h,1,Physical Flow,hour,2022-01-02T13:00:00+01:00,2022-01-02T14:00:00+01:00,BE-TSO-0001,21X-BE-A-A0A0A-Y,Fluxys Belgium,ITP-00542,VIP Belgium - NCG,21Z000000000497Z,exit,kWh/h,,,11313678,2022-02-27T02:11:08+01:00,,Confirmed,,,,,True,,,True,PRISMA,,https://platform.prisma-capacity.eu/,,Cross-Border Transmission IP within EU,0,False
1Physical Flowhour2022-01-02 13:00:00 +00:002022-01-02 14:00:00 +00:00BE-TSO-0001ITP-00542exitkWh/h,1,Physical Flow,hour,2022-01-02T14:00:00+01:00,2022-01-02T15:00:00+01:00,BE-TSO-0001,21X-BE-A-A0A0A-Y,Fluxys Belgium,ITP-00542,VIP Belgium - NCG,21Z000000000497Z,exit,kWh/h,,,11313497,2022-02-27T02:11:08+01:00,,Confirmed,,,,,True,,,True,PRISMA,,https://platform.prisma-capacity.eu/,,Cross-Border Transmission IP within EU,0,False
1Physical Flowhour2022-01-02 14:00:00 +00:002022-01-02 15:00:00 +00:00BE-TSO-0001ITP-00542exitkWh/h,1,Physical Flow,hour,2022-01-02T15:00:00+01:00,2022-01-02T16:00:00+01:00,BE-TSO-0001,21X-BE-A-A0A0A-Y,Fluxys Belgium,ITP-00542,VIP Belgium - NCG,21Z000000000497Z,exit,kWh/h,,,11315431,2022-02-27T02:11:08+01:00,,Confirmed,,,,,True,,,True,PRISMA,,https://platform.prisma-capacity.eu/,,Cross-Border Transmission IP within EU,0,False
1Physical Flowhour2022-01-02 15:00:00 +00:002022-01-02 16:00:00 +00:00BE-TSO-0001ITP-00542exitkWh/h,1,Physical Flow,hour,2022-01-02T16:00:00+01:00,2022-01-02T17:00:00+01:00,BE-TSO-0001,21X-BE-A-A0A0A-Y,Fluxys Belgium,ITP-00542,VIP Belgium - NCG,21Z000000000497Z,exit,kWh/h,,,11305208,2022-02-27T02:11:08+01:00,,Confirmed,,,,,True,,,True,PRISMA,,https://platform.prisma-capacity.eu/,,Cross-Border Transmission IP within EU,0,False
1Physical Flowhour2022-01-02 16:00:00 +00:002022-01-02 17:00:00 +00:00BE-TSO-0001ITP-00542exitkWh/h,1,Physical Flow,hour,2022-01-02T17:00:00+01:00,2022-01-02T18:00:00+01:00,BE-TSO-0001,21X-BE-A-A0A0A-Y,Fluxys Belgium,ITP-00542,VIP Belgium - NCG,21Z000000000497Z,exit,kWh/h,,,11678361,2022-02-27T02:11:08+01:00,,Confirmed,,,,,True,,,True,PRISMA,,https://platform.prisma-capacity.eu/,,Cross-Border Transmission IP within EU,0,False
1Physical Flowhour2022-01-02 17:00:00 +00:002022-01-02 18:00:00 +00:00BE-TSO-0001ITP-00542exitkWh/h,1,Physical Flow,hour,2022-01-02T18:00:00+01:00,2022-01-02T19:00:00+01:00,BE-TSO-0001,21X-BE-A-A0A0A-Y,Fluxys Belgium,ITP-00542,VIP Belgium - NCG,21Z000000000497Z,exit,kWh/h,,,11640677,2022-02-27T02:11:08+01:00,,Confirmed,,,,,True,,,True,PRISMA,,https://platform.prisma-capacity.eu/,,Cross-Border Transmission IP within EU,0,False
1Physical Flowhour2022-01-02 18:00:00 +00:002022-01-02 19:00:00 +00:00BE-TSO-0001ITP-00542exitkWh/h,1,Physical Flow,hour,2022-01-02T19:00:00+01:00,2022-01-02T20:00:00+01:00,BE-TSO-0001,21X-BE-A-A0A0A-Y,Fluxys Belgium,ITP-00542,VIP Belgium - NCG,21Z000000000497Z,exit,kWh/h,,,11579126,2022-02-27T02:11:08+01:00,,Confirmed,,,,,True,,,True,PRISMA,,https://platform.prisma-capacity.eu/,,Cross-Border Transmission IP within EU,0,False
1Physical Flowhour2022-01-02 19:00:00 +00:002022-01-02 20:00:00 +00:00BE-TSO-0001ITP-00542exitkWh/h,1,Physical Flow,hour,2022-01-02T20:00:00+01:00,2022-01-02T21:00:00+01:00,BE-TSO-0001,21X-BE-A-A0A0A-Y,Fluxys Belgium,ITP-00542,VIP Belgium - NCG,21Z000000000497Z,exit,kWh/h,,,11806725,2022-02-27T02:11:08+01:00,,Confirmed,,,,,True,,,True,PRISMA,,https://platform.prisma-capacity.eu/,,Cross-Border Transmission IP within EU,0,False
1Physical Flowhour2022-01-02 20:00:00 +00:002022-01-02 21:00:00 +00:00BE-TSO-0001ITP-00542exitkWh/h,1,Physical Flow,hour,2022-01-02T21:00:00+01:00,2022-01-02T22:00:00+01:00,BE-TSO-0001,21X-BE-A-A0A0A-Y,Fluxys Belgium,ITP-00542,VIP Belgium - NCG,21Z000000000497Z,exit,kWh/h,,,12017663,2022-02-27T02:11:08+01:00,,Confirmed,,,,,True,,,True,PRISMA,,https://platform.prisma-capacity.eu/,,Cross-Border Transmission IP within EU,0,False
1Physical Flowhour2022-01-02 21:00:00 +00:002022-01-02 22:00:00 +00:00BE-TSO-0001ITP-00542exitkWh/h,1,Physical Flow,hour,2022-01-02T22:00:00+01:00,2022-01-02T23:00:00+01:00,BE-TSO-0001,21X-BE-A-A0A0A-Y,Fluxys Belgium,ITP-00542,VIP Belgium - NCG,21Z000000000497Z,exit,kWh/h,,,12073373,2022-02-27T02:11:08+01:00,,Confirmed,,,,,True,,,True,PRISMA,,https://platform.prisma-capacity.eu/,,Cross-Border Transmission IP within EU,0,False
1Physical Flowhour2022-01-02 22:00:00 +00:002022-01-02 23:00:00 +00:00BE-TSO-0001ITP-00542exitkWh/h,1,Physical Flow,hour,2022-01-02T23:00:00+01:00,2022-01-03T00:00:00+01:00,BE-TSO-0001,21X-BE-A-A0A0A-Y,Fluxys Belgium,ITP-00542,VIP Belgium - NCG,21Z000000000497Z,exit,kWh/h,,,12359904,2022-02-27T02:11:08+01:00,,Confirmed,,,,,True,,,True,PRISMA,,https://platform.prisma-capacity.eu/,,Cross-Border Transmission IP within EU,0,False
1Physical Flowhour2022-01-02 23:00:00 +00:002022-01-03 00:00:00 +00:00BE-TSO-0001ITP-00542exitkWh/h,1,Physical Flow,hour,2022-01-03T00:00:00+01:00,2022-01-03T01:00:00+01:00,BE-TSO-0001,21X-BE-A-A0A0A-Y,Fluxys Belgium,ITP-00542,VIP Belgium - NCG,21Z000000000497Z,exit,kWh/h,,,12704319,2022-02-27T02:11:08+01:00,,Confirmed,,,,,True,,,True,PRISMA,,https://platform.prisma-capacity.eu/,,Cross-Border Transmission IP within EU,0,False
1Physical Flowhour2022-01-03 00:00:00 +00:002022-01-03 01:00:00 +00:00BE-TSO-0001ITP-00542exitkWh/h,1,Physical Flow,hour,2022-01-03T01:00:00+01:00,2022-01-03T02:00:00+01:00,BE-TSO-0001,21X-BE-A-A0A0A-Y,Fluxys Belgium,ITP-00542,VIP Belgium - NCG,21Z000000000497Z,exit,kWh/h,,,12853208,2022-02-27T02:11:08+01:00,,Confirmed,,,,,True,,,True,PRISMA,,https://platform.prisma-capacity.eu/,,Cross-Border Transmission IP within EU,0,False
1Physical Flowhour2022-01-03 01:00:00 +00:002022-01-03 02:00:00 +00:00BE-TSO-0001ITP-00542exitkWh/h,1,Physical Flow,hour,2022-01-03T02:00:00+01:00,2022-01-03T03:00:00+01:00,BE-TSO-0001,21X-BE-A-A0A0A-Y,Fluxys Belgium,ITP-00542,VIP Belgium - NCG,21Z000000000497Z,exit,kWh/h,,,12811741,2022-02-27T02:11:08+01:00,,Confirmed,,,,,True,,,True,PRISMA,,https://platform.prisma-capacity.eu/,,Cross-Border Transmission IP within EU,0,False
1Physical Flowhour2022-01-03 02:00:00 +00:002022-01-03 03:00:00 +00:00BE-TSO-0001ITP-00542exitkWh/h,1,Physical Flow,hour,2022-01-03T03:00:00+01:00,2022-01-03T04:00:00+01:00,BE-TSO-0001,21X-BE-A-A0A0A-Y,Fluxys Belgium,ITP-00542,VIP Belgium - NCG,21Z000000000497Z,exit,kWh/h,,,12884486,2022-02-27T02:11:08+01:00,,Confirmed,,,,,True,,,True,PRISMA,,https://platform.prisma-capacity.eu/,,Cross-Border Transmission IP within EU,0,False
1Physical Flowhour2022-01-03 03:00:00 +00:002022-01-03 04:00:00 +00:00BE-TSO-0001ITP-00542exitkWh/h,1,Physical Flow,hour,2022-01-03T04:00:00+01:00,2022-01-03T05:00:00+01:00,BE-TSO-0001,21X-BE-A-A0A0A-Y,Fluxys Belgium,ITP-00542,VIP Belgium - NCG,21Z000000000497Z,exit,kWh/h,,,12755940,2022-02-27T02:11:08+01:00,,Confirmed,,,,,True,,,True,PRISMA,,https://platform.prisma-capacity.eu/,,Cross-Border Transmission IP within EU,0,False
1Physical Flowhour2022-01-03 04:00:00 +00:002022-01-03 05:00:00 +00:00BE-TSO-0001ITP-00542exitkWh/h,1,Physical Flow,hour,2022-01-03T05:00:00+01:00,2022-01-03T06:00:00+01:00,BE-TSO-0001,21X-BE-A-A0A0A-Y,Fluxys Belgium,ITP-00542,VIP Belgium - NCG,21Z000000000497Z,exit,kWh/h,,,11226764,2022-02-27T02:11:08+01:00,,Confirmed,,,,,True,,,True,PRISMA,,https://platform.prisma-capacity.eu/,,Cross-Border Transmission IP within EU,0,False
1Physical Flowhour2022-01-03 05:00:00 +00:002022-01-03 06:00:00 +00:00BE-TSO-0001ITP-00542exitkWh/h,1,Physical Flow,hour,2022-01-03T06:00:00+01:00,2022-01-03T07:00:00+01:00,BE-TSO-0001,21X-BE-A-A0A0A-Y,Fluxys Belgium,ITP-00542,VIP Belgium - NCG,21Z000000000497Z,exit,kWh/h,,,11823667,2022-02-27T02:11:08+01:00,,Confirmed,,,,,True,,,True,PRISMA,,https://platform.prisma-capacity.eu/,,Cross-Border Transmission IP within EU,0,False
1Physical Flowhour2022-01-03 06:00:00 +00:002022-01-03 07:00:00 +00:00BE-TSO-0001ITP-00542exitkWh/h,1,Physical Flow,hour,2022-01-03T07:00:00+01:00,2022-01-03T08:00:00+01:00,BE-TSO-0001,21X-BE-A-A0A0A-Y,Fluxys Belgium,ITP-00542,VIP Belgium - NCG,21Z000000000497Z,exit,kWh/h,,,11854479,2022-02-27T02:11:08+01:00,,Confirmed,,,,,True,,,True,PRISMA,,https://platform.prisma-capacity.eu/,,Cross-Border Transmission IP within EU,0,False
1Physical Flowhour2022-01-03 07:00:00 +00:002022-01-03 08:00:00 +00:00BE-TSO-0001ITP-00542exitkWh/h,1,Physical Flow,hour,2022-01-03T08:00:00+01:00,2022-01-03T09:00:00+01:00,BE-TSO-0001,21X-BE-A-A0A0A-Y,Fluxys Belgium,ITP-00542,VIP Belgium - NCG,21Z000000000497Z,exit,kWh/h,,,12128305,2022-02-27T02:11:08+01:00,,Confirmed,,,,,True,,,True,PRISMA,,https://platform.prisma-capacity.eu/,,Cross-Border Transmission IP within EU,0,False
1Physical Flowhour2022-01-03 08:00:00 +00:002022-01-03 09:00:00 +00:00BE-TSO-0001ITP-00542exitkWh/h,1,Physical Flow,hour,2022-01-03T09:00:00+01:00,2022-01-03T10:00:00+01:00,BE-TSO-0001,21X-BE-A-A0A0A-Y,Fluxys Belgium,ITP-00542,VIP Belgium - NCG,21Z000000000497Z,exit,kWh/h,,,11819763,2022-02-27T02:11:08+01:00,,Confirmed,,,,,True,,,True,PRISMA,,https://platform.prisma-capacity.eu/,,Cross-Border Transmission IP within EU,0,False
1Physical Flowhour2022-01-03 09:00:00 +00:002022-01-03 10:00:00 +00:00BE-TSO-0001ITP-00542exitkWh/h,1,Physical Flow,hour,2022-01-03T10:00:00+01:00,2022-01-03T11:00:00+01:00,BE-TSO-0001,21X-BE-A-A0A0A-Y,Fluxys Belgium,ITP-00542,VIP Belgium - NCG,21Z000000000497Z,exit,kWh/h,,,12023008,2022-02-27T02:11:08+01:00,,Confirmed,,,,,True,,,True,PRISMA,,https://platform.prisma-capacity.eu/,,Cross-Border Transmission IP within EU,0,False
1Physical Flowhour2022-01-03 10:00:00 +00:002022-01-03 11:00:00 +00:00BE-TSO-0001ITP-00542exitkWh/h,1,Physical Flow,hour,2022-01-03T11:00:00+01:00,2022-01-03T12:00:00+01:00,BE-TSO-0001,21X-BE-A-A0A0A-Y,Fluxys Belgium,ITP-00542,VIP Belgium - NCG,21Z000000000497Z,exit,kWh/h,,,11983904,2022-02-27T02:11:08+01:00,,Confirmed,,,,,True,,,True,PRISMA,,https://platform.prisma-capacity.eu/,,Cross-Border Transmission IP within EU,0,False
1Physical Flowhour2022-01-03 11:00:00 +00:002022-01-03 12:00:00 +00:00BE-TSO-0001ITP-00542exitkWh/h,1,Physical Flow,hour,2022-01-03T12:00:00+01:00,2022-01-03T13:00:00+01:00,BE-TSO-0001,21X-BE-A-A0A0A-Y,Fluxys Belgium,ITP-00542,VIP Belgium - NCG,21Z000000000497Z,exit,kWh/h,,,11810472,2022-02-27T02:11:08+01:00,,Confirmed,,,,,True,,,True,PRISMA,,https://platform.prisma-capacity.eu/,,Cross-Border Transmission IP within EU,0,False
1Physical Flowhour2022-01-03 12:00:00 +00:002022-01-03 13:00:00 +00:00BE-TSO-0001ITP-00542exitkWh/h,1,Physical Flow,hour,2022-01-03T13:00:00+01:00,2022-01-03T14:00:00+01:00,BE-TSO-0001,21X-BE-A-A0A0A-Y,Fluxys Belgium,ITP-00542,VIP Belgium - NCG,21Z000000000497Z,exit,kWh/h,,,11940383,2022-02-27T02:11:08+01:00,,Confirmed,,,,,True,,,True,PRISMA,,https://platform.prisma-capacity.eu/,,Cross-Border Transmission IP within EU,0,False
1Physical Flowhour2022-01-03 13:00:00 +00:002022-01-03 14:00:00 +00:00BE-TSO-0001ITP-00542exitkWh/h,1,Physical Flow,hour,2022-01-03T14:00:00+01:00,2022-01-03T15:00:00+01:00,BE-TSO-0001,21X-BE-A-A0A0A-Y,Fluxys Belgium,ITP-00542,VIP Belgium - NCG,21Z000000000497Z,exit,kWh/h,,,11578318,2022-02-27T02:11:08+01:00,,Confirmed,,,,,True,,,True,PRISMA,,https://platform.prisma-capacity.eu/,,Cross-Border Transmission IP within EU,0,False
1Physical Flowhour2022-01-03 14:00:00 +00:002022-01-03 15:00:00 +00:00BE-TSO-0001ITP-00542exitkWh/h,1,Physical Flow,hour,2022-01-03T15:00:00+01:00,2022-01-03T16:00:00+01:00,BE-TSO-0001,21X-BE-A-A0A0A-Y,Fluxys Belgium,ITP-00542,VIP Belgium - NCG,21Z000000000497Z,exit,kWh/h,,,12219523,2022-02-27T02:11:08+01:00,,Confirmed,,,,,True,,,True,PRISMA,,https://platform.prisma-capacity.eu/,,Cross-Border Transmission IP within EU,0,False
1Physical Flowhour2022-01-03 15:00:00 +00:002022-01-03 16:00:00 +00:00BE-TSO-0001ITP-00542exitkWh/h,1,Physical Flow,hour,2022-01-03T16:00:00+01:00,2022-01-03T17:00:00+01:00,BE-TSO-0001,21X-BE-A-A0A0A-Y,Fluxys Belgium,ITP-00542,VIP Belgium - NCG,21Z000000000497Z,exit,kWh/h,,,12033222,2022-02-27T02:11:08+01:00,,Confirmed,,,,,True,,,True,PRISMA,,https://platform.prisma-capacity.eu/,,Cross-Border Transmission IP within EU,0,False
1Physical Flowhour2022-01-03 16:00:00 +00:002022-01-03 17:00:00 +00:00BE-TSO-0001ITP-00542exitkWh/h,1,Physical Flow,hour,2022-01-03T17:00:00+01:00,2022-01-03T18:00:00+01:00,BE-TSO-0001,21X-BE-A-A0A0A-Y,Fluxys Belgium,ITP-00542,VIP Belgium - NCG,21Z000000000497Z,exit,kWh/h,,,11765668,2022-02-27T02:11:08+01:00,,Confirmed,,,,,True,,,True,PRISMA,,https://platform.prisma-capacity.eu/,,Cross-Border Transmission IP within EU,0,False
1Physical Flowhour2022-01-03 17:00:00 +00:002022-01-03 18:00:00 +00:00BE-TSO-0001ITP-00542exitkWh/h,1,Physical Flow,hour,2022-01-03T18:00:00+01:00,2022-01-03T19:00:00+01:00,BE-TSO-0001,21X-BE-A-A0A0A-Y,Fluxys Belgium,ITP-00542,VIP Belgium - NCG,21Z000000000497Z,exit,kWh/h,,,11348082,2022-02-27T02:11:08+01:00,,Confirmed,,,,,True,,,True,PRISMA,,https://platform.prisma-capacity.eu/,,Cross-Border Transmission IP within EU,0,False
1Physical Flowhour2022-01-03 18:00:00 +00:002022-01-03 19:00:00 +00:00BE-TSO-0001ITP-00542exitkWh/h,1,Physical Flow,hour,2022-01-03T19:00:00+01:00,2022-01-03T20:00:00+01:00,BE-TSO-0001,21X-BE-A-A0A0A-Y,Fluxys Belgium,ITP-00542,VIP Belgium - NCG,21Z000000000497Z,exit,kWh/h,,,11286035,2022-02-27T02:11:08+01:00,,Confirmed,,,,,True,,,True,PRISMA,,https://platform.prisma-capacity.eu/,,Cross-Border Transmission IP within EU,0,False
1Physical Flowhour2022-01-03 19:00:00 +00:002022-01-03 20:00:00 +00:00BE-TSO-0001ITP-00542exitkWh/h,1,Physical Flow,hour,2022-01-03T20:00:00+01:00,2022-01-03T21:00:00+01:00,BE-TSO-0001,21X-BE-A-A0A0A-Y,Fluxys Belgium,ITP-00542,VIP Belgium - NCG,21Z000000000497Z,exit,kWh/h,,,10757789,2022-02-27T02:11:08+01:00,,Confirmed,,,,,True,,,True,PRISMA,,https://platform.prisma-capacity.eu/,,Cross-Border Transmission IP within EU,0,False
1Physical Flowhour2022-01-03 20:00:00 +00:002022-01-03 21:00:00 +00:00BE-TSO-0001ITP-00542exitkWh/h,1,Physical Flow,hour,2022-01-03T21:00:00+01:00,2022-01-03T22:00:00+01:00,BE-TSO-0001,21X-BE-A-A0A0A-Y,Fluxys Belgium,ITP-00542,VIP Belgium - NCG,21Z000000000497Z,exit,kWh/h,,,11115594,2022-02-27T02:11:08+01:00,,Confirmed,,,,,True,,,True,PRISMA,,https://platform.prisma-capacity.eu/,,Cross-Border Transmission IP within EU,0,False
1Physical Flowhour2022-01-03 21:00:00 +00:002022-01-03 22:00:00 +00:00BE-TSO-0001ITP-00542exitkWh/h,1,Physical Flow,hour,2022-01-03T22:00:00+01:00,2022-01-03T23:00:00+01:00,BE-TSO-0001,21X-BE-A-A0A0A-Y,Fluxys Belgium,ITP-00542,VIP Belgium - NCG,21Z000000000497Z,exit,kWh/h,,,11139243,2022-02-27T02:11:08+01:00,,Confirmed,,,,,True,,,True,PRISMA,,https://platform.prisma-capacity.eu/,,Cross-Border Transmission IP within EU,0,False
1Physical Flowhour2022-01-03 22:00:00 +00:002022-01-03 23:00:00 +00:00BE-TSO-0001ITP-00542exitkWh/h,1,Physical Flow,hour,2022-01-03T23:00:00+01:00,2022-01-04T00:00:00+01:00,BE-TSO-0001,21X-BE-A-A0A0A-Y,Fluxys Belgium,ITP-00542,VIP Belgium - NCG,21Z000000000497Z,exit,kWh/h,,,11090918,2022-02-27T02:11:08+01:00,,Confirmed,,,,,True,,,True,PRISMA,,https://platform.prisma-capacity.eu/,,Cross-Border Transmission IP within EU,0,False
1Physical Flowhour2022-01-03 23:00:00 +00:002022-01-04 00:00:00 +00:00BE-TSO-0001ITP-00542exitkWh/h,1,Physical Flow,hour,2022-01-04T00:00:00+01:00,2022-01-04T01:00:00+01:00,BE-TSO-0001,21X-BE-A-A0A0A-Y,Fluxys Belgium,ITP-00542,VIP Belgium - NCG,21Z000000000497Z,exit,kWh/h,,,10936955,2022-02-27T02:11:08+01:00,,Confirmed,,,,,True,,,True,PRISMA,,https://platform.prisma-capacity.eu/,,Cross-Border Transmission IP within EU,0,False
1Physical Flowhour2022-01-04 00:00:00 +00:002022-01-04 01:00:00 +00:00BE-TSO-0001ITP-00542exitkWh/h,1,Physical Flow,hour,2022-01-04T01:00:00+01:00,2022-01-04T02:00:00+01:00,BE-TSO-0001,21X-BE-A-A0A0A-Y,Fluxys Belgium,ITP-00542,VIP Belgium - NCG,21Z000000000497Z,exit,kWh/h,,,10387020,2022-02-27T02:11:08+01:00,,Confirmed,,,,,True,,,True,PRISMA,,https://platform.prisma-capacity.eu/,,Cross-Border Transmission IP within EU,0,False
1Physical Flowhour2022-01-04 01:00:00 +00:002022-01-04 02:00:00 +00:00BE-TSO-0001ITP-00542exitkWh/h,1,Physical Flow,hour,2022-01-04T02:00:00+01:00,2022-01-04T03:00:00+01:00,BE-TSO-0001,21X-BE-A-A0A0A-Y,Fluxys Belgium,ITP-00542,VIP Belgium - NCG,21Z000000000497Z,exit,kWh/h,,,8952956,2022-02-27T02:11:08+01:00,,Confirmed,,,,,True,,,True,PRISMA,,https://platform.prisma-capacity.eu/,,Cross-Border Transmission IP within EU,0,False
1Physical Flowhour2022-01-04 02:00:00 +00:002022-01-04 03:00:00 +00:00BE-TSO-0001ITP-00542exitkWh/h,1,Physical Flow,hour,2022-01-04T03:00:00+01:00,2022-01-04T04:00:00+01:00,BE-TSO-0001,21X-BE-A-A0A0A-Y,Fluxys Belgium,ITP-00542,VIP Belgium - NCG,21Z000000000497Z,exit,kWh/h,,,8623381,2022-02-27T02:11:08+01:00,,Confirmed,,,,,True,,,True,PRISMA,,https://platform.prisma-capacity.eu/,,Cross-Border Transmission IP within EU,0,False
1Physical Flowhour2022-01-04 03:00:00 +00:002022-01-04 04:00:00 +00:00BE-TSO-0001ITP-00542exitkWh/h,1,Physical Flow,hour,2022-01-04T04:00:00+01:00,2022-01-04T05:00:00+01:00,BE-TSO-0001,21X-BE-A-A0A0A-Y,Fluxys Belgium,ITP-00542,VIP Belgium - NCG,21Z000000000497Z,exit,kWh/h,,,8309946,2022-02-27T02:11:08+01:00,,Confirmed,,,,,True,,,True,PRISMA,,https://platform.prisma-capacity.eu/,,Cross-Border Transmission IP within EU,0,False
1Physical Flowhour2022-01-04 04:00:00 +00:002022-01-04 05:00:00 +00:00BE-TSO-0001ITP-00542exitkWh/h,1,Physical Flow,hour,2022-01-04T05:00:00+01:00,2022-01-04T06:00:00+01:00,BE-TSO-0001,21X-BE-A-A0A0A-Y,Fluxys Belgium,ITP-00542,VIP Belgium - NCG,21Z000000000497Z,exit,kWh/h,,,7724557,2022-02-27T02:11:08+01:00,,Confirmed,,,,,True,,,True,PRISMA,,https://platform.prisma-capacity.eu/,,Cross-Border Transmission IP within EU,0,False
1Physical Flowhour2022-01-04 05:00:00 +00:002022-01-04 06:00:00 +00:00BE-TSO-0001ITP-00542exitkWh/h,1,Physical Flow,hour,2022-01-04T06:00:00+01:00,2022-01-04T07:00:00+01:00,BE-TSO-0001,21X-BE-A-A0A0A-Y,Fluxys Belgium,ITP-00542,VIP Belgium - NCG,21Z000000000497Z,exit,kWh/h,,,9459361,2022-02-27T02:11:08+01:00,,Confirmed,,,,,True,,,True,PRISMA,,https://platform.prisma-capacity.eu/,,Cross-Border Transmission IP within EU,0,False
1Physical Flowhour2022-01-04 06:00:00 +00:002022-01-04 07:00:00 +00:00BE-TSO-0001ITP-00542exitkWh/h,1,Physical Flow,hour,2022-01-04T07:00:00+01:00,2022-01-04T08:00:00+01:00,BE-TSO-0001,21X-BE-A-A0A0A-Y,Fluxys Belgium,ITP-00542,VIP Belgium - NCG,21Z000000000497Z,exit,kWh/h,,,9941425,2022-02-27T02:11:08+01:00,,Confirmed,,,,,True,,,True,PRISMA,,https://platform.prisma-capacity.eu/,,Cross-Border Transmission IP within EU,0,False
1Physical Flowhour2022-01-04 07:00:00 +00:002022-01-04 08:00:00 +00:00BE-TSO-0001ITP-00542exitkWh/h,1,Physical Flow,hour,2022-01-04T08:00:00+01:00,2022-01-04T09:00:00+01:00,BE-TSO-0001,21X-BE-A-A0A0A-Y,Fluxys Belgium,ITP-00542,VIP Belgium - NCG,21Z000000000497Z,exit,kWh/h,,,10130618,2022-02-27T02:11:08+01:00,,Confirmed,,,,,True,,,True,PRISMA,,https://platform.prisma-capacity.eu/,,Cross-Border Transmission IP within EU,0,False
1Physical Flowhour2022-01-04 08:00:00 +00:002022-01-04 09:00:00 +00:00BE-TSO-0001ITP-00542exitkWh/h,1,Physical Flow,hour,2022-01-04T09:00:00+01:00,2022-01-04T10:00:00+01:00,BE-TSO-0001,21X-BE-A-A0A0A-Y,Fluxys Belgium,ITP-00542,VIP Belgium - NCG,21Z000000000497Z,exit,kWh/h,,,10199889,2022-02-27T02:11:08+01:00,,Confirmed,,,,,True,,,True,PRISMA,,https://platform.prisma-capacity.eu/,,Cross-Border Transmission IP within EU,0,False
1Physical Flowhour2022-01-04 09:00:00 +00:002022-01-04 10:00:00 +00:00BE-TSO-0001ITP-00542exitkWh/h,1,Physical Flow,hour,2022-01-04T10:00:00+01:00,2022-01-04T11:00:00+01:00,BE-TSO-0001,21X-BE-A-A0A0A-Y,Fluxys Belgium,ITP-00542,VIP Belgium - NCG,21Z000000000497Z,exit,kWh/h,,,10064351,2022-02-27T02:11:08+01:00,,Confirmed,,,,,True,,,True,PRISMA,,https://platform.prisma-capacity.eu/,,Cross-Border Transmission IP within EU,0,False
1Physical Flowhour2022-01-04 10:00:00 +00:002022-01-04 11:00:00 +00:00BE-TSO-0001ITP-00542exitkWh/h,1,Physical Flow,hour,2022-01-04T11:00:00+01:00,2022-01-04T12:00:00+01:00,BE-TSO-0001,21X-BE-A-A0A0A-Y,Fluxys Belgium,ITP-00542,VIP Belgium - NCG,21Z000000000497Z,exit,kWh/h,,,10229067,2022-02-27T02:11:08+01:00,,Confirmed,,,,,True,,,True,PRISMA,,https://platform.prisma-capacity.eu/,,Cross-Border Transmission IP within EU,0,False
1Physical Flowhour2022-01-04 11:00:00 +00:002022-01-04 12:00:00 +00:00BE-TSO-0001ITP-00542exitkWh/h,1,Physical Flow,hour,2022-01-04T12:00:00+01:00,2022-01-04T13:00:00+01:00,BE-TSO-0001,21X-BE-A-A0A0A-Y,Fluxys Belgium,ITP-00542,VIP Belgium - NCG,21Z000000000497Z,exit,kWh/h,,,10182580,2022-02-27T02:11:08+01:00,,Confirmed,,,,,True,,,True,PRISMA,,https://platform.prisma-capacity.eu/,,Cross-Border Transmission IP within EU,0,False
1Physical Flowhour2022-01-04 12:00:00 +00:002022-01-04 13:00:00 +00:00BE-TSO-0001ITP-00542exitkWh/h,1,Physical Flow,hour,2022-01-04T13:00:00+01:00,2022-01-04T14:00:00+01:00,BE-TSO-0001,21X-BE-A-A0A0A-Y,Fluxys Belgium,ITP-00542,VIP Belgium - NCG,21Z000000000497Z,exit,kWh/h,,,10010996,2022-02-27T02:11:08+01:00,,Confirmed,,,,,True,,,True,PRISMA,,https://platform.prisma-capacity.eu/,,Cross-Border Transmission IP within EU,0,False
1Physical Flowhour2022-01-04 13:00:00 +00:002022-01-04 14:00:00 +00:00BE-TSO-0001ITP-00542exitkWh/h,1,Physical Flow,hour,2022-01-04T14:00:00+01:00,2022-01-04T15:00:00+01:00,BE-TSO-0001,21X-BE-A-A0A0A-Y,Fluxys Belgium,ITP-00542,VIP Belgium - NCG,21Z000000000497Z,exit,kWh/h,,,10008473,2022-02-27T02:11:08+01:00,,Confirmed,,,,,True,,,True,PRISMA,,https://platform.prisma-capacity.eu/,,Cross-Border Transmission IP within EU,0,False
1Physical Flowhour2022-01-04 14:00:00 +00:002022-01-04 15:00:00 +00:00BE-TSO-0001ITP-00542exitkWh/h,1,Physical Flow,hour,2022-01-04T15:00:00+01:00,2022-01-04T16:00:00+01:00,BE-TSO-0001,21X-BE-A-A0A0A-Y,Fluxys Belgium,ITP-00542,VIP Belgium - NCG,21Z000000000497Z,exit,kWh/h,,,9999209,2022-02-27T02:11:08+01:00,,Confirmed,,,,,True,,,True,PRISMA,,https://platform.prisma-capacity.eu/,,Cross-Border Transmission IP within EU,0,False
1Physical Flowhour2022-01-04 15:00:00 +00:002022-01-04 16:00:00 +00:00BE-TSO-0001ITP-00542exitkWh/h,1,Physical Flow,hour,2022-01-04T16:00:00+01:00,2022-01-04T17:00:00+01:00,BE-TSO-0001,21X-BE-A-A0A0A-Y,Fluxys Belgium,ITP-00542,VIP Belgium - NCG,21Z000000000497Z,exit,kWh/h,,,9742661,2022-02-27T02:11:08+01:00,,Confirmed,,,,,True,,,True,PRISMA,,https://platform.prisma-capacity.eu/,,Cross-Border Transmission IP within EU,0,False
1Physical Flowhour2022-01-04 16:00:00 +00:002022-01-04 17:00:00 +00:00BE-TSO-0001ITP-00542exitkWh/h,1,Physical Flow,hour,2022-01-04T17:00:00+01:00,2022-01-04T18:00:00+01:00,BE-TSO-0001,21X-BE-A-A0A0A-Y,Fluxys Belgium,ITP-00542,VIP Belgium - NCG,21Z000000000497Z,exit,kWh/h,,,9719164,2022-02-27T02:11:08+01:00,,Confirmed,,,,,True,,,True,PRISMA,,https://platform.prisma-capacity.eu/,,Cross-Border Transmission IP within EU,0,False
1Physical Flowhour2022-01-04 17:00:00 +00:002022-01-04 18:00:00 +00:00BE-TSO-0001ITP-00542exitkWh/h,1,Physical Flow,hour,2022-01-04T18:00:00+01:00,2022-01-04T19:00:00+01:00,BE-TSO-0001,21X-BE-A-A0A0A-Y,Fluxys Belgium,ITP-00542,VIP Belgium - NCG,21Z000000000497Z,exit,kWh/h,,,9713216,2022-02-27T02:11:08+01:00,,Confirmed,,,,,True,,,True,PRISMA,,https://platform.prisma-capacity.eu/,,Cross-Border Transmission IP within EU,0,False
1Physical Flowhour2022-01-04 18:00:00 +00:002022-01-04 19:00:00 +00:00BE-TSO-0001ITP-00542exitkWh/h,1,Physical Flow,hour,2022-01-04T19:00:00+01:00,2022-01-04T20:00:00+01:00,BE-TSO-0001,21X-BE-A-A0A0A-Y,Fluxys Belgium,ITP-00542,VIP Belgium - NCG,21Z000000000497Z,exit,kWh/h,,,8092297,2022-02-27T02:11:08+01:00,,Confirmed,,,,,True,,,True,PRISMA,,https://platform.prisma-capacity.eu/,,Cross-Border Transmission IP within EU,0,False
1Physical Flowhour2022-01-04 19:00:00 +00:002022-01-04 20:00:00 +00:00BE-TSO-0001ITP-00542exitkWh/h,1,Physical Flow,hour,2022-01-04T20:00:00+01:00,2022-01-04T21:00:00+01:00,BE-TSO-0001,21X-BE-A-A0A0A-Y,Fluxys Belgium,ITP-00542,VIP Belgium - NCG,21Z000000000497Z,exit,kWh/h,,,8105843,2022-02-27T02:11:08+01:00,,Confirmed,,,,,True,,,True,PRISMA,,https://platform.prisma-capacity.eu/,,Cross-Border Transmission IP within EU,0,False
1Physical Flowhour2022-01-04 20:00:00 +00:002022-01-04 21:00:00 +00:00BE-TSO-0001ITP-00542exitkWh/h,1,Physical Flow,hour,2022-01-04T21:00:00+01:00,2022-01-04T22:00:00+01:00,BE-TSO-0001,21X-BE-A-A0A0A-Y,Fluxys Belgium,ITP-00542,VIP Belgium - NCG,21Z000000000497Z,exit,kWh/h,,,7854459,2022-02-27T02:11:08+01:00,,Confirmed,,,,,True,,,True,PRISMA,,https://platform.prisma-capacity.eu/,,Cross-Border Transmission IP within EU,0,False
1Physical Flowhour2022-01-04 21:00:00 +00:002022-01-04 22:00:00 +00:00BE-TSO-0001ITP-00542exitkWh/h,1,Physical Flow,hour,2022-01-04T22:00:00+01:00,2022-01-04T23:00:00+01:00,BE-TSO-0001,21X-BE-A-A0A0A-Y,Fluxys Belgium,ITP-00542,VIP Belgium - NCG,21Z000000000497Z,exit,kWh/h,,,7644126,2022-02-27T02:11:08+01:00,,Confirmed,,,,,True,,,True,PRISMA,,https://platform.prisma-capacity.eu/,,Cross-Border Transmission IP within EU,0,False
1Physical Flowhour2022-01-04 22:00:00 +00:002022-01-04 23:00:00 +00:00BE-TSO-0001ITP-00542exitkWh/h,1,Physical Flow,hour,2022-01-04T23:00:00+01:00,2022-01-05T00:00:00+01:00,BE-TSO-0001,21X-BE-A-A0A0A-Y,Fluxys Belgium,ITP-00542,VIP Belgium - NCG,21Z000000000497Z,exit,kWh/h,,,8138121,2022-02-27T02:11:08+01:00,,Confirmed,,,,,True,,,True,PRISMA,,https://platform.prisma-capacity.eu/,,Cross-Border Transmission IP within EU,0,False
1Physical Flowhour2022-01-04 23:00:00 +00:002022-01-05 00:00:00 +00:00BE-TSO-0001ITP-00542exitkWh/h,1,Physical Flow,hour,2022-01-05T00:00:00+01:00,2022-01-05T01:00:00+01:00,BE-TSO-0001,21X-BE-A-A0A0A-Y,Fluxys Belgium,ITP-00542,VIP Belgium - NCG,21Z000000000497Z,exit,kWh/h,,,8127477,2022-02-27T02:11:08+01:00,,Confirmed,,,,,True,,,True,PRISMA,,https://platform.prisma-capacity.eu/,,Cross-Border Transmission IP within EU,0,False
1Physical Flowhour2022-01-05 00:00:00 +00:002022-01-05 01:00:00 +00:00BE-TSO-0001ITP-00542exitkWh/h,1,Physical Flow,hour,2022-01-05T01:00:00+01:00,2022-01-05T02:00:00+01:00,BE-TSO-0001,21X-BE-A-A0A0A-Y,Fluxys Belgium,ITP-00542,VIP Belgium - NCG,21Z000000000497Z,exit,kWh/h,,,8129589,2022-02-27T02:11:08+01:00,,Confirmed,,,,,True,,,True,PRISMA,,https://platform.prisma-capacity.eu/,,Cross-Border Transmission IP within EU,0,False
1Physical Flowhour2022-01-05 01:00:00 +00:002022-01-05 02:00:00 +00:00BE-TSO-0001ITP-00542exitkWh/h,1,Physical Flow,hour,2022-01-05T02:00:00+01:00,2022-01-05T03:00:00+01:00,BE-TSO-0001,21X-BE-A-A0A0A-Y,Fluxys Belgium,ITP-00542,VIP Belgium - NCG,21Z000000000497Z,exit,kWh/h,,,8122902,2022-02-27T02:11:08+01:00,,Confirmed,,,,,True,,,True,PRISMA,,https://platform.prisma-capacity.eu/,,Cross-Border Transmission IP within EU,0,False
1Physical Flowhour2022-01-05 02:00:00 +00:002022-01-05 03:00:00 +00:00BE-TSO-0001ITP-00542exitkWh/h,1,Physical Flow,hour,2022-01-05T03:00:00+01:00,2022-01-05T04:00:00+01:00,BE-TSO-0001,21X-BE-A-A0A0A-Y,Fluxys Belgium,ITP-00542,VIP Belgium - NCG,21Z000000000497Z,exit,kWh/h,,,8121454,2022-02-27T02:11:08+01:00,,Confirmed,,,,,True,,,True,PRISMA,,https://platform.prisma-capacity.eu/,,Cross-Border Transmission IP within EU,0,False
1Physical Flowhour2022-01-05 03:00:00 +00:002022-01-05 04:00:00 +00:00BE-TSO-0001ITP-00542exitkWh/h,1,Physical Flow,hour,2022-01-05T04:00:00+01:00,2022-01-05T05:00:00+01:00,BE-TSO-0001,21X-BE-A-A0A0A-Y,Fluxys Belgium,ITP-00542,VIP Belgium - NCG,21Z000000000497Z,exit,kWh/h,,,7971558,2022-02-27T02:11:08+01:00,,Confirmed,,,,,True,,,True,PRISMA,,https://platform.prisma-capacity.eu/,,Cross-Border Transmission IP within EU,0,False
1Physical Flowhour2022-01-05 04:00:00 +00:002022-01-05 05:00:00 +00:00BE-TSO-0001ITP-00542exitkWh/h,1,Physical Flow,hour,2022-01-05T05:00:00+01:00,2022-01-05T06:00:00+01:00,BE-TSO-0001,21X-BE-A-A0A0A-Y,Fluxys Belgium,ITP-00542,VIP Belgium - NCG,21Z000000000497Z,exit,kWh/h,,,6380323,2022-02-27T02:11:08+01:00,,Confirmed,,,,,True,,,True,PRISMA,,https://platform.prisma-capacity.eu/,,Cross-Border Transmission IP within EU,0,False
1Physical Flowhour2022-01-05 05:00:00 +00:002022-01-05 06:00:00 +00:00BE-TSO-0001ITP-00542exitkWh/h,1,Physical Flow,hour,2022-01-05T06:00:00+01:00,2022-01-05T07:00:00+01:00,BE-TSO-0001,21X-BE-A-A0A0A-Y,Fluxys Belgium,ITP-00542,VIP Belgium - NCG,21Z000000000497Z,exit,kWh/h,,,5377982,2022-02-27T02:11:08+01:00,,Confirmed,,,,,True,,,True,PRISMA,,https://platform.prisma-capacity.eu/,,Cross-Border Transmission IP within EU,0,False
1Physical Flowhour2022-01-05 06:00:00 +00:002022-01-05 07:00:00 +00:00BE-TSO-0001ITP-00542exitkWh/h,1,Physical Flow,hour,2022-01-05T07:00:00+01:00,2022-01-05T08:00:00+01:00,BE-TSO-0001,21X-BE-A-A0A0A-Y,Fluxys Belgium,ITP-00542,VIP Belgium - NCG,21Z000000000497Z,exit,kWh/h,,,5369055,2022-02-27T02:11:08+01:00,,Confirmed,,,,,True,,,True,PRISMA,,https://platform.prisma-capacity.eu/,,Cross-Border Transmission IP within EU,0,False
1Physical Flowhour2022-01-05 07:00:00 +00:002022-01-05 08:00:00 +00:00BE-TSO-0001ITP-00542exitkWh/h,1,Physical Flow,hour,2022-01-05T08:00:00+01:00,2022-01-05T09:00:00+01:00,BE-TSO-0001,21X-BE-A-A0A0A-Y,Fluxys Belgium,ITP-00542,VIP Belgium - NCG,21Z000000000497Z,exit,kWh/h,,,5368013,2022-02-27T02:11:08+01:00,,Confirmed,,,,,True,,,True,PRISMA,,https://platform.prisma-capacity.eu/,,Cross-Border Transmission IP within EU,0,False
1Physical Flowhour2022-01-05 08:00:00 +00:002022-01-05 09:00:00 +00:00BE-TSO-0001ITP-00542exitkWh/h,1,Physical Flow,hour,2022-01-05T09:00:00+01:00,2022-01-05T10:00:00+01:00,BE-TSO-0001,21X-BE-A-A0A0A-Y,Fluxys Belgium,ITP-00542,VIP Belgium - NCG,21Z000000000497Z,exit,kWh/h,,,5367728,2022-02-27T02:11:08+01:00,,Confirmed,,,,,True,,,True,PRISMA,,https://platform.prisma-capacity.eu/,,Cross-Border Transmission IP within EU,0,False
1Physical Flowhour2022-01-05 09:00:00 +00:002022-01-05 10:00:00 +00:00BE-TSO-0001ITP-00542exitkWh/h,1,Physical Flow,hour,2022-01-05T10:00:00+01:00,2022-01-05T11:00:00+01:00,BE-TSO-0001,21X-BE-A-A0A0A-Y,Fluxys Belgium,ITP-00542,VIP Belgium - NCG,21Z000000000497Z,exit,kWh/h,,,5368251,2022-02-27T02:11:08+01:00,,Confirmed,,,,,True,,,True,PRISMA,,https://platform.prisma-capacity.eu/,,Cross-Border Transmission IP within EU,0,False
1Physical Flowhour2022-01-05 10:00:00 +00:002022-01-05 11:00:00 +00:00BE-TSO-0001ITP-00542exitkWh/h,1,Physical Flow,hour,2022-01-05T11:00:00+01:00,2022-01-05T12:00:00+01:00,BE-TSO-0001,21X-BE-A-A0A0A-Y,Fluxys Belgium,ITP-00542,VIP Belgium - NCG,21Z000000000497Z,exit,kWh/h,,,5368110,2022-02-27T02:11:08+01:00,,Confirmed,,,,,True,,,True,PRISMA,,https://platform.prisma-capacity.eu/,,Cross-Border Transmission IP within EU,0,False
1Physical Flowhour2022-01-05 11:00:00 +00:002022-01-05 12:00:00 +00:00BE-TSO-0001ITP-00542exitkWh/h,1,Physical Flow,hour,2022-01-05T12:00:00+01:00,2022-01-05T13:00:00+01:00,BE-TSO-0001,21X-BE-A-A0A0A-Y,Fluxys Belgium,ITP-00542,VIP Belgium - NCG,21Z000000000497Z,exit,kWh/h,,,5368511,2022-02-27T02:11:08+01:00,,Confirmed,,,,,True,,,True,PRISMA,,https://platform.prisma-capacity.eu/,,Cross-Border Transmission IP within EU,0,False
1Physical Flowhour2022-01-05 12:00:00 +00:002022-01-05 13:00:00 +00:00BE-TSO-0001ITP-00542exitkWh/h,1,Physical Flow,hour,2022-01-05T13:00:00+01:00,2022-01-05T14:00:00+01:00,BE-TSO-0001,21X-BE-A-A0A0A-Y,Fluxys Belgium,ITP-00542,VIP Belgium - NCG,21Z000000000497Z,exit,kWh/h,,,5368311,2022-02-27T02:11:08+01:00,,Confirmed,,,,,True,,,True,PRISMA,,https://platform.prisma-capacity.eu/,,Cross-Border Transmission IP within EU,0,False
1Physical Flowhour2022-01-05 13:00:00 +00:002022-01-05 14:00:00 +00:00BE-TSO-0001ITP-00542exitkWh/h,1,Physical Flow,hour,2022-01-05T14:00:00+01:00,2022-01-05T15:00:00+01:00,BE-TSO-0001,21X-BE-A-A0A0A-Y,Fluxys Belgium,ITP-00542,VIP Belgium - NCG,21Z000000000497Z,exit,kWh/h,,,5368889,2022-02-27T02:11:08+01:00,,Confirmed,,,,,True,,,True,PRISMA,,https://platform.prisma-capacity.eu/,,Cross-Border Transmission IP within EU,0,False
1Physical Flowhour2022-01-05 14:00:00 +00:002022-01-05 15:00:00 +00:00BE-TSO-0001ITP-00542exitkWh/h,1,Physical Flow,hour,2022-01-05T15:00:00+01:00,2022-01-05T16:00:00+01:00,BE-TSO-0001,21X-BE-A-A0A0A-Y,Fluxys Belgium,ITP-00542,VIP Belgium - NCG,21Z000000000497Z,exit,kWh/h,,,4883693,2022-02-27T02:11:08+01:00,,Confirmed,,,,,True,,,True,PRISMA,,https://platform.prisma-capacity.eu/,,Cross-Border Transmission IP within EU,0,False
1Physical Flowhour2022-01-05 15:00:00 +00:002022-01-05 16:00:00 +00:00BE-TSO-0001ITP-00542exitkWh/h,1,Physical Flow,hour,2022-01-05T16:00:00+01:00,2022-01-05T17:00:00+01:00,BE-TSO-0001,21X-BE-A-A0A0A-Y,Fluxys Belgium,ITP-00542,VIP Belgium - NCG,21Z000000000497Z,exit,kWh/h,,,4885897,2022-02-27T02:11:08+01:00,,Confirmed,,,,,True,,,True,PRISMA,,https://platform.prisma-capacity.eu/,,Cross-Border Transmission IP within EU,0,False
1Physical Flowhour2022-01-05 16:00:00 +00:002022-01-05 17:00:00 +00:00BE-TSO-0001ITP-00542exitkWh/h,1,Physical Flow,hour,2022-01-05T17:00:00+01:00,2022-01-05T18:00:00+01:00,BE-TSO-0001,21X-BE-A-A0A0A-Y,Fluxys Belgium,ITP-00542,VIP Belgium - NCG,21Z000000000497Z,exit,kWh/h,,,4884953,2022-02-27T02:11:08+01:00,,Confirmed,,,,,True,,,True,PRISMA,,https://platform.prisma-capacity.eu/,,Cross-Border Transmission IP within EU,0,False
1Physical Flowhour2022-01-05 17:00:00 +00:002022-01-05 18:00:00 +00:00BE-TSO-0001ITP-00542exitkWh/h,1,Physical Flow,hour,2022-01-05T18:00:00+01:00,2022-01-05T19:00:00+01:00,BE-TSO-0001,21X-BE-A-A0A0A-Y,Fluxys Belgium,ITP-00542,VIP Belgium - NCG,21Z000000000497Z,exit,kWh/h,,,4779956,2022-02-27T02:11:08+01:00,,Confirmed,,,,,True,,,True,PRISMA,,https://platform.prisma-capacity.eu/,,Cross-Border Transmission IP within EU,0,False
1Physical Flowhour2022-01-05 18:00:00 +00:002022-01-05 19:00:00 +00:00BE-TSO-0001ITP-00542exitkWh/h,1,Physical Flow,hour,2022-01-05T19:00:00+01:00,2022-01-05T20:00:00+01:00,BE-TSO-0001,21X-BE-A-A0A0A-Y,Fluxys Belgium,ITP-00542,VIP Belgium - NCG,21Z000000000497Z,exit,kWh/h,,,4390381,2022-02-27T02:11:08+01:00,,Confirmed,,,,,True,,,True,PRISMA,,https://platform.prisma-capacity.eu/,,Cross-Border Transmission IP within EU,0,False
1Physical Flowhour2022-01-05 19:00:00 +00:002022-01-05 20:00:00 +00:00BE-TSO-0001ITP-00542exitkWh/h,1,Physical Flow,hour,2022-01-05T20:00:00+01:00,2022-01-05T21:00:00+01:00,BE-TSO-0001,21X-BE-A-A0A0A-Y,Fluxys Belgium,ITP-00542,VIP Belgium - NCG,21Z000000000497Z,exit,kWh/h,,,4392368,2022-02-27T02:11:08+01:00,,Confirmed,,,,,True,,,True,PRISMA,,https://platform.prisma-capacity.eu/,,Cross-Border Transmission IP within EU,0,False
1Physical Flowhour2022-01-05 20:00:00 +00:002022-01-05 21:00:00 +00:00BE-TSO-0001ITP-00542exitkWh/h,1,Physical Flow,hour,2022-01-05T21:00:00+01:00,2022-01-05T22:00:00+01:00,BE-TSO-0001,21X-BE-A-A0A0A-Y,Fluxys Belgium,ITP-00542,VIP Belgium - NCG,21Z000000000497Z,exit,kWh/h,,,4391793,2022-02-27T02:11:08+01:00,,Confirmed,,,,,True,,,True,PRISMA,,https://platform.prisma-capacity.eu/,,Cross-Border Transmission IP within EU,0,False
1Physical Flowhour2022-01-05 21:00:00 +00:002022-01-05 22:00:00 +00:00BE-TSO-0001ITP-00542exitkWh/h,1,Physical Flow,hour,2022-01-05T22:00:00+01:00,2022-01-05T23:00:00+01:00,BE-TSO-0001,21X-BE-A-A0A0A-Y,Fluxys Belgium,ITP-00542,VIP Belgium - NCG,21Z000000000497Z,exit,kWh/h,,,4391758,2022-02-27T02:11:08+01:00,,Confirmed,,,,,True,,,True,PRISMA,,https://platform.prisma-capacity.eu/,,Cross-Border Transmission IP within EU,0,False
1Physical Flowhour2022-01-05 22:00:00 +00:002022-01-05 23:00:00 +00:00BE-TSO-0001ITP-00542exitkWh/h,1,Physical Flow,hour,2022-01-05T23:00:00+01:00,2022-01-06T00:00:00+01:00,BE-TSO-0001,21X-BE-A-A0A0A-Y,Fluxys Belgium,ITP-00542,VIP Belgium - NCG,21Z000000000497Z,exit,kWh/h,,,4374968,2022-02-27T02:11:08+01:00,,Confirmed,,,,,True,,,True,PRISMA,,https://platform.prisma-capacity.eu/,,Cross-Border Transmission IP within EU,0,False
1Physical Flowhour2022-01-05 23:00:00 +00:002022-01-06 00:00:00 +00:00BE-TSO-0001ITP-00542exitkWh/h,1,Physical Flow,hour,2022-01-06T00:00:00+01:00,2022-01-06T01:00:00+01:00,BE-TSO-0001,21X-BE-A-A0A0A-Y,Fluxys Belgium,ITP-00542,VIP Belgium - NCG,21Z000000000497Z,exit,kWh/h,,,4421753,2022-02-27T02:11:08+01:00,,Confirmed,,,,,True,,,True,PRISMA,,https://platform.prisma-capacity.eu/,,Cross-Border Transmission IP within EU,0,False
1Physical Flowhour2022-01-06 00:00:00 +00:002022-01-06 01:00:00 +00:00BE-TSO-0001ITP-00542exitkWh/h,1,Physical Flow,hour,2022-01-06T01:00:00+01:00,2022-01-06T02:00:00+01:00,BE-TSO-0001,21X-BE-A-A0A0A-Y,Fluxys Belgium,ITP-00542,VIP Belgium - NCG,21Z000000000497Z,exit,kWh/h,,,4612397,2022-02-27T02:11:08+01:00,,Confirmed,,,,,True,,,True,PRISMA,,https://platform.prisma-capacity.eu/,,Cross-Border Transmission IP within EU,0,False
1Physical Flowhour2022-01-06 01:00:00 +00:002022-01-06 02:00:00 +00:00BE-TSO-0001ITP-00542exitkWh/h,1,Physical Flow,hour,2022-01-06T02:00:00+01:00,2022-01-06T03:00:00+01:00,BE-TSO-0001,21X-BE-A-A0A0A-Y,Fluxys Belgium,ITP-00542,VIP Belgium - NCG,21Z000000000497Z,exit,kWh/h,,,4712876,2022-02-27T02:11:08+01:00,,Confirmed,,,,,True,,,True,PRISMA,,https://platform.prisma-capacity.eu/,,Cross-Border Transmission IP within EU,0,False
1Physical Flowhour2022-01-06 02:00:00 +00:002022-01-06 03:00:00 +00:00BE-TSO-0001ITP-00542exitkWh/h,1,Physical Flow,hour,2022-01-06T03:00:00+01:00,2022-01-06T04:00:00+01:00,BE-TSO-0001,21X-BE-A-A0A0A-Y,Fluxys Belgium,ITP-00542,VIP Belgium - NCG,21Z000000000497Z,exit,kWh/h,,,4922446,2022-02-27T02:11:08+01:00,,Confirmed,,,,,True,,,True,PRISMA,,https://platform.prisma-capacity.eu/,,Cross-Border Transmission IP within EU,0,False
1Physical Flowhour2022-01-06 03:00:00 +00:002022-01-06 04:00:00 +00:00BE-TSO-0001ITP-00542exitkWh/h,1,Physical Flow,hour,2022-01-06T04:00:00+01:00,2022-01-06T05:00:00+01:00,BE-TSO-0001,21X-BE-A-A0A0A-Y,Fluxys Belgium,ITP-00542,VIP Belgium - NCG,21Z000000000497Z,exit,kWh/h,,,4920134,2022-02-27T02:11:08+01:00,,Confirmed,,,,,True,,,True,PRISMA,,https://platform.prisma-capacity.eu/,,Cross-Border Transmission IP within EU,0,False
1Physical Flowhour2022-01-06 04:00:00 +00:002022-01-06 05:00:00 +00:00BE-TSO-0001ITP-00542exitkWh/h,1,Physical Flow,hour,2022-01-06T05:00:00+01:00,2022-01-06T06:00:00+01:00,BE-TSO-0001,21X-BE-A-A0A0A-Y,Fluxys Belgium,ITP-00542,VIP Belgium - NCG,21Z000000000497Z,exit,kWh/h,,,4953318,2022-02-27T02:11:08+01:00,,Confirmed,,,,,True,,,True,PRISMA,,https://platform.prisma-capacity.eu/,,Cross-Border Transmission IP within EU,0,False
1Physical Flowhour2022-01-06 05:00:00 +00:002022-01-06 06:00:00 +00:00BE-TSO-0001ITP-00542exitkWh/h,1,Physical Flow,hour,2022-01-06T06:00:00+01:00,2022-01-06T07:00:00+01:00,BE-TSO-0001,21X-BE-A-A0A0A-Y,Fluxys Belgium,ITP-00542,VIP Belgium - NCG,21Z000000000497Z,exit,kWh/h,,,7565405,2022-02-27T02:11:08+01:00,,Confirmed,,,,,True,,,True,PRISMA,,https://platform.prisma-capacity.eu/,,Cross-Border Transmission IP within EU,0,False
1Physical Flowhour2022-01-06 06:00:00 +00:002022-01-06 07:00:00 +00:00BE-TSO-0001ITP-00542exitkWh/h,1,Physical Flow,hour,2022-01-06T07:00:00+01:00,2022-01-06T08:00:00+01:00,BE-TSO-0001,21X-BE-A-A0A0A-Y,Fluxys Belgium,ITP-00542,VIP Belgium - NCG,21Z000000000497Z,exit,kWh/h,,,7557242,2022-02-27T02:11:08+01:00,,Confirmed,,,,,True,,,True,PRISMA,,https://platform.prisma-capacity.eu/,,Cross-Border Transmission IP within EU,0,False
1Physical Flowhour2022-01-06 07:00:00 +00:002022-01-06 08:00:00 +00:00BE-TSO-0001ITP-00542exitkWh/h,1,Physical Flow,hour,2022-01-06T08:00:00+01:00,2022-01-06T09:00:00+01:00,BE-TSO-0001,21X-BE-A-A0A0A-Y,Fluxys Belgium,ITP-00542,VIP Belgium - NCG,21Z000000000497Z,exit,kWh/h,,,7582428,2022-02-27T02:11:08+01:00,,Confirmed,,,,,True,,,True,PRISMA,,https://platform.prisma-capacity.eu/,,Cross-Border Transmission IP within EU,0,False
1Physical Flowhour2022-01-06 08:00:00 +00:002022-01-06 09:00:00 +00:00BE-TSO-0001ITP-00542exitkWh/h,1,Physical Flow,hour,2022-01-06T09:00:00+01:00,2022-01-06T10:00:00+01:00,BE-TSO-0001,21X-BE-A-A0A0A-Y,Fluxys Belgium,ITP-00542,VIP Belgium - NCG,21Z000000000497Z,exit,kWh/h,,,7592794,2022-02-27T02:11:08+01:00,,Confirmed,,,,,True,,,True,PRISMA,,https://platform.prisma-capacity.eu/,,Cross-Border Transmission IP within EU,0,False
1Physical Flowhour2022-01-06 09:00:00 +00:002022-01-06 10:00:00 +00:00BE-TSO-0001ITP-00542exitkWh/h,1,Physical Flow,hour,2022-01-06T10:00:00+01:00,2022-01-06T11:00:00+01:00,BE-TSO-0001,21X-BE-A-A0A0A-Y,Fluxys Belgium,ITP-00542,VIP Belgium - NCG,21Z000000000497Z,exit,kWh/h,,,7592705,2022-02-27T02:11:08+01:00,,Confirmed,,,,,True,,,True,PRISMA,,https://platform.prisma-capacity.eu/,,Cross-Border Transmission IP within EU,0,False
1Physical Flowhour2022-01-06 10:00:00 +00:002022-01-06 11:00:00 +00:00BE-TSO-0001ITP-00542exitkWh/h,1,Physical Flow,hour,2022-01-06T11:00:00+01:00,2022-01-06T12:00:00+01:00,BE-TSO-0001,21X-BE-A-A0A0A-Y,Fluxys Belgium,ITP-00542,VIP Belgium - NCG,21Z000000000497Z,exit,kWh/h,,,7596222,2022-02-27T02:11:08+01:00,,Confirmed,,,,,True,,,True,PRISMA,,https://platform.prisma-capacity.eu/,,Cross-Border Transmission IP within EU,0,False
1Physical Flowhour2022-01-06 11:00:00 +00:002022-01-06 12:00:00 +00:00BE-TSO-0001ITP-00542exitkWh/h,1,Physical Flow,hour,2022-01-06T12:00:00+01:00,2022-01-06T13:00:00+01:00,BE-TSO-0001,21X-BE-A-A0A0A-Y,Fluxys Belgium,ITP-00542,VIP Belgium - NCG,21Z000000000497Z,exit,kWh/h,,,9601602,2022-02-27T02:11:08+01:00,,Confirmed,,,,,True,,,True,PRISMA,,https://platform.prisma-capacity.eu/,,Cross-Border Transmission IP within EU,0,False
1Physical Flowhour2022-01-06 12:00:00 +00:002022-01-06 13:00:00 +00:00BE-TSO-0001ITP-00542exitkWh/h,1,Physical Flow,hour,2022-01-06T13:00:00+01:00,2022-01-06T14:00:00+01:00,BE-TSO-0001,21X-BE-A-A0A0A-Y,Fluxys Belgium,ITP-00542,VIP Belgium - NCG,21Z000000000497Z,exit,kWh/h,,,9595421,2022-02-27T02:11:08+01:00,,Confirmed,,,,,True,,,True,PRISMA,,https://platform.prisma-capacity.eu/,,Cross-Border Transmission IP within EU,0,False
1Physical Flowhour2022-01-06 13:00:00 +00:002022-01-06 14:00:00 +00:00BE-TSO-0001ITP-00542exitkWh/h,1,Physical Flow,hour,2022-01-06T14:00:00+01:00,2022-01-06T15:00:00+01:00,BE-TSO-0001,21X-BE-A-A0A0A-Y,Fluxys Belgium,ITP-00542,VIP Belgium - NCG,21Z000000000497Z,exit,kWh/h,,,9627250,2022-02-27T02:11:08+01:00,,Confirmed,,,,,True,,,True,PRISMA,,https://platform.prisma-capacity.eu/,,Cross-Border Transmission IP within EU,0,False
1Physical Flowhour2022-01-06 14:00:00 +00:002022-01-06 15:00:00 +00:00BE-TSO-0001ITP-00542exitkWh/h,1,Physical Flow,hour,2022-01-06T15:00:00+01:00,2022-01-06T16:00:00+01:00,BE-TSO-0001,21X-BE-A-A0A0A-Y,Fluxys Belgium,ITP-00542,VIP Belgium - NCG,21Z000000000497Z,exit,kWh/h,,,9627659,2022-02-27T02:11:08+01:00,,Confirmed,,,,,True,,,True,PRISMA,,https://platform.prisma-capacity.eu/,,Cross-Border Transmission IP within EU,0,False
1Physical Flowhour2022-01-06 15:00:00 +00:002022-01-06 16:00:00 +00:00BE-TSO-0001ITP-00542exitkWh/h,1,Physical Flow,hour,2022-01-06T16:00:00+01:00,2022-01-06T17:00:00+01:00,BE-TSO-0001,21X-BE-A-A0A0A-Y,Fluxys Belgium,ITP-00542,VIP Belgium - NCG,21Z000000000497Z,exit,kWh/h,,,9622123,2022-02-27T02:11:08+01:00,,Confirmed,,,,,True,,,True,PRISMA,,https://platform.prisma-capacity.eu/,,Cross-Border Transmission IP within EU,0,False
1Physical Flowhour2022-01-06 16:00:00 +00:002022-01-06 17:00:00 +00:00BE-TSO-0001ITP-00542exitkWh/h,1,Physical Flow,hour,2022-01-06T17:00:00+01:00,2022-01-06T18:00:00+01:00,BE-TSO-0001,21X-BE-A-A0A0A-Y,Fluxys Belgium,ITP-00542,VIP Belgium - NCG,21Z000000000497Z,exit,kWh/h,,,9621384,2022-02-27T02:11:08+01:00,,Confirmed,,,,,True,,,True,PRISMA,,https://platform.prisma-capacity.eu/,,Cross-Border Transmission IP within EU,0,False
1Physical Flowhour2022-01-06 17:00:00 +00:002022-01-06 18:00:00 +00:00BE-TSO-0001ITP-00542exitkWh/h,1,Physical Flow,hour,2022-01-06T18:00:00+01:00,2022-01-06T19:00:00+01:00,BE-TSO-0001,21X-BE-A-A0A0A-Y,Fluxys Belgium,ITP-00542,VIP Belgium - NCG,21Z000000000497Z,exit,kWh/h,,,9632563,2022-02-27T02:11:08+01:00,,Confirmed,,,,,True,,,True,PRISMA,,https://platform.prisma-capacity.eu/,,Cross-Border Transmission IP within EU,0,False
1Physical Flowhour2022-01-06 18:00:00 +00:002022-01-06 19:00:00 +00:00BE-TSO-0001ITP-00542exitkWh/h,1,Physical Flow,hour,2022-01-06T19:00:00+01:00,2022-01-06T20:00:00+01:00,BE-TSO-0001,21X-BE-A-A0A0A-Y,Fluxys Belgium,ITP-00542,VIP Belgium - NCG,21Z000000000497Z,exit,kWh/h,,,9621581,2022-02-27T02:11:08+01:00,,Confirmed,,,,,True,,,True,PRISMA,,https://platform.prisma-capacity.eu/,,Cross-Border Transmission IP within EU,0,False
1Physical Flowhour2022-01-06 19:00:00 +00:002022-01-06 20:00:00 +00:00BE-TSO-0001ITP-00542exitkWh/h,1,Physical Flow,hour,2022-01-06T20:00:00+01:00,2022-01-06T21:00:00+01:00,BE-TSO-0001,21X-BE-A-A0A0A-Y,Fluxys Belgium,ITP-00542,VIP Belgium - NCG,21Z000000000497Z,exit,kWh/h,,,9622104,2022-02-27T02:11:08+01:00,,Confirmed,,,,,True,,,True,PRISMA,,https://platform.prisma-capacity.eu/,,Cross-Border Transmission IP within EU,0,False
1Physical Flowhour2022-01-06 20:00:00 +00:002022-01-06 21:00:00 +00:00BE-TSO-0001ITP-00542exitkWh/h,1,Physical Flow,hour,2022-01-06T21:00:00+01:00,2022-01-06T22:00:00+01:00,BE-TSO-0001,21X-BE-A-A0A0A-Y,Fluxys Belgium,ITP-00542,VIP Belgium - NCG,21Z000000000497Z,exit,kWh/h,,,9725764,2022-02-27T02:11:08+01:00,,Confirmed,,,,,True,,,True,PRISMA,,https://platform.prisma-capacity.eu/,,Cross-Border Transmission IP within EU,0,False
1Physical Flowhour2022-01-06 21:00:00 +00:002022-01-06 22:00:00 +00:00BE-TSO-0001ITP-00542exitkWh/h,1,Physical Flow,hour,2022-01-06T22:00:00+01:00,2022-01-06T23:00:00+01:00,BE-TSO-0001,21X-BE-A-A0A0A-Y,Fluxys Belgium,ITP-00542,VIP Belgium - NCG,21Z000000000497Z,exit,kWh/h,,,9723175,2022-02-27T02:11:08+01:00,,Confirmed,,,,,True,,,True,PRISMA,,https://platform.prisma-capacity.eu/,,Cross-Border Transmission IP within EU,0,False
1Physical Flowhour2022-01-06 22:00:00 +00:002022-01-06 23:00:00 +00:00BE-TSO-0001ITP-00542exitkWh/h,1,Physical Flow,hour,2022-01-06T23:00:00+01:00,2022-01-07T00:00:00+01:00,BE-TSO-0001,21X-BE-A-A0A0A-Y,Fluxys Belgium,ITP-00542,VIP Belgium - NCG,21Z000000000497Z,exit,kWh/h,,,9723408,2022-02-27T02:11:08+01:00,,Confirmed,,,,,True,,,True,PRISMA,,https://platform.prisma-capacity.eu/,,Cross-Border Transmission IP within EU,0,False
1Physical Flowhour2022-01-06 23:00:00 +00:002022-01-07 00:00:00 +00:00BE-TSO-0001ITP-00542exitkWh/h,1,Physical Flow,hour,2022-01-07T00:00:00+01:00,2022-01-07T01:00:00+01:00,BE-TSO-0001,21X-BE-A-A0A0A-Y,Fluxys Belgium,ITP-00542,VIP Belgium - NCG,21Z000000000497Z,exit,kWh/h,,,10124262,2022-02-27T02:11:08+01:00,,Confirmed,,,,,True,,,True,PRISMA,,https://platform.prisma-capacity.eu/,,Cross-Border Transmission IP within EU,0,False
1Physical Flowhour2022-01-07 00:00:00 +00:002022-01-07 01:00:00 +00:00BE-TSO-0001ITP-00542exitkWh/h,1,Physical Flow,hour,2022-01-07T01:00:00+01:00,2022-01-07T02:00:00+01:00,BE-TSO-0001,21X-BE-A-A0A0A-Y,Fluxys Belgium,ITP-00542,VIP Belgium - NCG,21Z000000000497Z,exit,kWh/h,,,10240720,2022-02-27T02:11:08+01:00,,Confirmed,,,,,True,,,True,PRISMA,,https://platform.prisma-capacity.eu/,,Cross-Border Transmission IP within EU,0,False
1Physical Flowhour2022-01-07 01:00:00 +00:002022-01-07 02:00:00 +00:00BE-TSO-0001ITP-00542exitkWh/h,1,Physical Flow,hour,2022-01-07T02:00:00+01:00,2022-01-07T03:00:00+01:00,BE-TSO-0001,21X-BE-A-A0A0A-Y,Fluxys Belgium,ITP-00542,VIP Belgium - NCG,21Z000000000497Z,exit,kWh/h,,,10192077,2022-02-27T02:11:08+01:00,,Confirmed,,,,,True,,,True,PRISMA,,https://platform.prisma-capacity.eu/,,Cross-Border Transmission IP within EU,0,False
1Physical Flowhour2022-01-07 02:00:00 +00:002022-01-07 03:00:00 +00:00BE-TSO-0001ITP-00542exitkWh/h,1,Physical Flow,hour,2022-01-07T03:00:00+01:00,2022-01-07T04:00:00+01:00,BE-TSO-0001,21X-BE-A-A0A0A-Y,Fluxys Belgium,ITP-00542,VIP Belgium - NCG,21Z000000000497Z,exit,kWh/h,,,8241945,2022-02-27T02:11:08+01:00,,Confirmed,,,,,True,,,True,PRISMA,,https://platform.prisma-capacity.eu/,,Cross-Border Transmission IP within EU,0,False
1Physical Flowhour2022-01-07 03:00:00 +00:002022-01-07 04:00:00 +00:00BE-TSO-0001ITP-00542exitkWh/h,1,Physical Flow,hour,2022-01-07T04:00:00+01:00,2022-01-07T05:00:00+01:00,BE-TSO-0001,21X-BE-A-A0A0A-Y,Fluxys Belgium,ITP-00542,VIP Belgium - NCG,21Z000000000497Z,exit,kWh/h,,,8266852,2022-02-27T02:11:08+01:00,,Confirmed,,,,,True,,,True,PRISMA,,https://platform.prisma-capacity.eu/,,Cross-Border Transmission IP within EU,0,False
1Physical Flowhour2022-01-07 04:00:00 +00:002022-01-07 05:00:00 +00:00BE-TSO-0001ITP-00542exitkWh/h,1,Physical Flow,hour,2022-01-07T05:00:00+01:00,2022-01-07T06:00:00+01:00,BE-TSO-0001,21X-BE-A-A0A0A-Y,Fluxys Belgium,ITP-00542,VIP Belgium - NCG,21Z000000000497Z,exit,kWh/h,,,8250728,2022-02-27T02:11:08+01:00,,Confirmed,,,,,True,,,True,PRISMA,,https://platform.prisma-capacity.eu/,,Cross-Border Transmission IP within EU,0,False
1Physical Flowhour2022-01-07 05:00:00 +00:002022-01-07 06:00:00 +00:00BE-TSO-0001ITP-00542exitkWh/h,1,Physical Flow,hour,2022-01-07T06:00:00+01:00,2022-01-07T07:00:00+01:00,BE-TSO-0001,21X-BE-A-A0A0A-Y,Fluxys Belgium,ITP-00542,VIP Belgium - NCG,21Z000000000497Z,exit,kWh/h,,,7072590,2022-02-27T02:11:08+01:00,,Confirmed,,,,,True,,,True,PRISMA,,https://platform.prisma-capacity.eu/,,Cross-Border Transmission IP within EU,0,False
1Physical Flowhour2022-01-07 06:00:00 +00:002022-01-07 07:00:00 +00:00BE-TSO-0001ITP-00542exitkWh/h,1,Physical Flow,hour,2022-01-07T07:00:00+01:00,2022-01-07T08:00:00+01:00,BE-TSO-0001,21X-BE-A-A0A0A-Y,Fluxys Belgium,ITP-00542,VIP Belgium - NCG,21Z000000000497Z,exit,kWh/h,,,7454127,2022-02-27T02:11:08+01:00,,Confirmed,,,,,True,,,True,PRISMA,,https://platform.prisma-capacity.eu/,,Cross-Border Transmission IP within EU,0,False
1Physical Flowhour2022-01-07 07:00:00 +00:002022-01-07 08:00:00 +00:00BE-TSO-0001ITP-00542exitkWh/h,1,Physical Flow,hour,2022-01-07T08:00:00+01:00,2022-01-07T09:00:00+01:00,BE-TSO-0001,21X-BE-A-A0A0A-Y,Fluxys Belgium,ITP-00542,VIP Belgium - NCG,21Z000000000497Z,exit,kWh/h,,,7594722,2022-02-27T02:11:08+01:00,,Confirmed,,,,,True,,,True,PRISMA,,https://platform.prisma-capacity.eu/,,Cross-Border Transmission IP within EU,0,False
1Physical Flowhour2022-01-07 08:00:00 +00:002022-01-07 09:00:00 +00:00BE-TSO-0001ITP-00542exitkWh/h,1,Physical Flow,hour,2022-01-07T09:00:00+01:00,2022-01-07T10:00:00+01:00,BE-TSO-0001,21X-BE-A-A0A0A-Y,Fluxys Belgium,ITP-00542,VIP Belgium - NCG,21Z000000000497Z,exit,kWh/h,,,7609515,2022-02-27T02:11:08+01:00,,Confirmed,,,,,True,,,True,PRISMA,,https://platform.prisma-capacity.eu/,,Cross-Border Transmission IP within EU,0,False
1Physical Flowhour2022-01-07 09:00:00 +00:002022-01-07 10:00:00 +00:00BE-TSO-0001ITP-00542exitkWh/h,1,Physical Flow,hour,2022-01-07T10:00:00+01:00,2022-01-07T11:00:00+01:00,BE-TSO-0001,21X-BE-A-A0A0A-Y,Fluxys Belgium,ITP-00542,VIP Belgium - NCG,21Z000000000497Z,exit,kWh/h,,,7897583,2022-02-27T02:11:08+01:00,,Confirmed,,,,,True,,,True,PRISMA,,https://platform.prisma-capacity.eu/,,Cross-Border Transmission IP within EU,0,False
1Physical Flowhour2022-01-07 10:00:00 +00:002022-01-07 11:00:00 +00:00BE-TSO-0001ITP-00542exitkWh/h,1,Physical Flow,hour,2022-01-07T11:00:00+01:00,2022-01-07T12:00:00+01:00,BE-TSO-0001,21X-BE-A-A0A0A-Y,Fluxys Belgium,ITP-00542,VIP Belgium - NCG,21Z000000000497Z,exit,kWh/h,,,7589984,2022-02-27T02:11:08+01:00,,Confirmed,,,,,True,,,True,PRISMA,,https://platform.prisma-capacity.eu/,,Cross-Border Transmission IP within EU,0,False
1Physical Flowhour2022-01-07 11:00:00 +00:002022-01-07 12:00:00 +00:00BE-TSO-0001ITP-00542exitkWh/h,1,Physical Flow,hour,2022-01-07T12:00:00+01:00,2022-01-07T13:00:00+01:00,BE-TSO-0001,21X-BE-A-A0A0A-Y,Fluxys Belgium,ITP-00542,VIP Belgium - NCG,21Z000000000497Z,exit,kWh/h,,,7580851,2022-02-27T02:11:08+01:00,,Confirmed,,,,,True,,,True,PRISMA,,https://platform.prisma-capacity.eu/,,Cross-Border Transmission IP within EU,0,False
1Physical Flowhour2022-01-07 12:00:00 +00:002022-01-07 13:00:00 +00:00BE-TSO-0001ITP-00542exitkWh/h,1,Physical Flow,hour,2022-01-07T13:00:00+01:00,2022-01-07T14:00:00+01:00,BE-TSO-0001,21X-BE-A-A0A0A-Y,Fluxys Belgium,ITP-00542,VIP Belgium - NCG,21Z000000000497Z,exit,kWh/h,,,7579648,2022-02-27T02:11:08+01:00,,Confirmed,,,,,True,,,True,PRISMA,,https://platform.prisma-capacity.eu/,,Cross-Border Transmission IP within EU,0,False
1Physical Flowhour2022-01-07 13:00:00 +00:002022-01-07 14:00:00 +00:00BE-TSO-0001ITP-00542exitkWh/h,1,Physical Flow,hour,2022-01-07T14:00:00+01:00,2022-01-07T15:00:00+01:00,BE-TSO-0001,21X-BE-A-A0A0A-Y,Fluxys Belgium,ITP-00542,VIP Belgium - NCG,21Z000000000497Z,exit,kWh/h,,,7581342,2022-02-27T02:11:08+01:00,,Confirmed,,,,,True,,,True,PRISMA,,https://platform.prisma-capacity.eu/,,Cross-Border Transmission IP within EU,0,False
1Physical Flowhour2022-01-07 14:00:00 +00:002022-01-07 15:00:00 +00:00BE-TSO-0001ITP-00542exitkWh/h,1,Physical Flow,hour,2022-01-07T15:00:00+01:00,2022-01-07T16:00:00+01:00,BE-TSO-0001,21X-BE-A-A0A0A-Y,Fluxys Belgium,ITP-00542,VIP Belgium - NCG,21Z000000000497Z,exit,kWh/h,,,7721540,2022-02-27T02:11:08+01:00,,Confirmed,,,,,True,,,True,PRISMA,,https://platform.prisma-capacity.eu/,,Cross-Border Transmission IP within EU,0,False
1Physical Flowhour2022-01-07 15:00:00 +00:002022-01-07 16:00:00 +00:00BE-TSO-0001ITP-00542exitkWh/h,1,Physical Flow,hour,2022-01-07T16:00:00+01:00,2022-01-07T17:00:00+01:00,BE-TSO-0001,21X-BE-A-A0A0A-Y,Fluxys Belgium,ITP-00542,VIP Belgium - NCG,21Z000000000497Z,exit,kWh/h,,,5960719,2022-02-27T02:11:08+01:00,,Confirmed,,,,,True,,,True,PRISMA,,https://platform.prisma-capacity.eu/,,Cross-Border Transmission IP within EU,0,False
1Physical Flowhour2022-01-07 16:00:00 +00:002022-01-07 17:00:00 +00:00BE-TSO-0001ITP-00542exitkWh/h,1,Physical Flow,hour,2022-01-07T17:00:00+01:00,2022-01-07T18:00:00+01:00,BE-TSO-0001,21X-BE-A-A0A0A-Y,Fluxys Belgium,ITP-00542,VIP Belgium - NCG,21Z000000000497Z,exit,kWh/h,,,5970033,2022-02-27T02:11:08+01:00,,Confirmed,,,,,True,,,True,PRISMA,,https://platform.prisma-capacity.eu/,,Cross-Border Transmission IP within EU,0,False
1Physical Flowhour2022-01-07 17:00:00 +00:002022-01-07 18:00:00 +00:00BE-TSO-0001ITP-00542exitkWh/h,1,Physical Flow,hour,2022-01-07T18:00:00+01:00,2022-01-07T19:00:00+01:00,BE-TSO-0001,21X-BE-A-A0A0A-Y,Fluxys Belgium,ITP-00542,VIP Belgium - NCG,21Z000000000497Z,exit,kWh/h,,,5968920,2022-02-27T02:11:08+01:00,,Confirmed,,,,,True,,,True,PRISMA,,https://platform.prisma-capacity.eu/,,Cross-Border Transmission IP within EU,0,False
1Physical Flowhour2022-01-07 18:00:00 +00:002022-01-07 19:00:00 +00:00BE-TSO-0001ITP-00542exitkWh/h,1,Physical Flow,hour,2022-01-07T19:00:00+01:00,2022-01-07T20:00:00+01:00,BE-TSO-0001,21X-BE-A-A0A0A-Y,Fluxys Belgium,ITP-00542,VIP Belgium - NCG,21Z000000000497Z,exit,kWh/h,,,5848489,2022-02-27T02:11:08+01:00,,Confirmed,,,,,True,,,True,PRISMA,,https://platform.prisma-capacity.eu/,,Cross-Border Transmission IP within EU,0,False
1Physical Flowhour2022-01-07 19:00:00 +00:002022-01-07 20:00:00 +00:00BE-TSO-0001ITP-00542exitkWh/h,1,Physical Flow,hour,2022-01-07T20:00:00+01:00,2022-01-07T21:00:00+01:00,BE-TSO-0001,21X-BE-A-A0A0A-Y,Fluxys Belgium,ITP-00542,VIP Belgium - NCG,21Z000000000497Z,exit,kWh/h,,,5849049,2022-02-27T02:11:08+01:00,,Confirmed,,,,,True,,,True,PRISMA,,https://platform.prisma-capacity.eu/,,Cross-Border Transmission IP within EU,0,False
1Physical Flowhour2022-01-07 20:00:00 +00:002022-01-07 21:00:00 +00:00BE-TSO-0001ITP-00542exitkWh/h,1,Physical Flow,hour,2022-01-07T21:00:00+01:00,2022-01-07T22:00:00+01:00,BE-TSO-0001,21X-BE-A-A0A0A-Y,Fluxys Belgium,ITP-00542,VIP Belgium - NCG,21Z000000000497Z,exit,kWh/h,,,6083854,2022-02-27T02:11:08+01:00,,Confirmed,,,,,True,,,True,PRISMA,,https://platform.prisma-capacity.eu/,,Cross-Border Transmission IP within EU,0,False
1Physical Flowhour2022-01-07 21:00:00 +00:002022-01-07 22:00:00 +00:00BE-TSO-0001ITP-00542exitkWh/h,1,Physical Flow,hour,2022-01-07T22:00:00+01:00,2022-01-07T23:00:00+01:00,BE-TSO-0001,21X-BE-A-A0A0A-Y,Fluxys Belgium,ITP-00542,VIP Belgium - NCG,21Z000000000497Z,exit,kWh/h,,,8452290,2022-02-27T02:11:08+01:00,,Confirmed,,,,,True,,,True,PRISMA,,https://platform.prisma-capacity.eu/,,Cross-Border Transmission IP within EU,0,False
1Physical Flowhour2022-01-07 22:00:00 +00:002022-01-07 23:00:00 +00:00BE-TSO-0001ITP-00542exitkWh/h,1,Physical Flow,hour,2022-01-07T23:00:00+01:00,2022-01-08T00:00:00+01:00,BE-TSO-0001,21X-BE-A-A0A0A-Y,Fluxys Belgium,ITP-00542,VIP Belgium - NCG,21Z000000000497Z,exit,kWh/h,,,8141092,2022-02-27T02:11:08+01:00,,Confirmed,,,,,True,,,True,PRISMA,,https://platform.prisma-capacity.eu/,,Cross-Border Transmission IP within EU,0,False
1Physical Flowhour2022-01-07 23:00:00 +00:002022-01-08 00:00:00 +00:00BE-TSO-0001ITP-00542exitkWh/h,1,Physical Flow,hour,2022-01-08T00:00:00+01:00,2022-01-08T01:00:00+01:00,BE-TSO-0001,21X-BE-A-A0A0A-Y,Fluxys Belgium,ITP-00542,VIP Belgium - NCG,21Z000000000497Z,exit,kWh/h,,,7755833,2022-02-27T02:11:08+01:00,,Confirmed,,,,,True,,,True,PRISMA,,https://platform.prisma-capacity.eu/,,Cross-Border Transmission IP within EU,0,False
1Physical Flowhour2022-01-08 00:00:00 +00:002022-01-08 01:00:00 +00:00BE-TSO-0001ITP-00542exitkWh/h,1,Physical Flow,hour,2022-01-08T01:00:00+01:00,2022-01-08T02:00:00+01:00,BE-TSO-0001,21X-BE-A-A0A0A-Y,Fluxys Belgium,ITP-00542,VIP Belgium - NCG,21Z000000000497Z,exit,kWh/h,,,7452213,2022-02-27T02:11:08+01:00,,Confirmed,,,,,True,,,True,PRISMA,,https://platform.prisma-capacity.eu/,,Cross-Border Transmission IP within EU,0,False
1Physical Flowhour2022-01-08 01:00:00 +00:002022-01-08 02:00:00 +00:00BE-TSO-0001ITP-00542exitkWh/h,1,Physical Flow,hour,2022-01-08T02:00:00+01:00,2022-01-08T03:00:00+01:00,BE-TSO-0001,21X-BE-A-A0A0A-Y,Fluxys Belgium,ITP-00542,VIP Belgium - NCG,21Z000000000497Z,exit,kWh/h,,,7460494,2022-02-27T02:11:08+01:00,,Confirmed,,,,,True,,,True,PRISMA,,https://platform.prisma-capacity.eu/,,Cross-Border Transmission IP within EU,0,False
1Physical Flowhour2022-01-08 02:00:00 +00:002022-01-08 03:00:00 +00:00BE-TSO-0001ITP-00542exitkWh/h,1,Physical Flow,hour,2022-01-08T03:00:00+01:00,2022-01-08T04:00:00+01:00,BE-TSO-0001,21X-BE-A-A0A0A-Y,Fluxys Belgium,ITP-00542,VIP Belgium - NCG,21Z000000000497Z,exit,kWh/h,,,7409376,2022-02-27T02:11:08+01:00,,Confirmed,,,,,True,,,True,PRISMA,,https://platform.prisma-capacity.eu/,,Cross-Border Transmission IP within EU,0,False
1Physical Flowhour2022-01-08 03:00:00 +00:002022-01-08 04:00:00 +00:00BE-TSO-0001ITP-00542exitkWh/h,1,Physical Flow,hour,2022-01-08T04:00:00+01:00,2022-01-08T05:00:00+01:00,BE-TSO-0001,21X-BE-A-A0A0A-Y,Fluxys Belgium,ITP-00542,VIP Belgium - NCG,21Z000000000497Z,exit,kWh/h,,,7291258,2022-02-27T02:11:08+01:00,,Confirmed,,,,,True,,,True,PRISMA,,https://platform.prisma-capacity.eu/,,Cross-Border Transmission IP within EU,0,False
1Physical Flowhour2022-01-08 04:00:00 +00:002022-01-08 05:00:00 +00:00BE-TSO-0001ITP-00542exitkWh/h,1,Physical Flow,hour,2022-01-08T05:00:00+01:00,2022-01-08T06:00:00+01:00,BE-TSO-0001,21X-BE-A-A0A0A-Y,Fluxys Belgium,ITP-00542,VIP Belgium - NCG,21Z000000000497Z,exit,kWh/h,,,7087449,2022-02-27T02:11:08+01:00,,Confirmed,,,,,True,,,True,PRISMA,,https://platform.prisma-capacity.eu/,,Cross-Border Transmission IP within EU,0,False
1Physical Flowhour2022-01-08 05:00:00 +00:002022-01-08 06:00:00 +00:00BE-TSO-0001ITP-00542exitkWh/h,1,Physical Flow,hour,2022-01-08T06:00:00+01:00,2022-01-08T07:00:00+01:00,BE-TSO-0001,21X-BE-A-A0A0A-Y,Fluxys Belgium,ITP-00542,VIP Belgium - NCG,21Z000000000497Z,exit,kWh/h,,,9918042,2022-02-27T02:11:08+01:00,,Confirmed,,,,,True,,,True,PRISMA,,https://platform.prisma-capacity.eu/,,Cross-Border Transmission IP within EU,0,False
1Physical Flowhour2022-01-08 06:00:00 +00:002022-01-08 07:00:00 +00:00BE-TSO-0001ITP-00542exitkWh/h,1,Physical Flow,hour,2022-01-08T07:00:00+01:00,2022-01-08T08:00:00+01:00,BE-TSO-0001,21X-BE-A-A0A0A-Y,Fluxys Belgium,ITP-00542,VIP Belgium - NCG,21Z000000000497Z,exit,kWh/h,,,10116837,2022-02-27T02:11:08+01:00,,Confirmed,,,,,True,,,True,PRISMA,,https://platform.prisma-capacity.eu/,,Cross-Border Transmission IP within EU,0,False
1Physical Flowhour2022-01-08 07:00:00 +00:002022-01-08 08:00:00 +00:00BE-TSO-0001ITP-00542exitkWh/h,1,Physical Flow,hour,2022-01-08T08:00:00+01:00,2022-01-08T09:00:00+01:00,BE-TSO-0001,21X-BE-A-A0A0A-Y,Fluxys Belgium,ITP-00542,VIP Belgium - NCG,21Z000000000497Z,exit,kWh/h,,,9953728,2022-02-27T02:11:08+01:00,,Confirmed,,,,,True,,,True,PRISMA,,https://platform.prisma-capacity.eu/,,Cross-Border Transmission IP within EU,0,False
1Physical Flowhour2022-01-08 08:00:00 +00:002022-01-08 09:00:00 +00:00BE-TSO-0001ITP-00542exitkWh/h,1,Physical Flow,hour,2022-01-08T09:00:00+01:00,2022-01-08T10:00:00+01:00,BE-TSO-0001,21X-BE-A-A0A0A-Y,Fluxys Belgium,ITP-00542,VIP Belgium - NCG,21Z000000000497Z,exit,kWh/h,,,10125214,2022-02-27T02:11:08+01:00,,Confirmed,,,,,True,,,True,PRISMA,,https://platform.prisma-capacity.eu/,,Cross-Border Transmission IP within EU,0,False
1Physical Flowhour2022-01-08 09:00:00 +00:002022-01-08 10:00:00 +00:00BE-TSO-0001ITP-00542exitkWh/h,1,Physical Flow,hour,2022-01-08T10:00:00+01:00,2022-01-08T11:00:00+01:00,BE-TSO-0001,21X-BE-A-A0A0A-Y,Fluxys Belgium,ITP-00542,VIP Belgium - NCG,21Z000000000497Z,exit,kWh/h,,,10124644,2022-02-27T02:11:08+01:00,,Confirmed,,,,,True,,,True,PRISMA,,https://platform.prisma-capacity.eu/,,Cross-Border Transmission IP within EU,0,False
1Physical Flowhour2022-01-08 10:00:00 +00:002022-01-08 11:00:00 +00:00BE-TSO-0001ITP-00542exitkWh/h,1,Physical Flow,hour,2022-01-08T11:00:00+01:00,2022-01-08T12:00:00+01:00,BE-TSO-0001,21X-BE-A-A0A0A-Y,Fluxys Belgium,ITP-00542,VIP Belgium - NCG,21Z000000000497Z,exit,kWh/h,,,10128573,2022-02-27T02:11:08+01:00,,Confirmed,,,,,True,,,True,PRISMA,,https://platform.prisma-capacity.eu/,,Cross-Border Transmission IP within EU,0,False
1Physical Flowhour2022-01-08 11:00:00 +00:002022-01-08 12:00:00 +00:00BE-TSO-0001ITP-00542exitkWh/h,1,Physical Flow,hour,2022-01-08T12:00:00+01:00,2022-01-08T13:00:00+01:00,BE-TSO-0001,21X-BE-A-A0A0A-Y,Fluxys Belgium,ITP-00542,VIP Belgium - NCG,21Z000000000497Z,exit,kWh/h,,,10398797,2022-02-27T02:11:08+01:00,,Confirmed,,,,,True,,,True,PRISMA,,https://platform.prisma-capacity.eu/,,Cross-Border Transmission IP within EU,0,False
1Physical Flowhour2022-01-08 12:00:00 +00:002022-01-08 13:00:00 +00:00BE-TSO-0001ITP-00542exitkWh/h,1,Physical Flow,hour,2022-01-08T13:00:00+01:00,2022-01-08T14:00:00+01:00,BE-TSO-0001,21X-BE-A-A0A0A-Y,Fluxys Belgium,ITP-00542,VIP Belgium - NCG,21Z000000000497Z,exit,kWh/h,,,10382698,2022-02-27T02:11:08+01:00,,Confirmed,,,,,True,,,True,PRISMA,,https://platform.prisma-capacity.eu/,,Cross-Border Transmission IP within EU,0,False
1Physical Flowhour2022-01-08 13:00:00 +00:002022-01-08 14:00:00 +00:00BE-TSO-0001ITP-00542exitkWh/h,1,Physical Flow,hour,2022-01-08T14:00:00+01:00,2022-01-08T15:00:00+01:00,BE-TSO-0001,21X-BE-A-A0A0A-Y,Fluxys Belgium,ITP-00542,VIP Belgium - NCG,21Z000000000497Z,exit,kWh/h,,,10087860,2022-02-27T02:11:08+01:00,,Confirmed,,,,,True,,,True,PRISMA,,https://platform.prisma-capacity.eu/,,Cross-Border Transmission IP within EU,0,False
1Physical Flowhour2022-01-08 14:00:00 +00:002022-01-08 15:00:00 +00:00BE-TSO-0001ITP-00542exitkWh/h,1,Physical Flow,hour,2022-01-08T15:00:00+01:00,2022-01-08T16:00:00+01:00,BE-TSO-0001,21X-BE-A-A0A0A-Y,Fluxys Belgium,ITP-00542,VIP Belgium - NCG,21Z000000000497Z,exit,kWh/h,,,10088591,2022-02-27T02:11:08+01:00,,Confirmed,,,,,True,,,True,PRISMA,,https://platform.prisma-capacity.eu/,,Cross-Border Transmission IP within EU,0,False
1Physical Flowhour2022-01-08 15:00:00 +00:002022-01-08 16:00:00 +00:00BE-TSO-0001ITP-00542exitkWh/h,1,Physical Flow,hour,2022-01-08T16:00:00+01:00,2022-01-08T17:00:00+01:00,BE-TSO-0001,21X-BE-A-A0A0A-Y,Fluxys Belgium,ITP-00542,VIP Belgium - NCG,21Z000000000497Z,exit,kWh/h,,,10090466,2022-02-27T02:11:08+01:00,,Confirmed,,,,,True,,,True,PRISMA,,https://platform.prisma-capacity.eu/,,Cross-Border Transmission IP within EU,0,False
1Physical Flowhour2022-01-08 16:00:00 +00:002022-01-08 17:00:00 +00:00BE-TSO-0001ITP-00542exitkWh/h,1,Physical Flow,hour,2022-01-08T17:00:00+01:00,2022-01-08T18:00:00+01:00,BE-TSO-0001,21X-BE-A-A0A0A-Y,Fluxys Belgium,ITP-00542,VIP Belgium - NCG,21Z000000000497Z,exit,kWh/h,,,9786524,2022-02-27T02:11:08+01:00,,Confirmed,,,,,True,,,True,PRISMA,,https://platform.prisma-capacity.eu/,,Cross-Border Transmission IP within EU,0,False
1Physical Flowhour2022-01-08 17:00:00 +00:002022-01-08 18:00:00 +00:00BE-TSO-0001ITP-00542exitkWh/h,1,Physical Flow,hour,2022-01-08T18:00:00+01:00,2022-01-08T19:00:00+01:00,BE-TSO-0001,21X-BE-A-A0A0A-Y,Fluxys Belgium,ITP-00542,VIP Belgium - NCG,21Z000000000497Z,exit,kWh/h,,,10652924,2022-02-27T02:11:08+01:00,,Confirmed,,,,,True,,,True,PRISMA,,https://platform.prisma-capacity.eu/,,Cross-Border Transmission IP within EU,0,False
1Physical Flowhour2022-01-08 18:00:00 +00:002022-01-08 19:00:00 +00:00BE-TSO-0001ITP-00542exitkWh/h,1,Physical Flow,hour,2022-01-08T19:00:00+01:00,2022-01-08T20:00:00+01:00,BE-TSO-0001,21X-BE-A-A0A0A-Y,Fluxys Belgium,ITP-00542,VIP Belgium - NCG,21Z000000000497Z,exit,kWh/h,,,10801836,2022-02-27T02:11:08+01:00,,Confirmed,,,,,True,,,True,PRISMA,,https://platform.prisma-capacity.eu/,,Cross-Border Transmission IP within EU,0,False
1Physical Flowhour2022-01-08 19:00:00 +00:002022-01-08 20:00:00 +00:00BE-TSO-0001ITP-00542exitkWh/h,1,Physical Flow,hour,2022-01-08T20:00:00+01:00,2022-01-08T21:00:00+01:00,BE-TSO-0001,21X-BE-A-A0A0A-Y,Fluxys Belgium,ITP-00542,VIP Belgium - NCG,21Z000000000497Z,exit,kWh/h,,,10647724,2022-02-27T02:11:08+01:00,,Confirmed,,,,,True,,,True,PRISMA,,https://platform.prisma-capacity.eu/,,Cross-Border Transmission IP within EU,0,False
1Physical Flowhour2022-01-08 20:00:00 +00:002022-01-08 21:00:00 +00:00BE-TSO-0001ITP-00542exitkWh/h,1,Physical Flow,hour,2022-01-08T21:00:00+01:00,2022-01-08T22:00:00+01:00,BE-TSO-0001,21X-BE-A-A0A0A-Y,Fluxys Belgium,ITP-00542,VIP Belgium - NCG,21Z000000000497Z,exit,kWh/h,,,10650106,2022-02-27T02:11:08+01:00,,Confirmed,,,,,True,,,True,PRISMA,,https://platform.prisma-capacity.eu/,,Cross-Border Transmission IP within EU,0,False
1Physical Flowhour2022-01-08 21:00:00 +00:002022-01-08 22:00:00 +00:00BE-TSO-0001ITP-00542exitkWh/h,1,Physical Flow,hour,2022-01-08T22:00:00+01:00,2022-01-08T23:00:00+01:00,BE-TSO-0001,21X-BE-A-A0A0A-Y,Fluxys Belgium,ITP-00542,VIP Belgium - NCG,21Z000000000497Z,exit,kWh/h,,,10650138,2022-02-27T02:11:08+01:00,,Confirmed,,,,,True,,,True,PRISMA,,https://platform.prisma-capacity.eu/,,Cross-Border Transmission IP within EU,0,False
1Physical Flowhour2022-01-08 22:00:00 +00:002022-01-08 23:00:00 +00:00BE-TSO-0001ITP-00542exitkWh/h,1,Physical Flow,hour,2022-01-08T23:00:00+01:00,2022-01-09T00:00:00+01:00,BE-TSO-0001,21X-BE-A-A0A0A-Y,Fluxys Belgium,ITP-00542,VIP Belgium - NCG,21Z000000000497Z,exit,kWh/h,,,11697013,2022-02-27T02:11:08+01:00,,Confirmed,,,,,True,,,True,PRISMA,,https://platform.prisma-capacity.eu/,,Cross-Border Transmission IP within EU,0,False
1Physical Flowhour2022-01-08 23:00:00 +00:002022-01-09 00:00:00 +00:00BE-TSO-0001ITP-00542exitkWh/h,1,Physical Flow,hour,2022-01-09T00:00:00+01:00,2022-01-09T01:00:00+01:00,BE-TSO-0001,21X-BE-A-A0A0A-Y,Fluxys Belgium,ITP-00542,VIP Belgium - NCG,21Z000000000497Z,exit,kWh/h,,,11684871,2022-02-27T02:11:08+01:00,,Confirmed,,,,,True,,,True,PRISMA,,https://platform.prisma-capacity.eu/,,Cross-Border Transmission IP within EU,0,False
1Physical Flowhour2022-01-09 00:00:00 +00:002022-01-09 01:00:00 +00:00BE-TSO-0001ITP-00542exitkWh/h,1,Physical Flow,hour,2022-01-09T01:00:00+01:00,2022-01-09T02:00:00+01:00,BE-TSO-0001,21X-BE-A-A0A0A-Y,Fluxys Belgium,ITP-00542,VIP Belgium - NCG,21Z000000000497Z,exit,kWh/h,,,11683699,2022-02-27T02:11:08+01:00,,Confirmed,,,,,True,,,True,PRISMA,,https://platform.prisma-capacity.eu/,,Cross-Border Transmission IP within EU,0,False
1Physical Flowhour2022-01-09 01:00:00 +00:002022-01-09 02:00:00 +00:00BE-TSO-0001ITP-00542exitkWh/h,1,Physical Flow,hour,2022-01-09T02:00:00+01:00,2022-01-09T03:00:00+01:00,BE-TSO-0001,21X-BE-A-A0A0A-Y,Fluxys Belgium,ITP-00542,VIP Belgium - NCG,21Z000000000497Z,exit,kWh/h,,,12029399,2022-02-27T02:11:08+01:00,,Confirmed,,,,,True,,,True,PRISMA,,https://platform.prisma-capacity.eu/,,Cross-Border Transmission IP within EU,0,False
1Physical Flowhour2022-01-09 02:00:00 +00:002022-01-09 03:00:00 +00:00BE-TSO-0001ITP-00542exitkWh/h,1,Physical Flow,hour,2022-01-09T03:00:00+01:00,2022-01-09T04:00:00+01:00,BE-TSO-0001,21X-BE-A-A0A0A-Y,Fluxys Belgium,ITP-00542,VIP Belgium - NCG,21Z000000000497Z,exit,kWh/h,,,12231929,2022-02-27T02:11:08+01:00,,Confirmed,,,,,True,,,True,PRISMA,,https://platform.prisma-capacity.eu/,,Cross-Border Transmission IP within EU,0,False
1Physical Flowhour2022-01-09 03:00:00 +00:002022-01-09 04:00:00 +00:00BE-TSO-0001ITP-00542exitkWh/h,1,Physical Flow,hour,2022-01-09T04:00:00+01:00,2022-01-09T05:00:00+01:00,BE-TSO-0001,21X-BE-A-A0A0A-Y,Fluxys Belgium,ITP-00542,VIP Belgium - NCG,21Z000000000497Z,exit,kWh/h,,,12224841,2022-02-27T02:11:08+01:00,,Confirmed,,,,,True,,,True,PRISMA,,https://platform.prisma-capacity.eu/,,Cross-Border Transmission IP within EU,0,False
1Physical Flowhour2022-01-09 04:00:00 +00:002022-01-09 05:00:00 +00:00BE-TSO-0001ITP-00542exitkWh/h,1,Physical Flow,hour,2022-01-09T05:00:00+01:00,2022-01-09T06:00:00+01:00,BE-TSO-0001,21X-BE-A-A0A0A-Y,Fluxys Belgium,ITP-00542,VIP Belgium - NCG,21Z000000000497Z,exit,kWh/h,,,12223444,2022-02-27T02:11:08+01:00,,Confirmed,,,,,True,,,True,PRISMA,,https://platform.prisma-capacity.eu/,,Cross-Border Transmission IP within EU,0,False
1Physical Flowhour2022-01-09 05:00:00 +00:002022-01-09 06:00:00 +00:00BE-TSO-0001ITP-00542exitkWh/h,1,Physical Flow,hour,2022-01-09T06:00:00+01:00,2022-01-09T07:00:00+01:00,BE-TSO-0001,21X-BE-A-A0A0A-Y,Fluxys Belgium,ITP-00542,VIP Belgium - NCG,21Z000000000497Z,exit,kWh/h,,,8142906,2022-02-27T02:11:08+01:00,,Confirmed,,,,,True,,,True,PRISMA,,https://platform.prisma-capacity.eu/,,Cross-Border Transmission IP within EU,0,False
1Physical Flowhour2022-01-09 06:00:00 +00:002022-01-09 07:00:00 +00:00BE-TSO-0001ITP-00542exitkWh/h,1,Physical Flow,hour,2022-01-09T07:00:00+01:00,2022-01-09T08:00:00+01:00,BE-TSO-0001,21X-BE-A-A0A0A-Y,Fluxys Belgium,ITP-00542,VIP Belgium - NCG,21Z000000000497Z,exit,kWh/h,,,8262254,2022-02-27T02:11:08+01:00,,Confirmed,,,,,True,,,True,PRISMA,,https://platform.prisma-capacity.eu/,,Cross-Border Transmission IP within EU,0,False
1Physical Flowhour2022-01-09 07:00:00 +00:002022-01-09 08:00:00 +00:00BE-TSO-0001ITP-00542exitkWh/h,1,Physical Flow,hour,2022-01-09T08:00:00+01:00,2022-01-09T09:00:00+01:00,BE-TSO-0001,21X-BE-A-A0A0A-Y,Fluxys Belgium,ITP-00542,VIP Belgium - NCG,21Z000000000497Z,exit,kWh/h,,,8259198,2022-02-27T02:11:08+01:00,,Confirmed,,,,,True,,,True,PRISMA,,https://platform.prisma-capacity.eu/,,Cross-Border Transmission IP within EU,0,False
1Physical Flowhour2022-01-09 08:00:00 +00:002022-01-09 09:00:00 +00:00BE-TSO-0001ITP-00542exitkWh/h,1,Physical Flow,hour,2022-01-09T09:00:00+01:00,2022-01-09T10:00:00+01:00,BE-TSO-0001,21X-BE-A-A0A0A-Y,Fluxys Belgium,ITP-00542,VIP Belgium - NCG,21Z000000000497Z,exit,kWh/h,,,8257695,2022-02-27T02:11:08+01:00,,Confirmed,,,,,True,,,True,PRISMA,,https://platform.prisma-capacity.eu/,,Cross-Border Transmission IP within EU,0,False
1Physical Flowhour2022-01-09 09:00:00 +00:002022-01-09 10:00:00 +00:00BE-TSO-0001ITP-00542exitkWh/h,1,Physical Flow,hour,2022-01-09T10:00:00+01:00,2022-01-09T11:00:00+01:00,BE-TSO-0001,21X-BE-A-A0A0A-Y,Fluxys Belgium,ITP-00542,VIP Belgium - NCG,21Z000000000497Z,exit,kWh/h,,,8257313,2022-02-27T02:11:08+01:00,,Confirmed,,,,,True,,,True,PRISMA,,https://platform.prisma-capacity.eu/,,Cross-Border Transmission IP within EU,0,False
1Physical Flowhour2022-01-09 10:00:00 +00:002022-01-09 11:00:00 +00:00BE-TSO-0001ITP-00542exitkWh/h,1,Physical Flow,hour,2022-01-09T11:00:00+01:00,2022-01-09T12:00:00+01:00,BE-TSO-0001,21X-BE-A-A0A0A-Y,Fluxys Belgium,ITP-00542,VIP Belgium - NCG,21Z000000000497Z,exit,kWh/h,,,8260270,2022-02-27T02:11:08+01:00,,Confirmed,,,,,True,,,True,PRISMA,,https://platform.prisma-capacity.eu/,,Cross-Border Transmission IP within EU,0,False
1Physical Flowhour2022-01-09 11:00:00 +00:002022-01-09 12:00:00 +00:00BE-TSO-0001ITP-00542exitkWh/h,1,Physical Flow,hour,2022-01-09T12:00:00+01:00,2022-01-09T13:00:00+01:00,BE-TSO-0001,21X-BE-A-A0A0A-Y,Fluxys Belgium,ITP-00542,VIP Belgium - NCG,21Z000000000497Z,exit,kWh/h,,,8258325,2022-02-27T02:11:08+01:00,,Confirmed,,,,,True,,,True,PRISMA,,https://platform.prisma-capacity.eu/,,Cross-Border Transmission IP within EU,0,False
1Physical Flowhour2022-01-09 12:00:00 +00:002022-01-09 13:00:00 +00:00BE-TSO-0001ITP-00542exitkWh/h,1,Physical Flow,hour,2022-01-09T13:00:00+01:00,2022-01-09T14:00:00+01:00,BE-TSO-0001,21X-BE-A-A0A0A-Y,Fluxys Belgium,ITP-00542,VIP Belgium - NCG,21Z000000000497Z,exit,kWh/h,,,8183351,2022-02-27T02:11:08+01:00,,Confirmed,,,,,True,,,True,PRISMA,,https://platform.prisma-capacity.eu/,,Cross-Border Transmission IP within EU,0,False
1Physical Flowhour2022-01-09 13:00:00 +00:002022-01-09 14:00:00 +00:00BE-TSO-0001ITP-00542exitkWh/h,1,Physical Flow,hour,2022-01-09T14:00:00+01:00,2022-01-09T15:00:00+01:00,BE-TSO-0001,21X-BE-A-A0A0A-Y,Fluxys Belgium,ITP-00542,VIP Belgium - NCG,21Z000000000497Z,exit,kWh/h,,,8255969,2022-02-27T02:11:08+01:00,,Confirmed,,,,,True,,,True,PRISMA,,https://platform.prisma-capacity.eu/,,Cross-Border Transmission IP within EU,0,False
1Physical Flowhour2022-01-09 14:00:00 +00:002022-01-09 15:00:00 +00:00BE-TSO-0001ITP-00542exitkWh/h,1,Physical Flow,hour,2022-01-09T15:00:00+01:00,2022-01-09T16:00:00+01:00,BE-TSO-0001,21X-BE-A-A0A0A-Y,Fluxys Belgium,ITP-00542,VIP Belgium - NCG,21Z000000000497Z,exit,kWh/h,,,8323792,2022-02-27T02:11:08+01:00,,Confirmed,,,,,True,,,True,PRISMA,,https://platform.prisma-capacity.eu/,,Cross-Border Transmission IP within EU,0,False
1Physical Flowhour2022-01-09 15:00:00 +00:002022-01-09 16:00:00 +00:00BE-TSO-0001ITP-00542exitkWh/h,1,Physical Flow,hour,2022-01-09T16:00:00+01:00,2022-01-09T17:00:00+01:00,BE-TSO-0001,21X-BE-A-A0A0A-Y,Fluxys Belgium,ITP-00542,VIP Belgium - NCG,21Z000000000497Z,exit,kWh/h,,,8490247,2022-02-27T02:11:08+01:00,,Confirmed,,,,,True,,,True,PRISMA,,https://platform.prisma-capacity.eu/,,Cross-Border Transmission IP within EU,0,False
1Physical Flowhour2022-01-09 16:00:00 +00:002022-01-09 17:00:00 +00:00BE-TSO-0001ITP-00542exitkWh/h,1,Physical Flow,hour,2022-01-09T17:00:00+01:00,2022-01-09T18:00:00+01:00,BE-TSO-0001,21X-BE-A-A0A0A-Y,Fluxys Belgium,ITP-00542,VIP Belgium - NCG,21Z000000000497Z,exit,kWh/h,,,9216281,2022-02-27T02:11:08+01:00,,Confirmed,,,,,True,,,True,PRISMA,,https://platform.prisma-capacity.eu/,,Cross-Border Transmission IP within EU,0,False
1Physical Flowhour2022-01-09 17:00:00 +00:002022-01-09 18:00:00 +00:00BE-TSO-0001ITP-00542exitkWh/h,1,Physical Flow,hour,2022-01-09T18:00:00+01:00,2022-01-09T19:00:00+01:00,BE-TSO-0001,21X-BE-A-A0A0A-Y,Fluxys Belgium,ITP-00542,VIP Belgium - NCG,21Z000000000497Z,exit,kWh/h,,,9700752,2022-02-27T02:11:08+01:00,,Confirmed,,,,,True,,,True,PRISMA,,https://platform.prisma-capacity.eu/,,Cross-Border Transmission IP within EU,0,False
1Physical Flowhour2022-01-09 18:00:00 +00:002022-01-09 19:00:00 +00:00BE-TSO-0001ITP-00542exitkWh/h,1,Physical Flow,hour,2022-01-09T19:00:00+01:00,2022-01-09T20:00:00+01:00,BE-TSO-0001,21X-BE-A-A0A0A-Y,Fluxys Belgium,ITP-00542,VIP Belgium - NCG,21Z000000000497Z,exit,kWh/h,,,10178741,2022-02-27T02:11:08+01:00,,Confirmed,,,,,True,,,True,PRISMA,,https://platform.prisma-capacity.eu/,,Cross-Border Transmission IP within EU,0,False
1Physical Flowhour2022-01-09 19:00:00 +00:002022-01-09 20:00:00 +00:00BE-TSO-0001ITP-00542exitkWh/h,1,Physical Flow,hour,2022-01-09T20:00:00+01:00,2022-01-09T21:00:00+01:00,BE-TSO-0001,21X-BE-A-A0A0A-Y,Fluxys Belgium,ITP-00542,VIP Belgium - NCG,21Z000000000497Z,exit,kWh/h,,,10173646,2022-02-27T02:11:08+01:00,,Confirmed,,,,,True,,,True,PRISMA,,https://platform.prisma-capacity.eu/,,Cross-Border Transmission IP within EU,0,False
1Physical Flowhour2022-01-09 20:00:00 +00:002022-01-09 21:00:00 +00:00BE-TSO-0001ITP-00542exitkWh/h,1,Physical Flow,hour,2022-01-09T21:00:00+01:00,2022-01-09T22:00:00+01:00,BE-TSO-0001,21X-BE-A-A0A0A-Y,Fluxys Belgium,ITP-00542,VIP Belgium - NCG,21Z000000000497Z,exit,kWh/h,,,10173550,2022-02-27T02:11:08+01:00,,Confirmed,,,,,True,,,True,PRISMA,,https://platform.prisma-capacity.eu/,,Cross-Border Transmission IP within EU,0,False
1Physical Flowhour2022-01-09 21:00:00 +00:002022-01-09 22:00:00 +00:00BE-TSO-0001ITP-00542exitkWh/h,1,Physical Flow,hour,2022-01-09T22:00:00+01:00,2022-01-09T23:00:00+01:00,BE-TSO-0001,21X-BE-A-A0A0A-Y,Fluxys Belgium,ITP-00542,VIP Belgium - NCG,21Z000000000497Z,exit,kWh/h,,,10562532,2022-02-27T02:11:08+01:00,,Confirmed,,,,,True,,,True,PRISMA,,https://platform.prisma-capacity.eu/,,Cross-Border Transmission IP within EU,0,False
1Physical Flowhour2022-01-09 22:00:00 +00:002022-01-09 23:00:00 +00:00BE-TSO-0001ITP-00542exitkWh/h,1,Physical Flow,hour,2022-01-09T23:00:00+01:00,2022-01-10T00:00:00+01:00,BE-TSO-0001,21X-BE-A-A0A0A-Y,Fluxys Belgium,ITP-00542,VIP Belgium - NCG,21Z000000000497Z,exit,kWh/h,,,10676833,2022-02-27T02:11:08+01:00,,Confirmed,,,,,True,,,True,PRISMA,,https://platform.prisma-capacity.eu/,,Cross-Border Transmission IP within EU,0,False
1Physical Flowhour2022-01-09 23:00:00 +00:002022-01-10 00:00:00 +00:00BE-TSO-0001ITP-00542exitkWh/h,1,Physical Flow,hour,2022-01-10T00:00:00+01:00,2022-01-10T01:00:00+01:00,BE-TSO-0001,21X-BE-A-A0A0A-Y,Fluxys Belgium,ITP-00542,VIP Belgium - NCG,21Z000000000497Z,exit,kWh/h,,,10674197,2022-02-27T02:11:08+01:00,,Confirmed,,,,,True,,,True,PRISMA,,https://platform.prisma-capacity.eu/,,Cross-Border Transmission IP within EU,0,False
1Physical Flowhour2022-01-10 00:00:00 +00:002022-01-10 01:00:00 +00:00BE-TSO-0001ITP-00542exitkWh/h,1,Physical Flow,hour,2022-01-10T01:00:00+01:00,2022-01-10T02:00:00+01:00,BE-TSO-0001,21X-BE-A-A0A0A-Y,Fluxys Belgium,ITP-00542,VIP Belgium - NCG,21Z000000000497Z,exit,kWh/h,,,10671069,2022-02-27T02:11:08+01:00,,Confirmed,,,,,True,,,True,PRISMA,,https://platform.prisma-capacity.eu/,,Cross-Border Transmission IP within EU,0,False
1Physical Flowhour2022-01-10 01:00:00 +00:002022-01-10 02:00:00 +00:00BE-TSO-0001ITP-00542exitkWh/h,1,Physical Flow,hour,2022-01-10T02:00:00+01:00,2022-01-10T03:00:00+01:00,BE-TSO-0001,21X-BE-A-A0A0A-Y,Fluxys Belgium,ITP-00542,VIP Belgium - NCG,21Z000000000497Z,exit,kWh/h,,,10223753,2022-02-27T02:11:08+01:00,,Confirmed,,,,,True,,,True,PRISMA,,https://platform.prisma-capacity.eu/,,Cross-Border Transmission IP within EU,0,False
1Physical Flowhour2022-01-10 02:00:00 +00:002022-01-10 03:00:00 +00:00BE-TSO-0001ITP-00542exitkWh/h,1,Physical Flow,hour,2022-01-10T03:00:00+01:00,2022-01-10T04:00:00+01:00,BE-TSO-0001,21X-BE-A-A0A0A-Y,Fluxys Belgium,ITP-00542,VIP Belgium - NCG,21Z000000000497Z,exit,kWh/h,,,8446982,2022-02-27T02:11:08+01:00,,Confirmed,,,,,True,,,True,PRISMA,,https://platform.prisma-capacity.eu/,,Cross-Border Transmission IP within EU,0,False
1Physical Flowhour2022-01-10 03:00:00 +00:002022-01-10 04:00:00 +00:00BE-TSO-0001ITP-00542exitkWh/h,1,Physical Flow,hour,2022-01-10T04:00:00+01:00,2022-01-10T05:00:00+01:00,BE-TSO-0001,21X-BE-A-A0A0A-Y,Fluxys Belgium,ITP-00542,VIP Belgium - NCG,21Z000000000497Z,exit,kWh/h,,,9737095,2022-02-27T02:11:08+01:00,,Confirmed,,,,,True,,,True,PRISMA,,https://platform.prisma-capacity.eu/,,Cross-Border Transmission IP within EU,0,False
1Physical Flowhour2022-01-10 04:00:00 +00:002022-01-10 05:00:00 +00:00BE-TSO-0001ITP-00542exitkWh/h,1,Physical Flow,hour,2022-01-10T05:00:00+01:00,2022-01-10T06:00:00+01:00,BE-TSO-0001,21X-BE-A-A0A0A-Y,Fluxys Belgium,ITP-00542,VIP Belgium - NCG,21Z000000000497Z,exit,kWh/h,,,8527723,2022-02-27T02:11:08+01:00,,Confirmed,,,,,True,,,True,PRISMA,,https://platform.prisma-capacity.eu/,,Cross-Border Transmission IP within EU,0,False
1Physical Flowhour2022-01-10 05:00:00 +00:002022-01-10 06:00:00 +00:00BE-TSO-0001ITP-00542exitkWh/h,1,Physical Flow,hour,2022-01-10T06:00:00+01:00,2022-01-10T07:00:00+01:00,BE-TSO-0001,21X-BE-A-A0A0A-Y,Fluxys Belgium,ITP-00542,VIP Belgium - NCG,21Z000000000497Z,exit,kWh/h,,,9264055,2022-02-27T02:11:08+01:00,,Confirmed,,,,,True,,,True,PRISMA,,https://platform.prisma-capacity.eu/,,Cross-Border Transmission IP within EU,0,False
1Physical Flowhour2022-01-10 06:00:00 +00:002022-01-10 07:00:00 +00:00BE-TSO-0001ITP-00542exitkWh/h,1,Physical Flow,hour,2022-01-10T07:00:00+01:00,2022-01-10T08:00:00+01:00,BE-TSO-0001,21X-BE-A-A0A0A-Y,Fluxys Belgium,ITP-00542,VIP Belgium - NCG,21Z000000000497Z,exit,kWh/h,,,10080692,2022-02-27T02:11:08+01:00,,Confirmed,,,,,True,,,True,PRISMA,,https://platform.prisma-capacity.eu/,,Cross-Border Transmission IP within EU,0,False
1Physical Flowhour2022-01-10 07:00:00 +00:002022-01-10 08:00:00 +00:00BE-TSO-0001ITP-00542exitkWh/h,1,Physical Flow,hour,2022-01-10T08:00:00+01:00,2022-01-10T09:00:00+01:00,BE-TSO-0001,21X-BE-A-A0A0A-Y,Fluxys Belgium,ITP-00542,VIP Belgium - NCG,21Z000000000497Z,exit,kWh/h,,,9688797,2022-02-27T02:11:08+01:00,,Confirmed,,,,,True,,,True,PRISMA,,https://platform.prisma-capacity.eu/,,Cross-Border Transmission IP within EU,0,False
1Physical Flowhour2022-01-10 08:00:00 +00:002022-01-10 09:00:00 +00:00BE-TSO-0001ITP-00542exitkWh/h,1,Physical Flow,hour,2022-01-10T09:00:00+01:00,2022-01-10T10:00:00+01:00,BE-TSO-0001,21X-BE-A-A0A0A-Y,Fluxys Belgium,ITP-00542,VIP Belgium - NCG,21Z000000000497Z,exit,kWh/h,,,9632021,2022-02-27T02:11:08+01:00,,Confirmed,,,,,True,,,True,PRISMA,,https://platform.prisma-capacity.eu/,,Cross-Border Transmission IP within EU,0,False
1Physical Flowhour2022-01-10 09:00:00 +00:002022-01-10 10:00:00 +00:00BE-TSO-0001ITP-00542exitkWh/h,1,Physical Flow,hour,2022-01-10T10:00:00+01:00,2022-01-10T11:00:00+01:00,BE-TSO-0001,21X-BE-A-A0A0A-Y,Fluxys Belgium,ITP-00542,VIP Belgium - NCG,21Z000000000497Z,exit,kWh/h,,,9573123,2022-02-27T02:11:08+01:00,,Confirmed,,,,,True,,,True,PRISMA,,https://platform.prisma-capacity.eu/,,Cross-Border Transmission IP within EU,0,False
1Physical Flowhour2022-01-10 10:00:00 +00:002022-01-10 11:00:00 +00:00BE-TSO-0001ITP-00542exitkWh/h,1,Physical Flow,hour,2022-01-10T11:00:00+01:00,2022-01-10T12:00:00+01:00,BE-TSO-0001,21X-BE-A-A0A0A-Y,Fluxys Belgium,ITP-00542,VIP Belgium - NCG,21Z000000000497Z,exit,kWh/h,,,9619615,2022-02-27T02:11:08+01:00,,Confirmed,,,,,True,,,True,PRISMA,,https://platform.prisma-capacity.eu/,,Cross-Border Transmission IP within EU,0,False
1Physical Flowhour2022-01-10 11:00:00 +00:002022-01-10 12:00:00 +00:00BE-TSO-0001ITP-00542exitkWh/h,1,Physical Flow,hour,2022-01-10T12:00:00+01:00,2022-01-10T13:00:00+01:00,BE-TSO-0001,21X-BE-A-A0A0A-Y,Fluxys Belgium,ITP-00542,VIP Belgium - NCG,21Z000000000497Z,exit,kWh/h,,,9603426,2022-02-27T02:11:08+01:00,,Confirmed,,,,,True,,,True,PRISMA,,https://platform.prisma-capacity.eu/,,Cross-Border Transmission IP within EU,0,False
1Physical Flowhour2022-01-10 12:00:00 +00:002022-01-10 13:00:00 +00:00BE-TSO-0001ITP-00542exitkWh/h,1,Physical Flow,hour,2022-01-10T13:00:00+01:00,2022-01-10T14:00:00+01:00,BE-TSO-0001,21X-BE-A-A0A0A-Y,Fluxys Belgium,ITP-00542,VIP Belgium - NCG,21Z000000000497Z,exit,kWh/h,,,9739105,2022-02-27T02:11:08+01:00,,Confirmed,,,,,True,,,True,PRISMA,,https://platform.prisma-capacity.eu/,,Cross-Border Transmission IP within EU,0,False
1Physical Flowhour2022-01-10 13:00:00 +00:002022-01-10 14:00:00 +00:00BE-TSO-0001ITP-00542exitkWh/h,1,Physical Flow,hour,2022-01-10T14:00:00+01:00,2022-01-10T15:00:00+01:00,BE-TSO-0001,21X-BE-A-A0A0A-Y,Fluxys Belgium,ITP-00542,VIP Belgium - NCG,21Z000000000497Z,exit,kWh/h,,,10116616,2022-02-27T02:11:08+01:00,,Confirmed,,,,,True,,,True,PRISMA,,https://platform.prisma-capacity.eu/,,Cross-Border Transmission IP within EU,0,False
1Physical Flowhour2022-01-10 14:00:00 +00:002022-01-10 15:00:00 +00:00BE-TSO-0001ITP-00542exitkWh/h,1,Physical Flow,hour,2022-01-10T15:00:00+01:00,2022-01-10T16:00:00+01:00,BE-TSO-0001,21X-BE-A-A0A0A-Y,Fluxys Belgium,ITP-00542,VIP Belgium - NCG,21Z000000000497Z,exit,kWh/h,,,9397042,2022-02-27T02:11:08+01:00,,Confirmed,,,,,True,,,True,PRISMA,,https://platform.prisma-capacity.eu/,,Cross-Border Transmission IP within EU,0,False
1Physical Flowhour2022-01-10 15:00:00 +00:002022-01-10 16:00:00 +00:00BE-TSO-0001ITP-00542exitkWh/h,1,Physical Flow,hour,2022-01-10T16:00:00+01:00,2022-01-10T17:00:00+01:00,BE-TSO-0001,21X-BE-A-A0A0A-Y,Fluxys Belgium,ITP-00542,VIP Belgium - NCG,21Z000000000497Z,exit,kWh/h,,,9691568,2022-02-27T02:11:08+01:00,,Confirmed,,,,,True,,,True,PRISMA,,https://platform.prisma-capacity.eu/,,Cross-Border Transmission IP within EU,0,False
1Physical Flowhour2022-01-10 16:00:00 +00:002022-01-10 17:00:00 +00:00BE-TSO-0001ITP-00542exitkWh/h,1,Physical Flow,hour,2022-01-10T17:00:00+01:00,2022-01-10T18:00:00+01:00,BE-TSO-0001,21X-BE-A-A0A0A-Y,Fluxys Belgium,ITP-00542,VIP Belgium - NCG,21Z000000000497Z,exit,kWh/h,,,8120442,2022-02-27T02:11:08+01:00,,Confirmed,,,,,True,,,True,PRISMA,,https://platform.prisma-capacity.eu/,,Cross-Border Transmission IP within EU,0,False
1Physical Flowhour2022-01-10 17:00:00 +00:002022-01-10 18:00:00 +00:00BE-TSO-0001ITP-00542exitkWh/h,1,Physical Flow,hour,2022-01-10T18:00:00+01:00,2022-01-10T19:00:00+01:00,BE-TSO-0001,21X-BE-A-A0A0A-Y,Fluxys Belgium,ITP-00542,VIP Belgium - NCG,21Z000000000497Z,exit,kWh/h,,,8080831,2022-02-27T02:11:08+01:00,,Confirmed,,,,,True,,,True,PRISMA,,https://platform.prisma-capacity.eu/,,Cross-Border Transmission IP within EU,0,False
1Physical Flowhour2022-01-10 18:00:00 +00:002022-01-10 19:00:00 +00:00BE-TSO-0001ITP-00542exitkWh/h,1,Physical Flow,hour,2022-01-10T19:00:00+01:00,2022-01-10T20:00:00+01:00,BE-TSO-0001,21X-BE-A-A0A0A-Y,Fluxys Belgium,ITP-00542,VIP Belgium - NCG,21Z000000000497Z,exit,kWh/h,,,7896499,2022-02-27T02:11:08+01:00,,Confirmed,,,,,True,,,True,PRISMA,,https://platform.prisma-capacity.eu/,,Cross-Border Transmission IP within EU,0,False
1Physical Flowhour2022-01-10 19:00:00 +00:002022-01-10 20:00:00 +00:00BE-TSO-0001ITP-00542exitkWh/h,1,Physical Flow,hour,2022-01-10T20:00:00+01:00,2022-01-10T21:00:00+01:00,BE-TSO-0001,21X-BE-A-A0A0A-Y,Fluxys Belgium,ITP-00542,VIP Belgium - NCG,21Z000000000497Z,exit,kWh/h,,,7608508,2022-02-27T02:11:08+01:00,,Confirmed,,,,,True,,,True,PRISMA,,https://platform.prisma-capacity.eu/,,Cross-Border Transmission IP within EU,0,False
1Physical Flowhour2022-01-10 20:00:00 +00:002022-01-10 21:00:00 +00:00BE-TSO-0001ITP-00542exitkWh/h,1,Physical Flow,hour,2022-01-10T21:00:00+01:00,2022-01-10T22:00:00+01:00,BE-TSO-0001,21X-BE-A-A0A0A-Y,Fluxys Belgium,ITP-00542,VIP Belgium - NCG,21Z000000000497Z,exit,kWh/h,,,7530075,2022-02-27T02:11:08+01:00,,Confirmed,,,,,True,,,True,PRISMA,,https://platform.prisma-capacity.eu/,,Cross-Border Transmission IP within EU,0,False
1Physical Flowhour2022-01-10 21:00:00 +00:002022-01-10 22:00:00 +00:00BE-TSO-0001ITP-00542exitkWh/h,1,Physical Flow,hour,2022-01-10T22:00:00+01:00,2022-01-10T23:00:00+01:00,BE-TSO-0001,21X-BE-A-A0A0A-Y,Fluxys Belgium,ITP-00542,VIP Belgium - NCG,21Z000000000497Z,exit,kWh/h,,,7328661,2022-02-27T02:11:08+01:00,,Confirmed,,,,,True,,,True,PRISMA,,https://platform.prisma-capacity.eu/,,Cross-Border Transmission IP within EU,0,False
1Physical Flowhour2022-01-10 22:00:00 +00:002022-01-10 23:00:00 +00:00BE-TSO-0001ITP-00542exitkWh/h,1,Physical Flow,hour,2022-01-10T23:00:00+01:00,2022-01-11T00:00:00+01:00,BE-TSO-0001,21X-BE-A-A0A0A-Y,Fluxys Belgium,ITP-00542,VIP Belgium - NCG,21Z000000000497Z,exit,kWh/h,,,7329957,2022-02-27T02:11:08+01:00,,Confirmed,,,,,True,,,True,PRISMA,,https://platform.prisma-capacity.eu/,,Cross-Border Transmission IP within EU,0,False
1Physical Flowhour2022-01-10 23:00:00 +00:002022-01-11 00:00:00 +00:00BE-TSO-0001ITP-00542exitkWh/h,1,Physical Flow,hour,2022-01-11T00:00:00+01:00,2022-01-11T01:00:00+01:00,BE-TSO-0001,21X-BE-A-A0A0A-Y,Fluxys Belgium,ITP-00542,VIP Belgium - NCG,21Z000000000497Z,exit,kWh/h,,,7530156,2022-02-27T02:11:08+01:00,,Confirmed,,,,,True,,,True,PRISMA,,https://platform.prisma-capacity.eu/,,Cross-Border Transmission IP within EU,0,False
1Physical Flowhour2022-01-11 00:00:00 +00:002022-01-11 01:00:00 +00:00BE-TSO-0001ITP-00542exitkWh/h,1,Physical Flow,hour,2022-01-11T01:00:00+01:00,2022-01-11T02:00:00+01:00,BE-TSO-0001,21X-BE-A-A0A0A-Y,Fluxys Belgium,ITP-00542,VIP Belgium - NCG,21Z000000000497Z,exit,kWh/h,,,8039673,2022-02-27T02:11:08+01:00,,Confirmed,,,,,True,,,True,PRISMA,,https://platform.prisma-capacity.eu/,,Cross-Border Transmission IP within EU,0,False
1Physical Flowhour2022-01-11 01:00:00 +00:002022-01-11 02:00:00 +00:00BE-TSO-0001ITP-00542exitkWh/h,1,Physical Flow,hour,2022-01-11T02:00:00+01:00,2022-01-11T03:00:00+01:00,BE-TSO-0001,21X-BE-A-A0A0A-Y,Fluxys Belgium,ITP-00542,VIP Belgium - NCG,21Z000000000497Z,exit,kWh/h,,,7649497,2022-02-27T02:11:08+01:00,,Confirmed,,,,,True,,,True,PRISMA,,https://platform.prisma-capacity.eu/,,Cross-Border Transmission IP within EU,0,False
1Physical Flowhour2022-01-11 02:00:00 +00:002022-01-11 03:00:00 +00:00BE-TSO-0001ITP-00542exitkWh/h,1,Physical Flow,hour,2022-01-11T03:00:00+01:00,2022-01-11T04:00:00+01:00,BE-TSO-0001,21X-BE-A-A0A0A-Y,Fluxys Belgium,ITP-00542,VIP Belgium - NCG,21Z000000000497Z,exit,kWh/h,,,7751537,2022-02-27T02:11:08+01:00,,Confirmed,,,,,True,,,True,PRISMA,,https://platform.prisma-capacity.eu/,,Cross-Border Transmission IP within EU,0,False
1Physical Flowhour2022-01-11 03:00:00 +00:002022-01-11 04:00:00 +00:00BE-TSO-0001ITP-00542exitkWh/h,1,Physical Flow,hour,2022-01-11T04:00:00+01:00,2022-01-11T05:00:00+01:00,BE-TSO-0001,21X-BE-A-A0A0A-Y,Fluxys Belgium,ITP-00542,VIP Belgium - NCG,21Z000000000497Z,exit,kWh/h,,,7761625,2022-02-27T02:11:08+01:00,,Confirmed,,,,,True,,,True,PRISMA,,https://platform.prisma-capacity.eu/,,Cross-Border Transmission IP within EU,0,False
1Physical Flowhour2022-01-11 04:00:00 +00:002022-01-11 05:00:00 +00:00BE-TSO-0001ITP-00542exitkWh/h,1,Physical Flow,hour,2022-01-11T05:00:00+01:00,2022-01-11T06:00:00+01:00,BE-TSO-0001,21X-BE-A-A0A0A-Y,Fluxys Belgium,ITP-00542,VIP Belgium - NCG,21Z000000000497Z,exit,kWh/h,,,7562668,2022-02-27T02:11:08+01:00,,Confirmed,,,,,True,,,True,PRISMA,,https://platform.prisma-capacity.eu/,,Cross-Border Transmission IP within EU,0,False
1Physical Flowhour2022-01-11 05:00:00 +00:002022-01-11 06:00:00 +00:00BE-TSO-0001ITP-00542exitkWh/h,1,Physical Flow,hour,2022-01-11T06:00:00+01:00,2022-01-11T07:00:00+01:00,BE-TSO-0001,21X-BE-A-A0A0A-Y,Fluxys Belgium,ITP-00542,VIP Belgium - NCG,21Z000000000497Z,exit,kWh/h,,,7067096,2022-02-27T02:11:08+01:00,,Confirmed,,,,,True,,,True,PRISMA,,https://platform.prisma-capacity.eu/,,Cross-Border Transmission IP within EU,0,False
1Physical Flowhour2022-01-11 06:00:00 +00:002022-01-11 07:00:00 +00:00BE-TSO-0001ITP-00542exitkWh/h,1,Physical Flow,hour,2022-01-11T07:00:00+01:00,2022-01-11T08:00:00+01:00,BE-TSO-0001,21X-BE-A-A0A0A-Y,Fluxys Belgium,ITP-00542,VIP Belgium - NCG,21Z000000000497Z,exit,kWh/h,,,6962497,2022-02-27T02:11:08+01:00,,Confirmed,,,,,True,,,True,PRISMA,,https://platform.prisma-capacity.eu/,,Cross-Border Transmission IP within EU,0,False
1Physical Flowhour2022-01-11 07:00:00 +00:002022-01-11 08:00:00 +00:00BE-TSO-0001ITP-00542exitkWh/h,1,Physical Flow,hour,2022-01-11T08:00:00+01:00,2022-01-11T09:00:00+01:00,BE-TSO-0001,21X-BE-A-A0A0A-Y,Fluxys Belgium,ITP-00542,VIP Belgium - NCG,21Z000000000497Z,exit,kWh/h,,,6969126,2022-02-27T02:11:08+01:00,,Confirmed,,,,,True,,,True,PRISMA,,https://platform.prisma-capacity.eu/,,Cross-Border Transmission IP within EU,0,False
1Physical Flowhour2022-01-11 08:00:00 +00:002022-01-11 09:00:00 +00:00BE-TSO-0001ITP-00542exitkWh/h,1,Physical Flow,hour,2022-01-11T09:00:00+01:00,2022-01-11T10:00:00+01:00,BE-TSO-0001,21X-BE-A-A0A0A-Y,Fluxys Belgium,ITP-00542,VIP Belgium - NCG,21Z000000000497Z,exit,kWh/h,,,6964046,2022-02-27T02:11:08+01:00,,Confirmed,,,,,True,,,True,PRISMA,,https://platform.prisma-capacity.eu/,,Cross-Border Transmission IP within EU,0,False
1Physical Flowhour2022-01-11 09:00:00 +00:002022-01-11 10:00:00 +00:00BE-TSO-0001ITP-00542exitkWh/h,1,Physical Flow,hour,2022-01-11T10:00:00+01:00,2022-01-11T11:00:00+01:00,BE-TSO-0001,21X-BE-A-A0A0A-Y,Fluxys Belgium,ITP-00542,VIP Belgium - NCG,21Z000000000497Z,exit,kWh/h,,,6969329,2022-02-27T02:11:08+01:00,,Confirmed,,,,,True,,,True,PRISMA,,https://platform.prisma-capacity.eu/,,Cross-Border Transmission IP within EU,0,False
1Physical Flowhour2022-01-11 10:00:00 +00:002022-01-11 11:00:00 +00:00BE-TSO-0001ITP-00542exitkWh/h,1,Physical Flow,hour,2022-01-11T11:00:00+01:00,2022-01-11T12:00:00+01:00,BE-TSO-0001,21X-BE-A-A0A0A-Y,Fluxys Belgium,ITP-00542,VIP Belgium - NCG,21Z000000000497Z,exit,kWh/h,,,7065342,2022-02-27T02:11:08+01:00,,Confirmed,,,,,True,,,True,PRISMA,,https://platform.prisma-capacity.eu/,,Cross-Border Transmission IP within EU,0,False
1Physical Flowhour2022-01-11 11:00:00 +00:002022-01-11 12:00:00 +00:00BE-TSO-0001ITP-00542exitkWh/h,1,Physical Flow,hour,2022-01-11T12:00:00+01:00,2022-01-11T13:00:00+01:00,BE-TSO-0001,21X-BE-A-A0A0A-Y,Fluxys Belgium,ITP-00542,VIP Belgium - NCG,21Z000000000497Z,exit,kWh/h,,,7063252,2022-02-27T02:11:08+01:00,,Confirmed,,,,,True,,,True,PRISMA,,https://platform.prisma-capacity.eu/,,Cross-Border Transmission IP within EU,0,False
1Physical Flowhour2022-01-11 12:00:00 +00:002022-01-11 13:00:00 +00:00BE-TSO-0001ITP-00542exitkWh/h,1,Physical Flow,hour,2022-01-11T13:00:00+01:00,2022-01-11T14:00:00+01:00,BE-TSO-0001,21X-BE-A-A0A0A-Y,Fluxys Belgium,ITP-00542,VIP Belgium - NCG,21Z000000000497Z,exit,kWh/h,,,7048021,2022-02-27T02:11:08+01:00,,Confirmed,,,,,True,,,True,PRISMA,,https://platform.prisma-capacity.eu/,,Cross-Border Transmission IP within EU,0,False
1Physical Flowhour2022-01-11 13:00:00 +00:002022-01-11 14:00:00 +00:00BE-TSO-0001ITP-00542exitkWh/h,1,Physical Flow,hour,2022-01-11T14:00:00+01:00,2022-01-11T15:00:00+01:00,BE-TSO-0001,21X-BE-A-A0A0A-Y,Fluxys Belgium,ITP-00542,VIP Belgium - NCG,21Z000000000497Z,exit,kWh/h,,,7069263,2022-02-27T02:11:08+01:00,,Confirmed,,,,,True,,,True,PRISMA,,https://platform.prisma-capacity.eu/,,Cross-Border Transmission IP within EU,0,False
1Physical Flowhour2022-01-11 14:00:00 +00:002022-01-11 15:00:00 +00:00BE-TSO-0001ITP-00542exitkWh/h,1,Physical Flow,hour,2022-01-11T15:00:00+01:00,2022-01-11T16:00:00+01:00,BE-TSO-0001,21X-BE-A-A0A0A-Y,Fluxys Belgium,ITP-00542,VIP Belgium - NCG,21Z000000000497Z,exit,kWh/h,,,7068456,2022-02-27T02:11:08+01:00,,Confirmed,,,,,True,,,True,PRISMA,,https://platform.prisma-capacity.eu/,,Cross-Border Transmission IP within EU,0,False
1Physical Flowhour2022-01-11 15:00:00 +00:002022-01-11 16:00:00 +00:00BE-TSO-0001ITP-00542exitkWh/h,1,Physical Flow,hour,2022-01-11T16:00:00+01:00,2022-01-11T17:00:00+01:00,BE-TSO-0001,21X-BE-A-A0A0A-Y,Fluxys Belgium,ITP-00542,VIP Belgium - NCG,21Z000000000497Z,exit,kWh/h,,,7079187,2022-02-27T02:11:08+01:00,,Confirmed,,,,,True,,,True,PRISMA,,https://platform.prisma-capacity.eu/,,Cross-Border Transmission IP within EU,0,False
1Physical Flowhour2022-01-11 16:00:00 +00:002022-01-11 17:00:00 +00:00BE-TSO-0001ITP-00542exitkWh/h,1,Physical Flow,hour,2022-01-11T17:00:00+01:00,2022-01-11T18:00:00+01:00,BE-TSO-0001,21X-BE-A-A0A0A-Y,Fluxys Belgium,ITP-00542,VIP Belgium - NCG,21Z000000000497Z,exit,kWh/h,,,7078373,2022-02-27T02:11:08+01:00,,Confirmed,,,,,True,,,True,PRISMA,,https://platform.prisma-capacity.eu/,,Cross-Border Transmission IP within EU,0,False
1Physical Flowhour2022-01-11 17:00:00 +00:002022-01-11 18:00:00 +00:00BE-TSO-0001ITP-00542exitkWh/h,1,Physical Flow,hour,2022-01-11T18:00:00+01:00,2022-01-11T19:00:00+01:00,BE-TSO-0001,21X-BE-A-A0A0A-Y,Fluxys Belgium,ITP-00542,VIP Belgium - NCG,21Z000000000497Z,exit,kWh/h,,,7076609,2022-02-27T02:11:08+01:00,,Confirmed,,,,,True,,,True,PRISMA,,https://platform.prisma-capacity.eu/,,Cross-Border Transmission IP within EU,0,False
1Physical Flowhour2022-01-11 18:00:00 +00:002022-01-11 19:00:00 +00:00BE-TSO-0001ITP-00542exitkWh/h,1,Physical Flow,hour,2022-01-11T19:00:00+01:00,2022-01-11T20:00:00+01:00,BE-TSO-0001,21X-BE-A-A0A0A-Y,Fluxys Belgium,ITP-00542,VIP Belgium - NCG,21Z000000000497Z,exit,kWh/h,,,7127937,2022-02-27T02:11:08+01:00,,Confirmed,,,,,True,,,True,PRISMA,,https://platform.prisma-capacity.eu/,,Cross-Border Transmission IP within EU,0,False
1Physical Flowhour2022-01-11 19:00:00 +00:002022-01-11 20:00:00 +00:00BE-TSO-0001ITP-00542exitkWh/h,1,Physical Flow,hour,2022-01-11T20:00:00+01:00,2022-01-11T21:00:00+01:00,BE-TSO-0001,21X-BE-A-A0A0A-Y,Fluxys Belgium,ITP-00542,VIP Belgium - NCG,21Z000000000497Z,exit,kWh/h,,,7309497,2022-02-27T02:11:08+01:00,,Confirmed,,,,,True,,,True,PRISMA,,https://platform.prisma-capacity.eu/,,Cross-Border Transmission IP within EU,0,False
1Physical Flowhour2022-01-11 20:00:00 +00:002022-01-11 21:00:00 +00:00BE-TSO-0001ITP-00542exitkWh/h,1,Physical Flow,hour,2022-01-11T21:00:00+01:00,2022-01-11T22:00:00+01:00,BE-TSO-0001,21X-BE-A-A0A0A-Y,Fluxys Belgium,ITP-00542,VIP Belgium - NCG,21Z000000000497Z,exit,kWh/h,,,7620280,2022-02-27T02:11:08+01:00,,Confirmed,,,,,True,,,True,PRISMA,,https://platform.prisma-capacity.eu/,,Cross-Border Transmission IP within EU,0,False
1Physical Flowhour2022-01-11 21:00:00 +00:002022-01-11 22:00:00 +00:00BE-TSO-0001ITP-00542exitkWh/h,1,Physical Flow,hour,2022-01-11T22:00:00+01:00,2022-01-11T23:00:00+01:00,BE-TSO-0001,21X-BE-A-A0A0A-Y,Fluxys Belgium,ITP-00542,VIP Belgium - NCG,21Z000000000497Z,exit,kWh/h,,,7619434,2022-02-27T02:11:08+01:00,,Confirmed,,,,,True,,,True,PRISMA,,https://platform.prisma-capacity.eu/,,Cross-Border Transmission IP within EU,0,False
1Physical Flowhour2022-01-11 22:00:00 +00:002022-01-11 23:00:00 +00:00BE-TSO-0001ITP-00542exitkWh/h,1,Physical Flow,hour,2022-01-11T23:00:00+01:00,2022-01-12T00:00:00+01:00,BE-TSO-0001,21X-BE-A-A0A0A-Y,Fluxys Belgium,ITP-00542,VIP Belgium - NCG,21Z000000000497Z,exit,kWh/h,,,7616931,2022-02-27T02:11:08+01:00,,Confirmed,,,,,True,,,True,PRISMA,,https://platform.prisma-capacity.eu/,,Cross-Border Transmission IP within EU,0,False
1Physical Flowhour2022-01-11 23:00:00 +00:002022-01-12 00:00:00 +00:00BE-TSO-0001ITP-00542exitkWh/h,1,Physical Flow,hour,2022-01-12T00:00:00+01:00,2022-01-12T01:00:00+01:00,BE-TSO-0001,21X-BE-A-A0A0A-Y,Fluxys Belgium,ITP-00542,VIP Belgium - NCG,21Z000000000497Z,exit,kWh/h,,,7618186,2022-02-27T02:11:08+01:00,,Confirmed,,,,,True,,,True,PRISMA,,https://platform.prisma-capacity.eu/,,Cross-Border Transmission IP within EU,0,False
1Physical Flowhour2022-01-12 00:00:00 +00:002022-01-12 01:00:00 +00:00BE-TSO-0001ITP-00542exitkWh/h,1,Physical Flow,hour,2022-01-12T01:00:00+01:00,2022-01-12T02:00:00+01:00,BE-TSO-0001,21X-BE-A-A0A0A-Y,Fluxys Belgium,ITP-00542,VIP Belgium - NCG,21Z000000000497Z,exit,kWh/h,,,7617270,2022-02-27T02:11:08+01:00,,Confirmed,,,,,True,,,True,PRISMA,,https://platform.prisma-capacity.eu/,,Cross-Border Transmission IP within EU,0,False
1Physical Flowhour2022-01-12 01:00:00 +00:002022-01-12 02:00:00 +00:00BE-TSO-0001ITP-00542exitkWh/h,1,Physical Flow,hour,2022-01-12T02:00:00+01:00,2022-01-12T03:00:00+01:00,BE-TSO-0001,21X-BE-A-A0A0A-Y,Fluxys Belgium,ITP-00542,VIP Belgium - NCG,21Z000000000497Z,exit,kWh/h,,,7113261,2022-02-27T02:11:08+01:00,,Confirmed,,,,,True,,,True,PRISMA,,https://platform.prisma-capacity.eu/,,Cross-Border Transmission IP within EU,0,False
1Physical Flowhour2022-01-12 02:00:00 +00:002022-01-12 03:00:00 +00:00BE-TSO-0001ITP-00542exitkWh/h,1,Physical Flow,hour,2022-01-12T03:00:00+01:00,2022-01-12T04:00:00+01:00,BE-TSO-0001,21X-BE-A-A0A0A-Y,Fluxys Belgium,ITP-00542,VIP Belgium - NCG,21Z000000000497Z,exit,kWh/h,,,7051929,2022-02-27T02:11:08+01:00,,Confirmed,,,,,True,,,True,PRISMA,,https://platform.prisma-capacity.eu/,,Cross-Border Transmission IP within EU,0,False
1Physical Flowhour2022-01-12 03:00:00 +00:002022-01-12 04:00:00 +00:00BE-TSO-0001ITP-00542exitkWh/h,1,Physical Flow,hour,2022-01-12T04:00:00+01:00,2022-01-12T05:00:00+01:00,BE-TSO-0001,21X-BE-A-A0A0A-Y,Fluxys Belgium,ITP-00542,VIP Belgium - NCG,21Z000000000497Z,exit,kWh/h,,,7062286,2022-02-27T02:11:08+01:00,,Confirmed,,,,,True,,,True,PRISMA,,https://platform.prisma-capacity.eu/,,Cross-Border Transmission IP within EU,0,False
1Physical Flowhour2022-01-12 04:00:00 +00:002022-01-12 05:00:00 +00:00BE-TSO-0001ITP-00542exitkWh/h,1,Physical Flow,hour,2022-01-12T05:00:00+01:00,2022-01-12T06:00:00+01:00,BE-TSO-0001,21X-BE-A-A0A0A-Y,Fluxys Belgium,ITP-00542,VIP Belgium - NCG,21Z000000000497Z,exit,kWh/h,,,6833109,2022-02-27T02:11:08+01:00,,Confirmed,,,,,True,,,True,PRISMA,,https://platform.prisma-capacity.eu/,,Cross-Border Transmission IP within EU,0,False
1Physical Flowhour2022-01-12 05:00:00 +00:002022-01-12 06:00:00 +00:00BE-TSO-0001ITP-00542exitkWh/h,1,Physical Flow,hour,2022-01-12T06:00:00+01:00,2022-01-12T07:00:00+01:00,BE-TSO-0001,21X-BE-A-A0A0A-Y,Fluxys Belgium,ITP-00542,VIP Belgium - NCG,21Z000000000497Z,exit,kWh/h,,,8582644,2022-02-27T02:11:08+01:00,,Confirmed,,,,,True,,,True,PRISMA,,https://platform.prisma-capacity.eu/,,Cross-Border Transmission IP within EU,0,False
1Physical Flowhour2022-01-12 06:00:00 +00:002022-01-12 07:00:00 +00:00BE-TSO-0001ITP-00542exitkWh/h,1,Physical Flow,hour,2022-01-12T07:00:00+01:00,2022-01-12T08:00:00+01:00,BE-TSO-0001,21X-BE-A-A0A0A-Y,Fluxys Belgium,ITP-00542,VIP Belgium - NCG,21Z000000000497Z,exit,kWh/h,,,9223231,2022-02-27T02:11:08+01:00,,Confirmed,,,,,True,,,True,PRISMA,,https://platform.prisma-capacity.eu/,,Cross-Border Transmission IP within EU,0,False
1Physical Flowhour2022-01-12 07:00:00 +00:002022-01-12 08:00:00 +00:00BE-TSO-0001ITP-00542exitkWh/h,1,Physical Flow,hour,2022-01-12T08:00:00+01:00,2022-01-12T09:00:00+01:00,BE-TSO-0001,21X-BE-A-A0A0A-Y,Fluxys Belgium,ITP-00542,VIP Belgium - NCG,21Z000000000497Z,exit,kWh/h,,,9513001,2022-02-27T02:11:08+01:00,,Confirmed,,,,,True,,,True,PRISMA,,https://platform.prisma-capacity.eu/,,Cross-Border Transmission IP within EU,0,False
1Physical Flowhour2022-01-12 08:00:00 +00:002022-01-12 09:00:00 +00:00BE-TSO-0001ITP-00542exitkWh/h,1,Physical Flow,hour,2022-01-12T09:00:00+01:00,2022-01-12T10:00:00+01:00,BE-TSO-0001,21X-BE-A-A0A0A-Y,Fluxys Belgium,ITP-00542,VIP Belgium - NCG,21Z000000000497Z,exit,kWh/h,,,9505899,2022-02-27T02:11:08+01:00,,Confirmed,,,,,True,,,True,PRISMA,,https://platform.prisma-capacity.eu/,,Cross-Border Transmission IP within EU,0,False
1Physical Flowhour2022-01-12 09:00:00 +00:002022-01-12 10:00:00 +00:00BE-TSO-0001ITP-00542exitkWh/h,1,Physical Flow,hour,2022-01-12T10:00:00+01:00,2022-01-12T11:00:00+01:00,BE-TSO-0001,21X-BE-A-A0A0A-Y,Fluxys Belgium,ITP-00542,VIP Belgium - NCG,21Z000000000497Z,exit,kWh/h,,,9504055,2022-02-27T02:11:08+01:00,,Confirmed,,,,,True,,,True,PRISMA,,https://platform.prisma-capacity.eu/,,Cross-Border Transmission IP within EU,0,False
1Physical Flowhour2022-01-12 10:00:00 +00:002022-01-12 11:00:00 +00:00BE-TSO-0001ITP-00542exitkWh/h,1,Physical Flow,hour,2022-01-12T11:00:00+01:00,2022-01-12T12:00:00+01:00,BE-TSO-0001,21X-BE-A-A0A0A-Y,Fluxys Belgium,ITP-00542,VIP Belgium - NCG,21Z000000000497Z,exit,kWh/h,,,9806306,2022-02-27T02:11:08+01:00,,Confirmed,,,,,True,,,True,PRISMA,,https://platform.prisma-capacity.eu/,,Cross-Border Transmission IP within EU,0,False
1Physical Flowhour2022-01-12 11:00:00 +00:002022-01-12 12:00:00 +00:00BE-TSO-0001ITP-00542exitkWh/h,1,Physical Flow,hour,2022-01-12T12:00:00+01:00,2022-01-12T13:00:00+01:00,BE-TSO-0001,21X-BE-A-A0A0A-Y,Fluxys Belgium,ITP-00542,VIP Belgium - NCG,21Z000000000497Z,exit,kWh/h,,,9314986,2022-02-27T02:11:08+01:00,,Confirmed,,,,,True,,,True,PRISMA,,https://platform.prisma-capacity.eu/,,Cross-Border Transmission IP within EU,0,False
1Physical Flowhour2022-01-12 12:00:00 +00:002022-01-12 13:00:00 +00:00BE-TSO-0001ITP-00542exitkWh/h,1,Physical Flow,hour,2022-01-12T13:00:00+01:00,2022-01-12T14:00:00+01:00,BE-TSO-0001,21X-BE-A-A0A0A-Y,Fluxys Belgium,ITP-00542,VIP Belgium - NCG,21Z000000000497Z,exit,kWh/h,,,9059145,2022-02-27T02:11:08+01:00,,Confirmed,,,,,True,,,True,PRISMA,,https://platform.prisma-capacity.eu/,,Cross-Border Transmission IP within EU,0,False
1Physical Flowhour2022-01-12 13:00:00 +00:002022-01-12 14:00:00 +00:00BE-TSO-0001ITP-00542exitkWh/h,1,Physical Flow,hour,2022-01-12T14:00:00+01:00,2022-01-12T15:00:00+01:00,BE-TSO-0001,21X-BE-A-A0A0A-Y,Fluxys Belgium,ITP-00542,VIP Belgium - NCG,21Z000000000497Z,exit,kWh/h,,,9608082,2022-02-27T02:11:08+01:00,,Confirmed,,,,,True,,,True,PRISMA,,https://platform.prisma-capacity.eu/,,Cross-Border Transmission IP within EU,0,False
1Physical Flowhour2022-01-12 14:00:00 +00:002022-01-12 15:00:00 +00:00BE-TSO-0001ITP-00542exitkWh/h,1,Physical Flow,hour,2022-01-12T15:00:00+01:00,2022-01-12T16:00:00+01:00,BE-TSO-0001,21X-BE-A-A0A0A-Y,Fluxys Belgium,ITP-00542,VIP Belgium - NCG,21Z000000000497Z,exit,kWh/h,,,9004690,2022-02-27T02:11:08+01:00,,Confirmed,,,,,True,,,True,PRISMA,,https://platform.prisma-capacity.eu/,,Cross-Border Transmission IP within EU,0,False
1Physical Flowhour2022-01-12 15:00:00 +00:002022-01-12 16:00:00 +00:00BE-TSO-0001ITP-00542exitkWh/h,1,Physical Flow,hour,2022-01-12T16:00:00+01:00,2022-01-12T17:00:00+01:00,BE-TSO-0001,21X-BE-A-A0A0A-Y,Fluxys Belgium,ITP-00542,VIP Belgium - NCG,21Z000000000497Z,exit,kWh/h,,,8793575,2022-02-27T02:11:08+01:00,,Confirmed,,,,,True,,,True,PRISMA,,https://platform.prisma-capacity.eu/,,Cross-Border Transmission IP within EU,0,False
1Physical Flowhour2022-01-12 16:00:00 +00:002022-01-12 17:00:00 +00:00BE-TSO-0001ITP-00542exitkWh/h,1,Physical Flow,hour,2022-01-12T17:00:00+01:00,2022-01-12T18:00:00+01:00,BE-TSO-0001,21X-BE-A-A0A0A-Y,Fluxys Belgium,ITP-00542,VIP Belgium - NCG,21Z000000000497Z,exit,kWh/h,,,9100180,2022-02-27T02:11:08+01:00,,Confirmed,,,,,True,,,True,PRISMA,,https://platform.prisma-capacity.eu/,,Cross-Border Transmission IP within EU,0,False
1Physical Flowhour2022-01-12 17:00:00 +00:002022-01-12 18:00:00 +00:00BE-TSO-0001ITP-00542exitkWh/h,1,Physical Flow,hour,2022-01-12T18:00:00+01:00,2022-01-12T19:00:00+01:00,BE-TSO-0001,21X-BE-A-A0A0A-Y,Fluxys Belgium,ITP-00542,VIP Belgium - NCG,21Z000000000497Z,exit,kWh/h,,,9752166,2022-02-27T02:11:08+01:00,,Confirmed,,,,,True,,,True,PRISMA,,https://platform.prisma-capacity.eu/,,Cross-Border Transmission IP within EU,0,False
1Physical Flowhour2022-01-12 18:00:00 +00:002022-01-12 19:00:00 +00:00BE-TSO-0001ITP-00542exitkWh/h,1,Physical Flow,hour,2022-01-12T19:00:00+01:00,2022-01-12T20:00:00+01:00,BE-TSO-0001,21X-BE-A-A0A0A-Y,Fluxys Belgium,ITP-00542,VIP Belgium - NCG,21Z000000000497Z,exit,kWh/h,,,10121657,2022-02-27T02:11:08+01:00,,Confirmed,,,,,True,,,True,PRISMA,,https://platform.prisma-capacity.eu/,,Cross-Border Transmission IP within EU,0,False
1Physical Flowhour2022-01-12 19:00:00 +00:002022-01-12 20:00:00 +00:00BE-TSO-0001ITP-00542exitkWh/h,1,Physical Flow,hour,2022-01-12T20:00:00+01:00,2022-01-12T21:00:00+01:00,BE-TSO-0001,21X-BE-A-A0A0A-Y,Fluxys Belgium,ITP-00542,VIP Belgium - NCG,21Z000000000497Z,exit,kWh/h,,,9119937,2022-02-27T02:11:08+01:00,,Confirmed,,,,,True,,,True,PRISMA,,https://platform.prisma-capacity.eu/,,Cross-Border Transmission IP within EU,0,False
1Physical Flowhour2022-01-12 20:00:00 +00:002022-01-12 21:00:00 +00:00BE-TSO-0001ITP-00542exitkWh/h,1,Physical Flow,hour,2022-01-12T21:00:00+01:00,2022-01-12T22:00:00+01:00,BE-TSO-0001,21X-BE-A-A0A0A-Y,Fluxys Belgium,ITP-00542,VIP Belgium - NCG,21Z000000000497Z,exit,kWh/h,,,9123260,2022-02-27T02:11:08+01:00,,Confirmed,,,,,True,,,True,PRISMA,,https://platform.prisma-capacity.eu/,,Cross-Border Transmission IP within EU,0,False
1Physical Flowhour2022-01-12 21:00:00 +00:002022-01-12 22:00:00 +00:00BE-TSO-0001ITP-00542exitkWh/h,1,Physical Flow,hour,2022-01-12T22:00:00+01:00,2022-01-12T23:00:00+01:00,BE-TSO-0001,21X-BE-A-A0A0A-Y,Fluxys Belgium,ITP-00542,VIP Belgium - NCG,21Z000000000497Z,exit,kWh/h,,,9120481,2022-02-27T02:11:08+01:00,,Confirmed,,,,,True,,,True,PRISMA,,https://platform.prisma-capacity.eu/,,Cross-Border Transmission IP within EU,0,False
1Physical Flowhour2022-01-12 22:00:00 +00:002022-01-12 23:00:00 +00:00BE-TSO-0001ITP-00542exitkWh/h,1,Physical Flow,hour,2022-01-12T23:00:00+01:00,2022-01-13T00:00:00+01:00,BE-TSO-0001,21X-BE-A-A0A0A-Y,Fluxys Belgium,ITP-00542,VIP Belgium - NCG,21Z000000000497Z,exit,kWh/h,,,9121279,2022-02-27T02:11:08+01:00,,Confirmed,,,,,True,,,True,PRISMA,,https://platform.prisma-capacity.eu/,,Cross-Border Transmission IP within EU,0,False
1Physical Flowhour2022-01-12 23:00:00 +00:002022-01-13 00:00:00 +00:00BE-TSO-0001ITP-00542exitkWh/h,1,Physical Flow,hour,2022-01-13T00:00:00+01:00,2022-01-13T01:00:00+01:00,BE-TSO-0001,21X-BE-A-A0A0A-Y,Fluxys Belgium,ITP-00542,VIP Belgium - NCG,21Z000000000497Z,exit,kWh/h,,,9119537,2022-02-27T02:11:08+01:00,,Confirmed,,,,,True,,,True,PRISMA,,https://platform.prisma-capacity.eu/,,Cross-Border Transmission IP within EU,0,False
1Physical Flowhour2022-01-13 00:00:00 +00:002022-01-13 01:00:00 +00:00BE-TSO-0001ITP-00542exitkWh/h,1,Physical Flow,hour,2022-01-13T01:00:00+01:00,2022-01-13T02:00:00+01:00,BE-TSO-0001,21X-BE-A-A0A0A-Y,Fluxys Belgium,ITP-00542,VIP Belgium - NCG,21Z000000000497Z,exit,kWh/h,,,9120690,2022-02-27T02:11:08+01:00,,Confirmed,,,,,True,,,True,PRISMA,,https://platform.prisma-capacity.eu/,,Cross-Border Transmission IP within EU,0,False
1Physical Flowhour2022-01-13 01:00:00 +00:002022-01-13 02:00:00 +00:00BE-TSO-0001ITP-00542exitkWh/h,1,Physical Flow,hour,2022-01-13T02:00:00+01:00,2022-01-13T03:00:00+01:00,BE-TSO-0001,21X-BE-A-A0A0A-Y,Fluxys Belgium,ITP-00542,VIP Belgium - NCG,21Z000000000497Z,exit,kWh/h,,,9118923,2022-02-27T02:11:08+01:00,,Confirmed,,,,,True,,,True,PRISMA,,https://platform.prisma-capacity.eu/,,Cross-Border Transmission IP within EU,0,False
1Physical Flowhour2022-01-13 02:00:00 +00:002022-01-13 03:00:00 +00:00BE-TSO-0001ITP-00542exitkWh/h,1,Physical Flow,hour,2022-01-13T03:00:00+01:00,2022-01-13T04:00:00+01:00,BE-TSO-0001,21X-BE-A-A0A0A-Y,Fluxys Belgium,ITP-00542,VIP Belgium - NCG,21Z000000000497Z,exit,kWh/h,,,9385732,2022-02-27T02:11:08+01:00,,Confirmed,,,,,True,,,True,PRISMA,,https://platform.prisma-capacity.eu/,,Cross-Border Transmission IP within EU,0,False
1Physical Flowhour2022-01-13 03:00:00 +00:002022-01-13 04:00:00 +00:00BE-TSO-0001ITP-00542exitkWh/h,1,Physical Flow,hour,2022-01-13T04:00:00+01:00,2022-01-13T05:00:00+01:00,BE-TSO-0001,21X-BE-A-A0A0A-Y,Fluxys Belgium,ITP-00542,VIP Belgium - NCG,21Z000000000497Z,exit,kWh/h,,,8979636,2022-02-27T02:11:08+01:00,,Confirmed,,,,,True,,,True,PRISMA,,https://platform.prisma-capacity.eu/,,Cross-Border Transmission IP within EU,0,False
1Physical Flowhour2022-01-13 04:00:00 +00:002022-01-13 05:00:00 +00:00BE-TSO-0001ITP-00542exitkWh/h,1,Physical Flow,hour,2022-01-13T05:00:00+01:00,2022-01-13T06:00:00+01:00,BE-TSO-0001,21X-BE-A-A0A0A-Y,Fluxys Belgium,ITP-00542,VIP Belgium - NCG,21Z000000000497Z,exit,kWh/h,,,8982842,2022-02-27T02:11:08+01:00,,Confirmed,,,,,True,,,True,PRISMA,,https://platform.prisma-capacity.eu/,,Cross-Border Transmission IP within EU,0,False
1Physical Flowhour2022-01-13 05:00:00 +00:002022-01-13 06:00:00 +00:00BE-TSO-0001ITP-00542exitkWh/h,1,Physical Flow,hour,2022-01-13T06:00:00+01:00,2022-01-13T07:00:00+01:00,BE-TSO-0001,21X-BE-A-A0A0A-Y,Fluxys Belgium,ITP-00542,VIP Belgium - NCG,21Z000000000497Z,exit,kWh/h,,,9031541,2022-02-27T02:11:08+01:00,,Confirmed,,,,,True,,,True,PRISMA,,https://platform.prisma-capacity.eu/,,Cross-Border Transmission IP within EU,0,False
1Physical Flowhour2022-01-13 06:00:00 +00:002022-01-13 07:00:00 +00:00BE-TSO-0001ITP-00542exitkWh/h,1,Physical Flow,hour,2022-01-13T07:00:00+01:00,2022-01-13T08:00:00+01:00,BE-TSO-0001,21X-BE-A-A0A0A-Y,Fluxys Belgium,ITP-00542,VIP Belgium - NCG,21Z000000000497Z,exit,kWh/h,,,9594169,2022-02-27T02:11:08+01:00,,Confirmed,,,,,True,,,True,PRISMA,,https://platform.prisma-capacity.eu/,,Cross-Border Transmission IP within EU,0,False
1Physical Flowhour2022-01-13 07:00:00 +00:002022-01-13 08:00:00 +00:00BE-TSO-0001ITP-00542exitkWh/h,1,Physical Flow,hour,2022-01-13T08:00:00+01:00,2022-01-13T09:00:00+01:00,BE-TSO-0001,21X-BE-A-A0A0A-Y,Fluxys Belgium,ITP-00542,VIP Belgium - NCG,21Z000000000497Z,exit,kWh/h,,,9591244,2022-02-27T02:11:08+01:00,,Confirmed,,,,,True,,,True,PRISMA,,https://platform.prisma-capacity.eu/,,Cross-Border Transmission IP within EU,0,False
1Physical Flowhour2022-01-13 08:00:00 +00:002022-01-13 09:00:00 +00:00BE-TSO-0001ITP-00542exitkWh/h,1,Physical Flow,hour,2022-01-13T09:00:00+01:00,2022-01-13T10:00:00+01:00,BE-TSO-0001,21X-BE-A-A0A0A-Y,Fluxys Belgium,ITP-00542,VIP Belgium - NCG,21Z000000000497Z,exit,kWh/h,,,9082795,2022-02-27T02:11:08+01:00,,Confirmed,,,,,True,,,True,PRISMA,,https://platform.prisma-capacity.eu/,,Cross-Border Transmission IP within EU,0,False
1Physical Flowhour2022-01-13 09:00:00 +00:002022-01-13 10:00:00 +00:00BE-TSO-0001ITP-00542exitkWh/h,1,Physical Flow,hour,2022-01-13T10:00:00+01:00,2022-01-13T11:00:00+01:00,BE-TSO-0001,21X-BE-A-A0A0A-Y,Fluxys Belgium,ITP-00542,VIP Belgium - NCG,21Z000000000497Z,exit,kWh/h,,,7270855,2022-02-27T02:11:08+01:00,,Confirmed,,,,,True,,,True,PRISMA,,https://platform.prisma-capacity.eu/,,Cross-Border Transmission IP within EU,0,False
1Physical Flowhour2022-01-13 10:00:00 +00:002022-01-13 11:00:00 +00:00BE-TSO-0001ITP-00542exitkWh/h,1,Physical Flow,hour,2022-01-13T11:00:00+01:00,2022-01-13T12:00:00+01:00,BE-TSO-0001,21X-BE-A-A0A0A-Y,Fluxys Belgium,ITP-00542,VIP Belgium - NCG,21Z000000000497Z,exit,kWh/h,,,9616746,2022-02-27T02:11:08+01:00,,Confirmed,,,,,True,,,True,PRISMA,,https://platform.prisma-capacity.eu/,,Cross-Border Transmission IP within EU,0,False
1Physical Flowhour2022-01-13 11:00:00 +00:002022-01-13 12:00:00 +00:00BE-TSO-0001ITP-00542exitkWh/h,1,Physical Flow,hour,2022-01-13T12:00:00+01:00,2022-01-13T13:00:00+01:00,BE-TSO-0001,21X-BE-A-A0A0A-Y,Fluxys Belgium,ITP-00542,VIP Belgium - NCG,21Z000000000497Z,exit,kWh/h,,,9851837,2022-02-27T02:11:08+01:00,,Confirmed,,,,,True,,,True,PRISMA,,https://platform.prisma-capacity.eu/,,Cross-Border Transmission IP within EU,0,False
1Physical Flowhour2022-01-13 12:00:00 +00:002022-01-13 13:00:00 +00:00BE-TSO-0001ITP-00542exitkWh/h,1,Physical Flow,hour,2022-01-13T13:00:00+01:00,2022-01-13T14:00:00+01:00,BE-TSO-0001,21X-BE-A-A0A0A-Y,Fluxys Belgium,ITP-00542,VIP Belgium - NCG,21Z000000000497Z,exit,kWh/h,,,9853946,2022-02-27T02:11:08+01:00,,Confirmed,,,,,True,,,True,PRISMA,,https://platform.prisma-capacity.eu/,,Cross-Border Transmission IP within EU,0,False
1Physical Flowhour2022-01-13 13:00:00 +00:002022-01-13 14:00:00 +00:00BE-TSO-0001ITP-00542exitkWh/h,1,Physical Flow,hour,2022-01-13T14:00:00+01:00,2022-01-13T15:00:00+01:00,BE-TSO-0001,21X-BE-A-A0A0A-Y,Fluxys Belgium,ITP-00542,VIP Belgium - NCG,21Z000000000497Z,exit,kWh/h,,,9852470,2022-02-27T02:11:08+01:00,,Confirmed,,,,,True,,,True,PRISMA,,https://platform.prisma-capacity.eu/,,Cross-Border Transmission IP within EU,0,False
1Physical Flowhour2022-01-13 14:00:00 +00:002022-01-13 15:00:00 +00:00BE-TSO-0001ITP-00542exitkWh/h,1,Physical Flow,hour,2022-01-13T15:00:00+01:00,2022-01-13T16:00:00+01:00,BE-TSO-0001,21X-BE-A-A0A0A-Y,Fluxys Belgium,ITP-00542,VIP Belgium - NCG,21Z000000000497Z,exit,kWh/h,,,9920579,2022-02-27T02:11:08+01:00,,Confirmed,,,,,True,,,True,PRISMA,,https://platform.prisma-capacity.eu/,,Cross-Border Transmission IP within EU,0,False
1Physical Flowhour2022-01-13 15:00:00 +00:002022-01-13 16:00:00 +00:00BE-TSO-0001ITP-00542exitkWh/h,1,Physical Flow,hour,2022-01-13T16:00:00+01:00,2022-01-13T17:00:00+01:00,BE-TSO-0001,21X-BE-A-A0A0A-Y,Fluxys Belgium,ITP-00542,VIP Belgium - NCG,21Z000000000497Z,exit,kWh/h,,,9846412,2022-02-27T02:11:08+01:00,,Confirmed,,,,,True,,,True,PRISMA,,https://platform.prisma-capacity.eu/,,Cross-Border Transmission IP within EU,0,False
1Physical Flowhour2022-01-13 16:00:00 +00:002022-01-13 17:00:00 +00:00BE-TSO-0001ITP-00542exitkWh/h,1,Physical Flow,hour,2022-01-13T17:00:00+01:00,2022-01-13T18:00:00+01:00,BE-TSO-0001,21X-BE-A-A0A0A-Y,Fluxys Belgium,ITP-00542,VIP Belgium - NCG,21Z000000000497Z,exit,kWh/h,,,9847502,2022-02-27T02:11:08+01:00,,Confirmed,,,,,True,,,True,PRISMA,,https://platform.prisma-capacity.eu/,,Cross-Border Transmission IP within EU,0,False
1Physical Flowhour2022-01-13 17:00:00 +00:002022-01-13 18:00:00 +00:00BE-TSO-0001ITP-00542exitkWh/h,1,Physical Flow,hour,2022-01-13T18:00:00+01:00,2022-01-13T19:00:00+01:00,BE-TSO-0001,21X-BE-A-A0A0A-Y,Fluxys Belgium,ITP-00542,VIP Belgium - NCG,21Z000000000497Z,exit,kWh/h,,,9845401,2022-02-27T02:11:08+01:00,,Confirmed,,,,,True,,,True,PRISMA,,https://platform.prisma-capacity.eu/,,Cross-Border Transmission IP within EU,0,False
1Physical Flowhour2022-01-13 18:00:00 +00:002022-01-13 19:00:00 +00:00BE-TSO-0001ITP-00542exitkWh/h,1,Physical Flow,hour,2022-01-13T19:00:00+01:00,2022-01-13T20:00:00+01:00,BE-TSO-0001,21X-BE-A-A0A0A-Y,Fluxys Belgium,ITP-00542,VIP Belgium - NCG,21Z000000000497Z,exit,kWh/h,,,9846969,2022-02-27T02:11:08+01:00,,Confirmed,,,,,True,,,True,PRISMA,,https://platform.prisma-capacity.eu/,,Cross-Border Transmission IP within EU,0,False
1Physical Flowhour2022-01-13 19:00:00 +00:002022-01-13 20:00:00 +00:00BE-TSO-0001ITP-00542exitkWh/h,1,Physical Flow,hour,2022-01-13T20:00:00+01:00,2022-01-13T21:00:00+01:00,BE-TSO-0001,21X-BE-A-A0A0A-Y,Fluxys Belgium,ITP-00542,VIP Belgium - NCG,21Z000000000497Z,exit,kWh/h,,,9846316,2022-02-27T02:11:08+01:00,,Confirmed,,,,,True,,,True,PRISMA,,https://platform.prisma-capacity.eu/,,Cross-Border Transmission IP within EU,0,False
1Physical Flowhour2022-01-13 20:00:00 +00:002022-01-13 21:00:00 +00:00BE-TSO-0001ITP-00542exitkWh/h,1,Physical Flow,hour,2022-01-13T21:00:00+01:00,2022-01-13T22:00:00+01:00,BE-TSO-0001,21X-BE-A-A0A0A-Y,Fluxys Belgium,ITP-00542,VIP Belgium - NCG,21Z000000000497Z,exit,kWh/h,,,8639134,2022-02-27T02:11:08+01:00,,Confirmed,,,,,True,,,True,PRISMA,,https://platform.prisma-capacity.eu/,,Cross-Border Transmission IP within EU,0,False
1Physical Flowhour2022-01-13 21:00:00 +00:002022-01-13 22:00:00 +00:00BE-TSO-0001ITP-00542exitkWh/h,1,Physical Flow,hour,2022-01-13T22:00:00+01:00,2022-01-13T23:00:00+01:00,BE-TSO-0001,21X-BE-A-A0A0A-Y,Fluxys Belgium,ITP-00542,VIP Belgium - NCG,21Z000000000497Z,exit,kWh/h,,,8643758,2022-02-27T02:11:08+01:00,,Confirmed,,,,,True,,,True,PRISMA,,https://platform.prisma-capacity.eu/,,Cross-Border Transmission IP within EU,0,False
1Physical Flowhour2022-01-13 22:00:00 +00:002022-01-13 23:00:00 +00:00BE-TSO-0001ITP-00542exitkWh/h,1,Physical Flow,hour,2022-01-13T23:00:00+01:00,2022-01-14T00:00:00+01:00,BE-TSO-0001,21X-BE-A-A0A0A-Y,Fluxys Belgium,ITP-00542,VIP Belgium - NCG,21Z000000000497Z,exit,kWh/h,,,8532991,2022-02-27T02:11:08+01:00,,Confirmed,,,,,True,,,True,PRISMA,,https://platform.prisma-capacity.eu/,,Cross-Border Transmission IP within EU,0,False
1Physical Flowhour2022-01-13 23:00:00 +00:002022-01-14 00:00:00 +00:00BE-TSO-0001ITP-00542exitkWh/h,1,Physical Flow,hour,2022-01-14T00:00:00+01:00,2022-01-14T01:00:00+01:00,BE-TSO-0001,21X-BE-A-A0A0A-Y,Fluxys Belgium,ITP-00542,VIP Belgium - NCG,21Z000000000497Z,exit,kWh/h,,,8511042,2022-02-27T02:11:08+01:00,,Confirmed,,,,,True,,,True,PRISMA,,https://platform.prisma-capacity.eu/,,Cross-Border Transmission IP within EU,0,False
1Physical Flowhour2022-01-14 00:00:00 +00:002022-01-14 01:00:00 +00:00BE-TSO-0001ITP-00542exitkWh/h,1,Physical Flow,hour,2022-01-14T01:00:00+01:00,2022-01-14T02:00:00+01:00,BE-TSO-0001,21X-BE-A-A0A0A-Y,Fluxys Belgium,ITP-00542,VIP Belgium - NCG,21Z000000000497Z,exit,kWh/h,,,7764616,2022-02-27T02:11:08+01:00,,Confirmed,,,,,True,,,True,PRISMA,,https://platform.prisma-capacity.eu/,,Cross-Border Transmission IP within EU,0,False
1Physical Flowhour2022-01-14 01:00:00 +00:002022-01-14 02:00:00 +00:00BE-TSO-0001ITP-00542exitkWh/h,1,Physical Flow,hour,2022-01-14T02:00:00+01:00,2022-01-14T03:00:00+01:00,BE-TSO-0001,21X-BE-A-A0A0A-Y,Fluxys Belgium,ITP-00542,VIP Belgium - NCG,21Z000000000497Z,exit,kWh/h,,,7541046,2022-02-27T02:11:08+01:00,,Confirmed,,,,,True,,,True,PRISMA,,https://platform.prisma-capacity.eu/,,Cross-Border Transmission IP within EU,0,False
1Physical Flowhour2022-01-14 02:00:00 +00:002022-01-14 03:00:00 +00:00BE-TSO-0001ITP-00542exitkWh/h,1,Physical Flow,hour,2022-01-14T03:00:00+01:00,2022-01-14T04:00:00+01:00,BE-TSO-0001,21X-BE-A-A0A0A-Y,Fluxys Belgium,ITP-00542,VIP Belgium - NCG,21Z000000000497Z,exit,kWh/h,,,7478209,2022-02-27T02:11:08+01:00,,Confirmed,,,,,True,,,True,PRISMA,,https://platform.prisma-capacity.eu/,,Cross-Border Transmission IP within EU,0,False
1Physical Flowhour2022-01-14 03:00:00 +00:002022-01-14 04:00:00 +00:00BE-TSO-0001ITP-00542exitkWh/h,1,Physical Flow,hour,2022-01-14T04:00:00+01:00,2022-01-14T05:00:00+01:00,BE-TSO-0001,21X-BE-A-A0A0A-Y,Fluxys Belgium,ITP-00542,VIP Belgium - NCG,21Z000000000497Z,exit,kWh/h,,,7437852,2022-02-27T02:11:08+01:00,,Confirmed,,,,,True,,,True,PRISMA,,https://platform.prisma-capacity.eu/,,Cross-Border Transmission IP within EU,0,False
1Physical Flowhour2022-01-14 04:00:00 +00:002022-01-14 05:00:00 +00:00BE-TSO-0001ITP-00542exitkWh/h,1,Physical Flow,hour,2022-01-14T05:00:00+01:00,2022-01-14T06:00:00+01:00,BE-TSO-0001,21X-BE-A-A0A0A-Y,Fluxys Belgium,ITP-00542,VIP Belgium - NCG,21Z000000000497Z,exit,kWh/h,,,7990398,2022-02-27T02:11:08+01:00,,Confirmed,,,,,True,,,True,PRISMA,,https://platform.prisma-capacity.eu/,,Cross-Border Transmission IP within EU,0,False
1Physical Flowhour2022-01-14 05:00:00 +00:002022-01-14 06:00:00 +00:00BE-TSO-0001ITP-00542exitkWh/h,1,Physical Flow,hour,2022-01-14T06:00:00+01:00,2022-01-14T07:00:00+01:00,BE-TSO-0001,21X-BE-A-A0A0A-Y,Fluxys Belgium,ITP-00542,VIP Belgium - NCG,21Z000000000497Z,exit,kWh/h,,,8003880,2022-02-27T02:11:08+01:00,,Confirmed,,,,,True,,,True,PRISMA,,https://platform.prisma-capacity.eu/,,Cross-Border Transmission IP within EU,0,False
1Physical Flowhour2022-01-14 06:00:00 +00:002022-01-14 07:00:00 +00:00BE-TSO-0001ITP-00542exitkWh/h,1,Physical Flow,hour,2022-01-14T07:00:00+01:00,2022-01-14T08:00:00+01:00,BE-TSO-0001,21X-BE-A-A0A0A-Y,Fluxys Belgium,ITP-00542,VIP Belgium - NCG,21Z000000000497Z,exit,kWh/h,,,8369505,2022-02-27T02:11:08+01:00,,Confirmed,,,,,True,,,True,PRISMA,,https://platform.prisma-capacity.eu/,,Cross-Border Transmission IP within EU,0,False
1Physical Flowhour2022-01-14 07:00:00 +00:002022-01-14 08:00:00 +00:00BE-TSO-0001ITP-00542exitkWh/h,1,Physical Flow,hour,2022-01-14T08:00:00+01:00,2022-01-14T09:00:00+01:00,BE-TSO-0001,21X-BE-A-A0A0A-Y,Fluxys Belgium,ITP-00542,VIP Belgium - NCG,21Z000000000497Z,exit,kWh/h,,,8367761,2022-02-27T02:11:08+01:00,,Confirmed,,,,,True,,,True,PRISMA,,https://platform.prisma-capacity.eu/,,Cross-Border Transmission IP within EU,0,False
1Physical Flowhour2022-01-14 08:00:00 +00:002022-01-14 09:00:00 +00:00BE-TSO-0001ITP-00542exitkWh/h,1,Physical Flow,hour,2022-01-14T09:00:00+01:00,2022-01-14T10:00:00+01:00,BE-TSO-0001,21X-BE-A-A0A0A-Y,Fluxys Belgium,ITP-00542,VIP Belgium - NCG,21Z000000000497Z,exit,kWh/h,,,8406492,2022-02-27T02:11:08+01:00,,Confirmed,,,,,True,,,True,PRISMA,,https://platform.prisma-capacity.eu/,,Cross-Border Transmission IP within EU,0,False
1Physical Flowhour2022-01-14 09:00:00 +00:002022-01-14 10:00:00 +00:00BE-TSO-0001ITP-00542exitkWh/h,1,Physical Flow,hour,2022-01-14T10:00:00+01:00,2022-01-14T11:00:00+01:00,BE-TSO-0001,21X-BE-A-A0A0A-Y,Fluxys Belgium,ITP-00542,VIP Belgium - NCG,21Z000000000497Z,exit,kWh/h,,,8365557,2022-02-27T02:11:08+01:00,,Confirmed,,,,,True,,,True,PRISMA,,https://platform.prisma-capacity.eu/,,Cross-Border Transmission IP within EU,0,False
1Physical Flowhour2022-01-14 10:00:00 +00:002022-01-14 11:00:00 +00:00BE-TSO-0001ITP-00542exitkWh/h,1,Physical Flow,hour,2022-01-14T11:00:00+01:00,2022-01-14T12:00:00+01:00,BE-TSO-0001,21X-BE-A-A0A0A-Y,Fluxys Belgium,ITP-00542,VIP Belgium - NCG,21Z000000000497Z,exit,kWh/h,,,8315957,2022-02-27T02:11:08+01:00,,Confirmed,,,,,True,,,True,PRISMA,,https://platform.prisma-capacity.eu/,,Cross-Border Transmission IP within EU,0,False
1Physical Flowhour2022-01-14 11:00:00 +00:002022-01-14 12:00:00 +00:00BE-TSO-0001ITP-00542exitkWh/h,1,Physical Flow,hour,2022-01-14T12:00:00+01:00,2022-01-14T13:00:00+01:00,BE-TSO-0001,21X-BE-A-A0A0A-Y,Fluxys Belgium,ITP-00542,VIP Belgium - NCG,21Z000000000497Z,exit,kWh/h,,,8313664,2022-02-27T02:11:08+01:00,,Confirmed,,,,,True,,,True,PRISMA,,https://platform.prisma-capacity.eu/,,Cross-Border Transmission IP within EU,0,False
1Physical Flowhour2022-01-14 12:00:00 +00:002022-01-14 13:00:00 +00:00BE-TSO-0001ITP-00542exitkWh/h,1,Physical Flow,hour,2022-01-14T13:00:00+01:00,2022-01-14T14:00:00+01:00,BE-TSO-0001,21X-BE-A-A0A0A-Y,Fluxys Belgium,ITP-00542,VIP Belgium - NCG,21Z000000000497Z,exit,kWh/h,,,7340962,2022-02-27T02:11:08+01:00,,Confirmed,,,,,True,,,True,PRISMA,,https://platform.prisma-capacity.eu/,,Cross-Border Transmission IP within EU,0,False
1Physical Flowhour2022-01-14 13:00:00 +00:002022-01-14 14:00:00 +00:00BE-TSO-0001ITP-00542exitkWh/h,1,Physical Flow,hour,2022-01-14T14:00:00+01:00,2022-01-14T15:00:00+01:00,BE-TSO-0001,21X-BE-A-A0A0A-Y,Fluxys Belgium,ITP-00542,VIP Belgium - NCG,21Z000000000497Z,exit,kWh/h,,,7345447,2022-02-27T02:11:08+01:00,,Confirmed,,,,,True,,,True,PRISMA,,https://platform.prisma-capacity.eu/,,Cross-Border Transmission IP within EU,0,False
1Physical Flowhour2022-01-14 14:00:00 +00:002022-01-14 15:00:00 +00:00BE-TSO-0001ITP-00542exitkWh/h,1,Physical Flow,hour,2022-01-14T15:00:00+01:00,2022-01-14T16:00:00+01:00,BE-TSO-0001,21X-BE-A-A0A0A-Y,Fluxys Belgium,ITP-00542,VIP Belgium - NCG,21Z000000000497Z,exit,kWh/h,,,8377612,2022-02-27T02:11:08+01:00,,Confirmed,,,,,True,,,True,PRISMA,,https://platform.prisma-capacity.eu/,,Cross-Border Transmission IP within EU,0,False
1Physical Flowhour2022-01-14 15:00:00 +00:002022-01-14 16:00:00 +00:00BE-TSO-0001ITP-00542exitkWh/h,1,Physical Flow,hour,2022-01-14T16:00:00+01:00,2022-01-14T17:00:00+01:00,BE-TSO-0001,21X-BE-A-A0A0A-Y,Fluxys Belgium,ITP-00542,VIP Belgium - NCG,21Z000000000497Z,exit,kWh/h,,,8239549,2022-02-27T02:11:08+01:00,,Confirmed,,,,,True,,,True,PRISMA,,https://platform.prisma-capacity.eu/,,Cross-Border Transmission IP within EU,0,False
1Physical Flowhour2022-01-14 16:00:00 +00:002022-01-14 17:00:00 +00:00BE-TSO-0001ITP-00542exitkWh/h,1,Physical Flow,hour,2022-01-14T17:00:00+01:00,2022-01-14T18:00:00+01:00,BE-TSO-0001,21X-BE-A-A0A0A-Y,Fluxys Belgium,ITP-00542,VIP Belgium - NCG,21Z000000000497Z,exit,kWh/h,,,8241952,2022-02-27T02:11:08+01:00,,Confirmed,,,,,True,,,True,PRISMA,,https://platform.prisma-capacity.eu/,,Cross-Border Transmission IP within EU,0,False
1Physical Flowhour2022-01-14 17:00:00 +00:002022-01-14 18:00:00 +00:00BE-TSO-0001ITP-00542exitkWh/h,1,Physical Flow,hour,2022-01-14T18:00:00+01:00,2022-01-14T19:00:00+01:00,BE-TSO-0001,21X-BE-A-A0A0A-Y,Fluxys Belgium,ITP-00542,VIP Belgium - NCG,21Z000000000497Z,exit,kWh/h,,,7088456,2022-02-27T02:11:08+01:00,,Confirmed,,,,,True,,,True,PRISMA,,https://platform.prisma-capacity.eu/,,Cross-Border Transmission IP within EU,0,False
1Physical Flowhour2022-01-14 18:00:00 +00:002022-01-14 19:00:00 +00:00BE-TSO-0001ITP-00542exitkWh/h,1,Physical Flow,hour,2022-01-14T19:00:00+01:00,2022-01-14T20:00:00+01:00,BE-TSO-0001,21X-BE-A-A0A0A-Y,Fluxys Belgium,ITP-00542,VIP Belgium - NCG,21Z000000000497Z,exit,kWh/h,,,7892620,2022-02-27T02:11:08+01:00,,Confirmed,,,,,True,,,True,PRISMA,,https://platform.prisma-capacity.eu/,,Cross-Border Transmission IP within EU,0,False
1Physical Flowhour2022-01-14 19:00:00 +00:002022-01-14 20:00:00 +00:00BE-TSO-0001ITP-00542exitkWh/h,1,Physical Flow,hour,2022-01-14T20:00:00+01:00,2022-01-14T21:00:00+01:00,BE-TSO-0001,21X-BE-A-A0A0A-Y,Fluxys Belgium,ITP-00542,VIP Belgium - NCG,21Z000000000497Z,exit,kWh/h,,,8332837,2022-02-27T02:11:08+01:00,,Confirmed,,,,,True,,,True,PRISMA,,https://platform.prisma-capacity.eu/,,Cross-Border Transmission IP within EU,0,False
1Physical Flowhour2022-01-14 20:00:00 +00:002022-01-14 21:00:00 +00:00BE-TSO-0001ITP-00542exitkWh/h,1,Physical Flow,hour,2022-01-14T21:00:00+01:00,2022-01-14T22:00:00+01:00,BE-TSO-0001,21X-BE-A-A0A0A-Y,Fluxys Belgium,ITP-00542,VIP Belgium - NCG,21Z000000000497Z,exit,kWh/h,,,7816603,2022-02-27T02:11:08+01:00,,Confirmed,,,,,True,,,True,PRISMA,,https://platform.prisma-capacity.eu/,,Cross-Border Transmission IP within EU,0,False
1Physical Flowhour2022-01-14 21:00:00 +00:002022-01-14 22:00:00 +00:00BE-TSO-0001ITP-00542exitkWh/h,1,Physical Flow,hour,2022-01-14T22:00:00+01:00,2022-01-14T23:00:00+01:00,BE-TSO-0001,21X-BE-A-A0A0A-Y,Fluxys Belgium,ITP-00542,VIP Belgium - NCG,21Z000000000497Z,exit,kWh/h,,,7819702,2022-02-27T02:11:08+01:00,,Confirmed,,,,,True,,,True,PRISMA,,https://platform.prisma-capacity.eu/,,Cross-Border Transmission IP within EU,0,False
1Physical Flowhour2022-01-14 22:00:00 +00:002022-01-14 23:00:00 +00:00BE-TSO-0001ITP-00542exitkWh/h,1,Physical Flow,hour,2022-01-14T23:00:00+01:00,2022-01-15T00:00:00+01:00,BE-TSO-0001,21X-BE-A-A0A0A-Y,Fluxys Belgium,ITP-00542,VIP Belgium - NCG,21Z000000000497Z,exit,kWh/h,,,8099926,2022-02-27T02:11:08+01:00,,Confirmed,,,,,True,,,True,PRISMA,,https://platform.prisma-capacity.eu/,,Cross-Border Transmission IP within EU,0,False
1Physical Flowhour2022-01-14 23:00:00 +00:002022-01-15 00:00:00 +00:00BE-TSO-0001ITP-00542exitkWh/h,1,Physical Flow,hour,2022-01-15T00:00:00+01:00,2022-01-15T01:00:00+01:00,BE-TSO-0001,21X-BE-A-A0A0A-Y,Fluxys Belgium,ITP-00542,VIP Belgium - NCG,21Z000000000497Z,exit,kWh/h,,,8127460,2022-02-27T02:11:08+01:00,,Confirmed,,,,,True,,,True,PRISMA,,https://platform.prisma-capacity.eu/,,Cross-Border Transmission IP within EU,0,False
1Physical Flowhour2022-01-15 00:00:00 +00:002022-01-15 01:00:00 +00:00BE-TSO-0001ITP-00542exitkWh/h,1,Physical Flow,hour,2022-01-15T01:00:00+01:00,2022-01-15T02:00:00+01:00,BE-TSO-0001,21X-BE-A-A0A0A-Y,Fluxys Belgium,ITP-00542,VIP Belgium - NCG,21Z000000000497Z,exit,kWh/h,,,8367584,2022-02-27T02:11:08+01:00,,Confirmed,,,,,True,,,True,PRISMA,,https://platform.prisma-capacity.eu/,,Cross-Border Transmission IP within EU,0,False
1Physical Flowhour2022-01-15 01:00:00 +00:002022-01-15 02:00:00 +00:00BE-TSO-0001ITP-00542exitkWh/h,1,Physical Flow,hour,2022-01-15T02:00:00+01:00,2022-01-15T03:00:00+01:00,BE-TSO-0001,21X-BE-A-A0A0A-Y,Fluxys Belgium,ITP-00542,VIP Belgium - NCG,21Z000000000497Z,exit,kWh/h,,,8465955,2022-02-27T02:11:08+01:00,,Confirmed,,,,,True,,,True,PRISMA,,https://platform.prisma-capacity.eu/,,Cross-Border Transmission IP within EU,0,False
1Physical Flowhour2022-01-15 02:00:00 +00:002022-01-15 03:00:00 +00:00BE-TSO-0001ITP-00542exitkWh/h,1,Physical Flow,hour,2022-01-15T03:00:00+01:00,2022-01-15T04:00:00+01:00,BE-TSO-0001,21X-BE-A-A0A0A-Y,Fluxys Belgium,ITP-00542,VIP Belgium - NCG,21Z000000000497Z,exit,kWh/h,,,8717823,2022-02-27T02:11:08+01:00,,Confirmed,,,,,True,,,True,PRISMA,,https://platform.prisma-capacity.eu/,,Cross-Border Transmission IP within EU,0,False
1Physical Flowhour2022-01-15 03:00:00 +00:002022-01-15 04:00:00 +00:00BE-TSO-0001ITP-00542exitkWh/h,1,Physical Flow,hour,2022-01-15T04:00:00+01:00,2022-01-15T05:00:00+01:00,BE-TSO-0001,21X-BE-A-A0A0A-Y,Fluxys Belgium,ITP-00542,VIP Belgium - NCG,21Z000000000497Z,exit,kWh/h,,,9808751,2022-02-27T02:11:08+01:00,,Confirmed,,,,,True,,,True,PRISMA,,https://platform.prisma-capacity.eu/,,Cross-Border Transmission IP within EU,0,False
1Physical Flowhour2022-01-15 04:00:00 +00:002022-01-15 05:00:00 +00:00BE-TSO-0001ITP-00542exitkWh/h,1,Physical Flow,hour,2022-01-15T05:00:00+01:00,2022-01-15T06:00:00+01:00,BE-TSO-0001,21X-BE-A-A0A0A-Y,Fluxys Belgium,ITP-00542,VIP Belgium - NCG,21Z000000000497Z,exit,kWh/h,,,9796595,2022-02-27T02:11:08+01:00,,Confirmed,,,,,True,,,True,PRISMA,,https://platform.prisma-capacity.eu/,,Cross-Border Transmission IP within EU,0,False
1Physical Flowhour2022-01-15 05:00:00 +00:002022-01-15 06:00:00 +00:00BE-TSO-0001ITP-00542exitkWh/h,1,Physical Flow,hour,2022-01-15T06:00:00+01:00,2022-01-15T07:00:00+01:00,BE-TSO-0001,21X-BE-A-A0A0A-Y,Fluxys Belgium,ITP-00542,VIP Belgium - NCG,21Z000000000497Z,exit,kWh/h,,,10232200,2022-02-27T02:11:08+01:00,,Confirmed,,,,,True,,,True,PRISMA,,https://platform.prisma-capacity.eu/,,Cross-Border Transmission IP within EU,0,False
1Physical Flowhour2022-01-15 06:00:00 +00:002022-01-15 07:00:00 +00:00BE-TSO-0001ITP-00542exitkWh/h,1,Physical Flow,hour,2022-01-15T07:00:00+01:00,2022-01-15T08:00:00+01:00,BE-TSO-0001,21X-BE-A-A0A0A-Y,Fluxys Belgium,ITP-00542,VIP Belgium - NCG,21Z000000000497Z,exit,kWh/h,,,10230060,2022-02-27T02:11:08+01:00,,Confirmed,,,,,True,,,True,PRISMA,,https://platform.prisma-capacity.eu/,,Cross-Border Transmission IP within EU,0,False
1Physical Flowhour2022-01-15 07:00:00 +00:002022-01-15 08:00:00 +00:00BE-TSO-0001ITP-00542exitkWh/h,1,Physical Flow,hour,2022-01-15T08:00:00+01:00,2022-01-15T09:00:00+01:00,BE-TSO-0001,21X-BE-A-A0A0A-Y,Fluxys Belgium,ITP-00542,VIP Belgium - NCG,21Z000000000497Z,exit,kWh/h,,,10227347,2022-02-27T02:11:08+01:00,,Confirmed,,,,,True,,,True,PRISMA,,https://platform.prisma-capacity.eu/,,Cross-Border Transmission IP within EU,0,False
1Physical Flowhour2022-01-15 08:00:00 +00:002022-01-15 09:00:00 +00:00BE-TSO-0001ITP-00542exitkWh/h,1,Physical Flow,hour,2022-01-15T09:00:00+01:00,2022-01-15T10:00:00+01:00,BE-TSO-0001,21X-BE-A-A0A0A-Y,Fluxys Belgium,ITP-00542,VIP Belgium - NCG,21Z000000000497Z,exit,kWh/h,,,10228740,2022-02-27T02:11:08+01:00,,Confirmed,,,,,True,,,True,PRISMA,,https://platform.prisma-capacity.eu/,,Cross-Border Transmission IP within EU,0,False
1Physical Flowhour2022-01-15 09:00:00 +00:002022-01-15 10:00:00 +00:00BE-TSO-0001ITP-00542exitkWh/h,1,Physical Flow,hour,2022-01-15T10:00:00+01:00,2022-01-15T11:00:00+01:00,BE-TSO-0001,21X-BE-A-A0A0A-Y,Fluxys Belgium,ITP-00542,VIP Belgium - NCG,21Z000000000497Z,exit,kWh/h,,,10228818,2022-02-27T02:11:08+01:00,,Confirmed,,,,,True,,,True,PRISMA,,https://platform.prisma-capacity.eu/,,Cross-Border Transmission IP within EU,0,False
1Physical Flowhour2022-01-15 10:00:00 +00:002022-01-15 11:00:00 +00:00BE-TSO-0001ITP-00542exitkWh/h,1,Physical Flow,hour,2022-01-15T11:00:00+01:00,2022-01-15T12:00:00+01:00,BE-TSO-0001,21X-BE-A-A0A0A-Y,Fluxys Belgium,ITP-00542,VIP Belgium - NCG,21Z000000000497Z,exit,kWh/h,,,10226663,2022-02-27T02:11:08+01:00,,Confirmed,,,,,True,,,True,PRISMA,,https://platform.prisma-capacity.eu/,,Cross-Border Transmission IP within EU,0,False
1Physical Flowhour2022-01-15 11:00:00 +00:002022-01-15 12:00:00 +00:00BE-TSO-0001ITP-00542exitkWh/h,1,Physical Flow,hour,2022-01-15T12:00:00+01:00,2022-01-15T13:00:00+01:00,BE-TSO-0001,21X-BE-A-A0A0A-Y,Fluxys Belgium,ITP-00542,VIP Belgium - NCG,21Z000000000497Z,exit,kWh/h,,,10228280,2022-02-27T02:11:08+01:00,,Confirmed,,,,,True,,,True,PRISMA,,https://platform.prisma-capacity.eu/,,Cross-Border Transmission IP within EU,0,False
1Physical Flowhour2022-01-15 12:00:00 +00:002022-01-15 13:00:00 +00:00BE-TSO-0001ITP-00542exitkWh/h,1,Physical Flow,hour,2022-01-15T13:00:00+01:00,2022-01-15T14:00:00+01:00,BE-TSO-0001,21X-BE-A-A0A0A-Y,Fluxys Belgium,ITP-00542,VIP Belgium - NCG,21Z000000000497Z,exit,kWh/h,,,10230665,2022-02-27T02:11:08+01:00,,Confirmed,,,,,True,,,True,PRISMA,,https://platform.prisma-capacity.eu/,,Cross-Border Transmission IP within EU,0,False
1Physical Flowhour2022-01-15 13:00:00 +00:002022-01-15 14:00:00 +00:00BE-TSO-0001ITP-00542exitkWh/h,1,Physical Flow,hour,2022-01-15T14:00:00+01:00,2022-01-15T15:00:00+01:00,BE-TSO-0001,21X-BE-A-A0A0A-Y,Fluxys Belgium,ITP-00542,VIP Belgium - NCG,21Z000000000497Z,exit,kWh/h,,,8704362,2022-02-27T02:11:08+01:00,,Confirmed,,,,,True,,,True,PRISMA,,https://platform.prisma-capacity.eu/,,Cross-Border Transmission IP within EU,0,False
1Physical Flowhour2022-01-15 14:00:00 +00:002022-01-15 15:00:00 +00:00BE-TSO-0001ITP-00542exitkWh/h,1,Physical Flow,hour,2022-01-15T15:00:00+01:00,2022-01-15T16:00:00+01:00,BE-TSO-0001,21X-BE-A-A0A0A-Y,Fluxys Belgium,ITP-00542,VIP Belgium - NCG,21Z000000000497Z,exit,kWh/h,,,8513529,2022-02-27T02:11:08+01:00,,Confirmed,,,,,True,,,True,PRISMA,,https://platform.prisma-capacity.eu/,,Cross-Border Transmission IP within EU,0,False
1Physical Flowhour2022-01-15 15:00:00 +00:002022-01-15 16:00:00 +00:00BE-TSO-0001ITP-00542exitkWh/h,1,Physical Flow,hour,2022-01-15T16:00:00+01:00,2022-01-15T17:00:00+01:00,BE-TSO-0001,21X-BE-A-A0A0A-Y,Fluxys Belgium,ITP-00542,VIP Belgium - NCG,21Z000000000497Z,exit,kWh/h,,,7409603,2022-02-27T02:11:08+01:00,,Confirmed,,,,,True,,,True,PRISMA,,https://platform.prisma-capacity.eu/,,Cross-Border Transmission IP within EU,0,False
1Physical Flowhour2022-01-15 16:00:00 +00:002022-01-15 17:00:00 +00:00BE-TSO-0001ITP-00542exitkWh/h,1,Physical Flow,hour,2022-01-15T17:00:00+01:00,2022-01-15T18:00:00+01:00,BE-TSO-0001,21X-BE-A-A0A0A-Y,Fluxys Belgium,ITP-00542,VIP Belgium - NCG,21Z000000000497Z,exit,kWh/h,,,7671454,2022-02-27T02:11:08+01:00,,Confirmed,,,,,True,,,True,PRISMA,,https://platform.prisma-capacity.eu/,,Cross-Border Transmission IP within EU,0,False
1Physical Flowhour2022-01-15 17:00:00 +00:002022-01-15 18:00:00 +00:00BE-TSO-0001ITP-00542exitkWh/h,1,Physical Flow,hour,2022-01-15T18:00:00+01:00,2022-01-15T19:00:00+01:00,BE-TSO-0001,21X-BE-A-A0A0A-Y,Fluxys Belgium,ITP-00542,VIP Belgium - NCG,21Z000000000497Z,exit,kWh/h,,,7389384,2022-02-27T02:11:08+01:00,,Confirmed,,,,,True,,,True,PRISMA,,https://platform.prisma-capacity.eu/,,Cross-Border Transmission IP within EU,0,False
1Physical Flowhour2022-01-15 18:00:00 +00:002022-01-15 19:00:00 +00:00BE-TSO-0001ITP-00542exitkWh/h,1,Physical Flow,hour,2022-01-15T19:00:00+01:00,2022-01-15T20:00:00+01:00,BE-TSO-0001,21X-BE-A-A0A0A-Y,Fluxys Belgium,ITP-00542,VIP Belgium - NCG,21Z000000000497Z,exit,kWh/h,,,7651769,2022-02-27T02:11:08+01:00,,Confirmed,,,,,True,,,True,PRISMA,,https://platform.prisma-capacity.eu/,,Cross-Border Transmission IP within EU,0,False
1Physical Flowhour2022-01-15 19:00:00 +00:002022-01-15 20:00:00 +00:00BE-TSO-0001ITP-00542exitkWh/h,1,Physical Flow,hour,2022-01-15T20:00:00+01:00,2022-01-15T21:00:00+01:00,BE-TSO-0001,21X-BE-A-A0A0A-Y,Fluxys Belgium,ITP-00542,VIP Belgium - NCG,21Z000000000497Z,exit,kWh/h,,,7542251,2022-02-27T02:11:08+01:00,,Confirmed,,,,,True,,,True,PRISMA,,https://platform.prisma-capacity.eu/,,Cross-Border Transmission IP within EU,0,False
1Physical Flowhour2022-01-15 20:00:00 +00:002022-01-15 21:00:00 +00:00BE-TSO-0001ITP-00542exitkWh/h,1,Physical Flow,hour,2022-01-15T21:00:00+01:00,2022-01-15T22:00:00+01:00,BE-TSO-0001,21X-BE-A-A0A0A-Y,Fluxys Belgium,ITP-00542,VIP Belgium - NCG,21Z000000000497Z,exit,kWh/h,,,7546068,2022-02-27T02:11:08+01:00,,Confirmed,,,,,True,,,True,PRISMA,,https://platform.prisma-capacity.eu/,,Cross-Border Transmission IP within EU,0,False
1Physical Flowhour2022-01-15 21:00:00 +00:002022-01-15 22:00:00 +00:00BE-TSO-0001ITP-00542exitkWh/h,1,Physical Flow,hour,2022-01-15T22:00:00+01:00,2022-01-15T23:00:00+01:00,BE-TSO-0001,21X-BE-A-A0A0A-Y,Fluxys Belgium,ITP-00542,VIP Belgium - NCG,21Z000000000497Z,exit,kWh/h,,,7542649,2022-02-27T02:11:08+01:00,,Confirmed,,,,,True,,,True,PRISMA,,https://platform.prisma-capacity.eu/,,Cross-Border Transmission IP within EU,0,False
1Physical Flowhour2022-01-15 22:00:00 +00:002022-01-15 23:00:00 +00:00BE-TSO-0001ITP-00542exitkWh/h,1,Physical Flow,hour,2022-01-15T23:00:00+01:00,2022-01-16T00:00:00+01:00,BE-TSO-0001,21X-BE-A-A0A0A-Y,Fluxys Belgium,ITP-00542,VIP Belgium - NCG,21Z000000000497Z,exit,kWh/h,,,7543049,2022-02-27T02:11:08+01:00,,Confirmed,,,,,True,,,True,PRISMA,,https://platform.prisma-capacity.eu/,,Cross-Border Transmission IP within EU,0,False
1Physical Flowhour2022-01-15 23:00:00 +00:002022-01-16 00:00:00 +00:00BE-TSO-0001ITP-00542exitkWh/h,1,Physical Flow,hour,2022-01-16T00:00:00+01:00,2022-01-16T01:00:00+01:00,BE-TSO-0001,21X-BE-A-A0A0A-Y,Fluxys Belgium,ITP-00542,VIP Belgium - NCG,21Z000000000497Z,exit,kWh/h,,,7985412,2022-02-27T02:11:08+01:00,,Confirmed,,,,,True,,,True,PRISMA,,https://platform.prisma-capacity.eu/,,Cross-Border Transmission IP within EU,0,False
1Physical Flowhour2022-01-16 00:00:00 +00:002022-01-16 01:00:00 +00:00BE-TSO-0001ITP-00542exitkWh/h,1,Physical Flow,hour,2022-01-16T01:00:00+01:00,2022-01-16T02:00:00+01:00,BE-TSO-0001,21X-BE-A-A0A0A-Y,Fluxys Belgium,ITP-00542,VIP Belgium - NCG,21Z000000000497Z,exit,kWh/h,,,7983860,2022-02-27T02:11:08+01:00,,Confirmed,,,,,True,,,True,PRISMA,,https://platform.prisma-capacity.eu/,,Cross-Border Transmission IP within EU,0,False
1Physical Flowhour2022-01-16 01:00:00 +00:002022-01-16 02:00:00 +00:00BE-TSO-0001ITP-00542exitkWh/h,1,Physical Flow,hour,2022-01-16T02:00:00+01:00,2022-01-16T03:00:00+01:00,BE-TSO-0001,21X-BE-A-A0A0A-Y,Fluxys Belgium,ITP-00542,VIP Belgium - NCG,21Z000000000497Z,exit,kWh/h,,,7982483,2022-02-27T02:11:08+01:00,,Confirmed,,,,,True,,,True,PRISMA,,https://platform.prisma-capacity.eu/,,Cross-Border Transmission IP within EU,0,False
1Physical Flowhour2022-01-16 02:00:00 +00:002022-01-16 03:00:00 +00:00BE-TSO-0001ITP-00542exitkWh/h,1,Physical Flow,hour,2022-01-16T03:00:00+01:00,2022-01-16T04:00:00+01:00,BE-TSO-0001,21X-BE-A-A0A0A-Y,Fluxys Belgium,ITP-00542,VIP Belgium - NCG,21Z000000000497Z,exit,kWh/h,,,7982650,2022-02-27T02:11:08+01:00,,Confirmed,,,,,True,,,True,PRISMA,,https://platform.prisma-capacity.eu/,,Cross-Border Transmission IP within EU,0,False
1Physical Flowhour2022-01-16 03:00:00 +00:002022-01-16 04:00:00 +00:00BE-TSO-0001ITP-00542exitkWh/h,1,Physical Flow,hour,2022-01-16T04:00:00+01:00,2022-01-16T05:00:00+01:00,BE-TSO-0001,21X-BE-A-A0A0A-Y,Fluxys Belgium,ITP-00542,VIP Belgium - NCG,21Z000000000497Z,exit,kWh/h,,,7979873,2022-02-27T02:11:08+01:00,,Confirmed,,,,,True,,,True,PRISMA,,https://platform.prisma-capacity.eu/,,Cross-Border Transmission IP within EU,0,False
1Physical Flowhour2022-01-16 04:00:00 +00:002022-01-16 05:00:00 +00:00BE-TSO-0001ITP-00542exitkWh/h,1,Physical Flow,hour,2022-01-16T05:00:00+01:00,2022-01-16T06:00:00+01:00,BE-TSO-0001,21X-BE-A-A0A0A-Y,Fluxys Belgium,ITP-00542,VIP Belgium - NCG,21Z000000000497Z,exit,kWh/h,,,7519109,2022-02-27T02:11:08+01:00,,Confirmed,,,,,True,,,True,PRISMA,,https://platform.prisma-capacity.eu/,,Cross-Border Transmission IP within EU,0,False
1Physical Flowhour2022-01-16 05:00:00 +00:002022-01-16 06:00:00 +00:00BE-TSO-0001ITP-00542exitkWh/h,1,Physical Flow,hour,2022-01-16T06:00:00+01:00,2022-01-16T07:00:00+01:00,BE-TSO-0001,21X-BE-A-A0A0A-Y,Fluxys Belgium,ITP-00542,VIP Belgium - NCG,21Z000000000497Z,exit,kWh/h,,,9911774,2022-02-27T02:11:08+01:00,,Confirmed,,,,,True,,,True,PRISMA,,https://platform.prisma-capacity.eu/,,Cross-Border Transmission IP within EU,0,False
1Physical Flowhour2022-01-16 06:00:00 +00:002022-01-16 07:00:00 +00:00BE-TSO-0001ITP-00542exitkWh/h,1,Physical Flow,hour,2022-01-16T07:00:00+01:00,2022-01-16T08:00:00+01:00,BE-TSO-0001,21X-BE-A-A0A0A-Y,Fluxys Belgium,ITP-00542,VIP Belgium - NCG,21Z000000000497Z,exit,kWh/h,,,9897301,2022-02-27T02:11:08+01:00,,Confirmed,,,,,True,,,True,PRISMA,,https://platform.prisma-capacity.eu/,,Cross-Border Transmission IP within EU,0,False
1Physical Flowhour2022-01-16 07:00:00 +00:002022-01-16 08:00:00 +00:00BE-TSO-0001ITP-00542exitkWh/h,1,Physical Flow,hour,2022-01-16T08:00:00+01:00,2022-01-16T09:00:00+01:00,BE-TSO-0001,21X-BE-A-A0A0A-Y,Fluxys Belgium,ITP-00542,VIP Belgium - NCG,21Z000000000497Z,exit,kWh/h,,,9902365,2022-02-27T02:11:08+01:00,,Confirmed,,,,,True,,,True,PRISMA,,https://platform.prisma-capacity.eu/,,Cross-Border Transmission IP within EU,0,False
1Physical Flowhour2022-01-16 08:00:00 +00:002022-01-16 09:00:00 +00:00BE-TSO-0001ITP-00542exitkWh/h,1,Physical Flow,hour,2022-01-16T09:00:00+01:00,2022-01-16T10:00:00+01:00,BE-TSO-0001,21X-BE-A-A0A0A-Y,Fluxys Belgium,ITP-00542,VIP Belgium - NCG,21Z000000000497Z,exit,kWh/h,,,9899601,2022-02-27T02:11:08+01:00,,Confirmed,,,,,True,,,True,PRISMA,,https://platform.prisma-capacity.eu/,,Cross-Border Transmission IP within EU,0,False
1Physical Flowhour2022-01-16 09:00:00 +00:002022-01-16 10:00:00 +00:00BE-TSO-0001ITP-00542exitkWh/h,1,Physical Flow,hour,2022-01-16T10:00:00+01:00,2022-01-16T11:00:00+01:00,BE-TSO-0001,21X-BE-A-A0A0A-Y,Fluxys Belgium,ITP-00542,VIP Belgium - NCG,21Z000000000497Z,exit,kWh/h,,,9902076,2022-02-27T02:11:08+01:00,,Confirmed,,,,,True,,,True,PRISMA,,https://platform.prisma-capacity.eu/,,Cross-Border Transmission IP within EU,0,False
1Physical Flowhour2022-01-16 10:00:00 +00:002022-01-16 11:00:00 +00:00BE-TSO-0001ITP-00542exitkWh/h,1,Physical Flow,hour,2022-01-16T11:00:00+01:00,2022-01-16T12:00:00+01:00,BE-TSO-0001,21X-BE-A-A0A0A-Y,Fluxys Belgium,ITP-00542,VIP Belgium - NCG,21Z000000000497Z,exit,kWh/h,,,9898125,2022-02-27T02:11:08+01:00,,Confirmed,,,,,True,,,True,PRISMA,,https://platform.prisma-capacity.eu/,,Cross-Border Transmission IP within EU,0,False
1Physical Flowhour2022-01-16 11:00:00 +00:002022-01-16 12:00:00 +00:00BE-TSO-0001ITP-00542exitkWh/h,1,Physical Flow,hour,2022-01-16T12:00:00+01:00,2022-01-16T13:00:00+01:00,BE-TSO-0001,21X-BE-A-A0A0A-Y,Fluxys Belgium,ITP-00542,VIP Belgium - NCG,21Z000000000497Z,exit,kWh/h,,,9901380,2022-02-27T02:11:08+01:00,,Confirmed,,,,,True,,,True,PRISMA,,https://platform.prisma-capacity.eu/,,Cross-Border Transmission IP within EU,0,False
1Physical Flowhour2022-01-16 12:00:00 +00:002022-01-16 13:00:00 +00:00BE-TSO-0001ITP-00542exitkWh/h,1,Physical Flow,hour,2022-01-16T13:00:00+01:00,2022-01-16T14:00:00+01:00,BE-TSO-0001,21X-BE-A-A0A0A-Y,Fluxys Belgium,ITP-00542,VIP Belgium - NCG,21Z000000000497Z,exit,kWh/h,,,9899835,2022-02-27T02:11:08+01:00,,Confirmed,,,,,True,,,True,PRISMA,,https://platform.prisma-capacity.eu/,,Cross-Border Transmission IP within EU,0,False
1Physical Flowhour2022-01-16 13:00:00 +00:002022-01-16 14:00:00 +00:00BE-TSO-0001ITP-00542exitkWh/h,1,Physical Flow,hour,2022-01-16T14:00:00+01:00,2022-01-16T15:00:00+01:00,BE-TSO-0001,21X-BE-A-A0A0A-Y,Fluxys Belgium,ITP-00542,VIP Belgium - NCG,21Z000000000497Z,exit,kWh/h,,,9789296,2022-02-27T02:11:08+01:00,,Confirmed,,,,,True,,,True,PRISMA,,https://platform.prisma-capacity.eu/,,Cross-Border Transmission IP within EU,0,False
1Physical Flowhour2022-01-16 14:00:00 +00:002022-01-16 15:00:00 +00:00BE-TSO-0001ITP-00542exitkWh/h,1,Physical Flow,hour,2022-01-16T15:00:00+01:00,2022-01-16T16:00:00+01:00,BE-TSO-0001,21X-BE-A-A0A0A-Y,Fluxys Belgium,ITP-00542,VIP Belgium - NCG,21Z000000000497Z,exit,kWh/h,,,9476955,2022-02-27T02:11:08+01:00,,Confirmed,,,,,True,,,True,PRISMA,,https://platform.prisma-capacity.eu/,,Cross-Border Transmission IP within EU,0,False
1Physical Flowhour2022-01-16 15:00:00 +00:002022-01-16 16:00:00 +00:00BE-TSO-0001ITP-00542exitkWh/h,1,Physical Flow,hour,2022-01-16T16:00:00+01:00,2022-01-16T17:00:00+01:00,BE-TSO-0001,21X-BE-A-A0A0A-Y,Fluxys Belgium,ITP-00542,VIP Belgium - NCG,21Z000000000497Z,exit,kWh/h,,,9491400,2022-02-27T02:11:08+01:00,,Confirmed,,,,,True,,,True,PRISMA,,https://platform.prisma-capacity.eu/,,Cross-Border Transmission IP within EU,0,False
1Physical Flowhour2022-01-16 16:00:00 +00:002022-01-16 17:00:00 +00:00BE-TSO-0001ITP-00542exitkWh/h,1,Physical Flow,hour,2022-01-16T17:00:00+01:00,2022-01-16T18:00:00+01:00,BE-TSO-0001,21X-BE-A-A0A0A-Y,Fluxys Belgium,ITP-00542,VIP Belgium - NCG,21Z000000000497Z,exit,kWh/h,,,9490384,2022-02-27T02:11:08+01:00,,Confirmed,,,,,True,,,True,PRISMA,,https://platform.prisma-capacity.eu/,,Cross-Border Transmission IP within EU,0,False
1Physical Flowhour2022-01-16 17:00:00 +00:002022-01-16 18:00:00 +00:00BE-TSO-0001ITP-00542exitkWh/h,1,Physical Flow,hour,2022-01-16T18:00:00+01:00,2022-01-16T19:00:00+01:00,BE-TSO-0001,21X-BE-A-A0A0A-Y,Fluxys Belgium,ITP-00542,VIP Belgium - NCG,21Z000000000497Z,exit,kWh/h,,,9493257,2022-02-27T02:11:08+01:00,,Confirmed,,,,,True,,,True,PRISMA,,https://platform.prisma-capacity.eu/,,Cross-Border Transmission IP within EU,0,False
1Physical Flowhour2022-01-16 18:00:00 +00:002022-01-16 19:00:00 +00:00BE-TSO-0001ITP-00542exitkWh/h,1,Physical Flow,hour,2022-01-16T19:00:00+01:00,2022-01-16T20:00:00+01:00,BE-TSO-0001,21X-BE-A-A0A0A-Y,Fluxys Belgium,ITP-00542,VIP Belgium - NCG,21Z000000000497Z,exit,kWh/h,,,9631446,2022-02-27T02:11:08+01:00,,Confirmed,,,,,True,,,True,PRISMA,,https://platform.prisma-capacity.eu/,,Cross-Border Transmission IP within EU,0,False
1Physical Flowhour2022-01-16 19:00:00 +00:002022-01-16 20:00:00 +00:00BE-TSO-0001ITP-00542exitkWh/h,1,Physical Flow,hour,2022-01-16T20:00:00+01:00,2022-01-16T21:00:00+01:00,BE-TSO-0001,21X-BE-A-A0A0A-Y,Fluxys Belgium,ITP-00542,VIP Belgium - NCG,21Z000000000497Z,exit,kWh/h,,,9731807,2022-02-27T02:11:08+01:00,,Confirmed,,,,,True,,,True,PRISMA,,https://platform.prisma-capacity.eu/,,Cross-Border Transmission IP within EU,0,False
1Physical Flowhour2022-01-16 20:00:00 +00:002022-01-16 21:00:00 +00:00BE-TSO-0001ITP-00542exitkWh/h,1,Physical Flow,hour,2022-01-16T21:00:00+01:00,2022-01-16T22:00:00+01:00,BE-TSO-0001,21X-BE-A-A0A0A-Y,Fluxys Belgium,ITP-00542,VIP Belgium - NCG,21Z000000000497Z,exit,kWh/h,,,9574012,2022-02-27T02:11:08+01:00,,Confirmed,,,,,True,,,True,PRISMA,,https://platform.prisma-capacity.eu/,,Cross-Border Transmission IP within EU,0,False
1Physical Flowhour2022-01-16 21:00:00 +00:002022-01-16 22:00:00 +00:00BE-TSO-0001ITP-00542exitkWh/h,1,Physical Flow,hour,2022-01-16T22:00:00+01:00,2022-01-16T23:00:00+01:00,BE-TSO-0001,21X-BE-A-A0A0A-Y,Fluxys Belgium,ITP-00542,VIP Belgium - NCG,21Z000000000497Z,exit,kWh/h,,,9572807,2022-02-27T02:11:08+01:00,,Confirmed,,,,,True,,,True,PRISMA,,https://platform.prisma-capacity.eu/,,Cross-Border Transmission IP within EU,0,False
1Physical Flowhour2022-01-16 22:00:00 +00:002022-01-16 23:00:00 +00:00BE-TSO-0001ITP-00542exitkWh/h,1,Physical Flow,hour,2022-01-16T23:00:00+01:00,2022-01-17T00:00:00+01:00,BE-TSO-0001,21X-BE-A-A0A0A-Y,Fluxys Belgium,ITP-00542,VIP Belgium - NCG,21Z000000000497Z,exit,kWh/h,,,9425830,2022-02-27T02:11:08+01:00,,Confirmed,,,,,True,,,True,PRISMA,,https://platform.prisma-capacity.eu/,,Cross-Border Transmission IP within EU,0,False
1Physical Flowhour2022-01-16 23:00:00 +00:002022-01-17 00:00:00 +00:00BE-TSO-0001ITP-00542exitkWh/h,1,Physical Flow,hour,2022-01-17T00:00:00+01:00,2022-01-17T01:00:00+01:00,BE-TSO-0001,21X-BE-A-A0A0A-Y,Fluxys Belgium,ITP-00542,VIP Belgium - NCG,21Z000000000497Z,exit,kWh/h,,,9426854,2022-02-27T02:11:08+01:00,,Confirmed,,,,,True,,,True,PRISMA,,https://platform.prisma-capacity.eu/,,Cross-Border Transmission IP within EU,0,False
1Physical Flowhour2022-01-17 00:00:00 +00:002022-01-17 01:00:00 +00:00BE-TSO-0001ITP-00542exitkWh/h,1,Physical Flow,hour,2022-01-17T01:00:00+01:00,2022-01-17T02:00:00+01:00,BE-TSO-0001,21X-BE-A-A0A0A-Y,Fluxys Belgium,ITP-00542,VIP Belgium - NCG,21Z000000000497Z,exit,kWh/h,,,9425185,2022-02-27T02:11:08+01:00,,Confirmed,,,,,True,,,True,PRISMA,,https://platform.prisma-capacity.eu/,,Cross-Border Transmission IP within EU,0,False
1Physical Flowhour2022-01-17 01:00:00 +00:002022-01-17 02:00:00 +00:00BE-TSO-0001ITP-00542exitkWh/h,1,Physical Flow,hour,2022-01-17T02:00:00+01:00,2022-01-17T03:00:00+01:00,BE-TSO-0001,21X-BE-A-A0A0A-Y,Fluxys Belgium,ITP-00542,VIP Belgium - NCG,21Z000000000497Z,exit,kWh/h,,,9421423,2022-02-27T02:11:08+01:00,,Confirmed,,,,,True,,,True,PRISMA,,https://platform.prisma-capacity.eu/,,Cross-Border Transmission IP within EU,0,False
1Physical Flowhour2022-01-17 02:00:00 +00:002022-01-17 03:00:00 +00:00BE-TSO-0001ITP-00542exitkWh/h,1,Physical Flow,hour,2022-01-17T03:00:00+01:00,2022-01-17T04:00:00+01:00,BE-TSO-0001,21X-BE-A-A0A0A-Y,Fluxys Belgium,ITP-00542,VIP Belgium - NCG,21Z000000000497Z,exit,kWh/h,,,9419193,2022-02-27T02:11:08+01:00,,Confirmed,,,,,True,,,True,PRISMA,,https://platform.prisma-capacity.eu/,,Cross-Border Transmission IP within EU,0,False
1Physical Flowhour2022-01-17 03:00:00 +00:002022-01-17 04:00:00 +00:00BE-TSO-0001ITP-00542exitkWh/h,1,Physical Flow,hour,2022-01-17T04:00:00+01:00,2022-01-17T05:00:00+01:00,BE-TSO-0001,21X-BE-A-A0A0A-Y,Fluxys Belgium,ITP-00542,VIP Belgium - NCG,21Z000000000497Z,exit,kWh/h,,,9420883,2022-02-27T02:11:08+01:00,,Confirmed,,,,,True,,,True,PRISMA,,https://platform.prisma-capacity.eu/,,Cross-Border Transmission IP within EU,0,False
1Physical Flowhour2022-01-17 04:00:00 +00:002022-01-17 05:00:00 +00:00BE-TSO-0001ITP-00542exitkWh/h,1,Physical Flow,hour,2022-01-17T05:00:00+01:00,2022-01-17T06:00:00+01:00,BE-TSO-0001,21X-BE-A-A0A0A-Y,Fluxys Belgium,ITP-00542,VIP Belgium - NCG,21Z000000000497Z,exit,kWh/h,,,9541241,2022-02-27T02:11:08+01:00,,Confirmed,,,,,True,,,True,PRISMA,,https://platform.prisma-capacity.eu/,,Cross-Border Transmission IP within EU,0,False
1Physical Flowhour2022-01-17 05:00:00 +00:002022-01-17 06:00:00 +00:00BE-TSO-0001ITP-00542exitkWh/h,1,Physical Flow,hour,2022-01-17T06:00:00+01:00,2022-01-17T07:00:00+01:00,BE-TSO-0001,21X-BE-A-A0A0A-Y,Fluxys Belgium,ITP-00542,VIP Belgium - NCG,21Z000000000497Z,exit,kWh/h,,,9300427,2022-02-27T02:11:08+01:00,,Confirmed,,,,,True,,,True,PRISMA,,https://platform.prisma-capacity.eu/,,Cross-Border Transmission IP within EU,0,False
1Physical Flowhour2022-01-17 06:00:00 +00:002022-01-17 07:00:00 +00:00BE-TSO-0001ITP-00542exitkWh/h,1,Physical Flow,hour,2022-01-17T07:00:00+01:00,2022-01-17T08:00:00+01:00,BE-TSO-0001,21X-BE-A-A0A0A-Y,Fluxys Belgium,ITP-00542,VIP Belgium - NCG,21Z000000000497Z,exit,kWh/h,,,8989268,2022-02-27T02:11:08+01:00,,Confirmed,,,,,True,,,True,PRISMA,,https://platform.prisma-capacity.eu/,,Cross-Border Transmission IP within EU,0,False
1Physical Flowhour2022-01-17 07:00:00 +00:002022-01-17 08:00:00 +00:00BE-TSO-0001ITP-00542exitkWh/h,1,Physical Flow,hour,2022-01-17T08:00:00+01:00,2022-01-17T09:00:00+01:00,BE-TSO-0001,21X-BE-A-A0A0A-Y,Fluxys Belgium,ITP-00542,VIP Belgium - NCG,21Z000000000497Z,exit,kWh/h,,,8993626,2022-02-27T02:11:08+01:00,,Confirmed,,,,,True,,,True,PRISMA,,https://platform.prisma-capacity.eu/,,Cross-Border Transmission IP within EU,0,False
1Physical Flowhour2022-01-17 08:00:00 +00:002022-01-17 09:00:00 +00:00BE-TSO-0001ITP-00542exitkWh/h,1,Physical Flow,hour,2022-01-17T09:00:00+01:00,2022-01-17T10:00:00+01:00,BE-TSO-0001,21X-BE-A-A0A0A-Y,Fluxys Belgium,ITP-00542,VIP Belgium - NCG,21Z000000000497Z,exit,kWh/h,,,9070724,2022-02-27T02:11:08+01:00,,Confirmed,,,,,True,,,True,PRISMA,,https://platform.prisma-capacity.eu/,,Cross-Border Transmission IP within EU,0,False
1Physical Flowhour2022-01-17 09:00:00 +00:002022-01-17 10:00:00 +00:00BE-TSO-0001ITP-00542exitkWh/h,1,Physical Flow,hour,2022-01-17T10:00:00+01:00,2022-01-17T11:00:00+01:00,BE-TSO-0001,21X-BE-A-A0A0A-Y,Fluxys Belgium,ITP-00542,VIP Belgium - NCG,21Z000000000497Z,exit,kWh/h,,,9072080,2022-02-27T02:11:08+01:00,,Confirmed,,,,,True,,,True,PRISMA,,https://platform.prisma-capacity.eu/,,Cross-Border Transmission IP within EU,0,False
1Physical Flowhour2022-01-17 10:00:00 +00:002022-01-17 11:00:00 +00:00BE-TSO-0001ITP-00542exitkWh/h,1,Physical Flow,hour,2022-01-17T11:00:00+01:00,2022-01-17T12:00:00+01:00,BE-TSO-0001,21X-BE-A-A0A0A-Y,Fluxys Belgium,ITP-00542,VIP Belgium - NCG,21Z000000000497Z,exit,kWh/h,,,9069148,2022-02-27T02:11:08+01:00,,Confirmed,,,,,True,,,True,PRISMA,,https://platform.prisma-capacity.eu/,,Cross-Border Transmission IP within EU,0,False
1Physical Flowhour2022-01-17 11:00:00 +00:002022-01-17 12:00:00 +00:00BE-TSO-0001ITP-00542exitkWh/h,1,Physical Flow,hour,2022-01-17T12:00:00+01:00,2022-01-17T13:00:00+01:00,BE-TSO-0001,21X-BE-A-A0A0A-Y,Fluxys Belgium,ITP-00542,VIP Belgium - NCG,21Z000000000497Z,exit,kWh/h,,,9069047,2022-02-27T02:11:08+01:00,,Confirmed,,,,,True,,,True,PRISMA,,https://platform.prisma-capacity.eu/,,Cross-Border Transmission IP within EU,0,False
1Physical Flowhour2022-01-17 12:00:00 +00:002022-01-17 13:00:00 +00:00BE-TSO-0001ITP-00542exitkWh/h,1,Physical Flow,hour,2022-01-17T13:00:00+01:00,2022-01-17T14:00:00+01:00,BE-TSO-0001,21X-BE-A-A0A0A-Y,Fluxys Belgium,ITP-00542,VIP Belgium - NCG,21Z000000000497Z,exit,kWh/h,,,9378833,2022-02-27T02:11:08+01:00,,Confirmed,,,,,True,,,True,PRISMA,,https://platform.prisma-capacity.eu/,,Cross-Border Transmission IP within EU,0,False
1Physical Flowhour2022-01-17 13:00:00 +00:002022-01-17 14:00:00 +00:00BE-TSO-0001ITP-00542exitkWh/h,1,Physical Flow,hour,2022-01-17T14:00:00+01:00,2022-01-17T15:00:00+01:00,BE-TSO-0001,21X-BE-A-A0A0A-Y,Fluxys Belgium,ITP-00542,VIP Belgium - NCG,21Z000000000497Z,exit,kWh/h,,,9045888,2022-02-27T02:11:08+01:00,,Confirmed,,,,,True,,,True,PRISMA,,https://platform.prisma-capacity.eu/,,Cross-Border Transmission IP within EU,0,False
1Physical Flowhour2022-01-17 14:00:00 +00:002022-01-17 15:00:00 +00:00BE-TSO-0001ITP-00542exitkWh/h,1,Physical Flow,hour,2022-01-17T15:00:00+01:00,2022-01-17T16:00:00+01:00,BE-TSO-0001,21X-BE-A-A0A0A-Y,Fluxys Belgium,ITP-00542,VIP Belgium - NCG,21Z000000000497Z,exit,kWh/h,,,9043537,2022-02-27T02:11:08+01:00,,Confirmed,,,,,True,,,True,PRISMA,,https://platform.prisma-capacity.eu/,,Cross-Border Transmission IP within EU,0,False
1Physical Flowhour2022-01-17 15:00:00 +00:002022-01-17 16:00:00 +00:00BE-TSO-0001ITP-00542exitkWh/h,1,Physical Flow,hour,2022-01-17T16:00:00+01:00,2022-01-17T17:00:00+01:00,BE-TSO-0001,21X-BE-A-A0A0A-Y,Fluxys Belgium,ITP-00542,VIP Belgium - NCG,21Z000000000497Z,exit,kWh/h,,,9043372,2022-02-27T02:11:08+01:00,,Confirmed,,,,,True,,,True,PRISMA,,https://platform.prisma-capacity.eu/,,Cross-Border Transmission IP within EU,0,False
1Physical Flowhour2022-01-17 16:00:00 +00:002022-01-17 17:00:00 +00:00BE-TSO-0001ITP-00542exitkWh/h,1,Physical Flow,hour,2022-01-17T17:00:00+01:00,2022-01-17T18:00:00+01:00,BE-TSO-0001,21X-BE-A-A0A0A-Y,Fluxys Belgium,ITP-00542,VIP Belgium - NCG,21Z000000000497Z,exit,kWh/h,,,9046039,2022-02-27T02:11:08+01:00,,Confirmed,,,,,True,,,True,PRISMA,,https://platform.prisma-capacity.eu/,,Cross-Border Transmission IP within EU,0,False
1Physical Flowhour2022-01-17 17:00:00 +00:002022-01-17 18:00:00 +00:00BE-TSO-0001ITP-00542exitkWh/h,1,Physical Flow,hour,2022-01-17T18:00:00+01:00,2022-01-17T19:00:00+01:00,BE-TSO-0001,21X-BE-A-A0A0A-Y,Fluxys Belgium,ITP-00542,VIP Belgium - NCG,21Z000000000497Z,exit,kWh/h,,,9056588,2022-02-27T02:11:08+01:00,,Confirmed,,,,,True,,,True,PRISMA,,https://platform.prisma-capacity.eu/,,Cross-Border Transmission IP within EU,0,False
1Physical Flowhour2022-01-17 18:00:00 +00:002022-01-17 19:00:00 +00:00BE-TSO-0001ITP-00542exitkWh/h,1,Physical Flow,hour,2022-01-17T19:00:00+01:00,2022-01-17T20:00:00+01:00,BE-TSO-0001,21X-BE-A-A0A0A-Y,Fluxys Belgium,ITP-00542,VIP Belgium - NCG,21Z000000000497Z,exit,kWh/h,,,9053290,2022-02-27T02:11:08+01:00,,Confirmed,,,,,True,,,True,PRISMA,,https://platform.prisma-capacity.eu/,,Cross-Border Transmission IP within EU,0,False
1Physical Flowhour2022-01-17 19:00:00 +00:002022-01-17 20:00:00 +00:00BE-TSO-0001ITP-00542exitkWh/h,1,Physical Flow,hour,2022-01-17T20:00:00+01:00,2022-01-17T21:00:00+01:00,BE-TSO-0001,21X-BE-A-A0A0A-Y,Fluxys Belgium,ITP-00542,VIP Belgium - NCG,21Z000000000497Z,exit,kWh/h,,,9055025,2022-02-27T02:11:08+01:00,,Confirmed,,,,,True,,,True,PRISMA,,https://platform.prisma-capacity.eu/,,Cross-Border Transmission IP within EU,0,False
1Physical Flowhour2022-01-17 20:00:00 +00:002022-01-17 21:00:00 +00:00BE-TSO-0001ITP-00542exitkWh/h,1,Physical Flow,hour,2022-01-17T21:00:00+01:00,2022-01-17T22:00:00+01:00,BE-TSO-0001,21X-BE-A-A0A0A-Y,Fluxys Belgium,ITP-00542,VIP Belgium - NCG,21Z000000000497Z,exit,kWh/h,,,9057024,2022-02-27T02:11:08+01:00,,Confirmed,,,,,True,,,True,PRISMA,,https://platform.prisma-capacity.eu/,,Cross-Border Transmission IP within EU,0,False
1Physical Flowhour2022-01-17 21:00:00 +00:002022-01-17 22:00:00 +00:00BE-TSO-0001ITP-00542exitkWh/h,1,Physical Flow,hour,2022-01-17T22:00:00+01:00,2022-01-17T23:00:00+01:00,BE-TSO-0001,21X-BE-A-A0A0A-Y,Fluxys Belgium,ITP-00542,VIP Belgium - NCG,21Z000000000497Z,exit,kWh/h,,,9057058,2022-02-27T02:11:08+01:00,,Confirmed,,,,,True,,,True,PRISMA,,https://platform.prisma-capacity.eu/,,Cross-Border Transmission IP within EU,0,False
1Physical Flowhour2022-01-17 22:00:00 +00:002022-01-17 23:00:00 +00:00BE-TSO-0001ITP-00542exitkWh/h,1,Physical Flow,hour,2022-01-17T23:00:00+01:00,2022-01-18T00:00:00+01:00,BE-TSO-0001,21X-BE-A-A0A0A-Y,Fluxys Belgium,ITP-00542,VIP Belgium - NCG,21Z000000000497Z,exit,kWh/h,,,9055699,2022-02-27T02:11:08+01:00,,Confirmed,,,,,True,,,True,PRISMA,,https://platform.prisma-capacity.eu/,,Cross-Border Transmission IP within EU,0,False
1Physical Flowhour2022-01-17 23:00:00 +00:002022-01-18 00:00:00 +00:00BE-TSO-0001ITP-00542exitkWh/h,1,Physical Flow,hour,2022-01-18T00:00:00+01:00,2022-01-18T01:00:00+01:00,BE-TSO-0001,21X-BE-A-A0A0A-Y,Fluxys Belgium,ITP-00542,VIP Belgium - NCG,21Z000000000497Z,exit,kWh/h,,,9058747,2022-02-27T02:11:08+01:00,,Confirmed,,,,,True,,,True,PRISMA,,https://platform.prisma-capacity.eu/,,Cross-Border Transmission IP within EU,0,False
1Physical Flowhour2022-01-18 00:00:00 +00:002022-01-18 01:00:00 +00:00BE-TSO-0001ITP-00542exitkWh/h,1,Physical Flow,hour,2022-01-18T01:00:00+01:00,2022-01-18T02:00:00+01:00,BE-TSO-0001,21X-BE-A-A0A0A-Y,Fluxys Belgium,ITP-00542,VIP Belgium - NCG,21Z000000000497Z,exit,kWh/h,,,9059873,2022-02-27T02:11:08+01:00,,Confirmed,,,,,True,,,True,PRISMA,,https://platform.prisma-capacity.eu/,,Cross-Border Transmission IP within EU,0,False
1Physical Flowhour2022-01-18 01:00:00 +00:002022-01-18 02:00:00 +00:00BE-TSO-0001ITP-00542exitkWh/h,1,Physical Flow,hour,2022-01-18T02:00:00+01:00,2022-01-18T03:00:00+01:00,BE-TSO-0001,21X-BE-A-A0A0A-Y,Fluxys Belgium,ITP-00542,VIP Belgium - NCG,21Z000000000497Z,exit,kWh/h,,,9058677,2022-02-27T02:11:08+01:00,,Confirmed,,,,,True,,,True,PRISMA,,https://platform.prisma-capacity.eu/,,Cross-Border Transmission IP within EU,0,False
1Physical Flowhour2022-01-18 02:00:00 +00:002022-01-18 03:00:00 +00:00BE-TSO-0001ITP-00542exitkWh/h,1,Physical Flow,hour,2022-01-18T03:00:00+01:00,2022-01-18T04:00:00+01:00,BE-TSO-0001,21X-BE-A-A0A0A-Y,Fluxys Belgium,ITP-00542,VIP Belgium - NCG,21Z000000000497Z,exit,kWh/h,,,9303811,2022-02-27T02:11:08+01:00,,Confirmed,,,,,True,,,True,PRISMA,,https://platform.prisma-capacity.eu/,,Cross-Border Transmission IP within EU,0,False
1Physical Flowhour2022-01-18 03:00:00 +00:002022-01-18 04:00:00 +00:00BE-TSO-0001ITP-00542exitkWh/h,1,Physical Flow,hour,2022-01-18T04:00:00+01:00,2022-01-18T05:00:00+01:00,BE-TSO-0001,21X-BE-A-A0A0A-Y,Fluxys Belgium,ITP-00542,VIP Belgium - NCG,21Z000000000497Z,exit,kWh/h,,,9429430,2022-02-27T02:11:08+01:00,,Confirmed,,,,,True,,,True,PRISMA,,https://platform.prisma-capacity.eu/,,Cross-Border Transmission IP within EU,0,False
1Physical Flowhour2022-01-18 04:00:00 +00:002022-01-18 05:00:00 +00:00BE-TSO-0001ITP-00542exitkWh/h,1,Physical Flow,hour,2022-01-18T05:00:00+01:00,2022-01-18T06:00:00+01:00,BE-TSO-0001,21X-BE-A-A0A0A-Y,Fluxys Belgium,ITP-00542,VIP Belgium - NCG,21Z000000000497Z,exit,kWh/h,,,9433378,2022-02-27T02:11:08+01:00,,Confirmed,,,,,True,,,True,PRISMA,,https://platform.prisma-capacity.eu/,,Cross-Border Transmission IP within EU,0,False
1Physical Flowhour2022-01-18 05:00:00 +00:002022-01-18 06:00:00 +00:00BE-TSO-0001ITP-00542exitkWh/h,1,Physical Flow,hour,2022-01-18T06:00:00+01:00,2022-01-18T07:00:00+01:00,BE-TSO-0001,21X-BE-A-A0A0A-Y,Fluxys Belgium,ITP-00542,VIP Belgium - NCG,21Z000000000497Z,exit,kWh/h,,,10614376,2022-02-27T02:11:08+01:00,,Confirmed,,,,,True,,,True,PRISMA,,https://platform.prisma-capacity.eu/,,Cross-Border Transmission IP within EU,0,False
1Physical Flowhour2022-01-18 06:00:00 +00:002022-01-18 07:00:00 +00:00BE-TSO-0001ITP-00542exitkWh/h,1,Physical Flow,hour,2022-01-18T07:00:00+01:00,2022-01-18T08:00:00+01:00,BE-TSO-0001,21X-BE-A-A0A0A-Y,Fluxys Belgium,ITP-00542,VIP Belgium - NCG,21Z000000000497Z,exit,kWh/h,,,10806542,2022-02-27T02:11:08+01:00,,Confirmed,,,,,True,,,True,PRISMA,,https://platform.prisma-capacity.eu/,,Cross-Border Transmission IP within EU,0,False
1Physical Flowhour2022-01-18 07:00:00 +00:002022-01-18 08:00:00 +00:00BE-TSO-0001ITP-00542exitkWh/h,1,Physical Flow,hour,2022-01-18T08:00:00+01:00,2022-01-18T09:00:00+01:00,BE-TSO-0001,21X-BE-A-A0A0A-Y,Fluxys Belgium,ITP-00542,VIP Belgium - NCG,21Z000000000497Z,exit,kWh/h,,,10808296,2022-02-27T02:11:08+01:00,,Confirmed,,,,,True,,,True,PRISMA,,https://platform.prisma-capacity.eu/,,Cross-Border Transmission IP within EU,0,False
1Physical Flowhour2022-01-18 08:00:00 +00:002022-01-18 09:00:00 +00:00BE-TSO-0001ITP-00542exitkWh/h,1,Physical Flow,hour,2022-01-18T09:00:00+01:00,2022-01-18T10:00:00+01:00,BE-TSO-0001,21X-BE-A-A0A0A-Y,Fluxys Belgium,ITP-00542,VIP Belgium - NCG,21Z000000000497Z,exit,kWh/h,,,10805964,2022-02-27T02:11:08+01:00,,Confirmed,,,,,True,,,True,PRISMA,,https://platform.prisma-capacity.eu/,,Cross-Border Transmission IP within EU,0,False
1Physical Flowhour2022-01-18 09:00:00 +00:002022-01-18 10:00:00 +00:00BE-TSO-0001ITP-00542exitkWh/h,1,Physical Flow,hour,2022-01-18T10:00:00+01:00,2022-01-18T11:00:00+01:00,BE-TSO-0001,21X-BE-A-A0A0A-Y,Fluxys Belgium,ITP-00542,VIP Belgium - NCG,21Z000000000497Z,exit,kWh/h,,,10792159,2022-02-27T02:11:08+01:00,,Confirmed,,,,,True,,,True,PRISMA,,https://platform.prisma-capacity.eu/,,Cross-Border Transmission IP within EU,0,False
1Physical Flowhour2022-01-18 10:00:00 +00:002022-01-18 11:00:00 +00:00BE-TSO-0001ITP-00542exitkWh/h,1,Physical Flow,hour,2022-01-18T11:00:00+01:00,2022-01-18T12:00:00+01:00,BE-TSO-0001,21X-BE-A-A0A0A-Y,Fluxys Belgium,ITP-00542,VIP Belgium - NCG,21Z000000000497Z,exit,kWh/h,,,10805168,2022-02-27T02:11:08+01:00,,Confirmed,,,,,True,,,True,PRISMA,,https://platform.prisma-capacity.eu/,,Cross-Border Transmission IP within EU,0,False
1Physical Flowhour2022-01-18 11:00:00 +00:002022-01-18 12:00:00 +00:00BE-TSO-0001ITP-00542exitkWh/h,1,Physical Flow,hour,2022-01-18T12:00:00+01:00,2022-01-18T13:00:00+01:00,BE-TSO-0001,21X-BE-A-A0A0A-Y,Fluxys Belgium,ITP-00542,VIP Belgium - NCG,21Z000000000497Z,exit,kWh/h,,,10806480,2022-02-27T02:11:08+01:00,,Confirmed,,,,,True,,,True,PRISMA,,https://platform.prisma-capacity.eu/,,Cross-Border Transmission IP within EU,0,False
1Physical Flowhour2022-01-18 12:00:00 +00:002022-01-18 13:00:00 +00:00BE-TSO-0001ITP-00542exitkWh/h,1,Physical Flow,hour,2022-01-18T13:00:00+01:00,2022-01-18T14:00:00+01:00,BE-TSO-0001,21X-BE-A-A0A0A-Y,Fluxys Belgium,ITP-00542,VIP Belgium - NCG,21Z000000000497Z,exit,kWh/h,,,10806398,2022-02-27T02:11:08+01:00,,Confirmed,,,,,True,,,True,PRISMA,,https://platform.prisma-capacity.eu/,,Cross-Border Transmission IP within EU,0,False
1Physical Flowhour2022-01-18 13:00:00 +00:002022-01-18 14:00:00 +00:00BE-TSO-0001ITP-00542exitkWh/h,1,Physical Flow,hour,2022-01-18T14:00:00+01:00,2022-01-18T15:00:00+01:00,BE-TSO-0001,21X-BE-A-A0A0A-Y,Fluxys Belgium,ITP-00542,VIP Belgium - NCG,21Z000000000497Z,exit,kWh/h,,,10804917,2022-02-27T02:11:08+01:00,,Confirmed,,,,,True,,,True,PRISMA,,https://platform.prisma-capacity.eu/,,Cross-Border Transmission IP within EU,0,False
1Physical Flowhour2022-01-18 14:00:00 +00:002022-01-18 15:00:00 +00:00BE-TSO-0001ITP-00542exitkWh/h,1,Physical Flow,hour,2022-01-18T15:00:00+01:00,2022-01-18T16:00:00+01:00,BE-TSO-0001,21X-BE-A-A0A0A-Y,Fluxys Belgium,ITP-00542,VIP Belgium - NCG,21Z000000000497Z,exit,kWh/h,,,10806034,2022-02-27T02:11:08+01:00,,Confirmed,,,,,True,,,True,PRISMA,,https://platform.prisma-capacity.eu/,,Cross-Border Transmission IP within EU,0,False
1Physical Flowhour2022-01-18 15:00:00 +00:002022-01-18 16:00:00 +00:00BE-TSO-0001ITP-00542exitkWh/h,1,Physical Flow,hour,2022-01-18T16:00:00+01:00,2022-01-18T17:00:00+01:00,BE-TSO-0001,21X-BE-A-A0A0A-Y,Fluxys Belgium,ITP-00542,VIP Belgium - NCG,21Z000000000497Z,exit,kWh/h,,,11120992,2022-02-27T02:11:08+01:00,,Confirmed,,,,,True,,,True,PRISMA,,https://platform.prisma-capacity.eu/,,Cross-Border Transmission IP within EU,0,False
1Physical Flowhour2022-01-18 16:00:00 +00:002022-01-18 17:00:00 +00:00BE-TSO-0001ITP-00542exitkWh/h,1,Physical Flow,hour,2022-01-18T17:00:00+01:00,2022-01-18T18:00:00+01:00,BE-TSO-0001,21X-BE-A-A0A0A-Y,Fluxys Belgium,ITP-00542,VIP Belgium - NCG,21Z000000000497Z,exit,kWh/h,,,9609424,2022-02-27T02:11:08+01:00,,Confirmed,,,,,True,,,True,PRISMA,,https://platform.prisma-capacity.eu/,,Cross-Border Transmission IP within EU,0,False
1Physical Flowhour2022-01-18 17:00:00 +00:002022-01-18 18:00:00 +00:00BE-TSO-0001ITP-00542exitkWh/h,1,Physical Flow,hour,2022-01-18T18:00:00+01:00,2022-01-18T19:00:00+01:00,BE-TSO-0001,21X-BE-A-A0A0A-Y,Fluxys Belgium,ITP-00542,VIP Belgium - NCG,21Z000000000497Z,exit,kWh/h,,,9546112,2022-02-27T02:11:08+01:00,,Confirmed,,,,,True,,,True,PRISMA,,https://platform.prisma-capacity.eu/,,Cross-Border Transmission IP within EU,0,False
1Physical Flowhour2022-01-18 18:00:00 +00:002022-01-18 19:00:00 +00:00BE-TSO-0001ITP-00542exitkWh/h,1,Physical Flow,hour,2022-01-18T19:00:00+01:00,2022-01-18T20:00:00+01:00,BE-TSO-0001,21X-BE-A-A0A0A-Y,Fluxys Belgium,ITP-00542,VIP Belgium - NCG,21Z000000000497Z,exit,kWh/h,,,9660852,2022-02-27T02:11:08+01:00,,Confirmed,,,,,True,,,True,PRISMA,,https://platform.prisma-capacity.eu/,,Cross-Border Transmission IP within EU,0,False
1Physical Flowhour2022-01-18 19:00:00 +00:002022-01-18 20:00:00 +00:00BE-TSO-0001ITP-00542exitkWh/h,1,Physical Flow,hour,2022-01-18T20:00:00+01:00,2022-01-18T21:00:00+01:00,BE-TSO-0001,21X-BE-A-A0A0A-Y,Fluxys Belgium,ITP-00542,VIP Belgium - NCG,21Z000000000497Z,exit,kWh/h,,,9511287,2022-02-27T02:11:08+01:00,,Confirmed,,,,,True,,,True,PRISMA,,https://platform.prisma-capacity.eu/,,Cross-Border Transmission IP within EU,0,False
1Physical Flowhour2022-01-18 20:00:00 +00:002022-01-18 21:00:00 +00:00BE-TSO-0001ITP-00542exitkWh/h,1,Physical Flow,hour,2022-01-18T21:00:00+01:00,2022-01-18T22:00:00+01:00,BE-TSO-0001,21X-BE-A-A0A0A-Y,Fluxys Belgium,ITP-00542,VIP Belgium - NCG,21Z000000000497Z,exit,kWh/h,,,9591356,2022-02-27T02:11:08+01:00,,Confirmed,,,,,True,,,True,PRISMA,,https://platform.prisma-capacity.eu/,,Cross-Border Transmission IP within EU,0,False
1Physical Flowhour2022-01-18 21:00:00 +00:002022-01-18 22:00:00 +00:00BE-TSO-0001ITP-00542exitkWh/h,1,Physical Flow,hour,2022-01-18T22:00:00+01:00,2022-01-18T23:00:00+01:00,BE-TSO-0001,21X-BE-A-A0A0A-Y,Fluxys Belgium,ITP-00542,VIP Belgium - NCG,21Z000000000497Z,exit,kWh/h,,,9455896,2022-02-27T02:11:08+01:00,,Confirmed,,,,,True,,,True,PRISMA,,https://platform.prisma-capacity.eu/,,Cross-Border Transmission IP within EU,0,False
1Physical Flowhour2022-01-18 22:00:00 +00:002022-01-18 23:00:00 +00:00BE-TSO-0001ITP-00542exitkWh/h,1,Physical Flow,hour,2022-01-18T23:00:00+01:00,2022-01-19T00:00:00+01:00,BE-TSO-0001,21X-BE-A-A0A0A-Y,Fluxys Belgium,ITP-00542,VIP Belgium - NCG,21Z000000000497Z,exit,kWh/h,,,8449033,2022-02-27T02:11:08+01:00,,Confirmed,,,,,True,,,True,PRISMA,,https://platform.prisma-capacity.eu/,,Cross-Border Transmission IP within EU,0,False
1Physical Flowhour2022-01-18 23:00:00 +00:002022-01-19 00:00:00 +00:00BE-TSO-0001ITP-00542exitkWh/h,1,Physical Flow,hour,2022-01-19T00:00:00+01:00,2022-01-19T01:00:00+01:00,BE-TSO-0001,21X-BE-A-A0A0A-Y,Fluxys Belgium,ITP-00542,VIP Belgium - NCG,21Z000000000497Z,exit,kWh/h,,,8454013,2022-02-27T02:11:08+01:00,,Confirmed,,,,,True,,,True,PRISMA,,https://platform.prisma-capacity.eu/,,Cross-Border Transmission IP within EU,0,False
1Physical Flowhour2022-01-19 00:00:00 +00:002022-01-19 01:00:00 +00:00BE-TSO-0001ITP-00542exitkWh/h,1,Physical Flow,hour,2022-01-19T01:00:00+01:00,2022-01-19T02:00:00+01:00,BE-TSO-0001,21X-BE-A-A0A0A-Y,Fluxys Belgium,ITP-00542,VIP Belgium - NCG,21Z000000000497Z,exit,kWh/h,,,8453864,2022-02-27T02:11:08+01:00,,Confirmed,,,,,True,,,True,PRISMA,,https://platform.prisma-capacity.eu/,,Cross-Border Transmission IP within EU,0,False
1Physical Flowhour2022-01-19 01:00:00 +00:002022-01-19 02:00:00 +00:00BE-TSO-0001ITP-00542exitkWh/h,1,Physical Flow,hour,2022-01-19T02:00:00+01:00,2022-01-19T03:00:00+01:00,BE-TSO-0001,21X-BE-A-A0A0A-Y,Fluxys Belgium,ITP-00542,VIP Belgium - NCG,21Z000000000497Z,exit,kWh/h,,,8895143,2022-02-27T02:11:08+01:00,,Confirmed,,,,,True,,,True,PRISMA,,https://platform.prisma-capacity.eu/,,Cross-Border Transmission IP within EU,0,False
1Physical Flowhour2022-01-19 02:00:00 +00:002022-01-19 03:00:00 +00:00BE-TSO-0001ITP-00542exitkWh/h,1,Physical Flow,hour,2022-01-19T03:00:00+01:00,2022-01-19T04:00:00+01:00,BE-TSO-0001,21X-BE-A-A0A0A-Y,Fluxys Belgium,ITP-00542,VIP Belgium - NCG,21Z000000000497Z,exit,kWh/h,,,9091867,2022-02-27T02:11:08+01:00,,Confirmed,,,,,True,,,True,PRISMA,,https://platform.prisma-capacity.eu/,,Cross-Border Transmission IP within EU,0,False
1Physical Flowhour2022-01-19 03:00:00 +00:002022-01-19 04:00:00 +00:00BE-TSO-0001ITP-00542exitkWh/h,1,Physical Flow,hour,2022-01-19T04:00:00+01:00,2022-01-19T05:00:00+01:00,BE-TSO-0001,21X-BE-A-A0A0A-Y,Fluxys Belgium,ITP-00542,VIP Belgium - NCG,21Z000000000497Z,exit,kWh/h,,,9282188,2022-02-27T02:11:08+01:00,,Confirmed,,,,,True,,,True,PRISMA,,https://platform.prisma-capacity.eu/,,Cross-Border Transmission IP within EU,0,False
1Physical Flowhour2022-01-19 04:00:00 +00:002022-01-19 05:00:00 +00:00BE-TSO-0001ITP-00542exitkWh/h,1,Physical Flow,hour,2022-01-19T05:00:00+01:00,2022-01-19T06:00:00+01:00,BE-TSO-0001,21X-BE-A-A0A0A-Y,Fluxys Belgium,ITP-00542,VIP Belgium - NCG,21Z000000000497Z,exit,kWh/h,,,9282234,2022-02-27T02:11:08+01:00,,Confirmed,,,,,True,,,True,PRISMA,,https://platform.prisma-capacity.eu/,,Cross-Border Transmission IP within EU,0,False
1Physical Flowhour2022-01-19 05:00:00 +00:002022-01-19 06:00:00 +00:00BE-TSO-0001ITP-00542exitkWh/h,1,Physical Flow,hour,2022-01-19T06:00:00+01:00,2022-01-19T07:00:00+01:00,BE-TSO-0001,21X-BE-A-A0A0A-Y,Fluxys Belgium,ITP-00542,VIP Belgium - NCG,21Z000000000497Z,exit,kWh/h,,,9633555,2022-02-27T02:11:08+01:00,,Confirmed,,,,,True,,,True,PRISMA,,https://platform.prisma-capacity.eu/,,Cross-Border Transmission IP within EU,0,False
1Physical Flowhour2022-01-19 06:00:00 +00:002022-01-19 07:00:00 +00:00BE-TSO-0001ITP-00542exitkWh/h,1,Physical Flow,hour,2022-01-19T07:00:00+01:00,2022-01-19T08:00:00+01:00,BE-TSO-0001,21X-BE-A-A0A0A-Y,Fluxys Belgium,ITP-00542,VIP Belgium - NCG,21Z000000000497Z,exit,kWh/h,,,9630271,2022-02-27T02:11:08+01:00,,Confirmed,,,,,True,,,True,PRISMA,,https://platform.prisma-capacity.eu/,,Cross-Border Transmission IP within EU,0,False
1Physical Flowhour2022-01-19 07:00:00 +00:002022-01-19 08:00:00 +00:00BE-TSO-0001ITP-00542exitkWh/h,1,Physical Flow,hour,2022-01-19T08:00:00+01:00,2022-01-19T09:00:00+01:00,BE-TSO-0001,21X-BE-A-A0A0A-Y,Fluxys Belgium,ITP-00542,VIP Belgium - NCG,21Z000000000497Z,exit,kWh/h,,,9630065,2022-02-27T02:11:08+01:00,,Confirmed,,,,,True,,,True,PRISMA,,https://platform.prisma-capacity.eu/,,Cross-Border Transmission IP within EU,0,False
1Physical Flowhour2022-01-19 08:00:00 +00:002022-01-19 09:00:00 +00:00BE-TSO-0001ITP-00542exitkWh/h,1,Physical Flow,hour,2022-01-19T09:00:00+01:00,2022-01-19T10:00:00+01:00,BE-TSO-0001,21X-BE-A-A0A0A-Y,Fluxys Belgium,ITP-00542,VIP Belgium - NCG,21Z000000000497Z,exit,kWh/h,,,9625094,2022-02-27T02:11:08+01:00,,Confirmed,,,,,True,,,True,PRISMA,,https://platform.prisma-capacity.eu/,,Cross-Border Transmission IP within EU,0,False
1Physical Flowhour2022-01-19 09:00:00 +00:002022-01-19 10:00:00 +00:00BE-TSO-0001ITP-00542exitkWh/h,1,Physical Flow,hour,2022-01-19T10:00:00+01:00,2022-01-19T11:00:00+01:00,BE-TSO-0001,21X-BE-A-A0A0A-Y,Fluxys Belgium,ITP-00542,VIP Belgium - NCG,21Z000000000497Z,exit,kWh/h,,,9855443,2022-02-27T02:11:08+01:00,,Confirmed,,,,,True,,,True,PRISMA,,https://platform.prisma-capacity.eu/,,Cross-Border Transmission IP within EU,0,False
1Physical Flowhour2022-01-19 10:00:00 +00:002022-01-19 11:00:00 +00:00BE-TSO-0001ITP-00542exitkWh/h,1,Physical Flow,hour,2022-01-19T11:00:00+01:00,2022-01-19T12:00:00+01:00,BE-TSO-0001,21X-BE-A-A0A0A-Y,Fluxys Belgium,ITP-00542,VIP Belgium - NCG,21Z000000000497Z,exit,kWh/h,,,9617447,2022-02-27T02:11:08+01:00,,Confirmed,,,,,True,,,True,PRISMA,,https://platform.prisma-capacity.eu/,,Cross-Border Transmission IP within EU,0,False
1Physical Flowhour2022-01-19 11:00:00 +00:002022-01-19 12:00:00 +00:00BE-TSO-0001ITP-00542exitkWh/h,1,Physical Flow,hour,2022-01-19T12:00:00+01:00,2022-01-19T13:00:00+01:00,BE-TSO-0001,21X-BE-A-A0A0A-Y,Fluxys Belgium,ITP-00542,VIP Belgium - NCG,21Z000000000497Z,exit,kWh/h,,,9615225,2022-02-27T02:11:08+01:00,,Confirmed,,,,,True,,,True,PRISMA,,https://platform.prisma-capacity.eu/,,Cross-Border Transmission IP within EU,0,False
1Physical Flowhour2022-01-19 12:00:00 +00:002022-01-19 13:00:00 +00:00BE-TSO-0001ITP-00542exitkWh/h,1,Physical Flow,hour,2022-01-19T13:00:00+01:00,2022-01-19T14:00:00+01:00,BE-TSO-0001,21X-BE-A-A0A0A-Y,Fluxys Belgium,ITP-00542,VIP Belgium - NCG,21Z000000000497Z,exit,kWh/h,,,8673993,2022-02-27T02:11:08+01:00,,Confirmed,,,,,True,,,True,PRISMA,,https://platform.prisma-capacity.eu/,,Cross-Border Transmission IP within EU,0,False
1Physical Flowhour2022-01-19 13:00:00 +00:002022-01-19 14:00:00 +00:00BE-TSO-0001ITP-00542exitkWh/h,1,Physical Flow,hour,2022-01-19T14:00:00+01:00,2022-01-19T15:00:00+01:00,BE-TSO-0001,21X-BE-A-A0A0A-Y,Fluxys Belgium,ITP-00542,VIP Belgium - NCG,21Z000000000497Z,exit,kWh/h,,,9746087,2022-02-27T02:11:08+01:00,,Confirmed,,,,,True,,,True,PRISMA,,https://platform.prisma-capacity.eu/,,Cross-Border Transmission IP within EU,0,False
1Physical Flowhour2022-01-19 14:00:00 +00:002022-01-19 15:00:00 +00:00BE-TSO-0001ITP-00542exitkWh/h,1,Physical Flow,hour,2022-01-19T15:00:00+01:00,2022-01-19T16:00:00+01:00,BE-TSO-0001,21X-BE-A-A0A0A-Y,Fluxys Belgium,ITP-00542,VIP Belgium - NCG,21Z000000000497Z,exit,kWh/h,,,9498592,2022-02-27T02:11:08+01:00,,Confirmed,,,,,True,,,True,PRISMA,,https://platform.prisma-capacity.eu/,,Cross-Border Transmission IP within EU,0,False
1Physical Flowhour2022-01-19 15:00:00 +00:002022-01-19 16:00:00 +00:00BE-TSO-0001ITP-00542exitkWh/h,1,Physical Flow,hour,2022-01-19T16:00:00+01:00,2022-01-19T17:00:00+01:00,BE-TSO-0001,21X-BE-A-A0A0A-Y,Fluxys Belgium,ITP-00542,VIP Belgium - NCG,21Z000000000497Z,exit,kWh/h,,,9502217,2022-02-27T02:11:08+01:00,,Confirmed,,,,,True,,,True,PRISMA,,https://platform.prisma-capacity.eu/,,Cross-Border Transmission IP within EU,0,False
1Physical Flowhour2022-01-19 16:00:00 +00:002022-01-19 17:00:00 +00:00BE-TSO-0001ITP-00542exitkWh/h,1,Physical Flow,hour,2022-01-19T17:00:00+01:00,2022-01-19T18:00:00+01:00,BE-TSO-0001,21X-BE-A-A0A0A-Y,Fluxys Belgium,ITP-00542,VIP Belgium - NCG,21Z000000000497Z,exit,kWh/h,,,9500393,2022-02-27T02:11:08+01:00,,Confirmed,,,,,True,,,True,PRISMA,,https://platform.prisma-capacity.eu/,,Cross-Border Transmission IP within EU,0,False
1Physical Flowhour2022-01-19 17:00:00 +00:002022-01-19 18:00:00 +00:00BE-TSO-0001ITP-00542exitkWh/h,1,Physical Flow,hour,2022-01-19T18:00:00+01:00,2022-01-19T19:00:00+01:00,BE-TSO-0001,21X-BE-A-A0A0A-Y,Fluxys Belgium,ITP-00542,VIP Belgium - NCG,21Z000000000497Z,exit,kWh/h,,,9599691,2022-02-27T02:11:08+01:00,,Confirmed,,,,,True,,,True,PRISMA,,https://platform.prisma-capacity.eu/,,Cross-Border Transmission IP within EU,0,False
1Physical Flowhour2022-01-19 18:00:00 +00:002022-01-19 19:00:00 +00:00BE-TSO-0001ITP-00542exitkWh/h,1,Physical Flow,hour,2022-01-19T19:00:00+01:00,2022-01-19T20:00:00+01:00,BE-TSO-0001,21X-BE-A-A0A0A-Y,Fluxys Belgium,ITP-00542,VIP Belgium - NCG,21Z000000000497Z,exit,kWh/h,,,9600991,2022-02-27T02:11:08+01:00,,Confirmed,,,,,True,,,True,PRISMA,,https://platform.prisma-capacity.eu/,,Cross-Border Transmission IP within EU,0,False
1Physical Flowhour2022-01-19 19:00:00 +00:002022-01-19 20:00:00 +00:00BE-TSO-0001ITP-00542exitkWh/h,1,Physical Flow,hour,2022-01-19T20:00:00+01:00,2022-01-19T21:00:00+01:00,BE-TSO-0001,21X-BE-A-A0A0A-Y,Fluxys Belgium,ITP-00542,VIP Belgium - NCG,21Z000000000497Z,exit,kWh/h,,,9495968,2022-02-27T02:11:08+01:00,,Confirmed,,,,,True,,,True,PRISMA,,https://platform.prisma-capacity.eu/,,Cross-Border Transmission IP within EU,0,False
1Physical Flowhour2022-01-19 20:00:00 +00:002022-01-19 21:00:00 +00:00BE-TSO-0001ITP-00542exitkWh/h,1,Physical Flow,hour,2022-01-19T21:00:00+01:00,2022-01-19T22:00:00+01:00,BE-TSO-0001,21X-BE-A-A0A0A-Y,Fluxys Belgium,ITP-00542,VIP Belgium - NCG,21Z000000000497Z,exit,kWh/h,,,8910082,2022-02-27T02:11:08+01:00,,Confirmed,,,,,True,,,True,PRISMA,,https://platform.prisma-capacity.eu/,,Cross-Border Transmission IP within EU,0,False
1Physical Flowhour2022-01-19 21:00:00 +00:002022-01-19 22:00:00 +00:00BE-TSO-0001ITP-00542exitkWh/h,1,Physical Flow,hour,2022-01-19T22:00:00+01:00,2022-01-19T23:00:00+01:00,BE-TSO-0001,21X-BE-A-A0A0A-Y,Fluxys Belgium,ITP-00542,VIP Belgium - NCG,21Z000000000497Z,exit,kWh/h,,,8595446,2022-02-27T02:11:08+01:00,,Confirmed,,,,,True,,,True,PRISMA,,https://platform.prisma-capacity.eu/,,Cross-Border Transmission IP within EU,0,False
1Physical Flowhour2022-01-19 22:00:00 +00:002022-01-19 23:00:00 +00:00BE-TSO-0001ITP-00542exitkWh/h,1,Physical Flow,hour,2022-01-19T23:00:00+01:00,2022-01-20T00:00:00+01:00,BE-TSO-0001,21X-BE-A-A0A0A-Y,Fluxys Belgium,ITP-00542,VIP Belgium - NCG,21Z000000000497Z,exit,kWh/h,,,9481623,2022-02-27T02:11:08+01:00,,Confirmed,,,,,True,,,True,PRISMA,,https://platform.prisma-capacity.eu/,,Cross-Border Transmission IP within EU,0,False
1Physical Flowhour2022-01-19 23:00:00 +00:002022-01-20 00:00:00 +00:00BE-TSO-0001ITP-00542exitkWh/h,1,Physical Flow,hour,2022-01-20T00:00:00+01:00,2022-01-20T01:00:00+01:00,BE-TSO-0001,21X-BE-A-A0A0A-Y,Fluxys Belgium,ITP-00542,VIP Belgium - NCG,21Z000000000497Z,exit,kWh/h,,,9909180,2022-02-27T02:11:08+01:00,,Confirmed,,,,,True,,,True,PRISMA,,https://platform.prisma-capacity.eu/,,Cross-Border Transmission IP within EU,0,False
1Physical Flowhour2022-01-20 00:00:00 +00:002022-01-20 01:00:00 +00:00BE-TSO-0001ITP-00542exitkWh/h,1,Physical Flow,hour,2022-01-20T01:00:00+01:00,2022-01-20T02:00:00+01:00,BE-TSO-0001,21X-BE-A-A0A0A-Y,Fluxys Belgium,ITP-00542,VIP Belgium - NCG,21Z000000000497Z,exit,kWh/h,,,10237591,2022-02-27T02:11:08+01:00,,Confirmed,,,,,True,,,True,PRISMA,,https://platform.prisma-capacity.eu/,,Cross-Border Transmission IP within EU,0,False
1Physical Flowhour2022-01-20 01:00:00 +00:002022-01-20 02:00:00 +00:00BE-TSO-0001ITP-00542exitkWh/h,1,Physical Flow,hour,2022-01-20T02:00:00+01:00,2022-01-20T03:00:00+01:00,BE-TSO-0001,21X-BE-A-A0A0A-Y,Fluxys Belgium,ITP-00542,VIP Belgium - NCG,21Z000000000497Z,exit,kWh/h,,,10139442,2022-02-27T02:11:08+01:00,,Confirmed,,,,,True,,,True,PRISMA,,https://platform.prisma-capacity.eu/,,Cross-Border Transmission IP within EU,0,False
1Physical Flowhour2022-01-20 02:00:00 +00:002022-01-20 03:00:00 +00:00BE-TSO-0001ITP-00542exitkWh/h,1,Physical Flow,hour,2022-01-20T03:00:00+01:00,2022-01-20T04:00:00+01:00,BE-TSO-0001,21X-BE-A-A0A0A-Y,Fluxys Belgium,ITP-00542,VIP Belgium - NCG,21Z000000000497Z,exit,kWh/h,,,9737979,2022-02-27T02:11:08+01:00,,Confirmed,,,,,True,,,True,PRISMA,,https://platform.prisma-capacity.eu/,,Cross-Border Transmission IP within EU,0,False
1Physical Flowhour2022-01-20 03:00:00 +00:002022-01-20 04:00:00 +00:00BE-TSO-0001ITP-00542exitkWh/h,1,Physical Flow,hour,2022-01-20T04:00:00+01:00,2022-01-20T05:00:00+01:00,BE-TSO-0001,21X-BE-A-A0A0A-Y,Fluxys Belgium,ITP-00542,VIP Belgium - NCG,21Z000000000497Z,exit,kWh/h,,,9999641,2022-02-27T02:11:08+01:00,,Confirmed,,,,,True,,,True,PRISMA,,https://platform.prisma-capacity.eu/,,Cross-Border Transmission IP within EU,0,False
1Physical Flowhour2022-01-20 04:00:00 +00:002022-01-20 05:00:00 +00:00BE-TSO-0001ITP-00542exitkWh/h,1,Physical Flow,hour,2022-01-20T05:00:00+01:00,2022-01-20T06:00:00+01:00,BE-TSO-0001,21X-BE-A-A0A0A-Y,Fluxys Belgium,ITP-00542,VIP Belgium - NCG,21Z000000000497Z,exit,kWh/h,,,10406456,2022-02-27T02:11:08+01:00,,Confirmed,,,,,True,,,True,PRISMA,,https://platform.prisma-capacity.eu/,,Cross-Border Transmission IP within EU,0,False
1Physical Flowhour2022-01-20 05:00:00 +00:002022-01-20 06:00:00 +00:00BE-TSO-0001ITP-00542exitkWh/h,1,Physical Flow,hour,2022-01-20T06:00:00+01:00,2022-01-20T07:00:00+01:00,BE-TSO-0001,21X-BE-A-A0A0A-Y,Fluxys Belgium,ITP-00542,VIP Belgium - NCG,21Z000000000497Z,exit,kWh/h,,,10951451,2022-02-27T02:11:08+01:00,,Confirmed,,,,,True,,,True,PRISMA,,https://platform.prisma-capacity.eu/,,Cross-Border Transmission IP within EU,0,False
1Physical Flowhour2022-01-20 06:00:00 +00:002022-01-20 07:00:00 +00:00BE-TSO-0001ITP-00542exitkWh/h,1,Physical Flow,hour,2022-01-20T07:00:00+01:00,2022-01-20T08:00:00+01:00,BE-TSO-0001,21X-BE-A-A0A0A-Y,Fluxys Belgium,ITP-00542,VIP Belgium - NCG,21Z000000000497Z,exit,kWh/h,,,10952795,2022-02-27T02:11:08+01:00,,Confirmed,,,,,True,,,True,PRISMA,,https://platform.prisma-capacity.eu/,,Cross-Border Transmission IP within EU,0,False
1Physical Flowhour2022-01-20 07:00:00 +00:002022-01-20 08:00:00 +00:00BE-TSO-0001ITP-00542exitkWh/h,1,Physical Flow,hour,2022-01-20T08:00:00+01:00,2022-01-20T09:00:00+01:00,BE-TSO-0001,21X-BE-A-A0A0A-Y,Fluxys Belgium,ITP-00542,VIP Belgium - NCG,21Z000000000497Z,exit,kWh/h,,,10948603,2022-02-27T02:11:08+01:00,,Confirmed,,,,,True,,,True,PRISMA,,https://platform.prisma-capacity.eu/,,Cross-Border Transmission IP within EU,0,False
1Physical Flowhour2022-01-20 08:00:00 +00:002022-01-20 09:00:00 +00:00BE-TSO-0001ITP-00542exitkWh/h,1,Physical Flow,hour,2022-01-20T09:00:00+01:00,2022-01-20T10:00:00+01:00,BE-TSO-0001,21X-BE-A-A0A0A-Y,Fluxys Belgium,ITP-00542,VIP Belgium - NCG,21Z000000000497Z,exit,kWh/h,,,11150488,2022-02-27T02:11:08+01:00,,Confirmed,,,,,True,,,True,PRISMA,,https://platform.prisma-capacity.eu/,,Cross-Border Transmission IP within EU,0,False
1Physical Flowhour2022-01-20 09:00:00 +00:002022-01-20 10:00:00 +00:00BE-TSO-0001ITP-00542exitkWh/h,1,Physical Flow,hour,2022-01-20T10:00:00+01:00,2022-01-20T11:00:00+01:00,BE-TSO-0001,21X-BE-A-A0A0A-Y,Fluxys Belgium,ITP-00542,VIP Belgium - NCG,21Z000000000497Z,exit,kWh/h,,,10939444,2022-02-27T02:11:08+01:00,,Confirmed,,,,,True,,,True,PRISMA,,https://platform.prisma-capacity.eu/,,Cross-Border Transmission IP within EU,0,False
1Physical Flowhour2022-01-20 10:00:00 +00:002022-01-20 11:00:00 +00:00BE-TSO-0001ITP-00542exitkWh/h,1,Physical Flow,hour,2022-01-20T11:00:00+01:00,2022-01-20T12:00:00+01:00,BE-TSO-0001,21X-BE-A-A0A0A-Y,Fluxys Belgium,ITP-00542,VIP Belgium - NCG,21Z000000000497Z,exit,kWh/h,,,10936563,2022-02-27T02:11:08+01:00,,Confirmed,,,,,True,,,True,PRISMA,,https://platform.prisma-capacity.eu/,,Cross-Border Transmission IP within EU,0,False
1Physical Flowhour2022-01-20 11:00:00 +00:002022-01-20 12:00:00 +00:00BE-TSO-0001ITP-00542exitkWh/h,1,Physical Flow,hour,2022-01-20T12:00:00+01:00,2022-01-20T13:00:00+01:00,BE-TSO-0001,21X-BE-A-A0A0A-Y,Fluxys Belgium,ITP-00542,VIP Belgium - NCG,21Z000000000497Z,exit,kWh/h,,,10940005,2022-02-27T02:11:08+01:00,,Confirmed,,,,,True,,,True,PRISMA,,https://platform.prisma-capacity.eu/,,Cross-Border Transmission IP within EU,0,False
1Physical Flowhour2022-01-20 12:00:00 +00:002022-01-20 13:00:00 +00:00BE-TSO-0001ITP-00542exitkWh/h,1,Physical Flow,hour,2022-01-20T13:00:00+01:00,2022-01-20T14:00:00+01:00,BE-TSO-0001,21X-BE-A-A0A0A-Y,Fluxys Belgium,ITP-00542,VIP Belgium - NCG,21Z000000000497Z,exit,kWh/h,,,10938514,2022-02-27T02:11:08+01:00,,Confirmed,,,,,True,,,True,PRISMA,,https://platform.prisma-capacity.eu/,,Cross-Border Transmission IP within EU,0,False
1Physical Flowhour2022-01-20 13:00:00 +00:002022-01-20 14:00:00 +00:00BE-TSO-0001ITP-00542exitkWh/h,1,Physical Flow,hour,2022-01-20T14:00:00+01:00,2022-01-20T15:00:00+01:00,BE-TSO-0001,21X-BE-A-A0A0A-Y,Fluxys Belgium,ITP-00542,VIP Belgium - NCG,21Z000000000497Z,exit,kWh/h,,,10940740,2022-02-27T02:11:08+01:00,,Confirmed,,,,,True,,,True,PRISMA,,https://platform.prisma-capacity.eu/,,Cross-Border Transmission IP within EU,0,False
1Physical Flowhour2022-01-20 14:00:00 +00:002022-01-20 15:00:00 +00:00BE-TSO-0001ITP-00542exitkWh/h,1,Physical Flow,hour,2022-01-20T15:00:00+01:00,2022-01-20T16:00:00+01:00,BE-TSO-0001,21X-BE-A-A0A0A-Y,Fluxys Belgium,ITP-00542,VIP Belgium - NCG,21Z000000000497Z,exit,kWh/h,,,10938898,2022-02-27T02:11:08+01:00,,Confirmed,,,,,True,,,True,PRISMA,,https://platform.prisma-capacity.eu/,,Cross-Border Transmission IP within EU,0,False
1Physical Flowhour2022-01-20 15:00:00 +00:002022-01-20 16:00:00 +00:00BE-TSO-0001ITP-00542exitkWh/h,1,Physical Flow,hour,2022-01-20T16:00:00+01:00,2022-01-20T17:00:00+01:00,BE-TSO-0001,21X-BE-A-A0A0A-Y,Fluxys Belgium,ITP-00542,VIP Belgium - NCG,21Z000000000497Z,exit,kWh/h,,,10940260,2022-02-27T02:11:08+01:00,,Confirmed,,,,,True,,,True,PRISMA,,https://platform.prisma-capacity.eu/,,Cross-Border Transmission IP within EU,0,False
1Physical Flowhour2022-01-20 16:00:00 +00:002022-01-20 17:00:00 +00:00BE-TSO-0001ITP-00542exitkWh/h,1,Physical Flow,hour,2022-01-20T17:00:00+01:00,2022-01-20T18:00:00+01:00,BE-TSO-0001,21X-BE-A-A0A0A-Y,Fluxys Belgium,ITP-00542,VIP Belgium - NCG,21Z000000000497Z,exit,kWh/h,,,10941156,2022-02-27T02:11:08+01:00,,Confirmed,,,,,True,,,True,PRISMA,,https://platform.prisma-capacity.eu/,,Cross-Border Transmission IP within EU,0,False
1Physical Flowhour2022-01-20 17:00:00 +00:002022-01-20 18:00:00 +00:00BE-TSO-0001ITP-00542exitkWh/h,1,Physical Flow,hour,2022-01-20T18:00:00+01:00,2022-01-20T19:00:00+01:00,BE-TSO-0001,21X-BE-A-A0A0A-Y,Fluxys Belgium,ITP-00542,VIP Belgium - NCG,21Z000000000497Z,exit,kWh/h,,,10935806,2022-02-27T02:11:08+01:00,,Confirmed,,,,,True,,,True,PRISMA,,https://platform.prisma-capacity.eu/,,Cross-Border Transmission IP within EU,0,False
1Physical Flowhour2022-01-20 18:00:00 +00:002022-01-20 19:00:00 +00:00BE-TSO-0001ITP-00542exitkWh/h,1,Physical Flow,hour,2022-01-20T19:00:00+01:00,2022-01-20T20:00:00+01:00,BE-TSO-0001,21X-BE-A-A0A0A-Y,Fluxys Belgium,ITP-00542,VIP Belgium - NCG,21Z000000000497Z,exit,kWh/h,,,10939320,2022-02-27T02:11:08+01:00,,Confirmed,,,,,True,,,True,PRISMA,,https://platform.prisma-capacity.eu/,,Cross-Border Transmission IP within EU,0,False
1Physical Flowhour2022-01-20 19:00:00 +00:002022-01-20 20:00:00 +00:00BE-TSO-0001ITP-00542exitkWh/h,1,Physical Flow,hour,2022-01-20T20:00:00+01:00,2022-01-20T21:00:00+01:00,BE-TSO-0001,21X-BE-A-A0A0A-Y,Fluxys Belgium,ITP-00542,VIP Belgium - NCG,21Z000000000497Z,exit,kWh/h,,,10940864,2022-02-27T02:11:08+01:00,,Confirmed,,,,,True,,,True,PRISMA,,https://platform.prisma-capacity.eu/,,Cross-Border Transmission IP within EU,0,False
1Physical Flowhour2022-01-20 20:00:00 +00:002022-01-20 21:00:00 +00:00BE-TSO-0001ITP-00542exitkWh/h,1,Physical Flow,hour,2022-01-20T21:00:00+01:00,2022-01-20T22:00:00+01:00,BE-TSO-0001,21X-BE-A-A0A0A-Y,Fluxys Belgium,ITP-00542,VIP Belgium - NCG,21Z000000000497Z,exit,kWh/h,,,10938575,2022-02-27T02:11:08+01:00,,Confirmed,,,,,True,,,True,PRISMA,,https://platform.prisma-capacity.eu/,,Cross-Border Transmission IP within EU,0,False
1Physical Flowhour2022-01-20 21:00:00 +00:002022-01-20 22:00:00 +00:00BE-TSO-0001ITP-00542exitkWh/h,1,Physical Flow,hour,2022-01-20T22:00:00+01:00,2022-01-20T23:00:00+01:00,BE-TSO-0001,21X-BE-A-A0A0A-Y,Fluxys Belgium,ITP-00542,VIP Belgium - NCG,21Z000000000497Z,exit,kWh/h,,,10937030,2022-02-27T02:11:08+01:00,,Confirmed,,,,,True,,,True,PRISMA,,https://platform.prisma-capacity.eu/,,Cross-Border Transmission IP within EU,0,False
1Physical Flowhour2022-01-20 22:00:00 +00:002022-01-20 23:00:00 +00:00BE-TSO-0001ITP-00542exitkWh/h,1,Physical Flow,hour,2022-01-20T23:00:00+01:00,2022-01-21T00:00:00+01:00,BE-TSO-0001,21X-BE-A-A0A0A-Y,Fluxys Belgium,ITP-00542,VIP Belgium - NCG,21Z000000000497Z,exit,kWh/h,,,10938540,2022-02-27T02:11:08+01:00,,Confirmed,,,,,True,,,True,PRISMA,,https://platform.prisma-capacity.eu/,,Cross-Border Transmission IP within EU,0,False
1Physical Flowhour2022-01-20 23:00:00 +00:002022-01-21 00:00:00 +00:00BE-TSO-0001ITP-00542exitkWh/h,1,Physical Flow,hour,2022-01-21T00:00:00+01:00,2022-01-21T01:00:00+01:00,BE-TSO-0001,21X-BE-A-A0A0A-Y,Fluxys Belgium,ITP-00542,VIP Belgium - NCG,21Z000000000497Z,exit,kWh/h,,,10936157,2022-02-27T02:11:08+01:00,,Confirmed,,,,,True,,,True,PRISMA,,https://platform.prisma-capacity.eu/,,Cross-Border Transmission IP within EU,0,False
1Physical Flowhour2022-01-21 00:00:00 +00:002022-01-21 01:00:00 +00:00BE-TSO-0001ITP-00542exitkWh/h,1,Physical Flow,hour,2022-01-21T01:00:00+01:00,2022-01-21T02:00:00+01:00,BE-TSO-0001,21X-BE-A-A0A0A-Y,Fluxys Belgium,ITP-00542,VIP Belgium - NCG,21Z000000000497Z,exit,kWh/h,,,10932801,2022-02-27T02:11:08+01:00,,Confirmed,,,,,True,,,True,PRISMA,,https://platform.prisma-capacity.eu/,,Cross-Border Transmission IP within EU,0,False
1Physical Flowhour2022-01-21 01:00:00 +00:002022-01-21 02:00:00 +00:00BE-TSO-0001ITP-00542exitkWh/h,1,Physical Flow,hour,2022-01-21T02:00:00+01:00,2022-01-21T03:00:00+01:00,BE-TSO-0001,21X-BE-A-A0A0A-Y,Fluxys Belgium,ITP-00542,VIP Belgium - NCG,21Z000000000497Z,exit,kWh/h,,,10733746,2022-02-27T02:11:08+01:00,,Confirmed,,,,,True,,,True,PRISMA,,https://platform.prisma-capacity.eu/,,Cross-Border Transmission IP within EU,0,False
1Physical Flowhour2022-01-21 02:00:00 +00:002022-01-21 03:00:00 +00:00BE-TSO-0001ITP-00542exitkWh/h,1,Physical Flow,hour,2022-01-21T03:00:00+01:00,2022-01-21T04:00:00+01:00,BE-TSO-0001,21X-BE-A-A0A0A-Y,Fluxys Belgium,ITP-00542,VIP Belgium - NCG,21Z000000000497Z,exit,kWh/h,,,10935069,2022-02-27T02:11:08+01:00,,Confirmed,,,,,True,,,True,PRISMA,,https://platform.prisma-capacity.eu/,,Cross-Border Transmission IP within EU,0,False
1Physical Flowhour2022-01-21 03:00:00 +00:002022-01-21 04:00:00 +00:00BE-TSO-0001ITP-00542exitkWh/h,1,Physical Flow,hour,2022-01-21T04:00:00+01:00,2022-01-21T05:00:00+01:00,BE-TSO-0001,21X-BE-A-A0A0A-Y,Fluxys Belgium,ITP-00542,VIP Belgium - NCG,21Z000000000497Z,exit,kWh/h,,,10929623,2022-02-27T02:11:08+01:00,,Confirmed,,,,,True,,,True,PRISMA,,https://platform.prisma-capacity.eu/,,Cross-Border Transmission IP within EU,0,False
1Physical Flowhour2022-01-21 04:00:00 +00:002022-01-21 05:00:00 +00:00BE-TSO-0001ITP-00542exitkWh/h,1,Physical Flow,hour,2022-01-21T05:00:00+01:00,2022-01-21T06:00:00+01:00,BE-TSO-0001,21X-BE-A-A0A0A-Y,Fluxys Belgium,ITP-00542,VIP Belgium - NCG,21Z000000000497Z,exit,kWh/h,,,10779190,2022-02-27T02:11:08+01:00,,Confirmed,,,,,True,,,True,PRISMA,,https://platform.prisma-capacity.eu/,,Cross-Border Transmission IP within EU,0,False
1Physical Flowhour2022-01-21 05:00:00 +00:002022-01-21 06:00:00 +00:00BE-TSO-0001ITP-00542exitkWh/h,1,Physical Flow,hour,2022-01-21T06:00:00+01:00,2022-01-21T07:00:00+01:00,BE-TSO-0001,21X-BE-A-A0A0A-Y,Fluxys Belgium,ITP-00542,VIP Belgium - NCG,21Z000000000497Z,exit,kWh/h,,,9651870,2022-02-27T02:11:08+01:00,,Confirmed,,,,,True,,,True,PRISMA,,https://platform.prisma-capacity.eu/,,Cross-Border Transmission IP within EU,0,False
1Physical Flowhour2022-01-21 06:00:00 +00:002022-01-21 07:00:00 +00:00BE-TSO-0001ITP-00542exitkWh/h,1,Physical Flow,hour,2022-01-21T07:00:00+01:00,2022-01-21T08:00:00+01:00,BE-TSO-0001,21X-BE-A-A0A0A-Y,Fluxys Belgium,ITP-00542,VIP Belgium - NCG,21Z000000000497Z,exit,kWh/h,,,9658032,2022-02-27T02:11:08+01:00,,Confirmed,,,,,True,,,True,PRISMA,,https://platform.prisma-capacity.eu/,,Cross-Border Transmission IP within EU,0,False
1Physical Flowhour2022-01-21 07:00:00 +00:002022-01-21 08:00:00 +00:00BE-TSO-0001ITP-00542exitkWh/h,1,Physical Flow,hour,2022-01-21T08:00:00+01:00,2022-01-21T09:00:00+01:00,BE-TSO-0001,21X-BE-A-A0A0A-Y,Fluxys Belgium,ITP-00542,VIP Belgium - NCG,21Z000000000497Z,exit,kWh/h,,,9662061,2022-02-27T02:11:08+01:00,,Confirmed,,,,,True,,,True,PRISMA,,https://platform.prisma-capacity.eu/,,Cross-Border Transmission IP within EU,0,False
1Physical Flowhour2022-01-21 08:00:00 +00:002022-01-21 09:00:00 +00:00BE-TSO-0001ITP-00542exitkWh/h,1,Physical Flow,hour,2022-01-21T09:00:00+01:00,2022-01-21T10:00:00+01:00,BE-TSO-0001,21X-BE-A-A0A0A-Y,Fluxys Belgium,ITP-00542,VIP Belgium - NCG,21Z000000000497Z,exit,kWh/h,,,9660613,2022-02-27T02:11:08+01:00,,Confirmed,,,,,True,,,True,PRISMA,,https://platform.prisma-capacity.eu/,,Cross-Border Transmission IP within EU,0,False
1Physical Flowhour2022-01-21 09:00:00 +00:002022-01-21 10:00:00 +00:00BE-TSO-0001ITP-00542exitkWh/h,1,Physical Flow,hour,2022-01-21T10:00:00+01:00,2022-01-21T11:00:00+01:00,BE-TSO-0001,21X-BE-A-A0A0A-Y,Fluxys Belgium,ITP-00542,VIP Belgium - NCG,21Z000000000497Z,exit,kWh/h,,,9654789,2022-02-27T02:11:08+01:00,,Confirmed,,,,,True,,,True,PRISMA,,https://platform.prisma-capacity.eu/,,Cross-Border Transmission IP within EU,0,False
1Physical Flowhour2022-01-21 10:00:00 +00:002022-01-21 11:00:00 +00:00BE-TSO-0001ITP-00542exitkWh/h,1,Physical Flow,hour,2022-01-21T11:00:00+01:00,2022-01-21T12:00:00+01:00,BE-TSO-0001,21X-BE-A-A0A0A-Y,Fluxys Belgium,ITP-00542,VIP Belgium - NCG,21Z000000000497Z,exit,kWh/h,,,9658461,2022-02-27T02:11:08+01:00,,Confirmed,,,,,True,,,True,PRISMA,,https://platform.prisma-capacity.eu/,,Cross-Border Transmission IP within EU,0,False
1Physical Flowhour2022-01-21 11:00:00 +00:002022-01-21 12:00:00 +00:00BE-TSO-0001ITP-00542exitkWh/h,1,Physical Flow,hour,2022-01-21T12:00:00+01:00,2022-01-21T13:00:00+01:00,BE-TSO-0001,21X-BE-A-A0A0A-Y,Fluxys Belgium,ITP-00542,VIP Belgium - NCG,21Z000000000497Z,exit,kWh/h,,,9654277,2022-02-27T02:11:08+01:00,,Confirmed,,,,,True,,,True,PRISMA,,https://platform.prisma-capacity.eu/,,Cross-Border Transmission IP within EU,0,False
1Physical Flowhour2022-01-21 12:00:00 +00:002022-01-21 13:00:00 +00:00BE-TSO-0001ITP-00542exitkWh/h,1,Physical Flow,hour,2022-01-21T13:00:00+01:00,2022-01-21T14:00:00+01:00,BE-TSO-0001,21X-BE-A-A0A0A-Y,Fluxys Belgium,ITP-00542,VIP Belgium - NCG,21Z000000000497Z,exit,kWh/h,,,9555853,2022-02-27T02:11:08+01:00,,Confirmed,,,,,True,,,True,PRISMA,,https://platform.prisma-capacity.eu/,,Cross-Border Transmission IP within EU,0,False
1Physical Flowhour2022-01-21 13:00:00 +00:002022-01-21 14:00:00 +00:00BE-TSO-0001ITP-00542exitkWh/h,1,Physical Flow,hour,2022-01-21T14:00:00+01:00,2022-01-21T15:00:00+01:00,BE-TSO-0001,21X-BE-A-A0A0A-Y,Fluxys Belgium,ITP-00542,VIP Belgium - NCG,21Z000000000497Z,exit,kWh/h,,,9555807,2022-02-27T02:11:08+01:00,,Confirmed,,,,,True,,,True,PRISMA,,https://platform.prisma-capacity.eu/,,Cross-Border Transmission IP within EU,0,False
1Physical Flowhour2022-01-21 14:00:00 +00:002022-01-21 15:00:00 +00:00BE-TSO-0001ITP-00542exitkWh/h,1,Physical Flow,hour,2022-01-21T15:00:00+01:00,2022-01-21T16:00:00+01:00,BE-TSO-0001,21X-BE-A-A0A0A-Y,Fluxys Belgium,ITP-00542,VIP Belgium - NCG,21Z000000000497Z,exit,kWh/h,,,9505239,2022-02-27T02:11:08+01:00,,Confirmed,,,,,True,,,True,PRISMA,,https://platform.prisma-capacity.eu/,,Cross-Border Transmission IP within EU,0,False
1Physical Flowhour2022-01-21 15:00:00 +00:002022-01-21 16:00:00 +00:00BE-TSO-0001ITP-00542exitkWh/h,1,Physical Flow,hour,2022-01-21T16:00:00+01:00,2022-01-21T17:00:00+01:00,BE-TSO-0001,21X-BE-A-A0A0A-Y,Fluxys Belgium,ITP-00542,VIP Belgium - NCG,21Z000000000497Z,exit,kWh/h,,,9507435,2022-02-27T02:11:08+01:00,,Confirmed,,,,,True,,,True,PRISMA,,https://platform.prisma-capacity.eu/,,Cross-Border Transmission IP within EU,0,False
1Physical Flowhour2022-01-21 16:00:00 +00:002022-01-21 17:00:00 +00:00BE-TSO-0001ITP-00542exitkWh/h,1,Physical Flow,hour,2022-01-21T17:00:00+01:00,2022-01-21T18:00:00+01:00,BE-TSO-0001,21X-BE-A-A0A0A-Y,Fluxys Belgium,ITP-00542,VIP Belgium - NCG,21Z000000000497Z,exit,kWh/h,,,9504390,2022-02-27T02:11:08+01:00,,Confirmed,,,,,True,,,True,PRISMA,,https://platform.prisma-capacity.eu/,,Cross-Border Transmission IP within EU,0,False
1Physical Flowhour2022-01-21 17:00:00 +00:002022-01-21 18:00:00 +00:00BE-TSO-0001ITP-00542exitkWh/h,1,Physical Flow,hour,2022-01-21T18:00:00+01:00,2022-01-21T19:00:00+01:00,BE-TSO-0001,21X-BE-A-A0A0A-Y,Fluxys Belgium,ITP-00542,VIP Belgium - NCG,21Z000000000497Z,exit,kWh/h,,,9508392,2022-02-27T02:11:08+01:00,,Confirmed,,,,,True,,,True,PRISMA,,https://platform.prisma-capacity.eu/,,Cross-Border Transmission IP within EU,0,False
1Physical Flowhour2022-01-21 18:00:00 +00:002022-01-21 19:00:00 +00:00BE-TSO-0001ITP-00542exitkWh/h,1,Physical Flow,hour,2022-01-21T19:00:00+01:00,2022-01-21T20:00:00+01:00,BE-TSO-0001,21X-BE-A-A0A0A-Y,Fluxys Belgium,ITP-00542,VIP Belgium - NCG,21Z000000000497Z,exit,kWh/h,,,9503036,2022-02-27T02:11:08+01:00,,Confirmed,,,,,True,,,True,PRISMA,,https://platform.prisma-capacity.eu/,,Cross-Border Transmission IP within EU,0,False
1Physical Flowhour2022-01-21 19:00:00 +00:002022-01-21 20:00:00 +00:00BE-TSO-0001ITP-00542exitkWh/h,1,Physical Flow,hour,2022-01-21T20:00:00+01:00,2022-01-21T21:00:00+01:00,BE-TSO-0001,21X-BE-A-A0A0A-Y,Fluxys Belgium,ITP-00542,VIP Belgium - NCG,21Z000000000497Z,exit,kWh/h,,,9563530,2022-02-27T02:11:08+01:00,,Confirmed,,,,,True,,,True,PRISMA,,https://platform.prisma-capacity.eu/,,Cross-Border Transmission IP within EU,0,False
1Physical Flowhour2022-01-21 20:00:00 +00:002022-01-21 21:00:00 +00:00BE-TSO-0001ITP-00542exitkWh/h,1,Physical Flow,hour,2022-01-21T21:00:00+01:00,2022-01-21T22:00:00+01:00,BE-TSO-0001,21X-BE-A-A0A0A-Y,Fluxys Belgium,ITP-00542,VIP Belgium - NCG,21Z000000000497Z,exit,kWh/h,,,9664067,2022-02-27T02:11:08+01:00,,Confirmed,,,,,True,,,True,PRISMA,,https://platform.prisma-capacity.eu/,,Cross-Border Transmission IP within EU,0,False
1Physical Flowhour2022-01-21 21:00:00 +00:002022-01-21 22:00:00 +00:00BE-TSO-0001ITP-00542exitkWh/h,1,Physical Flow,hour,2022-01-21T22:00:00+01:00,2022-01-21T23:00:00+01:00,BE-TSO-0001,21X-BE-A-A0A0A-Y,Fluxys Belgium,ITP-00542,VIP Belgium - NCG,21Z000000000497Z,exit,kWh/h,,,9917907,2022-02-27T02:11:08+01:00,,Confirmed,,,,,True,,,True,PRISMA,,https://platform.prisma-capacity.eu/,,Cross-Border Transmission IP within EU,0,False
1Physical Flowhour2022-01-21 22:00:00 +00:002022-01-21 23:00:00 +00:00BE-TSO-0001ITP-00542exitkWh/h,1,Physical Flow,hour,2022-01-21T23:00:00+01:00,2022-01-22T00:00:00+01:00,BE-TSO-0001,21X-BE-A-A0A0A-Y,Fluxys Belgium,ITP-00542,VIP Belgium - NCG,21Z000000000497Z,exit,kWh/h,,,10120874,2022-02-27T02:11:08+01:00,,Confirmed,,,,,True,,,True,PRISMA,,https://platform.prisma-capacity.eu/,,Cross-Border Transmission IP within EU,0,False
1Physical Flowhour2022-01-21 23:00:00 +00:002022-01-22 00:00:00 +00:00BE-TSO-0001ITP-00542exitkWh/h,1,Physical Flow,hour,2022-01-22T00:00:00+01:00,2022-01-22T01:00:00+01:00,BE-TSO-0001,21X-BE-A-A0A0A-Y,Fluxys Belgium,ITP-00542,VIP Belgium - NCG,21Z000000000497Z,exit,kWh/h,,,10346812,2022-02-27T02:11:08+01:00,,Confirmed,,,,,True,,,True,PRISMA,,https://platform.prisma-capacity.eu/,,Cross-Border Transmission IP within EU,0,False
1Physical Flowhour2022-01-22 00:00:00 +00:002022-01-22 01:00:00 +00:00BE-TSO-0001ITP-00542exitkWh/h,1,Physical Flow,hour,2022-01-22T01:00:00+01:00,2022-01-22T02:00:00+01:00,BE-TSO-0001,21X-BE-A-A0A0A-Y,Fluxys Belgium,ITP-00542,VIP Belgium - NCG,21Z000000000497Z,exit,kWh/h,,,10863207,2022-02-27T02:11:08+01:00,,Confirmed,,,,,True,,,True,PRISMA,,https://platform.prisma-capacity.eu/,,Cross-Border Transmission IP within EU,0,False
1Physical Flowhour2022-01-22 01:00:00 +00:002022-01-22 02:00:00 +00:00BE-TSO-0001ITP-00542exitkWh/h,1,Physical Flow,hour,2022-01-22T02:00:00+01:00,2022-01-22T03:00:00+01:00,BE-TSO-0001,21X-BE-A-A0A0A-Y,Fluxys Belgium,ITP-00542,VIP Belgium - NCG,21Z000000000497Z,exit,kWh/h,,,10868219,2022-02-27T02:11:08+01:00,,Confirmed,,,,,True,,,True,PRISMA,,https://platform.prisma-capacity.eu/,,Cross-Border Transmission IP within EU,0,False
1Physical Flowhour2022-01-22 02:00:00 +00:002022-01-22 03:00:00 +00:00BE-TSO-0001ITP-00542exitkWh/h,1,Physical Flow,hour,2022-01-22T03:00:00+01:00,2022-01-22T04:00:00+01:00,BE-TSO-0001,21X-BE-A-A0A0A-Y,Fluxys Belgium,ITP-00542,VIP Belgium - NCG,21Z000000000497Z,exit,kWh/h,,,10944049,2022-02-27T02:11:08+01:00,,Confirmed,,,,,True,,,True,PRISMA,,https://platform.prisma-capacity.eu/,,Cross-Border Transmission IP within EU,0,False
1Physical Flowhour2022-01-22 03:00:00 +00:002022-01-22 04:00:00 +00:00BE-TSO-0001ITP-00542exitkWh/h,1,Physical Flow,hour,2022-01-22T04:00:00+01:00,2022-01-22T05:00:00+01:00,BE-TSO-0001,21X-BE-A-A0A0A-Y,Fluxys Belgium,ITP-00542,VIP Belgium - NCG,21Z000000000497Z,exit,kWh/h,,,11043316,2022-02-27T02:11:08+01:00,,Confirmed,,,,,True,,,True,PRISMA,,https://platform.prisma-capacity.eu/,,Cross-Border Transmission IP within EU,0,False
1Physical Flowhour2022-01-22 04:00:00 +00:002022-01-22 05:00:00 +00:00BE-TSO-0001ITP-00542exitkWh/h,1,Physical Flow,hour,2022-01-22T05:00:00+01:00,2022-01-22T06:00:00+01:00,BE-TSO-0001,21X-BE-A-A0A0A-Y,Fluxys Belgium,ITP-00542,VIP Belgium - NCG,21Z000000000497Z,exit,kWh/h,,,11040775,2022-02-27T02:11:08+01:00,,Confirmed,,,,,True,,,True,PRISMA,,https://platform.prisma-capacity.eu/,,Cross-Border Transmission IP within EU,0,False
1Physical Flowhour2022-01-22 05:00:00 +00:002022-01-22 06:00:00 +00:00BE-TSO-0001ITP-00542exitkWh/h,1,Physical Flow,hour,2022-01-22T06:00:00+01:00,2022-01-22T07:00:00+01:00,BE-TSO-0001,21X-BE-A-A0A0A-Y,Fluxys Belgium,ITP-00542,VIP Belgium - NCG,21Z000000000497Z,exit,kWh/h,,,9488278,2022-02-27T02:11:08+01:00,,Confirmed,,,,,True,,,True,PRISMA,,https://platform.prisma-capacity.eu/,,Cross-Border Transmission IP within EU,0,False
1Physical Flowhour2022-01-22 06:00:00 +00:002022-01-22 07:00:00 +00:00BE-TSO-0001ITP-00542exitkWh/h,1,Physical Flow,hour,2022-01-22T07:00:00+01:00,2022-01-22T08:00:00+01:00,BE-TSO-0001,21X-BE-A-A0A0A-Y,Fluxys Belgium,ITP-00542,VIP Belgium - NCG,21Z000000000497Z,exit,kWh/h,,,9466944,2022-02-27T02:11:08+01:00,,Confirmed,,,,,True,,,True,PRISMA,,https://platform.prisma-capacity.eu/,,Cross-Border Transmission IP within EU,0,False
1Physical Flowhour2022-01-22 07:00:00 +00:002022-01-22 08:00:00 +00:00BE-TSO-0001ITP-00542exitkWh/h,1,Physical Flow,hour,2022-01-22T08:00:00+01:00,2022-01-22T09:00:00+01:00,BE-TSO-0001,21X-BE-A-A0A0A-Y,Fluxys Belgium,ITP-00542,VIP Belgium - NCG,21Z000000000497Z,exit,kWh/h,,,9684427,2022-02-27T02:11:08+01:00,,Confirmed,,,,,True,,,True,PRISMA,,https://platform.prisma-capacity.eu/,,Cross-Border Transmission IP within EU,0,False
1Physical Flowhour2022-01-22 08:00:00 +00:002022-01-22 09:00:00 +00:00BE-TSO-0001ITP-00542exitkWh/h,1,Physical Flow,hour,2022-01-22T09:00:00+01:00,2022-01-22T10:00:00+01:00,BE-TSO-0001,21X-BE-A-A0A0A-Y,Fluxys Belgium,ITP-00542,VIP Belgium - NCG,21Z000000000497Z,exit,kWh/h,,,9841142,2022-02-27T02:11:08+01:00,,Confirmed,,,,,True,,,True,PRISMA,,https://platform.prisma-capacity.eu/,,Cross-Border Transmission IP within EU,0,False
1Physical Flowhour2022-01-22 09:00:00 +00:002022-01-22 10:00:00 +00:00BE-TSO-0001ITP-00542exitkWh/h,1,Physical Flow,hour,2022-01-22T10:00:00+01:00,2022-01-22T11:00:00+01:00,BE-TSO-0001,21X-BE-A-A0A0A-Y,Fluxys Belgium,ITP-00542,VIP Belgium - NCG,21Z000000000497Z,exit,kWh/h,,,9672775,2022-02-27T02:11:08+01:00,,Confirmed,,,,,True,,,True,PRISMA,,https://platform.prisma-capacity.eu/,,Cross-Border Transmission IP within EU,0,False
1Physical Flowhour2022-01-22 10:00:00 +00:002022-01-22 11:00:00 +00:00BE-TSO-0001ITP-00542exitkWh/h,1,Physical Flow,hour,2022-01-22T11:00:00+01:00,2022-01-22T12:00:00+01:00,BE-TSO-0001,21X-BE-A-A0A0A-Y,Fluxys Belgium,ITP-00542,VIP Belgium - NCG,21Z000000000497Z,exit,kWh/h,,,9677022,2022-02-27T02:11:08+01:00,,Confirmed,,,,,True,,,True,PRISMA,,https://platform.prisma-capacity.eu/,,Cross-Border Transmission IP within EU,0,False
1Physical Flowhour2022-01-22 11:00:00 +00:002022-01-22 12:00:00 +00:00BE-TSO-0001ITP-00542exitkWh/h,1,Physical Flow,hour,2022-01-22T12:00:00+01:00,2022-01-22T13:00:00+01:00,BE-TSO-0001,21X-BE-A-A0A0A-Y,Fluxys Belgium,ITP-00542,VIP Belgium - NCG,21Z000000000497Z,exit,kWh/h,,,9674821,2022-02-27T02:11:08+01:00,,Confirmed,,,,,True,,,True,PRISMA,,https://platform.prisma-capacity.eu/,,Cross-Border Transmission IP within EU,0,False
1Physical Flowhour2022-01-22 12:00:00 +00:002022-01-22 13:00:00 +00:00BE-TSO-0001ITP-00542exitkWh/h,1,Physical Flow,hour,2022-01-22T13:00:00+01:00,2022-01-22T14:00:00+01:00,BE-TSO-0001,21X-BE-A-A0A0A-Y,Fluxys Belgium,ITP-00542,VIP Belgium - NCG,21Z000000000497Z,exit,kWh/h,,,9679093,2022-02-27T02:11:08+01:00,,Confirmed,,,,,True,,,True,PRISMA,,https://platform.prisma-capacity.eu/,,Cross-Border Transmission IP within EU,0,False
1Physical Flowhour2022-01-22 13:00:00 +00:002022-01-22 14:00:00 +00:00BE-TSO-0001ITP-00542exitkWh/h,1,Physical Flow,hour,2022-01-22T14:00:00+01:00,2022-01-22T15:00:00+01:00,BE-TSO-0001,21X-BE-A-A0A0A-Y,Fluxys Belgium,ITP-00542,VIP Belgium - NCG,21Z000000000497Z,exit,kWh/h,,,9670482,2022-02-27T02:11:08+01:00,,Confirmed,,,,,True,,,True,PRISMA,,https://platform.prisma-capacity.eu/,,Cross-Border Transmission IP within EU,0,False
1Physical Flowhour2022-01-22 14:00:00 +00:002022-01-22 15:00:00 +00:00BE-TSO-0001ITP-00542exitkWh/h,1,Physical Flow,hour,2022-01-22T15:00:00+01:00,2022-01-22T16:00:00+01:00,BE-TSO-0001,21X-BE-A-A0A0A-Y,Fluxys Belgium,ITP-00542,VIP Belgium - NCG,21Z000000000497Z,exit,kWh/h,,,9675311,2022-02-27T02:11:08+01:00,,Confirmed,,,,,True,,,True,PRISMA,,https://platform.prisma-capacity.eu/,,Cross-Border Transmission IP within EU,0,False
1Physical Flowhour2022-01-22 15:00:00 +00:002022-01-22 16:00:00 +00:00BE-TSO-0001ITP-00542exitkWh/h,1,Physical Flow,hour,2022-01-22T16:00:00+01:00,2022-01-22T17:00:00+01:00,BE-TSO-0001,21X-BE-A-A0A0A-Y,Fluxys Belgium,ITP-00542,VIP Belgium - NCG,21Z000000000497Z,exit,kWh/h,,,9675001,2022-02-27T02:11:08+01:00,,Confirmed,,,,,True,,,True,PRISMA,,https://platform.prisma-capacity.eu/,,Cross-Border Transmission IP within EU,0,False
1Physical Flowhour2022-01-22 16:00:00 +00:002022-01-22 17:00:00 +00:00BE-TSO-0001ITP-00542exitkWh/h,1,Physical Flow,hour,2022-01-22T17:00:00+01:00,2022-01-22T18:00:00+01:00,BE-TSO-0001,21X-BE-A-A0A0A-Y,Fluxys Belgium,ITP-00542,VIP Belgium - NCG,21Z000000000497Z,exit,kWh/h,,,9796194,2022-02-27T02:11:08+01:00,,Confirmed,,,,,True,,,True,PRISMA,,https://platform.prisma-capacity.eu/,,Cross-Border Transmission IP within EU,0,False
1Physical Flowhour2022-01-22 17:00:00 +00:002022-01-22 18:00:00 +00:00BE-TSO-0001ITP-00542exitkWh/h,1,Physical Flow,hour,2022-01-22T18:00:00+01:00,2022-01-22T19:00:00+01:00,BE-TSO-0001,21X-BE-A-A0A0A-Y,Fluxys Belgium,ITP-00542,VIP Belgium - NCG,21Z000000000497Z,exit,kWh/h,,,9800258,2022-02-27T02:11:08+01:00,,Confirmed,,,,,True,,,True,PRISMA,,https://platform.prisma-capacity.eu/,,Cross-Border Transmission IP within EU,0,False
1Physical Flowhour2022-01-22 18:00:00 +00:002022-01-22 19:00:00 +00:00BE-TSO-0001ITP-00542exitkWh/h,1,Physical Flow,hour,2022-01-22T19:00:00+01:00,2022-01-22T20:00:00+01:00,BE-TSO-0001,21X-BE-A-A0A0A-Y,Fluxys Belgium,ITP-00542,VIP Belgium - NCG,21Z000000000497Z,exit,kWh/h,,,10042419,2022-02-27T02:11:08+01:00,,Confirmed,,,,,True,,,True,PRISMA,,https://platform.prisma-capacity.eu/,,Cross-Border Transmission IP within EU,0,False
1Physical Flowhour2022-01-22 19:00:00 +00:002022-01-22 20:00:00 +00:00BE-TSO-0001ITP-00542exitkWh/h,1,Physical Flow,hour,2022-01-22T20:00:00+01:00,2022-01-22T21:00:00+01:00,BE-TSO-0001,21X-BE-A-A0A0A-Y,Fluxys Belgium,ITP-00542,VIP Belgium - NCG,21Z000000000497Z,exit,kWh/h,,,10540948,2022-02-27T02:11:08+01:00,,Confirmed,,,,,True,,,True,PRISMA,,https://platform.prisma-capacity.eu/,,Cross-Border Transmission IP within EU,0,False
1Physical Flowhour2022-01-22 20:00:00 +00:002022-01-22 21:00:00 +00:00BE-TSO-0001ITP-00542exitkWh/h,1,Physical Flow,hour,2022-01-22T21:00:00+01:00,2022-01-22T22:00:00+01:00,BE-TSO-0001,21X-BE-A-A0A0A-Y,Fluxys Belgium,ITP-00542,VIP Belgium - NCG,21Z000000000497Z,exit,kWh/h,,,10537619,2022-02-27T02:11:08+01:00,,Confirmed,,,,,True,,,True,PRISMA,,https://platform.prisma-capacity.eu/,,Cross-Border Transmission IP within EU,0,False
1Physical Flowhour2022-01-22 21:00:00 +00:002022-01-22 22:00:00 +00:00BE-TSO-0001ITP-00542exitkWh/h,1,Physical Flow,hour,2022-01-22T22:00:00+01:00,2022-01-22T23:00:00+01:00,BE-TSO-0001,21X-BE-A-A0A0A-Y,Fluxys Belgium,ITP-00542,VIP Belgium - NCG,21Z000000000497Z,exit,kWh/h,,,10804271,2022-02-27T02:11:08+01:00,,Confirmed,,,,,True,,,True,PRISMA,,https://platform.prisma-capacity.eu/,,Cross-Border Transmission IP within EU,0,False
1Physical Flowhour2022-01-22 22:00:00 +00:002022-01-22 23:00:00 +00:00BE-TSO-0001ITP-00542exitkWh/h,1,Physical Flow,hour,2022-01-22T23:00:00+01:00,2022-01-23T00:00:00+01:00,BE-TSO-0001,21X-BE-A-A0A0A-Y,Fluxys Belgium,ITP-00542,VIP Belgium - NCG,21Z000000000497Z,exit,kWh/h,,,10795159,2022-02-27T02:11:08+01:00,,Confirmed,,,,,True,,,True,PRISMA,,https://platform.prisma-capacity.eu/,,Cross-Border Transmission IP within EU,0,False
1Physical Flowhour2022-01-22 23:00:00 +00:002022-01-23 00:00:00 +00:00BE-TSO-0001ITP-00542exitkWh/h,1,Physical Flow,hour,2022-01-23T00:00:00+01:00,2022-01-23T01:00:00+01:00,BE-TSO-0001,21X-BE-A-A0A0A-Y,Fluxys Belgium,ITP-00542,VIP Belgium - NCG,21Z000000000497Z,exit,kWh/h,,,10800994,2022-02-27T02:11:08+01:00,,Confirmed,,,,,True,,,True,PRISMA,,https://platform.prisma-capacity.eu/,,Cross-Border Transmission IP within EU,0,False
1Physical Flowhour2022-01-23 00:00:00 +00:002022-01-23 01:00:00 +00:00BE-TSO-0001ITP-00542exitkWh/h,1,Physical Flow,hour,2022-01-23T01:00:00+01:00,2022-01-23T02:00:00+01:00,BE-TSO-0001,21X-BE-A-A0A0A-Y,Fluxys Belgium,ITP-00542,VIP Belgium - NCG,21Z000000000497Z,exit,kWh/h,,,10802310,2022-02-27T02:11:08+01:00,,Confirmed,,,,,True,,,True,PRISMA,,https://platform.prisma-capacity.eu/,,Cross-Border Transmission IP within EU,0,False
1Physical Flowhour2022-01-23 01:00:00 +00:002022-01-23 02:00:00 +00:00BE-TSO-0001ITP-00542exitkWh/h,1,Physical Flow,hour,2022-01-23T02:00:00+01:00,2022-01-23T03:00:00+01:00,BE-TSO-0001,21X-BE-A-A0A0A-Y,Fluxys Belgium,ITP-00542,VIP Belgium - NCG,21Z000000000497Z,exit,kWh/h,,,11479625,2022-02-27T02:11:08+01:00,,Confirmed,,,,,True,,,True,PRISMA,,https://platform.prisma-capacity.eu/,,Cross-Border Transmission IP within EU,0,False
1Physical Flowhour2022-01-23 02:00:00 +00:002022-01-23 03:00:00 +00:00BE-TSO-0001ITP-00542exitkWh/h,1,Physical Flow,hour,2022-01-23T03:00:00+01:00,2022-01-23T04:00:00+01:00,BE-TSO-0001,21X-BE-A-A0A0A-Y,Fluxys Belgium,ITP-00542,VIP Belgium - NCG,21Z000000000497Z,exit,kWh/h,,,11983824,2022-02-27T02:11:08+01:00,,Confirmed,,,,,True,,,True,PRISMA,,https://platform.prisma-capacity.eu/,,Cross-Border Transmission IP within EU,0,False
1Physical Flowhour2022-01-23 03:00:00 +00:002022-01-23 04:00:00 +00:00BE-TSO-0001ITP-00542exitkWh/h,1,Physical Flow,hour,2022-01-23T04:00:00+01:00,2022-01-23T05:00:00+01:00,BE-TSO-0001,21X-BE-A-A0A0A-Y,Fluxys Belgium,ITP-00542,VIP Belgium - NCG,21Z000000000497Z,exit,kWh/h,,,11980611,2022-02-27T02:11:08+01:00,,Confirmed,,,,,True,,,True,PRISMA,,https://platform.prisma-capacity.eu/,,Cross-Border Transmission IP within EU,0,False
1Physical Flowhour2022-01-23 04:00:00 +00:002022-01-23 05:00:00 +00:00BE-TSO-0001ITP-00542exitkWh/h,1,Physical Flow,hour,2022-01-23T05:00:00+01:00,2022-01-23T06:00:00+01:00,BE-TSO-0001,21X-BE-A-A0A0A-Y,Fluxys Belgium,ITP-00542,VIP Belgium - NCG,21Z000000000497Z,exit,kWh/h,,,11979633,2022-02-27T02:11:08+01:00,,Confirmed,,,,,True,,,True,PRISMA,,https://platform.prisma-capacity.eu/,,Cross-Border Transmission IP within EU,0,False
1Physical Flowhour2022-01-23 05:00:00 +00:002022-01-23 06:00:00 +00:00BE-TSO-0001ITP-00542exitkWh/h,1,Physical Flow,hour,2022-01-23T06:00:00+01:00,2022-01-23T07:00:00+01:00,BE-TSO-0001,21X-BE-A-A0A0A-Y,Fluxys Belgium,ITP-00542,VIP Belgium - NCG,21Z000000000497Z,exit,kWh/h,,,9088540,2022-02-27T02:11:08+01:00,,Confirmed,,,,,True,,,True,PRISMA,,https://platform.prisma-capacity.eu/,,Cross-Border Transmission IP within EU,0,False
1Physical Flowhour2022-01-23 06:00:00 +00:002022-01-23 07:00:00 +00:00BE-TSO-0001ITP-00542exitkWh/h,1,Physical Flow,hour,2022-01-23T07:00:00+01:00,2022-01-23T08:00:00+01:00,BE-TSO-0001,21X-BE-A-A0A0A-Y,Fluxys Belgium,ITP-00542,VIP Belgium - NCG,21Z000000000497Z,exit,kWh/h,,,9463585,2022-02-27T02:11:08+01:00,,Confirmed,,,,,True,,,True,PRISMA,,https://platform.prisma-capacity.eu/,,Cross-Border Transmission IP within EU,0,False
1Physical Flowhour2022-01-23 07:00:00 +00:002022-01-23 08:00:00 +00:00BE-TSO-0001ITP-00542exitkWh/h,1,Physical Flow,hour,2022-01-23T08:00:00+01:00,2022-01-23T09:00:00+01:00,BE-TSO-0001,21X-BE-A-A0A0A-Y,Fluxys Belgium,ITP-00542,VIP Belgium - NCG,21Z000000000497Z,exit,kWh/h,,,9529660,2022-02-27T02:11:08+01:00,,Confirmed,,,,,True,,,True,PRISMA,,https://platform.prisma-capacity.eu/,,Cross-Border Transmission IP within EU,0,False
1Physical Flowhour2022-01-23 08:00:00 +00:002022-01-23 09:00:00 +00:00BE-TSO-0001ITP-00542exitkWh/h,1,Physical Flow,hour,2022-01-23T09:00:00+01:00,2022-01-23T10:00:00+01:00,BE-TSO-0001,21X-BE-A-A0A0A-Y,Fluxys Belgium,ITP-00542,VIP Belgium - NCG,21Z000000000497Z,exit,kWh/h,,,9533995,2022-02-27T02:11:08+01:00,,Confirmed,,,,,True,,,True,PRISMA,,https://platform.prisma-capacity.eu/,,Cross-Border Transmission IP within EU,0,False
1Physical Flowhour2022-01-23 09:00:00 +00:002022-01-23 10:00:00 +00:00BE-TSO-0001ITP-00542exitkWh/h,1,Physical Flow,hour,2022-01-23T10:00:00+01:00,2022-01-23T11:00:00+01:00,BE-TSO-0001,21X-BE-A-A0A0A-Y,Fluxys Belgium,ITP-00542,VIP Belgium - NCG,21Z000000000497Z,exit,kWh/h,,,9535162,2022-02-27T02:11:08+01:00,,Confirmed,,,,,True,,,True,PRISMA,,https://platform.prisma-capacity.eu/,,Cross-Border Transmission IP within EU,0,False
1Physical Flowhour2022-01-23 10:00:00 +00:002022-01-23 11:00:00 +00:00BE-TSO-0001ITP-00542exitkWh/h,1,Physical Flow,hour,2022-01-23T11:00:00+01:00,2022-01-23T12:00:00+01:00,BE-TSO-0001,21X-BE-A-A0A0A-Y,Fluxys Belgium,ITP-00542,VIP Belgium - NCG,21Z000000000497Z,exit,kWh/h,,,9667477,2022-02-27T02:11:08+01:00,,Confirmed,,,,,True,,,True,PRISMA,,https://platform.prisma-capacity.eu/,,Cross-Border Transmission IP within EU,0,False
1Physical Flowhour2022-01-23 11:00:00 +00:002022-01-23 12:00:00 +00:00BE-TSO-0001ITP-00542exitkWh/h,1,Physical Flow,hour,2022-01-23T12:00:00+01:00,2022-01-23T13:00:00+01:00,BE-TSO-0001,21X-BE-A-A0A0A-Y,Fluxys Belgium,ITP-00542,VIP Belgium - NCG,21Z000000000497Z,exit,kWh/h,,,9519155,2022-02-27T02:11:08+01:00,,Confirmed,,,,,True,,,True,PRISMA,,https://platform.prisma-capacity.eu/,,Cross-Border Transmission IP within EU,0,False
1Physical Flowhour2022-01-23 12:00:00 +00:002022-01-23 13:00:00 +00:00BE-TSO-0001ITP-00542exitkWh/h,1,Physical Flow,hour,2022-01-23T13:00:00+01:00,2022-01-23T14:00:00+01:00,BE-TSO-0001,21X-BE-A-A0A0A-Y,Fluxys Belgium,ITP-00542,VIP Belgium - NCG,21Z000000000497Z,exit,kWh/h,,,9515500,2022-02-27T02:11:08+01:00,,Confirmed,,,,,True,,,True,PRISMA,,https://platform.prisma-capacity.eu/,,Cross-Border Transmission IP within EU,0,False
1Physical Flowhour2022-01-23 13:00:00 +00:002022-01-23 14:00:00 +00:00BE-TSO-0001ITP-00542exitkWh/h,1,Physical Flow,hour,2022-01-23T14:00:00+01:00,2022-01-23T15:00:00+01:00,BE-TSO-0001,21X-BE-A-A0A0A-Y,Fluxys Belgium,ITP-00542,VIP Belgium - NCG,21Z000000000497Z,exit,kWh/h,,,9520414,2022-02-27T02:11:08+01:00,,Confirmed,,,,,True,,,True,PRISMA,,https://platform.prisma-capacity.eu/,,Cross-Border Transmission IP within EU,0,False
1Physical Flowhour2022-01-23 14:00:00 +00:002022-01-23 15:00:00 +00:00BE-TSO-0001ITP-00542exitkWh/h,1,Physical Flow,hour,2022-01-23T15:00:00+01:00,2022-01-23T16:00:00+01:00,BE-TSO-0001,21X-BE-A-A0A0A-Y,Fluxys Belgium,ITP-00542,VIP Belgium - NCG,21Z000000000497Z,exit,kWh/h,,,9524959,2022-02-27T02:11:08+01:00,,Confirmed,,,,,True,,,True,PRISMA,,https://platform.prisma-capacity.eu/,,Cross-Border Transmission IP within EU,0,False
1Physical Flowhour2022-01-23 15:00:00 +00:002022-01-23 16:00:00 +00:00BE-TSO-0001ITP-00542exitkWh/h,1,Physical Flow,hour,2022-01-23T16:00:00+01:00,2022-01-23T17:00:00+01:00,BE-TSO-0001,21X-BE-A-A0A0A-Y,Fluxys Belgium,ITP-00542,VIP Belgium - NCG,21Z000000000497Z,exit,kWh/h,,,9524000,2022-02-27T02:11:08+01:00,,Confirmed,,,,,True,,,True,PRISMA,,https://platform.prisma-capacity.eu/,,Cross-Border Transmission IP within EU,0,False
1Physical Flowhour2022-01-23 16:00:00 +00:002022-01-23 17:00:00 +00:00BE-TSO-0001ITP-00542exitkWh/h,1,Physical Flow,hour,2022-01-23T17:00:00+01:00,2022-01-23T18:00:00+01:00,BE-TSO-0001,21X-BE-A-A0A0A-Y,Fluxys Belgium,ITP-00542,VIP Belgium - NCG,21Z000000000497Z,exit,kWh/h,,,9522783,2022-02-27T02:11:08+01:00,,Confirmed,,,,,True,,,True,PRISMA,,https://platform.prisma-capacity.eu/,,Cross-Border Transmission IP within EU,0,False
1Physical Flowhour2022-01-23 17:00:00 +00:002022-01-23 18:00:00 +00:00BE-TSO-0001ITP-00542exitkWh/h,1,Physical Flow,hour,2022-01-23T18:00:00+01:00,2022-01-23T19:00:00+01:00,BE-TSO-0001,21X-BE-A-A0A0A-Y,Fluxys Belgium,ITP-00542,VIP Belgium - NCG,21Z000000000497Z,exit,kWh/h,,,9524522,2022-02-27T02:11:08+01:00,,Confirmed,,,,,True,,,True,PRISMA,,https://platform.prisma-capacity.eu/,,Cross-Border Transmission IP within EU,0,False
1Physical Flowhour2022-01-23 18:00:00 +00:002022-01-23 19:00:00 +00:00BE-TSO-0001ITP-00542exitkWh/h,1,Physical Flow,hour,2022-01-23T19:00:00+01:00,2022-01-23T20:00:00+01:00,BE-TSO-0001,21X-BE-A-A0A0A-Y,Fluxys Belgium,ITP-00542,VIP Belgium - NCG,21Z000000000497Z,exit,kWh/h,,,9419049,2022-02-27T02:11:08+01:00,,Confirmed,,,,,True,,,True,PRISMA,,https://platform.prisma-capacity.eu/,,Cross-Border Transmission IP within EU,0,False
1Physical Flowhour2022-01-23 19:00:00 +00:002022-01-23 20:00:00 +00:00BE-TSO-0001ITP-00542exitkWh/h,1,Physical Flow,hour,2022-01-23T20:00:00+01:00,2022-01-23T21:00:00+01:00,BE-TSO-0001,21X-BE-A-A0A0A-Y,Fluxys Belgium,ITP-00542,VIP Belgium - NCG,21Z000000000497Z,exit,kWh/h,,,9576256,2022-02-27T02:11:08+01:00,,Confirmed,,,,,True,,,True,PRISMA,,https://platform.prisma-capacity.eu/,,Cross-Border Transmission IP within EU,0,False
1Physical Flowhour2022-01-23 20:00:00 +00:002022-01-23 21:00:00 +00:00BE-TSO-0001ITP-00542exitkWh/h,1,Physical Flow,hour,2022-01-23T21:00:00+01:00,2022-01-23T22:00:00+01:00,BE-TSO-0001,21X-BE-A-A0A0A-Y,Fluxys Belgium,ITP-00542,VIP Belgium - NCG,21Z000000000497Z,exit,kWh/h,,,9684588,2022-02-27T02:11:08+01:00,,Confirmed,,,,,True,,,True,PRISMA,,https://platform.prisma-capacity.eu/,,Cross-Border Transmission IP within EU,0,False
1Physical Flowhour2022-01-23 21:00:00 +00:002022-01-23 22:00:00 +00:00BE-TSO-0001ITP-00542exitkWh/h,1,Physical Flow,hour,2022-01-23T22:00:00+01:00,2022-01-23T23:00:00+01:00,BE-TSO-0001,21X-BE-A-A0A0A-Y,Fluxys Belgium,ITP-00542,VIP Belgium - NCG,21Z000000000497Z,exit,kWh/h,,,9682867,2022-02-27T02:11:08+01:00,,Confirmed,,,,,True,,,True,PRISMA,,https://platform.prisma-capacity.eu/,,Cross-Border Transmission IP within EU,0,False
1Physical Flowhour2022-01-23 22:00:00 +00:002022-01-23 23:00:00 +00:00BE-TSO-0001ITP-00542exitkWh/h,1,Physical Flow,hour,2022-01-23T23:00:00+01:00,2022-01-24T00:00:00+01:00,BE-TSO-0001,21X-BE-A-A0A0A-Y,Fluxys Belgium,ITP-00542,VIP Belgium - NCG,21Z000000000497Z,exit,kWh/h,,,9565827,2022-02-27T02:11:08+01:00,,Confirmed,,,,,True,,,True,PRISMA,,https://platform.prisma-capacity.eu/,,Cross-Border Transmission IP within EU,0,False
1Physical Flowhour2022-01-23 23:00:00 +00:002022-01-24 00:00:00 +00:00BE-TSO-0001ITP-00542exitkWh/h,1,Physical Flow,hour,2022-01-24T00:00:00+01:00,2022-01-24T01:00:00+01:00,BE-TSO-0001,21X-BE-A-A0A0A-Y,Fluxys Belgium,ITP-00542,VIP Belgium - NCG,21Z000000000497Z,exit,kWh/h,,,9366336,2022-02-27T02:11:08+01:00,,Confirmed,,,,,True,,,True,PRISMA,,https://platform.prisma-capacity.eu/,,Cross-Border Transmission IP within EU,0,False
1Physical Flowhour2022-01-24 00:00:00 +00:002022-01-24 01:00:00 +00:00BE-TSO-0001ITP-00542exitkWh/h,1,Physical Flow,hour,2022-01-24T01:00:00+01:00,2022-01-24T02:00:00+01:00,BE-TSO-0001,21X-BE-A-A0A0A-Y,Fluxys Belgium,ITP-00542,VIP Belgium - NCG,21Z000000000497Z,exit,kWh/h,,,9696031,2022-02-27T02:11:08+01:00,,Confirmed,,,,,True,,,True,PRISMA,,https://platform.prisma-capacity.eu/,,Cross-Border Transmission IP within EU,0,False
1Physical Flowhour2022-01-24 01:00:00 +00:002022-01-24 02:00:00 +00:00BE-TSO-0001ITP-00542exitkWh/h,1,Physical Flow,hour,2022-01-24T02:00:00+01:00,2022-01-24T03:00:00+01:00,BE-TSO-0001,21X-BE-A-A0A0A-Y,Fluxys Belgium,ITP-00542,VIP Belgium - NCG,21Z000000000497Z,exit,kWh/h,,,9691344,2022-02-27T02:11:08+01:00,,Confirmed,,,,,True,,,True,PRISMA,,https://platform.prisma-capacity.eu/,,Cross-Border Transmission IP within EU,0,False
1Physical Flowhour2022-01-24 02:00:00 +00:002022-01-24 03:00:00 +00:00BE-TSO-0001ITP-00542exitkWh/h,1,Physical Flow,hour,2022-01-24T03:00:00+01:00,2022-01-24T04:00:00+01:00,BE-TSO-0001,21X-BE-A-A0A0A-Y,Fluxys Belgium,ITP-00542,VIP Belgium - NCG,21Z000000000497Z,exit,kWh/h,,,9692872,2022-02-27T02:11:08+01:00,,Confirmed,,,,,True,,,True,PRISMA,,https://platform.prisma-capacity.eu/,,Cross-Border Transmission IP within EU,0,False
1Physical Flowhour2022-01-24 03:00:00 +00:002022-01-24 04:00:00 +00:00BE-TSO-0001ITP-00542exitkWh/h,1,Physical Flow,hour,2022-01-24T04:00:00+01:00,2022-01-24T05:00:00+01:00,BE-TSO-0001,21X-BE-A-A0A0A-Y,Fluxys Belgium,ITP-00542,VIP Belgium - NCG,21Z000000000497Z,exit,kWh/h,,,9917618,2022-02-27T02:11:08+01:00,,Confirmed,,,,,True,,,True,PRISMA,,https://platform.prisma-capacity.eu/,,Cross-Border Transmission IP within EU,0,False
1Physical Flowhour2022-01-24 04:00:00 +00:002022-01-24 05:00:00 +00:00BE-TSO-0001ITP-00542exitkWh/h,1,Physical Flow,hour,2022-01-24T05:00:00+01:00,2022-01-24T06:00:00+01:00,BE-TSO-0001,21X-BE-A-A0A0A-Y,Fluxys Belgium,ITP-00542,VIP Belgium - NCG,21Z000000000497Z,exit,kWh/h,,,9457053,2022-02-27T02:11:08+01:00,,Confirmed,,,,,True,,,True,PRISMA,,https://platform.prisma-capacity.eu/,,Cross-Border Transmission IP within EU,0,False
1Physical Flowhour2022-01-24 05:00:00 +00:002022-01-24 06:00:00 +00:00BE-TSO-0001ITP-00542exitkWh/h,1,Physical Flow,hour,2022-01-24T06:00:00+01:00,2022-01-24T07:00:00+01:00,BE-TSO-0001,21X-BE-A-A0A0A-Y,Fluxys Belgium,ITP-00542,VIP Belgium - NCG,21Z000000000497Z,exit,kWh/h,,,8854962,2022-02-27T02:11:08+01:00,,Confirmed,,,,,True,,,True,PRISMA,,https://platform.prisma-capacity.eu/,,Cross-Border Transmission IP within EU,0,False
1Physical Flowhour2022-01-24 06:00:00 +00:002022-01-24 07:00:00 +00:00BE-TSO-0001ITP-00542exitkWh/h,1,Physical Flow,hour,2022-01-24T07:00:00+01:00,2022-01-24T08:00:00+01:00,BE-TSO-0001,21X-BE-A-A0A0A-Y,Fluxys Belgium,ITP-00542,VIP Belgium - NCG,21Z000000000497Z,exit,kWh/h,,,8855535,2022-02-27T02:11:08+01:00,,Confirmed,,,,,True,,,True,PRISMA,,https://platform.prisma-capacity.eu/,,Cross-Border Transmission IP within EU,0,False
1Physical Flowhour2022-01-24 07:00:00 +00:002022-01-24 08:00:00 +00:00BE-TSO-0001ITP-00542exitkWh/h,1,Physical Flow,hour,2022-01-24T08:00:00+01:00,2022-01-24T09:00:00+01:00,BE-TSO-0001,21X-BE-A-A0A0A-Y,Fluxys Belgium,ITP-00542,VIP Belgium - NCG,21Z000000000497Z,exit,kWh/h,,,8856544,2022-02-27T02:11:08+01:00,,Confirmed,,,,,True,,,True,PRISMA,,https://platform.prisma-capacity.eu/,,Cross-Border Transmission IP within EU,0,False
1Physical Flowhour2022-01-24 08:00:00 +00:002022-01-24 09:00:00 +00:00BE-TSO-0001ITP-00542exitkWh/h,1,Physical Flow,hour,2022-01-24T09:00:00+01:00,2022-01-24T10:00:00+01:00,BE-TSO-0001,21X-BE-A-A0A0A-Y,Fluxys Belgium,ITP-00542,VIP Belgium - NCG,21Z000000000497Z,exit,kWh/h,,,8854205,2022-02-27T02:11:08+01:00,,Confirmed,,,,,True,,,True,PRISMA,,https://platform.prisma-capacity.eu/,,Cross-Border Transmission IP within EU,0,False
1Physical Flowhour2022-01-24 09:00:00 +00:002022-01-24 10:00:00 +00:00BE-TSO-0001ITP-00542exitkWh/h,1,Physical Flow,hour,2022-01-24T10:00:00+01:00,2022-01-24T11:00:00+01:00,BE-TSO-0001,21X-BE-A-A0A0A-Y,Fluxys Belgium,ITP-00542,VIP Belgium - NCG,21Z000000000497Z,exit,kWh/h,,,8856478,2022-02-27T02:11:08+01:00,,Confirmed,,,,,True,,,True,PRISMA,,https://platform.prisma-capacity.eu/,,Cross-Border Transmission IP within EU,0,False
1Physical Flowhour2022-01-24 10:00:00 +00:002022-01-24 11:00:00 +00:00BE-TSO-0001ITP-00542exitkWh/h,1,Physical Flow,hour,2022-01-24T11:00:00+01:00,2022-01-24T12:00:00+01:00,BE-TSO-0001,21X-BE-A-A0A0A-Y,Fluxys Belgium,ITP-00542,VIP Belgium - NCG,21Z000000000497Z,exit,kWh/h,,,8856810,2022-02-27T02:11:08+01:00,,Confirmed,,,,,True,,,True,PRISMA,,https://platform.prisma-capacity.eu/,,Cross-Border Transmission IP within EU,0,False
1Physical Flowhour2022-01-24 11:00:00 +00:002022-01-24 12:00:00 +00:00BE-TSO-0001ITP-00542exitkWh/h,1,Physical Flow,hour,2022-01-24T12:00:00+01:00,2022-01-24T13:00:00+01:00,BE-TSO-0001,21X-BE-A-A0A0A-Y,Fluxys Belgium,ITP-00542,VIP Belgium - NCG,21Z000000000497Z,exit,kWh/h,,,8855154,2022-02-27T02:11:08+01:00,,Confirmed,,,,,True,,,True,PRISMA,,https://platform.prisma-capacity.eu/,,Cross-Border Transmission IP within EU,0,False
1Physical Flowhour2022-01-24 12:00:00 +00:002022-01-24 13:00:00 +00:00BE-TSO-0001ITP-00542exitkWh/h,1,Physical Flow,hour,2022-01-24T13:00:00+01:00,2022-01-24T14:00:00+01:00,BE-TSO-0001,21X-BE-A-A0A0A-Y,Fluxys Belgium,ITP-00542,VIP Belgium - NCG,21Z000000000497Z,exit,kWh/h,,,8857907,2022-02-27T02:11:08+01:00,,Confirmed,,,,,True,,,True,PRISMA,,https://platform.prisma-capacity.eu/,,Cross-Border Transmission IP within EU,0,False
1Physical Flowhour2022-01-24 13:00:00 +00:002022-01-24 14:00:00 +00:00BE-TSO-0001ITP-00542exitkWh/h,1,Physical Flow,hour,2022-01-24T14:00:00+01:00,2022-01-24T15:00:00+01:00,BE-TSO-0001,21X-BE-A-A0A0A-Y,Fluxys Belgium,ITP-00542,VIP Belgium - NCG,21Z000000000497Z,exit,kWh/h,,,9346494,2022-02-27T02:11:08+01:00,,Confirmed,,,,,True,,,True,PRISMA,,https://platform.prisma-capacity.eu/,,Cross-Border Transmission IP within EU,0,False
1Physical Flowhour2022-01-24 14:00:00 +00:002022-01-24 15:00:00 +00:00BE-TSO-0001ITP-00542exitkWh/h,1,Physical Flow,hour,2022-01-24T15:00:00+01:00,2022-01-24T16:00:00+01:00,BE-TSO-0001,21X-BE-A-A0A0A-Y,Fluxys Belgium,ITP-00542,VIP Belgium - NCG,21Z000000000497Z,exit,kWh/h,,,10729976,2022-02-27T02:11:08+01:00,,Confirmed,,,,,True,,,True,PRISMA,,https://platform.prisma-capacity.eu/,,Cross-Border Transmission IP within EU,0,False
1Physical Flowhour2022-01-24 15:00:00 +00:002022-01-24 16:00:00 +00:00BE-TSO-0001ITP-00542exitkWh/h,1,Physical Flow,hour,2022-01-24T16:00:00+01:00,2022-01-24T17:00:00+01:00,BE-TSO-0001,21X-BE-A-A0A0A-Y,Fluxys Belgium,ITP-00542,VIP Belgium - NCG,21Z000000000497Z,exit,kWh/h,,,11178035,2022-02-27T02:11:08+01:00,,Confirmed,,,,,True,,,True,PRISMA,,https://platform.prisma-capacity.eu/,,Cross-Border Transmission IP within EU,0,False
1Physical Flowhour2022-01-24 16:00:00 +00:002022-01-24 17:00:00 +00:00BE-TSO-0001ITP-00542exitkWh/h,1,Physical Flow,hour,2022-01-24T17:00:00+01:00,2022-01-24T18:00:00+01:00,BE-TSO-0001,21X-BE-A-A0A0A-Y,Fluxys Belgium,ITP-00542,VIP Belgium - NCG,21Z000000000497Z,exit,kWh/h,,,11177000,2022-02-27T02:11:08+01:00,,Confirmed,,,,,True,,,True,PRISMA,,https://platform.prisma-capacity.eu/,,Cross-Border Transmission IP within EU,0,False
1Physical Flowhour2022-01-24 17:00:00 +00:002022-01-24 18:00:00 +00:00BE-TSO-0001ITP-00542exitkWh/h,1,Physical Flow,hour,2022-01-24T18:00:00+01:00,2022-01-24T19:00:00+01:00,BE-TSO-0001,21X-BE-A-A0A0A-Y,Fluxys Belgium,ITP-00542,VIP Belgium - NCG,21Z000000000497Z,exit,kWh/h,,,11523211,2022-02-27T02:11:08+01:00,,Confirmed,,,,,True,,,True,PRISMA,,https://platform.prisma-capacity.eu/,,Cross-Border Transmission IP within EU,0,False
1Physical Flowhour2022-01-24 18:00:00 +00:002022-01-24 19:00:00 +00:00BE-TSO-0001ITP-00542exitkWh/h,1,Physical Flow,hour,2022-01-24T19:00:00+01:00,2022-01-24T20:00:00+01:00,BE-TSO-0001,21X-BE-A-A0A0A-Y,Fluxys Belgium,ITP-00542,VIP Belgium - NCG,21Z000000000497Z,exit,kWh/h,,,11705825,2022-02-27T02:11:08+01:00,,Confirmed,,,,,True,,,True,PRISMA,,https://platform.prisma-capacity.eu/,,Cross-Border Transmission IP within EU,0,False
1Physical Flowhour2022-01-24 19:00:00 +00:002022-01-24 20:00:00 +00:00BE-TSO-0001ITP-00542exitkWh/h,1,Physical Flow,hour,2022-01-24T20:00:00+01:00,2022-01-24T21:00:00+01:00,BE-TSO-0001,21X-BE-A-A0A0A-Y,Fluxys Belgium,ITP-00542,VIP Belgium - NCG,21Z000000000497Z,exit,kWh/h,,,11497728,2022-02-27T02:11:08+01:00,,Confirmed,,,,,True,,,True,PRISMA,,https://platform.prisma-capacity.eu/,,Cross-Border Transmission IP within EU,0,False
1Physical Flowhour2022-01-24 20:00:00 +00:002022-01-24 21:00:00 +00:00BE-TSO-0001ITP-00542exitkWh/h,1,Physical Flow,hour,2022-01-24T21:00:00+01:00,2022-01-24T22:00:00+01:00,BE-TSO-0001,21X-BE-A-A0A0A-Y,Fluxys Belgium,ITP-00542,VIP Belgium - NCG,21Z000000000497Z,exit,kWh/h,,,11501266,2022-02-27T02:11:08+01:00,,Confirmed,,,,,True,,,True,PRISMA,,https://platform.prisma-capacity.eu/,,Cross-Border Transmission IP within EU,0,False
1Physical Flowhour2022-01-24 21:00:00 +00:002022-01-24 22:00:00 +00:00BE-TSO-0001ITP-00542exitkWh/h,1,Physical Flow,hour,2022-01-24T22:00:00+01:00,2022-01-24T23:00:00+01:00,BE-TSO-0001,21X-BE-A-A0A0A-Y,Fluxys Belgium,ITP-00542,VIP Belgium - NCG,21Z000000000497Z,exit,kWh/h,,,11499403,2022-02-27T02:11:08+01:00,,Confirmed,,,,,True,,,True,PRISMA,,https://platform.prisma-capacity.eu/,,Cross-Border Transmission IP within EU,0,False
1Physical Flowhour2022-01-24 22:00:00 +00:002022-01-24 23:00:00 +00:00BE-TSO-0001ITP-00542exitkWh/h,1,Physical Flow,hour,2022-01-24T23:00:00+01:00,2022-01-25T00:00:00+01:00,BE-TSO-0001,21X-BE-A-A0A0A-Y,Fluxys Belgium,ITP-00542,VIP Belgium - NCG,21Z000000000497Z,exit,kWh/h,,,11501738,2022-02-27T02:11:08+01:00,,Confirmed,,,,,True,,,True,PRISMA,,https://platform.prisma-capacity.eu/,,Cross-Border Transmission IP within EU,0,False
1Physical Flowhour2022-01-24 23:00:00 +00:002022-01-25 00:00:00 +00:00BE-TSO-0001ITP-00542exitkWh/h,1,Physical Flow,hour,2022-01-25T00:00:00+01:00,2022-01-25T01:00:00+01:00,BE-TSO-0001,21X-BE-A-A0A0A-Y,Fluxys Belgium,ITP-00542,VIP Belgium - NCG,21Z000000000497Z,exit,kWh/h,,,10743584,2022-02-27T02:11:08+01:00,,Confirmed,,,,,True,,,True,PRISMA,,https://platform.prisma-capacity.eu/,,Cross-Border Transmission IP within EU,0,False
1Physical Flowhour2022-01-25 00:00:00 +00:002022-01-25 01:00:00 +00:00BE-TSO-0001ITP-00542exitkWh/h,1,Physical Flow,hour,2022-01-25T01:00:00+01:00,2022-01-25T02:00:00+01:00,BE-TSO-0001,21X-BE-A-A0A0A-Y,Fluxys Belgium,ITP-00542,VIP Belgium - NCG,21Z000000000497Z,exit,kWh/h,,,10747323,2022-02-27T02:11:08+01:00,,Confirmed,,,,,True,,,True,PRISMA,,https://platform.prisma-capacity.eu/,,Cross-Border Transmission IP within EU,0,False
1Physical Flowhour2022-01-25 01:00:00 +00:002022-01-25 02:00:00 +00:00BE-TSO-0001ITP-00542exitkWh/h,1,Physical Flow,hour,2022-01-25T02:00:00+01:00,2022-01-25T03:00:00+01:00,BE-TSO-0001,21X-BE-A-A0A0A-Y,Fluxys Belgium,ITP-00542,VIP Belgium - NCG,21Z000000000497Z,exit,kWh/h,,,10748655,2022-02-27T02:11:08+01:00,,Confirmed,,,,,True,,,True,PRISMA,,https://platform.prisma-capacity.eu/,,Cross-Border Transmission IP within EU,0,False
1Physical Flowhour2022-01-25 02:00:00 +00:002022-01-25 03:00:00 +00:00BE-TSO-0001ITP-00542exitkWh/h,1,Physical Flow,hour,2022-01-25T03:00:00+01:00,2022-01-25T04:00:00+01:00,BE-TSO-0001,21X-BE-A-A0A0A-Y,Fluxys Belgium,ITP-00542,VIP Belgium - NCG,21Z000000000497Z,exit,kWh/h,,,10744848,2022-02-27T02:11:08+01:00,,Confirmed,,,,,True,,,True,PRISMA,,https://platform.prisma-capacity.eu/,,Cross-Border Transmission IP within EU,0,False
1Physical Flowhour2022-01-25 03:00:00 +00:002022-01-25 04:00:00 +00:00BE-TSO-0001ITP-00542exitkWh/h,1,Physical Flow,hour,2022-01-25T04:00:00+01:00,2022-01-25T05:00:00+01:00,BE-TSO-0001,21X-BE-A-A0A0A-Y,Fluxys Belgium,ITP-00542,VIP Belgium - NCG,21Z000000000497Z,exit,kWh/h,,,10744377,2022-02-27T02:11:08+01:00,,Confirmed,,,,,True,,,True,PRISMA,,https://platform.prisma-capacity.eu/,,Cross-Border Transmission IP within EU,0,False
1Physical Flowhour2022-01-25 04:00:00 +00:002022-01-25 05:00:00 +00:00BE-TSO-0001ITP-00542exitkWh/h,1,Physical Flow,hour,2022-01-25T05:00:00+01:00,2022-01-25T06:00:00+01:00,BE-TSO-0001,21X-BE-A-A0A0A-Y,Fluxys Belgium,ITP-00542,VIP Belgium - NCG,21Z000000000497Z,exit,kWh/h,,,10741022,2022-02-27T02:11:08+01:00,,Confirmed,,,,,True,,,True,PRISMA,,https://platform.prisma-capacity.eu/,,Cross-Border Transmission IP within EU,0,False
1Physical Flowhour2022-01-25 05:00:00 +00:002022-01-25 06:00:00 +00:00BE-TSO-0001ITP-00542exitkWh/h,1,Physical Flow,hour,2022-01-25T06:00:00+01:00,2022-01-25T07:00:00+01:00,BE-TSO-0001,21X-BE-A-A0A0A-Y,Fluxys Belgium,ITP-00542,VIP Belgium - NCG,21Z000000000497Z,exit,kWh/h,,,10816614,2022-02-27T02:11:08+01:00,,Confirmed,,,,,True,,,True,PRISMA,,https://platform.prisma-capacity.eu/,,Cross-Border Transmission IP within EU,0,False
1Physical Flowhour2022-01-25 06:00:00 +00:002022-01-25 07:00:00 +00:00BE-TSO-0001ITP-00542exitkWh/h,1,Physical Flow,hour,2022-01-25T07:00:00+01:00,2022-01-25T08:00:00+01:00,BE-TSO-0001,21X-BE-A-A0A0A-Y,Fluxys Belgium,ITP-00542,VIP Belgium - NCG,21Z000000000497Z,exit,kWh/h,,,10818372,2022-02-27T02:11:08+01:00,,Confirmed,,,,,True,,,True,PRISMA,,https://platform.prisma-capacity.eu/,,Cross-Border Transmission IP within EU,0,False
1Physical Flowhour2022-01-25 07:00:00 +00:002022-01-25 08:00:00 +00:00BE-TSO-0001ITP-00542exitkWh/h,1,Physical Flow,hour,2022-01-25T08:00:00+01:00,2022-01-25T09:00:00+01:00,BE-TSO-0001,21X-BE-A-A0A0A-Y,Fluxys Belgium,ITP-00542,VIP Belgium - NCG,21Z000000000497Z,exit,kWh/h,,,10819702,2022-02-27T02:11:08+01:00,,Confirmed,,,,,True,,,True,PRISMA,,https://platform.prisma-capacity.eu/,,Cross-Border Transmission IP within EU,0,False
1Physical Flowhour2022-01-25 08:00:00 +00:002022-01-25 09:00:00 +00:00BE-TSO-0001ITP-00542exitkWh/h,1,Physical Flow,hour,2022-01-25T09:00:00+01:00,2022-01-25T10:00:00+01:00,BE-TSO-0001,21X-BE-A-A0A0A-Y,Fluxys Belgium,ITP-00542,VIP Belgium - NCG,21Z000000000497Z,exit,kWh/h,,,10816620,2022-02-27T02:11:08+01:00,,Confirmed,,,,,True,,,True,PRISMA,,https://platform.prisma-capacity.eu/,,Cross-Border Transmission IP within EU,0,False
1Physical Flowhour2022-01-25 09:00:00 +00:002022-01-25 10:00:00 +00:00BE-TSO-0001ITP-00542exitkWh/h,1,Physical Flow,hour,2022-01-25T10:00:00+01:00,2022-01-25T11:00:00+01:00,BE-TSO-0001,21X-BE-A-A0A0A-Y,Fluxys Belgium,ITP-00542,VIP Belgium - NCG,21Z000000000497Z,exit,kWh/h,,,10820272,2022-02-27T02:11:08+01:00,,Confirmed,,,,,True,,,True,PRISMA,,https://platform.prisma-capacity.eu/,,Cross-Border Transmission IP within EU,0,False
1Physical Flowhour2022-01-25 10:00:00 +00:002022-01-25 11:00:00 +00:00BE-TSO-0001ITP-00542exitkWh/h,1,Physical Flow,hour,2022-01-25T11:00:00+01:00,2022-01-25T12:00:00+01:00,BE-TSO-0001,21X-BE-A-A0A0A-Y,Fluxys Belgium,ITP-00542,VIP Belgium - NCG,21Z000000000497Z,exit,kWh/h,,,9283686,2022-02-27T02:11:08+01:00,,Confirmed,,,,,True,,,True,PRISMA,,https://platform.prisma-capacity.eu/,,Cross-Border Transmission IP within EU,0,False
1Physical Flowhour2022-01-25 11:00:00 +00:002022-01-25 12:00:00 +00:00BE-TSO-0001ITP-00542exitkWh/h,1,Physical Flow,hour,2022-01-25T12:00:00+01:00,2022-01-25T13:00:00+01:00,BE-TSO-0001,21X-BE-A-A0A0A-Y,Fluxys Belgium,ITP-00542,VIP Belgium - NCG,21Z000000000497Z,exit,kWh/h,,,9275458,2022-02-27T02:11:08+01:00,,Confirmed,,,,,True,,,True,PRISMA,,https://platform.prisma-capacity.eu/,,Cross-Border Transmission IP within EU,0,False
1Physical Flowhour2022-01-25 12:00:00 +00:002022-01-25 13:00:00 +00:00BE-TSO-0001ITP-00542exitkWh/h,1,Physical Flow,hour,2022-01-25T13:00:00+01:00,2022-01-25T14:00:00+01:00,BE-TSO-0001,21X-BE-A-A0A0A-Y,Fluxys Belgium,ITP-00542,VIP Belgium - NCG,21Z000000000497Z,exit,kWh/h,,,9273637,2022-02-27T02:11:08+01:00,,Confirmed,,,,,True,,,True,PRISMA,,https://platform.prisma-capacity.eu/,,Cross-Border Transmission IP within EU,0,False
1Physical Flowhour2022-01-25 13:00:00 +00:002022-01-25 14:00:00 +00:00BE-TSO-0001ITP-00542exitkWh/h,1,Physical Flow,hour,2022-01-25T14:00:00+01:00,2022-01-25T15:00:00+01:00,BE-TSO-0001,21X-BE-A-A0A0A-Y,Fluxys Belgium,ITP-00542,VIP Belgium - NCG,21Z000000000497Z,exit,kWh/h,,,9273220,2022-02-27T02:11:08+01:00,,Confirmed,,,,,True,,,True,PRISMA,,https://platform.prisma-capacity.eu/,,Cross-Border Transmission IP within EU,0,False
1Physical Flowhour2022-01-25 14:00:00 +00:002022-01-25 15:00:00 +00:00BE-TSO-0001ITP-00542exitkWh/h,1,Physical Flow,hour,2022-01-25T15:00:00+01:00,2022-01-25T16:00:00+01:00,BE-TSO-0001,21X-BE-A-A0A0A-Y,Fluxys Belgium,ITP-00542,VIP Belgium - NCG,21Z000000000497Z,exit,kWh/h,,,9273385,2022-02-27T02:11:08+01:00,,Confirmed,,,,,True,,,True,PRISMA,,https://platform.prisma-capacity.eu/,,Cross-Border Transmission IP within EU,0,False
1Physical Flowhour2022-01-25 15:00:00 +00:002022-01-25 16:00:00 +00:00BE-TSO-0001ITP-00542exitkWh/h,1,Physical Flow,hour,2022-01-25T16:00:00+01:00,2022-01-25T17:00:00+01:00,BE-TSO-0001,21X-BE-A-A0A0A-Y,Fluxys Belgium,ITP-00542,VIP Belgium - NCG,21Z000000000497Z,exit,kWh/h,,,9272175,2022-02-27T02:11:08+01:00,,Confirmed,,,,,True,,,True,PRISMA,,https://platform.prisma-capacity.eu/,,Cross-Border Transmission IP within EU,0,False
1Physical Flowhour2022-01-25 16:00:00 +00:002022-01-25 17:00:00 +00:00BE-TSO-0001ITP-00542exitkWh/h,1,Physical Flow,hour,2022-01-25T17:00:00+01:00,2022-01-25T18:00:00+01:00,BE-TSO-0001,21X-BE-A-A0A0A-Y,Fluxys Belgium,ITP-00542,VIP Belgium - NCG,21Z000000000497Z,exit,kWh/h,,,9279453,2022-02-27T02:11:08+01:00,,Confirmed,,,,,True,,,True,PRISMA,,https://platform.prisma-capacity.eu/,,Cross-Border Transmission IP within EU,0,False
1Physical Flowhour2022-01-25 17:00:00 +00:002022-01-25 18:00:00 +00:00BE-TSO-0001ITP-00542exitkWh/h,1,Physical Flow,hour,2022-01-25T18:00:00+01:00,2022-01-25T19:00:00+01:00,BE-TSO-0001,21X-BE-A-A0A0A-Y,Fluxys Belgium,ITP-00542,VIP Belgium - NCG,21Z000000000497Z,exit,kWh/h,,,9275981,2022-02-27T02:11:08+01:00,,Confirmed,,,,,True,,,True,PRISMA,,https://platform.prisma-capacity.eu/,,Cross-Border Transmission IP within EU,0,False
1Physical Flowhour2022-01-25 18:00:00 +00:002022-01-25 19:00:00 +00:00BE-TSO-0001ITP-00542exitkWh/h,1,Physical Flow,hour,2022-01-25T19:00:00+01:00,2022-01-25T20:00:00+01:00,BE-TSO-0001,21X-BE-A-A0A0A-Y,Fluxys Belgium,ITP-00542,VIP Belgium - NCG,21Z000000000497Z,exit,kWh/h,,,9235901,2022-02-27T02:11:08+01:00,,Confirmed,,,,,True,,,True,PRISMA,,https://platform.prisma-capacity.eu/,,Cross-Border Transmission IP within EU,0,False
1Physical Flowhour2022-01-25 19:00:00 +00:002022-01-25 20:00:00 +00:00BE-TSO-0001ITP-00542exitkWh/h,1,Physical Flow,hour,2022-01-25T20:00:00+01:00,2022-01-25T21:00:00+01:00,BE-TSO-0001,21X-BE-A-A0A0A-Y,Fluxys Belgium,ITP-00542,VIP Belgium - NCG,21Z000000000497Z,exit,kWh/h,,,9524972,2022-02-27T02:11:08+01:00,,Confirmed,,,,,True,,,True,PRISMA,,https://platform.prisma-capacity.eu/,,Cross-Border Transmission IP within EU,0,False
1Physical Flowhour2022-01-25 20:00:00 +00:002022-01-25 21:00:00 +00:00BE-TSO-0001ITP-00542exitkWh/h,1,Physical Flow,hour,2022-01-25T21:00:00+01:00,2022-01-25T22:00:00+01:00,BE-TSO-0001,21X-BE-A-A0A0A-Y,Fluxys Belgium,ITP-00542,VIP Belgium - NCG,21Z000000000497Z,exit,kWh/h,,,9141980,2022-02-27T02:11:08+01:00,,Confirmed,,,,,True,,,True,PRISMA,,https://platform.prisma-capacity.eu/,,Cross-Border Transmission IP within EU,0,False
1Physical Flowhour2022-01-25 21:00:00 +00:002022-01-25 22:00:00 +00:00BE-TSO-0001ITP-00542exitkWh/h,1,Physical Flow,hour,2022-01-25T22:00:00+01:00,2022-01-25T23:00:00+01:00,BE-TSO-0001,21X-BE-A-A0A0A-Y,Fluxys Belgium,ITP-00542,VIP Belgium - NCG,21Z000000000497Z,exit,kWh/h,,,9146483,2022-02-27T02:11:08+01:00,,Confirmed,,,,,True,,,True,PRISMA,,https://platform.prisma-capacity.eu/,,Cross-Border Transmission IP within EU,0,False
1Physical Flowhour2022-01-25 22:00:00 +00:002022-01-25 23:00:00 +00:00BE-TSO-0001ITP-00542exitkWh/h,1,Physical Flow,hour,2022-01-25T23:00:00+01:00,2022-01-26T00:00:00+01:00,BE-TSO-0001,21X-BE-A-A0A0A-Y,Fluxys Belgium,ITP-00542,VIP Belgium - NCG,21Z000000000497Z,exit,kWh/h,,,9143447,2022-02-27T02:11:08+01:00,,Confirmed,,,,,True,,,True,PRISMA,,https://platform.prisma-capacity.eu/,,Cross-Border Transmission IP within EU,0,False
1Physical Flowhour2022-01-25 23:00:00 +00:002022-01-26 00:00:00 +00:00BE-TSO-0001ITP-00542exitkWh/h,1,Physical Flow,hour,2022-01-26T00:00:00+01:00,2022-01-26T01:00:00+01:00,BE-TSO-0001,21X-BE-A-A0A0A-Y,Fluxys Belgium,ITP-00542,VIP Belgium - NCG,21Z000000000497Z,exit,kWh/h,,,9141785,2022-02-27T02:11:08+01:00,,Confirmed,,,,,True,,,True,PRISMA,,https://platform.prisma-capacity.eu/,,Cross-Border Transmission IP within EU,0,False
1Physical Flowhour2022-01-26 00:00:00 +00:002022-01-26 01:00:00 +00:00BE-TSO-0001ITP-00542exitkWh/h,1,Physical Flow,hour,2022-01-26T01:00:00+01:00,2022-01-26T02:00:00+01:00,BE-TSO-0001,21X-BE-A-A0A0A-Y,Fluxys Belgium,ITP-00542,VIP Belgium - NCG,21Z000000000497Z,exit,kWh/h,,,9424744,2022-02-27T02:11:08+01:00,,Confirmed,,,,,True,,,True,PRISMA,,https://platform.prisma-capacity.eu/,,Cross-Border Transmission IP within EU,0,False
1Physical Flowhour2022-01-26 01:00:00 +00:002022-01-26 02:00:00 +00:00BE-TSO-0001ITP-00542exitkWh/h,1,Physical Flow,hour,2022-01-26T02:00:00+01:00,2022-01-26T03:00:00+01:00,BE-TSO-0001,21X-BE-A-A0A0A-Y,Fluxys Belgium,ITP-00542,VIP Belgium - NCG,21Z000000000497Z,exit,kWh/h,,,9067383,2022-02-27T02:11:08+01:00,,Confirmed,,,,,True,,,True,PRISMA,,https://platform.prisma-capacity.eu/,,Cross-Border Transmission IP within EU,0,False
1Physical Flowhour2022-01-26 02:00:00 +00:002022-01-26 03:00:00 +00:00BE-TSO-0001ITP-00542exitkWh/h,1,Physical Flow,hour,2022-01-26T03:00:00+01:00,2022-01-26T04:00:00+01:00,BE-TSO-0001,21X-BE-A-A0A0A-Y,Fluxys Belgium,ITP-00542,VIP Belgium - NCG,21Z000000000497Z,exit,kWh/h,,,9073411,2022-02-27T02:11:08+01:00,,Confirmed,,,,,True,,,True,PRISMA,,https://platform.prisma-capacity.eu/,,Cross-Border Transmission IP within EU,0,False
1Physical Flowhour2022-01-26 03:00:00 +00:002022-01-26 04:00:00 +00:00BE-TSO-0001ITP-00542exitkWh/h,1,Physical Flow,hour,2022-01-26T04:00:00+01:00,2022-01-26T05:00:00+01:00,BE-TSO-0001,21X-BE-A-A0A0A-Y,Fluxys Belgium,ITP-00542,VIP Belgium - NCG,21Z000000000497Z,exit,kWh/h,,,9070667,2022-02-27T02:11:08+01:00,,Confirmed,,,,,True,,,True,PRISMA,,https://platform.prisma-capacity.eu/,,Cross-Border Transmission IP within EU,0,False
1Physical Flowhour2022-01-26 04:00:00 +00:002022-01-26 05:00:00 +00:00BE-TSO-0001ITP-00542exitkWh/h,1,Physical Flow,hour,2022-01-26T05:00:00+01:00,2022-01-26T06:00:00+01:00,BE-TSO-0001,21X-BE-A-A0A0A-Y,Fluxys Belgium,ITP-00542,VIP Belgium - NCG,21Z000000000497Z,exit,kWh/h,,,9071843,2022-02-27T02:11:08+01:00,,Confirmed,,,,,True,,,True,PRISMA,,https://platform.prisma-capacity.eu/,,Cross-Border Transmission IP within EU,0,False
1Physical Flowhour2022-01-26 05:00:00 +00:002022-01-26 06:00:00 +00:00BE-TSO-0001ITP-00542exitkWh/h,1,Physical Flow,hour,2022-01-26T06:00:00+01:00,2022-01-26T07:00:00+01:00,BE-TSO-0001,21X-BE-A-A0A0A-Y,Fluxys Belgium,ITP-00542,VIP Belgium - NCG,21Z000000000497Z,exit,kWh/h,,,10431376,2022-02-27T02:11:08+01:00,,Confirmed,,,,,True,,,True,PRISMA,,https://platform.prisma-capacity.eu/,,Cross-Border Transmission IP within EU,0,False
1Physical Flowhour2022-01-26 06:00:00 +00:002022-01-26 07:00:00 +00:00BE-TSO-0001ITP-00542exitkWh/h,1,Physical Flow,hour,2022-01-26T07:00:00+01:00,2022-01-26T08:00:00+01:00,BE-TSO-0001,21X-BE-A-A0A0A-Y,Fluxys Belgium,ITP-00542,VIP Belgium - NCG,21Z000000000497Z,exit,kWh/h,,,10777241,2022-02-27T02:11:08+01:00,,Confirmed,,,,,True,,,True,PRISMA,,https://platform.prisma-capacity.eu/,,Cross-Border Transmission IP within EU,0,False
1Physical Flowhour2022-01-26 07:00:00 +00:002022-01-26 08:00:00 +00:00BE-TSO-0001ITP-00542exitkWh/h,1,Physical Flow,hour,2022-01-26T08:00:00+01:00,2022-01-26T09:00:00+01:00,BE-TSO-0001,21X-BE-A-A0A0A-Y,Fluxys Belgium,ITP-00542,VIP Belgium - NCG,21Z000000000497Z,exit,kWh/h,,,10935060,2022-02-27T02:11:08+01:00,,Confirmed,,,,,True,,,True,PRISMA,,https://platform.prisma-capacity.eu/,,Cross-Border Transmission IP within EU,0,False
1Physical Flowhour2022-01-26 08:00:00 +00:002022-01-26 09:00:00 +00:00BE-TSO-0001ITP-00542exitkWh/h,1,Physical Flow,hour,2022-01-26T09:00:00+01:00,2022-01-26T10:00:00+01:00,BE-TSO-0001,21X-BE-A-A0A0A-Y,Fluxys Belgium,ITP-00542,VIP Belgium - NCG,21Z000000000497Z,exit,kWh/h,,,11134052,2022-02-27T02:11:08+01:00,,Confirmed,,,,,True,,,True,PRISMA,,https://platform.prisma-capacity.eu/,,Cross-Border Transmission IP within EU,0,False
1Physical Flowhour2022-01-26 09:00:00 +00:002022-01-26 10:00:00 +00:00BE-TSO-0001ITP-00542exitkWh/h,1,Physical Flow,hour,2022-01-26T10:00:00+01:00,2022-01-26T11:00:00+01:00,BE-TSO-0001,21X-BE-A-A0A0A-Y,Fluxys Belgium,ITP-00542,VIP Belgium - NCG,21Z000000000497Z,exit,kWh/h,,,10927335,2022-02-27T02:11:08+01:00,,Confirmed,,,,,True,,,True,PRISMA,,https://platform.prisma-capacity.eu/,,Cross-Border Transmission IP within EU,0,False
1Physical Flowhour2022-01-26 10:00:00 +00:002022-01-26 11:00:00 +00:00BE-TSO-0001ITP-00542exitkWh/h,1,Physical Flow,hour,2022-01-26T11:00:00+01:00,2022-01-26T12:00:00+01:00,BE-TSO-0001,21X-BE-A-A0A0A-Y,Fluxys Belgium,ITP-00542,VIP Belgium - NCG,21Z000000000497Z,exit,kWh/h,,,11026839,2022-02-27T02:11:08+01:00,,Confirmed,,,,,True,,,True,PRISMA,,https://platform.prisma-capacity.eu/,,Cross-Border Transmission IP within EU,0,False
1Physical Flowhour2022-01-26 11:00:00 +00:002022-01-26 12:00:00 +00:00BE-TSO-0001ITP-00542exitkWh/h,1,Physical Flow,hour,2022-01-26T12:00:00+01:00,2022-01-26T13:00:00+01:00,BE-TSO-0001,21X-BE-A-A0A0A-Y,Fluxys Belgium,ITP-00542,VIP Belgium - NCG,21Z000000000497Z,exit,kWh/h,,,11289235,2022-02-27T02:11:08+01:00,,Confirmed,,,,,True,,,True,PRISMA,,https://platform.prisma-capacity.eu/,,Cross-Border Transmission IP within EU,0,False
1Physical Flowhour2022-01-26 12:00:00 +00:002022-01-26 13:00:00 +00:00BE-TSO-0001ITP-00542exitkWh/h,1,Physical Flow,hour,2022-01-26T13:00:00+01:00,2022-01-26T14:00:00+01:00,BE-TSO-0001,21X-BE-A-A0A0A-Y,Fluxys Belgium,ITP-00542,VIP Belgium - NCG,21Z000000000497Z,exit,kWh/h,,,11137824,2022-02-27T02:11:08+01:00,,Confirmed,,,,,True,,,True,PRISMA,,https://platform.prisma-capacity.eu/,,Cross-Border Transmission IP within EU,0,False
1Physical Flowhour2022-01-26 13:00:00 +00:002022-01-26 14:00:00 +00:00BE-TSO-0001ITP-00542exitkWh/h,1,Physical Flow,hour,2022-01-26T14:00:00+01:00,2022-01-26T15:00:00+01:00,BE-TSO-0001,21X-BE-A-A0A0A-Y,Fluxys Belgium,ITP-00542,VIP Belgium - NCG,21Z000000000497Z,exit,kWh/h,,,11141340,2022-02-27T02:11:08+01:00,,Confirmed,,,,,True,,,True,PRISMA,,https://platform.prisma-capacity.eu/,,Cross-Border Transmission IP within EU,0,False
1Physical Flowhour2022-01-26 14:00:00 +00:002022-01-26 15:00:00 +00:00BE-TSO-0001ITP-00542exitkWh/h,1,Physical Flow,hour,2022-01-26T15:00:00+01:00,2022-01-26T16:00:00+01:00,BE-TSO-0001,21X-BE-A-A0A0A-Y,Fluxys Belgium,ITP-00542,VIP Belgium - NCG,21Z000000000497Z,exit,kWh/h,,,11142818,2022-02-27T02:11:08+01:00,,Confirmed,,,,,True,,,True,PRISMA,,https://platform.prisma-capacity.eu/,,Cross-Border Transmission IP within EU,0,False
1Physical Flowhour2022-01-26 15:00:00 +00:002022-01-26 16:00:00 +00:00BE-TSO-0001ITP-00542exitkWh/h,1,Physical Flow,hour,2022-01-26T16:00:00+01:00,2022-01-26T17:00:00+01:00,BE-TSO-0001,21X-BE-A-A0A0A-Y,Fluxys Belgium,ITP-00542,VIP Belgium - NCG,21Z000000000497Z,exit,kWh/h,,,11141827,2022-02-27T02:11:08+01:00,,Confirmed,,,,,True,,,True,PRISMA,,https://platform.prisma-capacity.eu/,,Cross-Border Transmission IP within EU,0,False
1Physical Flowhour2022-01-26 16:00:00 +00:002022-01-26 17:00:00 +00:00BE-TSO-0001ITP-00542exitkWh/h,1,Physical Flow,hour,2022-01-26T17:00:00+01:00,2022-01-26T18:00:00+01:00,BE-TSO-0001,21X-BE-A-A0A0A-Y,Fluxys Belgium,ITP-00542,VIP Belgium - NCG,21Z000000000497Z,exit,kWh/h,,,11543991,2022-02-27T02:11:08+01:00,,Confirmed,,,,,True,,,True,PRISMA,,https://platform.prisma-capacity.eu/,,Cross-Border Transmission IP within EU,0,False
1Physical Flowhour2022-01-26 17:00:00 +00:002022-01-26 18:00:00 +00:00BE-TSO-0001ITP-00542exitkWh/h,1,Physical Flow,hour,2022-01-26T18:00:00+01:00,2022-01-26T19:00:00+01:00,BE-TSO-0001,21X-BE-A-A0A0A-Y,Fluxys Belgium,ITP-00542,VIP Belgium - NCG,21Z000000000497Z,exit,kWh/h,,,11543542,2022-02-27T02:11:08+01:00,,Confirmed,,,,,True,,,True,PRISMA,,https://platform.prisma-capacity.eu/,,Cross-Border Transmission IP within EU,0,False
1Physical Flowhour2022-01-26 18:00:00 +00:002022-01-26 19:00:00 +00:00BE-TSO-0001ITP-00542exitkWh/h,1,Physical Flow,hour,2022-01-26T19:00:00+01:00,2022-01-26T20:00:00+01:00,BE-TSO-0001,21X-BE-A-A0A0A-Y,Fluxys Belgium,ITP-00542,VIP Belgium - NCG,21Z000000000497Z,exit,kWh/h,,,11541459,2022-02-27T02:11:08+01:00,,Confirmed,,,,,True,,,True,PRISMA,,https://platform.prisma-capacity.eu/,,Cross-Border Transmission IP within EU,0,False
1Physical Flowhour2022-01-26 19:00:00 +00:002022-01-26 20:00:00 +00:00BE-TSO-0001ITP-00542exitkWh/h,1,Physical Flow,hour,2022-01-26T20:00:00+01:00,2022-01-26T21:00:00+01:00,BE-TSO-0001,21X-BE-A-A0A0A-Y,Fluxys Belgium,ITP-00542,VIP Belgium - NCG,21Z000000000497Z,exit,kWh/h,,,11543510,2022-02-27T02:11:08+01:00,,Confirmed,,,,,True,,,True,PRISMA,,https://platform.prisma-capacity.eu/,,Cross-Border Transmission IP within EU,0,False
1Physical Flowhour2022-01-26 20:00:00 +00:002022-01-26 21:00:00 +00:00BE-TSO-0001ITP-00542exitkWh/h,1,Physical Flow,hour,2022-01-26T21:00:00+01:00,2022-01-26T22:00:00+01:00,BE-TSO-0001,21X-BE-A-A0A0A-Y,Fluxys Belgium,ITP-00542,VIP Belgium - NCG,21Z000000000497Z,exit,kWh/h,,,11541059,2022-02-27T02:11:08+01:00,,Confirmed,,,,,True,,,True,PRISMA,,https://platform.prisma-capacity.eu/,,Cross-Border Transmission IP within EU,0,False
1Physical Flowhour2022-01-26 21:00:00 +00:002022-01-26 22:00:00 +00:00BE-TSO-0001ITP-00542exitkWh/h,1,Physical Flow,hour,2022-01-26T22:00:00+01:00,2022-01-26T23:00:00+01:00,BE-TSO-0001,21X-BE-A-A0A0A-Y,Fluxys Belgium,ITP-00542,VIP Belgium - NCG,21Z000000000497Z,exit,kWh/h,,,11542810,2022-02-27T02:11:08+01:00,,Confirmed,,,,,True,,,True,PRISMA,,https://platform.prisma-capacity.eu/,,Cross-Border Transmission IP within EU,0,False
1Physical Flowhour2022-01-26 22:00:00 +00:002022-01-26 23:00:00 +00:00BE-TSO-0001ITP-00542exitkWh/h,1,Physical Flow,hour,2022-01-26T23:00:00+01:00,2022-01-27T00:00:00+01:00,BE-TSO-0001,21X-BE-A-A0A0A-Y,Fluxys Belgium,ITP-00542,VIP Belgium - NCG,21Z000000000497Z,exit,kWh/h,,,11538967,2022-02-27T02:11:08+01:00,,Confirmed,,,,,True,,,True,PRISMA,,https://platform.prisma-capacity.eu/,,Cross-Border Transmission IP within EU,0,False
1Physical Flowhour2022-01-26 23:00:00 +00:002022-01-27 00:00:00 +00:00BE-TSO-0001ITP-00542exitkWh/h,1,Physical Flow,hour,2022-01-27T00:00:00+01:00,2022-01-27T01:00:00+01:00,BE-TSO-0001,21X-BE-A-A0A0A-Y,Fluxys Belgium,ITP-00542,VIP Belgium - NCG,21Z000000000497Z,exit,kWh/h,,,11536736,2022-02-27T02:11:08+01:00,,Confirmed,,,,,True,,,True,PRISMA,,https://platform.prisma-capacity.eu/,,Cross-Border Transmission IP within EU,0,False
1Physical Flowhour2022-01-27 00:00:00 +00:002022-01-27 01:00:00 +00:00BE-TSO-0001ITP-00542exitkWh/h,1,Physical Flow,hour,2022-01-27T01:00:00+01:00,2022-01-27T02:00:00+01:00,BE-TSO-0001,21X-BE-A-A0A0A-Y,Fluxys Belgium,ITP-00542,VIP Belgium - NCG,21Z000000000497Z,exit,kWh/h,,,11538848,2022-02-27T02:11:08+01:00,,Confirmed,,,,,True,,,True,PRISMA,,https://platform.prisma-capacity.eu/,,Cross-Border Transmission IP within EU,0,False
1Physical Flowhour2022-01-27 01:00:00 +00:002022-01-27 02:00:00 +00:00BE-TSO-0001ITP-00542exitkWh/h,1,Physical Flow,hour,2022-01-27T02:00:00+01:00,2022-01-27T03:00:00+01:00,BE-TSO-0001,21X-BE-A-A0A0A-Y,Fluxys Belgium,ITP-00542,VIP Belgium - NCG,21Z000000000497Z,exit,kWh/h,,,11540332,2022-02-27T02:11:08+01:00,,Confirmed,,,,,True,,,True,PRISMA,,https://platform.prisma-capacity.eu/,,Cross-Border Transmission IP within EU,0,False
1Physical Flowhour2022-01-27 02:00:00 +00:002022-01-27 03:00:00 +00:00BE-TSO-0001ITP-00542exitkWh/h,1,Physical Flow,hour,2022-01-27T03:00:00+01:00,2022-01-27T04:00:00+01:00,BE-TSO-0001,21X-BE-A-A0A0A-Y,Fluxys Belgium,ITP-00542,VIP Belgium - NCG,21Z000000000497Z,exit,kWh/h,,,11536555,2022-02-27T02:11:08+01:00,,Confirmed,,,,,True,,,True,PRISMA,,https://platform.prisma-capacity.eu/,,Cross-Border Transmission IP within EU,0,False
1Physical Flowhour2022-01-27 03:00:00 +00:002022-01-27 04:00:00 +00:00BE-TSO-0001ITP-00542exitkWh/h,1,Physical Flow,hour,2022-01-27T04:00:00+01:00,2022-01-27T05:00:00+01:00,BE-TSO-0001,21X-BE-A-A0A0A-Y,Fluxys Belgium,ITP-00542,VIP Belgium - NCG,21Z000000000497Z,exit,kWh/h,,,11537758,2022-02-27T02:11:08+01:00,,Confirmed,,,,,True,,,True,PRISMA,,https://platform.prisma-capacity.eu/,,Cross-Border Transmission IP within EU,0,False
1Physical Flowhour2022-01-27 04:00:00 +00:002022-01-27 05:00:00 +00:00BE-TSO-0001ITP-00542exitkWh/h,1,Physical Flow,hour,2022-01-27T05:00:00+01:00,2022-01-27T06:00:00+01:00,BE-TSO-0001,21X-BE-A-A0A0A-Y,Fluxys Belgium,ITP-00542,VIP Belgium - NCG,21Z000000000497Z,exit,kWh/h,,,11528735,2022-02-27T02:11:08+01:00,,Confirmed,,,,,True,,,True,PRISMA,,https://platform.prisma-capacity.eu/,,Cross-Border Transmission IP within EU,0,False
1Physical Flowhour2022-01-27 05:00:00 +00:002022-01-27 06:00:00 +00:00BE-TSO-0001ITP-00542exitkWh/h,1,Physical Flow,hour,2022-01-27T06:00:00+01:00,2022-01-27T07:00:00+01:00,BE-TSO-0001,21X-BE-A-A0A0A-Y,Fluxys Belgium,ITP-00542,VIP Belgium - NCG,21Z000000000497Z,exit,kWh/h,,,12466427,2022-02-27T02:11:08+01:00,,Confirmed,,,,,True,,,True,PRISMA,,https://platform.prisma-capacity.eu/,,Cross-Border Transmission IP within EU,0,False
1Physical Flowhour2022-01-27 06:00:00 +00:002022-01-27 07:00:00 +00:00BE-TSO-0001ITP-00542exitkWh/h,1,Physical Flow,hour,2022-01-27T07:00:00+01:00,2022-01-27T08:00:00+01:00,BE-TSO-0001,21X-BE-A-A0A0A-Y,Fluxys Belgium,ITP-00542,VIP Belgium - NCG,21Z000000000497Z,exit,kWh/h,,,12023880,2022-02-27T02:11:08+01:00,,Confirmed,,,,,True,,,True,PRISMA,,https://platform.prisma-capacity.eu/,,Cross-Border Transmission IP within EU,0,False
1Physical Flowhour2022-01-27 07:00:00 +00:002022-01-27 08:00:00 +00:00BE-TSO-0001ITP-00542exitkWh/h,1,Physical Flow,hour,2022-01-27T08:00:00+01:00,2022-01-27T09:00:00+01:00,BE-TSO-0001,21X-BE-A-A0A0A-Y,Fluxys Belgium,ITP-00542,VIP Belgium - NCG,21Z000000000497Z,exit,kWh/h,,,11476105,2022-02-27T02:11:08+01:00,,Confirmed,,,,,True,,,True,PRISMA,,https://platform.prisma-capacity.eu/,,Cross-Border Transmission IP within EU,0,False
1Physical Flowhour2022-01-27 08:00:00 +00:002022-01-27 09:00:00 +00:00BE-TSO-0001ITP-00542exitkWh/h,1,Physical Flow,hour,2022-01-27T09:00:00+01:00,2022-01-27T10:00:00+01:00,BE-TSO-0001,21X-BE-A-A0A0A-Y,Fluxys Belgium,ITP-00542,VIP Belgium - NCG,21Z000000000497Z,exit,kWh/h,,,11472195,2022-02-27T02:11:08+01:00,,Confirmed,,,,,True,,,True,PRISMA,,https://platform.prisma-capacity.eu/,,Cross-Border Transmission IP within EU,0,False
1Physical Flowhour2022-01-27 09:00:00 +00:002022-01-27 10:00:00 +00:00BE-TSO-0001ITP-00542exitkWh/h,1,Physical Flow,hour,2022-01-27T10:00:00+01:00,2022-01-27T11:00:00+01:00,BE-TSO-0001,21X-BE-A-A0A0A-Y,Fluxys Belgium,ITP-00542,VIP Belgium - NCG,21Z000000000497Z,exit,kWh/h,,,11272761,2022-02-27T02:11:08+01:00,,Confirmed,,,,,True,,,True,PRISMA,,https://platform.prisma-capacity.eu/,,Cross-Border Transmission IP within EU,0,False
1Physical Flowhour2022-01-27 10:00:00 +00:002022-01-27 11:00:00 +00:00BE-TSO-0001ITP-00542exitkWh/h,1,Physical Flow,hour,2022-01-27T11:00:00+01:00,2022-01-27T12:00:00+01:00,BE-TSO-0001,21X-BE-A-A0A0A-Y,Fluxys Belgium,ITP-00542,VIP Belgium - NCG,21Z000000000497Z,exit,kWh/h,,,11601757,2022-02-27T02:11:08+01:00,,Confirmed,,,,,True,,,True,PRISMA,,https://platform.prisma-capacity.eu/,,Cross-Border Transmission IP within EU,0,False
1Physical Flowhour2022-01-27 11:00:00 +00:002022-01-27 12:00:00 +00:00BE-TSO-0001ITP-00542exitkWh/h,1,Physical Flow,hour,2022-01-27T12:00:00+01:00,2022-01-27T13:00:00+01:00,BE-TSO-0001,21X-BE-A-A0A0A-Y,Fluxys Belgium,ITP-00542,VIP Belgium - NCG,21Z000000000497Z,exit,kWh/h,,,12068647,2022-02-27T02:11:08+01:00,,Confirmed,,,,,True,,,True,PRISMA,,https://platform.prisma-capacity.eu/,,Cross-Border Transmission IP within EU,0,False
1Physical Flowhour2022-01-27 12:00:00 +00:002022-01-27 13:00:00 +00:00BE-TSO-0001ITP-00542exitkWh/h,1,Physical Flow,hour,2022-01-27T13:00:00+01:00,2022-01-27T14:00:00+01:00,BE-TSO-0001,21X-BE-A-A0A0A-Y,Fluxys Belgium,ITP-00542,VIP Belgium - NCG,21Z000000000497Z,exit,kWh/h,,,11932463,2022-02-27T02:11:08+01:00,,Confirmed,,,,,True,,,True,PRISMA,,https://platform.prisma-capacity.eu/,,Cross-Border Transmission IP within EU,0,False
1Physical Flowhour2022-01-27 13:00:00 +00:002022-01-27 14:00:00 +00:00BE-TSO-0001ITP-00542exitkWh/h,1,Physical Flow,hour,2022-01-27T14:00:00+01:00,2022-01-27T15:00:00+01:00,BE-TSO-0001,21X-BE-A-A0A0A-Y,Fluxys Belgium,ITP-00542,VIP Belgium - NCG,21Z000000000497Z,exit,kWh/h,,,11877379,2022-02-27T02:11:08+01:00,,Confirmed,,,,,True,,,True,PRISMA,,https://platform.prisma-capacity.eu/,,Cross-Border Transmission IP within EU,0,False
1Physical Flowhour2022-01-27 14:00:00 +00:002022-01-27 15:00:00 +00:00BE-TSO-0001ITP-00542exitkWh/h,1,Physical Flow,hour,2022-01-27T15:00:00+01:00,2022-01-27T16:00:00+01:00,BE-TSO-0001,21X-BE-A-A0A0A-Y,Fluxys Belgium,ITP-00542,VIP Belgium - NCG,21Z000000000497Z,exit,kWh/h,,,13083856,2022-02-27T02:11:08+01:00,,Confirmed,,,,,True,,,True,PRISMA,,https://platform.prisma-capacity.eu/,,Cross-Border Transmission IP within EU,0,False
1Physical Flowhour2022-01-27 15:00:00 +00:002022-01-27 16:00:00 +00:00BE-TSO-0001ITP-00542exitkWh/h,1,Physical Flow,hour,2022-01-27T16:00:00+01:00,2022-01-27T17:00:00+01:00,BE-TSO-0001,21X-BE-A-A0A0A-Y,Fluxys Belgium,ITP-00542,VIP Belgium - NCG,21Z000000000497Z,exit,kWh/h,,,12478651,2022-02-27T02:11:08+01:00,,Confirmed,,,,,True,,,True,PRISMA,,https://platform.prisma-capacity.eu/,,Cross-Border Transmission IP within EU,0,False
1Physical Flowhour2022-01-27 16:00:00 +00:002022-01-27 17:00:00 +00:00BE-TSO-0001ITP-00542exitkWh/h,1,Physical Flow,hour,2022-01-27T17:00:00+01:00,2022-01-27T18:00:00+01:00,BE-TSO-0001,21X-BE-A-A0A0A-Y,Fluxys Belgium,ITP-00542,VIP Belgium - NCG,21Z000000000497Z,exit,kWh/h,,,12054060,2022-02-27T02:11:08+01:00,,Confirmed,,,,,True,,,True,PRISMA,,https://platform.prisma-capacity.eu/,,Cross-Border Transmission IP within EU,0,False
1Physical Flowhour2022-01-27 17:00:00 +00:002022-01-27 18:00:00 +00:00BE-TSO-0001ITP-00542exitkWh/h,1,Physical Flow,hour,2022-01-27T18:00:00+01:00,2022-01-27T19:00:00+01:00,BE-TSO-0001,21X-BE-A-A0A0A-Y,Fluxys Belgium,ITP-00542,VIP Belgium - NCG,21Z000000000497Z,exit,kWh/h,,,13040002,2022-02-27T02:11:08+01:00,,Confirmed,,,,,True,,,True,PRISMA,,https://platform.prisma-capacity.eu/,,Cross-Border Transmission IP within EU,0,False
1Physical Flowhour2022-01-27 18:00:00 +00:002022-01-27 19:00:00 +00:00BE-TSO-0001ITP-00542exitkWh/h,1,Physical Flow,hour,2022-01-27T19:00:00+01:00,2022-01-27T20:00:00+01:00,BE-TSO-0001,21X-BE-A-A0A0A-Y,Fluxys Belgium,ITP-00542,VIP Belgium - NCG,21Z000000000497Z,exit,kWh/h,,,12833379,2022-02-27T02:11:08+01:00,,Confirmed,,,,,True,,,True,PRISMA,,https://platform.prisma-capacity.eu/,,Cross-Border Transmission IP within EU,0,False
1Physical Flowhour2022-01-27 19:00:00 +00:002022-01-27 20:00:00 +00:00BE-TSO-0001ITP-00542exitkWh/h,1,Physical Flow,hour,2022-01-27T20:00:00+01:00,2022-01-27T21:00:00+01:00,BE-TSO-0001,21X-BE-A-A0A0A-Y,Fluxys Belgium,ITP-00542,VIP Belgium - NCG,21Z000000000497Z,exit,kWh/h,,,12551905,2022-02-27T02:11:08+01:00,,Confirmed,,,,,True,,,True,PRISMA,,https://platform.prisma-capacity.eu/,,Cross-Border Transmission IP within EU,0,False
1Physical Flowhour2022-01-27 20:00:00 +00:002022-01-27 21:00:00 +00:00BE-TSO-0001ITP-00542exitkWh/h,1,Physical Flow,hour,2022-01-27T21:00:00+01:00,2022-01-27T22:00:00+01:00,BE-TSO-0001,21X-BE-A-A0A0A-Y,Fluxys Belgium,ITP-00542,VIP Belgium - NCG,21Z000000000497Z,exit,kWh/h,,,12379552,2022-02-27T02:11:08+01:00,,Confirmed,,,,,True,,,True,PRISMA,,https://platform.prisma-capacity.eu/,,Cross-Border Transmission IP within EU,0,False
1Physical Flowhour2022-01-27 21:00:00 +00:002022-01-27 22:00:00 +00:00BE-TSO-0001ITP-00542exitkWh/h,1,Physical Flow,hour,2022-01-27T22:00:00+01:00,2022-01-27T23:00:00+01:00,BE-TSO-0001,21X-BE-A-A0A0A-Y,Fluxys Belgium,ITP-00542,VIP Belgium - NCG,21Z000000000497Z,exit,kWh/h,,,12349910,2022-02-27T02:11:08+01:00,,Confirmed,,,,,True,,,True,PRISMA,,https://platform.prisma-capacity.eu/,,Cross-Border Transmission IP within EU,0,False
1Physical Flowhour2022-01-27 22:00:00 +00:002022-01-27 23:00:00 +00:00BE-TSO-0001ITP-00542exitkWh/h,1,Physical Flow,hour,2022-01-27T23:00:00+01:00,2022-01-28T00:00:00+01:00,BE-TSO-0001,21X-BE-A-A0A0A-Y,Fluxys Belgium,ITP-00542,VIP Belgium - NCG,21Z000000000497Z,exit,kWh/h,,,12131895,2022-02-27T02:11:08+01:00,,Confirmed,,,,,True,,,True,PRISMA,,https://platform.prisma-capacity.eu/,,Cross-Border Transmission IP within EU,0,False
1Physical Flowhour2022-01-27 23:00:00 +00:002022-01-28 00:00:00 +00:00BE-TSO-0001ITP-00542exitkWh/h,1,Physical Flow,hour,2022-01-28T00:00:00+01:00,2022-01-28T01:00:00+01:00,BE-TSO-0001,21X-BE-A-A0A0A-Y,Fluxys Belgium,ITP-00542,VIP Belgium - NCG,21Z000000000497Z,exit,kWh/h,,,12023648,2022-02-27T02:11:08+01:00,,Confirmed,,,,,True,,,True,PRISMA,,https://platform.prisma-capacity.eu/,,Cross-Border Transmission IP within EU,0,False
1Physical Flowhour2022-01-28 00:00:00 +00:002022-01-28 01:00:00 +00:00BE-TSO-0001ITP-00542exitkWh/h,1,Physical Flow,hour,2022-01-28T01:00:00+01:00,2022-01-28T02:00:00+01:00,BE-TSO-0001,21X-BE-A-A0A0A-Y,Fluxys Belgium,ITP-00542,VIP Belgium - NCG,21Z000000000497Z,exit,kWh/h,,,12234048,2022-02-27T02:11:08+01:00,,Confirmed,,,,,True,,,True,PRISMA,,https://platform.prisma-capacity.eu/,,Cross-Border Transmission IP within EU,0,False
1Physical Flowhour2022-01-28 01:00:00 +00:002022-01-28 02:00:00 +00:00BE-TSO-0001ITP-00542exitkWh/h,1,Physical Flow,hour,2022-01-28T02:00:00+01:00,2022-01-28T03:00:00+01:00,BE-TSO-0001,21X-BE-A-A0A0A-Y,Fluxys Belgium,ITP-00542,VIP Belgium - NCG,21Z000000000497Z,exit,kWh/h,,,12132087,2022-02-27T02:11:08+01:00,,Confirmed,,,,,True,,,True,PRISMA,,https://platform.prisma-capacity.eu/,,Cross-Border Transmission IP within EU,0,False
1Physical Flowhour2022-01-28 02:00:00 +00:002022-01-28 03:00:00 +00:00BE-TSO-0001ITP-00542exitkWh/h,1,Physical Flow,hour,2022-01-28T03:00:00+01:00,2022-01-28T04:00:00+01:00,BE-TSO-0001,21X-BE-A-A0A0A-Y,Fluxys Belgium,ITP-00542,VIP Belgium - NCG,21Z000000000497Z,exit,kWh/h,,,12226601,2022-02-27T02:11:08+01:00,,Confirmed,,,,,True,,,True,PRISMA,,https://platform.prisma-capacity.eu/,,Cross-Border Transmission IP within EU,0,False
1Physical Flowhour2022-01-28 03:00:00 +00:002022-01-28 04:00:00 +00:00BE-TSO-0001ITP-00542exitkWh/h,1,Physical Flow,hour,2022-01-28T04:00:00+01:00,2022-01-28T05:00:00+01:00,BE-TSO-0001,21X-BE-A-A0A0A-Y,Fluxys Belgium,ITP-00542,VIP Belgium - NCG,21Z000000000497Z,exit,kWh/h,,,12313462,2022-02-27T02:11:08+01:00,,Confirmed,,,,,True,,,True,PRISMA,,https://platform.prisma-capacity.eu/,,Cross-Border Transmission IP within EU,0,False
1Physical Flowhour2022-01-28 04:00:00 +00:002022-01-28 05:00:00 +00:00BE-TSO-0001ITP-00542exitkWh/h,1,Physical Flow,hour,2022-01-28T05:00:00+01:00,2022-01-28T06:00:00+01:00,BE-TSO-0001,21X-BE-A-A0A0A-Y,Fluxys Belgium,ITP-00542,VIP Belgium - NCG,21Z000000000497Z,exit,kWh/h,,,12298804,2022-02-27T02:11:08+01:00,,Confirmed,,,,,True,,,True,PRISMA,,https://platform.prisma-capacity.eu/,,Cross-Border Transmission IP within EU,0,False
1Physical Flowhour2022-01-28 05:00:00 +00:002022-01-28 06:00:00 +00:00BE-TSO-0001ITP-00542exitkWh/h,1,Physical Flow,hour,2022-01-28T06:00:00+01:00,2022-01-28T07:00:00+01:00,BE-TSO-0001,21X-BE-A-A0A0A-Y,Fluxys Belgium,ITP-00542,VIP Belgium - NCG,21Z000000000497Z,exit,kWh/h,,,10561631,2022-02-27T02:11:08+01:00,,Confirmed,,,,,True,,,True,PRISMA,,https://platform.prisma-capacity.eu/,,Cross-Border Transmission IP within EU,0,False
1Physical Flowhour2022-01-28 06:00:00 +00:002022-01-28 07:00:00 +00:00BE-TSO-0001ITP-00542exitkWh/h,1,Physical Flow,hour,2022-01-28T07:00:00+01:00,2022-01-28T08:00:00+01:00,BE-TSO-0001,21X-BE-A-A0A0A-Y,Fluxys Belgium,ITP-00542,VIP Belgium - NCG,21Z000000000497Z,exit,kWh/h,,,8995239,2022-02-27T02:11:08+01:00,,Confirmed,,,,,True,,,True,PRISMA,,https://platform.prisma-capacity.eu/,,Cross-Border Transmission IP within EU,0,False
1Physical Flowhour2022-01-28 07:00:00 +00:002022-01-28 08:00:00 +00:00BE-TSO-0001ITP-00542exitkWh/h,1,Physical Flow,hour,2022-01-28T08:00:00+01:00,2022-01-28T09:00:00+01:00,BE-TSO-0001,21X-BE-A-A0A0A-Y,Fluxys Belgium,ITP-00542,VIP Belgium - NCG,21Z000000000497Z,exit,kWh/h,,,8998610,2022-02-27T02:11:08+01:00,,Confirmed,,,,,True,,,True,PRISMA,,https://platform.prisma-capacity.eu/,,Cross-Border Transmission IP within EU,0,False
1Physical Flowhour2022-01-28 08:00:00 +00:002022-01-28 09:00:00 +00:00BE-TSO-0001ITP-00542exitkWh/h,1,Physical Flow,hour,2022-01-28T09:00:00+01:00,2022-01-28T10:00:00+01:00,BE-TSO-0001,21X-BE-A-A0A0A-Y,Fluxys Belgium,ITP-00542,VIP Belgium - NCG,21Z000000000497Z,exit,kWh/h,,,8996730,2022-02-27T02:11:08+01:00,,Confirmed,,,,,True,,,True,PRISMA,,https://platform.prisma-capacity.eu/,,Cross-Border Transmission IP within EU,0,False
1Physical Flowhour2022-01-28 09:00:00 +00:002022-01-28 10:00:00 +00:00BE-TSO-0001ITP-00542exitkWh/h,1,Physical Flow,hour,2022-01-28T10:00:00+01:00,2022-01-28T11:00:00+01:00,BE-TSO-0001,21X-BE-A-A0A0A-Y,Fluxys Belgium,ITP-00542,VIP Belgium - NCG,21Z000000000497Z,exit,kWh/h,,,8997502,2022-02-27T02:11:08+01:00,,Confirmed,,,,,True,,,True,PRISMA,,https://platform.prisma-capacity.eu/,,Cross-Border Transmission IP within EU,0,False
1Physical Flowhour2022-01-28 10:00:00 +00:002022-01-28 11:00:00 +00:00BE-TSO-0001ITP-00542exitkWh/h,1,Physical Flow,hour,2022-01-28T11:00:00+01:00,2022-01-28T12:00:00+01:00,BE-TSO-0001,21X-BE-A-A0A0A-Y,Fluxys Belgium,ITP-00542,VIP Belgium - NCG,21Z000000000497Z,exit,kWh/h,,,8998299,2022-02-27T02:11:08+01:00,,Confirmed,,,,,True,,,True,PRISMA,,https://platform.prisma-capacity.eu/,,Cross-Border Transmission IP within EU,0,False
1Physical Flowhour2022-01-28 11:00:00 +00:002022-01-28 12:00:00 +00:00BE-TSO-0001ITP-00542exitkWh/h,1,Physical Flow,hour,2022-01-28T12:00:00+01:00,2022-01-28T13:00:00+01:00,BE-TSO-0001,21X-BE-A-A0A0A-Y,Fluxys Belgium,ITP-00542,VIP Belgium - NCG,21Z000000000497Z,exit,kWh/h,,,8996500,2022-02-27T02:11:08+01:00,,Confirmed,,,,,True,,,True,PRISMA,,https://platform.prisma-capacity.eu/,,Cross-Border Transmission IP within EU,0,False
1Physical Flowhour2022-01-28 12:00:00 +00:002022-01-28 13:00:00 +00:00BE-TSO-0001ITP-00542exitkWh/h,1,Physical Flow,hour,2022-01-28T13:00:00+01:00,2022-01-28T14:00:00+01:00,BE-TSO-0001,21X-BE-A-A0A0A-Y,Fluxys Belgium,ITP-00542,VIP Belgium - NCG,21Z000000000497Z,exit,kWh/h,,,8997892,2022-02-27T02:11:08+01:00,,Confirmed,,,,,True,,,True,PRISMA,,https://platform.prisma-capacity.eu/,,Cross-Border Transmission IP within EU,0,False
1Physical Flowhour2022-01-28 13:00:00 +00:002022-01-28 14:00:00 +00:00BE-TSO-0001ITP-00542exitkWh/h,1,Physical Flow,hour,2022-01-28T14:00:00+01:00,2022-01-28T15:00:00+01:00,BE-TSO-0001,21X-BE-A-A0A0A-Y,Fluxys Belgium,ITP-00542,VIP Belgium - NCG,21Z000000000497Z,exit,kWh/h,,,8996231,2022-02-27T02:11:08+01:00,,Confirmed,,,,,True,,,True,PRISMA,,https://platform.prisma-capacity.eu/,,Cross-Border Transmission IP within EU,0,False
1Physical Flowhour2022-01-28 14:00:00 +00:002022-01-28 15:00:00 +00:00BE-TSO-0001ITP-00542exitkWh/h,1,Physical Flow,hour,2022-01-28T15:00:00+01:00,2022-01-28T16:00:00+01:00,BE-TSO-0001,21X-BE-A-A0A0A-Y,Fluxys Belgium,ITP-00542,VIP Belgium - NCG,21Z000000000497Z,exit,kWh/h,,,8996529,2022-02-27T02:11:08+01:00,,Confirmed,,,,,True,,,True,PRISMA,,https://platform.prisma-capacity.eu/,,Cross-Border Transmission IP within EU,0,False
1Physical Flowhour2022-01-28 15:00:00 +00:002022-01-28 16:00:00 +00:00BE-TSO-0001ITP-00542exitkWh/h,1,Physical Flow,hour,2022-01-28T16:00:00+01:00,2022-01-28T17:00:00+01:00,BE-TSO-0001,21X-BE-A-A0A0A-Y,Fluxys Belgium,ITP-00542,VIP Belgium - NCG,21Z000000000497Z,exit,kWh/h,,,8997167,2022-02-27T02:11:08+01:00,,Confirmed,,,,,True,,,True,PRISMA,,https://platform.prisma-capacity.eu/,,Cross-Border Transmission IP within EU,0,False
1Physical Flowhour2022-01-28 16:00:00 +00:002022-01-28 17:00:00 +00:00BE-TSO-0001ITP-00542exitkWh/h,1,Physical Flow,hour,2022-01-28T17:00:00+01:00,2022-01-28T18:00:00+01:00,BE-TSO-0001,21X-BE-A-A0A0A-Y,Fluxys Belgium,ITP-00542,VIP Belgium - NCG,21Z000000000497Z,exit,kWh/h,,,8996393,2022-02-27T02:11:08+01:00,,Confirmed,,,,,True,,,True,PRISMA,,https://platform.prisma-capacity.eu/,,Cross-Border Transmission IP within EU,0,False
1Physical Flowhour2022-01-28 17:00:00 +00:002022-01-28 18:00:00 +00:00BE-TSO-0001ITP-00542exitkWh/h,1,Physical Flow,hour,2022-01-28T18:00:00+01:00,2022-01-28T19:00:00+01:00,BE-TSO-0001,21X-BE-A-A0A0A-Y,Fluxys Belgium,ITP-00542,VIP Belgium - NCG,21Z000000000497Z,exit,kWh/h,,,9042681,2022-02-27T02:11:08+01:00,,Confirmed,,,,,True,,,True,PRISMA,,https://platform.prisma-capacity.eu/,,Cross-Border Transmission IP within EU,0,False
1Physical Flowhour2022-01-28 18:00:00 +00:002022-01-28 19:00:00 +00:00BE-TSO-0001ITP-00542exitkWh/h,1,Physical Flow,hour,2022-01-28T19:00:00+01:00,2022-01-28T20:00:00+01:00,BE-TSO-0001,21X-BE-A-A0A0A-Y,Fluxys Belgium,ITP-00542,VIP Belgium - NCG,21Z000000000497Z,exit,kWh/h,,,9041993,2022-02-27T02:11:08+01:00,,Confirmed,,,,,True,,,True,PRISMA,,https://platform.prisma-capacity.eu/,,Cross-Border Transmission IP within EU,0,False
1Physical Flowhour2022-01-28 19:00:00 +00:002022-01-28 20:00:00 +00:00BE-TSO-0001ITP-00542exitkWh/h,1,Physical Flow,hour,2022-01-28T20:00:00+01:00,2022-01-28T21:00:00+01:00,BE-TSO-0001,21X-BE-A-A0A0A-Y,Fluxys Belgium,ITP-00542,VIP Belgium - NCG,21Z000000000497Z,exit,kWh/h,,,9198233,2022-02-27T02:11:08+01:00,,Confirmed,,,,,True,,,True,PRISMA,,https://platform.prisma-capacity.eu/,,Cross-Border Transmission IP within EU,0,False
1Physical Flowhour2022-01-28 20:00:00 +00:002022-01-28 21:00:00 +00:00BE-TSO-0001ITP-00542exitkWh/h,1,Physical Flow,hour,2022-01-28T21:00:00+01:00,2022-01-28T22:00:00+01:00,BE-TSO-0001,21X-BE-A-A0A0A-Y,Fluxys Belgium,ITP-00542,VIP Belgium - NCG,21Z000000000497Z,exit,kWh/h,,,9197890,2022-02-27T02:11:08+01:00,,Confirmed,,,,,True,,,True,PRISMA,,https://platform.prisma-capacity.eu/,,Cross-Border Transmission IP within EU,0,False
1Physical Flowhour2022-01-28 21:00:00 +00:002022-01-28 22:00:00 +00:00BE-TSO-0001ITP-00542exitkWh/h,1,Physical Flow,hour,2022-01-28T22:00:00+01:00,2022-01-28T23:00:00+01:00,BE-TSO-0001,21X-BE-A-A0A0A-Y,Fluxys Belgium,ITP-00542,VIP Belgium - NCG,21Z000000000497Z,exit,kWh/h,,,9193518,2022-02-27T02:11:08+01:00,,Confirmed,,,,,True,,,True,PRISMA,,https://platform.prisma-capacity.eu/,,Cross-Border Transmission IP within EU,0,False
1Physical Flowhour2022-01-28 22:00:00 +00:002022-01-28 23:00:00 +00:00BE-TSO-0001ITP-00542exitkWh/h,1,Physical Flow,hour,2022-01-28T23:00:00+01:00,2022-01-29T00:00:00+01:00,BE-TSO-0001,21X-BE-A-A0A0A-Y,Fluxys Belgium,ITP-00542,VIP Belgium - NCG,21Z000000000497Z,exit,kWh/h,,,9196947,2022-02-27T02:11:08+01:00,,Confirmed,,,,,True,,,True,PRISMA,,https://platform.prisma-capacity.eu/,,Cross-Border Transmission IP within EU,0,False
1Physical Flowhour2022-01-28 23:00:00 +00:002022-01-29 00:00:00 +00:00BE-TSO-0001ITP-00542exitkWh/h,1,Physical Flow,hour,2022-01-29T00:00:00+01:00,2022-01-29T01:00:00+01:00,BE-TSO-0001,21X-BE-A-A0A0A-Y,Fluxys Belgium,ITP-00542,VIP Belgium - NCG,21Z000000000497Z,exit,kWh/h,,,9193132,2022-02-27T02:11:08+01:00,,Confirmed,,,,,True,,,True,PRISMA,,https://platform.prisma-capacity.eu/,,Cross-Border Transmission IP within EU,0,False
1Physical Flowhour2022-01-29 00:00:00 +00:002022-01-29 01:00:00 +00:00BE-TSO-0001ITP-00542exitkWh/h,1,Physical Flow,hour,2022-01-29T01:00:00+01:00,2022-01-29T02:00:00+01:00,BE-TSO-0001,21X-BE-A-A0A0A-Y,Fluxys Belgium,ITP-00542,VIP Belgium - NCG,21Z000000000497Z,exit,kWh/h,,,9195622,2022-02-27T02:11:08+01:00,,Confirmed,,,,,True,,,True,PRISMA,,https://platform.prisma-capacity.eu/,,Cross-Border Transmission IP within EU,0,False
1Physical Flowhour2022-01-29 01:00:00 +00:002022-01-29 02:00:00 +00:00BE-TSO-0001ITP-00542exitkWh/h,1,Physical Flow,hour,2022-01-29T02:00:00+01:00,2022-01-29T03:00:00+01:00,BE-TSO-0001,21X-BE-A-A0A0A-Y,Fluxys Belgium,ITP-00542,VIP Belgium - NCG,21Z000000000497Z,exit,kWh/h,,,9375866,2022-02-27T02:11:08+01:00,,Confirmed,,,,,True,,,True,PRISMA,,https://platform.prisma-capacity.eu/,,Cross-Border Transmission IP within EU,0,False
1Physical Flowhour2022-01-29 02:00:00 +00:002022-01-29 03:00:00 +00:00BE-TSO-0001ITP-00542exitkWh/h,1,Physical Flow,hour,2022-01-29T03:00:00+01:00,2022-01-29T04:00:00+01:00,BE-TSO-0001,21X-BE-A-A0A0A-Y,Fluxys Belgium,ITP-00542,VIP Belgium - NCG,21Z000000000497Z,exit,kWh/h,,,9375820,2022-02-27T02:11:08+01:00,,Confirmed,,,,,True,,,True,PRISMA,,https://platform.prisma-capacity.eu/,,Cross-Border Transmission IP within EU,0,False
1Physical Flowhour2022-01-29 03:00:00 +00:002022-01-29 04:00:00 +00:00BE-TSO-0001ITP-00542exitkWh/h,1,Physical Flow,hour,2022-01-29T04:00:00+01:00,2022-01-29T05:00:00+01:00,BE-TSO-0001,21X-BE-A-A0A0A-Y,Fluxys Belgium,ITP-00542,VIP Belgium - NCG,21Z000000000497Z,exit,kWh/h,,,9010938,2022-02-27T02:11:08+01:00,,Confirmed,,,,,True,,,True,PRISMA,,https://platform.prisma-capacity.eu/,,Cross-Border Transmission IP within EU,0,False
1Physical Flowhour2022-01-29 04:00:00 +00:002022-01-29 05:00:00 +00:00BE-TSO-0001ITP-00542exitkWh/h,1,Physical Flow,hour,2022-01-29T05:00:00+01:00,2022-01-29T06:00:00+01:00,BE-TSO-0001,21X-BE-A-A0A0A-Y,Fluxys Belgium,ITP-00542,VIP Belgium - NCG,21Z000000000497Z,exit,kWh/h,,,9013234,2022-02-27T02:11:08+01:00,,Confirmed,,,,,True,,,True,PRISMA,,https://platform.prisma-capacity.eu/,,Cross-Border Transmission IP within EU,0,False
1Physical Flowhour2022-01-29 05:00:00 +00:002022-01-29 06:00:00 +00:00BE-TSO-0001ITP-00542exitkWh/h,1,Physical Flow,hour,2022-01-29T06:00:00+01:00,2022-01-29T07:00:00+01:00,BE-TSO-0001,21X-BE-A-A0A0A-Y,Fluxys Belgium,ITP-00542,VIP Belgium - NCG,21Z000000000497Z,exit,kWh/h,,,12146513,2022-02-27T02:11:08+01:00,,Confirmed,,,,,True,,,True,PRISMA,,https://platform.prisma-capacity.eu/,,Cross-Border Transmission IP within EU,0,False
1Physical Flowhour2022-01-29 06:00:00 +00:002022-01-29 07:00:00 +00:00BE-TSO-0001ITP-00542exitkWh/h,1,Physical Flow,hour,2022-01-29T07:00:00+01:00,2022-01-29T08:00:00+01:00,BE-TSO-0001,21X-BE-A-A0A0A-Y,Fluxys Belgium,ITP-00542,VIP Belgium - NCG,21Z000000000497Z,exit,kWh/h,,,12125249,2022-02-27T02:11:08+01:00,,Confirmed,,,,,True,,,True,PRISMA,,https://platform.prisma-capacity.eu/,,Cross-Border Transmission IP within EU,0,False
1Physical Flowhour2022-01-29 07:00:00 +00:002022-01-29 08:00:00 +00:00BE-TSO-0001ITP-00542exitkWh/h,1,Physical Flow,hour,2022-01-29T08:00:00+01:00,2022-01-29T09:00:00+01:00,BE-TSO-0001,21X-BE-A-A0A0A-Y,Fluxys Belgium,ITP-00542,VIP Belgium - NCG,21Z000000000497Z,exit,kWh/h,,,12127169,2022-02-27T02:11:08+01:00,,Confirmed,,,,,True,,,True,PRISMA,,https://platform.prisma-capacity.eu/,,Cross-Border Transmission IP within EU,0,False
1Physical Flowhour2022-01-29 08:00:00 +00:002022-01-29 09:00:00 +00:00BE-TSO-0001ITP-00542exitkWh/h,1,Physical Flow,hour,2022-01-29T09:00:00+01:00,2022-01-29T10:00:00+01:00,BE-TSO-0001,21X-BE-A-A0A0A-Y,Fluxys Belgium,ITP-00542,VIP Belgium - NCG,21Z000000000497Z,exit,kWh/h,,,12124498,2022-02-27T02:11:08+01:00,,Confirmed,,,,,True,,,True,PRISMA,,https://platform.prisma-capacity.eu/,,Cross-Border Transmission IP within EU,0,False
1Physical Flowhour2022-01-29 09:00:00 +00:002022-01-29 10:00:00 +00:00BE-TSO-0001ITP-00542exitkWh/h,1,Physical Flow,hour,2022-01-29T10:00:00+01:00,2022-01-29T11:00:00+01:00,BE-TSO-0001,21X-BE-A-A0A0A-Y,Fluxys Belgium,ITP-00542,VIP Belgium - NCG,21Z000000000497Z,exit,kWh/h,,,12127328,2022-02-27T02:11:08+01:00,,Confirmed,,,,,True,,,True,PRISMA,,https://platform.prisma-capacity.eu/,,Cross-Border Transmission IP within EU,0,False
1Physical Flowhour2022-01-29 10:00:00 +00:002022-01-29 11:00:00 +00:00BE-TSO-0001ITP-00542exitkWh/h,1,Physical Flow,hour,2022-01-29T11:00:00+01:00,2022-01-29T12:00:00+01:00,BE-TSO-0001,21X-BE-A-A0A0A-Y,Fluxys Belgium,ITP-00542,VIP Belgium - NCG,21Z000000000497Z,exit,kWh/h,,,12123878,2022-02-27T02:11:08+01:00,,Confirmed,,,,,True,,,True,PRISMA,,https://platform.prisma-capacity.eu/,,Cross-Border Transmission IP within EU,0,False
1Physical Flowhour2022-01-29 11:00:00 +00:002022-01-29 12:00:00 +00:00BE-TSO-0001ITP-00542exitkWh/h,1,Physical Flow,hour,2022-01-29T12:00:00+01:00,2022-01-29T13:00:00+01:00,BE-TSO-0001,21X-BE-A-A0A0A-Y,Fluxys Belgium,ITP-00542,VIP Belgium - NCG,21Z000000000497Z,exit,kWh/h,,,12125057,2022-02-27T02:11:08+01:00,,Confirmed,,,,,True,,,True,PRISMA,,https://platform.prisma-capacity.eu/,,Cross-Border Transmission IP within EU,0,False
1Physical Flowhour2022-01-29 12:00:00 +00:002022-01-29 13:00:00 +00:00BE-TSO-0001ITP-00542exitkWh/h,1,Physical Flow,hour,2022-01-29T13:00:00+01:00,2022-01-29T14:00:00+01:00,BE-TSO-0001,21X-BE-A-A0A0A-Y,Fluxys Belgium,ITP-00542,VIP Belgium - NCG,21Z000000000497Z,exit,kWh/h,,,12225031,2022-02-27T02:11:08+01:00,,Confirmed,,,,,True,,,True,PRISMA,,https://platform.prisma-capacity.eu/,,Cross-Border Transmission IP within EU,0,False
1Physical Flowhour2022-01-29 13:00:00 +00:002022-01-29 14:00:00 +00:00BE-TSO-0001ITP-00542exitkWh/h,1,Physical Flow,hour,2022-01-29T14:00:00+01:00,2022-01-29T15:00:00+01:00,BE-TSO-0001,21X-BE-A-A0A0A-Y,Fluxys Belgium,ITP-00542,VIP Belgium - NCG,21Z000000000497Z,exit,kWh/h,,,12424591,2022-02-27T02:11:08+01:00,,Confirmed,,,,,True,,,True,PRISMA,,https://platform.prisma-capacity.eu/,,Cross-Border Transmission IP within EU,0,False
1Physical Flowhour2022-01-29 14:00:00 +00:002022-01-29 15:00:00 +00:00BE-TSO-0001ITP-00542exitkWh/h,1,Physical Flow,hour,2022-01-29T15:00:00+01:00,2022-01-29T16:00:00+01:00,BE-TSO-0001,21X-BE-A-A0A0A-Y,Fluxys Belgium,ITP-00542,VIP Belgium - NCG,21Z000000000497Z,exit,kWh/h,,,12424002,2022-02-27T02:11:08+01:00,,Confirmed,,,,,True,,,True,PRISMA,,https://platform.prisma-capacity.eu/,,Cross-Border Transmission IP within EU,0,False
1Physical Flowhour2022-01-29 15:00:00 +00:002022-01-29 16:00:00 +00:00BE-TSO-0001ITP-00542exitkWh/h,1,Physical Flow,hour,2022-01-29T16:00:00+01:00,2022-01-29T17:00:00+01:00,BE-TSO-0001,21X-BE-A-A0A0A-Y,Fluxys Belgium,ITP-00542,VIP Belgium - NCG,21Z000000000497Z,exit,kWh/h,,,12872519,2022-02-27T02:11:08+01:00,,Confirmed,,,,,True,,,True,PRISMA,,https://platform.prisma-capacity.eu/,,Cross-Border Transmission IP within EU,0,False
1Physical Flowhour2022-01-29 16:00:00 +00:002022-01-29 17:00:00 +00:00BE-TSO-0001ITP-00542exitkWh/h,1,Physical Flow,hour,2022-01-29T17:00:00+01:00,2022-01-29T18:00:00+01:00,BE-TSO-0001,21X-BE-A-A0A0A-Y,Fluxys Belgium,ITP-00542,VIP Belgium - NCG,21Z000000000497Z,exit,kWh/h,,,12417420,2022-02-27T02:11:08+01:00,,Confirmed,,,,,True,,,True,PRISMA,,https://platform.prisma-capacity.eu/,,Cross-Border Transmission IP within EU,0,False
1Physical Flowhour2022-01-29 17:00:00 +00:002022-01-29 18:00:00 +00:00BE-TSO-0001ITP-00542exitkWh/h,1,Physical Flow,hour,2022-01-29T18:00:00+01:00,2022-01-29T19:00:00+01:00,BE-TSO-0001,21X-BE-A-A0A0A-Y,Fluxys Belgium,ITP-00542,VIP Belgium - NCG,21Z000000000497Z,exit,kWh/h,,,12840796,2022-02-27T02:11:08+01:00,,Confirmed,,,,,True,,,True,PRISMA,,https://platform.prisma-capacity.eu/,,Cross-Border Transmission IP within EU,0,False
1Physical Flowhour2022-01-29 18:00:00 +00:002022-01-29 19:00:00 +00:00BE-TSO-0001ITP-00542exitkWh/h,1,Physical Flow,hour,2022-01-29T19:00:00+01:00,2022-01-29T20:00:00+01:00,BE-TSO-0001,21X-BE-A-A0A0A-Y,Fluxys Belgium,ITP-00542,VIP Belgium - NCG,21Z000000000497Z,exit,kWh/h,,,12380963,2022-02-27T02:11:08+01:00,,Confirmed,,,,,True,,,True,PRISMA,,https://platform.prisma-capacity.eu/,,Cross-Border Transmission IP within EU,0,False
1Physical Flowhour2022-01-29 19:00:00 +00:002022-01-29 20:00:00 +00:00BE-TSO-0001ITP-00542exitkWh/h,1,Physical Flow,hour,2022-01-29T20:00:00+01:00,2022-01-29T21:00:00+01:00,BE-TSO-0001,21X-BE-A-A0A0A-Y,Fluxys Belgium,ITP-00542,VIP Belgium - NCG,21Z000000000497Z,exit,kWh/h,,,12348011,2022-02-27T02:11:08+01:00,,Confirmed,,,,,True,,,True,PRISMA,,https://platform.prisma-capacity.eu/,,Cross-Border Transmission IP within EU,0,False
1Physical Flowhour2022-01-29 20:00:00 +00:002022-01-29 21:00:00 +00:00BE-TSO-0001ITP-00542exitkWh/h,1,Physical Flow,hour,2022-01-29T21:00:00+01:00,2022-01-29T22:00:00+01:00,BE-TSO-0001,21X-BE-A-A0A0A-Y,Fluxys Belgium,ITP-00542,VIP Belgium - NCG,21Z000000000497Z,exit,kWh/h,,,12340435,2022-02-27T02:11:08+01:00,,Confirmed,,,,,True,,,True,PRISMA,,https://platform.prisma-capacity.eu/,,Cross-Border Transmission IP within EU,0,False
1Physical Flowhour2022-01-29 21:00:00 +00:002022-01-29 22:00:00 +00:00BE-TSO-0001ITP-00542exitkWh/h,1,Physical Flow,hour,2022-01-29T22:00:00+01:00,2022-01-29T23:00:00+01:00,BE-TSO-0001,21X-BE-A-A0A0A-Y,Fluxys Belgium,ITP-00542,VIP Belgium - NCG,21Z000000000497Z,exit,kWh/h,,,12218630,2022-02-27T02:11:08+01:00,,Confirmed,,,,,True,,,True,PRISMA,,https://platform.prisma-capacity.eu/,,Cross-Border Transmission IP within EU,0,False
1Physical Flowhour2022-01-29 22:00:00 +00:002022-01-29 23:00:00 +00:00BE-TSO-0001ITP-00542exitkWh/h,1,Physical Flow,hour,2022-01-29T23:00:00+01:00,2022-01-30T00:00:00+01:00,BE-TSO-0001,21X-BE-A-A0A0A-Y,Fluxys Belgium,ITP-00542,VIP Belgium - NCG,21Z000000000497Z,exit,kWh/h,,,12215928,2022-02-27T02:11:08+01:00,,Confirmed,,,,,True,,,True,PRISMA,,https://platform.prisma-capacity.eu/,,Cross-Border Transmission IP within EU,0,False
1Physical Flowhour2022-01-29 23:00:00 +00:002022-01-30 00:00:00 +00:00BE-TSO-0001ITP-00542exitkWh/h,1,Physical Flow,hour,2022-01-30T00:00:00+01:00,2022-01-30T01:00:00+01:00,BE-TSO-0001,21X-BE-A-A0A0A-Y,Fluxys Belgium,ITP-00542,VIP Belgium - NCG,21Z000000000497Z,exit,kWh/h,,,12216410,2022-02-27T02:11:08+01:00,,Confirmed,,,,,True,,,True,PRISMA,,https://platform.prisma-capacity.eu/,,Cross-Border Transmission IP within EU,0,False
1Physical Flowhour2022-01-30 00:00:00 +00:002022-01-30 01:00:00 +00:00BE-TSO-0001ITP-00542exitkWh/h,1,Physical Flow,hour,2022-01-30T01:00:00+01:00,2022-01-30T02:00:00+01:00,BE-TSO-0001,21X-BE-A-A0A0A-Y,Fluxys Belgium,ITP-00542,VIP Belgium - NCG,21Z000000000497Z,exit,kWh/h,,,12216710,2022-02-27T02:11:08+01:00,,Confirmed,,,,,True,,,True,PRISMA,,https://platform.prisma-capacity.eu/,,Cross-Border Transmission IP within EU,0,False
1Physical Flowhour2022-01-30 01:00:00 +00:002022-01-30 02:00:00 +00:00BE-TSO-0001ITP-00542exitkWh/h,1,Physical Flow,hour,2022-01-30T02:00:00+01:00,2022-01-30T03:00:00+01:00,BE-TSO-0001,21X-BE-A-A0A0A-Y,Fluxys Belgium,ITP-00542,VIP Belgium - NCG,21Z000000000497Z,exit,kWh/h,,,12339960,2022-02-27T02:11:08+01:00,,Confirmed,,,,,True,,,True,PRISMA,,https://platform.prisma-capacity.eu/,,Cross-Border Transmission IP within EU,0,False
1Physical Flowhour2022-01-30 02:00:00 +00:002022-01-30 03:00:00 +00:00BE-TSO-0001ITP-00542exitkWh/h,1,Physical Flow,hour,2022-01-30T03:00:00+01:00,2022-01-30T04:00:00+01:00,BE-TSO-0001,21X-BE-A-A0A0A-Y,Fluxys Belgium,ITP-00542,VIP Belgium - NCG,21Z000000000497Z,exit,kWh/h,,,12336704,2022-02-27T02:11:08+01:00,,Confirmed,,,,,True,,,True,PRISMA,,https://platform.prisma-capacity.eu/,,Cross-Border Transmission IP within EU,0,False
1Physical Flowhour2022-01-30 03:00:00 +00:002022-01-30 04:00:00 +00:00BE-TSO-0001ITP-00542exitkWh/h,1,Physical Flow,hour,2022-01-30T04:00:00+01:00,2022-01-30T05:00:00+01:00,BE-TSO-0001,21X-BE-A-A0A0A-Y,Fluxys Belgium,ITP-00542,VIP Belgium - NCG,21Z000000000497Z,exit,kWh/h,,,12801751,2022-02-27T02:11:08+01:00,,Confirmed,,,,,True,,,True,PRISMA,,https://platform.prisma-capacity.eu/,,Cross-Border Transmission IP within EU,0,False
1Physical Flowhour2022-01-30 04:00:00 +00:002022-01-30 05:00:00 +00:00BE-TSO-0001ITP-00542exitkWh/h,1,Physical Flow,hour,2022-01-30T05:00:00+01:00,2022-01-30T06:00:00+01:00,BE-TSO-0001,21X-BE-A-A0A0A-Y,Fluxys Belgium,ITP-00542,VIP Belgium - NCG,21Z000000000497Z,exit,kWh/h,,,11370737,2022-02-27T02:11:08+01:00,,Confirmed,,,,,True,,,True,PRISMA,,https://platform.prisma-capacity.eu/,,Cross-Border Transmission IP within EU,0,False
1Physical Flowhour2022-01-30 05:00:00 +00:002022-01-30 06:00:00 +00:00BE-TSO-0001ITP-00542exitkWh/h,1,Physical Flow,hour,2022-01-30T06:00:00+01:00,2022-01-30T07:00:00+01:00,BE-TSO-0001,21X-BE-A-A0A0A-Y,Fluxys Belgium,ITP-00542,VIP Belgium - NCG,21Z000000000497Z,exit,kWh/h,,,11503511,2022-02-27T02:11:08+01:00,,Confirmed,,,,,True,,,True,PRISMA,,https://platform.prisma-capacity.eu/,,Cross-Border Transmission IP within EU,0,False
1Physical Flowhour2022-01-30 06:00:00 +00:002022-01-30 07:00:00 +00:00BE-TSO-0001ITP-00542exitkWh/h,1,Physical Flow,hour,2022-01-30T07:00:00+01:00,2022-01-30T08:00:00+01:00,BE-TSO-0001,21X-BE-A-A0A0A-Y,Fluxys Belgium,ITP-00542,VIP Belgium - NCG,21Z000000000497Z,exit,kWh/h,,,11916807,2022-02-27T02:11:08+01:00,,Confirmed,,,,,True,,,True,PRISMA,,https://platform.prisma-capacity.eu/,,Cross-Border Transmission IP within EU,0,False
1Physical Flowhour2022-01-30 07:00:00 +00:002022-01-30 08:00:00 +00:00BE-TSO-0001ITP-00542exitkWh/h,1,Physical Flow,hour,2022-01-30T08:00:00+01:00,2022-01-30T09:00:00+01:00,BE-TSO-0001,21X-BE-A-A0A0A-Y,Fluxys Belgium,ITP-00542,VIP Belgium - NCG,21Z000000000497Z,exit,kWh/h,,,11475887,2022-02-27T02:11:08+01:00,,Confirmed,,,,,True,,,True,PRISMA,,https://platform.prisma-capacity.eu/,,Cross-Border Transmission IP within EU,0,False
1Physical Flowhour2022-01-30 08:00:00 +00:002022-01-30 09:00:00 +00:00BE-TSO-0001ITP-00542exitkWh/h,1,Physical Flow,hour,2022-01-30T09:00:00+01:00,2022-01-30T10:00:00+01:00,BE-TSO-0001,21X-BE-A-A0A0A-Y,Fluxys Belgium,ITP-00542,VIP Belgium - NCG,21Z000000000497Z,exit,kWh/h,,,11479953,2022-02-27T02:11:08+01:00,,Confirmed,,,,,True,,,True,PRISMA,,https://platform.prisma-capacity.eu/,,Cross-Border Transmission IP within EU,0,False
1Physical Flowhour2022-01-30 09:00:00 +00:002022-01-30 10:00:00 +00:00BE-TSO-0001ITP-00542exitkWh/h,1,Physical Flow,hour,2022-01-30T10:00:00+01:00,2022-01-30T11:00:00+01:00,BE-TSO-0001,21X-BE-A-A0A0A-Y,Fluxys Belgium,ITP-00542,VIP Belgium - NCG,21Z000000000497Z,exit,kWh/h,,,11480430,2022-02-27T02:11:08+01:00,,Confirmed,,,,,True,,,True,PRISMA,,https://platform.prisma-capacity.eu/,,Cross-Border Transmission IP within EU,0,False
1Physical Flowhour2022-01-30 10:00:00 +00:002022-01-30 11:00:00 +00:00BE-TSO-0001ITP-00542exitkWh/h,1,Physical Flow,hour,2022-01-30T11:00:00+01:00,2022-01-30T12:00:00+01:00,BE-TSO-0001,21X-BE-A-A0A0A-Y,Fluxys Belgium,ITP-00542,VIP Belgium - NCG,21Z000000000497Z,exit,kWh/h,,,11481794,2022-02-27T02:11:08+01:00,,Confirmed,,,,,True,,,True,PRISMA,,https://platform.prisma-capacity.eu/,,Cross-Border Transmission IP within EU,0,False
1Physical Flowhour2022-01-30 11:00:00 +00:002022-01-30 12:00:00 +00:00BE-TSO-0001ITP-00542exitkWh/h,1,Physical Flow,hour,2022-01-30T12:00:00+01:00,2022-01-30T13:00:00+01:00,BE-TSO-0001,21X-BE-A-A0A0A-Y,Fluxys Belgium,ITP-00542,VIP Belgium - NCG,21Z000000000497Z,exit,kWh/h,,,11902643,2022-02-27T02:11:08+01:00,,Confirmed,,,,,True,,,True,PRISMA,,https://platform.prisma-capacity.eu/,,Cross-Border Transmission IP within EU,0,False
1Physical Flowhour2022-01-30 12:00:00 +00:002022-01-30 13:00:00 +00:00BE-TSO-0001ITP-00542exitkWh/h,1,Physical Flow,hour,2022-01-30T13:00:00+01:00,2022-01-30T14:00:00+01:00,BE-TSO-0001,21X-BE-A-A0A0A-Y,Fluxys Belgium,ITP-00542,VIP Belgium - NCG,21Z000000000497Z,exit,kWh/h,,,11875851,2022-02-27T02:11:08+01:00,,Confirmed,,,,,True,,,True,PRISMA,,https://platform.prisma-capacity.eu/,,Cross-Border Transmission IP within EU,0,False
1Physical Flowhour2022-01-30 13:00:00 +00:002022-01-30 14:00:00 +00:00BE-TSO-0001ITP-00542exitkWh/h,1,Physical Flow,hour,2022-01-30T14:00:00+01:00,2022-01-30T15:00:00+01:00,BE-TSO-0001,21X-BE-A-A0A0A-Y,Fluxys Belgium,ITP-00542,VIP Belgium - NCG,21Z000000000497Z,exit,kWh/h,,,12029151,2022-02-27T02:11:08+01:00,,Confirmed,,,,,True,,,True,PRISMA,,https://platform.prisma-capacity.eu/,,Cross-Border Transmission IP within EU,0,False
1Physical Flowhour2022-01-30 14:00:00 +00:002022-01-30 15:00:00 +00:00BE-TSO-0001ITP-00542exitkWh/h,1,Physical Flow,hour,2022-01-30T15:00:00+01:00,2022-01-30T16:00:00+01:00,BE-TSO-0001,21X-BE-A-A0A0A-Y,Fluxys Belgium,ITP-00542,VIP Belgium - NCG,21Z000000000497Z,exit,kWh/h,,,12029359,2022-02-27T02:11:08+01:00,,Confirmed,,,,,True,,,True,PRISMA,,https://platform.prisma-capacity.eu/,,Cross-Border Transmission IP within EU,0,False
1Physical Flowhour2022-01-30 15:00:00 +00:002022-01-30 16:00:00 +00:00BE-TSO-0001ITP-00542exitkWh/h,1,Physical Flow,hour,2022-01-30T16:00:00+01:00,2022-01-30T17:00:00+01:00,BE-TSO-0001,21X-BE-A-A0A0A-Y,Fluxys Belgium,ITP-00542,VIP Belgium - NCG,21Z000000000497Z,exit,kWh/h,,,12026667,2022-02-27T02:11:08+01:00,,Confirmed,,,,,True,,,True,PRISMA,,https://platform.prisma-capacity.eu/,,Cross-Border Transmission IP within EU,0,False
1Physical Flowhour2022-01-30 16:00:00 +00:002022-01-30 17:00:00 +00:00BE-TSO-0001ITP-00542exitkWh/h,1,Physical Flow,hour,2022-01-30T17:00:00+01:00,2022-01-30T18:00:00+01:00,BE-TSO-0001,21X-BE-A-A0A0A-Y,Fluxys Belgium,ITP-00542,VIP Belgium - NCG,21Z000000000497Z,exit,kWh/h,,,12026323,2022-02-27T02:11:08+01:00,,Confirmed,,,,,True,,,True,PRISMA,,https://platform.prisma-capacity.eu/,,Cross-Border Transmission IP within EU,0,False
1Physical Flowhour2022-01-30 17:00:00 +00:002022-01-30 18:00:00 +00:00BE-TSO-0001ITP-00542exitkWh/h,1,Physical Flow,hour,2022-01-30T18:00:00+01:00,2022-01-30T19:00:00+01:00,BE-TSO-0001,21X-BE-A-A0A0A-Y,Fluxys Belgium,ITP-00542,VIP Belgium - NCG,21Z000000000497Z,exit,kWh/h,,,12027245,2022-02-27T02:11:08+01:00,,Confirmed,,,,,True,,,True,PRISMA,,https://platform.prisma-capacity.eu/,,Cross-Border Transmission IP within EU,0,False
1Physical Flowhour2022-01-30 18:00:00 +00:002022-01-30 19:00:00 +00:00BE-TSO-0001ITP-00542exitkWh/h,1,Physical Flow,hour,2022-01-30T19:00:00+01:00,2022-01-30T20:00:00+01:00,BE-TSO-0001,21X-BE-A-A0A0A-Y,Fluxys Belgium,ITP-00542,VIP Belgium - NCG,21Z000000000497Z,exit,kWh/h,,,12028623,2022-02-27T02:11:08+01:00,,Confirmed,,,,,True,,,True,PRISMA,,https://platform.prisma-capacity.eu/,,Cross-Border Transmission IP within EU,0,False
1Physical Flowhour2022-01-30 19:00:00 +00:002022-01-30 20:00:00 +00:00BE-TSO-0001ITP-00542exitkWh/h,1,Physical Flow,hour,2022-01-30T20:00:00+01:00,2022-01-30T21:00:00+01:00,BE-TSO-0001,21X-BE-A-A0A0A-Y,Fluxys Belgium,ITP-00542,VIP Belgium - NCG,21Z000000000497Z,exit,kWh/h,,,12024170,2022-02-27T02:11:08+01:00,,Confirmed,,,,,True,,,True,PRISMA,,https://platform.prisma-capacity.eu/,,Cross-Border Transmission IP within EU,0,False
1Physical Flowhour2022-01-30 20:00:00 +00:002022-01-30 21:00:00 +00:00BE-TSO-0001ITP-00542exitkWh/h,1,Physical Flow,hour,2022-01-30T21:00:00+01:00,2022-01-30T22:00:00+01:00,BE-TSO-0001,21X-BE-A-A0A0A-Y,Fluxys Belgium,ITP-00542,VIP Belgium - NCG,21Z000000000497Z,exit,kWh/h,,,12027430,2022-02-27T02:11:08+01:00,,Confirmed,,,,,True,,,True,PRISMA,,https://platform.prisma-capacity.eu/,,Cross-Border Transmission IP within EU,0,False
1Physical Flowhour2022-01-30 21:00:00 +00:002022-01-30 22:00:00 +00:00BE-TSO-0001ITP-00542exitkWh/h,1,Physical Flow,hour,2022-01-30T22:00:00+01:00,2022-01-30T23:00:00+01:00,BE-TSO-0001,21X-BE-A-A0A0A-Y,Fluxys Belgium,ITP-00542,VIP Belgium - NCG,21Z000000000497Z,exit,kWh/h,,,12026050,2022-02-27T02:11:08+01:00,,Confirmed,,,,,True,,,True,PRISMA,,https://platform.prisma-capacity.eu/,,Cross-Border Transmission IP within EU,0,False
1Physical Flowhour2022-01-30 22:00:00 +00:002022-01-30 23:00:00 +00:00BE-TSO-0001ITP-00542exitkWh/h,1,Physical Flow,hour,2022-01-30T23:00:00+01:00,2022-01-31T00:00:00+01:00,BE-TSO-0001,21X-BE-A-A0A0A-Y,Fluxys Belgium,ITP-00542,VIP Belgium - NCG,21Z000000000497Z,exit,kWh/h,,,12027004,2022-02-27T02:11:08+01:00,,Confirmed,,,,,True,,,True,PRISMA,,https://platform.prisma-capacity.eu/,,Cross-Border Transmission IP within EU,0,False
1Physical Flowhour2022-01-30 23:00:00 +00:002022-01-31 00:00:00 +00:00BE-TSO-0001ITP-00542exitkWh/h,1,Physical Flow,hour,2022-01-31T00:00:00+01:00,2022-01-31T01:00:00+01:00,BE-TSO-0001,21X-BE-A-A0A0A-Y,Fluxys Belgium,ITP-00542,VIP Belgium - NCG,21Z000000000497Z,exit,kWh/h,,,12023508,2022-02-27T02:11:08+01:00,,Confirmed,,,,,True,,,True,PRISMA,,https://platform.prisma-capacity.eu/,,Cross-Border Transmission IP within EU,0,False
1Physical Flowhour2022-01-31 00:00:00 +00:002022-01-31 01:00:00 +00:00BE-TSO-0001ITP-00542exitkWh/h,1,Physical Flow,hour,2022-01-31T01:00:00+01:00,2022-01-31T02:00:00+01:00,BE-TSO-0001,21X-BE-A-A0A0A-Y,Fluxys Belgium,ITP-00542,VIP Belgium - NCG,21Z000000000497Z,exit,kWh/h,,,12026705,2022-02-27T02:11:08+01:00,,Confirmed,,,,,True,,,True,PRISMA,,https://platform.prisma-capacity.eu/,,Cross-Border Transmission IP within EU,0,False
1Physical Flowhour2022-01-31 01:00:00 +00:002022-01-31 02:00:00 +00:00BE-TSO-0001ITP-00542exitkWh/h,1,Physical Flow,hour,2022-01-31T02:00:00+01:00,2022-01-31T03:00:00+01:00,BE-TSO-0001,21X-BE-A-A0A0A-Y,Fluxys Belgium,ITP-00542,VIP Belgium - NCG,21Z000000000497Z,exit,kWh/h,,,12021285,2022-02-27T02:11:08+01:00,,Confirmed,,,,,True,,,True,PRISMA,,https://platform.prisma-capacity.eu/,,Cross-Border Transmission IP within EU,0,False
1Physical Flowhour2022-01-31 02:00:00 +00:002022-01-31 03:00:00 +00:00BE-TSO-0001ITP-00542exitkWh/h,1,Physical Flow,hour,2022-01-31T03:00:00+01:00,2022-01-31T04:00:00+01:00,BE-TSO-0001,21X-BE-A-A0A0A-Y,Fluxys Belgium,ITP-00542,VIP Belgium - NCG,21Z000000000497Z,exit,kWh/h,,,12023921,2022-02-27T02:11:08+01:00,,Confirmed,,,,,True,,,True,PRISMA,,https://platform.prisma-capacity.eu/,,Cross-Border Transmission IP within EU,0,False
1Physical Flowhour2022-01-31 03:00:00 +00:002022-01-31 04:00:00 +00:00BE-TSO-0001ITP-00542exitkWh/h,1,Physical Flow,hour,2022-01-31T04:00:00+01:00,2022-01-31T05:00:00+01:00,BE-TSO-0001,21X-BE-A-A0A0A-Y,Fluxys Belgium,ITP-00542,VIP Belgium - NCG,21Z000000000497Z,exit,kWh/h,,,11923574,2022-02-27T02:11:08+01:00,,Confirmed,,,,,True,,,True,PRISMA,,https://platform.prisma-capacity.eu/,,Cross-Border Transmission IP within EU,0,False
1Physical Flowhour2022-01-31 04:00:00 +00:002022-01-31 05:00:00 +00:00BE-TSO-0001ITP-00542exitkWh/h,1,Physical Flow,hour,2022-01-31T05:00:00+01:00,2022-01-31T06:00:00+01:00,BE-TSO-0001,21X-BE-A-A0A0A-Y,Fluxys Belgium,ITP-00542,VIP Belgium - NCG,21Z000000000497Z,exit,kWh/h,,,11816122,2022-02-27T02:11:08+01:00,,Confirmed,,,,,True,,,True,PRISMA,,https://platform.prisma-capacity.eu/,,Cross-Border Transmission IP within EU,0,False
1Physical Flowhour2022-01-31 05:00:00 +00:002022-01-31 06:00:00 +00:00BE-TSO-0001ITP-00542exitkWh/h,1,Physical Flow,hour,2022-01-31T06:00:00+01:00,2022-01-31T07:00:00+01:00,BE-TSO-0001,21X-BE-A-A0A0A-Y,Fluxys Belgium,ITP-00542,VIP Belgium - NCG,21Z000000000497Z,exit,kWh/h,,,9673253,2022-02-27T02:11:08+01:00,,Confirmed,,,,,True,,,True,PRISMA,,https://platform.prisma-capacity.eu/,,Cross-Border Transmission IP within EU,0,False
1Physical Flowhour2022-01-31 06:00:00 +00:002022-01-31 07:00:00 +00:00BE-TSO-0001ITP-00542exitkWh/h,1,Physical Flow,hour,2022-01-31T07:00:00+01:00,2022-01-31T08:00:00+01:00,BE-TSO-0001,21X-BE-A-A0A0A-Y,Fluxys Belgium,ITP-00542,VIP Belgium - NCG,21Z000000000497Z,exit,kWh/h,,,9690233,2022-02-27T02:11:08+01:00,,Confirmed,,,,,True,,,True,PRISMA,,https://platform.prisma-capacity.eu/,,Cross-Border Transmission IP within EU,0,False
1Physical Flowhour2022-01-31 07:00:00 +00:002022-01-31 08:00:00 +00:00BE-TSO-0001ITP-00542exitkWh/h,1,Physical Flow,hour,2022-01-31T08:00:00+01:00,2022-01-31T09:00:00+01:00,BE-TSO-0001,21X-BE-A-A0A0A-Y,Fluxys Belgium,ITP-00542,VIP Belgium - NCG,21Z000000000497Z,exit,kWh/h,,,9685146,2022-02-27T02:11:08+01:00,,Confirmed,,,,,True,,,True,PRISMA,,https://platform.prisma-capacity.eu/,,Cross-Border Transmission IP within EU,0,False
1Physical Flowhour2022-01-31 08:00:00 +00:002022-01-31 09:00:00 +00:00BE-TSO-0001ITP-00542exitkWh/h,1,Physical Flow,hour,2022-01-31T09:00:00+01:00,2022-01-31T10:00:00+01:00,BE-TSO-0001,21X-BE-A-A0A0A-Y,Fluxys Belgium,ITP-00542,VIP Belgium - NCG,21Z000000000497Z,exit,kWh/h,,,10691977,2022-02-27T02:11:08+01:00,,Confirmed,,,,,True,,,True,PRISMA,,https://platform.prisma-capacity.eu/,,Cross-Border Transmission IP within EU,0,False
1Physical Flowhour2022-01-31 09:00:00 +00:002022-01-31 10:00:00 +00:00BE-TSO-0001ITP-00542exitkWh/h,1,Physical Flow,hour,2022-01-31T10:00:00+01:00,2022-01-31T11:00:00+01:00,BE-TSO-0001,21X-BE-A-A0A0A-Y,Fluxys Belgium,ITP-00542,VIP Belgium - NCG,21Z000000000497Z,exit,kWh/h,,,10687638,2022-02-27T02:11:08+01:00,,Confirmed,,,,,True,,,True,PRISMA,,https://platform.prisma-capacity.eu/,,Cross-Border Transmission IP within EU,0,False
1Physical Flowhour2022-01-31 10:00:00 +00:002022-01-31 11:00:00 +00:00BE-TSO-0001ITP-00542exitkWh/h,1,Physical Flow,hour,2022-01-31T11:00:00+01:00,2022-01-31T12:00:00+01:00,BE-TSO-0001,21X-BE-A-A0A0A-Y,Fluxys Belgium,ITP-00542,VIP Belgium - NCG,21Z000000000497Z,exit,kWh/h,,,11020893,2022-02-27T02:11:08+01:00,,Confirmed,,,,,True,,,True,PRISMA,,https://platform.prisma-capacity.eu/,,Cross-Border Transmission IP within EU,0,False
1Physical Flowhour2022-01-31 11:00:00 +00:002022-01-31 12:00:00 +00:00BE-TSO-0001ITP-00542exitkWh/h,1,Physical Flow,hour,2022-01-31T12:00:00+01:00,2022-01-31T13:00:00+01:00,BE-TSO-0001,21X-BE-A-A0A0A-Y,Fluxys Belgium,ITP-00542,VIP Belgium - NCG,21Z000000000497Z,exit,kWh/h,,,11017492,2022-02-27T02:11:08+01:00,,Confirmed,,,,,True,,,True,PRISMA,,https://platform.prisma-capacity.eu/,,Cross-Border Transmission IP within EU,0,False
1Physical Flowhour2022-01-31 12:00:00 +00:002022-01-31 13:00:00 +00:00BE-TSO-0001ITP-00542exitkWh/h,1,Physical Flow,hour,2022-01-31T13:00:00+01:00,2022-01-31T14:00:00+01:00,BE-TSO-0001,21X-BE-A-A0A0A-Y,Fluxys Belgium,ITP-00542,VIP Belgium - NCG,21Z000000000497Z,exit,kWh/h,,,11019892,2022-02-27T02:11:08+01:00,,Confirmed,,,,,True,,,True,PRISMA,,https://platform.prisma-capacity.eu/,,Cross-Border Transmission IP within EU,0,False
1Physical Flowhour2022-01-31 13:00:00 +00:002022-01-31 14:00:00 +00:00BE-TSO-0001ITP-00542exitkWh/h,1,Physical Flow,hour,2022-01-31T14:00:00+01:00,2022-01-31T15:00:00+01:00,BE-TSO-0001,21X-BE-A-A0A0A-Y,Fluxys Belgium,ITP-00542,VIP Belgium - NCG,21Z000000000497Z,exit,kWh/h,,,11178158,2022-02-27T02:11:08+01:00,,Confirmed,,,,,True,,,True,PRISMA,,https://platform.prisma-capacity.eu/,,Cross-Border Transmission IP within EU,0,False
1Physical Flowhour2022-01-31 14:00:00 +00:002022-01-31 15:00:00 +00:00BE-TSO-0001ITP-00542exitkWh/h,1,Physical Flow,hour,2022-01-31T15:00:00+01:00,2022-01-31T16:00:00+01:00,BE-TSO-0001,21X-BE-A-A0A0A-Y,Fluxys Belgium,ITP-00542,VIP Belgium - NCG,21Z000000000497Z,exit,kWh/h,,,10862103,2022-02-27T02:11:08+01:00,,Confirmed,,,,,True,,,True,PRISMA,,https://platform.prisma-capacity.eu/,,Cross-Border Transmission IP within EU,0,False
1Physical Flowhour2022-01-31 15:00:00 +00:002022-01-31 16:00:00 +00:00BE-TSO-0001ITP-00542exitkWh/h,1,Physical Flow,hour,2022-01-31T16:00:00+01:00,2022-01-31T17:00:00+01:00,BE-TSO-0001,21X-BE-A-A0A0A-Y,Fluxys Belgium,ITP-00542,VIP Belgium - NCG,21Z000000000497Z,exit,kWh/h,,,11324332,2022-02-27T02:11:08+01:00,,Confirmed,,,,,True,,,True,PRISMA,,https://platform.prisma-capacity.eu/,,Cross-Border Transmission IP within EU,0,False
1Physical Flowhour2022-01-31 16:00:00 +00:002022-01-31 17:00:00 +00:00BE-TSO-0001ITP-00542exitkWh/h,1,Physical Flow,hour,2022-01-31T17:00:00+01:00,2022-01-31T18:00:00+01:00,BE-TSO-0001,21X-BE-A-A0A0A-Y,Fluxys Belgium,ITP-00542,VIP Belgium - NCG,21Z000000000497Z,exit,kWh/h,,,11633110,2022-02-27T02:11:08+01:00,,Confirmed,,,,,True,,,True,PRISMA,,https://platform.prisma-capacity.eu/,,Cross-Border Transmission IP within EU,0,False
1Physical Flowhour2022-01-31 17:00:00 +00:002022-01-31 18:00:00 +00:00BE-TSO-0001ITP-00542exitkWh/h,1,Physical Flow,hour,2022-01-31T18:00:00+01:00,2022-01-31T19:00:00+01:00,BE-TSO-0001,21X-BE-A-A0A0A-Y,Fluxys Belgium,ITP-00542,VIP Belgium - NCG,21Z000000000497Z,exit,kWh/h,,,11710124,2022-02-27T02:11:08+01:00,,Confirmed,,,,,True,,,True,PRISMA,,https://platform.prisma-capacity.eu/,,Cross-Border Transmission IP within EU,0,False
1Physical Flowhour2022-01-31 18:00:00 +00:002022-01-31 19:00:00 +00:00BE-TSO-0001ITP-00542exitkWh/h,1,Physical Flow,hour,2022-01-31T19:00:00+01:00,2022-01-31T20:00:00+01:00,BE-TSO-0001,21X-BE-A-A0A0A-Y,Fluxys Belgium,ITP-00542,VIP Belgium - NCG,21Z000000000497Z,exit,kWh/h,,,11745902,2022-02-27T02:11:08+01:00,,Confirmed,,,,,True,,,True,PRISMA,,https://platform.prisma-capacity.eu/,,Cross-Border Transmission IP within EU,0,False
1Physical Flowhour2022-01-31 19:00:00 +00:002022-01-31 20:00:00 +00:00BE-TSO-0001ITP-00542exitkWh/h,1,Physical Flow,hour,2022-01-31T20:00:00+01:00,2022-01-31T21:00:00+01:00,BE-TSO-0001,21X-BE-A-A0A0A-Y,Fluxys Belgium,ITP-00542,VIP Belgium - NCG,21Z000000000497Z,exit,kWh/h,,,11901642,2022-02-27T02:11:08+01:00,,Confirmed,,,,,True,,,True,PRISMA,,https://platform.prisma-capacity.eu/,,Cross-Border Transmission IP within EU,0,False
1Physical Flowhour2022-01-31 20:00:00 +00:002022-01-31 21:00:00 +00:00BE-TSO-0001ITP-00542exitkWh/h,1,Physical Flow,hour,2022-01-31T21:00:00+01:00,2022-01-31T22:00:00+01:00,BE-TSO-0001,21X-BE-A-A0A0A-Y,Fluxys Belgium,ITP-00542,VIP Belgium - NCG,21Z000000000497Z,exit,kWh/h,,,11999644,2022-02-27T02:11:08+01:00,,Confirmed,,,,,True,,,True,PRISMA,,https://platform.prisma-capacity.eu/,,Cross-Border Transmission IP within EU,0,False
1Physical Flowhour2022-01-31 21:00:00 +00:002022-01-31 22:00:00 +00:00BE-TSO-0001ITP-00542exitkWh/h,1,Physical Flow,hour,2022-01-31T22:00:00+01:00,2022-01-31T23:00:00+01:00,BE-TSO-0001,21X-BE-A-A0A0A-Y,Fluxys Belgium,ITP-00542,VIP Belgium - NCG,21Z000000000497Z,exit,kWh/h,,,12021109,2022-02-27T02:11:08+01:00,,Confirmed,,,,,True,,,True,PRISMA,,https://platform.prisma-capacity.eu/,,Cross-Border Transmission IP within EU,0,False
1Physical Flowhour2022-01-31 22:00:00 +00:002022-01-31 23:00:00 +00:00BE-TSO-0001ITP-00542exitkWh/h,1,Physical Flow,hour,2022-01-31T23:00:00+01:00,2022-02-01T00:00:00+01:00,BE-TSO-0001,21X-BE-A-A0A0A-Y,Fluxys Belgium,ITP-00542,VIP Belgium - NCG,21Z000000000497Z,exit,kWh/h,,,11988585,2022-02-27T02:11:08+01:00,,Confirmed,,,,,True,,,True,PRISMA,,https://platform.prisma-capacity.eu/,,Cross-Border Transmission IP within EU,0,False
1Physical Flowhour2022-01-31 23:00:00 +00:002022-02-01 00:00:00 +00:00BE-TSO-0001ITP-00542exitkWh/h,1,Physical Flow,hour,2022-02-01T00:00:00+01:00,2022-02-01T01:00:00+01:00,BE-TSO-0001,21X-BE-A-A0A0A-Y,Fluxys Belgium,ITP-00542,VIP Belgium - NCG,21Z000000000497Z,exit,kWh/h,,,11978485,2022-02-27T02:11:08+01:00,,Confirmed,,,,,True,,,True,PRISMA,,https://platform.prisma-capacity.eu/,,Cross-Border Transmission IP within EU,0,False
1Physical Flowhour2022-02-01 00:00:00 +00:002022-02-01 01:00:00 +00:00BE-TSO-0001ITP-00542exitkWh/h,1,Physical Flow,hour,2022-02-01T01:00:00+01:00,2022-02-01T02:00:00+01:00,BE-TSO-0001,21X-BE-A-A0A0A-Y,Fluxys Belgium,ITP-00542,VIP Belgium - NCG,21Z000000000497Z,exit,kWh/h,,,11991891,2022-02-27T02:11:08+01:00,,Confirmed,,,,,True,,,True,PRISMA,,https://platform.prisma-capacity.eu/,,Cross-Border Transmission IP within EU,0,False
1Physical Flowhour2022-02-01 01:00:00 +00:002022-02-01 02:00:00 +00:00BE-TSO-0001ITP-00542exitkWh/h,1,Physical Flow,hour,2022-02-01T02:00:00+01:00,2022-02-01T03:00:00+01:00,BE-TSO-0001,21X-BE-A-A0A0A-Y,Fluxys Belgium,ITP-00542,VIP Belgium - NCG,21Z000000000497Z,exit,kWh/h,,,11993610,2022-02-27T02:11:08+01:00,,Confirmed,,,,,True,,,True,PRISMA,,https://platform.prisma-capacity.eu/,,Cross-Border Transmission IP within EU,0,False
1Physical Flowhour2022-02-01 02:00:00 +00:002022-02-01 03:00:00 +00:00BE-TSO-0001ITP-00542exitkWh/h,1,Physical Flow,hour,2022-02-01T03:00:00+01:00,2022-02-01T04:00:00+01:00,BE-TSO-0001,21X-BE-A-A0A0A-Y,Fluxys Belgium,ITP-00542,VIP Belgium - NCG,21Z000000000497Z,exit,kWh/h,,,11995950,2022-02-27T02:11:08+01:00,,Confirmed,,,,,True,,,True,PRISMA,,https://platform.prisma-capacity.eu/,,Cross-Border Transmission IP within EU,0,False
1Physical Flowhour2022-02-01 03:00:00 +00:002022-02-01 04:00:00 +00:00BE-TSO-0001ITP-00542exitkWh/h,1,Physical Flow,hour,2022-02-01T04:00:00+01:00,2022-02-01T05:00:00+01:00,BE-TSO-0001,21X-BE-A-A0A0A-Y,Fluxys Belgium,ITP-00542,VIP Belgium - NCG,21Z000000000497Z,exit,kWh/h,,,11994636,2022-02-27T02:11:08+01:00,,Confirmed,,,,,True,,,True,PRISMA,,https://platform.prisma-capacity.eu/,,Cross-Border Transmission IP within EU,0,False
1Physical Flowhour2022-02-01 04:00:00 +00:002022-02-01 05:00:00 +00:00BE-TSO-0001ITP-00542exitkWh/h,1,Physical Flow,hour,2022-02-01T05:00:00+01:00,2022-02-01T06:00:00+01:00,BE-TSO-0001,21X-BE-A-A0A0A-Y,Fluxys Belgium,ITP-00542,VIP Belgium - NCG,21Z000000000497Z,exit,kWh/h,,,11990252,2022-02-27T02:11:08+01:00,,Confirmed,,,,,True,,,True,PRISMA,,https://platform.prisma-capacity.eu/,,Cross-Border Transmission IP within EU,0,False
1Physical Flowhour2022-02-01 05:00:00 +00:002022-02-01 06:00:00 +00:00BE-TSO-0001ITP-00542exitkWh/h,1,Physical Flow,hour,2022-02-01T06:00:00+01:00,2022-02-01T07:00:00+01:00,BE-TSO-0001,21X-BE-A-A0A0A-Y,Fluxys Belgium,ITP-00542,VIP Belgium - NCG,21Z000000000497Z,exit,kWh/h,,,10749417,2022-03-20T02:03:09+01:00,,Confirmed,,,,,True,,,True,PRISMA,,https://platform.prisma-capacity.eu/,,Cross-Border Transmission IP within EU,0,False
1Physical Flowhour2022-02-01 06:00:00 +00:002022-02-01 07:00:00 +00:00BE-TSO-0001ITP-00542exitkWh/h,1,Physical Flow,hour,2022-02-01T07:00:00+01:00,2022-02-01T08:00:00+01:00,BE-TSO-0001,21X-BE-A-A0A0A-Y,Fluxys Belgium,ITP-00542,VIP Belgium - NCG,21Z000000000497Z,exit,kWh/h,,,10690735,2022-03-20T02:03:09+01:00,,Confirmed,,,,,True,,,True,PRISMA,,https://platform.prisma-capacity.eu/,,Cross-Border Transmission IP within EU,0,False
1Physical Flowhour2022-02-01 07:00:00 +00:002022-02-01 08:00:00 +00:00BE-TSO-0001ITP-00542exitkWh/h,1,Physical Flow,hour,2022-02-01T08:00:00+01:00,2022-02-01T09:00:00+01:00,BE-TSO-0001,21X-BE-A-A0A0A-Y,Fluxys Belgium,ITP-00542,VIP Belgium - NCG,21Z000000000497Z,exit,kWh/h,,,10560568,2022-03-20T02:03:09+01:00,,Confirmed,,,,,True,,,True,PRISMA,,https://platform.prisma-capacity.eu/,,Cross-Border Transmission IP within EU,0,False
1Physical Flowhour2022-02-01 08:00:00 +00:002022-02-01 09:00:00 +00:00BE-TSO-0001ITP-00542exitkWh/h,1,Physical Flow,hour,2022-02-01T09:00:00+01:00,2022-02-01T10:00:00+01:00,BE-TSO-0001,21X-BE-A-A0A0A-Y,Fluxys Belgium,ITP-00542,VIP Belgium - NCG,21Z000000000497Z,exit,kWh/h,,,10836818,2022-03-20T02:03:09+01:00,,Confirmed,,,,,True,,,True,PRISMA,,https://platform.prisma-capacity.eu/,,Cross-Border Transmission IP within EU,0,False
1Physical Flowhour2022-02-01 09:00:00 +00:002022-02-01 10:00:00 +00:00BE-TSO-0001ITP-00542exitkWh/h,1,Physical Flow,hour,2022-02-01T10:00:00+01:00,2022-02-01T11:00:00+01:00,BE-TSO-0001,21X-BE-A-A0A0A-Y,Fluxys Belgium,ITP-00542,VIP Belgium - NCG,21Z000000000497Z,exit,kWh/h,,,11511077,2022-03-20T02:03:09+01:00,,Confirmed,,,,,True,,,True,PRISMA,,https://platform.prisma-capacity.eu/,,Cross-Border Transmission IP within EU,0,False
1Physical Flowhour2022-02-01 10:00:00 +00:002022-02-01 11:00:00 +00:00BE-TSO-0001ITP-00542exitkWh/h,1,Physical Flow,hour,2022-02-01T11:00:00+01:00,2022-02-01T12:00:00+01:00,BE-TSO-0001,21X-BE-A-A0A0A-Y,Fluxys Belgium,ITP-00542,VIP Belgium - NCG,21Z000000000497Z,exit,kWh/h,,,11546885,2022-03-20T02:03:09+01:00,,Confirmed,,,,,True,,,True,PRISMA,,https://platform.prisma-capacity.eu/,,Cross-Border Transmission IP within EU,0,False
1Physical Flowhour2022-02-01 11:00:00 +00:002022-02-01 12:00:00 +00:00BE-TSO-0001ITP-00542exitkWh/h,1,Physical Flow,hour,2022-02-01T12:00:00+01:00,2022-02-01T13:00:00+01:00,BE-TSO-0001,21X-BE-A-A0A0A-Y,Fluxys Belgium,ITP-00542,VIP Belgium - NCG,21Z000000000497Z,exit,kWh/h,,,11581894,2022-03-20T02:03:09+01:00,,Confirmed,,,,,True,,,True,PRISMA,,https://platform.prisma-capacity.eu/,,Cross-Border Transmission IP within EU,0,False
1Physical Flowhour2022-02-01 12:00:00 +00:002022-02-01 13:00:00 +00:00BE-TSO-0001ITP-00542exitkWh/h,1,Physical Flow,hour,2022-02-01T13:00:00+01:00,2022-02-01T14:00:00+01:00,BE-TSO-0001,21X-BE-A-A0A0A-Y,Fluxys Belgium,ITP-00542,VIP Belgium - NCG,21Z000000000497Z,exit,kWh/h,,,12065095,2022-03-20T02:03:09+01:00,,Confirmed,,,,,True,,,True,PRISMA,,https://platform.prisma-capacity.eu/,,Cross-Border Transmission IP within EU,0,False
1Physical Flowhour2022-02-01 13:00:00 +00:002022-02-01 14:00:00 +00:00BE-TSO-0001ITP-00542exitkWh/h,1,Physical Flow,hour,2022-02-01T14:00:00+01:00,2022-02-01T15:00:00+01:00,BE-TSO-0001,21X-BE-A-A0A0A-Y,Fluxys Belgium,ITP-00542,VIP Belgium - NCG,21Z000000000497Z,exit,kWh/h,,,12130058,2022-03-20T02:03:09+01:00,,Confirmed,,,,,True,,,True,PRISMA,,https://platform.prisma-capacity.eu/,,Cross-Border Transmission IP within EU,0,False
1Physical Flowhour2022-02-01 14:00:00 +00:002022-02-01 15:00:00 +00:00BE-TSO-0001ITP-00542exitkWh/h,1,Physical Flow,hour,2022-02-01T15:00:00+01:00,2022-02-01T16:00:00+01:00,BE-TSO-0001,21X-BE-A-A0A0A-Y,Fluxys Belgium,ITP-00542,VIP Belgium - NCG,21Z000000000497Z,exit,kWh/h,,,12195990,2022-03-20T02:03:09+01:00,,Confirmed,,,,,True,,,True,PRISMA,,https://platform.prisma-capacity.eu/,,Cross-Border Transmission IP within EU,0,False
1Physical Flowhour2022-02-01 15:00:00 +00:002022-02-01 16:00:00 +00:00BE-TSO-0001ITP-00542exitkWh/h,1,Physical Flow,hour,2022-02-01T16:00:00+01:00,2022-02-01T17:00:00+01:00,BE-TSO-0001,21X-BE-A-A0A0A-Y,Fluxys Belgium,ITP-00542,VIP Belgium - NCG,21Z000000000497Z,exit,kWh/h,,,12179625,2022-03-20T02:03:09+01:00,,Confirmed,,,,,True,,,True,PRISMA,,https://platform.prisma-capacity.eu/,,Cross-Border Transmission IP within EU,0,False
1Physical Flowhour2022-02-01 16:00:00 +00:002022-02-01 17:00:00 +00:00BE-TSO-0001ITP-00542exitkWh/h,1,Physical Flow,hour,2022-02-01T17:00:00+01:00,2022-02-01T18:00:00+01:00,BE-TSO-0001,21X-BE-A-A0A0A-Y,Fluxys Belgium,ITP-00542,VIP Belgium - NCG,21Z000000000497Z,exit,kWh/h,,,12199534,2022-03-20T02:03:09+01:00,,Confirmed,,,,,True,,,True,PRISMA,,https://platform.prisma-capacity.eu/,,Cross-Border Transmission IP within EU,0,False
1Physical Flowhour2022-02-01 17:00:00 +00:002022-02-01 18:00:00 +00:00BE-TSO-0001ITP-00542exitkWh/h,1,Physical Flow,hour,2022-02-01T18:00:00+01:00,2022-02-01T19:00:00+01:00,BE-TSO-0001,21X-BE-A-A0A0A-Y,Fluxys Belgium,ITP-00542,VIP Belgium - NCG,21Z000000000497Z,exit,kWh/h,,,12197649,2022-03-20T02:03:09+01:00,,Confirmed,,,,,True,,,True,PRISMA,,https://platform.prisma-capacity.eu/,,Cross-Border Transmission IP within EU,0,False
1Physical Flowhour2022-02-01 18:00:00 +00:002022-02-01 19:00:00 +00:00BE-TSO-0001ITP-00542exitkWh/h,1,Physical Flow,hour,2022-02-01T19:00:00+01:00,2022-02-01T20:00:00+01:00,BE-TSO-0001,21X-BE-A-A0A0A-Y,Fluxys Belgium,ITP-00542,VIP Belgium - NCG,21Z000000000497Z,exit,kWh/h,,,12193838,2022-03-20T02:03:09+01:00,,Confirmed,,,,,True,,,True,PRISMA,,https://platform.prisma-capacity.eu/,,Cross-Border Transmission IP within EU,0,False
1Physical Flowhour2022-02-01 19:00:00 +00:002022-02-01 20:00:00 +00:00BE-TSO-0001ITP-00542exitkWh/h,1,Physical Flow,hour,2022-02-01T20:00:00+01:00,2022-02-01T21:00:00+01:00,BE-TSO-0001,21X-BE-A-A0A0A-Y,Fluxys Belgium,ITP-00542,VIP Belgium - NCG,21Z000000000497Z,exit,kWh/h,,,12200009,2022-03-20T02:03:09+01:00,,Confirmed,,,,,True,,,True,PRISMA,,https://platform.prisma-capacity.eu/,,Cross-Border Transmission IP within EU,0,False
1Physical Flowhour2022-02-01 20:00:00 +00:002022-02-01 21:00:00 +00:00BE-TSO-0001ITP-00542exitkWh/h,1,Physical Flow,hour,2022-02-01T21:00:00+01:00,2022-02-01T22:00:00+01:00,BE-TSO-0001,21X-BE-A-A0A0A-Y,Fluxys Belgium,ITP-00542,VIP Belgium - NCG,21Z000000000497Z,exit,kWh/h,,,12198706,2022-03-20T02:03:09+01:00,,Confirmed,,,,,True,,,True,PRISMA,,https://platform.prisma-capacity.eu/,,Cross-Border Transmission IP within EU,0,False
1Physical Flowhour2022-02-01 21:00:00 +00:002022-02-01 22:00:00 +00:00BE-TSO-0001ITP-00542exitkWh/h,1,Physical Flow,hour,2022-02-01T22:00:00+01:00,2022-02-01T23:00:00+01:00,BE-TSO-0001,21X-BE-A-A0A0A-Y,Fluxys Belgium,ITP-00542,VIP Belgium - NCG,21Z000000000497Z,exit,kWh/h,,,12197071,2022-03-20T02:03:09+01:00,,Confirmed,,,,,True,,,True,PRISMA,,https://platform.prisma-capacity.eu/,,Cross-Border Transmission IP within EU,0,False
1Physical Flowhour2022-02-01 22:00:00 +00:002022-02-01 23:00:00 +00:00BE-TSO-0001ITP-00542exitkWh/h,1,Physical Flow,hour,2022-02-01T23:00:00+01:00,2022-02-02T00:00:00+01:00,BE-TSO-0001,21X-BE-A-A0A0A-Y,Fluxys Belgium,ITP-00542,VIP Belgium - NCG,21Z000000000497Z,exit,kWh/h,,,12198300,2022-03-20T02:03:09+01:00,,Confirmed,,,,,True,,,True,PRISMA,,https://platform.prisma-capacity.eu/,,Cross-Border Transmission IP within EU,0,False
1Physical Flowhour2022-02-01 23:00:00 +00:002022-02-02 00:00:00 +00:00BE-TSO-0001ITP-00542exitkWh/h,1,Physical Flow,hour,2022-02-02T00:00:00+01:00,2022-02-02T01:00:00+01:00,BE-TSO-0001,21X-BE-A-A0A0A-Y,Fluxys Belgium,ITP-00542,VIP Belgium - NCG,21Z000000000497Z,exit,kWh/h,,,12198905,2022-03-20T02:03:09+01:00,,Confirmed,,,,,True,,,True,PRISMA,,https://platform.prisma-capacity.eu/,,Cross-Border Transmission IP within EU,0,False
1Physical Flowhour2022-02-02 00:00:00 +00:002022-02-02 01:00:00 +00:00BE-TSO-0001ITP-00542exitkWh/h,1,Physical Flow,hour,2022-02-02T01:00:00+01:00,2022-02-02T02:00:00+01:00,BE-TSO-0001,21X-BE-A-A0A0A-Y,Fluxys Belgium,ITP-00542,VIP Belgium - NCG,21Z000000000497Z,exit,kWh/h,,,12199950,2022-03-20T02:03:09+01:00,,Confirmed,,,,,True,,,True,PRISMA,,https://platform.prisma-capacity.eu/,,Cross-Border Transmission IP within EU,0,False
1Physical Flowhour2022-02-02 01:00:00 +00:002022-02-02 02:00:00 +00:00BE-TSO-0001ITP-00542exitkWh/h,1,Physical Flow,hour,2022-02-02T02:00:00+01:00,2022-02-02T03:00:00+01:00,BE-TSO-0001,21X-BE-A-A0A0A-Y,Fluxys Belgium,ITP-00542,VIP Belgium - NCG,21Z000000000497Z,exit,kWh/h,,,12197181,2022-03-20T02:03:09+01:00,,Confirmed,,,,,True,,,True,PRISMA,,https://platform.prisma-capacity.eu/,,Cross-Border Transmission IP within EU,0,False
1Physical Flowhour2022-02-02 02:00:00 +00:002022-02-02 03:00:00 +00:00BE-TSO-0001ITP-00542exitkWh/h,1,Physical Flow,hour,2022-02-02T03:00:00+01:00,2022-02-02T04:00:00+01:00,BE-TSO-0001,21X-BE-A-A0A0A-Y,Fluxys Belgium,ITP-00542,VIP Belgium - NCG,21Z000000000497Z,exit,kWh/h,,,12298005,2022-03-20T02:03:09+01:00,,Confirmed,,,,,True,,,True,PRISMA,,https://platform.prisma-capacity.eu/,,Cross-Border Transmission IP within EU,0,False
1Physical Flowhour2022-02-02 03:00:00 +00:002022-02-02 04:00:00 +00:00BE-TSO-0001ITP-00542exitkWh/h,1,Physical Flow,hour,2022-02-02T04:00:00+01:00,2022-02-02T05:00:00+01:00,BE-TSO-0001,21X-BE-A-A0A0A-Y,Fluxys Belgium,ITP-00542,VIP Belgium - NCG,21Z000000000497Z,exit,kWh/h,,,12296839,2022-03-20T02:03:09+01:00,,Confirmed,,,,,True,,,True,PRISMA,,https://platform.prisma-capacity.eu/,,Cross-Border Transmission IP within EU,0,False
1Physical Flowhour2022-02-02 04:00:00 +00:002022-02-02 05:00:00 +00:00BE-TSO-0001ITP-00542exitkWh/h,1,Physical Flow,hour,2022-02-02T05:00:00+01:00,2022-02-02T06:00:00+01:00,BE-TSO-0001,21X-BE-A-A0A0A-Y,Fluxys Belgium,ITP-00542,VIP Belgium - NCG,21Z000000000497Z,exit,kWh/h,,,12495798,2022-03-20T02:03:09+01:00,,Confirmed,,,,,True,,,True,PRISMA,,https://platform.prisma-capacity.eu/,,Cross-Border Transmission IP within EU,0,False
1Physical Flowhour2022-02-02 05:00:00 +00:002022-02-02 06:00:00 +00:00BE-TSO-0001ITP-00542exitkWh/h,1,Physical Flow,hour,2022-02-02T06:00:00+01:00,2022-02-02T07:00:00+01:00,BE-TSO-0001,21X-BE-A-A0A0A-Y,Fluxys Belgium,ITP-00542,VIP Belgium - NCG,21Z000000000497Z,exit,kWh/h,,,10111846,2022-03-20T02:03:09+01:00,,Confirmed,,,,,True,,,True,PRISMA,,https://platform.prisma-capacity.eu/,,Cross-Border Transmission IP within EU,0,False
1Physical Flowhour2022-02-02 06:00:00 +00:002022-02-02 07:00:00 +00:00BE-TSO-0001ITP-00542exitkWh/h,1,Physical Flow,hour,2022-02-02T07:00:00+01:00,2022-02-02T08:00:00+01:00,BE-TSO-0001,21X-BE-A-A0A0A-Y,Fluxys Belgium,ITP-00542,VIP Belgium - NCG,21Z000000000497Z,exit,kWh/h,,,10514604,2022-03-20T02:03:09+01:00,,Confirmed,,,,,True,,,True,PRISMA,,https://platform.prisma-capacity.eu/,,Cross-Border Transmission IP within EU,0,False
1Physical Flowhour2022-02-02 07:00:00 +00:002022-02-02 08:00:00 +00:00BE-TSO-0001ITP-00542exitkWh/h,1,Physical Flow,hour,2022-02-02T08:00:00+01:00,2022-02-02T09:00:00+01:00,BE-TSO-0001,21X-BE-A-A0A0A-Y,Fluxys Belgium,ITP-00542,VIP Belgium - NCG,21Z000000000497Z,exit,kWh/h,,,10526334,2022-03-20T02:03:09+01:00,,Confirmed,,,,,True,,,True,PRISMA,,https://platform.prisma-capacity.eu/,,Cross-Border Transmission IP within EU,0,False
1Physical Flowhour2022-02-02 08:00:00 +00:002022-02-02 09:00:00 +00:00BE-TSO-0001ITP-00542exitkWh/h,1,Physical Flow,hour,2022-02-02T09:00:00+01:00,2022-02-02T10:00:00+01:00,BE-TSO-0001,21X-BE-A-A0A0A-Y,Fluxys Belgium,ITP-00542,VIP Belgium - NCG,21Z000000000497Z,exit,kWh/h,,,10523347,2022-03-20T02:03:09+01:00,,Confirmed,,,,,True,,,True,PRISMA,,https://platform.prisma-capacity.eu/,,Cross-Border Transmission IP within EU,0,False
1Physical Flowhour2022-02-02 09:00:00 +00:002022-02-02 10:00:00 +00:00BE-TSO-0001ITP-00542exitkWh/h,1,Physical Flow,hour,2022-02-02T10:00:00+01:00,2022-02-02T11:00:00+01:00,BE-TSO-0001,21X-BE-A-A0A0A-Y,Fluxys Belgium,ITP-00542,VIP Belgium - NCG,21Z000000000497Z,exit,kWh/h,,,10523321,2022-03-20T02:03:09+01:00,,Confirmed,,,,,True,,,True,PRISMA,,https://platform.prisma-capacity.eu/,,Cross-Border Transmission IP within EU,0,False
1Physical Flowhour2022-02-02 10:00:00 +00:002022-02-02 11:00:00 +00:00BE-TSO-0001ITP-00542exitkWh/h,1,Physical Flow,hour,2022-02-02T11:00:00+01:00,2022-02-02T12:00:00+01:00,BE-TSO-0001,21X-BE-A-A0A0A-Y,Fluxys Belgium,ITP-00542,VIP Belgium - NCG,21Z000000000497Z,exit,kWh/h,,,10525138,2022-03-20T02:03:09+01:00,,Confirmed,,,,,True,,,True,PRISMA,,https://platform.prisma-capacity.eu/,,Cross-Border Transmission IP within EU,0,False
1Physical Flowhour2022-02-02 11:00:00 +00:002022-02-02 12:00:00 +00:00BE-TSO-0001ITP-00542exitkWh/h,1,Physical Flow,hour,2022-02-02T12:00:00+01:00,2022-02-02T13:00:00+01:00,BE-TSO-0001,21X-BE-A-A0A0A-Y,Fluxys Belgium,ITP-00542,VIP Belgium - NCG,21Z000000000497Z,exit,kWh/h,,,10526169,2022-03-20T02:03:09+01:00,,Confirmed,,,,,True,,,True,PRISMA,,https://platform.prisma-capacity.eu/,,Cross-Border Transmission IP within EU,0,False
1Physical Flowhour2022-02-02 12:00:00 +00:002022-02-02 13:00:00 +00:00BE-TSO-0001ITP-00542exitkWh/h,1,Physical Flow,hour,2022-02-02T13:00:00+01:00,2022-02-02T14:00:00+01:00,BE-TSO-0001,21X-BE-A-A0A0A-Y,Fluxys Belgium,ITP-00542,VIP Belgium - NCG,21Z000000000497Z,exit,kWh/h,,,10523731,2022-03-20T02:03:09+01:00,,Confirmed,,,,,True,,,True,PRISMA,,https://platform.prisma-capacity.eu/,,Cross-Border Transmission IP within EU,0,False
1Physical Flowhour2022-02-02 13:00:00 +00:002022-02-02 14:00:00 +00:00BE-TSO-0001ITP-00542exitkWh/h,1,Physical Flow,hour,2022-02-02T14:00:00+01:00,2022-02-02T15:00:00+01:00,BE-TSO-0001,21X-BE-A-A0A0A-Y,Fluxys Belgium,ITP-00542,VIP Belgium - NCG,21Z000000000497Z,exit,kWh/h,,,10523143,2022-03-20T02:03:09+01:00,,Confirmed,,,,,True,,,True,PRISMA,,https://platform.prisma-capacity.eu/,,Cross-Border Transmission IP within EU,0,False
1Physical Flowhour2022-02-02 14:00:00 +00:002022-02-02 15:00:00 +00:00BE-TSO-0001ITP-00542exitkWh/h,1,Physical Flow,hour,2022-02-02T15:00:00+01:00,2022-02-02T16:00:00+01:00,BE-TSO-0001,21X-BE-A-A0A0A-Y,Fluxys Belgium,ITP-00542,VIP Belgium - NCG,21Z000000000497Z,exit,kWh/h,,,10525325,2022-03-20T02:03:09+01:00,,Confirmed,,,,,True,,,True,PRISMA,,https://platform.prisma-capacity.eu/,,Cross-Border Transmission IP within EU,0,False
1Physical Flowhour2022-02-02 15:00:00 +00:002022-02-02 16:00:00 +00:00BE-TSO-0001ITP-00542exitkWh/h,1,Physical Flow,hour,2022-02-02T16:00:00+01:00,2022-02-02T17:00:00+01:00,BE-TSO-0001,21X-BE-A-A0A0A-Y,Fluxys Belgium,ITP-00542,VIP Belgium - NCG,21Z000000000497Z,exit,kWh/h,,,10540301,2022-03-20T02:03:09+01:00,,Confirmed,,,,,True,,,True,PRISMA,,https://platform.prisma-capacity.eu/,,Cross-Border Transmission IP within EU,0,False
1Physical Flowhour2022-02-02 16:00:00 +00:002022-02-02 17:00:00 +00:00BE-TSO-0001ITP-00542exitkWh/h,1,Physical Flow,hour,2022-02-02T17:00:00+01:00,2022-02-02T18:00:00+01:00,BE-TSO-0001,21X-BE-A-A0A0A-Y,Fluxys Belgium,ITP-00542,VIP Belgium - NCG,21Z000000000497Z,exit,kWh/h,,,10536791,2022-03-20T02:03:09+01:00,,Confirmed,,,,,True,,,True,PRISMA,,https://platform.prisma-capacity.eu/,,Cross-Border Transmission IP within EU,0,False
1Physical Flowhour2022-02-02 17:00:00 +00:002022-02-02 18:00:00 +00:00BE-TSO-0001ITP-00542exitkWh/h,1,Physical Flow,hour,2022-02-02T18:00:00+01:00,2022-02-02T19:00:00+01:00,BE-TSO-0001,21X-BE-A-A0A0A-Y,Fluxys Belgium,ITP-00542,VIP Belgium - NCG,21Z000000000497Z,exit,kWh/h,,,10536977,2022-03-20T02:03:09+01:00,,Confirmed,,,,,True,,,True,PRISMA,,https://platform.prisma-capacity.eu/,,Cross-Border Transmission IP within EU,0,False
1Physical Flowhour2022-02-02 18:00:00 +00:002022-02-02 19:00:00 +00:00BE-TSO-0001ITP-00542exitkWh/h,1,Physical Flow,hour,2022-02-02T19:00:00+01:00,2022-02-02T20:00:00+01:00,BE-TSO-0001,21X-BE-A-A0A0A-Y,Fluxys Belgium,ITP-00542,VIP Belgium - NCG,21Z000000000497Z,exit,kWh/h,,,10909406,2022-03-20T02:03:09+01:00,,Confirmed,,,,,True,,,True,PRISMA,,https://platform.prisma-capacity.eu/,,Cross-Border Transmission IP within EU,0,False
1Physical Flowhour2022-02-02 19:00:00 +00:002022-02-02 20:00:00 +00:00BE-TSO-0001ITP-00542exitkWh/h,1,Physical Flow,hour,2022-02-02T20:00:00+01:00,2022-02-02T21:00:00+01:00,BE-TSO-0001,21X-BE-A-A0A0A-Y,Fluxys Belgium,ITP-00542,VIP Belgium - NCG,21Z000000000497Z,exit,kWh/h,,,10899751,2022-03-20T02:03:09+01:00,,Confirmed,,,,,True,,,True,PRISMA,,https://platform.prisma-capacity.eu/,,Cross-Border Transmission IP within EU,0,False
1Physical Flowhour2022-02-02 20:00:00 +00:002022-02-02 21:00:00 +00:00BE-TSO-0001ITP-00542exitkWh/h,1,Physical Flow,hour,2022-02-02T21:00:00+01:00,2022-02-02T22:00:00+01:00,BE-TSO-0001,21X-BE-A-A0A0A-Y,Fluxys Belgium,ITP-00542,VIP Belgium - NCG,21Z000000000497Z,exit,kWh/h,,,10742401,2022-03-20T02:03:09+01:00,,Confirmed,,,,,True,,,True,PRISMA,,https://platform.prisma-capacity.eu/,,Cross-Border Transmission IP within EU,0,False
1Physical Flowhour2022-02-02 21:00:00 +00:002022-02-02 22:00:00 +00:00BE-TSO-0001ITP-00542exitkWh/h,1,Physical Flow,hour,2022-02-02T22:00:00+01:00,2022-02-02T23:00:00+01:00,BE-TSO-0001,21X-BE-A-A0A0A-Y,Fluxys Belgium,ITP-00542,VIP Belgium - NCG,21Z000000000497Z,exit,kWh/h,,,10931280,2022-03-20T02:03:09+01:00,,Confirmed,,,,,True,,,True,PRISMA,,https://platform.prisma-capacity.eu/,,Cross-Border Transmission IP within EU,0,False
1Physical Flowhour2022-02-02 22:00:00 +00:002022-02-02 23:00:00 +00:00BE-TSO-0001ITP-00542exitkWh/h,1,Physical Flow,hour,2022-02-02T23:00:00+01:00,2022-02-03T00:00:00+01:00,BE-TSO-0001,21X-BE-A-A0A0A-Y,Fluxys Belgium,ITP-00542,VIP Belgium - NCG,21Z000000000497Z,exit,kWh/h,,,11086221,2022-03-20T02:03:09+01:00,,Confirmed,,,,,True,,,True,PRISMA,,https://platform.prisma-capacity.eu/,,Cross-Border Transmission IP within EU,0,False
1Physical Flowhour2022-02-02 23:00:00 +00:002022-02-03 00:00:00 +00:00BE-TSO-0001ITP-00542exitkWh/h,1,Physical Flow,hour,2022-02-03T00:00:00+01:00,2022-02-03T01:00:00+01:00,BE-TSO-0001,21X-BE-A-A0A0A-Y,Fluxys Belgium,ITP-00542,VIP Belgium - NCG,21Z000000000497Z,exit,kWh/h,,,11448294,2022-03-20T02:03:09+01:00,,Confirmed,,,,,True,,,True,PRISMA,,https://platform.prisma-capacity.eu/,,Cross-Border Transmission IP within EU,0,False
1Physical Flowhour2022-02-03 00:00:00 +00:002022-02-03 01:00:00 +00:00BE-TSO-0001ITP-00542exitkWh/h,1,Physical Flow,hour,2022-02-03T01:00:00+01:00,2022-02-03T02:00:00+01:00,BE-TSO-0001,21X-BE-A-A0A0A-Y,Fluxys Belgium,ITP-00542,VIP Belgium - NCG,21Z000000000497Z,exit,kWh/h,,,11440297,2022-03-20T02:03:09+01:00,,Confirmed,,,,,True,,,True,PRISMA,,https://platform.prisma-capacity.eu/,,Cross-Border Transmission IP within EU,0,False
1Physical Flowhour2022-02-03 01:00:00 +00:002022-02-03 02:00:00 +00:00BE-TSO-0001ITP-00542exitkWh/h,1,Physical Flow,hour,2022-02-03T02:00:00+01:00,2022-02-03T03:00:00+01:00,BE-TSO-0001,21X-BE-A-A0A0A-Y,Fluxys Belgium,ITP-00542,VIP Belgium - NCG,21Z000000000497Z,exit,kWh/h,,,11445192,2022-03-20T02:03:09+01:00,,Confirmed,,,,,True,,,True,PRISMA,,https://platform.prisma-capacity.eu/,,Cross-Border Transmission IP within EU,0,False
1Physical Flowhour2022-02-03 02:00:00 +00:002022-02-03 03:00:00 +00:00BE-TSO-0001ITP-00542exitkWh/h,1,Physical Flow,hour,2022-02-03T03:00:00+01:00,2022-02-03T04:00:00+01:00,BE-TSO-0001,21X-BE-A-A0A0A-Y,Fluxys Belgium,ITP-00542,VIP Belgium - NCG,21Z000000000497Z,exit,kWh/h,,,11441692,2022-03-20T02:03:09+01:00,,Confirmed,,,,,True,,,True,PRISMA,,https://platform.prisma-capacity.eu/,,Cross-Border Transmission IP within EU,0,False
1Physical Flowhour2022-02-03 03:00:00 +00:002022-02-03 04:00:00 +00:00BE-TSO-0001ITP-00542exitkWh/h,1,Physical Flow,hour,2022-02-03T04:00:00+01:00,2022-02-03T05:00:00+01:00,BE-TSO-0001,21X-BE-A-A0A0A-Y,Fluxys Belgium,ITP-00542,VIP Belgium - NCG,21Z000000000497Z,exit,kWh/h,,,11435834,2022-03-20T02:03:09+01:00,,Confirmed,,,,,True,,,True,PRISMA,,https://platform.prisma-capacity.eu/,,Cross-Border Transmission IP within EU,0,False
1Physical Flowhour2022-02-03 04:00:00 +00:002022-02-03 05:00:00 +00:00BE-TSO-0001ITP-00542exitkWh/h,1,Physical Flow,hour,2022-02-03T05:00:00+01:00,2022-02-03T06:00:00+01:00,BE-TSO-0001,21X-BE-A-A0A0A-Y,Fluxys Belgium,ITP-00542,VIP Belgium - NCG,21Z000000000497Z,exit,kWh/h,,,11438438,2022-03-20T02:03:09+01:00,,Confirmed,,,,,True,,,True,PRISMA,,https://platform.prisma-capacity.eu/,,Cross-Border Transmission IP within EU,0,False
1Physical Flowhour2022-02-03 05:00:00 +00:002022-02-03 06:00:00 +00:00BE-TSO-0001ITP-00542exitkWh/h,1,Physical Flow,hour,2022-02-03T06:00:00+01:00,2022-02-03T07:00:00+01:00,BE-TSO-0001,21X-BE-A-A0A0A-Y,Fluxys Belgium,ITP-00542,VIP Belgium - NCG,21Z000000000497Z,exit,kWh/h,,,12913934,2022-03-20T02:03:09+01:00,,Confirmed,,,,,True,,,True,PRISMA,,https://platform.prisma-capacity.eu/,,Cross-Border Transmission IP within EU,0,False
1Physical Flowhour2022-02-03 06:00:00 +00:002022-02-03 07:00:00 +00:00BE-TSO-0001ITP-00542exitkWh/h,1,Physical Flow,hour,2022-02-03T07:00:00+01:00,2022-02-03T08:00:00+01:00,BE-TSO-0001,21X-BE-A-A0A0A-Y,Fluxys Belgium,ITP-00542,VIP Belgium - NCG,21Z000000000497Z,exit,kWh/h,,,13052492,2022-03-20T02:03:09+01:00,,Confirmed,,,,,True,,,True,PRISMA,,https://platform.prisma-capacity.eu/,,Cross-Border Transmission IP within EU,0,False
1Physical Flowhour2022-02-03 07:00:00 +00:002022-02-03 08:00:00 +00:00BE-TSO-0001ITP-00542exitkWh/h,1,Physical Flow,hour,2022-02-03T08:00:00+01:00,2022-02-03T09:00:00+01:00,BE-TSO-0001,21X-BE-A-A0A0A-Y,Fluxys Belgium,ITP-00542,VIP Belgium - NCG,21Z000000000497Z,exit,kWh/h,,,13053487,2022-03-20T02:03:09+01:00,,Confirmed,,,,,True,,,True,PRISMA,,https://platform.prisma-capacity.eu/,,Cross-Border Transmission IP within EU,0,False
1Physical Flowhour2022-02-03 08:00:00 +00:002022-02-03 09:00:00 +00:00BE-TSO-0001ITP-00542exitkWh/h,1,Physical Flow,hour,2022-02-03T09:00:00+01:00,2022-02-03T10:00:00+01:00,BE-TSO-0001,21X-BE-A-A0A0A-Y,Fluxys Belgium,ITP-00542,VIP Belgium - NCG,21Z000000000497Z,exit,kWh/h,,,13039480,2022-03-20T02:03:09+01:00,,Confirmed,,,,,True,,,True,PRISMA,,https://platform.prisma-capacity.eu/,,Cross-Border Transmission IP within EU,0,False
1Physical Flowhour2022-02-03 09:00:00 +00:002022-02-03 10:00:00 +00:00BE-TSO-0001ITP-00542exitkWh/h,1,Physical Flow,hour,2022-02-03T10:00:00+01:00,2022-02-03T11:00:00+01:00,BE-TSO-0001,21X-BE-A-A0A0A-Y,Fluxys Belgium,ITP-00542,VIP Belgium - NCG,21Z000000000497Z,exit,kWh/h,,,13061705,2022-03-20T02:03:09+01:00,,Confirmed,,,,,True,,,True,PRISMA,,https://platform.prisma-capacity.eu/,,Cross-Border Transmission IP within EU,0,False
1Physical Flowhour2022-02-03 10:00:00 +00:002022-02-03 11:00:00 +00:00BE-TSO-0001ITP-00542exitkWh/h,1,Physical Flow,hour,2022-02-03T11:00:00+01:00,2022-02-03T12:00:00+01:00,BE-TSO-0001,21X-BE-A-A0A0A-Y,Fluxys Belgium,ITP-00542,VIP Belgium - NCG,21Z000000000497Z,exit,kWh/h,,,13057008,2022-03-20T02:03:09+01:00,,Confirmed,,,,,True,,,True,PRISMA,,https://platform.prisma-capacity.eu/,,Cross-Border Transmission IP within EU,0,False
1Physical Flowhour2022-02-03 11:00:00 +00:002022-02-03 12:00:00 +00:00BE-TSO-0001ITP-00542exitkWh/h,1,Physical Flow,hour,2022-02-03T12:00:00+01:00,2022-02-03T13:00:00+01:00,BE-TSO-0001,21X-BE-A-A0A0A-Y,Fluxys Belgium,ITP-00542,VIP Belgium - NCG,21Z000000000497Z,exit,kWh/h,,,13051964,2022-03-20T02:03:09+01:00,,Confirmed,,,,,True,,,True,PRISMA,,https://platform.prisma-capacity.eu/,,Cross-Border Transmission IP within EU,0,False
1Physical Flowhour2022-02-03 12:00:00 +00:002022-02-03 13:00:00 +00:00BE-TSO-0001ITP-00542exitkWh/h,1,Physical Flow,hour,2022-02-03T13:00:00+01:00,2022-02-03T14:00:00+01:00,BE-TSO-0001,21X-BE-A-A0A0A-Y,Fluxys Belgium,ITP-00542,VIP Belgium - NCG,21Z000000000497Z,exit,kWh/h,,,13053886,2022-03-20T02:03:09+01:00,,Confirmed,,,,,True,,,True,PRISMA,,https://platform.prisma-capacity.eu/,,Cross-Border Transmission IP within EU,0,False
1Physical Flowhour2022-02-03 13:00:00 +00:002022-02-03 14:00:00 +00:00BE-TSO-0001ITP-00542exitkWh/h,1,Physical Flow,hour,2022-02-03T14:00:00+01:00,2022-02-03T15:00:00+01:00,BE-TSO-0001,21X-BE-A-A0A0A-Y,Fluxys Belgium,ITP-00542,VIP Belgium - NCG,21Z000000000497Z,exit,kWh/h,,,13057477,2022-03-20T02:03:09+01:00,,Confirmed,,,,,True,,,True,PRISMA,,https://platform.prisma-capacity.eu/,,Cross-Border Transmission IP within EU,0,False
1Physical Flowhour2022-02-03 14:00:00 +00:002022-02-03 15:00:00 +00:00BE-TSO-0001ITP-00542exitkWh/h,1,Physical Flow,hour,2022-02-03T15:00:00+01:00,2022-02-03T16:00:00+01:00,BE-TSO-0001,21X-BE-A-A0A0A-Y,Fluxys Belgium,ITP-00542,VIP Belgium - NCG,21Z000000000497Z,exit,kWh/h,,,13227985,2022-03-20T02:03:09+01:00,,Confirmed,,,,,True,,,True,PRISMA,,https://platform.prisma-capacity.eu/,,Cross-Border Transmission IP within EU,0,False
1Physical Flowhour2022-02-03 15:00:00 +00:002022-02-03 16:00:00 +00:00BE-TSO-0001ITP-00542exitkWh/h,1,Physical Flow,hour,2022-02-03T16:00:00+01:00,2022-02-03T17:00:00+01:00,BE-TSO-0001,21X-BE-A-A0A0A-Y,Fluxys Belgium,ITP-00542,VIP Belgium - NCG,21Z000000000497Z,exit,kWh/h,,,13429593,2022-03-20T02:03:09+01:00,,Confirmed,,,,,True,,,True,PRISMA,,https://platform.prisma-capacity.eu/,,Cross-Border Transmission IP within EU,0,False
1Physical Flowhour2022-02-03 16:00:00 +00:002022-02-03 17:00:00 +00:00BE-TSO-0001ITP-00542exitkWh/h,1,Physical Flow,hour,2022-02-03T17:00:00+01:00,2022-02-03T18:00:00+01:00,BE-TSO-0001,21X-BE-A-A0A0A-Y,Fluxys Belgium,ITP-00542,VIP Belgium - NCG,21Z000000000497Z,exit,kWh/h,,,13428358,2022-03-20T02:03:09+01:00,,Confirmed,,,,,True,,,True,PRISMA,,https://platform.prisma-capacity.eu/,,Cross-Border Transmission IP within EU,0,False
1Physical Flowhour2022-02-03 17:00:00 +00:002022-02-03 18:00:00 +00:00BE-TSO-0001ITP-00542exitkWh/h,1,Physical Flow,hour,2022-02-03T18:00:00+01:00,2022-02-03T19:00:00+01:00,BE-TSO-0001,21X-BE-A-A0A0A-Y,Fluxys Belgium,ITP-00542,VIP Belgium - NCG,21Z000000000497Z,exit,kWh/h,,,13760747,2022-03-20T02:03:09+01:00,,Confirmed,,,,,True,,,True,PRISMA,,https://platform.prisma-capacity.eu/,,Cross-Border Transmission IP within EU,0,False
1Physical Flowhour2022-02-03 18:00:00 +00:002022-02-03 19:00:00 +00:00BE-TSO-0001ITP-00542exitkWh/h,1,Physical Flow,hour,2022-02-03T19:00:00+01:00,2022-02-03T20:00:00+01:00,BE-TSO-0001,21X-BE-A-A0A0A-Y,Fluxys Belgium,ITP-00542,VIP Belgium - NCG,21Z000000000497Z,exit,kWh/h,,,13908972,2022-03-20T02:03:09+01:00,,Confirmed,,,,,True,,,True,PRISMA,,https://platform.prisma-capacity.eu/,,Cross-Border Transmission IP within EU,0,False
1Physical Flowhour2022-02-03 19:00:00 +00:002022-02-03 20:00:00 +00:00BE-TSO-0001ITP-00542exitkWh/h,1,Physical Flow,hour,2022-02-03T20:00:00+01:00,2022-02-03T21:00:00+01:00,BE-TSO-0001,21X-BE-A-A0A0A-Y,Fluxys Belgium,ITP-00542,VIP Belgium - NCG,21Z000000000497Z,exit,kWh/h,,,14011861,2022-03-20T02:03:09+01:00,,Confirmed,,,,,True,,,True,PRISMA,,https://platform.prisma-capacity.eu/,,Cross-Border Transmission IP within EU,0,False
1Physical Flowhour2022-02-03 20:00:00 +00:002022-02-03 21:00:00 +00:00BE-TSO-0001ITP-00542exitkWh/h,1,Physical Flow,hour,2022-02-03T21:00:00+01:00,2022-02-03T22:00:00+01:00,BE-TSO-0001,21X-BE-A-A0A0A-Y,Fluxys Belgium,ITP-00542,VIP Belgium - NCG,21Z000000000497Z,exit,kWh/h,,,14007476,2022-03-20T02:03:09+01:00,,Confirmed,,,,,True,,,True,PRISMA,,https://platform.prisma-capacity.eu/,,Cross-Border Transmission IP within EU,0,False
1Physical Flowhour2022-02-03 21:00:00 +00:002022-02-03 22:00:00 +00:00BE-TSO-0001ITP-00542exitkWh/h,1,Physical Flow,hour,2022-02-03T22:00:00+01:00,2022-02-03T23:00:00+01:00,BE-TSO-0001,21X-BE-A-A0A0A-Y,Fluxys Belgium,ITP-00542,VIP Belgium - NCG,21Z000000000497Z,exit,kWh/h,,,14206782,2022-03-20T02:03:09+01:00,,Confirmed,,,,,True,,,True,PRISMA,,https://platform.prisma-capacity.eu/,,Cross-Border Transmission IP within EU,0,False
1Physical Flowhour2022-02-03 22:00:00 +00:002022-02-03 23:00:00 +00:00BE-TSO-0001ITP-00542exitkWh/h,1,Physical Flow,hour,2022-02-03T23:00:00+01:00,2022-02-04T00:00:00+01:00,BE-TSO-0001,21X-BE-A-A0A0A-Y,Fluxys Belgium,ITP-00542,VIP Belgium - NCG,21Z000000000497Z,exit,kWh/h,,,14209275,2022-03-20T02:03:09+01:00,,Confirmed,,,,,True,,,True,PRISMA,,https://platform.prisma-capacity.eu/,,Cross-Border Transmission IP within EU,0,False
1Physical Flowhour2022-02-03 23:00:00 +00:002022-02-04 00:00:00 +00:00BE-TSO-0001ITP-00542exitkWh/h,1,Physical Flow,hour,2022-02-04T00:00:00+01:00,2022-02-04T01:00:00+01:00,BE-TSO-0001,21X-BE-A-A0A0A-Y,Fluxys Belgium,ITP-00542,VIP Belgium - NCG,21Z000000000497Z,exit,kWh/h,,,14208408,2022-03-20T02:03:09+01:00,,Confirmed,,,,,True,,,True,PRISMA,,https://platform.prisma-capacity.eu/,,Cross-Border Transmission IP within EU,0,False
1Physical Flowhour2022-02-04 00:00:00 +00:002022-02-04 01:00:00 +00:00BE-TSO-0001ITP-00542exitkWh/h,1,Physical Flow,hour,2022-02-04T01:00:00+01:00,2022-02-04T02:00:00+01:00,BE-TSO-0001,21X-BE-A-A0A0A-Y,Fluxys Belgium,ITP-00542,VIP Belgium - NCG,21Z000000000497Z,exit,kWh/h,,,14266722,2022-03-20T02:03:09+01:00,,Confirmed,,,,,True,,,True,PRISMA,,https://platform.prisma-capacity.eu/,,Cross-Border Transmission IP within EU,0,False
1Physical Flowhour2022-02-04 01:00:00 +00:002022-02-04 02:00:00 +00:00BE-TSO-0001ITP-00542exitkWh/h,1,Physical Flow,hour,2022-02-04T02:00:00+01:00,2022-02-04T03:00:00+01:00,BE-TSO-0001,21X-BE-A-A0A0A-Y,Fluxys Belgium,ITP-00542,VIP Belgium - NCG,21Z000000000497Z,exit,kWh/h,,,14261959,2022-03-20T02:03:09+01:00,,Confirmed,,,,,True,,,True,PRISMA,,https://platform.prisma-capacity.eu/,,Cross-Border Transmission IP within EU,0,False
1Physical Flowhour2022-02-04 02:00:00 +00:002022-02-04 03:00:00 +00:00BE-TSO-0001ITP-00542exitkWh/h,1,Physical Flow,hour,2022-02-04T03:00:00+01:00,2022-02-04T04:00:00+01:00,BE-TSO-0001,21X-BE-A-A0A0A-Y,Fluxys Belgium,ITP-00542,VIP Belgium - NCG,21Z000000000497Z,exit,kWh/h,,,14266682,2022-03-20T02:03:09+01:00,,Confirmed,,,,,True,,,True,PRISMA,,https://platform.prisma-capacity.eu/,,Cross-Border Transmission IP within EU,0,False
1Physical Flowhour2022-02-04 03:00:00 +00:002022-02-04 04:00:00 +00:00BE-TSO-0001ITP-00542exitkWh/h,1,Physical Flow,hour,2022-02-04T04:00:00+01:00,2022-02-04T05:00:00+01:00,BE-TSO-0001,21X-BE-A-A0A0A-Y,Fluxys Belgium,ITP-00542,VIP Belgium - NCG,21Z000000000497Z,exit,kWh/h,,,14291166,2022-03-20T02:03:09+01:00,,Confirmed,,,,,True,,,True,PRISMA,,https://platform.prisma-capacity.eu/,,Cross-Border Transmission IP within EU,0,False
1Physical Flowhour2022-02-04 04:00:00 +00:002022-02-04 05:00:00 +00:00BE-TSO-0001ITP-00542exitkWh/h,1,Physical Flow,hour,2022-02-04T05:00:00+01:00,2022-02-04T06:00:00+01:00,BE-TSO-0001,21X-BE-A-A0A0A-Y,Fluxys Belgium,ITP-00542,VIP Belgium - NCG,21Z000000000497Z,exit,kWh/h,,,14294241,2022-03-20T02:03:09+01:00,,Confirmed,,,,,True,,,True,PRISMA,,https://platform.prisma-capacity.eu/,,Cross-Border Transmission IP within EU,0,False
1Physical Flowhour2022-02-04 05:00:00 +00:002022-02-04 06:00:00 +00:00BE-TSO-0001ITP-00542exitkWh/h,1,Physical Flow,hour,2022-02-04T06:00:00+01:00,2022-02-04T07:00:00+01:00,BE-TSO-0001,21X-BE-A-A0A0A-Y,Fluxys Belgium,ITP-00542,VIP Belgium - NCG,21Z000000000497Z,exit,kWh/h,,,13932168,2022-03-20T02:03:09+01:00,,Confirmed,,,,,True,,,True,PRISMA,,https://platform.prisma-capacity.eu/,,Cross-Border Transmission IP within EU,0,False
1Physical Flowhour2022-02-04 06:00:00 +00:002022-02-04 07:00:00 +00:00BE-TSO-0001ITP-00542exitkWh/h,1,Physical Flow,hour,2022-02-04T07:00:00+01:00,2022-02-04T08:00:00+01:00,BE-TSO-0001,21X-BE-A-A0A0A-Y,Fluxys Belgium,ITP-00542,VIP Belgium - NCG,21Z000000000497Z,exit,kWh/h,,,13938334,2022-03-20T02:03:09+01:00,,Confirmed,,,,,True,,,True,PRISMA,,https://platform.prisma-capacity.eu/,,Cross-Border Transmission IP within EU,0,False
1Physical Flowhour2022-02-04 07:00:00 +00:002022-02-04 08:00:00 +00:00BE-TSO-0001ITP-00542exitkWh/h,1,Physical Flow,hour,2022-02-04T08:00:00+01:00,2022-02-04T09:00:00+01:00,BE-TSO-0001,21X-BE-A-A0A0A-Y,Fluxys Belgium,ITP-00542,VIP Belgium - NCG,21Z000000000497Z,exit,kWh/h,,,15941667,2022-03-20T02:03:09+01:00,,Confirmed,,,,,True,,,True,PRISMA,,https://platform.prisma-capacity.eu/,,Cross-Border Transmission IP within EU,0,False
1Physical Flowhour2022-02-04 08:00:00 +00:002022-02-04 09:00:00 +00:00BE-TSO-0001ITP-00542exitkWh/h,1,Physical Flow,hour,2022-02-04T09:00:00+01:00,2022-02-04T10:00:00+01:00,BE-TSO-0001,21X-BE-A-A0A0A-Y,Fluxys Belgium,ITP-00542,VIP Belgium - NCG,21Z000000000497Z,exit,kWh/h,,,15934141,2022-03-20T02:03:09+01:00,,Confirmed,,,,,True,,,True,PRISMA,,https://platform.prisma-capacity.eu/,,Cross-Border Transmission IP within EU,0,False
1Physical Flowhour2022-02-04 09:00:00 +00:002022-02-04 10:00:00 +00:00BE-TSO-0001ITP-00542exitkWh/h,1,Physical Flow,hour,2022-02-04T10:00:00+01:00,2022-02-04T11:00:00+01:00,BE-TSO-0001,21X-BE-A-A0A0A-Y,Fluxys Belgium,ITP-00542,VIP Belgium - NCG,21Z000000000497Z,exit,kWh/h,,,15933081,2022-03-20T02:03:09+01:00,,Confirmed,,,,,True,,,True,PRISMA,,https://platform.prisma-capacity.eu/,,Cross-Border Transmission IP within EU,0,False
1Physical Flowhour2022-02-04 10:00:00 +00:002022-02-04 11:00:00 +00:00BE-TSO-0001ITP-00542exitkWh/h,1,Physical Flow,hour,2022-02-04T11:00:00+01:00,2022-02-04T12:00:00+01:00,BE-TSO-0001,21X-BE-A-A0A0A-Y,Fluxys Belgium,ITP-00542,VIP Belgium - NCG,21Z000000000497Z,exit,kWh/h,,,15823376,2022-03-20T02:03:09+01:00,,Confirmed,,,,,True,,,True,PRISMA,,https://platform.prisma-capacity.eu/,,Cross-Border Transmission IP within EU,0,False
1Physical Flowhour2022-02-04 11:00:00 +00:002022-02-04 12:00:00 +00:00BE-TSO-0001ITP-00542exitkWh/h,1,Physical Flow,hour,2022-02-04T12:00:00+01:00,2022-02-04T13:00:00+01:00,BE-TSO-0001,21X-BE-A-A0A0A-Y,Fluxys Belgium,ITP-00542,VIP Belgium - NCG,21Z000000000497Z,exit,kWh/h,,,15941809,2022-03-20T02:03:09+01:00,,Confirmed,,,,,True,,,True,PRISMA,,https://platform.prisma-capacity.eu/,,Cross-Border Transmission IP within EU,0,False
1Physical Flowhour2022-02-04 12:00:00 +00:002022-02-04 13:00:00 +00:00BE-TSO-0001ITP-00542exitkWh/h,1,Physical Flow,hour,2022-02-04T13:00:00+01:00,2022-02-04T14:00:00+01:00,BE-TSO-0001,21X-BE-A-A0A0A-Y,Fluxys Belgium,ITP-00542,VIP Belgium - NCG,21Z000000000497Z,exit,kWh/h,,,15939006,2022-03-20T02:03:09+01:00,,Confirmed,,,,,True,,,True,PRISMA,,https://platform.prisma-capacity.eu/,,Cross-Border Transmission IP within EU,0,False
1Physical Flowhour2022-02-04 13:00:00 +00:002022-02-04 14:00:00 +00:00BE-TSO-0001ITP-00542exitkWh/h,1,Physical Flow,hour,2022-02-04T14:00:00+01:00,2022-02-04T15:00:00+01:00,BE-TSO-0001,21X-BE-A-A0A0A-Y,Fluxys Belgium,ITP-00542,VIP Belgium - NCG,21Z000000000497Z,exit,kWh/h,,,15943484,2022-03-20T02:03:09+01:00,,Confirmed,,,,,True,,,True,PRISMA,,https://platform.prisma-capacity.eu/,,Cross-Border Transmission IP within EU,0,False
1Physical Flowhour2022-02-04 14:00:00 +00:002022-02-04 15:00:00 +00:00BE-TSO-0001ITP-00542exitkWh/h,1,Physical Flow,hour,2022-02-04T15:00:00+01:00,2022-02-04T16:00:00+01:00,BE-TSO-0001,21X-BE-A-A0A0A-Y,Fluxys Belgium,ITP-00542,VIP Belgium - NCG,21Z000000000497Z,exit,kWh/h,,,15939346,2022-03-20T02:03:09+01:00,,Confirmed,,,,,True,,,True,PRISMA,,https://platform.prisma-capacity.eu/,,Cross-Border Transmission IP within EU,0,False
1Physical Flowhour2022-02-04 15:00:00 +00:002022-02-04 16:00:00 +00:00BE-TSO-0001ITP-00542exitkWh/h,1,Physical Flow,hour,2022-02-04T16:00:00+01:00,2022-02-04T17:00:00+01:00,BE-TSO-0001,21X-BE-A-A0A0A-Y,Fluxys Belgium,ITP-00542,VIP Belgium - NCG,21Z000000000497Z,exit,kWh/h,,,15942026,2022-03-20T02:03:09+01:00,,Confirmed,,,,,True,,,True,PRISMA,,https://platform.prisma-capacity.eu/,,Cross-Border Transmission IP within EU,0,False
1Physical Flowhour2022-02-04 16:00:00 +00:002022-02-04 17:00:00 +00:00BE-TSO-0001ITP-00542exitkWh/h,1,Physical Flow,hour,2022-02-04T17:00:00+01:00,2022-02-04T18:00:00+01:00,BE-TSO-0001,21X-BE-A-A0A0A-Y,Fluxys Belgium,ITP-00542,VIP Belgium - NCG,21Z000000000497Z,exit,kWh/h,,,15953535,2022-03-20T02:03:09+01:00,,Confirmed,,,,,True,,,True,PRISMA,,https://platform.prisma-capacity.eu/,,Cross-Border Transmission IP within EU,0,False
1Physical Flowhour2022-02-04 17:00:00 +00:002022-02-04 18:00:00 +00:00BE-TSO-0001ITP-00542exitkWh/h,1,Physical Flow,hour,2022-02-04T18:00:00+01:00,2022-02-04T19:00:00+01:00,BE-TSO-0001,21X-BE-A-A0A0A-Y,Fluxys Belgium,ITP-00542,VIP Belgium - NCG,21Z000000000497Z,exit,kWh/h,,,15953476,2022-03-20T02:03:09+01:00,,Confirmed,,,,,True,,,True,PRISMA,,https://platform.prisma-capacity.eu/,,Cross-Border Transmission IP within EU,0,False
1Physical Flowhour2022-02-04 18:00:00 +00:002022-02-04 19:00:00 +00:00BE-TSO-0001ITP-00542exitkWh/h,1,Physical Flow,hour,2022-02-04T19:00:00+01:00,2022-02-04T20:00:00+01:00,BE-TSO-0001,21X-BE-A-A0A0A-Y,Fluxys Belgium,ITP-00542,VIP Belgium - NCG,21Z000000000497Z,exit,kWh/h,,,15948765,2022-03-20T02:03:09+01:00,,Confirmed,,,,,True,,,True,PRISMA,,https://platform.prisma-capacity.eu/,,Cross-Border Transmission IP within EU,0,False
1Physical Flowhour2022-02-04 19:00:00 +00:002022-02-04 20:00:00 +00:00BE-TSO-0001ITP-00542exitkWh/h,1,Physical Flow,hour,2022-02-04T20:00:00+01:00,2022-02-04T21:00:00+01:00,BE-TSO-0001,21X-BE-A-A0A0A-Y,Fluxys Belgium,ITP-00542,VIP Belgium - NCG,21Z000000000497Z,exit,kWh/h,,,16468719,2022-03-20T02:03:09+01:00,,Confirmed,,,,,True,,,True,PRISMA,,https://platform.prisma-capacity.eu/,,Cross-Border Transmission IP within EU,0,False
1Physical Flowhour2022-02-04 20:00:00 +00:002022-02-04 21:00:00 +00:00BE-TSO-0001ITP-00542exitkWh/h,1,Physical Flow,hour,2022-02-04T21:00:00+01:00,2022-02-04T22:00:00+01:00,BE-TSO-0001,21X-BE-A-A0A0A-Y,Fluxys Belgium,ITP-00542,VIP Belgium - NCG,21Z000000000497Z,exit,kWh/h,,,15890980,2022-03-20T02:03:09+01:00,,Confirmed,,,,,True,,,True,PRISMA,,https://platform.prisma-capacity.eu/,,Cross-Border Transmission IP within EU,0,False
1Physical Flowhour2022-02-04 21:00:00 +00:002022-02-04 22:00:00 +00:00BE-TSO-0001ITP-00542exitkWh/h,1,Physical Flow,hour,2022-02-04T22:00:00+01:00,2022-02-04T23:00:00+01:00,BE-TSO-0001,21X-BE-A-A0A0A-Y,Fluxys Belgium,ITP-00542,VIP Belgium - NCG,21Z000000000497Z,exit,kWh/h,,,15896758,2022-03-20T02:03:09+01:00,,Confirmed,,,,,True,,,True,PRISMA,,https://platform.prisma-capacity.eu/,,Cross-Border Transmission IP within EU,0,False
1Physical Flowhour2022-02-04 22:00:00 +00:002022-02-04 23:00:00 +00:00BE-TSO-0001ITP-00542exitkWh/h,1,Physical Flow,hour,2022-02-04T23:00:00+01:00,2022-02-05T00:00:00+01:00,BE-TSO-0001,21X-BE-A-A0A0A-Y,Fluxys Belgium,ITP-00542,VIP Belgium - NCG,21Z000000000497Z,exit,kWh/h,,,15893480,2022-03-20T02:03:09+01:00,,Confirmed,,,,,True,,,True,PRISMA,,https://platform.prisma-capacity.eu/,,Cross-Border Transmission IP within EU,0,False
1Physical Flowhour2022-02-04 23:00:00 +00:002022-02-05 00:00:00 +00:00BE-TSO-0001ITP-00542exitkWh/h,1,Physical Flow,hour,2022-02-05T00:00:00+01:00,2022-02-05T01:00:00+01:00,BE-TSO-0001,21X-BE-A-A0A0A-Y,Fluxys Belgium,ITP-00542,VIP Belgium - NCG,21Z000000000497Z,exit,kWh/h,,,15893426,2022-03-20T02:03:09+01:00,,Confirmed,,,,,True,,,True,PRISMA,,https://platform.prisma-capacity.eu/,,Cross-Border Transmission IP within EU,0,False
1Physical Flowhour2022-02-05 00:00:00 +00:002022-02-05 01:00:00 +00:00BE-TSO-0001ITP-00542exitkWh/h,1,Physical Flow,hour,2022-02-05T01:00:00+01:00,2022-02-05T02:00:00+01:00,BE-TSO-0001,21X-BE-A-A0A0A-Y,Fluxys Belgium,ITP-00542,VIP Belgium - NCG,21Z000000000497Z,exit,kWh/h,,,15895135,2022-03-20T02:03:09+01:00,,Confirmed,,,,,True,,,True,PRISMA,,https://platform.prisma-capacity.eu/,,Cross-Border Transmission IP within EU,0,False
1Physical Flowhour2022-02-05 01:00:00 +00:002022-02-05 02:00:00 +00:00BE-TSO-0001ITP-00542exitkWh/h,1,Physical Flow,hour,2022-02-05T02:00:00+01:00,2022-02-05T03:00:00+01:00,BE-TSO-0001,21X-BE-A-A0A0A-Y,Fluxys Belgium,ITP-00542,VIP Belgium - NCG,21Z000000000497Z,exit,kWh/h,,,15897711,2022-03-20T02:03:09+01:00,,Confirmed,,,,,True,,,True,PRISMA,,https://platform.prisma-capacity.eu/,,Cross-Border Transmission IP within EU,0,False
1Physical Flowhour2022-02-05 02:00:00 +00:002022-02-05 03:00:00 +00:00BE-TSO-0001ITP-00542exitkWh/h,1,Physical Flow,hour,2022-02-05T03:00:00+01:00,2022-02-05T04:00:00+01:00,BE-TSO-0001,21X-BE-A-A0A0A-Y,Fluxys Belgium,ITP-00542,VIP Belgium - NCG,21Z000000000497Z,exit,kWh/h,,,15572678,2022-03-20T02:03:09+01:00,,Confirmed,,,,,True,,,True,PRISMA,,https://platform.prisma-capacity.eu/,,Cross-Border Transmission IP within EU,0,False
1Physical Flowhour2022-02-05 03:00:00 +00:002022-02-05 04:00:00 +00:00BE-TSO-0001ITP-00542exitkWh/h,1,Physical Flow,hour,2022-02-05T04:00:00+01:00,2022-02-05T05:00:00+01:00,BE-TSO-0001,21X-BE-A-A0A0A-Y,Fluxys Belgium,ITP-00542,VIP Belgium - NCG,21Z000000000497Z,exit,kWh/h,,,13960951,2022-03-20T02:03:09+01:00,,Confirmed,,,,,True,,,True,PRISMA,,https://platform.prisma-capacity.eu/,,Cross-Border Transmission IP within EU,0,False
1Physical Flowhour2022-02-05 04:00:00 +00:002022-02-05 05:00:00 +00:00BE-TSO-0001ITP-00542exitkWh/h,1,Physical Flow,hour,2022-02-05T05:00:00+01:00,2022-02-05T06:00:00+01:00,BE-TSO-0001,21X-BE-A-A0A0A-Y,Fluxys Belgium,ITP-00542,VIP Belgium - NCG,21Z000000000497Z,exit,kWh/h,,,12509376,2022-03-20T02:03:09+01:00,,Confirmed,,,,,True,,,True,PRISMA,,https://platform.prisma-capacity.eu/,,Cross-Border Transmission IP within EU,0,False
1Physical Flowhour2022-02-05 05:00:00 +00:002022-02-05 06:00:00 +00:00BE-TSO-0001ITP-00542exitkWh/h,1,Physical Flow,hour,2022-02-05T06:00:00+01:00,2022-02-05T07:00:00+01:00,BE-TSO-0001,21X-BE-A-A0A0A-Y,Fluxys Belgium,ITP-00542,VIP Belgium - NCG,21Z000000000497Z,exit,kWh/h,,,10669954,2022-03-20T02:03:09+01:00,,Confirmed,,,,,True,,,True,PRISMA,,https://platform.prisma-capacity.eu/,,Cross-Border Transmission IP within EU,0,False
1Physical Flowhour2022-02-05 06:00:00 +00:002022-02-05 07:00:00 +00:00BE-TSO-0001ITP-00542exitkWh/h,1,Physical Flow,hour,2022-02-05T07:00:00+01:00,2022-02-05T08:00:00+01:00,BE-TSO-0001,21X-BE-A-A0A0A-Y,Fluxys Belgium,ITP-00542,VIP Belgium - NCG,21Z000000000497Z,exit,kWh/h,,,11194848,2022-03-20T02:03:09+01:00,,Confirmed,,,,,True,,,True,PRISMA,,https://platform.prisma-capacity.eu/,,Cross-Border Transmission IP within EU,0,False
1Physical Flowhour2022-02-05 07:00:00 +00:002022-02-05 08:00:00 +00:00BE-TSO-0001ITP-00542exitkWh/h,1,Physical Flow,hour,2022-02-05T08:00:00+01:00,2022-02-05T09:00:00+01:00,BE-TSO-0001,21X-BE-A-A0A0A-Y,Fluxys Belgium,ITP-00542,VIP Belgium - NCG,21Z000000000497Z,exit,kWh/h,,,11191785,2022-03-20T02:03:09+01:00,,Confirmed,,,,,True,,,True,PRISMA,,https://platform.prisma-capacity.eu/,,Cross-Border Transmission IP within EU,0,False
1Physical Flowhour2022-02-05 08:00:00 +00:002022-02-05 09:00:00 +00:00BE-TSO-0001ITP-00542exitkWh/h,1,Physical Flow,hour,2022-02-05T09:00:00+01:00,2022-02-05T10:00:00+01:00,BE-TSO-0001,21X-BE-A-A0A0A-Y,Fluxys Belgium,ITP-00542,VIP Belgium - NCG,21Z000000000497Z,exit,kWh/h,,,10621148,2022-03-20T02:03:09+01:00,,Confirmed,,,,,True,,,True,PRISMA,,https://platform.prisma-capacity.eu/,,Cross-Border Transmission IP within EU,0,False
1Physical Flowhour2022-02-05 09:00:00 +00:002022-02-05 10:00:00 +00:00BE-TSO-0001ITP-00542exitkWh/h,1,Physical Flow,hour,2022-02-05T10:00:00+01:00,2022-02-05T11:00:00+01:00,BE-TSO-0001,21X-BE-A-A0A0A-Y,Fluxys Belgium,ITP-00542,VIP Belgium - NCG,21Z000000000497Z,exit,kWh/h,,,10621644,2022-03-20T02:03:09+01:00,,Confirmed,,,,,True,,,True,PRISMA,,https://platform.prisma-capacity.eu/,,Cross-Border Transmission IP within EU,0,False
1Physical Flowhour2022-02-05 10:00:00 +00:002022-02-05 11:00:00 +00:00BE-TSO-0001ITP-00542exitkWh/h,1,Physical Flow,hour,2022-02-05T11:00:00+01:00,2022-02-05T12:00:00+01:00,BE-TSO-0001,21X-BE-A-A0A0A-Y,Fluxys Belgium,ITP-00542,VIP Belgium - NCG,21Z000000000497Z,exit,kWh/h,,,10619757,2022-03-20T02:03:09+01:00,,Confirmed,,,,,True,,,True,PRISMA,,https://platform.prisma-capacity.eu/,,Cross-Border Transmission IP within EU,0,False
1Physical Flowhour2022-02-05 11:00:00 +00:002022-02-05 12:00:00 +00:00BE-TSO-0001ITP-00542exitkWh/h,1,Physical Flow,hour,2022-02-05T12:00:00+01:00,2022-02-05T13:00:00+01:00,BE-TSO-0001,21X-BE-A-A0A0A-Y,Fluxys Belgium,ITP-00542,VIP Belgium - NCG,21Z000000000497Z,exit,kWh/h,,,10817819,2022-03-20T02:03:09+01:00,,Confirmed,,,,,True,,,True,PRISMA,,https://platform.prisma-capacity.eu/,,Cross-Border Transmission IP within EU,0,False
1Physical Flowhour2022-02-05 12:00:00 +00:002022-02-05 13:00:00 +00:00BE-TSO-0001ITP-00542exitkWh/h,1,Physical Flow,hour,2022-02-05T13:00:00+01:00,2022-02-05T14:00:00+01:00,BE-TSO-0001,21X-BE-A-A0A0A-Y,Fluxys Belgium,ITP-00542,VIP Belgium - NCG,21Z000000000497Z,exit,kWh/h,,,10847751,2022-03-20T02:03:09+01:00,,Confirmed,,,,,True,,,True,PRISMA,,https://platform.prisma-capacity.eu/,,Cross-Border Transmission IP within EU,0,False
1Physical Flowhour2022-02-05 13:00:00 +00:002022-02-05 14:00:00 +00:00BE-TSO-0001ITP-00542exitkWh/h,1,Physical Flow,hour,2022-02-05T14:00:00+01:00,2022-02-05T15:00:00+01:00,BE-TSO-0001,21X-BE-A-A0A0A-Y,Fluxys Belgium,ITP-00542,VIP Belgium - NCG,21Z000000000497Z,exit,kWh/h,,,10844872,2022-03-20T02:03:09+01:00,,Confirmed,,,,,True,,,True,PRISMA,,https://platform.prisma-capacity.eu/,,Cross-Border Transmission IP within EU,0,False
1Physical Flowhour2022-02-05 14:00:00 +00:002022-02-05 15:00:00 +00:00BE-TSO-0001ITP-00542exitkWh/h,1,Physical Flow,hour,2022-02-05T15:00:00+01:00,2022-02-05T16:00:00+01:00,BE-TSO-0001,21X-BE-A-A0A0A-Y,Fluxys Belgium,ITP-00542,VIP Belgium - NCG,21Z000000000497Z,exit,kWh/h,,,10843146,2022-03-20T02:03:09+01:00,,Confirmed,,,,,True,,,True,PRISMA,,https://platform.prisma-capacity.eu/,,Cross-Border Transmission IP within EU,0,False
1Physical Flowhour2022-02-05 15:00:00 +00:002022-02-05 16:00:00 +00:00BE-TSO-0001ITP-00542exitkWh/h,1,Physical Flow,hour,2022-02-05T16:00:00+01:00,2022-02-05T17:00:00+01:00,BE-TSO-0001,21X-BE-A-A0A0A-Y,Fluxys Belgium,ITP-00542,VIP Belgium - NCG,21Z000000000497Z,exit,kWh/h,,,10844545,2022-03-20T02:03:09+01:00,,Confirmed,,,,,True,,,True,PRISMA,,https://platform.prisma-capacity.eu/,,Cross-Border Transmission IP within EU,0,False
1Physical Flowhour2022-02-05 16:00:00 +00:002022-02-05 17:00:00 +00:00BE-TSO-0001ITP-00542exitkWh/h,1,Physical Flow,hour,2022-02-05T17:00:00+01:00,2022-02-05T18:00:00+01:00,BE-TSO-0001,21X-BE-A-A0A0A-Y,Fluxys Belgium,ITP-00542,VIP Belgium - NCG,21Z000000000497Z,exit,kWh/h,,,10844363,2022-03-20T02:03:09+01:00,,Confirmed,,,,,True,,,True,PRISMA,,https://platform.prisma-capacity.eu/,,Cross-Border Transmission IP within EU,0,False
1Physical Flowhour2022-02-05 17:00:00 +00:002022-02-05 18:00:00 +00:00BE-TSO-0001ITP-00542exitkWh/h,1,Physical Flow,hour,2022-02-05T18:00:00+01:00,2022-02-05T19:00:00+01:00,BE-TSO-0001,21X-BE-A-A0A0A-Y,Fluxys Belgium,ITP-00542,VIP Belgium - NCG,21Z000000000497Z,exit,kWh/h,,,10844865,2022-03-20T02:03:09+01:00,,Confirmed,,,,,True,,,True,PRISMA,,https://platform.prisma-capacity.eu/,,Cross-Border Transmission IP within EU,0,False
1Physical Flowhour2022-02-05 18:00:00 +00:002022-02-05 19:00:00 +00:00BE-TSO-0001ITP-00542exitkWh/h,1,Physical Flow,hour,2022-02-05T19:00:00+01:00,2022-02-05T20:00:00+01:00,BE-TSO-0001,21X-BE-A-A0A0A-Y,Fluxys Belgium,ITP-00542,VIP Belgium - NCG,21Z000000000497Z,exit,kWh/h,,,11043743,2022-03-20T02:03:09+01:00,,Confirmed,,,,,True,,,True,PRISMA,,https://platform.prisma-capacity.eu/,,Cross-Border Transmission IP within EU,0,False
1Physical Flowhour2022-02-05 19:00:00 +00:002022-02-05 20:00:00 +00:00BE-TSO-0001ITP-00542exitkWh/h,1,Physical Flow,hour,2022-02-05T20:00:00+01:00,2022-02-05T21:00:00+01:00,BE-TSO-0001,21X-BE-A-A0A0A-Y,Fluxys Belgium,ITP-00542,VIP Belgium - NCG,21Z000000000497Z,exit,kWh/h,,,11046506,2022-03-20T02:03:09+01:00,,Confirmed,,,,,True,,,True,PRISMA,,https://platform.prisma-capacity.eu/,,Cross-Border Transmission IP within EU,0,False
1Physical Flowhour2022-02-05 20:00:00 +00:002022-02-05 21:00:00 +00:00BE-TSO-0001ITP-00542exitkWh/h,1,Physical Flow,hour,2022-02-05T21:00:00+01:00,2022-02-05T22:00:00+01:00,BE-TSO-0001,21X-BE-A-A0A0A-Y,Fluxys Belgium,ITP-00542,VIP Belgium - NCG,21Z000000000497Z,exit,kWh/h,,,11042829,2022-03-20T02:03:09+01:00,,Confirmed,,,,,True,,,True,PRISMA,,https://platform.prisma-capacity.eu/,,Cross-Border Transmission IP within EU,0,False
1Physical Flowhour2022-02-05 21:00:00 +00:002022-02-05 22:00:00 +00:00BE-TSO-0001ITP-00542exitkWh/h,1,Physical Flow,hour,2022-02-05T22:00:00+01:00,2022-02-05T23:00:00+01:00,BE-TSO-0001,21X-BE-A-A0A0A-Y,Fluxys Belgium,ITP-00542,VIP Belgium - NCG,21Z000000000497Z,exit,kWh/h,,,11125920,2022-03-20T02:03:09+01:00,,Confirmed,,,,,True,,,True,PRISMA,,https://platform.prisma-capacity.eu/,,Cross-Border Transmission IP within EU,0,False
1Physical Flowhour2022-02-05 22:00:00 +00:002022-02-05 23:00:00 +00:00BE-TSO-0001ITP-00542exitkWh/h,1,Physical Flow,hour,2022-02-05T23:00:00+01:00,2022-02-06T00:00:00+01:00,BE-TSO-0001,21X-BE-A-A0A0A-Y,Fluxys Belgium,ITP-00542,VIP Belgium - NCG,21Z000000000497Z,exit,kWh/h,,,11275369,2022-03-20T02:03:09+01:00,,Confirmed,,,,,True,,,True,PRISMA,,https://platform.prisma-capacity.eu/,,Cross-Border Transmission IP within EU,0,False
1Physical Flowhour2022-02-05 23:00:00 +00:002022-02-06 00:00:00 +00:00BE-TSO-0001ITP-00542exitkWh/h,1,Physical Flow,hour,2022-02-06T00:00:00+01:00,2022-02-06T01:00:00+01:00,BE-TSO-0001,21X-BE-A-A0A0A-Y,Fluxys Belgium,ITP-00542,VIP Belgium - NCG,21Z000000000497Z,exit,kWh/h,,,11335827,2022-03-20T02:03:09+01:00,,Confirmed,,,,,True,,,True,PRISMA,,https://platform.prisma-capacity.eu/,,Cross-Border Transmission IP within EU,0,False
1Physical Flowhour2022-02-06 00:00:00 +00:002022-02-06 01:00:00 +00:00BE-TSO-0001ITP-00542exitkWh/h,1,Physical Flow,hour,2022-02-06T01:00:00+01:00,2022-02-06T02:00:00+01:00,BE-TSO-0001,21X-BE-A-A0A0A-Y,Fluxys Belgium,ITP-00542,VIP Belgium - NCG,21Z000000000497Z,exit,kWh/h,,,11333176,2022-03-20T02:03:09+01:00,,Confirmed,,,,,True,,,True,PRISMA,,https://platform.prisma-capacity.eu/,,Cross-Border Transmission IP within EU,0,False
1Physical Flowhour2022-02-06 01:00:00 +00:002022-02-06 02:00:00 +00:00BE-TSO-0001ITP-00542exitkWh/h,1,Physical Flow,hour,2022-02-06T02:00:00+01:00,2022-02-06T03:00:00+01:00,BE-TSO-0001,21X-BE-A-A0A0A-Y,Fluxys Belgium,ITP-00542,VIP Belgium - NCG,21Z000000000497Z,exit,kWh/h,,,11334196,2022-03-20T02:03:09+01:00,,Confirmed,,,,,True,,,True,PRISMA,,https://platform.prisma-capacity.eu/,,Cross-Border Transmission IP within EU,0,False
1Physical Flowhour2022-02-06 02:00:00 +00:002022-02-06 03:00:00 +00:00BE-TSO-0001ITP-00542exitkWh/h,1,Physical Flow,hour,2022-02-06T03:00:00+01:00,2022-02-06T04:00:00+01:00,BE-TSO-0001,21X-BE-A-A0A0A-Y,Fluxys Belgium,ITP-00542,VIP Belgium - NCG,21Z000000000497Z,exit,kWh/h,,,11331903,2022-03-20T02:03:09+01:00,,Confirmed,,,,,True,,,True,PRISMA,,https://platform.prisma-capacity.eu/,,Cross-Border Transmission IP within EU,0,False
1Physical Flowhour2022-02-06 03:00:00 +00:002022-02-06 04:00:00 +00:00BE-TSO-0001ITP-00542exitkWh/h,1,Physical Flow,hour,2022-02-06T04:00:00+01:00,2022-02-06T05:00:00+01:00,BE-TSO-0001,21X-BE-A-A0A0A-Y,Fluxys Belgium,ITP-00542,VIP Belgium - NCG,21Z000000000497Z,exit,kWh/h,,,11331859,2022-03-20T02:03:09+01:00,,Confirmed,,,,,True,,,True,PRISMA,,https://platform.prisma-capacity.eu/,,Cross-Border Transmission IP within EU,0,False
1Physical Flowhour2022-02-06 04:00:00 +00:002022-02-06 05:00:00 +00:00BE-TSO-0001ITP-00542exitkWh/h,1,Physical Flow,hour,2022-02-06T05:00:00+01:00,2022-02-06T06:00:00+01:00,BE-TSO-0001,21X-BE-A-A0A0A-Y,Fluxys Belgium,ITP-00542,VIP Belgium - NCG,21Z000000000497Z,exit,kWh/h,,,11323578,2022-03-20T02:03:09+01:00,,Confirmed,,,,,True,,,True,PRISMA,,https://platform.prisma-capacity.eu/,,Cross-Border Transmission IP within EU,0,False
1Physical Flowhour2022-02-06 05:00:00 +00:002022-02-06 06:00:00 +00:00BE-TSO-0001ITP-00542exitkWh/h,1,Physical Flow,hour,2022-02-06T06:00:00+01:00,2022-02-06T07:00:00+01:00,BE-TSO-0001,21X-BE-A-A0A0A-Y,Fluxys Belgium,ITP-00542,VIP Belgium - NCG,21Z000000000497Z,exit,kWh/h,,,11548581,2022-03-20T02:03:09+01:00,,Confirmed,,,,,True,,,True,PRISMA,,https://platform.prisma-capacity.eu/,,Cross-Border Transmission IP within EU,0,False
1Physical Flowhour2022-02-06 06:00:00 +00:002022-02-06 07:00:00 +00:00BE-TSO-0001ITP-00542exitkWh/h,1,Physical Flow,hour,2022-02-06T07:00:00+01:00,2022-02-06T08:00:00+01:00,BE-TSO-0001,21X-BE-A-A0A0A-Y,Fluxys Belgium,ITP-00542,VIP Belgium - NCG,21Z000000000497Z,exit,kWh/h,,,11547837,2022-03-20T02:03:09+01:00,,Confirmed,,,,,True,,,True,PRISMA,,https://platform.prisma-capacity.eu/,,Cross-Border Transmission IP within EU,0,False
1Physical Flowhour2022-02-06 07:00:00 +00:002022-02-06 08:00:00 +00:00BE-TSO-0001ITP-00542exitkWh/h,1,Physical Flow,hour,2022-02-06T08:00:00+01:00,2022-02-06T09:00:00+01:00,BE-TSO-0001,21X-BE-A-A0A0A-Y,Fluxys Belgium,ITP-00542,VIP Belgium - NCG,21Z000000000497Z,exit,kWh/h,,,11548275,2022-03-20T02:03:09+01:00,,Confirmed,,,,,True,,,True,PRISMA,,https://platform.prisma-capacity.eu/,,Cross-Border Transmission IP within EU,0,False
1Physical Flowhour2022-02-06 08:00:00 +00:002022-02-06 09:00:00 +00:00BE-TSO-0001ITP-00542exitkWh/h,1,Physical Flow,hour,2022-02-06T09:00:00+01:00,2022-02-06T10:00:00+01:00,BE-TSO-0001,21X-BE-A-A0A0A-Y,Fluxys Belgium,ITP-00542,VIP Belgium - NCG,21Z000000000497Z,exit,kWh/h,,,11548209,2022-03-20T02:03:09+01:00,,Confirmed,,,,,True,,,True,PRISMA,,https://platform.prisma-capacity.eu/,,Cross-Border Transmission IP within EU,0,False
1Physical Flowhour2022-02-06 09:00:00 +00:002022-02-06 10:00:00 +00:00BE-TSO-0001ITP-00542exitkWh/h,1,Physical Flow,hour,2022-02-06T10:00:00+01:00,2022-02-06T11:00:00+01:00,BE-TSO-0001,21X-BE-A-A0A0A-Y,Fluxys Belgium,ITP-00542,VIP Belgium - NCG,21Z000000000497Z,exit,kWh/h,,,11548483,2022-03-20T02:03:09+01:00,,Confirmed,,,,,True,,,True,PRISMA,,https://platform.prisma-capacity.eu/,,Cross-Border Transmission IP within EU,0,False
1Physical Flowhour2022-02-06 10:00:00 +00:002022-02-06 11:00:00 +00:00BE-TSO-0001ITP-00542exitkWh/h,1,Physical Flow,hour,2022-02-06T11:00:00+01:00,2022-02-06T12:00:00+01:00,BE-TSO-0001,21X-BE-A-A0A0A-Y,Fluxys Belgium,ITP-00542,VIP Belgium - NCG,21Z000000000497Z,exit,kWh/h,,,11548228,2022-03-20T02:03:09+01:00,,Confirmed,,,,,True,,,True,PRISMA,,https://platform.prisma-capacity.eu/,,Cross-Border Transmission IP within EU,0,False
1Physical Flowhour2022-02-06 11:00:00 +00:002022-02-06 12:00:00 +00:00BE-TSO-0001ITP-00542exitkWh/h,1,Physical Flow,hour,2022-02-06T12:00:00+01:00,2022-02-06T13:00:00+01:00,BE-TSO-0001,21X-BE-A-A0A0A-Y,Fluxys Belgium,ITP-00542,VIP Belgium - NCG,21Z000000000497Z,exit,kWh/h,,,11851286,2022-03-20T02:03:09+01:00,,Confirmed,,,,,True,,,True,PRISMA,,https://platform.prisma-capacity.eu/,,Cross-Border Transmission IP within EU,0,False
1Physical Flowhour2022-02-06 12:00:00 +00:002022-02-06 13:00:00 +00:00BE-TSO-0001ITP-00542exitkWh/h,1,Physical Flow,hour,2022-02-06T13:00:00+01:00,2022-02-06T14:00:00+01:00,BE-TSO-0001,21X-BE-A-A0A0A-Y,Fluxys Belgium,ITP-00542,VIP Belgium - NCG,21Z000000000497Z,exit,kWh/h,,,12095340,2022-03-20T02:03:09+01:00,,Confirmed,,,,,True,,,True,PRISMA,,https://platform.prisma-capacity.eu/,,Cross-Border Transmission IP within EU,0,False
1Physical Flowhour2022-02-06 13:00:00 +00:002022-02-06 14:00:00 +00:00BE-TSO-0001ITP-00542exitkWh/h,1,Physical Flow,hour,2022-02-06T14:00:00+01:00,2022-02-06T15:00:00+01:00,BE-TSO-0001,21X-BE-A-A0A0A-Y,Fluxys Belgium,ITP-00542,VIP Belgium - NCG,21Z000000000497Z,exit,kWh/h,,,12108839,2022-03-20T02:03:09+01:00,,Confirmed,,,,,True,,,True,PRISMA,,https://platform.prisma-capacity.eu/,,Cross-Border Transmission IP within EU,0,False
1Physical Flowhour2022-02-06 14:00:00 +00:002022-02-06 15:00:00 +00:00BE-TSO-0001ITP-00542exitkWh/h,1,Physical Flow,hour,2022-02-06T15:00:00+01:00,2022-02-06T16:00:00+01:00,BE-TSO-0001,21X-BE-A-A0A0A-Y,Fluxys Belgium,ITP-00542,VIP Belgium - NCG,21Z000000000497Z,exit,kWh/h,,,12150349,2022-03-20T02:03:09+01:00,,Confirmed,,,,,True,,,True,PRISMA,,https://platform.prisma-capacity.eu/,,Cross-Border Transmission IP within EU,0,False
1Physical Flowhour2022-02-06 15:00:00 +00:002022-02-06 16:00:00 +00:00BE-TSO-0001ITP-00542exitkWh/h,1,Physical Flow,hour,2022-02-06T16:00:00+01:00,2022-02-06T17:00:00+01:00,BE-TSO-0001,21X-BE-A-A0A0A-Y,Fluxys Belgium,ITP-00542,VIP Belgium - NCG,21Z000000000497Z,exit,kWh/h,,,11954405,2022-03-20T02:03:09+01:00,,Confirmed,,,,,True,,,True,PRISMA,,https://platform.prisma-capacity.eu/,,Cross-Border Transmission IP within EU,0,False
1Physical Flowhour2022-02-06 16:00:00 +00:002022-02-06 17:00:00 +00:00BE-TSO-0001ITP-00542exitkWh/h,1,Physical Flow,hour,2022-02-06T17:00:00+01:00,2022-02-06T18:00:00+01:00,BE-TSO-0001,21X-BE-A-A0A0A-Y,Fluxys Belgium,ITP-00542,VIP Belgium - NCG,21Z000000000497Z,exit,kWh/h,,,11755544,2022-03-20T02:03:09+01:00,,Confirmed,,,,,True,,,True,PRISMA,,https://platform.prisma-capacity.eu/,,Cross-Border Transmission IP within EU,0,False
1Physical Flowhour2022-02-06 17:00:00 +00:002022-02-06 18:00:00 +00:00BE-TSO-0001ITP-00542exitkWh/h,1,Physical Flow,hour,2022-02-06T18:00:00+01:00,2022-02-06T19:00:00+01:00,BE-TSO-0001,21X-BE-A-A0A0A-Y,Fluxys Belgium,ITP-00542,VIP Belgium - NCG,21Z000000000497Z,exit,kWh/h,,,11752823,2022-03-20T02:03:09+01:00,,Confirmed,,,,,True,,,True,PRISMA,,https://platform.prisma-capacity.eu/,,Cross-Border Transmission IP within EU,0,False
1Physical Flowhour2022-02-06 18:00:00 +00:002022-02-06 19:00:00 +00:00BE-TSO-0001ITP-00542exitkWh/h,1,Physical Flow,hour,2022-02-06T19:00:00+01:00,2022-02-06T20:00:00+01:00,BE-TSO-0001,21X-BE-A-A0A0A-Y,Fluxys Belgium,ITP-00542,VIP Belgium - NCG,21Z000000000497Z,exit,kWh/h,,,11852658,2022-03-20T02:03:09+01:00,,Confirmed,,,,,True,,,True,PRISMA,,https://platform.prisma-capacity.eu/,,Cross-Border Transmission IP within EU,0,False
1Physical Flowhour2022-02-06 19:00:00 +00:002022-02-06 20:00:00 +00:00BE-TSO-0001ITP-00542exitkWh/h,1,Physical Flow,hour,2022-02-06T20:00:00+01:00,2022-02-06T21:00:00+01:00,BE-TSO-0001,21X-BE-A-A0A0A-Y,Fluxys Belgium,ITP-00542,VIP Belgium - NCG,21Z000000000497Z,exit,kWh/h,,,11935682,2022-03-20T02:03:09+01:00,,Confirmed,,,,,True,,,True,PRISMA,,https://platform.prisma-capacity.eu/,,Cross-Border Transmission IP within EU,0,False
1Physical Flowhour2022-02-06 20:00:00 +00:002022-02-06 21:00:00 +00:00BE-TSO-0001ITP-00542exitkWh/h,1,Physical Flow,hour,2022-02-06T21:00:00+01:00,2022-02-06T22:00:00+01:00,BE-TSO-0001,21X-BE-A-A0A0A-Y,Fluxys Belgium,ITP-00542,VIP Belgium - NCG,21Z000000000497Z,exit,kWh/h,,,12180626,2022-03-20T02:03:09+01:00,,Confirmed,,,,,True,,,True,PRISMA,,https://platform.prisma-capacity.eu/,,Cross-Border Transmission IP within EU,0,False
1Physical Flowhour2022-02-06 21:00:00 +00:002022-02-06 22:00:00 +00:00BE-TSO-0001ITP-00542exitkWh/h,1,Physical Flow,hour,2022-02-06T22:00:00+01:00,2022-02-06T23:00:00+01:00,BE-TSO-0001,21X-BE-A-A0A0A-Y,Fluxys Belgium,ITP-00542,VIP Belgium - NCG,21Z000000000497Z,exit,kWh/h,,,12586701,2022-03-20T02:03:09+01:00,,Confirmed,,,,,True,,,True,PRISMA,,https://platform.prisma-capacity.eu/,,Cross-Border Transmission IP within EU,0,False
1Physical Flowhour2022-02-06 22:00:00 +00:002022-02-06 23:00:00 +00:00BE-TSO-0001ITP-00542exitkWh/h,1,Physical Flow,hour,2022-02-06T23:00:00+01:00,2022-02-07T00:00:00+01:00,BE-TSO-0001,21X-BE-A-A0A0A-Y,Fluxys Belgium,ITP-00542,VIP Belgium - NCG,21Z000000000497Z,exit,kWh/h,,,12583868,2022-03-20T02:03:09+01:00,,Confirmed,,,,,True,,,True,PRISMA,,https://platform.prisma-capacity.eu/,,Cross-Border Transmission IP within EU,0,False
1Physical Flowhour2022-02-06 23:00:00 +00:002022-02-07 00:00:00 +00:00BE-TSO-0001ITP-00542exitkWh/h,1,Physical Flow,hour,2022-02-07T00:00:00+01:00,2022-02-07T01:00:00+01:00,BE-TSO-0001,21X-BE-A-A0A0A-Y,Fluxys Belgium,ITP-00542,VIP Belgium - NCG,21Z000000000497Z,exit,kWh/h,,,12582173,2022-03-20T02:03:09+01:00,,Confirmed,,,,,True,,,True,PRISMA,,https://platform.prisma-capacity.eu/,,Cross-Border Transmission IP within EU,0,False
1Physical Flowhour2022-02-07 00:00:00 +00:002022-02-07 01:00:00 +00:00BE-TSO-0001ITP-00542exitkWh/h,1,Physical Flow,hour,2022-02-07T01:00:00+01:00,2022-02-07T02:00:00+01:00,BE-TSO-0001,21X-BE-A-A0A0A-Y,Fluxys Belgium,ITP-00542,VIP Belgium - NCG,21Z000000000497Z,exit,kWh/h,,,12572687,2022-03-20T02:03:09+01:00,,Confirmed,,,,,True,,,True,PRISMA,,https://platform.prisma-capacity.eu/,,Cross-Border Transmission IP within EU,0,False
1Physical Flowhour2022-02-07 01:00:00 +00:002022-02-07 02:00:00 +00:00BE-TSO-0001ITP-00542exitkWh/h,1,Physical Flow,hour,2022-02-07T02:00:00+01:00,2022-02-07T03:00:00+01:00,BE-TSO-0001,21X-BE-A-A0A0A-Y,Fluxys Belgium,ITP-00542,VIP Belgium - NCG,21Z000000000497Z,exit,kWh/h,,,12586193,2022-03-20T02:03:09+01:00,,Confirmed,,,,,True,,,True,PRISMA,,https://platform.prisma-capacity.eu/,,Cross-Border Transmission IP within EU,0,False
1Physical Flowhour2022-02-07 02:00:00 +00:002022-02-07 03:00:00 +00:00BE-TSO-0001ITP-00542exitkWh/h,1,Physical Flow,hour,2022-02-07T03:00:00+01:00,2022-02-07T04:00:00+01:00,BE-TSO-0001,21X-BE-A-A0A0A-Y,Fluxys Belgium,ITP-00542,VIP Belgium - NCG,21Z000000000497Z,exit,kWh/h,,,12589373,2022-03-20T02:03:09+01:00,,Confirmed,,,,,True,,,True,PRISMA,,https://platform.prisma-capacity.eu/,,Cross-Border Transmission IP within EU,0,False
1Physical Flowhour2022-02-07 03:00:00 +00:002022-02-07 04:00:00 +00:00BE-TSO-0001ITP-00542exitkWh/h,1,Physical Flow,hour,2022-02-07T04:00:00+01:00,2022-02-07T05:00:00+01:00,BE-TSO-0001,21X-BE-A-A0A0A-Y,Fluxys Belgium,ITP-00542,VIP Belgium - NCG,21Z000000000497Z,exit,kWh/h,,,12988674,2022-03-20T02:03:09+01:00,,Confirmed,,,,,True,,,True,PRISMA,,https://platform.prisma-capacity.eu/,,Cross-Border Transmission IP within EU,0,False
1Physical Flowhour2022-02-07 04:00:00 +00:002022-02-07 05:00:00 +00:00BE-TSO-0001ITP-00542exitkWh/h,1,Physical Flow,hour,2022-02-07T05:00:00+01:00,2022-02-07T06:00:00+01:00,BE-TSO-0001,21X-BE-A-A0A0A-Y,Fluxys Belgium,ITP-00542,VIP Belgium - NCG,21Z000000000497Z,exit,kWh/h,,,13702773,2022-03-20T02:03:09+01:00,,Confirmed,,,,,True,,,True,PRISMA,,https://platform.prisma-capacity.eu/,,Cross-Border Transmission IP within EU,0,False
1Physical Flowhour2022-02-07 05:00:00 +00:002022-02-07 06:00:00 +00:00BE-TSO-0001ITP-00542exitkWh/h,1,Physical Flow,hour,2022-02-07T06:00:00+01:00,2022-02-07T07:00:00+01:00,BE-TSO-0001,21X-BE-A-A0A0A-Y,Fluxys Belgium,ITP-00542,VIP Belgium - NCG,21Z000000000497Z,exit,kWh/h,,,12603931,2022-03-20T02:03:09+01:00,,Confirmed,,,,,True,,,True,PRISMA,,https://platform.prisma-capacity.eu/,,Cross-Border Transmission IP within EU,0,False
1Physical Flowhour2022-02-07 06:00:00 +00:002022-02-07 07:00:00 +00:00BE-TSO-0001ITP-00542exitkWh/h,1,Physical Flow,hour,2022-02-07T07:00:00+01:00,2022-02-07T08:00:00+01:00,BE-TSO-0001,21X-BE-A-A0A0A-Y,Fluxys Belgium,ITP-00542,VIP Belgium - NCG,21Z000000000497Z,exit,kWh/h,,,12602855,2022-03-20T02:03:09+01:00,,Confirmed,,,,,True,,,True,PRISMA,,https://platform.prisma-capacity.eu/,,Cross-Border Transmission IP within EU,0,False
1Physical Flowhour2022-02-07 07:00:00 +00:002022-02-07 08:00:00 +00:00BE-TSO-0001ITP-00542exitkWh/h,1,Physical Flow,hour,2022-02-07T08:00:00+01:00,2022-02-07T09:00:00+01:00,BE-TSO-0001,21X-BE-A-A0A0A-Y,Fluxys Belgium,ITP-00542,VIP Belgium - NCG,21Z000000000497Z,exit,kWh/h,,,12603362,2022-03-20T02:03:09+01:00,,Confirmed,,,,,True,,,True,PRISMA,,https://platform.prisma-capacity.eu/,,Cross-Border Transmission IP within EU,0,False
1Physical Flowhour2022-02-07 08:00:00 +00:002022-02-07 09:00:00 +00:00BE-TSO-0001ITP-00542exitkWh/h,1,Physical Flow,hour,2022-02-07T09:00:00+01:00,2022-02-07T10:00:00+01:00,BE-TSO-0001,21X-BE-A-A0A0A-Y,Fluxys Belgium,ITP-00542,VIP Belgium - NCG,21Z000000000497Z,exit,kWh/h,,,12602558,2022-03-20T02:03:09+01:00,,Confirmed,,,,,True,,,True,PRISMA,,https://platform.prisma-capacity.eu/,,Cross-Border Transmission IP within EU,0,False
1Physical Flowhour2022-02-07 09:00:00 +00:002022-02-07 10:00:00 +00:00BE-TSO-0001ITP-00542exitkWh/h,1,Physical Flow,hour,2022-02-07T10:00:00+01:00,2022-02-07T11:00:00+01:00,BE-TSO-0001,21X-BE-A-A0A0A-Y,Fluxys Belgium,ITP-00542,VIP Belgium - NCG,21Z000000000497Z,exit,kWh/h,,,12601580,2022-03-20T02:03:09+01:00,,Confirmed,,,,,True,,,True,PRISMA,,https://platform.prisma-capacity.eu/,,Cross-Border Transmission IP within EU,0,False
1Physical Flowhour2022-02-07 10:00:00 +00:002022-02-07 11:00:00 +00:00BE-TSO-0001ITP-00542exitkWh/h,1,Physical Flow,hour,2022-02-07T11:00:00+01:00,2022-02-07T12:00:00+01:00,BE-TSO-0001,21X-BE-A-A0A0A-Y,Fluxys Belgium,ITP-00542,VIP Belgium - NCG,21Z000000000497Z,exit,kWh/h,,,12601474,2022-03-20T02:03:09+01:00,,Confirmed,,,,,True,,,True,PRISMA,,https://platform.prisma-capacity.eu/,,Cross-Border Transmission IP within EU,0,False
1Physical Flowhour2022-02-07 11:00:00 +00:002022-02-07 12:00:00 +00:00BE-TSO-0001ITP-00542exitkWh/h,1,Physical Flow,hour,2022-02-07T12:00:00+01:00,2022-02-07T13:00:00+01:00,BE-TSO-0001,21X-BE-A-A0A0A-Y,Fluxys Belgium,ITP-00542,VIP Belgium - NCG,21Z000000000497Z,exit,kWh/h,,,12603327,2022-03-20T02:03:09+01:00,,Confirmed,,,,,True,,,True,PRISMA,,https://platform.prisma-capacity.eu/,,Cross-Border Transmission IP within EU,0,False
1Physical Flowhour2022-02-07 12:00:00 +00:002022-02-07 13:00:00 +00:00BE-TSO-0001ITP-00542exitkWh/h,1,Physical Flow,hour,2022-02-07T13:00:00+01:00,2022-02-07T14:00:00+01:00,BE-TSO-0001,21X-BE-A-A0A0A-Y,Fluxys Belgium,ITP-00542,VIP Belgium - NCG,21Z000000000497Z,exit,kWh/h,,,12603108,2022-03-20T02:03:09+01:00,,Confirmed,,,,,True,,,True,PRISMA,,https://platform.prisma-capacity.eu/,,Cross-Border Transmission IP within EU,0,False
1Physical Flowhour2022-02-07 13:00:00 +00:002022-02-07 14:00:00 +00:00BE-TSO-0001ITP-00542exitkWh/h,1,Physical Flow,hour,2022-02-07T14:00:00+01:00,2022-02-07T15:00:00+01:00,BE-TSO-0001,21X-BE-A-A0A0A-Y,Fluxys Belgium,ITP-00542,VIP Belgium - NCG,21Z000000000497Z,exit,kWh/h,,,12602798,2022-03-20T02:03:09+01:00,,Confirmed,,,,,True,,,True,PRISMA,,https://platform.prisma-capacity.eu/,,Cross-Border Transmission IP within EU,0,False
1Physical Flowhour2022-02-07 14:00:00 +00:002022-02-07 15:00:00 +00:00BE-TSO-0001ITP-00542exitkWh/h,1,Physical Flow,hour,2022-02-07T15:00:00+01:00,2022-02-07T16:00:00+01:00,BE-TSO-0001,21X-BE-A-A0A0A-Y,Fluxys Belgium,ITP-00542,VIP Belgium - NCG,21Z000000000497Z,exit,kWh/h,,,12600756,2022-03-20T02:03:09+01:00,,Confirmed,,,,,True,,,True,PRISMA,,https://platform.prisma-capacity.eu/,,Cross-Border Transmission IP within EU,0,False
1Physical Flowhour2022-02-07 15:00:00 +00:002022-02-07 16:00:00 +00:00BE-TSO-0001ITP-00542exitkWh/h,1,Physical Flow,hour,2022-02-07T16:00:00+01:00,2022-02-07T17:00:00+01:00,BE-TSO-0001,21X-BE-A-A0A0A-Y,Fluxys Belgium,ITP-00542,VIP Belgium - NCG,21Z000000000497Z,exit,kWh/h,,,12598218,2022-03-20T02:03:09+01:00,,Confirmed,,,,,True,,,True,PRISMA,,https://platform.prisma-capacity.eu/,,Cross-Border Transmission IP within EU,0,False
1Physical Flowhour2022-02-07 16:00:00 +00:002022-02-07 17:00:00 +00:00BE-TSO-0001ITP-00542exitkWh/h,1,Physical Flow,hour,2022-02-07T17:00:00+01:00,2022-02-07T18:00:00+01:00,BE-TSO-0001,21X-BE-A-A0A0A-Y,Fluxys Belgium,ITP-00542,VIP Belgium - NCG,21Z000000000497Z,exit,kWh/h,,,12599098,2022-03-20T02:03:09+01:00,,Confirmed,,,,,True,,,True,PRISMA,,https://platform.prisma-capacity.eu/,,Cross-Border Transmission IP within EU,0,False
1Physical Flowhour2022-02-07 17:00:00 +00:002022-02-07 18:00:00 +00:00BE-TSO-0001ITP-00542exitkWh/h,1,Physical Flow,hour,2022-02-07T18:00:00+01:00,2022-02-07T19:00:00+01:00,BE-TSO-0001,21X-BE-A-A0A0A-Y,Fluxys Belgium,ITP-00542,VIP Belgium - NCG,21Z000000000497Z,exit,kWh/h,,,12604235,2022-03-20T02:03:09+01:00,,Confirmed,,,,,True,,,True,PRISMA,,https://platform.prisma-capacity.eu/,,Cross-Border Transmission IP within EU,0,False
1Physical Flowhour2022-02-07 18:00:00 +00:002022-02-07 19:00:00 +00:00BE-TSO-0001ITP-00542exitkWh/h,1,Physical Flow,hour,2022-02-07T19:00:00+01:00,2022-02-07T20:00:00+01:00,BE-TSO-0001,21X-BE-A-A0A0A-Y,Fluxys Belgium,ITP-00542,VIP Belgium - NCG,21Z000000000497Z,exit,kWh/h,,,12599089,2022-03-20T02:03:09+01:00,,Confirmed,,,,,True,,,True,PRISMA,,https://platform.prisma-capacity.eu/,,Cross-Border Transmission IP within EU,0,False
1Physical Flowhour2022-02-07 19:00:00 +00:002022-02-07 20:00:00 +00:00BE-TSO-0001ITP-00542exitkWh/h,1,Physical Flow,hour,2022-02-07T20:00:00+01:00,2022-02-07T21:00:00+01:00,BE-TSO-0001,21X-BE-A-A0A0A-Y,Fluxys Belgium,ITP-00542,VIP Belgium - NCG,21Z000000000497Z,exit,kWh/h,,,12602969,2022-03-20T02:03:09+01:00,,Confirmed,,,,,True,,,True,PRISMA,,https://platform.prisma-capacity.eu/,,Cross-Border Transmission IP within EU,0,False
1Physical Flowhour2022-02-07 20:00:00 +00:002022-02-07 21:00:00 +00:00BE-TSO-0001ITP-00542exitkWh/h,1,Physical Flow,hour,2022-02-07T21:00:00+01:00,2022-02-07T22:00:00+01:00,BE-TSO-0001,21X-BE-A-A0A0A-Y,Fluxys Belgium,ITP-00542,VIP Belgium - NCG,21Z000000000497Z,exit,kWh/h,,,12603228,2022-03-20T02:03:09+01:00,,Confirmed,,,,,True,,,True,PRISMA,,https://platform.prisma-capacity.eu/,,Cross-Border Transmission IP within EU,0,False
1Physical Flowhour2022-02-07 21:00:00 +00:002022-02-07 22:00:00 +00:00BE-TSO-0001ITP-00542exitkWh/h,1,Physical Flow,hour,2022-02-07T22:00:00+01:00,2022-02-07T23:00:00+01:00,BE-TSO-0001,21X-BE-A-A0A0A-Y,Fluxys Belgium,ITP-00542,VIP Belgium - NCG,21Z000000000497Z,exit,kWh/h,,,12598185,2022-03-20T02:03:09+01:00,,Confirmed,,,,,True,,,True,PRISMA,,https://platform.prisma-capacity.eu/,,Cross-Border Transmission IP within EU,0,False
1Physical Flowhour2022-02-07 22:00:00 +00:002022-02-07 23:00:00 +00:00BE-TSO-0001ITP-00542exitkWh/h,1,Physical Flow,hour,2022-02-07T23:00:00+01:00,2022-02-08T00:00:00+01:00,BE-TSO-0001,21X-BE-A-A0A0A-Y,Fluxys Belgium,ITP-00542,VIP Belgium - NCG,21Z000000000497Z,exit,kWh/h,,,12597622,2022-03-20T02:03:09+01:00,,Confirmed,,,,,True,,,True,PRISMA,,https://platform.prisma-capacity.eu/,,Cross-Border Transmission IP within EU,0,False
1Physical Flowhour2022-02-07 23:00:00 +00:002022-02-08 00:00:00 +00:00BE-TSO-0001ITP-00542exitkWh/h,1,Physical Flow,hour,2022-02-08T00:00:00+01:00,2022-02-08T01:00:00+01:00,BE-TSO-0001,21X-BE-A-A0A0A-Y,Fluxys Belgium,ITP-00542,VIP Belgium - NCG,21Z000000000497Z,exit,kWh/h,,,12597620,2022-03-20T02:03:09+01:00,,Confirmed,,,,,True,,,True,PRISMA,,https://platform.prisma-capacity.eu/,,Cross-Border Transmission IP within EU,0,False
1Physical Flowhour2022-02-08 00:00:00 +00:002022-02-08 01:00:00 +00:00BE-TSO-0001ITP-00542exitkWh/h,1,Physical Flow,hour,2022-02-08T01:00:00+01:00,2022-02-08T02:00:00+01:00,BE-TSO-0001,21X-BE-A-A0A0A-Y,Fluxys Belgium,ITP-00542,VIP Belgium - NCG,21Z000000000497Z,exit,kWh/h,,,12600359,2022-03-20T02:03:09+01:00,,Confirmed,,,,,True,,,True,PRISMA,,https://platform.prisma-capacity.eu/,,Cross-Border Transmission IP within EU,0,False
1Physical Flowhour2022-02-08 01:00:00 +00:002022-02-08 02:00:00 +00:00BE-TSO-0001ITP-00542exitkWh/h,1,Physical Flow,hour,2022-02-08T02:00:00+01:00,2022-02-08T03:00:00+01:00,BE-TSO-0001,21X-BE-A-A0A0A-Y,Fluxys Belgium,ITP-00542,VIP Belgium - NCG,21Z000000000497Z,exit,kWh/h,,,12598225,2022-03-20T02:03:09+01:00,,Confirmed,,,,,True,,,True,PRISMA,,https://platform.prisma-capacity.eu/,,Cross-Border Transmission IP within EU,0,False
1Physical Flowhour2022-02-08 02:00:00 +00:002022-02-08 03:00:00 +00:00BE-TSO-0001ITP-00542exitkWh/h,1,Physical Flow,hour,2022-02-08T03:00:00+01:00,2022-02-08T04:00:00+01:00,BE-TSO-0001,21X-BE-A-A0A0A-Y,Fluxys Belgium,ITP-00542,VIP Belgium - NCG,21Z000000000497Z,exit,kWh/h,,,12596773,2022-03-20T02:03:09+01:00,,Confirmed,,,,,True,,,True,PRISMA,,https://platform.prisma-capacity.eu/,,Cross-Border Transmission IP within EU,0,False
1Physical Flowhour2022-02-08 03:00:00 +00:002022-02-08 04:00:00 +00:00BE-TSO-0001ITP-00542exitkWh/h,1,Physical Flow,hour,2022-02-08T04:00:00+01:00,2022-02-08T05:00:00+01:00,BE-TSO-0001,21X-BE-A-A0A0A-Y,Fluxys Belgium,ITP-00542,VIP Belgium - NCG,21Z000000000497Z,exit,kWh/h,,,12595353,2022-03-20T02:03:09+01:00,,Confirmed,,,,,True,,,True,PRISMA,,https://platform.prisma-capacity.eu/,,Cross-Border Transmission IP within EU,0,False
1Physical Flowhour2022-02-08 04:00:00 +00:002022-02-08 05:00:00 +00:00BE-TSO-0001ITP-00542exitkWh/h,1,Physical Flow,hour,2022-02-08T05:00:00+01:00,2022-02-08T06:00:00+01:00,BE-TSO-0001,21X-BE-A-A0A0A-Y,Fluxys Belgium,ITP-00542,VIP Belgium - NCG,21Z000000000497Z,exit,kWh/h,,,12595037,2022-03-20T02:03:09+01:00,,Confirmed,,,,,True,,,True,PRISMA,,https://platform.prisma-capacity.eu/,,Cross-Border Transmission IP within EU,0,False
1Physical Flowhour2022-02-08 05:00:00 +00:002022-02-08 06:00:00 +00:00BE-TSO-0001ITP-00542exitkWh/h,1,Physical Flow,hour,2022-02-08T06:00:00+01:00,2022-02-08T07:00:00+01:00,BE-TSO-0001,21X-BE-A-A0A0A-Y,Fluxys Belgium,ITP-00542,VIP Belgium - NCG,21Z000000000497Z,exit,kWh/h,,,11298497,2022-03-20T02:03:09+01:00,,Confirmed,,,,,True,,,True,PRISMA,,https://platform.prisma-capacity.eu/,,Cross-Border Transmission IP within EU,0,False
1Physical Flowhour2022-02-08 06:00:00 +00:002022-02-08 07:00:00 +00:00BE-TSO-0001ITP-00542exitkWh/h,1,Physical Flow,hour,2022-02-08T07:00:00+01:00,2022-02-08T08:00:00+01:00,BE-TSO-0001,21X-BE-A-A0A0A-Y,Fluxys Belgium,ITP-00542,VIP Belgium - NCG,21Z000000000497Z,exit,kWh/h,,,11299806,2022-03-20T02:03:09+01:00,,Confirmed,,,,,True,,,True,PRISMA,,https://platform.prisma-capacity.eu/,,Cross-Border Transmission IP within EU,0,False
1Physical Flowhour2022-02-08 07:00:00 +00:002022-02-08 08:00:00 +00:00BE-TSO-0001ITP-00542exitkWh/h,1,Physical Flow,hour,2022-02-08T08:00:00+01:00,2022-02-08T09:00:00+01:00,BE-TSO-0001,21X-BE-A-A0A0A-Y,Fluxys Belgium,ITP-00542,VIP Belgium - NCG,21Z000000000497Z,exit,kWh/h,,,11760434,2022-03-20T02:03:09+01:00,,Confirmed,,,,,True,,,True,PRISMA,,https://platform.prisma-capacity.eu/,,Cross-Border Transmission IP within EU,0,False
1Physical Flowhour2022-02-08 08:00:00 +00:002022-02-08 09:00:00 +00:00BE-TSO-0001ITP-00542exitkWh/h,1,Physical Flow,hour,2022-02-08T09:00:00+01:00,2022-02-08T10:00:00+01:00,BE-TSO-0001,21X-BE-A-A0A0A-Y,Fluxys Belgium,ITP-00542,VIP Belgium - NCG,21Z000000000497Z,exit,kWh/h,,,11276968,2022-03-20T02:03:09+01:00,,Confirmed,,,,,True,,,True,PRISMA,,https://platform.prisma-capacity.eu/,,Cross-Border Transmission IP within EU,0,False
1Physical Flowhour2022-02-08 09:00:00 +00:002022-02-08 10:00:00 +00:00BE-TSO-0001ITP-00542exitkWh/h,1,Physical Flow,hour,2022-02-08T10:00:00+01:00,2022-02-08T11:00:00+01:00,BE-TSO-0001,21X-BE-A-A0A0A-Y,Fluxys Belgium,ITP-00542,VIP Belgium - NCG,21Z000000000497Z,exit,kWh/h,,,11276880,2022-03-20T02:03:09+01:00,,Confirmed,,,,,True,,,True,PRISMA,,https://platform.prisma-capacity.eu/,,Cross-Border Transmission IP within EU,0,False
1Physical Flowhour2022-02-08 10:00:00 +00:002022-02-08 11:00:00 +00:00BE-TSO-0001ITP-00542exitkWh/h,1,Physical Flow,hour,2022-02-08T11:00:00+01:00,2022-02-08T12:00:00+01:00,BE-TSO-0001,21X-BE-A-A0A0A-Y,Fluxys Belgium,ITP-00542,VIP Belgium - NCG,21Z000000000497Z,exit,kWh/h,,,11277321,2022-03-20T02:03:09+01:00,,Confirmed,,,,,True,,,True,PRISMA,,https://platform.prisma-capacity.eu/,,Cross-Border Transmission IP within EU,0,False
1Physical Flowhour2022-02-08 11:00:00 +00:002022-02-08 12:00:00 +00:00BE-TSO-0001ITP-00542exitkWh/h,1,Physical Flow,hour,2022-02-08T12:00:00+01:00,2022-02-08T13:00:00+01:00,BE-TSO-0001,21X-BE-A-A0A0A-Y,Fluxys Belgium,ITP-00542,VIP Belgium - NCG,21Z000000000497Z,exit,kWh/h,,,11773297,2022-03-20T02:03:09+01:00,,Confirmed,,,,,True,,,True,PRISMA,,https://platform.prisma-capacity.eu/,,Cross-Border Transmission IP within EU,0,False
1Physical Flowhour2022-02-08 12:00:00 +00:002022-02-08 13:00:00 +00:00BE-TSO-0001ITP-00542exitkWh/h,1,Physical Flow,hour,2022-02-08T13:00:00+01:00,2022-02-08T14:00:00+01:00,BE-TSO-0001,21X-BE-A-A0A0A-Y,Fluxys Belgium,ITP-00542,VIP Belgium - NCG,21Z000000000497Z,exit,kWh/h,,,11297760,2022-03-20T02:03:09+01:00,,Confirmed,,,,,True,,,True,PRISMA,,https://platform.prisma-capacity.eu/,,Cross-Border Transmission IP within EU,0,False
1Physical Flowhour2022-02-08 13:00:00 +00:002022-02-08 14:00:00 +00:00BE-TSO-0001ITP-00542exitkWh/h,1,Physical Flow,hour,2022-02-08T14:00:00+01:00,2022-02-08T15:00:00+01:00,BE-TSO-0001,21X-BE-A-A0A0A-Y,Fluxys Belgium,ITP-00542,VIP Belgium - NCG,21Z000000000497Z,exit,kWh/h,,,11701844,2022-03-20T02:03:09+01:00,,Confirmed,,,,,True,,,True,PRISMA,,https://platform.prisma-capacity.eu/,,Cross-Border Transmission IP within EU,0,False
1Physical Flowhour2022-02-08 14:00:00 +00:002022-02-08 15:00:00 +00:00BE-TSO-0001ITP-00542exitkWh/h,1,Physical Flow,hour,2022-02-08T15:00:00+01:00,2022-02-08T16:00:00+01:00,BE-TSO-0001,21X-BE-A-A0A0A-Y,Fluxys Belgium,ITP-00542,VIP Belgium - NCG,21Z000000000497Z,exit,kWh/h,,,11923978,2022-03-20T02:03:09+01:00,,Confirmed,,,,,True,,,True,PRISMA,,https://platform.prisma-capacity.eu/,,Cross-Border Transmission IP within EU,0,False
1Physical Flowhour2022-02-08 15:00:00 +00:002022-02-08 16:00:00 +00:00BE-TSO-0001ITP-00542exitkWh/h,1,Physical Flow,hour,2022-02-08T16:00:00+01:00,2022-02-08T17:00:00+01:00,BE-TSO-0001,21X-BE-A-A0A0A-Y,Fluxys Belgium,ITP-00542,VIP Belgium - NCG,21Z000000000497Z,exit,kWh/h,,,11922735,2022-03-20T02:03:09+01:00,,Confirmed,,,,,True,,,True,PRISMA,,https://platform.prisma-capacity.eu/,,Cross-Border Transmission IP within EU,0,False
1Physical Flowhour2022-02-08 16:00:00 +00:002022-02-08 17:00:00 +00:00BE-TSO-0001ITP-00542exitkWh/h,1,Physical Flow,hour,2022-02-08T17:00:00+01:00,2022-02-08T18:00:00+01:00,BE-TSO-0001,21X-BE-A-A0A0A-Y,Fluxys Belgium,ITP-00542,VIP Belgium - NCG,21Z000000000497Z,exit,kWh/h,,,11923276,2022-03-20T02:03:09+01:00,,Confirmed,,,,,True,,,True,PRISMA,,https://platform.prisma-capacity.eu/,,Cross-Border Transmission IP within EU,0,False
1Physical Flowhour2022-02-08 17:00:00 +00:002022-02-08 18:00:00 +00:00BE-TSO-0001ITP-00542exitkWh/h,1,Physical Flow,hour,2022-02-08T18:00:00+01:00,2022-02-08T19:00:00+01:00,BE-TSO-0001,21X-BE-A-A0A0A-Y,Fluxys Belgium,ITP-00542,VIP Belgium - NCG,21Z000000000497Z,exit,kWh/h,,,11932912,2022-03-20T02:03:09+01:00,,Confirmed,,,,,True,,,True,PRISMA,,https://platform.prisma-capacity.eu/,,Cross-Border Transmission IP within EU,0,False
1Physical Flowhour2022-02-08 18:00:00 +00:002022-02-08 19:00:00 +00:00BE-TSO-0001ITP-00542exitkWh/h,1,Physical Flow,hour,2022-02-08T19:00:00+01:00,2022-02-08T20:00:00+01:00,BE-TSO-0001,21X-BE-A-A0A0A-Y,Fluxys Belgium,ITP-00542,VIP Belgium - NCG,21Z000000000497Z,exit,kWh/h,,,12237165,2022-03-20T02:03:09+01:00,,Confirmed,,,,,True,,,True,PRISMA,,https://platform.prisma-capacity.eu/,,Cross-Border Transmission IP within EU,0,False
1Physical Flowhour2022-02-08 19:00:00 +00:002022-02-08 20:00:00 +00:00BE-TSO-0001ITP-00542exitkWh/h,1,Physical Flow,hour,2022-02-08T20:00:00+01:00,2022-02-08T21:00:00+01:00,BE-TSO-0001,21X-BE-A-A0A0A-Y,Fluxys Belgium,ITP-00542,VIP Belgium - NCG,21Z000000000497Z,exit,kWh/h,,,12643040,2022-03-20T02:03:09+01:00,,Confirmed,,,,,True,,,True,PRISMA,,https://platform.prisma-capacity.eu/,,Cross-Border Transmission IP within EU,0,False
1Physical Flowhour2022-02-08 20:00:00 +00:002022-02-08 21:00:00 +00:00BE-TSO-0001ITP-00542exitkWh/h,1,Physical Flow,hour,2022-02-08T21:00:00+01:00,2022-02-08T22:00:00+01:00,BE-TSO-0001,21X-BE-A-A0A0A-Y,Fluxys Belgium,ITP-00542,VIP Belgium - NCG,21Z000000000497Z,exit,kWh/h,,,12837332,2022-03-20T02:03:09+01:00,,Confirmed,,,,,True,,,True,PRISMA,,https://platform.prisma-capacity.eu/,,Cross-Border Transmission IP within EU,0,False
1Physical Flowhour2022-02-08 21:00:00 +00:002022-02-08 22:00:00 +00:00BE-TSO-0001ITP-00542exitkWh/h,1,Physical Flow,hour,2022-02-08T22:00:00+01:00,2022-02-08T23:00:00+01:00,BE-TSO-0001,21X-BE-A-A0A0A-Y,Fluxys Belgium,ITP-00542,VIP Belgium - NCG,21Z000000000497Z,exit,kWh/h,,,13330737,2022-03-20T02:03:09+01:00,,Confirmed,,,,,True,,,True,PRISMA,,https://platform.prisma-capacity.eu/,,Cross-Border Transmission IP within EU,0,False
1Physical Flowhour2022-02-08 22:00:00 +00:002022-02-08 23:00:00 +00:00BE-TSO-0001ITP-00542exitkWh/h,1,Physical Flow,hour,2022-02-08T23:00:00+01:00,2022-02-09T00:00:00+01:00,BE-TSO-0001,21X-BE-A-A0A0A-Y,Fluxys Belgium,ITP-00542,VIP Belgium - NCG,21Z000000000497Z,exit,kWh/h,,,12767979,2022-03-20T02:03:09+01:00,,Confirmed,,,,,True,,,True,PRISMA,,https://platform.prisma-capacity.eu/,,Cross-Border Transmission IP within EU,0,False
1Physical Flowhour2022-02-08 23:00:00 +00:002022-02-09 00:00:00 +00:00BE-TSO-0001ITP-00542exitkWh/h,1,Physical Flow,hour,2022-02-09T00:00:00+01:00,2022-02-09T01:00:00+01:00,BE-TSO-0001,21X-BE-A-A0A0A-Y,Fluxys Belgium,ITP-00542,VIP Belgium - NCG,21Z000000000497Z,exit,kWh/h,,,12767409,2022-03-20T02:03:09+01:00,,Confirmed,,,,,True,,,True,PRISMA,,https://platform.prisma-capacity.eu/,,Cross-Border Transmission IP within EU,0,False
1Physical Flowhour2022-02-09 00:00:00 +00:002022-02-09 01:00:00 +00:00BE-TSO-0001ITP-00542exitkWh/h,1,Physical Flow,hour,2022-02-09T01:00:00+01:00,2022-02-09T02:00:00+01:00,BE-TSO-0001,21X-BE-A-A0A0A-Y,Fluxys Belgium,ITP-00542,VIP Belgium - NCG,21Z000000000497Z,exit,kWh/h,,,12766963,2022-03-20T02:03:09+01:00,,Confirmed,,,,,True,,,True,PRISMA,,https://platform.prisma-capacity.eu/,,Cross-Border Transmission IP within EU,0,False
1Physical Flowhour2022-02-09 01:00:00 +00:002022-02-09 02:00:00 +00:00BE-TSO-0001ITP-00542exitkWh/h,1,Physical Flow,hour,2022-02-09T02:00:00+01:00,2022-02-09T03:00:00+01:00,BE-TSO-0001,21X-BE-A-A0A0A-Y,Fluxys Belgium,ITP-00542,VIP Belgium - NCG,21Z000000000497Z,exit,kWh/h,,,12768906,2022-03-20T02:03:09+01:00,,Confirmed,,,,,True,,,True,PRISMA,,https://platform.prisma-capacity.eu/,,Cross-Border Transmission IP within EU,0,False
1Physical Flowhour2022-02-09 02:00:00 +00:002022-02-09 03:00:00 +00:00BE-TSO-0001ITP-00542exitkWh/h,1,Physical Flow,hour,2022-02-09T03:00:00+01:00,2022-02-09T04:00:00+01:00,BE-TSO-0001,21X-BE-A-A0A0A-Y,Fluxys Belgium,ITP-00542,VIP Belgium - NCG,21Z000000000497Z,exit,kWh/h,,,12702390,2022-03-20T02:03:09+01:00,,Confirmed,,,,,True,,,True,PRISMA,,https://platform.prisma-capacity.eu/,,Cross-Border Transmission IP within EU,0,False
1Physical Flowhour2022-02-09 03:00:00 +00:002022-02-09 04:00:00 +00:00BE-TSO-0001ITP-00542exitkWh/h,1,Physical Flow,hour,2022-02-09T04:00:00+01:00,2022-02-09T05:00:00+01:00,BE-TSO-0001,21X-BE-A-A0A0A-Y,Fluxys Belgium,ITP-00542,VIP Belgium - NCG,21Z000000000497Z,exit,kWh/h,,,12692876,2022-03-20T02:03:09+01:00,,Confirmed,,,,,True,,,True,PRISMA,,https://platform.prisma-capacity.eu/,,Cross-Border Transmission IP within EU,0,False
1Physical Flowhour2022-02-09 04:00:00 +00:002022-02-09 05:00:00 +00:00BE-TSO-0001ITP-00542exitkWh/h,1,Physical Flow,hour,2022-02-09T05:00:00+01:00,2022-02-09T06:00:00+01:00,BE-TSO-0001,21X-BE-A-A0A0A-Y,Fluxys Belgium,ITP-00542,VIP Belgium - NCG,21Z000000000497Z,exit,kWh/h,,,12708740,2022-03-20T02:03:09+01:00,,Confirmed,,,,,True,,,True,PRISMA,,https://platform.prisma-capacity.eu/,,Cross-Border Transmission IP within EU,0,False
1Physical Flowhour2022-02-09 05:00:00 +00:002022-02-09 06:00:00 +00:00BE-TSO-0001ITP-00542exitkWh/h,1,Physical Flow,hour,2022-02-09T06:00:00+01:00,2022-02-09T07:00:00+01:00,BE-TSO-0001,21X-BE-A-A0A0A-Y,Fluxys Belgium,ITP-00542,VIP Belgium - NCG,21Z000000000497Z,exit,kWh/h,,,14679401,2022-03-20T02:03:09+01:00,,Confirmed,,,,,True,,,True,PRISMA,,https://platform.prisma-capacity.eu/,,Cross-Border Transmission IP within EU,0,False
1Physical Flowhour2022-02-09 06:00:00 +00:002022-02-09 07:00:00 +00:00BE-TSO-0001ITP-00542exitkWh/h,1,Physical Flow,hour,2022-02-09T07:00:00+01:00,2022-02-09T08:00:00+01:00,BE-TSO-0001,21X-BE-A-A0A0A-Y,Fluxys Belgium,ITP-00542,VIP Belgium - NCG,21Z000000000497Z,exit,kWh/h,,,14678272,2022-03-20T02:03:09+01:00,,Confirmed,,,,,True,,,True,PRISMA,,https://platform.prisma-capacity.eu/,,Cross-Border Transmission IP within EU,0,False
1Physical Flowhour2022-02-09 07:00:00 +00:002022-02-09 08:00:00 +00:00BE-TSO-0001ITP-00542exitkWh/h,1,Physical Flow,hour,2022-02-09T08:00:00+01:00,2022-02-09T09:00:00+01:00,BE-TSO-0001,21X-BE-A-A0A0A-Y,Fluxys Belgium,ITP-00542,VIP Belgium - NCG,21Z000000000497Z,exit,kWh/h,,,15168272,2022-03-20T02:03:09+01:00,,Confirmed,,,,,True,,,True,PRISMA,,https://platform.prisma-capacity.eu/,,Cross-Border Transmission IP within EU,0,False
1Physical Flowhour2022-02-09 08:00:00 +00:002022-02-09 09:00:00 +00:00BE-TSO-0001ITP-00542exitkWh/h,1,Physical Flow,hour,2022-02-09T09:00:00+01:00,2022-02-09T10:00:00+01:00,BE-TSO-0001,21X-BE-A-A0A0A-Y,Fluxys Belgium,ITP-00542,VIP Belgium - NCG,21Z000000000497Z,exit,kWh/h,,,15181638,2022-03-20T02:03:09+01:00,,Confirmed,,,,,True,,,True,PRISMA,,https://platform.prisma-capacity.eu/,,Cross-Border Transmission IP within EU,0,False
1Physical Flowhour2022-02-09 09:00:00 +00:002022-02-09 10:00:00 +00:00BE-TSO-0001ITP-00542exitkWh/h,1,Physical Flow,hour,2022-02-09T10:00:00+01:00,2022-02-09T11:00:00+01:00,BE-TSO-0001,21X-BE-A-A0A0A-Y,Fluxys Belgium,ITP-00542,VIP Belgium - NCG,21Z000000000497Z,exit,kWh/h,,,14637519,2022-03-20T02:03:09+01:00,,Confirmed,,,,,True,,,True,PRISMA,,https://platform.prisma-capacity.eu/,,Cross-Border Transmission IP within EU,0,False
1Physical Flowhour2022-02-09 10:00:00 +00:002022-02-09 11:00:00 +00:00BE-TSO-0001ITP-00542exitkWh/h,1,Physical Flow,hour,2022-02-09T11:00:00+01:00,2022-02-09T12:00:00+01:00,BE-TSO-0001,21X-BE-A-A0A0A-Y,Fluxys Belgium,ITP-00542,VIP Belgium - NCG,21Z000000000497Z,exit,kWh/h,,,15191527,2022-03-20T02:03:09+01:00,,Confirmed,,,,,True,,,True,PRISMA,,https://platform.prisma-capacity.eu/,,Cross-Border Transmission IP within EU,0,False
1Physical Flowhour2022-02-09 11:00:00 +00:002022-02-09 12:00:00 +00:00BE-TSO-0001ITP-00542exitkWh/h,1,Physical Flow,hour,2022-02-09T12:00:00+01:00,2022-02-09T13:00:00+01:00,BE-TSO-0001,21X-BE-A-A0A0A-Y,Fluxys Belgium,ITP-00542,VIP Belgium - NCG,21Z000000000497Z,exit,kWh/h,,,15189647,2022-03-20T02:03:09+01:00,,Confirmed,,,,,True,,,True,PRISMA,,https://platform.prisma-capacity.eu/,,Cross-Border Transmission IP within EU,0,False
1Physical Flowhour2022-02-09 12:00:00 +00:002022-02-09 13:00:00 +00:00BE-TSO-0001ITP-00542exitkWh/h,1,Physical Flow,hour,2022-02-09T13:00:00+01:00,2022-02-09T14:00:00+01:00,BE-TSO-0001,21X-BE-A-A0A0A-Y,Fluxys Belgium,ITP-00542,VIP Belgium - NCG,21Z000000000497Z,exit,kWh/h,,,15677619,2022-03-20T02:03:09+01:00,,Confirmed,,,,,True,,,True,PRISMA,,https://platform.prisma-capacity.eu/,,Cross-Border Transmission IP within EU,0,False
1Physical Flowhour2022-02-09 13:00:00 +00:002022-02-09 14:00:00 +00:00BE-TSO-0001ITP-00542exitkWh/h,1,Physical Flow,hour,2022-02-09T14:00:00+01:00,2022-02-09T15:00:00+01:00,BE-TSO-0001,21X-BE-A-A0A0A-Y,Fluxys Belgium,ITP-00542,VIP Belgium - NCG,21Z000000000497Z,exit,kWh/h,,,15159707,2022-03-20T02:03:09+01:00,,Confirmed,,,,,True,,,True,PRISMA,,https://platform.prisma-capacity.eu/,,Cross-Border Transmission IP within EU,0,False
1Physical Flowhour2022-02-09 14:00:00 +00:002022-02-09 15:00:00 +00:00BE-TSO-0001ITP-00542exitkWh/h,1,Physical Flow,hour,2022-02-09T15:00:00+01:00,2022-02-09T16:00:00+01:00,BE-TSO-0001,21X-BE-A-A0A0A-Y,Fluxys Belgium,ITP-00542,VIP Belgium - NCG,21Z000000000497Z,exit,kWh/h,,,15161645,2022-03-20T02:03:09+01:00,,Confirmed,,,,,True,,,True,PRISMA,,https://platform.prisma-capacity.eu/,,Cross-Border Transmission IP within EU,0,False
1Physical Flowhour2022-02-09 15:00:00 +00:002022-02-09 16:00:00 +00:00BE-TSO-0001ITP-00542exitkWh/h,1,Physical Flow,hour,2022-02-09T16:00:00+01:00,2022-02-09T17:00:00+01:00,BE-TSO-0001,21X-BE-A-A0A0A-Y,Fluxys Belgium,ITP-00542,VIP Belgium - NCG,21Z000000000497Z,exit,kWh/h,,,15121553,2022-03-20T02:03:09+01:00,,Confirmed,,,,,True,,,True,PRISMA,,https://platform.prisma-capacity.eu/,,Cross-Border Transmission IP within EU,0,False
1Physical Flowhour2022-02-09 16:00:00 +00:002022-02-09 17:00:00 +00:00BE-TSO-0001ITP-00542exitkWh/h,1,Physical Flow,hour,2022-02-09T17:00:00+01:00,2022-02-09T18:00:00+01:00,BE-TSO-0001,21X-BE-A-A0A0A-Y,Fluxys Belgium,ITP-00542,VIP Belgium - NCG,21Z000000000497Z,exit,kWh/h,,,15122092,2022-03-20T02:03:09+01:00,,Confirmed,,,,,True,,,True,PRISMA,,https://platform.prisma-capacity.eu/,,Cross-Border Transmission IP within EU,0,False
1Physical Flowhour2022-02-09 17:00:00 +00:002022-02-09 18:00:00 +00:00BE-TSO-0001ITP-00542exitkWh/h,1,Physical Flow,hour,2022-02-09T18:00:00+01:00,2022-02-09T19:00:00+01:00,BE-TSO-0001,21X-BE-A-A0A0A-Y,Fluxys Belgium,ITP-00542,VIP Belgium - NCG,21Z000000000497Z,exit,kWh/h,,,15122377,2022-03-20T02:03:09+01:00,,Confirmed,,,,,True,,,True,PRISMA,,https://platform.prisma-capacity.eu/,,Cross-Border Transmission IP within EU,0,False
1Physical Flowhour2022-02-09 18:00:00 +00:002022-02-09 19:00:00 +00:00BE-TSO-0001ITP-00542exitkWh/h,1,Physical Flow,hour,2022-02-09T19:00:00+01:00,2022-02-09T20:00:00+01:00,BE-TSO-0001,21X-BE-A-A0A0A-Y,Fluxys Belgium,ITP-00542,VIP Belgium - NCG,21Z000000000497Z,exit,kWh/h,,,15121030,2022-03-20T02:03:09+01:00,,Confirmed,,,,,True,,,True,PRISMA,,https://platform.prisma-capacity.eu/,,Cross-Border Transmission IP within EU,0,False
1Physical Flowhour2022-02-09 19:00:00 +00:002022-02-09 20:00:00 +00:00BE-TSO-0001ITP-00542exitkWh/h,1,Physical Flow,hour,2022-02-09T20:00:00+01:00,2022-02-09T21:00:00+01:00,BE-TSO-0001,21X-BE-A-A0A0A-Y,Fluxys Belgium,ITP-00542,VIP Belgium - NCG,21Z000000000497Z,exit,kWh/h,,,15120354,2022-03-20T02:03:09+01:00,,Confirmed,,,,,True,,,True,PRISMA,,https://platform.prisma-capacity.eu/,,Cross-Border Transmission IP within EU,0,False
1Physical Flowhour2022-02-09 20:00:00 +00:002022-02-09 21:00:00 +00:00BE-TSO-0001ITP-00542exitkWh/h,1,Physical Flow,hour,2022-02-09T21:00:00+01:00,2022-02-09T22:00:00+01:00,BE-TSO-0001,21X-BE-A-A0A0A-Y,Fluxys Belgium,ITP-00542,VIP Belgium - NCG,21Z000000000497Z,exit,kWh/h,,,15127144,2022-03-20T02:03:09+01:00,,Confirmed,,,,,True,,,True,PRISMA,,https://platform.prisma-capacity.eu/,,Cross-Border Transmission IP within EU,0,False
1Physical Flowhour2022-02-09 21:00:00 +00:002022-02-09 22:00:00 +00:00BE-TSO-0001ITP-00542exitkWh/h,1,Physical Flow,hour,2022-02-09T22:00:00+01:00,2022-02-09T23:00:00+01:00,BE-TSO-0001,21X-BE-A-A0A0A-Y,Fluxys Belgium,ITP-00542,VIP Belgium - NCG,21Z000000000497Z,exit,kWh/h,,,15363212,2022-03-20T02:03:09+01:00,,Confirmed,,,,,True,,,True,PRISMA,,https://platform.prisma-capacity.eu/,,Cross-Border Transmission IP within EU,0,False
1Physical Flowhour2022-02-09 22:00:00 +00:002022-02-09 23:00:00 +00:00BE-TSO-0001ITP-00542exitkWh/h,1,Physical Flow,hour,2022-02-09T23:00:00+01:00,2022-02-10T00:00:00+01:00,BE-TSO-0001,21X-BE-A-A0A0A-Y,Fluxys Belgium,ITP-00542,VIP Belgium - NCG,21Z000000000497Z,exit,kWh/h,,,15364369,2022-03-20T02:03:09+01:00,,Confirmed,,,,,True,,,True,PRISMA,,https://platform.prisma-capacity.eu/,,Cross-Border Transmission IP within EU,0,False
1Physical Flowhour2022-02-09 23:00:00 +00:002022-02-10 00:00:00 +00:00BE-TSO-0001ITP-00542exitkWh/h,1,Physical Flow,hour,2022-02-10T00:00:00+01:00,2022-02-10T01:00:00+01:00,BE-TSO-0001,21X-BE-A-A0A0A-Y,Fluxys Belgium,ITP-00542,VIP Belgium - NCG,21Z000000000497Z,exit,kWh/h,,,15605972,2022-03-20T02:03:09+01:00,,Confirmed,,,,,True,,,True,PRISMA,,https://platform.prisma-capacity.eu/,,Cross-Border Transmission IP within EU,0,False
1Physical Flowhour2022-02-10 00:00:00 +00:002022-02-10 01:00:00 +00:00BE-TSO-0001ITP-00542exitkWh/h,1,Physical Flow,hour,2022-02-10T01:00:00+01:00,2022-02-10T02:00:00+01:00,BE-TSO-0001,21X-BE-A-A0A0A-Y,Fluxys Belgium,ITP-00542,VIP Belgium - NCG,21Z000000000497Z,exit,kWh/h,,,15606096,2022-03-20T02:03:09+01:00,,Confirmed,,,,,True,,,True,PRISMA,,https://platform.prisma-capacity.eu/,,Cross-Border Transmission IP within EU,0,False
1Physical Flowhour2022-02-10 01:00:00 +00:002022-02-10 02:00:00 +00:00BE-TSO-0001ITP-00542exitkWh/h,1,Physical Flow,hour,2022-02-10T02:00:00+01:00,2022-02-10T03:00:00+01:00,BE-TSO-0001,21X-BE-A-A0A0A-Y,Fluxys Belgium,ITP-00542,VIP Belgium - NCG,21Z000000000497Z,exit,kWh/h,,,15610323,2022-03-20T02:03:09+01:00,,Confirmed,,,,,True,,,True,PRISMA,,https://platform.prisma-capacity.eu/,,Cross-Border Transmission IP within EU,0,False
1Physical Flowhour2022-02-10 02:00:00 +00:002022-02-10 03:00:00 +00:00BE-TSO-0001ITP-00542exitkWh/h,1,Physical Flow,hour,2022-02-10T03:00:00+01:00,2022-02-10T04:00:00+01:00,BE-TSO-0001,21X-BE-A-A0A0A-Y,Fluxys Belgium,ITP-00542,VIP Belgium - NCG,21Z000000000497Z,exit,kWh/h,,,15608916,2022-03-20T02:03:09+01:00,,Confirmed,,,,,True,,,True,PRISMA,,https://platform.prisma-capacity.eu/,,Cross-Border Transmission IP within EU,0,False
1Physical Flowhour2022-02-10 03:00:00 +00:002022-02-10 04:00:00 +00:00BE-TSO-0001ITP-00542exitkWh/h,1,Physical Flow,hour,2022-02-10T04:00:00+01:00,2022-02-10T05:00:00+01:00,BE-TSO-0001,21X-BE-A-A0A0A-Y,Fluxys Belgium,ITP-00542,VIP Belgium - NCG,21Z000000000497Z,exit,kWh/h,,,15616657,2022-03-20T02:03:09+01:00,,Confirmed,,,,,True,,,True,PRISMA,,https://platform.prisma-capacity.eu/,,Cross-Border Transmission IP within EU,0,False
1Physical Flowhour2022-02-10 04:00:00 +00:002022-02-10 05:00:00 +00:00BE-TSO-0001ITP-00542exitkWh/h,1,Physical Flow,hour,2022-02-10T05:00:00+01:00,2022-02-10T06:00:00+01:00,BE-TSO-0001,21X-BE-A-A0A0A-Y,Fluxys Belgium,ITP-00542,VIP Belgium - NCG,21Z000000000497Z,exit,kWh/h,,,15196134,2022-03-20T02:03:09+01:00,,Confirmed,,,,,True,,,True,PRISMA,,https://platform.prisma-capacity.eu/,,Cross-Border Transmission IP within EU,0,False
1Physical Flowhour2022-02-10 05:00:00 +00:002022-02-10 06:00:00 +00:00BE-TSO-0001ITP-00542exitkWh/h,1,Physical Flow,hour,2022-02-10T06:00:00+01:00,2022-02-10T07:00:00+01:00,BE-TSO-0001,21X-BE-A-A0A0A-Y,Fluxys Belgium,ITP-00542,VIP Belgium - NCG,21Z000000000497Z,exit,kWh/h,,,10580930,2022-03-20T02:03:09+01:00,,Confirmed,,,,,True,,,True,PRISMA,,https://platform.prisma-capacity.eu/,,Cross-Border Transmission IP within EU,0,False
1Physical Flowhour2022-02-10 06:00:00 +00:002022-02-10 07:00:00 +00:00BE-TSO-0001ITP-00542exitkWh/h,1,Physical Flow,hour,2022-02-10T07:00:00+01:00,2022-02-10T08:00:00+01:00,BE-TSO-0001,21X-BE-A-A0A0A-Y,Fluxys Belgium,ITP-00542,VIP Belgium - NCG,21Z000000000497Z,exit,kWh/h,,,10356351,2022-03-20T02:03:09+01:00,,Confirmed,,,,,True,,,True,PRISMA,,https://platform.prisma-capacity.eu/,,Cross-Border Transmission IP within EU,0,False
1Physical Flowhour2022-02-10 07:00:00 +00:002022-02-10 08:00:00 +00:00BE-TSO-0001ITP-00542exitkWh/h,1,Physical Flow,hour,2022-02-10T08:00:00+01:00,2022-02-10T09:00:00+01:00,BE-TSO-0001,21X-BE-A-A0A0A-Y,Fluxys Belgium,ITP-00542,VIP Belgium - NCG,21Z000000000497Z,exit,kWh/h,,,10354654,2022-03-20T02:03:09+01:00,,Confirmed,,,,,True,,,True,PRISMA,,https://platform.prisma-capacity.eu/,,Cross-Border Transmission IP within EU,0,False
1Physical Flowhour2022-02-10 08:00:00 +00:002022-02-10 09:00:00 +00:00BE-TSO-0001ITP-00542exitkWh/h,1,Physical Flow,hour,2022-02-10T09:00:00+01:00,2022-02-10T10:00:00+01:00,BE-TSO-0001,21X-BE-A-A0A0A-Y,Fluxys Belgium,ITP-00542,VIP Belgium - NCG,21Z000000000497Z,exit,kWh/h,,,10355464,2022-03-20T02:03:09+01:00,,Confirmed,,,,,True,,,True,PRISMA,,https://platform.prisma-capacity.eu/,,Cross-Border Transmission IP within EU,0,False
1Physical Flowhour2022-02-10 09:00:00 +00:002022-02-10 10:00:00 +00:00BE-TSO-0001ITP-00542exitkWh/h,1,Physical Flow,hour,2022-02-10T10:00:00+01:00,2022-02-10T11:00:00+01:00,BE-TSO-0001,21X-BE-A-A0A0A-Y,Fluxys Belgium,ITP-00542,VIP Belgium - NCG,21Z000000000497Z,exit,kWh/h,,,10353544,2022-03-20T02:03:09+01:00,,Confirmed,,,,,True,,,True,PRISMA,,https://platform.prisma-capacity.eu/,,Cross-Border Transmission IP within EU,0,False
1Physical Flowhour2022-02-10 10:00:00 +00:002022-02-10 11:00:00 +00:00BE-TSO-0001ITP-00542exitkWh/h,1,Physical Flow,hour,2022-02-10T11:00:00+01:00,2022-02-10T12:00:00+01:00,BE-TSO-0001,21X-BE-A-A0A0A-Y,Fluxys Belgium,ITP-00542,VIP Belgium - NCG,21Z000000000497Z,exit,kWh/h,,,10352961,2022-03-20T02:03:09+01:00,,Confirmed,,,,,True,,,True,PRISMA,,https://platform.prisma-capacity.eu/,,Cross-Border Transmission IP within EU,0,False
1Physical Flowhour2022-02-10 11:00:00 +00:002022-02-10 12:00:00 +00:00BE-TSO-0001ITP-00542exitkWh/h,1,Physical Flow,hour,2022-02-10T12:00:00+01:00,2022-02-10T13:00:00+01:00,BE-TSO-0001,21X-BE-A-A0A0A-Y,Fluxys Belgium,ITP-00542,VIP Belgium - NCG,21Z000000000497Z,exit,kWh/h,,,10831042,2022-03-20T02:03:09+01:00,,Confirmed,,,,,True,,,True,PRISMA,,https://platform.prisma-capacity.eu/,,Cross-Border Transmission IP within EU,0,False
1Physical Flowhour2022-02-10 12:00:00 +00:002022-02-10 13:00:00 +00:00BE-TSO-0001ITP-00542exitkWh/h,1,Physical Flow,hour,2022-02-10T13:00:00+01:00,2022-02-10T14:00:00+01:00,BE-TSO-0001,21X-BE-A-A0A0A-Y,Fluxys Belgium,ITP-00542,VIP Belgium - NCG,21Z000000000497Z,exit,kWh/h,,,10642991,2022-03-20T02:03:09+01:00,,Confirmed,,,,,True,,,True,PRISMA,,https://platform.prisma-capacity.eu/,,Cross-Border Transmission IP within EU,0,False
1Physical Flowhour2022-02-10 13:00:00 +00:002022-02-10 14:00:00 +00:00BE-TSO-0001ITP-00542exitkWh/h,1,Physical Flow,hour,2022-02-10T14:00:00+01:00,2022-02-10T15:00:00+01:00,BE-TSO-0001,21X-BE-A-A0A0A-Y,Fluxys Belgium,ITP-00542,VIP Belgium - NCG,21Z000000000497Z,exit,kWh/h,,,9891217,2022-03-20T02:03:09+01:00,,Confirmed,,,,,True,,,True,PRISMA,,https://platform.prisma-capacity.eu/,,Cross-Border Transmission IP within EU,0,False
1Physical Flowhour2022-02-10 14:00:00 +00:002022-02-10 15:00:00 +00:00BE-TSO-0001ITP-00542exitkWh/h,1,Physical Flow,hour,2022-02-10T15:00:00+01:00,2022-02-10T16:00:00+01:00,BE-TSO-0001,21X-BE-A-A0A0A-Y,Fluxys Belgium,ITP-00542,VIP Belgium - NCG,21Z000000000497Z,exit,kWh/h,,,9890961,2022-03-20T02:03:09+01:00,,Confirmed,,,,,True,,,True,PRISMA,,https://platform.prisma-capacity.eu/,,Cross-Border Transmission IP within EU,0,False
1Physical Flowhour2022-02-10 15:00:00 +00:002022-02-10 16:00:00 +00:00BE-TSO-0001ITP-00542exitkWh/h,1,Physical Flow,hour,2022-02-10T16:00:00+01:00,2022-02-10T17:00:00+01:00,BE-TSO-0001,21X-BE-A-A0A0A-Y,Fluxys Belgium,ITP-00542,VIP Belgium - NCG,21Z000000000497Z,exit,kWh/h,,,9941891,2022-03-20T02:03:09+01:00,,Confirmed,,,,,True,,,True,PRISMA,,https://platform.prisma-capacity.eu/,,Cross-Border Transmission IP within EU,0,False
1Physical Flowhour2022-02-10 16:00:00 +00:002022-02-10 17:00:00 +00:00BE-TSO-0001ITP-00542exitkWh/h,1,Physical Flow,hour,2022-02-10T17:00:00+01:00,2022-02-10T18:00:00+01:00,BE-TSO-0001,21X-BE-A-A0A0A-Y,Fluxys Belgium,ITP-00542,VIP Belgium - NCG,21Z000000000497Z,exit,kWh/h,,,9942040,2022-03-20T02:03:09+01:00,,Confirmed,,,,,True,,,True,PRISMA,,https://platform.prisma-capacity.eu/,,Cross-Border Transmission IP within EU,0,False
1Physical Flowhour2022-02-10 17:00:00 +00:002022-02-10 18:00:00 +00:00BE-TSO-0001ITP-00542exitkWh/h,1,Physical Flow,hour,2022-02-10T18:00:00+01:00,2022-02-10T19:00:00+01:00,BE-TSO-0001,21X-BE-A-A0A0A-Y,Fluxys Belgium,ITP-00542,VIP Belgium - NCG,21Z000000000497Z,exit,kWh/h,,,11009073,2022-03-20T02:03:09+01:00,,Confirmed,,,,,True,,,True,PRISMA,,https://platform.prisma-capacity.eu/,,Cross-Border Transmission IP within EU,0,False
1Physical Flowhour2022-02-10 18:00:00 +00:002022-02-10 19:00:00 +00:00BE-TSO-0001ITP-00542exitkWh/h,1,Physical Flow,hour,2022-02-10T19:00:00+01:00,2022-02-10T20:00:00+01:00,BE-TSO-0001,21X-BE-A-A0A0A-Y,Fluxys Belgium,ITP-00542,VIP Belgium - NCG,21Z000000000497Z,exit,kWh/h,,,10624347,2022-03-20T02:03:09+01:00,,Confirmed,,,,,True,,,True,PRISMA,,https://platform.prisma-capacity.eu/,,Cross-Border Transmission IP within EU,0,False
1Physical Flowhour2022-02-10 19:00:00 +00:002022-02-10 20:00:00 +00:00BE-TSO-0001ITP-00542exitkWh/h,1,Physical Flow,hour,2022-02-10T20:00:00+01:00,2022-02-10T21:00:00+01:00,BE-TSO-0001,21X-BE-A-A0A0A-Y,Fluxys Belgium,ITP-00542,VIP Belgium - NCG,21Z000000000497Z,exit,kWh/h,,,10136894,2022-03-20T02:03:09+01:00,,Confirmed,,,,,True,,,True,PRISMA,,https://platform.prisma-capacity.eu/,,Cross-Border Transmission IP within EU,0,False
1Physical Flowhour2022-02-10 20:00:00 +00:002022-02-10 21:00:00 +00:00BE-TSO-0001ITP-00542exitkWh/h,1,Physical Flow,hour,2022-02-10T21:00:00+01:00,2022-02-10T22:00:00+01:00,BE-TSO-0001,21X-BE-A-A0A0A-Y,Fluxys Belgium,ITP-00542,VIP Belgium - NCG,21Z000000000497Z,exit,kWh/h,,,10145908,2022-03-20T02:03:09+01:00,,Confirmed,,,,,True,,,True,PRISMA,,https://platform.prisma-capacity.eu/,,Cross-Border Transmission IP within EU,0,False
1Physical Flowhour2022-02-10 21:00:00 +00:002022-02-10 22:00:00 +00:00BE-TSO-0001ITP-00542exitkWh/h,1,Physical Flow,hour,2022-02-10T22:00:00+01:00,2022-02-10T23:00:00+01:00,BE-TSO-0001,21X-BE-A-A0A0A-Y,Fluxys Belgium,ITP-00542,VIP Belgium - NCG,21Z000000000497Z,exit,kWh/h,,,11084359,2022-03-20T02:03:09+01:00,,Confirmed,,,,,True,,,True,PRISMA,,https://platform.prisma-capacity.eu/,,Cross-Border Transmission IP within EU,0,False
1Physical Flowhour2022-02-10 22:00:00 +00:002022-02-10 23:00:00 +00:00BE-TSO-0001ITP-00542exitkWh/h,1,Physical Flow,hour,2022-02-10T23:00:00+01:00,2022-02-11T00:00:00+01:00,BE-TSO-0001,21X-BE-A-A0A0A-Y,Fluxys Belgium,ITP-00542,VIP Belgium - NCG,21Z000000000497Z,exit,kWh/h,,,11781349,2022-03-20T02:03:09+01:00,,Confirmed,,,,,True,,,True,PRISMA,,https://platform.prisma-capacity.eu/,,Cross-Border Transmission IP within EU,0,False
1Physical Flowhour2022-02-10 23:00:00 +00:002022-02-11 00:00:00 +00:00BE-TSO-0001ITP-00542exitkWh/h,1,Physical Flow,hour,2022-02-11T00:00:00+01:00,2022-02-11T01:00:00+01:00,BE-TSO-0001,21X-BE-A-A0A0A-Y,Fluxys Belgium,ITP-00542,VIP Belgium - NCG,21Z000000000497Z,exit,kWh/h,,,12189277,2022-03-20T02:03:09+01:00,,Confirmed,,,,,True,,,True,PRISMA,,https://platform.prisma-capacity.eu/,,Cross-Border Transmission IP within EU,0,False
1Physical Flowhour2022-02-11 00:00:00 +00:002022-02-11 01:00:00 +00:00BE-TSO-0001ITP-00542exitkWh/h,1,Physical Flow,hour,2022-02-11T01:00:00+01:00,2022-02-11T02:00:00+01:00,BE-TSO-0001,21X-BE-A-A0A0A-Y,Fluxys Belgium,ITP-00542,VIP Belgium - NCG,21Z000000000497Z,exit,kWh/h,,,12191054,2022-03-20T02:03:09+01:00,,Confirmed,,,,,True,,,True,PRISMA,,https://platform.prisma-capacity.eu/,,Cross-Border Transmission IP within EU,0,False
1Physical Flowhour2022-02-11 01:00:00 +00:002022-02-11 02:00:00 +00:00BE-TSO-0001ITP-00542exitkWh/h,1,Physical Flow,hour,2022-02-11T02:00:00+01:00,2022-02-11T03:00:00+01:00,BE-TSO-0001,21X-BE-A-A0A0A-Y,Fluxys Belgium,ITP-00542,VIP Belgium - NCG,21Z000000000497Z,exit,kWh/h,,,12270751,2022-03-20T02:03:09+01:00,,Confirmed,,,,,True,,,True,PRISMA,,https://platform.prisma-capacity.eu/,,Cross-Border Transmission IP within EU,0,False
1Physical Flowhour2022-02-11 02:00:00 +00:002022-02-11 03:00:00 +00:00BE-TSO-0001ITP-00542exitkWh/h,1,Physical Flow,hour,2022-02-11T03:00:00+01:00,2022-02-11T04:00:00+01:00,BE-TSO-0001,21X-BE-A-A0A0A-Y,Fluxys Belgium,ITP-00542,VIP Belgium - NCG,21Z000000000497Z,exit,kWh/h,,,12270817,2022-03-20T02:03:09+01:00,,Confirmed,,,,,True,,,True,PRISMA,,https://platform.prisma-capacity.eu/,,Cross-Border Transmission IP within EU,0,False
1Physical Flowhour2022-02-11 03:00:00 +00:002022-02-11 04:00:00 +00:00BE-TSO-0001ITP-00542exitkWh/h,1,Physical Flow,hour,2022-02-11T04:00:00+01:00,2022-02-11T05:00:00+01:00,BE-TSO-0001,21X-BE-A-A0A0A-Y,Fluxys Belgium,ITP-00542,VIP Belgium - NCG,21Z000000000497Z,exit,kWh/h,,,12357981,2022-03-20T02:03:09+01:00,,Confirmed,,,,,True,,,True,PRISMA,,https://platform.prisma-capacity.eu/,,Cross-Border Transmission IP within EU,0,False
1Physical Flowhour2022-02-11 04:00:00 +00:002022-02-11 05:00:00 +00:00BE-TSO-0001ITP-00542exitkWh/h,1,Physical Flow,hour,2022-02-11T05:00:00+01:00,2022-02-11T06:00:00+01:00,BE-TSO-0001,21X-BE-A-A0A0A-Y,Fluxys Belgium,ITP-00542,VIP Belgium - NCG,21Z000000000497Z,exit,kWh/h,,,12350665,2022-03-20T02:03:09+01:00,,Confirmed,,,,,True,,,True,PRISMA,,https://platform.prisma-capacity.eu/,,Cross-Border Transmission IP within EU,0,False
1Physical Flowhour2022-02-11 05:00:00 +00:002022-02-11 06:00:00 +00:00BE-TSO-0001ITP-00542exitkWh/h,1,Physical Flow,hour,2022-02-11T06:00:00+01:00,2022-02-11T07:00:00+01:00,BE-TSO-0001,21X-BE-A-A0A0A-Y,Fluxys Belgium,ITP-00542,VIP Belgium - NCG,21Z000000000497Z,exit,kWh/h,,,9851495,2022-03-20T02:03:09+01:00,,Confirmed,,,,,True,,,True,PRISMA,,https://platform.prisma-capacity.eu/,,Cross-Border Transmission IP within EU,0,False
1Physical Flowhour2022-02-11 06:00:00 +00:002022-02-11 07:00:00 +00:00BE-TSO-0001ITP-00542exitkWh/h,1,Physical Flow,hour,2022-02-11T07:00:00+01:00,2022-02-11T08:00:00+01:00,BE-TSO-0001,21X-BE-A-A0A0A-Y,Fluxys Belgium,ITP-00542,VIP Belgium - NCG,21Z000000000497Z,exit,kWh/h,,,9850195,2022-03-20T02:03:09+01:00,,Confirmed,,,,,True,,,True,PRISMA,,https://platform.prisma-capacity.eu/,,Cross-Border Transmission IP within EU,0,False
1Physical Flowhour2022-02-11 07:00:00 +00:002022-02-11 08:00:00 +00:00BE-TSO-0001ITP-00542exitkWh/h,1,Physical Flow,hour,2022-02-11T08:00:00+01:00,2022-02-11T09:00:00+01:00,BE-TSO-0001,21X-BE-A-A0A0A-Y,Fluxys Belgium,ITP-00542,VIP Belgium - NCG,21Z000000000497Z,exit,kWh/h,,,9854302,2022-03-20T02:03:09+01:00,,Confirmed,,,,,True,,,True,PRISMA,,https://platform.prisma-capacity.eu/,,Cross-Border Transmission IP within EU,0,False
1Physical Flowhour2022-02-11 08:00:00 +00:002022-02-11 09:00:00 +00:00BE-TSO-0001ITP-00542exitkWh/h,1,Physical Flow,hour,2022-02-11T09:00:00+01:00,2022-02-11T10:00:00+01:00,BE-TSO-0001,21X-BE-A-A0A0A-Y,Fluxys Belgium,ITP-00542,VIP Belgium - NCG,21Z000000000497Z,exit,kWh/h,,,9849404,2022-03-20T02:03:09+01:00,,Confirmed,,,,,True,,,True,PRISMA,,https://platform.prisma-capacity.eu/,,Cross-Border Transmission IP within EU,0,False
1Physical Flowhour2022-02-11 09:00:00 +00:002022-02-11 10:00:00 +00:00BE-TSO-0001ITP-00542exitkWh/h,1,Physical Flow,hour,2022-02-11T10:00:00+01:00,2022-02-11T11:00:00+01:00,BE-TSO-0001,21X-BE-A-A0A0A-Y,Fluxys Belgium,ITP-00542,VIP Belgium - NCG,21Z000000000497Z,exit,kWh/h,,,9850094,2022-03-20T02:03:09+01:00,,Confirmed,,,,,True,,,True,PRISMA,,https://platform.prisma-capacity.eu/,,Cross-Border Transmission IP within EU,0,False
1Physical Flowhour2022-02-11 10:00:00 +00:002022-02-11 11:00:00 +00:00BE-TSO-0001ITP-00542exitkWh/h,1,Physical Flow,hour,2022-02-11T11:00:00+01:00,2022-02-11T12:00:00+01:00,BE-TSO-0001,21X-BE-A-A0A0A-Y,Fluxys Belgium,ITP-00542,VIP Belgium - NCG,21Z000000000497Z,exit,kWh/h,,,9849934,2022-03-20T02:03:09+01:00,,Confirmed,,,,,True,,,True,PRISMA,,https://platform.prisma-capacity.eu/,,Cross-Border Transmission IP within EU,0,False
1Physical Flowhour2022-02-11 11:00:00 +00:002022-02-11 12:00:00 +00:00BE-TSO-0001ITP-00542exitkWh/h,1,Physical Flow,hour,2022-02-11T12:00:00+01:00,2022-02-11T13:00:00+01:00,BE-TSO-0001,21X-BE-A-A0A0A-Y,Fluxys Belgium,ITP-00542,VIP Belgium - NCG,21Z000000000497Z,exit,kWh/h,,,9850424,2022-03-20T02:03:09+01:00,,Confirmed,,,,,True,,,True,PRISMA,,https://platform.prisma-capacity.eu/,,Cross-Border Transmission IP within EU,0,False
1Physical Flowhour2022-02-11 12:00:00 +00:002022-02-11 13:00:00 +00:00BE-TSO-0001ITP-00542exitkWh/h,1,Physical Flow,hour,2022-02-11T13:00:00+01:00,2022-02-11T14:00:00+01:00,BE-TSO-0001,21X-BE-A-A0A0A-Y,Fluxys Belgium,ITP-00542,VIP Belgium - NCG,21Z000000000497Z,exit,kWh/h,,,9849351,2022-03-20T02:03:09+01:00,,Confirmed,,,,,True,,,True,PRISMA,,https://platform.prisma-capacity.eu/,,Cross-Border Transmission IP within EU,0,False
1Physical Flowhour2022-02-11 13:00:00 +00:002022-02-11 14:00:00 +00:00BE-TSO-0001ITP-00542exitkWh/h,1,Physical Flow,hour,2022-02-11T14:00:00+01:00,2022-02-11T15:00:00+01:00,BE-TSO-0001,21X-BE-A-A0A0A-Y,Fluxys Belgium,ITP-00542,VIP Belgium - NCG,21Z000000000497Z,exit,kWh/h,,,9837224,2022-03-20T02:03:09+01:00,,Confirmed,,,,,True,,,True,PRISMA,,https://platform.prisma-capacity.eu/,,Cross-Border Transmission IP within EU,0,False
1Physical Flowhour2022-02-11 14:00:00 +00:002022-02-11 15:00:00 +00:00BE-TSO-0001ITP-00542exitkWh/h,1,Physical Flow,hour,2022-02-11T15:00:00+01:00,2022-02-11T16:00:00+01:00,BE-TSO-0001,21X-BE-A-A0A0A-Y,Fluxys Belgium,ITP-00542,VIP Belgium - NCG,21Z000000000497Z,exit,kWh/h,,,9338276,2022-03-20T02:03:09+01:00,,Confirmed,,,,,True,,,True,PRISMA,,https://platform.prisma-capacity.eu/,,Cross-Border Transmission IP within EU,0,False
1Physical Flowhour2022-02-11 15:00:00 +00:002022-02-11 16:00:00 +00:00BE-TSO-0001ITP-00542exitkWh/h,1,Physical Flow,hour,2022-02-11T16:00:00+01:00,2022-02-11T17:00:00+01:00,BE-TSO-0001,21X-BE-A-A0A0A-Y,Fluxys Belgium,ITP-00542,VIP Belgium - NCG,21Z000000000497Z,exit,kWh/h,,,9888458,2022-03-20T02:03:09+01:00,,Confirmed,,,,,True,,,True,PRISMA,,https://platform.prisma-capacity.eu/,,Cross-Border Transmission IP within EU,0,False
1Physical Flowhour2022-02-11 16:00:00 +00:002022-02-11 17:00:00 +00:00BE-TSO-0001ITP-00542exitkWh/h,1,Physical Flow,hour,2022-02-11T17:00:00+01:00,2022-02-11T18:00:00+01:00,BE-TSO-0001,21X-BE-A-A0A0A-Y,Fluxys Belgium,ITP-00542,VIP Belgium - NCG,21Z000000000497Z,exit,kWh/h,,,9887382,2022-03-20T02:03:09+01:00,,Confirmed,,,,,True,,,True,PRISMA,,https://platform.prisma-capacity.eu/,,Cross-Border Transmission IP within EU,0,False
1Physical Flowhour2022-02-11 17:00:00 +00:002022-02-11 18:00:00 +00:00BE-TSO-0001ITP-00542exitkWh/h,1,Physical Flow,hour,2022-02-11T18:00:00+01:00,2022-02-11T19:00:00+01:00,BE-TSO-0001,21X-BE-A-A0A0A-Y,Fluxys Belgium,ITP-00542,VIP Belgium - NCG,21Z000000000497Z,exit,kWh/h,,,9885775,2022-03-20T02:03:09+01:00,,Confirmed,,,,,True,,,True,PRISMA,,https://platform.prisma-capacity.eu/,,Cross-Border Transmission IP within EU,0,False
1Physical Flowhour2022-02-11 18:00:00 +00:002022-02-11 19:00:00 +00:00BE-TSO-0001ITP-00542exitkWh/h,1,Physical Flow,hour,2022-02-11T19:00:00+01:00,2022-02-11T20:00:00+01:00,BE-TSO-0001,21X-BE-A-A0A0A-Y,Fluxys Belgium,ITP-00542,VIP Belgium - NCG,21Z000000000497Z,exit,kWh/h,,,11587976,2022-03-20T02:03:09+01:00,,Confirmed,,,,,True,,,True,PRISMA,,https://platform.prisma-capacity.eu/,,Cross-Border Transmission IP within EU,0,False
1Physical Flowhour2022-02-11 19:00:00 +00:002022-02-11 20:00:00 +00:00BE-TSO-0001ITP-00542exitkWh/h,1,Physical Flow,hour,2022-02-11T20:00:00+01:00,2022-02-11T21:00:00+01:00,BE-TSO-0001,21X-BE-A-A0A0A-Y,Fluxys Belgium,ITP-00542,VIP Belgium - NCG,21Z000000000497Z,exit,kWh/h,,,11637757,2022-03-20T02:03:09+01:00,,Confirmed,,,,,True,,,True,PRISMA,,https://platform.prisma-capacity.eu/,,Cross-Border Transmission IP within EU,0,False
1Physical Flowhour2022-02-11 20:00:00 +00:002022-02-11 21:00:00 +00:00BE-TSO-0001ITP-00542exitkWh/h,1,Physical Flow,hour,2022-02-11T21:00:00+01:00,2022-02-11T22:00:00+01:00,BE-TSO-0001,21X-BE-A-A0A0A-Y,Fluxys Belgium,ITP-00542,VIP Belgium - NCG,21Z000000000497Z,exit,kWh/h,,,11967371,2022-03-20T02:03:09+01:00,,Confirmed,,,,,True,,,True,PRISMA,,https://platform.prisma-capacity.eu/,,Cross-Border Transmission IP within EU,0,False
1Physical Flowhour2022-02-11 21:00:00 +00:002022-02-11 22:00:00 +00:00BE-TSO-0001ITP-00542exitkWh/h,1,Physical Flow,hour,2022-02-11T22:00:00+01:00,2022-02-11T23:00:00+01:00,BE-TSO-0001,21X-BE-A-A0A0A-Y,Fluxys Belgium,ITP-00542,VIP Belgium - NCG,21Z000000000497Z,exit,kWh/h,,,11594617,2022-03-20T02:03:09+01:00,,Confirmed,,,,,True,,,True,PRISMA,,https://platform.prisma-capacity.eu/,,Cross-Border Transmission IP within EU,0,False
1Physical Flowhour2022-02-11 22:00:00 +00:002022-02-11 23:00:00 +00:00BE-TSO-0001ITP-00542exitkWh/h,1,Physical Flow,hour,2022-02-11T23:00:00+01:00,2022-02-12T00:00:00+01:00,BE-TSO-0001,21X-BE-A-A0A0A-Y,Fluxys Belgium,ITP-00542,VIP Belgium - NCG,21Z000000000497Z,exit,kWh/h,,,11593185,2022-03-20T02:03:09+01:00,,Confirmed,,,,,True,,,True,PRISMA,,https://platform.prisma-capacity.eu/,,Cross-Border Transmission IP within EU,0,False
1Physical Flowhour2022-02-11 23:00:00 +00:002022-02-12 00:00:00 +00:00BE-TSO-0001ITP-00542exitkWh/h,1,Physical Flow,hour,2022-02-12T00:00:00+01:00,2022-02-12T01:00:00+01:00,BE-TSO-0001,21X-BE-A-A0A0A-Y,Fluxys Belgium,ITP-00542,VIP Belgium - NCG,21Z000000000497Z,exit,kWh/h,,,11553435,2022-03-20T02:03:09+01:00,,Confirmed,,,,,True,,,True,PRISMA,,https://platform.prisma-capacity.eu/,,Cross-Border Transmission IP within EU,0,False
1Physical Flowhour2022-02-12 00:00:00 +00:002022-02-12 01:00:00 +00:00BE-TSO-0001ITP-00542exitkWh/h,1,Physical Flow,hour,2022-02-12T01:00:00+01:00,2022-02-12T02:00:00+01:00,BE-TSO-0001,21X-BE-A-A0A0A-Y,Fluxys Belgium,ITP-00542,VIP Belgium - NCG,21Z000000000497Z,exit,kWh/h,,,10885826,2022-03-20T02:03:09+01:00,,Confirmed,,,,,True,,,True,PRISMA,,https://platform.prisma-capacity.eu/,,Cross-Border Transmission IP within EU,0,False
1Physical Flowhour2022-02-12 01:00:00 +00:002022-02-12 02:00:00 +00:00BE-TSO-0001ITP-00542exitkWh/h,1,Physical Flow,hour,2022-02-12T02:00:00+01:00,2022-02-12T03:00:00+01:00,BE-TSO-0001,21X-BE-A-A0A0A-Y,Fluxys Belgium,ITP-00542,VIP Belgium - NCG,21Z000000000497Z,exit,kWh/h,,,11552983,2022-03-20T02:03:09+01:00,,Confirmed,,,,,True,,,True,PRISMA,,https://platform.prisma-capacity.eu/,,Cross-Border Transmission IP within EU,0,False
1Physical Flowhour2022-02-12 02:00:00 +00:002022-02-12 03:00:00 +00:00BE-TSO-0001ITP-00542exitkWh/h,1,Physical Flow,hour,2022-02-12T03:00:00+01:00,2022-02-12T04:00:00+01:00,BE-TSO-0001,21X-BE-A-A0A0A-Y,Fluxys Belgium,ITP-00542,VIP Belgium - NCG,21Z000000000497Z,exit,kWh/h,,,11697430,2022-03-20T02:03:09+01:00,,Confirmed,,,,,True,,,True,PRISMA,,https://platform.prisma-capacity.eu/,,Cross-Border Transmission IP within EU,0,False
1Physical Flowhour2022-02-12 03:00:00 +00:002022-02-12 04:00:00 +00:00BE-TSO-0001ITP-00542exitkWh/h,1,Physical Flow,hour,2022-02-12T04:00:00+01:00,2022-02-12T05:00:00+01:00,BE-TSO-0001,21X-BE-A-A0A0A-Y,Fluxys Belgium,ITP-00542,VIP Belgium - NCG,21Z000000000497Z,exit,kWh/h,,,11930546,2022-03-20T02:03:09+01:00,,Confirmed,,,,,True,,,True,PRISMA,,https://platform.prisma-capacity.eu/,,Cross-Border Transmission IP within EU,0,False
1Physical Flowhour2022-02-12 04:00:00 +00:002022-02-12 05:00:00 +00:00BE-TSO-0001ITP-00542exitkWh/h,1,Physical Flow,hour,2022-02-12T05:00:00+01:00,2022-02-12T06:00:00+01:00,BE-TSO-0001,21X-BE-A-A0A0A-Y,Fluxys Belgium,ITP-00542,VIP Belgium - NCG,21Z000000000497Z,exit,kWh/h,,,11935250,2022-03-20T02:03:09+01:00,,Confirmed,,,,,True,,,True,PRISMA,,https://platform.prisma-capacity.eu/,,Cross-Border Transmission IP within EU,0,False
1Physical Flowhour2022-02-12 05:00:00 +00:002022-02-12 06:00:00 +00:00BE-TSO-0001ITP-00542exitkWh/h,1,Physical Flow,hour,2022-02-12T06:00:00+01:00,2022-02-12T07:00:00+01:00,BE-TSO-0001,21X-BE-A-A0A0A-Y,Fluxys Belgium,ITP-00542,VIP Belgium - NCG,21Z000000000497Z,exit,kWh/h,,,11799995,2022-03-20T02:03:09+01:00,,Confirmed,,,,,True,,,True,PRISMA,,https://platform.prisma-capacity.eu/,,Cross-Border Transmission IP within EU,0,False
1Physical Flowhour2022-02-12 06:00:00 +00:002022-02-12 07:00:00 +00:00BE-TSO-0001ITP-00542exitkWh/h,1,Physical Flow,hour,2022-02-12T07:00:00+01:00,2022-02-12T08:00:00+01:00,BE-TSO-0001,21X-BE-A-A0A0A-Y,Fluxys Belgium,ITP-00542,VIP Belgium - NCG,21Z000000000497Z,exit,kWh/h,,,12274918,2022-03-20T02:03:09+01:00,,Confirmed,,,,,True,,,True,PRISMA,,https://platform.prisma-capacity.eu/,,Cross-Border Transmission IP within EU,0,False
1Physical Flowhour2022-02-12 07:00:00 +00:002022-02-12 08:00:00 +00:00BE-TSO-0001ITP-00542exitkWh/h,1,Physical Flow,hour,2022-02-12T08:00:00+01:00,2022-02-12T09:00:00+01:00,BE-TSO-0001,21X-BE-A-A0A0A-Y,Fluxys Belgium,ITP-00542,VIP Belgium - NCG,21Z000000000497Z,exit,kWh/h,,,11902589,2022-03-20T02:03:09+01:00,,Confirmed,,,,,True,,,True,PRISMA,,https://platform.prisma-capacity.eu/,,Cross-Border Transmission IP within EU,0,False
1Physical Flowhour2022-02-12 08:00:00 +00:002022-02-12 09:00:00 +00:00BE-TSO-0001ITP-00542exitkWh/h,1,Physical Flow,hour,2022-02-12T09:00:00+01:00,2022-02-12T10:00:00+01:00,BE-TSO-0001,21X-BE-A-A0A0A-Y,Fluxys Belgium,ITP-00542,VIP Belgium - NCG,21Z000000000497Z,exit,kWh/h,,,11006832,2022-03-20T02:03:09+01:00,,Confirmed,,,,,True,,,True,PRISMA,,https://platform.prisma-capacity.eu/,,Cross-Border Transmission IP within EU,0,False
1Physical Flowhour2022-02-12 09:00:00 +00:002022-02-12 10:00:00 +00:00BE-TSO-0001ITP-00542exitkWh/h,1,Physical Flow,hour,2022-02-12T10:00:00+01:00,2022-02-12T11:00:00+01:00,BE-TSO-0001,21X-BE-A-A0A0A-Y,Fluxys Belgium,ITP-00542,VIP Belgium - NCG,21Z000000000497Z,exit,kWh/h,,,11026550,2022-03-20T02:03:09+01:00,,Confirmed,,,,,True,,,True,PRISMA,,https://platform.prisma-capacity.eu/,,Cross-Border Transmission IP within EU,0,False
1Physical Flowhour2022-02-12 10:00:00 +00:002022-02-12 11:00:00 +00:00BE-TSO-0001ITP-00542exitkWh/h,1,Physical Flow,hour,2022-02-12T11:00:00+01:00,2022-02-12T12:00:00+01:00,BE-TSO-0001,21X-BE-A-A0A0A-Y,Fluxys Belgium,ITP-00542,VIP Belgium - NCG,21Z000000000497Z,exit,kWh/h,,,11153355,2022-03-20T02:03:09+01:00,,Confirmed,,,,,True,,,True,PRISMA,,https://platform.prisma-capacity.eu/,,Cross-Border Transmission IP within EU,0,False
1Physical Flowhour2022-02-12 11:00:00 +00:002022-02-12 12:00:00 +00:00BE-TSO-0001ITP-00542exitkWh/h,1,Physical Flow,hour,2022-02-12T12:00:00+01:00,2022-02-12T13:00:00+01:00,BE-TSO-0001,21X-BE-A-A0A0A-Y,Fluxys Belgium,ITP-00542,VIP Belgium - NCG,21Z000000000497Z,exit,kWh/h,,,10386875,2022-03-20T02:03:09+01:00,,Confirmed,,,,,True,,,True,PRISMA,,https://platform.prisma-capacity.eu/,,Cross-Border Transmission IP within EU,0,False
1Physical Flowhour2022-02-12 12:00:00 +00:002022-02-12 13:00:00 +00:00BE-TSO-0001ITP-00542exitkWh/h,1,Physical Flow,hour,2022-02-12T13:00:00+01:00,2022-02-12T14:00:00+01:00,BE-TSO-0001,21X-BE-A-A0A0A-Y,Fluxys Belgium,ITP-00542,VIP Belgium - NCG,21Z000000000497Z,exit,kWh/h,,,10439371,2022-03-20T02:03:09+01:00,,Confirmed,,,,,True,,,True,PRISMA,,https://platform.prisma-capacity.eu/,,Cross-Border Transmission IP within EU,0,False
1Physical Flowhour2022-02-12 13:00:00 +00:002022-02-12 14:00:00 +00:00BE-TSO-0001ITP-00542exitkWh/h,1,Physical Flow,hour,2022-02-12T14:00:00+01:00,2022-02-12T15:00:00+01:00,BE-TSO-0001,21X-BE-A-A0A0A-Y,Fluxys Belgium,ITP-00542,VIP Belgium - NCG,21Z000000000497Z,exit,kWh/h,,,10439388,2022-03-20T02:03:09+01:00,,Confirmed,,,,,True,,,True,PRISMA,,https://platform.prisma-capacity.eu/,,Cross-Border Transmission IP within EU,0,False
1Physical Flowhour2022-02-12 14:00:00 +00:002022-02-12 15:00:00 +00:00BE-TSO-0001ITP-00542exitkWh/h,1,Physical Flow,hour,2022-02-12T15:00:00+01:00,2022-02-12T16:00:00+01:00,BE-TSO-0001,21X-BE-A-A0A0A-Y,Fluxys Belgium,ITP-00542,VIP Belgium - NCG,21Z000000000497Z,exit,kWh/h,,,10875941,2022-03-20T02:03:09+01:00,,Confirmed,,,,,True,,,True,PRISMA,,https://platform.prisma-capacity.eu/,,Cross-Border Transmission IP within EU,0,False
1Physical Flowhour2022-02-12 15:00:00 +00:002022-02-12 16:00:00 +00:00BE-TSO-0001ITP-00542exitkWh/h,1,Physical Flow,hour,2022-02-12T16:00:00+01:00,2022-02-12T17:00:00+01:00,BE-TSO-0001,21X-BE-A-A0A0A-Y,Fluxys Belgium,ITP-00542,VIP Belgium - NCG,21Z000000000497Z,exit,kWh/h,,,10877610,2022-03-20T02:03:09+01:00,,Confirmed,,,,,True,,,True,PRISMA,,https://platform.prisma-capacity.eu/,,Cross-Border Transmission IP within EU,0,False
1Physical Flowhour2022-02-12 16:00:00 +00:002022-02-12 17:00:00 +00:00BE-TSO-0001ITP-00542exitkWh/h,1,Physical Flow,hour,2022-02-12T17:00:00+01:00,2022-02-12T18:00:00+01:00,BE-TSO-0001,21X-BE-A-A0A0A-Y,Fluxys Belgium,ITP-00542,VIP Belgium - NCG,21Z000000000497Z,exit,kWh/h,,,12355983,2022-03-20T02:03:09+01:00,,Confirmed,,,,,True,,,True,PRISMA,,https://platform.prisma-capacity.eu/,,Cross-Border Transmission IP within EU,0,False
1Physical Flowhour2022-02-12 17:00:00 +00:002022-02-12 18:00:00 +00:00BE-TSO-0001ITP-00542exitkWh/h,1,Physical Flow,hour,2022-02-12T18:00:00+01:00,2022-02-12T19:00:00+01:00,BE-TSO-0001,21X-BE-A-A0A0A-Y,Fluxys Belgium,ITP-00542,VIP Belgium - NCG,21Z000000000497Z,exit,kWh/h,,,12898859,2022-03-20T02:03:09+01:00,,Confirmed,,,,,True,,,True,PRISMA,,https://platform.prisma-capacity.eu/,,Cross-Border Transmission IP within EU,0,False
1Physical Flowhour2022-02-12 18:00:00 +00:002022-02-12 19:00:00 +00:00BE-TSO-0001ITP-00542exitkWh/h,1,Physical Flow,hour,2022-02-12T19:00:00+01:00,2022-02-12T20:00:00+01:00,BE-TSO-0001,21X-BE-A-A0A0A-Y,Fluxys Belgium,ITP-00542,VIP Belgium - NCG,21Z000000000497Z,exit,kWh/h,,,13437730,2022-03-20T02:03:09+01:00,,Confirmed,,,,,True,,,True,PRISMA,,https://platform.prisma-capacity.eu/,,Cross-Border Transmission IP within EU,0,False
1Physical Flowhour2022-02-12 19:00:00 +00:002022-02-12 20:00:00 +00:00BE-TSO-0001ITP-00542exitkWh/h,1,Physical Flow,hour,2022-02-12T20:00:00+01:00,2022-02-12T21:00:00+01:00,BE-TSO-0001,21X-BE-A-A0A0A-Y,Fluxys Belgium,ITP-00542,VIP Belgium - NCG,21Z000000000497Z,exit,kWh/h,,,12893127,2022-03-20T02:03:09+01:00,,Confirmed,,,,,True,,,True,PRISMA,,https://platform.prisma-capacity.eu/,,Cross-Border Transmission IP within EU,0,False
1Physical Flowhour2022-02-12 20:00:00 +00:002022-02-12 21:00:00 +00:00BE-TSO-0001ITP-00542exitkWh/h,1,Physical Flow,hour,2022-02-12T21:00:00+01:00,2022-02-12T22:00:00+01:00,BE-TSO-0001,21X-BE-A-A0A0A-Y,Fluxys Belgium,ITP-00542,VIP Belgium - NCG,21Z000000000497Z,exit,kWh/h,,,12892791,2022-03-20T02:03:09+01:00,,Confirmed,,,,,True,,,True,PRISMA,,https://platform.prisma-capacity.eu/,,Cross-Border Transmission IP within EU,0,False
1Physical Flowhour2022-02-12 21:00:00 +00:002022-02-12 22:00:00 +00:00BE-TSO-0001ITP-00542exitkWh/h,1,Physical Flow,hour,2022-02-12T22:00:00+01:00,2022-02-12T23:00:00+01:00,BE-TSO-0001,21X-BE-A-A0A0A-Y,Fluxys Belgium,ITP-00542,VIP Belgium - NCG,21Z000000000497Z,exit,kWh/h,,,12893837,2022-03-20T02:03:09+01:00,,Confirmed,,,,,True,,,True,PRISMA,,https://platform.prisma-capacity.eu/,,Cross-Border Transmission IP within EU,0,False
1Physical Flowhour2022-02-12 22:00:00 +00:002022-02-12 23:00:00 +00:00BE-TSO-0001ITP-00542exitkWh/h,1,Physical Flow,hour,2022-02-12T23:00:00+01:00,2022-02-13T00:00:00+01:00,BE-TSO-0001,21X-BE-A-A0A0A-Y,Fluxys Belgium,ITP-00542,VIP Belgium - NCG,21Z000000000497Z,exit,kWh/h,,,12894615,2022-03-20T02:03:09+01:00,,Confirmed,,,,,True,,,True,PRISMA,,https://platform.prisma-capacity.eu/,,Cross-Border Transmission IP within EU,0,False
1Physical Flowhour2022-02-12 23:00:00 +00:002022-02-13 00:00:00 +00:00BE-TSO-0001ITP-00542exitkWh/h,1,Physical Flow,hour,2022-02-13T00:00:00+01:00,2022-02-13T01:00:00+01:00,BE-TSO-0001,21X-BE-A-A0A0A-Y,Fluxys Belgium,ITP-00542,VIP Belgium - NCG,21Z000000000497Z,exit,kWh/h,,,12896808,2022-03-20T02:03:09+01:00,,Confirmed,,,,,True,,,True,PRISMA,,https://platform.prisma-capacity.eu/,,Cross-Border Transmission IP within EU,0,False
1Physical Flowhour2022-02-13 00:00:00 +00:002022-02-13 01:00:00 +00:00BE-TSO-0001ITP-00542exitkWh/h,1,Physical Flow,hour,2022-02-13T01:00:00+01:00,2022-02-13T02:00:00+01:00,BE-TSO-0001,21X-BE-A-A0A0A-Y,Fluxys Belgium,ITP-00542,VIP Belgium - NCG,21Z000000000497Z,exit,kWh/h,,,13075843,2022-03-20T02:03:09+01:00,,Confirmed,,,,,True,,,True,PRISMA,,https://platform.prisma-capacity.eu/,,Cross-Border Transmission IP within EU,0,False
1Physical Flowhour2022-02-13 01:00:00 +00:002022-02-13 02:00:00 +00:00BE-TSO-0001ITP-00542exitkWh/h,1,Physical Flow,hour,2022-02-13T02:00:00+01:00,2022-02-13T03:00:00+01:00,BE-TSO-0001,21X-BE-A-A0A0A-Y,Fluxys Belgium,ITP-00542,VIP Belgium - NCG,21Z000000000497Z,exit,kWh/h,,,13275739,2022-03-20T02:03:09+01:00,,Confirmed,,,,,True,,,True,PRISMA,,https://platform.prisma-capacity.eu/,,Cross-Border Transmission IP within EU,0,False
1Physical Flowhour2022-02-13 02:00:00 +00:002022-02-13 03:00:00 +00:00BE-TSO-0001ITP-00542exitkWh/h,1,Physical Flow,hour,2022-02-13T03:00:00+01:00,2022-02-13T04:00:00+01:00,BE-TSO-0001,21X-BE-A-A0A0A-Y,Fluxys Belgium,ITP-00542,VIP Belgium - NCG,21Z000000000497Z,exit,kWh/h,,,13246067,2022-03-20T02:03:09+01:00,,Confirmed,,,,,True,,,True,PRISMA,,https://platform.prisma-capacity.eu/,,Cross-Border Transmission IP within EU,0,False
1Physical Flowhour2022-02-13 03:00:00 +00:002022-02-13 04:00:00 +00:00BE-TSO-0001ITP-00542exitkWh/h,1,Physical Flow,hour,2022-02-13T04:00:00+01:00,2022-02-13T05:00:00+01:00,BE-TSO-0001,21X-BE-A-A0A0A-Y,Fluxys Belgium,ITP-00542,VIP Belgium - NCG,21Z000000000497Z,exit,kWh/h,,,13603595,2022-03-20T02:03:09+01:00,,Confirmed,,,,,True,,,True,PRISMA,,https://platform.prisma-capacity.eu/,,Cross-Border Transmission IP within EU,0,False
1Physical Flowhour2022-02-13 04:00:00 +00:002022-02-13 05:00:00 +00:00BE-TSO-0001ITP-00542exitkWh/h,1,Physical Flow,hour,2022-02-13T05:00:00+01:00,2022-02-13T06:00:00+01:00,BE-TSO-0001,21X-BE-A-A0A0A-Y,Fluxys Belgium,ITP-00542,VIP Belgium - NCG,21Z000000000497Z,exit,kWh/h,,,13696203,2022-03-20T02:03:09+01:00,,Confirmed,,,,,True,,,True,PRISMA,,https://platform.prisma-capacity.eu/,,Cross-Border Transmission IP within EU,0,False
1Physical Flowhour2022-02-13 05:00:00 +00:002022-02-13 06:00:00 +00:00BE-TSO-0001ITP-00542exitkWh/h,1,Physical Flow,hour,2022-02-13T06:00:00+01:00,2022-02-13T07:00:00+01:00,BE-TSO-0001,21X-BE-A-A0A0A-Y,Fluxys Belgium,ITP-00542,VIP Belgium - NCG,21Z000000000497Z,exit,kWh/h,,,14024919,2022-03-20T02:03:09+01:00,,Confirmed,,,,,True,,,True,PRISMA,,https://platform.prisma-capacity.eu/,,Cross-Border Transmission IP within EU,0,False
1Physical Flowhour2022-02-13 06:00:00 +00:002022-02-13 07:00:00 +00:00BE-TSO-0001ITP-00542exitkWh/h,1,Physical Flow,hour,2022-02-13T07:00:00+01:00,2022-02-13T08:00:00+01:00,BE-TSO-0001,21X-BE-A-A0A0A-Y,Fluxys Belgium,ITP-00542,VIP Belgium - NCG,21Z000000000497Z,exit,kWh/h,,,13598440,2022-03-20T02:03:09+01:00,,Confirmed,,,,,True,,,True,PRISMA,,https://platform.prisma-capacity.eu/,,Cross-Border Transmission IP within EU,0,False
1Physical Flowhour2022-02-13 07:00:00 +00:002022-02-13 08:00:00 +00:00BE-TSO-0001ITP-00542exitkWh/h,1,Physical Flow,hour,2022-02-13T08:00:00+01:00,2022-02-13T09:00:00+01:00,BE-TSO-0001,21X-BE-A-A0A0A-Y,Fluxys Belgium,ITP-00542,VIP Belgium - NCG,21Z000000000497Z,exit,kWh/h,,,13108797,2022-03-20T02:03:09+01:00,,Confirmed,,,,,True,,,True,PRISMA,,https://platform.prisma-capacity.eu/,,Cross-Border Transmission IP within EU,0,False
1Physical Flowhour2022-02-13 08:00:00 +00:002022-02-13 09:00:00 +00:00BE-TSO-0001ITP-00542exitkWh/h,1,Physical Flow,hour,2022-02-13T09:00:00+01:00,2022-02-13T10:00:00+01:00,BE-TSO-0001,21X-BE-A-A0A0A-Y,Fluxys Belgium,ITP-00542,VIP Belgium - NCG,21Z000000000497Z,exit,kWh/h,,,11927789,2022-03-20T02:03:09+01:00,,Confirmed,,,,,True,,,True,PRISMA,,https://platform.prisma-capacity.eu/,,Cross-Border Transmission IP within EU,0,False
1Physical Flowhour2022-02-13 09:00:00 +00:002022-02-13 10:00:00 +00:00BE-TSO-0001ITP-00542exitkWh/h,1,Physical Flow,hour,2022-02-13T10:00:00+01:00,2022-02-13T11:00:00+01:00,BE-TSO-0001,21X-BE-A-A0A0A-Y,Fluxys Belgium,ITP-00542,VIP Belgium - NCG,21Z000000000497Z,exit,kWh/h,,,9184623,2022-03-20T02:03:09+01:00,,Confirmed,,,,,True,,,True,PRISMA,,https://platform.prisma-capacity.eu/,,Cross-Border Transmission IP within EU,0,False
1Physical Flowhour2022-02-13 10:00:00 +00:002022-02-13 11:00:00 +00:00BE-TSO-0001ITP-00542exitkWh/h,1,Physical Flow,hour,2022-02-13T11:00:00+01:00,2022-02-13T12:00:00+01:00,BE-TSO-0001,21X-BE-A-A0A0A-Y,Fluxys Belgium,ITP-00542,VIP Belgium - NCG,21Z000000000497Z,exit,kWh/h,,,10050413,2022-03-20T02:03:09+01:00,,Confirmed,,,,,True,,,True,PRISMA,,https://platform.prisma-capacity.eu/,,Cross-Border Transmission IP within EU,0,False
1Physical Flowhour2022-02-13 11:00:00 +00:002022-02-13 12:00:00 +00:00BE-TSO-0001ITP-00542exitkWh/h,1,Physical Flow,hour,2022-02-13T12:00:00+01:00,2022-02-13T13:00:00+01:00,BE-TSO-0001,21X-BE-A-A0A0A-Y,Fluxys Belgium,ITP-00542,VIP Belgium - NCG,21Z000000000497Z,exit,kWh/h,,,9457466,2022-03-20T02:03:09+01:00,,Confirmed,,,,,True,,,True,PRISMA,,https://platform.prisma-capacity.eu/,,Cross-Border Transmission IP within EU,0,False
1Physical Flowhour2022-02-13 12:00:00 +00:002022-02-13 13:00:00 +00:00BE-TSO-0001ITP-00542exitkWh/h,1,Physical Flow,hour,2022-02-13T13:00:00+01:00,2022-02-13T14:00:00+01:00,BE-TSO-0001,21X-BE-A-A0A0A-Y,Fluxys Belgium,ITP-00542,VIP Belgium - NCG,21Z000000000497Z,exit,kWh/h,,,10711942,2022-03-20T02:03:09+01:00,,Confirmed,,,,,True,,,True,PRISMA,,https://platform.prisma-capacity.eu/,,Cross-Border Transmission IP within EU,0,False
1Physical Flowhour2022-02-13 13:00:00 +00:002022-02-13 14:00:00 +00:00BE-TSO-0001ITP-00542exitkWh/h,1,Physical Flow,hour,2022-02-13T14:00:00+01:00,2022-02-13T15:00:00+01:00,BE-TSO-0001,21X-BE-A-A0A0A-Y,Fluxys Belgium,ITP-00542,VIP Belgium - NCG,21Z000000000497Z,exit,kWh/h,,,11702164,2022-03-20T02:03:09+01:00,,Confirmed,,,,,True,,,True,PRISMA,,https://platform.prisma-capacity.eu/,,Cross-Border Transmission IP within EU,0,False
1Physical Flowhour2022-02-13 14:00:00 +00:002022-02-13 15:00:00 +00:00BE-TSO-0001ITP-00542exitkWh/h,1,Physical Flow,hour,2022-02-13T15:00:00+01:00,2022-02-13T16:00:00+01:00,BE-TSO-0001,21X-BE-A-A0A0A-Y,Fluxys Belgium,ITP-00542,VIP Belgium - NCG,21Z000000000497Z,exit,kWh/h,,,11850571,2022-03-20T02:03:09+01:00,,Confirmed,,,,,True,,,True,PRISMA,,https://platform.prisma-capacity.eu/,,Cross-Border Transmission IP within EU,0,False
1Physical Flowhour2022-02-13 15:00:00 +00:002022-02-13 16:00:00 +00:00BE-TSO-0001ITP-00542exitkWh/h,1,Physical Flow,hour,2022-02-13T16:00:00+01:00,2022-02-13T17:00:00+01:00,BE-TSO-0001,21X-BE-A-A0A0A-Y,Fluxys Belgium,ITP-00542,VIP Belgium - NCG,21Z000000000497Z,exit,kWh/h,,,11998384,2022-03-20T02:03:09+01:00,,Confirmed,,,,,True,,,True,PRISMA,,https://platform.prisma-capacity.eu/,,Cross-Border Transmission IP within EU,0,False
1Physical Flowhour2022-02-13 16:00:00 +00:002022-02-13 17:00:00 +00:00BE-TSO-0001ITP-00542exitkWh/h,1,Physical Flow,hour,2022-02-13T17:00:00+01:00,2022-02-13T18:00:00+01:00,BE-TSO-0001,21X-BE-A-A0A0A-Y,Fluxys Belgium,ITP-00542,VIP Belgium - NCG,21Z000000000497Z,exit,kWh/h,,,11999645,2022-03-20T02:03:09+01:00,,Confirmed,,,,,True,,,True,PRISMA,,https://platform.prisma-capacity.eu/,,Cross-Border Transmission IP within EU,0,False
1Physical Flowhour2022-02-13 17:00:00 +00:002022-02-13 18:00:00 +00:00BE-TSO-0001ITP-00542exitkWh/h,1,Physical Flow,hour,2022-02-13T18:00:00+01:00,2022-02-13T19:00:00+01:00,BE-TSO-0001,21X-BE-A-A0A0A-Y,Fluxys Belgium,ITP-00542,VIP Belgium - NCG,21Z000000000497Z,exit,kWh/h,,,11210691,2022-03-20T02:03:09+01:00,,Confirmed,,,,,True,,,True,PRISMA,,https://platform.prisma-capacity.eu/,,Cross-Border Transmission IP within EU,0,False
1Physical Flowhour2022-02-13 18:00:00 +00:002022-02-13 19:00:00 +00:00BE-TSO-0001ITP-00542exitkWh/h,1,Physical Flow,hour,2022-02-13T19:00:00+01:00,2022-02-13T20:00:00+01:00,BE-TSO-0001,21X-BE-A-A0A0A-Y,Fluxys Belgium,ITP-00542,VIP Belgium - NCG,21Z000000000497Z,exit,kWh/h,,,11998552,2022-03-20T02:03:09+01:00,,Confirmed,,,,,True,,,True,PRISMA,,https://platform.prisma-capacity.eu/,,Cross-Border Transmission IP within EU,0,False
1Physical Flowhour2022-02-13 19:00:00 +00:002022-02-13 20:00:00 +00:00BE-TSO-0001ITP-00542exitkWh/h,1,Physical Flow,hour,2022-02-13T20:00:00+01:00,2022-02-13T21:00:00+01:00,BE-TSO-0001,21X-BE-A-A0A0A-Y,Fluxys Belgium,ITP-00542,VIP Belgium - NCG,21Z000000000497Z,exit,kWh/h,,,12000681,2022-03-20T02:03:09+01:00,,Confirmed,,,,,True,,,True,PRISMA,,https://platform.prisma-capacity.eu/,,Cross-Border Transmission IP within EU,0,False
1Physical Flowhour2022-02-13 20:00:00 +00:002022-02-13 21:00:00 +00:00BE-TSO-0001ITP-00542exitkWh/h,1,Physical Flow,hour,2022-02-13T21:00:00+01:00,2022-02-13T22:00:00+01:00,BE-TSO-0001,21X-BE-A-A0A0A-Y,Fluxys Belgium,ITP-00542,VIP Belgium - NCG,21Z000000000497Z,exit,kWh/h,,,11995128,2022-03-20T02:03:09+01:00,,Confirmed,,,,,True,,,True,PRISMA,,https://platform.prisma-capacity.eu/,,Cross-Border Transmission IP within EU,0,False
1Physical Flowhour2022-02-13 21:00:00 +00:002022-02-13 22:00:00 +00:00BE-TSO-0001ITP-00542exitkWh/h,1,Physical Flow,hour,2022-02-13T22:00:00+01:00,2022-02-13T23:00:00+01:00,BE-TSO-0001,21X-BE-A-A0A0A-Y,Fluxys Belgium,ITP-00542,VIP Belgium - NCG,21Z000000000497Z,exit,kWh/h,,,12659156,2022-03-20T02:03:09+01:00,,Confirmed,,,,,True,,,True,PRISMA,,https://platform.prisma-capacity.eu/,,Cross-Border Transmission IP within EU,0,False
1Physical Flowhour2022-02-13 22:00:00 +00:002022-02-13 23:00:00 +00:00BE-TSO-0001ITP-00542exitkWh/h,1,Physical Flow,hour,2022-02-13T23:00:00+01:00,2022-02-14T00:00:00+01:00,BE-TSO-0001,21X-BE-A-A0A0A-Y,Fluxys Belgium,ITP-00542,VIP Belgium - NCG,21Z000000000497Z,exit,kWh/h,,,12929289,2022-03-20T02:03:09+01:00,,Confirmed,,,,,True,,,True,PRISMA,,https://platform.prisma-capacity.eu/,,Cross-Border Transmission IP within EU,0,False
1Physical Flowhour2022-02-13 23:00:00 +00:002022-02-14 00:00:00 +00:00BE-TSO-0001ITP-00542exitkWh/h,1,Physical Flow,hour,2022-02-14T00:00:00+01:00,2022-02-14T01:00:00+01:00,BE-TSO-0001,21X-BE-A-A0A0A-Y,Fluxys Belgium,ITP-00542,VIP Belgium - NCG,21Z000000000497Z,exit,kWh/h,,,13477190,2022-03-20T02:03:09+01:00,,Confirmed,,,,,True,,,True,PRISMA,,https://platform.prisma-capacity.eu/,,Cross-Border Transmission IP within EU,0,False
1Physical Flowhour2022-02-14 00:00:00 +00:002022-02-14 01:00:00 +00:00BE-TSO-0001ITP-00542exitkWh/h,1,Physical Flow,hour,2022-02-14T01:00:00+01:00,2022-02-14T02:00:00+01:00,BE-TSO-0001,21X-BE-A-A0A0A-Y,Fluxys Belgium,ITP-00542,VIP Belgium - NCG,21Z000000000497Z,exit,kWh/h,,,12825445,2022-03-20T02:03:09+01:00,,Confirmed,,,,,True,,,True,PRISMA,,https://platform.prisma-capacity.eu/,,Cross-Border Transmission IP within EU,0,False
1Physical Flowhour2022-02-14 01:00:00 +00:002022-02-14 02:00:00 +00:00BE-TSO-0001ITP-00542exitkWh/h,1,Physical Flow,hour,2022-02-14T02:00:00+01:00,2022-02-14T03:00:00+01:00,BE-TSO-0001,21X-BE-A-A0A0A-Y,Fluxys Belgium,ITP-00542,VIP Belgium - NCG,21Z000000000497Z,exit,kWh/h,,,12824434,2022-03-20T02:03:09+01:00,,Confirmed,,,,,True,,,True,PRISMA,,https://platform.prisma-capacity.eu/,,Cross-Border Transmission IP within EU,0,False
1Physical Flowhour2022-02-14 02:00:00 +00:002022-02-14 03:00:00 +00:00BE-TSO-0001ITP-00542exitkWh/h,1,Physical Flow,hour,2022-02-14T03:00:00+01:00,2022-02-14T04:00:00+01:00,BE-TSO-0001,21X-BE-A-A0A0A-Y,Fluxys Belgium,ITP-00542,VIP Belgium - NCG,21Z000000000497Z,exit,kWh/h,,,12924179,2022-03-20T02:03:09+01:00,,Confirmed,,,,,True,,,True,PRISMA,,https://platform.prisma-capacity.eu/,,Cross-Border Transmission IP within EU,0,False
1Physical Flowhour2022-02-14 03:00:00 +00:002022-02-14 04:00:00 +00:00BE-TSO-0001ITP-00542exitkWh/h,1,Physical Flow,hour,2022-02-14T04:00:00+01:00,2022-02-14T05:00:00+01:00,BE-TSO-0001,21X-BE-A-A0A0A-Y,Fluxys Belgium,ITP-00542,VIP Belgium - NCG,21Z000000000497Z,exit,kWh/h,,,12921395,2022-03-20T02:03:09+01:00,,Confirmed,,,,,True,,,True,PRISMA,,https://platform.prisma-capacity.eu/,,Cross-Border Transmission IP within EU,0,False
1Physical Flowhour2022-02-14 04:00:00 +00:002022-02-14 05:00:00 +00:00BE-TSO-0001ITP-00542exitkWh/h,1,Physical Flow,hour,2022-02-14T05:00:00+01:00,2022-02-14T06:00:00+01:00,BE-TSO-0001,21X-BE-A-A0A0A-Y,Fluxys Belgium,ITP-00542,VIP Belgium - NCG,21Z000000000497Z,exit,kWh/h,,,12929083,2022-03-20T02:03:09+01:00,,Confirmed,,,,,True,,,True,PRISMA,,https://platform.prisma-capacity.eu/,,Cross-Border Transmission IP within EU,0,False
1Physical Flowhour2022-02-14 05:00:00 +00:002022-02-14 06:00:00 +00:00BE-TSO-0001ITP-00542exitkWh/h,1,Physical Flow,hour,2022-02-14T06:00:00+01:00,2022-02-14T07:00:00+01:00,BE-TSO-0001,21X-BE-A-A0A0A-Y,Fluxys Belgium,ITP-00542,VIP Belgium - NCG,21Z000000000497Z,exit,kWh/h,,,11756024,2022-03-20T02:03:09+01:00,,Confirmed,,,,,True,,,True,PRISMA,,https://platform.prisma-capacity.eu/,,Cross-Border Transmission IP within EU,0,False
1Physical Flowhour2022-02-14 06:00:00 +00:002022-02-14 07:00:00 +00:00BE-TSO-0001ITP-00542exitkWh/h,1,Physical Flow,hour,2022-02-14T07:00:00+01:00,2022-02-14T08:00:00+01:00,BE-TSO-0001,21X-BE-A-A0A0A-Y,Fluxys Belgium,ITP-00542,VIP Belgium - NCG,21Z000000000497Z,exit,kWh/h,,,12794150,2022-03-20T02:03:09+01:00,,Confirmed,,,,,True,,,True,PRISMA,,https://platform.prisma-capacity.eu/,,Cross-Border Transmission IP within EU,0,False
1Physical Flowhour2022-02-14 07:00:00 +00:002022-02-14 08:00:00 +00:00BE-TSO-0001ITP-00542exitkWh/h,1,Physical Flow,hour,2022-02-14T08:00:00+01:00,2022-02-14T09:00:00+01:00,BE-TSO-0001,21X-BE-A-A0A0A-Y,Fluxys Belgium,ITP-00542,VIP Belgium - NCG,21Z000000000497Z,exit,kWh/h,,,12970778,2022-03-20T02:03:09+01:00,,Confirmed,,,,,True,,,True,PRISMA,,https://platform.prisma-capacity.eu/,,Cross-Border Transmission IP within EU,0,False
1Physical Flowhour2022-02-14 08:00:00 +00:002022-02-14 09:00:00 +00:00BE-TSO-0001ITP-00542exitkWh/h,1,Physical Flow,hour,2022-02-14T09:00:00+01:00,2022-02-14T10:00:00+01:00,BE-TSO-0001,21X-BE-A-A0A0A-Y,Fluxys Belgium,ITP-00542,VIP Belgium - NCG,21Z000000000497Z,exit,kWh/h,,,12969810,2022-03-20T02:03:09+01:00,,Confirmed,,,,,True,,,True,PRISMA,,https://platform.prisma-capacity.eu/,,Cross-Border Transmission IP within EU,0,False
1Physical Flowhour2022-02-14 09:00:00 +00:002022-02-14 10:00:00 +00:00BE-TSO-0001ITP-00542exitkWh/h,1,Physical Flow,hour,2022-02-14T10:00:00+01:00,2022-02-14T11:00:00+01:00,BE-TSO-0001,21X-BE-A-A0A0A-Y,Fluxys Belgium,ITP-00542,VIP Belgium - NCG,21Z000000000497Z,exit,kWh/h,,,12976492,2022-03-20T02:03:09+01:00,,Confirmed,,,,,True,,,True,PRISMA,,https://platform.prisma-capacity.eu/,,Cross-Border Transmission IP within EU,0,False
1Physical Flowhour2022-02-14 10:00:00 +00:002022-02-14 11:00:00 +00:00BE-TSO-0001ITP-00542exitkWh/h,1,Physical Flow,hour,2022-02-14T11:00:00+01:00,2022-02-14T12:00:00+01:00,BE-TSO-0001,21X-BE-A-A0A0A-Y,Fluxys Belgium,ITP-00542,VIP Belgium - NCG,21Z000000000497Z,exit,kWh/h,,,12970489,2022-03-20T02:03:09+01:00,,Confirmed,,,,,True,,,True,PRISMA,,https://platform.prisma-capacity.eu/,,Cross-Border Transmission IP within EU,0,False
1Physical Flowhour2022-02-14 11:00:00 +00:002022-02-14 12:00:00 +00:00BE-TSO-0001ITP-00542exitkWh/h,1,Physical Flow,hour,2022-02-14T12:00:00+01:00,2022-02-14T13:00:00+01:00,BE-TSO-0001,21X-BE-A-A0A0A-Y,Fluxys Belgium,ITP-00542,VIP Belgium - NCG,21Z000000000497Z,exit,kWh/h,,,13731824,2022-03-20T02:03:09+01:00,,Confirmed,,,,,True,,,True,PRISMA,,https://platform.prisma-capacity.eu/,,Cross-Border Transmission IP within EU,0,False
1Physical Flowhour2022-02-14 12:00:00 +00:002022-02-14 13:00:00 +00:00BE-TSO-0001ITP-00542exitkWh/h,1,Physical Flow,hour,2022-02-14T13:00:00+01:00,2022-02-14T14:00:00+01:00,BE-TSO-0001,21X-BE-A-A0A0A-Y,Fluxys Belgium,ITP-00542,VIP Belgium - NCG,21Z000000000497Z,exit,kWh/h,,,13916827,2022-03-20T02:03:09+01:00,,Confirmed,,,,,True,,,True,PRISMA,,https://platform.prisma-capacity.eu/,,Cross-Border Transmission IP within EU,0,False
1Physical Flowhour2022-02-14 13:00:00 +00:002022-02-14 14:00:00 +00:00BE-TSO-0001ITP-00542exitkWh/h,1,Physical Flow,hour,2022-02-14T14:00:00+01:00,2022-02-14T15:00:00+01:00,BE-TSO-0001,21X-BE-A-A0A0A-Y,Fluxys Belgium,ITP-00542,VIP Belgium - NCG,21Z000000000497Z,exit,kWh/h,,,14298865,2022-03-20T02:03:09+01:00,,Confirmed,,,,,True,,,True,PRISMA,,https://platform.prisma-capacity.eu/,,Cross-Border Transmission IP within EU,0,False
1Physical Flowhour2022-02-14 14:00:00 +00:002022-02-14 15:00:00 +00:00BE-TSO-0001ITP-00542exitkWh/h,1,Physical Flow,hour,2022-02-14T15:00:00+01:00,2022-02-14T16:00:00+01:00,BE-TSO-0001,21X-BE-A-A0A0A-Y,Fluxys Belgium,ITP-00542,VIP Belgium - NCG,21Z000000000497Z,exit,kWh/h,,,14829408,2022-03-20T02:03:09+01:00,,Confirmed,,,,,True,,,True,PRISMA,,https://platform.prisma-capacity.eu/,,Cross-Border Transmission IP within EU,0,False
1Physical Flowhour2022-02-14 15:00:00 +00:002022-02-14 16:00:00 +00:00BE-TSO-0001ITP-00542exitkWh/h,1,Physical Flow,hour,2022-02-14T16:00:00+01:00,2022-02-14T17:00:00+01:00,BE-TSO-0001,21X-BE-A-A0A0A-Y,Fluxys Belgium,ITP-00542,VIP Belgium - NCG,21Z000000000497Z,exit,kWh/h,,,13995909,2022-03-20T02:03:09+01:00,,Confirmed,,,,,True,,,True,PRISMA,,https://platform.prisma-capacity.eu/,,Cross-Border Transmission IP within EU,0,False
1Physical Flowhour2022-02-14 16:00:00 +00:002022-02-14 17:00:00 +00:00BE-TSO-0001ITP-00542exitkWh/h,1,Physical Flow,hour,2022-02-14T17:00:00+01:00,2022-02-14T18:00:00+01:00,BE-TSO-0001,21X-BE-A-A0A0A-Y,Fluxys Belgium,ITP-00542,VIP Belgium - NCG,21Z000000000497Z,exit,kWh/h,,,14044037,2022-03-20T02:03:09+01:00,,Confirmed,,,,,True,,,True,PRISMA,,https://platform.prisma-capacity.eu/,,Cross-Border Transmission IP within EU,0,False
1Physical Flowhour2022-02-14 17:00:00 +00:002022-02-14 18:00:00 +00:00BE-TSO-0001ITP-00542exitkWh/h,1,Physical Flow,hour,2022-02-14T18:00:00+01:00,2022-02-14T19:00:00+01:00,BE-TSO-0001,21X-BE-A-A0A0A-Y,Fluxys Belgium,ITP-00542,VIP Belgium - NCG,21Z000000000497Z,exit,kWh/h,,,14044102,2022-03-20T02:03:09+01:00,,Confirmed,,,,,True,,,True,PRISMA,,https://platform.prisma-capacity.eu/,,Cross-Border Transmission IP within EU,0,False
1Physical Flowhour2022-02-14 18:00:00 +00:002022-02-14 19:00:00 +00:00BE-TSO-0001ITP-00542exitkWh/h,1,Physical Flow,hour,2022-02-14T19:00:00+01:00,2022-02-14T20:00:00+01:00,BE-TSO-0001,21X-BE-A-A0A0A-Y,Fluxys Belgium,ITP-00542,VIP Belgium - NCG,21Z000000000497Z,exit,kWh/h,,,14593237,2022-03-20T02:03:09+01:00,,Confirmed,,,,,True,,,True,PRISMA,,https://platform.prisma-capacity.eu/,,Cross-Border Transmission IP within EU,0,False
1Physical Flowhour2022-02-14 19:00:00 +00:002022-02-14 20:00:00 +00:00BE-TSO-0001ITP-00542exitkWh/h,1,Physical Flow,hour,2022-02-14T20:00:00+01:00,2022-02-14T21:00:00+01:00,BE-TSO-0001,21X-BE-A-A0A0A-Y,Fluxys Belgium,ITP-00542,VIP Belgium - NCG,21Z000000000497Z,exit,kWh/h,,,13309805,2022-03-20T02:03:09+01:00,,Confirmed,,,,,True,,,True,PRISMA,,https://platform.prisma-capacity.eu/,,Cross-Border Transmission IP within EU,0,False
1Physical Flowhour2022-02-14 20:00:00 +00:002022-02-14 21:00:00 +00:00BE-TSO-0001ITP-00542exitkWh/h,1,Physical Flow,hour,2022-02-14T21:00:00+01:00,2022-02-14T22:00:00+01:00,BE-TSO-0001,21X-BE-A-A0A0A-Y,Fluxys Belgium,ITP-00542,VIP Belgium - NCG,21Z000000000497Z,exit,kWh/h,,,13600712,2022-03-20T02:03:09+01:00,,Confirmed,,,,,True,,,True,PRISMA,,https://platform.prisma-capacity.eu/,,Cross-Border Transmission IP within EU,0,False
1Physical Flowhour2022-02-14 21:00:00 +00:002022-02-14 22:00:00 +00:00BE-TSO-0001ITP-00542exitkWh/h,1,Physical Flow,hour,2022-02-14T22:00:00+01:00,2022-02-14T23:00:00+01:00,BE-TSO-0001,21X-BE-A-A0A0A-Y,Fluxys Belgium,ITP-00542,VIP Belgium - NCG,21Z000000000497Z,exit,kWh/h,,,13609766,2022-03-20T02:03:09+01:00,,Confirmed,,,,,True,,,True,PRISMA,,https://platform.prisma-capacity.eu/,,Cross-Border Transmission IP within EU,0,False
1Physical Flowhour2022-02-14 22:00:00 +00:002022-02-14 23:00:00 +00:00BE-TSO-0001ITP-00542exitkWh/h,1,Physical Flow,hour,2022-02-14T23:00:00+01:00,2022-02-15T00:00:00+01:00,BE-TSO-0001,21X-BE-A-A0A0A-Y,Fluxys Belgium,ITP-00542,VIP Belgium - NCG,21Z000000000497Z,exit,kWh/h,,,13558316,2022-03-20T02:03:09+01:00,,Confirmed,,,,,True,,,True,PRISMA,,https://platform.prisma-capacity.eu/,,Cross-Border Transmission IP within EU,0,False
1Physical Flowhour2022-02-14 23:00:00 +00:002022-02-15 00:00:00 +00:00BE-TSO-0001ITP-00542exitkWh/h,1,Physical Flow,hour,2022-02-15T00:00:00+01:00,2022-02-15T01:00:00+01:00,BE-TSO-0001,21X-BE-A-A0A0A-Y,Fluxys Belgium,ITP-00542,VIP Belgium - NCG,21Z000000000497Z,exit,kWh/h,,,13571343,2022-03-20T02:03:09+01:00,,Confirmed,,,,,True,,,True,PRISMA,,https://platform.prisma-capacity.eu/,,Cross-Border Transmission IP within EU,0,False
1Physical Flowhour2022-02-15 00:00:00 +00:002022-02-15 01:00:00 +00:00BE-TSO-0001ITP-00542exitkWh/h,1,Physical Flow,hour,2022-02-15T01:00:00+01:00,2022-02-15T02:00:00+01:00,BE-TSO-0001,21X-BE-A-A0A0A-Y,Fluxys Belgium,ITP-00542,VIP Belgium - NCG,21Z000000000497Z,exit,kWh/h,,,13611328,2022-03-20T02:03:09+01:00,,Confirmed,,,,,True,,,True,PRISMA,,https://platform.prisma-capacity.eu/,,Cross-Border Transmission IP within EU,0,False
1Physical Flowhour2022-02-15 01:00:00 +00:002022-02-15 02:00:00 +00:00BE-TSO-0001ITP-00542exitkWh/h,1,Physical Flow,hour,2022-02-15T02:00:00+01:00,2022-02-15T03:00:00+01:00,BE-TSO-0001,21X-BE-A-A0A0A-Y,Fluxys Belgium,ITP-00542,VIP Belgium - NCG,21Z000000000497Z,exit,kWh/h,,,13613918,2022-03-20T02:03:09+01:00,,Confirmed,,,,,True,,,True,PRISMA,,https://platform.prisma-capacity.eu/,,Cross-Border Transmission IP within EU,0,False
1Physical Flowhour2022-02-15 02:00:00 +00:002022-02-15 03:00:00 +00:00BE-TSO-0001ITP-00542exitkWh/h,1,Physical Flow,hour,2022-02-15T03:00:00+01:00,2022-02-15T04:00:00+01:00,BE-TSO-0001,21X-BE-A-A0A0A-Y,Fluxys Belgium,ITP-00542,VIP Belgium - NCG,21Z000000000497Z,exit,kWh/h,,,13614235,2022-03-20T02:03:09+01:00,,Confirmed,,,,,True,,,True,PRISMA,,https://platform.prisma-capacity.eu/,,Cross-Border Transmission IP within EU,0,False
1Physical Flowhour2022-02-15 03:00:00 +00:002022-02-15 04:00:00 +00:00BE-TSO-0001ITP-00542exitkWh/h,1,Physical Flow,hour,2022-02-15T04:00:00+01:00,2022-02-15T05:00:00+01:00,BE-TSO-0001,21X-BE-A-A0A0A-Y,Fluxys Belgium,ITP-00542,VIP Belgium - NCG,21Z000000000497Z,exit,kWh/h,,,13613944,2022-03-20T02:03:09+01:00,,Confirmed,,,,,True,,,True,PRISMA,,https://platform.prisma-capacity.eu/,,Cross-Border Transmission IP within EU,0,False
1Physical Flowhour2022-02-15 04:00:00 +00:002022-02-15 05:00:00 +00:00BE-TSO-0001ITP-00542exitkWh/h,1,Physical Flow,hour,2022-02-15T05:00:00+01:00,2022-02-15T06:00:00+01:00,BE-TSO-0001,21X-BE-A-A0A0A-Y,Fluxys Belgium,ITP-00542,VIP Belgium - NCG,21Z000000000497Z,exit,kWh/h,,,13616405,2022-03-20T02:03:09+01:00,,Confirmed,,,,,True,,,True,PRISMA,,https://platform.prisma-capacity.eu/,,Cross-Border Transmission IP within EU,0,False
1Physical Flowhour2022-02-15 05:00:00 +00:002022-02-15 06:00:00 +00:00BE-TSO-0001ITP-00542exitkWh/h,1,Physical Flow,hour,2022-02-15T06:00:00+01:00,2022-02-15T07:00:00+01:00,BE-TSO-0001,21X-BE-A-A0A0A-Y,Fluxys Belgium,ITP-00542,VIP Belgium - NCG,21Z000000000497Z,exit,kWh/h,,,13128559,2022-03-20T02:03:09+01:00,,Confirmed,,,,,True,,,True,PRISMA,,https://platform.prisma-capacity.eu/,,Cross-Border Transmission IP within EU,0,False
1Physical Flowhour2022-02-15 06:00:00 +00:002022-02-15 07:00:00 +00:00BE-TSO-0001ITP-00542exitkWh/h,1,Physical Flow,hour,2022-02-15T07:00:00+01:00,2022-02-15T08:00:00+01:00,BE-TSO-0001,21X-BE-A-A0A0A-Y,Fluxys Belgium,ITP-00542,VIP Belgium - NCG,21Z000000000497Z,exit,kWh/h,,,13129665,2022-03-20T02:03:09+01:00,,Confirmed,,,,,True,,,True,PRISMA,,https://platform.prisma-capacity.eu/,,Cross-Border Transmission IP within EU,0,False
1Physical Flowhour2022-02-15 07:00:00 +00:002022-02-15 08:00:00 +00:00BE-TSO-0001ITP-00542exitkWh/h,1,Physical Flow,hour,2022-02-15T08:00:00+01:00,2022-02-15T09:00:00+01:00,BE-TSO-0001,21X-BE-A-A0A0A-Y,Fluxys Belgium,ITP-00542,VIP Belgium - NCG,21Z000000000497Z,exit,kWh/h,,,13131246,2022-03-20T02:03:09+01:00,,Confirmed,,,,,True,,,True,PRISMA,,https://platform.prisma-capacity.eu/,,Cross-Border Transmission IP within EU,0,False
1Physical Flowhour2022-02-15 08:00:00 +00:002022-02-15 09:00:00 +00:00BE-TSO-0001ITP-00542exitkWh/h,1,Physical Flow,hour,2022-02-15T09:00:00+01:00,2022-02-15T10:00:00+01:00,BE-TSO-0001,21X-BE-A-A0A0A-Y,Fluxys Belgium,ITP-00542,VIP Belgium - NCG,21Z000000000497Z,exit,kWh/h,,,13129336,2022-03-20T02:03:09+01:00,,Confirmed,,,,,True,,,True,PRISMA,,https://platform.prisma-capacity.eu/,,Cross-Border Transmission IP within EU,0,False
1Physical Flowhour2022-02-15 09:00:00 +00:002022-02-15 10:00:00 +00:00BE-TSO-0001ITP-00542exitkWh/h,1,Physical Flow,hour,2022-02-15T10:00:00+01:00,2022-02-15T11:00:00+01:00,BE-TSO-0001,21X-BE-A-A0A0A-Y,Fluxys Belgium,ITP-00542,VIP Belgium - NCG,21Z000000000497Z,exit,kWh/h,,,13133017,2022-03-20T02:03:09+01:00,,Confirmed,,,,,True,,,True,PRISMA,,https://platform.prisma-capacity.eu/,,Cross-Border Transmission IP within EU,0,False
1Physical Flowhour2022-02-15 10:00:00 +00:002022-02-15 11:00:00 +00:00BE-TSO-0001ITP-00542exitkWh/h,1,Physical Flow,hour,2022-02-15T11:00:00+01:00,2022-02-15T12:00:00+01:00,BE-TSO-0001,21X-BE-A-A0A0A-Y,Fluxys Belgium,ITP-00542,VIP Belgium - NCG,21Z000000000497Z,exit,kWh/h,,,13126403,2022-03-20T02:03:09+01:00,,Confirmed,,,,,True,,,True,PRISMA,,https://platform.prisma-capacity.eu/,,Cross-Border Transmission IP within EU,0,False
1Physical Flowhour2022-02-15 11:00:00 +00:002022-02-15 12:00:00 +00:00BE-TSO-0001ITP-00542exitkWh/h,1,Physical Flow,hour,2022-02-15T12:00:00+01:00,2022-02-15T13:00:00+01:00,BE-TSO-0001,21X-BE-A-A0A0A-Y,Fluxys Belgium,ITP-00542,VIP Belgium - NCG,21Z000000000497Z,exit,kWh/h,,,13130458,2022-03-20T02:03:09+01:00,,Confirmed,,,,,True,,,True,PRISMA,,https://platform.prisma-capacity.eu/,,Cross-Border Transmission IP within EU,0,False
1Physical Flowhour2022-02-15 12:00:00 +00:002022-02-15 13:00:00 +00:00BE-TSO-0001ITP-00542exitkWh/h,1,Physical Flow,hour,2022-02-15T13:00:00+01:00,2022-02-15T14:00:00+01:00,BE-TSO-0001,21X-BE-A-A0A0A-Y,Fluxys Belgium,ITP-00542,VIP Belgium - NCG,21Z000000000497Z,exit,kWh/h,,,11574727,2022-03-20T02:03:09+01:00,,Confirmed,,,,,True,,,True,PRISMA,,https://platform.prisma-capacity.eu/,,Cross-Border Transmission IP within EU,0,False
1Physical Flowhour2022-02-15 13:00:00 +00:002022-02-15 14:00:00 +00:00BE-TSO-0001ITP-00542exitkWh/h,1,Physical Flow,hour,2022-02-15T14:00:00+01:00,2022-02-15T15:00:00+01:00,BE-TSO-0001,21X-BE-A-A0A0A-Y,Fluxys Belgium,ITP-00542,VIP Belgium - NCG,21Z000000000497Z,exit,kWh/h,,,11575620,2022-03-20T02:03:09+01:00,,Confirmed,,,,,True,,,True,PRISMA,,https://platform.prisma-capacity.eu/,,Cross-Border Transmission IP within EU,0,False
1Physical Flowhour2022-02-15 14:00:00 +00:002022-02-15 15:00:00 +00:00BE-TSO-0001ITP-00542exitkWh/h,1,Physical Flow,hour,2022-02-15T15:00:00+01:00,2022-02-15T16:00:00+01:00,BE-TSO-0001,21X-BE-A-A0A0A-Y,Fluxys Belgium,ITP-00542,VIP Belgium - NCG,21Z000000000497Z,exit,kWh/h,,,13573706,2022-03-20T02:03:09+01:00,,Confirmed,,,,,True,,,True,PRISMA,,https://platform.prisma-capacity.eu/,,Cross-Border Transmission IP within EU,0,False
1Physical Flowhour2022-02-15 15:00:00 +00:002022-02-15 16:00:00 +00:00BE-TSO-0001ITP-00542exitkWh/h,1,Physical Flow,hour,2022-02-15T16:00:00+01:00,2022-02-15T17:00:00+01:00,BE-TSO-0001,21X-BE-A-A0A0A-Y,Fluxys Belgium,ITP-00542,VIP Belgium - NCG,21Z000000000497Z,exit,kWh/h,,,13569400,2022-03-20T02:03:09+01:00,,Confirmed,,,,,True,,,True,PRISMA,,https://platform.prisma-capacity.eu/,,Cross-Border Transmission IP within EU,0,False
1Physical Flowhour2022-02-15 16:00:00 +00:002022-02-15 17:00:00 +00:00BE-TSO-0001ITP-00542exitkWh/h,1,Physical Flow,hour,2022-02-15T17:00:00+01:00,2022-02-15T18:00:00+01:00,BE-TSO-0001,21X-BE-A-A0A0A-Y,Fluxys Belgium,ITP-00542,VIP Belgium - NCG,21Z000000000497Z,exit,kWh/h,,,14062209,2022-03-20T02:03:09+01:00,,Confirmed,,,,,True,,,True,PRISMA,,https://platform.prisma-capacity.eu/,,Cross-Border Transmission IP within EU,0,False
1Physical Flowhour2022-02-15 17:00:00 +00:002022-02-15 18:00:00 +00:00BE-TSO-0001ITP-00542exitkWh/h,1,Physical Flow,hour,2022-02-15T18:00:00+01:00,2022-02-15T19:00:00+01:00,BE-TSO-0001,21X-BE-A-A0A0A-Y,Fluxys Belgium,ITP-00542,VIP Belgium - NCG,21Z000000000497Z,exit,kWh/h,,,13574779,2022-03-20T02:03:09+01:00,,Confirmed,,,,,True,,,True,PRISMA,,https://platform.prisma-capacity.eu/,,Cross-Border Transmission IP within EU,0,False
1Physical Flowhour2022-02-15 18:00:00 +00:002022-02-15 19:00:00 +00:00BE-TSO-0001ITP-00542exitkWh/h,1,Physical Flow,hour,2022-02-15T19:00:00+01:00,2022-02-15T20:00:00+01:00,BE-TSO-0001,21X-BE-A-A0A0A-Y,Fluxys Belgium,ITP-00542,VIP Belgium - NCG,21Z000000000497Z,exit,kWh/h,,,13687796,2022-03-20T02:03:09+01:00,,Confirmed,,,,,True,,,True,PRISMA,,https://platform.prisma-capacity.eu/,,Cross-Border Transmission IP within EU,0,False
1Physical Flowhour2022-02-15 19:00:00 +00:002022-02-15 20:00:00 +00:00BE-TSO-0001ITP-00542exitkWh/h,1,Physical Flow,hour,2022-02-15T20:00:00+01:00,2022-02-15T21:00:00+01:00,BE-TSO-0001,21X-BE-A-A0A0A-Y,Fluxys Belgium,ITP-00542,VIP Belgium - NCG,21Z000000000497Z,exit,kWh/h,,,13660603,2022-03-20T02:03:09+01:00,,Confirmed,,,,,True,,,True,PRISMA,,https://platform.prisma-capacity.eu/,,Cross-Border Transmission IP within EU,0,False
1Physical Flowhour2022-02-15 20:00:00 +00:002022-02-15 21:00:00 +00:00BE-TSO-0001ITP-00542exitkWh/h,1,Physical Flow,hour,2022-02-15T21:00:00+01:00,2022-02-15T22:00:00+01:00,BE-TSO-0001,21X-BE-A-A0A0A-Y,Fluxys Belgium,ITP-00542,VIP Belgium - NCG,21Z000000000497Z,exit,kWh/h,,,13592758,2022-03-20T02:03:09+01:00,,Confirmed,,,,,True,,,True,PRISMA,,https://platform.prisma-capacity.eu/,,Cross-Border Transmission IP within EU,0,False
1Physical Flowhour2022-02-15 21:00:00 +00:002022-02-15 22:00:00 +00:00BE-TSO-0001ITP-00542exitkWh/h,1,Physical Flow,hour,2022-02-15T22:00:00+01:00,2022-02-15T23:00:00+01:00,BE-TSO-0001,21X-BE-A-A0A0A-Y,Fluxys Belgium,ITP-00542,VIP Belgium - NCG,21Z000000000497Z,exit,kWh/h,,,13761504,2022-03-20T02:03:09+01:00,,Confirmed,,,,,True,,,True,PRISMA,,https://platform.prisma-capacity.eu/,,Cross-Border Transmission IP within EU,0,False
1Physical Flowhour2022-02-15 22:00:00 +00:002022-02-15 23:00:00 +00:00BE-TSO-0001ITP-00542exitkWh/h,1,Physical Flow,hour,2022-02-15T23:00:00+01:00,2022-02-16T00:00:00+01:00,BE-TSO-0001,21X-BE-A-A0A0A-Y,Fluxys Belgium,ITP-00542,VIP Belgium - NCG,21Z000000000497Z,exit,kWh/h,,,13757786,2022-03-20T02:03:09+01:00,,Confirmed,,,,,True,,,True,PRISMA,,https://platform.prisma-capacity.eu/,,Cross-Border Transmission IP within EU,0,False
1Physical Flowhour2022-02-15 23:00:00 +00:002022-02-16 00:00:00 +00:00BE-TSO-0001ITP-00542exitkWh/h,1,Physical Flow,hour,2022-02-16T00:00:00+01:00,2022-02-16T01:00:00+01:00,BE-TSO-0001,21X-BE-A-A0A0A-Y,Fluxys Belgium,ITP-00542,VIP Belgium - NCG,21Z000000000497Z,exit,kWh/h,,,13762594,2022-03-20T02:03:09+01:00,,Confirmed,,,,,True,,,True,PRISMA,,https://platform.prisma-capacity.eu/,,Cross-Border Transmission IP within EU,0,False
1Physical Flowhour2022-02-16 00:00:00 +00:002022-02-16 01:00:00 +00:00BE-TSO-0001ITP-00542exitkWh/h,1,Physical Flow,hour,2022-02-16T01:00:00+01:00,2022-02-16T02:00:00+01:00,BE-TSO-0001,21X-BE-A-A0A0A-Y,Fluxys Belgium,ITP-00542,VIP Belgium - NCG,21Z000000000497Z,exit,kWh/h,,,13993716,2022-03-20T02:03:09+01:00,,Confirmed,,,,,True,,,True,PRISMA,,https://platform.prisma-capacity.eu/,,Cross-Border Transmission IP within EU,0,False
1Physical Flowhour2022-02-16 01:00:00 +00:002022-02-16 02:00:00 +00:00BE-TSO-0001ITP-00542exitkWh/h,1,Physical Flow,hour,2022-02-16T02:00:00+01:00,2022-02-16T03:00:00+01:00,BE-TSO-0001,21X-BE-A-A0A0A-Y,Fluxys Belgium,ITP-00542,VIP Belgium - NCG,21Z000000000497Z,exit,kWh/h,,,14044451,2022-03-20T02:03:09+01:00,,Confirmed,,,,,True,,,True,PRISMA,,https://platform.prisma-capacity.eu/,,Cross-Border Transmission IP within EU,0,False
1Physical Flowhour2022-02-16 02:00:00 +00:002022-02-16 03:00:00 +00:00BE-TSO-0001ITP-00542exitkWh/h,1,Physical Flow,hour,2022-02-16T03:00:00+01:00,2022-02-16T04:00:00+01:00,BE-TSO-0001,21X-BE-A-A0A0A-Y,Fluxys Belgium,ITP-00542,VIP Belgium - NCG,21Z000000000497Z,exit,kWh/h,,,14046141,2022-03-20T02:03:09+01:00,,Confirmed,,,,,True,,,True,PRISMA,,https://platform.prisma-capacity.eu/,,Cross-Border Transmission IP within EU,0,False
1Physical Flowhour2022-02-16 03:00:00 +00:002022-02-16 04:00:00 +00:00BE-TSO-0001ITP-00542exitkWh/h,1,Physical Flow,hour,2022-02-16T04:00:00+01:00,2022-02-16T05:00:00+01:00,BE-TSO-0001,21X-BE-A-A0A0A-Y,Fluxys Belgium,ITP-00542,VIP Belgium - NCG,21Z000000000497Z,exit,kWh/h,,,14054330,2022-03-20T02:03:09+01:00,,Confirmed,,,,,True,,,True,PRISMA,,https://platform.prisma-capacity.eu/,,Cross-Border Transmission IP within EU,0,False
1Physical Flowhour2022-02-16 04:00:00 +00:002022-02-16 05:00:00 +00:00BE-TSO-0001ITP-00542exitkWh/h,1,Physical Flow,hour,2022-02-16T05:00:00+01:00,2022-02-16T06:00:00+01:00,BE-TSO-0001,21X-BE-A-A0A0A-Y,Fluxys Belgium,ITP-00542,VIP Belgium - NCG,21Z000000000497Z,exit,kWh/h,,,14054013,2022-03-20T02:03:09+01:00,,Confirmed,,,,,True,,,True,PRISMA,,https://platform.prisma-capacity.eu/,,Cross-Border Transmission IP within EU,0,False
1Physical Flowhour2022-02-16 05:00:00 +00:002022-02-16 06:00:00 +00:00BE-TSO-0001ITP-00542exitkWh/h,1,Physical Flow,hour,2022-02-16T06:00:00+01:00,2022-02-16T07:00:00+01:00,BE-TSO-0001,21X-BE-A-A0A0A-Y,Fluxys Belgium,ITP-00542,VIP Belgium - NCG,21Z000000000497Z,exit,kWh/h,,,15093567,2022-03-20T02:03:09+01:00,,Confirmed,,,,,True,,,True,PRISMA,,https://platform.prisma-capacity.eu/,,Cross-Border Transmission IP within EU,0,False
1Physical Flowhour2022-02-16 06:00:00 +00:002022-02-16 07:00:00 +00:00BE-TSO-0001ITP-00542exitkWh/h,1,Physical Flow,hour,2022-02-16T07:00:00+01:00,2022-02-16T08:00:00+01:00,BE-TSO-0001,21X-BE-A-A0A0A-Y,Fluxys Belgium,ITP-00542,VIP Belgium - NCG,21Z000000000497Z,exit,kWh/h,,,15097729,2022-03-20T02:03:09+01:00,,Confirmed,,,,,True,,,True,PRISMA,,https://platform.prisma-capacity.eu/,,Cross-Border Transmission IP within EU,0,False
1Physical Flowhour2022-02-16 07:00:00 +00:002022-02-16 08:00:00 +00:00BE-TSO-0001ITP-00542exitkWh/h,1,Physical Flow,hour,2022-02-16T08:00:00+01:00,2022-02-16T09:00:00+01:00,BE-TSO-0001,21X-BE-A-A0A0A-Y,Fluxys Belgium,ITP-00542,VIP Belgium - NCG,21Z000000000497Z,exit,kWh/h,,,15096722,2022-03-20T02:03:09+01:00,,Confirmed,,,,,True,,,True,PRISMA,,https://platform.prisma-capacity.eu/,,Cross-Border Transmission IP within EU,0,False
1Physical Flowhour2022-02-16 08:00:00 +00:002022-02-16 09:00:00 +00:00BE-TSO-0001ITP-00542exitkWh/h,1,Physical Flow,hour,2022-02-16T09:00:00+01:00,2022-02-16T10:00:00+01:00,BE-TSO-0001,21X-BE-A-A0A0A-Y,Fluxys Belgium,ITP-00542,VIP Belgium - NCG,21Z000000000497Z,exit,kWh/h,,,15551698,2022-03-20T02:03:09+01:00,,Confirmed,,,,,True,,,True,PRISMA,,https://platform.prisma-capacity.eu/,,Cross-Border Transmission IP within EU,0,False
1Physical Flowhour2022-02-16 09:00:00 +00:002022-02-16 10:00:00 +00:00BE-TSO-0001ITP-00542exitkWh/h,1,Physical Flow,hour,2022-02-16T10:00:00+01:00,2022-02-16T11:00:00+01:00,BE-TSO-0001,21X-BE-A-A0A0A-Y,Fluxys Belgium,ITP-00542,VIP Belgium - NCG,21Z000000000497Z,exit,kWh/h,,,14323523,2022-03-20T02:03:09+01:00,,Confirmed,,,,,True,,,True,PRISMA,,https://platform.prisma-capacity.eu/,,Cross-Border Transmission IP within EU,0,False
1Physical Flowhour2022-02-16 10:00:00 +00:002022-02-16 11:00:00 +00:00BE-TSO-0001ITP-00542exitkWh/h,1,Physical Flow,hour,2022-02-16T11:00:00+01:00,2022-02-16T12:00:00+01:00,BE-TSO-0001,21X-BE-A-A0A0A-Y,Fluxys Belgium,ITP-00542,VIP Belgium - NCG,21Z000000000497Z,exit,kWh/h,,,14325749,2022-03-20T02:03:09+01:00,,Confirmed,,,,,True,,,True,PRISMA,,https://platform.prisma-capacity.eu/,,Cross-Border Transmission IP within EU,0,False
1Physical Flowhour2022-02-16 11:00:00 +00:002022-02-16 12:00:00 +00:00BE-TSO-0001ITP-00542exitkWh/h,1,Physical Flow,hour,2022-02-16T12:00:00+01:00,2022-02-16T13:00:00+01:00,BE-TSO-0001,21X-BE-A-A0A0A-Y,Fluxys Belgium,ITP-00542,VIP Belgium - NCG,21Z000000000497Z,exit,kWh/h,,,15472786,2022-03-20T02:03:09+01:00,,Confirmed,,,,,True,,,True,PRISMA,,https://platform.prisma-capacity.eu/,,Cross-Border Transmission IP within EU,0,False
1Physical Flowhour2022-02-16 12:00:00 +00:002022-02-16 13:00:00 +00:00BE-TSO-0001ITP-00542exitkWh/h,1,Physical Flow,hour,2022-02-16T13:00:00+01:00,2022-02-16T14:00:00+01:00,BE-TSO-0001,21X-BE-A-A0A0A-Y,Fluxys Belgium,ITP-00542,VIP Belgium - NCG,21Z000000000497Z,exit,kWh/h,,,15720802,2022-03-20T02:03:09+01:00,,Confirmed,,,,,True,,,True,PRISMA,,https://platform.prisma-capacity.eu/,,Cross-Border Transmission IP within EU,0,False
1Physical Flowhour2022-02-16 13:00:00 +00:002022-02-16 14:00:00 +00:00BE-TSO-0001ITP-00542exitkWh/h,1,Physical Flow,hour,2022-02-16T14:00:00+01:00,2022-02-16T15:00:00+01:00,BE-TSO-0001,21X-BE-A-A0A0A-Y,Fluxys Belgium,ITP-00542,VIP Belgium - NCG,21Z000000000497Z,exit,kWh/h,,,16538158,2022-03-20T02:03:09+01:00,,Confirmed,,,,,True,,,True,PRISMA,,https://platform.prisma-capacity.eu/,,Cross-Border Transmission IP within EU,0,False
1Physical Flowhour2022-02-16 14:00:00 +00:002022-02-16 15:00:00 +00:00BE-TSO-0001ITP-00542exitkWh/h,1,Physical Flow,hour,2022-02-16T15:00:00+01:00,2022-02-16T16:00:00+01:00,BE-TSO-0001,21X-BE-A-A0A0A-Y,Fluxys Belgium,ITP-00542,VIP Belgium - NCG,21Z000000000497Z,exit,kWh/h,,,16336175,2022-03-20T02:03:09+01:00,,Confirmed,,,,,True,,,True,PRISMA,,https://platform.prisma-capacity.eu/,,Cross-Border Transmission IP within EU,0,False
1Physical Flowhour2022-02-16 15:00:00 +00:002022-02-16 16:00:00 +00:00BE-TSO-0001ITP-00542exitkWh/h,1,Physical Flow,hour,2022-02-16T16:00:00+01:00,2022-02-16T17:00:00+01:00,BE-TSO-0001,21X-BE-A-A0A0A-Y,Fluxys Belgium,ITP-00542,VIP Belgium - NCG,21Z000000000497Z,exit,kWh/h,,,15927611,2022-03-20T02:03:09+01:00,,Confirmed,,,,,True,,,True,PRISMA,,https://platform.prisma-capacity.eu/,,Cross-Border Transmission IP within EU,0,False
1Physical Flowhour2022-02-16 16:00:00 +00:002022-02-16 17:00:00 +00:00BE-TSO-0001ITP-00542exitkWh/h,1,Physical Flow,hour,2022-02-16T17:00:00+01:00,2022-02-16T18:00:00+01:00,BE-TSO-0001,21X-BE-A-A0A0A-Y,Fluxys Belgium,ITP-00542,VIP Belgium - NCG,21Z000000000497Z,exit,kWh/h,,,16628017,2022-03-20T02:03:09+01:00,,Confirmed,,,,,True,,,True,PRISMA,,https://platform.prisma-capacity.eu/,,Cross-Border Transmission IP within EU,0,False
1Physical Flowhour2022-02-16 17:00:00 +00:002022-02-16 18:00:00 +00:00BE-TSO-0001ITP-00542exitkWh/h,1,Physical Flow,hour,2022-02-16T18:00:00+01:00,2022-02-16T19:00:00+01:00,BE-TSO-0001,21X-BE-A-A0A0A-Y,Fluxys Belgium,ITP-00542,VIP Belgium - NCG,21Z000000000497Z,exit,kWh/h,,,16628975,2022-03-20T02:03:09+01:00,,Confirmed,,,,,True,,,True,PRISMA,,https://platform.prisma-capacity.eu/,,Cross-Border Transmission IP within EU,0,False
1Physical Flowhour2022-02-16 18:00:00 +00:002022-02-16 19:00:00 +00:00BE-TSO-0001ITP-00542exitkWh/h,1,Physical Flow,hour,2022-02-16T19:00:00+01:00,2022-02-16T20:00:00+01:00,BE-TSO-0001,21X-BE-A-A0A0A-Y,Fluxys Belgium,ITP-00542,VIP Belgium - NCG,21Z000000000497Z,exit,kWh/h,,,16631923,2022-03-20T02:03:09+01:00,,Confirmed,,,,,True,,,True,PRISMA,,https://platform.prisma-capacity.eu/,,Cross-Border Transmission IP within EU,0,False
1Physical Flowhour2022-02-16 19:00:00 +00:002022-02-16 20:00:00 +00:00BE-TSO-0001ITP-00542exitkWh/h,1,Physical Flow,hour,2022-02-16T20:00:00+01:00,2022-02-16T21:00:00+01:00,BE-TSO-0001,21X-BE-A-A0A0A-Y,Fluxys Belgium,ITP-00542,VIP Belgium - NCG,21Z000000000497Z,exit,kWh/h,,,17227261,2022-03-20T02:03:09+01:00,,Confirmed,,,,,True,,,True,PRISMA,,https://platform.prisma-capacity.eu/,,Cross-Border Transmission IP within EU,0,False
1Physical Flowhour2022-02-16 20:00:00 +00:002022-02-16 21:00:00 +00:00BE-TSO-0001ITP-00542exitkWh/h,1,Physical Flow,hour,2022-02-16T21:00:00+01:00,2022-02-16T22:00:00+01:00,BE-TSO-0001,21X-BE-A-A0A0A-Y,Fluxys Belgium,ITP-00542,VIP Belgium - NCG,21Z000000000497Z,exit,kWh/h,,,17269966,2022-03-20T02:03:09+01:00,,Confirmed,,,,,True,,,True,PRISMA,,https://platform.prisma-capacity.eu/,,Cross-Border Transmission IP within EU,0,False
1Physical Flowhour2022-02-16 21:00:00 +00:002022-02-16 22:00:00 +00:00BE-TSO-0001ITP-00542exitkWh/h,1,Physical Flow,hour,2022-02-16T22:00:00+01:00,2022-02-16T23:00:00+01:00,BE-TSO-0001,21X-BE-A-A0A0A-Y,Fluxys Belgium,ITP-00542,VIP Belgium - NCG,21Z000000000497Z,exit,kWh/h,,,17276591,2022-03-20T02:03:09+01:00,,Confirmed,,,,,True,,,True,PRISMA,,https://platform.prisma-capacity.eu/,,Cross-Border Transmission IP within EU,0,False
1Physical Flowhour2022-02-16 22:00:00 +00:002022-02-16 23:00:00 +00:00BE-TSO-0001ITP-00542exitkWh/h,1,Physical Flow,hour,2022-02-16T23:00:00+01:00,2022-02-17T00:00:00+01:00,BE-TSO-0001,21X-BE-A-A0A0A-Y,Fluxys Belgium,ITP-00542,VIP Belgium - NCG,21Z000000000497Z,exit,kWh/h,,,17263640,2022-03-20T02:03:09+01:00,,Confirmed,,,,,True,,,True,PRISMA,,https://platform.prisma-capacity.eu/,,Cross-Border Transmission IP within EU,0,False
1Physical Flowhour2022-02-16 23:00:00 +00:002022-02-17 00:00:00 +00:00BE-TSO-0001ITP-00542exitkWh/h,1,Physical Flow,hour,2022-02-17T00:00:00+01:00,2022-02-17T01:00:00+01:00,BE-TSO-0001,21X-BE-A-A0A0A-Y,Fluxys Belgium,ITP-00542,VIP Belgium - NCG,21Z000000000497Z,exit,kWh/h,,,17247230,2022-03-20T02:03:09+01:00,,Confirmed,,,,,True,,,True,PRISMA,,https://platform.prisma-capacity.eu/,,Cross-Border Transmission IP within EU,0,False
1Physical Flowhour2022-02-17 00:00:00 +00:002022-02-17 01:00:00 +00:00BE-TSO-0001ITP-00542exitkWh/h,1,Physical Flow,hour,2022-02-17T01:00:00+01:00,2022-02-17T02:00:00+01:00,BE-TSO-0001,21X-BE-A-A0A0A-Y,Fluxys Belgium,ITP-00542,VIP Belgium - NCG,21Z000000000497Z,exit,kWh/h,,,17257462,2022-03-20T02:03:09+01:00,,Confirmed,,,,,True,,,True,PRISMA,,https://platform.prisma-capacity.eu/,,Cross-Border Transmission IP within EU,0,False
1Physical Flowhour2022-02-17 01:00:00 +00:002022-02-17 02:00:00 +00:00BE-TSO-0001ITP-00542exitkWh/h,1,Physical Flow,hour,2022-02-17T02:00:00+01:00,2022-02-17T03:00:00+01:00,BE-TSO-0001,21X-BE-A-A0A0A-Y,Fluxys Belgium,ITP-00542,VIP Belgium - NCG,21Z000000000497Z,exit,kWh/h,,,17244072,2022-03-20T02:03:09+01:00,,Confirmed,,,,,True,,,True,PRISMA,,https://platform.prisma-capacity.eu/,,Cross-Border Transmission IP within EU,0,False
1Physical Flowhour2022-02-17 02:00:00 +00:002022-02-17 03:00:00 +00:00BE-TSO-0001ITP-00542exitkWh/h,1,Physical Flow,hour,2022-02-17T03:00:00+01:00,2022-02-17T04:00:00+01:00,BE-TSO-0001,21X-BE-A-A0A0A-Y,Fluxys Belgium,ITP-00542,VIP Belgium - NCG,21Z000000000497Z,exit,kWh/h,,,17245167,2022-03-20T02:03:09+01:00,,Confirmed,,,,,True,,,True,PRISMA,,https://platform.prisma-capacity.eu/,,Cross-Border Transmission IP within EU,0,False
1Physical Flowhour2022-02-17 03:00:00 +00:002022-02-17 04:00:00 +00:00BE-TSO-0001ITP-00542exitkWh/h,1,Physical Flow,hour,2022-02-17T04:00:00+01:00,2022-02-17T05:00:00+01:00,BE-TSO-0001,21X-BE-A-A0A0A-Y,Fluxys Belgium,ITP-00542,VIP Belgium - NCG,21Z000000000497Z,exit,kWh/h,,,17241749,2022-03-20T02:03:09+01:00,,Confirmed,,,,,True,,,True,PRISMA,,https://platform.prisma-capacity.eu/,,Cross-Border Transmission IP within EU,0,False
1Physical Flowhour2022-02-17 04:00:00 +00:002022-02-17 05:00:00 +00:00BE-TSO-0001ITP-00542exitkWh/h,1,Physical Flow,hour,2022-02-17T05:00:00+01:00,2022-02-17T06:00:00+01:00,BE-TSO-0001,21X-BE-A-A0A0A-Y,Fluxys Belgium,ITP-00542,VIP Belgium - NCG,21Z000000000497Z,exit,kWh/h,,,17250805,2022-03-20T02:03:09+01:00,,Confirmed,,,,,True,,,True,PRISMA,,https://platform.prisma-capacity.eu/,,Cross-Border Transmission IP within EU,0,False
1Physical Flowhour2022-02-17 05:00:00 +00:002022-02-17 06:00:00 +00:00BE-TSO-0001ITP-00542exitkWh/h,1,Physical Flow,hour,2022-02-17T06:00:00+01:00,2022-02-17T07:00:00+01:00,BE-TSO-0001,21X-BE-A-A0A0A-Y,Fluxys Belgium,ITP-00542,VIP Belgium - NCG,21Z000000000497Z,exit,kWh/h,,,16059405,2022-03-20T02:03:09+01:00,,Confirmed,,,,,True,,,True,PRISMA,,https://platform.prisma-capacity.eu/,,Cross-Border Transmission IP within EU,0,False
1Physical Flowhour2022-02-17 06:00:00 +00:002022-02-17 07:00:00 +00:00BE-TSO-0001ITP-00542exitkWh/h,1,Physical Flow,hour,2022-02-17T07:00:00+01:00,2022-02-17T08:00:00+01:00,BE-TSO-0001,21X-BE-A-A0A0A-Y,Fluxys Belgium,ITP-00542,VIP Belgium - NCG,21Z000000000497Z,exit,kWh/h,,,15562911,2022-03-20T02:03:09+01:00,,Confirmed,,,,,True,,,True,PRISMA,,https://platform.prisma-capacity.eu/,,Cross-Border Transmission IP within EU,0,False
1Physical Flowhour2022-02-17 07:00:00 +00:002022-02-17 08:00:00 +00:00BE-TSO-0001ITP-00542exitkWh/h,1,Physical Flow,hour,2022-02-17T08:00:00+01:00,2022-02-17T09:00:00+01:00,BE-TSO-0001,21X-BE-A-A0A0A-Y,Fluxys Belgium,ITP-00542,VIP Belgium - NCG,21Z000000000497Z,exit,kWh/h,,,15556941,2022-03-20T02:03:09+01:00,,Confirmed,,,,,True,,,True,PRISMA,,https://platform.prisma-capacity.eu/,,Cross-Border Transmission IP within EU,0,False
1Physical Flowhour2022-02-17 08:00:00 +00:002022-02-17 09:00:00 +00:00BE-TSO-0001ITP-00542exitkWh/h,1,Physical Flow,hour,2022-02-17T09:00:00+01:00,2022-02-17T10:00:00+01:00,BE-TSO-0001,21X-BE-A-A0A0A-Y,Fluxys Belgium,ITP-00542,VIP Belgium - NCG,21Z000000000497Z,exit,kWh/h,,,15558996,2022-03-20T02:03:09+01:00,,Confirmed,,,,,True,,,True,PRISMA,,https://platform.prisma-capacity.eu/,,Cross-Border Transmission IP within EU,0,False
1Physical Flowhour2022-02-17 09:00:00 +00:002022-02-17 10:00:00 +00:00BE-TSO-0001ITP-00542exitkWh/h,1,Physical Flow,hour,2022-02-17T10:00:00+01:00,2022-02-17T11:00:00+01:00,BE-TSO-0001,21X-BE-A-A0A0A-Y,Fluxys Belgium,ITP-00542,VIP Belgium - NCG,21Z000000000497Z,exit,kWh/h,,,15563740,2022-03-20T02:03:09+01:00,,Confirmed,,,,,True,,,True,PRISMA,,https://platform.prisma-capacity.eu/,,Cross-Border Transmission IP within EU,0,False
1Physical Flowhour2022-02-17 10:00:00 +00:002022-02-17 11:00:00 +00:00BE-TSO-0001ITP-00542exitkWh/h,1,Physical Flow,hour,2022-02-17T11:00:00+01:00,2022-02-17T12:00:00+01:00,BE-TSO-0001,21X-BE-A-A0A0A-Y,Fluxys Belgium,ITP-00542,VIP Belgium - NCG,21Z000000000497Z,exit,kWh/h,,,15561951,2022-03-20T02:03:09+01:00,,Confirmed,,,,,True,,,True,PRISMA,,https://platform.prisma-capacity.eu/,,Cross-Border Transmission IP within EU,0,False
1Physical Flowhour2022-02-17 11:00:00 +00:002022-02-17 12:00:00 +00:00BE-TSO-0001ITP-00542exitkWh/h,1,Physical Flow,hour,2022-02-17T12:00:00+01:00,2022-02-17T13:00:00+01:00,BE-TSO-0001,21X-BE-A-A0A0A-Y,Fluxys Belgium,ITP-00542,VIP Belgium - NCG,21Z000000000497Z,exit,kWh/h,,,15790826,2022-03-20T02:03:09+01:00,,Confirmed,,,,,True,,,True,PRISMA,,https://platform.prisma-capacity.eu/,,Cross-Border Transmission IP within EU,0,False
1Physical Flowhour2022-02-17 12:00:00 +00:002022-02-17 13:00:00 +00:00BE-TSO-0001ITP-00542exitkWh/h,1,Physical Flow,hour,2022-02-17T13:00:00+01:00,2022-02-17T14:00:00+01:00,BE-TSO-0001,21X-BE-A-A0A0A-Y,Fluxys Belgium,ITP-00542,VIP Belgium - NCG,21Z000000000497Z,exit,kWh/h,,,15884451,2022-03-20T02:03:09+01:00,,Confirmed,,,,,True,,,True,PRISMA,,https://platform.prisma-capacity.eu/,,Cross-Border Transmission IP within EU,0,False
1Physical Flowhour2022-02-17 13:00:00 +00:002022-02-17 14:00:00 +00:00BE-TSO-0001ITP-00542exitkWh/h,1,Physical Flow,hour,2022-02-17T14:00:00+01:00,2022-02-17T15:00:00+01:00,BE-TSO-0001,21X-BE-A-A0A0A-Y,Fluxys Belgium,ITP-00542,VIP Belgium - NCG,21Z000000000497Z,exit,kWh/h,,,15341773,2022-03-20T02:03:09+01:00,,Confirmed,,,,,True,,,True,PRISMA,,https://platform.prisma-capacity.eu/,,Cross-Border Transmission IP within EU,0,False
1Physical Flowhour2022-02-17 14:00:00 +00:002022-02-17 15:00:00 +00:00BE-TSO-0001ITP-00542exitkWh/h,1,Physical Flow,hour,2022-02-17T15:00:00+01:00,2022-02-17T16:00:00+01:00,BE-TSO-0001,21X-BE-A-A0A0A-Y,Fluxys Belgium,ITP-00542,VIP Belgium - NCG,21Z000000000497Z,exit,kWh/h,,,15345057,2022-03-20T02:03:09+01:00,,Confirmed,,,,,True,,,True,PRISMA,,https://platform.prisma-capacity.eu/,,Cross-Border Transmission IP within EU,0,False
1Physical Flowhour2022-02-17 15:00:00 +00:002022-02-17 16:00:00 +00:00BE-TSO-0001ITP-00542exitkWh/h,1,Physical Flow,hour,2022-02-17T16:00:00+01:00,2022-02-17T17:00:00+01:00,BE-TSO-0001,21X-BE-A-A0A0A-Y,Fluxys Belgium,ITP-00542,VIP Belgium - NCG,21Z000000000497Z,exit,kWh/h,,,15341264,2022-03-20T02:03:09+01:00,,Confirmed,,,,,True,,,True,PRISMA,,https://platform.prisma-capacity.eu/,,Cross-Border Transmission IP within EU,0,False
1Physical Flowhour2022-02-17 16:00:00 +00:002022-02-17 17:00:00 +00:00BE-TSO-0001ITP-00542exitkWh/h,1,Physical Flow,hour,2022-02-17T17:00:00+01:00,2022-02-17T18:00:00+01:00,BE-TSO-0001,21X-BE-A-A0A0A-Y,Fluxys Belgium,ITP-00542,VIP Belgium - NCG,21Z000000000497Z,exit,kWh/h,,,15342722,2022-03-20T02:03:09+01:00,,Confirmed,,,,,True,,,True,PRISMA,,https://platform.prisma-capacity.eu/,,Cross-Border Transmission IP within EU,0,False
1Physical Flowhour2022-02-17 17:00:00 +00:002022-02-17 18:00:00 +00:00BE-TSO-0001ITP-00542exitkWh/h,1,Physical Flow,hour,2022-02-17T18:00:00+01:00,2022-02-17T19:00:00+01:00,BE-TSO-0001,21X-BE-A-A0A0A-Y,Fluxys Belgium,ITP-00542,VIP Belgium - NCG,21Z000000000497Z,exit,kWh/h,,,15342953,2022-03-20T02:03:09+01:00,,Confirmed,,,,,True,,,True,PRISMA,,https://platform.prisma-capacity.eu/,,Cross-Border Transmission IP within EU,0,False
1Physical Flowhour2022-02-17 18:00:00 +00:002022-02-17 19:00:00 +00:00BE-TSO-0001ITP-00542exitkWh/h,1,Physical Flow,hour,2022-02-17T19:00:00+01:00,2022-02-17T20:00:00+01:00,BE-TSO-0001,21X-BE-A-A0A0A-Y,Fluxys Belgium,ITP-00542,VIP Belgium - NCG,21Z000000000497Z,exit,kWh/h,,,15342728,2022-03-20T02:03:09+01:00,,Confirmed,,,,,True,,,True,PRISMA,,https://platform.prisma-capacity.eu/,,Cross-Border Transmission IP within EU,0,False
1Physical Flowhour2022-02-17 19:00:00 +00:002022-02-17 20:00:00 +00:00BE-TSO-0001ITP-00542exitkWh/h,1,Physical Flow,hour,2022-02-17T20:00:00+01:00,2022-02-17T21:00:00+01:00,BE-TSO-0001,21X-BE-A-A0A0A-Y,Fluxys Belgium,ITP-00542,VIP Belgium - NCG,21Z000000000497Z,exit,kWh/h,,,15345317,2022-03-20T02:03:09+01:00,,Confirmed,,,,,True,,,True,PRISMA,,https://platform.prisma-capacity.eu/,,Cross-Border Transmission IP within EU,0,False
1Physical Flowhour2022-02-17 20:00:00 +00:002022-02-17 21:00:00 +00:00BE-TSO-0001ITP-00542exitkWh/h,1,Physical Flow,hour,2022-02-17T21:00:00+01:00,2022-02-17T22:00:00+01:00,BE-TSO-0001,21X-BE-A-A0A0A-Y,Fluxys Belgium,ITP-00542,VIP Belgium - NCG,21Z000000000497Z,exit,kWh/h,,,15341402,2022-03-20T02:03:09+01:00,,Confirmed,,,,,True,,,True,PRISMA,,https://platform.prisma-capacity.eu/,,Cross-Border Transmission IP within EU,0,False
1Physical Flowhour2022-02-17 21:00:00 +00:002022-02-17 22:00:00 +00:00BE-TSO-0001ITP-00542exitkWh/h,1,Physical Flow,hour,2022-02-17T22:00:00+01:00,2022-02-17T23:00:00+01:00,BE-TSO-0001,21X-BE-A-A0A0A-Y,Fluxys Belgium,ITP-00542,VIP Belgium - NCG,21Z000000000497Z,exit,kWh/h,,,15348796,2022-03-20T02:03:09+01:00,,Confirmed,,,,,True,,,True,PRISMA,,https://platform.prisma-capacity.eu/,,Cross-Border Transmission IP within EU,0,False
1Physical Flowhour2022-02-17 22:00:00 +00:002022-02-17 23:00:00 +00:00BE-TSO-0001ITP-00542exitkWh/h,1,Physical Flow,hour,2022-02-17T23:00:00+01:00,2022-02-18T00:00:00+01:00,BE-TSO-0001,21X-BE-A-A0A0A-Y,Fluxys Belgium,ITP-00542,VIP Belgium - NCG,21Z000000000497Z,exit,kWh/h,,,16016410,2022-03-20T02:03:09+01:00,,Confirmed,,,,,True,,,True,PRISMA,,https://platform.prisma-capacity.eu/,,Cross-Border Transmission IP within EU,0,False
1Physical Flowhour2022-02-17 23:00:00 +00:002022-02-18 00:00:00 +00:00BE-TSO-0001ITP-00542exitkWh/h,1,Physical Flow,hour,2022-02-18T00:00:00+01:00,2022-02-18T01:00:00+01:00,BE-TSO-0001,21X-BE-A-A0A0A-Y,Fluxys Belgium,ITP-00542,VIP Belgium - NCG,21Z000000000497Z,exit,kWh/h,,,16017456,2022-03-20T02:03:09+01:00,,Confirmed,,,,,True,,,True,PRISMA,,https://platform.prisma-capacity.eu/,,Cross-Border Transmission IP within EU,0,False
1Physical Flowhour2022-02-18 00:00:00 +00:002022-02-18 01:00:00 +00:00BE-TSO-0001ITP-00542exitkWh/h,1,Physical Flow,hour,2022-02-18T01:00:00+01:00,2022-02-18T02:00:00+01:00,BE-TSO-0001,21X-BE-A-A0A0A-Y,Fluxys Belgium,ITP-00542,VIP Belgium - NCG,21Z000000000497Z,exit,kWh/h,,,15410515,2022-03-20T02:03:09+01:00,,Confirmed,,,,,True,,,True,PRISMA,,https://platform.prisma-capacity.eu/,,Cross-Border Transmission IP within EU,0,False
1Physical Flowhour2022-02-18 01:00:00 +00:002022-02-18 02:00:00 +00:00BE-TSO-0001ITP-00542exitkWh/h,1,Physical Flow,hour,2022-02-18T02:00:00+01:00,2022-02-18T03:00:00+01:00,BE-TSO-0001,21X-BE-A-A0A0A-Y,Fluxys Belgium,ITP-00542,VIP Belgium - NCG,21Z000000000497Z,exit,kWh/h,,,15336299,2022-03-20T02:03:09+01:00,,Confirmed,,,,,True,,,True,PRISMA,,https://platform.prisma-capacity.eu/,,Cross-Border Transmission IP within EU,0,False
1Physical Flowhour2022-02-18 02:00:00 +00:002022-02-18 03:00:00 +00:00BE-TSO-0001ITP-00542exitkWh/h,1,Physical Flow,hour,2022-02-18T03:00:00+01:00,2022-02-18T04:00:00+01:00,BE-TSO-0001,21X-BE-A-A0A0A-Y,Fluxys Belgium,ITP-00542,VIP Belgium - NCG,21Z000000000497Z,exit,kWh/h,,,15335446,2022-03-20T02:03:09+01:00,,Confirmed,,,,,True,,,True,PRISMA,,https://platform.prisma-capacity.eu/,,Cross-Border Transmission IP within EU,0,False
1Physical Flowhour2022-02-18 03:00:00 +00:002022-02-18 04:00:00 +00:00BE-TSO-0001ITP-00542exitkWh/h,1,Physical Flow,hour,2022-02-18T04:00:00+01:00,2022-02-18T05:00:00+01:00,BE-TSO-0001,21X-BE-A-A0A0A-Y,Fluxys Belgium,ITP-00542,VIP Belgium - NCG,21Z000000000497Z,exit,kWh/h,,,15436260,2022-03-20T02:03:09+01:00,,Confirmed,,,,,True,,,True,PRISMA,,https://platform.prisma-capacity.eu/,,Cross-Border Transmission IP within EU,0,False
1Physical Flowhour2022-02-18 04:00:00 +00:002022-02-18 05:00:00 +00:00BE-TSO-0001ITP-00542exitkWh/h,1,Physical Flow,hour,2022-02-18T05:00:00+01:00,2022-02-18T06:00:00+01:00,BE-TSO-0001,21X-BE-A-A0A0A-Y,Fluxys Belgium,ITP-00542,VIP Belgium - NCG,21Z000000000497Z,exit,kWh/h,,,15437504,2022-03-20T02:03:09+01:00,,Confirmed,,,,,True,,,True,PRISMA,,https://platform.prisma-capacity.eu/,,Cross-Border Transmission IP within EU,0,False
1Physical Flowhour2022-02-18 05:00:00 +00:002022-02-18 06:00:00 +00:00BE-TSO-0001ITP-00542exitkWh/h,1,Physical Flow,hour,2022-02-18T06:00:00+01:00,2022-02-18T07:00:00+01:00,BE-TSO-0001,21X-BE-A-A0A0A-Y,Fluxys Belgium,ITP-00542,VIP Belgium - NCG,21Z000000000497Z,exit,kWh/h,,,13389487,2022-03-20T02:03:09+01:00,,Confirmed,,,,,True,,,True,PRISMA,,https://platform.prisma-capacity.eu/,,Cross-Border Transmission IP within EU,0,False
1Physical Flowhour2022-02-18 06:00:00 +00:002022-02-18 07:00:00 +00:00BE-TSO-0001ITP-00542exitkWh/h,1,Physical Flow,hour,2022-02-18T07:00:00+01:00,2022-02-18T08:00:00+01:00,BE-TSO-0001,21X-BE-A-A0A0A-Y,Fluxys Belgium,ITP-00542,VIP Belgium - NCG,21Z000000000497Z,exit,kWh/h,,,13396540,2022-03-20T02:03:09+01:00,,Confirmed,,,,,True,,,True,PRISMA,,https://platform.prisma-capacity.eu/,,Cross-Border Transmission IP within EU,0,False
1Physical Flowhour2022-02-18 07:00:00 +00:002022-02-18 08:00:00 +00:00BE-TSO-0001ITP-00542exitkWh/h,1,Physical Flow,hour,2022-02-18T08:00:00+01:00,2022-02-18T09:00:00+01:00,BE-TSO-0001,21X-BE-A-A0A0A-Y,Fluxys Belgium,ITP-00542,VIP Belgium - NCG,21Z000000000497Z,exit,kWh/h,,,13394912,2022-03-20T02:03:09+01:00,,Confirmed,,,,,True,,,True,PRISMA,,https://platform.prisma-capacity.eu/,,Cross-Border Transmission IP within EU,0,False
1Physical Flowhour2022-02-18 08:00:00 +00:002022-02-18 09:00:00 +00:00BE-TSO-0001ITP-00542exitkWh/h,1,Physical Flow,hour,2022-02-18T09:00:00+01:00,2022-02-18T10:00:00+01:00,BE-TSO-0001,21X-BE-A-A0A0A-Y,Fluxys Belgium,ITP-00542,VIP Belgium - NCG,21Z000000000497Z,exit,kWh/h,,,13392291,2022-03-20T02:03:09+01:00,,Confirmed,,,,,True,,,True,PRISMA,,https://platform.prisma-capacity.eu/,,Cross-Border Transmission IP within EU,0,False
1Physical Flowhour2022-02-18 09:00:00 +00:002022-02-18 10:00:00 +00:00BE-TSO-0001ITP-00542exitkWh/h,1,Physical Flow,hour,2022-02-18T10:00:00+01:00,2022-02-18T11:00:00+01:00,BE-TSO-0001,21X-BE-A-A0A0A-Y,Fluxys Belgium,ITP-00542,VIP Belgium - NCG,21Z000000000497Z,exit,kWh/h,,,13398106,2022-03-20T02:03:09+01:00,,Confirmed,,,,,True,,,True,PRISMA,,https://platform.prisma-capacity.eu/,,Cross-Border Transmission IP within EU,0,False
1Physical Flowhour2022-02-18 10:00:00 +00:002022-02-18 11:00:00 +00:00BE-TSO-0001ITP-00542exitkWh/h,1,Physical Flow,hour,2022-02-18T11:00:00+01:00,2022-02-18T12:00:00+01:00,BE-TSO-0001,21X-BE-A-A0A0A-Y,Fluxys Belgium,ITP-00542,VIP Belgium - NCG,21Z000000000497Z,exit,kWh/h,,,13397388,2022-03-20T02:03:09+01:00,,Confirmed,,,,,True,,,True,PRISMA,,https://platform.prisma-capacity.eu/,,Cross-Border Transmission IP within EU,0,False
1Physical Flowhour2022-02-18 11:00:00 +00:002022-02-18 12:00:00 +00:00BE-TSO-0001ITP-00542exitkWh/h,1,Physical Flow,hour,2022-02-18T12:00:00+01:00,2022-02-18T13:00:00+01:00,BE-TSO-0001,21X-BE-A-A0A0A-Y,Fluxys Belgium,ITP-00542,VIP Belgium - NCG,21Z000000000497Z,exit,kWh/h,,,13393062,2022-03-20T02:03:09+01:00,,Confirmed,,,,,True,,,True,PRISMA,,https://platform.prisma-capacity.eu/,,Cross-Border Transmission IP within EU,0,False
1Physical Flowhour2022-02-18 12:00:00 +00:002022-02-18 13:00:00 +00:00BE-TSO-0001ITP-00542exitkWh/h,1,Physical Flow,hour,2022-02-18T13:00:00+01:00,2022-02-18T14:00:00+01:00,BE-TSO-0001,21X-BE-A-A0A0A-Y,Fluxys Belgium,ITP-00542,VIP Belgium - NCG,21Z000000000497Z,exit,kWh/h,,,13394105,2022-03-20T02:03:09+01:00,,Confirmed,,,,,True,,,True,PRISMA,,https://platform.prisma-capacity.eu/,,Cross-Border Transmission IP within EU,0,False
1Physical Flowhour2022-02-18 13:00:00 +00:002022-02-18 14:00:00 +00:00BE-TSO-0001ITP-00542exitkWh/h,1,Physical Flow,hour,2022-02-18T14:00:00+01:00,2022-02-18T15:00:00+01:00,BE-TSO-0001,21X-BE-A-A0A0A-Y,Fluxys Belgium,ITP-00542,VIP Belgium - NCG,21Z000000000497Z,exit,kWh/h,,,13394540,2022-03-20T02:03:09+01:00,,Confirmed,,,,,True,,,True,PRISMA,,https://platform.prisma-capacity.eu/,,Cross-Border Transmission IP within EU,0,False
1Physical Flowhour2022-02-18 14:00:00 +00:002022-02-18 15:00:00 +00:00BE-TSO-0001ITP-00542exitkWh/h,1,Physical Flow,hour,2022-02-18T15:00:00+01:00,2022-02-18T16:00:00+01:00,BE-TSO-0001,21X-BE-A-A0A0A-Y,Fluxys Belgium,ITP-00542,VIP Belgium - NCG,21Z000000000497Z,exit,kWh/h,,,12992415,2022-03-20T02:03:09+01:00,,Confirmed,,,,,True,,,True,PRISMA,,https://platform.prisma-capacity.eu/,,Cross-Border Transmission IP within EU,0,False
1Physical Flowhour2022-02-18 15:00:00 +00:002022-02-18 16:00:00 +00:00BE-TSO-0001ITP-00542exitkWh/h,1,Physical Flow,hour,2022-02-18T16:00:00+01:00,2022-02-18T17:00:00+01:00,BE-TSO-0001,21X-BE-A-A0A0A-Y,Fluxys Belgium,ITP-00542,VIP Belgium - NCG,21Z000000000497Z,exit,kWh/h,,,12557535,2022-03-20T02:03:09+01:00,,Confirmed,,,,,True,,,True,PRISMA,,https://platform.prisma-capacity.eu/,,Cross-Border Transmission IP within EU,0,False
1Physical Flowhour2022-02-18 16:00:00 +00:002022-02-18 17:00:00 +00:00BE-TSO-0001ITP-00542exitkWh/h,1,Physical Flow,hour,2022-02-18T17:00:00+01:00,2022-02-18T18:00:00+01:00,BE-TSO-0001,21X-BE-A-A0A0A-Y,Fluxys Belgium,ITP-00542,VIP Belgium - NCG,21Z000000000497Z,exit,kWh/h,,,13396907,2022-03-20T02:03:09+01:00,,Confirmed,,,,,True,,,True,PRISMA,,https://platform.prisma-capacity.eu/,,Cross-Border Transmission IP within EU,0,False
1Physical Flowhour2022-02-18 17:00:00 +00:002022-02-18 18:00:00 +00:00BE-TSO-0001ITP-00542exitkWh/h,1,Physical Flow,hour,2022-02-18T18:00:00+01:00,2022-02-18T19:00:00+01:00,BE-TSO-0001,21X-BE-A-A0A0A-Y,Fluxys Belgium,ITP-00542,VIP Belgium - NCG,21Z000000000497Z,exit,kWh/h,,,11078266,2022-03-20T02:03:09+01:00,,Confirmed,,,,,True,,,True,PRISMA,,https://platform.prisma-capacity.eu/,,Cross-Border Transmission IP within EU,0,False
1Physical Flowhour2022-02-18 18:00:00 +00:002022-02-18 19:00:00 +00:00BE-TSO-0001ITP-00542exitkWh/h,1,Physical Flow,hour,2022-02-18T19:00:00+01:00,2022-02-18T20:00:00+01:00,BE-TSO-0001,21X-BE-A-A0A0A-Y,Fluxys Belgium,ITP-00542,VIP Belgium - NCG,21Z000000000497Z,exit,kWh/h,,,11242682,2022-03-20T02:03:09+01:00,,Confirmed,,,,,True,,,True,PRISMA,,https://platform.prisma-capacity.eu/,,Cross-Border Transmission IP within EU,0,False
1Physical Flowhour2022-02-18 19:00:00 +00:002022-02-18 20:00:00 +00:00BE-TSO-0001ITP-00542exitkWh/h,1,Physical Flow,hour,2022-02-18T20:00:00+01:00,2022-02-18T21:00:00+01:00,BE-TSO-0001,21X-BE-A-A0A0A-Y,Fluxys Belgium,ITP-00542,VIP Belgium - NCG,21Z000000000497Z,exit,kWh/h,,,11242378,2022-03-20T02:03:09+01:00,,Confirmed,,,,,True,,,True,PRISMA,,https://platform.prisma-capacity.eu/,,Cross-Border Transmission IP within EU,0,False
1Physical Flowhour2022-02-18 20:00:00 +00:002022-02-18 21:00:00 +00:00BE-TSO-0001ITP-00542exitkWh/h,1,Physical Flow,hour,2022-02-18T21:00:00+01:00,2022-02-18T22:00:00+01:00,BE-TSO-0001,21X-BE-A-A0A0A-Y,Fluxys Belgium,ITP-00542,VIP Belgium - NCG,21Z000000000497Z,exit,kWh/h,,,13209345,2022-03-20T02:03:09+01:00,,Confirmed,,,,,True,,,True,PRISMA,,https://platform.prisma-capacity.eu/,,Cross-Border Transmission IP within EU,0,False
1Physical Flowhour2022-02-18 21:00:00 +00:002022-02-18 22:00:00 +00:00BE-TSO-0001ITP-00542exitkWh/h,1,Physical Flow,hour,2022-02-18T22:00:00+01:00,2022-02-18T23:00:00+01:00,BE-TSO-0001,21X-BE-A-A0A0A-Y,Fluxys Belgium,ITP-00542,VIP Belgium - NCG,21Z000000000497Z,exit,kWh/h,,,13203007,2022-03-20T02:03:09+01:00,,Confirmed,,,,,True,,,True,PRISMA,,https://platform.prisma-capacity.eu/,,Cross-Border Transmission IP within EU,0,False
1Physical Flowhour2022-02-18 22:00:00 +00:002022-02-18 23:00:00 +00:00BE-TSO-0001ITP-00542exitkWh/h,1,Physical Flow,hour,2022-02-18T23:00:00+01:00,2022-02-19T00:00:00+01:00,BE-TSO-0001,21X-BE-A-A0A0A-Y,Fluxys Belgium,ITP-00542,VIP Belgium - NCG,21Z000000000497Z,exit,kWh/h,,,13443055,2022-03-20T02:03:09+01:00,,Confirmed,,,,,True,,,True,PRISMA,,https://platform.prisma-capacity.eu/,,Cross-Border Transmission IP within EU,0,False
1Physical Flowhour2022-02-18 23:00:00 +00:002022-02-19 00:00:00 +00:00BE-TSO-0001ITP-00542exitkWh/h,1,Physical Flow,hour,2022-02-19T00:00:00+01:00,2022-02-19T01:00:00+01:00,BE-TSO-0001,21X-BE-A-A0A0A-Y,Fluxys Belgium,ITP-00542,VIP Belgium - NCG,21Z000000000497Z,exit,kWh/h,,,13540498,2022-03-20T02:03:09+01:00,,Confirmed,,,,,True,,,True,PRISMA,,https://platform.prisma-capacity.eu/,,Cross-Border Transmission IP within EU,0,False
1Physical Flowhour2022-02-19 00:00:00 +00:002022-02-19 01:00:00 +00:00BE-TSO-0001ITP-00542exitkWh/h,1,Physical Flow,hour,2022-02-19T01:00:00+01:00,2022-02-19T02:00:00+01:00,BE-TSO-0001,21X-BE-A-A0A0A-Y,Fluxys Belgium,ITP-00542,VIP Belgium - NCG,21Z000000000497Z,exit,kWh/h,,,13546259,2022-03-20T02:03:09+01:00,,Confirmed,,,,,True,,,True,PRISMA,,https://platform.prisma-capacity.eu/,,Cross-Border Transmission IP within EU,0,False
1Physical Flowhour2022-02-19 01:00:00 +00:002022-02-19 02:00:00 +00:00BE-TSO-0001ITP-00542exitkWh/h,1,Physical Flow,hour,2022-02-19T02:00:00+01:00,2022-02-19T03:00:00+01:00,BE-TSO-0001,21X-BE-A-A0A0A-Y,Fluxys Belgium,ITP-00542,VIP Belgium - NCG,21Z000000000497Z,exit,kWh/h,,,13590674,2022-03-20T02:03:09+01:00,,Confirmed,,,,,True,,,True,PRISMA,,https://platform.prisma-capacity.eu/,,Cross-Border Transmission IP within EU,0,False
1Physical Flowhour2022-02-19 02:00:00 +00:002022-02-19 03:00:00 +00:00BE-TSO-0001ITP-00542exitkWh/h,1,Physical Flow,hour,2022-02-19T03:00:00+01:00,2022-02-19T04:00:00+01:00,BE-TSO-0001,21X-BE-A-A0A0A-Y,Fluxys Belgium,ITP-00542,VIP Belgium - NCG,21Z000000000497Z,exit,kWh/h,,,13521455,2022-03-20T02:03:09+01:00,,Confirmed,,,,,True,,,True,PRISMA,,https://platform.prisma-capacity.eu/,,Cross-Border Transmission IP within EU,0,False
1Physical Flowhour2022-02-19 03:00:00 +00:002022-02-19 04:00:00 +00:00BE-TSO-0001ITP-00542exitkWh/h,1,Physical Flow,hour,2022-02-19T04:00:00+01:00,2022-02-19T05:00:00+01:00,BE-TSO-0001,21X-BE-A-A0A0A-Y,Fluxys Belgium,ITP-00542,VIP Belgium - NCG,21Z000000000497Z,exit,kWh/h,,,12998438,2022-03-20T02:03:09+01:00,,Confirmed,,,,,True,,,True,PRISMA,,https://platform.prisma-capacity.eu/,,Cross-Border Transmission IP within EU,0,False
1Physical Flowhour2022-02-19 04:00:00 +00:002022-02-19 05:00:00 +00:00BE-TSO-0001ITP-00542exitkWh/h,1,Physical Flow,hour,2022-02-19T05:00:00+01:00,2022-02-19T06:00:00+01:00,BE-TSO-0001,21X-BE-A-A0A0A-Y,Fluxys Belgium,ITP-00542,VIP Belgium - NCG,21Z000000000497Z,exit,kWh/h,,,12997495,2022-03-20T02:03:09+01:00,,Confirmed,,,,,True,,,True,PRISMA,,https://platform.prisma-capacity.eu/,,Cross-Border Transmission IP within EU,0,False
1Physical Flowhour2022-02-19 05:00:00 +00:002022-02-19 06:00:00 +00:00BE-TSO-0001ITP-00542exitkWh/h,1,Physical Flow,hour,2022-02-19T06:00:00+01:00,2022-02-19T07:00:00+01:00,BE-TSO-0001,21X-BE-A-A0A0A-Y,Fluxys Belgium,ITP-00542,VIP Belgium - NCG,21Z000000000497Z,exit,kWh/h,,,12344748,2022-03-20T02:03:09+01:00,,Confirmed,,,,,True,,,True,PRISMA,,https://platform.prisma-capacity.eu/,,Cross-Border Transmission IP within EU,0,False
1Physical Flowhour2022-02-19 06:00:00 +00:002022-02-19 07:00:00 +00:00BE-TSO-0001ITP-00542exitkWh/h,1,Physical Flow,hour,2022-02-19T07:00:00+01:00,2022-02-19T08:00:00+01:00,BE-TSO-0001,21X-BE-A-A0A0A-Y,Fluxys Belgium,ITP-00542,VIP Belgium - NCG,21Z000000000497Z,exit,kWh/h,,,12545754,2022-03-20T02:03:09+01:00,,Confirmed,,,,,True,,,True,PRISMA,,https://platform.prisma-capacity.eu/,,Cross-Border Transmission IP within EU,0,False
1Physical Flowhour2022-02-19 07:00:00 +00:002022-02-19 08:00:00 +00:00BE-TSO-0001ITP-00542exitkWh/h,1,Physical Flow,hour,2022-02-19T08:00:00+01:00,2022-02-19T09:00:00+01:00,BE-TSO-0001,21X-BE-A-A0A0A-Y,Fluxys Belgium,ITP-00542,VIP Belgium - NCG,21Z000000000497Z,exit,kWh/h,,,12543336,2022-03-20T02:03:09+01:00,,Confirmed,,,,,True,,,True,PRISMA,,https://platform.prisma-capacity.eu/,,Cross-Border Transmission IP within EU,0,False
1Physical Flowhour2022-02-19 08:00:00 +00:002022-02-19 09:00:00 +00:00BE-TSO-0001ITP-00542exitkWh/h,1,Physical Flow,hour,2022-02-19T09:00:00+01:00,2022-02-19T10:00:00+01:00,BE-TSO-0001,21X-BE-A-A0A0A-Y,Fluxys Belgium,ITP-00542,VIP Belgium - NCG,21Z000000000497Z,exit,kWh/h,,,12544144,2022-03-20T02:03:09+01:00,,Confirmed,,,,,True,,,True,PRISMA,,https://platform.prisma-capacity.eu/,,Cross-Border Transmission IP within EU,0,False
1Physical Flowhour2022-02-19 09:00:00 +00:002022-02-19 10:00:00 +00:00BE-TSO-0001ITP-00542exitkWh/h,1,Physical Flow,hour,2022-02-19T10:00:00+01:00,2022-02-19T11:00:00+01:00,BE-TSO-0001,21X-BE-A-A0A0A-Y,Fluxys Belgium,ITP-00542,VIP Belgium - NCG,21Z000000000497Z,exit,kWh/h,,,12542886,2022-03-20T02:03:09+01:00,,Confirmed,,,,,True,,,True,PRISMA,,https://platform.prisma-capacity.eu/,,Cross-Border Transmission IP within EU,0,False
1Physical Flowhour2022-02-19 10:00:00 +00:002022-02-19 11:00:00 +00:00BE-TSO-0001ITP-00542exitkWh/h,1,Physical Flow,hour,2022-02-19T11:00:00+01:00,2022-02-19T12:00:00+01:00,BE-TSO-0001,21X-BE-A-A0A0A-Y,Fluxys Belgium,ITP-00542,VIP Belgium - NCG,21Z000000000497Z,exit,kWh/h,,,12417410,2022-03-20T02:03:09+01:00,,Confirmed,,,,,True,,,True,PRISMA,,https://platform.prisma-capacity.eu/,,Cross-Border Transmission IP within EU,0,False
1Physical Flowhour2022-02-19 11:00:00 +00:002022-02-19 12:00:00 +00:00BE-TSO-0001ITP-00542exitkWh/h,1,Physical Flow,hour,2022-02-19T12:00:00+01:00,2022-02-19T13:00:00+01:00,BE-TSO-0001,21X-BE-A-A0A0A-Y,Fluxys Belgium,ITP-00542,VIP Belgium - NCG,21Z000000000497Z,exit,kWh/h,,,12416864,2022-03-20T02:03:09+01:00,,Confirmed,,,,,True,,,True,PRISMA,,https://platform.prisma-capacity.eu/,,Cross-Border Transmission IP within EU,0,False
1Physical Flowhour2022-02-19 12:00:00 +00:002022-02-19 13:00:00 +00:00BE-TSO-0001ITP-00542exitkWh/h,1,Physical Flow,hour,2022-02-19T13:00:00+01:00,2022-02-19T14:00:00+01:00,BE-TSO-0001,21X-BE-A-A0A0A-Y,Fluxys Belgium,ITP-00542,VIP Belgium - NCG,21Z000000000497Z,exit,kWh/h,,,12417805,2022-03-20T02:03:09+01:00,,Confirmed,,,,,True,,,True,PRISMA,,https://platform.prisma-capacity.eu/,,Cross-Border Transmission IP within EU,0,False
1Physical Flowhour2022-02-19 13:00:00 +00:002022-02-19 14:00:00 +00:00BE-TSO-0001ITP-00542exitkWh/h,1,Physical Flow,hour,2022-02-19T14:00:00+01:00,2022-02-19T15:00:00+01:00,BE-TSO-0001,21X-BE-A-A0A0A-Y,Fluxys Belgium,ITP-00542,VIP Belgium - NCG,21Z000000000497Z,exit,kWh/h,,,12859968,2022-03-20T02:03:09+01:00,,Confirmed,,,,,True,,,True,PRISMA,,https://platform.prisma-capacity.eu/,,Cross-Border Transmission IP within EU,0,False
1Physical Flowhour2022-02-19 14:00:00 +00:002022-02-19 15:00:00 +00:00BE-TSO-0001ITP-00542exitkWh/h,1,Physical Flow,hour,2022-02-19T15:00:00+01:00,2022-02-19T16:00:00+01:00,BE-TSO-0001,21X-BE-A-A0A0A-Y,Fluxys Belgium,ITP-00542,VIP Belgium - NCG,21Z000000000497Z,exit,kWh/h,,,11942148,2022-03-20T02:03:09+01:00,,Confirmed,,,,,True,,,True,PRISMA,,https://platform.prisma-capacity.eu/,,Cross-Border Transmission IP within EU,0,False
1Physical Flowhour2022-02-19 15:00:00 +00:002022-02-19 16:00:00 +00:00BE-TSO-0001ITP-00542exitkWh/h,1,Physical Flow,hour,2022-02-19T16:00:00+01:00,2022-02-19T17:00:00+01:00,BE-TSO-0001,21X-BE-A-A0A0A-Y,Fluxys Belgium,ITP-00542,VIP Belgium - NCG,21Z000000000497Z,exit,kWh/h,,,11707482,2022-03-20T02:03:09+01:00,,Confirmed,,,,,True,,,True,PRISMA,,https://platform.prisma-capacity.eu/,,Cross-Border Transmission IP within EU,0,False
1Physical Flowhour2022-02-19 16:00:00 +00:002022-02-19 17:00:00 +00:00BE-TSO-0001ITP-00542exitkWh/h,1,Physical Flow,hour,2022-02-19T17:00:00+01:00,2022-02-19T18:00:00+01:00,BE-TSO-0001,21X-BE-A-A0A0A-Y,Fluxys Belgium,ITP-00542,VIP Belgium - NCG,21Z000000000497Z,exit,kWh/h,,,11858569,2022-03-20T02:03:09+01:00,,Confirmed,,,,,True,,,True,PRISMA,,https://platform.prisma-capacity.eu/,,Cross-Border Transmission IP within EU,0,False
1Physical Flowhour2022-02-19 17:00:00 +00:002022-02-19 18:00:00 +00:00BE-TSO-0001ITP-00542exitkWh/h,1,Physical Flow,hour,2022-02-19T18:00:00+01:00,2022-02-19T19:00:00+01:00,BE-TSO-0001,21X-BE-A-A0A0A-Y,Fluxys Belgium,ITP-00542,VIP Belgium - NCG,21Z000000000497Z,exit,kWh/h,,,11858612,2022-03-20T02:03:09+01:00,,Confirmed,,,,,True,,,True,PRISMA,,https://platform.prisma-capacity.eu/,,Cross-Border Transmission IP within EU,0,False
1Physical Flowhour2022-02-19 18:00:00 +00:002022-02-19 19:00:00 +00:00BE-TSO-0001ITP-00542exitkWh/h,1,Physical Flow,hour,2022-02-19T19:00:00+01:00,2022-02-19T20:00:00+01:00,BE-TSO-0001,21X-BE-A-A0A0A-Y,Fluxys Belgium,ITP-00542,VIP Belgium - NCG,21Z000000000497Z,exit,kWh/h,,,10912269,2022-03-20T02:03:09+01:00,,Confirmed,,,,,True,,,True,PRISMA,,https://platform.prisma-capacity.eu/,,Cross-Border Transmission IP within EU,0,False
1Physical Flowhour2022-02-19 19:00:00 +00:002022-02-19 20:00:00 +00:00BE-TSO-0001ITP-00542exitkWh/h,1,Physical Flow,hour,2022-02-19T20:00:00+01:00,2022-02-19T21:00:00+01:00,BE-TSO-0001,21X-BE-A-A0A0A-Y,Fluxys Belgium,ITP-00542,VIP Belgium - NCG,21Z000000000497Z,exit,kWh/h,,,10113792,2022-03-20T02:03:09+01:00,,Confirmed,,,,,True,,,True,PRISMA,,https://platform.prisma-capacity.eu/,,Cross-Border Transmission IP within EU,0,False
1Physical Flowhour2022-02-19 20:00:00 +00:002022-02-19 21:00:00 +00:00BE-TSO-0001ITP-00542exitkWh/h,1,Physical Flow,hour,2022-02-19T21:00:00+01:00,2022-02-19T22:00:00+01:00,BE-TSO-0001,21X-BE-A-A0A0A-Y,Fluxys Belgium,ITP-00542,VIP Belgium - NCG,21Z000000000497Z,exit,kWh/h,,,10015499,2022-03-20T02:03:09+01:00,,Confirmed,,,,,True,,,True,PRISMA,,https://platform.prisma-capacity.eu/,,Cross-Border Transmission IP within EU,0,False
1Physical Flowhour2022-02-19 21:00:00 +00:002022-02-19 22:00:00 +00:00BE-TSO-0001ITP-00542exitkWh/h,1,Physical Flow,hour,2022-02-19T22:00:00+01:00,2022-02-19T23:00:00+01:00,BE-TSO-0001,21X-BE-A-A0A0A-Y,Fluxys Belgium,ITP-00542,VIP Belgium - NCG,21Z000000000497Z,exit,kWh/h,,,10012038,2022-03-20T02:03:09+01:00,,Confirmed,,,,,True,,,True,PRISMA,,https://platform.prisma-capacity.eu/,,Cross-Border Transmission IP within EU,0,False
1Physical Flowhour2022-02-19 22:00:00 +00:002022-02-19 23:00:00 +00:00BE-TSO-0001ITP-00542exitkWh/h,1,Physical Flow,hour,2022-02-19T23:00:00+01:00,2022-02-20T00:00:00+01:00,BE-TSO-0001,21X-BE-A-A0A0A-Y,Fluxys Belgium,ITP-00542,VIP Belgium - NCG,21Z000000000497Z,exit,kWh/h,,,10485788,2022-03-20T02:03:09+01:00,,Confirmed,,,,,True,,,True,PRISMA,,https://platform.prisma-capacity.eu/,,Cross-Border Transmission IP within EU,0,False
1Physical Flowhour2022-02-19 23:00:00 +00:002022-02-20 00:00:00 +00:00BE-TSO-0001ITP-00542exitkWh/h,1,Physical Flow,hour,2022-02-20T00:00:00+01:00,2022-02-20T01:00:00+01:00,BE-TSO-0001,21X-BE-A-A0A0A-Y,Fluxys Belgium,ITP-00542,VIP Belgium - NCG,21Z000000000497Z,exit,kWh/h,,,10488455,2022-03-20T02:03:09+01:00,,Confirmed,,,,,True,,,True,PRISMA,,https://platform.prisma-capacity.eu/,,Cross-Border Transmission IP within EU,0,False
1Physical Flowhour2022-02-20 00:00:00 +00:002022-02-20 01:00:00 +00:00BE-TSO-0001ITP-00542exitkWh/h,1,Physical Flow,hour,2022-02-20T01:00:00+01:00,2022-02-20T02:00:00+01:00,BE-TSO-0001,21X-BE-A-A0A0A-Y,Fluxys Belgium,ITP-00542,VIP Belgium - NCG,21Z000000000497Z,exit,kWh/h,,,10485922,2022-03-20T02:03:09+01:00,,Confirmed,,,,,True,,,True,PRISMA,,https://platform.prisma-capacity.eu/,,Cross-Border Transmission IP within EU,0,False
1Physical Flowhour2022-02-20 01:00:00 +00:002022-02-20 02:00:00 +00:00BE-TSO-0001ITP-00542exitkWh/h,1,Physical Flow,hour,2022-02-20T02:00:00+01:00,2022-02-20T03:00:00+01:00,BE-TSO-0001,21X-BE-A-A0A0A-Y,Fluxys Belgium,ITP-00542,VIP Belgium - NCG,21Z000000000497Z,exit,kWh/h,,,10344541,2022-03-20T02:03:09+01:00,,Confirmed,,,,,True,,,True,PRISMA,,https://platform.prisma-capacity.eu/,,Cross-Border Transmission IP within EU,0,False
1Physical Flowhour2022-02-20 02:00:00 +00:002022-02-20 03:00:00 +00:00BE-TSO-0001ITP-00542exitkWh/h,1,Physical Flow,hour,2022-02-20T03:00:00+01:00,2022-02-20T04:00:00+01:00,BE-TSO-0001,21X-BE-A-A0A0A-Y,Fluxys Belgium,ITP-00542,VIP Belgium - NCG,21Z000000000497Z,exit,kWh/h,,,9867997,2022-03-20T02:03:09+01:00,,Confirmed,,,,,True,,,True,PRISMA,,https://platform.prisma-capacity.eu/,,Cross-Border Transmission IP within EU,0,False
1Physical Flowhour2022-02-20 03:00:00 +00:002022-02-20 04:00:00 +00:00BE-TSO-0001ITP-00542exitkWh/h,1,Physical Flow,hour,2022-02-20T04:00:00+01:00,2022-02-20T05:00:00+01:00,BE-TSO-0001,21X-BE-A-A0A0A-Y,Fluxys Belgium,ITP-00542,VIP Belgium - NCG,21Z000000000497Z,exit,kWh/h,,,9741855,2022-03-20T02:03:09+01:00,,Confirmed,,,,,True,,,True,PRISMA,,https://platform.prisma-capacity.eu/,,Cross-Border Transmission IP within EU,0,False
1Physical Flowhour2022-02-20 04:00:00 +00:002022-02-20 05:00:00 +00:00BE-TSO-0001ITP-00542exitkWh/h,1,Physical Flow,hour,2022-02-20T05:00:00+01:00,2022-02-20T06:00:00+01:00,BE-TSO-0001,21X-BE-A-A0A0A-Y,Fluxys Belgium,ITP-00542,VIP Belgium - NCG,21Z000000000497Z,exit,kWh/h,,,9738236,2022-03-20T02:03:09+01:00,,Confirmed,,,,,True,,,True,PRISMA,,https://platform.prisma-capacity.eu/,,Cross-Border Transmission IP within EU,0,False
1Physical Flowhour2022-02-20 05:00:00 +00:002022-02-20 06:00:00 +00:00BE-TSO-0001ITP-00542exitkWh/h,1,Physical Flow,hour,2022-02-20T06:00:00+01:00,2022-02-20T07:00:00+01:00,BE-TSO-0001,21X-BE-A-A0A0A-Y,Fluxys Belgium,ITP-00542,VIP Belgium - NCG,21Z000000000497Z,exit,kWh/h,,,12555581,2022-03-20T02:03:09+01:00,,Confirmed,,,,,True,,,True,PRISMA,,https://platform.prisma-capacity.eu/,,Cross-Border Transmission IP within EU,0,False
1Physical Flowhour2022-02-20 06:00:00 +00:002022-02-20 07:00:00 +00:00BE-TSO-0001ITP-00542exitkWh/h,1,Physical Flow,hour,2022-02-20T07:00:00+01:00,2022-02-20T08:00:00+01:00,BE-TSO-0001,21X-BE-A-A0A0A-Y,Fluxys Belgium,ITP-00542,VIP Belgium - NCG,21Z000000000497Z,exit,kWh/h,,,12829079,2022-03-20T02:03:09+01:00,,Confirmed,,,,,True,,,True,PRISMA,,https://platform.prisma-capacity.eu/,,Cross-Border Transmission IP within EU,0,False
1Physical Flowhour2022-02-20 07:00:00 +00:002022-02-20 08:00:00 +00:00BE-TSO-0001ITP-00542exitkWh/h,1,Physical Flow,hour,2022-02-20T08:00:00+01:00,2022-02-20T09:00:00+01:00,BE-TSO-0001,21X-BE-A-A0A0A-Y,Fluxys Belgium,ITP-00542,VIP Belgium - NCG,21Z000000000497Z,exit,kWh/h,,,12809548,2022-03-20T02:03:09+01:00,,Confirmed,,,,,True,,,True,PRISMA,,https://platform.prisma-capacity.eu/,,Cross-Border Transmission IP within EU,0,False
1Physical Flowhour2022-02-20 08:00:00 +00:002022-02-20 09:00:00 +00:00BE-TSO-0001ITP-00542exitkWh/h,1,Physical Flow,hour,2022-02-20T09:00:00+01:00,2022-02-20T10:00:00+01:00,BE-TSO-0001,21X-BE-A-A0A0A-Y,Fluxys Belgium,ITP-00542,VIP Belgium - NCG,21Z000000000497Z,exit,kWh/h,,,12517689,2022-03-20T02:03:09+01:00,,Confirmed,,,,,True,,,True,PRISMA,,https://platform.prisma-capacity.eu/,,Cross-Border Transmission IP within EU,0,False
1Physical Flowhour2022-02-20 09:00:00 +00:002022-02-20 10:00:00 +00:00BE-TSO-0001ITP-00542exitkWh/h,1,Physical Flow,hour,2022-02-20T10:00:00+01:00,2022-02-20T11:00:00+01:00,BE-TSO-0001,21X-BE-A-A0A0A-Y,Fluxys Belgium,ITP-00542,VIP Belgium - NCG,21Z000000000497Z,exit,kWh/h,,,12520514,2022-03-20T02:03:09+01:00,,Confirmed,,,,,True,,,True,PRISMA,,https://platform.prisma-capacity.eu/,,Cross-Border Transmission IP within EU,0,False
1Physical Flowhour2022-02-20 10:00:00 +00:002022-02-20 11:00:00 +00:00BE-TSO-0001ITP-00542exitkWh/h,1,Physical Flow,hour,2022-02-20T11:00:00+01:00,2022-02-20T12:00:00+01:00,BE-TSO-0001,21X-BE-A-A0A0A-Y,Fluxys Belgium,ITP-00542,VIP Belgium - NCG,21Z000000000497Z,exit,kWh/h,,,12516566,2022-03-20T02:03:09+01:00,,Confirmed,,,,,True,,,True,PRISMA,,https://platform.prisma-capacity.eu/,,Cross-Border Transmission IP within EU,0,False
1Physical Flowhour2022-02-20 11:00:00 +00:002022-02-20 12:00:00 +00:00BE-TSO-0001ITP-00542exitkWh/h,1,Physical Flow,hour,2022-02-20T12:00:00+01:00,2022-02-20T13:00:00+01:00,BE-TSO-0001,21X-BE-A-A0A0A-Y,Fluxys Belgium,ITP-00542,VIP Belgium - NCG,21Z000000000497Z,exit,kWh/h,,,12518966,2022-03-20T02:03:09+01:00,,Confirmed,,,,,True,,,True,PRISMA,,https://platform.prisma-capacity.eu/,,Cross-Border Transmission IP within EU,0,False
1Physical Flowhour2022-02-20 12:00:00 +00:002022-02-20 13:00:00 +00:00BE-TSO-0001ITP-00542exitkWh/h,1,Physical Flow,hour,2022-02-20T13:00:00+01:00,2022-02-20T14:00:00+01:00,BE-TSO-0001,21X-BE-A-A0A0A-Y,Fluxys Belgium,ITP-00542,VIP Belgium - NCG,21Z000000000497Z,exit,kWh/h,,,12520495,2022-03-20T02:03:09+01:00,,Confirmed,,,,,True,,,True,PRISMA,,https://platform.prisma-capacity.eu/,,Cross-Border Transmission IP within EU,0,False
1Physical Flowhour2022-02-20 13:00:00 +00:002022-02-20 14:00:00 +00:00BE-TSO-0001ITP-00542exitkWh/h,1,Physical Flow,hour,2022-02-20T14:00:00+01:00,2022-02-20T15:00:00+01:00,BE-TSO-0001,21X-BE-A-A0A0A-Y,Fluxys Belgium,ITP-00542,VIP Belgium - NCG,21Z000000000497Z,exit,kWh/h,,,12207664,2022-03-20T02:03:09+01:00,,Confirmed,,,,,True,,,True,PRISMA,,https://platform.prisma-capacity.eu/,,Cross-Border Transmission IP within EU,0,False
1Physical Flowhour2022-02-20 14:00:00 +00:002022-02-20 15:00:00 +00:00BE-TSO-0001ITP-00542exitkWh/h,1,Physical Flow,hour,2022-02-20T15:00:00+01:00,2022-02-20T16:00:00+01:00,BE-TSO-0001,21X-BE-A-A0A0A-Y,Fluxys Belgium,ITP-00542,VIP Belgium - NCG,21Z000000000497Z,exit,kWh/h,,,11910233,2022-03-20T02:03:09+01:00,,Confirmed,,,,,True,,,True,PRISMA,,https://platform.prisma-capacity.eu/,,Cross-Border Transmission IP within EU,0,False
1Physical Flowhour2022-02-20 15:00:00 +00:002022-02-20 16:00:00 +00:00BE-TSO-0001ITP-00542exitkWh/h,1,Physical Flow,hour,2022-02-20T16:00:00+01:00,2022-02-20T17:00:00+01:00,BE-TSO-0001,21X-BE-A-A0A0A-Y,Fluxys Belgium,ITP-00542,VIP Belgium - NCG,21Z000000000497Z,exit,kWh/h,,,12203499,2022-03-20T02:03:09+01:00,,Confirmed,,,,,True,,,True,PRISMA,,https://platform.prisma-capacity.eu/,,Cross-Border Transmission IP within EU,0,False
1Physical Flowhour2022-02-20 16:00:00 +00:002022-02-20 17:00:00 +00:00BE-TSO-0001ITP-00542exitkWh/h,1,Physical Flow,hour,2022-02-20T17:00:00+01:00,2022-02-20T18:00:00+01:00,BE-TSO-0001,21X-BE-A-A0A0A-Y,Fluxys Belgium,ITP-00542,VIP Belgium - NCG,21Z000000000497Z,exit,kWh/h,,,11607042,2022-03-20T02:03:09+01:00,,Confirmed,,,,,True,,,True,PRISMA,,https://platform.prisma-capacity.eu/,,Cross-Border Transmission IP within EU,0,False
1Physical Flowhour2022-02-20 17:00:00 +00:002022-02-20 18:00:00 +00:00BE-TSO-0001ITP-00542exitkWh/h,1,Physical Flow,hour,2022-02-20T18:00:00+01:00,2022-02-20T19:00:00+01:00,BE-TSO-0001,21X-BE-A-A0A0A-Y,Fluxys Belgium,ITP-00542,VIP Belgium - NCG,21Z000000000497Z,exit,kWh/h,,,11607255,2022-03-20T02:03:09+01:00,,Confirmed,,,,,True,,,True,PRISMA,,https://platform.prisma-capacity.eu/,,Cross-Border Transmission IP within EU,0,False
1Physical Flowhour2022-02-20 18:00:00 +00:002022-02-20 19:00:00 +00:00BE-TSO-0001ITP-00542exitkWh/h,1,Physical Flow,hour,2022-02-20T19:00:00+01:00,2022-02-20T20:00:00+01:00,BE-TSO-0001,21X-BE-A-A0A0A-Y,Fluxys Belgium,ITP-00542,VIP Belgium - NCG,21Z000000000497Z,exit,kWh/h,,,11604271,2022-03-20T02:03:09+01:00,,Confirmed,,,,,True,,,True,PRISMA,,https://platform.prisma-capacity.eu/,,Cross-Border Transmission IP within EU,0,False
1Physical Flowhour2022-02-20 19:00:00 +00:002022-02-20 20:00:00 +00:00BE-TSO-0001ITP-00542exitkWh/h,1,Physical Flow,hour,2022-02-20T20:00:00+01:00,2022-02-20T21:00:00+01:00,BE-TSO-0001,21X-BE-A-A0A0A-Y,Fluxys Belgium,ITP-00542,VIP Belgium - NCG,21Z000000000497Z,exit,kWh/h,,,11867385,2022-03-20T02:03:09+01:00,,Confirmed,,,,,True,,,True,PRISMA,,https://platform.prisma-capacity.eu/,,Cross-Border Transmission IP within EU,0,False
1Physical Flowhour2022-02-20 20:00:00 +00:002022-02-20 21:00:00 +00:00BE-TSO-0001ITP-00542exitkWh/h,1,Physical Flow,hour,2022-02-20T21:00:00+01:00,2022-02-20T22:00:00+01:00,BE-TSO-0001,21X-BE-A-A0A0A-Y,Fluxys Belgium,ITP-00542,VIP Belgium - NCG,21Z000000000497Z,exit,kWh/h,,,11875379,2022-03-20T02:03:09+01:00,,Confirmed,,,,,True,,,True,PRISMA,,https://platform.prisma-capacity.eu/,,Cross-Border Transmission IP within EU,0,False
1Physical Flowhour2022-02-20 21:00:00 +00:002022-02-20 22:00:00 +00:00BE-TSO-0001ITP-00542exitkWh/h,1,Physical Flow,hour,2022-02-20T22:00:00+01:00,2022-02-20T23:00:00+01:00,BE-TSO-0001,21X-BE-A-A0A0A-Y,Fluxys Belgium,ITP-00542,VIP Belgium - NCG,21Z000000000497Z,exit,kWh/h,,,12756235,2022-03-20T02:03:09+01:00,,Confirmed,,,,,True,,,True,PRISMA,,https://platform.prisma-capacity.eu/,,Cross-Border Transmission IP within EU,0,False
1Physical Flowhour2022-02-20 22:00:00 +00:002022-02-20 23:00:00 +00:00BE-TSO-0001ITP-00542exitkWh/h,1,Physical Flow,hour,2022-02-20T23:00:00+01:00,2022-02-21T00:00:00+01:00,BE-TSO-0001,21X-BE-A-A0A0A-Y,Fluxys Belgium,ITP-00542,VIP Belgium - NCG,21Z000000000497Z,exit,kWh/h,,,12754206,2022-03-20T02:03:09+01:00,,Confirmed,,,,,True,,,True,PRISMA,,https://platform.prisma-capacity.eu/,,Cross-Border Transmission IP within EU,0,False
1Physical Flowhour2022-02-20 23:00:00 +00:002022-02-21 00:00:00 +00:00BE-TSO-0001ITP-00542exitkWh/h,1,Physical Flow,hour,2022-02-21T00:00:00+01:00,2022-02-21T01:00:00+01:00,BE-TSO-0001,21X-BE-A-A0A0A-Y,Fluxys Belgium,ITP-00542,VIP Belgium - NCG,21Z000000000497Z,exit,kWh/h,,,12755363,2022-03-20T02:03:09+01:00,,Confirmed,,,,,True,,,True,PRISMA,,https://platform.prisma-capacity.eu/,,Cross-Border Transmission IP within EU,0,False
1Physical Flowhour2022-02-21 00:00:00 +00:002022-02-21 01:00:00 +00:00BE-TSO-0001ITP-00542exitkWh/h,1,Physical Flow,hour,2022-02-21T01:00:00+01:00,2022-02-21T02:00:00+01:00,BE-TSO-0001,21X-BE-A-A0A0A-Y,Fluxys Belgium,ITP-00542,VIP Belgium - NCG,21Z000000000497Z,exit,kWh/h,,,12755321,2022-03-20T02:03:09+01:00,,Confirmed,,,,,True,,,True,PRISMA,,https://platform.prisma-capacity.eu/,,Cross-Border Transmission IP within EU,0,False
1Physical Flowhour2022-02-21 01:00:00 +00:002022-02-21 02:00:00 +00:00BE-TSO-0001ITP-00542exitkWh/h,1,Physical Flow,hour,2022-02-21T02:00:00+01:00,2022-02-21T03:00:00+01:00,BE-TSO-0001,21X-BE-A-A0A0A-Y,Fluxys Belgium,ITP-00542,VIP Belgium - NCG,21Z000000000497Z,exit,kWh/h,,,12797040,2022-03-20T02:03:09+01:00,,Confirmed,,,,,True,,,True,PRISMA,,https://platform.prisma-capacity.eu/,,Cross-Border Transmission IP within EU,0,False
1Physical Flowhour2022-02-21 02:00:00 +00:002022-02-21 03:00:00 +00:00BE-TSO-0001ITP-00542exitkWh/h,1,Physical Flow,hour,2022-02-21T03:00:00+01:00,2022-02-21T04:00:00+01:00,BE-TSO-0001,21X-BE-A-A0A0A-Y,Fluxys Belgium,ITP-00542,VIP Belgium - NCG,21Z000000000497Z,exit,kWh/h,,,12793827,2022-03-20T02:03:09+01:00,,Confirmed,,,,,True,,,True,PRISMA,,https://platform.prisma-capacity.eu/,,Cross-Border Transmission IP within EU,0,False
1Physical Flowhour2022-02-21 03:00:00 +00:002022-02-21 04:00:00 +00:00BE-TSO-0001ITP-00542exitkWh/h,1,Physical Flow,hour,2022-02-21T04:00:00+01:00,2022-02-21T05:00:00+01:00,BE-TSO-0001,21X-BE-A-A0A0A-Y,Fluxys Belgium,ITP-00542,VIP Belgium - NCG,21Z000000000497Z,exit,kWh/h,,,12793408,2022-03-20T02:03:09+01:00,,Confirmed,,,,,True,,,True,PRISMA,,https://platform.prisma-capacity.eu/,,Cross-Border Transmission IP within EU,0,False
1Physical Flowhour2022-02-21 04:00:00 +00:002022-02-21 05:00:00 +00:00BE-TSO-0001ITP-00542exitkWh/h,1,Physical Flow,hour,2022-02-21T05:00:00+01:00,2022-02-21T06:00:00+01:00,BE-TSO-0001,21X-BE-A-A0A0A-Y,Fluxys Belgium,ITP-00542,VIP Belgium - NCG,21Z000000000497Z,exit,kWh/h,,,12793630,2022-03-20T02:03:09+01:00,,Confirmed,,,,,True,,,True,PRISMA,,https://platform.prisma-capacity.eu/,,Cross-Border Transmission IP within EU,0,False
1Physical Flowhour2022-02-21 05:00:00 +00:002022-02-21 06:00:00 +00:00BE-TSO-0001ITP-00542exitkWh/h,1,Physical Flow,hour,2022-02-21T06:00:00+01:00,2022-02-21T07:00:00+01:00,BE-TSO-0001,21X-BE-A-A0A0A-Y,Fluxys Belgium,ITP-00542,VIP Belgium - NCG,21Z000000000497Z,exit,kWh/h,,,10656952,2022-03-20T02:03:09+01:00,,Confirmed,,,,,True,,,True,PRISMA,,https://platform.prisma-capacity.eu/,,Cross-Border Transmission IP within EU,0,False
1Physical Flowhour2022-02-21 06:00:00 +00:002022-02-21 07:00:00 +00:00BE-TSO-0001ITP-00542exitkWh/h,1,Physical Flow,hour,2022-02-21T07:00:00+01:00,2022-02-21T08:00:00+01:00,BE-TSO-0001,21X-BE-A-A0A0A-Y,Fluxys Belgium,ITP-00542,VIP Belgium - NCG,21Z000000000497Z,exit,kWh/h,,,10661513,2022-03-20T02:03:09+01:00,,Confirmed,,,,,True,,,True,PRISMA,,https://platform.prisma-capacity.eu/,,Cross-Border Transmission IP within EU,0,False
1Physical Flowhour2022-02-21 07:00:00 +00:002022-02-21 08:00:00 +00:00BE-TSO-0001ITP-00542exitkWh/h,1,Physical Flow,hour,2022-02-21T08:00:00+01:00,2022-02-21T09:00:00+01:00,BE-TSO-0001,21X-BE-A-A0A0A-Y,Fluxys Belgium,ITP-00542,VIP Belgium - NCG,21Z000000000497Z,exit,kWh/h,,,10659577,2022-03-20T02:03:09+01:00,,Confirmed,,,,,True,,,True,PRISMA,,https://platform.prisma-capacity.eu/,,Cross-Border Transmission IP within EU,0,False
1Physical Flowhour2022-02-21 08:00:00 +00:002022-02-21 09:00:00 +00:00BE-TSO-0001ITP-00542exitkWh/h,1,Physical Flow,hour,2022-02-21T09:00:00+01:00,2022-02-21T10:00:00+01:00,BE-TSO-0001,21X-BE-A-A0A0A-Y,Fluxys Belgium,ITP-00542,VIP Belgium - NCG,21Z000000000497Z,exit,kWh/h,,,10255761,2022-03-20T02:03:09+01:00,,Confirmed,,,,,True,,,True,PRISMA,,https://platform.prisma-capacity.eu/,,Cross-Border Transmission IP within EU,0,False
1Physical Flowhour2022-02-21 09:00:00 +00:002022-02-21 10:00:00 +00:00BE-TSO-0001ITP-00542exitkWh/h,1,Physical Flow,hour,2022-02-21T10:00:00+01:00,2022-02-21T11:00:00+01:00,BE-TSO-0001,21X-BE-A-A0A0A-Y,Fluxys Belgium,ITP-00542,VIP Belgium - NCG,21Z000000000497Z,exit,kWh/h,,,10304887,2022-03-20T02:03:09+01:00,,Confirmed,,,,,True,,,True,PRISMA,,https://platform.prisma-capacity.eu/,,Cross-Border Transmission IP within EU,0,False
1Physical Flowhour2022-02-21 10:00:00 +00:002022-02-21 11:00:00 +00:00BE-TSO-0001ITP-00542exitkWh/h,1,Physical Flow,hour,2022-02-21T11:00:00+01:00,2022-02-21T12:00:00+01:00,BE-TSO-0001,21X-BE-A-A0A0A-Y,Fluxys Belgium,ITP-00542,VIP Belgium - NCG,21Z000000000497Z,exit,kWh/h,,,10579377,2022-03-20T02:03:09+01:00,,Confirmed,,,,,True,,,True,PRISMA,,https://platform.prisma-capacity.eu/,,Cross-Border Transmission IP within EU,0,False
1Physical Flowhour2022-02-21 11:00:00 +00:002022-02-21 12:00:00 +00:00BE-TSO-0001ITP-00542exitkWh/h,1,Physical Flow,hour,2022-02-21T12:00:00+01:00,2022-02-21T13:00:00+01:00,BE-TSO-0001,21X-BE-A-A0A0A-Y,Fluxys Belgium,ITP-00542,VIP Belgium - NCG,21Z000000000497Z,exit,kWh/h,,,10582801,2022-03-20T02:03:09+01:00,,Confirmed,,,,,True,,,True,PRISMA,,https://platform.prisma-capacity.eu/,,Cross-Border Transmission IP within EU,0,False
1Physical Flowhour2022-02-21 12:00:00 +00:002022-02-21 13:00:00 +00:00BE-TSO-0001ITP-00542exitkWh/h,1,Physical Flow,hour,2022-02-21T13:00:00+01:00,2022-02-21T14:00:00+01:00,BE-TSO-0001,21X-BE-A-A0A0A-Y,Fluxys Belgium,ITP-00542,VIP Belgium - NCG,21Z000000000497Z,exit,kWh/h,,,11424312,2022-03-20T02:03:09+01:00,,Confirmed,,,,,True,,,True,PRISMA,,https://platform.prisma-capacity.eu/,,Cross-Border Transmission IP within EU,0,False
1Physical Flowhour2022-02-21 13:00:00 +00:002022-02-21 14:00:00 +00:00BE-TSO-0001ITP-00542exitkWh/h,1,Physical Flow,hour,2022-02-21T14:00:00+01:00,2022-02-21T15:00:00+01:00,BE-TSO-0001,21X-BE-A-A0A0A-Y,Fluxys Belgium,ITP-00542,VIP Belgium - NCG,21Z000000000497Z,exit,kWh/h,,,11418692,2022-03-20T02:03:09+01:00,,Confirmed,,,,,True,,,True,PRISMA,,https://platform.prisma-capacity.eu/,,Cross-Border Transmission IP within EU,0,False
1Physical Flowhour2022-02-21 14:00:00 +00:002022-02-21 15:00:00 +00:00BE-TSO-0001ITP-00542exitkWh/h,1,Physical Flow,hour,2022-02-21T15:00:00+01:00,2022-02-21T16:00:00+01:00,BE-TSO-0001,21X-BE-A-A0A0A-Y,Fluxys Belgium,ITP-00542,VIP Belgium - NCG,21Z000000000497Z,exit,kWh/h,,,11321617,2022-03-20T02:03:09+01:00,,Confirmed,,,,,True,,,True,PRISMA,,https://platform.prisma-capacity.eu/,,Cross-Border Transmission IP within EU,0,False
1Physical Flowhour2022-02-21 15:00:00 +00:002022-02-21 16:00:00 +00:00BE-TSO-0001ITP-00542exitkWh/h,1,Physical Flow,hour,2022-02-21T16:00:00+01:00,2022-02-21T17:00:00+01:00,BE-TSO-0001,21X-BE-A-A0A0A-Y,Fluxys Belgium,ITP-00542,VIP Belgium - NCG,21Z000000000497Z,exit,kWh/h,,,10126009,2022-03-20T02:03:09+01:00,,Confirmed,,,,,True,,,True,PRISMA,,https://platform.prisma-capacity.eu/,,Cross-Border Transmission IP within EU,0,False
1Physical Flowhour2022-02-21 16:00:00 +00:002022-02-21 17:00:00 +00:00BE-TSO-0001ITP-00542exitkWh/h,1,Physical Flow,hour,2022-02-21T17:00:00+01:00,2022-02-21T18:00:00+01:00,BE-TSO-0001,21X-BE-A-A0A0A-Y,Fluxys Belgium,ITP-00542,VIP Belgium - NCG,21Z000000000497Z,exit,kWh/h,,,10742172,2022-03-20T02:03:09+01:00,,Confirmed,,,,,True,,,True,PRISMA,,https://platform.prisma-capacity.eu/,,Cross-Border Transmission IP within EU,0,False
1Physical Flowhour2022-02-21 17:00:00 +00:002022-02-21 18:00:00 +00:00BE-TSO-0001ITP-00542exitkWh/h,1,Physical Flow,hour,2022-02-21T18:00:00+01:00,2022-02-21T19:00:00+01:00,BE-TSO-0001,21X-BE-A-A0A0A-Y,Fluxys Belgium,ITP-00542,VIP Belgium - NCG,21Z000000000497Z,exit,kWh/h,,,10751475,2022-03-20T02:03:09+01:00,,Confirmed,,,,,True,,,True,PRISMA,,https://platform.prisma-capacity.eu/,,Cross-Border Transmission IP within EU,0,False
1Physical Flowhour2022-02-21 18:00:00 +00:002022-02-21 19:00:00 +00:00BE-TSO-0001ITP-00542exitkWh/h,1,Physical Flow,hour,2022-02-21T19:00:00+01:00,2022-02-21T20:00:00+01:00,BE-TSO-0001,21X-BE-A-A0A0A-Y,Fluxys Belgium,ITP-00542,VIP Belgium - NCG,21Z000000000497Z,exit,kWh/h,,,11281884,2022-03-20T02:03:09+01:00,,Confirmed,,,,,True,,,True,PRISMA,,https://platform.prisma-capacity.eu/,,Cross-Border Transmission IP within EU,0,False
1Physical Flowhour2022-02-21 19:00:00 +00:002022-02-21 20:00:00 +00:00BE-TSO-0001ITP-00542exitkWh/h,1,Physical Flow,hour,2022-02-21T20:00:00+01:00,2022-02-21T21:00:00+01:00,BE-TSO-0001,21X-BE-A-A0A0A-Y,Fluxys Belgium,ITP-00542,VIP Belgium - NCG,21Z000000000497Z,exit,kWh/h,,,11280878,2022-03-20T02:03:09+01:00,,Confirmed,,,,,True,,,True,PRISMA,,https://platform.prisma-capacity.eu/,,Cross-Border Transmission IP within EU,0,False
1Physical Flowhour2022-02-21 20:00:00 +00:002022-02-21 21:00:00 +00:00BE-TSO-0001ITP-00542exitkWh/h,1,Physical Flow,hour,2022-02-21T21:00:00+01:00,2022-02-21T22:00:00+01:00,BE-TSO-0001,21X-BE-A-A0A0A-Y,Fluxys Belgium,ITP-00542,VIP Belgium - NCG,21Z000000000497Z,exit,kWh/h,,,10628642,2022-03-20T02:03:09+01:00,,Confirmed,,,,,True,,,True,PRISMA,,https://platform.prisma-capacity.eu/,,Cross-Border Transmission IP within EU,0,False
1Physical Flowhour2022-02-21 21:00:00 +00:002022-02-21 22:00:00 +00:00BE-TSO-0001ITP-00542exitkWh/h,1,Physical Flow,hour,2022-02-21T22:00:00+01:00,2022-02-21T23:00:00+01:00,BE-TSO-0001,21X-BE-A-A0A0A-Y,Fluxys Belgium,ITP-00542,VIP Belgium - NCG,21Z000000000497Z,exit,kWh/h,,,11614143,2022-03-20T02:03:09+01:00,,Confirmed,,,,,True,,,True,PRISMA,,https://platform.prisma-capacity.eu/,,Cross-Border Transmission IP within EU,0,False
1Physical Flowhour2022-02-21 22:00:00 +00:002022-02-21 23:00:00 +00:00BE-TSO-0001ITP-00542exitkWh/h,1,Physical Flow,hour,2022-02-21T23:00:00+01:00,2022-02-22T00:00:00+01:00,BE-TSO-0001,21X-BE-A-A0A0A-Y,Fluxys Belgium,ITP-00542,VIP Belgium - NCG,21Z000000000497Z,exit,kWh/h,,,11986549,2022-03-20T02:03:09+01:00,,Confirmed,,,,,True,,,True,PRISMA,,https://platform.prisma-capacity.eu/,,Cross-Border Transmission IP within EU,0,False
1Physical Flowhour2022-02-21 23:00:00 +00:002022-02-22 00:00:00 +00:00BE-TSO-0001ITP-00542exitkWh/h,1,Physical Flow,hour,2022-02-22T00:00:00+01:00,2022-02-22T01:00:00+01:00,BE-TSO-0001,21X-BE-A-A0A0A-Y,Fluxys Belgium,ITP-00542,VIP Belgium - NCG,21Z000000000497Z,exit,kWh/h,,,11987797,2022-03-20T02:03:09+01:00,,Confirmed,,,,,True,,,True,PRISMA,,https://platform.prisma-capacity.eu/,,Cross-Border Transmission IP within EU,0,False
1Physical Flowhour2022-02-22 00:00:00 +00:002022-02-22 01:00:00 +00:00BE-TSO-0001ITP-00542exitkWh/h,1,Physical Flow,hour,2022-02-22T01:00:00+01:00,2022-02-22T02:00:00+01:00,BE-TSO-0001,21X-BE-A-A0A0A-Y,Fluxys Belgium,ITP-00542,VIP Belgium - NCG,21Z000000000497Z,exit,kWh/h,,,11984595,2022-03-20T02:03:09+01:00,,Confirmed,,,,,True,,,True,PRISMA,,https://platform.prisma-capacity.eu/,,Cross-Border Transmission IP within EU,0,False
1Physical Flowhour2022-02-22 01:00:00 +00:002022-02-22 02:00:00 +00:00BE-TSO-0001ITP-00542exitkWh/h,1,Physical Flow,hour,2022-02-22T02:00:00+01:00,2022-02-22T03:00:00+01:00,BE-TSO-0001,21X-BE-A-A0A0A-Y,Fluxys Belgium,ITP-00542,VIP Belgium - NCG,21Z000000000497Z,exit,kWh/h,,,11986474,2022-03-20T02:03:09+01:00,,Confirmed,,,,,True,,,True,PRISMA,,https://platform.prisma-capacity.eu/,,Cross-Border Transmission IP within EU,0,False
1Physical Flowhour2022-02-22 02:00:00 +00:002022-02-22 03:00:00 +00:00BE-TSO-0001ITP-00542exitkWh/h,1,Physical Flow,hour,2022-02-22T03:00:00+01:00,2022-02-22T04:00:00+01:00,BE-TSO-0001,21X-BE-A-A0A0A-Y,Fluxys Belgium,ITP-00542,VIP Belgium - NCG,21Z000000000497Z,exit,kWh/h,,,11985057,2022-03-20T02:03:09+01:00,,Confirmed,,,,,True,,,True,PRISMA,,https://platform.prisma-capacity.eu/,,Cross-Border Transmission IP within EU,0,False
1Physical Flowhour2022-02-22 03:00:00 +00:002022-02-22 04:00:00 +00:00BE-TSO-0001ITP-00542exitkWh/h,1,Physical Flow,hour,2022-02-22T04:00:00+01:00,2022-02-22T05:00:00+01:00,BE-TSO-0001,21X-BE-A-A0A0A-Y,Fluxys Belgium,ITP-00542,VIP Belgium - NCG,21Z000000000497Z,exit,kWh/h,,,11917559,2022-03-20T02:03:09+01:00,,Confirmed,,,,,True,,,True,PRISMA,,https://platform.prisma-capacity.eu/,,Cross-Border Transmission IP within EU,0,False
1Physical Flowhour2022-02-22 04:00:00 +00:002022-02-22 05:00:00 +00:00BE-TSO-0001ITP-00542exitkWh/h,1,Physical Flow,hour,2022-02-22T05:00:00+01:00,2022-02-22T06:00:00+01:00,BE-TSO-0001,21X-BE-A-A0A0A-Y,Fluxys Belgium,ITP-00542,VIP Belgium - NCG,21Z000000000497Z,exit,kWh/h,,,11869002,2022-03-20T02:03:09+01:00,,Confirmed,,,,,True,,,True,PRISMA,,https://platform.prisma-capacity.eu/,,Cross-Border Transmission IP within EU,0,False
1Physical Flowhour2022-02-22 05:00:00 +00:002022-02-22 06:00:00 +00:00BE-TSO-0001ITP-00542exitkWh/h,1,Physical Flow,hour,2022-02-22T06:00:00+01:00,2022-02-22T07:00:00+01:00,BE-TSO-0001,21X-BE-A-A0A0A-Y,Fluxys Belgium,ITP-00542,VIP Belgium - NCG,21Z000000000497Z,exit,kWh/h,,,11004078,2022-03-20T02:03:09+01:00,,Confirmed,,,,,True,,,True,PRISMA,,https://platform.prisma-capacity.eu/,,Cross-Border Transmission IP within EU,0,False
1Physical Flowhour2022-02-22 06:00:00 +00:002022-02-22 07:00:00 +00:00BE-TSO-0001ITP-00542exitkWh/h,1,Physical Flow,hour,2022-02-22T07:00:00+01:00,2022-02-22T08:00:00+01:00,BE-TSO-0001,21X-BE-A-A0A0A-Y,Fluxys Belgium,ITP-00542,VIP Belgium - NCG,21Z000000000497Z,exit,kWh/h,,,11157961,2022-03-20T02:03:09+01:00,,Confirmed,,,,,True,,,True,PRISMA,,https://platform.prisma-capacity.eu/,,Cross-Border Transmission IP within EU,0,False
1Physical Flowhour2022-02-22 07:00:00 +00:002022-02-22 08:00:00 +00:00BE-TSO-0001ITP-00542exitkWh/h,1,Physical Flow,hour,2022-02-22T08:00:00+01:00,2022-02-22T09:00:00+01:00,BE-TSO-0001,21X-BE-A-A0A0A-Y,Fluxys Belgium,ITP-00542,VIP Belgium - NCG,21Z000000000497Z,exit,kWh/h,,,11156647,2022-03-20T02:03:09+01:00,,Confirmed,,,,,True,,,True,PRISMA,,https://platform.prisma-capacity.eu/,,Cross-Border Transmission IP within EU,0,False
1Physical Flowhour2022-02-22 08:00:00 +00:002022-02-22 09:00:00 +00:00BE-TSO-0001ITP-00542exitkWh/h,1,Physical Flow,hour,2022-02-22T09:00:00+01:00,2022-02-22T10:00:00+01:00,BE-TSO-0001,21X-BE-A-A0A0A-Y,Fluxys Belgium,ITP-00542,VIP Belgium - NCG,21Z000000000497Z,exit,kWh/h,,,11488810,2022-03-20T02:03:09+01:00,,Confirmed,,,,,True,,,True,PRISMA,,https://platform.prisma-capacity.eu/,,Cross-Border Transmission IP within EU,0,False
1Physical Flowhour2022-02-22 09:00:00 +00:002022-02-22 10:00:00 +00:00BE-TSO-0001ITP-00542exitkWh/h,1,Physical Flow,hour,2022-02-22T10:00:00+01:00,2022-02-22T11:00:00+01:00,BE-TSO-0001,21X-BE-A-A0A0A-Y,Fluxys Belgium,ITP-00542,VIP Belgium - NCG,21Z000000000497Z,exit,kWh/h,,,11486384,2022-03-20T02:03:09+01:00,,Confirmed,,,,,True,,,True,PRISMA,,https://platform.prisma-capacity.eu/,,Cross-Border Transmission IP within EU,0,False
1Physical Flowhour2022-02-22 10:00:00 +00:002022-02-22 11:00:00 +00:00BE-TSO-0001ITP-00542exitkWh/h,1,Physical Flow,hour,2022-02-22T11:00:00+01:00,2022-02-22T12:00:00+01:00,BE-TSO-0001,21X-BE-A-A0A0A-Y,Fluxys Belgium,ITP-00542,VIP Belgium - NCG,21Z000000000497Z,exit,kWh/h,,,11491977,2022-03-20T02:03:09+01:00,,Confirmed,,,,,True,,,True,PRISMA,,https://platform.prisma-capacity.eu/,,Cross-Border Transmission IP within EU,0,False
1Physical Flowhour2022-02-22 11:00:00 +00:002022-02-22 12:00:00 +00:00BE-TSO-0001ITP-00542exitkWh/h,1,Physical Flow,hour,2022-02-22T12:00:00+01:00,2022-02-22T13:00:00+01:00,BE-TSO-0001,21X-BE-A-A0A0A-Y,Fluxys Belgium,ITP-00542,VIP Belgium - NCG,21Z000000000497Z,exit,kWh/h,,,11484689,2022-03-20T02:03:09+01:00,,Confirmed,,,,,True,,,True,PRISMA,,https://platform.prisma-capacity.eu/,,Cross-Border Transmission IP within EU,0,False
1Physical Flowhour2022-02-22 12:00:00 +00:002022-02-22 13:00:00 +00:00BE-TSO-0001ITP-00542exitkWh/h,1,Physical Flow,hour,2022-02-22T13:00:00+01:00,2022-02-22T14:00:00+01:00,BE-TSO-0001,21X-BE-A-A0A0A-Y,Fluxys Belgium,ITP-00542,VIP Belgium - NCG,21Z000000000497Z,exit,kWh/h,,,11487897,2022-03-20T02:03:09+01:00,,Confirmed,,,,,True,,,True,PRISMA,,https://platform.prisma-capacity.eu/,,Cross-Border Transmission IP within EU,0,False
1Physical Flowhour2022-02-22 13:00:00 +00:002022-02-22 14:00:00 +00:00BE-TSO-0001ITP-00542exitkWh/h,1,Physical Flow,hour,2022-02-22T14:00:00+01:00,2022-02-22T15:00:00+01:00,BE-TSO-0001,21X-BE-A-A0A0A-Y,Fluxys Belgium,ITP-00542,VIP Belgium - NCG,21Z000000000497Z,exit,kWh/h,,,11490130,2022-03-20T02:03:09+01:00,,Confirmed,,,,,True,,,True,PRISMA,,https://platform.prisma-capacity.eu/,,Cross-Border Transmission IP within EU,0,False
1Physical Flowhour2022-02-22 14:00:00 +00:002022-02-22 15:00:00 +00:00BE-TSO-0001ITP-00542exitkWh/h,1,Physical Flow,hour,2022-02-22T15:00:00+01:00,2022-02-22T16:00:00+01:00,BE-TSO-0001,21X-BE-A-A0A0A-Y,Fluxys Belgium,ITP-00542,VIP Belgium - NCG,21Z000000000497Z,exit,kWh/h,,,11488923,2022-03-20T02:03:09+01:00,,Confirmed,,,,,True,,,True,PRISMA,,https://platform.prisma-capacity.eu/,,Cross-Border Transmission IP within EU,0,False
1Physical Flowhour2022-02-22 15:00:00 +00:002022-02-22 16:00:00 +00:00BE-TSO-0001ITP-00542exitkWh/h,1,Physical Flow,hour,2022-02-22T16:00:00+01:00,2022-02-22T17:00:00+01:00,BE-TSO-0001,21X-BE-A-A0A0A-Y,Fluxys Belgium,ITP-00542,VIP Belgium - NCG,21Z000000000497Z,exit,kWh/h,,,11230950,2022-03-20T02:03:09+01:00,,Confirmed,,,,,True,,,True,PRISMA,,https://platform.prisma-capacity.eu/,,Cross-Border Transmission IP within EU,0,False
1Physical Flowhour2022-02-22 16:00:00 +00:002022-02-22 17:00:00 +00:00BE-TSO-0001ITP-00542exitkWh/h,1,Physical Flow,hour,2022-02-22T17:00:00+01:00,2022-02-22T18:00:00+01:00,BE-TSO-0001,21X-BE-A-A0A0A-Y,Fluxys Belgium,ITP-00542,VIP Belgium - NCG,21Z000000000497Z,exit,kWh/h,,,11429593,2022-03-20T02:03:09+01:00,,Confirmed,,,,,True,,,True,PRISMA,,https://platform.prisma-capacity.eu/,,Cross-Border Transmission IP within EU,0,False
1Physical Flowhour2022-02-22 17:00:00 +00:002022-02-22 18:00:00 +00:00BE-TSO-0001ITP-00542exitkWh/h,1,Physical Flow,hour,2022-02-22T18:00:00+01:00,2022-02-22T19:00:00+01:00,BE-TSO-0001,21X-BE-A-A0A0A-Y,Fluxys Belgium,ITP-00542,VIP Belgium - NCG,21Z000000000497Z,exit,kWh/h,,,12688035,2022-03-20T02:03:09+01:00,,Confirmed,,,,,True,,,True,PRISMA,,https://platform.prisma-capacity.eu/,,Cross-Border Transmission IP within EU,0,False
1Physical Flowhour2022-02-22 18:00:00 +00:002022-02-22 19:00:00 +00:00BE-TSO-0001ITP-00542exitkWh/h,1,Physical Flow,hour,2022-02-22T19:00:00+01:00,2022-02-22T20:00:00+01:00,BE-TSO-0001,21X-BE-A-A0A0A-Y,Fluxys Belgium,ITP-00542,VIP Belgium - NCG,21Z000000000497Z,exit,kWh/h,,,13035773,2022-03-20T02:03:09+01:00,,Confirmed,,,,,True,,,True,PRISMA,,https://platform.prisma-capacity.eu/,,Cross-Border Transmission IP within EU,0,False
1Physical Flowhour2022-02-22 19:00:00 +00:002022-02-22 20:00:00 +00:00BE-TSO-0001ITP-00542exitkWh/h,1,Physical Flow,hour,2022-02-22T20:00:00+01:00,2022-02-22T21:00:00+01:00,BE-TSO-0001,21X-BE-A-A0A0A-Y,Fluxys Belgium,ITP-00542,VIP Belgium - NCG,21Z000000000497Z,exit,kWh/h,,,13034088,2022-03-20T02:03:09+01:00,,Confirmed,,,,,True,,,True,PRISMA,,https://platform.prisma-capacity.eu/,,Cross-Border Transmission IP within EU,0,False
1Physical Flowhour2022-02-22 20:00:00 +00:002022-02-22 21:00:00 +00:00BE-TSO-0001ITP-00542exitkWh/h,1,Physical Flow,hour,2022-02-22T21:00:00+01:00,2022-02-22T22:00:00+01:00,BE-TSO-0001,21X-BE-A-A0A0A-Y,Fluxys Belgium,ITP-00542,VIP Belgium - NCG,21Z000000000497Z,exit,kWh/h,,,12675000,2022-03-20T02:03:09+01:00,,Confirmed,,,,,True,,,True,PRISMA,,https://platform.prisma-capacity.eu/,,Cross-Border Transmission IP within EU,0,False
1Physical Flowhour2022-02-22 21:00:00 +00:002022-02-22 22:00:00 +00:00BE-TSO-0001ITP-00542exitkWh/h,1,Physical Flow,hour,2022-02-22T22:00:00+01:00,2022-02-22T23:00:00+01:00,BE-TSO-0001,21X-BE-A-A0A0A-Y,Fluxys Belgium,ITP-00542,VIP Belgium - NCG,21Z000000000497Z,exit,kWh/h,,,12759566,2022-03-20T02:03:09+01:00,,Confirmed,,,,,True,,,True,PRISMA,,https://platform.prisma-capacity.eu/,,Cross-Border Transmission IP within EU,0,False
1Physical Flowhour2022-02-22 22:00:00 +00:002022-02-22 23:00:00 +00:00BE-TSO-0001ITP-00542exitkWh/h,1,Physical Flow,hour,2022-02-22T23:00:00+01:00,2022-02-23T00:00:00+01:00,BE-TSO-0001,21X-BE-A-A0A0A-Y,Fluxys Belgium,ITP-00542,VIP Belgium - NCG,21Z000000000497Z,exit,kWh/h,,,13034834,2022-03-20T02:03:09+01:00,,Confirmed,,,,,True,,,True,PRISMA,,https://platform.prisma-capacity.eu/,,Cross-Border Transmission IP within EU,0,False
1Physical Flowhour2022-02-22 23:00:00 +00:002022-02-23 00:00:00 +00:00BE-TSO-0001ITP-00542exitkWh/h,1,Physical Flow,hour,2022-02-23T00:00:00+01:00,2022-02-23T01:00:00+01:00,BE-TSO-0001,21X-BE-A-A0A0A-Y,Fluxys Belgium,ITP-00542,VIP Belgium - NCG,21Z000000000497Z,exit,kWh/h,,,13034289,2022-03-20T02:03:09+01:00,,Confirmed,,,,,True,,,True,PRISMA,,https://platform.prisma-capacity.eu/,,Cross-Border Transmission IP within EU,0,False
1Physical Flowhour2022-02-23 00:00:00 +00:002022-02-23 01:00:00 +00:00BE-TSO-0001ITP-00542exitkWh/h,1,Physical Flow,hour,2022-02-23T01:00:00+01:00,2022-02-23T02:00:00+01:00,BE-TSO-0001,21X-BE-A-A0A0A-Y,Fluxys Belgium,ITP-00542,VIP Belgium - NCG,21Z000000000497Z,exit,kWh/h,,,13036776,2022-03-20T02:03:09+01:00,,Confirmed,,,,,True,,,True,PRISMA,,https://platform.prisma-capacity.eu/,,Cross-Border Transmission IP within EU,0,False
1Physical Flowhour2022-02-23 01:00:00 +00:002022-02-23 02:00:00 +00:00BE-TSO-0001ITP-00542exitkWh/h,1,Physical Flow,hour,2022-02-23T02:00:00+01:00,2022-02-23T03:00:00+01:00,BE-TSO-0001,21X-BE-A-A0A0A-Y,Fluxys Belgium,ITP-00542,VIP Belgium - NCG,21Z000000000497Z,exit,kWh/h,,,13034998,2022-03-20T02:03:09+01:00,,Confirmed,,,,,True,,,True,PRISMA,,https://platform.prisma-capacity.eu/,,Cross-Border Transmission IP within EU,0,False
1Physical Flowhour2022-02-23 02:00:00 +00:002022-02-23 03:00:00 +00:00BE-TSO-0001ITP-00542exitkWh/h,1,Physical Flow,hour,2022-02-23T03:00:00+01:00,2022-02-23T04:00:00+01:00,BE-TSO-0001,21X-BE-A-A0A0A-Y,Fluxys Belgium,ITP-00542,VIP Belgium - NCG,21Z000000000497Z,exit,kWh/h,,,13136628,2022-03-20T02:03:09+01:00,,Confirmed,,,,,True,,,True,PRISMA,,https://platform.prisma-capacity.eu/,,Cross-Border Transmission IP within EU,0,False
1Physical Flowhour2022-02-23 03:00:00 +00:002022-02-23 04:00:00 +00:00BE-TSO-0001ITP-00542exitkWh/h,1,Physical Flow,hour,2022-02-23T04:00:00+01:00,2022-02-23T05:00:00+01:00,BE-TSO-0001,21X-BE-A-A0A0A-Y,Fluxys Belgium,ITP-00542,VIP Belgium - NCG,21Z000000000497Z,exit,kWh/h,,,13215674,2022-03-20T02:03:09+01:00,,Confirmed,,,,,True,,,True,PRISMA,,https://platform.prisma-capacity.eu/,,Cross-Border Transmission IP within EU,0,False
1Physical Flowhour2022-02-23 04:00:00 +00:002022-02-23 05:00:00 +00:00BE-TSO-0001ITP-00542exitkWh/h,1,Physical Flow,hour,2022-02-23T05:00:00+01:00,2022-02-23T06:00:00+01:00,BE-TSO-0001,21X-BE-A-A0A0A-Y,Fluxys Belgium,ITP-00542,VIP Belgium - NCG,21Z000000000497Z,exit,kWh/h,,,13204513,2022-03-20T02:03:09+01:00,,Confirmed,,,,,True,,,True,PRISMA,,https://platform.prisma-capacity.eu/,,Cross-Border Transmission IP within EU,0,False
1Physical Flowhour2022-02-23 05:00:00 +00:002022-02-23 06:00:00 +00:00BE-TSO-0001ITP-00542exitkWh/h,1,Physical Flow,hour,2022-02-23T06:00:00+01:00,2022-02-23T07:00:00+01:00,BE-TSO-0001,21X-BE-A-A0A0A-Y,Fluxys Belgium,ITP-00542,VIP Belgium - NCG,21Z000000000497Z,exit,kWh/h,,,11156289,2022-03-20T02:03:09+01:00,,Confirmed,,,,,True,,,True,PRISMA,,https://platform.prisma-capacity.eu/,,Cross-Border Transmission IP within EU,0,False
1Physical Flowhour2022-02-23 06:00:00 +00:002022-02-23 07:00:00 +00:00BE-TSO-0001ITP-00542exitkWh/h,1,Physical Flow,hour,2022-02-23T07:00:00+01:00,2022-02-23T08:00:00+01:00,BE-TSO-0001,21X-BE-A-A0A0A-Y,Fluxys Belgium,ITP-00542,VIP Belgium - NCG,21Z000000000497Z,exit,kWh/h,,,11159897,2022-03-20T02:03:09+01:00,,Confirmed,,,,,True,,,True,PRISMA,,https://platform.prisma-capacity.eu/,,Cross-Border Transmission IP within EU,0,False
1Physical Flowhour2022-02-23 07:00:00 +00:002022-02-23 08:00:00 +00:00BE-TSO-0001ITP-00542exitkWh/h,1,Physical Flow,hour,2022-02-23T08:00:00+01:00,2022-02-23T09:00:00+01:00,BE-TSO-0001,21X-BE-A-A0A0A-Y,Fluxys Belgium,ITP-00542,VIP Belgium - NCG,21Z000000000497Z,exit,kWh/h,,,11158284,2022-03-20T02:03:09+01:00,,Confirmed,,,,,True,,,True,PRISMA,,https://platform.prisma-capacity.eu/,,Cross-Border Transmission IP within EU,0,False
1Physical Flowhour2022-02-23 08:00:00 +00:002022-02-23 09:00:00 +00:00BE-TSO-0001ITP-00542exitkWh/h,1,Physical Flow,hour,2022-02-23T09:00:00+01:00,2022-02-23T10:00:00+01:00,BE-TSO-0001,21X-BE-A-A0A0A-Y,Fluxys Belgium,ITP-00542,VIP Belgium - NCG,21Z000000000497Z,exit,kWh/h,,,11161415,2022-03-20T02:03:09+01:00,,Confirmed,,,,,True,,,True,PRISMA,,https://platform.prisma-capacity.eu/,,Cross-Border Transmission IP within EU,0,False
1Physical Flowhour2022-02-23 09:00:00 +00:002022-02-23 10:00:00 +00:00BE-TSO-0001ITP-00542exitkWh/h,1,Physical Flow,hour,2022-02-23T10:00:00+01:00,2022-02-23T11:00:00+01:00,BE-TSO-0001,21X-BE-A-A0A0A-Y,Fluxys Belgium,ITP-00542,VIP Belgium - NCG,21Z000000000497Z,exit,kWh/h,,,11160113,2022-03-20T02:03:09+01:00,,Confirmed,,,,,True,,,True,PRISMA,,https://platform.prisma-capacity.eu/,,Cross-Border Transmission IP within EU,0,False
1Physical Flowhour2022-02-23 10:00:00 +00:002022-02-23 11:00:00 +00:00BE-TSO-0001ITP-00542exitkWh/h,1,Physical Flow,hour,2022-02-23T11:00:00+01:00,2022-02-23T12:00:00+01:00,BE-TSO-0001,21X-BE-A-A0A0A-Y,Fluxys Belgium,ITP-00542,VIP Belgium - NCG,21Z000000000497Z,exit,kWh/h,,,11156113,2022-03-20T02:03:09+01:00,,Confirmed,,,,,True,,,True,PRISMA,,https://platform.prisma-capacity.eu/,,Cross-Border Transmission IP within EU,0,False
1Physical Flowhour2022-02-23 11:00:00 +00:002022-02-23 12:00:00 +00:00BE-TSO-0001ITP-00542exitkWh/h,1,Physical Flow,hour,2022-02-23T12:00:00+01:00,2022-02-23T13:00:00+01:00,BE-TSO-0001,21X-BE-A-A0A0A-Y,Fluxys Belgium,ITP-00542,VIP Belgium - NCG,21Z000000000497Z,exit,kWh/h,,,11941561,2022-03-20T02:03:09+01:00,,Confirmed,,,,,True,,,True,PRISMA,,https://platform.prisma-capacity.eu/,,Cross-Border Transmission IP within EU,0,False
1Physical Flowhour2022-02-23 12:00:00 +00:002022-02-23 13:00:00 +00:00BE-TSO-0001ITP-00542exitkWh/h,1,Physical Flow,hour,2022-02-23T13:00:00+01:00,2022-02-23T14:00:00+01:00,BE-TSO-0001,21X-BE-A-A0A0A-Y,Fluxys Belgium,ITP-00542,VIP Belgium - NCG,21Z000000000497Z,exit,kWh/h,,,12021430,2022-03-20T02:03:09+01:00,,Confirmed,,,,,True,,,True,PRISMA,,https://platform.prisma-capacity.eu/,,Cross-Border Transmission IP within EU,0,False
1Physical Flowhour2022-02-23 13:00:00 +00:002022-02-23 14:00:00 +00:00BE-TSO-0001ITP-00542exitkWh/h,1,Physical Flow,hour,2022-02-23T14:00:00+01:00,2022-02-23T15:00:00+01:00,BE-TSO-0001,21X-BE-A-A0A0A-Y,Fluxys Belgium,ITP-00542,VIP Belgium - NCG,21Z000000000497Z,exit,kWh/h,,,12309546,2022-03-20T02:03:09+01:00,,Confirmed,,,,,True,,,True,PRISMA,,https://platform.prisma-capacity.eu/,,Cross-Border Transmission IP within EU,0,False
1Physical Flowhour2022-02-23 14:00:00 +00:002022-02-23 15:00:00 +00:00BE-TSO-0001ITP-00542exitkWh/h,1,Physical Flow,hour,2022-02-23T15:00:00+01:00,2022-02-23T16:00:00+01:00,BE-TSO-0001,21X-BE-A-A0A0A-Y,Fluxys Belgium,ITP-00542,VIP Belgium - NCG,21Z000000000497Z,exit,kWh/h,,,12415109,2022-03-20T02:03:09+01:00,,Confirmed,,,,,True,,,True,PRISMA,,https://platform.prisma-capacity.eu/,,Cross-Border Transmission IP within EU,0,False
1Physical Flowhour2022-02-23 15:00:00 +00:002022-02-23 16:00:00 +00:00BE-TSO-0001ITP-00542exitkWh/h,1,Physical Flow,hour,2022-02-23T16:00:00+01:00,2022-02-23T17:00:00+01:00,BE-TSO-0001,21X-BE-A-A0A0A-Y,Fluxys Belgium,ITP-00542,VIP Belgium - NCG,21Z000000000497Z,exit,kWh/h,,,11916902,2022-03-20T02:03:09+01:00,,Confirmed,,,,,True,,,True,PRISMA,,https://platform.prisma-capacity.eu/,,Cross-Border Transmission IP within EU,0,False
1Physical Flowhour2022-02-23 16:00:00 +00:002022-02-23 17:00:00 +00:00BE-TSO-0001ITP-00542exitkWh/h,1,Physical Flow,hour,2022-02-23T17:00:00+01:00,2022-02-23T18:00:00+01:00,BE-TSO-0001,21X-BE-A-A0A0A-Y,Fluxys Belgium,ITP-00542,VIP Belgium - NCG,21Z000000000497Z,exit,kWh/h,,,11258246,2022-03-20T02:03:09+01:00,,Confirmed,,,,,True,,,True,PRISMA,,https://platform.prisma-capacity.eu/,,Cross-Border Transmission IP within EU,0,False
1Physical Flowhour2022-02-23 17:00:00 +00:002022-02-23 18:00:00 +00:00BE-TSO-0001ITP-00542exitkWh/h,1,Physical Flow,hour,2022-02-23T18:00:00+01:00,2022-02-23T19:00:00+01:00,BE-TSO-0001,21X-BE-A-A0A0A-Y,Fluxys Belgium,ITP-00542,VIP Belgium - NCG,21Z000000000497Z,exit,kWh/h,,,11262943,2022-03-20T02:03:09+01:00,,Confirmed,,,,,True,,,True,PRISMA,,https://platform.prisma-capacity.eu/,,Cross-Border Transmission IP within EU,0,False
1Physical Flowhour2022-02-23 18:00:00 +00:002022-02-23 19:00:00 +00:00BE-TSO-0001ITP-00542exitkWh/h,1,Physical Flow,hour,2022-02-23T19:00:00+01:00,2022-02-23T20:00:00+01:00,BE-TSO-0001,21X-BE-A-A0A0A-Y,Fluxys Belgium,ITP-00542,VIP Belgium - NCG,21Z000000000497Z,exit,kWh/h,,,10772405,2022-03-20T02:03:09+01:00,,Confirmed,,,,,True,,,True,PRISMA,,https://platform.prisma-capacity.eu/,,Cross-Border Transmission IP within EU,0,False
1Physical Flowhour2022-02-23 19:00:00 +00:002022-02-23 20:00:00 +00:00BE-TSO-0001ITP-00542exitkWh/h,1,Physical Flow,hour,2022-02-23T20:00:00+01:00,2022-02-23T21:00:00+01:00,BE-TSO-0001,21X-BE-A-A0A0A-Y,Fluxys Belgium,ITP-00542,VIP Belgium - NCG,21Z000000000497Z,exit,kWh/h,,,10955452,2022-03-20T02:03:09+01:00,,Confirmed,,,,,True,,,True,PRISMA,,https://platform.prisma-capacity.eu/,,Cross-Border Transmission IP within EU,0,False
1Physical Flowhour2022-02-23 20:00:00 +00:002022-02-23 21:00:00 +00:00BE-TSO-0001ITP-00542exitkWh/h,1,Physical Flow,hour,2022-02-23T21:00:00+01:00,2022-02-23T22:00:00+01:00,BE-TSO-0001,21X-BE-A-A0A0A-Y,Fluxys Belgium,ITP-00542,VIP Belgium - NCG,21Z000000000497Z,exit,kWh/h,,,10854242,2022-03-20T02:03:09+01:00,,Confirmed,,,,,True,,,True,PRISMA,,https://platform.prisma-capacity.eu/,,Cross-Border Transmission IP within EU,0,False
1Physical Flowhour2022-02-23 21:00:00 +00:002022-02-23 22:00:00 +00:00BE-TSO-0001ITP-00542exitkWh/h,1,Physical Flow,hour,2022-02-23T22:00:00+01:00,2022-02-23T23:00:00+01:00,BE-TSO-0001,21X-BE-A-A0A0A-Y,Fluxys Belgium,ITP-00542,VIP Belgium - NCG,21Z000000000497Z,exit,kWh/h,,,12162569,2022-03-20T02:03:09+01:00,,Confirmed,,,,,True,,,True,PRISMA,,https://platform.prisma-capacity.eu/,,Cross-Border Transmission IP within EU,0,False
1Physical Flowhour2022-02-23 22:00:00 +00:002022-02-23 23:00:00 +00:00BE-TSO-0001ITP-00542exitkWh/h,1,Physical Flow,hour,2022-02-23T23:00:00+01:00,2022-02-24T00:00:00+01:00,BE-TSO-0001,21X-BE-A-A0A0A-Y,Fluxys Belgium,ITP-00542,VIP Belgium - NCG,21Z000000000497Z,exit,kWh/h,,,12155736,2022-03-20T02:03:09+01:00,,Confirmed,,,,,True,,,True,PRISMA,,https://platform.prisma-capacity.eu/,,Cross-Border Transmission IP within EU,0,False
1Physical Flowhour2022-02-23 23:00:00 +00:002022-02-24 00:00:00 +00:00BE-TSO-0001ITP-00542exitkWh/h,1,Physical Flow,hour,2022-02-24T00:00:00+01:00,2022-02-24T01:00:00+01:00,BE-TSO-0001,21X-BE-A-A0A0A-Y,Fluxys Belgium,ITP-00542,VIP Belgium - NCG,21Z000000000497Z,exit,kWh/h,,,12156416,2022-03-20T02:03:09+01:00,,Confirmed,,,,,True,,,True,PRISMA,,https://platform.prisma-capacity.eu/,,Cross-Border Transmission IP within EU,0,False
1Physical Flowhour2022-02-24 00:00:00 +00:002022-02-24 01:00:00 +00:00BE-TSO-0001ITP-00542exitkWh/h,1,Physical Flow,hour,2022-02-24T01:00:00+01:00,2022-02-24T02:00:00+01:00,BE-TSO-0001,21X-BE-A-A0A0A-Y,Fluxys Belgium,ITP-00542,VIP Belgium - NCG,21Z000000000497Z,exit,kWh/h,,,12125920,2022-03-20T02:03:09+01:00,,Confirmed,,,,,True,,,True,PRISMA,,https://platform.prisma-capacity.eu/,,Cross-Border Transmission IP within EU,0,False
1Physical Flowhour2022-02-24 01:00:00 +00:002022-02-24 02:00:00 +00:00BE-TSO-0001ITP-00542exitkWh/h,1,Physical Flow,hour,2022-02-24T02:00:00+01:00,2022-02-24T03:00:00+01:00,BE-TSO-0001,21X-BE-A-A0A0A-Y,Fluxys Belgium,ITP-00542,VIP Belgium - NCG,21Z000000000497Z,exit,kWh/h,,,12156375,2022-03-20T02:03:09+01:00,,Confirmed,,,,,True,,,True,PRISMA,,https://platform.prisma-capacity.eu/,,Cross-Border Transmission IP within EU,0,False
1Physical Flowhour2022-02-24 02:00:00 +00:002022-02-24 03:00:00 +00:00BE-TSO-0001ITP-00542exitkWh/h,1,Physical Flow,hour,2022-02-24T03:00:00+01:00,2022-02-24T04:00:00+01:00,BE-TSO-0001,21X-BE-A-A0A0A-Y,Fluxys Belgium,ITP-00542,VIP Belgium - NCG,21Z000000000497Z,exit,kWh/h,,,12155280,2022-03-20T02:03:09+01:00,,Confirmed,,,,,True,,,True,PRISMA,,https://platform.prisma-capacity.eu/,,Cross-Border Transmission IP within EU,0,False
1Physical Flowhour2022-02-24 03:00:00 +00:002022-02-24 04:00:00 +00:00BE-TSO-0001ITP-00542exitkWh/h,1,Physical Flow,hour,2022-02-24T04:00:00+01:00,2022-02-24T05:00:00+01:00,BE-TSO-0001,21X-BE-A-A0A0A-Y,Fluxys Belgium,ITP-00542,VIP Belgium - NCG,21Z000000000497Z,exit,kWh/h,,,12243289,2022-03-20T02:03:09+01:00,,Confirmed,,,,,True,,,True,PRISMA,,https://platform.prisma-capacity.eu/,,Cross-Border Transmission IP within EU,0,False
1Physical Flowhour2022-02-24 04:00:00 +00:002022-02-24 05:00:00 +00:00BE-TSO-0001ITP-00542exitkWh/h,1,Physical Flow,hour,2022-02-24T05:00:00+01:00,2022-02-24T06:00:00+01:00,BE-TSO-0001,21X-BE-A-A0A0A-Y,Fluxys Belgium,ITP-00542,VIP Belgium - NCG,21Z000000000497Z,exit,kWh/h,,,11420393,2022-03-20T02:03:09+01:00,,Confirmed,,,,,True,,,True,PRISMA,,https://platform.prisma-capacity.eu/,,Cross-Border Transmission IP within EU,0,False
1Physical Flowhour2022-02-24 05:00:00 +00:002022-02-24 06:00:00 +00:00BE-TSO-0001ITP-00542exitkWh/h,1,Physical Flow,hour,2022-02-24T06:00:00+01:00,2022-02-24T07:00:00+01:00,BE-TSO-0001,21X-BE-A-A0A0A-Y,Fluxys Belgium,ITP-00542,VIP Belgium - NCG,21Z000000000497Z,exit,kWh/h,,,11665619,2022-03-20T02:03:09+01:00,,Confirmed,,,,,True,,,True,PRISMA,,https://platform.prisma-capacity.eu/,,Cross-Border Transmission IP within EU,0,False
1Physical Flowhour2022-02-24 06:00:00 +00:002022-02-24 07:00:00 +00:00BE-TSO-0001ITP-00542exitkWh/h,1,Physical Flow,hour,2022-02-24T07:00:00+01:00,2022-02-24T08:00:00+01:00,BE-TSO-0001,21X-BE-A-A0A0A-Y,Fluxys Belgium,ITP-00542,VIP Belgium - NCG,21Z000000000497Z,exit,kWh/h,,,11662607,2022-03-20T02:03:09+01:00,,Confirmed,,,,,True,,,True,PRISMA,,https://platform.prisma-capacity.eu/,,Cross-Border Transmission IP within EU,0,False
1Physical Flowhour2022-02-24 07:00:00 +00:002022-02-24 08:00:00 +00:00BE-TSO-0001ITP-00542exitkWh/h,1,Physical Flow,hour,2022-02-24T08:00:00+01:00,2022-02-24T09:00:00+01:00,BE-TSO-0001,21X-BE-A-A0A0A-Y,Fluxys Belgium,ITP-00542,VIP Belgium - NCG,21Z000000000497Z,exit,kWh/h,,,11662865,2022-03-20T02:03:09+01:00,,Confirmed,,,,,True,,,True,PRISMA,,https://platform.prisma-capacity.eu/,,Cross-Border Transmission IP within EU,0,False
1Physical Flowhour2022-02-24 08:00:00 +00:002022-02-24 09:00:00 +00:00BE-TSO-0001ITP-00542exitkWh/h,1,Physical Flow,hour,2022-02-24T09:00:00+01:00,2022-02-24T10:00:00+01:00,BE-TSO-0001,21X-BE-A-A0A0A-Y,Fluxys Belgium,ITP-00542,VIP Belgium - NCG,21Z000000000497Z,exit,kWh/h,,,11565315,2022-03-20T02:03:09+01:00,,Confirmed,,,,,True,,,True,PRISMA,,https://platform.prisma-capacity.eu/,,Cross-Border Transmission IP within EU,0,False
1Physical Flowhour2022-02-24 09:00:00 +00:002022-02-24 10:00:00 +00:00BE-TSO-0001ITP-00542exitkWh/h,1,Physical Flow,hour,2022-02-24T10:00:00+01:00,2022-02-24T11:00:00+01:00,BE-TSO-0001,21X-BE-A-A0A0A-Y,Fluxys Belgium,ITP-00542,VIP Belgium - NCG,21Z000000000497Z,exit,kWh/h,,,11364577,2022-03-20T02:03:09+01:00,,Confirmed,,,,,True,,,True,PRISMA,,https://platform.prisma-capacity.eu/,,Cross-Border Transmission IP within EU,0,False
1Physical Flowhour2022-02-24 10:00:00 +00:002022-02-24 11:00:00 +00:00BE-TSO-0001ITP-00542exitkWh/h,1,Physical Flow,hour,2022-02-24T11:00:00+01:00,2022-02-24T12:00:00+01:00,BE-TSO-0001,21X-BE-A-A0A0A-Y,Fluxys Belgium,ITP-00542,VIP Belgium - NCG,21Z000000000497Z,exit,kWh/h,,,11582894,2022-03-20T02:03:09+01:00,,Confirmed,,,,,True,,,True,PRISMA,,https://platform.prisma-capacity.eu/,,Cross-Border Transmission IP within EU,0,False
1Physical Flowhour2022-02-24 11:00:00 +00:002022-02-24 12:00:00 +00:00BE-TSO-0001ITP-00542exitkWh/h,1,Physical Flow,hour,2022-02-24T12:00:00+01:00,2022-02-24T13:00:00+01:00,BE-TSO-0001,21X-BE-A-A0A0A-Y,Fluxys Belgium,ITP-00542,VIP Belgium - NCG,21Z000000000497Z,exit,kWh/h,,,11690896,2022-03-20T02:03:09+01:00,,Confirmed,,,,,True,,,True,PRISMA,,https://platform.prisma-capacity.eu/,,Cross-Border Transmission IP within EU,0,False
1Physical Flowhour2022-02-24 12:00:00 +00:002022-02-24 13:00:00 +00:00BE-TSO-0001ITP-00542exitkWh/h,1,Physical Flow,hour,2022-02-24T13:00:00+01:00,2022-02-24T14:00:00+01:00,BE-TSO-0001,21X-BE-A-A0A0A-Y,Fluxys Belgium,ITP-00542,VIP Belgium - NCG,21Z000000000497Z,exit,kWh/h,,,11690054,2022-03-20T02:03:09+01:00,,Confirmed,,,,,True,,,True,PRISMA,,https://platform.prisma-capacity.eu/,,Cross-Border Transmission IP within EU,0,False
1Physical Flowhour2022-02-24 13:00:00 +00:002022-02-24 14:00:00 +00:00BE-TSO-0001ITP-00542exitkWh/h,1,Physical Flow,hour,2022-02-24T14:00:00+01:00,2022-02-24T15:00:00+01:00,BE-TSO-0001,21X-BE-A-A0A0A-Y,Fluxys Belgium,ITP-00542,VIP Belgium - NCG,21Z000000000497Z,exit,kWh/h,,,11786052,2022-03-20T02:03:09+01:00,,Confirmed,,,,,True,,,True,PRISMA,,https://platform.prisma-capacity.eu/,,Cross-Border Transmission IP within EU,0,False
1Physical Flowhour2022-02-24 14:00:00 +00:002022-02-24 15:00:00 +00:00BE-TSO-0001ITP-00542exitkWh/h,1,Physical Flow,hour,2022-02-24T15:00:00+01:00,2022-02-24T16:00:00+01:00,BE-TSO-0001,21X-BE-A-A0A0A-Y,Fluxys Belgium,ITP-00542,VIP Belgium - NCG,21Z000000000497Z,exit,kWh/h,,,11786809,2022-03-20T02:03:09+01:00,,Confirmed,,,,,True,,,True,PRISMA,,https://platform.prisma-capacity.eu/,,Cross-Border Transmission IP within EU,0,False
1Physical Flowhour2022-02-24 15:00:00 +00:002022-02-24 16:00:00 +00:00BE-TSO-0001ITP-00542exitkWh/h,1,Physical Flow,hour,2022-02-24T16:00:00+01:00,2022-02-24T17:00:00+01:00,BE-TSO-0001,21X-BE-A-A0A0A-Y,Fluxys Belgium,ITP-00542,VIP Belgium - NCG,21Z000000000497Z,exit,kWh/h,,,11891954,2022-03-20T02:03:09+01:00,,Confirmed,,,,,True,,,True,PRISMA,,https://platform.prisma-capacity.eu/,,Cross-Border Transmission IP within EU,0,False
1Physical Flowhour2022-02-24 16:00:00 +00:002022-02-24 17:00:00 +00:00BE-TSO-0001ITP-00542exitkWh/h,1,Physical Flow,hour,2022-02-24T17:00:00+01:00,2022-02-24T18:00:00+01:00,BE-TSO-0001,21X-BE-A-A0A0A-Y,Fluxys Belgium,ITP-00542,VIP Belgium - NCG,21Z000000000497Z,exit,kWh/h,,,12031601,2022-03-20T02:03:09+01:00,,Confirmed,,,,,True,,,True,PRISMA,,https://platform.prisma-capacity.eu/,,Cross-Border Transmission IP within EU,0,False
1Physical Flowhour2022-02-24 17:00:00 +00:002022-02-24 18:00:00 +00:00BE-TSO-0001ITP-00542exitkWh/h,1,Physical Flow,hour,2022-02-24T18:00:00+01:00,2022-02-24T19:00:00+01:00,BE-TSO-0001,21X-BE-A-A0A0A-Y,Fluxys Belgium,ITP-00542,VIP Belgium - NCG,21Z000000000497Z,exit,kWh/h,,,12175837,2022-03-20T02:03:09+01:00,,Confirmed,,,,,True,,,True,PRISMA,,https://platform.prisma-capacity.eu/,,Cross-Border Transmission IP within EU,0,False
1Physical Flowhour2022-02-24 18:00:00 +00:002022-02-24 19:00:00 +00:00BE-TSO-0001ITP-00542exitkWh/h,1,Physical Flow,hour,2022-02-24T19:00:00+01:00,2022-02-24T20:00:00+01:00,BE-TSO-0001,21X-BE-A-A0A0A-Y,Fluxys Belgium,ITP-00542,VIP Belgium - NCG,21Z000000000497Z,exit,kWh/h,,,11931122,2022-03-20T02:03:09+01:00,,Confirmed,,,,,True,,,True,PRISMA,,https://platform.prisma-capacity.eu/,,Cross-Border Transmission IP within EU,0,False
1Physical Flowhour2022-02-24 19:00:00 +00:002022-02-24 20:00:00 +00:00BE-TSO-0001ITP-00542exitkWh/h,1,Physical Flow,hour,2022-02-24T20:00:00+01:00,2022-02-24T21:00:00+01:00,BE-TSO-0001,21X-BE-A-A0A0A-Y,Fluxys Belgium,ITP-00542,VIP Belgium - NCG,21Z000000000497Z,exit,kWh/h,,,12356369,2022-03-20T02:03:09+01:00,,Confirmed,,,,,True,,,True,PRISMA,,https://platform.prisma-capacity.eu/,,Cross-Border Transmission IP within EU,0,False
1Physical Flowhour2022-02-24 20:00:00 +00:002022-02-24 21:00:00 +00:00BE-TSO-0001ITP-00542exitkWh/h,1,Physical Flow,hour,2022-02-24T21:00:00+01:00,2022-02-24T22:00:00+01:00,BE-TSO-0001,21X-BE-A-A0A0A-Y,Fluxys Belgium,ITP-00542,VIP Belgium - NCG,21Z000000000497Z,exit,kWh/h,,,12089074,2022-03-20T02:03:09+01:00,,Confirmed,,,,,True,,,True,PRISMA,,https://platform.prisma-capacity.eu/,,Cross-Border Transmission IP within EU,0,False
1Physical Flowhour2022-02-24 21:00:00 +00:002022-02-24 22:00:00 +00:00BE-TSO-0001ITP-00542exitkWh/h,1,Physical Flow,hour,2022-02-24T22:00:00+01:00,2022-02-24T23:00:00+01:00,BE-TSO-0001,21X-BE-A-A0A0A-Y,Fluxys Belgium,ITP-00542,VIP Belgium - NCG,21Z000000000497Z,exit,kWh/h,,,12503128,2022-03-20T02:03:09+01:00,,Confirmed,,,,,True,,,True,PRISMA,,https://platform.prisma-capacity.eu/,,Cross-Border Transmission IP within EU,0,False
1Physical Flowhour2022-02-24 22:00:00 +00:002022-02-24 23:00:00 +00:00BE-TSO-0001ITP-00542exitkWh/h,1,Physical Flow,hour,2022-02-24T23:00:00+01:00,2022-02-25T00:00:00+01:00,BE-TSO-0001,21X-BE-A-A0A0A-Y,Fluxys Belgium,ITP-00542,VIP Belgium - NCG,21Z000000000497Z,exit,kWh/h,,,12903907,2022-03-20T02:03:09+01:00,,Confirmed,,,,,True,,,True,PRISMA,,https://platform.prisma-capacity.eu/,,Cross-Border Transmission IP within EU,0,False
1Physical Flowhour2022-02-24 23:00:00 +00:002022-02-25 00:00:00 +00:00BE-TSO-0001ITP-00542exitkWh/h,1,Physical Flow,hour,2022-02-25T00:00:00+01:00,2022-02-25T01:00:00+01:00,BE-TSO-0001,21X-BE-A-A0A0A-Y,Fluxys Belgium,ITP-00542,VIP Belgium - NCG,21Z000000000497Z,exit,kWh/h,,,13016554,2022-03-20T02:03:09+01:00,,Confirmed,,,,,True,,,True,PRISMA,,https://platform.prisma-capacity.eu/,,Cross-Border Transmission IP within EU,0,False
1Physical Flowhour2022-02-25 00:00:00 +00:002022-02-25 01:00:00 +00:00BE-TSO-0001ITP-00542exitkWh/h,1,Physical Flow,hour,2022-02-25T01:00:00+01:00,2022-02-25T02:00:00+01:00,BE-TSO-0001,21X-BE-A-A0A0A-Y,Fluxys Belgium,ITP-00542,VIP Belgium - NCG,21Z000000000497Z,exit,kWh/h,,,12882015,2022-03-20T02:03:09+01:00,,Confirmed,,,,,True,,,True,PRISMA,,https://platform.prisma-capacity.eu/,,Cross-Border Transmission IP within EU,0,False
1Physical Flowhour2022-02-25 01:00:00 +00:002022-02-25 02:00:00 +00:00BE-TSO-0001ITP-00542exitkWh/h,1,Physical Flow,hour,2022-02-25T02:00:00+01:00,2022-02-25T03:00:00+01:00,BE-TSO-0001,21X-BE-A-A0A0A-Y,Fluxys Belgium,ITP-00542,VIP Belgium - NCG,21Z000000000497Z,exit,kWh/h,,,12834339,2022-03-20T02:03:09+01:00,,Confirmed,,,,,True,,,True,PRISMA,,https://platform.prisma-capacity.eu/,,Cross-Border Transmission IP within EU,0,False
1Physical Flowhour2022-02-25 02:00:00 +00:002022-02-25 03:00:00 +00:00BE-TSO-0001ITP-00542exitkWh/h,1,Physical Flow,hour,2022-02-25T03:00:00+01:00,2022-02-25T04:00:00+01:00,BE-TSO-0001,21X-BE-A-A0A0A-Y,Fluxys Belgium,ITP-00542,VIP Belgium - NCG,21Z000000000497Z,exit,kWh/h,,,12639854,2022-03-20T02:03:09+01:00,,Confirmed,,,,,True,,,True,PRISMA,,https://platform.prisma-capacity.eu/,,Cross-Border Transmission IP within EU,0,False
1Physical Flowhour2022-02-25 03:00:00 +00:002022-02-25 04:00:00 +00:00BE-TSO-0001ITP-00542exitkWh/h,1,Physical Flow,hour,2022-02-25T04:00:00+01:00,2022-02-25T05:00:00+01:00,BE-TSO-0001,21X-BE-A-A0A0A-Y,Fluxys Belgium,ITP-00542,VIP Belgium - NCG,21Z000000000497Z,exit,kWh/h,,,12572833,2022-03-20T02:03:09+01:00,,Confirmed,,,,,True,,,True,PRISMA,,https://platform.prisma-capacity.eu/,,Cross-Border Transmission IP within EU,0,False
1Physical Flowhour2022-02-25 04:00:00 +00:002022-02-25 05:00:00 +00:00BE-TSO-0001ITP-00542exitkWh/h,1,Physical Flow,hour,2022-02-25T05:00:00+01:00,2022-02-25T06:00:00+01:00,BE-TSO-0001,21X-BE-A-A0A0A-Y,Fluxys Belgium,ITP-00542,VIP Belgium - NCG,21Z000000000497Z,exit,kWh/h,,,12396755,2022-03-20T02:03:09+01:00,,Confirmed,,,,,True,,,True,PRISMA,,https://platform.prisma-capacity.eu/,,Cross-Border Transmission IP within EU,0,False
1Physical Flowhour2022-02-25 05:00:00 +00:002022-02-25 06:00:00 +00:00BE-TSO-0001ITP-00542exitkWh/h,1,Physical Flow,hour,2022-02-25T06:00:00+01:00,2022-02-25T07:00:00+01:00,BE-TSO-0001,21X-BE-A-A0A0A-Y,Fluxys Belgium,ITP-00542,VIP Belgium - NCG,21Z000000000497Z,exit,kWh/h,,,9137238,2022-03-20T02:03:09+01:00,,Confirmed,,,,,True,,,True,PRISMA,,https://platform.prisma-capacity.eu/,,Cross-Border Transmission IP within EU,0,False
1Physical Flowhour2022-02-25 06:00:00 +00:002022-02-25 07:00:00 +00:00BE-TSO-0001ITP-00542exitkWh/h,1,Physical Flow,hour,2022-02-25T07:00:00+01:00,2022-02-25T08:00:00+01:00,BE-TSO-0001,21X-BE-A-A0A0A-Y,Fluxys Belgium,ITP-00542,VIP Belgium - NCG,21Z000000000497Z,exit,kWh/h,,,7883771,2022-03-20T02:03:09+01:00,,Confirmed,,,,,True,,,True,PRISMA,,https://platform.prisma-capacity.eu/,,Cross-Border Transmission IP within EU,0,False
1Physical Flowhour2022-02-25 07:00:00 +00:002022-02-25 08:00:00 +00:00BE-TSO-0001ITP-00542exitkWh/h,1,Physical Flow,hour,2022-02-25T08:00:00+01:00,2022-02-25T09:00:00+01:00,BE-TSO-0001,21X-BE-A-A0A0A-Y,Fluxys Belgium,ITP-00542,VIP Belgium - NCG,21Z000000000497Z,exit,kWh/h,,,8074653,2022-03-20T02:03:09+01:00,,Confirmed,,,,,True,,,True,PRISMA,,https://platform.prisma-capacity.eu/,,Cross-Border Transmission IP within EU,0,False
1Physical Flowhour2022-02-25 08:00:00 +00:002022-02-25 09:00:00 +00:00BE-TSO-0001ITP-00542exitkWh/h,1,Physical Flow,hour,2022-02-25T09:00:00+01:00,2022-02-25T10:00:00+01:00,BE-TSO-0001,21X-BE-A-A0A0A-Y,Fluxys Belgium,ITP-00542,VIP Belgium - NCG,21Z000000000497Z,exit,kWh/h,,,8060998,2022-03-20T02:03:09+01:00,,Confirmed,,,,,True,,,True,PRISMA,,https://platform.prisma-capacity.eu/,,Cross-Border Transmission IP within EU,0,False
1Physical Flowhour2022-02-25 09:00:00 +00:002022-02-25 10:00:00 +00:00BE-TSO-0001ITP-00542exitkWh/h,1,Physical Flow,hour,2022-02-25T10:00:00+01:00,2022-02-25T11:00:00+01:00,BE-TSO-0001,21X-BE-A-A0A0A-Y,Fluxys Belgium,ITP-00542,VIP Belgium - NCG,21Z000000000497Z,exit,kWh/h,,,8008637,2022-03-20T02:03:09+01:00,,Confirmed,,,,,True,,,True,PRISMA,,https://platform.prisma-capacity.eu/,,Cross-Border Transmission IP within EU,0,False
1Physical Flowhour2022-02-25 10:00:00 +00:002022-02-25 11:00:00 +00:00BE-TSO-0001ITP-00542exitkWh/h,1,Physical Flow,hour,2022-02-25T11:00:00+01:00,2022-02-25T12:00:00+01:00,BE-TSO-0001,21X-BE-A-A0A0A-Y,Fluxys Belgium,ITP-00542,VIP Belgium - NCG,21Z000000000497Z,exit,kWh/h,,,7806510,2022-03-20T02:03:09+01:00,,Confirmed,,,,,True,,,True,PRISMA,,https://platform.prisma-capacity.eu/,,Cross-Border Transmission IP within EU,0,False
1Physical Flowhour2022-02-25 11:00:00 +00:002022-02-25 12:00:00 +00:00BE-TSO-0001ITP-00542exitkWh/h,1,Physical Flow,hour,2022-02-25T12:00:00+01:00,2022-02-25T13:00:00+01:00,BE-TSO-0001,21X-BE-A-A0A0A-Y,Fluxys Belgium,ITP-00542,VIP Belgium - NCG,21Z000000000497Z,exit,kWh/h,,,7847066,2022-03-20T02:03:09+01:00,,Confirmed,,,,,True,,,True,PRISMA,,https://platform.prisma-capacity.eu/,,Cross-Border Transmission IP within EU,0,False
1Physical Flowhour2022-02-25 12:00:00 +00:002022-02-25 13:00:00 +00:00BE-TSO-0001ITP-00542exitkWh/h,1,Physical Flow,hour,2022-02-25T13:00:00+01:00,2022-02-25T14:00:00+01:00,BE-TSO-0001,21X-BE-A-A0A0A-Y,Fluxys Belgium,ITP-00542,VIP Belgium - NCG,21Z000000000497Z,exit,kWh/h,,,7852653,2022-03-20T02:03:09+01:00,,Confirmed,,,,,True,,,True,PRISMA,,https://platform.prisma-capacity.eu/,,Cross-Border Transmission IP within EU,0,False
1Physical Flowhour2022-02-25 13:00:00 +00:002022-02-25 14:00:00 +00:00BE-TSO-0001ITP-00542exitkWh/h,1,Physical Flow,hour,2022-02-25T14:00:00+01:00,2022-02-25T15:00:00+01:00,BE-TSO-0001,21X-BE-A-A0A0A-Y,Fluxys Belgium,ITP-00542,VIP Belgium - NCG,21Z000000000497Z,exit,kWh/h,,,8540573,2022-03-20T02:03:09+01:00,,Confirmed,,,,,True,,,True,PRISMA,,https://platform.prisma-capacity.eu/,,Cross-Border Transmission IP within EU,0,False
1Physical Flowhour2022-02-25 14:00:00 +00:002022-02-25 15:00:00 +00:00BE-TSO-0001ITP-00542exitkWh/h,1,Physical Flow,hour,2022-02-25T15:00:00+01:00,2022-02-25T16:00:00+01:00,BE-TSO-0001,21X-BE-A-A0A0A-Y,Fluxys Belgium,ITP-00542,VIP Belgium - NCG,21Z000000000497Z,exit,kWh/h,,,8616089,2022-03-20T02:03:09+01:00,,Confirmed,,,,,True,,,True,PRISMA,,https://platform.prisma-capacity.eu/,,Cross-Border Transmission IP within EU,0,False
1Physical Flowhour2022-02-25 15:00:00 +00:002022-02-25 16:00:00 +00:00BE-TSO-0001ITP-00542exitkWh/h,1,Physical Flow,hour,2022-02-25T16:00:00+01:00,2022-02-25T17:00:00+01:00,BE-TSO-0001,21X-BE-A-A0A0A-Y,Fluxys Belgium,ITP-00542,VIP Belgium - NCG,21Z000000000497Z,exit,kWh/h,,,8677765,2022-03-20T02:03:09+01:00,,Confirmed,,,,,True,,,True,PRISMA,,https://platform.prisma-capacity.eu/,,Cross-Border Transmission IP within EU,0,False
1Physical Flowhour2022-02-25 16:00:00 +00:002022-02-25 17:00:00 +00:00BE-TSO-0001ITP-00542exitkWh/h,1,Physical Flow,hour,2022-02-25T17:00:00+01:00,2022-02-25T18:00:00+01:00,BE-TSO-0001,21X-BE-A-A0A0A-Y,Fluxys Belgium,ITP-00542,VIP Belgium - NCG,21Z000000000497Z,exit,kWh/h,,,8775008,2022-03-20T02:03:09+01:00,,Confirmed,,,,,True,,,True,PRISMA,,https://platform.prisma-capacity.eu/,,Cross-Border Transmission IP within EU,0,False
1Physical Flowhour2022-02-25 17:00:00 +00:002022-02-25 18:00:00 +00:00BE-TSO-0001ITP-00542exitkWh/h,1,Physical Flow,hour,2022-02-25T18:00:00+01:00,2022-02-25T19:00:00+01:00,BE-TSO-0001,21X-BE-A-A0A0A-Y,Fluxys Belgium,ITP-00542,VIP Belgium - NCG,21Z000000000497Z,exit,kWh/h,,,8762953,2022-03-20T02:03:09+01:00,,Confirmed,,,,,True,,,True,PRISMA,,https://platform.prisma-capacity.eu/,,Cross-Border Transmission IP within EU,0,False
1Physical Flowhour2022-02-25 18:00:00 +00:002022-02-25 19:00:00 +00:00BE-TSO-0001ITP-00542exitkWh/h,1,Physical Flow,hour,2022-02-25T19:00:00+01:00,2022-02-25T20:00:00+01:00,BE-TSO-0001,21X-BE-A-A0A0A-Y,Fluxys Belgium,ITP-00542,VIP Belgium - NCG,21Z000000000497Z,exit,kWh/h,,,8651091,2022-03-20T02:03:09+01:00,,Confirmed,,,,,True,,,True,PRISMA,,https://platform.prisma-capacity.eu/,,Cross-Border Transmission IP within EU,0,False
1Physical Flowhour2022-02-25 19:00:00 +00:002022-02-25 20:00:00 +00:00BE-TSO-0001ITP-00542exitkWh/h,1,Physical Flow,hour,2022-02-25T20:00:00+01:00,2022-02-25T21:00:00+01:00,BE-TSO-0001,21X-BE-A-A0A0A-Y,Fluxys Belgium,ITP-00542,VIP Belgium - NCG,21Z000000000497Z,exit,kWh/h,,,8818040,2022-03-20T02:03:09+01:00,,Confirmed,,,,,True,,,True,PRISMA,,https://platform.prisma-capacity.eu/,,Cross-Border Transmission IP within EU,0,False
1Physical Flowhour2022-02-25 20:00:00 +00:002022-02-25 21:00:00 +00:00BE-TSO-0001ITP-00542exitkWh/h,1,Physical Flow,hour,2022-02-25T21:00:00+01:00,2022-02-25T22:00:00+01:00,BE-TSO-0001,21X-BE-A-A0A0A-Y,Fluxys Belgium,ITP-00542,VIP Belgium - NCG,21Z000000000497Z,exit,kWh/h,,,8794570,2022-03-20T02:03:09+01:00,,Confirmed,,,,,True,,,True,PRISMA,,https://platform.prisma-capacity.eu/,,Cross-Border Transmission IP within EU,0,False
1Physical Flowhour2022-02-25 21:00:00 +00:002022-02-25 22:00:00 +00:00BE-TSO-0001ITP-00542exitkWh/h,1,Physical Flow,hour,2022-02-25T22:00:00+01:00,2022-02-25T23:00:00+01:00,BE-TSO-0001,21X-BE-A-A0A0A-Y,Fluxys Belgium,ITP-00542,VIP Belgium - NCG,21Z000000000497Z,exit,kWh/h,,,8623836,2022-03-20T02:03:09+01:00,,Confirmed,,,,,True,,,True,PRISMA,,https://platform.prisma-capacity.eu/,,Cross-Border Transmission IP within EU,0,False
1Physical Flowhour2022-02-25 22:00:00 +00:002022-02-25 23:00:00 +00:00BE-TSO-0001ITP-00542exitkWh/h,1,Physical Flow,hour,2022-02-25T23:00:00+01:00,2022-02-26T00:00:00+01:00,BE-TSO-0001,21X-BE-A-A0A0A-Y,Fluxys Belgium,ITP-00542,VIP Belgium - NCG,21Z000000000497Z,exit,kWh/h,,,9921819,2022-03-20T02:03:09+01:00,,Confirmed,,,,,True,,,True,PRISMA,,https://platform.prisma-capacity.eu/,,Cross-Border Transmission IP within EU,0,False
1Physical Flowhour2022-02-25 23:00:00 +00:002022-02-26 00:00:00 +00:00BE-TSO-0001ITP-00542exitkWh/h,1,Physical Flow,hour,2022-02-26T00:00:00+01:00,2022-02-26T01:00:00+01:00,BE-TSO-0001,21X-BE-A-A0A0A-Y,Fluxys Belgium,ITP-00542,VIP Belgium - NCG,21Z000000000497Z,exit,kWh/h,,,11690262,2022-03-20T02:03:09+01:00,,Confirmed,,,,,True,,,True,PRISMA,,https://platform.prisma-capacity.eu/,,Cross-Border Transmission IP within EU,0,False
1Physical Flowhour2022-02-26 00:00:00 +00:002022-02-26 01:00:00 +00:00BE-TSO-0001ITP-00542exitkWh/h,1,Physical Flow,hour,2022-02-26T01:00:00+01:00,2022-02-26T02:00:00+01:00,BE-TSO-0001,21X-BE-A-A0A0A-Y,Fluxys Belgium,ITP-00542,VIP Belgium - NCG,21Z000000000497Z,exit,kWh/h,,,12323957,2022-03-20T02:03:09+01:00,,Confirmed,,,,,True,,,True,PRISMA,,https://platform.prisma-capacity.eu/,,Cross-Border Transmission IP within EU,0,False
1Physical Flowhour2022-02-26 01:00:00 +00:002022-02-26 02:00:00 +00:00BE-TSO-0001ITP-00542exitkWh/h,1,Physical Flow,hour,2022-02-26T02:00:00+01:00,2022-02-26T03:00:00+01:00,BE-TSO-0001,21X-BE-A-A0A0A-Y,Fluxys Belgium,ITP-00542,VIP Belgium - NCG,21Z000000000497Z,exit,kWh/h,,,13335473,2022-03-20T02:03:09+01:00,,Confirmed,,,,,True,,,True,PRISMA,,https://platform.prisma-capacity.eu/,,Cross-Border Transmission IP within EU,0,False
1Physical Flowhour2022-02-26 02:00:00 +00:002022-02-26 03:00:00 +00:00BE-TSO-0001ITP-00542exitkWh/h,1,Physical Flow,hour,2022-02-26T03:00:00+01:00,2022-02-26T04:00:00+01:00,BE-TSO-0001,21X-BE-A-A0A0A-Y,Fluxys Belgium,ITP-00542,VIP Belgium - NCG,21Z000000000497Z,exit,kWh/h,,,13057521,2022-03-20T02:03:09+01:00,,Confirmed,,,,,True,,,True,PRISMA,,https://platform.prisma-capacity.eu/,,Cross-Border Transmission IP within EU,0,False
1Physical Flowhour2022-02-26 03:00:00 +00:002022-02-26 04:00:00 +00:00BE-TSO-0001ITP-00542exitkWh/h,1,Physical Flow,hour,2022-02-26T04:00:00+01:00,2022-02-26T05:00:00+01:00,BE-TSO-0001,21X-BE-A-A0A0A-Y,Fluxys Belgium,ITP-00542,VIP Belgium - NCG,21Z000000000497Z,exit,kWh/h,,,13716994,2022-03-20T02:03:09+01:00,,Confirmed,,,,,True,,,True,PRISMA,,https://platform.prisma-capacity.eu/,,Cross-Border Transmission IP within EU,0,False
1Physical Flowhour2022-02-26 04:00:00 +00:002022-02-26 05:00:00 +00:00BE-TSO-0001ITP-00542exitkWh/h,1,Physical Flow,hour,2022-02-26T05:00:00+01:00,2022-02-26T06:00:00+01:00,BE-TSO-0001,21X-BE-A-A0A0A-Y,Fluxys Belgium,ITP-00542,VIP Belgium - NCG,21Z000000000497Z,exit,kWh/h,,,13430515,2022-03-20T02:03:09+01:00,,Confirmed,,,,,True,,,True,PRISMA,,https://platform.prisma-capacity.eu/,,Cross-Border Transmission IP within EU,0,False
1Physical Flowhour2022-02-26 05:00:00 +00:002022-02-26 06:00:00 +00:00BE-TSO-0001ITP-00542exitkWh/h,1,Physical Flow,hour,2022-02-26T06:00:00+01:00,2022-02-26T07:00:00+01:00,BE-TSO-0001,21X-BE-A-A0A0A-Y,Fluxys Belgium,ITP-00542,VIP Belgium - NCG,21Z000000000497Z,exit,kWh/h,,,13586808,2022-03-20T02:03:09+01:00,,Confirmed,,,,,True,,,True,PRISMA,,https://platform.prisma-capacity.eu/,,Cross-Border Transmission IP within EU,0,False
1Physical Flowhour2022-02-26 06:00:00 +00:002022-02-26 07:00:00 +00:00BE-TSO-0001ITP-00542exitkWh/h,1,Physical Flow,hour,2022-02-26T07:00:00+01:00,2022-02-26T08:00:00+01:00,BE-TSO-0001,21X-BE-A-A0A0A-Y,Fluxys Belgium,ITP-00542,VIP Belgium - NCG,21Z000000000497Z,exit,kWh/h,,,11961189,2022-03-20T02:03:09+01:00,,Confirmed,,,,,True,,,True,PRISMA,,https://platform.prisma-capacity.eu/,,Cross-Border Transmission IP within EU,0,False
1Physical Flowhour2022-02-26 07:00:00 +00:002022-02-26 08:00:00 +00:00BE-TSO-0001ITP-00542exitkWh/h,1,Physical Flow,hour,2022-02-26T08:00:00+01:00,2022-02-26T09:00:00+01:00,BE-TSO-0001,21X-BE-A-A0A0A-Y,Fluxys Belgium,ITP-00542,VIP Belgium - NCG,21Z000000000497Z,exit,kWh/h,,,11962840,2022-03-20T02:03:09+01:00,,Confirmed,,,,,True,,,True,PRISMA,,https://platform.prisma-capacity.eu/,,Cross-Border Transmission IP within EU,0,False
1Physical Flowhour2022-02-26 08:00:00 +00:002022-02-26 09:00:00 +00:00BE-TSO-0001ITP-00542exitkWh/h,1,Physical Flow,hour,2022-02-26T09:00:00+01:00,2022-02-26T10:00:00+01:00,BE-TSO-0001,21X-BE-A-A0A0A-Y,Fluxys Belgium,ITP-00542,VIP Belgium - NCG,21Z000000000497Z,exit,kWh/h,,,11979482,2022-03-20T02:03:09+01:00,,Confirmed,,,,,True,,,True,PRISMA,,https://platform.prisma-capacity.eu/,,Cross-Border Transmission IP within EU,0,False
1Physical Flowhour2022-02-26 09:00:00 +00:002022-02-26 10:00:00 +00:00BE-TSO-0001ITP-00542exitkWh/h,1,Physical Flow,hour,2022-02-26T10:00:00+01:00,2022-02-26T11:00:00+01:00,BE-TSO-0001,21X-BE-A-A0A0A-Y,Fluxys Belgium,ITP-00542,VIP Belgium - NCG,21Z000000000497Z,exit,kWh/h,,,11980562,2022-03-20T02:03:09+01:00,,Confirmed,,,,,True,,,True,PRISMA,,https://platform.prisma-capacity.eu/,,Cross-Border Transmission IP within EU,0,False
1Physical Flowhour2022-02-26 10:00:00 +00:002022-02-26 11:00:00 +00:00BE-TSO-0001ITP-00542exitkWh/h,1,Physical Flow,hour,2022-02-26T11:00:00+01:00,2022-02-26T12:00:00+01:00,BE-TSO-0001,21X-BE-A-A0A0A-Y,Fluxys Belgium,ITP-00542,VIP Belgium - NCG,21Z000000000497Z,exit,kWh/h,,,12173113,2022-03-20T02:03:09+01:00,,Confirmed,,,,,True,,,True,PRISMA,,https://platform.prisma-capacity.eu/,,Cross-Border Transmission IP within EU,0,False
1Physical Flowhour2022-02-26 11:00:00 +00:002022-02-26 12:00:00 +00:00BE-TSO-0001ITP-00542exitkWh/h,1,Physical Flow,hour,2022-02-26T12:00:00+01:00,2022-02-26T13:00:00+01:00,BE-TSO-0001,21X-BE-A-A0A0A-Y,Fluxys Belgium,ITP-00542,VIP Belgium - NCG,21Z000000000497Z,exit,kWh/h,,,11966945,2022-03-20T02:03:09+01:00,,Confirmed,,,,,True,,,True,PRISMA,,https://platform.prisma-capacity.eu/,,Cross-Border Transmission IP within EU,0,False
1Physical Flowhour2022-02-26 12:00:00 +00:002022-02-26 13:00:00 +00:00BE-TSO-0001ITP-00542exitkWh/h,1,Physical Flow,hour,2022-02-26T13:00:00+01:00,2022-02-26T14:00:00+01:00,BE-TSO-0001,21X-BE-A-A0A0A-Y,Fluxys Belgium,ITP-00542,VIP Belgium - NCG,21Z000000000497Z,exit,kWh/h,,,11867326,2022-03-20T02:03:09+01:00,,Confirmed,,,,,True,,,True,PRISMA,,https://platform.prisma-capacity.eu/,,Cross-Border Transmission IP within EU,0,False
1Physical Flowhour2022-02-26 13:00:00 +00:002022-02-26 14:00:00 +00:00BE-TSO-0001ITP-00542exitkWh/h,1,Physical Flow,hour,2022-02-26T14:00:00+01:00,2022-02-26T15:00:00+01:00,BE-TSO-0001,21X-BE-A-A0A0A-Y,Fluxys Belgium,ITP-00542,VIP Belgium - NCG,21Z000000000497Z,exit,kWh/h,,,11819091,2022-03-20T02:03:09+01:00,,Confirmed,,,,,True,,,True,PRISMA,,https://platform.prisma-capacity.eu/,,Cross-Border Transmission IP within EU,0,False
1Physical Flowhour2022-02-26 14:00:00 +00:002022-02-26 15:00:00 +00:00BE-TSO-0001ITP-00542exitkWh/h,1,Physical Flow,hour,2022-02-26T15:00:00+01:00,2022-02-26T16:00:00+01:00,BE-TSO-0001,21X-BE-A-A0A0A-Y,Fluxys Belgium,ITP-00542,VIP Belgium - NCG,21Z000000000497Z,exit,kWh/h,,,11620626,2022-03-20T02:03:09+01:00,,Confirmed,,,,,True,,,True,PRISMA,,https://platform.prisma-capacity.eu/,,Cross-Border Transmission IP within EU,0,False
1Physical Flowhour2022-02-26 15:00:00 +00:002022-02-26 16:00:00 +00:00BE-TSO-0001ITP-00542exitkWh/h,1,Physical Flow,hour,2022-02-26T16:00:00+01:00,2022-02-26T17:00:00+01:00,BE-TSO-0001,21X-BE-A-A0A0A-Y,Fluxys Belgium,ITP-00542,VIP Belgium - NCG,21Z000000000497Z,exit,kWh/h,,,11623799,2022-03-20T02:03:09+01:00,,Confirmed,,,,,True,,,True,PRISMA,,https://platform.prisma-capacity.eu/,,Cross-Border Transmission IP within EU,0,False
1Physical Flowhour2022-02-26 16:00:00 +00:002022-02-26 17:00:00 +00:00BE-TSO-0001ITP-00542exitkWh/h,1,Physical Flow,hour,2022-02-26T17:00:00+01:00,2022-02-26T18:00:00+01:00,BE-TSO-0001,21X-BE-A-A0A0A-Y,Fluxys Belgium,ITP-00542,VIP Belgium - NCG,21Z000000000497Z,exit,kWh/h,,,11619549,2022-03-20T02:03:09+01:00,,Confirmed,,,,,True,,,True,PRISMA,,https://platform.prisma-capacity.eu/,,Cross-Border Transmission IP within EU,0,False
1Physical Flowhour2022-02-26 17:00:00 +00:002022-02-26 18:00:00 +00:00BE-TSO-0001ITP-00542exitkWh/h,1,Physical Flow,hour,2022-02-26T18:00:00+01:00,2022-02-26T19:00:00+01:00,BE-TSO-0001,21X-BE-A-A0A0A-Y,Fluxys Belgium,ITP-00542,VIP Belgium - NCG,21Z000000000497Z,exit,kWh/h,,,11623909,2022-03-20T02:03:09+01:00,,Confirmed,,,,,True,,,True,PRISMA,,https://platform.prisma-capacity.eu/,,Cross-Border Transmission IP within EU,0,False
1Physical Flowhour2022-02-26 18:00:00 +00:002022-02-26 19:00:00 +00:00BE-TSO-0001ITP-00542exitkWh/h,1,Physical Flow,hour,2022-02-26T19:00:00+01:00,2022-02-26T20:00:00+01:00,BE-TSO-0001,21X-BE-A-A0A0A-Y,Fluxys Belgium,ITP-00542,VIP Belgium - NCG,21Z000000000497Z,exit,kWh/h,,,12141345,2022-03-20T02:03:09+01:00,,Confirmed,,,,,True,,,True,PRISMA,,https://platform.prisma-capacity.eu/,,Cross-Border Transmission IP within EU,0,False
1Physical Flowhour2022-02-26 19:00:00 +00:002022-02-26 20:00:00 +00:00BE-TSO-0001ITP-00542exitkWh/h,1,Physical Flow,hour,2022-02-26T20:00:00+01:00,2022-02-26T21:00:00+01:00,BE-TSO-0001,21X-BE-A-A0A0A-Y,Fluxys Belgium,ITP-00542,VIP Belgium - NCG,21Z000000000497Z,exit,kWh/h,,,11771874,2022-03-20T02:03:09+01:00,,Confirmed,,,,,True,,,True,PRISMA,,https://platform.prisma-capacity.eu/,,Cross-Border Transmission IP within EU,0,False
1Physical Flowhour2022-02-26 20:00:00 +00:002022-02-26 21:00:00 +00:00BE-TSO-0001ITP-00542exitkWh/h,1,Physical Flow,hour,2022-02-26T21:00:00+01:00,2022-02-26T22:00:00+01:00,BE-TSO-0001,21X-BE-A-A0A0A-Y,Fluxys Belgium,ITP-00542,VIP Belgium - NCG,21Z000000000497Z,exit,kWh/h,,,12603757,2022-03-20T02:03:09+01:00,,Confirmed,,,,,True,,,True,PRISMA,,https://platform.prisma-capacity.eu/,,Cross-Border Transmission IP within EU,0,False
1Physical Flowhour2022-02-26 21:00:00 +00:002022-02-26 22:00:00 +00:00BE-TSO-0001ITP-00542exitkWh/h,1,Physical Flow,hour,2022-02-26T22:00:00+01:00,2022-02-26T23:00:00+01:00,BE-TSO-0001,21X-BE-A-A0A0A-Y,Fluxys Belgium,ITP-00542,VIP Belgium - NCG,21Z000000000497Z,exit,kWh/h,,,12442667,2022-03-20T02:03:09+01:00,,Confirmed,,,,,True,,,True,PRISMA,,https://platform.prisma-capacity.eu/,,Cross-Border Transmission IP within EU,0,False
1Physical Flowhour2022-02-26 22:00:00 +00:002022-02-26 23:00:00 +00:00BE-TSO-0001ITP-00542exitkWh/h,1,Physical Flow,hour,2022-02-26T23:00:00+01:00,2022-02-27T00:00:00+01:00,BE-TSO-0001,21X-BE-A-A0A0A-Y,Fluxys Belgium,ITP-00542,VIP Belgium - NCG,21Z000000000497Z,exit,kWh/h,,,11513709,2022-03-20T02:03:09+01:00,,Confirmed,,,,,True,,,True,PRISMA,,https://platform.prisma-capacity.eu/,,Cross-Border Transmission IP within EU,0,False
1Physical Flowhour2022-02-26 23:00:00 +00:002022-02-27 00:00:00 +00:00BE-TSO-0001ITP-00542exitkWh/h,1,Physical Flow,hour,2022-02-27T00:00:00+01:00,2022-02-27T01:00:00+01:00,BE-TSO-0001,21X-BE-A-A0A0A-Y,Fluxys Belgium,ITP-00542,VIP Belgium - NCG,21Z000000000497Z,exit,kWh/h,,,11925487,2022-03-20T02:03:09+01:00,,Confirmed,,,,,True,,,True,PRISMA,,https://platform.prisma-capacity.eu/,,Cross-Border Transmission IP within EU,0,False
1Physical Flowhour2022-02-27 00:00:00 +00:002022-02-27 01:00:00 +00:00BE-TSO-0001ITP-00542exitkWh/h,1,Physical Flow,hour,2022-02-27T01:00:00+01:00,2022-02-27T02:00:00+01:00,BE-TSO-0001,21X-BE-A-A0A0A-Y,Fluxys Belgium,ITP-00542,VIP Belgium - NCG,21Z000000000497Z,exit,kWh/h,,,10834530,2022-03-20T02:03:09+01:00,,Confirmed,,,,,True,,,True,PRISMA,,https://platform.prisma-capacity.eu/,,Cross-Border Transmission IP within EU,0,False
1Physical Flowhour2022-02-27 01:00:00 +00:002022-02-27 02:00:00 +00:00BE-TSO-0001ITP-00542exitkWh/h,1,Physical Flow,hour,2022-02-27T02:00:00+01:00,2022-02-27T03:00:00+01:00,BE-TSO-0001,21X-BE-A-A0A0A-Y,Fluxys Belgium,ITP-00542,VIP Belgium - NCG,21Z000000000497Z,exit,kWh/h,,,10327194,2022-03-20T02:03:09+01:00,,Confirmed,,,,,True,,,True,PRISMA,,https://platform.prisma-capacity.eu/,,Cross-Border Transmission IP within EU,0,False
1Physical Flowhour2022-02-27 02:00:00 +00:002022-02-27 03:00:00 +00:00BE-TSO-0001ITP-00542exitkWh/h,1,Physical Flow,hour,2022-02-27T03:00:00+01:00,2022-02-27T04:00:00+01:00,BE-TSO-0001,21X-BE-A-A0A0A-Y,Fluxys Belgium,ITP-00542,VIP Belgium - NCG,21Z000000000497Z,exit,kWh/h,,,10329860,2022-03-20T02:03:09+01:00,,Confirmed,,,,,True,,,True,PRISMA,,https://platform.prisma-capacity.eu/,,Cross-Border Transmission IP within EU,0,False
1Physical Flowhour2022-02-27 03:00:00 +00:002022-02-27 04:00:00 +00:00BE-TSO-0001ITP-00542exitkWh/h,1,Physical Flow,hour,2022-02-27T04:00:00+01:00,2022-02-27T05:00:00+01:00,BE-TSO-0001,21X-BE-A-A0A0A-Y,Fluxys Belgium,ITP-00542,VIP Belgium - NCG,21Z000000000497Z,exit,kWh/h,,,10325836,2022-03-20T02:03:09+01:00,,Confirmed,,,,,True,,,True,PRISMA,,https://platform.prisma-capacity.eu/,,Cross-Border Transmission IP within EU,0,False
1Physical Flowhour2022-02-27 04:00:00 +00:002022-02-27 05:00:00 +00:00BE-TSO-0001ITP-00542exitkWh/h,1,Physical Flow,hour,2022-02-27T05:00:00+01:00,2022-02-27T06:00:00+01:00,BE-TSO-0001,21X-BE-A-A0A0A-Y,Fluxys Belgium,ITP-00542,VIP Belgium - NCG,21Z000000000497Z,exit,kWh/h,,,10324737,2022-03-20T02:03:09+01:00,,Confirmed,,,,,True,,,True,PRISMA,,https://platform.prisma-capacity.eu/,,Cross-Border Transmission IP within EU,0,False
1Physical Flowhour2022-02-27 05:00:00 +00:002022-02-27 06:00:00 +00:00BE-TSO-0001ITP-00542exitkWh/h,1,Physical Flow,hour,2022-02-27T06:00:00+01:00,2022-02-27T07:00:00+01:00,BE-TSO-0001,21X-BE-A-A0A0A-Y,Fluxys Belgium,ITP-00542,VIP Belgium - NCG,21Z000000000497Z,exit,kWh/h,,,10384316,2022-03-20T02:03:09+01:00,,Confirmed,,,,,True,,,True,PRISMA,,https://platform.prisma-capacity.eu/,,Cross-Border Transmission IP within EU,0,False
1Physical Flowhour2022-02-27 06:00:00 +00:002022-02-27 07:00:00 +00:00BE-TSO-0001ITP-00542exitkWh/h,1,Physical Flow,hour,2022-02-27T07:00:00+01:00,2022-02-27T08:00:00+01:00,BE-TSO-0001,21X-BE-A-A0A0A-Y,Fluxys Belgium,ITP-00542,VIP Belgium - NCG,21Z000000000497Z,exit,kWh/h,,,10383237,2022-03-20T02:03:09+01:00,,Confirmed,,,,,True,,,True,PRISMA,,https://platform.prisma-capacity.eu/,,Cross-Border Transmission IP within EU,0,False
1Physical Flowhour2022-02-27 07:00:00 +00:002022-02-27 08:00:00 +00:00BE-TSO-0001ITP-00542exitkWh/h,1,Physical Flow,hour,2022-02-27T08:00:00+01:00,2022-02-27T09:00:00+01:00,BE-TSO-0001,21X-BE-A-A0A0A-Y,Fluxys Belgium,ITP-00542,VIP Belgium - NCG,21Z000000000497Z,exit,kWh/h,,,10380685,2022-03-20T02:03:09+01:00,,Confirmed,,,,,True,,,True,PRISMA,,https://platform.prisma-capacity.eu/,,Cross-Border Transmission IP within EU,0,False
1Physical Flowhour2022-02-27 08:00:00 +00:002022-02-27 09:00:00 +00:00BE-TSO-0001ITP-00542exitkWh/h,1,Physical Flow,hour,2022-02-27T09:00:00+01:00,2022-02-27T10:00:00+01:00,BE-TSO-0001,21X-BE-A-A0A0A-Y,Fluxys Belgium,ITP-00542,VIP Belgium - NCG,21Z000000000497Z,exit,kWh/h,,,10385352,2022-03-20T02:03:09+01:00,,Confirmed,,,,,True,,,True,PRISMA,,https://platform.prisma-capacity.eu/,,Cross-Border Transmission IP within EU,0,False
1Physical Flowhour2022-02-27 09:00:00 +00:002022-02-27 10:00:00 +00:00BE-TSO-0001ITP-00542exitkWh/h,1,Physical Flow,hour,2022-02-27T10:00:00+01:00,2022-02-27T11:00:00+01:00,BE-TSO-0001,21X-BE-A-A0A0A-Y,Fluxys Belgium,ITP-00542,VIP Belgium - NCG,21Z000000000497Z,exit,kWh/h,,,10382818,2022-03-20T02:03:09+01:00,,Confirmed,,,,,True,,,True,PRISMA,,https://platform.prisma-capacity.eu/,,Cross-Border Transmission IP within EU,0,False
1Physical Flowhour2022-02-27 10:00:00 +00:002022-02-27 11:00:00 +00:00BE-TSO-0001ITP-00542exitkWh/h,1,Physical Flow,hour,2022-02-27T11:00:00+01:00,2022-02-27T12:00:00+01:00,BE-TSO-0001,21X-BE-A-A0A0A-Y,Fluxys Belgium,ITP-00542,VIP Belgium - NCG,21Z000000000497Z,exit,kWh/h,,,10382979,2022-03-20T02:03:09+01:00,,Confirmed,,,,,True,,,True,PRISMA,,https://platform.prisma-capacity.eu/,,Cross-Border Transmission IP within EU,0,False
1Physical Flowhour2022-02-27 11:00:00 +00:002022-02-27 12:00:00 +00:00BE-TSO-0001ITP-00542exitkWh/h,1,Physical Flow,hour,2022-02-27T12:00:00+01:00,2022-02-27T13:00:00+01:00,BE-TSO-0001,21X-BE-A-A0A0A-Y,Fluxys Belgium,ITP-00542,VIP Belgium - NCG,21Z000000000497Z,exit,kWh/h,,,10382504,2022-03-20T02:03:09+01:00,,Confirmed,,,,,True,,,True,PRISMA,,https://platform.prisma-capacity.eu/,,Cross-Border Transmission IP within EU,0,False
1Physical Flowhour2022-02-27 12:00:00 +00:002022-02-27 13:00:00 +00:00BE-TSO-0001ITP-00542exitkWh/h,1,Physical Flow,hour,2022-02-27T13:00:00+01:00,2022-02-27T14:00:00+01:00,BE-TSO-0001,21X-BE-A-A0A0A-Y,Fluxys Belgium,ITP-00542,VIP Belgium - NCG,21Z000000000497Z,exit,kWh/h,,,10383863,2022-03-20T02:03:09+01:00,,Confirmed,,,,,True,,,True,PRISMA,,https://platform.prisma-capacity.eu/,,Cross-Border Transmission IP within EU,0,False
1Physical Flowhour2022-02-27 13:00:00 +00:002022-02-27 14:00:00 +00:00BE-TSO-0001ITP-00542exitkWh/h,1,Physical Flow,hour,2022-02-27T14:00:00+01:00,2022-02-27T15:00:00+01:00,BE-TSO-0001,21X-BE-A-A0A0A-Y,Fluxys Belgium,ITP-00542,VIP Belgium - NCG,21Z000000000497Z,exit,kWh/h,,,10384218,2022-03-20T02:03:09+01:00,,Confirmed,,,,,True,,,True,PRISMA,,https://platform.prisma-capacity.eu/,,Cross-Border Transmission IP within EU,0,False
1Physical Flowhour2022-02-27 14:00:00 +00:002022-02-27 15:00:00 +00:00BE-TSO-0001ITP-00542exitkWh/h,1,Physical Flow,hour,2022-02-27T15:00:00+01:00,2022-02-27T16:00:00+01:00,BE-TSO-0001,21X-BE-A-A0A0A-Y,Fluxys Belgium,ITP-00542,VIP Belgium - NCG,21Z000000000497Z,exit,kWh/h,,,10834704,2022-03-20T02:03:09+01:00,,Confirmed,,,,,True,,,True,PRISMA,,https://platform.prisma-capacity.eu/,,Cross-Border Transmission IP within EU,0,False
1Physical Flowhour2022-02-27 15:00:00 +00:002022-02-27 16:00:00 +00:00BE-TSO-0001ITP-00542exitkWh/h,1,Physical Flow,hour,2022-02-27T16:00:00+01:00,2022-02-27T17:00:00+01:00,BE-TSO-0001,21X-BE-A-A0A0A-Y,Fluxys Belgium,ITP-00542,VIP Belgium - NCG,21Z000000000497Z,exit,kWh/h,,,10935269,2022-03-20T02:03:09+01:00,,Confirmed,,,,,True,,,True,PRISMA,,https://platform.prisma-capacity.eu/,,Cross-Border Transmission IP within EU,0,False
1Physical Flowhour2022-02-27 16:00:00 +00:002022-02-27 17:00:00 +00:00BE-TSO-0001ITP-00542exitkWh/h,1,Physical Flow,hour,2022-02-27T17:00:00+01:00,2022-02-27T18:00:00+01:00,BE-TSO-0001,21X-BE-A-A0A0A-Y,Fluxys Belgium,ITP-00542,VIP Belgium - NCG,21Z000000000497Z,exit,kWh/h,,,11934677,2022-03-20T02:03:09+01:00,,Confirmed,,,,,True,,,True,PRISMA,,https://platform.prisma-capacity.eu/,,Cross-Border Transmission IP within EU,0,False
1Physical Flowhour2022-02-27 17:00:00 +00:002022-02-27 18:00:00 +00:00BE-TSO-0001ITP-00542exitkWh/h,1,Physical Flow,hour,2022-02-27T18:00:00+01:00,2022-02-27T19:00:00+01:00,BE-TSO-0001,21X-BE-A-A0A0A-Y,Fluxys Belgium,ITP-00542,VIP Belgium - NCG,21Z000000000497Z,exit,kWh/h,,,12293153,2022-03-20T02:03:09+01:00,,Confirmed,,,,,True,,,True,PRISMA,,https://platform.prisma-capacity.eu/,,Cross-Border Transmission IP within EU,0,False
1Physical Flowhour2022-02-27 18:00:00 +00:002022-02-27 19:00:00 +00:00BE-TSO-0001ITP-00542exitkWh/h,1,Physical Flow,hour,2022-02-27T19:00:00+01:00,2022-02-27T20:00:00+01:00,BE-TSO-0001,21X-BE-A-A0A0A-Y,Fluxys Belgium,ITP-00542,VIP Belgium - NCG,21Z000000000497Z,exit,kWh/h,,,12687802,2022-03-20T02:03:09+01:00,,Confirmed,,,,,True,,,True,PRISMA,,https://platform.prisma-capacity.eu/,,Cross-Border Transmission IP within EU,0,False
1Physical Flowhour2022-02-27 19:00:00 +00:002022-02-27 20:00:00 +00:00BE-TSO-0001ITP-00542exitkWh/h,1,Physical Flow,hour,2022-02-27T20:00:00+01:00,2022-02-27T21:00:00+01:00,BE-TSO-0001,21X-BE-A-A0A0A-Y,Fluxys Belgium,ITP-00542,VIP Belgium - NCG,21Z000000000497Z,exit,kWh/h,,,12016212,2022-03-20T02:03:09+01:00,,Confirmed,,,,,True,,,True,PRISMA,,https://platform.prisma-capacity.eu/,,Cross-Border Transmission IP within EU,0,False
1Physical Flowhour2022-02-27 20:00:00 +00:002022-02-27 21:00:00 +00:00BE-TSO-0001ITP-00542exitkWh/h,1,Physical Flow,hour,2022-02-27T21:00:00+01:00,2022-02-27T22:00:00+01:00,BE-TSO-0001,21X-BE-A-A0A0A-Y,Fluxys Belgium,ITP-00542,VIP Belgium - NCG,21Z000000000497Z,exit,kWh/h,,,12170689,2022-03-20T02:03:09+01:00,,Confirmed,,,,,True,,,True,PRISMA,,https://platform.prisma-capacity.eu/,,Cross-Border Transmission IP within EU,0,False
1Physical Flowhour2022-02-27 21:00:00 +00:002022-02-27 22:00:00 +00:00BE-TSO-0001ITP-00542exitkWh/h,1,Physical Flow,hour,2022-02-27T22:00:00+01:00,2022-02-27T23:00:00+01:00,BE-TSO-0001,21X-BE-A-A0A0A-Y,Fluxys Belgium,ITP-00542,VIP Belgium - NCG,21Z000000000497Z,exit,kWh/h,,,11754632,2022-03-20T02:03:09+01:00,,Confirmed,,,,,True,,,True,PRISMA,,https://platform.prisma-capacity.eu/,,Cross-Border Transmission IP within EU,0,False
1Physical Flowhour2022-02-27 22:00:00 +00:002022-02-27 23:00:00 +00:00BE-TSO-0001ITP-00542exitkWh/h,1,Physical Flow,hour,2022-02-27T23:00:00+01:00,2022-02-28T00:00:00+01:00,BE-TSO-0001,21X-BE-A-A0A0A-Y,Fluxys Belgium,ITP-00542,VIP Belgium - NCG,21Z000000000497Z,exit,kWh/h,,,11737286,2022-03-20T02:03:09+01:00,,Confirmed,,,,,True,,,True,PRISMA,,https://platform.prisma-capacity.eu/,,Cross-Border Transmission IP within EU,0,False
1Physical Flowhour2022-02-27 23:00:00 +00:002022-02-28 00:00:00 +00:00BE-TSO-0001ITP-00542exitkWh/h,1,Physical Flow,hour,2022-02-28T00:00:00+01:00,2022-02-28T01:00:00+01:00,BE-TSO-0001,21X-BE-A-A0A0A-Y,Fluxys Belgium,ITP-00542,VIP Belgium - NCG,21Z000000000497Z,exit,kWh/h,,,12648638,2022-03-20T02:03:09+01:00,,Confirmed,,,,,True,,,True,PRISMA,,https://platform.prisma-capacity.eu/,,Cross-Border Transmission IP within EU,0,False
1Physical Flowhour2022-02-28 00:00:00 +00:002022-02-28 01:00:00 +00:00BE-TSO-0001ITP-00542exitkWh/h,1,Physical Flow,hour,2022-02-28T01:00:00+01:00,2022-02-28T02:00:00+01:00,BE-TSO-0001,21X-BE-A-A0A0A-Y,Fluxys Belgium,ITP-00542,VIP Belgium - NCG,21Z000000000497Z,exit,kWh/h,,,12345833,2022-03-20T02:03:09+01:00,,Confirmed,,,,,True,,,True,PRISMA,,https://platform.prisma-capacity.eu/,,Cross-Border Transmission IP within EU,0,False
1Physical Flowhour2022-02-28 01:00:00 +00:002022-02-28 02:00:00 +00:00BE-TSO-0001ITP-00542exitkWh/h,1,Physical Flow,hour,2022-02-28T02:00:00+01:00,2022-02-28T03:00:00+01:00,BE-TSO-0001,21X-BE-A-A0A0A-Y,Fluxys Belgium,ITP-00542,VIP Belgium - NCG,21Z000000000497Z,exit,kWh/h,,,11652360,2022-03-20T02:03:09+01:00,,Confirmed,,,,,True,,,True,PRISMA,,https://platform.prisma-capacity.eu/,,Cross-Border Transmission IP within EU,0,False
1Physical Flowhour2022-02-28 02:00:00 +00:002022-02-28 03:00:00 +00:00BE-TSO-0001ITP-00542exitkWh/h,1,Physical Flow,hour,2022-02-28T03:00:00+01:00,2022-02-28T04:00:00+01:00,BE-TSO-0001,21X-BE-A-A0A0A-Y,Fluxys Belgium,ITP-00542,VIP Belgium - NCG,21Z000000000497Z,exit,kWh/h,,,11375365,2022-03-20T02:03:09+01:00,,Confirmed,,,,,True,,,True,PRISMA,,https://platform.prisma-capacity.eu/,,Cross-Border Transmission IP within EU,0,False
1Physical Flowhour2022-02-28 03:00:00 +00:002022-02-28 04:00:00 +00:00BE-TSO-0001ITP-00542exitkWh/h,1,Physical Flow,hour,2022-02-28T04:00:00+01:00,2022-02-28T05:00:00+01:00,BE-TSO-0001,21X-BE-A-A0A0A-Y,Fluxys Belgium,ITP-00542,VIP Belgium - NCG,21Z000000000497Z,exit,kWh/h,,,11632982,2022-03-20T02:03:09+01:00,,Confirmed,,,,,True,,,True,PRISMA,,https://platform.prisma-capacity.eu/,,Cross-Border Transmission IP within EU,0,False
1Physical Flowhour2022-02-28 04:00:00 +00:002022-02-28 05:00:00 +00:00BE-TSO-0001ITP-00542exitkWh/h,1,Physical Flow,hour,2022-02-28T05:00:00+01:00,2022-02-28T06:00:00+01:00,BE-TSO-0001,21X-BE-A-A0A0A-Y,Fluxys Belgium,ITP-00542,VIP Belgium - NCG,21Z000000000497Z,exit,kWh/h,,,12197967,2022-03-20T02:03:09+01:00,,Confirmed,,,,,True,,,True,PRISMA,,https://platform.prisma-capacity.eu/,,Cross-Border Transmission IP within EU,0,False
1Physical Flowhour2022-02-28 05:00:00 +00:002022-02-28 06:00:00 +00:00BE-TSO-0001ITP-00542exitkWh/h,1,Physical Flow,hour,2022-02-28T06:00:00+01:00,2022-02-28T07:00:00+01:00,BE-TSO-0001,21X-BE-A-A0A0A-Y,Fluxys Belgium,ITP-00542,VIP Belgium - NCG,21Z000000000497Z,exit,kWh/h,,,11150907,2022-03-20T02:03:09+01:00,,Confirmed,,,,,True,,,True,PRISMA,,https://platform.prisma-capacity.eu/,,Cross-Border Transmission IP within EU,0,False
1Physical Flowhour2022-02-28 06:00:00 +00:002022-02-28 07:00:00 +00:00BE-TSO-0001ITP-00542exitkWh/h,1,Physical Flow,hour,2022-02-28T07:00:00+01:00,2022-02-28T08:00:00+01:00,BE-TSO-0001,21X-BE-A-A0A0A-Y,Fluxys Belgium,ITP-00542,VIP Belgium - NCG,21Z000000000497Z,exit,kWh/h,,,11185159,2022-03-20T02:03:09+01:00,,Confirmed,,,,,True,,,True,PRISMA,,https://platform.prisma-capacity.eu/,,Cross-Border Transmission IP within EU,0,False
1Physical Flowhour2022-02-28 07:00:00 +00:002022-02-28 08:00:00 +00:00BE-TSO-0001ITP-00542exitkWh/h,1,Physical Flow,hour,2022-02-28T08:00:00+01:00,2022-02-28T09:00:00+01:00,BE-TSO-0001,21X-BE-A-A0A0A-Y,Fluxys Belgium,ITP-00542,VIP Belgium - NCG,21Z000000000497Z,exit,kWh/h,,,11191773,2022-03-20T02:03:09+01:00,,Confirmed,,,,,True,,,True,PRISMA,,https://platform.prisma-capacity.eu/,,Cross-Border Transmission IP within EU,0,False
1Physical Flowhour2022-02-28 08:00:00 +00:002022-02-28 09:00:00 +00:00BE-TSO-0001ITP-00542exitkWh/h,1,Physical Flow,hour,2022-02-28T09:00:00+01:00,2022-02-28T10:00:00+01:00,BE-TSO-0001,21X-BE-A-A0A0A-Y,Fluxys Belgium,ITP-00542,VIP Belgium - NCG,21Z000000000497Z,exit,kWh/h,,,10559644,2022-03-20T02:03:09+01:00,,Confirmed,,,,,True,,,True,PRISMA,,https://platform.prisma-capacity.eu/,,Cross-Border Transmission IP within EU,0,False
1Physical Flowhour2022-02-28 09:00:00 +00:002022-02-28 10:00:00 +00:00BE-TSO-0001ITP-00542exitkWh/h,1,Physical Flow,hour,2022-02-28T10:00:00+01:00,2022-02-28T11:00:00+01:00,BE-TSO-0001,21X-BE-A-A0A0A-Y,Fluxys Belgium,ITP-00542,VIP Belgium - NCG,21Z000000000497Z,exit,kWh/h,,,11323375,2022-03-20T02:03:09+01:00,,Confirmed,,,,,True,,,True,PRISMA,,https://platform.prisma-capacity.eu/,,Cross-Border Transmission IP within EU,0,False
1Physical Flowhour2022-02-28 10:00:00 +00:002022-02-28 11:00:00 +00:00BE-TSO-0001ITP-00542exitkWh/h,1,Physical Flow,hour,2022-02-28T11:00:00+01:00,2022-02-28T12:00:00+01:00,BE-TSO-0001,21X-BE-A-A0A0A-Y,Fluxys Belgium,ITP-00542,VIP Belgium - NCG,21Z000000000497Z,exit,kWh/h,,,11528976,2022-03-20T02:03:09+01:00,,Confirmed,,,,,True,,,True,PRISMA,,https://platform.prisma-capacity.eu/,,Cross-Border Transmission IP within EU,0,False
1Physical Flowhour2022-02-28 11:00:00 +00:002022-02-28 12:00:00 +00:00BE-TSO-0001ITP-00542exitkWh/h,1,Physical Flow,hour,2022-02-28T12:00:00+01:00,2022-02-28T13:00:00+01:00,BE-TSO-0001,21X-BE-A-A0A0A-Y,Fluxys Belgium,ITP-00542,VIP Belgium - NCG,21Z000000000497Z,exit,kWh/h,,,11243733,2022-03-20T02:03:09+01:00,,Confirmed,,,,,True,,,True,PRISMA,,https://platform.prisma-capacity.eu/,,Cross-Border Transmission IP within EU,0,False
1Physical Flowhour2022-02-28 12:00:00 +00:002022-02-28 13:00:00 +00:00BE-TSO-0001ITP-00542exitkWh/h,1,Physical Flow,hour,2022-02-28T13:00:00+01:00,2022-02-28T14:00:00+01:00,BE-TSO-0001,21X-BE-A-A0A0A-Y,Fluxys Belgium,ITP-00542,VIP Belgium - NCG,21Z000000000497Z,exit,kWh/h,,,11789099,2022-03-20T02:03:09+01:00,,Confirmed,,,,,True,,,True,PRISMA,,https://platform.prisma-capacity.eu/,,Cross-Border Transmission IP within EU,0,False
1Physical Flowhour2022-02-28 13:00:00 +00:002022-02-28 14:00:00 +00:00BE-TSO-0001ITP-00542exitkWh/h,1,Physical Flow,hour,2022-02-28T14:00:00+01:00,2022-02-28T15:00:00+01:00,BE-TSO-0001,21X-BE-A-A0A0A-Y,Fluxys Belgium,ITP-00542,VIP Belgium - NCG,21Z000000000497Z,exit,kWh/h,,,11911807,2022-03-20T02:03:09+01:00,,Confirmed,,,,,True,,,True,PRISMA,,https://platform.prisma-capacity.eu/,,Cross-Border Transmission IP within EU,0,False
1Physical Flowhour2022-02-28 14:00:00 +00:002022-02-28 15:00:00 +00:00BE-TSO-0001ITP-00542exitkWh/h,1,Physical Flow,hour,2022-02-28T15:00:00+01:00,2022-02-28T16:00:00+01:00,BE-TSO-0001,21X-BE-A-A0A0A-Y,Fluxys Belgium,ITP-00542,VIP Belgium - NCG,21Z000000000497Z,exit,kWh/h,,,12517353,2022-03-20T02:03:09+01:00,,Confirmed,,,,,True,,,True,PRISMA,,https://platform.prisma-capacity.eu/,,Cross-Border Transmission IP within EU,0,False
1Physical Flowhour2022-02-28 15:00:00 +00:002022-02-28 16:00:00 +00:00BE-TSO-0001ITP-00542exitkWh/h,1,Physical Flow,hour,2022-02-28T16:00:00+01:00,2022-02-28T17:00:00+01:00,BE-TSO-0001,21X-BE-A-A0A0A-Y,Fluxys Belgium,ITP-00542,VIP Belgium - NCG,21Z000000000497Z,exit,kWh/h,,,12905855,2022-03-20T02:03:09+01:00,,Confirmed,,,,,True,,,True,PRISMA,,https://platform.prisma-capacity.eu/,,Cross-Border Transmission IP within EU,0,False
1Physical Flowhour2022-02-28 16:00:00 +00:002022-02-28 17:00:00 +00:00BE-TSO-0001ITP-00542exitkWh/h,1,Physical Flow,hour,2022-02-28T17:00:00+01:00,2022-02-28T18:00:00+01:00,BE-TSO-0001,21X-BE-A-A0A0A-Y,Fluxys Belgium,ITP-00542,VIP Belgium - NCG,21Z000000000497Z,exit,kWh/h,,,13332256,2022-03-20T02:03:09+01:00,,Confirmed,,,,,True,,,True,PRISMA,,https://platform.prisma-capacity.eu/,,Cross-Border Transmission IP within EU,0,False
1Physical Flowhour2022-02-28 17:00:00 +00:002022-02-28 18:00:00 +00:00BE-TSO-0001ITP-00542exitkWh/h,1,Physical Flow,hour,2022-02-28T18:00:00+01:00,2022-02-28T19:00:00+01:00,BE-TSO-0001,21X-BE-A-A0A0A-Y,Fluxys Belgium,ITP-00542,VIP Belgium - NCG,21Z000000000497Z,exit,kWh/h,,,13634684,2022-03-20T02:03:09+01:00,,Confirmed,,,,,True,,,True,PRISMA,,https://platform.prisma-capacity.eu/,,Cross-Border Transmission IP within EU,0,False
1Physical Flowhour2022-02-28 18:00:00 +00:002022-02-28 19:00:00 +00:00BE-TSO-0001ITP-00542exitkWh/h,1,Physical Flow,hour,2022-02-28T19:00:00+01:00,2022-02-28T20:00:00+01:00,BE-TSO-0001,21X-BE-A-A0A0A-Y,Fluxys Belgium,ITP-00542,VIP Belgium - NCG,21Z000000000497Z,exit,kWh/h,,,13696007,2022-03-20T02:03:09+01:00,,Confirmed,,,,,True,,,True,PRISMA,,https://platform.prisma-capacity.eu/,,Cross-Border Transmission IP within EU,0,False
1Physical Flowhour2022-02-28 19:00:00 +00:002022-02-28 20:00:00 +00:00BE-TSO-0001ITP-00542exitkWh/h,1,Physical Flow,hour,2022-02-28T20:00:00+01:00,2022-02-28T21:00:00+01:00,BE-TSO-0001,21X-BE-A-A0A0A-Y,Fluxys Belgium,ITP-00542,VIP Belgium - NCG,21Z000000000497Z,exit,kWh/h,,,13694278,2022-03-20T02:03:09+01:00,,Confirmed,,,,,True,,,True,PRISMA,,https://platform.prisma-capacity.eu/,,Cross-Border Transmission IP within EU,0,False
1Physical Flowhour2022-02-28 20:00:00 +00:002022-02-28 21:00:00 +00:00BE-TSO-0001ITP-00542exitkWh/h,1,Physical Flow,hour,2022-02-28T21:00:00+01:00,2022-02-28T22:00:00+01:00,BE-TSO-0001,21X-BE-A-A0A0A-Y,Fluxys Belgium,ITP-00542,VIP Belgium - NCG,21Z000000000497Z,exit,kWh/h,,,13690371,2022-03-20T02:03:09+01:00,,Confirmed,,,,,True,,,True,PRISMA,,https://platform.prisma-capacity.eu/,,Cross-Border Transmission IP within EU,0,False
1Physical Flowhour2022-02-28 21:00:00 +00:002022-02-28 22:00:00 +00:00BE-TSO-0001ITP-00542exitkWh/h,1,Physical Flow,hour,2022-02-28T22:00:00+01:00,2022-02-28T23:00:00+01:00,BE-TSO-0001,21X-BE-A-A0A0A-Y,Fluxys Belgium,ITP-00542,VIP Belgium - NCG,21Z000000000497Z,exit,kWh/h,,,13996416,2022-03-20T02:03:09+01:00,,Confirmed,,,,,True,,,True,PRISMA,,https://platform.prisma-capacity.eu/,,Cross-Border Transmission IP within EU,0,False
1Physical Flowhour2022-02-28 22:00:00 +00:002022-02-28 23:00:00 +00:00BE-TSO-0001ITP-00542exitkWh/h,1,Physical Flow,hour,2022-02-28T23:00:00+01:00,2022-03-01T00:00:00+01:00,BE-TSO-0001,21X-BE-A-A0A0A-Y,Fluxys Belgium,ITP-00542,VIP Belgium - NCG,21Z000000000497Z,exit,kWh/h,,,14135184,2022-03-20T02:03:09+01:00,,Confirmed,,,,,True,,,True,PRISMA,,https://platform.prisma-capacity.eu/,,Cross-Border Transmission IP within EU,0,False
1Physical Flowhour2022-02-28 23:00:00 +00:002022-03-01 00:00:00 +00:00BE-TSO-0001ITP-00542exitkWh/h,1,Physical Flow,hour,2022-03-01T00:00:00+01:00,2022-03-01T01:00:00+01:00,BE-TSO-0001,21X-BE-A-A0A0A-Y,Fluxys Belgium,ITP-00542,VIP Belgium - NCG,21Z000000000497Z,exit,kWh/h,,,14137230,2022-03-20T02:03:09+01:00,,Confirmed,,,,,True,,,True,PRISMA,,https://platform.prisma-capacity.eu/,,Cross-Border Transmission IP within EU,0,False
1Physical Flowhour2022-03-01 00:00:00 +00:002022-03-01 01:00:00 +00:00BE-TSO-0001ITP-00542exitkWh/h,1,Physical Flow,hour,2022-03-01T01:00:00+01:00,2022-03-01T02:00:00+01:00,BE-TSO-0001,21X-BE-A-A0A0A-Y,Fluxys Belgium,ITP-00542,VIP Belgium - NCG,21Z000000000497Z,exit,kWh/h,,,14162965,2022-03-20T02:03:09+01:00,,Confirmed,,,,,True,,,True,PRISMA,,https://platform.prisma-capacity.eu/,,Cross-Border Transmission IP within EU,0,False
1Physical Flowhour2022-03-01 01:00:00 +00:002022-03-01 02:00:00 +00:00BE-TSO-0001ITP-00542exitkWh/h,1,Physical Flow,hour,2022-03-01T02:00:00+01:00,2022-03-01T03:00:00+01:00,BE-TSO-0001,21X-BE-A-A0A0A-Y,Fluxys Belgium,ITP-00542,VIP Belgium - NCG,21Z000000000497Z,exit,kWh/h,,,14363061,2022-03-20T02:03:09+01:00,,Confirmed,,,,,True,,,True,PRISMA,,https://platform.prisma-capacity.eu/,,Cross-Border Transmission IP within EU,0,False
1Physical Flowhour2022-03-01 02:00:00 +00:002022-03-01 03:00:00 +00:00BE-TSO-0001ITP-00542exitkWh/h,1,Physical Flow,hour,2022-03-01T03:00:00+01:00,2022-03-01T04:00:00+01:00,BE-TSO-0001,21X-BE-A-A0A0A-Y,Fluxys Belgium,ITP-00542,VIP Belgium - NCG,21Z000000000497Z,exit,kWh/h,,,14365938,2022-03-20T02:03:09+01:00,,Confirmed,,,,,True,,,True,PRISMA,,https://platform.prisma-capacity.eu/,,Cross-Border Transmission IP within EU,0,False
1Physical Flowhour2022-03-01 03:00:00 +00:002022-03-01 04:00:00 +00:00BE-TSO-0001ITP-00542exitkWh/h,1,Physical Flow,hour,2022-03-01T04:00:00+01:00,2022-03-01T05:00:00+01:00,BE-TSO-0001,21X-BE-A-A0A0A-Y,Fluxys Belgium,ITP-00542,VIP Belgium - NCG,21Z000000000497Z,exit,kWh/h,,,14366212,2022-03-20T02:03:09+01:00,,Confirmed,,,,,True,,,True,PRISMA,,https://platform.prisma-capacity.eu/,,Cross-Border Transmission IP within EU,0,False
1Physical Flowhour2022-03-01 04:00:00 +00:002022-03-01 05:00:00 +00:00BE-TSO-0001ITP-00542exitkWh/h,1,Physical Flow,hour,2022-03-01T05:00:00+01:00,2022-03-01T06:00:00+01:00,BE-TSO-0001,21X-BE-A-A0A0A-Y,Fluxys Belgium,ITP-00542,VIP Belgium - NCG,21Z000000000497Z,exit,kWh/h,,,14370407,2022-03-20T02:03:09+01:00,,Confirmed,,,,,True,,,True,PRISMA,,https://platform.prisma-capacity.eu/,,Cross-Border Transmission IP within EU,0,False
1Physical Flowhour2022-03-01 05:00:00 +00:002022-03-01 06:00:00 +00:00BE-TSO-0001ITP-00542exitkWh/h,1,Physical Flow,hour,2022-03-01T06:00:00+01:00,2022-03-01T07:00:00+01:00,BE-TSO-0001,21X-BE-A-A0A0A-Y,Fluxys Belgium,ITP-00542,VIP Belgium - NCG,21Z000000000497Z,exit,kWh/h,,,12266279,2022-05-03T20:54:28+02:00,,Confirmed,,,,,True,,,True,PRISMA,,https://platform.prisma-capacity.eu/,,Cross-Border Transmission IP within EU,0,False
1Physical Flowhour2022-03-01 06:00:00 +00:002022-03-01 07:00:00 +00:00BE-TSO-0001ITP-00542exitkWh/h,1,Physical Flow,hour,2022-03-01T07:00:00+01:00,2022-03-01T08:00:00+01:00,BE-TSO-0001,21X-BE-A-A0A0A-Y,Fluxys Belgium,ITP-00542,VIP Belgium - NCG,21Z000000000497Z,exit,kWh/h,,,12272781,2022-05-03T20:54:28+02:00,,Confirmed,,,,,True,,,True,PRISMA,,https://platform.prisma-capacity.eu/,,Cross-Border Transmission IP within EU,0,False
1Physical Flowhour2022-03-01 07:00:00 +00:002022-03-01 08:00:00 +00:00BE-TSO-0001ITP-00542exitkWh/h,1,Physical Flow,hour,2022-03-01T08:00:00+01:00,2022-03-01T09:00:00+01:00,BE-TSO-0001,21X-BE-A-A0A0A-Y,Fluxys Belgium,ITP-00542,VIP Belgium - NCG,21Z000000000497Z,exit,kWh/h,,,12270487,2022-05-03T20:54:28+02:00,,Confirmed,,,,,True,,,True,PRISMA,,https://platform.prisma-capacity.eu/,,Cross-Border Transmission IP within EU,0,False
1Physical Flowhour2022-03-01 08:00:00 +00:002022-03-01 09:00:00 +00:00BE-TSO-0001ITP-00542exitkWh/h,1,Physical Flow,hour,2022-03-01T09:00:00+01:00,2022-03-01T10:00:00+01:00,BE-TSO-0001,21X-BE-A-A0A0A-Y,Fluxys Belgium,ITP-00542,VIP Belgium - NCG,21Z000000000497Z,exit,kWh/h,,,12272767,2022-05-03T20:54:28+02:00,,Confirmed,,,,,True,,,True,PRISMA,,https://platform.prisma-capacity.eu/,,Cross-Border Transmission IP within EU,0,False
1Physical Flowhour2022-03-01 09:00:00 +00:002022-03-01 10:00:00 +00:00BE-TSO-0001ITP-00542exitkWh/h,1,Physical Flow,hour,2022-03-01T10:00:00+01:00,2022-03-01T11:00:00+01:00,BE-TSO-0001,21X-BE-A-A0A0A-Y,Fluxys Belgium,ITP-00542,VIP Belgium - NCG,21Z000000000497Z,exit,kWh/h,,,12178531,2022-05-03T20:54:28+02:00,,Confirmed,,,,,True,,,True,PRISMA,,https://platform.prisma-capacity.eu/,,Cross-Border Transmission IP within EU,0,False
1Physical Flowhour2022-03-01 10:00:00 +00:002022-03-01 11:00:00 +00:00BE-TSO-0001ITP-00542exitkWh/h,1,Physical Flow,hour,2022-03-01T11:00:00+01:00,2022-03-01T12:00:00+01:00,BE-TSO-0001,21X-BE-A-A0A0A-Y,Fluxys Belgium,ITP-00542,VIP Belgium - NCG,21Z000000000497Z,exit,kWh/h,,,12178917,2022-05-03T20:54:28+02:00,,Confirmed,,,,,True,,,True,PRISMA,,https://platform.prisma-capacity.eu/,,Cross-Border Transmission IP within EU,0,False
1Physical Flowhour2022-03-01 11:00:00 +00:002022-03-01 12:00:00 +00:00BE-TSO-0001ITP-00542exitkWh/h,1,Physical Flow,hour,2022-03-01T12:00:00+01:00,2022-03-01T13:00:00+01:00,BE-TSO-0001,21X-BE-A-A0A0A-Y,Fluxys Belgium,ITP-00542,VIP Belgium - NCG,21Z000000000497Z,exit,kWh/h,,,12402761,2022-05-03T20:54:28+02:00,,Confirmed,,,,,True,,,True,PRISMA,,https://platform.prisma-capacity.eu/,,Cross-Border Transmission IP within EU,0,False
1Physical Flowhour2022-03-01 12:00:00 +00:002022-03-01 13:00:00 +00:00BE-TSO-0001ITP-00542exitkWh/h,1,Physical Flow,hour,2022-03-01T13:00:00+01:00,2022-03-01T14:00:00+01:00,BE-TSO-0001,21X-BE-A-A0A0A-Y,Fluxys Belgium,ITP-00542,VIP Belgium - NCG,21Z000000000497Z,exit,kWh/h,,,12411839,2022-05-03T20:54:28+02:00,,Confirmed,,,,,True,,,True,PRISMA,,https://platform.prisma-capacity.eu/,,Cross-Border Transmission IP within EU,0,False
1Physical Flowhour2022-03-01 13:00:00 +00:002022-03-01 14:00:00 +00:00BE-TSO-0001ITP-00542exitkWh/h,1,Physical Flow,hour,2022-03-01T14:00:00+01:00,2022-03-01T15:00:00+01:00,BE-TSO-0001,21X-BE-A-A0A0A-Y,Fluxys Belgium,ITP-00542,VIP Belgium - NCG,21Z000000000497Z,exit,kWh/h,,,12081508,2022-05-03T20:54:28+02:00,,Confirmed,,,,,True,,,True,PRISMA,,https://platform.prisma-capacity.eu/,,Cross-Border Transmission IP within EU,0,False
1Physical Flowhour2022-03-01 14:00:00 +00:002022-03-01 15:00:00 +00:00BE-TSO-0001ITP-00542exitkWh/h,1,Physical Flow,hour,2022-03-01T15:00:00+01:00,2022-03-01T16:00:00+01:00,BE-TSO-0001,21X-BE-A-A0A0A-Y,Fluxys Belgium,ITP-00542,VIP Belgium - NCG,21Z000000000497Z,exit,kWh/h,,,12317088,2022-05-03T20:54:28+02:00,,Confirmed,,,,,True,,,True,PRISMA,,https://platform.prisma-capacity.eu/,,Cross-Border Transmission IP within EU,0,False
1Physical Flowhour2022-03-01 15:00:00 +00:002022-03-01 16:00:00 +00:00BE-TSO-0001ITP-00542exitkWh/h,1,Physical Flow,hour,2022-03-01T16:00:00+01:00,2022-03-01T17:00:00+01:00,BE-TSO-0001,21X-BE-A-A0A0A-Y,Fluxys Belgium,ITP-00542,VIP Belgium - NCG,21Z000000000497Z,exit,kWh/h,,,12518312,2022-05-03T20:54:28+02:00,,Confirmed,,,,,True,,,True,PRISMA,,https://platform.prisma-capacity.eu/,,Cross-Border Transmission IP within EU,0,False
1Physical Flowhour2022-03-01 16:00:00 +00:002022-03-01 17:00:00 +00:00BE-TSO-0001ITP-00542exitkWh/h,1,Physical Flow,hour,2022-03-01T17:00:00+01:00,2022-03-01T18:00:00+01:00,BE-TSO-0001,21X-BE-A-A0A0A-Y,Fluxys Belgium,ITP-00542,VIP Belgium - NCG,21Z000000000497Z,exit,kWh/h,,,12444677,2022-05-03T20:54:28+02:00,,Confirmed,,,,,True,,,True,PRISMA,,https://platform.prisma-capacity.eu/,,Cross-Border Transmission IP within EU,0,False
1Physical Flowhour2022-03-01 17:00:00 +00:002022-03-01 18:00:00 +00:00BE-TSO-0001ITP-00542exitkWh/h,1,Physical Flow,hour,2022-03-01T18:00:00+01:00,2022-03-01T19:00:00+01:00,BE-TSO-0001,21X-BE-A-A0A0A-Y,Fluxys Belgium,ITP-00542,VIP Belgium - NCG,21Z000000000497Z,exit,kWh/h,,,12537377,2022-05-03T20:54:28+02:00,,Confirmed,,,,,True,,,True,PRISMA,,https://platform.prisma-capacity.eu/,,Cross-Border Transmission IP within EU,0,False
1Physical Flowhour2022-03-01 18:00:00 +00:002022-03-01 19:00:00 +00:00BE-TSO-0001ITP-00542exitkWh/h,1,Physical Flow,hour,2022-03-01T19:00:00+01:00,2022-03-01T20:00:00+01:00,BE-TSO-0001,21X-BE-A-A0A0A-Y,Fluxys Belgium,ITP-00542,VIP Belgium - NCG,21Z000000000497Z,exit,kWh/h,,,12981434,2022-05-03T20:54:28+02:00,,Confirmed,,,,,True,,,True,PRISMA,,https://platform.prisma-capacity.eu/,,Cross-Border Transmission IP within EU,0,False
1Physical Flowhour2022-03-01 19:00:00 +00:002022-03-01 20:00:00 +00:00BE-TSO-0001ITP-00542exitkWh/h,1,Physical Flow,hour,2022-03-01T20:00:00+01:00,2022-03-01T21:00:00+01:00,BE-TSO-0001,21X-BE-A-A0A0A-Y,Fluxys Belgium,ITP-00542,VIP Belgium - NCG,21Z000000000497Z,exit,kWh/h,,,12910682,2022-05-03T20:54:28+02:00,,Confirmed,,,,,True,,,True,PRISMA,,https://platform.prisma-capacity.eu/,,Cross-Border Transmission IP within EU,0,False
1Physical Flowhour2022-03-01 20:00:00 +00:002022-03-01 21:00:00 +00:00BE-TSO-0001ITP-00542exitkWh/h,1,Physical Flow,hour,2022-03-01T21:00:00+01:00,2022-03-01T22:00:00+01:00,BE-TSO-0001,21X-BE-A-A0A0A-Y,Fluxys Belgium,ITP-00542,VIP Belgium - NCG,21Z000000000497Z,exit,kWh/h,,,12811548,2022-05-03T20:54:28+02:00,,Confirmed,,,,,True,,,True,PRISMA,,https://platform.prisma-capacity.eu/,,Cross-Border Transmission IP within EU,0,False
1Physical Flowhour2022-03-01 21:00:00 +00:002022-03-01 22:00:00 +00:00BE-TSO-0001ITP-00542exitkWh/h,1,Physical Flow,hour,2022-03-01T22:00:00+01:00,2022-03-01T23:00:00+01:00,BE-TSO-0001,21X-BE-A-A0A0A-Y,Fluxys Belgium,ITP-00542,VIP Belgium - NCG,21Z000000000497Z,exit,kWh/h,,,12813447,2022-05-03T20:54:28+02:00,,Confirmed,,,,,True,,,True,PRISMA,,https://platform.prisma-capacity.eu/,,Cross-Border Transmission IP within EU,0,False
1Physical Flowhour2022-03-01 22:00:00 +00:002022-03-01 23:00:00 +00:00BE-TSO-0001ITP-00542exitkWh/h,1,Physical Flow,hour,2022-03-01T23:00:00+01:00,2022-03-02T00:00:00+01:00,BE-TSO-0001,21X-BE-A-A0A0A-Y,Fluxys Belgium,ITP-00542,VIP Belgium - NCG,21Z000000000497Z,exit,kWh/h,,,13110590,2022-05-03T20:54:28+02:00,,Confirmed,,,,,True,,,True,PRISMA,,https://platform.prisma-capacity.eu/,,Cross-Border Transmission IP within EU,0,False
1Physical Flowhour2022-03-01 23:00:00 +00:002022-03-02 00:00:00 +00:00BE-TSO-0001ITP-00542exitkWh/h,1,Physical Flow,hour,2022-03-02T00:00:00+01:00,2022-03-02T01:00:00+01:00,BE-TSO-0001,21X-BE-A-A0A0A-Y,Fluxys Belgium,ITP-00542,VIP Belgium - NCG,21Z000000000497Z,exit,kWh/h,,,13079399,2022-05-03T20:54:28+02:00,,Confirmed,,,,,True,,,True,PRISMA,,https://platform.prisma-capacity.eu/,,Cross-Border Transmission IP within EU,0,False
1Physical Flowhour2022-03-02 00:00:00 +00:002022-03-02 01:00:00 +00:00BE-TSO-0001ITP-00542exitkWh/h,1,Physical Flow,hour,2022-03-02T01:00:00+01:00,2022-03-02T02:00:00+01:00,BE-TSO-0001,21X-BE-A-A0A0A-Y,Fluxys Belgium,ITP-00542,VIP Belgium - NCG,21Z000000000497Z,exit,kWh/h,,,12980030,2022-05-03T20:54:28+02:00,,Confirmed,,,,,True,,,True,PRISMA,,https://platform.prisma-capacity.eu/,,Cross-Border Transmission IP within EU,0,False
1Physical Flowhour2022-03-02 01:00:00 +00:002022-03-02 02:00:00 +00:00BE-TSO-0001ITP-00542exitkWh/h,1,Physical Flow,hour,2022-03-02T02:00:00+01:00,2022-03-02T03:00:00+01:00,BE-TSO-0001,21X-BE-A-A0A0A-Y,Fluxys Belgium,ITP-00542,VIP Belgium - NCG,21Z000000000497Z,exit,kWh/h,,,12980540,2022-05-03T20:54:28+02:00,,Confirmed,,,,,True,,,True,PRISMA,,https://platform.prisma-capacity.eu/,,Cross-Border Transmission IP within EU,0,False
1Physical Flowhour2022-03-02 02:00:00 +00:002022-03-02 03:00:00 +00:00BE-TSO-0001ITP-00542exitkWh/h,1,Physical Flow,hour,2022-03-02T03:00:00+01:00,2022-03-02T04:00:00+01:00,BE-TSO-0001,21X-BE-A-A0A0A-Y,Fluxys Belgium,ITP-00542,VIP Belgium - NCG,21Z000000000497Z,exit,kWh/h,,,12987851,2022-05-03T20:54:28+02:00,,Confirmed,,,,,True,,,True,PRISMA,,https://platform.prisma-capacity.eu/,,Cross-Border Transmission IP within EU,0,False
1Physical Flowhour2022-03-02 03:00:00 +00:002022-03-02 04:00:00 +00:00BE-TSO-0001ITP-00542exitkWh/h,1,Physical Flow,hour,2022-03-02T04:00:00+01:00,2022-03-02T05:00:00+01:00,BE-TSO-0001,21X-BE-A-A0A0A-Y,Fluxys Belgium,ITP-00542,VIP Belgium - NCG,21Z000000000497Z,exit,kWh/h,,,12977317,2022-05-03T20:54:28+02:00,,Confirmed,,,,,True,,,True,PRISMA,,https://platform.prisma-capacity.eu/,,Cross-Border Transmission IP within EU,0,False
1Physical Flowhour2022-03-02 04:00:00 +00:002022-03-02 05:00:00 +00:00BE-TSO-0001ITP-00542exitkWh/h,1,Physical Flow,hour,2022-03-02T05:00:00+01:00,2022-03-02T06:00:00+01:00,BE-TSO-0001,21X-BE-A-A0A0A-Y,Fluxys Belgium,ITP-00542,VIP Belgium - NCG,21Z000000000497Z,exit,kWh/h,,,12870117,2022-05-03T20:54:28+02:00,,Confirmed,,,,,True,,,True,PRISMA,,https://platform.prisma-capacity.eu/,,Cross-Border Transmission IP within EU,0,False
1Physical Flowhour2022-03-02 05:00:00 +00:002022-03-02 06:00:00 +00:00BE-TSO-0001ITP-00542exitkWh/h,1,Physical Flow,hour,2022-03-02T06:00:00+01:00,2022-03-02T07:00:00+01:00,BE-TSO-0001,21X-BE-A-A0A0A-Y,Fluxys Belgium,ITP-00542,VIP Belgium - NCG,21Z000000000497Z,exit,kWh/h,,,8528470,2022-05-03T20:54:28+02:00,,Confirmed,,,,,True,,,True,PRISMA,,https://platform.prisma-capacity.eu/,,Cross-Border Transmission IP within EU,0,False
1Physical Flowhour2022-03-02 06:00:00 +00:002022-03-02 07:00:00 +00:00BE-TSO-0001ITP-00542exitkWh/h,1,Physical Flow,hour,2022-03-02T07:00:00+01:00,2022-03-02T08:00:00+01:00,BE-TSO-0001,21X-BE-A-A0A0A-Y,Fluxys Belgium,ITP-00542,VIP Belgium - NCG,21Z000000000497Z,exit,kWh/h,,,8543875,2022-05-03T20:54:28+02:00,,Confirmed,,,,,True,,,True,PRISMA,,https://platform.prisma-capacity.eu/,,Cross-Border Transmission IP within EU,0,False
1Physical Flowhour2022-03-02 07:00:00 +00:002022-03-02 08:00:00 +00:00BE-TSO-0001ITP-00542exitkWh/h,1,Physical Flow,hour,2022-03-02T08:00:00+01:00,2022-03-02T09:00:00+01:00,BE-TSO-0001,21X-BE-A-A0A0A-Y,Fluxys Belgium,ITP-00542,VIP Belgium - NCG,21Z000000000497Z,exit,kWh/h,,,8543011,2022-05-03T20:54:28+02:00,,Confirmed,,,,,True,,,True,PRISMA,,https://platform.prisma-capacity.eu/,,Cross-Border Transmission IP within EU,0,False
1Physical Flowhour2022-03-02 08:00:00 +00:002022-03-02 09:00:00 +00:00BE-TSO-0001ITP-00542exitkWh/h,1,Physical Flow,hour,2022-03-02T09:00:00+01:00,2022-03-02T10:00:00+01:00,BE-TSO-0001,21X-BE-A-A0A0A-Y,Fluxys Belgium,ITP-00542,VIP Belgium - NCG,21Z000000000497Z,exit,kWh/h,,,8541501,2022-05-03T20:54:28+02:00,,Confirmed,,,,,True,,,True,PRISMA,,https://platform.prisma-capacity.eu/,,Cross-Border Transmission IP within EU,0,False
1Physical Flowhour2022-03-02 09:00:00 +00:002022-03-02 10:00:00 +00:00BE-TSO-0001ITP-00542exitkWh/h,1,Physical Flow,hour,2022-03-02T10:00:00+01:00,2022-03-02T11:00:00+01:00,BE-TSO-0001,21X-BE-A-A0A0A-Y,Fluxys Belgium,ITP-00542,VIP Belgium - NCG,21Z000000000497Z,exit,kWh/h,,,8541938,2022-05-03T20:54:28+02:00,,Confirmed,,,,,True,,,True,PRISMA,,https://platform.prisma-capacity.eu/,,Cross-Border Transmission IP within EU,0,False
1Physical Flowhour2022-03-02 10:00:00 +00:002022-03-02 11:00:00 +00:00BE-TSO-0001ITP-00542exitkWh/h,1,Physical Flow,hour,2022-03-02T11:00:00+01:00,2022-03-02T12:00:00+01:00,BE-TSO-0001,21X-BE-A-A0A0A-Y,Fluxys Belgium,ITP-00542,VIP Belgium - NCG,21Z000000000497Z,exit,kWh/h,,,8540507,2022-05-03T20:54:28+02:00,,Confirmed,,,,,True,,,True,PRISMA,,https://platform.prisma-capacity.eu/,,Cross-Border Transmission IP within EU,0,False
1Physical Flowhour2022-03-02 11:00:00 +00:002022-03-02 12:00:00 +00:00BE-TSO-0001ITP-00542exitkWh/h,1,Physical Flow,hour,2022-03-02T12:00:00+01:00,2022-03-02T13:00:00+01:00,BE-TSO-0001,21X-BE-A-A0A0A-Y,Fluxys Belgium,ITP-00542,VIP Belgium - NCG,21Z000000000497Z,exit,kWh/h,,,8534924,2022-05-03T20:54:28+02:00,,Confirmed,,,,,True,,,True,PRISMA,,https://platform.prisma-capacity.eu/,,Cross-Border Transmission IP within EU,0,False
1Physical Flowhour2022-03-02 12:00:00 +00:002022-03-02 13:00:00 +00:00BE-TSO-0001ITP-00542exitkWh/h,1,Physical Flow,hour,2022-03-02T13:00:00+01:00,2022-03-02T14:00:00+01:00,BE-TSO-0001,21X-BE-A-A0A0A-Y,Fluxys Belgium,ITP-00542,VIP Belgium - NCG,21Z000000000497Z,exit,kWh/h,,,8535232,2022-05-03T20:54:28+02:00,,Confirmed,,,,,True,,,True,PRISMA,,https://platform.prisma-capacity.eu/,,Cross-Border Transmission IP within EU,0,False
1Physical Flowhour2022-03-02 13:00:00 +00:002022-03-02 14:00:00 +00:00BE-TSO-0001ITP-00542exitkWh/h,1,Physical Flow,hour,2022-03-02T14:00:00+01:00,2022-03-02T15:00:00+01:00,BE-TSO-0001,21X-BE-A-A0A0A-Y,Fluxys Belgium,ITP-00542,VIP Belgium - NCG,21Z000000000497Z,exit,kWh/h,,,8026312,2022-05-03T20:54:28+02:00,,Confirmed,,,,,True,,,True,PRISMA,,https://platform.prisma-capacity.eu/,,Cross-Border Transmission IP within EU,0,False
1Physical Flowhour2022-03-02 14:00:00 +00:002022-03-02 15:00:00 +00:00BE-TSO-0001ITP-00542exitkWh/h,1,Physical Flow,hour,2022-03-02T15:00:00+01:00,2022-03-02T16:00:00+01:00,BE-TSO-0001,21X-BE-A-A0A0A-Y,Fluxys Belgium,ITP-00542,VIP Belgium - NCG,21Z000000000497Z,exit,kWh/h,,,7928305,2022-05-03T20:54:28+02:00,,Confirmed,,,,,True,,,True,PRISMA,,https://platform.prisma-capacity.eu/,,Cross-Border Transmission IP within EU,0,False
1Physical Flowhour2022-03-02 15:00:00 +00:002022-03-02 16:00:00 +00:00BE-TSO-0001ITP-00542exitkWh/h,1,Physical Flow,hour,2022-03-02T16:00:00+01:00,2022-03-02T17:00:00+01:00,BE-TSO-0001,21X-BE-A-A0A0A-Y,Fluxys Belgium,ITP-00542,VIP Belgium - NCG,21Z000000000497Z,exit,kWh/h,,,8341719,2022-05-03T20:54:28+02:00,,Confirmed,,,,,True,,,True,PRISMA,,https://platform.prisma-capacity.eu/,,Cross-Border Transmission IP within EU,0,False
1Physical Flowhour2022-03-02 16:00:00 +00:002022-03-02 17:00:00 +00:00BE-TSO-0001ITP-00542exitkWh/h,1,Physical Flow,hour,2022-03-02T17:00:00+01:00,2022-03-02T18:00:00+01:00,BE-TSO-0001,21X-BE-A-A0A0A-Y,Fluxys Belgium,ITP-00542,VIP Belgium - NCG,21Z000000000497Z,exit,kWh/h,,,8436756,2022-05-03T20:54:28+02:00,,Confirmed,,,,,True,,,True,PRISMA,,https://platform.prisma-capacity.eu/,,Cross-Border Transmission IP within EU,0,False
1Physical Flowhour2022-03-02 17:00:00 +00:002022-03-02 18:00:00 +00:00BE-TSO-0001ITP-00542exitkWh/h,1,Physical Flow,hour,2022-03-02T18:00:00+01:00,2022-03-02T19:00:00+01:00,BE-TSO-0001,21X-BE-A-A0A0A-Y,Fluxys Belgium,ITP-00542,VIP Belgium - NCG,21Z000000000497Z,exit,kWh/h,,,8436287,2022-05-03T20:54:28+02:00,,Confirmed,,,,,True,,,True,PRISMA,,https://platform.prisma-capacity.eu/,,Cross-Border Transmission IP within EU,0,False
1Physical Flowhour2022-03-02 18:00:00 +00:002022-03-02 19:00:00 +00:00BE-TSO-0001ITP-00542exitkWh/h,1,Physical Flow,hour,2022-03-02T19:00:00+01:00,2022-03-02T20:00:00+01:00,BE-TSO-0001,21X-BE-A-A0A0A-Y,Fluxys Belgium,ITP-00542,VIP Belgium - NCG,21Z000000000497Z,exit,kWh/h,,,8459665,2022-05-03T20:54:28+02:00,,Confirmed,,,,,True,,,True,PRISMA,,https://platform.prisma-capacity.eu/,,Cross-Border Transmission IP within EU,0,False
1Physical Flowhour2022-03-02 19:00:00 +00:002022-03-02 20:00:00 +00:00BE-TSO-0001ITP-00542exitkWh/h,1,Physical Flow,hour,2022-03-02T20:00:00+01:00,2022-03-02T21:00:00+01:00,BE-TSO-0001,21X-BE-A-A0A0A-Y,Fluxys Belgium,ITP-00542,VIP Belgium - NCG,21Z000000000497Z,exit,kWh/h,,,8609442,2022-05-03T20:54:28+02:00,,Confirmed,,,,,True,,,True,PRISMA,,https://platform.prisma-capacity.eu/,,Cross-Border Transmission IP within EU,0,False
1Physical Flowhour2022-03-02 20:00:00 +00:002022-03-02 21:00:00 +00:00BE-TSO-0001ITP-00542exitkWh/h,1,Physical Flow,hour,2022-03-02T21:00:00+01:00,2022-03-02T22:00:00+01:00,BE-TSO-0001,21X-BE-A-A0A0A-Y,Fluxys Belgium,ITP-00542,VIP Belgium - NCG,21Z000000000497Z,exit,kWh/h,,,9197398,2022-05-03T20:54:28+02:00,,Confirmed,,,,,True,,,True,PRISMA,,https://platform.prisma-capacity.eu/,,Cross-Border Transmission IP within EU,0,False
1Physical Flowhour2022-03-02 21:00:00 +00:002022-03-02 22:00:00 +00:00BE-TSO-0001ITP-00542exitkWh/h,1,Physical Flow,hour,2022-03-02T22:00:00+01:00,2022-03-02T23:00:00+01:00,BE-TSO-0001,21X-BE-A-A0A0A-Y,Fluxys Belgium,ITP-00542,VIP Belgium - NCG,21Z000000000497Z,exit,kWh/h,,,9194539,2022-05-03T20:54:28+02:00,,Confirmed,,,,,True,,,True,PRISMA,,https://platform.prisma-capacity.eu/,,Cross-Border Transmission IP within EU,0,False
1Physical Flowhour2022-03-02 22:00:00 +00:002022-03-02 23:00:00 +00:00BE-TSO-0001ITP-00542exitkWh/h,1,Physical Flow,hour,2022-03-02T23:00:00+01:00,2022-03-03T00:00:00+01:00,BE-TSO-0001,21X-BE-A-A0A0A-Y,Fluxys Belgium,ITP-00542,VIP Belgium - NCG,21Z000000000497Z,exit,kWh/h,,,9195008,2022-05-03T20:54:28+02:00,,Confirmed,,,,,True,,,True,PRISMA,,https://platform.prisma-capacity.eu/,,Cross-Border Transmission IP within EU,0,False
1Physical Flowhour2022-03-02 23:00:00 +00:002022-03-03 00:00:00 +00:00BE-TSO-0001ITP-00542exitkWh/h,1,Physical Flow,hour,2022-03-03T00:00:00+01:00,2022-03-03T01:00:00+01:00,BE-TSO-0001,21X-BE-A-A0A0A-Y,Fluxys Belgium,ITP-00542,VIP Belgium - NCG,21Z000000000497Z,exit,kWh/h,,,9195014,2022-05-03T20:54:28+02:00,,Confirmed,,,,,True,,,True,PRISMA,,https://platform.prisma-capacity.eu/,,Cross-Border Transmission IP within EU,0,False
1Physical Flowhour2022-03-03 00:00:00 +00:002022-03-03 01:00:00 +00:00BE-TSO-0001ITP-00542exitkWh/h,1,Physical Flow,hour,2022-03-03T01:00:00+01:00,2022-03-03T02:00:00+01:00,BE-TSO-0001,21X-BE-A-A0A0A-Y,Fluxys Belgium,ITP-00542,VIP Belgium - NCG,21Z000000000497Z,exit,kWh/h,,,9192992,2022-05-03T20:54:28+02:00,,Confirmed,,,,,True,,,True,PRISMA,,https://platform.prisma-capacity.eu/,,Cross-Border Transmission IP within EU,0,False
1Physical Flowhour2022-03-03 01:00:00 +00:002022-03-03 02:00:00 +00:00BE-TSO-0001ITP-00542exitkWh/h,1,Physical Flow,hour,2022-03-03T02:00:00+01:00,2022-03-03T03:00:00+01:00,BE-TSO-0001,21X-BE-A-A0A0A-Y,Fluxys Belgium,ITP-00542,VIP Belgium - NCG,21Z000000000497Z,exit,kWh/h,,,10183581,2022-05-03T20:54:28+02:00,,Confirmed,,,,,True,,,True,PRISMA,,https://platform.prisma-capacity.eu/,,Cross-Border Transmission IP within EU,0,False
1Physical Flowhour2022-03-03 02:00:00 +00:002022-03-03 03:00:00 +00:00BE-TSO-0001ITP-00542exitkWh/h,1,Physical Flow,hour,2022-03-03T03:00:00+01:00,2022-03-03T04:00:00+01:00,BE-TSO-0001,21X-BE-A-A0A0A-Y,Fluxys Belgium,ITP-00542,VIP Belgium - NCG,21Z000000000497Z,exit,kWh/h,,,10175197,2022-05-03T20:54:28+02:00,,Confirmed,,,,,True,,,True,PRISMA,,https://platform.prisma-capacity.eu/,,Cross-Border Transmission IP within EU,0,False
1Physical Flowhour2022-03-03 03:00:00 +00:002022-03-03 04:00:00 +00:00BE-TSO-0001ITP-00542exitkWh/h,1,Physical Flow,hour,2022-03-03T04:00:00+01:00,2022-03-03T05:00:00+01:00,BE-TSO-0001,21X-BE-A-A0A0A-Y,Fluxys Belgium,ITP-00542,VIP Belgium - NCG,21Z000000000497Z,exit,kWh/h,,,10178175,2022-05-03T20:54:28+02:00,,Confirmed,,,,,True,,,True,PRISMA,,https://platform.prisma-capacity.eu/,,Cross-Border Transmission IP within EU,0,False
1Physical Flowhour2022-03-03 04:00:00 +00:002022-03-03 05:00:00 +00:00BE-TSO-0001ITP-00542exitkWh/h,1,Physical Flow,hour,2022-03-03T05:00:00+01:00,2022-03-03T06:00:00+01:00,BE-TSO-0001,21X-BE-A-A0A0A-Y,Fluxys Belgium,ITP-00542,VIP Belgium - NCG,21Z000000000497Z,exit,kWh/h,,,10174427,2022-05-03T20:54:28+02:00,,Confirmed,,,,,True,,,True,PRISMA,,https://platform.prisma-capacity.eu/,,Cross-Border Transmission IP within EU,0,False
1Physical Flowhour2022-03-03 05:00:00 +00:002022-03-03 06:00:00 +00:00BE-TSO-0001ITP-00542exitkWh/h,1,Physical Flow,hour,2022-03-03T06:00:00+01:00,2022-03-03T07:00:00+01:00,BE-TSO-0001,21X-BE-A-A0A0A-Y,Fluxys Belgium,ITP-00542,VIP Belgium - NCG,21Z000000000497Z,exit,kWh/h,,,11034469,2022-05-03T20:54:28+02:00,,Confirmed,,,,,True,,,True,PRISMA,,https://platform.prisma-capacity.eu/,,Cross-Border Transmission IP within EU,0,False
1Physical Flowhour2022-03-03 06:00:00 +00:002022-03-03 07:00:00 +00:00BE-TSO-0001ITP-00542exitkWh/h,1,Physical Flow,hour,2022-03-03T07:00:00+01:00,2022-03-03T08:00:00+01:00,BE-TSO-0001,21X-BE-A-A0A0A-Y,Fluxys Belgium,ITP-00542,VIP Belgium - NCG,21Z000000000497Z,exit,kWh/h,,,11026165,2022-05-03T20:54:28+02:00,,Confirmed,,,,,True,,,True,PRISMA,,https://platform.prisma-capacity.eu/,,Cross-Border Transmission IP within EU,0,False
1Physical Flowhour2022-03-03 07:00:00 +00:002022-03-03 08:00:00 +00:00BE-TSO-0001ITP-00542exitkWh/h,1,Physical Flow,hour,2022-03-03T08:00:00+01:00,2022-03-03T09:00:00+01:00,BE-TSO-0001,21X-BE-A-A0A0A-Y,Fluxys Belgium,ITP-00542,VIP Belgium - NCG,21Z000000000497Z,exit,kWh/h,,,11031101,2022-05-03T20:54:28+02:00,,Confirmed,,,,,True,,,True,PRISMA,,https://platform.prisma-capacity.eu/,,Cross-Border Transmission IP within EU,0,False
1Physical Flowhour2022-03-03 08:00:00 +00:002022-03-03 09:00:00 +00:00BE-TSO-0001ITP-00542exitkWh/h,1,Physical Flow,hour,2022-03-03T09:00:00+01:00,2022-03-03T10:00:00+01:00,BE-TSO-0001,21X-BE-A-A0A0A-Y,Fluxys Belgium,ITP-00542,VIP Belgium - NCG,21Z000000000497Z,exit,kWh/h,,,9019138,2022-05-03T20:54:28+02:00,,Confirmed,,,,,True,,,True,PRISMA,,https://platform.prisma-capacity.eu/,,Cross-Border Transmission IP within EU,0,False
1Physical Flowhour2022-03-03 09:00:00 +00:002022-03-03 10:00:00 +00:00BE-TSO-0001ITP-00542exitkWh/h,1,Physical Flow,hour,2022-03-03T10:00:00+01:00,2022-03-03T11:00:00+01:00,BE-TSO-0001,21X-BE-A-A0A0A-Y,Fluxys Belgium,ITP-00542,VIP Belgium - NCG,21Z000000000497Z,exit,kWh/h,,,9029527,2022-05-03T20:54:28+02:00,,Confirmed,,,,,True,,,True,PRISMA,,https://platform.prisma-capacity.eu/,,Cross-Border Transmission IP within EU,0,False
1Physical Flowhour2022-03-03 10:00:00 +00:002022-03-03 11:00:00 +00:00BE-TSO-0001ITP-00542exitkWh/h,1,Physical Flow,hour,2022-03-03T11:00:00+01:00,2022-03-03T12:00:00+01:00,BE-TSO-0001,21X-BE-A-A0A0A-Y,Fluxys Belgium,ITP-00542,VIP Belgium - NCG,21Z000000000497Z,exit,kWh/h,,,9024491,2022-05-03T20:54:28+02:00,,Confirmed,,,,,True,,,True,PRISMA,,https://platform.prisma-capacity.eu/,,Cross-Border Transmission IP within EU,0,False
1Physical Flowhour2022-03-03 11:00:00 +00:002022-03-03 12:00:00 +00:00BE-TSO-0001ITP-00542exitkWh/h,1,Physical Flow,hour,2022-03-03T12:00:00+01:00,2022-03-03T13:00:00+01:00,BE-TSO-0001,21X-BE-A-A0A0A-Y,Fluxys Belgium,ITP-00542,VIP Belgium - NCG,21Z000000000497Z,exit,kWh/h,,,9023688,2022-05-03T20:54:28+02:00,,Confirmed,,,,,True,,,True,PRISMA,,https://platform.prisma-capacity.eu/,,Cross-Border Transmission IP within EU,0,False
1Physical Flowhour2022-03-03 12:00:00 +00:002022-03-03 13:00:00 +00:00BE-TSO-0001ITP-00542exitkWh/h,1,Physical Flow,hour,2022-03-03T13:00:00+01:00,2022-03-03T14:00:00+01:00,BE-TSO-0001,21X-BE-A-A0A0A-Y,Fluxys Belgium,ITP-00542,VIP Belgium - NCG,21Z000000000497Z,exit,kWh/h,,,9299737,2022-05-03T20:54:28+02:00,,Confirmed,,,,,True,,,True,PRISMA,,https://platform.prisma-capacity.eu/,,Cross-Border Transmission IP within EU,0,False
1Physical Flowhour2022-03-03 13:00:00 +00:002022-03-03 14:00:00 +00:00BE-TSO-0001ITP-00542exitkWh/h,1,Physical Flow,hour,2022-03-03T14:00:00+01:00,2022-03-03T15:00:00+01:00,BE-TSO-0001,21X-BE-A-A0A0A-Y,Fluxys Belgium,ITP-00542,VIP Belgium - NCG,21Z000000000497Z,exit,kWh/h,,,9296560,2022-05-03T20:54:28+02:00,,Confirmed,,,,,True,,,True,PRISMA,,https://platform.prisma-capacity.eu/,,Cross-Border Transmission IP within EU,0,False
1Physical Flowhour2022-03-03 14:00:00 +00:002022-03-03 15:00:00 +00:00BE-TSO-0001ITP-00542exitkWh/h,1,Physical Flow,hour,2022-03-03T15:00:00+01:00,2022-03-03T16:00:00+01:00,BE-TSO-0001,21X-BE-A-A0A0A-Y,Fluxys Belgium,ITP-00542,VIP Belgium - NCG,21Z000000000497Z,exit,kWh/h,,,9709377,2022-05-03T20:54:28+02:00,,Confirmed,,,,,True,,,True,PRISMA,,https://platform.prisma-capacity.eu/,,Cross-Border Transmission IP within EU,0,False
1Physical Flowhour2022-03-03 15:00:00 +00:002022-03-03 16:00:00 +00:00BE-TSO-0001ITP-00542exitkWh/h,1,Physical Flow,hour,2022-03-03T16:00:00+01:00,2022-03-03T17:00:00+01:00,BE-TSO-0001,21X-BE-A-A0A0A-Y,Fluxys Belgium,ITP-00542,VIP Belgium - NCG,21Z000000000497Z,exit,kWh/h,,,11047195,2022-05-03T20:54:28+02:00,,Confirmed,,,,,True,,,True,PRISMA,,https://platform.prisma-capacity.eu/,,Cross-Border Transmission IP within EU,0,False
1Physical Flowhour2022-03-03 16:00:00 +00:002022-03-03 17:00:00 +00:00BE-TSO-0001ITP-00542exitkWh/h,1,Physical Flow,hour,2022-03-03T17:00:00+01:00,2022-03-03T18:00:00+01:00,BE-TSO-0001,21X-BE-A-A0A0A-Y,Fluxys Belgium,ITP-00542,VIP Belgium - NCG,21Z000000000497Z,exit,kWh/h,,,11202175,2022-05-03T20:54:28+02:00,,Confirmed,,,,,True,,,True,PRISMA,,https://platform.prisma-capacity.eu/,,Cross-Border Transmission IP within EU,0,False
1Physical Flowhour2022-03-03 17:00:00 +00:002022-03-03 18:00:00 +00:00BE-TSO-0001ITP-00542exitkWh/h,1,Physical Flow,hour,2022-03-03T18:00:00+01:00,2022-03-03T19:00:00+01:00,BE-TSO-0001,21X-BE-A-A0A0A-Y,Fluxys Belgium,ITP-00542,VIP Belgium - NCG,21Z000000000497Z,exit,kWh/h,,,11193405,2022-05-03T20:54:28+02:00,,Confirmed,,,,,True,,,True,PRISMA,,https://platform.prisma-capacity.eu/,,Cross-Border Transmission IP within EU,0,False
1Physical Flowhour2022-03-03 18:00:00 +00:002022-03-03 19:00:00 +00:00BE-TSO-0001ITP-00542exitkWh/h,1,Physical Flow,hour,2022-03-03T19:00:00+01:00,2022-03-03T20:00:00+01:00,BE-TSO-0001,21X-BE-A-A0A0A-Y,Fluxys Belgium,ITP-00542,VIP Belgium - NCG,21Z000000000497Z,exit,kWh/h,,,11177797,2022-05-03T20:54:28+02:00,,Confirmed,,,,,True,,,True,PRISMA,,https://platform.prisma-capacity.eu/,,Cross-Border Transmission IP within EU,0,False
1Physical Flowhour2022-03-03 19:00:00 +00:002022-03-03 20:00:00 +00:00BE-TSO-0001ITP-00542exitkWh/h,1,Physical Flow,hour,2022-03-03T20:00:00+01:00,2022-03-03T21:00:00+01:00,BE-TSO-0001,21X-BE-A-A0A0A-Y,Fluxys Belgium,ITP-00542,VIP Belgium - NCG,21Z000000000497Z,exit,kWh/h,,,11070522,2022-05-03T20:54:28+02:00,,Confirmed,,,,,True,,,True,PRISMA,,https://platform.prisma-capacity.eu/,,Cross-Border Transmission IP within EU,0,False
1Physical Flowhour2022-03-03 20:00:00 +00:002022-03-03 21:00:00 +00:00BE-TSO-0001ITP-00542exitkWh/h,1,Physical Flow,hour,2022-03-03T21:00:00+01:00,2022-03-03T22:00:00+01:00,BE-TSO-0001,21X-BE-A-A0A0A-Y,Fluxys Belgium,ITP-00542,VIP Belgium - NCG,21Z000000000497Z,exit,kWh/h,,,10673618,2022-05-03T20:54:28+02:00,,Confirmed,,,,,True,,,True,PRISMA,,https://platform.prisma-capacity.eu/,,Cross-Border Transmission IP within EU,0,False
1Physical Flowhour2022-03-03 21:00:00 +00:002022-03-03 22:00:00 +00:00BE-TSO-0001ITP-00542exitkWh/h,1,Physical Flow,hour,2022-03-03T22:00:00+01:00,2022-03-03T23:00:00+01:00,BE-TSO-0001,21X-BE-A-A0A0A-Y,Fluxys Belgium,ITP-00542,VIP Belgium - NCG,21Z000000000497Z,exit,kWh/h,,,10558309,2022-05-03T20:54:28+02:00,,Confirmed,,,,,True,,,True,PRISMA,,https://platform.prisma-capacity.eu/,,Cross-Border Transmission IP within EU,0,False
1Physical Flowhour2022-03-03 22:00:00 +00:002022-03-03 23:00:00 +00:00BE-TSO-0001ITP-00542exitkWh/h,1,Physical Flow,hour,2022-03-03T23:00:00+01:00,2022-03-04T00:00:00+01:00,BE-TSO-0001,21X-BE-A-A0A0A-Y,Fluxys Belgium,ITP-00542,VIP Belgium - NCG,21Z000000000497Z,exit,kWh/h,,,10799401,2022-05-03T20:54:28+02:00,,Confirmed,,,,,True,,,True,PRISMA,,https://platform.prisma-capacity.eu/,,Cross-Border Transmission IP within EU,0,False
1Physical Flowhour2022-03-03 23:00:00 +00:002022-03-04 00:00:00 +00:00BE-TSO-0001ITP-00542exitkWh/h,1,Physical Flow,hour,2022-03-04T00:00:00+01:00,2022-03-04T01:00:00+01:00,BE-TSO-0001,21X-BE-A-A0A0A-Y,Fluxys Belgium,ITP-00542,VIP Belgium - NCG,21Z000000000497Z,exit,kWh/h,,,12705865,2022-05-03T20:54:28+02:00,,Confirmed,,,,,True,,,True,PRISMA,,https://platform.prisma-capacity.eu/,,Cross-Border Transmission IP within EU,0,False
1Physical Flowhour2022-03-04 00:00:00 +00:002022-03-04 01:00:00 +00:00BE-TSO-0001ITP-00542exitkWh/h,1,Physical Flow,hour,2022-03-04T01:00:00+01:00,2022-03-04T02:00:00+01:00,BE-TSO-0001,21X-BE-A-A0A0A-Y,Fluxys Belgium,ITP-00542,VIP Belgium - NCG,21Z000000000497Z,exit,kWh/h,,,13066198,2022-05-03T20:54:28+02:00,,Confirmed,,,,,True,,,True,PRISMA,,https://platform.prisma-capacity.eu/,,Cross-Border Transmission IP within EU,0,False
1Physical Flowhour2022-03-04 01:00:00 +00:002022-03-04 02:00:00 +00:00BE-TSO-0001ITP-00542exitkWh/h,1,Physical Flow,hour,2022-03-04T02:00:00+01:00,2022-03-04T03:00:00+01:00,BE-TSO-0001,21X-BE-A-A0A0A-Y,Fluxys Belgium,ITP-00542,VIP Belgium - NCG,21Z000000000497Z,exit,kWh/h,,,13166141,2022-05-03T20:54:28+02:00,,Confirmed,,,,,True,,,True,PRISMA,,https://platform.prisma-capacity.eu/,,Cross-Border Transmission IP within EU,0,False
1Physical Flowhour2022-03-04 02:00:00 +00:002022-03-04 03:00:00 +00:00BE-TSO-0001ITP-00542exitkWh/h,1,Physical Flow,hour,2022-03-04T03:00:00+01:00,2022-03-04T04:00:00+01:00,BE-TSO-0001,21X-BE-A-A0A0A-Y,Fluxys Belgium,ITP-00542,VIP Belgium - NCG,21Z000000000497Z,exit,kWh/h,,,13517654,2022-05-03T20:54:28+02:00,,Confirmed,,,,,True,,,True,PRISMA,,https://platform.prisma-capacity.eu/,,Cross-Border Transmission IP within EU,0,False
1Physical Flowhour2022-03-04 03:00:00 +00:002022-03-04 04:00:00 +00:00BE-TSO-0001ITP-00542exitkWh/h,1,Physical Flow,hour,2022-03-04T04:00:00+01:00,2022-03-04T05:00:00+01:00,BE-TSO-0001,21X-BE-A-A0A0A-Y,Fluxys Belgium,ITP-00542,VIP Belgium - NCG,21Z000000000497Z,exit,kWh/h,,,13544619,2022-05-03T20:54:28+02:00,,Confirmed,,,,,True,,,True,PRISMA,,https://platform.prisma-capacity.eu/,,Cross-Border Transmission IP within EU,0,False
1Physical Flowhour2022-03-04 04:00:00 +00:002022-03-04 05:00:00 +00:00BE-TSO-0001ITP-00542exitkWh/h,1,Physical Flow,hour,2022-03-04T05:00:00+01:00,2022-03-04T06:00:00+01:00,BE-TSO-0001,21X-BE-A-A0A0A-Y,Fluxys Belgium,ITP-00542,VIP Belgium - NCG,21Z000000000497Z,exit,kWh/h,,,13466167,2022-05-03T20:54:28+02:00,,Confirmed,,,,,True,,,True,PRISMA,,https://platform.prisma-capacity.eu/,,Cross-Border Transmission IP within EU,0,False
1Physical Flowhour2022-03-04 05:00:00 +00:002022-03-04 06:00:00 +00:00BE-TSO-0001ITP-00542exitkWh/h,1,Physical Flow,hour,2022-03-04T06:00:00+01:00,2022-03-04T07:00:00+01:00,BE-TSO-0001,21X-BE-A-A0A0A-Y,Fluxys Belgium,ITP-00542,VIP Belgium - NCG,21Z000000000497Z,exit,kWh/h,,,10574155,2022-05-03T20:54:28+02:00,,Confirmed,,,,,True,,,True,PRISMA,,https://platform.prisma-capacity.eu/,,Cross-Border Transmission IP within EU,0,False
1Physical Flowhour2022-03-04 06:00:00 +00:002022-03-04 07:00:00 +00:00BE-TSO-0001ITP-00542exitkWh/h,1,Physical Flow,hour,2022-03-04T07:00:00+01:00,2022-03-04T08:00:00+01:00,BE-TSO-0001,21X-BE-A-A0A0A-Y,Fluxys Belgium,ITP-00542,VIP Belgium - NCG,21Z000000000497Z,exit,kWh/h,,,9851544,2022-05-03T20:54:28+02:00,,Confirmed,,,,,True,,,True,PRISMA,,https://platform.prisma-capacity.eu/,,Cross-Border Transmission IP within EU,0,False
1Physical Flowhour2022-03-04 07:00:00 +00:002022-03-04 08:00:00 +00:00BE-TSO-0001ITP-00542exitkWh/h,1,Physical Flow,hour,2022-03-04T08:00:00+01:00,2022-03-04T09:00:00+01:00,BE-TSO-0001,21X-BE-A-A0A0A-Y,Fluxys Belgium,ITP-00542,VIP Belgium - NCG,21Z000000000497Z,exit,kWh/h,,,9855908,2022-05-03T20:54:28+02:00,,Confirmed,,,,,True,,,True,PRISMA,,https://platform.prisma-capacity.eu/,,Cross-Border Transmission IP within EU,0,False
1Physical Flowhour2022-03-04 08:00:00 +00:002022-03-04 09:00:00 +00:00BE-TSO-0001ITP-00542exitkWh/h,1,Physical Flow,hour,2022-03-04T09:00:00+01:00,2022-03-04T10:00:00+01:00,BE-TSO-0001,21X-BE-A-A0A0A-Y,Fluxys Belgium,ITP-00542,VIP Belgium - NCG,21Z000000000497Z,exit,kWh/h,,,9578993,2022-05-03T20:54:28+02:00,,Confirmed,,,,,True,,,True,PRISMA,,https://platform.prisma-capacity.eu/,,Cross-Border Transmission IP within EU,0,False
1Physical Flowhour2022-03-04 09:00:00 +00:002022-03-04 10:00:00 +00:00BE-TSO-0001ITP-00542exitkWh/h,1,Physical Flow,hour,2022-03-04T10:00:00+01:00,2022-03-04T11:00:00+01:00,BE-TSO-0001,21X-BE-A-A0A0A-Y,Fluxys Belgium,ITP-00542,VIP Belgium - NCG,21Z000000000497Z,exit,kWh/h,,,9857069,2022-05-03T20:54:28+02:00,,Confirmed,,,,,True,,,True,PRISMA,,https://platform.prisma-capacity.eu/,,Cross-Border Transmission IP within EU,0,False
1Physical Flowhour2022-03-04 10:00:00 +00:002022-03-04 11:00:00 +00:00BE-TSO-0001ITP-00542exitkWh/h,1,Physical Flow,hour,2022-03-04T11:00:00+01:00,2022-03-04T12:00:00+01:00,BE-TSO-0001,21X-BE-A-A0A0A-Y,Fluxys Belgium,ITP-00542,VIP Belgium - NCG,21Z000000000497Z,exit,kWh/h,,,9853665,2022-05-03T20:54:28+02:00,,Confirmed,,,,,True,,,True,PRISMA,,https://platform.prisma-capacity.eu/,,Cross-Border Transmission IP within EU,0,False
1Physical Flowhour2022-03-04 11:00:00 +00:002022-03-04 12:00:00 +00:00BE-TSO-0001ITP-00542exitkWh/h,1,Physical Flow,hour,2022-03-04T12:00:00+01:00,2022-03-04T13:00:00+01:00,BE-TSO-0001,21X-BE-A-A0A0A-Y,Fluxys Belgium,ITP-00542,VIP Belgium - NCG,21Z000000000497Z,exit,kWh/h,,,9854543,2022-05-03T20:54:28+02:00,,Confirmed,,,,,True,,,True,PRISMA,,https://platform.prisma-capacity.eu/,,Cross-Border Transmission IP within EU,0,False
1Physical Flowhour2022-03-04 12:00:00 +00:002022-03-04 13:00:00 +00:00BE-TSO-0001ITP-00542exitkWh/h,1,Physical Flow,hour,2022-03-04T13:00:00+01:00,2022-03-04T14:00:00+01:00,BE-TSO-0001,21X-BE-A-A0A0A-Y,Fluxys Belgium,ITP-00542,VIP Belgium - NCG,21Z000000000497Z,exit,kWh/h,,,9855590,2022-05-03T20:54:28+02:00,,Confirmed,,,,,True,,,True,PRISMA,,https://platform.prisma-capacity.eu/,,Cross-Border Transmission IP within EU,0,False
1Physical Flowhour2022-03-04 13:00:00 +00:002022-03-04 14:00:00 +00:00BE-TSO-0001ITP-00542exitkWh/h,1,Physical Flow,hour,2022-03-04T14:00:00+01:00,2022-03-04T15:00:00+01:00,BE-TSO-0001,21X-BE-A-A0A0A-Y,Fluxys Belgium,ITP-00542,VIP Belgium - NCG,21Z000000000497Z,exit,kWh/h,,,9855479,2022-05-03T20:54:28+02:00,,Confirmed,,,,,True,,,True,PRISMA,,https://platform.prisma-capacity.eu/,,Cross-Border Transmission IP within EU,0,False
1Physical Flowhour2022-03-04 14:00:00 +00:002022-03-04 15:00:00 +00:00BE-TSO-0001ITP-00542exitkWh/h,1,Physical Flow,hour,2022-03-04T15:00:00+01:00,2022-03-04T16:00:00+01:00,BE-TSO-0001,21X-BE-A-A0A0A-Y,Fluxys Belgium,ITP-00542,VIP Belgium - NCG,21Z000000000497Z,exit,kWh/h,,,9855118,2022-05-03T20:54:28+02:00,,Confirmed,,,,,True,,,True,PRISMA,,https://platform.prisma-capacity.eu/,,Cross-Border Transmission IP within EU,0,False
1Physical Flowhour2022-03-04 15:00:00 +00:002022-03-04 16:00:00 +00:00BE-TSO-0001ITP-00542exitkWh/h,1,Physical Flow,hour,2022-03-04T16:00:00+01:00,2022-03-04T17:00:00+01:00,BE-TSO-0001,21X-BE-A-A0A0A-Y,Fluxys Belgium,ITP-00542,VIP Belgium - NCG,21Z000000000497Z,exit,kWh/h,,,9854130,2022-05-03T20:54:28+02:00,,Confirmed,,,,,True,,,True,PRISMA,,https://platform.prisma-capacity.eu/,,Cross-Border Transmission IP within EU,0,False
1Physical Flowhour2022-03-04 16:00:00 +00:002022-03-04 17:00:00 +00:00BE-TSO-0001ITP-00542exitkWh/h,1,Physical Flow,hour,2022-03-04T17:00:00+01:00,2022-03-04T18:00:00+01:00,BE-TSO-0001,21X-BE-A-A0A0A-Y,Fluxys Belgium,ITP-00542,VIP Belgium - NCG,21Z000000000497Z,exit,kWh/h,,,9854407,2022-05-03T20:54:28+02:00,,Confirmed,,,,,True,,,True,PRISMA,,https://platform.prisma-capacity.eu/,,Cross-Border Transmission IP within EU,0,False
1Physical Flowhour2022-03-04 17:00:00 +00:002022-03-04 18:00:00 +00:00BE-TSO-0001ITP-00542exitkWh/h,1,Physical Flow,hour,2022-03-04T18:00:00+01:00,2022-03-04T19:00:00+01:00,BE-TSO-0001,21X-BE-A-A0A0A-Y,Fluxys Belgium,ITP-00542,VIP Belgium - NCG,21Z000000000497Z,exit,kWh/h,,,10105235,2022-05-03T20:54:28+02:00,,Confirmed,,,,,True,,,True,PRISMA,,https://platform.prisma-capacity.eu/,,Cross-Border Transmission IP within EU,0,False
1Physical Flowhour2022-03-04 18:00:00 +00:002022-03-04 19:00:00 +00:00BE-TSO-0001ITP-00542exitkWh/h,1,Physical Flow,hour,2022-03-04T19:00:00+01:00,2022-03-04T20:00:00+01:00,BE-TSO-0001,21X-BE-A-A0A0A-Y,Fluxys Belgium,ITP-00542,VIP Belgium - NCG,21Z000000000497Z,exit,kWh/h,,,10268810,2022-05-03T20:54:28+02:00,,Confirmed,,,,,True,,,True,PRISMA,,https://platform.prisma-capacity.eu/,,Cross-Border Transmission IP within EU,0,False
1Physical Flowhour2022-03-04 19:00:00 +00:002022-03-04 20:00:00 +00:00BE-TSO-0001ITP-00542exitkWh/h,1,Physical Flow,hour,2022-03-04T20:00:00+01:00,2022-03-04T21:00:00+01:00,BE-TSO-0001,21X-BE-A-A0A0A-Y,Fluxys Belgium,ITP-00542,VIP Belgium - NCG,21Z000000000497Z,exit,kWh/h,,,10266778,2022-05-03T20:54:28+02:00,,Confirmed,,,,,True,,,True,PRISMA,,https://platform.prisma-capacity.eu/,,Cross-Border Transmission IP within EU,0,False
1Physical Flowhour2022-03-04 20:00:00 +00:002022-03-04 21:00:00 +00:00BE-TSO-0001ITP-00542exitkWh/h,1,Physical Flow,hour,2022-03-04T21:00:00+01:00,2022-03-04T22:00:00+01:00,BE-TSO-0001,21X-BE-A-A0A0A-Y,Fluxys Belgium,ITP-00542,VIP Belgium - NCG,21Z000000000497Z,exit,kWh/h,,,10685405,2022-05-03T20:54:28+02:00,,Confirmed,,,,,True,,,True,PRISMA,,https://platform.prisma-capacity.eu/,,Cross-Border Transmission IP within EU,0,False
1Physical Flowhour2022-03-04 21:00:00 +00:002022-03-04 22:00:00 +00:00BE-TSO-0001ITP-00542exitkWh/h,1,Physical Flow,hour,2022-03-04T22:00:00+01:00,2022-03-04T23:00:00+01:00,BE-TSO-0001,21X-BE-A-A0A0A-Y,Fluxys Belgium,ITP-00542,VIP Belgium - NCG,21Z000000000497Z,exit,kWh/h,,,10680993,2022-05-03T20:54:28+02:00,,Confirmed,,,,,True,,,True,PRISMA,,https://platform.prisma-capacity.eu/,,Cross-Border Transmission IP within EU,0,False
1Physical Flowhour2022-03-04 22:00:00 +00:002022-03-04 23:00:00 +00:00BE-TSO-0001ITP-00542exitkWh/h,1,Physical Flow,hour,2022-03-04T23:00:00+01:00,2022-03-05T00:00:00+01:00,BE-TSO-0001,21X-BE-A-A0A0A-Y,Fluxys Belgium,ITP-00542,VIP Belgium - NCG,21Z000000000497Z,exit,kWh/h,,,11142697,2022-05-03T20:54:28+02:00,,Confirmed,,,,,True,,,True,PRISMA,,https://platform.prisma-capacity.eu/,,Cross-Border Transmission IP within EU,0,False
1Physical Flowhour2022-03-04 23:00:00 +00:002022-03-05 00:00:00 +00:00BE-TSO-0001ITP-00542exitkWh/h,1,Physical Flow,hour,2022-03-05T00:00:00+01:00,2022-03-05T01:00:00+01:00,BE-TSO-0001,21X-BE-A-A0A0A-Y,Fluxys Belgium,ITP-00542,VIP Belgium - NCG,21Z000000000497Z,exit,kWh/h,,,11480919,2022-05-03T20:54:28+02:00,,Confirmed,,,,,True,,,True,PRISMA,,https://platform.prisma-capacity.eu/,,Cross-Border Transmission IP within EU,0,False
1Physical Flowhour2022-03-05 00:00:00 +00:002022-03-05 01:00:00 +00:00BE-TSO-0001ITP-00542exitkWh/h,1,Physical Flow,hour,2022-03-05T01:00:00+01:00,2022-03-05T02:00:00+01:00,BE-TSO-0001,21X-BE-A-A0A0A-Y,Fluxys Belgium,ITP-00542,VIP Belgium - NCG,21Z000000000497Z,exit,kWh/h,,,12917532,2022-05-03T20:54:28+02:00,,Confirmed,,,,,True,,,True,PRISMA,,https://platform.prisma-capacity.eu/,,Cross-Border Transmission IP within EU,0,False
1Physical Flowhour2022-03-05 01:00:00 +00:002022-03-05 02:00:00 +00:00BE-TSO-0001ITP-00542exitkWh/h,1,Physical Flow,hour,2022-03-05T02:00:00+01:00,2022-03-05T03:00:00+01:00,BE-TSO-0001,21X-BE-A-A0A0A-Y,Fluxys Belgium,ITP-00542,VIP Belgium - NCG,21Z000000000497Z,exit,kWh/h,,,12912277,2022-05-03T20:54:28+02:00,,Confirmed,,,,,True,,,True,PRISMA,,https://platform.prisma-capacity.eu/,,Cross-Border Transmission IP within EU,0,False
1Physical Flowhour2022-03-05 02:00:00 +00:002022-03-05 03:00:00 +00:00BE-TSO-0001ITP-00542exitkWh/h,1,Physical Flow,hour,2022-03-05T03:00:00+01:00,2022-03-05T04:00:00+01:00,BE-TSO-0001,21X-BE-A-A0A0A-Y,Fluxys Belgium,ITP-00542,VIP Belgium - NCG,21Z000000000497Z,exit,kWh/h,,,12914925,2022-05-03T20:54:28+02:00,,Confirmed,,,,,True,,,True,PRISMA,,https://platform.prisma-capacity.eu/,,Cross-Border Transmission IP within EU,0,False
1Physical Flowhour2022-03-05 03:00:00 +00:002022-03-05 04:00:00 +00:00BE-TSO-0001ITP-00542exitkWh/h,1,Physical Flow,hour,2022-03-05T04:00:00+01:00,2022-03-05T05:00:00+01:00,BE-TSO-0001,21X-BE-A-A0A0A-Y,Fluxys Belgium,ITP-00542,VIP Belgium - NCG,21Z000000000497Z,exit,kWh/h,,,12915533,2022-05-03T20:54:28+02:00,,Confirmed,,,,,True,,,True,PRISMA,,https://platform.prisma-capacity.eu/,,Cross-Border Transmission IP within EU,0,False
1Physical Flowhour2022-03-05 04:00:00 +00:002022-03-05 05:00:00 +00:00BE-TSO-0001ITP-00542exitkWh/h,1,Physical Flow,hour,2022-03-05T05:00:00+01:00,2022-03-05T06:00:00+01:00,BE-TSO-0001,21X-BE-A-A0A0A-Y,Fluxys Belgium,ITP-00542,VIP Belgium - NCG,21Z000000000497Z,exit,kWh/h,,,12915091,2022-05-03T20:54:28+02:00,,Confirmed,,,,,True,,,True,PRISMA,,https://platform.prisma-capacity.eu/,,Cross-Border Transmission IP within EU,0,False
1Physical Flowhour2022-03-05 05:00:00 +00:002022-03-05 06:00:00 +00:00BE-TSO-0001ITP-00542exitkWh/h,1,Physical Flow,hour,2022-03-05T06:00:00+01:00,2022-03-05T07:00:00+01:00,BE-TSO-0001,21X-BE-A-A0A0A-Y,Fluxys Belgium,ITP-00542,VIP Belgium - NCG,21Z000000000497Z,exit,kWh/h,,,8279666,2022-05-03T20:54:28+02:00,,Confirmed,,,,,True,,,True,PRISMA,,https://platform.prisma-capacity.eu/,,Cross-Border Transmission IP within EU,0,False
1Physical Flowhour2022-03-05 06:00:00 +00:002022-03-05 07:00:00 +00:00BE-TSO-0001ITP-00542exitkWh/h,1,Physical Flow,hour,2022-03-05T07:00:00+01:00,2022-03-05T08:00:00+01:00,BE-TSO-0001,21X-BE-A-A0A0A-Y,Fluxys Belgium,ITP-00542,VIP Belgium - NCG,21Z000000000497Z,exit,kWh/h,,,7447929,2022-05-03T20:54:28+02:00,,Confirmed,,,,,True,,,True,PRISMA,,https://platform.prisma-capacity.eu/,,Cross-Border Transmission IP within EU,0,False
1Physical Flowhour2022-03-05 07:00:00 +00:002022-03-05 08:00:00 +00:00BE-TSO-0001ITP-00542exitkWh/h,1,Physical Flow,hour,2022-03-05T08:00:00+01:00,2022-03-05T09:00:00+01:00,BE-TSO-0001,21X-BE-A-A0A0A-Y,Fluxys Belgium,ITP-00542,VIP Belgium - NCG,21Z000000000497Z,exit,kWh/h,,,7451250,2022-05-03T20:54:28+02:00,,Confirmed,,,,,True,,,True,PRISMA,,https://platform.prisma-capacity.eu/,,Cross-Border Transmission IP within EU,0,False
1Physical Flowhour2022-03-05 08:00:00 +00:002022-03-05 09:00:00 +00:00BE-TSO-0001ITP-00542exitkWh/h,1,Physical Flow,hour,2022-03-05T09:00:00+01:00,2022-03-05T10:00:00+01:00,BE-TSO-0001,21X-BE-A-A0A0A-Y,Fluxys Belgium,ITP-00542,VIP Belgium - NCG,21Z000000000497Z,exit,kWh/h,,,7450190,2022-05-03T20:54:28+02:00,,Confirmed,,,,,True,,,True,PRISMA,,https://platform.prisma-capacity.eu/,,Cross-Border Transmission IP within EU,0,False
1Physical Flowhour2022-03-05 09:00:00 +00:002022-03-05 10:00:00 +00:00BE-TSO-0001ITP-00542exitkWh/h,1,Physical Flow,hour,2022-03-05T10:00:00+01:00,2022-03-05T11:00:00+01:00,BE-TSO-0001,21X-BE-A-A0A0A-Y,Fluxys Belgium,ITP-00542,VIP Belgium - NCG,21Z000000000497Z,exit,kWh/h,,,7451454,2022-05-03T20:54:28+02:00,,Confirmed,,,,,True,,,True,PRISMA,,https://platform.prisma-capacity.eu/,,Cross-Border Transmission IP within EU,0,False
1Physical Flowhour2022-03-05 10:00:00 +00:002022-03-05 11:00:00 +00:00BE-TSO-0001ITP-00542exitkWh/h,1,Physical Flow,hour,2022-03-05T11:00:00+01:00,2022-03-05T12:00:00+01:00,BE-TSO-0001,21X-BE-A-A0A0A-Y,Fluxys Belgium,ITP-00542,VIP Belgium - NCG,21Z000000000497Z,exit,kWh/h,,,7451729,2022-05-03T20:54:28+02:00,,Confirmed,,,,,True,,,True,PRISMA,,https://platform.prisma-capacity.eu/,,Cross-Border Transmission IP within EU,0,False
1Physical Flowhour2022-03-05 11:00:00 +00:002022-03-05 12:00:00 +00:00BE-TSO-0001ITP-00542exitkWh/h,1,Physical Flow,hour,2022-03-05T12:00:00+01:00,2022-03-05T13:00:00+01:00,BE-TSO-0001,21X-BE-A-A0A0A-Y,Fluxys Belgium,ITP-00542,VIP Belgium - NCG,21Z000000000497Z,exit,kWh/h,,,7453135,2022-05-03T20:54:28+02:00,,Confirmed,,,,,True,,,True,PRISMA,,https://platform.prisma-capacity.eu/,,Cross-Border Transmission IP within EU,0,False
1Physical Flowhour2022-03-05 12:00:00 +00:002022-03-05 13:00:00 +00:00BE-TSO-0001ITP-00542exitkWh/h,1,Physical Flow,hour,2022-03-05T13:00:00+01:00,2022-03-05T14:00:00+01:00,BE-TSO-0001,21X-BE-A-A0A0A-Y,Fluxys Belgium,ITP-00542,VIP Belgium - NCG,21Z000000000497Z,exit,kWh/h,,,6050311,2022-05-03T20:54:28+02:00,,Confirmed,,,,,True,,,True,PRISMA,,https://platform.prisma-capacity.eu/,,Cross-Border Transmission IP within EU,0,False
1Physical Flowhour2022-03-05 13:00:00 +00:002022-03-05 14:00:00 +00:00BE-TSO-0001ITP-00542exitkWh/h,1,Physical Flow,hour,2022-03-05T14:00:00+01:00,2022-03-05T15:00:00+01:00,BE-TSO-0001,21X-BE-A-A0A0A-Y,Fluxys Belgium,ITP-00542,VIP Belgium - NCG,21Z000000000497Z,exit,kWh/h,,,6288453,2022-05-03T20:54:28+02:00,,Confirmed,,,,,True,,,True,PRISMA,,https://platform.prisma-capacity.eu/,,Cross-Border Transmission IP within EU,0,False
1Physical Flowhour2022-03-05 14:00:00 +00:002022-03-05 15:00:00 +00:00BE-TSO-0001ITP-00542exitkWh/h,1,Physical Flow,hour,2022-03-05T15:00:00+01:00,2022-03-05T16:00:00+01:00,BE-TSO-0001,21X-BE-A-A0A0A-Y,Fluxys Belgium,ITP-00542,VIP Belgium - NCG,21Z000000000497Z,exit,kWh/h,,,6036533,2022-05-03T20:54:28+02:00,,Confirmed,,,,,True,,,True,PRISMA,,https://platform.prisma-capacity.eu/,,Cross-Border Transmission IP within EU,0,False
1Physical Flowhour2022-03-05 15:00:00 +00:002022-03-05 16:00:00 +00:00BE-TSO-0001ITP-00542exitkWh/h,1,Physical Flow,hour,2022-03-05T16:00:00+01:00,2022-03-05T17:00:00+01:00,BE-TSO-0001,21X-BE-A-A0A0A-Y,Fluxys Belgium,ITP-00542,VIP Belgium - NCG,21Z000000000497Z,exit,kWh/h,,,6442646,2022-05-03T20:54:28+02:00,,Confirmed,,,,,True,,,True,PRISMA,,https://platform.prisma-capacity.eu/,,Cross-Border Transmission IP within EU,0,False
1Physical Flowhour2022-03-05 16:00:00 +00:002022-03-05 17:00:00 +00:00BE-TSO-0001ITP-00542exitkWh/h,1,Physical Flow,hour,2022-03-05T17:00:00+01:00,2022-03-05T18:00:00+01:00,BE-TSO-0001,21X-BE-A-A0A0A-Y,Fluxys Belgium,ITP-00542,VIP Belgium - NCG,21Z000000000497Z,exit,kWh/h,,,6703786,2022-05-03T20:54:28+02:00,,Confirmed,,,,,True,,,True,PRISMA,,https://platform.prisma-capacity.eu/,,Cross-Border Transmission IP within EU,0,False
1Physical Flowhour2022-03-05 17:00:00 +00:002022-03-05 18:00:00 +00:00BE-TSO-0001ITP-00542exitkWh/h,1,Physical Flow,hour,2022-03-05T18:00:00+01:00,2022-03-05T19:00:00+01:00,BE-TSO-0001,21X-BE-A-A0A0A-Y,Fluxys Belgium,ITP-00542,VIP Belgium - NCG,21Z000000000497Z,exit,kWh/h,,,6448522,2022-05-03T20:54:28+02:00,,Confirmed,,,,,True,,,True,PRISMA,,https://platform.prisma-capacity.eu/,,Cross-Border Transmission IP within EU,0,False
1Physical Flowhour2022-03-05 18:00:00 +00:002022-03-05 19:00:00 +00:00BE-TSO-0001ITP-00542exitkWh/h,1,Physical Flow,hour,2022-03-05T19:00:00+01:00,2022-03-05T20:00:00+01:00,BE-TSO-0001,21X-BE-A-A0A0A-Y,Fluxys Belgium,ITP-00542,VIP Belgium - NCG,21Z000000000497Z,exit,kWh/h,,,6451229,2022-05-03T20:54:28+02:00,,Confirmed,,,,,True,,,True,PRISMA,,https://platform.prisma-capacity.eu/,,Cross-Border Transmission IP within EU,0,False
1Physical Flowhour2022-03-05 19:00:00 +00:002022-03-05 20:00:00 +00:00BE-TSO-0001ITP-00542exitkWh/h,1,Physical Flow,hour,2022-03-05T20:00:00+01:00,2022-03-05T21:00:00+01:00,BE-TSO-0001,21X-BE-A-A0A0A-Y,Fluxys Belgium,ITP-00542,VIP Belgium - NCG,21Z000000000497Z,exit,kWh/h,,,6829733,2022-05-03T20:54:28+02:00,,Confirmed,,,,,True,,,True,PRISMA,,https://platform.prisma-capacity.eu/,,Cross-Border Transmission IP within EU,0,False
1Physical Flowhour2022-03-05 20:00:00 +00:002022-03-05 21:00:00 +00:00BE-TSO-0001ITP-00542exitkWh/h,1,Physical Flow,hour,2022-03-05T21:00:00+01:00,2022-03-05T22:00:00+01:00,BE-TSO-0001,21X-BE-A-A0A0A-Y,Fluxys Belgium,ITP-00542,VIP Belgium - NCG,21Z000000000497Z,exit,kWh/h,,,6830163,2022-05-03T20:54:28+02:00,,Confirmed,,,,,True,,,True,PRISMA,,https://platform.prisma-capacity.eu/,,Cross-Border Transmission IP within EU,0,False
1Physical Flowhour2022-03-05 21:00:00 +00:002022-03-05 22:00:00 +00:00BE-TSO-0001ITP-00542exitkWh/h,1,Physical Flow,hour,2022-03-05T22:00:00+01:00,2022-03-05T23:00:00+01:00,BE-TSO-0001,21X-BE-A-A0A0A-Y,Fluxys Belgium,ITP-00542,VIP Belgium - NCG,21Z000000000497Z,exit,kWh/h,,,6830156,2022-05-03T20:54:28+02:00,,Confirmed,,,,,True,,,True,PRISMA,,https://platform.prisma-capacity.eu/,,Cross-Border Transmission IP within EU,0,False
1Physical Flowhour2022-03-05 22:00:00 +00:002022-03-05 23:00:00 +00:00BE-TSO-0001ITP-00542exitkWh/h,1,Physical Flow,hour,2022-03-05T23:00:00+01:00,2022-03-06T00:00:00+01:00,BE-TSO-0001,21X-BE-A-A0A0A-Y,Fluxys Belgium,ITP-00542,VIP Belgium - NCG,21Z000000000497Z,exit,kWh/h,,,7036043,2022-05-03T20:54:28+02:00,,Confirmed,,,,,True,,,True,PRISMA,,https://platform.prisma-capacity.eu/,,Cross-Border Transmission IP within EU,0,False
1Physical Flowhour2022-03-05 23:00:00 +00:002022-03-06 00:00:00 +00:00BE-TSO-0001ITP-00542exitkWh/h,1,Physical Flow,hour,2022-03-06T00:00:00+01:00,2022-03-06T01:00:00+01:00,BE-TSO-0001,21X-BE-A-A0A0A-Y,Fluxys Belgium,ITP-00542,VIP Belgium - NCG,21Z000000000497Z,exit,kWh/h,,,7230075,2022-05-03T20:54:28+02:00,,Confirmed,,,,,True,,,True,PRISMA,,https://platform.prisma-capacity.eu/,,Cross-Border Transmission IP within EU,0,False
1Physical Flowhour2022-03-06 00:00:00 +00:002022-03-06 01:00:00 +00:00BE-TSO-0001ITP-00542exitkWh/h,1,Physical Flow,hour,2022-03-06T01:00:00+01:00,2022-03-06T02:00:00+01:00,BE-TSO-0001,21X-BE-A-A0A0A-Y,Fluxys Belgium,ITP-00542,VIP Belgium - NCG,21Z000000000497Z,exit,kWh/h,,,7228353,2022-05-03T20:54:28+02:00,,Confirmed,,,,,True,,,True,PRISMA,,https://platform.prisma-capacity.eu/,,Cross-Border Transmission IP within EU,0,False
1Physical Flowhour2022-03-06 01:00:00 +00:002022-03-06 02:00:00 +00:00BE-TSO-0001ITP-00542exitkWh/h,1,Physical Flow,hour,2022-03-06T02:00:00+01:00,2022-03-06T03:00:00+01:00,BE-TSO-0001,21X-BE-A-A0A0A-Y,Fluxys Belgium,ITP-00542,VIP Belgium - NCG,21Z000000000497Z,exit,kWh/h,,,7228699,2022-05-03T20:54:28+02:00,,Confirmed,,,,,True,,,True,PRISMA,,https://platform.prisma-capacity.eu/,,Cross-Border Transmission IP within EU,0,False
1Physical Flowhour2022-03-06 02:00:00 +00:002022-03-06 03:00:00 +00:00BE-TSO-0001ITP-00542exitkWh/h,1,Physical Flow,hour,2022-03-06T03:00:00+01:00,2022-03-06T04:00:00+01:00,BE-TSO-0001,21X-BE-A-A0A0A-Y,Fluxys Belgium,ITP-00542,VIP Belgium - NCG,21Z000000000497Z,exit,kWh/h,,,7483411,2022-05-03T20:54:28+02:00,,Confirmed,,,,,True,,,True,PRISMA,,https://platform.prisma-capacity.eu/,,Cross-Border Transmission IP within EU,0,False
1Physical Flowhour2022-03-06 03:00:00 +00:002022-03-06 04:00:00 +00:00BE-TSO-0001ITP-00542exitkWh/h,1,Physical Flow,hour,2022-03-06T04:00:00+01:00,2022-03-06T05:00:00+01:00,BE-TSO-0001,21X-BE-A-A0A0A-Y,Fluxys Belgium,ITP-00542,VIP Belgium - NCG,21Z000000000497Z,exit,kWh/h,,,7481950,2022-05-03T20:54:28+02:00,,Confirmed,,,,,True,,,True,PRISMA,,https://platform.prisma-capacity.eu/,,Cross-Border Transmission IP within EU,0,False
1Physical Flowhour2022-03-06 04:00:00 +00:002022-03-06 05:00:00 +00:00BE-TSO-0001ITP-00542exitkWh/h,1,Physical Flow,hour,2022-03-06T05:00:00+01:00,2022-03-06T06:00:00+01:00,BE-TSO-0001,21X-BE-A-A0A0A-Y,Fluxys Belgium,ITP-00542,VIP Belgium - NCG,21Z000000000497Z,exit,kWh/h,,,7484407,2022-05-03T20:54:28+02:00,,Confirmed,,,,,True,,,True,PRISMA,,https://platform.prisma-capacity.eu/,,Cross-Border Transmission IP within EU,0,False
1Physical Flowhour2022-03-06 05:00:00 +00:002022-03-06 06:00:00 +00:00BE-TSO-0001ITP-00542exitkWh/h,1,Physical Flow,hour,2022-03-06T06:00:00+01:00,2022-03-06T07:00:00+01:00,BE-TSO-0001,21X-BE-A-A0A0A-Y,Fluxys Belgium,ITP-00542,VIP Belgium - NCG,21Z000000000497Z,exit,kWh/h,,,7165490,2022-05-03T20:54:28+02:00,,Confirmed,,,,,True,,,True,PRISMA,,https://platform.prisma-capacity.eu/,,Cross-Border Transmission IP within EU,0,False
1Physical Flowhour2022-03-06 06:00:00 +00:002022-03-06 07:00:00 +00:00BE-TSO-0001ITP-00542exitkWh/h,1,Physical Flow,hour,2022-03-06T07:00:00+01:00,2022-03-06T08:00:00+01:00,BE-TSO-0001,21X-BE-A-A0A0A-Y,Fluxys Belgium,ITP-00542,VIP Belgium - NCG,21Z000000000497Z,exit,kWh/h,,,7166748,2022-05-03T20:54:28+02:00,,Confirmed,,,,,True,,,True,PRISMA,,https://platform.prisma-capacity.eu/,,Cross-Border Transmission IP within EU,0,False
1Physical Flowhour2022-03-06 07:00:00 +00:002022-03-06 08:00:00 +00:00BE-TSO-0001ITP-00542exitkWh/h,1,Physical Flow,hour,2022-03-06T08:00:00+01:00,2022-03-06T09:00:00+01:00,BE-TSO-0001,21X-BE-A-A0A0A-Y,Fluxys Belgium,ITP-00542,VIP Belgium - NCG,21Z000000000497Z,exit,kWh/h,,,7166898,2022-05-03T20:54:28+02:00,,Confirmed,,,,,True,,,True,PRISMA,,https://platform.prisma-capacity.eu/,,Cross-Border Transmission IP within EU,0,False
1Physical Flowhour2022-03-06 08:00:00 +00:002022-03-06 09:00:00 +00:00BE-TSO-0001ITP-00542exitkWh/h,1,Physical Flow,hour,2022-03-06T09:00:00+01:00,2022-03-06T10:00:00+01:00,BE-TSO-0001,21X-BE-A-A0A0A-Y,Fluxys Belgium,ITP-00542,VIP Belgium - NCG,21Z000000000497Z,exit,kWh/h,,,7406458,2022-05-03T20:54:28+02:00,,Confirmed,,,,,True,,,True,PRISMA,,https://platform.prisma-capacity.eu/,,Cross-Border Transmission IP within EU,0,False
1Physical Flowhour2022-03-06 09:00:00 +00:002022-03-06 10:00:00 +00:00BE-TSO-0001ITP-00542exitkWh/h,1,Physical Flow,hour,2022-03-06T10:00:00+01:00,2022-03-06T11:00:00+01:00,BE-TSO-0001,21X-BE-A-A0A0A-Y,Fluxys Belgium,ITP-00542,VIP Belgium - NCG,21Z000000000497Z,exit,kWh/h,,,7155749,2022-05-03T20:54:28+02:00,,Confirmed,,,,,True,,,True,PRISMA,,https://platform.prisma-capacity.eu/,,Cross-Border Transmission IP within EU,0,False
1Physical Flowhour2022-03-06 10:00:00 +00:002022-03-06 11:00:00 +00:00BE-TSO-0001ITP-00542exitkWh/h,1,Physical Flow,hour,2022-03-06T11:00:00+01:00,2022-03-06T12:00:00+01:00,BE-TSO-0001,21X-BE-A-A0A0A-Y,Fluxys Belgium,ITP-00542,VIP Belgium - NCG,21Z000000000497Z,exit,kWh/h,,,7398343,2022-05-03T20:54:28+02:00,,Confirmed,,,,,True,,,True,PRISMA,,https://platform.prisma-capacity.eu/,,Cross-Border Transmission IP within EU,0,False
1Physical Flowhour2022-03-06 11:00:00 +00:002022-03-06 12:00:00 +00:00BE-TSO-0001ITP-00542exitkWh/h,1,Physical Flow,hour,2022-03-06T12:00:00+01:00,2022-03-06T13:00:00+01:00,BE-TSO-0001,21X-BE-A-A0A0A-Y,Fluxys Belgium,ITP-00542,VIP Belgium - NCG,21Z000000000497Z,exit,kWh/h,,,7136533,2022-05-03T20:54:28+02:00,,Confirmed,,,,,True,,,True,PRISMA,,https://platform.prisma-capacity.eu/,,Cross-Border Transmission IP within EU,0,False
1Physical Flowhour2022-03-06 12:00:00 +00:002022-03-06 13:00:00 +00:00BE-TSO-0001ITP-00542exitkWh/h,1,Physical Flow,hour,2022-03-06T13:00:00+01:00,2022-03-06T14:00:00+01:00,BE-TSO-0001,21X-BE-A-A0A0A-Y,Fluxys Belgium,ITP-00542,VIP Belgium - NCG,21Z000000000497Z,exit,kWh/h,,,7142875,2022-05-03T20:54:28+02:00,,Confirmed,,,,,True,,,True,PRISMA,,https://platform.prisma-capacity.eu/,,Cross-Border Transmission IP within EU,0,False
1Physical Flowhour2022-03-06 13:00:00 +00:002022-03-06 14:00:00 +00:00BE-TSO-0001ITP-00542exitkWh/h,1,Physical Flow,hour,2022-03-06T14:00:00+01:00,2022-03-06T15:00:00+01:00,BE-TSO-0001,21X-BE-A-A0A0A-Y,Fluxys Belgium,ITP-00542,VIP Belgium - NCG,21Z000000000497Z,exit,kWh/h,,,7403806,2022-05-03T20:54:28+02:00,,Confirmed,,,,,True,,,True,PRISMA,,https://platform.prisma-capacity.eu/,,Cross-Border Transmission IP within EU,0,False
1Physical Flowhour2022-03-06 14:00:00 +00:002022-03-06 15:00:00 +00:00BE-TSO-0001ITP-00542exitkWh/h,1,Physical Flow,hour,2022-03-06T15:00:00+01:00,2022-03-06T16:00:00+01:00,BE-TSO-0001,21X-BE-A-A0A0A-Y,Fluxys Belgium,ITP-00542,VIP Belgium - NCG,21Z000000000497Z,exit,kWh/h,,,7632225,2022-05-03T20:54:28+02:00,,Confirmed,,,,,True,,,True,PRISMA,,https://platform.prisma-capacity.eu/,,Cross-Border Transmission IP within EU,0,False
1Physical Flowhour2022-03-06 15:00:00 +00:002022-03-06 16:00:00 +00:00BE-TSO-0001ITP-00542exitkWh/h,1,Physical Flow,hour,2022-03-06T16:00:00+01:00,2022-03-06T17:00:00+01:00,BE-TSO-0001,21X-BE-A-A0A0A-Y,Fluxys Belgium,ITP-00542,VIP Belgium - NCG,21Z000000000497Z,exit,kWh/h,,,8082976,2022-05-03T20:54:28+02:00,,Confirmed,,,,,True,,,True,PRISMA,,https://platform.prisma-capacity.eu/,,Cross-Border Transmission IP within EU,0,False
1Physical Flowhour2022-03-06 16:00:00 +00:002022-03-06 17:00:00 +00:00BE-TSO-0001ITP-00542exitkWh/h,1,Physical Flow,hour,2022-03-06T17:00:00+01:00,2022-03-06T18:00:00+01:00,BE-TSO-0001,21X-BE-A-A0A0A-Y,Fluxys Belgium,ITP-00542,VIP Belgium - NCG,21Z000000000497Z,exit,kWh/h,,,8080059,2022-05-03T20:54:28+02:00,,Confirmed,,,,,True,,,True,PRISMA,,https://platform.prisma-capacity.eu/,,Cross-Border Transmission IP within EU,0,False
1Physical Flowhour2022-03-06 17:00:00 +00:002022-03-06 18:00:00 +00:00BE-TSO-0001ITP-00542exitkWh/h,1,Physical Flow,hour,2022-03-06T18:00:00+01:00,2022-03-06T19:00:00+01:00,BE-TSO-0001,21X-BE-A-A0A0A-Y,Fluxys Belgium,ITP-00542,VIP Belgium - NCG,21Z000000000497Z,exit,kWh/h,,,8079906,2022-05-03T20:54:28+02:00,,Confirmed,,,,,True,,,True,PRISMA,,https://platform.prisma-capacity.eu/,,Cross-Border Transmission IP within EU,0,False
1Physical Flowhour2022-03-06 18:00:00 +00:002022-03-06 19:00:00 +00:00BE-TSO-0001ITP-00542exitkWh/h,1,Physical Flow,hour,2022-03-06T19:00:00+01:00,2022-03-06T20:00:00+01:00,BE-TSO-0001,21X-BE-A-A0A0A-Y,Fluxys Belgium,ITP-00542,VIP Belgium - NCG,21Z000000000497Z,exit,kWh/h,,,8247391,2022-05-03T20:54:28+02:00,,Confirmed,,,,,True,,,True,PRISMA,,https://platform.prisma-capacity.eu/,,Cross-Border Transmission IP within EU,0,False
1Physical Flowhour2022-03-06 19:00:00 +00:002022-03-06 20:00:00 +00:00BE-TSO-0001ITP-00542exitkWh/h,1,Physical Flow,hour,2022-03-06T20:00:00+01:00,2022-03-06T21:00:00+01:00,BE-TSO-0001,21X-BE-A-A0A0A-Y,Fluxys Belgium,ITP-00542,VIP Belgium - NCG,21Z000000000497Z,exit,kWh/h,,,8427733,2022-05-03T20:54:28+02:00,,Confirmed,,,,,True,,,True,PRISMA,,https://platform.prisma-capacity.eu/,,Cross-Border Transmission IP within EU,0,False
1Physical Flowhour2022-03-06 20:00:00 +00:002022-03-06 21:00:00 +00:00BE-TSO-0001ITP-00542exitkWh/h,1,Physical Flow,hour,2022-03-06T21:00:00+01:00,2022-03-06T22:00:00+01:00,BE-TSO-0001,21X-BE-A-A0A0A-Y,Fluxys Belgium,ITP-00542,VIP Belgium - NCG,21Z000000000497Z,exit,kWh/h,,,8426822,2022-05-03T20:54:28+02:00,,Confirmed,,,,,True,,,True,PRISMA,,https://platform.prisma-capacity.eu/,,Cross-Border Transmission IP within EU,0,False
1Physical Flowhour2022-03-06 21:00:00 +00:002022-03-06 22:00:00 +00:00BE-TSO-0001ITP-00542exitkWh/h,1,Physical Flow,hour,2022-03-06T22:00:00+01:00,2022-03-06T23:00:00+01:00,BE-TSO-0001,21X-BE-A-A0A0A-Y,Fluxys Belgium,ITP-00542,VIP Belgium - NCG,21Z000000000497Z,exit,kWh/h,,,8625773,2022-05-03T20:54:28+02:00,,Confirmed,,,,,True,,,True,PRISMA,,https://platform.prisma-capacity.eu/,,Cross-Border Transmission IP within EU,0,False
1Physical Flowhour2022-03-06 22:00:00 +00:002022-03-06 23:00:00 +00:00BE-TSO-0001ITP-00542exitkWh/h,1,Physical Flow,hour,2022-03-06T23:00:00+01:00,2022-03-07T00:00:00+01:00,BE-TSO-0001,21X-BE-A-A0A0A-Y,Fluxys Belgium,ITP-00542,VIP Belgium - NCG,21Z000000000497Z,exit,kWh/h,,,8844430,2022-05-03T20:54:28+02:00,,Confirmed,,,,,True,,,True,PRISMA,,https://platform.prisma-capacity.eu/,,Cross-Border Transmission IP within EU,0,False
1Physical Flowhour2022-03-06 23:00:00 +00:002022-03-07 00:00:00 +00:00BE-TSO-0001ITP-00542exitkWh/h,1,Physical Flow,hour,2022-03-07T00:00:00+01:00,2022-03-07T01:00:00+01:00,BE-TSO-0001,21X-BE-A-A0A0A-Y,Fluxys Belgium,ITP-00542,VIP Belgium - NCG,21Z000000000497Z,exit,kWh/h,,,8639758,2022-05-03T20:54:28+02:00,,Confirmed,,,,,True,,,True,PRISMA,,https://platform.prisma-capacity.eu/,,Cross-Border Transmission IP within EU,0,False
1Physical Flowhour2022-03-07 00:00:00 +00:002022-03-07 01:00:00 +00:00BE-TSO-0001ITP-00542exitkWh/h,1,Physical Flow,hour,2022-03-07T01:00:00+01:00,2022-03-07T02:00:00+01:00,BE-TSO-0001,21X-BE-A-A0A0A-Y,Fluxys Belgium,ITP-00542,VIP Belgium - NCG,21Z000000000497Z,exit,kWh/h,,,8827938,2022-05-03T20:54:28+02:00,,Confirmed,,,,,True,,,True,PRISMA,,https://platform.prisma-capacity.eu/,,Cross-Border Transmission IP within EU,0,False
1Physical Flowhour2022-03-07 01:00:00 +00:002022-03-07 02:00:00 +00:00BE-TSO-0001ITP-00542exitkWh/h,1,Physical Flow,hour,2022-03-07T02:00:00+01:00,2022-03-07T03:00:00+01:00,BE-TSO-0001,21X-BE-A-A0A0A-Y,Fluxys Belgium,ITP-00542,VIP Belgium - NCG,21Z000000000497Z,exit,kWh/h,,,8828061,2022-05-03T20:54:28+02:00,,Confirmed,,,,,True,,,True,PRISMA,,https://platform.prisma-capacity.eu/,,Cross-Border Transmission IP within EU,0,False
1Physical Flowhour2022-03-07 02:00:00 +00:002022-03-07 03:00:00 +00:00BE-TSO-0001ITP-00542exitkWh/h,1,Physical Flow,hour,2022-03-07T03:00:00+01:00,2022-03-07T04:00:00+01:00,BE-TSO-0001,21X-BE-A-A0A0A-Y,Fluxys Belgium,ITP-00542,VIP Belgium - NCG,21Z000000000497Z,exit,kWh/h,,,9048114,2022-05-03T20:54:28+02:00,,Confirmed,,,,,True,,,True,PRISMA,,https://platform.prisma-capacity.eu/,,Cross-Border Transmission IP within EU,0,False
1Physical Flowhour2022-03-07 03:00:00 +00:002022-03-07 04:00:00 +00:00BE-TSO-0001ITP-00542exitkWh/h,1,Physical Flow,hour,2022-03-07T04:00:00+01:00,2022-03-07T05:00:00+01:00,BE-TSO-0001,21X-BE-A-A0A0A-Y,Fluxys Belgium,ITP-00542,VIP Belgium - NCG,21Z000000000497Z,exit,kWh/h,,,8545791,2022-05-03T20:54:28+02:00,,Confirmed,,,,,True,,,True,PRISMA,,https://platform.prisma-capacity.eu/,,Cross-Border Transmission IP within EU,0,False
1Physical Flowhour2022-03-07 04:00:00 +00:002022-03-07 05:00:00 +00:00BE-TSO-0001ITP-00542exitkWh/h,1,Physical Flow,hour,2022-03-07T05:00:00+01:00,2022-03-07T06:00:00+01:00,BE-TSO-0001,21X-BE-A-A0A0A-Y,Fluxys Belgium,ITP-00542,VIP Belgium - NCG,21Z000000000497Z,exit,kWh/h,,,8883034,2022-05-03T20:54:28+02:00,,Confirmed,,,,,True,,,True,PRISMA,,https://platform.prisma-capacity.eu/,,Cross-Border Transmission IP within EU,0,False
1Physical Flowhour2022-03-07 05:00:00 +00:002022-03-07 06:00:00 +00:00BE-TSO-0001ITP-00542exitkWh/h,1,Physical Flow,hour,2022-03-07T06:00:00+01:00,2022-03-07T07:00:00+01:00,BE-TSO-0001,21X-BE-A-A0A0A-Y,Fluxys Belgium,ITP-00542,VIP Belgium - NCG,21Z000000000497Z,exit,kWh/h,,,8850363,2022-05-03T20:54:28+02:00,,Confirmed,,,,,True,,,True,PRISMA,,https://platform.prisma-capacity.eu/,,Cross-Border Transmission IP within EU,0,False
1Physical Flowhour2022-03-07 06:00:00 +00:002022-03-07 07:00:00 +00:00BE-TSO-0001ITP-00542exitkWh/h,1,Physical Flow,hour,2022-03-07T07:00:00+01:00,2022-03-07T08:00:00+01:00,BE-TSO-0001,21X-BE-A-A0A0A-Y,Fluxys Belgium,ITP-00542,VIP Belgium - NCG,21Z000000000497Z,exit,kWh/h,,,8855081,2022-05-03T20:54:28+02:00,,Confirmed,,,,,True,,,True,PRISMA,,https://platform.prisma-capacity.eu/,,Cross-Border Transmission IP within EU,0,False
1Physical Flowhour2022-03-07 07:00:00 +00:002022-03-07 08:00:00 +00:00BE-TSO-0001ITP-00542exitkWh/h,1,Physical Flow,hour,2022-03-07T08:00:00+01:00,2022-03-07T09:00:00+01:00,BE-TSO-0001,21X-BE-A-A0A0A-Y,Fluxys Belgium,ITP-00542,VIP Belgium - NCG,21Z000000000497Z,exit,kWh/h,,,9197561,2022-05-03T20:54:28+02:00,,Confirmed,,,,,True,,,True,PRISMA,,https://platform.prisma-capacity.eu/,,Cross-Border Transmission IP within EU,0,False
1Physical Flowhour2022-03-07 08:00:00 +00:002022-03-07 09:00:00 +00:00BE-TSO-0001ITP-00542exitkWh/h,1,Physical Flow,hour,2022-03-07T09:00:00+01:00,2022-03-07T10:00:00+01:00,BE-TSO-0001,21X-BE-A-A0A0A-Y,Fluxys Belgium,ITP-00542,VIP Belgium - NCG,21Z000000000497Z,exit,kWh/h,,,8835285,2022-05-03T20:54:28+02:00,,Confirmed,,,,,True,,,True,PRISMA,,https://platform.prisma-capacity.eu/,,Cross-Border Transmission IP within EU,0,False
1Physical Flowhour2022-03-07 09:00:00 +00:002022-03-07 10:00:00 +00:00BE-TSO-0001ITP-00542exitkWh/h,1,Physical Flow,hour,2022-03-07T10:00:00+01:00,2022-03-07T11:00:00+01:00,BE-TSO-0001,21X-BE-A-A0A0A-Y,Fluxys Belgium,ITP-00542,VIP Belgium - NCG,21Z000000000497Z,exit,kWh/h,,,8836300,2022-05-03T20:54:28+02:00,,Confirmed,,,,,True,,,True,PRISMA,,https://platform.prisma-capacity.eu/,,Cross-Border Transmission IP within EU,0,False
1Physical Flowhour2022-03-07 10:00:00 +00:002022-03-07 11:00:00 +00:00BE-TSO-0001ITP-00542exitkWh/h,1,Physical Flow,hour,2022-03-07T11:00:00+01:00,2022-03-07T12:00:00+01:00,BE-TSO-0001,21X-BE-A-A0A0A-Y,Fluxys Belgium,ITP-00542,VIP Belgium - NCG,21Z000000000497Z,exit,kWh/h,,,8833937,2022-05-03T20:54:28+02:00,,Confirmed,,,,,True,,,True,PRISMA,,https://platform.prisma-capacity.eu/,,Cross-Border Transmission IP within EU,0,False
1Physical Flowhour2022-03-07 11:00:00 +00:002022-03-07 12:00:00 +00:00BE-TSO-0001ITP-00542exitkWh/h,1,Physical Flow,hour,2022-03-07T12:00:00+01:00,2022-03-07T13:00:00+01:00,BE-TSO-0001,21X-BE-A-A0A0A-Y,Fluxys Belgium,ITP-00542,VIP Belgium - NCG,21Z000000000497Z,exit,kWh/h,,,8836518,2022-05-03T20:54:28+02:00,,Confirmed,,,,,True,,,True,PRISMA,,https://platform.prisma-capacity.eu/,,Cross-Border Transmission IP within EU,0,False
1Physical Flowhour2022-03-07 12:00:00 +00:002022-03-07 13:00:00 +00:00BE-TSO-0001ITP-00542exitkWh/h,1,Physical Flow,hour,2022-03-07T13:00:00+01:00,2022-03-07T14:00:00+01:00,BE-TSO-0001,21X-BE-A-A0A0A-Y,Fluxys Belgium,ITP-00542,VIP Belgium - NCG,21Z000000000497Z,exit,kWh/h,,,8837308,2022-05-03T20:54:28+02:00,,Confirmed,,,,,True,,,True,PRISMA,,https://platform.prisma-capacity.eu/,,Cross-Border Transmission IP within EU,0,False
1Physical Flowhour2022-03-07 13:00:00 +00:002022-03-07 14:00:00 +00:00BE-TSO-0001ITP-00542exitkWh/h,1,Physical Flow,hour,2022-03-07T14:00:00+01:00,2022-03-07T15:00:00+01:00,BE-TSO-0001,21X-BE-A-A0A0A-Y,Fluxys Belgium,ITP-00542,VIP Belgium - NCG,21Z000000000497Z,exit,kWh/h,,,8836746,2022-05-03T20:54:28+02:00,,Confirmed,,,,,True,,,True,PRISMA,,https://platform.prisma-capacity.eu/,,Cross-Border Transmission IP within EU,0,False
1Physical Flowhour2022-03-07 14:00:00 +00:002022-03-07 15:00:00 +00:00BE-TSO-0001ITP-00542exitkWh/h,1,Physical Flow,hour,2022-03-07T15:00:00+01:00,2022-03-07T16:00:00+01:00,BE-TSO-0001,21X-BE-A-A0A0A-Y,Fluxys Belgium,ITP-00542,VIP Belgium - NCG,21Z000000000497Z,exit,kWh/h,,,8836717,2022-05-03T20:54:28+02:00,,Confirmed,,,,,True,,,True,PRISMA,,https://platform.prisma-capacity.eu/,,Cross-Border Transmission IP within EU,0,False
1Physical Flowhour2022-03-07 15:00:00 +00:002022-03-07 16:00:00 +00:00BE-TSO-0001ITP-00542exitkWh/h,1,Physical Flow,hour,2022-03-07T16:00:00+01:00,2022-03-07T17:00:00+01:00,BE-TSO-0001,21X-BE-A-A0A0A-Y,Fluxys Belgium,ITP-00542,VIP Belgium - NCG,21Z000000000497Z,exit,kWh/h,,,8220865,2022-05-03T20:54:28+02:00,,Confirmed,,,,,True,,,True,PRISMA,,https://platform.prisma-capacity.eu/,,Cross-Border Transmission IP within EU,0,False
1Physical Flowhour2022-03-07 16:00:00 +00:002022-03-07 17:00:00 +00:00BE-TSO-0001ITP-00542exitkWh/h,1,Physical Flow,hour,2022-03-07T17:00:00+01:00,2022-03-07T18:00:00+01:00,BE-TSO-0001,21X-BE-A-A0A0A-Y,Fluxys Belgium,ITP-00542,VIP Belgium - NCG,21Z000000000497Z,exit,kWh/h,,,7984662,2022-05-03T20:54:28+02:00,,Confirmed,,,,,True,,,True,PRISMA,,https://platform.prisma-capacity.eu/,,Cross-Border Transmission IP within EU,0,False
1Physical Flowhour2022-03-07 17:00:00 +00:002022-03-07 18:00:00 +00:00BE-TSO-0001ITP-00542exitkWh/h,1,Physical Flow,hour,2022-03-07T18:00:00+01:00,2022-03-07T19:00:00+01:00,BE-TSO-0001,21X-BE-A-A0A0A-Y,Fluxys Belgium,ITP-00542,VIP Belgium - NCG,21Z000000000497Z,exit,kWh/h,,,8721203,2022-05-03T20:54:28+02:00,,Confirmed,,,,,True,,,True,PRISMA,,https://platform.prisma-capacity.eu/,,Cross-Border Transmission IP within EU,0,False
1Physical Flowhour2022-03-07 18:00:00 +00:002022-03-07 19:00:00 +00:00BE-TSO-0001ITP-00542exitkWh/h,1,Physical Flow,hour,2022-03-07T19:00:00+01:00,2022-03-07T20:00:00+01:00,BE-TSO-0001,21X-BE-A-A0A0A-Y,Fluxys Belgium,ITP-00542,VIP Belgium - NCG,21Z000000000497Z,exit,kWh/h,,,8905320,2022-05-03T20:54:28+02:00,,Confirmed,,,,,True,,,True,PRISMA,,https://platform.prisma-capacity.eu/,,Cross-Border Transmission IP within EU,0,False
1Physical Flowhour2022-03-07 19:00:00 +00:002022-03-07 20:00:00 +00:00BE-TSO-0001ITP-00542exitkWh/h,1,Physical Flow,hour,2022-03-07T20:00:00+01:00,2022-03-07T21:00:00+01:00,BE-TSO-0001,21X-BE-A-A0A0A-Y,Fluxys Belgium,ITP-00542,VIP Belgium - NCG,21Z000000000497Z,exit,kWh/h,,,9004810,2022-05-03T20:54:28+02:00,,Confirmed,,,,,True,,,True,PRISMA,,https://platform.prisma-capacity.eu/,,Cross-Border Transmission IP within EU,0,False
1Physical Flowhour2022-03-07 20:00:00 +00:002022-03-07 21:00:00 +00:00BE-TSO-0001ITP-00542exitkWh/h,1,Physical Flow,hour,2022-03-07T21:00:00+01:00,2022-03-07T22:00:00+01:00,BE-TSO-0001,21X-BE-A-A0A0A-Y,Fluxys Belgium,ITP-00542,VIP Belgium - NCG,21Z000000000497Z,exit,kWh/h,,,9002808,2022-05-03T20:54:28+02:00,,Confirmed,,,,,True,,,True,PRISMA,,https://platform.prisma-capacity.eu/,,Cross-Border Transmission IP within EU,0,False
1Physical Flowhour2022-03-07 21:00:00 +00:002022-03-07 22:00:00 +00:00BE-TSO-0001ITP-00542exitkWh/h,1,Physical Flow,hour,2022-03-07T22:00:00+01:00,2022-03-07T23:00:00+01:00,BE-TSO-0001,21X-BE-A-A0A0A-Y,Fluxys Belgium,ITP-00542,VIP Belgium - NCG,21Z000000000497Z,exit,kWh/h,,,9002756,2022-05-03T20:54:28+02:00,,Confirmed,,,,,True,,,True,PRISMA,,https://platform.prisma-capacity.eu/,,Cross-Border Transmission IP within EU,0,False
1Physical Flowhour2022-03-07 22:00:00 +00:002022-03-07 23:00:00 +00:00BE-TSO-0001ITP-00542exitkWh/h,1,Physical Flow,hour,2022-03-07T23:00:00+01:00,2022-03-08T00:00:00+01:00,BE-TSO-0001,21X-BE-A-A0A0A-Y,Fluxys Belgium,ITP-00542,VIP Belgium - NCG,21Z000000000497Z,exit,kWh/h,,,9518820,2022-05-03T20:54:28+02:00,,Confirmed,,,,,True,,,True,PRISMA,,https://platform.prisma-capacity.eu/,,Cross-Border Transmission IP within EU,0,False
1Physical Flowhour2022-03-07 23:00:00 +00:002022-03-08 00:00:00 +00:00BE-TSO-0001ITP-00542exitkWh/h,1,Physical Flow,hour,2022-03-08T00:00:00+01:00,2022-03-08T01:00:00+01:00,BE-TSO-0001,21X-BE-A-A0A0A-Y,Fluxys Belgium,ITP-00542,VIP Belgium - NCG,21Z000000000497Z,exit,kWh/h,,,10005609,2022-05-03T20:54:28+02:00,,Confirmed,,,,,True,,,True,PRISMA,,https://platform.prisma-capacity.eu/,,Cross-Border Transmission IP within EU,0,False
1Physical Flowhour2022-03-08 00:00:00 +00:002022-03-08 01:00:00 +00:00BE-TSO-0001ITP-00542exitkWh/h,1,Physical Flow,hour,2022-03-08T01:00:00+01:00,2022-03-08T02:00:00+01:00,BE-TSO-0001,21X-BE-A-A0A0A-Y,Fluxys Belgium,ITP-00542,VIP Belgium - NCG,21Z000000000497Z,exit,kWh/h,,,11413105,2022-05-03T20:54:28+02:00,,Confirmed,,,,,True,,,True,PRISMA,,https://platform.prisma-capacity.eu/,,Cross-Border Transmission IP within EU,0,False
1Physical Flowhour2022-03-08 01:00:00 +00:002022-03-08 02:00:00 +00:00BE-TSO-0001ITP-00542exitkWh/h,1,Physical Flow,hour,2022-03-08T02:00:00+01:00,2022-03-08T03:00:00+01:00,BE-TSO-0001,21X-BE-A-A0A0A-Y,Fluxys Belgium,ITP-00542,VIP Belgium - NCG,21Z000000000497Z,exit,kWh/h,,,11942586,2022-05-03T20:54:28+02:00,,Confirmed,,,,,True,,,True,PRISMA,,https://platform.prisma-capacity.eu/,,Cross-Border Transmission IP within EU,0,False
1Physical Flowhour2022-03-08 02:00:00 +00:002022-03-08 03:00:00 +00:00BE-TSO-0001ITP-00542exitkWh/h,1,Physical Flow,hour,2022-03-08T03:00:00+01:00,2022-03-08T04:00:00+01:00,BE-TSO-0001,21X-BE-A-A0A0A-Y,Fluxys Belgium,ITP-00542,VIP Belgium - NCG,21Z000000000497Z,exit,kWh/h,,,11939558,2022-05-03T20:54:28+02:00,,Confirmed,,,,,True,,,True,PRISMA,,https://platform.prisma-capacity.eu/,,Cross-Border Transmission IP within EU,0,False
1Physical Flowhour2022-03-08 03:00:00 +00:002022-03-08 04:00:00 +00:00BE-TSO-0001ITP-00542exitkWh/h,1,Physical Flow,hour,2022-03-08T04:00:00+01:00,2022-03-08T05:00:00+01:00,BE-TSO-0001,21X-BE-A-A0A0A-Y,Fluxys Belgium,ITP-00542,VIP Belgium - NCG,21Z000000000497Z,exit,kWh/h,,,12002632,2022-05-03T20:54:28+02:00,,Confirmed,,,,,True,,,True,PRISMA,,https://platform.prisma-capacity.eu/,,Cross-Border Transmission IP within EU,0,False
1Physical Flowhour2022-03-08 04:00:00 +00:002022-03-08 05:00:00 +00:00BE-TSO-0001ITP-00542exitkWh/h,1,Physical Flow,hour,2022-03-08T05:00:00+01:00,2022-03-08T06:00:00+01:00,BE-TSO-0001,21X-BE-A-A0A0A-Y,Fluxys Belgium,ITP-00542,VIP Belgium - NCG,21Z000000000497Z,exit,kWh/h,,,12120057,2022-05-03T20:54:28+02:00,,Confirmed,,,,,True,,,True,PRISMA,,https://platform.prisma-capacity.eu/,,Cross-Border Transmission IP within EU,0,False
1Physical Flowhour2022-03-08 05:00:00 +00:002022-03-08 06:00:00 +00:00BE-TSO-0001ITP-00542exitkWh/h,1,Physical Flow,hour,2022-03-08T06:00:00+01:00,2022-03-08T07:00:00+01:00,BE-TSO-0001,21X-BE-A-A0A0A-Y,Fluxys Belgium,ITP-00542,VIP Belgium - NCG,21Z000000000497Z,exit,kWh/h,,,11048597,2022-05-03T20:54:28+02:00,,Confirmed,,,,,True,,,True,PRISMA,,https://platform.prisma-capacity.eu/,,Cross-Border Transmission IP within EU,0,False
1Physical Flowhour2022-03-08 06:00:00 +00:002022-03-08 07:00:00 +00:00BE-TSO-0001ITP-00542exitkWh/h,1,Physical Flow,hour,2022-03-08T07:00:00+01:00,2022-03-08T08:00:00+01:00,BE-TSO-0001,21X-BE-A-A0A0A-Y,Fluxys Belgium,ITP-00542,VIP Belgium - NCG,21Z000000000497Z,exit,kWh/h,,,10468483,2022-05-03T20:54:28+02:00,,Confirmed,,,,,True,,,True,PRISMA,,https://platform.prisma-capacity.eu/,,Cross-Border Transmission IP within EU,0,False
1Physical Flowhour2022-03-08 07:00:00 +00:002022-03-08 08:00:00 +00:00BE-TSO-0001ITP-00542exitkWh/h,1,Physical Flow,hour,2022-03-08T08:00:00+01:00,2022-03-08T09:00:00+01:00,BE-TSO-0001,21X-BE-A-A0A0A-Y,Fluxys Belgium,ITP-00542,VIP Belgium - NCG,21Z000000000497Z,exit,kWh/h,,,10213427,2022-05-03T20:54:28+02:00,,Confirmed,,,,,True,,,True,PRISMA,,https://platform.prisma-capacity.eu/,,Cross-Border Transmission IP within EU,0,False
1Physical Flowhour2022-03-08 08:00:00 +00:002022-03-08 09:00:00 +00:00BE-TSO-0001ITP-00542exitkWh/h,1,Physical Flow,hour,2022-03-08T09:00:00+01:00,2022-03-08T10:00:00+01:00,BE-TSO-0001,21X-BE-A-A0A0A-Y,Fluxys Belgium,ITP-00542,VIP Belgium - NCG,21Z000000000497Z,exit,kWh/h,,,10215591,2022-05-03T20:54:28+02:00,,Confirmed,,,,,True,,,True,PRISMA,,https://platform.prisma-capacity.eu/,,Cross-Border Transmission IP within EU,0,False
1Physical Flowhour2022-03-08 09:00:00 +00:002022-03-08 10:00:00 +00:00BE-TSO-0001ITP-00542exitkWh/h,1,Physical Flow,hour,2022-03-08T10:00:00+01:00,2022-03-08T11:00:00+01:00,BE-TSO-0001,21X-BE-A-A0A0A-Y,Fluxys Belgium,ITP-00542,VIP Belgium - NCG,21Z000000000497Z,exit,kWh/h,,,10214129,2022-05-03T20:54:28+02:00,,Confirmed,,,,,True,,,True,PRISMA,,https://platform.prisma-capacity.eu/,,Cross-Border Transmission IP within EU,0,False
1Physical Flowhour2022-03-08 10:00:00 +00:002022-03-08 11:00:00 +00:00BE-TSO-0001ITP-00542exitkWh/h,1,Physical Flow,hour,2022-03-08T11:00:00+01:00,2022-03-08T12:00:00+01:00,BE-TSO-0001,21X-BE-A-A0A0A-Y,Fluxys Belgium,ITP-00542,VIP Belgium - NCG,21Z000000000497Z,exit,kWh/h,,,10467612,2022-05-03T20:54:28+02:00,,Confirmed,,,,,True,,,True,PRISMA,,https://platform.prisma-capacity.eu/,,Cross-Border Transmission IP within EU,0,False
1Physical Flowhour2022-03-08 11:00:00 +00:002022-03-08 12:00:00 +00:00BE-TSO-0001ITP-00542exitkWh/h,1,Physical Flow,hour,2022-03-08T12:00:00+01:00,2022-03-08T13:00:00+01:00,BE-TSO-0001,21X-BE-A-A0A0A-Y,Fluxys Belgium,ITP-00542,VIP Belgium - NCG,21Z000000000497Z,exit,kWh/h,,,10201205,2022-05-03T20:54:28+02:00,,Confirmed,,,,,True,,,True,PRISMA,,https://platform.prisma-capacity.eu/,,Cross-Border Transmission IP within EU,0,False
1Physical Flowhour2022-03-08 12:00:00 +00:002022-03-08 13:00:00 +00:00BE-TSO-0001ITP-00542exitkWh/h,1,Physical Flow,hour,2022-03-08T13:00:00+01:00,2022-03-08T14:00:00+01:00,BE-TSO-0001,21X-BE-A-A0A0A-Y,Fluxys Belgium,ITP-00542,VIP Belgium - NCG,21Z000000000497Z,exit,kWh/h,,,10152056,2022-05-03T20:54:28+02:00,,Confirmed,,,,,True,,,True,PRISMA,,https://platform.prisma-capacity.eu/,,Cross-Border Transmission IP within EU,0,False
1Physical Flowhour2022-03-08 13:00:00 +00:002022-03-08 14:00:00 +00:00BE-TSO-0001ITP-00542exitkWh/h,1,Physical Flow,hour,2022-03-08T14:00:00+01:00,2022-03-08T15:00:00+01:00,BE-TSO-0001,21X-BE-A-A0A0A-Y,Fluxys Belgium,ITP-00542,VIP Belgium - NCG,21Z000000000497Z,exit,kWh/h,,,10509740,2022-05-03T20:54:28+02:00,,Confirmed,,,,,True,,,True,PRISMA,,https://platform.prisma-capacity.eu/,,Cross-Border Transmission IP within EU,0,False
1Physical Flowhour2022-03-08 14:00:00 +00:002022-03-08 15:00:00 +00:00BE-TSO-0001ITP-00542exitkWh/h,1,Physical Flow,hour,2022-03-08T15:00:00+01:00,2022-03-08T16:00:00+01:00,BE-TSO-0001,21X-BE-A-A0A0A-Y,Fluxys Belgium,ITP-00542,VIP Belgium - NCG,21Z000000000497Z,exit,kWh/h,,,10233900,2022-05-03T20:54:28+02:00,,Confirmed,,,,,True,,,True,PRISMA,,https://platform.prisma-capacity.eu/,,Cross-Border Transmission IP within EU,0,False
1Physical Flowhour2022-03-08 15:00:00 +00:002022-03-08 16:00:00 +00:00BE-TSO-0001ITP-00542exitkWh/h,1,Physical Flow,hour,2022-03-08T16:00:00+01:00,2022-03-08T17:00:00+01:00,BE-TSO-0001,21X-BE-A-A0A0A-Y,Fluxys Belgium,ITP-00542,VIP Belgium - NCG,21Z000000000497Z,exit,kWh/h,,,11211558,2022-05-03T20:54:28+02:00,,Confirmed,,,,,True,,,True,PRISMA,,https://platform.prisma-capacity.eu/,,Cross-Border Transmission IP within EU,0,False
1Physical Flowhour2022-03-08 16:00:00 +00:002022-03-08 17:00:00 +00:00BE-TSO-0001ITP-00542exitkWh/h,1,Physical Flow,hour,2022-03-08T17:00:00+01:00,2022-03-08T18:00:00+01:00,BE-TSO-0001,21X-BE-A-A0A0A-Y,Fluxys Belgium,ITP-00542,VIP Belgium - NCG,21Z000000000497Z,exit,kWh/h,,,11886617,2022-05-03T20:54:28+02:00,,Confirmed,,,,,True,,,True,PRISMA,,https://platform.prisma-capacity.eu/,,Cross-Border Transmission IP within EU,0,False
1Physical Flowhour2022-03-08 17:00:00 +00:002022-03-08 18:00:00 +00:00BE-TSO-0001ITP-00542exitkWh/h,1,Physical Flow,hour,2022-03-08T18:00:00+01:00,2022-03-08T19:00:00+01:00,BE-TSO-0001,21X-BE-A-A0A0A-Y,Fluxys Belgium,ITP-00542,VIP Belgium - NCG,21Z000000000497Z,exit,kWh/h,,,11879142,2022-05-03T20:54:28+02:00,,Confirmed,,,,,True,,,True,PRISMA,,https://platform.prisma-capacity.eu/,,Cross-Border Transmission IP within EU,0,False
1Physical Flowhour2022-03-08 18:00:00 +00:002022-03-08 19:00:00 +00:00BE-TSO-0001ITP-00542exitkWh/h,1,Physical Flow,hour,2022-03-08T19:00:00+01:00,2022-03-08T20:00:00+01:00,BE-TSO-0001,21X-BE-A-A0A0A-Y,Fluxys Belgium,ITP-00542,VIP Belgium - NCG,21Z000000000497Z,exit,kWh/h,,,11883189,2022-05-03T20:54:28+02:00,,Confirmed,,,,,True,,,True,PRISMA,,https://platform.prisma-capacity.eu/,,Cross-Border Transmission IP within EU,0,False
1Physical Flowhour2022-03-08 19:00:00 +00:002022-03-08 20:00:00 +00:00BE-TSO-0001ITP-00542exitkWh/h,1,Physical Flow,hour,2022-03-08T20:00:00+01:00,2022-03-08T21:00:00+01:00,BE-TSO-0001,21X-BE-A-A0A0A-Y,Fluxys Belgium,ITP-00542,VIP Belgium - NCG,21Z000000000497Z,exit,kWh/h,,,12134016,2022-05-03T20:54:28+02:00,,Confirmed,,,,,True,,,True,PRISMA,,https://platform.prisma-capacity.eu/,,Cross-Border Transmission IP within EU,0,False
1Physical Flowhour2022-03-08 20:00:00 +00:002022-03-08 21:00:00 +00:00BE-TSO-0001ITP-00542exitkWh/h,1,Physical Flow,hour,2022-03-08T21:00:00+01:00,2022-03-08T22:00:00+01:00,BE-TSO-0001,21X-BE-A-A0A0A-Y,Fluxys Belgium,ITP-00542,VIP Belgium - NCG,21Z000000000497Z,exit,kWh/h,,,12073015,2022-05-03T20:54:28+02:00,,Confirmed,,,,,True,,,True,PRISMA,,https://platform.prisma-capacity.eu/,,Cross-Border Transmission IP within EU,0,False
1Physical Flowhour2022-03-08 21:00:00 +00:002022-03-08 22:00:00 +00:00BE-TSO-0001ITP-00542exitkWh/h,1,Physical Flow,hour,2022-03-08T22:00:00+01:00,2022-03-08T23:00:00+01:00,BE-TSO-0001,21X-BE-A-A0A0A-Y,Fluxys Belgium,ITP-00542,VIP Belgium - NCG,21Z000000000497Z,exit,kWh/h,,,11815758,2022-05-03T20:54:28+02:00,,Confirmed,,,,,True,,,True,PRISMA,,https://platform.prisma-capacity.eu/,,Cross-Border Transmission IP within EU,0,False
1Physical Flowhour2022-03-08 22:00:00 +00:002022-03-08 23:00:00 +00:00BE-TSO-0001ITP-00542exitkWh/h,1,Physical Flow,hour,2022-03-08T23:00:00+01:00,2022-03-09T00:00:00+01:00,BE-TSO-0001,21X-BE-A-A0A0A-Y,Fluxys Belgium,ITP-00542,VIP Belgium - NCG,21Z000000000497Z,exit,kWh/h,,,12498881,2022-05-03T20:54:28+02:00,,Confirmed,,,,,True,,,True,PRISMA,,https://platform.prisma-capacity.eu/,,Cross-Border Transmission IP within EU,0,False
1Physical Flowhour2022-03-08 23:00:00 +00:002022-03-09 00:00:00 +00:00BE-TSO-0001ITP-00542exitkWh/h,1,Physical Flow,hour,2022-03-09T00:00:00+01:00,2022-03-09T01:00:00+01:00,BE-TSO-0001,21X-BE-A-A0A0A-Y,Fluxys Belgium,ITP-00542,VIP Belgium - NCG,21Z000000000497Z,exit,kWh/h,,,13613847,2022-05-03T20:54:28+02:00,,Confirmed,,,,,True,,,True,PRISMA,,https://platform.prisma-capacity.eu/,,Cross-Border Transmission IP within EU,0,False
1Physical Flowhour2022-03-09 00:00:00 +00:002022-03-09 01:00:00 +00:00BE-TSO-0001ITP-00542exitkWh/h,1,Physical Flow,hour,2022-03-09T01:00:00+01:00,2022-03-09T02:00:00+01:00,BE-TSO-0001,21X-BE-A-A0A0A-Y,Fluxys Belgium,ITP-00542,VIP Belgium - NCG,21Z000000000497Z,exit,kWh/h,,,12260165,2022-05-03T20:54:28+02:00,,Confirmed,,,,,True,,,True,PRISMA,,https://platform.prisma-capacity.eu/,,Cross-Border Transmission IP within EU,0,False
1Physical Flowhour2022-03-09 01:00:00 +00:002022-03-09 02:00:00 +00:00BE-TSO-0001ITP-00542exitkWh/h,1,Physical Flow,hour,2022-03-09T02:00:00+01:00,2022-03-09T03:00:00+01:00,BE-TSO-0001,21X-BE-A-A0A0A-Y,Fluxys Belgium,ITP-00542,VIP Belgium - NCG,21Z000000000497Z,exit,kWh/h,,,9852360,2022-05-03T20:54:28+02:00,,Confirmed,,,,,True,,,True,PRISMA,,https://platform.prisma-capacity.eu/,,Cross-Border Transmission IP within EU,0,False
1Physical Flowhour2022-03-09 02:00:00 +00:002022-03-09 03:00:00 +00:00BE-TSO-0001ITP-00542exitkWh/h,1,Physical Flow,hour,2022-03-09T03:00:00+01:00,2022-03-09T04:00:00+01:00,BE-TSO-0001,21X-BE-A-A0A0A-Y,Fluxys Belgium,ITP-00542,VIP Belgium - NCG,21Z000000000497Z,exit,kWh/h,,,12601021,2022-05-03T20:54:28+02:00,,Confirmed,,,,,True,,,True,PRISMA,,https://platform.prisma-capacity.eu/,,Cross-Border Transmission IP within EU,0,False
1Physical Flowhour2022-03-09 03:00:00 +00:002022-03-09 04:00:00 +00:00BE-TSO-0001ITP-00542exitkWh/h,1,Physical Flow,hour,2022-03-09T04:00:00+01:00,2022-03-09T05:00:00+01:00,BE-TSO-0001,21X-BE-A-A0A0A-Y,Fluxys Belgium,ITP-00542,VIP Belgium - NCG,21Z000000000497Z,exit,kWh/h,,,11889517,2022-05-03T20:54:28+02:00,,Confirmed,,,,,True,,,True,PRISMA,,https://platform.prisma-capacity.eu/,,Cross-Border Transmission IP within EU,0,False
1Physical Flowhour2022-03-09 04:00:00 +00:002022-03-09 05:00:00 +00:00BE-TSO-0001ITP-00542exitkWh/h,1,Physical Flow,hour,2022-03-09T05:00:00+01:00,2022-03-09T06:00:00+01:00,BE-TSO-0001,21X-BE-A-A0A0A-Y,Fluxys Belgium,ITP-00542,VIP Belgium - NCG,21Z000000000497Z,exit,kWh/h,,,13487047,2022-05-03T20:54:28+02:00,,Confirmed,,,,,True,,,True,PRISMA,,https://platform.prisma-capacity.eu/,,Cross-Border Transmission IP within EU,0,False
1Physical Flowhour2022-03-09 05:00:00 +00:002022-03-09 06:00:00 +00:00BE-TSO-0001ITP-00542exitkWh/h,1,Physical Flow,hour,2022-03-09T06:00:00+01:00,2022-03-09T07:00:00+01:00,BE-TSO-0001,21X-BE-A-A0A0A-Y,Fluxys Belgium,ITP-00542,VIP Belgium - NCG,21Z000000000497Z,exit,kWh/h,,,13245537,2022-05-03T20:54:28+02:00,,Confirmed,,,,,True,,,True,PRISMA,,https://platform.prisma-capacity.eu/,,Cross-Border Transmission IP within EU,0,False
1Physical Flowhour2022-03-09 06:00:00 +00:002022-03-09 07:00:00 +00:00BE-TSO-0001ITP-00542exitkWh/h,1,Physical Flow,hour,2022-03-09T07:00:00+01:00,2022-03-09T08:00:00+01:00,BE-TSO-0001,21X-BE-A-A0A0A-Y,Fluxys Belgium,ITP-00542,VIP Belgium - NCG,21Z000000000497Z,exit,kWh/h,,,13278976,2022-05-03T20:54:28+02:00,,Confirmed,,,,,True,,,True,PRISMA,,https://platform.prisma-capacity.eu/,,Cross-Border Transmission IP within EU,0,False
1Physical Flowhour2022-03-09 07:00:00 +00:002022-03-09 08:00:00 +00:00BE-TSO-0001ITP-00542exitkWh/h,1,Physical Flow,hour,2022-03-09T08:00:00+01:00,2022-03-09T09:00:00+01:00,BE-TSO-0001,21X-BE-A-A0A0A-Y,Fluxys Belgium,ITP-00542,VIP Belgium - NCG,21Z000000000497Z,exit,kWh/h,,,13581538,2022-05-03T20:54:28+02:00,,Confirmed,,,,,True,,,True,PRISMA,,https://platform.prisma-capacity.eu/,,Cross-Border Transmission IP within EU,0,False
1Physical Flowhour2022-03-09 08:00:00 +00:002022-03-09 09:00:00 +00:00BE-TSO-0001ITP-00542exitkWh/h,1,Physical Flow,hour,2022-03-09T09:00:00+01:00,2022-03-09T10:00:00+01:00,BE-TSO-0001,21X-BE-A-A0A0A-Y,Fluxys Belgium,ITP-00542,VIP Belgium - NCG,21Z000000000497Z,exit,kWh/h,,,13335068,2022-05-03T20:54:28+02:00,,Confirmed,,,,,True,,,True,PRISMA,,https://platform.prisma-capacity.eu/,,Cross-Border Transmission IP within EU,0,False
1Physical Flowhour2022-03-09 09:00:00 +00:002022-03-09 10:00:00 +00:00BE-TSO-0001ITP-00542exitkWh/h,1,Physical Flow,hour,2022-03-09T10:00:00+01:00,2022-03-09T11:00:00+01:00,BE-TSO-0001,21X-BE-A-A0A0A-Y,Fluxys Belgium,ITP-00542,VIP Belgium - NCG,21Z000000000497Z,exit,kWh/h,,,13359451,2022-05-03T20:54:28+02:00,,Confirmed,,,,,True,,,True,PRISMA,,https://platform.prisma-capacity.eu/,,Cross-Border Transmission IP within EU,0,False
1Physical Flowhour2022-03-09 10:00:00 +00:002022-03-09 11:00:00 +00:00BE-TSO-0001ITP-00542exitkWh/h,1,Physical Flow,hour,2022-03-09T11:00:00+01:00,2022-03-09T12:00:00+01:00,BE-TSO-0001,21X-BE-A-A0A0A-Y,Fluxys Belgium,ITP-00542,VIP Belgium - NCG,21Z000000000497Z,exit,kWh/h,,,13352421,2022-05-03T20:54:28+02:00,,Confirmed,,,,,True,,,True,PRISMA,,https://platform.prisma-capacity.eu/,,Cross-Border Transmission IP within EU,0,False
1Physical Flowhour2022-03-09 11:00:00 +00:002022-03-09 12:00:00 +00:00BE-TSO-0001ITP-00542exitkWh/h,1,Physical Flow,hour,2022-03-09T12:00:00+01:00,2022-03-09T13:00:00+01:00,BE-TSO-0001,21X-BE-A-A0A0A-Y,Fluxys Belgium,ITP-00542,VIP Belgium - NCG,21Z000000000497Z,exit,kWh/h,,,13606014,2022-05-03T20:54:28+02:00,,Confirmed,,,,,True,,,True,PRISMA,,https://platform.prisma-capacity.eu/,,Cross-Border Transmission IP within EU,0,False
1Physical Flowhour2022-03-09 12:00:00 +00:002022-03-09 13:00:00 +00:00BE-TSO-0001ITP-00542exitkWh/h,1,Physical Flow,hour,2022-03-09T13:00:00+01:00,2022-03-09T14:00:00+01:00,BE-TSO-0001,21X-BE-A-A0A0A-Y,Fluxys Belgium,ITP-00542,VIP Belgium - NCG,21Z000000000497Z,exit,kWh/h,,,13360869,2022-05-03T20:54:28+02:00,,Confirmed,,,,,True,,,True,PRISMA,,https://platform.prisma-capacity.eu/,,Cross-Border Transmission IP within EU,0,False
1Physical Flowhour2022-03-09 13:00:00 +00:002022-03-09 14:00:00 +00:00BE-TSO-0001ITP-00542exitkWh/h,1,Physical Flow,hour,2022-03-09T14:00:00+01:00,2022-03-09T15:00:00+01:00,BE-TSO-0001,21X-BE-A-A0A0A-Y,Fluxys Belgium,ITP-00542,VIP Belgium - NCG,21Z000000000497Z,exit,kWh/h,,,13361437,2022-05-03T20:54:28+02:00,,Confirmed,,,,,True,,,True,PRISMA,,https://platform.prisma-capacity.eu/,,Cross-Border Transmission IP within EU,0,False
1Physical Flowhour2022-03-09 14:00:00 +00:002022-03-09 15:00:00 +00:00BE-TSO-0001ITP-00542exitkWh/h,1,Physical Flow,hour,2022-03-09T15:00:00+01:00,2022-03-09T16:00:00+01:00,BE-TSO-0001,21X-BE-A-A0A0A-Y,Fluxys Belgium,ITP-00542,VIP Belgium - NCG,21Z000000000497Z,exit,kWh/h,,,13883965,2022-05-03T20:54:28+02:00,,Confirmed,,,,,True,,,True,PRISMA,,https://platform.prisma-capacity.eu/,,Cross-Border Transmission IP within EU,0,False
1Physical Flowhour2022-03-09 15:00:00 +00:002022-03-09 16:00:00 +00:00BE-TSO-0001ITP-00542exitkWh/h,1,Physical Flow,hour,2022-03-09T16:00:00+01:00,2022-03-09T17:00:00+01:00,BE-TSO-0001,21X-BE-A-A0A0A-Y,Fluxys Belgium,ITP-00542,VIP Belgium - NCG,21Z000000000497Z,exit,kWh/h,,,14724662,2022-05-03T20:54:28+02:00,,Confirmed,,,,,True,,,True,PRISMA,,https://platform.prisma-capacity.eu/,,Cross-Border Transmission IP within EU,0,False
1Physical Flowhour2022-03-09 16:00:00 +00:002022-03-09 17:00:00 +00:00BE-TSO-0001ITP-00542exitkWh/h,1,Physical Flow,hour,2022-03-09T17:00:00+01:00,2022-03-09T18:00:00+01:00,BE-TSO-0001,21X-BE-A-A0A0A-Y,Fluxys Belgium,ITP-00542,VIP Belgium - NCG,21Z000000000497Z,exit,kWh/h,,,14790014,2022-05-03T20:54:28+02:00,,Confirmed,,,,,True,,,True,PRISMA,,https://platform.prisma-capacity.eu/,,Cross-Border Transmission IP within EU,0,False
1Physical Flowhour2022-03-09 17:00:00 +00:002022-03-09 18:00:00 +00:00BE-TSO-0001ITP-00542exitkWh/h,1,Physical Flow,hour,2022-03-09T18:00:00+01:00,2022-03-09T19:00:00+01:00,BE-TSO-0001,21X-BE-A-A0A0A-Y,Fluxys Belgium,ITP-00542,VIP Belgium - NCG,21Z000000000497Z,exit,kWh/h,,,13708550,2022-05-03T20:54:28+02:00,,Confirmed,,,,,True,,,True,PRISMA,,https://platform.prisma-capacity.eu/,,Cross-Border Transmission IP within EU,0,False
1Physical Flowhour2022-03-09 18:00:00 +00:002022-03-09 19:00:00 +00:00BE-TSO-0001ITP-00542exitkWh/h,1,Physical Flow,hour,2022-03-09T19:00:00+01:00,2022-03-09T20:00:00+01:00,BE-TSO-0001,21X-BE-A-A0A0A-Y,Fluxys Belgium,ITP-00542,VIP Belgium - NCG,21Z000000000497Z,exit,kWh/h,,,13711517,2022-05-03T20:54:28+02:00,,Confirmed,,,,,True,,,True,PRISMA,,https://platform.prisma-capacity.eu/,,Cross-Border Transmission IP within EU,0,False
1Physical Flowhour2022-03-09 19:00:00 +00:002022-03-09 20:00:00 +00:00BE-TSO-0001ITP-00542exitkWh/h,1,Physical Flow,hour,2022-03-09T20:00:00+01:00,2022-03-09T21:00:00+01:00,BE-TSO-0001,21X-BE-A-A0A0A-Y,Fluxys Belgium,ITP-00542,VIP Belgium - NCG,21Z000000000497Z,exit,kWh/h,,,13712095,2022-05-03T20:54:28+02:00,,Confirmed,,,,,True,,,True,PRISMA,,https://platform.prisma-capacity.eu/,,Cross-Border Transmission IP within EU,0,False
1Physical Flowhour2022-03-09 20:00:00 +00:002022-03-09 21:00:00 +00:00BE-TSO-0001ITP-00542exitkWh/h,1,Physical Flow,hour,2022-03-09T21:00:00+01:00,2022-03-09T22:00:00+01:00,BE-TSO-0001,21X-BE-A-A0A0A-Y,Fluxys Belgium,ITP-00542,VIP Belgium - NCG,21Z000000000497Z,exit,kWh/h,,,14031123,2022-05-03T20:54:28+02:00,,Confirmed,,,,,True,,,True,PRISMA,,https://platform.prisma-capacity.eu/,,Cross-Border Transmission IP within EU,0,False
1Physical Flowhour2022-03-09 21:00:00 +00:002022-03-09 22:00:00 +00:00BE-TSO-0001ITP-00542exitkWh/h,1,Physical Flow,hour,2022-03-09T22:00:00+01:00,2022-03-09T23:00:00+01:00,BE-TSO-0001,21X-BE-A-A0A0A-Y,Fluxys Belgium,ITP-00542,VIP Belgium - NCG,21Z000000000497Z,exit,kWh/h,,,14035172,2022-05-03T20:54:28+02:00,,Confirmed,,,,,True,,,True,PRISMA,,https://platform.prisma-capacity.eu/,,Cross-Border Transmission IP within EU,0,False
1Physical Flowhour2022-03-09 22:00:00 +00:002022-03-09 23:00:00 +00:00BE-TSO-0001ITP-00542exitkWh/h,1,Physical Flow,hour,2022-03-09T23:00:00+01:00,2022-03-10T00:00:00+01:00,BE-TSO-0001,21X-BE-A-A0A0A-Y,Fluxys Belgium,ITP-00542,VIP Belgium - NCG,21Z000000000497Z,exit,kWh/h,,,14035480,2022-05-03T20:54:28+02:00,,Confirmed,,,,,True,,,True,PRISMA,,https://platform.prisma-capacity.eu/,,Cross-Border Transmission IP within EU,0,False
1Physical Flowhour2022-03-09 23:00:00 +00:002022-03-10 00:00:00 +00:00BE-TSO-0001ITP-00542exitkWh/h,1,Physical Flow,hour,2022-03-10T00:00:00+01:00,2022-03-10T01:00:00+01:00,BE-TSO-0001,21X-BE-A-A0A0A-Y,Fluxys Belgium,ITP-00542,VIP Belgium - NCG,21Z000000000497Z,exit,kWh/h,,,14033765,2022-05-03T20:54:28+02:00,,Confirmed,,,,,True,,,True,PRISMA,,https://platform.prisma-capacity.eu/,,Cross-Border Transmission IP within EU,0,False
1Physical Flowhour2022-03-10 00:00:00 +00:002022-03-10 01:00:00 +00:00BE-TSO-0001ITP-00542exitkWh/h,1,Physical Flow,hour,2022-03-10T01:00:00+01:00,2022-03-10T02:00:00+01:00,BE-TSO-0001,21X-BE-A-A0A0A-Y,Fluxys Belgium,ITP-00542,VIP Belgium - NCG,21Z000000000497Z,exit,kWh/h,,,13800815,2022-05-03T20:54:28+02:00,,Confirmed,,,,,True,,,True,PRISMA,,https://platform.prisma-capacity.eu/,,Cross-Border Transmission IP within EU,0,False
1Physical Flowhour2022-03-10 01:00:00 +00:002022-03-10 02:00:00 +00:00BE-TSO-0001ITP-00542exitkWh/h,1,Physical Flow,hour,2022-03-10T02:00:00+01:00,2022-03-10T03:00:00+01:00,BE-TSO-0001,21X-BE-A-A0A0A-Y,Fluxys Belgium,ITP-00542,VIP Belgium - NCG,21Z000000000497Z,exit,kWh/h,,,13875516,2022-05-03T20:54:28+02:00,,Confirmed,,,,,True,,,True,PRISMA,,https://platform.prisma-capacity.eu/,,Cross-Border Transmission IP within EU,0,False
1Physical Flowhour2022-03-10 02:00:00 +00:002022-03-10 03:00:00 +00:00BE-TSO-0001ITP-00542exitkWh/h,1,Physical Flow,hour,2022-03-10T03:00:00+01:00,2022-03-10T04:00:00+01:00,BE-TSO-0001,21X-BE-A-A0A0A-Y,Fluxys Belgium,ITP-00542,VIP Belgium - NCG,21Z000000000497Z,exit,kWh/h,,,14433424,2022-05-03T20:54:28+02:00,,Confirmed,,,,,True,,,True,PRISMA,,https://platform.prisma-capacity.eu/,,Cross-Border Transmission IP within EU,0,False
1Physical Flowhour2022-03-10 03:00:00 +00:002022-03-10 04:00:00 +00:00BE-TSO-0001ITP-00542exitkWh/h,1,Physical Flow,hour,2022-03-10T04:00:00+01:00,2022-03-10T05:00:00+01:00,BE-TSO-0001,21X-BE-A-A0A0A-Y,Fluxys Belgium,ITP-00542,VIP Belgium - NCG,21Z000000000497Z,exit,kWh/h,,,14592916,2022-05-03T20:54:28+02:00,,Confirmed,,,,,True,,,True,PRISMA,,https://platform.prisma-capacity.eu/,,Cross-Border Transmission IP within EU,0,False
1Physical Flowhour2022-03-10 04:00:00 +00:002022-03-10 05:00:00 +00:00BE-TSO-0001ITP-00542exitkWh/h,1,Physical Flow,hour,2022-03-10T05:00:00+01:00,2022-03-10T06:00:00+01:00,BE-TSO-0001,21X-BE-A-A0A0A-Y,Fluxys Belgium,ITP-00542,VIP Belgium - NCG,21Z000000000497Z,exit,kWh/h,,,13892829,2022-05-03T20:54:28+02:00,,Confirmed,,,,,True,,,True,PRISMA,,https://platform.prisma-capacity.eu/,,Cross-Border Transmission IP within EU,0,False
1Physical Flowhour2022-03-10 05:00:00 +00:002022-03-10 06:00:00 +00:00BE-TSO-0001ITP-00542exitkWh/h,1,Physical Flow,hour,2022-03-10T06:00:00+01:00,2022-03-10T07:00:00+01:00,BE-TSO-0001,21X-BE-A-A0A0A-Y,Fluxys Belgium,ITP-00542,VIP Belgium - NCG,21Z000000000497Z,exit,kWh/h,,,10603284,2022-05-03T20:54:28+02:00,,Confirmed,,,,,True,,,True,PRISMA,,https://platform.prisma-capacity.eu/,,Cross-Border Transmission IP within EU,0,False
1Physical Flowhour2022-03-10 06:00:00 +00:002022-03-10 07:00:00 +00:00BE-TSO-0001ITP-00542exitkWh/h,1,Physical Flow,hour,2022-03-10T07:00:00+01:00,2022-03-10T08:00:00+01:00,BE-TSO-0001,21X-BE-A-A0A0A-Y,Fluxys Belgium,ITP-00542,VIP Belgium - NCG,21Z000000000497Z,exit,kWh/h,,,10555433,2022-05-03T20:54:28+02:00,,Confirmed,,,,,True,,,True,PRISMA,,https://platform.prisma-capacity.eu/,,Cross-Border Transmission IP within EU,0,False
1Physical Flowhour2022-03-10 07:00:00 +00:002022-03-10 08:00:00 +00:00BE-TSO-0001ITP-00542exitkWh/h,1,Physical Flow,hour,2022-03-10T08:00:00+01:00,2022-03-10T09:00:00+01:00,BE-TSO-0001,21X-BE-A-A0A0A-Y,Fluxys Belgium,ITP-00542,VIP Belgium - NCG,21Z000000000497Z,exit,kWh/h,,,10931443,2022-05-03T20:54:28+02:00,,Confirmed,,,,,True,,,True,PRISMA,,https://platform.prisma-capacity.eu/,,Cross-Border Transmission IP within EU,0,False
1Physical Flowhour2022-03-10 08:00:00 +00:002022-03-10 09:00:00 +00:00BE-TSO-0001ITP-00542exitkWh/h,1,Physical Flow,hour,2022-03-10T09:00:00+01:00,2022-03-10T10:00:00+01:00,BE-TSO-0001,21X-BE-A-A0A0A-Y,Fluxys Belgium,ITP-00542,VIP Belgium - NCG,21Z000000000497Z,exit,kWh/h,,,10535205,2022-05-03T20:54:28+02:00,,Confirmed,,,,,True,,,True,PRISMA,,https://platform.prisma-capacity.eu/,,Cross-Border Transmission IP within EU,0,False
1Physical Flowhour2022-03-10 09:00:00 +00:002022-03-10 10:00:00 +00:00BE-TSO-0001ITP-00542exitkWh/h,1,Physical Flow,hour,2022-03-10T10:00:00+01:00,2022-03-10T11:00:00+01:00,BE-TSO-0001,21X-BE-A-A0A0A-Y,Fluxys Belgium,ITP-00542,VIP Belgium - NCG,21Z000000000497Z,exit,kWh/h,,,10594178,2022-05-03T20:54:28+02:00,,Confirmed,,,,,True,,,True,PRISMA,,https://platform.prisma-capacity.eu/,,Cross-Border Transmission IP within EU,0,False
1Physical Flowhour2022-03-10 10:00:00 +00:002022-03-10 11:00:00 +00:00BE-TSO-0001ITP-00542exitkWh/h,1,Physical Flow,hour,2022-03-10T11:00:00+01:00,2022-03-10T12:00:00+01:00,BE-TSO-0001,21X-BE-A-A0A0A-Y,Fluxys Belgium,ITP-00542,VIP Belgium - NCG,21Z000000000497Z,exit,kWh/h,,,10535920,2022-05-03T20:54:28+02:00,,Confirmed,,,,,True,,,True,PRISMA,,https://platform.prisma-capacity.eu/,,Cross-Border Transmission IP within EU,0,False
1Physical Flowhour2022-03-10 11:00:00 +00:002022-03-10 12:00:00 +00:00BE-TSO-0001ITP-00542exitkWh/h,1,Physical Flow,hour,2022-03-10T12:00:00+01:00,2022-03-10T13:00:00+01:00,BE-TSO-0001,21X-BE-A-A0A0A-Y,Fluxys Belgium,ITP-00542,VIP Belgium - NCG,21Z000000000497Z,exit,kWh/h,,,10537462,2022-05-03T20:54:28+02:00,,Confirmed,,,,,True,,,True,PRISMA,,https://platform.prisma-capacity.eu/,,Cross-Border Transmission IP within EU,0,False
1Physical Flowhour2022-03-10 12:00:00 +00:002022-03-10 13:00:00 +00:00BE-TSO-0001ITP-00542exitkWh/h,1,Physical Flow,hour,2022-03-10T13:00:00+01:00,2022-03-10T14:00:00+01:00,BE-TSO-0001,21X-BE-A-A0A0A-Y,Fluxys Belgium,ITP-00542,VIP Belgium - NCG,21Z000000000497Z,exit,kWh/h,,,10536630,2022-05-03T20:54:28+02:00,,Confirmed,,,,,True,,,True,PRISMA,,https://platform.prisma-capacity.eu/,,Cross-Border Transmission IP within EU,0,False
1Physical Flowhour2022-03-10 13:00:00 +00:002022-03-10 14:00:00 +00:00BE-TSO-0001ITP-00542exitkWh/h,1,Physical Flow,hour,2022-03-10T14:00:00+01:00,2022-03-10T15:00:00+01:00,BE-TSO-0001,21X-BE-A-A0A0A-Y,Fluxys Belgium,ITP-00542,VIP Belgium - NCG,21Z000000000497Z,exit,kWh/h,,,10484193,2022-05-03T20:54:28+02:00,,Confirmed,,,,,True,,,True,PRISMA,,https://platform.prisma-capacity.eu/,,Cross-Border Transmission IP within EU,0,False
1Physical Flowhour2022-03-10 14:00:00 +00:002022-03-10 15:00:00 +00:00BE-TSO-0001ITP-00542exitkWh/h,1,Physical Flow,hour,2022-03-10T15:00:00+01:00,2022-03-10T16:00:00+01:00,BE-TSO-0001,21X-BE-A-A0A0A-Y,Fluxys Belgium,ITP-00542,VIP Belgium - NCG,21Z000000000497Z,exit,kWh/h,,,10475636,2022-05-03T20:54:28+02:00,,Confirmed,,,,,True,,,True,PRISMA,,https://platform.prisma-capacity.eu/,,Cross-Border Transmission IP within EU,0,False
1Physical Flowhour2022-03-10 15:00:00 +00:002022-03-10 16:00:00 +00:00BE-TSO-0001ITP-00542exitkWh/h,1,Physical Flow,hour,2022-03-10T16:00:00+01:00,2022-03-10T17:00:00+01:00,BE-TSO-0001,21X-BE-A-A0A0A-Y,Fluxys Belgium,ITP-00542,VIP Belgium - NCG,21Z000000000497Z,exit,kWh/h,,,10633250,2022-05-03T20:54:28+02:00,,Confirmed,,,,,True,,,True,PRISMA,,https://platform.prisma-capacity.eu/,,Cross-Border Transmission IP within EU,0,False
1Physical Flowhour2022-03-10 16:00:00 +00:002022-03-10 17:00:00 +00:00BE-TSO-0001ITP-00542exitkWh/h,1,Physical Flow,hour,2022-03-10T17:00:00+01:00,2022-03-10T18:00:00+01:00,BE-TSO-0001,21X-BE-A-A0A0A-Y,Fluxys Belgium,ITP-00542,VIP Belgium - NCG,21Z000000000497Z,exit,kWh/h,,,11486899,2022-05-03T20:54:28+02:00,,Confirmed,,,,,True,,,True,PRISMA,,https://platform.prisma-capacity.eu/,,Cross-Border Transmission IP within EU,0,False
1Physical Flowhour2022-03-10 17:00:00 +00:002022-03-10 18:00:00 +00:00BE-TSO-0001ITP-00542exitkWh/h,1,Physical Flow,hour,2022-03-10T18:00:00+01:00,2022-03-10T19:00:00+01:00,BE-TSO-0001,21X-BE-A-A0A0A-Y,Fluxys Belgium,ITP-00542,VIP Belgium - NCG,21Z000000000497Z,exit,kWh/h,,,10466116,2022-05-03T20:54:28+02:00,,Confirmed,,,,,True,,,True,PRISMA,,https://platform.prisma-capacity.eu/,,Cross-Border Transmission IP within EU,0,False
1Physical Flowhour2022-03-10 18:00:00 +00:002022-03-10 19:00:00 +00:00BE-TSO-0001ITP-00542exitkWh/h,1,Physical Flow,hour,2022-03-10T19:00:00+01:00,2022-03-10T20:00:00+01:00,BE-TSO-0001,21X-BE-A-A0A0A-Y,Fluxys Belgium,ITP-00542,VIP Belgium - NCG,21Z000000000497Z,exit,kWh/h,,,10473290,2022-05-03T20:54:28+02:00,,Confirmed,,,,,True,,,True,PRISMA,,https://platform.prisma-capacity.eu/,,Cross-Border Transmission IP within EU,0,False
1Physical Flowhour2022-03-10 19:00:00 +00:002022-03-10 20:00:00 +00:00BE-TSO-0001ITP-00542exitkWh/h,1,Physical Flow,hour,2022-03-10T20:00:00+01:00,2022-03-10T21:00:00+01:00,BE-TSO-0001,21X-BE-A-A0A0A-Y,Fluxys Belgium,ITP-00542,VIP Belgium - NCG,21Z000000000497Z,exit,kWh/h,,,10639083,2022-05-03T20:54:28+02:00,,Confirmed,,,,,True,,,True,PRISMA,,https://platform.prisma-capacity.eu/,,Cross-Border Transmission IP within EU,0,False
1Physical Flowhour2022-03-10 20:00:00 +00:002022-03-10 21:00:00 +00:00BE-TSO-0001ITP-00542exitkWh/h,1,Physical Flow,hour,2022-03-10T21:00:00+01:00,2022-03-10T22:00:00+01:00,BE-TSO-0001,21X-BE-A-A0A0A-Y,Fluxys Belgium,ITP-00542,VIP Belgium - NCG,21Z000000000497Z,exit,kWh/h,,,10637358,2022-05-03T20:54:28+02:00,,Confirmed,,,,,True,,,True,PRISMA,,https://platform.prisma-capacity.eu/,,Cross-Border Transmission IP within EU,0,False
1Physical Flowhour2022-03-10 21:00:00 +00:002022-03-10 22:00:00 +00:00BE-TSO-0001ITP-00542exitkWh/h,1,Physical Flow,hour,2022-03-10T22:00:00+01:00,2022-03-10T23:00:00+01:00,BE-TSO-0001,21X-BE-A-A0A0A-Y,Fluxys Belgium,ITP-00542,VIP Belgium - NCG,21Z000000000497Z,exit,kWh/h,,,10283937,2022-05-03T20:54:28+02:00,,Confirmed,,,,,True,,,True,PRISMA,,https://platform.prisma-capacity.eu/,,Cross-Border Transmission IP within EU,0,False
1Physical Flowhour2022-03-10 22:00:00 +00:002022-03-10 23:00:00 +00:00BE-TSO-0001ITP-00542exitkWh/h,1,Physical Flow,hour,2022-03-10T23:00:00+01:00,2022-03-11T00:00:00+01:00,BE-TSO-0001,21X-BE-A-A0A0A-Y,Fluxys Belgium,ITP-00542,VIP Belgium - NCG,21Z000000000497Z,exit,kWh/h,,,10365815,2022-05-03T20:54:28+02:00,,Confirmed,,,,,True,,,True,PRISMA,,https://platform.prisma-capacity.eu/,,Cross-Border Transmission IP within EU,0,False
1Physical Flowhour2022-03-10 23:00:00 +00:002022-03-11 00:00:00 +00:00BE-TSO-0001ITP-00542exitkWh/h,1,Physical Flow,hour,2022-03-11T00:00:00+01:00,2022-03-11T01:00:00+01:00,BE-TSO-0001,21X-BE-A-A0A0A-Y,Fluxys Belgium,ITP-00542,VIP Belgium - NCG,21Z000000000497Z,exit,kWh/h,,,10368867,2022-05-03T20:54:28+02:00,,Confirmed,,,,,True,,,True,PRISMA,,https://platform.prisma-capacity.eu/,,Cross-Border Transmission IP within EU,0,False
1Physical Flowhour2022-03-11 00:00:00 +00:002022-03-11 01:00:00 +00:00BE-TSO-0001ITP-00542exitkWh/h,1,Physical Flow,hour,2022-03-11T01:00:00+01:00,2022-03-11T02:00:00+01:00,BE-TSO-0001,21X-BE-A-A0A0A-Y,Fluxys Belgium,ITP-00542,VIP Belgium - NCG,21Z000000000497Z,exit,kWh/h,,,10365747,2022-05-03T20:54:28+02:00,,Confirmed,,,,,True,,,True,PRISMA,,https://platform.prisma-capacity.eu/,,Cross-Border Transmission IP within EU,0,False
1Physical Flowhour2022-03-11 01:00:00 +00:002022-03-11 02:00:00 +00:00BE-TSO-0001ITP-00542exitkWh/h,1,Physical Flow,hour,2022-03-11T02:00:00+01:00,2022-03-11T03:00:00+01:00,BE-TSO-0001,21X-BE-A-A0A0A-Y,Fluxys Belgium,ITP-00542,VIP Belgium - NCG,21Z000000000497Z,exit,kWh/h,,,10909049,2022-05-03T20:54:28+02:00,,Confirmed,,,,,True,,,True,PRISMA,,https://platform.prisma-capacity.eu/,,Cross-Border Transmission IP within EU,0,False
1Physical Flowhour2022-03-11 02:00:00 +00:002022-03-11 03:00:00 +00:00BE-TSO-0001ITP-00542exitkWh/h,1,Physical Flow,hour,2022-03-11T03:00:00+01:00,2022-03-11T04:00:00+01:00,BE-TSO-0001,21X-BE-A-A0A0A-Y,Fluxys Belgium,ITP-00542,VIP Belgium - NCG,21Z000000000497Z,exit,kWh/h,,,10903856,2022-05-03T20:54:28+02:00,,Confirmed,,,,,True,,,True,PRISMA,,https://platform.prisma-capacity.eu/,,Cross-Border Transmission IP within EU,0,False
1Physical Flowhour2022-03-11 03:00:00 +00:002022-03-11 04:00:00 +00:00BE-TSO-0001ITP-00542exitkWh/h,1,Physical Flow,hour,2022-03-11T04:00:00+01:00,2022-03-11T05:00:00+01:00,BE-TSO-0001,21X-BE-A-A0A0A-Y,Fluxys Belgium,ITP-00542,VIP Belgium - NCG,21Z000000000497Z,exit,kWh/h,,,11639206,2022-05-03T20:54:28+02:00,,Confirmed,,,,,True,,,True,PRISMA,,https://platform.prisma-capacity.eu/,,Cross-Border Transmission IP within EU,0,False
1Physical Flowhour2022-03-11 04:00:00 +00:002022-03-11 05:00:00 +00:00BE-TSO-0001ITP-00542exitkWh/h,1,Physical Flow,hour,2022-03-11T05:00:00+01:00,2022-03-11T06:00:00+01:00,BE-TSO-0001,21X-BE-A-A0A0A-Y,Fluxys Belgium,ITP-00542,VIP Belgium - NCG,21Z000000000497Z,exit,kWh/h,,,11678760,2022-05-03T20:54:28+02:00,,Confirmed,,,,,True,,,True,PRISMA,,https://platform.prisma-capacity.eu/,,Cross-Border Transmission IP within EU,0,False
1Physical Flowhour2022-03-11 05:00:00 +00:002022-03-11 06:00:00 +00:00BE-TSO-0001ITP-00542exitkWh/h,1,Physical Flow,hour,2022-03-11T06:00:00+01:00,2022-03-11T07:00:00+01:00,BE-TSO-0001,21X-BE-A-A0A0A-Y,Fluxys Belgium,ITP-00542,VIP Belgium - NCG,21Z000000000497Z,exit,kWh/h,,,15638272,2022-05-03T20:54:28+02:00,,Confirmed,,,,,True,,,True,PRISMA,,https://platform.prisma-capacity.eu/,,Cross-Border Transmission IP within EU,0,False
1Physical Flowhour2022-03-11 06:00:00 +00:002022-03-11 07:00:00 +00:00BE-TSO-0001ITP-00542exitkWh/h,1,Physical Flow,hour,2022-03-11T07:00:00+01:00,2022-03-11T08:00:00+01:00,BE-TSO-0001,21X-BE-A-A0A0A-Y,Fluxys Belgium,ITP-00542,VIP Belgium - NCG,21Z000000000497Z,exit,kWh/h,,,15743459,2022-05-03T20:54:28+02:00,,Confirmed,,,,,True,,,True,PRISMA,,https://platform.prisma-capacity.eu/,,Cross-Border Transmission IP within EU,0,False
1Physical Flowhour2022-03-11 07:00:00 +00:002022-03-11 08:00:00 +00:00BE-TSO-0001ITP-00542exitkWh/h,1,Physical Flow,hour,2022-03-11T08:00:00+01:00,2022-03-11T09:00:00+01:00,BE-TSO-0001,21X-BE-A-A0A0A-Y,Fluxys Belgium,ITP-00542,VIP Belgium - NCG,21Z000000000497Z,exit,kWh/h,,,15333408,2022-05-03T20:54:28+02:00,,Confirmed,,,,,True,,,True,PRISMA,,https://platform.prisma-capacity.eu/,,Cross-Border Transmission IP within EU,0,False
1Physical Flowhour2022-03-11 08:00:00 +00:002022-03-11 09:00:00 +00:00BE-TSO-0001ITP-00542exitkWh/h,1,Physical Flow,hour,2022-03-11T09:00:00+01:00,2022-03-11T10:00:00+01:00,BE-TSO-0001,21X-BE-A-A0A0A-Y,Fluxys Belgium,ITP-00542,VIP Belgium - NCG,21Z000000000497Z,exit,kWh/h,,,15332647,2022-05-03T20:54:28+02:00,,Confirmed,,,,,True,,,True,PRISMA,,https://platform.prisma-capacity.eu/,,Cross-Border Transmission IP within EU,0,False
1Physical Flowhour2022-03-11 09:00:00 +00:002022-03-11 10:00:00 +00:00BE-TSO-0001ITP-00542exitkWh/h,1,Physical Flow,hour,2022-03-11T10:00:00+01:00,2022-03-11T11:00:00+01:00,BE-TSO-0001,21X-BE-A-A0A0A-Y,Fluxys Belgium,ITP-00542,VIP Belgium - NCG,21Z000000000497Z,exit,kWh/h,,,15930460,2022-05-03T20:54:28+02:00,,Confirmed,,,,,True,,,True,PRISMA,,https://platform.prisma-capacity.eu/,,Cross-Border Transmission IP within EU,0,False
1Physical Flowhour2022-03-11 10:00:00 +00:002022-03-11 11:00:00 +00:00BE-TSO-0001ITP-00542exitkWh/h,1,Physical Flow,hour,2022-03-11T11:00:00+01:00,2022-03-11T12:00:00+01:00,BE-TSO-0001,21X-BE-A-A0A0A-Y,Fluxys Belgium,ITP-00542,VIP Belgium - NCG,21Z000000000497Z,exit,kWh/h,,,16472169,2022-05-03T20:54:28+02:00,,Confirmed,,,,,True,,,True,PRISMA,,https://platform.prisma-capacity.eu/,,Cross-Border Transmission IP within EU,0,False
1Physical Flowhour2022-03-11 11:00:00 +00:002022-03-11 12:00:00 +00:00BE-TSO-0001ITP-00542exitkWh/h,1,Physical Flow,hour,2022-03-11T12:00:00+01:00,2022-03-11T13:00:00+01:00,BE-TSO-0001,21X-BE-A-A0A0A-Y,Fluxys Belgium,ITP-00542,VIP Belgium - NCG,21Z000000000497Z,exit,kWh/h,,,16364286,2022-05-03T20:54:28+02:00,,Confirmed,,,,,True,,,True,PRISMA,,https://platform.prisma-capacity.eu/,,Cross-Border Transmission IP within EU,0,False
1Physical Flowhour2022-03-11 12:00:00 +00:002022-03-11 13:00:00 +00:00BE-TSO-0001ITP-00542exitkWh/h,1,Physical Flow,hour,2022-03-11T13:00:00+01:00,2022-03-11T14:00:00+01:00,BE-TSO-0001,21X-BE-A-A0A0A-Y,Fluxys Belgium,ITP-00542,VIP Belgium - NCG,21Z000000000497Z,exit,kWh/h,,,16364048,2022-05-03T20:54:28+02:00,,Confirmed,,,,,True,,,True,PRISMA,,https://platform.prisma-capacity.eu/,,Cross-Border Transmission IP within EU,0,False
1Physical Flowhour2022-03-11 13:00:00 +00:002022-03-11 14:00:00 +00:00BE-TSO-0001ITP-00542exitkWh/h,1,Physical Flow,hour,2022-03-11T14:00:00+01:00,2022-03-11T15:00:00+01:00,BE-TSO-0001,21X-BE-A-A0A0A-Y,Fluxys Belgium,ITP-00542,VIP Belgium - NCG,21Z000000000497Z,exit,kWh/h,,,16365573,2022-05-03T20:54:28+02:00,,Confirmed,,,,,True,,,True,PRISMA,,https://platform.prisma-capacity.eu/,,Cross-Border Transmission IP within EU,0,False
1Physical Flowhour2022-03-11 14:00:00 +00:002022-03-11 15:00:00 +00:00BE-TSO-0001ITP-00542exitkWh/h,1,Physical Flow,hour,2022-03-11T15:00:00+01:00,2022-03-11T16:00:00+01:00,BE-TSO-0001,21X-BE-A-A0A0A-Y,Fluxys Belgium,ITP-00542,VIP Belgium - NCG,21Z000000000497Z,exit,kWh/h,,,16365394,2022-05-03T20:54:28+02:00,,Confirmed,,,,,True,,,True,PRISMA,,https://platform.prisma-capacity.eu/,,Cross-Border Transmission IP within EU,0,False
1Physical Flowhour2022-03-11 15:00:00 +00:002022-03-11 16:00:00 +00:00BE-TSO-0001ITP-00542exitkWh/h,1,Physical Flow,hour,2022-03-11T16:00:00+01:00,2022-03-11T17:00:00+01:00,BE-TSO-0001,21X-BE-A-A0A0A-Y,Fluxys Belgium,ITP-00542,VIP Belgium - NCG,21Z000000000497Z,exit,kWh/h,,,16349353,2022-05-03T20:54:28+02:00,,Confirmed,,,,,True,,,True,PRISMA,,https://platform.prisma-capacity.eu/,,Cross-Border Transmission IP within EU,0,False
1Physical Flowhour2022-03-11 16:00:00 +00:002022-03-11 17:00:00 +00:00BE-TSO-0001ITP-00542exitkWh/h,1,Physical Flow,hour,2022-03-11T17:00:00+01:00,2022-03-11T18:00:00+01:00,BE-TSO-0001,21X-BE-A-A0A0A-Y,Fluxys Belgium,ITP-00542,VIP Belgium - NCG,21Z000000000497Z,exit,kWh/h,,,16809571,2022-05-03T20:54:28+02:00,,Confirmed,,,,,True,,,True,PRISMA,,https://platform.prisma-capacity.eu/,,Cross-Border Transmission IP within EU,0,False
1Physical Flowhour2022-03-11 17:00:00 +00:002022-03-11 18:00:00 +00:00BE-TSO-0001ITP-00542exitkWh/h,1,Physical Flow,hour,2022-03-11T18:00:00+01:00,2022-03-11T19:00:00+01:00,BE-TSO-0001,21X-BE-A-A0A0A-Y,Fluxys Belgium,ITP-00542,VIP Belgium - NCG,21Z000000000497Z,exit,kWh/h,,,16308553,2022-05-03T20:54:28+02:00,,Confirmed,,,,,True,,,True,PRISMA,,https://platform.prisma-capacity.eu/,,Cross-Border Transmission IP within EU,0,False
1Physical Flowhour2022-03-11 18:00:00 +00:002022-03-11 19:00:00 +00:00BE-TSO-0001ITP-00542exitkWh/h,1,Physical Flow,hour,2022-03-11T19:00:00+01:00,2022-03-11T20:00:00+01:00,BE-TSO-0001,21X-BE-A-A0A0A-Y,Fluxys Belgium,ITP-00542,VIP Belgium - NCG,21Z000000000497Z,exit,kWh/h,,,16317552,2022-05-03T20:54:28+02:00,,Confirmed,,,,,True,,,True,PRISMA,,https://platform.prisma-capacity.eu/,,Cross-Border Transmission IP within EU,0,False
1Physical Flowhour2022-03-11 19:00:00 +00:002022-03-11 20:00:00 +00:00BE-TSO-0001ITP-00542exitkWh/h,1,Physical Flow,hour,2022-03-11T20:00:00+01:00,2022-03-11T21:00:00+01:00,BE-TSO-0001,21X-BE-A-A0A0A-Y,Fluxys Belgium,ITP-00542,VIP Belgium - NCG,21Z000000000497Z,exit,kWh/h,,,16758841,2022-05-03T20:54:28+02:00,,Confirmed,,,,,True,,,True,PRISMA,,https://platform.prisma-capacity.eu/,,Cross-Border Transmission IP within EU,0,False
1Physical Flowhour2022-03-11 20:00:00 +00:002022-03-11 21:00:00 +00:00BE-TSO-0001ITP-00542exitkWh/h,1,Physical Flow,hour,2022-03-11T21:00:00+01:00,2022-03-11T22:00:00+01:00,BE-TSO-0001,21X-BE-A-A0A0A-Y,Fluxys Belgium,ITP-00542,VIP Belgium - NCG,21Z000000000497Z,exit,kWh/h,,,16267956,2022-05-03T20:54:28+02:00,,Confirmed,,,,,True,,,True,PRISMA,,https://platform.prisma-capacity.eu/,,Cross-Border Transmission IP within EU,0,False
1Physical Flowhour2022-03-11 21:00:00 +00:002022-03-11 22:00:00 +00:00BE-TSO-0001ITP-00542exitkWh/h,1,Physical Flow,hour,2022-03-11T22:00:00+01:00,2022-03-11T23:00:00+01:00,BE-TSO-0001,21X-BE-A-A0A0A-Y,Fluxys Belgium,ITP-00542,VIP Belgium - NCG,21Z000000000497Z,exit,kWh/h,,,16714078,2022-05-03T20:54:28+02:00,,Confirmed,,,,,True,,,True,PRISMA,,https://platform.prisma-capacity.eu/,,Cross-Border Transmission IP within EU,0,False
1Physical Flowhour2022-03-11 22:00:00 +00:002022-03-11 23:00:00 +00:00BE-TSO-0001ITP-00542exitkWh/h,1,Physical Flow,hour,2022-03-11T23:00:00+01:00,2022-03-12T00:00:00+01:00,BE-TSO-0001,21X-BE-A-A0A0A-Y,Fluxys Belgium,ITP-00542,VIP Belgium - NCG,21Z000000000497Z,exit,kWh/h,,,15998141,2022-05-03T20:54:28+02:00,,Confirmed,,,,,True,,,True,PRISMA,,https://platform.prisma-capacity.eu/,,Cross-Border Transmission IP within EU,0,False
1Physical Flowhour2022-03-11 23:00:00 +00:002022-03-12 00:00:00 +00:00BE-TSO-0001ITP-00542exitkWh/h,1,Physical Flow,hour,2022-03-12T00:00:00+01:00,2022-03-12T01:00:00+01:00,BE-TSO-0001,21X-BE-A-A0A0A-Y,Fluxys Belgium,ITP-00542,VIP Belgium - NCG,21Z000000000497Z,exit,kWh/h,,,14997891,2022-05-03T20:54:28+02:00,,Confirmed,,,,,True,,,True,PRISMA,,https://platform.prisma-capacity.eu/,,Cross-Border Transmission IP within EU,0,False
1Physical Flowhour2022-03-12 00:00:00 +00:002022-03-12 01:00:00 +00:00BE-TSO-0001ITP-00542exitkWh/h,1,Physical Flow,hour,2022-03-12T01:00:00+01:00,2022-03-12T02:00:00+01:00,BE-TSO-0001,21X-BE-A-A0A0A-Y,Fluxys Belgium,ITP-00542,VIP Belgium - NCG,21Z000000000497Z,exit,kWh/h,,,14253956,2022-05-03T20:54:28+02:00,,Confirmed,,,,,True,,,True,PRISMA,,https://platform.prisma-capacity.eu/,,Cross-Border Transmission IP within EU,0,False
1Physical Flowhour2022-03-12 01:00:00 +00:002022-03-12 02:00:00 +00:00BE-TSO-0001ITP-00542exitkWh/h,1,Physical Flow,hour,2022-03-12T02:00:00+01:00,2022-03-12T03:00:00+01:00,BE-TSO-0001,21X-BE-A-A0A0A-Y,Fluxys Belgium,ITP-00542,VIP Belgium - NCG,21Z000000000497Z,exit,kWh/h,,,14258471,2022-05-03T20:54:28+02:00,,Confirmed,,,,,True,,,True,PRISMA,,https://platform.prisma-capacity.eu/,,Cross-Border Transmission IP within EU,0,False
1Physical Flowhour2022-03-12 02:00:00 +00:002022-03-12 03:00:00 +00:00BE-TSO-0001ITP-00542exitkWh/h,1,Physical Flow,hour,2022-03-12T03:00:00+01:00,2022-03-12T04:00:00+01:00,BE-TSO-0001,21X-BE-A-A0A0A-Y,Fluxys Belgium,ITP-00542,VIP Belgium - NCG,21Z000000000497Z,exit,kWh/h,,,16589926,2022-05-03T20:54:28+02:00,,Confirmed,,,,,True,,,True,PRISMA,,https://platform.prisma-capacity.eu/,,Cross-Border Transmission IP within EU,0,False
1Physical Flowhour2022-03-12 03:00:00 +00:002022-03-12 04:00:00 +00:00BE-TSO-0001ITP-00542exitkWh/h,1,Physical Flow,hour,2022-03-12T04:00:00+01:00,2022-03-12T05:00:00+01:00,BE-TSO-0001,21X-BE-A-A0A0A-Y,Fluxys Belgium,ITP-00542,VIP Belgium - NCG,21Z000000000497Z,exit,kWh/h,,,16693439,2022-05-03T20:54:28+02:00,,Confirmed,,,,,True,,,True,PRISMA,,https://platform.prisma-capacity.eu/,,Cross-Border Transmission IP within EU,0,False
1Physical Flowhour2022-03-12 04:00:00 +00:002022-03-12 05:00:00 +00:00BE-TSO-0001ITP-00542exitkWh/h,1,Physical Flow,hour,2022-03-12T05:00:00+01:00,2022-03-12T06:00:00+01:00,BE-TSO-0001,21X-BE-A-A0A0A-Y,Fluxys Belgium,ITP-00542,VIP Belgium - NCG,21Z000000000497Z,exit,kWh/h,,,16454929,2022-05-03T20:54:28+02:00,,Confirmed,,,,,True,,,True,PRISMA,,https://platform.prisma-capacity.eu/,,Cross-Border Transmission IP within EU,0,False
1Physical Flowhour2022-03-12 05:00:00 +00:002022-03-12 06:00:00 +00:00BE-TSO-0001ITP-00542exitkWh/h,1,Physical Flow,hour,2022-03-12T06:00:00+01:00,2022-03-12T07:00:00+01:00,BE-TSO-0001,21X-BE-A-A0A0A-Y,Fluxys Belgium,ITP-00542,VIP Belgium - NCG,21Z000000000497Z,exit,kWh/h,,,11957023,2022-05-03T20:54:28+02:00,,Confirmed,,,,,True,,,True,PRISMA,,https://platform.prisma-capacity.eu/,,Cross-Border Transmission IP within EU,0,False
1Physical Flowhour2022-03-12 06:00:00 +00:002022-03-12 07:00:00 +00:00BE-TSO-0001ITP-00542exitkWh/h,1,Physical Flow,hour,2022-03-12T07:00:00+01:00,2022-03-12T08:00:00+01:00,BE-TSO-0001,21X-BE-A-A0A0A-Y,Fluxys Belgium,ITP-00542,VIP Belgium - NCG,21Z000000000497Z,exit,kWh/h,,,11000856,2022-05-03T20:54:28+02:00,,Confirmed,,,,,True,,,True,PRISMA,,https://platform.prisma-capacity.eu/,,Cross-Border Transmission IP within EU,0,False
1Physical Flowhour2022-03-12 07:00:00 +00:002022-03-12 08:00:00 +00:00BE-TSO-0001ITP-00542exitkWh/h,1,Physical Flow,hour,2022-03-12T08:00:00+01:00,2022-03-12T09:00:00+01:00,BE-TSO-0001,21X-BE-A-A0A0A-Y,Fluxys Belgium,ITP-00542,VIP Belgium - NCG,21Z000000000497Z,exit,kWh/h,,,10999723,2022-05-03T20:54:28+02:00,,Confirmed,,,,,True,,,True,PRISMA,,https://platform.prisma-capacity.eu/,,Cross-Border Transmission IP within EU,0,False
1Physical Flowhour2022-03-12 08:00:00 +00:002022-03-12 09:00:00 +00:00BE-TSO-0001ITP-00542exitkWh/h,1,Physical Flow,hour,2022-03-12T09:00:00+01:00,2022-03-12T10:00:00+01:00,BE-TSO-0001,21X-BE-A-A0A0A-Y,Fluxys Belgium,ITP-00542,VIP Belgium - NCG,21Z000000000497Z,exit,kWh/h,,,11203529,2022-05-03T20:54:28+02:00,,Confirmed,,,,,True,,,True,PRISMA,,https://platform.prisma-capacity.eu/,,Cross-Border Transmission IP within EU,0,False
1Physical Flowhour2022-03-12 09:00:00 +00:002022-03-12 10:00:00 +00:00BE-TSO-0001ITP-00542exitkWh/h,1,Physical Flow,hour,2022-03-12T10:00:00+01:00,2022-03-12T11:00:00+01:00,BE-TSO-0001,21X-BE-A-A0A0A-Y,Fluxys Belgium,ITP-00542,VIP Belgium - NCG,21Z000000000497Z,exit,kWh/h,,,11317510,2022-05-03T20:54:28+02:00,,Confirmed,,,,,True,,,True,PRISMA,,https://platform.prisma-capacity.eu/,,Cross-Border Transmission IP within EU,0,False
1Physical Flowhour2022-03-12 10:00:00 +00:002022-03-12 11:00:00 +00:00BE-TSO-0001ITP-00542exitkWh/h,1,Physical Flow,hour,2022-03-12T11:00:00+01:00,2022-03-12T12:00:00+01:00,BE-TSO-0001,21X-BE-A-A0A0A-Y,Fluxys Belgium,ITP-00542,VIP Belgium - NCG,21Z000000000497Z,exit,kWh/h,,,11356311,2022-05-03T20:54:28+02:00,,Confirmed,,,,,True,,,True,PRISMA,,https://platform.prisma-capacity.eu/,,Cross-Border Transmission IP within EU,0,False
1Physical Flowhour2022-03-12 11:00:00 +00:002022-03-12 12:00:00 +00:00BE-TSO-0001ITP-00542exitkWh/h,1,Physical Flow,hour,2022-03-12T12:00:00+01:00,2022-03-12T13:00:00+01:00,BE-TSO-0001,21X-BE-A-A0A0A-Y,Fluxys Belgium,ITP-00542,VIP Belgium - NCG,21Z000000000497Z,exit,kWh/h,,,11356923,2022-05-03T20:54:28+02:00,,Confirmed,,,,,True,,,True,PRISMA,,https://platform.prisma-capacity.eu/,,Cross-Border Transmission IP within EU,0,False
1Physical Flowhour2022-03-12 12:00:00 +00:002022-03-12 13:00:00 +00:00BE-TSO-0001ITP-00542exitkWh/h,1,Physical Flow,hour,2022-03-12T13:00:00+01:00,2022-03-12T14:00:00+01:00,BE-TSO-0001,21X-BE-A-A0A0A-Y,Fluxys Belgium,ITP-00542,VIP Belgium - NCG,21Z000000000497Z,exit,kWh/h,,,11357068,2022-05-03T20:54:28+02:00,,Confirmed,,,,,True,,,True,PRISMA,,https://platform.prisma-capacity.eu/,,Cross-Border Transmission IP within EU,0,False
1Physical Flowhour2022-03-12 13:00:00 +00:002022-03-12 14:00:00 +00:00BE-TSO-0001ITP-00542exitkWh/h,1,Physical Flow,hour,2022-03-12T14:00:00+01:00,2022-03-12T15:00:00+01:00,BE-TSO-0001,21X-BE-A-A0A0A-Y,Fluxys Belgium,ITP-00542,VIP Belgium - NCG,21Z000000000497Z,exit,kWh/h,,,11233139,2022-05-03T20:54:28+02:00,,Confirmed,,,,,True,,,True,PRISMA,,https://platform.prisma-capacity.eu/,,Cross-Border Transmission IP within EU,0,False
1Physical Flowhour2022-03-12 14:00:00 +00:002022-03-12 15:00:00 +00:00BE-TSO-0001ITP-00542exitkWh/h,1,Physical Flow,hour,2022-03-12T15:00:00+01:00,2022-03-12T16:00:00+01:00,BE-TSO-0001,21X-BE-A-A0A0A-Y,Fluxys Belgium,ITP-00542,VIP Belgium - NCG,21Z000000000497Z,exit,kWh/h,,,11358976,2022-05-03T20:54:28+02:00,,Confirmed,,,,,True,,,True,PRISMA,,https://platform.prisma-capacity.eu/,,Cross-Border Transmission IP within EU,0,False
1Physical Flowhour2022-03-12 15:00:00 +00:002022-03-12 16:00:00 +00:00BE-TSO-0001ITP-00542exitkWh/h,1,Physical Flow,hour,2022-03-12T16:00:00+01:00,2022-03-12T17:00:00+01:00,BE-TSO-0001,21X-BE-A-A0A0A-Y,Fluxys Belgium,ITP-00542,VIP Belgium - NCG,21Z000000000497Z,exit,kWh/h,,,11849737,2022-05-03T20:54:28+02:00,,Confirmed,,,,,True,,,True,PRISMA,,https://platform.prisma-capacity.eu/,,Cross-Border Transmission IP within EU,0,False
1Physical Flowhour2022-03-12 16:00:00 +00:002022-03-12 17:00:00 +00:00BE-TSO-0001ITP-00542exitkWh/h,1,Physical Flow,hour,2022-03-12T17:00:00+01:00,2022-03-12T18:00:00+01:00,BE-TSO-0001,21X-BE-A-A0A0A-Y,Fluxys Belgium,ITP-00542,VIP Belgium - NCG,21Z000000000497Z,exit,kWh/h,,,11845991,2022-05-03T20:54:28+02:00,,Confirmed,,,,,True,,,True,PRISMA,,https://platform.prisma-capacity.eu/,,Cross-Border Transmission IP within EU,0,False
1Physical Flowhour2022-03-12 17:00:00 +00:002022-03-12 18:00:00 +00:00BE-TSO-0001ITP-00542exitkWh/h,1,Physical Flow,hour,2022-03-12T18:00:00+01:00,2022-03-12T19:00:00+01:00,BE-TSO-0001,21X-BE-A-A0A0A-Y,Fluxys Belgium,ITP-00542,VIP Belgium - NCG,21Z000000000497Z,exit,kWh/h,,,12056822,2022-05-03T20:54:28+02:00,,Confirmed,,,,,True,,,True,PRISMA,,https://platform.prisma-capacity.eu/,,Cross-Border Transmission IP within EU,0,False
1Physical Flowhour2022-03-12 18:00:00 +00:002022-03-12 19:00:00 +00:00BE-TSO-0001ITP-00542exitkWh/h,1,Physical Flow,hour,2022-03-12T19:00:00+01:00,2022-03-12T20:00:00+01:00,BE-TSO-0001,21X-BE-A-A0A0A-Y,Fluxys Belgium,ITP-00542,VIP Belgium - NCG,21Z000000000497Z,exit,kWh/h,,,12056253,2022-05-03T20:54:28+02:00,,Confirmed,,,,,True,,,True,PRISMA,,https://platform.prisma-capacity.eu/,,Cross-Border Transmission IP within EU,0,False
1Physical Flowhour2022-03-12 19:00:00 +00:002022-03-12 20:00:00 +00:00BE-TSO-0001ITP-00542exitkWh/h,1,Physical Flow,hour,2022-03-12T20:00:00+01:00,2022-03-12T21:00:00+01:00,BE-TSO-0001,21X-BE-A-A0A0A-Y,Fluxys Belgium,ITP-00542,VIP Belgium - NCG,21Z000000000497Z,exit,kWh/h,,,11910581,2022-05-03T20:54:28+02:00,,Confirmed,,,,,True,,,True,PRISMA,,https://platform.prisma-capacity.eu/,,Cross-Border Transmission IP within EU,0,False
1Physical Flowhour2022-03-12 20:00:00 +00:002022-03-12 21:00:00 +00:00BE-TSO-0001ITP-00542exitkWh/h,1,Physical Flow,hour,2022-03-12T21:00:00+01:00,2022-03-12T22:00:00+01:00,BE-TSO-0001,21X-BE-A-A0A0A-Y,Fluxys Belgium,ITP-00542,VIP Belgium - NCG,21Z000000000497Z,exit,kWh/h,,,11913970,2022-05-03T20:54:28+02:00,,Confirmed,,,,,True,,,True,PRISMA,,https://platform.prisma-capacity.eu/,,Cross-Border Transmission IP within EU,0,False
1Physical Flowhour2022-03-12 21:00:00 +00:002022-03-12 22:00:00 +00:00BE-TSO-0001ITP-00542exitkWh/h,1,Physical Flow,hour,2022-03-12T22:00:00+01:00,2022-03-12T23:00:00+01:00,BE-TSO-0001,21X-BE-A-A0A0A-Y,Fluxys Belgium,ITP-00542,VIP Belgium - NCG,21Z000000000497Z,exit,kWh/h,,,11912574,2022-05-03T20:54:28+02:00,,Confirmed,,,,,True,,,True,PRISMA,,https://platform.prisma-capacity.eu/,,Cross-Border Transmission IP within EU,0,False
1Physical Flowhour2022-03-12 22:00:00 +00:002022-03-12 23:00:00 +00:00BE-TSO-0001ITP-00542exitkWh/h,1,Physical Flow,hour,2022-03-12T23:00:00+01:00,2022-03-13T00:00:00+01:00,BE-TSO-0001,21X-BE-A-A0A0A-Y,Fluxys Belgium,ITP-00542,VIP Belgium - NCG,21Z000000000497Z,exit,kWh/h,,,12158869,2022-05-03T20:54:28+02:00,,Confirmed,,,,,True,,,True,PRISMA,,https://platform.prisma-capacity.eu/,,Cross-Border Transmission IP within EU,0,False
1Physical Flowhour2022-03-12 23:00:00 +00:002022-03-13 00:00:00 +00:00BE-TSO-0001ITP-00542exitkWh/h,1,Physical Flow,hour,2022-03-13T00:00:00+01:00,2022-03-13T01:00:00+01:00,BE-TSO-0001,21X-BE-A-A0A0A-Y,Fluxys Belgium,ITP-00542,VIP Belgium - NCG,21Z000000000497Z,exit,kWh/h,,,12937243,2022-05-03T20:54:28+02:00,,Confirmed,,,,,True,,,True,PRISMA,,https://platform.prisma-capacity.eu/,,Cross-Border Transmission IP within EU,0,False
1Physical Flowhour2022-03-13 00:00:00 +00:002022-03-13 01:00:00 +00:00BE-TSO-0001ITP-00542exitkWh/h,1,Physical Flow,hour,2022-03-13T01:00:00+01:00,2022-03-13T02:00:00+01:00,BE-TSO-0001,21X-BE-A-A0A0A-Y,Fluxys Belgium,ITP-00542,VIP Belgium - NCG,21Z000000000497Z,exit,kWh/h,,,13447360,2022-05-03T20:54:28+02:00,,Confirmed,,,,,True,,,True,PRISMA,,https://platform.prisma-capacity.eu/,,Cross-Border Transmission IP within EU,0,False
1Physical Flowhour2022-03-13 01:00:00 +00:002022-03-13 02:00:00 +00:00BE-TSO-0001ITP-00542exitkWh/h,1,Physical Flow,hour,2022-03-13T02:00:00+01:00,2022-03-13T03:00:00+01:00,BE-TSO-0001,21X-BE-A-A0A0A-Y,Fluxys Belgium,ITP-00542,VIP Belgium - NCG,21Z000000000497Z,exit,kWh/h,,,14234401,2022-05-03T20:54:28+02:00,,Confirmed,,,,,True,,,True,PRISMA,,https://platform.prisma-capacity.eu/,,Cross-Border Transmission IP within EU,0,False
1Physical Flowhour2022-03-13 02:00:00 +00:002022-03-13 03:00:00 +00:00BE-TSO-0001ITP-00542exitkWh/h,1,Physical Flow,hour,2022-03-13T03:00:00+01:00,2022-03-13T04:00:00+01:00,BE-TSO-0001,21X-BE-A-A0A0A-Y,Fluxys Belgium,ITP-00542,VIP Belgium - NCG,21Z000000000497Z,exit,kWh/h,,,14425570,2022-05-03T20:54:28+02:00,,Confirmed,,,,,True,,,True,PRISMA,,https://platform.prisma-capacity.eu/,,Cross-Border Transmission IP within EU,0,False
1Physical Flowhour2022-03-13 03:00:00 +00:002022-03-13 04:00:00 +00:00BE-TSO-0001ITP-00542exitkWh/h,1,Physical Flow,hour,2022-03-13T04:00:00+01:00,2022-03-13T05:00:00+01:00,BE-TSO-0001,21X-BE-A-A0A0A-Y,Fluxys Belgium,ITP-00542,VIP Belgium - NCG,21Z000000000497Z,exit,kWh/h,,,14429741,2022-05-03T20:54:28+02:00,,Confirmed,,,,,True,,,True,PRISMA,,https://platform.prisma-capacity.eu/,,Cross-Border Transmission IP within EU,0,False
1Physical Flowhour2022-03-13 04:00:00 +00:002022-03-13 05:00:00 +00:00BE-TSO-0001ITP-00542exitkWh/h,1,Physical Flow,hour,2022-03-13T05:00:00+01:00,2022-03-13T06:00:00+01:00,BE-TSO-0001,21X-BE-A-A0A0A-Y,Fluxys Belgium,ITP-00542,VIP Belgium - NCG,21Z000000000497Z,exit,kWh/h,,,14421791,2022-05-03T20:54:28+02:00,,Confirmed,,,,,True,,,True,PRISMA,,https://platform.prisma-capacity.eu/,,Cross-Border Transmission IP within EU,0,False
1Physical Flowhour2022-03-13 05:00:00 +00:002022-03-13 06:00:00 +00:00BE-TSO-0001ITP-00542exitkWh/h,1,Physical Flow,hour,2022-03-13T06:00:00+01:00,2022-03-13T07:00:00+01:00,BE-TSO-0001,21X-BE-A-A0A0A-Y,Fluxys Belgium,ITP-00542,VIP Belgium - NCG,21Z000000000497Z,exit,kWh/h,,,12134122,2022-05-03T20:54:28+02:00,,Confirmed,,,,,True,,,True,PRISMA,,https://platform.prisma-capacity.eu/,,Cross-Border Transmission IP within EU,0,False
1Physical Flowhour2022-03-13 06:00:00 +00:002022-03-13 07:00:00 +00:00BE-TSO-0001ITP-00542exitkWh/h,1,Physical Flow,hour,2022-03-13T07:00:00+01:00,2022-03-13T08:00:00+01:00,BE-TSO-0001,21X-BE-A-A0A0A-Y,Fluxys Belgium,ITP-00542,VIP Belgium - NCG,21Z000000000497Z,exit,kWh/h,,,12149114,2022-05-03T20:54:28+02:00,,Confirmed,,,,,True,,,True,PRISMA,,https://platform.prisma-capacity.eu/,,Cross-Border Transmission IP within EU,0,False
1Physical Flowhour2022-03-13 07:00:00 +00:002022-03-13 08:00:00 +00:00BE-TSO-0001ITP-00542exitkWh/h,1,Physical Flow,hour,2022-03-13T08:00:00+01:00,2022-03-13T09:00:00+01:00,BE-TSO-0001,21X-BE-A-A0A0A-Y,Fluxys Belgium,ITP-00542,VIP Belgium - NCG,21Z000000000497Z,exit,kWh/h,,,12573827,2022-05-03T20:54:28+02:00,,Confirmed,,,,,True,,,True,PRISMA,,https://platform.prisma-capacity.eu/,,Cross-Border Transmission IP within EU,0,False
1Physical Flowhour2022-03-13 08:00:00 +00:002022-03-13 09:00:00 +00:00BE-TSO-0001ITP-00542exitkWh/h,1,Physical Flow,hour,2022-03-13T09:00:00+01:00,2022-03-13T10:00:00+01:00,BE-TSO-0001,21X-BE-A-A0A0A-Y,Fluxys Belgium,ITP-00542,VIP Belgium - NCG,21Z000000000497Z,exit,kWh/h,,,12119150,2022-05-03T20:54:28+02:00,,Confirmed,,,,,True,,,True,PRISMA,,https://platform.prisma-capacity.eu/,,Cross-Border Transmission IP within EU,0,False
1Physical Flowhour2022-03-13 09:00:00 +00:002022-03-13 10:00:00 +00:00BE-TSO-0001ITP-00542exitkWh/h,1,Physical Flow,hour,2022-03-13T10:00:00+01:00,2022-03-13T11:00:00+01:00,BE-TSO-0001,21X-BE-A-A0A0A-Y,Fluxys Belgium,ITP-00542,VIP Belgium - NCG,21Z000000000497Z,exit,kWh/h,,,12127856,2022-05-03T20:54:28+02:00,,Confirmed,,,,,True,,,True,PRISMA,,https://platform.prisma-capacity.eu/,,Cross-Border Transmission IP within EU,0,False
1Physical Flowhour2022-03-13 10:00:00 +00:002022-03-13 11:00:00 +00:00BE-TSO-0001ITP-00542exitkWh/h,1,Physical Flow,hour,2022-03-13T11:00:00+01:00,2022-03-13T12:00:00+01:00,BE-TSO-0001,21X-BE-A-A0A0A-Y,Fluxys Belgium,ITP-00542,VIP Belgium - NCG,21Z000000000497Z,exit,kWh/h,,,12123394,2022-05-03T20:54:28+02:00,,Confirmed,,,,,True,,,True,PRISMA,,https://platform.prisma-capacity.eu/,,Cross-Border Transmission IP within EU,0,False
1Physical Flowhour2022-03-13 11:00:00 +00:002022-03-13 12:00:00 +00:00BE-TSO-0001ITP-00542exitkWh/h,1,Physical Flow,hour,2022-03-13T12:00:00+01:00,2022-03-13T13:00:00+01:00,BE-TSO-0001,21X-BE-A-A0A0A-Y,Fluxys Belgium,ITP-00542,VIP Belgium - NCG,21Z000000000497Z,exit,kWh/h,,,12123318,2022-05-03T20:54:28+02:00,,Confirmed,,,,,True,,,True,PRISMA,,https://platform.prisma-capacity.eu/,,Cross-Border Transmission IP within EU,0,False
1Physical Flowhour2022-03-13 12:00:00 +00:002022-03-13 13:00:00 +00:00BE-TSO-0001ITP-00542exitkWh/h,1,Physical Flow,hour,2022-03-13T13:00:00+01:00,2022-03-13T14:00:00+01:00,BE-TSO-0001,21X-BE-A-A0A0A-Y,Fluxys Belgium,ITP-00542,VIP Belgium - NCG,21Z000000000497Z,exit,kWh/h,,,12125696,2022-05-03T20:54:28+02:00,,Confirmed,,,,,True,,,True,PRISMA,,https://platform.prisma-capacity.eu/,,Cross-Border Transmission IP within EU,0,False
1Physical Flowhour2022-03-13 13:00:00 +00:002022-03-13 14:00:00 +00:00BE-TSO-0001ITP-00542exitkWh/h,1,Physical Flow,hour,2022-03-13T14:00:00+01:00,2022-03-13T15:00:00+01:00,BE-TSO-0001,21X-BE-A-A0A0A-Y,Fluxys Belgium,ITP-00542,VIP Belgium - NCG,21Z000000000497Z,exit,kWh/h,,,12122945,2022-05-03T20:54:28+02:00,,Confirmed,,,,,True,,,True,PRISMA,,https://platform.prisma-capacity.eu/,,Cross-Border Transmission IP within EU,0,False
1Physical Flowhour2022-03-13 14:00:00 +00:002022-03-13 15:00:00 +00:00BE-TSO-0001ITP-00542exitkWh/h,1,Physical Flow,hour,2022-03-13T15:00:00+01:00,2022-03-13T16:00:00+01:00,BE-TSO-0001,21X-BE-A-A0A0A-Y,Fluxys Belgium,ITP-00542,VIP Belgium - NCG,21Z000000000497Z,exit,kWh/h,,,12292310,2022-05-03T20:54:28+02:00,,Confirmed,,,,,True,,,True,PRISMA,,https://platform.prisma-capacity.eu/,,Cross-Border Transmission IP within EU,0,False
1Physical Flowhour2022-03-13 15:00:00 +00:002022-03-13 16:00:00 +00:00BE-TSO-0001ITP-00542exitkWh/h,1,Physical Flow,hour,2022-03-13T16:00:00+01:00,2022-03-13T17:00:00+01:00,BE-TSO-0001,21X-BE-A-A0A0A-Y,Fluxys Belgium,ITP-00542,VIP Belgium - NCG,21Z000000000497Z,exit,kWh/h,,,12289288,2022-05-03T20:54:28+02:00,,Confirmed,,,,,True,,,True,PRISMA,,https://platform.prisma-capacity.eu/,,Cross-Border Transmission IP within EU,0,False
1Physical Flowhour2022-03-13 16:00:00 +00:002022-03-13 17:00:00 +00:00BE-TSO-0001ITP-00542exitkWh/h,1,Physical Flow,hour,2022-03-13T17:00:00+01:00,2022-03-13T18:00:00+01:00,BE-TSO-0001,21X-BE-A-A0A0A-Y,Fluxys Belgium,ITP-00542,VIP Belgium - NCG,21Z000000000497Z,exit,kWh/h,,,12288542,2022-05-03T20:54:28+02:00,,Confirmed,,,,,True,,,True,PRISMA,,https://platform.prisma-capacity.eu/,,Cross-Border Transmission IP within EU,0,False
1Physical Flowhour2022-03-13 17:00:00 +00:002022-03-13 18:00:00 +00:00BE-TSO-0001ITP-00542exitkWh/h,1,Physical Flow,hour,2022-03-13T18:00:00+01:00,2022-03-13T19:00:00+01:00,BE-TSO-0001,21X-BE-A-A0A0A-Y,Fluxys Belgium,ITP-00542,VIP Belgium - NCG,21Z000000000497Z,exit,kWh/h,,,12379444,2022-05-03T20:54:28+02:00,,Confirmed,,,,,True,,,True,PRISMA,,https://platform.prisma-capacity.eu/,,Cross-Border Transmission IP within EU,0,False
1Physical Flowhour2022-03-13 18:00:00 +00:002022-03-13 19:00:00 +00:00BE-TSO-0001ITP-00542exitkWh/h,1,Physical Flow,hour,2022-03-13T19:00:00+01:00,2022-03-13T20:00:00+01:00,BE-TSO-0001,21X-BE-A-A0A0A-Y,Fluxys Belgium,ITP-00542,VIP Belgium - NCG,21Z000000000497Z,exit,kWh/h,,,12378805,2022-05-03T20:54:28+02:00,,Confirmed,,,,,True,,,True,PRISMA,,https://platform.prisma-capacity.eu/,,Cross-Border Transmission IP within EU,0,False
1Physical Flowhour2022-03-13 19:00:00 +00:002022-03-13 20:00:00 +00:00BE-TSO-0001ITP-00542exitkWh/h,1,Physical Flow,hour,2022-03-13T20:00:00+01:00,2022-03-13T21:00:00+01:00,BE-TSO-0001,21X-BE-A-A0A0A-Y,Fluxys Belgium,ITP-00542,VIP Belgium - NCG,21Z000000000497Z,exit,kWh/h,,,12859587,2022-05-03T20:54:28+02:00,,Confirmed,,,,,True,,,True,PRISMA,,https://platform.prisma-capacity.eu/,,Cross-Border Transmission IP within EU,0,False
1Physical Flowhour2022-03-13 20:00:00 +00:002022-03-13 21:00:00 +00:00BE-TSO-0001ITP-00542exitkWh/h,1,Physical Flow,hour,2022-03-13T21:00:00+01:00,2022-03-13T22:00:00+01:00,BE-TSO-0001,21X-BE-A-A0A0A-Y,Fluxys Belgium,ITP-00542,VIP Belgium - NCG,21Z000000000497Z,exit,kWh/h,,,12322845,2022-05-03T20:54:28+02:00,,Confirmed,,,,,True,,,True,PRISMA,,https://platform.prisma-capacity.eu/,,Cross-Border Transmission IP within EU,0,False
1Physical Flowhour2022-03-13 21:00:00 +00:002022-03-13 22:00:00 +00:00BE-TSO-0001ITP-00542exitkWh/h,1,Physical Flow,hour,2022-03-13T22:00:00+01:00,2022-03-13T23:00:00+01:00,BE-TSO-0001,21X-BE-A-A0A0A-Y,Fluxys Belgium,ITP-00542,VIP Belgium - NCG,21Z000000000497Z,exit,kWh/h,,,12327439,2022-05-03T20:54:28+02:00,,Confirmed,,,,,True,,,True,PRISMA,,https://platform.prisma-capacity.eu/,,Cross-Border Transmission IP within EU,0,False
1Physical Flowhour2022-03-13 22:00:00 +00:002022-03-13 23:00:00 +00:00BE-TSO-0001ITP-00542exitkWh/h,1,Physical Flow,hour,2022-03-13T23:00:00+01:00,2022-03-14T00:00:00+01:00,BE-TSO-0001,21X-BE-A-A0A0A-Y,Fluxys Belgium,ITP-00542,VIP Belgium - NCG,21Z000000000497Z,exit,kWh/h,,,12238756,2022-05-03T20:54:28+02:00,,Confirmed,,,,,True,,,True,PRISMA,,https://platform.prisma-capacity.eu/,,Cross-Border Transmission IP within EU,0,False
1Physical Flowhour2022-03-13 23:00:00 +00:002022-03-14 00:00:00 +00:00BE-TSO-0001ITP-00542exitkWh/h,1,Physical Flow,hour,2022-03-14T00:00:00+01:00,2022-03-14T01:00:00+01:00,BE-TSO-0001,21X-BE-A-A0A0A-Y,Fluxys Belgium,ITP-00542,VIP Belgium - NCG,21Z000000000497Z,exit,kWh/h,,,12289839,2022-05-03T20:54:28+02:00,,Confirmed,,,,,True,,,True,PRISMA,,https://platform.prisma-capacity.eu/,,Cross-Border Transmission IP within EU,0,False
1Physical Flowhour2022-03-14 00:00:00 +00:002022-03-14 01:00:00 +00:00BE-TSO-0001ITP-00542exitkWh/h,1,Physical Flow,hour,2022-03-14T01:00:00+01:00,2022-03-14T02:00:00+01:00,BE-TSO-0001,21X-BE-A-A0A0A-Y,Fluxys Belgium,ITP-00542,VIP Belgium - NCG,21Z000000000497Z,exit,kWh/h,,,12371840,2022-05-03T20:54:28+02:00,,Confirmed,,,,,True,,,True,PRISMA,,https://platform.prisma-capacity.eu/,,Cross-Border Transmission IP within EU,0,False
1Physical Flowhour2022-03-14 01:00:00 +00:002022-03-14 02:00:00 +00:00BE-TSO-0001ITP-00542exitkWh/h,1,Physical Flow,hour,2022-03-14T02:00:00+01:00,2022-03-14T03:00:00+01:00,BE-TSO-0001,21X-BE-A-A0A0A-Y,Fluxys Belgium,ITP-00542,VIP Belgium - NCG,21Z000000000497Z,exit,kWh/h,,,11959750,2022-05-03T20:54:28+02:00,,Confirmed,,,,,True,,,True,PRISMA,,https://platform.prisma-capacity.eu/,,Cross-Border Transmission IP within EU,0,False
1Physical Flowhour2022-03-14 02:00:00 +00:002022-03-14 03:00:00 +00:00BE-TSO-0001ITP-00542exitkWh/h,1,Physical Flow,hour,2022-03-14T03:00:00+01:00,2022-03-14T04:00:00+01:00,BE-TSO-0001,21X-BE-A-A0A0A-Y,Fluxys Belgium,ITP-00542,VIP Belgium - NCG,21Z000000000497Z,exit,kWh/h,,,11958892,2022-05-03T20:54:28+02:00,,Confirmed,,,,,True,,,True,PRISMA,,https://platform.prisma-capacity.eu/,,Cross-Border Transmission IP within EU,0,False
1Physical Flowhour2022-03-14 03:00:00 +00:002022-03-14 04:00:00 +00:00BE-TSO-0001ITP-00542exitkWh/h,1,Physical Flow,hour,2022-03-14T04:00:00+01:00,2022-03-14T05:00:00+01:00,BE-TSO-0001,21X-BE-A-A0A0A-Y,Fluxys Belgium,ITP-00542,VIP Belgium - NCG,21Z000000000497Z,exit,kWh/h,,,12160538,2022-05-03T20:54:28+02:00,,Confirmed,,,,,True,,,True,PRISMA,,https://platform.prisma-capacity.eu/,,Cross-Border Transmission IP within EU,0,False
1Physical Flowhour2022-03-14 04:00:00 +00:002022-03-14 05:00:00 +00:00BE-TSO-0001ITP-00542exitkWh/h,1,Physical Flow,hour,2022-03-14T05:00:00+01:00,2022-03-14T06:00:00+01:00,BE-TSO-0001,21X-BE-A-A0A0A-Y,Fluxys Belgium,ITP-00542,VIP Belgium - NCG,21Z000000000497Z,exit,kWh/h,,,12310033,2022-05-03T20:54:28+02:00,,Confirmed,,,,,True,,,True,PRISMA,,https://platform.prisma-capacity.eu/,,Cross-Border Transmission IP within EU,0,False
1Physical Flowhour2022-03-14 05:00:00 +00:002022-03-14 06:00:00 +00:00BE-TSO-0001ITP-00542exitkWh/h,1,Physical Flow,hour,2022-03-14T06:00:00+01:00,2022-03-14T07:00:00+01:00,BE-TSO-0001,21X-BE-A-A0A0A-Y,Fluxys Belgium,ITP-00542,VIP Belgium - NCG,21Z000000000497Z,exit,kWh/h,,,10956555,2022-05-03T20:54:28+02:00,,Confirmed,,,,,True,,,True,PRISMA,,https://platform.prisma-capacity.eu/,,Cross-Border Transmission IP within EU,0,False
1Physical Flowhour2022-03-14 06:00:00 +00:002022-03-14 07:00:00 +00:00BE-TSO-0001ITP-00542exitkWh/h,1,Physical Flow,hour,2022-03-14T07:00:00+01:00,2022-03-14T08:00:00+01:00,BE-TSO-0001,21X-BE-A-A0A0A-Y,Fluxys Belgium,ITP-00542,VIP Belgium - NCG,21Z000000000497Z,exit,kWh/h,,,10961912,2022-05-03T20:54:28+02:00,,Confirmed,,,,,True,,,True,PRISMA,,https://platform.prisma-capacity.eu/,,Cross-Border Transmission IP within EU,0,False
1Physical Flowhour2022-03-14 07:00:00 +00:002022-03-14 08:00:00 +00:00BE-TSO-0001ITP-00542exitkWh/h,1,Physical Flow,hour,2022-03-14T08:00:00+01:00,2022-03-14T09:00:00+01:00,BE-TSO-0001,21X-BE-A-A0A0A-Y,Fluxys Belgium,ITP-00542,VIP Belgium - NCG,21Z000000000497Z,exit,kWh/h,,,10963320,2022-05-03T20:54:28+02:00,,Confirmed,,,,,True,,,True,PRISMA,,https://platform.prisma-capacity.eu/,,Cross-Border Transmission IP within EU,0,False
1Physical Flowhour2022-03-14 08:00:00 +00:002022-03-14 09:00:00 +00:00BE-TSO-0001ITP-00542exitkWh/h,1,Physical Flow,hour,2022-03-14T09:00:00+01:00,2022-03-14T10:00:00+01:00,BE-TSO-0001,21X-BE-A-A0A0A-Y,Fluxys Belgium,ITP-00542,VIP Belgium - NCG,21Z000000000497Z,exit,kWh/h,,,10962499,2022-05-03T20:54:28+02:00,,Confirmed,,,,,True,,,True,PRISMA,,https://platform.prisma-capacity.eu/,,Cross-Border Transmission IP within EU,0,False
1Physical Flowhour2022-03-14 09:00:00 +00:002022-03-14 10:00:00 +00:00BE-TSO-0001ITP-00542exitkWh/h,1,Physical Flow,hour,2022-03-14T10:00:00+01:00,2022-03-14T11:00:00+01:00,BE-TSO-0001,21X-BE-A-A0A0A-Y,Fluxys Belgium,ITP-00542,VIP Belgium - NCG,21Z000000000497Z,exit,kWh/h,,,10962643,2022-05-03T20:54:28+02:00,,Confirmed,,,,,True,,,True,PRISMA,,https://platform.prisma-capacity.eu/,,Cross-Border Transmission IP within EU,0,False
1Physical Flowhour2022-03-14 10:00:00 +00:002022-03-14 11:00:00 +00:00BE-TSO-0001ITP-00542exitkWh/h,1,Physical Flow,hour,2022-03-14T11:00:00+01:00,2022-03-14T12:00:00+01:00,BE-TSO-0001,21X-BE-A-A0A0A-Y,Fluxys Belgium,ITP-00542,VIP Belgium - NCG,21Z000000000497Z,exit,kWh/h,,,10962152,2022-05-03T20:54:28+02:00,,Confirmed,,,,,True,,,True,PRISMA,,https://platform.prisma-capacity.eu/,,Cross-Border Transmission IP within EU,0,False
1Physical Flowhour2022-03-14 11:00:00 +00:002022-03-14 12:00:00 +00:00BE-TSO-0001ITP-00542exitkWh/h,1,Physical Flow,hour,2022-03-14T12:00:00+01:00,2022-03-14T13:00:00+01:00,BE-TSO-0001,21X-BE-A-A0A0A-Y,Fluxys Belgium,ITP-00542,VIP Belgium - NCG,21Z000000000497Z,exit,kWh/h,,,10959312,2022-05-03T20:54:28+02:00,,Confirmed,,,,,True,,,True,PRISMA,,https://platform.prisma-capacity.eu/,,Cross-Border Transmission IP within EU,0,False
1Physical Flowhour2022-03-14 12:00:00 +00:002022-03-14 13:00:00 +00:00BE-TSO-0001ITP-00542exitkWh/h,1,Physical Flow,hour,2022-03-14T13:00:00+01:00,2022-03-14T14:00:00+01:00,BE-TSO-0001,21X-BE-A-A0A0A-Y,Fluxys Belgium,ITP-00542,VIP Belgium - NCG,21Z000000000497Z,exit,kWh/h,,,10959783,2022-05-03T20:54:28+02:00,,Confirmed,,,,,True,,,True,PRISMA,,https://platform.prisma-capacity.eu/,,Cross-Border Transmission IP within EU,0,False
1Physical Flowhour2022-03-14 13:00:00 +00:002022-03-14 14:00:00 +00:00BE-TSO-0001ITP-00542exitkWh/h,1,Physical Flow,hour,2022-03-14T14:00:00+01:00,2022-03-14T15:00:00+01:00,BE-TSO-0001,21X-BE-A-A0A0A-Y,Fluxys Belgium,ITP-00542,VIP Belgium - NCG,21Z000000000497Z,exit,kWh/h,,,11403971,2022-05-03T20:54:28+02:00,,Confirmed,,,,,True,,,True,PRISMA,,https://platform.prisma-capacity.eu/,,Cross-Border Transmission IP within EU,0,False
1Physical Flowhour2022-03-14 14:00:00 +00:002022-03-14 15:00:00 +00:00BE-TSO-0001ITP-00542exitkWh/h,1,Physical Flow,hour,2022-03-14T15:00:00+01:00,2022-03-14T16:00:00+01:00,BE-TSO-0001,21X-BE-A-A0A0A-Y,Fluxys Belgium,ITP-00542,VIP Belgium - NCG,21Z000000000497Z,exit,kWh/h,,,10929658,2022-05-03T20:54:28+02:00,,Confirmed,,,,,True,,,True,PRISMA,,https://platform.prisma-capacity.eu/,,Cross-Border Transmission IP within EU,0,False
1Physical Flowhour2022-03-14 15:00:00 +00:002022-03-14 16:00:00 +00:00BE-TSO-0001ITP-00542exitkWh/h,1,Physical Flow,hour,2022-03-14T16:00:00+01:00,2022-03-14T17:00:00+01:00,BE-TSO-0001,21X-BE-A-A0A0A-Y,Fluxys Belgium,ITP-00542,VIP Belgium - NCG,21Z000000000497Z,exit,kWh/h,,,10929198,2022-05-03T20:54:28+02:00,,Confirmed,,,,,True,,,True,PRISMA,,https://platform.prisma-capacity.eu/,,Cross-Border Transmission IP within EU,0,False
1Physical Flowhour2022-03-14 16:00:00 +00:002022-03-14 17:00:00 +00:00BE-TSO-0001ITP-00542exitkWh/h,1,Physical Flow,hour,2022-03-14T17:00:00+01:00,2022-03-14T18:00:00+01:00,BE-TSO-0001,21X-BE-A-A0A0A-Y,Fluxys Belgium,ITP-00542,VIP Belgium - NCG,21Z000000000497Z,exit,kWh/h,,,10831460,2022-05-03T20:54:28+02:00,,Confirmed,,,,,True,,,True,PRISMA,,https://platform.prisma-capacity.eu/,,Cross-Border Transmission IP within EU,0,False
1Physical Flowhour2022-03-14 17:00:00 +00:002022-03-14 18:00:00 +00:00BE-TSO-0001ITP-00542exitkWh/h,1,Physical Flow,hour,2022-03-14T18:00:00+01:00,2022-03-14T19:00:00+01:00,BE-TSO-0001,21X-BE-A-A0A0A-Y,Fluxys Belgium,ITP-00542,VIP Belgium - NCG,21Z000000000497Z,exit,kWh/h,,,10830710,2022-05-03T20:54:28+02:00,,Confirmed,,,,,True,,,True,PRISMA,,https://platform.prisma-capacity.eu/,,Cross-Border Transmission IP within EU,0,False
1Physical Flowhour2022-03-14 18:00:00 +00:002022-03-14 19:00:00 +00:00BE-TSO-0001ITP-00542exitkWh/h,1,Physical Flow,hour,2022-03-14T19:00:00+01:00,2022-03-14T20:00:00+01:00,BE-TSO-0001,21X-BE-A-A0A0A-Y,Fluxys Belgium,ITP-00542,VIP Belgium - NCG,21Z000000000497Z,exit,kWh/h,,,10831880,2022-05-03T20:54:28+02:00,,Confirmed,,,,,True,,,True,PRISMA,,https://platform.prisma-capacity.eu/,,Cross-Border Transmission IP within EU,0,False
1Physical Flowhour2022-03-14 19:00:00 +00:002022-03-14 20:00:00 +00:00BE-TSO-0001ITP-00542exitkWh/h,1,Physical Flow,hour,2022-03-14T20:00:00+01:00,2022-03-14T21:00:00+01:00,BE-TSO-0001,21X-BE-A-A0A0A-Y,Fluxys Belgium,ITP-00542,VIP Belgium - NCG,21Z000000000497Z,exit,kWh/h,,,10829605,2022-05-03T20:54:28+02:00,,Confirmed,,,,,True,,,True,PRISMA,,https://platform.prisma-capacity.eu/,,Cross-Border Transmission IP within EU,0,False
1Physical Flowhour2022-03-14 20:00:00 +00:002022-03-14 21:00:00 +00:00BE-TSO-0001ITP-00542exitkWh/h,1,Physical Flow,hour,2022-03-14T21:00:00+01:00,2022-03-14T22:00:00+01:00,BE-TSO-0001,21X-BE-A-A0A0A-Y,Fluxys Belgium,ITP-00542,VIP Belgium - NCG,21Z000000000497Z,exit,kWh/h,,,11290760,2022-05-03T20:54:28+02:00,,Confirmed,,,,,True,,,True,PRISMA,,https://platform.prisma-capacity.eu/,,Cross-Border Transmission IP within EU,0,False
1Physical Flowhour2022-03-14 21:00:00 +00:002022-03-14 22:00:00 +00:00BE-TSO-0001ITP-00542exitkWh/h,1,Physical Flow,hour,2022-03-14T22:00:00+01:00,2022-03-14T23:00:00+01:00,BE-TSO-0001,21X-BE-A-A0A0A-Y,Fluxys Belgium,ITP-00542,VIP Belgium - NCG,21Z000000000497Z,exit,kWh/h,,,10727265,2022-05-03T20:54:28+02:00,,Confirmed,,,,,True,,,True,PRISMA,,https://platform.prisma-capacity.eu/,,Cross-Border Transmission IP within EU,0,False
1Physical Flowhour2022-03-14 22:00:00 +00:002022-03-14 23:00:00 +00:00BE-TSO-0001ITP-00542exitkWh/h,1,Physical Flow,hour,2022-03-14T23:00:00+01:00,2022-03-15T00:00:00+01:00,BE-TSO-0001,21X-BE-A-A0A0A-Y,Fluxys Belgium,ITP-00542,VIP Belgium - NCG,21Z000000000497Z,exit,kWh/h,,,10769499,2022-05-03T20:54:28+02:00,,Confirmed,,,,,True,,,True,PRISMA,,https://platform.prisma-capacity.eu/,,Cross-Border Transmission IP within EU,0,False
1Physical Flowhour2022-03-14 23:00:00 +00:002022-03-15 00:00:00 +00:00BE-TSO-0001ITP-00542exitkWh/h,1,Physical Flow,hour,2022-03-15T00:00:00+01:00,2022-03-15T01:00:00+01:00,BE-TSO-0001,21X-BE-A-A0A0A-Y,Fluxys Belgium,ITP-00542,VIP Belgium - NCG,21Z000000000497Z,exit,kWh/h,,,10772317,2022-05-03T20:54:28+02:00,,Confirmed,,,,,True,,,True,PRISMA,,https://platform.prisma-capacity.eu/,,Cross-Border Transmission IP within EU,0,False
1Physical Flowhour2022-03-15 00:00:00 +00:002022-03-15 01:00:00 +00:00BE-TSO-0001ITP-00542exitkWh/h,1,Physical Flow,hour,2022-03-15T01:00:00+01:00,2022-03-15T02:00:00+01:00,BE-TSO-0001,21X-BE-A-A0A0A-Y,Fluxys Belgium,ITP-00542,VIP Belgium - NCG,21Z000000000497Z,exit,kWh/h,,,11933492,2022-05-03T20:54:28+02:00,,Confirmed,,,,,True,,,True,PRISMA,,https://platform.prisma-capacity.eu/,,Cross-Border Transmission IP within EU,0,False
1Physical Flowhour2022-03-15 01:00:00 +00:002022-03-15 02:00:00 +00:00BE-TSO-0001ITP-00542exitkWh/h,1,Physical Flow,hour,2022-03-15T02:00:00+01:00,2022-03-15T03:00:00+01:00,BE-TSO-0001,21X-BE-A-A0A0A-Y,Fluxys Belgium,ITP-00542,VIP Belgium - NCG,21Z000000000497Z,exit,kWh/h,,,11210770,2022-05-03T20:54:28+02:00,,Confirmed,,,,,True,,,True,PRISMA,,https://platform.prisma-capacity.eu/,,Cross-Border Transmission IP within EU,0,False
1Physical Flowhour2022-03-15 02:00:00 +00:002022-03-15 03:00:00 +00:00BE-TSO-0001ITP-00542exitkWh/h,1,Physical Flow,hour,2022-03-15T03:00:00+01:00,2022-03-15T04:00:00+01:00,BE-TSO-0001,21X-BE-A-A0A0A-Y,Fluxys Belgium,ITP-00542,VIP Belgium - NCG,21Z000000000497Z,exit,kWh/h,,,11178175,2022-05-03T20:54:28+02:00,,Confirmed,,,,,True,,,True,PRISMA,,https://platform.prisma-capacity.eu/,,Cross-Border Transmission IP within EU,0,False
1Physical Flowhour2022-03-15 03:00:00 +00:002022-03-15 04:00:00 +00:00BE-TSO-0001ITP-00542exitkWh/h,1,Physical Flow,hour,2022-03-15T04:00:00+01:00,2022-03-15T05:00:00+01:00,BE-TSO-0001,21X-BE-A-A0A0A-Y,Fluxys Belgium,ITP-00542,VIP Belgium - NCG,21Z000000000497Z,exit,kWh/h,,,11176728,2022-05-03T20:54:28+02:00,,Confirmed,,,,,True,,,True,PRISMA,,https://platform.prisma-capacity.eu/,,Cross-Border Transmission IP within EU,0,False
1Physical Flowhour2022-03-15 04:00:00 +00:002022-03-15 05:00:00 +00:00BE-TSO-0001ITP-00542exitkWh/h,1,Physical Flow,hour,2022-03-15T05:00:00+01:00,2022-03-15T06:00:00+01:00,BE-TSO-0001,21X-BE-A-A0A0A-Y,Fluxys Belgium,ITP-00542,VIP Belgium - NCG,21Z000000000497Z,exit,kWh/h,,,11175920,2022-05-03T20:54:28+02:00,,Confirmed,,,,,True,,,True,PRISMA,,https://platform.prisma-capacity.eu/,,Cross-Border Transmission IP within EU,0,False
1Physical Flowhour2022-03-15 05:00:00 +00:002022-03-15 06:00:00 +00:00BE-TSO-0001ITP-00542exitkWh/h,1,Physical Flow,hour,2022-03-15T06:00:00+01:00,2022-03-15T07:00:00+01:00,BE-TSO-0001,21X-BE-A-A0A0A-Y,Fluxys Belgium,ITP-00542,VIP Belgium - NCG,21Z000000000497Z,exit,kWh/h,,,9971424,2022-05-03T20:54:28+02:00,,Confirmed,,,,,True,,,True,PRISMA,,https://platform.prisma-capacity.eu/,,Cross-Border Transmission IP within EU,0,False
1Physical Flowhour2022-03-15 06:00:00 +00:002022-03-15 07:00:00 +00:00BE-TSO-0001ITP-00542exitkWh/h,1,Physical Flow,hour,2022-03-15T07:00:00+01:00,2022-03-15T08:00:00+01:00,BE-TSO-0001,21X-BE-A-A0A0A-Y,Fluxys Belgium,ITP-00542,VIP Belgium - NCG,21Z000000000497Z,exit,kWh/h,,,8909660,2022-05-03T20:54:28+02:00,,Confirmed,,,,,True,,,True,PRISMA,,https://platform.prisma-capacity.eu/,,Cross-Border Transmission IP within EU,0,False
1Physical Flowhour2022-03-15 07:00:00 +00:002022-03-15 08:00:00 +00:00BE-TSO-0001ITP-00542exitkWh/h,1,Physical Flow,hour,2022-03-15T08:00:00+01:00,2022-03-15T09:00:00+01:00,BE-TSO-0001,21X-BE-A-A0A0A-Y,Fluxys Belgium,ITP-00542,VIP Belgium - NCG,21Z000000000497Z,exit,kWh/h,,,9018611,2022-05-03T20:54:28+02:00,,Confirmed,,,,,True,,,True,PRISMA,,https://platform.prisma-capacity.eu/,,Cross-Border Transmission IP within EU,0,False
1Physical Flowhour2022-03-15 08:00:00 +00:002022-03-15 09:00:00 +00:00BE-TSO-0001ITP-00542exitkWh/h,1,Physical Flow,hour,2022-03-15T09:00:00+01:00,2022-03-15T10:00:00+01:00,BE-TSO-0001,21X-BE-A-A0A0A-Y,Fluxys Belgium,ITP-00542,VIP Belgium - NCG,21Z000000000497Z,exit,kWh/h,,,8901864,2022-05-03T20:54:28+02:00,,Confirmed,,,,,True,,,True,PRISMA,,https://platform.prisma-capacity.eu/,,Cross-Border Transmission IP within EU,0,False
1Physical Flowhour2022-03-15 09:00:00 +00:002022-03-15 10:00:00 +00:00BE-TSO-0001ITP-00542exitkWh/h,1,Physical Flow,hour,2022-03-15T10:00:00+01:00,2022-03-15T11:00:00+01:00,BE-TSO-0001,21X-BE-A-A0A0A-Y,Fluxys Belgium,ITP-00542,VIP Belgium - NCG,21Z000000000497Z,exit,kWh/h,,,8903791,2022-05-03T20:54:28+02:00,,Confirmed,,,,,True,,,True,PRISMA,,https://platform.prisma-capacity.eu/,,Cross-Border Transmission IP within EU,0,False
1Physical Flowhour2022-03-15 10:00:00 +00:002022-03-15 11:00:00 +00:00BE-TSO-0001ITP-00542exitkWh/h,1,Physical Flow,hour,2022-03-15T11:00:00+01:00,2022-03-15T12:00:00+01:00,BE-TSO-0001,21X-BE-A-A0A0A-Y,Fluxys Belgium,ITP-00542,VIP Belgium - NCG,21Z000000000497Z,exit,kWh/h,,,8905798,2022-05-03T20:54:28+02:00,,Confirmed,,,,,True,,,True,PRISMA,,https://platform.prisma-capacity.eu/,,Cross-Border Transmission IP within EU,0,False
1Physical Flowhour2022-03-15 11:00:00 +00:002022-03-15 12:00:00 +00:00BE-TSO-0001ITP-00542exitkWh/h,1,Physical Flow,hour,2022-03-15T12:00:00+01:00,2022-03-15T13:00:00+01:00,BE-TSO-0001,21X-BE-A-A0A0A-Y,Fluxys Belgium,ITP-00542,VIP Belgium - NCG,21Z000000000497Z,exit,kWh/h,,,8904242,2022-05-03T20:54:28+02:00,,Confirmed,,,,,True,,,True,PRISMA,,https://platform.prisma-capacity.eu/,,Cross-Border Transmission IP within EU,0,False
1Physical Flowhour2022-03-15 12:00:00 +00:002022-03-15 13:00:00 +00:00BE-TSO-0001ITP-00542exitkWh/h,1,Physical Flow,hour,2022-03-15T13:00:00+01:00,2022-03-15T14:00:00+01:00,BE-TSO-0001,21X-BE-A-A0A0A-Y,Fluxys Belgium,ITP-00542,VIP Belgium - NCG,21Z000000000497Z,exit,kWh/h,,,8905234,2022-05-03T20:54:28+02:00,,Confirmed,,,,,True,,,True,PRISMA,,https://platform.prisma-capacity.eu/,,Cross-Border Transmission IP within EU,0,False
1Physical Flowhour2022-03-15 13:00:00 +00:002022-03-15 14:00:00 +00:00BE-TSO-0001ITP-00542exitkWh/h,1,Physical Flow,hour,2022-03-15T14:00:00+01:00,2022-03-15T15:00:00+01:00,BE-TSO-0001,21X-BE-A-A0A0A-Y,Fluxys Belgium,ITP-00542,VIP Belgium - NCG,21Z000000000497Z,exit,kWh/h,,,8905081,2022-05-03T20:54:28+02:00,,Confirmed,,,,,True,,,True,PRISMA,,https://platform.prisma-capacity.eu/,,Cross-Border Transmission IP within EU,0,False
1Physical Flowhour2022-03-15 14:00:00 +00:002022-03-15 15:00:00 +00:00BE-TSO-0001ITP-00542exitkWh/h,1,Physical Flow,hour,2022-03-15T15:00:00+01:00,2022-03-15T16:00:00+01:00,BE-TSO-0001,21X-BE-A-A0A0A-Y,Fluxys Belgium,ITP-00542,VIP Belgium - NCG,21Z000000000497Z,exit,kWh/h,,,8904892,2022-05-03T20:54:28+02:00,,Confirmed,,,,,True,,,True,PRISMA,,https://platform.prisma-capacity.eu/,,Cross-Border Transmission IP within EU,0,False
1Physical Flowhour2022-03-15 15:00:00 +00:002022-03-15 16:00:00 +00:00BE-TSO-0001ITP-00542exitkWh/h,1,Physical Flow,hour,2022-03-15T16:00:00+01:00,2022-03-15T17:00:00+01:00,BE-TSO-0001,21X-BE-A-A0A0A-Y,Fluxys Belgium,ITP-00542,VIP Belgium - NCG,21Z000000000497Z,exit,kWh/h,,,9358416,2022-05-03T20:54:28+02:00,,Confirmed,,,,,True,,,True,PRISMA,,https://platform.prisma-capacity.eu/,,Cross-Border Transmission IP within EU,0,False
1Physical Flowhour2022-03-15 16:00:00 +00:002022-03-15 17:00:00 +00:00BE-TSO-0001ITP-00542exitkWh/h,1,Physical Flow,hour,2022-03-15T17:00:00+01:00,2022-03-15T18:00:00+01:00,BE-TSO-0001,21X-BE-A-A0A0A-Y,Fluxys Belgium,ITP-00542,VIP Belgium - NCG,21Z000000000497Z,exit,kWh/h,,,12413798,2022-05-03T20:54:28+02:00,,Confirmed,,,,,True,,,True,PRISMA,,https://platform.prisma-capacity.eu/,,Cross-Border Transmission IP within EU,0,False
1Physical Flowhour2022-03-15 17:00:00 +00:002022-03-15 18:00:00 +00:00BE-TSO-0001ITP-00542exitkWh/h,1,Physical Flow,hour,2022-03-15T18:00:00+01:00,2022-03-15T19:00:00+01:00,BE-TSO-0001,21X-BE-A-A0A0A-Y,Fluxys Belgium,ITP-00542,VIP Belgium - NCG,21Z000000000497Z,exit,kWh/h,,,12393234,2022-05-03T20:54:28+02:00,,Confirmed,,,,,True,,,True,PRISMA,,https://platform.prisma-capacity.eu/,,Cross-Border Transmission IP within EU,0,False
1Physical Flowhour2022-03-15 18:00:00 +00:002022-03-15 19:00:00 +00:00BE-TSO-0001ITP-00542exitkWh/h,1,Physical Flow,hour,2022-03-15T19:00:00+01:00,2022-03-15T20:00:00+01:00,BE-TSO-0001,21X-BE-A-A0A0A-Y,Fluxys Belgium,ITP-00542,VIP Belgium - NCG,21Z000000000497Z,exit,kWh/h,,,12338281,2022-05-03T20:54:28+02:00,,Confirmed,,,,,True,,,True,PRISMA,,https://platform.prisma-capacity.eu/,,Cross-Border Transmission IP within EU,0,False
1Physical Flowhour2022-03-15 19:00:00 +00:002022-03-15 20:00:00 +00:00BE-TSO-0001ITP-00542exitkWh/h,1,Physical Flow,hour,2022-03-15T20:00:00+01:00,2022-03-15T21:00:00+01:00,BE-TSO-0001,21X-BE-A-A0A0A-Y,Fluxys Belgium,ITP-00542,VIP Belgium - NCG,21Z000000000497Z,exit,kWh/h,,,12333670,2022-05-03T20:54:28+02:00,,Confirmed,,,,,True,,,True,PRISMA,,https://platform.prisma-capacity.eu/,,Cross-Border Transmission IP within EU,0,False
1Physical Flowhour2022-03-15 20:00:00 +00:002022-03-15 21:00:00 +00:00BE-TSO-0001ITP-00542exitkWh/h,1,Physical Flow,hour,2022-03-15T21:00:00+01:00,2022-03-15T22:00:00+01:00,BE-TSO-0001,21X-BE-A-A0A0A-Y,Fluxys Belgium,ITP-00542,VIP Belgium - NCG,21Z000000000497Z,exit,kWh/h,,,12357234,2022-05-03T20:54:28+02:00,,Confirmed,,,,,True,,,True,PRISMA,,https://platform.prisma-capacity.eu/,,Cross-Border Transmission IP within EU,0,False
1Physical Flowhour2022-03-15 21:00:00 +00:002022-03-15 22:00:00 +00:00BE-TSO-0001ITP-00542exitkWh/h,1,Physical Flow,hour,2022-03-15T22:00:00+01:00,2022-03-15T23:00:00+01:00,BE-TSO-0001,21X-BE-A-A0A0A-Y,Fluxys Belgium,ITP-00542,VIP Belgium - NCG,21Z000000000497Z,exit,kWh/h,,,12359572,2022-05-03T20:54:28+02:00,,Confirmed,,,,,True,,,True,PRISMA,,https://platform.prisma-capacity.eu/,,Cross-Border Transmission IP within EU,0,False
1Physical Flowhour2022-03-15 22:00:00 +00:002022-03-15 23:00:00 +00:00BE-TSO-0001ITP-00542exitkWh/h,1,Physical Flow,hour,2022-03-15T23:00:00+01:00,2022-03-16T00:00:00+01:00,BE-TSO-0001,21X-BE-A-A0A0A-Y,Fluxys Belgium,ITP-00542,VIP Belgium - NCG,21Z000000000497Z,exit,kWh/h,,,12357047,2022-05-03T20:54:28+02:00,,Confirmed,,,,,True,,,True,PRISMA,,https://platform.prisma-capacity.eu/,,Cross-Border Transmission IP within EU,0,False
1Physical Flowhour2022-03-15 23:00:00 +00:002022-03-16 00:00:00 +00:00BE-TSO-0001ITP-00542exitkWh/h,1,Physical Flow,hour,2022-03-16T00:00:00+01:00,2022-03-16T01:00:00+01:00,BE-TSO-0001,21X-BE-A-A0A0A-Y,Fluxys Belgium,ITP-00542,VIP Belgium - NCG,21Z000000000497Z,exit,kWh/h,,,12703262,2022-05-03T20:54:28+02:00,,Confirmed,,,,,True,,,True,PRISMA,,https://platform.prisma-capacity.eu/,,Cross-Border Transmission IP within EU,0,False
1Physical Flowhour2022-03-16 00:00:00 +00:002022-03-16 01:00:00 +00:00BE-TSO-0001ITP-00542exitkWh/h,1,Physical Flow,hour,2022-03-16T01:00:00+01:00,2022-03-16T02:00:00+01:00,BE-TSO-0001,21X-BE-A-A0A0A-Y,Fluxys Belgium,ITP-00542,VIP Belgium - NCG,21Z000000000497Z,exit,kWh/h,,,13849704,2022-05-03T20:54:28+02:00,,Confirmed,,,,,True,,,True,PRISMA,,https://platform.prisma-capacity.eu/,,Cross-Border Transmission IP within EU,0,False
1Physical Flowhour2022-03-16 01:00:00 +00:002022-03-16 02:00:00 +00:00BE-TSO-0001ITP-00542exitkWh/h,1,Physical Flow,hour,2022-03-16T02:00:00+01:00,2022-03-16T03:00:00+01:00,BE-TSO-0001,21X-BE-A-A0A0A-Y,Fluxys Belgium,ITP-00542,VIP Belgium - NCG,21Z000000000497Z,exit,kWh/h,,,13796095,2022-05-03T20:54:28+02:00,,Confirmed,,,,,True,,,True,PRISMA,,https://platform.prisma-capacity.eu/,,Cross-Border Transmission IP within EU,0,False
1Physical Flowhour2022-03-16 02:00:00 +00:002022-03-16 03:00:00 +00:00BE-TSO-0001ITP-00542exitkWh/h,1,Physical Flow,hour,2022-03-16T03:00:00+01:00,2022-03-16T04:00:00+01:00,BE-TSO-0001,21X-BE-A-A0A0A-Y,Fluxys Belgium,ITP-00542,VIP Belgium - NCG,21Z000000000497Z,exit,kWh/h,,,13794572,2022-05-03T20:54:28+02:00,,Confirmed,,,,,True,,,True,PRISMA,,https://platform.prisma-capacity.eu/,,Cross-Border Transmission IP within EU,0,False
1Physical Flowhour2022-03-16 03:00:00 +00:002022-03-16 04:00:00 +00:00BE-TSO-0001ITP-00542exitkWh/h,1,Physical Flow,hour,2022-03-16T04:00:00+01:00,2022-03-16T05:00:00+01:00,BE-TSO-0001,21X-BE-A-A0A0A-Y,Fluxys Belgium,ITP-00542,VIP Belgium - NCG,21Z000000000497Z,exit,kWh/h,,,13797408,2022-05-03T20:54:28+02:00,,Confirmed,,,,,True,,,True,PRISMA,,https://platform.prisma-capacity.eu/,,Cross-Border Transmission IP within EU,0,False
1Physical Flowhour2022-03-16 04:00:00 +00:002022-03-16 05:00:00 +00:00BE-TSO-0001ITP-00542exitkWh/h,1,Physical Flow,hour,2022-03-16T05:00:00+01:00,2022-03-16T06:00:00+01:00,BE-TSO-0001,21X-BE-A-A0A0A-Y,Fluxys Belgium,ITP-00542,VIP Belgium - NCG,21Z000000000497Z,exit,kWh/h,,,13788905,2022-05-03T20:54:28+02:00,,Confirmed,,,,,True,,,True,PRISMA,,https://platform.prisma-capacity.eu/,,Cross-Border Transmission IP within EU,0,False
1Physical Flowhour2022-03-16 05:00:00 +00:002022-03-16 06:00:00 +00:00BE-TSO-0001ITP-00542exitkWh/h,1,Physical Flow,hour,2022-03-16T06:00:00+01:00,2022-03-16T07:00:00+01:00,BE-TSO-0001,21X-BE-A-A0A0A-Y,Fluxys Belgium,ITP-00542,VIP Belgium - NCG,21Z000000000497Z,exit,kWh/h,,,11076966,2022-05-03T20:54:28+02:00,,Confirmed,,,,,True,,,True,PRISMA,,https://platform.prisma-capacity.eu/,,Cross-Border Transmission IP within EU,0,False
1Physical Flowhour2022-03-16 06:00:00 +00:002022-03-16 07:00:00 +00:00BE-TSO-0001ITP-00542exitkWh/h,1,Physical Flow,hour,2022-03-16T07:00:00+01:00,2022-03-16T08:00:00+01:00,BE-TSO-0001,21X-BE-A-A0A0A-Y,Fluxys Belgium,ITP-00542,VIP Belgium - NCG,21Z000000000497Z,exit,kWh/h,,,10953280,2022-05-03T20:54:28+02:00,,Confirmed,,,,,True,,,True,PRISMA,,https://platform.prisma-capacity.eu/,,Cross-Border Transmission IP within EU,0,False
1Physical Flowhour2022-03-16 07:00:00 +00:002022-03-16 08:00:00 +00:00BE-TSO-0001ITP-00542exitkWh/h,1,Physical Flow,hour,2022-03-16T08:00:00+01:00,2022-03-16T09:00:00+01:00,BE-TSO-0001,21X-BE-A-A0A0A-Y,Fluxys Belgium,ITP-00542,VIP Belgium - NCG,21Z000000000497Z,exit,kWh/h,,,10954257,2022-05-03T20:54:28+02:00,,Confirmed,,,,,True,,,True,PRISMA,,https://platform.prisma-capacity.eu/,,Cross-Border Transmission IP within EU,0,False
1Physical Flowhour2022-03-16 08:00:00 +00:002022-03-16 09:00:00 +00:00BE-TSO-0001ITP-00542exitkWh/h,1,Physical Flow,hour,2022-03-16T09:00:00+01:00,2022-03-16T10:00:00+01:00,BE-TSO-0001,21X-BE-A-A0A0A-Y,Fluxys Belgium,ITP-00542,VIP Belgium - NCG,21Z000000000497Z,exit,kWh/h,,,10954261,2022-05-03T20:54:28+02:00,,Confirmed,,,,,True,,,True,PRISMA,,https://platform.prisma-capacity.eu/,,Cross-Border Transmission IP within EU,0,False
1Physical Flowhour2022-03-16 09:00:00 +00:002022-03-16 10:00:00 +00:00BE-TSO-0001ITP-00542exitkWh/h,1,Physical Flow,hour,2022-03-16T10:00:00+01:00,2022-03-16T11:00:00+01:00,BE-TSO-0001,21X-BE-A-A0A0A-Y,Fluxys Belgium,ITP-00542,VIP Belgium - NCG,21Z000000000497Z,exit,kWh/h,,,10950906,2022-05-03T20:54:28+02:00,,Confirmed,,,,,True,,,True,PRISMA,,https://platform.prisma-capacity.eu/,,Cross-Border Transmission IP within EU,0,False
1Physical Flowhour2022-03-16 10:00:00 +00:002022-03-16 11:00:00 +00:00BE-TSO-0001ITP-00542exitkWh/h,1,Physical Flow,hour,2022-03-16T11:00:00+01:00,2022-03-16T12:00:00+01:00,BE-TSO-0001,21X-BE-A-A0A0A-Y,Fluxys Belgium,ITP-00542,VIP Belgium - NCG,21Z000000000497Z,exit,kWh/h,,,10955011,2022-05-03T20:54:28+02:00,,Confirmed,,,,,True,,,True,PRISMA,,https://platform.prisma-capacity.eu/,,Cross-Border Transmission IP within EU,0,False
1Physical Flowhour2022-03-16 11:00:00 +00:002022-03-16 12:00:00 +00:00BE-TSO-0001ITP-00542exitkWh/h,1,Physical Flow,hour,2022-03-16T12:00:00+01:00,2022-03-16T13:00:00+01:00,BE-TSO-0001,21X-BE-A-A0A0A-Y,Fluxys Belgium,ITP-00542,VIP Belgium - NCG,21Z000000000497Z,exit,kWh/h,,,11149273,2022-05-03T20:54:28+02:00,,Confirmed,,,,,True,,,True,PRISMA,,https://platform.prisma-capacity.eu/,,Cross-Border Transmission IP within EU,0,False
1Physical Flowhour2022-03-16 12:00:00 +00:002022-03-16 13:00:00 +00:00BE-TSO-0001ITP-00542exitkWh/h,1,Physical Flow,hour,2022-03-16T13:00:00+01:00,2022-03-16T14:00:00+01:00,BE-TSO-0001,21X-BE-A-A0A0A-Y,Fluxys Belgium,ITP-00542,VIP Belgium - NCG,21Z000000000497Z,exit,kWh/h,,,13149995,2022-05-03T20:54:28+02:00,,Confirmed,,,,,True,,,True,PRISMA,,https://platform.prisma-capacity.eu/,,Cross-Border Transmission IP within EU,0,False
1Physical Flowhour2022-03-16 13:00:00 +00:002022-03-16 14:00:00 +00:00BE-TSO-0001ITP-00542exitkWh/h,1,Physical Flow,hour,2022-03-16T14:00:00+01:00,2022-03-16T15:00:00+01:00,BE-TSO-0001,21X-BE-A-A0A0A-Y,Fluxys Belgium,ITP-00542,VIP Belgium - NCG,21Z000000000497Z,exit,kWh/h,,,13186368,2022-05-03T20:54:28+02:00,,Confirmed,,,,,True,,,True,PRISMA,,https://platform.prisma-capacity.eu/,,Cross-Border Transmission IP within EU,0,False
1Physical Flowhour2022-03-16 14:00:00 +00:002022-03-16 15:00:00 +00:00BE-TSO-0001ITP-00542exitkWh/h,1,Physical Flow,hour,2022-03-16T15:00:00+01:00,2022-03-16T16:00:00+01:00,BE-TSO-0001,21X-BE-A-A0A0A-Y,Fluxys Belgium,ITP-00542,VIP Belgium - NCG,21Z000000000497Z,exit,kWh/h,,,13126567,2022-05-03T20:54:28+02:00,,Confirmed,,,,,True,,,True,PRISMA,,https://platform.prisma-capacity.eu/,,Cross-Border Transmission IP within EU,0,False
1Physical Flowhour2022-03-16 15:00:00 +00:002022-03-16 16:00:00 +00:00BE-TSO-0001ITP-00542exitkWh/h,1,Physical Flow,hour,2022-03-16T16:00:00+01:00,2022-03-16T17:00:00+01:00,BE-TSO-0001,21X-BE-A-A0A0A-Y,Fluxys Belgium,ITP-00542,VIP Belgium - NCG,21Z000000000497Z,exit,kWh/h,,,13089644,2022-05-03T20:54:28+02:00,,Confirmed,,,,,True,,,True,PRISMA,,https://platform.prisma-capacity.eu/,,Cross-Border Transmission IP within EU,0,False
1Physical Flowhour2022-03-16 16:00:00 +00:002022-03-16 17:00:00 +00:00BE-TSO-0001ITP-00542exitkWh/h,1,Physical Flow,hour,2022-03-16T17:00:00+01:00,2022-03-16T18:00:00+01:00,BE-TSO-0001,21X-BE-A-A0A0A-Y,Fluxys Belgium,ITP-00542,VIP Belgium - NCG,21Z000000000497Z,exit,kWh/h,,,13442068,2022-05-03T20:54:28+02:00,,Confirmed,,,,,True,,,True,PRISMA,,https://platform.prisma-capacity.eu/,,Cross-Border Transmission IP within EU,0,False
1Physical Flowhour2022-03-16 17:00:00 +00:002022-03-16 18:00:00 +00:00BE-TSO-0001ITP-00542exitkWh/h,1,Physical Flow,hour,2022-03-16T18:00:00+01:00,2022-03-16T19:00:00+01:00,BE-TSO-0001,21X-BE-A-A0A0A-Y,Fluxys Belgium,ITP-00542,VIP Belgium - NCG,21Z000000000497Z,exit,kWh/h,,,13388548,2022-05-03T20:54:28+02:00,,Confirmed,,,,,True,,,True,PRISMA,,https://platform.prisma-capacity.eu/,,Cross-Border Transmission IP within EU,0,False
1Physical Flowhour2022-03-16 18:00:00 +00:002022-03-16 19:00:00 +00:00BE-TSO-0001ITP-00542exitkWh/h,1,Physical Flow,hour,2022-03-16T19:00:00+01:00,2022-03-16T20:00:00+01:00,BE-TSO-0001,21X-BE-A-A0A0A-Y,Fluxys Belgium,ITP-00542,VIP Belgium - NCG,21Z000000000497Z,exit,kWh/h,,,14081495,2022-05-03T20:54:28+02:00,,Confirmed,,,,,True,,,True,PRISMA,,https://platform.prisma-capacity.eu/,,Cross-Border Transmission IP within EU,0,False
1Physical Flowhour2022-03-16 19:00:00 +00:002022-03-16 20:00:00 +00:00BE-TSO-0001ITP-00542exitkWh/h,1,Physical Flow,hour,2022-03-16T20:00:00+01:00,2022-03-16T21:00:00+01:00,BE-TSO-0001,21X-BE-A-A0A0A-Y,Fluxys Belgium,ITP-00542,VIP Belgium - NCG,21Z000000000497Z,exit,kWh/h,,,13646791,2022-05-03T20:54:28+02:00,,Confirmed,,,,,True,,,True,PRISMA,,https://platform.prisma-capacity.eu/,,Cross-Border Transmission IP within EU,0,False
1Physical Flowhour2022-03-16 20:00:00 +00:002022-03-16 21:00:00 +00:00BE-TSO-0001ITP-00542exitkWh/h,1,Physical Flow,hour,2022-03-16T21:00:00+01:00,2022-03-16T22:00:00+01:00,BE-TSO-0001,21X-BE-A-A0A0A-Y,Fluxys Belgium,ITP-00542,VIP Belgium - NCG,21Z000000000497Z,exit,kWh/h,,,13274683,2022-05-03T20:54:28+02:00,,Confirmed,,,,,True,,,True,PRISMA,,https://platform.prisma-capacity.eu/,,Cross-Border Transmission IP within EU,0,False
1Physical Flowhour2022-03-16 21:00:00 +00:002022-03-16 22:00:00 +00:00BE-TSO-0001ITP-00542exitkWh/h,1,Physical Flow,hour,2022-03-16T22:00:00+01:00,2022-03-16T23:00:00+01:00,BE-TSO-0001,21X-BE-A-A0A0A-Y,Fluxys Belgium,ITP-00542,VIP Belgium - NCG,21Z000000000497Z,exit,kWh/h,,,13674051,2022-05-03T20:54:28+02:00,,Confirmed,,,,,True,,,True,PRISMA,,https://platform.prisma-capacity.eu/,,Cross-Border Transmission IP within EU,0,False
1Physical Flowhour2022-03-16 22:00:00 +00:002022-03-16 23:00:00 +00:00BE-TSO-0001ITP-00542exitkWh/h,1,Physical Flow,hour,2022-03-16T23:00:00+01:00,2022-03-17T00:00:00+01:00,BE-TSO-0001,21X-BE-A-A0A0A-Y,Fluxys Belgium,ITP-00542,VIP Belgium - NCG,21Z000000000497Z,exit,kWh/h,,,13648169,2022-05-03T20:54:28+02:00,,Confirmed,,,,,True,,,True,PRISMA,,https://platform.prisma-capacity.eu/,,Cross-Border Transmission IP within EU,0,False
1Physical Flowhour2022-03-16 23:00:00 +00:002022-03-17 00:00:00 +00:00BE-TSO-0001ITP-00542exitkWh/h,1,Physical Flow,hour,2022-03-17T00:00:00+01:00,2022-03-17T01:00:00+01:00,BE-TSO-0001,21X-BE-A-A0A0A-Y,Fluxys Belgium,ITP-00542,VIP Belgium - NCG,21Z000000000497Z,exit,kWh/h,,,13653033,2022-05-03T20:54:28+02:00,,Confirmed,,,,,True,,,True,PRISMA,,https://platform.prisma-capacity.eu/,,Cross-Border Transmission IP within EU,0,False
1Physical Flowhour2022-03-17 00:00:00 +00:002022-03-17 01:00:00 +00:00BE-TSO-0001ITP-00542exitkWh/h,1,Physical Flow,hour,2022-03-17T01:00:00+01:00,2022-03-17T02:00:00+01:00,BE-TSO-0001,21X-BE-A-A0A0A-Y,Fluxys Belgium,ITP-00542,VIP Belgium - NCG,21Z000000000497Z,exit,kWh/h,,,13649247,2022-05-03T20:54:28+02:00,,Confirmed,,,,,True,,,True,PRISMA,,https://platform.prisma-capacity.eu/,,Cross-Border Transmission IP within EU,0,False
1Physical Flowhour2022-03-17 01:00:00 +00:002022-03-17 02:00:00 +00:00BE-TSO-0001ITP-00542exitkWh/h,1,Physical Flow,hour,2022-03-17T02:00:00+01:00,2022-03-17T03:00:00+01:00,BE-TSO-0001,21X-BE-A-A0A0A-Y,Fluxys Belgium,ITP-00542,VIP Belgium - NCG,21Z000000000497Z,exit,kWh/h,,,13957230,2022-05-03T20:54:28+02:00,,Confirmed,,,,,True,,,True,PRISMA,,https://platform.prisma-capacity.eu/,,Cross-Border Transmission IP within EU,0,False
1Physical Flowhour2022-03-17 02:00:00 +00:002022-03-17 03:00:00 +00:00BE-TSO-0001ITP-00542exitkWh/h,1,Physical Flow,hour,2022-03-17T03:00:00+01:00,2022-03-17T04:00:00+01:00,BE-TSO-0001,21X-BE-A-A0A0A-Y,Fluxys Belgium,ITP-00542,VIP Belgium - NCG,21Z000000000497Z,exit,kWh/h,,,14288847,2022-05-03T20:54:28+02:00,,Confirmed,,,,,True,,,True,PRISMA,,https://platform.prisma-capacity.eu/,,Cross-Border Transmission IP within EU,0,False
1Physical Flowhour2022-03-17 03:00:00 +00:002022-03-17 04:00:00 +00:00BE-TSO-0001ITP-00542exitkWh/h,1,Physical Flow,hour,2022-03-17T04:00:00+01:00,2022-03-17T05:00:00+01:00,BE-TSO-0001,21X-BE-A-A0A0A-Y,Fluxys Belgium,ITP-00542,VIP Belgium - NCG,21Z000000000497Z,exit,kWh/h,,,14966001,2022-05-03T20:54:28+02:00,,Confirmed,,,,,True,,,True,PRISMA,,https://platform.prisma-capacity.eu/,,Cross-Border Transmission IP within EU,0,False
1Physical Flowhour2022-03-17 04:00:00 +00:002022-03-17 05:00:00 +00:00BE-TSO-0001ITP-00542exitkWh/h,1,Physical Flow,hour,2022-03-17T05:00:00+01:00,2022-03-17T06:00:00+01:00,BE-TSO-0001,21X-BE-A-A0A0A-Y,Fluxys Belgium,ITP-00542,VIP Belgium - NCG,21Z000000000497Z,exit,kWh/h,,,14015552,2022-05-03T20:54:28+02:00,,Confirmed,,,,,True,,,True,PRISMA,,https://platform.prisma-capacity.eu/,,Cross-Border Transmission IP within EU,0,False
1Physical Flowhour2022-03-17 05:00:00 +00:002022-03-17 06:00:00 +00:00BE-TSO-0001ITP-00542exitkWh/h,1,Physical Flow,hour,2022-03-17T06:00:00+01:00,2022-03-17T07:00:00+01:00,BE-TSO-0001,21X-BE-A-A0A0A-Y,Fluxys Belgium,ITP-00542,VIP Belgium - NCG,21Z000000000497Z,exit,kWh/h,,,14500736,2022-05-03T20:54:28+02:00,,Confirmed,,,,,True,,,True,PRISMA,,https://platform.prisma-capacity.eu/,,Cross-Border Transmission IP within EU,0,False
1Physical Flowhour2022-03-17 06:00:00 +00:002022-03-17 07:00:00 +00:00BE-TSO-0001ITP-00542exitkWh/h,1,Physical Flow,hour,2022-03-17T07:00:00+01:00,2022-03-17T08:00:00+01:00,BE-TSO-0001,21X-BE-A-A0A0A-Y,Fluxys Belgium,ITP-00542,VIP Belgium - NCG,21Z000000000497Z,exit,kWh/h,,,14497280,2022-05-03T20:54:28+02:00,,Confirmed,,,,,True,,,True,PRISMA,,https://platform.prisma-capacity.eu/,,Cross-Border Transmission IP within EU,0,False
1Physical Flowhour2022-03-17 07:00:00 +00:002022-03-17 08:00:00 +00:00BE-TSO-0001ITP-00542exitkWh/h,1,Physical Flow,hour,2022-03-17T08:00:00+01:00,2022-03-17T09:00:00+01:00,BE-TSO-0001,21X-BE-A-A0A0A-Y,Fluxys Belgium,ITP-00542,VIP Belgium - NCG,21Z000000000497Z,exit,kWh/h,,,14495892,2022-05-03T20:54:28+02:00,,Confirmed,,,,,True,,,True,PRISMA,,https://platform.prisma-capacity.eu/,,Cross-Border Transmission IP within EU,0,False
1Physical Flowhour2022-03-17 08:00:00 +00:002022-03-17 09:00:00 +00:00BE-TSO-0001ITP-00542exitkWh/h,1,Physical Flow,hour,2022-03-17T09:00:00+01:00,2022-03-17T10:00:00+01:00,BE-TSO-0001,21X-BE-A-A0A0A-Y,Fluxys Belgium,ITP-00542,VIP Belgium - NCG,21Z000000000497Z,exit,kWh/h,,,14494110,2022-05-03T20:54:28+02:00,,Confirmed,,,,,True,,,True,PRISMA,,https://platform.prisma-capacity.eu/,,Cross-Border Transmission IP within EU,0,False
1Physical Flowhour2022-03-17 09:00:00 +00:002022-03-17 10:00:00 +00:00BE-TSO-0001ITP-00542exitkWh/h,1,Physical Flow,hour,2022-03-17T10:00:00+01:00,2022-03-17T11:00:00+01:00,BE-TSO-0001,21X-BE-A-A0A0A-Y,Fluxys Belgium,ITP-00542,VIP Belgium - NCG,21Z000000000497Z,exit,kWh/h,,,14481869,2022-05-03T20:54:28+02:00,,Confirmed,,,,,True,,,True,PRISMA,,https://platform.prisma-capacity.eu/,,Cross-Border Transmission IP within EU,0,False
1Physical Flowhour2022-03-17 10:00:00 +00:002022-03-17 11:00:00 +00:00BE-TSO-0001ITP-00542exitkWh/h,1,Physical Flow,hour,2022-03-17T11:00:00+01:00,2022-03-17T12:00:00+01:00,BE-TSO-0001,21X-BE-A-A0A0A-Y,Fluxys Belgium,ITP-00542,VIP Belgium - NCG,21Z000000000497Z,exit,kWh/h,,,14441284,2022-05-03T20:54:28+02:00,,Confirmed,,,,,True,,,True,PRISMA,,https://platform.prisma-capacity.eu/,,Cross-Border Transmission IP within EU,0,False
1Physical Flowhour2022-03-17 11:00:00 +00:002022-03-17 12:00:00 +00:00BE-TSO-0001ITP-00542exitkWh/h,1,Physical Flow,hour,2022-03-17T12:00:00+01:00,2022-03-17T13:00:00+01:00,BE-TSO-0001,21X-BE-A-A0A0A-Y,Fluxys Belgium,ITP-00542,VIP Belgium - NCG,21Z000000000497Z,exit,kWh/h,,,14146483,2022-05-03T20:54:28+02:00,,Confirmed,,,,,True,,,True,PRISMA,,https://platform.prisma-capacity.eu/,,Cross-Border Transmission IP within EU,0,False
1Physical Flowhour2022-03-17 12:00:00 +00:002022-03-17 13:00:00 +00:00BE-TSO-0001ITP-00542exitkWh/h,1,Physical Flow,hour,2022-03-17T13:00:00+01:00,2022-03-17T14:00:00+01:00,BE-TSO-0001,21X-BE-A-A0A0A-Y,Fluxys Belgium,ITP-00542,VIP Belgium - NCG,21Z000000000497Z,exit,kWh/h,,,13887072,2022-05-03T20:54:28+02:00,,Confirmed,,,,,True,,,True,PRISMA,,https://platform.prisma-capacity.eu/,,Cross-Border Transmission IP within EU,0,False
1Physical Flowhour2022-03-17 13:00:00 +00:002022-03-17 14:00:00 +00:00BE-TSO-0001ITP-00542exitkWh/h,1,Physical Flow,hour,2022-03-17T14:00:00+01:00,2022-03-17T15:00:00+01:00,BE-TSO-0001,21X-BE-A-A0A0A-Y,Fluxys Belgium,ITP-00542,VIP Belgium - NCG,21Z000000000497Z,exit,kWh/h,,,13913470,2022-05-03T20:54:28+02:00,,Confirmed,,,,,True,,,True,PRISMA,,https://platform.prisma-capacity.eu/,,Cross-Border Transmission IP within EU,0,False
1Physical Flowhour2022-03-17 14:00:00 +00:002022-03-17 15:00:00 +00:00BE-TSO-0001ITP-00542exitkWh/h,1,Physical Flow,hour,2022-03-17T15:00:00+01:00,2022-03-17T16:00:00+01:00,BE-TSO-0001,21X-BE-A-A0A0A-Y,Fluxys Belgium,ITP-00542,VIP Belgium - NCG,21Z000000000497Z,exit,kWh/h,,,14113600,2022-05-03T20:54:28+02:00,,Confirmed,,,,,True,,,True,PRISMA,,https://platform.prisma-capacity.eu/,,Cross-Border Transmission IP within EU,0,False
1Physical Flowhour2022-03-17 15:00:00 +00:002022-03-17 16:00:00 +00:00BE-TSO-0001ITP-00542exitkWh/h,1,Physical Flow,hour,2022-03-17T16:00:00+01:00,2022-03-17T17:00:00+01:00,BE-TSO-0001,21X-BE-A-A0A0A-Y,Fluxys Belgium,ITP-00542,VIP Belgium - NCG,21Z000000000497Z,exit,kWh/h,,,14331306,2022-05-03T20:54:28+02:00,,Confirmed,,,,,True,,,True,PRISMA,,https://platform.prisma-capacity.eu/,,Cross-Border Transmission IP within EU,0,False
1Physical Flowhour2022-03-17 16:00:00 +00:002022-03-17 17:00:00 +00:00BE-TSO-0001ITP-00542exitkWh/h,1,Physical Flow,hour,2022-03-17T17:00:00+01:00,2022-03-17T18:00:00+01:00,BE-TSO-0001,21X-BE-A-A0A0A-Y,Fluxys Belgium,ITP-00542,VIP Belgium - NCG,21Z000000000497Z,exit,kWh/h,,,14258942,2022-05-03T20:54:28+02:00,,Confirmed,,,,,True,,,True,PRISMA,,https://platform.prisma-capacity.eu/,,Cross-Border Transmission IP within EU,0,False
1Physical Flowhour2022-03-17 17:00:00 +00:002022-03-17 18:00:00 +00:00BE-TSO-0001ITP-00542exitkWh/h,1,Physical Flow,hour,2022-03-17T18:00:00+01:00,2022-03-17T19:00:00+01:00,BE-TSO-0001,21X-BE-A-A0A0A-Y,Fluxys Belgium,ITP-00542,VIP Belgium - NCG,21Z000000000497Z,exit,kWh/h,,,14582194,2022-05-03T20:54:28+02:00,,Confirmed,,,,,True,,,True,PRISMA,,https://platform.prisma-capacity.eu/,,Cross-Border Transmission IP within EU,0,False
1Physical Flowhour2022-03-17 18:00:00 +00:002022-03-17 19:00:00 +00:00BE-TSO-0001ITP-00542exitkWh/h,1,Physical Flow,hour,2022-03-17T19:00:00+01:00,2022-03-17T20:00:00+01:00,BE-TSO-0001,21X-BE-A-A0A0A-Y,Fluxys Belgium,ITP-00542,VIP Belgium - NCG,21Z000000000497Z,exit,kWh/h,,,13726863,2022-05-03T20:54:28+02:00,,Confirmed,,,,,True,,,True,PRISMA,,https://platform.prisma-capacity.eu/,,Cross-Border Transmission IP within EU,0,False
1Physical Flowhour2022-03-17 19:00:00 +00:002022-03-17 20:00:00 +00:00BE-TSO-0001ITP-00542exitkWh/h,1,Physical Flow,hour,2022-03-17T20:00:00+01:00,2022-03-17T21:00:00+01:00,BE-TSO-0001,21X-BE-A-A0A0A-Y,Fluxys Belgium,ITP-00542,VIP Belgium - NCG,21Z000000000497Z,exit,kWh/h,,,14848368,2022-05-03T20:54:28+02:00,,Confirmed,,,,,True,,,True,PRISMA,,https://platform.prisma-capacity.eu/,,Cross-Border Transmission IP within EU,0,False
1Physical Flowhour2022-03-17 20:00:00 +00:002022-03-17 21:00:00 +00:00BE-TSO-0001ITP-00542exitkWh/h,1,Physical Flow,hour,2022-03-17T21:00:00+01:00,2022-03-17T22:00:00+01:00,BE-TSO-0001,21X-BE-A-A0A0A-Y,Fluxys Belgium,ITP-00542,VIP Belgium - NCG,21Z000000000497Z,exit,kWh/h,,,14840108,2022-05-03T20:54:28+02:00,,Confirmed,,,,,True,,,True,PRISMA,,https://platform.prisma-capacity.eu/,,Cross-Border Transmission IP within EU,0,False
1Physical Flowhour2022-03-17 21:00:00 +00:002022-03-17 22:00:00 +00:00BE-TSO-0001ITP-00542exitkWh/h,1,Physical Flow,hour,2022-03-17T22:00:00+01:00,2022-03-17T23:00:00+01:00,BE-TSO-0001,21X-BE-A-A0A0A-Y,Fluxys Belgium,ITP-00542,VIP Belgium - NCG,21Z000000000497Z,exit,kWh/h,,,14835878,2022-05-03T20:54:28+02:00,,Confirmed,,,,,True,,,True,PRISMA,,https://platform.prisma-capacity.eu/,,Cross-Border Transmission IP within EU,0,False
1Physical Flowhour2022-03-17 22:00:00 +00:002022-03-17 23:00:00 +00:00BE-TSO-0001ITP-00542exitkWh/h,1,Physical Flow,hour,2022-03-17T23:00:00+01:00,2022-03-18T00:00:00+01:00,BE-TSO-0001,21X-BE-A-A0A0A-Y,Fluxys Belgium,ITP-00542,VIP Belgium - NCG,21Z000000000497Z,exit,kWh/h,,,15140983,2022-05-03T20:54:28+02:00,,Confirmed,,,,,True,,,True,PRISMA,,https://platform.prisma-capacity.eu/,,Cross-Border Transmission IP within EU,0,False
1Physical Flowhour2022-03-17 23:00:00 +00:002022-03-18 00:00:00 +00:00BE-TSO-0001ITP-00542exitkWh/h,1,Physical Flow,hour,2022-03-18T00:00:00+01:00,2022-03-18T01:00:00+01:00,BE-TSO-0001,21X-BE-A-A0A0A-Y,Fluxys Belgium,ITP-00542,VIP Belgium - NCG,21Z000000000497Z,exit,kWh/h,,,15254035,2022-05-03T20:54:28+02:00,,Confirmed,,,,,True,,,True,PRISMA,,https://platform.prisma-capacity.eu/,,Cross-Border Transmission IP within EU,0,False
1Physical Flowhour2022-03-18 00:00:00 +00:002022-03-18 01:00:00 +00:00BE-TSO-0001ITP-00542exitkWh/h,1,Physical Flow,hour,2022-03-18T01:00:00+01:00,2022-03-18T02:00:00+01:00,BE-TSO-0001,21X-BE-A-A0A0A-Y,Fluxys Belgium,ITP-00542,VIP Belgium - NCG,21Z000000000497Z,exit,kWh/h,,,15859959,2022-05-03T20:54:28+02:00,,Confirmed,,,,,True,,,True,PRISMA,,https://platform.prisma-capacity.eu/,,Cross-Border Transmission IP within EU,0,False
1Physical Flowhour2022-03-18 01:00:00 +00:002022-03-18 02:00:00 +00:00BE-TSO-0001ITP-00542exitkWh/h,1,Physical Flow,hour,2022-03-18T02:00:00+01:00,2022-03-18T03:00:00+01:00,BE-TSO-0001,21X-BE-A-A0A0A-Y,Fluxys Belgium,ITP-00542,VIP Belgium - NCG,21Z000000000497Z,exit,kWh/h,,,15856875,2022-05-03T20:54:28+02:00,,Confirmed,,,,,True,,,True,PRISMA,,https://platform.prisma-capacity.eu/,,Cross-Border Transmission IP within EU,0,False
1Physical Flowhour2022-03-18 02:00:00 +00:002022-03-18 03:00:00 +00:00BE-TSO-0001ITP-00542exitkWh/h,1,Physical Flow,hour,2022-03-18T03:00:00+01:00,2022-03-18T04:00:00+01:00,BE-TSO-0001,21X-BE-A-A0A0A-Y,Fluxys Belgium,ITP-00542,VIP Belgium - NCG,21Z000000000497Z,exit,kWh/h,,,15862582,2022-05-03T20:54:28+02:00,,Confirmed,,,,,True,,,True,PRISMA,,https://platform.prisma-capacity.eu/,,Cross-Border Transmission IP within EU,0,False
1Physical Flowhour2022-03-18 03:00:00 +00:002022-03-18 04:00:00 +00:00BE-TSO-0001ITP-00542exitkWh/h,1,Physical Flow,hour,2022-03-18T04:00:00+01:00,2022-03-18T05:00:00+01:00,BE-TSO-0001,21X-BE-A-A0A0A-Y,Fluxys Belgium,ITP-00542,VIP Belgium - NCG,21Z000000000497Z,exit,kWh/h,,,15281175,2022-05-03T20:54:28+02:00,,Confirmed,,,,,True,,,True,PRISMA,,https://platform.prisma-capacity.eu/,,Cross-Border Transmission IP within EU,0,False
1Physical Flowhour2022-03-18 04:00:00 +00:002022-03-18 05:00:00 +00:00BE-TSO-0001ITP-00542exitkWh/h,1,Physical Flow,hour,2022-03-18T05:00:00+01:00,2022-03-18T06:00:00+01:00,BE-TSO-0001,21X-BE-A-A0A0A-Y,Fluxys Belgium,ITP-00542,VIP Belgium - NCG,21Z000000000497Z,exit,kWh/h,,,15036684,2022-05-03T20:54:28+02:00,,Confirmed,,,,,True,,,True,PRISMA,,https://platform.prisma-capacity.eu/,,Cross-Border Transmission IP within EU,0,False
1Physical Flowhour2022-03-18 05:00:00 +00:002022-03-18 06:00:00 +00:00BE-TSO-0001ITP-00542exitkWh/h,1,Physical Flow,hour,2022-03-18T06:00:00+01:00,2022-03-18T07:00:00+01:00,BE-TSO-0001,21X-BE-A-A0A0A-Y,Fluxys Belgium,ITP-00542,VIP Belgium - NCG,21Z000000000497Z,exit,kWh/h,,,16718096,2022-05-03T20:54:28+02:00,,Confirmed,,,,,True,,,True,PRISMA,,https://platform.prisma-capacity.eu/,,Cross-Border Transmission IP within EU,0,False
1Physical Flowhour2022-03-18 06:00:00 +00:002022-03-18 07:00:00 +00:00BE-TSO-0001ITP-00542exitkWh/h,1,Physical Flow,hour,2022-03-18T07:00:00+01:00,2022-03-18T08:00:00+01:00,BE-TSO-0001,21X-BE-A-A0A0A-Y,Fluxys Belgium,ITP-00542,VIP Belgium - NCG,21Z000000000497Z,exit,kWh/h,,,16109773,2022-05-03T20:54:28+02:00,,Confirmed,,,,,True,,,True,PRISMA,,https://platform.prisma-capacity.eu/,,Cross-Border Transmission IP within EU,0,False
1Physical Flowhour2022-03-18 07:00:00 +00:002022-03-18 08:00:00 +00:00BE-TSO-0001ITP-00542exitkWh/h,1,Physical Flow,hour,2022-03-18T08:00:00+01:00,2022-03-18T09:00:00+01:00,BE-TSO-0001,21X-BE-A-A0A0A-Y,Fluxys Belgium,ITP-00542,VIP Belgium - NCG,21Z000000000497Z,exit,kWh/h,,,16114648,2022-05-03T20:54:28+02:00,,Confirmed,,,,,True,,,True,PRISMA,,https://platform.prisma-capacity.eu/,,Cross-Border Transmission IP within EU,0,False
1Physical Flowhour2022-03-18 08:00:00 +00:002022-03-18 09:00:00 +00:00BE-TSO-0001ITP-00542exitkWh/h,1,Physical Flow,hour,2022-03-18T09:00:00+01:00,2022-03-18T10:00:00+01:00,BE-TSO-0001,21X-BE-A-A0A0A-Y,Fluxys Belgium,ITP-00542,VIP Belgium - NCG,21Z000000000497Z,exit,kWh/h,,,16112679,2022-05-03T20:54:28+02:00,,Confirmed,,,,,True,,,True,PRISMA,,https://platform.prisma-capacity.eu/,,Cross-Border Transmission IP within EU,0,False
1Physical Flowhour2022-03-18 09:00:00 +00:002022-03-18 10:00:00 +00:00BE-TSO-0001ITP-00542exitkWh/h,1,Physical Flow,hour,2022-03-18T10:00:00+01:00,2022-03-18T11:00:00+01:00,BE-TSO-0001,21X-BE-A-A0A0A-Y,Fluxys Belgium,ITP-00542,VIP Belgium - NCG,21Z000000000497Z,exit,kWh/h,,,16110971,2022-05-03T20:54:28+02:00,,Confirmed,,,,,True,,,True,PRISMA,,https://platform.prisma-capacity.eu/,,Cross-Border Transmission IP within EU,0,False
1Physical Flowhour2022-03-18 10:00:00 +00:002022-03-18 11:00:00 +00:00BE-TSO-0001ITP-00542exitkWh/h,1,Physical Flow,hour,2022-03-18T11:00:00+01:00,2022-03-18T12:00:00+01:00,BE-TSO-0001,21X-BE-A-A0A0A-Y,Fluxys Belgium,ITP-00542,VIP Belgium - NCG,21Z000000000497Z,exit,kWh/h,,,16113141,2022-05-03T20:54:28+02:00,,Confirmed,,,,,True,,,True,PRISMA,,https://platform.prisma-capacity.eu/,,Cross-Border Transmission IP within EU,0,False
1Physical Flowhour2022-03-18 11:00:00 +00:002022-03-18 12:00:00 +00:00BE-TSO-0001ITP-00542exitkWh/h,1,Physical Flow,hour,2022-03-18T12:00:00+01:00,2022-03-18T13:00:00+01:00,BE-TSO-0001,21X-BE-A-A0A0A-Y,Fluxys Belgium,ITP-00542,VIP Belgium - NCG,21Z000000000497Z,exit,kWh/h,,,16113711,2022-05-03T20:54:28+02:00,,Confirmed,,,,,True,,,True,PRISMA,,https://platform.prisma-capacity.eu/,,Cross-Border Transmission IP within EU,0,False
1Physical Flowhour2022-03-18 12:00:00 +00:002022-03-18 13:00:00 +00:00BE-TSO-0001ITP-00542exitkWh/h,1,Physical Flow,hour,2022-03-18T13:00:00+01:00,2022-03-18T14:00:00+01:00,BE-TSO-0001,21X-BE-A-A0A0A-Y,Fluxys Belgium,ITP-00542,VIP Belgium - NCG,21Z000000000497Z,exit,kWh/h,,,16116695,2022-05-03T20:54:28+02:00,,Confirmed,,,,,True,,,True,PRISMA,,https://platform.prisma-capacity.eu/,,Cross-Border Transmission IP within EU,0,False
1Physical Flowhour2022-03-18 13:00:00 +00:002022-03-18 14:00:00 +00:00BE-TSO-0001ITP-00542exitkWh/h,1,Physical Flow,hour,2022-03-18T14:00:00+01:00,2022-03-18T15:00:00+01:00,BE-TSO-0001,21X-BE-A-A0A0A-Y,Fluxys Belgium,ITP-00542,VIP Belgium - NCG,21Z000000000497Z,exit,kWh/h,,,17117980,2022-05-03T20:54:28+02:00,,Confirmed,,,,,True,,,True,PRISMA,,https://platform.prisma-capacity.eu/,,Cross-Border Transmission IP within EU,0,False
1Physical Flowhour2022-03-18 14:00:00 +00:002022-03-18 15:00:00 +00:00BE-TSO-0001ITP-00542exitkWh/h,1,Physical Flow,hour,2022-03-18T15:00:00+01:00,2022-03-18T16:00:00+01:00,BE-TSO-0001,21X-BE-A-A0A0A-Y,Fluxys Belgium,ITP-00542,VIP Belgium - NCG,21Z000000000497Z,exit,kWh/h,,,16943960,2022-05-03T20:54:28+02:00,,Confirmed,,,,,True,,,True,PRISMA,,https://platform.prisma-capacity.eu/,,Cross-Border Transmission IP within EU,0,False
1Physical Flowhour2022-03-18 15:00:00 +00:002022-03-18 16:00:00 +00:00BE-TSO-0001ITP-00542exitkWh/h,1,Physical Flow,hour,2022-03-18T16:00:00+01:00,2022-03-18T17:00:00+01:00,BE-TSO-0001,21X-BE-A-A0A0A-Y,Fluxys Belgium,ITP-00542,VIP Belgium - NCG,21Z000000000497Z,exit,kWh/h,,,17119308,2022-05-03T20:54:28+02:00,,Confirmed,,,,,True,,,True,PRISMA,,https://platform.prisma-capacity.eu/,,Cross-Border Transmission IP within EU,0,False
1Physical Flowhour2022-03-18 16:00:00 +00:002022-03-18 17:00:00 +00:00BE-TSO-0001ITP-00542exitkWh/h,1,Physical Flow,hour,2022-03-18T17:00:00+01:00,2022-03-18T18:00:00+01:00,BE-TSO-0001,21X-BE-A-A0A0A-Y,Fluxys Belgium,ITP-00542,VIP Belgium - NCG,21Z000000000497Z,exit,kWh/h,,,17116304,2022-05-03T20:54:28+02:00,,Confirmed,,,,,True,,,True,PRISMA,,https://platform.prisma-capacity.eu/,,Cross-Border Transmission IP within EU,0,False
1Physical Flowhour2022-03-18 17:00:00 +00:002022-03-18 18:00:00 +00:00BE-TSO-0001ITP-00542exitkWh/h,1,Physical Flow,hour,2022-03-18T18:00:00+01:00,2022-03-18T19:00:00+01:00,BE-TSO-0001,21X-BE-A-A0A0A-Y,Fluxys Belgium,ITP-00542,VIP Belgium - NCG,21Z000000000497Z,exit,kWh/h,,,17120247,2022-05-03T20:54:28+02:00,,Confirmed,,,,,True,,,True,PRISMA,,https://platform.prisma-capacity.eu/,,Cross-Border Transmission IP within EU,0,False
1Physical Flowhour2022-03-18 18:00:00 +00:002022-03-18 19:00:00 +00:00BE-TSO-0001ITP-00542exitkWh/h,1,Physical Flow,hour,2022-03-18T19:00:00+01:00,2022-03-18T20:00:00+01:00,BE-TSO-0001,21X-BE-A-A0A0A-Y,Fluxys Belgium,ITP-00542,VIP Belgium - NCG,21Z000000000497Z,exit,kWh/h,,,17117792,2022-05-03T20:54:28+02:00,,Confirmed,,,,,True,,,True,PRISMA,,https://platform.prisma-capacity.eu/,,Cross-Border Transmission IP within EU,0,False
1Physical Flowhour2022-03-18 19:00:00 +00:002022-03-18 20:00:00 +00:00BE-TSO-0001ITP-00542exitkWh/h,1,Physical Flow,hour,2022-03-18T20:00:00+01:00,2022-03-18T21:00:00+01:00,BE-TSO-0001,21X-BE-A-A0A0A-Y,Fluxys Belgium,ITP-00542,VIP Belgium - NCG,21Z000000000497Z,exit,kWh/h,,,17206246,2022-05-03T20:54:28+02:00,,Confirmed,,,,,True,,,True,PRISMA,,https://platform.prisma-capacity.eu/,,Cross-Border Transmission IP within EU,0,False
1Physical Flowhour2022-03-18 20:00:00 +00:002022-03-18 21:00:00 +00:00BE-TSO-0001ITP-00542exitkWh/h,1,Physical Flow,hour,2022-03-18T21:00:00+01:00,2022-03-18T22:00:00+01:00,BE-TSO-0001,21X-BE-A-A0A0A-Y,Fluxys Belgium,ITP-00542,VIP Belgium - NCG,21Z000000000497Z,exit,kWh/h,,,16248430,2022-05-03T20:54:28+02:00,,Confirmed,,,,,True,,,True,PRISMA,,https://platform.prisma-capacity.eu/,,Cross-Border Transmission IP within EU,0,False
1Physical Flowhour2022-03-18 21:00:00 +00:002022-03-18 22:00:00 +00:00BE-TSO-0001ITP-00542exitkWh/h,1,Physical Flow,hour,2022-03-18T22:00:00+01:00,2022-03-18T23:00:00+01:00,BE-TSO-0001,21X-BE-A-A0A0A-Y,Fluxys Belgium,ITP-00542,VIP Belgium - NCG,21Z000000000497Z,exit,kWh/h,,,16750699,2022-05-03T20:54:28+02:00,,Confirmed,,,,,True,,,True,PRISMA,,https://platform.prisma-capacity.eu/,,Cross-Border Transmission IP within EU,0,False
1Physical Flowhour2022-03-18 22:00:00 +00:002022-03-18 23:00:00 +00:00BE-TSO-0001ITP-00542exitkWh/h,1,Physical Flow,hour,2022-03-18T23:00:00+01:00,2022-03-19T00:00:00+01:00,BE-TSO-0001,21X-BE-A-A0A0A-Y,Fluxys Belgium,ITP-00542,VIP Belgium - NCG,21Z000000000497Z,exit,kWh/h,,,16255969,2022-05-03T20:54:28+02:00,,Confirmed,,,,,True,,,True,PRISMA,,https://platform.prisma-capacity.eu/,,Cross-Border Transmission IP within EU,0,False
1Physical Flowhour2022-03-18 23:00:00 +00:002022-03-19 00:00:00 +00:00BE-TSO-0001ITP-00542exitkWh/h,1,Physical Flow,hour,2022-03-19T00:00:00+01:00,2022-03-19T01:00:00+01:00,BE-TSO-0001,21X-BE-A-A0A0A-Y,Fluxys Belgium,ITP-00542,VIP Belgium - NCG,21Z000000000497Z,exit,kWh/h,,,16143108,2022-05-03T20:54:28+02:00,,Confirmed,,,,,True,,,True,PRISMA,,https://platform.prisma-capacity.eu/,,Cross-Border Transmission IP within EU,0,False
1Physical Flowhour2022-03-19 00:00:00 +00:002022-03-19 01:00:00 +00:00BE-TSO-0001ITP-00542exitkWh/h,1,Physical Flow,hour,2022-03-19T01:00:00+01:00,2022-03-19T02:00:00+01:00,BE-TSO-0001,21X-BE-A-A0A0A-Y,Fluxys Belgium,ITP-00542,VIP Belgium - NCG,21Z000000000497Z,exit,kWh/h,,,16029323,2022-05-03T20:54:28+02:00,,Confirmed,,,,,True,,,True,PRISMA,,https://platform.prisma-capacity.eu/,,Cross-Border Transmission IP within EU,0,False
1Physical Flowhour2022-03-19 01:00:00 +00:002022-03-19 02:00:00 +00:00BE-TSO-0001ITP-00542exitkWh/h,1,Physical Flow,hour,2022-03-19T02:00:00+01:00,2022-03-19T03:00:00+01:00,BE-TSO-0001,21X-BE-A-A0A0A-Y,Fluxys Belgium,ITP-00542,VIP Belgium - NCG,21Z000000000497Z,exit,kWh/h,,,16374432,2022-05-03T20:54:28+02:00,,Confirmed,,,,,True,,,True,PRISMA,,https://platform.prisma-capacity.eu/,,Cross-Border Transmission IP within EU,0,False
1Physical Flowhour2022-03-19 02:00:00 +00:002022-03-19 03:00:00 +00:00BE-TSO-0001ITP-00542exitkWh/h,1,Physical Flow,hour,2022-03-19T03:00:00+01:00,2022-03-19T04:00:00+01:00,BE-TSO-0001,21X-BE-A-A0A0A-Y,Fluxys Belgium,ITP-00542,VIP Belgium - NCG,21Z000000000497Z,exit,kWh/h,,,16373863,2022-05-03T20:54:28+02:00,,Confirmed,,,,,True,,,True,PRISMA,,https://platform.prisma-capacity.eu/,,Cross-Border Transmission IP within EU,0,False
1Physical Flowhour2022-03-19 03:00:00 +00:002022-03-19 04:00:00 +00:00BE-TSO-0001ITP-00542exitkWh/h,1,Physical Flow,hour,2022-03-19T04:00:00+01:00,2022-03-19T05:00:00+01:00,BE-TSO-0001,21X-BE-A-A0A0A-Y,Fluxys Belgium,ITP-00542,VIP Belgium - NCG,21Z000000000497Z,exit,kWh/h,,,16924997,2022-05-03T20:54:28+02:00,,Confirmed,,,,,True,,,True,PRISMA,,https://platform.prisma-capacity.eu/,,Cross-Border Transmission IP within EU,0,False
1Physical Flowhour2022-03-19 04:00:00 +00:002022-03-19 05:00:00 +00:00BE-TSO-0001ITP-00542exitkWh/h,1,Physical Flow,hour,2022-03-19T05:00:00+01:00,2022-03-19T06:00:00+01:00,BE-TSO-0001,21X-BE-A-A0A0A-Y,Fluxys Belgium,ITP-00542,VIP Belgium - NCG,21Z000000000497Z,exit,kWh/h,,,16811899,2022-05-03T20:54:28+02:00,,Confirmed,,,,,True,,,True,PRISMA,,https://platform.prisma-capacity.eu/,,Cross-Border Transmission IP within EU,0,False
1Physical Flowhour2022-03-19 05:00:00 +00:002022-03-19 06:00:00 +00:00BE-TSO-0001ITP-00542exitkWh/h,1,Physical Flow,hour,2022-03-19T06:00:00+01:00,2022-03-19T07:00:00+01:00,BE-TSO-0001,21X-BE-A-A0A0A-Y,Fluxys Belgium,ITP-00542,VIP Belgium - NCG,21Z000000000497Z,exit,kWh/h,,,16877239,2022-05-03T20:54:28+02:00,,Confirmed,,,,,True,,,True,PRISMA,,https://platform.prisma-capacity.eu/,,Cross-Border Transmission IP within EU,0,False
1Physical Flowhour2022-03-19 06:00:00 +00:002022-03-19 07:00:00 +00:00BE-TSO-0001ITP-00542exitkWh/h,1,Physical Flow,hour,2022-03-19T07:00:00+01:00,2022-03-19T08:00:00+01:00,BE-TSO-0001,21X-BE-A-A0A0A-Y,Fluxys Belgium,ITP-00542,VIP Belgium - NCG,21Z000000000497Z,exit,kWh/h,,,16892000,2022-05-03T20:54:28+02:00,,Confirmed,,,,,True,,,True,PRISMA,,https://platform.prisma-capacity.eu/,,Cross-Border Transmission IP within EU,0,False
1Physical Flowhour2022-03-19 07:00:00 +00:002022-03-19 08:00:00 +00:00BE-TSO-0001ITP-00542exitkWh/h,1,Physical Flow,hour,2022-03-19T08:00:00+01:00,2022-03-19T09:00:00+01:00,BE-TSO-0001,21X-BE-A-A0A0A-Y,Fluxys Belgium,ITP-00542,VIP Belgium - NCG,21Z000000000497Z,exit,kWh/h,,,17163121,2022-05-03T20:54:28+02:00,,Confirmed,,,,,True,,,True,PRISMA,,https://platform.prisma-capacity.eu/,,Cross-Border Transmission IP within EU,0,False
1Physical Flowhour2022-03-19 08:00:00 +00:002022-03-19 09:00:00 +00:00BE-TSO-0001ITP-00542exitkWh/h,1,Physical Flow,hour,2022-03-19T09:00:00+01:00,2022-03-19T10:00:00+01:00,BE-TSO-0001,21X-BE-A-A0A0A-Y,Fluxys Belgium,ITP-00542,VIP Belgium - NCG,21Z000000000497Z,exit,kWh/h,,,16875400,2022-05-03T20:54:28+02:00,,Confirmed,,,,,True,,,True,PRISMA,,https://platform.prisma-capacity.eu/,,Cross-Border Transmission IP within EU,0,False
1Physical Flowhour2022-03-19 09:00:00 +00:002022-03-19 10:00:00 +00:00BE-TSO-0001ITP-00542exitkWh/h,1,Physical Flow,hour,2022-03-19T10:00:00+01:00,2022-03-19T11:00:00+01:00,BE-TSO-0001,21X-BE-A-A0A0A-Y,Fluxys Belgium,ITP-00542,VIP Belgium - NCG,21Z000000000497Z,exit,kWh/h,,,16852748,2022-05-03T20:54:28+02:00,,Confirmed,,,,,True,,,True,PRISMA,,https://platform.prisma-capacity.eu/,,Cross-Border Transmission IP within EU,0,False
1Physical Flowhour2022-03-19 10:00:00 +00:002022-03-19 11:00:00 +00:00BE-TSO-0001ITP-00542exitkWh/h,1,Physical Flow,hour,2022-03-19T11:00:00+01:00,2022-03-19T12:00:00+01:00,BE-TSO-0001,21X-BE-A-A0A0A-Y,Fluxys Belgium,ITP-00542,VIP Belgium - NCG,21Z000000000497Z,exit,kWh/h,,,16854496,2022-05-03T20:54:28+02:00,,Confirmed,,,,,True,,,True,PRISMA,,https://platform.prisma-capacity.eu/,,Cross-Border Transmission IP within EU,0,False
1Physical Flowhour2022-03-19 11:00:00 +00:002022-03-19 12:00:00 +00:00BE-TSO-0001ITP-00542exitkWh/h,1,Physical Flow,hour,2022-03-19T12:00:00+01:00,2022-03-19T13:00:00+01:00,BE-TSO-0001,21X-BE-A-A0A0A-Y,Fluxys Belgium,ITP-00542,VIP Belgium - NCG,21Z000000000497Z,exit,kWh/h,,,16851271,2022-05-03T20:54:28+02:00,,Confirmed,,,,,True,,,True,PRISMA,,https://platform.prisma-capacity.eu/,,Cross-Border Transmission IP within EU,0,False
1Physical Flowhour2022-03-19 12:00:00 +00:002022-03-19 13:00:00 +00:00BE-TSO-0001ITP-00542exitkWh/h,1,Physical Flow,hour,2022-03-19T13:00:00+01:00,2022-03-19T14:00:00+01:00,BE-TSO-0001,21X-BE-A-A0A0A-Y,Fluxys Belgium,ITP-00542,VIP Belgium - NCG,21Z000000000497Z,exit,kWh/h,,,16851952,2022-05-03T20:54:28+02:00,,Confirmed,,,,,True,,,True,PRISMA,,https://platform.prisma-capacity.eu/,,Cross-Border Transmission IP within EU,0,False
1Physical Flowhour2022-03-19 13:00:00 +00:002022-03-19 14:00:00 +00:00BE-TSO-0001ITP-00542exitkWh/h,1,Physical Flow,hour,2022-03-19T14:00:00+01:00,2022-03-19T15:00:00+01:00,BE-TSO-0001,21X-BE-A-A0A0A-Y,Fluxys Belgium,ITP-00542,VIP Belgium - NCG,21Z000000000497Z,exit,kWh/h,,,17682502,2022-05-03T20:54:28+02:00,,Confirmed,,,,,True,,,True,PRISMA,,https://platform.prisma-capacity.eu/,,Cross-Border Transmission IP within EU,0,False
1Physical Flowhour2022-03-19 14:00:00 +00:002022-03-19 15:00:00 +00:00BE-TSO-0001ITP-00542exitkWh/h,1,Physical Flow,hour,2022-03-19T15:00:00+01:00,2022-03-19T16:00:00+01:00,BE-TSO-0001,21X-BE-A-A0A0A-Y,Fluxys Belgium,ITP-00542,VIP Belgium - NCG,21Z000000000497Z,exit,kWh/h,,,17685362,2022-05-03T20:54:28+02:00,,Confirmed,,,,,True,,,True,PRISMA,,https://platform.prisma-capacity.eu/,,Cross-Border Transmission IP within EU,0,False
1Physical Flowhour2022-03-19 15:00:00 +00:002022-03-19 16:00:00 +00:00BE-TSO-0001ITP-00542exitkWh/h,1,Physical Flow,hour,2022-03-19T16:00:00+01:00,2022-03-19T17:00:00+01:00,BE-TSO-0001,21X-BE-A-A0A0A-Y,Fluxys Belgium,ITP-00542,VIP Belgium - NCG,21Z000000000497Z,exit,kWh/h,,,17680845,2022-05-03T20:54:28+02:00,,Confirmed,,,,,True,,,True,PRISMA,,https://platform.prisma-capacity.eu/,,Cross-Border Transmission IP within EU,0,False
1Physical Flowhour2022-03-19 16:00:00 +00:002022-03-19 17:00:00 +00:00BE-TSO-0001ITP-00542exitkWh/h,1,Physical Flow,hour,2022-03-19T17:00:00+01:00,2022-03-19T18:00:00+01:00,BE-TSO-0001,21X-BE-A-A0A0A-Y,Fluxys Belgium,ITP-00542,VIP Belgium - NCG,21Z000000000497Z,exit,kWh/h,,,17683416,2022-05-03T20:54:28+02:00,,Confirmed,,,,,True,,,True,PRISMA,,https://platform.prisma-capacity.eu/,,Cross-Border Transmission IP within EU,0,False
1Physical Flowhour2022-03-19 17:00:00 +00:002022-03-19 18:00:00 +00:00BE-TSO-0001ITP-00542exitkWh/h,1,Physical Flow,hour,2022-03-19T18:00:00+01:00,2022-03-19T19:00:00+01:00,BE-TSO-0001,21X-BE-A-A0A0A-Y,Fluxys Belgium,ITP-00542,VIP Belgium - NCG,21Z000000000497Z,exit,kWh/h,,,17686126,2022-05-03T20:54:28+02:00,,Confirmed,,,,,True,,,True,PRISMA,,https://platform.prisma-capacity.eu/,,Cross-Border Transmission IP within EU,0,False
1Physical Flowhour2022-03-19 18:00:00 +00:002022-03-19 19:00:00 +00:00BE-TSO-0001ITP-00542exitkWh/h,1,Physical Flow,hour,2022-03-19T19:00:00+01:00,2022-03-19T20:00:00+01:00,BE-TSO-0001,21X-BE-A-A0A0A-Y,Fluxys Belgium,ITP-00542,VIP Belgium - NCG,21Z000000000497Z,exit,kWh/h,,,17683248,2022-05-03T20:54:28+02:00,,Confirmed,,,,,True,,,True,PRISMA,,https://platform.prisma-capacity.eu/,,Cross-Border Transmission IP within EU,0,False
1Physical Flowhour2022-03-19 19:00:00 +00:002022-03-19 20:00:00 +00:00BE-TSO-0001ITP-00542exitkWh/h,1,Physical Flow,hour,2022-03-19T20:00:00+01:00,2022-03-19T21:00:00+01:00,BE-TSO-0001,21X-BE-A-A0A0A-Y,Fluxys Belgium,ITP-00542,VIP Belgium - NCG,21Z000000000497Z,exit,kWh/h,,,17686425,2022-05-03T20:54:28+02:00,,Confirmed,,,,,True,,,True,PRISMA,,https://platform.prisma-capacity.eu/,,Cross-Border Transmission IP within EU,0,False
1Physical Flowhour2022-03-19 20:00:00 +00:002022-03-19 21:00:00 +00:00BE-TSO-0001ITP-00542exitkWh/h,1,Physical Flow,hour,2022-03-19T21:00:00+01:00,2022-03-19T22:00:00+01:00,BE-TSO-0001,21X-BE-A-A0A0A-Y,Fluxys Belgium,ITP-00542,VIP Belgium - NCG,21Z000000000497Z,exit,kWh/h,,,17687486,2022-05-03T20:54:28+02:00,,Confirmed,,,,,True,,,True,PRISMA,,https://platform.prisma-capacity.eu/,,Cross-Border Transmission IP within EU,0,False
1Physical Flowhour2022-03-19 21:00:00 +00:002022-03-19 22:00:00 +00:00BE-TSO-0001ITP-00542exitkWh/h,1,Physical Flow,hour,2022-03-19T22:00:00+01:00,2022-03-19T23:00:00+01:00,BE-TSO-0001,21X-BE-A-A0A0A-Y,Fluxys Belgium,ITP-00542,VIP Belgium - NCG,21Z000000000497Z,exit,kWh/h,,,17610641,2022-05-03T20:54:28+02:00,,Confirmed,,,,,True,,,True,PRISMA,,https://platform.prisma-capacity.eu/,,Cross-Border Transmission IP within EU,0,False
1Physical Flowhour2022-03-19 22:00:00 +00:002022-03-19 23:00:00 +00:00BE-TSO-0001ITP-00542exitkWh/h,1,Physical Flow,hour,2022-03-19T23:00:00+01:00,2022-03-20T00:00:00+01:00,BE-TSO-0001,21X-BE-A-A0A0A-Y,Fluxys Belgium,ITP-00542,VIP Belgium - NCG,21Z000000000497Z,exit,kWh/h,,,17620136,2022-05-03T20:54:28+02:00,,Confirmed,,,,,True,,,True,PRISMA,,https://platform.prisma-capacity.eu/,,Cross-Border Transmission IP within EU,0,False
1Physical Flowhour2022-03-19 23:00:00 +00:002022-03-20 00:00:00 +00:00BE-TSO-0001ITP-00542exitkWh/h,1,Physical Flow,hour,2022-03-20T00:00:00+01:00,2022-03-20T01:00:00+01:00,BE-TSO-0001,21X-BE-A-A0A0A-Y,Fluxys Belgium,ITP-00542,VIP Belgium - NCG,21Z000000000497Z,exit,kWh/h,,,17616804,2022-05-03T20:54:28+02:00,,Confirmed,,,,,True,,,True,PRISMA,,https://platform.prisma-capacity.eu/,,Cross-Border Transmission IP within EU,0,False
1Physical Flowhour2022-03-20 00:00:00 +00:002022-03-20 01:00:00 +00:00BE-TSO-0001ITP-00542exitkWh/h,1,Physical Flow,hour,2022-03-20T01:00:00+01:00,2022-03-20T02:00:00+01:00,BE-TSO-0001,21X-BE-A-A0A0A-Y,Fluxys Belgium,ITP-00542,VIP Belgium - NCG,21Z000000000497Z,exit,kWh/h,,,17624576,2022-05-03T20:54:28+02:00,,Confirmed,,,,,True,,,True,PRISMA,,https://platform.prisma-capacity.eu/,,Cross-Border Transmission IP within EU,0,False
1Physical Flowhour2022-03-20 01:00:00 +00:002022-03-20 02:00:00 +00:00BE-TSO-0001ITP-00542exitkWh/h,1,Physical Flow,hour,2022-03-20T02:00:00+01:00,2022-03-20T03:00:00+01:00,BE-TSO-0001,21X-BE-A-A0A0A-Y,Fluxys Belgium,ITP-00542,VIP Belgium - NCG,21Z000000000497Z,exit,kWh/h,,,17296125,2022-05-03T20:54:28+02:00,,Confirmed,,,,,True,,,True,PRISMA,,https://platform.prisma-capacity.eu/,,Cross-Border Transmission IP within EU,0,False
1Physical Flowhour2022-03-20 02:00:00 +00:002022-03-20 03:00:00 +00:00BE-TSO-0001ITP-00542exitkWh/h,1,Physical Flow,hour,2022-03-20T03:00:00+01:00,2022-03-20T04:00:00+01:00,BE-TSO-0001,21X-BE-A-A0A0A-Y,Fluxys Belgium,ITP-00542,VIP Belgium - NCG,21Z000000000497Z,exit,kWh/h,,,17488452,2022-05-03T20:54:28+02:00,,Confirmed,,,,,True,,,True,PRISMA,,https://platform.prisma-capacity.eu/,,Cross-Border Transmission IP within EU,0,False
1Physical Flowhour2022-03-20 03:00:00 +00:002022-03-20 04:00:00 +00:00BE-TSO-0001ITP-00542exitkWh/h,1,Physical Flow,hour,2022-03-20T04:00:00+01:00,2022-03-20T05:00:00+01:00,BE-TSO-0001,21X-BE-A-A0A0A-Y,Fluxys Belgium,ITP-00542,VIP Belgium - NCG,21Z000000000497Z,exit,kWh/h,,,16643207,2022-05-03T20:54:28+02:00,,Confirmed,,,,,True,,,True,PRISMA,,https://platform.prisma-capacity.eu/,,Cross-Border Transmission IP within EU,0,False
1Physical Flowhour2022-03-20 04:00:00 +00:002022-03-20 05:00:00 +00:00BE-TSO-0001ITP-00542exitkWh/h,1,Physical Flow,hour,2022-03-20T05:00:00+01:00,2022-03-20T06:00:00+01:00,BE-TSO-0001,21X-BE-A-A0A0A-Y,Fluxys Belgium,ITP-00542,VIP Belgium - NCG,21Z000000000497Z,exit,kWh/h,,,15644533,2022-05-03T20:54:28+02:00,,Confirmed,,,,,True,,,True,PRISMA,,https://platform.prisma-capacity.eu/,,Cross-Border Transmission IP within EU,0,False
1Physical Flowhour2022-03-20 05:00:00 +00:002022-03-20 06:00:00 +00:00BE-TSO-0001ITP-00542exitkWh/h,1,Physical Flow,hour,2022-03-20T06:00:00+01:00,2022-03-20T07:00:00+01:00,BE-TSO-0001,21X-BE-A-A0A0A-Y,Fluxys Belgium,ITP-00542,VIP Belgium - NCG,21Z000000000497Z,exit,kWh/h,,,16711328,2022-05-03T20:54:28+02:00,,Confirmed,,,,,True,,,True,PRISMA,,https://platform.prisma-capacity.eu/,,Cross-Border Transmission IP within EU,0,False
1Physical Flowhour2022-03-20 06:00:00 +00:002022-03-20 07:00:00 +00:00BE-TSO-0001ITP-00542exitkWh/h,1,Physical Flow,hour,2022-03-20T07:00:00+01:00,2022-03-20T08:00:00+01:00,BE-TSO-0001,21X-BE-A-A0A0A-Y,Fluxys Belgium,ITP-00542,VIP Belgium - NCG,21Z000000000497Z,exit,kWh/h,,,16703056,2022-05-03T20:54:28+02:00,,Confirmed,,,,,True,,,True,PRISMA,,https://platform.prisma-capacity.eu/,,Cross-Border Transmission IP within EU,0,False
1Physical Flowhour2022-03-20 07:00:00 +00:002022-03-20 08:00:00 +00:00BE-TSO-0001ITP-00542exitkWh/h,1,Physical Flow,hour,2022-03-20T08:00:00+01:00,2022-03-20T09:00:00+01:00,BE-TSO-0001,21X-BE-A-A0A0A-Y,Fluxys Belgium,ITP-00542,VIP Belgium - NCG,21Z000000000497Z,exit,kWh/h,,,16881768,2022-05-03T20:54:28+02:00,,Confirmed,,,,,True,,,True,PRISMA,,https://platform.prisma-capacity.eu/,,Cross-Border Transmission IP within EU,0,False
1Physical Flowhour2022-03-20 08:00:00 +00:002022-03-20 09:00:00 +00:00BE-TSO-0001ITP-00542exitkWh/h,1,Physical Flow,hour,2022-03-20T09:00:00+01:00,2022-03-20T10:00:00+01:00,BE-TSO-0001,21X-BE-A-A0A0A-Y,Fluxys Belgium,ITP-00542,VIP Belgium - NCG,21Z000000000497Z,exit,kWh/h,,,16885916,2022-05-03T20:54:28+02:00,,Confirmed,,,,,True,,,True,PRISMA,,https://platform.prisma-capacity.eu/,,Cross-Border Transmission IP within EU,0,False
1Physical Flowhour2022-03-20 09:00:00 +00:002022-03-20 10:00:00 +00:00BE-TSO-0001ITP-00542exitkWh/h,1,Physical Flow,hour,2022-03-20T10:00:00+01:00,2022-03-20T11:00:00+01:00,BE-TSO-0001,21X-BE-A-A0A0A-Y,Fluxys Belgium,ITP-00542,VIP Belgium - NCG,21Z000000000497Z,exit,kWh/h,,,17117497,2022-05-03T20:54:28+02:00,,Confirmed,,,,,True,,,True,PRISMA,,https://platform.prisma-capacity.eu/,,Cross-Border Transmission IP within EU,0,False
1Physical Flowhour2022-03-20 10:00:00 +00:002022-03-20 11:00:00 +00:00BE-TSO-0001ITP-00542exitkWh/h,1,Physical Flow,hour,2022-03-20T11:00:00+01:00,2022-03-20T12:00:00+01:00,BE-TSO-0001,21X-BE-A-A0A0A-Y,Fluxys Belgium,ITP-00542,VIP Belgium - NCG,21Z000000000497Z,exit,kWh/h,,,17115336,2022-05-03T20:54:28+02:00,,Confirmed,,,,,True,,,True,PRISMA,,https://platform.prisma-capacity.eu/,,Cross-Border Transmission IP within EU,0,False
1Physical Flowhour2022-03-20 11:00:00 +00:002022-03-20 12:00:00 +00:00BE-TSO-0001ITP-00542exitkWh/h,1,Physical Flow,hour,2022-03-20T12:00:00+01:00,2022-03-20T13:00:00+01:00,BE-TSO-0001,21X-BE-A-A0A0A-Y,Fluxys Belgium,ITP-00542,VIP Belgium - NCG,21Z000000000497Z,exit,kWh/h,,,17111171,2022-05-03T20:54:28+02:00,,Confirmed,,,,,True,,,True,PRISMA,,https://platform.prisma-capacity.eu/,,Cross-Border Transmission IP within EU,0,False
1Physical Flowhour2022-03-20 12:00:00 +00:002022-03-20 13:00:00 +00:00BE-TSO-0001ITP-00542exitkWh/h,1,Physical Flow,hour,2022-03-20T13:00:00+01:00,2022-03-20T14:00:00+01:00,BE-TSO-0001,21X-BE-A-A0A0A-Y,Fluxys Belgium,ITP-00542,VIP Belgium - NCG,21Z000000000497Z,exit,kWh/h,,,17117399,2022-05-03T20:54:28+02:00,,Confirmed,,,,,True,,,True,PRISMA,,https://platform.prisma-capacity.eu/,,Cross-Border Transmission IP within EU,0,False
1Physical Flowhour2022-03-20 13:00:00 +00:002022-03-20 14:00:00 +00:00BE-TSO-0001ITP-00542exitkWh/h,1,Physical Flow,hour,2022-03-20T14:00:00+01:00,2022-03-20T15:00:00+01:00,BE-TSO-0001,21X-BE-A-A0A0A-Y,Fluxys Belgium,ITP-00542,VIP Belgium - NCG,21Z000000000497Z,exit,kWh/h,,,15341457,2022-05-03T20:54:28+02:00,,Confirmed,,,,,True,,,True,PRISMA,,https://platform.prisma-capacity.eu/,,Cross-Border Transmission IP within EU,0,False
1Physical Flowhour2022-03-20 14:00:00 +00:002022-03-20 15:00:00 +00:00BE-TSO-0001ITP-00542exitkWh/h,1,Physical Flow,hour,2022-03-20T15:00:00+01:00,2022-03-20T16:00:00+01:00,BE-TSO-0001,21X-BE-A-A0A0A-Y,Fluxys Belgium,ITP-00542,VIP Belgium - NCG,21Z000000000497Z,exit,kWh/h,,,15115703,2022-05-03T20:54:28+02:00,,Confirmed,,,,,True,,,True,PRISMA,,https://platform.prisma-capacity.eu/,,Cross-Border Transmission IP within EU,0,False
1Physical Flowhour2022-03-20 15:00:00 +00:002022-03-20 16:00:00 +00:00BE-TSO-0001ITP-00542exitkWh/h,1,Physical Flow,hour,2022-03-20T16:00:00+01:00,2022-03-20T17:00:00+01:00,BE-TSO-0001,21X-BE-A-A0A0A-Y,Fluxys Belgium,ITP-00542,VIP Belgium - NCG,21Z000000000497Z,exit,kWh/h,,,17340961,2022-05-03T20:54:28+02:00,,Confirmed,,,,,True,,,True,PRISMA,,https://platform.prisma-capacity.eu/,,Cross-Border Transmission IP within EU,0,False
1Physical Flowhour2022-03-20 16:00:00 +00:002022-03-20 17:00:00 +00:00BE-TSO-0001ITP-00542exitkWh/h,1,Physical Flow,hour,2022-03-20T17:00:00+01:00,2022-03-20T18:00:00+01:00,BE-TSO-0001,21X-BE-A-A0A0A-Y,Fluxys Belgium,ITP-00542,VIP Belgium - NCG,21Z000000000497Z,exit,kWh/h,,,16036336,2022-05-03T20:54:28+02:00,,Confirmed,,,,,True,,,True,PRISMA,,https://platform.prisma-capacity.eu/,,Cross-Border Transmission IP within EU,0,False
1Physical Flowhour2022-03-20 17:00:00 +00:002022-03-20 18:00:00 +00:00BE-TSO-0001ITP-00542exitkWh/h,1,Physical Flow,hour,2022-03-20T18:00:00+01:00,2022-03-20T19:00:00+01:00,BE-TSO-0001,21X-BE-A-A0A0A-Y,Fluxys Belgium,ITP-00542,VIP Belgium - NCG,21Z000000000497Z,exit,kWh/h,,,16310528,2022-05-03T20:54:28+02:00,,Confirmed,,,,,True,,,True,PRISMA,,https://platform.prisma-capacity.eu/,,Cross-Border Transmission IP within EU,0,False
1Physical Flowhour2022-03-20 18:00:00 +00:002022-03-20 19:00:00 +00:00BE-TSO-0001ITP-00542exitkWh/h,1,Physical Flow,hour,2022-03-20T19:00:00+01:00,2022-03-20T20:00:00+01:00,BE-TSO-0001,21X-BE-A-A0A0A-Y,Fluxys Belgium,ITP-00542,VIP Belgium - NCG,21Z000000000497Z,exit,kWh/h,,,16245130,2022-05-03T20:54:28+02:00,,Confirmed,,,,,True,,,True,PRISMA,,https://platform.prisma-capacity.eu/,,Cross-Border Transmission IP within EU,0,False
1Physical Flowhour2022-03-20 19:00:00 +00:002022-03-20 20:00:00 +00:00BE-TSO-0001ITP-00542exitkWh/h,1,Physical Flow,hour,2022-03-20T20:00:00+01:00,2022-03-20T21:00:00+01:00,BE-TSO-0001,21X-BE-A-A0A0A-Y,Fluxys Belgium,ITP-00542,VIP Belgium - NCG,21Z000000000497Z,exit,kWh/h,,,16489979,2022-05-03T20:54:28+02:00,,Confirmed,,,,,True,,,True,PRISMA,,https://platform.prisma-capacity.eu/,,Cross-Border Transmission IP within EU,0,False
1Physical Flowhour2022-03-20 20:00:00 +00:002022-03-20 21:00:00 +00:00BE-TSO-0001ITP-00542exitkWh/h,1,Physical Flow,hour,2022-03-20T21:00:00+01:00,2022-03-20T22:00:00+01:00,BE-TSO-0001,21X-BE-A-A0A0A-Y,Fluxys Belgium,ITP-00542,VIP Belgium - NCG,21Z000000000497Z,exit,kWh/h,,,16489281,2022-05-03T20:54:28+02:00,,Confirmed,,,,,True,,,True,PRISMA,,https://platform.prisma-capacity.eu/,,Cross-Border Transmission IP within EU,0,False
1Physical Flowhour2022-03-20 21:00:00 +00:002022-03-20 22:00:00 +00:00BE-TSO-0001ITP-00542exitkWh/h,1,Physical Flow,hour,2022-03-20T22:00:00+01:00,2022-03-20T23:00:00+01:00,BE-TSO-0001,21X-BE-A-A0A0A-Y,Fluxys Belgium,ITP-00542,VIP Belgium - NCG,21Z000000000497Z,exit,kWh/h,,,16480903,2022-05-03T20:54:28+02:00,,Confirmed,,,,,True,,,True,PRISMA,,https://platform.prisma-capacity.eu/,,Cross-Border Transmission IP within EU,0,False
1Physical Flowhour2022-03-20 22:00:00 +00:002022-03-20 23:00:00 +00:00BE-TSO-0001ITP-00542exitkWh/h,1,Physical Flow,hour,2022-03-20T23:00:00+01:00,2022-03-21T00:00:00+01:00,BE-TSO-0001,21X-BE-A-A0A0A-Y,Fluxys Belgium,ITP-00542,VIP Belgium - NCG,21Z000000000497Z,exit,kWh/h,,,16495525,2022-05-03T20:54:28+02:00,,Confirmed,,,,,True,,,True,PRISMA,,https://platform.prisma-capacity.eu/,,Cross-Border Transmission IP within EU,0,False
1Physical Flowhour2022-03-20 23:00:00 +00:002022-03-21 00:00:00 +00:00BE-TSO-0001ITP-00542exitkWh/h,1,Physical Flow,hour,2022-03-21T00:00:00+01:00,2022-03-21T01:00:00+01:00,BE-TSO-0001,21X-BE-A-A0A0A-Y,Fluxys Belgium,ITP-00542,VIP Belgium - NCG,21Z000000000497Z,exit,kWh/h,,,16556442,2022-05-03T20:54:28+02:00,,Confirmed,,,,,True,,,True,PRISMA,,https://platform.prisma-capacity.eu/,,Cross-Border Transmission IP within EU,0,False
1Physical Flowhour2022-03-21 00:00:00 +00:002022-03-21 01:00:00 +00:00BE-TSO-0001ITP-00542exitkWh/h,1,Physical Flow,hour,2022-03-21T01:00:00+01:00,2022-03-21T02:00:00+01:00,BE-TSO-0001,21X-BE-A-A0A0A-Y,Fluxys Belgium,ITP-00542,VIP Belgium - NCG,21Z000000000497Z,exit,kWh/h,,,16313268,2022-05-03T20:54:28+02:00,,Confirmed,,,,,True,,,True,PRISMA,,https://platform.prisma-capacity.eu/,,Cross-Border Transmission IP within EU,0,False
1Physical Flowhour2022-03-21 01:00:00 +00:002022-03-21 02:00:00 +00:00BE-TSO-0001ITP-00542exitkWh/h,1,Physical Flow,hour,2022-03-21T02:00:00+01:00,2022-03-21T03:00:00+01:00,BE-TSO-0001,21X-BE-A-A0A0A-Y,Fluxys Belgium,ITP-00542,VIP Belgium - NCG,21Z000000000497Z,exit,kWh/h,,,16317675,2022-05-03T20:54:28+02:00,,Confirmed,,,,,True,,,True,PRISMA,,https://platform.prisma-capacity.eu/,,Cross-Border Transmission IP within EU,0,False
1Physical Flowhour2022-03-21 02:00:00 +00:002022-03-21 03:00:00 +00:00BE-TSO-0001ITP-00542exitkWh/h,1,Physical Flow,hour,2022-03-21T03:00:00+01:00,2022-03-21T04:00:00+01:00,BE-TSO-0001,21X-BE-A-A0A0A-Y,Fluxys Belgium,ITP-00542,VIP Belgium - NCG,21Z000000000497Z,exit,kWh/h,,,16408737,2022-05-03T20:54:28+02:00,,Confirmed,,,,,True,,,True,PRISMA,,https://platform.prisma-capacity.eu/,,Cross-Border Transmission IP within EU,0,False
1Physical Flowhour2022-03-21 03:00:00 +00:002022-03-21 04:00:00 +00:00BE-TSO-0001ITP-00542exitkWh/h,1,Physical Flow,hour,2022-03-21T04:00:00+01:00,2022-03-21T05:00:00+01:00,BE-TSO-0001,21X-BE-A-A0A0A-Y,Fluxys Belgium,ITP-00542,VIP Belgium - NCG,21Z000000000497Z,exit,kWh/h,,,16302949,2022-05-03T20:54:28+02:00,,Confirmed,,,,,True,,,True,PRISMA,,https://platform.prisma-capacity.eu/,,Cross-Border Transmission IP within EU,0,False
1Physical Flowhour2022-03-21 04:00:00 +00:002022-03-21 05:00:00 +00:00BE-TSO-0001ITP-00542exitkWh/h,1,Physical Flow,hour,2022-03-21T05:00:00+01:00,2022-03-21T06:00:00+01:00,BE-TSO-0001,21X-BE-A-A0A0A-Y,Fluxys Belgium,ITP-00542,VIP Belgium - NCG,21Z000000000497Z,exit,kWh/h,,,16316119,2022-05-03T20:54:28+02:00,,Confirmed,,,,,True,,,True,PRISMA,,https://platform.prisma-capacity.eu/,,Cross-Border Transmission IP within EU,0,False
1Physical Flowhour2022-03-21 05:00:00 +00:002022-03-21 06:00:00 +00:00BE-TSO-0001ITP-00542exitkWh/h,1,Physical Flow,hour,2022-03-21T06:00:00+01:00,2022-03-21T07:00:00+01:00,BE-TSO-0001,21X-BE-A-A0A0A-Y,Fluxys Belgium,ITP-00542,VIP Belgium - NCG,21Z000000000497Z,exit,kWh/h,,,13150217,2022-05-03T20:54:28+02:00,,Confirmed,,,,,True,,,True,PRISMA,,https://platform.prisma-capacity.eu/,,Cross-Border Transmission IP within EU,0,False
1Physical Flowhour2022-03-21 06:00:00 +00:002022-03-21 07:00:00 +00:00BE-TSO-0001ITP-00542exitkWh/h,1,Physical Flow,hour,2022-03-21T07:00:00+01:00,2022-03-21T08:00:00+01:00,BE-TSO-0001,21X-BE-A-A0A0A-Y,Fluxys Belgium,ITP-00542,VIP Belgium - NCG,21Z000000000497Z,exit,kWh/h,,,13173195,2022-05-03T20:54:28+02:00,,Confirmed,,,,,True,,,True,PRISMA,,https://platform.prisma-capacity.eu/,,Cross-Border Transmission IP within EU,0,False
1Physical Flowhour2022-03-21 07:00:00 +00:002022-03-21 08:00:00 +00:00BE-TSO-0001ITP-00542exitkWh/h,1,Physical Flow,hour,2022-03-21T08:00:00+01:00,2022-03-21T09:00:00+01:00,BE-TSO-0001,21X-BE-A-A0A0A-Y,Fluxys Belgium,ITP-00542,VIP Belgium - NCG,21Z000000000497Z,exit,kWh/h,,,13162848,2022-05-03T20:54:28+02:00,,Confirmed,,,,,True,,,True,PRISMA,,https://platform.prisma-capacity.eu/,,Cross-Border Transmission IP within EU,0,False
1Physical Flowhour2022-03-21 08:00:00 +00:002022-03-21 09:00:00 +00:00BE-TSO-0001ITP-00542exitkWh/h,1,Physical Flow,hour,2022-03-21T09:00:00+01:00,2022-03-21T10:00:00+01:00,BE-TSO-0001,21X-BE-A-A0A0A-Y,Fluxys Belgium,ITP-00542,VIP Belgium - NCG,21Z000000000497Z,exit,kWh/h,,,13169985,2022-05-03T20:54:28+02:00,,Confirmed,,,,,True,,,True,PRISMA,,https://platform.prisma-capacity.eu/,,Cross-Border Transmission IP within EU,0,False
1Physical Flowhour2022-03-21 09:00:00 +00:002022-03-21 10:00:00 +00:00BE-TSO-0001ITP-00542exitkWh/h,1,Physical Flow,hour,2022-03-21T10:00:00+01:00,2022-03-21T11:00:00+01:00,BE-TSO-0001,21X-BE-A-A0A0A-Y,Fluxys Belgium,ITP-00542,VIP Belgium - NCG,21Z000000000497Z,exit,kWh/h,,,13174148,2022-05-03T20:54:28+02:00,,Confirmed,,,,,True,,,True,PRISMA,,https://platform.prisma-capacity.eu/,,Cross-Border Transmission IP within EU,0,False
1Physical Flowhour2022-03-21 10:00:00 +00:002022-03-21 11:00:00 +00:00BE-TSO-0001ITP-00542exitkWh/h,1,Physical Flow,hour,2022-03-21T11:00:00+01:00,2022-03-21T12:00:00+01:00,BE-TSO-0001,21X-BE-A-A0A0A-Y,Fluxys Belgium,ITP-00542,VIP Belgium - NCG,21Z000000000497Z,exit,kWh/h,,,13170086,2022-05-03T20:54:28+02:00,,Confirmed,,,,,True,,,True,PRISMA,,https://platform.prisma-capacity.eu/,,Cross-Border Transmission IP within EU,0,False
1Physical Flowhour2022-03-21 11:00:00 +00:002022-03-21 12:00:00 +00:00BE-TSO-0001ITP-00542exitkWh/h,1,Physical Flow,hour,2022-03-21T12:00:00+01:00,2022-03-21T13:00:00+01:00,BE-TSO-0001,21X-BE-A-A0A0A-Y,Fluxys Belgium,ITP-00542,VIP Belgium - NCG,21Z000000000497Z,exit,kWh/h,,,13171707,2022-05-03T20:54:28+02:00,,Confirmed,,,,,True,,,True,PRISMA,,https://platform.prisma-capacity.eu/,,Cross-Border Transmission IP within EU,0,False
1Physical Flowhour2022-03-21 12:00:00 +00:002022-03-21 13:00:00 +00:00BE-TSO-0001ITP-00542exitkWh/h,1,Physical Flow,hour,2022-03-21T13:00:00+01:00,2022-03-21T14:00:00+01:00,BE-TSO-0001,21X-BE-A-A0A0A-Y,Fluxys Belgium,ITP-00542,VIP Belgium - NCG,21Z000000000497Z,exit,kWh/h,,,13168352,2022-05-03T20:54:28+02:00,,Confirmed,,,,,True,,,True,PRISMA,,https://platform.prisma-capacity.eu/,,Cross-Border Transmission IP within EU,0,False
1Physical Flowhour2022-03-21 13:00:00 +00:002022-03-21 14:00:00 +00:00BE-TSO-0001ITP-00542exitkWh/h,1,Physical Flow,hour,2022-03-21T14:00:00+01:00,2022-03-21T15:00:00+01:00,BE-TSO-0001,21X-BE-A-A0A0A-Y,Fluxys Belgium,ITP-00542,VIP Belgium - NCG,21Z000000000497Z,exit,kWh/h,,,13269005,2022-05-03T20:54:28+02:00,,Confirmed,,,,,True,,,True,PRISMA,,https://platform.prisma-capacity.eu/,,Cross-Border Transmission IP within EU,0,False
1Physical Flowhour2022-03-21 14:00:00 +00:002022-03-21 15:00:00 +00:00BE-TSO-0001ITP-00542exitkWh/h,1,Physical Flow,hour,2022-03-21T15:00:00+01:00,2022-03-21T16:00:00+01:00,BE-TSO-0001,21X-BE-A-A0A0A-Y,Fluxys Belgium,ITP-00542,VIP Belgium - NCG,21Z000000000497Z,exit,kWh/h,,,13357378,2022-05-03T20:54:28+02:00,,Confirmed,,,,,True,,,True,PRISMA,,https://platform.prisma-capacity.eu/,,Cross-Border Transmission IP within EU,0,False
1Physical Flowhour2022-03-21 15:00:00 +00:002022-03-21 16:00:00 +00:00BE-TSO-0001ITP-00542exitkWh/h,1,Physical Flow,hour,2022-03-21T16:00:00+01:00,2022-03-21T17:00:00+01:00,BE-TSO-0001,21X-BE-A-A0A0A-Y,Fluxys Belgium,ITP-00542,VIP Belgium - NCG,21Z000000000497Z,exit,kWh/h,,,13456807,2022-05-03T20:54:28+02:00,,Confirmed,,,,,True,,,True,PRISMA,,https://platform.prisma-capacity.eu/,,Cross-Border Transmission IP within EU,0,False
1Physical Flowhour2022-03-21 16:00:00 +00:002022-03-21 17:00:00 +00:00BE-TSO-0001ITP-00542exitkWh/h,1,Physical Flow,hour,2022-03-21T17:00:00+01:00,2022-03-21T18:00:00+01:00,BE-TSO-0001,21X-BE-A-A0A0A-Y,Fluxys Belgium,ITP-00542,VIP Belgium - NCG,21Z000000000497Z,exit,kWh/h,,,13512979,2022-05-03T20:54:28+02:00,,Confirmed,,,,,True,,,True,PRISMA,,https://platform.prisma-capacity.eu/,,Cross-Border Transmission IP within EU,0,False
1Physical Flowhour2022-03-21 17:00:00 +00:002022-03-21 18:00:00 +00:00BE-TSO-0001ITP-00542exitkWh/h,1,Physical Flow,hour,2022-03-21T18:00:00+01:00,2022-03-21T19:00:00+01:00,BE-TSO-0001,21X-BE-A-A0A0A-Y,Fluxys Belgium,ITP-00542,VIP Belgium - NCG,21Z000000000497Z,exit,kWh/h,,,13511506,2022-05-03T20:54:28+02:00,,Confirmed,,,,,True,,,True,PRISMA,,https://platform.prisma-capacity.eu/,,Cross-Border Transmission IP within EU,0,False
1Physical Flowhour2022-03-21 18:00:00 +00:002022-03-21 19:00:00 +00:00BE-TSO-0001ITP-00542exitkWh/h,1,Physical Flow,hour,2022-03-21T19:00:00+01:00,2022-03-21T20:00:00+01:00,BE-TSO-0001,21X-BE-A-A0A0A-Y,Fluxys Belgium,ITP-00542,VIP Belgium - NCG,21Z000000000497Z,exit,kWh/h,,,13766343,2022-05-03T20:54:28+02:00,,Confirmed,,,,,True,,,True,PRISMA,,https://platform.prisma-capacity.eu/,,Cross-Border Transmission IP within EU,0,False
1Physical Flowhour2022-03-21 19:00:00 +00:002022-03-21 20:00:00 +00:00BE-TSO-0001ITP-00542exitkWh/h,1,Physical Flow,hour,2022-03-21T20:00:00+01:00,2022-03-21T21:00:00+01:00,BE-TSO-0001,21X-BE-A-A0A0A-Y,Fluxys Belgium,ITP-00542,VIP Belgium - NCG,21Z000000000497Z,exit,kWh/h,,,14579102,2022-05-03T20:54:28+02:00,,Confirmed,,,,,True,,,True,PRISMA,,https://platform.prisma-capacity.eu/,,Cross-Border Transmission IP within EU,0,False
1Physical Flowhour2022-03-21 20:00:00 +00:002022-03-21 21:00:00 +00:00BE-TSO-0001ITP-00542exitkWh/h,1,Physical Flow,hour,2022-03-21T21:00:00+01:00,2022-03-21T22:00:00+01:00,BE-TSO-0001,21X-BE-A-A0A0A-Y,Fluxys Belgium,ITP-00542,VIP Belgium - NCG,21Z000000000497Z,exit,kWh/h,,,14575056,2022-05-03T20:54:28+02:00,,Confirmed,,,,,True,,,True,PRISMA,,https://platform.prisma-capacity.eu/,,Cross-Border Transmission IP within EU,0,False
1Physical Flowhour2022-03-21 21:00:00 +00:002022-03-21 22:00:00 +00:00BE-TSO-0001ITP-00542exitkWh/h,1,Physical Flow,hour,2022-03-21T22:00:00+01:00,2022-03-21T23:00:00+01:00,BE-TSO-0001,21X-BE-A-A0A0A-Y,Fluxys Belgium,ITP-00542,VIP Belgium - NCG,21Z000000000497Z,exit,kWh/h,,,14575299,2022-05-03T20:54:28+02:00,,Confirmed,,,,,True,,,True,PRISMA,,https://platform.prisma-capacity.eu/,,Cross-Border Transmission IP within EU,0,False
1Physical Flowhour2022-03-21 22:00:00 +00:002022-03-21 23:00:00 +00:00BE-TSO-0001ITP-00542exitkWh/h,1,Physical Flow,hour,2022-03-21T23:00:00+01:00,2022-03-22T00:00:00+01:00,BE-TSO-0001,21X-BE-A-A0A0A-Y,Fluxys Belgium,ITP-00542,VIP Belgium - NCG,21Z000000000497Z,exit,kWh/h,,,14575380,2022-05-03T20:54:28+02:00,,Confirmed,,,,,True,,,True,PRISMA,,https://platform.prisma-capacity.eu/,,Cross-Border Transmission IP within EU,0,False
1Physical Flowhour2022-03-21 23:00:00 +00:002022-03-22 00:00:00 +00:00BE-TSO-0001ITP-00542exitkWh/h,1,Physical Flow,hour,2022-03-22T00:00:00+01:00,2022-03-22T01:00:00+01:00,BE-TSO-0001,21X-BE-A-A0A0A-Y,Fluxys Belgium,ITP-00542,VIP Belgium - NCG,21Z000000000497Z,exit,kWh/h,,,13346943,2022-05-03T20:54:28+02:00,,Confirmed,,,,,True,,,True,PRISMA,,https://platform.prisma-capacity.eu/,,Cross-Border Transmission IP within EU,0,False
1Physical Flowhour2022-03-22 00:00:00 +00:002022-03-22 01:00:00 +00:00BE-TSO-0001ITP-00542exitkWh/h,1,Physical Flow,hour,2022-03-22T01:00:00+01:00,2022-03-22T02:00:00+01:00,BE-TSO-0001,21X-BE-A-A0A0A-Y,Fluxys Belgium,ITP-00542,VIP Belgium - NCG,21Z000000000497Z,exit,kWh/h,,,13528004,2022-05-03T20:54:28+02:00,,Confirmed,,,,,True,,,True,PRISMA,,https://platform.prisma-capacity.eu/,,Cross-Border Transmission IP within EU,0,False
1Physical Flowhour2022-03-22 01:00:00 +00:002022-03-22 02:00:00 +00:00BE-TSO-0001ITP-00542exitkWh/h,1,Physical Flow,hour,2022-03-22T02:00:00+01:00,2022-03-22T03:00:00+01:00,BE-TSO-0001,21X-BE-A-A0A0A-Y,Fluxys Belgium,ITP-00542,VIP Belgium - NCG,21Z000000000497Z,exit,kWh/h,,,13529337,2022-05-03T20:54:28+02:00,,Confirmed,,,,,True,,,True,PRISMA,,https://platform.prisma-capacity.eu/,,Cross-Border Transmission IP within EU,0,False
1Physical Flowhour2022-03-22 02:00:00 +00:002022-03-22 03:00:00 +00:00BE-TSO-0001ITP-00542exitkWh/h,1,Physical Flow,hour,2022-03-22T03:00:00+01:00,2022-03-22T04:00:00+01:00,BE-TSO-0001,21X-BE-A-A0A0A-Y,Fluxys Belgium,ITP-00542,VIP Belgium - NCG,21Z000000000497Z,exit,kWh/h,,,13522211,2022-05-03T20:54:28+02:00,,Confirmed,,,,,True,,,True,PRISMA,,https://platform.prisma-capacity.eu/,,Cross-Border Transmission IP within EU,0,False
1Physical Flowhour2022-03-22 03:00:00 +00:002022-03-22 04:00:00 +00:00BE-TSO-0001ITP-00542exitkWh/h,1,Physical Flow,hour,2022-03-22T04:00:00+01:00,2022-03-22T05:00:00+01:00,BE-TSO-0001,21X-BE-A-A0A0A-Y,Fluxys Belgium,ITP-00542,VIP Belgium - NCG,21Z000000000497Z,exit,kWh/h,,,13689844,2022-05-03T20:54:28+02:00,,Confirmed,,,,,True,,,True,PRISMA,,https://platform.prisma-capacity.eu/,,Cross-Border Transmission IP within EU,0,False
1Physical Flowhour2022-03-22 04:00:00 +00:002022-03-22 05:00:00 +00:00BE-TSO-0001ITP-00542exitkWh/h,1,Physical Flow,hour,2022-03-22T05:00:00+01:00,2022-03-22T06:00:00+01:00,BE-TSO-0001,21X-BE-A-A0A0A-Y,Fluxys Belgium,ITP-00542,VIP Belgium - NCG,21Z000000000497Z,exit,kWh/h,,,13213690,2022-05-03T20:54:28+02:00,,Confirmed,,,,,True,,,True,PRISMA,,https://platform.prisma-capacity.eu/,,Cross-Border Transmission IP within EU,0,False
1Physical Flowhour2022-03-22 05:00:00 +00:002022-03-22 06:00:00 +00:00BE-TSO-0001ITP-00542exitkWh/h,1,Physical Flow,hour,2022-03-22T06:00:00+01:00,2022-03-22T07:00:00+01:00,BE-TSO-0001,21X-BE-A-A0A0A-Y,Fluxys Belgium,ITP-00542,VIP Belgium - NCG,21Z000000000497Z,exit,kWh/h,,,15008590,2022-05-03T20:54:28+02:00,,Confirmed,,,,,True,,,True,PRISMA,,https://platform.prisma-capacity.eu/,,Cross-Border Transmission IP within EU,0,False
1Physical Flowhour2022-03-22 06:00:00 +00:002022-03-22 07:00:00 +00:00BE-TSO-0001ITP-00542exitkWh/h,1,Physical Flow,hour,2022-03-22T07:00:00+01:00,2022-03-22T08:00:00+01:00,BE-TSO-0001,21X-BE-A-A0A0A-Y,Fluxys Belgium,ITP-00542,VIP Belgium - NCG,21Z000000000497Z,exit,kWh/h,,,16220326,2022-05-03T20:54:28+02:00,,Confirmed,,,,,True,,,True,PRISMA,,https://platform.prisma-capacity.eu/,,Cross-Border Transmission IP within EU,0,False
1Physical Flowhour2022-03-22 07:00:00 +00:002022-03-22 08:00:00 +00:00BE-TSO-0001ITP-00542exitkWh/h,1,Physical Flow,hour,2022-03-22T08:00:00+01:00,2022-03-22T09:00:00+01:00,BE-TSO-0001,21X-BE-A-A0A0A-Y,Fluxys Belgium,ITP-00542,VIP Belgium - NCG,21Z000000000497Z,exit,kWh/h,,,16215186,2022-05-03T20:54:28+02:00,,Confirmed,,,,,True,,,True,PRISMA,,https://platform.prisma-capacity.eu/,,Cross-Border Transmission IP within EU,0,False
1Physical Flowhour2022-03-22 08:00:00 +00:002022-03-22 09:00:00 +00:00BE-TSO-0001ITP-00542exitkWh/h,1,Physical Flow,hour,2022-03-22T09:00:00+01:00,2022-03-22T10:00:00+01:00,BE-TSO-0001,21X-BE-A-A0A0A-Y,Fluxys Belgium,ITP-00542,VIP Belgium - NCG,21Z000000000497Z,exit,kWh/h,,,15417308,2022-05-03T20:54:28+02:00,,Confirmed,,,,,True,,,True,PRISMA,,https://platform.prisma-capacity.eu/,,Cross-Border Transmission IP within EU,0,False
1Physical Flowhour2022-03-22 09:00:00 +00:002022-03-22 10:00:00 +00:00BE-TSO-0001ITP-00542exitkWh/h,1,Physical Flow,hour,2022-03-22T10:00:00+01:00,2022-03-22T11:00:00+01:00,BE-TSO-0001,21X-BE-A-A0A0A-Y,Fluxys Belgium,ITP-00542,VIP Belgium - NCG,21Z000000000497Z,exit,kWh/h,,,16221939,2022-05-03T20:54:28+02:00,,Confirmed,,,,,True,,,True,PRISMA,,https://platform.prisma-capacity.eu/,,Cross-Border Transmission IP within EU,0,False
1Physical Flowhour2022-03-22 10:00:00 +00:002022-03-22 11:00:00 +00:00BE-TSO-0001ITP-00542exitkWh/h,1,Physical Flow,hour,2022-03-22T11:00:00+01:00,2022-03-22T12:00:00+01:00,BE-TSO-0001,21X-BE-A-A0A0A-Y,Fluxys Belgium,ITP-00542,VIP Belgium - NCG,21Z000000000497Z,exit,kWh/h,,,16216807,2022-05-03T20:54:28+02:00,,Confirmed,,,,,True,,,True,PRISMA,,https://platform.prisma-capacity.eu/,,Cross-Border Transmission IP within EU,0,False
1Physical Flowhour2022-03-22 11:00:00 +00:002022-03-22 12:00:00 +00:00BE-TSO-0001ITP-00542exitkWh/h,1,Physical Flow,hour,2022-03-22T12:00:00+01:00,2022-03-22T13:00:00+01:00,BE-TSO-0001,21X-BE-A-A0A0A-Y,Fluxys Belgium,ITP-00542,VIP Belgium - NCG,21Z000000000497Z,exit,kWh/h,,,16222293,2022-05-03T20:54:28+02:00,,Confirmed,,,,,True,,,True,PRISMA,,https://platform.prisma-capacity.eu/,,Cross-Border Transmission IP within EU,0,False
1Physical Flowhour2022-03-22 12:00:00 +00:002022-03-22 13:00:00 +00:00BE-TSO-0001ITP-00542exitkWh/h,1,Physical Flow,hour,2022-03-22T13:00:00+01:00,2022-03-22T14:00:00+01:00,BE-TSO-0001,21X-BE-A-A0A0A-Y,Fluxys Belgium,ITP-00542,VIP Belgium - NCG,21Z000000000497Z,exit,kWh/h,,,16217052,2022-05-03T20:54:28+02:00,,Confirmed,,,,,True,,,True,PRISMA,,https://platform.prisma-capacity.eu/,,Cross-Border Transmission IP within EU,0,False
1Physical Flowhour2022-03-22 13:00:00 +00:002022-03-22 14:00:00 +00:00BE-TSO-0001ITP-00542exitkWh/h,1,Physical Flow,hour,2022-03-22T14:00:00+01:00,2022-03-22T15:00:00+01:00,BE-TSO-0001,21X-BE-A-A0A0A-Y,Fluxys Belgium,ITP-00542,VIP Belgium - NCG,21Z000000000497Z,exit,kWh/h,,,16223558,2022-05-03T20:54:28+02:00,,Confirmed,,,,,True,,,True,PRISMA,,https://platform.prisma-capacity.eu/,,Cross-Border Transmission IP within EU,0,False
1Physical Flowhour2022-03-22 14:00:00 +00:002022-03-22 15:00:00 +00:00BE-TSO-0001ITP-00542exitkWh/h,1,Physical Flow,hour,2022-03-22T15:00:00+01:00,2022-03-22T16:00:00+01:00,BE-TSO-0001,21X-BE-A-A0A0A-Y,Fluxys Belgium,ITP-00542,VIP Belgium - NCG,21Z000000000497Z,exit,kWh/h,,,16341008,2022-05-03T20:54:28+02:00,,Confirmed,,,,,True,,,True,PRISMA,,https://platform.prisma-capacity.eu/,,Cross-Border Transmission IP within EU,0,False
1Physical Flowhour2022-03-22 15:00:00 +00:002022-03-22 16:00:00 +00:00BE-TSO-0001ITP-00542exitkWh/h,1,Physical Flow,hour,2022-03-22T16:00:00+01:00,2022-03-22T17:00:00+01:00,BE-TSO-0001,21X-BE-A-A0A0A-Y,Fluxys Belgium,ITP-00542,VIP Belgium - NCG,21Z000000000497Z,exit,kWh/h,,,16386003,2022-05-03T20:54:28+02:00,,Confirmed,,,,,True,,,True,PRISMA,,https://platform.prisma-capacity.eu/,,Cross-Border Transmission IP within EU,0,False
1Physical Flowhour2022-03-22 16:00:00 +00:002022-03-22 17:00:00 +00:00BE-TSO-0001ITP-00542exitkWh/h,1,Physical Flow,hour,2022-03-22T17:00:00+01:00,2022-03-22T18:00:00+01:00,BE-TSO-0001,21X-BE-A-A0A0A-Y,Fluxys Belgium,ITP-00542,VIP Belgium - NCG,21Z000000000497Z,exit,kWh/h,,,16383034,2022-05-03T20:54:28+02:00,,Confirmed,,,,,True,,,True,PRISMA,,https://platform.prisma-capacity.eu/,,Cross-Border Transmission IP within EU,0,False
1Physical Flowhour2022-03-22 17:00:00 +00:002022-03-22 18:00:00 +00:00BE-TSO-0001ITP-00542exitkWh/h,1,Physical Flow,hour,2022-03-22T18:00:00+01:00,2022-03-22T19:00:00+01:00,BE-TSO-0001,21X-BE-A-A0A0A-Y,Fluxys Belgium,ITP-00542,VIP Belgium - NCG,21Z000000000497Z,exit,kWh/h,,,16387612,2022-05-03T20:54:28+02:00,,Confirmed,,,,,True,,,True,PRISMA,,https://platform.prisma-capacity.eu/,,Cross-Border Transmission IP within EU,0,False
1Physical Flowhour2022-03-22 18:00:00 +00:002022-03-22 19:00:00 +00:00BE-TSO-0001ITP-00542exitkWh/h,1,Physical Flow,hour,2022-03-22T19:00:00+01:00,2022-03-22T20:00:00+01:00,BE-TSO-0001,21X-BE-A-A0A0A-Y,Fluxys Belgium,ITP-00542,VIP Belgium - NCG,21Z000000000497Z,exit,kWh/h,,,16432143,2022-05-03T20:54:28+02:00,,Confirmed,,,,,True,,,True,PRISMA,,https://platform.prisma-capacity.eu/,,Cross-Border Transmission IP within EU,0,False
1Physical Flowhour2022-03-22 19:00:00 +00:002022-03-22 20:00:00 +00:00BE-TSO-0001ITP-00542exitkWh/h,1,Physical Flow,hour,2022-03-22T20:00:00+01:00,2022-03-22T21:00:00+01:00,BE-TSO-0001,21X-BE-A-A0A0A-Y,Fluxys Belgium,ITP-00542,VIP Belgium - NCG,21Z000000000497Z,exit,kWh/h,,,16432145,2022-05-03T20:54:28+02:00,,Confirmed,,,,,True,,,True,PRISMA,,https://platform.prisma-capacity.eu/,,Cross-Border Transmission IP within EU,0,False
1Physical Flowhour2022-03-22 20:00:00 +00:002022-03-22 21:00:00 +00:00BE-TSO-0001ITP-00542exitkWh/h,1,Physical Flow,hour,2022-03-22T21:00:00+01:00,2022-03-22T22:00:00+01:00,BE-TSO-0001,21X-BE-A-A0A0A-Y,Fluxys Belgium,ITP-00542,VIP Belgium - NCG,21Z000000000497Z,exit,kWh/h,,,16435029,2022-05-03T20:54:28+02:00,,Confirmed,,,,,True,,,True,PRISMA,,https://platform.prisma-capacity.eu/,,Cross-Border Transmission IP within EU,0,False
1Physical Flowhour2022-03-22 21:00:00 +00:002022-03-22 22:00:00 +00:00BE-TSO-0001ITP-00542exitkWh/h,1,Physical Flow,hour,2022-03-22T22:00:00+01:00,2022-03-22T23:00:00+01:00,BE-TSO-0001,21X-BE-A-A0A0A-Y,Fluxys Belgium,ITP-00542,VIP Belgium - NCG,21Z000000000497Z,exit,kWh/h,,,16377641,2022-05-03T20:54:28+02:00,,Confirmed,,,,,True,,,True,PRISMA,,https://platform.prisma-capacity.eu/,,Cross-Border Transmission IP within EU,0,False
1Physical Flowhour2022-03-22 22:00:00 +00:002022-03-22 23:00:00 +00:00BE-TSO-0001ITP-00542exitkWh/h,1,Physical Flow,hour,2022-03-22T23:00:00+01:00,2022-03-23T00:00:00+01:00,BE-TSO-0001,21X-BE-A-A0A0A-Y,Fluxys Belgium,ITP-00542,VIP Belgium - NCG,21Z000000000497Z,exit,kWh/h,,,17382507,2022-05-03T20:54:28+02:00,,Confirmed,,,,,True,,,True,PRISMA,,https://platform.prisma-capacity.eu/,,Cross-Border Transmission IP within EU,0,False
1Physical Flowhour2022-03-22 23:00:00 +00:002022-03-23 00:00:00 +00:00BE-TSO-0001ITP-00542exitkWh/h,1,Physical Flow,hour,2022-03-23T00:00:00+01:00,2022-03-23T01:00:00+01:00,BE-TSO-0001,21X-BE-A-A0A0A-Y,Fluxys Belgium,ITP-00542,VIP Belgium - NCG,21Z000000000497Z,exit,kWh/h,,,17379750,2022-05-03T20:54:28+02:00,,Confirmed,,,,,True,,,True,PRISMA,,https://platform.prisma-capacity.eu/,,Cross-Border Transmission IP within EU,0,False
1Physical Flowhour2022-03-23 00:00:00 +00:002022-03-23 01:00:00 +00:00BE-TSO-0001ITP-00542exitkWh/h,1,Physical Flow,hour,2022-03-23T01:00:00+01:00,2022-03-23T02:00:00+01:00,BE-TSO-0001,21X-BE-A-A0A0A-Y,Fluxys Belgium,ITP-00542,VIP Belgium - NCG,21Z000000000497Z,exit,kWh/h,,,17177638,2022-05-03T20:54:28+02:00,,Confirmed,,,,,True,,,True,PRISMA,,https://platform.prisma-capacity.eu/,,Cross-Border Transmission IP within EU,0,False
1Physical Flowhour2022-03-23 01:00:00 +00:002022-03-23 02:00:00 +00:00BE-TSO-0001ITP-00542exitkWh/h,1,Physical Flow,hour,2022-03-23T02:00:00+01:00,2022-03-23T03:00:00+01:00,BE-TSO-0001,21X-BE-A-A0A0A-Y,Fluxys Belgium,ITP-00542,VIP Belgium - NCG,21Z000000000497Z,exit,kWh/h,,,16598393,2022-05-03T20:54:28+02:00,,Confirmed,,,,,True,,,True,PRISMA,,https://platform.prisma-capacity.eu/,,Cross-Border Transmission IP within EU,0,False
1Physical Flowhour2022-03-23 02:00:00 +00:002022-03-23 03:00:00 +00:00BE-TSO-0001ITP-00542exitkWh/h,1,Physical Flow,hour,2022-03-23T03:00:00+01:00,2022-03-23T04:00:00+01:00,BE-TSO-0001,21X-BE-A-A0A0A-Y,Fluxys Belgium,ITP-00542,VIP Belgium - NCG,21Z000000000497Z,exit,kWh/h,,,16760542,2022-05-03T20:54:28+02:00,,Confirmed,,,,,True,,,True,PRISMA,,https://platform.prisma-capacity.eu/,,Cross-Border Transmission IP within EU,0,False
1Physical Flowhour2022-03-23 03:00:00 +00:002022-03-23 04:00:00 +00:00BE-TSO-0001ITP-00542exitkWh/h,1,Physical Flow,hour,2022-03-23T04:00:00+01:00,2022-03-23T05:00:00+01:00,BE-TSO-0001,21X-BE-A-A0A0A-Y,Fluxys Belgium,ITP-00542,VIP Belgium - NCG,21Z000000000497Z,exit,kWh/h,,,17001303,2022-05-03T20:54:28+02:00,,Confirmed,,,,,True,,,True,PRISMA,,https://platform.prisma-capacity.eu/,,Cross-Border Transmission IP within EU,0,False
1Physical Flowhour2022-03-23 04:00:00 +00:002022-03-23 05:00:00 +00:00BE-TSO-0001ITP-00542exitkWh/h,1,Physical Flow,hour,2022-03-23T05:00:00+01:00,2022-03-23T06:00:00+01:00,BE-TSO-0001,21X-BE-A-A0A0A-Y,Fluxys Belgium,ITP-00542,VIP Belgium - NCG,21Z000000000497Z,exit,kWh/h,,,16795119,2022-05-03T20:54:28+02:00,,Confirmed,,,,,True,,,True,PRISMA,,https://platform.prisma-capacity.eu/,,Cross-Border Transmission IP within EU,0,False
1Physical Flowhour2022-03-23 05:00:00 +00:002022-03-23 06:00:00 +00:00BE-TSO-0001ITP-00542exitkWh/h,1,Physical Flow,hour,2022-03-23T06:00:00+01:00,2022-03-23T07:00:00+01:00,BE-TSO-0001,21X-BE-A-A0A0A-Y,Fluxys Belgium,ITP-00542,VIP Belgium - NCG,21Z000000000497Z,exit,kWh/h,,,12643899,2022-05-03T20:54:28+02:00,,Confirmed,,,,,True,,,True,PRISMA,,https://platform.prisma-capacity.eu/,,Cross-Border Transmission IP within EU,0,False
1Physical Flowhour2022-03-23 06:00:00 +00:002022-03-23 07:00:00 +00:00BE-TSO-0001ITP-00542exitkWh/h,1,Physical Flow,hour,2022-03-23T07:00:00+01:00,2022-03-23T08:00:00+01:00,BE-TSO-0001,21X-BE-A-A0A0A-Y,Fluxys Belgium,ITP-00542,VIP Belgium - NCG,21Z000000000497Z,exit,kWh/h,,,12002661,2022-05-03T20:54:28+02:00,,Confirmed,,,,,True,,,True,PRISMA,,https://platform.prisma-capacity.eu/,,Cross-Border Transmission IP within EU,0,False
1Physical Flowhour2022-03-23 07:00:00 +00:002022-03-23 08:00:00 +00:00BE-TSO-0001ITP-00542exitkWh/h,1,Physical Flow,hour,2022-03-23T08:00:00+01:00,2022-03-23T09:00:00+01:00,BE-TSO-0001,21X-BE-A-A0A0A-Y,Fluxys Belgium,ITP-00542,VIP Belgium - NCG,21Z000000000497Z,exit,kWh/h,,,12002877,2022-05-03T20:54:28+02:00,,Confirmed,,,,,True,,,True,PRISMA,,https://platform.prisma-capacity.eu/,,Cross-Border Transmission IP within EU,0,False
1Physical Flowhour2022-03-23 08:00:00 +00:002022-03-23 09:00:00 +00:00BE-TSO-0001ITP-00542exitkWh/h,1,Physical Flow,hour,2022-03-23T09:00:00+01:00,2022-03-23T10:00:00+01:00,BE-TSO-0001,21X-BE-A-A0A0A-Y,Fluxys Belgium,ITP-00542,VIP Belgium - NCG,21Z000000000497Z,exit,kWh/h,,,12000973,2022-05-03T20:54:28+02:00,,Confirmed,,,,,True,,,True,PRISMA,,https://platform.prisma-capacity.eu/,,Cross-Border Transmission IP within EU,0,False
1Physical Flowhour2022-03-23 09:00:00 +00:002022-03-23 10:00:00 +00:00BE-TSO-0001ITP-00542exitkWh/h,1,Physical Flow,hour,2022-03-23T10:00:00+01:00,2022-03-23T11:00:00+01:00,BE-TSO-0001,21X-BE-A-A0A0A-Y,Fluxys Belgium,ITP-00542,VIP Belgium - NCG,21Z000000000497Z,exit,kWh/h,,,12003424,2022-05-03T20:54:28+02:00,,Confirmed,,,,,True,,,True,PRISMA,,https://platform.prisma-capacity.eu/,,Cross-Border Transmission IP within EU,0,False
1Physical Flowhour2022-03-23 10:00:00 +00:002022-03-23 11:00:00 +00:00BE-TSO-0001ITP-00542exitkWh/h,1,Physical Flow,hour,2022-03-23T11:00:00+01:00,2022-03-23T12:00:00+01:00,BE-TSO-0001,21X-BE-A-A0A0A-Y,Fluxys Belgium,ITP-00542,VIP Belgium - NCG,21Z000000000497Z,exit,kWh/h,,,12803505,2022-05-03T20:54:28+02:00,,Confirmed,,,,,True,,,True,PRISMA,,https://platform.prisma-capacity.eu/,,Cross-Border Transmission IP within EU,0,False
1Physical Flowhour2022-03-23 11:00:00 +00:002022-03-23 12:00:00 +00:00BE-TSO-0001ITP-00542exitkWh/h,1,Physical Flow,hour,2022-03-23T12:00:00+01:00,2022-03-23T13:00:00+01:00,BE-TSO-0001,21X-BE-A-A0A0A-Y,Fluxys Belgium,ITP-00542,VIP Belgium - NCG,21Z000000000497Z,exit,kWh/h,,,12801761,2022-05-03T20:54:28+02:00,,Confirmed,,,,,True,,,True,PRISMA,,https://platform.prisma-capacity.eu/,,Cross-Border Transmission IP within EU,0,False
1Physical Flowhour2022-03-23 12:00:00 +00:002022-03-23 13:00:00 +00:00BE-TSO-0001ITP-00542exitkWh/h,1,Physical Flow,hour,2022-03-23T13:00:00+01:00,2022-03-23T14:00:00+01:00,BE-TSO-0001,21X-BE-A-A0A0A-Y,Fluxys Belgium,ITP-00542,VIP Belgium - NCG,21Z000000000497Z,exit,kWh/h,,,12802654,2022-05-03T20:54:28+02:00,,Confirmed,,,,,True,,,True,PRISMA,,https://platform.prisma-capacity.eu/,,Cross-Border Transmission IP within EU,0,False
1Physical Flowhour2022-03-23 13:00:00 +00:002022-03-23 14:00:00 +00:00BE-TSO-0001ITP-00542exitkWh/h,1,Physical Flow,hour,2022-03-23T14:00:00+01:00,2022-03-23T15:00:00+01:00,BE-TSO-0001,21X-BE-A-A0A0A-Y,Fluxys Belgium,ITP-00542,VIP Belgium - NCG,21Z000000000497Z,exit,kWh/h,,,12725835,2022-05-03T20:54:28+02:00,,Confirmed,,,,,True,,,True,PRISMA,,https://platform.prisma-capacity.eu/,,Cross-Border Transmission IP within EU,0,False
1Physical Flowhour2022-03-23 14:00:00 +00:002022-03-23 15:00:00 +00:00BE-TSO-0001ITP-00542exitkWh/h,1,Physical Flow,hour,2022-03-23T15:00:00+01:00,2022-03-23T16:00:00+01:00,BE-TSO-0001,21X-BE-A-A0A0A-Y,Fluxys Belgium,ITP-00542,VIP Belgium - NCG,21Z000000000497Z,exit,kWh/h,,,12796146,2022-05-03T20:54:28+02:00,,Confirmed,,,,,True,,,True,PRISMA,,https://platform.prisma-capacity.eu/,,Cross-Border Transmission IP within EU,0,False
1Physical Flowhour2022-03-23 15:00:00 +00:002022-03-23 16:00:00 +00:00BE-TSO-0001ITP-00542exitkWh/h,1,Physical Flow,hour,2022-03-23T16:00:00+01:00,2022-03-23T17:00:00+01:00,BE-TSO-0001,21X-BE-A-A0A0A-Y,Fluxys Belgium,ITP-00542,VIP Belgium - NCG,21Z000000000497Z,exit,kWh/h,,,12805649,2022-05-03T20:54:28+02:00,,Confirmed,,,,,True,,,True,PRISMA,,https://platform.prisma-capacity.eu/,,Cross-Border Transmission IP within EU,0,False
1Physical Flowhour2022-03-23 16:00:00 +00:002022-03-23 17:00:00 +00:00BE-TSO-0001ITP-00542exitkWh/h,1,Physical Flow,hour,2022-03-23T17:00:00+01:00,2022-03-23T18:00:00+01:00,BE-TSO-0001,21X-BE-A-A0A0A-Y,Fluxys Belgium,ITP-00542,VIP Belgium - NCG,21Z000000000497Z,exit,kWh/h,,,12875031,2022-05-03T20:54:28+02:00,,Confirmed,,,,,True,,,True,PRISMA,,https://platform.prisma-capacity.eu/,,Cross-Border Transmission IP within EU,0,False
1Physical Flowhour2022-03-23 17:00:00 +00:002022-03-23 18:00:00 +00:00BE-TSO-0001ITP-00542exitkWh/h,1,Physical Flow,hour,2022-03-23T18:00:00+01:00,2022-03-23T19:00:00+01:00,BE-TSO-0001,21X-BE-A-A0A0A-Y,Fluxys Belgium,ITP-00542,VIP Belgium - NCG,21Z000000000497Z,exit,kWh/h,,,13296071,2022-05-03T20:54:28+02:00,,Confirmed,,,,,True,,,True,PRISMA,,https://platform.prisma-capacity.eu/,,Cross-Border Transmission IP within EU,0,False
1Physical Flowhour2022-03-23 18:00:00 +00:002022-03-23 19:00:00 +00:00BE-TSO-0001ITP-00542exitkWh/h,1,Physical Flow,hour,2022-03-23T19:00:00+01:00,2022-03-23T20:00:00+01:00,BE-TSO-0001,21X-BE-A-A0A0A-Y,Fluxys Belgium,ITP-00542,VIP Belgium - NCG,21Z000000000497Z,exit,kWh/h,,,12735314,2022-05-03T20:54:28+02:00,,Confirmed,,,,,True,,,True,PRISMA,,https://platform.prisma-capacity.eu/,,Cross-Border Transmission IP within EU,0,False
1Physical Flowhour2022-03-23 19:00:00 +00:002022-03-23 20:00:00 +00:00BE-TSO-0001ITP-00542exitkWh/h,1,Physical Flow,hour,2022-03-23T20:00:00+01:00,2022-03-23T21:00:00+01:00,BE-TSO-0001,21X-BE-A-A0A0A-Y,Fluxys Belgium,ITP-00542,VIP Belgium - NCG,21Z000000000497Z,exit,kWh/h,,,12831672,2022-05-03T20:54:28+02:00,,Confirmed,,,,,True,,,True,PRISMA,,https://platform.prisma-capacity.eu/,,Cross-Border Transmission IP within EU,0,False
1Physical Flowhour2022-03-23 20:00:00 +00:002022-03-23 21:00:00 +00:00BE-TSO-0001ITP-00542exitkWh/h,1,Physical Flow,hour,2022-03-23T21:00:00+01:00,2022-03-23T22:00:00+01:00,BE-TSO-0001,21X-BE-A-A0A0A-Y,Fluxys Belgium,ITP-00542,VIP Belgium - NCG,21Z000000000497Z,exit,kWh/h,,,12734208,2022-05-03T20:54:28+02:00,,Confirmed,,,,,True,,,True,PRISMA,,https://platform.prisma-capacity.eu/,,Cross-Border Transmission IP within EU,0,False
1Physical Flowhour2022-03-23 21:00:00 +00:002022-03-23 22:00:00 +00:00BE-TSO-0001ITP-00542exitkWh/h,1,Physical Flow,hour,2022-03-23T22:00:00+01:00,2022-03-23T23:00:00+01:00,BE-TSO-0001,21X-BE-A-A0A0A-Y,Fluxys Belgium,ITP-00542,VIP Belgium - NCG,21Z000000000497Z,exit,kWh/h,,,13677473,2022-05-03T20:54:28+02:00,,Confirmed,,,,,True,,,True,PRISMA,,https://platform.prisma-capacity.eu/,,Cross-Border Transmission IP within EU,0,False
1Physical Flowhour2022-03-23 22:00:00 +00:002022-03-23 23:00:00 +00:00BE-TSO-0001ITP-00542exitkWh/h,1,Physical Flow,hour,2022-03-23T23:00:00+01:00,2022-03-24T00:00:00+01:00,BE-TSO-0001,21X-BE-A-A0A0A-Y,Fluxys Belgium,ITP-00542,VIP Belgium - NCG,21Z000000000497Z,exit,kWh/h,,,13766947,2022-05-03T20:54:28+02:00,,Confirmed,,,,,True,,,True,PRISMA,,https://platform.prisma-capacity.eu/,,Cross-Border Transmission IP within EU,0,False
1Physical Flowhour2022-03-23 23:00:00 +00:002022-03-24 00:00:00 +00:00BE-TSO-0001ITP-00542exitkWh/h,1,Physical Flow,hour,2022-03-24T00:00:00+01:00,2022-03-24T01:00:00+01:00,BE-TSO-0001,21X-BE-A-A0A0A-Y,Fluxys Belgium,ITP-00542,VIP Belgium - NCG,21Z000000000497Z,exit,kWh/h,,,13863781,2022-05-03T20:54:28+02:00,,Confirmed,,,,,True,,,True,PRISMA,,https://platform.prisma-capacity.eu/,,Cross-Border Transmission IP within EU,0,False
1Physical Flowhour2022-03-24 00:00:00 +00:002022-03-24 01:00:00 +00:00BE-TSO-0001ITP-00542exitkWh/h,1,Physical Flow,hour,2022-03-24T01:00:00+01:00,2022-03-24T02:00:00+01:00,BE-TSO-0001,21X-BE-A-A0A0A-Y,Fluxys Belgium,ITP-00542,VIP Belgium - NCG,21Z000000000497Z,exit,kWh/h,,,14686916,2022-05-03T20:54:28+02:00,,Confirmed,,,,,True,,,True,PRISMA,,https://platform.prisma-capacity.eu/,,Cross-Border Transmission IP within EU,0,False
1Physical Flowhour2022-03-24 01:00:00 +00:002022-03-24 02:00:00 +00:00BE-TSO-0001ITP-00542exitkWh/h,1,Physical Flow,hour,2022-03-24T02:00:00+01:00,2022-03-24T03:00:00+01:00,BE-TSO-0001,21X-BE-A-A0A0A-Y,Fluxys Belgium,ITP-00542,VIP Belgium - NCG,21Z000000000497Z,exit,kWh/h,,,16416627,2022-05-03T20:54:28+02:00,,Confirmed,,,,,True,,,True,PRISMA,,https://platform.prisma-capacity.eu/,,Cross-Border Transmission IP within EU,0,False
1Physical Flowhour2022-03-24 02:00:00 +00:002022-03-24 03:00:00 +00:00BE-TSO-0001ITP-00542exitkWh/h,1,Physical Flow,hour,2022-03-24T03:00:00+01:00,2022-03-24T04:00:00+01:00,BE-TSO-0001,21X-BE-A-A0A0A-Y,Fluxys Belgium,ITP-00542,VIP Belgium - NCG,21Z000000000497Z,exit,kWh/h,,,16425639,2022-05-03T20:54:28+02:00,,Confirmed,,,,,True,,,True,PRISMA,,https://platform.prisma-capacity.eu/,,Cross-Border Transmission IP within EU,0,False
1Physical Flowhour2022-03-24 03:00:00 +00:002022-03-24 04:00:00 +00:00BE-TSO-0001ITP-00542exitkWh/h,1,Physical Flow,hour,2022-03-24T04:00:00+01:00,2022-03-24T05:00:00+01:00,BE-TSO-0001,21X-BE-A-A0A0A-Y,Fluxys Belgium,ITP-00542,VIP Belgium - NCG,21Z000000000497Z,exit,kWh/h,,,16473439,2022-05-03T20:54:28+02:00,,Confirmed,,,,,True,,,True,PRISMA,,https://platform.prisma-capacity.eu/,,Cross-Border Transmission IP within EU,0,False
1Physical Flowhour2022-03-24 04:00:00 +00:002022-03-24 05:00:00 +00:00BE-TSO-0001ITP-00542exitkWh/h,1,Physical Flow,hour,2022-03-24T05:00:00+01:00,2022-03-24T06:00:00+01:00,BE-TSO-0001,21X-BE-A-A0A0A-Y,Fluxys Belgium,ITP-00542,VIP Belgium - NCG,21Z000000000497Z,exit,kWh/h,,,16494183,2022-05-03T20:54:28+02:00,,Confirmed,,,,,True,,,True,PRISMA,,https://platform.prisma-capacity.eu/,,Cross-Border Transmission IP within EU,0,False
1Physical Flowhour2022-03-24 05:00:00 +00:002022-03-24 06:00:00 +00:00BE-TSO-0001ITP-00542exitkWh/h,1,Physical Flow,hour,2022-03-24T06:00:00+01:00,2022-03-24T07:00:00+01:00,BE-TSO-0001,21X-BE-A-A0A0A-Y,Fluxys Belgium,ITP-00542,VIP Belgium - NCG,21Z000000000497Z,exit,kWh/h,,,16451898,2022-05-03T20:54:28+02:00,,Confirmed,,,,,True,,,True,PRISMA,,https://platform.prisma-capacity.eu/,,Cross-Border Transmission IP within EU,0,False
1Physical Flowhour2022-03-24 06:00:00 +00:002022-03-24 07:00:00 +00:00BE-TSO-0001ITP-00542exitkWh/h,1,Physical Flow,hour,2022-03-24T07:00:00+01:00,2022-03-24T08:00:00+01:00,BE-TSO-0001,21X-BE-A-A0A0A-Y,Fluxys Belgium,ITP-00542,VIP Belgium - NCG,21Z000000000497Z,exit,kWh/h,,,16455726,2022-05-03T20:54:28+02:00,,Confirmed,,,,,True,,,True,PRISMA,,https://platform.prisma-capacity.eu/,,Cross-Border Transmission IP within EU,0,False
1Physical Flowhour2022-03-24 07:00:00 +00:002022-03-24 08:00:00 +00:00BE-TSO-0001ITP-00542exitkWh/h,1,Physical Flow,hour,2022-03-24T08:00:00+01:00,2022-03-24T09:00:00+01:00,BE-TSO-0001,21X-BE-A-A0A0A-Y,Fluxys Belgium,ITP-00542,VIP Belgium - NCG,21Z000000000497Z,exit,kWh/h,,,16654276,2022-05-03T20:54:28+02:00,,Confirmed,,,,,True,,,True,PRISMA,,https://platform.prisma-capacity.eu/,,Cross-Border Transmission IP within EU,0,False
1Physical Flowhour2022-03-24 08:00:00 +00:002022-03-24 09:00:00 +00:00BE-TSO-0001ITP-00542exitkWh/h,1,Physical Flow,hour,2022-03-24T09:00:00+01:00,2022-03-24T10:00:00+01:00,BE-TSO-0001,21X-BE-A-A0A0A-Y,Fluxys Belgium,ITP-00542,VIP Belgium - NCG,21Z000000000497Z,exit,kWh/h,,,16655855,2022-05-03T20:54:28+02:00,,Confirmed,,,,,True,,,True,PRISMA,,https://platform.prisma-capacity.eu/,,Cross-Border Transmission IP within EU,0,False
1Physical Flowhour2022-03-24 09:00:00 +00:002022-03-24 10:00:00 +00:00BE-TSO-0001ITP-00542exitkWh/h,1,Physical Flow,hour,2022-03-24T10:00:00+01:00,2022-03-24T11:00:00+01:00,BE-TSO-0001,21X-BE-A-A0A0A-Y,Fluxys Belgium,ITP-00542,VIP Belgium - NCG,21Z000000000497Z,exit,kWh/h,,,16657461,2022-05-03T20:54:28+02:00,,Confirmed,,,,,True,,,True,PRISMA,,https://platform.prisma-capacity.eu/,,Cross-Border Transmission IP within EU,0,False
1Physical Flowhour2022-03-24 10:00:00 +00:002022-03-24 11:00:00 +00:00BE-TSO-0001ITP-00542exitkWh/h,1,Physical Flow,hour,2022-03-24T11:00:00+01:00,2022-03-24T12:00:00+01:00,BE-TSO-0001,21X-BE-A-A0A0A-Y,Fluxys Belgium,ITP-00542,VIP Belgium - NCG,21Z000000000497Z,exit,kWh/h,,,16652871,2022-05-03T20:54:28+02:00,,Confirmed,,,,,True,,,True,PRISMA,,https://platform.prisma-capacity.eu/,,Cross-Border Transmission IP within EU,0,False
1Physical Flowhour2022-03-24 11:00:00 +00:002022-03-24 12:00:00 +00:00BE-TSO-0001ITP-00542exitkWh/h,1,Physical Flow,hour,2022-03-24T12:00:00+01:00,2022-03-24T13:00:00+01:00,BE-TSO-0001,21X-BE-A-A0A0A-Y,Fluxys Belgium,ITP-00542,VIP Belgium - NCG,21Z000000000497Z,exit,kWh/h,,,17064434,2022-05-03T20:54:28+02:00,,Confirmed,,,,,True,,,True,PRISMA,,https://platform.prisma-capacity.eu/,,Cross-Border Transmission IP within EU,0,False
1Physical Flowhour2022-03-24 12:00:00 +00:002022-03-24 13:00:00 +00:00BE-TSO-0001ITP-00542exitkWh/h,1,Physical Flow,hour,2022-03-24T13:00:00+01:00,2022-03-24T14:00:00+01:00,BE-TSO-0001,21X-BE-A-A0A0A-Y,Fluxys Belgium,ITP-00542,VIP Belgium - NCG,21Z000000000497Z,exit,kWh/h,,,18314485,2022-05-03T20:54:28+02:00,,Confirmed,,,,,True,,,True,PRISMA,,https://platform.prisma-capacity.eu/,,Cross-Border Transmission IP within EU,0,False
1Physical Flowhour2022-03-24 13:00:00 +00:002022-03-24 14:00:00 +00:00BE-TSO-0001ITP-00542exitkWh/h,1,Physical Flow,hour,2022-03-24T14:00:00+01:00,2022-03-24T15:00:00+01:00,BE-TSO-0001,21X-BE-A-A0A0A-Y,Fluxys Belgium,ITP-00542,VIP Belgium - NCG,21Z000000000497Z,exit,kWh/h,,,18064420,2022-05-03T20:54:28+02:00,,Confirmed,,,,,True,,,True,PRISMA,,https://platform.prisma-capacity.eu/,,Cross-Border Transmission IP within EU,0,False
1Physical Flowhour2022-03-24 14:00:00 +00:002022-03-24 15:00:00 +00:00BE-TSO-0001ITP-00542exitkWh/h,1,Physical Flow,hour,2022-03-24T15:00:00+01:00,2022-03-24T16:00:00+01:00,BE-TSO-0001,21X-BE-A-A0A0A-Y,Fluxys Belgium,ITP-00542,VIP Belgium - NCG,21Z000000000497Z,exit,kWh/h,,,17870781,2022-05-03T20:54:28+02:00,,Confirmed,,,,,True,,,True,PRISMA,,https://platform.prisma-capacity.eu/,,Cross-Border Transmission IP within EU,0,False
1Physical Flowhour2022-03-24 15:00:00 +00:002022-03-24 16:00:00 +00:00BE-TSO-0001ITP-00542exitkWh/h,1,Physical Flow,hour,2022-03-24T16:00:00+01:00,2022-03-24T17:00:00+01:00,BE-TSO-0001,21X-BE-A-A0A0A-Y,Fluxys Belgium,ITP-00542,VIP Belgium - NCG,21Z000000000497Z,exit,kWh/h,,,18388304,2022-05-03T20:54:28+02:00,,Confirmed,,,,,True,,,True,PRISMA,,https://platform.prisma-capacity.eu/,,Cross-Border Transmission IP within EU,0,False
1Physical Flowhour2022-03-24 16:00:00 +00:002022-03-24 17:00:00 +00:00BE-TSO-0001ITP-00542exitkWh/h,1,Physical Flow,hour,2022-03-24T17:00:00+01:00,2022-03-24T18:00:00+01:00,BE-TSO-0001,21X-BE-A-A0A0A-Y,Fluxys Belgium,ITP-00542,VIP Belgium - NCG,21Z000000000497Z,exit,kWh/h,,,18380031,2022-05-03T20:54:28+02:00,,Confirmed,,,,,True,,,True,PRISMA,,https://platform.prisma-capacity.eu/,,Cross-Border Transmission IP within EU,0,False
1Physical Flowhour2022-03-24 17:00:00 +00:002022-03-24 18:00:00 +00:00BE-TSO-0001ITP-00542exitkWh/h,1,Physical Flow,hour,2022-03-24T18:00:00+01:00,2022-03-24T19:00:00+01:00,BE-TSO-0001,21X-BE-A-A0A0A-Y,Fluxys Belgium,ITP-00542,VIP Belgium - NCG,21Z000000000497Z,exit,kWh/h,,,18386133,2022-05-03T20:54:28+02:00,,Confirmed,,,,,True,,,True,PRISMA,,https://platform.prisma-capacity.eu/,,Cross-Border Transmission IP within EU,0,False
1Physical Flowhour2022-03-24 18:00:00 +00:002022-03-24 19:00:00 +00:00BE-TSO-0001ITP-00542exitkWh/h,1,Physical Flow,hour,2022-03-24T19:00:00+01:00,2022-03-24T20:00:00+01:00,BE-TSO-0001,21X-BE-A-A0A0A-Y,Fluxys Belgium,ITP-00542,VIP Belgium - NCG,21Z000000000497Z,exit,kWh/h,,,18396704,2022-05-03T20:54:28+02:00,,Confirmed,,,,,True,,,True,PRISMA,,https://platform.prisma-capacity.eu/,,Cross-Border Transmission IP within EU,0,False
1Physical Flowhour2022-03-24 19:00:00 +00:002022-03-24 20:00:00 +00:00BE-TSO-0001ITP-00542exitkWh/h,1,Physical Flow,hour,2022-03-24T20:00:00+01:00,2022-03-24T21:00:00+01:00,BE-TSO-0001,21X-BE-A-A0A0A-Y,Fluxys Belgium,ITP-00542,VIP Belgium - NCG,21Z000000000497Z,exit,kWh/h,,,18507692,2022-05-03T20:54:28+02:00,,Confirmed,,,,,True,,,True,PRISMA,,https://platform.prisma-capacity.eu/,,Cross-Border Transmission IP within EU,0,False
1Physical Flowhour2022-03-24 20:00:00 +00:002022-03-24 21:00:00 +00:00BE-TSO-0001ITP-00542exitkWh/h,1,Physical Flow,hour,2022-03-24T21:00:00+01:00,2022-03-24T22:00:00+01:00,BE-TSO-0001,21X-BE-A-A0A0A-Y,Fluxys Belgium,ITP-00542,VIP Belgium - NCG,21Z000000000497Z,exit,kWh/h,,,19533929,2022-05-03T20:54:28+02:00,,Confirmed,,,,,True,,,True,PRISMA,,https://platform.prisma-capacity.eu/,,Cross-Border Transmission IP within EU,0,False
1Physical Flowhour2022-03-24 21:00:00 +00:002022-03-24 22:00:00 +00:00BE-TSO-0001ITP-00542exitkWh/h,1,Physical Flow,hour,2022-03-24T22:00:00+01:00,2022-03-24T23:00:00+01:00,BE-TSO-0001,21X-BE-A-A0A0A-Y,Fluxys Belgium,ITP-00542,VIP Belgium - NCG,21Z000000000497Z,exit,kWh/h,,,19539534,2022-05-03T20:54:28+02:00,,Confirmed,,,,,True,,,True,PRISMA,,https://platform.prisma-capacity.eu/,,Cross-Border Transmission IP within EU,0,False
1Physical Flowhour2022-03-24 22:00:00 +00:002022-03-24 23:00:00 +00:00BE-TSO-0001ITP-00542exitkWh/h,1,Physical Flow,hour,2022-03-24T23:00:00+01:00,2022-03-25T00:00:00+01:00,BE-TSO-0001,21X-BE-A-A0A0A-Y,Fluxys Belgium,ITP-00542,VIP Belgium - NCG,21Z000000000497Z,exit,kWh/h,,,19659327,2022-05-03T20:54:28+02:00,,Confirmed,,,,,True,,,True,PRISMA,,https://platform.prisma-capacity.eu/,,Cross-Border Transmission IP within EU,0,False
1Physical Flowhour2022-03-24 23:00:00 +00:002022-03-25 00:00:00 +00:00BE-TSO-0001ITP-00542exitkWh/h,1,Physical Flow,hour,2022-03-25T00:00:00+01:00,2022-03-25T01:00:00+01:00,BE-TSO-0001,21X-BE-A-A0A0A-Y,Fluxys Belgium,ITP-00542,VIP Belgium - NCG,21Z000000000497Z,exit,kWh/h,,,19657070,2022-05-03T20:54:28+02:00,,Confirmed,,,,,True,,,True,PRISMA,,https://platform.prisma-capacity.eu/,,Cross-Border Transmission IP within EU,0,False
1Physical Flowhour2022-03-25 00:00:00 +00:002022-03-25 01:00:00 +00:00BE-TSO-0001ITP-00542exitkWh/h,1,Physical Flow,hour,2022-03-25T01:00:00+01:00,2022-03-25T02:00:00+01:00,BE-TSO-0001,21X-BE-A-A0A0A-Y,Fluxys Belgium,ITP-00542,VIP Belgium - NCG,21Z000000000497Z,exit,kWh/h,,,19709646,2022-05-03T20:54:28+02:00,,Confirmed,,,,,True,,,True,PRISMA,,https://platform.prisma-capacity.eu/,,Cross-Border Transmission IP within EU,0,False
1Physical Flowhour2022-03-25 01:00:00 +00:002022-03-25 02:00:00 +00:00BE-TSO-0001ITP-00542exitkWh/h,1,Physical Flow,hour,2022-03-25T02:00:00+01:00,2022-03-25T03:00:00+01:00,BE-TSO-0001,21X-BE-A-A0A0A-Y,Fluxys Belgium,ITP-00542,VIP Belgium - NCG,21Z000000000497Z,exit,kWh/h,,,19066414,2022-05-03T20:54:28+02:00,,Confirmed,,,,,True,,,True,PRISMA,,https://platform.prisma-capacity.eu/,,Cross-Border Transmission IP within EU,0,False
1Physical Flowhour2022-03-25 02:00:00 +00:002022-03-25 03:00:00 +00:00BE-TSO-0001ITP-00542exitkWh/h,1,Physical Flow,hour,2022-03-25T03:00:00+01:00,2022-03-25T04:00:00+01:00,BE-TSO-0001,21X-BE-A-A0A0A-Y,Fluxys Belgium,ITP-00542,VIP Belgium - NCG,21Z000000000497Z,exit,kWh/h,,,19003163,2022-05-03T20:54:28+02:00,,Confirmed,,,,,True,,,True,PRISMA,,https://platform.prisma-capacity.eu/,,Cross-Border Transmission IP within EU,0,False
1Physical Flowhour2022-03-25 03:00:00 +00:002022-03-25 04:00:00 +00:00BE-TSO-0001ITP-00542exitkWh/h,1,Physical Flow,hour,2022-03-25T04:00:00+01:00,2022-03-25T05:00:00+01:00,BE-TSO-0001,21X-BE-A-A0A0A-Y,Fluxys Belgium,ITP-00542,VIP Belgium - NCG,21Z000000000497Z,exit,kWh/h,,,19259264,2022-05-03T20:54:28+02:00,,Confirmed,,,,,True,,,True,PRISMA,,https://platform.prisma-capacity.eu/,,Cross-Border Transmission IP within EU,0,False
1Physical Flowhour2022-03-25 04:00:00 +00:002022-03-25 05:00:00 +00:00BE-TSO-0001ITP-00542exitkWh/h,1,Physical Flow,hour,2022-03-25T05:00:00+01:00,2022-03-25T06:00:00+01:00,BE-TSO-0001,21X-BE-A-A0A0A-Y,Fluxys Belgium,ITP-00542,VIP Belgium - NCG,21Z000000000497Z,exit,kWh/h,,,19214087,2022-05-03T20:54:28+02:00,,Confirmed,,,,,True,,,True,PRISMA,,https://platform.prisma-capacity.eu/,,Cross-Border Transmission IP within EU,0,False
1Physical Flowhour2022-03-25 05:00:00 +00:002022-03-25 06:00:00 +00:00BE-TSO-0001ITP-00542exitkWh/h,1,Physical Flow,hour,2022-03-25T06:00:00+01:00,2022-03-25T07:00:00+01:00,BE-TSO-0001,21X-BE-A-A0A0A-Y,Fluxys Belgium,ITP-00542,VIP Belgium - NCG,21Z000000000497Z,exit,kWh/h,,,16104936,2022-05-03T20:54:28+02:00,,Confirmed,,,,,True,,,True,PRISMA,,https://platform.prisma-capacity.eu/,,Cross-Border Transmission IP within EU,0,False
1Physical Flowhour2022-03-25 06:00:00 +00:002022-03-25 07:00:00 +00:00BE-TSO-0001ITP-00542exitkWh/h,1,Physical Flow,hour,2022-03-25T07:00:00+01:00,2022-03-25T08:00:00+01:00,BE-TSO-0001,21X-BE-A-A0A0A-Y,Fluxys Belgium,ITP-00542,VIP Belgium - NCG,21Z000000000497Z,exit,kWh/h,,,15523763,2022-05-03T20:54:28+02:00,,Confirmed,,,,,True,,,True,PRISMA,,https://platform.prisma-capacity.eu/,,Cross-Border Transmission IP within EU,0,False
1Physical Flowhour2022-03-25 07:00:00 +00:002022-03-25 08:00:00 +00:00BE-TSO-0001ITP-00542exitkWh/h,1,Physical Flow,hour,2022-03-25T08:00:00+01:00,2022-03-25T09:00:00+01:00,BE-TSO-0001,21X-BE-A-A0A0A-Y,Fluxys Belgium,ITP-00542,VIP Belgium - NCG,21Z000000000497Z,exit,kWh/h,,,15463267,2022-05-03T20:54:28+02:00,,Confirmed,,,,,True,,,True,PRISMA,,https://platform.prisma-capacity.eu/,,Cross-Border Transmission IP within EU,0,False
1Physical Flowhour2022-03-25 08:00:00 +00:002022-03-25 09:00:00 +00:00BE-TSO-0001ITP-00542exitkWh/h,1,Physical Flow,hour,2022-03-25T09:00:00+01:00,2022-03-25T10:00:00+01:00,BE-TSO-0001,21X-BE-A-A0A0A-Y,Fluxys Belgium,ITP-00542,VIP Belgium - NCG,21Z000000000497Z,exit,kWh/h,,,15475997,2022-05-03T20:54:28+02:00,,Confirmed,,,,,True,,,True,PRISMA,,https://platform.prisma-capacity.eu/,,Cross-Border Transmission IP within EU,0,False
1Physical Flowhour2022-03-25 09:00:00 +00:002022-03-25 10:00:00 +00:00BE-TSO-0001ITP-00542exitkWh/h,1,Physical Flow,hour,2022-03-25T10:00:00+01:00,2022-03-25T11:00:00+01:00,BE-TSO-0001,21X-BE-A-A0A0A-Y,Fluxys Belgium,ITP-00542,VIP Belgium - NCG,21Z000000000497Z,exit,kWh/h,,,15459300,2022-05-03T20:54:28+02:00,,Confirmed,,,,,True,,,True,PRISMA,,https://platform.prisma-capacity.eu/,,Cross-Border Transmission IP within EU,0,False
1Physical Flowhour2022-03-25 10:00:00 +00:002022-03-25 11:00:00 +00:00BE-TSO-0001ITP-00542exitkWh/h,1,Physical Flow,hour,2022-03-25T11:00:00+01:00,2022-03-25T12:00:00+01:00,BE-TSO-0001,21X-BE-A-A0A0A-Y,Fluxys Belgium,ITP-00542,VIP Belgium - NCG,21Z000000000497Z,exit,kWh/h,,,15459967,2022-05-03T20:54:28+02:00,,Confirmed,,,,,True,,,True,PRISMA,,https://platform.prisma-capacity.eu/,,Cross-Border Transmission IP within EU,0,False
1Physical Flowhour2022-03-25 11:00:00 +00:002022-03-25 12:00:00 +00:00BE-TSO-0001ITP-00542exitkWh/h,1,Physical Flow,hour,2022-03-25T12:00:00+01:00,2022-03-25T13:00:00+01:00,BE-TSO-0001,21X-BE-A-A0A0A-Y,Fluxys Belgium,ITP-00542,VIP Belgium - NCG,21Z000000000497Z,exit,kWh/h,,,15459363,2022-05-03T20:54:28+02:00,,Confirmed,,,,,True,,,True,PRISMA,,https://platform.prisma-capacity.eu/,,Cross-Border Transmission IP within EU,0,False
1Physical Flowhour2022-03-25 12:00:00 +00:002022-03-25 13:00:00 +00:00BE-TSO-0001ITP-00542exitkWh/h,1,Physical Flow,hour,2022-03-25T13:00:00+01:00,2022-03-25T14:00:00+01:00,BE-TSO-0001,21X-BE-A-A0A0A-Y,Fluxys Belgium,ITP-00542,VIP Belgium - NCG,21Z000000000497Z,exit,kWh/h,,,15457225,2022-05-03T20:54:28+02:00,,Confirmed,,,,,True,,,True,PRISMA,,https://platform.prisma-capacity.eu/,,Cross-Border Transmission IP within EU,0,False
1Physical Flowhour2022-03-25 13:00:00 +00:002022-03-25 14:00:00 +00:00BE-TSO-0001ITP-00542exitkWh/h,1,Physical Flow,hour,2022-03-25T14:00:00+01:00,2022-03-25T15:00:00+01:00,BE-TSO-0001,21X-BE-A-A0A0A-Y,Fluxys Belgium,ITP-00542,VIP Belgium - NCG,21Z000000000497Z,exit,kWh/h,,,16907595,2022-05-03T20:54:28+02:00,,Confirmed,,,,,True,,,True,PRISMA,,https://platform.prisma-capacity.eu/,,Cross-Border Transmission IP within EU,0,False
1Physical Flowhour2022-03-25 14:00:00 +00:002022-03-25 15:00:00 +00:00BE-TSO-0001ITP-00542exitkWh/h,1,Physical Flow,hour,2022-03-25T15:00:00+01:00,2022-03-25T16:00:00+01:00,BE-TSO-0001,21X-BE-A-A0A0A-Y,Fluxys Belgium,ITP-00542,VIP Belgium - NCG,21Z000000000497Z,exit,kWh/h,,,16853885,2022-05-03T20:54:28+02:00,,Confirmed,,,,,True,,,True,PRISMA,,https://platform.prisma-capacity.eu/,,Cross-Border Transmission IP within EU,0,False
1Physical Flowhour2022-03-25 15:00:00 +00:002022-03-25 16:00:00 +00:00BE-TSO-0001ITP-00542exitkWh/h,1,Physical Flow,hour,2022-03-25T16:00:00+01:00,2022-03-25T17:00:00+01:00,BE-TSO-0001,21X-BE-A-A0A0A-Y,Fluxys Belgium,ITP-00542,VIP Belgium - NCG,21Z000000000497Z,exit,kWh/h,,,16959773,2022-05-03T20:54:28+02:00,,Confirmed,,,,,True,,,True,PRISMA,,https://platform.prisma-capacity.eu/,,Cross-Border Transmission IP within EU,0,False
1Physical Flowhour2022-03-25 16:00:00 +00:002022-03-25 17:00:00 +00:00BE-TSO-0001ITP-00542exitkWh/h,1,Physical Flow,hour,2022-03-25T17:00:00+01:00,2022-03-25T18:00:00+01:00,BE-TSO-0001,21X-BE-A-A0A0A-Y,Fluxys Belgium,ITP-00542,VIP Belgium - NCG,21Z000000000497Z,exit,kWh/h,,,16961773,2022-05-03T20:54:28+02:00,,Confirmed,,,,,True,,,True,PRISMA,,https://platform.prisma-capacity.eu/,,Cross-Border Transmission IP within EU,0,False
1Physical Flowhour2022-03-25 17:00:00 +00:002022-03-25 18:00:00 +00:00BE-TSO-0001ITP-00542exitkWh/h,1,Physical Flow,hour,2022-03-25T18:00:00+01:00,2022-03-25T19:00:00+01:00,BE-TSO-0001,21X-BE-A-A0A0A-Y,Fluxys Belgium,ITP-00542,VIP Belgium - NCG,21Z000000000497Z,exit,kWh/h,,,17413393,2022-05-03T20:54:28+02:00,,Confirmed,,,,,True,,,True,PRISMA,,https://platform.prisma-capacity.eu/,,Cross-Border Transmission IP within EU,0,False
1Physical Flowhour2022-03-25 18:00:00 +00:002022-03-25 19:00:00 +00:00BE-TSO-0001ITP-00542exitkWh/h,1,Physical Flow,hour,2022-03-25T19:00:00+01:00,2022-03-25T20:00:00+01:00,BE-TSO-0001,21X-BE-A-A0A0A-Y,Fluxys Belgium,ITP-00542,VIP Belgium - NCG,21Z000000000497Z,exit,kWh/h,,,16474757,2022-05-03T20:54:28+02:00,,Confirmed,,,,,True,,,True,PRISMA,,https://platform.prisma-capacity.eu/,,Cross-Border Transmission IP within EU,0,False
1Physical Flowhour2022-03-25 19:00:00 +00:002022-03-25 20:00:00 +00:00BE-TSO-0001ITP-00542exitkWh/h,1,Physical Flow,hour,2022-03-25T20:00:00+01:00,2022-03-25T21:00:00+01:00,BE-TSO-0001,21X-BE-A-A0A0A-Y,Fluxys Belgium,ITP-00542,VIP Belgium - NCG,21Z000000000497Z,exit,kWh/h,,,17581208,2022-05-03T20:54:28+02:00,,Confirmed,,,,,True,,,True,PRISMA,,https://platform.prisma-capacity.eu/,,Cross-Border Transmission IP within EU,0,False
1Physical Flowhour2022-03-25 20:00:00 +00:002022-03-25 21:00:00 +00:00BE-TSO-0001ITP-00542exitkWh/h,1,Physical Flow,hour,2022-03-25T21:00:00+01:00,2022-03-25T22:00:00+01:00,BE-TSO-0001,21X-BE-A-A0A0A-Y,Fluxys Belgium,ITP-00542,VIP Belgium - NCG,21Z000000000497Z,exit,kWh/h,,,17685690,2022-05-03T20:54:28+02:00,,Confirmed,,,,,True,,,True,PRISMA,,https://platform.prisma-capacity.eu/,,Cross-Border Transmission IP within EU,0,False
1Physical Flowhour2022-03-25 21:00:00 +00:002022-03-25 22:00:00 +00:00BE-TSO-0001ITP-00542exitkWh/h,1,Physical Flow,hour,2022-03-25T22:00:00+01:00,2022-03-25T23:00:00+01:00,BE-TSO-0001,21X-BE-A-A0A0A-Y,Fluxys Belgium,ITP-00542,VIP Belgium - NCG,21Z000000000497Z,exit,kWh/h,,,17890794,2022-05-03T20:54:28+02:00,,Confirmed,,,,,True,,,True,PRISMA,,https://platform.prisma-capacity.eu/,,Cross-Border Transmission IP within EU,0,False
1Physical Flowhour2022-03-25 22:00:00 +00:002022-03-25 23:00:00 +00:00BE-TSO-0001ITP-00542exitkWh/h,1,Physical Flow,hour,2022-03-25T23:00:00+01:00,2022-03-26T00:00:00+01:00,BE-TSO-0001,21X-BE-A-A0A0A-Y,Fluxys Belgium,ITP-00542,VIP Belgium - NCG,21Z000000000497Z,exit,kWh/h,,,17902499,2022-05-03T20:54:28+02:00,,Confirmed,,,,,True,,,True,PRISMA,,https://platform.prisma-capacity.eu/,,Cross-Border Transmission IP within EU,0,False
1Physical Flowhour2022-03-25 23:00:00 +00:002022-03-26 00:00:00 +00:00BE-TSO-0001ITP-00542exitkWh/h,1,Physical Flow,hour,2022-03-26T00:00:00+01:00,2022-03-26T01:00:00+01:00,BE-TSO-0001,21X-BE-A-A0A0A-Y,Fluxys Belgium,ITP-00542,VIP Belgium - NCG,21Z000000000497Z,exit,kWh/h,,,17905197,2022-05-03T20:54:28+02:00,,Confirmed,,,,,True,,,True,PRISMA,,https://platform.prisma-capacity.eu/,,Cross-Border Transmission IP within EU,0,False
1Physical Flowhour2022-03-26 00:00:00 +00:002022-03-26 01:00:00 +00:00BE-TSO-0001ITP-00542exitkWh/h,1,Physical Flow,hour,2022-03-26T01:00:00+01:00,2022-03-26T02:00:00+01:00,BE-TSO-0001,21X-BE-A-A0A0A-Y,Fluxys Belgium,ITP-00542,VIP Belgium - NCG,21Z000000000497Z,exit,kWh/h,,,17908665,2022-05-03T20:54:28+02:00,,Confirmed,,,,,True,,,True,PRISMA,,https://platform.prisma-capacity.eu/,,Cross-Border Transmission IP within EU,0,False
1Physical Flowhour2022-03-26 01:00:00 +00:002022-03-26 02:00:00 +00:00BE-TSO-0001ITP-00542exitkWh/h,1,Physical Flow,hour,2022-03-26T02:00:00+01:00,2022-03-26T03:00:00+01:00,BE-TSO-0001,21X-BE-A-A0A0A-Y,Fluxys Belgium,ITP-00542,VIP Belgium - NCG,21Z000000000497Z,exit,kWh/h,,,18303583,2022-05-03T20:54:28+02:00,,Confirmed,,,,,True,,,True,PRISMA,,https://platform.prisma-capacity.eu/,,Cross-Border Transmission IP within EU,0,False
1Physical Flowhour2022-03-26 02:00:00 +00:002022-03-26 03:00:00 +00:00BE-TSO-0001ITP-00542exitkWh/h,1,Physical Flow,hour,2022-03-26T03:00:00+01:00,2022-03-26T04:00:00+01:00,BE-TSO-0001,21X-BE-A-A0A0A-Y,Fluxys Belgium,ITP-00542,VIP Belgium - NCG,21Z000000000497Z,exit,kWh/h,,,18310431,2022-05-03T20:54:28+02:00,,Confirmed,,,,,True,,,True,PRISMA,,https://platform.prisma-capacity.eu/,,Cross-Border Transmission IP within EU,0,False
1Physical Flowhour2022-03-26 03:00:00 +00:002022-03-26 04:00:00 +00:00BE-TSO-0001ITP-00542exitkWh/h,1,Physical Flow,hour,2022-03-26T04:00:00+01:00,2022-03-26T05:00:00+01:00,BE-TSO-0001,21X-BE-A-A0A0A-Y,Fluxys Belgium,ITP-00542,VIP Belgium - NCG,21Z000000000497Z,exit,kWh/h,,,18457823,2022-05-03T20:54:28+02:00,,Confirmed,,,,,True,,,True,PRISMA,,https://platform.prisma-capacity.eu/,,Cross-Border Transmission IP within EU,0,False
1Physical Flowhour2022-03-26 04:00:00 +00:002022-03-26 05:00:00 +00:00BE-TSO-0001ITP-00542exitkWh/h,1,Physical Flow,hour,2022-03-26T05:00:00+01:00,2022-03-26T06:00:00+01:00,BE-TSO-0001,21X-BE-A-A0A0A-Y,Fluxys Belgium,ITP-00542,VIP Belgium - NCG,21Z000000000497Z,exit,kWh/h,,,18456264,2022-05-03T20:54:28+02:00,,Confirmed,,,,,True,,,True,PRISMA,,https://platform.prisma-capacity.eu/,,Cross-Border Transmission IP within EU,0,False
1Physical Flowhour2022-03-26 05:00:00 +00:002022-03-26 06:00:00 +00:00BE-TSO-0001ITP-00542exitkWh/h,1,Physical Flow,hour,2022-03-26T06:00:00+01:00,2022-03-26T07:00:00+01:00,BE-TSO-0001,21X-BE-A-A0A0A-Y,Fluxys Belgium,ITP-00542,VIP Belgium - NCG,21Z000000000497Z,exit,kWh/h,,,17891576,2022-05-03T20:54:28+02:00,,Confirmed,,,,,True,,,True,PRISMA,,https://platform.prisma-capacity.eu/,,Cross-Border Transmission IP within EU,0,False
1Physical Flowhour2022-03-26 06:00:00 +00:002022-03-26 07:00:00 +00:00BE-TSO-0001ITP-00542exitkWh/h,1,Physical Flow,hour,2022-03-26T07:00:00+01:00,2022-03-26T08:00:00+01:00,BE-TSO-0001,21X-BE-A-A0A0A-Y,Fluxys Belgium,ITP-00542,VIP Belgium - NCG,21Z000000000497Z,exit,kWh/h,,,17897145,2022-05-03T20:54:28+02:00,,Confirmed,,,,,True,,,True,PRISMA,,https://platform.prisma-capacity.eu/,,Cross-Border Transmission IP within EU,0,False
1Physical Flowhour2022-03-26 07:00:00 +00:002022-03-26 08:00:00 +00:00BE-TSO-0001ITP-00542exitkWh/h,1,Physical Flow,hour,2022-03-26T08:00:00+01:00,2022-03-26T09:00:00+01:00,BE-TSO-0001,21X-BE-A-A0A0A-Y,Fluxys Belgium,ITP-00542,VIP Belgium - NCG,21Z000000000497Z,exit,kWh/h,,,17893888,2022-05-03T20:54:28+02:00,,Confirmed,,,,,True,,,True,PRISMA,,https://platform.prisma-capacity.eu/,,Cross-Border Transmission IP within EU,0,False
1Physical Flowhour2022-03-26 08:00:00 +00:002022-03-26 09:00:00 +00:00BE-TSO-0001ITP-00542exitkWh/h,1,Physical Flow,hour,2022-03-26T09:00:00+01:00,2022-03-26T10:00:00+01:00,BE-TSO-0001,21X-BE-A-A0A0A-Y,Fluxys Belgium,ITP-00542,VIP Belgium - NCG,21Z000000000497Z,exit,kWh/h,,,17885838,2022-05-03T20:54:28+02:00,,Confirmed,,,,,True,,,True,PRISMA,,https://platform.prisma-capacity.eu/,,Cross-Border Transmission IP within EU,0,False
1Physical Flowhour2022-03-26 09:00:00 +00:002022-03-26 10:00:00 +00:00BE-TSO-0001ITP-00542exitkWh/h,1,Physical Flow,hour,2022-03-26T10:00:00+01:00,2022-03-26T11:00:00+01:00,BE-TSO-0001,21X-BE-A-A0A0A-Y,Fluxys Belgium,ITP-00542,VIP Belgium - NCG,21Z000000000497Z,exit,kWh/h,,,17893033,2022-05-03T20:54:28+02:00,,Confirmed,,,,,True,,,True,PRISMA,,https://platform.prisma-capacity.eu/,,Cross-Border Transmission IP within EU,0,False
1Physical Flowhour2022-03-26 10:00:00 +00:002022-03-26 11:00:00 +00:00BE-TSO-0001ITP-00542exitkWh/h,1,Physical Flow,hour,2022-03-26T11:00:00+01:00,2022-03-26T12:00:00+01:00,BE-TSO-0001,21X-BE-A-A0A0A-Y,Fluxys Belgium,ITP-00542,VIP Belgium - NCG,21Z000000000497Z,exit,kWh/h,,,17895850,2022-05-03T20:54:28+02:00,,Confirmed,,,,,True,,,True,PRISMA,,https://platform.prisma-capacity.eu/,,Cross-Border Transmission IP within EU,0,False
1Physical Flowhour2022-03-26 11:00:00 +00:002022-03-26 12:00:00 +00:00BE-TSO-0001ITP-00542exitkWh/h,1,Physical Flow,hour,2022-03-26T12:00:00+01:00,2022-03-26T13:00:00+01:00,BE-TSO-0001,21X-BE-A-A0A0A-Y,Fluxys Belgium,ITP-00542,VIP Belgium - NCG,21Z000000000497Z,exit,kWh/h,,,17896876,2022-05-03T20:54:28+02:00,,Confirmed,,,,,True,,,True,PRISMA,,https://platform.prisma-capacity.eu/,,Cross-Border Transmission IP within EU,0,False
1Physical Flowhour2022-03-26 12:00:00 +00:002022-03-26 13:00:00 +00:00BE-TSO-0001ITP-00542exitkWh/h,1,Physical Flow,hour,2022-03-26T13:00:00+01:00,2022-03-26T14:00:00+01:00,BE-TSO-0001,21X-BE-A-A0A0A-Y,Fluxys Belgium,ITP-00542,VIP Belgium - NCG,21Z000000000497Z,exit,kWh/h,,,17896533,2022-05-03T20:54:28+02:00,,Confirmed,,,,,True,,,True,PRISMA,,https://platform.prisma-capacity.eu/,,Cross-Border Transmission IP within EU,0,False
1Physical Flowhour2022-03-26 13:00:00 +00:002022-03-26 14:00:00 +00:00BE-TSO-0001ITP-00542exitkWh/h,1,Physical Flow,hour,2022-03-26T14:00:00+01:00,2022-03-26T15:00:00+01:00,BE-TSO-0001,21X-BE-A-A0A0A-Y,Fluxys Belgium,ITP-00542,VIP Belgium - NCG,21Z000000000497Z,exit,kWh/h,,,17897821,2022-05-03T20:54:28+02:00,,Confirmed,,,,,True,,,True,PRISMA,,https://platform.prisma-capacity.eu/,,Cross-Border Transmission IP within EU,0,False
1Physical Flowhour2022-03-26 14:00:00 +00:002022-03-26 15:00:00 +00:00BE-TSO-0001ITP-00542exitkWh/h,1,Physical Flow,hour,2022-03-26T15:00:00+01:00,2022-03-26T16:00:00+01:00,BE-TSO-0001,21X-BE-A-A0A0A-Y,Fluxys Belgium,ITP-00542,VIP Belgium - NCG,21Z000000000497Z,exit,kWh/h,,,17898183,2022-05-03T20:54:28+02:00,,Confirmed,,,,,True,,,True,PRISMA,,https://platform.prisma-capacity.eu/,,Cross-Border Transmission IP within EU,0,False
1Physical Flowhour2022-03-26 15:00:00 +00:002022-03-26 16:00:00 +00:00BE-TSO-0001ITP-00542exitkWh/h,1,Physical Flow,hour,2022-03-26T16:00:00+01:00,2022-03-26T17:00:00+01:00,BE-TSO-0001,21X-BE-A-A0A0A-Y,Fluxys Belgium,ITP-00542,VIP Belgium - NCG,21Z000000000497Z,exit,kWh/h,,,15904798,2022-05-03T20:54:28+02:00,,Confirmed,,,,,True,,,True,PRISMA,,https://platform.prisma-capacity.eu/,,Cross-Border Transmission IP within EU,0,False
1Physical Flowhour2022-03-26 16:00:00 +00:002022-03-26 17:00:00 +00:00BE-TSO-0001ITP-00542exitkWh/h,1,Physical Flow,hour,2022-03-26T17:00:00+01:00,2022-03-26T18:00:00+01:00,BE-TSO-0001,21X-BE-A-A0A0A-Y,Fluxys Belgium,ITP-00542,VIP Belgium - NCG,21Z000000000497Z,exit,kWh/h,,,14910642,2022-05-03T20:54:28+02:00,,Confirmed,,,,,True,,,True,PRISMA,,https://platform.prisma-capacity.eu/,,Cross-Border Transmission IP within EU,0,False
1Physical Flowhour2022-03-26 17:00:00 +00:002022-03-26 18:00:00 +00:00BE-TSO-0001ITP-00542exitkWh/h,1,Physical Flow,hour,2022-03-26T18:00:00+01:00,2022-03-26T19:00:00+01:00,BE-TSO-0001,21X-BE-A-A0A0A-Y,Fluxys Belgium,ITP-00542,VIP Belgium - NCG,21Z000000000497Z,exit,kWh/h,,,14910525,2022-05-03T20:54:28+02:00,,Confirmed,,,,,True,,,True,PRISMA,,https://platform.prisma-capacity.eu/,,Cross-Border Transmission IP within EU,0,False
1Physical Flowhour2022-03-26 18:00:00 +00:002022-03-26 19:00:00 +00:00BE-TSO-0001ITP-00542exitkWh/h,1,Physical Flow,hour,2022-03-26T19:00:00+01:00,2022-03-26T20:00:00+01:00,BE-TSO-0001,21X-BE-A-A0A0A-Y,Fluxys Belgium,ITP-00542,VIP Belgium - NCG,21Z000000000497Z,exit,kWh/h,,,14910274,2022-05-03T20:54:28+02:00,,Confirmed,,,,,True,,,True,PRISMA,,https://platform.prisma-capacity.eu/,,Cross-Border Transmission IP within EU,0,False
1Physical Flowhour2022-03-26 19:00:00 +00:002022-03-26 20:00:00 +00:00BE-TSO-0001ITP-00542exitkWh/h,1,Physical Flow,hour,2022-03-26T20:00:00+01:00,2022-03-26T21:00:00+01:00,BE-TSO-0001,21X-BE-A-A0A0A-Y,Fluxys Belgium,ITP-00542,VIP Belgium - NCG,21Z000000000497Z,exit,kWh/h,,,14539678,2022-05-03T20:54:28+02:00,,Confirmed,,,,,True,,,True,PRISMA,,https://platform.prisma-capacity.eu/,,Cross-Border Transmission IP within EU,0,False
1Physical Flowhour2022-03-26 20:00:00 +00:002022-03-26 21:00:00 +00:00BE-TSO-0001ITP-00542exitkWh/h,1,Physical Flow,hour,2022-03-26T21:00:00+01:00,2022-03-26T22:00:00+01:00,BE-TSO-0001,21X-BE-A-A0A0A-Y,Fluxys Belgium,ITP-00542,VIP Belgium - NCG,21Z000000000497Z,exit,kWh/h,,,14961680,2022-05-03T20:54:28+02:00,,Confirmed,,,,,True,,,True,PRISMA,,https://platform.prisma-capacity.eu/,,Cross-Border Transmission IP within EU,0,False
1Physical Flowhour2022-03-26 21:00:00 +00:002022-03-26 22:00:00 +00:00BE-TSO-0001ITP-00542exitkWh/h,1,Physical Flow,hour,2022-03-26T22:00:00+01:00,2022-03-26T23:00:00+01:00,BE-TSO-0001,21X-BE-A-A0A0A-Y,Fluxys Belgium,ITP-00542,VIP Belgium - NCG,21Z000000000497Z,exit,kWh/h,,,15480718,2022-05-03T20:54:28+02:00,,Confirmed,,,,,True,,,True,PRISMA,,https://platform.prisma-capacity.eu/,,Cross-Border Transmission IP within EU,0,False
1Physical Flowhour2022-03-26 22:00:00 +00:002022-03-26 23:00:00 +00:00BE-TSO-0001ITP-00542exitkWh/h,1,Physical Flow,hour,2022-03-26T23:00:00+01:00,2022-03-27T00:00:00+01:00,BE-TSO-0001,21X-BE-A-A0A0A-Y,Fluxys Belgium,ITP-00542,VIP Belgium - NCG,21Z000000000497Z,exit,kWh/h,,,15791092,2022-05-03T20:54:28+02:00,,Confirmed,,,,,True,,,True,PRISMA,,https://platform.prisma-capacity.eu/,,Cross-Border Transmission IP within EU,0,False
1Physical Flowhour2022-03-26 23:00:00 +00:002022-03-27 00:00:00 +00:00BE-TSO-0001ITP-00542exitkWh/h,1,Physical Flow,hour,2022-03-27T00:00:00+01:00,2022-03-27T01:00:00+01:00,BE-TSO-0001,21X-BE-A-A0A0A-Y,Fluxys Belgium,ITP-00542,VIP Belgium - NCG,21Z000000000497Z,exit,kWh/h,,,15842240,2022-05-03T20:54:28+02:00,,Confirmed,,,,,True,,,True,PRISMA,,https://platform.prisma-capacity.eu/,,Cross-Border Transmission IP within EU,0,False
1Physical Flowhour2022-03-27 00:00:00 +00:002022-03-27 01:00:00 +00:00BE-TSO-0001ITP-00542exitkWh/h,1,Physical Flow,hour,2022-03-27T01:00:00+01:00,2022-03-27T03:00:00+02:00,BE-TSO-0001,21X-BE-A-A0A0A-Y,Fluxys Belgium,ITP-00542,VIP Belgium - NCG,21Z000000000497Z,exit,kWh/h,,,18440908,2022-05-03T20:54:28+02:00,,Confirmed,,,,,True,,,True,PRISMA,,https://platform.prisma-capacity.eu/,,Cross-Border Transmission IP within EU,0,False
1Physical Flowhour2022-03-27 01:00:00 +00:002022-03-27 02:00:00 +00:00BE-TSO-0001ITP-00542exitkWh/h,1,Physical Flow,hour,2022-03-27T03:00:00+02:00,2022-03-27T04:00:00+02:00,BE-TSO-0001,21X-BE-A-A0A0A-Y,Fluxys Belgium,ITP-00542,VIP Belgium - NCG,21Z000000000497Z,exit,kWh/h,,,18434971,2022-05-03T20:54:28+02:00,,Confirmed,,,,,True,,,True,PRISMA,,https://platform.prisma-capacity.eu/,,Cross-Border Transmission IP within EU,0,False
1Physical Flowhour2022-03-27 02:00:00 +00:002022-03-27 03:00:00 +00:00BE-TSO-0001ITP-00542exitkWh/h,1,Physical Flow,hour,2022-03-27T04:00:00+02:00,2022-03-27T05:00:00+02:00,BE-TSO-0001,21X-BE-A-A0A0A-Y,Fluxys Belgium,ITP-00542,VIP Belgium - NCG,21Z000000000497Z,exit,kWh/h,,,18952578,2022-05-03T20:54:28+02:00,,Confirmed,,,,,True,,,True,PRISMA,,https://platform.prisma-capacity.eu/,,Cross-Border Transmission IP within EU,0,False
1Physical Flowhour2022-03-27 03:00:00 +00:002022-03-27 04:00:00 +00:00BE-TSO-0001ITP-00542exitkWh/h,1,Physical Flow,hour,2022-03-27T05:00:00+02:00,2022-03-27T06:00:00+02:00,BE-TSO-0001,21X-BE-A-A0A0A-Y,Fluxys Belgium,ITP-00542,VIP Belgium - NCG,21Z000000000497Z,exit,kWh/h,,,18446118,2022-05-03T20:54:28+02:00,,Confirmed,,,,,True,,,True,PRISMA,,https://platform.prisma-capacity.eu/,,Cross-Border Transmission IP within EU,0,False
1Physical Flowhour2022-03-27 04:00:00 +00:002022-03-27 05:00:00 +00:00BE-TSO-0001ITP-00542exitkWh/h,1,Physical Flow,hour,2022-03-27T06:00:00+02:00,2022-03-27T07:00:00+02:00,BE-TSO-0001,21X-BE-A-A0A0A-Y,Fluxys Belgium,ITP-00542,VIP Belgium - NCG,21Z000000000497Z,exit,kWh/h,,,19278215,2022-05-03T20:54:28+02:00,,Confirmed,,,,,True,,,True,PRISMA,,https://platform.prisma-capacity.eu/,,Cross-Border Transmission IP within EU,0,False
1Physical Flowhour2022-03-27 05:00:00 +00:002022-03-27 06:00:00 +00:00BE-TSO-0001ITP-00542exitkWh/h,1,Physical Flow,hour,2022-03-27T07:00:00+02:00,2022-03-27T08:00:00+02:00,BE-TSO-0001,21X-BE-A-A0A0A-Y,Fluxys Belgium,ITP-00542,VIP Belgium - NCG,21Z000000000497Z,exit,kWh/h,,,18875813,2022-05-03T20:54:28+02:00,,Confirmed,,,,,True,,,True,PRISMA,,https://platform.prisma-capacity.eu/,,Cross-Border Transmission IP within EU,0,False
1Physical Flowhour2022-03-27 06:00:00 +00:002022-03-27 07:00:00 +00:00BE-TSO-0001ITP-00542exitkWh/h,1,Physical Flow,hour,2022-03-27T08:00:00+02:00,2022-03-27T09:00:00+02:00,BE-TSO-0001,21X-BE-A-A0A0A-Y,Fluxys Belgium,ITP-00542,VIP Belgium - NCG,21Z000000000497Z,exit,kWh/h,,,18857352,2022-05-03T20:54:28+02:00,,Confirmed,,,,,True,,,True,PRISMA,,https://platform.prisma-capacity.eu/,,Cross-Border Transmission IP within EU,0,False
1Physical Flowhour2022-03-27 07:00:00 +00:002022-03-27 08:00:00 +00:00BE-TSO-0001ITP-00542exitkWh/h,1,Physical Flow,hour,2022-03-27T09:00:00+02:00,2022-03-27T10:00:00+02:00,BE-TSO-0001,21X-BE-A-A0A0A-Y,Fluxys Belgium,ITP-00542,VIP Belgium - NCG,21Z000000000497Z,exit,kWh/h,,,17362133,2022-05-03T20:54:28+02:00,,Confirmed,,,,,True,,,True,PRISMA,,https://platform.prisma-capacity.eu/,,Cross-Border Transmission IP within EU,0,False
1Physical Flowhour2022-03-27 08:00:00 +00:002022-03-27 09:00:00 +00:00BE-TSO-0001ITP-00542exitkWh/h,1,Physical Flow,hour,2022-03-27T10:00:00+02:00,2022-03-27T11:00:00+02:00,BE-TSO-0001,21X-BE-A-A0A0A-Y,Fluxys Belgium,ITP-00542,VIP Belgium - NCG,21Z000000000497Z,exit,kWh/h,,,17362706,2022-05-03T20:54:28+02:00,,Confirmed,,,,,True,,,True,PRISMA,,https://platform.prisma-capacity.eu/,,Cross-Border Transmission IP within EU,0,False
1Physical Flowhour2022-03-27 09:00:00 +00:002022-03-27 10:00:00 +00:00BE-TSO-0001ITP-00542exitkWh/h,1,Physical Flow,hour,2022-03-27T11:00:00+02:00,2022-03-27T12:00:00+02:00,BE-TSO-0001,21X-BE-A-A0A0A-Y,Fluxys Belgium,ITP-00542,VIP Belgium - NCG,21Z000000000497Z,exit,kWh/h,,,17361844,2022-05-03T20:54:28+02:00,,Confirmed,,,,,True,,,True,PRISMA,,https://platform.prisma-capacity.eu/,,Cross-Border Transmission IP within EU,0,False
1Physical Flowhour2022-03-27 10:00:00 +00:002022-03-27 11:00:00 +00:00BE-TSO-0001ITP-00542exitkWh/h,1,Physical Flow,hour,2022-03-27T12:00:00+02:00,2022-03-27T13:00:00+02:00,BE-TSO-0001,21X-BE-A-A0A0A-Y,Fluxys Belgium,ITP-00542,VIP Belgium - NCG,21Z000000000497Z,exit,kWh/h,,,17362664,2022-05-03T20:54:28+02:00,,Confirmed,,,,,True,,,True,PRISMA,,https://platform.prisma-capacity.eu/,,Cross-Border Transmission IP within EU,0,False
1Physical Flowhour2022-03-27 11:00:00 +00:002022-03-27 12:00:00 +00:00BE-TSO-0001ITP-00542exitkWh/h,1,Physical Flow,hour,2022-03-27T13:00:00+02:00,2022-03-27T14:00:00+02:00,BE-TSO-0001,21X-BE-A-A0A0A-Y,Fluxys Belgium,ITP-00542,VIP Belgium - NCG,21Z000000000497Z,exit,kWh/h,,,17324302,2022-05-03T20:54:28+02:00,,Confirmed,,,,,True,,,True,PRISMA,,https://platform.prisma-capacity.eu/,,Cross-Border Transmission IP within EU,0,False
1Physical Flowhour2022-03-27 12:00:00 +00:002022-03-27 13:00:00 +00:00BE-TSO-0001ITP-00542exitkWh/h,1,Physical Flow,hour,2022-03-27T14:00:00+02:00,2022-03-27T15:00:00+02:00,BE-TSO-0001,21X-BE-A-A0A0A-Y,Fluxys Belgium,ITP-00542,VIP Belgium - NCG,21Z000000000497Z,exit,kWh/h,,,16671333,2022-05-03T20:54:28+02:00,,Confirmed,,,,,True,,,True,PRISMA,,https://platform.prisma-capacity.eu/,,Cross-Border Transmission IP within EU,0,False
1Physical Flowhour2022-03-27 13:00:00 +00:002022-03-27 14:00:00 +00:00BE-TSO-0001ITP-00542exitkWh/h,1,Physical Flow,hour,2022-03-27T15:00:00+02:00,2022-03-27T16:00:00+02:00,BE-TSO-0001,21X-BE-A-A0A0A-Y,Fluxys Belgium,ITP-00542,VIP Belgium - NCG,21Z000000000497Z,exit,kWh/h,,,16666755,2022-05-03T20:54:28+02:00,,Confirmed,,,,,True,,,True,PRISMA,,https://platform.prisma-capacity.eu/,,Cross-Border Transmission IP within EU,0,False
1Physical Flowhour2022-03-27 14:00:00 +00:002022-03-27 15:00:00 +00:00BE-TSO-0001ITP-00542exitkWh/h,1,Physical Flow,hour,2022-03-27T16:00:00+02:00,2022-03-27T17:00:00+02:00,BE-TSO-0001,21X-BE-A-A0A0A-Y,Fluxys Belgium,ITP-00542,VIP Belgium - NCG,21Z000000000497Z,exit,kWh/h,,,16670914,2022-05-03T20:54:28+02:00,,Confirmed,,,,,True,,,True,PRISMA,,https://platform.prisma-capacity.eu/,,Cross-Border Transmission IP within EU,0,False
1Physical Flowhour2022-03-27 15:00:00 +00:002022-03-27 16:00:00 +00:00BE-TSO-0001ITP-00542exitkWh/h,1,Physical Flow,hour,2022-03-27T17:00:00+02:00,2022-03-27T18:00:00+02:00,BE-TSO-0001,21X-BE-A-A0A0A-Y,Fluxys Belgium,ITP-00542,VIP Belgium - NCG,21Z000000000497Z,exit,kWh/h,,,15008041,2022-05-03T20:54:28+02:00,,Confirmed,,,,,True,,,True,PRISMA,,https://platform.prisma-capacity.eu/,,Cross-Border Transmission IP within EU,0,False
1Physical Flowhour2022-03-27 16:00:00 +00:002022-03-27 17:00:00 +00:00BE-TSO-0001ITP-00542exitkWh/h,1,Physical Flow,hour,2022-03-27T18:00:00+02:00,2022-03-27T19:00:00+02:00,BE-TSO-0001,21X-BE-A-A0A0A-Y,Fluxys Belgium,ITP-00542,VIP Belgium - NCG,21Z000000000497Z,exit,kWh/h,,,16628540,2022-05-03T20:54:28+02:00,,Confirmed,,,,,True,,,True,PRISMA,,https://platform.prisma-capacity.eu/,,Cross-Border Transmission IP within EU,0,False
1Physical Flowhour2022-03-27 17:00:00 +00:002022-03-27 18:00:00 +00:00BE-TSO-0001ITP-00542exitkWh/h,1,Physical Flow,hour,2022-03-27T19:00:00+02:00,2022-03-27T20:00:00+02:00,BE-TSO-0001,21X-BE-A-A0A0A-Y,Fluxys Belgium,ITP-00542,VIP Belgium - NCG,21Z000000000497Z,exit,kWh/h,,,15626648,2022-05-03T20:54:28+02:00,,Confirmed,,,,,True,,,True,PRISMA,,https://platform.prisma-capacity.eu/,,Cross-Border Transmission IP within EU,0,False
1Physical Flowhour2022-03-27 18:00:00 +00:002022-03-27 19:00:00 +00:00BE-TSO-0001ITP-00542exitkWh/h,1,Physical Flow,hour,2022-03-27T20:00:00+02:00,2022-03-27T21:00:00+02:00,BE-TSO-0001,21X-BE-A-A0A0A-Y,Fluxys Belgium,ITP-00542,VIP Belgium - NCG,21Z000000000497Z,exit,kWh/h,,,15359881,2022-05-03T20:54:28+02:00,,Confirmed,,,,,True,,,True,PRISMA,,https://platform.prisma-capacity.eu/,,Cross-Border Transmission IP within EU,0,False
1Physical Flowhour2022-03-27 19:00:00 +00:002022-03-27 20:00:00 +00:00BE-TSO-0001ITP-00542exitkWh/h,1,Physical Flow,hour,2022-03-27T21:00:00+02:00,2022-03-27T22:00:00+02:00,BE-TSO-0001,21X-BE-A-A0A0A-Y,Fluxys Belgium,ITP-00542,VIP Belgium - NCG,21Z000000000497Z,exit,kWh/h,,,15367429,2022-05-03T20:54:28+02:00,,Confirmed,,,,,True,,,True,PRISMA,,https://platform.prisma-capacity.eu/,,Cross-Border Transmission IP within EU,0,False
1Physical Flowhour2022-03-27 20:00:00 +00:002022-03-27 21:00:00 +00:00BE-TSO-0001ITP-00542exitkWh/h,1,Physical Flow,hour,2022-03-27T22:00:00+02:00,2022-03-27T23:00:00+02:00,BE-TSO-0001,21X-BE-A-A0A0A-Y,Fluxys Belgium,ITP-00542,VIP Belgium - NCG,21Z000000000497Z,exit,kWh/h,,,15342678,2022-05-03T20:54:28+02:00,,Confirmed,,,,,True,,,True,PRISMA,,https://platform.prisma-capacity.eu/,,Cross-Border Transmission IP within EU,0,False
1Physical Flowhour2022-03-27 21:00:00 +00:002022-03-27 22:00:00 +00:00BE-TSO-0001ITP-00542exitkWh/h,1,Physical Flow,hour,2022-03-27T23:00:00+02:00,2022-03-28T00:00:00+02:00,BE-TSO-0001,21X-BE-A-A0A0A-Y,Fluxys Belgium,ITP-00542,VIP Belgium - NCG,21Z000000000497Z,exit,kWh/h,,,15246529,2022-05-03T20:54:28+02:00,,Confirmed,,,,,True,,,True,PRISMA,,https://platform.prisma-capacity.eu/,,Cross-Border Transmission IP within EU,0,False
1Physical Flowhour2022-03-27 22:00:00 +00:002022-03-27 23:00:00 +00:00BE-TSO-0001ITP-00542exitkWh/h,1,Physical Flow,hour,2022-03-28T00:00:00+02:00,2022-03-28T01:00:00+02:00,BE-TSO-0001,21X-BE-A-A0A0A-Y,Fluxys Belgium,ITP-00542,VIP Belgium - NCG,21Z000000000497Z,exit,kWh/h,,,15008298,2022-05-03T20:54:28+02:00,,Confirmed,,,,,True,,,True,PRISMA,,https://platform.prisma-capacity.eu/,,Cross-Border Transmission IP within EU,0,False
1Physical Flowhour2022-03-27 23:00:00 +00:002022-03-28 00:00:00 +00:00BE-TSO-0001ITP-00542exitkWh/h,1,Physical Flow,hour,2022-03-28T01:00:00+02:00,2022-03-28T02:00:00+02:00,BE-TSO-0001,21X-BE-A-A0A0A-Y,Fluxys Belgium,ITP-00542,VIP Belgium - NCG,21Z000000000497Z,exit,kWh/h,,,16458613,2022-05-03T20:54:28+02:00,,Confirmed,,,,,True,,,True,PRISMA,,https://platform.prisma-capacity.eu/,,Cross-Border Transmission IP within EU,0,False
1Physical Flowhour2022-03-28 00:00:00 +00:002022-03-28 01:00:00 +00:00BE-TSO-0001ITP-00542exitkWh/h,1,Physical Flow,hour,2022-03-28T02:00:00+02:00,2022-03-28T03:00:00+02:00,BE-TSO-0001,21X-BE-A-A0A0A-Y,Fluxys Belgium,ITP-00542,VIP Belgium - NCG,21Z000000000497Z,exit,kWh/h,,,16462923,2022-05-03T20:54:28+02:00,,Confirmed,,,,,True,,,True,PRISMA,,https://platform.prisma-capacity.eu/,,Cross-Border Transmission IP within EU,0,False
1Physical Flowhour2022-03-28 01:00:00 +00:002022-03-28 02:00:00 +00:00BE-TSO-0001ITP-00542exitkWh/h,1,Physical Flow,hour,2022-03-28T03:00:00+02:00,2022-03-28T04:00:00+02:00,BE-TSO-0001,21X-BE-A-A0A0A-Y,Fluxys Belgium,ITP-00542,VIP Belgium - NCG,21Z000000000497Z,exit,kWh/h,,,16512005,2022-05-03T20:54:28+02:00,,Confirmed,,,,,True,,,True,PRISMA,,https://platform.prisma-capacity.eu/,,Cross-Border Transmission IP within EU,0,False
1Physical Flowhour2022-03-28 02:00:00 +00:002022-03-28 03:00:00 +00:00BE-TSO-0001ITP-00542exitkWh/h,1,Physical Flow,hour,2022-03-28T04:00:00+02:00,2022-03-28T05:00:00+02:00,BE-TSO-0001,21X-BE-A-A0A0A-Y,Fluxys Belgium,ITP-00542,VIP Belgium - NCG,21Z000000000497Z,exit,kWh/h,,,16521663,2022-05-03T20:54:28+02:00,,Confirmed,,,,,True,,,True,PRISMA,,https://platform.prisma-capacity.eu/,,Cross-Border Transmission IP within EU,0,False
1Physical Flowhour2022-03-28 03:00:00 +00:002022-03-28 04:00:00 +00:00BE-TSO-0001ITP-00542exitkWh/h,1,Physical Flow,hour,2022-03-28T05:00:00+02:00,2022-03-28T06:00:00+02:00,BE-TSO-0001,21X-BE-A-A0A0A-Y,Fluxys Belgium,ITP-00542,VIP Belgium - NCG,21Z000000000497Z,exit,kWh/h,,,15771861,2022-05-03T20:54:28+02:00,,Confirmed,,,,,True,,,True,PRISMA,,https://platform.prisma-capacity.eu/,,Cross-Border Transmission IP within EU,0,False
1Physical Flowhour2022-03-28 04:00:00 +00:002022-03-28 05:00:00 +00:00BE-TSO-0001ITP-00542exitkWh/h,1,Physical Flow,hour,2022-03-28T06:00:00+02:00,2022-03-28T07:00:00+02:00,BE-TSO-0001,21X-BE-A-A0A0A-Y,Fluxys Belgium,ITP-00542,VIP Belgium - NCG,21Z000000000497Z,exit,kWh/h,,,17187895,2022-05-03T20:54:28+02:00,,Confirmed,,,,,True,,,True,PRISMA,,https://platform.prisma-capacity.eu/,,Cross-Border Transmission IP within EU,0,False
1Physical Flowhour2022-03-28 05:00:00 +00:002022-03-28 06:00:00 +00:00BE-TSO-0001ITP-00542exitkWh/h,1,Physical Flow,hour,2022-03-28T07:00:00+02:00,2022-03-28T08:00:00+02:00,BE-TSO-0001,21X-BE-A-A0A0A-Y,Fluxys Belgium,ITP-00542,VIP Belgium - NCG,21Z000000000497Z,exit,kWh/h,,,17192138,2022-05-03T20:54:28+02:00,,Confirmed,,,,,True,,,True,PRISMA,,https://platform.prisma-capacity.eu/,,Cross-Border Transmission IP within EU,0,False
1Physical Flowhour2022-03-28 06:00:00 +00:002022-03-28 07:00:00 +00:00BE-TSO-0001ITP-00542exitkWh/h,1,Physical Flow,hour,2022-03-28T08:00:00+02:00,2022-03-28T09:00:00+02:00,BE-TSO-0001,21X-BE-A-A0A0A-Y,Fluxys Belgium,ITP-00542,VIP Belgium - NCG,21Z000000000497Z,exit,kWh/h,,,17181054,2022-05-03T20:54:28+02:00,,Confirmed,,,,,True,,,True,PRISMA,,https://platform.prisma-capacity.eu/,,Cross-Border Transmission IP within EU,0,False
1Physical Flowhour2022-03-28 07:00:00 +00:002022-03-28 08:00:00 +00:00BE-TSO-0001ITP-00542exitkWh/h,1,Physical Flow,hour,2022-03-28T09:00:00+02:00,2022-03-28T10:00:00+02:00,BE-TSO-0001,21X-BE-A-A0A0A-Y,Fluxys Belgium,ITP-00542,VIP Belgium - NCG,21Z000000000497Z,exit,kWh/h,,,17187462,2022-05-03T20:54:28+02:00,,Confirmed,,,,,True,,,True,PRISMA,,https://platform.prisma-capacity.eu/,,Cross-Border Transmission IP within EU,0,False
1Physical Flowhour2022-03-28 08:00:00 +00:002022-03-28 09:00:00 +00:00BE-TSO-0001ITP-00542exitkWh/h,1,Physical Flow,hour,2022-03-28T10:00:00+02:00,2022-03-28T11:00:00+02:00,BE-TSO-0001,21X-BE-A-A0A0A-Y,Fluxys Belgium,ITP-00542,VIP Belgium - NCG,21Z000000000497Z,exit,kWh/h,,,16975105,2022-05-03T20:54:28+02:00,,Confirmed,,,,,True,,,True,PRISMA,,https://platform.prisma-capacity.eu/,,Cross-Border Transmission IP within EU,0,False
1Physical Flowhour2022-03-28 09:00:00 +00:002022-03-28 10:00:00 +00:00BE-TSO-0001ITP-00542exitkWh/h,1,Physical Flow,hour,2022-03-28T11:00:00+02:00,2022-03-28T12:00:00+02:00,BE-TSO-0001,21X-BE-A-A0A0A-Y,Fluxys Belgium,ITP-00542,VIP Belgium - NCG,21Z000000000497Z,exit,kWh/h,,,17202580,2022-05-03T20:54:28+02:00,,Confirmed,,,,,True,,,True,PRISMA,,https://platform.prisma-capacity.eu/,,Cross-Border Transmission IP within EU,0,False
1Physical Flowhour2022-03-28 10:00:00 +00:002022-03-28 11:00:00 +00:00BE-TSO-0001ITP-00542exitkWh/h,1,Physical Flow,hour,2022-03-28T12:00:00+02:00,2022-03-28T13:00:00+02:00,BE-TSO-0001,21X-BE-A-A0A0A-Y,Fluxys Belgium,ITP-00542,VIP Belgium - NCG,21Z000000000497Z,exit,kWh/h,,,17196684,2022-05-03T20:54:28+02:00,,Confirmed,,,,,True,,,True,PRISMA,,https://platform.prisma-capacity.eu/,,Cross-Border Transmission IP within EU,0,False
1Physical Flowhour2022-03-28 11:00:00 +00:002022-03-28 12:00:00 +00:00BE-TSO-0001ITP-00542exitkWh/h,1,Physical Flow,hour,2022-03-28T13:00:00+02:00,2022-03-28T14:00:00+02:00,BE-TSO-0001,21X-BE-A-A0A0A-Y,Fluxys Belgium,ITP-00542,VIP Belgium - NCG,21Z000000000497Z,exit,kWh/h,,,17198277,2022-05-03T20:54:28+02:00,,Confirmed,,,,,True,,,True,PRISMA,,https://platform.prisma-capacity.eu/,,Cross-Border Transmission IP within EU,0,False
1Physical Flowhour2022-03-28 12:00:00 +00:002022-03-28 13:00:00 +00:00BE-TSO-0001ITP-00542exitkWh/h,1,Physical Flow,hour,2022-03-28T14:00:00+02:00,2022-03-28T15:00:00+02:00,BE-TSO-0001,21X-BE-A-A0A0A-Y,Fluxys Belgium,ITP-00542,VIP Belgium - NCG,21Z000000000497Z,exit,kWh/h,,,17198983,2022-05-03T20:54:28+02:00,,Confirmed,,,,,True,,,True,PRISMA,,https://platform.prisma-capacity.eu/,,Cross-Border Transmission IP within EU,0,False
1Physical Flowhour2022-03-28 13:00:00 +00:002022-03-28 14:00:00 +00:00BE-TSO-0001ITP-00542exitkWh/h,1,Physical Flow,hour,2022-03-28T15:00:00+02:00,2022-03-28T16:00:00+02:00,BE-TSO-0001,21X-BE-A-A0A0A-Y,Fluxys Belgium,ITP-00542,VIP Belgium - NCG,21Z000000000497Z,exit,kWh/h,,,17195567,2022-05-03T20:54:28+02:00,,Confirmed,,,,,True,,,True,PRISMA,,https://platform.prisma-capacity.eu/,,Cross-Border Transmission IP within EU,0,False
1Physical Flowhour2022-03-28 14:00:00 +00:002022-03-28 15:00:00 +00:00BE-TSO-0001ITP-00542exitkWh/h,1,Physical Flow,hour,2022-03-28T16:00:00+02:00,2022-03-28T17:00:00+02:00,BE-TSO-0001,21X-BE-A-A0A0A-Y,Fluxys Belgium,ITP-00542,VIP Belgium - NCG,21Z000000000497Z,exit,kWh/h,,,16468496,2022-05-03T20:54:28+02:00,,Confirmed,,,,,True,,,True,PRISMA,,https://platform.prisma-capacity.eu/,,Cross-Border Transmission IP within EU,0,False
1Physical Flowhour2022-03-28 15:00:00 +00:002022-03-28 16:00:00 +00:00BE-TSO-0001ITP-00542exitkWh/h,1,Physical Flow,hour,2022-03-28T17:00:00+02:00,2022-03-28T18:00:00+02:00,BE-TSO-0001,21X-BE-A-A0A0A-Y,Fluxys Belgium,ITP-00542,VIP Belgium - NCG,21Z000000000497Z,exit,kWh/h,,,16293262,2022-05-03T20:54:28+02:00,,Confirmed,,,,,True,,,True,PRISMA,,https://platform.prisma-capacity.eu/,,Cross-Border Transmission IP within EU,0,False
1Physical Flowhour2022-03-28 16:00:00 +00:002022-03-28 17:00:00 +00:00BE-TSO-0001ITP-00542exitkWh/h,1,Physical Flow,hour,2022-03-28T18:00:00+02:00,2022-03-28T19:00:00+02:00,BE-TSO-0001,21X-BE-A-A0A0A-Y,Fluxys Belgium,ITP-00542,VIP Belgium - NCG,21Z000000000497Z,exit,kWh/h,,,16179116,2022-05-03T20:54:28+02:00,,Confirmed,,,,,True,,,True,PRISMA,,https://platform.prisma-capacity.eu/,,Cross-Border Transmission IP within EU,0,False
1Physical Flowhour2022-03-28 17:00:00 +00:002022-03-28 18:00:00 +00:00BE-TSO-0001ITP-00542exitkWh/h,1,Physical Flow,hour,2022-03-28T19:00:00+02:00,2022-03-28T20:00:00+02:00,BE-TSO-0001,21X-BE-A-A0A0A-Y,Fluxys Belgium,ITP-00542,VIP Belgium - NCG,21Z000000000497Z,exit,kWh/h,,,16167687,2022-05-03T20:54:28+02:00,,Confirmed,,,,,True,,,True,PRISMA,,https://platform.prisma-capacity.eu/,,Cross-Border Transmission IP within EU,0,False
1Physical Flowhour2022-03-28 18:00:00 +00:002022-03-28 19:00:00 +00:00BE-TSO-0001ITP-00542exitkWh/h,1,Physical Flow,hour,2022-03-28T20:00:00+02:00,2022-03-28T21:00:00+02:00,BE-TSO-0001,21X-BE-A-A0A0A-Y,Fluxys Belgium,ITP-00542,VIP Belgium - NCG,21Z000000000497Z,exit,kWh/h,,,16269680,2022-05-03T20:54:28+02:00,,Confirmed,,,,,True,,,True,PRISMA,,https://platform.prisma-capacity.eu/,,Cross-Border Transmission IP within EU,0,False
1Physical Flowhour2022-03-28 19:00:00 +00:002022-03-28 20:00:00 +00:00BE-TSO-0001ITP-00542exitkWh/h,1,Physical Flow,hour,2022-03-28T21:00:00+02:00,2022-03-28T22:00:00+02:00,BE-TSO-0001,21X-BE-A-A0A0A-Y,Fluxys Belgium,ITP-00542,VIP Belgium - NCG,21Z000000000497Z,exit,kWh/h,,,13955324,2022-05-03T20:54:28+02:00,,Confirmed,,,,,True,,,True,PRISMA,,https://platform.prisma-capacity.eu/,,Cross-Border Transmission IP within EU,0,False
1Physical Flowhour2022-03-28 20:00:00 +00:002022-03-28 21:00:00 +00:00BE-TSO-0001ITP-00542exitkWh/h,1,Physical Flow,hour,2022-03-28T22:00:00+02:00,2022-03-28T23:00:00+02:00,BE-TSO-0001,21X-BE-A-A0A0A-Y,Fluxys Belgium,ITP-00542,VIP Belgium - NCG,21Z000000000497Z,exit,kWh/h,,,13782374,2022-05-03T20:54:28+02:00,,Confirmed,,,,,True,,,True,PRISMA,,https://platform.prisma-capacity.eu/,,Cross-Border Transmission IP within EU,0,False
1Physical Flowhour2022-03-28 21:00:00 +00:002022-03-28 22:00:00 +00:00BE-TSO-0001ITP-00542exitkWh/h,1,Physical Flow,hour,2022-03-28T23:00:00+02:00,2022-03-29T00:00:00+02:00,BE-TSO-0001,21X-BE-A-A0A0A-Y,Fluxys Belgium,ITP-00542,VIP Belgium - NCG,21Z000000000497Z,exit,kWh/h,,,13155374,2022-05-03T20:54:28+02:00,,Confirmed,,,,,True,,,True,PRISMA,,https://platform.prisma-capacity.eu/,,Cross-Border Transmission IP within EU,0,False
1Physical Flowhour2022-03-28 22:00:00 +00:002022-03-28 23:00:00 +00:00BE-TSO-0001ITP-00542exitkWh/h,1,Physical Flow,hour,2022-03-29T00:00:00+02:00,2022-03-29T01:00:00+02:00,BE-TSO-0001,21X-BE-A-A0A0A-Y,Fluxys Belgium,ITP-00542,VIP Belgium - NCG,21Z000000000497Z,exit,kWh/h,,,12281726,2022-05-03T20:54:28+02:00,,Confirmed,,,,,True,,,True,PRISMA,,https://platform.prisma-capacity.eu/,,Cross-Border Transmission IP within EU,0,False
1Physical Flowhour2022-03-28 23:00:00 +00:002022-03-29 00:00:00 +00:00BE-TSO-0001ITP-00542exitkWh/h,1,Physical Flow,hour,2022-03-29T01:00:00+02:00,2022-03-29T02:00:00+02:00,BE-TSO-0001,21X-BE-A-A0A0A-Y,Fluxys Belgium,ITP-00542,VIP Belgium - NCG,21Z000000000497Z,exit,kWh/h,,,12225060,2022-05-03T20:54:28+02:00,,Confirmed,,,,,True,,,True,PRISMA,,https://platform.prisma-capacity.eu/,,Cross-Border Transmission IP within EU,0,False
1Physical Flowhour2022-03-29 00:00:00 +00:002022-03-29 01:00:00 +00:00BE-TSO-0001ITP-00542exitkWh/h,1,Physical Flow,hour,2022-03-29T02:00:00+02:00,2022-03-29T03:00:00+02:00,BE-TSO-0001,21X-BE-A-A0A0A-Y,Fluxys Belgium,ITP-00542,VIP Belgium - NCG,21Z000000000497Z,exit,kWh/h,,,11738549,2022-05-03T20:54:28+02:00,,Confirmed,,,,,True,,,True,PRISMA,,https://platform.prisma-capacity.eu/,,Cross-Border Transmission IP within EU,0,False
1Physical Flowhour2022-03-29 01:00:00 +00:002022-03-29 02:00:00 +00:00BE-TSO-0001ITP-00542exitkWh/h,1,Physical Flow,hour,2022-03-29T03:00:00+02:00,2022-03-29T04:00:00+02:00,BE-TSO-0001,21X-BE-A-A0A0A-Y,Fluxys Belgium,ITP-00542,VIP Belgium - NCG,21Z000000000497Z,exit,kWh/h,,,11397231,2022-05-03T20:54:28+02:00,,Confirmed,,,,,True,,,True,PRISMA,,https://platform.prisma-capacity.eu/,,Cross-Border Transmission IP within EU,0,False
1Physical Flowhour2022-03-29 02:00:00 +00:002022-03-29 03:00:00 +00:00BE-TSO-0001ITP-00542exitkWh/h,1,Physical Flow,hour,2022-03-29T04:00:00+02:00,2022-03-29T05:00:00+02:00,BE-TSO-0001,21X-BE-A-A0A0A-Y,Fluxys Belgium,ITP-00542,VIP Belgium - NCG,21Z000000000497Z,exit,kWh/h,,,11397076,2022-05-03T20:54:28+02:00,,Confirmed,,,,,True,,,True,PRISMA,,https://platform.prisma-capacity.eu/,,Cross-Border Transmission IP within EU,0,False
1Physical Flowhour2022-03-29 03:00:00 +00:002022-03-29 04:00:00 +00:00BE-TSO-0001ITP-00542exitkWh/h,1,Physical Flow,hour,2022-03-29T05:00:00+02:00,2022-03-29T06:00:00+02:00,BE-TSO-0001,21X-BE-A-A0A0A-Y,Fluxys Belgium,ITP-00542,VIP Belgium - NCG,21Z000000000497Z,exit,kWh/h,,,11115218,2022-05-03T20:54:28+02:00,,Confirmed,,,,,True,,,True,PRISMA,,https://platform.prisma-capacity.eu/,,Cross-Border Transmission IP within EU,0,False
1Physical Flowhour2022-03-29 04:00:00 +00:002022-03-29 05:00:00 +00:00BE-TSO-0001ITP-00542exitkWh/h,1,Physical Flow,hour,2022-03-29T06:00:00+02:00,2022-03-29T07:00:00+02:00,BE-TSO-0001,21X-BE-A-A0A0A-Y,Fluxys Belgium,ITP-00542,VIP Belgium - NCG,21Z000000000497Z,exit,kWh/h,,,13138338,2022-05-03T20:54:28+02:00,,Confirmed,,,,,True,,,True,PRISMA,,https://platform.prisma-capacity.eu/,,Cross-Border Transmission IP within EU,0,False
1Physical Flowhour2022-03-29 05:00:00 +00:002022-03-29 06:00:00 +00:00BE-TSO-0001ITP-00542exitkWh/h,1,Physical Flow,hour,2022-03-29T07:00:00+02:00,2022-03-29T08:00:00+02:00,BE-TSO-0001,21X-BE-A-A0A0A-Y,Fluxys Belgium,ITP-00542,VIP Belgium - NCG,21Z000000000497Z,exit,kWh/h,,,14064151,2022-05-03T20:54:28+02:00,,Confirmed,,,,,True,,,True,PRISMA,,https://platform.prisma-capacity.eu/,,Cross-Border Transmission IP within EU,0,False
1Physical Flowhour2022-03-29 06:00:00 +00:002022-03-29 07:00:00 +00:00BE-TSO-0001ITP-00542exitkWh/h,1,Physical Flow,hour,2022-03-29T08:00:00+02:00,2022-03-29T09:00:00+02:00,BE-TSO-0001,21X-BE-A-A0A0A-Y,Fluxys Belgium,ITP-00542,VIP Belgium - NCG,21Z000000000497Z,exit,kWh/h,,,14140256,2022-05-03T20:54:28+02:00,,Confirmed,,,,,True,,,True,PRISMA,,https://platform.prisma-capacity.eu/,,Cross-Border Transmission IP within EU,0,False
1Physical Flowhour2022-03-29 07:00:00 +00:002022-03-29 08:00:00 +00:00BE-TSO-0001ITP-00542exitkWh/h,1,Physical Flow,hour,2022-03-29T09:00:00+02:00,2022-03-29T10:00:00+02:00,BE-TSO-0001,21X-BE-A-A0A0A-Y,Fluxys Belgium,ITP-00542,VIP Belgium - NCG,21Z000000000497Z,exit,kWh/h,,,14130718,2022-05-03T20:54:28+02:00,,Confirmed,,,,,True,,,True,PRISMA,,https://platform.prisma-capacity.eu/,,Cross-Border Transmission IP within EU,0,False
1Physical Flowhour2022-03-29 08:00:00 +00:002022-03-29 09:00:00 +00:00BE-TSO-0001ITP-00542exitkWh/h,1,Physical Flow,hour,2022-03-29T10:00:00+02:00,2022-03-29T11:00:00+02:00,BE-TSO-0001,21X-BE-A-A0A0A-Y,Fluxys Belgium,ITP-00542,VIP Belgium - NCG,21Z000000000497Z,exit,kWh/h,,,14140634,2022-05-03T20:54:28+02:00,,Confirmed,,,,,True,,,True,PRISMA,,https://platform.prisma-capacity.eu/,,Cross-Border Transmission IP within EU,0,False
1Physical Flowhour2022-03-29 09:00:00 +00:002022-03-29 10:00:00 +00:00BE-TSO-0001ITP-00542exitkWh/h,1,Physical Flow,hour,2022-03-29T11:00:00+02:00,2022-03-29T12:00:00+02:00,BE-TSO-0001,21X-BE-A-A0A0A-Y,Fluxys Belgium,ITP-00542,VIP Belgium - NCG,21Z000000000497Z,exit,kWh/h,,,14139351,2022-05-03T20:54:28+02:00,,Confirmed,,,,,True,,,True,PRISMA,,https://platform.prisma-capacity.eu/,,Cross-Border Transmission IP within EU,0,False
1Physical Flowhour2022-03-29 10:00:00 +00:002022-03-29 11:00:00 +00:00BE-TSO-0001ITP-00542exitkWh/h,1,Physical Flow,hour,2022-03-29T12:00:00+02:00,2022-03-29T13:00:00+02:00,BE-TSO-0001,21X-BE-A-A0A0A-Y,Fluxys Belgium,ITP-00542,VIP Belgium - NCG,21Z000000000497Z,exit,kWh/h,,,14141602,2022-05-03T20:54:28+02:00,,Confirmed,,,,,True,,,True,PRISMA,,https://platform.prisma-capacity.eu/,,Cross-Border Transmission IP within EU,0,False
1Physical Flowhour2022-03-29 11:00:00 +00:002022-03-29 12:00:00 +00:00BE-TSO-0001ITP-00542exitkWh/h,1,Physical Flow,hour,2022-03-29T13:00:00+02:00,2022-03-29T14:00:00+02:00,BE-TSO-0001,21X-BE-A-A0A0A-Y,Fluxys Belgium,ITP-00542,VIP Belgium - NCG,21Z000000000497Z,exit,kWh/h,,,14038822,2022-05-03T20:54:28+02:00,,Confirmed,,,,,True,,,True,PRISMA,,https://platform.prisma-capacity.eu/,,Cross-Border Transmission IP within EU,0,False
1Physical Flowhour2022-03-29 12:00:00 +00:002022-03-29 13:00:00 +00:00BE-TSO-0001ITP-00542exitkWh/h,1,Physical Flow,hour,2022-03-29T14:00:00+02:00,2022-03-29T15:00:00+02:00,BE-TSO-0001,21X-BE-A-A0A0A-Y,Fluxys Belgium,ITP-00542,VIP Belgium - NCG,21Z000000000497Z,exit,kWh/h,,,14039882,2022-05-03T20:54:28+02:00,,Confirmed,,,,,True,,,True,PRISMA,,https://platform.prisma-capacity.eu/,,Cross-Border Transmission IP within EU,0,False
1Physical Flowhour2022-03-29 13:00:00 +00:002022-03-29 14:00:00 +00:00BE-TSO-0001ITP-00542exitkWh/h,1,Physical Flow,hour,2022-03-29T15:00:00+02:00,2022-03-29T16:00:00+02:00,BE-TSO-0001,21X-BE-A-A0A0A-Y,Fluxys Belgium,ITP-00542,VIP Belgium - NCG,21Z000000000497Z,exit,kWh/h,,,14092227,2022-05-03T20:54:28+02:00,,Confirmed,,,,,True,,,True,PRISMA,,https://platform.prisma-capacity.eu/,,Cross-Border Transmission IP within EU,0,False
1Physical Flowhour2022-03-29 14:00:00 +00:002022-03-29 15:00:00 +00:00BE-TSO-0001ITP-00542exitkWh/h,1,Physical Flow,hour,2022-03-29T16:00:00+02:00,2022-03-29T17:00:00+02:00,BE-TSO-0001,21X-BE-A-A0A0A-Y,Fluxys Belgium,ITP-00542,VIP Belgium - NCG,21Z000000000497Z,exit,kWh/h,,,12293015,2022-05-03T20:54:28+02:00,,Confirmed,,,,,True,,,True,PRISMA,,https://platform.prisma-capacity.eu/,,Cross-Border Transmission IP within EU,0,False
1Physical Flowhour2022-03-29 15:00:00 +00:002022-03-29 16:00:00 +00:00BE-TSO-0001ITP-00542exitkWh/h,1,Physical Flow,hour,2022-03-29T17:00:00+02:00,2022-03-29T18:00:00+02:00,BE-TSO-0001,21X-BE-A-A0A0A-Y,Fluxys Belgium,ITP-00542,VIP Belgium - NCG,21Z000000000497Z,exit,kWh/h,,,12291007,2022-05-03T20:54:28+02:00,,Confirmed,,,,,True,,,True,PRISMA,,https://platform.prisma-capacity.eu/,,Cross-Border Transmission IP within EU,0,False
1Physical Flowhour2022-03-29 16:00:00 +00:002022-03-29 17:00:00 +00:00BE-TSO-0001ITP-00542exitkWh/h,1,Physical Flow,hour,2022-03-29T18:00:00+02:00,2022-03-29T19:00:00+02:00,BE-TSO-0001,21X-BE-A-A0A0A-Y,Fluxys Belgium,ITP-00542,VIP Belgium - NCG,21Z000000000497Z,exit,kWh/h,,,11446753,2022-05-03T20:54:28+02:00,,Confirmed,,,,,True,,,True,PRISMA,,https://platform.prisma-capacity.eu/,,Cross-Border Transmission IP within EU,0,False
1Physical Flowhour2022-03-29 17:00:00 +00:002022-03-29 18:00:00 +00:00BE-TSO-0001ITP-00542exitkWh/h,1,Physical Flow,hour,2022-03-29T19:00:00+02:00,2022-03-29T20:00:00+02:00,BE-TSO-0001,21X-BE-A-A0A0A-Y,Fluxys Belgium,ITP-00542,VIP Belgium - NCG,21Z000000000497Z,exit,kWh/h,,,12392113,2022-05-03T20:54:28+02:00,,Confirmed,,,,,True,,,True,PRISMA,,https://platform.prisma-capacity.eu/,,Cross-Border Transmission IP within EU,0,False
1Physical Flowhour2022-03-29 18:00:00 +00:002022-03-29 19:00:00 +00:00BE-TSO-0001ITP-00542exitkWh/h,1,Physical Flow,hour,2022-03-29T20:00:00+02:00,2022-03-29T21:00:00+02:00,BE-TSO-0001,21X-BE-A-A0A0A-Y,Fluxys Belgium,ITP-00542,VIP Belgium - NCG,21Z000000000497Z,exit,kWh/h,,,12802613,2022-05-03T20:54:28+02:00,,Confirmed,,,,,True,,,True,PRISMA,,https://platform.prisma-capacity.eu/,,Cross-Border Transmission IP within EU,0,False
1Physical Flowhour2022-03-29 19:00:00 +00:002022-03-29 20:00:00 +00:00BE-TSO-0001ITP-00542exitkWh/h,1,Physical Flow,hour,2022-03-29T21:00:00+02:00,2022-03-29T22:00:00+02:00,BE-TSO-0001,21X-BE-A-A0A0A-Y,Fluxys Belgium,ITP-00542,VIP Belgium - NCG,21Z000000000497Z,exit,kWh/h,,,12988403,2022-05-03T20:54:28+02:00,,Confirmed,,,,,True,,,True,PRISMA,,https://platform.prisma-capacity.eu/,,Cross-Border Transmission IP within EU,0,False
1Physical Flowhour2022-03-29 20:00:00 +00:002022-03-29 21:00:00 +00:00BE-TSO-0001ITP-00542exitkWh/h,1,Physical Flow,hour,2022-03-29T22:00:00+02:00,2022-03-29T23:00:00+02:00,BE-TSO-0001,21X-BE-A-A0A0A-Y,Fluxys Belgium,ITP-00542,VIP Belgium - NCG,21Z000000000497Z,exit,kWh/h,,,13202197,2022-05-03T20:54:28+02:00,,Confirmed,,,,,True,,,True,PRISMA,,https://platform.prisma-capacity.eu/,,Cross-Border Transmission IP within EU,0,False
1Physical Flowhour2022-03-29 21:00:00 +00:002022-03-29 22:00:00 +00:00BE-TSO-0001ITP-00542exitkWh/h,1,Physical Flow,hour,2022-03-29T23:00:00+02:00,2022-03-30T00:00:00+02:00,BE-TSO-0001,21X-BE-A-A0A0A-Y,Fluxys Belgium,ITP-00542,VIP Belgium - NCG,21Z000000000497Z,exit,kWh/h,,,12866351,2022-05-03T20:54:28+02:00,,Confirmed,,,,,True,,,True,PRISMA,,https://platform.prisma-capacity.eu/,,Cross-Border Transmission IP within EU,0,False
1Physical Flowhour2022-03-29 22:00:00 +00:002022-03-29 23:00:00 +00:00BE-TSO-0001ITP-00542exitkWh/h,1,Physical Flow,hour,2022-03-30T00:00:00+02:00,2022-03-30T01:00:00+02:00,BE-TSO-0001,21X-BE-A-A0A0A-Y,Fluxys Belgium,ITP-00542,VIP Belgium - NCG,21Z000000000497Z,exit,kWh/h,,,13606994,2022-05-03T20:54:28+02:00,,Confirmed,,,,,True,,,True,PRISMA,,https://platform.prisma-capacity.eu/,,Cross-Border Transmission IP within EU,0,False
1Physical Flowhour2022-03-29 23:00:00 +00:002022-03-30 00:00:00 +00:00BE-TSO-0001ITP-00542exitkWh/h,1,Physical Flow,hour,2022-03-30T01:00:00+02:00,2022-03-30T02:00:00+02:00,BE-TSO-0001,21X-BE-A-A0A0A-Y,Fluxys Belgium,ITP-00542,VIP Belgium - NCG,21Z000000000497Z,exit,kWh/h,,,13640964,2022-05-03T20:54:28+02:00,,Confirmed,,,,,True,,,True,PRISMA,,https://platform.prisma-capacity.eu/,,Cross-Border Transmission IP within EU,0,False
1Physical Flowhour2022-03-30 00:00:00 +00:002022-03-30 01:00:00 +00:00BE-TSO-0001ITP-00542exitkWh/h,1,Physical Flow,hour,2022-03-30T02:00:00+02:00,2022-03-30T03:00:00+02:00,BE-TSO-0001,21X-BE-A-A0A0A-Y,Fluxys Belgium,ITP-00542,VIP Belgium - NCG,21Z000000000497Z,exit,kWh/h,,,13446887,2022-05-03T20:54:28+02:00,,Confirmed,,,,,True,,,True,PRISMA,,https://platform.prisma-capacity.eu/,,Cross-Border Transmission IP within EU,0,False
1Physical Flowhour2022-03-30 01:00:00 +00:002022-03-30 02:00:00 +00:00BE-TSO-0001ITP-00542exitkWh/h,1,Physical Flow,hour,2022-03-30T03:00:00+02:00,2022-03-30T04:00:00+02:00,BE-TSO-0001,21X-BE-A-A0A0A-Y,Fluxys Belgium,ITP-00542,VIP Belgium - NCG,21Z000000000497Z,exit,kWh/h,,,13521753,2022-05-03T20:54:28+02:00,,Confirmed,,,,,True,,,True,PRISMA,,https://platform.prisma-capacity.eu/,,Cross-Border Transmission IP within EU,0,False
1Physical Flowhour2022-03-30 02:00:00 +00:002022-03-30 03:00:00 +00:00BE-TSO-0001ITP-00542exitkWh/h,1,Physical Flow,hour,2022-03-30T04:00:00+02:00,2022-03-30T05:00:00+02:00,BE-TSO-0001,21X-BE-A-A0A0A-Y,Fluxys Belgium,ITP-00542,VIP Belgium - NCG,21Z000000000497Z,exit,kWh/h,,,14008311,2022-05-03T20:54:28+02:00,,Confirmed,,,,,True,,,True,PRISMA,,https://platform.prisma-capacity.eu/,,Cross-Border Transmission IP within EU,0,False
1Physical Flowhour2022-03-30 03:00:00 +00:002022-03-30 04:00:00 +00:00BE-TSO-0001ITP-00542exitkWh/h,1,Physical Flow,hour,2022-03-30T05:00:00+02:00,2022-03-30T06:00:00+02:00,BE-TSO-0001,21X-BE-A-A0A0A-Y,Fluxys Belgium,ITP-00542,VIP Belgium - NCG,21Z000000000497Z,exit,kWh/h,,,14117654,2022-05-03T20:54:28+02:00,,Confirmed,,,,,True,,,True,PRISMA,,https://platform.prisma-capacity.eu/,,Cross-Border Transmission IP within EU,0,False
1Physical Flowhour2022-03-30 04:00:00 +00:002022-03-30 05:00:00 +00:00BE-TSO-0001ITP-00542exitkWh/h,1,Physical Flow,hour,2022-03-30T06:00:00+02:00,2022-03-30T07:00:00+02:00,BE-TSO-0001,21X-BE-A-A0A0A-Y,Fluxys Belgium,ITP-00542,VIP Belgium - NCG,21Z000000000497Z,exit,kWh/h,,,14053238,2022-05-03T20:54:28+02:00,,Confirmed,,,,,True,,,True,PRISMA,,https://platform.prisma-capacity.eu/,,Cross-Border Transmission IP within EU,0,False
1Physical Flowhour2022-03-30 05:00:00 +00:002022-03-30 06:00:00 +00:00BE-TSO-0001ITP-00542exitkWh/h,1,Physical Flow,hour,2022-03-30T07:00:00+02:00,2022-03-30T08:00:00+02:00,BE-TSO-0001,21X-BE-A-A0A0A-Y,Fluxys Belgium,ITP-00542,VIP Belgium - NCG,21Z000000000497Z,exit,kWh/h,,,14054854,2022-05-03T20:54:28+02:00,,Confirmed,,,,,True,,,True,PRISMA,,https://platform.prisma-capacity.eu/,,Cross-Border Transmission IP within EU,0,False
1Physical Flowhour2022-03-30 06:00:00 +00:002022-03-30 07:00:00 +00:00BE-TSO-0001ITP-00542exitkWh/h,1,Physical Flow,hour,2022-03-30T08:00:00+02:00,2022-03-30T09:00:00+02:00,BE-TSO-0001,21X-BE-A-A0A0A-Y,Fluxys Belgium,ITP-00542,VIP Belgium - NCG,21Z000000000497Z,exit,kWh/h,,,14052531,2022-05-03T20:54:28+02:00,,Confirmed,,,,,True,,,True,PRISMA,,https://platform.prisma-capacity.eu/,,Cross-Border Transmission IP within EU,0,False
1Physical Flowhour2022-03-30 07:00:00 +00:002022-03-30 08:00:00 +00:00BE-TSO-0001ITP-00542exitkWh/h,1,Physical Flow,hour,2022-03-30T09:00:00+02:00,2022-03-30T10:00:00+02:00,BE-TSO-0001,21X-BE-A-A0A0A-Y,Fluxys Belgium,ITP-00542,VIP Belgium - NCG,21Z000000000497Z,exit,kWh/h,,,14043114,2022-05-03T20:54:28+02:00,,Confirmed,,,,,True,,,True,PRISMA,,https://platform.prisma-capacity.eu/,,Cross-Border Transmission IP within EU,0,False
1Physical Flowhour2022-03-30 08:00:00 +00:002022-03-30 09:00:00 +00:00BE-TSO-0001ITP-00542exitkWh/h,1,Physical Flow,hour,2022-03-30T10:00:00+02:00,2022-03-30T11:00:00+02:00,BE-TSO-0001,21X-BE-A-A0A0A-Y,Fluxys Belgium,ITP-00542,VIP Belgium - NCG,21Z000000000497Z,exit,kWh/h,,,14038350,2022-05-03T20:54:28+02:00,,Confirmed,,,,,True,,,True,PRISMA,,https://platform.prisma-capacity.eu/,,Cross-Border Transmission IP within EU,0,False
1Physical Flowhour2022-03-30 09:00:00 +00:002022-03-30 10:00:00 +00:00BE-TSO-0001ITP-00542exitkWh/h,1,Physical Flow,hour,2022-03-30T11:00:00+02:00,2022-03-30T12:00:00+02:00,BE-TSO-0001,21X-BE-A-A0A0A-Y,Fluxys Belgium,ITP-00542,VIP Belgium - NCG,21Z000000000497Z,exit,kWh/h,,,14069702,2022-05-03T20:54:28+02:00,,Confirmed,,,,,True,,,True,PRISMA,,https://platform.prisma-capacity.eu/,,Cross-Border Transmission IP within EU,0,False
1Physical Flowhour2022-03-30 10:00:00 +00:002022-03-30 11:00:00 +00:00BE-TSO-0001ITP-00542exitkWh/h,1,Physical Flow,hour,2022-03-30T12:00:00+02:00,2022-03-30T13:00:00+02:00,BE-TSO-0001,21X-BE-A-A0A0A-Y,Fluxys Belgium,ITP-00542,VIP Belgium - NCG,21Z000000000497Z,exit,kWh/h,,,14054917,2022-05-03T20:54:28+02:00,,Confirmed,,,,,True,,,True,PRISMA,,https://platform.prisma-capacity.eu/,,Cross-Border Transmission IP within EU,0,False
1Physical Flowhour2022-03-30 11:00:00 +00:002022-03-30 12:00:00 +00:00BE-TSO-0001ITP-00542exitkWh/h,1,Physical Flow,hour,2022-03-30T13:00:00+02:00,2022-03-30T14:00:00+02:00,BE-TSO-0001,21X-BE-A-A0A0A-Y,Fluxys Belgium,ITP-00542,VIP Belgium - NCG,21Z000000000497Z,exit,kWh/h,,,14477344,2022-05-03T20:54:28+02:00,,Confirmed,,,,,True,,,True,PRISMA,,https://platform.prisma-capacity.eu/,,Cross-Border Transmission IP within EU,0,False
1Physical Flowhour2022-03-30 12:00:00 +00:002022-03-30 13:00:00 +00:00BE-TSO-0001ITP-00542exitkWh/h,1,Physical Flow,hour,2022-03-30T14:00:00+02:00,2022-03-30T15:00:00+02:00,BE-TSO-0001,21X-BE-A-A0A0A-Y,Fluxys Belgium,ITP-00542,VIP Belgium - NCG,21Z000000000497Z,exit,kWh/h,,,14479981,2022-05-03T20:54:28+02:00,,Confirmed,,,,,True,,,True,PRISMA,,https://platform.prisma-capacity.eu/,,Cross-Border Transmission IP within EU,0,False
1Physical Flowhour2022-03-30 13:00:00 +00:002022-03-30 14:00:00 +00:00BE-TSO-0001ITP-00542exitkWh/h,1,Physical Flow,hour,2022-03-30T15:00:00+02:00,2022-03-30T16:00:00+02:00,BE-TSO-0001,21X-BE-A-A0A0A-Y,Fluxys Belgium,ITP-00542,VIP Belgium - NCG,21Z000000000497Z,exit,kWh/h,,,14481978,2022-05-03T20:54:28+02:00,,Confirmed,,,,,True,,,True,PRISMA,,https://platform.prisma-capacity.eu/,,Cross-Border Transmission IP within EU,0,False
1Physical Flowhour2022-03-30 14:00:00 +00:002022-03-30 15:00:00 +00:00BE-TSO-0001ITP-00542exitkWh/h,1,Physical Flow,hour,2022-03-30T16:00:00+02:00,2022-03-30T17:00:00+02:00,BE-TSO-0001,21X-BE-A-A0A0A-Y,Fluxys Belgium,ITP-00542,VIP Belgium - NCG,21Z000000000497Z,exit,kWh/h,,,14551464,2022-05-03T20:54:28+02:00,,Confirmed,,,,,True,,,True,PRISMA,,https://platform.prisma-capacity.eu/,,Cross-Border Transmission IP within EU,0,False
1Physical Flowhour2022-03-30 15:00:00 +00:002022-03-30 16:00:00 +00:00BE-TSO-0001ITP-00542exitkWh/h,1,Physical Flow,hour,2022-03-30T17:00:00+02:00,2022-03-30T18:00:00+02:00,BE-TSO-0001,21X-BE-A-A0A0A-Y,Fluxys Belgium,ITP-00542,VIP Belgium - NCG,21Z000000000497Z,exit,kWh/h,,,14676335,2022-05-03T20:54:28+02:00,,Confirmed,,,,,True,,,True,PRISMA,,https://platform.prisma-capacity.eu/,,Cross-Border Transmission IP within EU,0,False
1Physical Flowhour2022-03-30 16:00:00 +00:002022-03-30 17:00:00 +00:00BE-TSO-0001ITP-00542exitkWh/h,1,Physical Flow,hour,2022-03-30T18:00:00+02:00,2022-03-30T19:00:00+02:00,BE-TSO-0001,21X-BE-A-A0A0A-Y,Fluxys Belgium,ITP-00542,VIP Belgium - NCG,21Z000000000497Z,exit,kWh/h,,,14675997,2022-05-03T20:54:28+02:00,,Confirmed,,,,,True,,,True,PRISMA,,https://platform.prisma-capacity.eu/,,Cross-Border Transmission IP within EU,0,False
1Physical Flowhour2022-03-30 17:00:00 +00:002022-03-30 18:00:00 +00:00BE-TSO-0001ITP-00542exitkWh/h,1,Physical Flow,hour,2022-03-30T19:00:00+02:00,2022-03-30T20:00:00+02:00,BE-TSO-0001,21X-BE-A-A0A0A-Y,Fluxys Belgium,ITP-00542,VIP Belgium - NCG,21Z000000000497Z,exit,kWh/h,,,14542544,2022-05-03T20:54:28+02:00,,Confirmed,,,,,True,,,True,PRISMA,,https://platform.prisma-capacity.eu/,,Cross-Border Transmission IP within EU,0,False
1Physical Flowhour2022-03-30 18:00:00 +00:002022-03-30 19:00:00 +00:00BE-TSO-0001ITP-00542exitkWh/h,1,Physical Flow,hour,2022-03-30T20:00:00+02:00,2022-03-30T21:00:00+02:00,BE-TSO-0001,21X-BE-A-A0A0A-Y,Fluxys Belgium,ITP-00542,VIP Belgium - NCG,21Z000000000497Z,exit,kWh/h,,,13582755,2022-05-03T20:54:28+02:00,,Confirmed,,,,,True,,,True,PRISMA,,https://platform.prisma-capacity.eu/,,Cross-Border Transmission IP within EU,0,False
1Physical Flowhour2022-03-30 19:00:00 +00:002022-03-30 20:00:00 +00:00BE-TSO-0001ITP-00542exitkWh/h,1,Physical Flow,hour,2022-03-30T21:00:00+02:00,2022-03-30T22:00:00+02:00,BE-TSO-0001,21X-BE-A-A0A0A-Y,Fluxys Belgium,ITP-00542,VIP Belgium - NCG,21Z000000000497Z,exit,kWh/h,,,13247428,2022-05-03T20:54:28+02:00,,Confirmed,,,,,True,,,True,PRISMA,,https://platform.prisma-capacity.eu/,,Cross-Border Transmission IP within EU,0,False
1Physical Flowhour2022-03-30 20:00:00 +00:002022-03-30 21:00:00 +00:00BE-TSO-0001ITP-00542exitkWh/h,1,Physical Flow,hour,2022-03-30T22:00:00+02:00,2022-03-30T23:00:00+02:00,BE-TSO-0001,21X-BE-A-A0A0A-Y,Fluxys Belgium,ITP-00542,VIP Belgium - NCG,21Z000000000497Z,exit,kWh/h,,,12519768,2022-05-03T20:54:28+02:00,,Confirmed,,,,,True,,,True,PRISMA,,https://platform.prisma-capacity.eu/,,Cross-Border Transmission IP within EU,0,False
1Physical Flowhour2022-03-30 21:00:00 +00:002022-03-30 22:00:00 +00:00BE-TSO-0001ITP-00542exitkWh/h,1,Physical Flow,hour,2022-03-30T23:00:00+02:00,2022-03-31T00:00:00+02:00,BE-TSO-0001,21X-BE-A-A0A0A-Y,Fluxys Belgium,ITP-00542,VIP Belgium - NCG,21Z000000000497Z,exit,kWh/h,,,12851884,2022-05-03T20:54:28+02:00,,Confirmed,,,,,True,,,True,PRISMA,,https://platform.prisma-capacity.eu/,,Cross-Border Transmission IP within EU,0,False
1Physical Flowhour2022-03-30 22:00:00 +00:002022-03-30 23:00:00 +00:00BE-TSO-0001ITP-00542exitkWh/h,1,Physical Flow,hour,2022-03-31T00:00:00+02:00,2022-03-31T01:00:00+02:00,BE-TSO-0001,21X-BE-A-A0A0A-Y,Fluxys Belgium,ITP-00542,VIP Belgium - NCG,21Z000000000497Z,exit,kWh/h,,,14335805,2022-05-03T20:54:28+02:00,,Confirmed,,,,,True,,,True,PRISMA,,https://platform.prisma-capacity.eu/,,Cross-Border Transmission IP within EU,0,False
1Physical Flowhour2022-03-30 23:00:00 +00:002022-03-31 00:00:00 +00:00BE-TSO-0001ITP-00542exitkWh/h,1,Physical Flow,hour,2022-03-31T01:00:00+02:00,2022-03-31T02:00:00+02:00,BE-TSO-0001,21X-BE-A-A0A0A-Y,Fluxys Belgium,ITP-00542,VIP Belgium - NCG,21Z000000000497Z,exit,kWh/h,,,16530486,2022-05-03T20:54:28+02:00,,Confirmed,,,,,True,,,True,PRISMA,,https://platform.prisma-capacity.eu/,,Cross-Border Transmission IP within EU,0,False
1Physical Flowhour2022-03-31 00:00:00 +00:002022-03-31 01:00:00 +00:00BE-TSO-0001ITP-00542exitkWh/h,1,Physical Flow,hour,2022-03-31T02:00:00+02:00,2022-03-31T03:00:00+02:00,BE-TSO-0001,21X-BE-A-A0A0A-Y,Fluxys Belgium,ITP-00542,VIP Belgium - NCG,21Z000000000497Z,exit,kWh/h,,,16332157,2022-05-03T20:54:28+02:00,,Confirmed,,,,,True,,,True,PRISMA,,https://platform.prisma-capacity.eu/,,Cross-Border Transmission IP within EU,0,False
1Physical Flowhour2022-03-31 01:00:00 +00:002022-03-31 02:00:00 +00:00BE-TSO-0001ITP-00542exitkWh/h,1,Physical Flow,hour,2022-03-31T03:00:00+02:00,2022-03-31T04:00:00+02:00,BE-TSO-0001,21X-BE-A-A0A0A-Y,Fluxys Belgium,ITP-00542,VIP Belgium - NCG,21Z000000000497Z,exit,kWh/h,,,16733493,2022-05-03T20:54:28+02:00,,Confirmed,,,,,True,,,True,PRISMA,,https://platform.prisma-capacity.eu/,,Cross-Border Transmission IP within EU,0,False
1Physical Flowhour2022-03-31 02:00:00 +00:002022-03-31 03:00:00 +00:00BE-TSO-0001ITP-00542exitkWh/h,1,Physical Flow,hour,2022-03-31T04:00:00+02:00,2022-03-31T05:00:00+02:00,BE-TSO-0001,21X-BE-A-A0A0A-Y,Fluxys Belgium,ITP-00542,VIP Belgium - NCG,21Z000000000497Z,exit,kWh/h,,,16731011,2022-05-03T20:54:28+02:00,,Confirmed,,,,,True,,,True,PRISMA,,https://platform.prisma-capacity.eu/,,Cross-Border Transmission IP within EU,0,False
1Physical Flowhour2022-03-31 03:00:00 +00:002022-03-31 04:00:00 +00:00BE-TSO-0001ITP-00542exitkWh/h,1,Physical Flow,hour,2022-03-31T05:00:00+02:00,2022-03-31T06:00:00+02:00,BE-TSO-0001,21X-BE-A-A0A0A-Y,Fluxys Belgium,ITP-00542,VIP Belgium - NCG,21Z000000000497Z,exit,kWh/h,,,16725331,2022-05-03T20:54:28+02:00,,Confirmed,,,,,True,,,True,PRISMA,,https://platform.prisma-capacity.eu/,,Cross-Border Transmission IP within EU,0,False
1Physical Flowhour2022-03-31 04:00:00 +00:002022-03-31 05:00:00 +00:00BE-TSO-0001ITP-00542exitkWh/h,1,Physical Flow,hour,2022-03-31T06:00:00+02:00,2022-03-31T07:00:00+02:00,BE-TSO-0001,21X-BE-A-A0A0A-Y,Fluxys Belgium,ITP-00542,VIP Belgium - NCG,21Z000000000497Z,exit,kWh/h,,,16739600,2022-05-03T20:54:28+02:00,,Confirmed,,,,,True,,,True,PRISMA,,https://platform.prisma-capacity.eu/,,Cross-Border Transmission IP within EU,0,False
1Physical Flowhour2022-03-31 05:00:00 +00:002022-03-31 06:00:00 +00:00BE-TSO-0001ITP-00542exitkWh/h,1,Physical Flow,hour,2022-03-31T07:00:00+02:00,2022-03-31T08:00:00+02:00,BE-TSO-0001,21X-BE-A-A0A0A-Y,Fluxys Belgium,ITP-00542,VIP Belgium - NCG,21Z000000000497Z,exit,kWh/h,,,16732719,2022-05-03T20:54:28+02:00,,Confirmed,,,,,True,,,True,PRISMA,,https://platform.prisma-capacity.eu/,,Cross-Border Transmission IP within EU,0,False
1Physical Flowhour2022-03-31 06:00:00 +00:002022-03-31 07:00:00 +00:00BE-TSO-0001ITP-00542exitkWh/h,1,Physical Flow,hour,2022-03-31T08:00:00+02:00,2022-03-31T09:00:00+02:00,BE-TSO-0001,21X-BE-A-A0A0A-Y,Fluxys Belgium,ITP-00542,VIP Belgium - NCG,21Z000000000497Z,exit,kWh/h,,,16740334,2022-05-03T20:54:28+02:00,,Confirmed,,,,,True,,,True,PRISMA,,https://platform.prisma-capacity.eu/,,Cross-Border Transmission IP within EU,0,False
1Physical Flowhour2022-03-31 07:00:00 +00:002022-03-31 08:00:00 +00:00BE-TSO-0001ITP-00542exitkWh/h,1,Physical Flow,hour,2022-03-31T09:00:00+02:00,2022-03-31T10:00:00+02:00,BE-TSO-0001,21X-BE-A-A0A0A-Y,Fluxys Belgium,ITP-00542,VIP Belgium - NCG,21Z000000000497Z,exit,kWh/h,,,16740515,2022-05-03T20:54:28+02:00,,Confirmed,,,,,True,,,True,PRISMA,,https://platform.prisma-capacity.eu/,,Cross-Border Transmission IP within EU,0,False
1Physical Flowhour2022-03-31 08:00:00 +00:002022-03-31 09:00:00 +00:00BE-TSO-0001ITP-00542exitkWh/h,1,Physical Flow,hour,2022-03-31T10:00:00+02:00,2022-03-31T11:00:00+02:00,BE-TSO-0001,21X-BE-A-A0A0A-Y,Fluxys Belgium,ITP-00542,VIP Belgium - NCG,21Z000000000497Z,exit,kWh/h,,,16736587,2022-05-03T20:54:28+02:00,,Confirmed,,,,,True,,,True,PRISMA,,https://platform.prisma-capacity.eu/,,Cross-Border Transmission IP within EU,0,False
1Physical Flowhour2022-03-31 09:00:00 +00:002022-03-31 10:00:00 +00:00BE-TSO-0001ITP-00542exitkWh/h,1,Physical Flow,hour,2022-03-31T11:00:00+02:00,2022-03-31T12:00:00+02:00,BE-TSO-0001,21X-BE-A-A0A0A-Y,Fluxys Belgium,ITP-00542,VIP Belgium - NCG,21Z000000000497Z,exit,kWh/h,,,16735070,2022-05-03T20:54:28+02:00,,Confirmed,,,,,True,,,True,PRISMA,,https://platform.prisma-capacity.eu/,,Cross-Border Transmission IP within EU,0,False
1Physical Flowhour2022-03-31 10:00:00 +00:002022-03-31 11:00:00 +00:00BE-TSO-0001ITP-00542exitkWh/h,1,Physical Flow,hour,2022-03-31T12:00:00+02:00,2022-03-31T13:00:00+02:00,BE-TSO-0001,21X-BE-A-A0A0A-Y,Fluxys Belgium,ITP-00542,VIP Belgium - NCG,21Z000000000497Z,exit,kWh/h,,,16745686,2022-05-03T20:54:28+02:00,,Confirmed,,,,,True,,,True,PRISMA,,https://platform.prisma-capacity.eu/,,Cross-Border Transmission IP within EU,0,False
1Physical Flowhour2022-03-31 11:00:00 +00:002022-03-31 12:00:00 +00:00BE-TSO-0001ITP-00542exitkWh/h,1,Physical Flow,hour,2022-03-31T13:00:00+02:00,2022-03-31T14:00:00+02:00,BE-TSO-0001,21X-BE-A-A0A0A-Y,Fluxys Belgium,ITP-00542,VIP Belgium - NCG,21Z000000000497Z,exit,kWh/h,,,16749581,2022-05-03T20:54:28+02:00,,Confirmed,,,,,True,,,True,PRISMA,,https://platform.prisma-capacity.eu/,,Cross-Border Transmission IP within EU,0,False
1Physical Flowhour2022-03-31 12:00:00 +00:002022-03-31 13:00:00 +00:00BE-TSO-0001ITP-00542exitkWh/h,1,Physical Flow,hour,2022-03-31T14:00:00+02:00,2022-03-31T15:00:00+02:00,BE-TSO-0001,21X-BE-A-A0A0A-Y,Fluxys Belgium,ITP-00542,VIP Belgium - NCG,21Z000000000497Z,exit,kWh/h,,,16757932,2022-05-03T20:54:28+02:00,,Confirmed,,,,,True,,,True,PRISMA,,https://platform.prisma-capacity.eu/,,Cross-Border Transmission IP within EU,0,False
1Physical Flowhour2022-03-31 13:00:00 +00:002022-03-31 14:00:00 +00:00BE-TSO-0001ITP-00542exitkWh/h,1,Physical Flow,hour,2022-03-31T15:00:00+02:00,2022-03-31T16:00:00+02:00,BE-TSO-0001,21X-BE-A-A0A0A-Y,Fluxys Belgium,ITP-00542,VIP Belgium - NCG,21Z000000000497Z,exit,kWh/h,,,17555494,2022-05-03T20:54:28+02:00,,Confirmed,,,,,True,,,True,PRISMA,,https://platform.prisma-capacity.eu/,,Cross-Border Transmission IP within EU,0,False
1Physical Flowhour2022-03-31 14:00:00 +00:002022-03-31 15:00:00 +00:00BE-TSO-0001ITP-00542exitkWh/h,1,Physical Flow,hour,2022-03-31T16:00:00+02:00,2022-03-31T17:00:00+02:00,BE-TSO-0001,21X-BE-A-A0A0A-Y,Fluxys Belgium,ITP-00542,VIP Belgium - NCG,21Z000000000497Z,exit,kWh/h,,,18234774,2022-05-03T20:54:28+02:00,,Confirmed,,,,,True,,,True,PRISMA,,https://platform.prisma-capacity.eu/,,Cross-Border Transmission IP within EU,0,False
1Physical Flowhour2022-03-31 15:00:00 +00:002022-03-31 16:00:00 +00:00BE-TSO-0001ITP-00542exitkWh/h,1,Physical Flow,hour,2022-03-31T17:00:00+02:00,2022-03-31T18:00:00+02:00,BE-TSO-0001,21X-BE-A-A0A0A-Y,Fluxys Belgium,ITP-00542,VIP Belgium - NCG,21Z000000000497Z,exit,kWh/h,,,18455979,2022-05-03T20:54:28+02:00,,Confirmed,,,,,True,,,True,PRISMA,,https://platform.prisma-capacity.eu/,,Cross-Border Transmission IP within EU,0,False
1Physical Flowhour2022-03-31 16:00:00 +00:002022-03-31 17:00:00 +00:00BE-TSO-0001ITP-00542exitkWh/h,1,Physical Flow,hour,2022-03-31T18:00:00+02:00,2022-03-31T19:00:00+02:00,BE-TSO-0001,21X-BE-A-A0A0A-Y,Fluxys Belgium,ITP-00542,VIP Belgium - NCG,21Z000000000497Z,exit,kWh/h,,,18652970,2022-05-03T20:54:28+02:00,,Confirmed,,,,,True,,,True,PRISMA,,https://platform.prisma-capacity.eu/,,Cross-Border Transmission IP within EU,0,False
1Physical Flowhour2022-03-31 17:00:00 +00:002022-03-31 18:00:00 +00:00BE-TSO-0001ITP-00542exitkWh/h,1,Physical Flow,hour,2022-03-31T19:00:00+02:00,2022-03-31T20:00:00+02:00,BE-TSO-0001,21X-BE-A-A0A0A-Y,Fluxys Belgium,ITP-00542,VIP Belgium - NCG,21Z000000000497Z,exit,kWh/h,,,18882736,2022-05-03T20:54:28+02:00,,Confirmed,,,,,True,,,True,PRISMA,,https://platform.prisma-capacity.eu/,,Cross-Border Transmission IP within EU,0,False
1Physical Flowhour2022-03-31 18:00:00 +00:002022-03-31 19:00:00 +00:00BE-TSO-0001ITP-00542exitkWh/h,1,Physical Flow,hour,2022-03-31T20:00:00+02:00,2022-03-31T21:00:00+02:00,BE-TSO-0001,21X-BE-A-A0A0A-Y,Fluxys Belgium,ITP-00542,VIP Belgium - NCG,21Z000000000497Z,exit,kWh/h,,,18798032,2022-05-03T20:54:28+02:00,,Confirmed,,,,,True,,,True,PRISMA,,https://platform.prisma-capacity.eu/,,Cross-Border Transmission IP within EU,0,False
1Physical Flowhour2022-03-31 19:00:00 +00:002022-03-31 20:00:00 +00:00BE-TSO-0001ITP-00542exitkWh/h,1,Physical Flow,hour,2022-03-31T21:00:00+02:00,2022-03-31T22:00:00+02:00,BE-TSO-0001,21X-BE-A-A0A0A-Y,Fluxys Belgium,ITP-00542,VIP Belgium - NCG,21Z000000000497Z,exit,kWh/h,,,17921260,2022-05-03T20:54:28+02:00,,Confirmed,,,,,True,,,True,PRISMA,,https://platform.prisma-capacity.eu/,,Cross-Border Transmission IP within EU,0,False
1Physical Flowhour2022-03-31 20:00:00 +00:002022-03-31 21:00:00 +00:00BE-TSO-0001ITP-00542exitkWh/h,1,Physical Flow,hour,2022-03-31T22:00:00+02:00,2022-03-31T23:00:00+02:00,BE-TSO-0001,21X-BE-A-A0A0A-Y,Fluxys Belgium,ITP-00542,VIP Belgium - NCG,21Z000000000497Z,exit,kWh/h,,,17847954,2022-05-03T20:54:28+02:00,,Confirmed,,,,,True,,,True,PRISMA,,https://platform.prisma-capacity.eu/,,Cross-Border Transmission IP within EU,0,False
1Physical Flowhour2022-03-31 21:00:00 +00:002022-03-31 22:00:00 +00:00BE-TSO-0001ITP-00542exitkWh/h,1,Physical Flow,hour,2022-03-31T23:00:00+02:00,2022-04-01T00:00:00+02:00,BE-TSO-0001,21X-BE-A-A0A0A-Y,Fluxys Belgium,ITP-00542,VIP Belgium - NCG,21Z000000000497Z,exit,kWh/h,,,18313628,2022-05-03T20:54:28+02:00,,Confirmed,,,,,True,,,True,PRISMA,,https://platform.prisma-capacity.eu/,,Cross-Border Transmission IP within EU,0,False
1Physical Flowhour2022-03-31 22:00:00 +00:002022-03-31 23:00:00 +00:00BE-TSO-0001ITP-00542exitkWh/h,1,Physical Flow,hour,2022-04-01T00:00:00+02:00,2022-04-01T01:00:00+02:00,BE-TSO-0001,21X-BE-A-A0A0A-Y,Fluxys Belgium,ITP-00542,VIP Belgium - NCG,21Z000000000497Z,exit,kWh/h,,,18381755,2022-05-03T20:54:28+02:00,,Confirmed,,,,,True,,,True,PRISMA,,https://platform.prisma-capacity.eu/,,Cross-Border Transmission IP within EU,0,False
1Physical Flowhour2022-03-31 23:00:00 +00:002022-04-01 00:00:00 +00:00BE-TSO-0001ITP-00542exitkWh/h,1,Physical Flow,hour,2022-04-01T01:00:00+02:00,2022-04-01T02:00:00+02:00,BE-TSO-0001,21X-BE-A-A0A0A-Y,Fluxys Belgium,ITP-00542,VIP Belgium - NCG,21Z000000000497Z,exit,kWh/h,,,18338610,2022-05-03T20:54:28+02:00,,Confirmed,,,,,True,,,True,PRISMA,,https://platform.prisma-capacity.eu/,,Cross-Border Transmission IP within EU,0,False
1Physical Flowhour2022-04-01 00:00:00 +00:002022-04-01 01:00:00 +00:00BE-TSO-0001ITP-00542exitkWh/h,1,Physical Flow,hour,2022-04-01T02:00:00+02:00,2022-04-01T03:00:00+02:00,BE-TSO-0001,21X-BE-A-A0A0A-Y,Fluxys Belgium,ITP-00542,VIP Belgium - NCG,21Z000000000497Z,exit,kWh/h,,,18310295,2022-05-03T20:54:28+02:00,,Confirmed,,,,,True,,,True,PRISMA,,https://platform.prisma-capacity.eu/,,Cross-Border Transmission IP within EU,0,False
1Physical Flowhour2022-04-01 01:00:00 +00:002022-04-01 02:00:00 +00:00BE-TSO-0001ITP-00542exitkWh/h,1,Physical Flow,hour,2022-04-01T03:00:00+02:00,2022-04-01T04:00:00+02:00,BE-TSO-0001,21X-BE-A-A0A0A-Y,Fluxys Belgium,ITP-00542,VIP Belgium - NCG,21Z000000000497Z,exit,kWh/h,,,18329664,2022-05-03T20:54:28+02:00,,Confirmed,,,,,True,,,True,PRISMA,,https://platform.prisma-capacity.eu/,,Cross-Border Transmission IP within EU,0,False
1Physical Flowhour2022-04-01 02:00:00 +00:002022-04-01 03:00:00 +00:00BE-TSO-0001ITP-00542exitkWh/h,1,Physical Flow,hour,2022-04-01T04:00:00+02:00,2022-04-01T05:00:00+02:00,BE-TSO-0001,21X-BE-A-A0A0A-Y,Fluxys Belgium,ITP-00542,VIP Belgium - NCG,21Z000000000497Z,exit,kWh/h,,,18323923,2022-05-03T20:54:28+02:00,,Confirmed,,,,,True,,,True,PRISMA,,https://platform.prisma-capacity.eu/,,Cross-Border Transmission IP within EU,0,False
1Physical Flowhour2022-04-01 03:00:00 +00:002022-04-01 04:00:00 +00:00BE-TSO-0001ITP-00542exitkWh/h,1,Physical Flow,hour,2022-04-01T05:00:00+02:00,2022-04-01T06:00:00+02:00,BE-TSO-0001,21X-BE-A-A0A0A-Y,Fluxys Belgium,ITP-00542,VIP Belgium - NCG,21Z000000000497Z,exit,kWh/h,,,18315138,2022-05-03T20:54:28+02:00,,Confirmed,,,,,True,,,True,PRISMA,,https://platform.prisma-capacity.eu/,,Cross-Border Transmission IP within EU,0,False
