id,dataSet,indicator,periodType,periodFrom,periodTo,operatorKey,tsoEicCode,operatorLabel,pointKey,pointLabel,tsoItemIdentifier,directionKey,unit,itemRemarks,generalRemarks,value,lastUpdateDateTime,isUnlimited,flowStatus,interruptionType,restorationInformation,capacityType,capacityBookingStatus,isCamRelevant,isNA,originalPeriodFrom,isCmpRelevant,bookingPlatformKey,bookingPlatformLabel,bookingPlatformURL,interruptionCalculationRemark,pointType,idPointType,isArchived
1Physical Flowhour2022-01-01 05:00:00 +00:002022-01-01 06:00:00 +00:00BE-TSO-0001ITP-00112entrykWh/h,1,Physical Flow,hour,2022-01-01T06:00:00+01:00,2022-01-01T07:00:00+01:00,BE-TSO-0001,21X-BE-A-A0A0A-Y,Fluxys Belgium,ITP-00112,Eynatten 1 (BE) // Lichtenbusch / Raeren (DE),21Z0000000000155,entry,kWh/h,,,0,2022-02-27T02:11:08+01:00,,Confirmed,,,,,True,,,True,PRISMA,,https://platform.prisma-capacity.eu/,,Cross-Border Transmission IP within EU,0,False
1Physical Flowhour2022-01-01 06:00:00 +00:002022-01-01 07:00:00 +00:00BE-TSO-0001ITP-00112entrykWh/h,1,Physical Flow,hour,2022-01-01T07:00:00+01:00,2022-01-01T08:00:00+01:00,BE-TSO-0001,21X-BE-A-A0A0A-Y,Fluxys Belgium,ITP-00112,Eynatten 1 (BE) // Lichtenbusch / Raeren (DE),21Z0000000000155,entry,kWh/h,,,0,2022-02-27T02:11:08+01:00,,Confirmed,,,,,True,,,True,PRISMA,,https://platform.prisma-capacity.eu/,,Cross-Border Transmission IP within EU,0,False
1Physical Flowhour2022-01-01 07:00:00 +00:002022-01-01 08:00:00 +00:00BE-TSO-0001ITP-00112entrykWh/h,1,Physical Flow,hour,2022-01-01T08:00:00+01:00,2022-01-01T09:00:00+01:00,BE-TSO-0001,21X-BE-A-A0A0A-Y,Fluxys Belgium,ITP-00112,Eynatten 1 (BE) // Lichtenbusch / Raeren (DE),21Z0000000000155,entry,kWh/h,,,0,2022-02-27T02:11:08+01:00,,Confirmed,,,,,True,,,True,PRISMA,,https://platform.prisma-capacity.eu/,,Cross-Border Transmission IP within EU,0,False
1Physical Flowhour2022-01-01 08:00:00 +00:002022-01-01 09:00:00 +00:00BE-TSO-0001ITP-00112entrykWh/h,1,Physical Flow,hour,2022-01-01T09:00:00+01:00,2022-01-01T10:00:00+01:00,BE-TSO-0001,21X-BE-A-A0A0A-Y,Fluxys Belgium,ITP-00112,Eynatten 1 (BE) // Lichtenbusch / Raeren (DE),21Z0000000000155,entry,kWh/h,,,0,2022-02-27T02:11:08+01:00,,Confirmed,,,,,True,,,True,PRISMA,,https://platform.prisma-capacity.eu/,,Cross-Border Transmission IP within EU,0,False
1Physical Flowhour2022-01-01 09:00:00 +00:002022-01-01 10:00:00 +00:00BE-TSO-0001ITP-00112entrykWh/h,1,Physical Flow,hour,2022-01-01T10:00:00+01:00,2022-01-01T11:00:00+01:00,BE-TSO-0001,21X-BE-A-A0A0A-Y,Fluxys Belgium,ITP-00112,Eynatten 1 (BE) // Lichtenbusch / Raeren (DE),21Z0000000000155,entry,kWh/h,,,0,2022-02-27T02:11:08+01:00,,Confirmed,,,,,True,,,True,PRISMA,,https://platform.prisma-capacity.eu/,,Cross-Border Transmission IP within EU,0,False
1Physical Flowhour2022-01-01 10:00:00 +00:002022-01-01 11:00:00 +00:00BE-TSO-0001ITP-00112entrykWh/h,1,Physical Flow,hour,2022-01-01T11:00:00+01:00,2022-01-01T12:00:00+01:00,BE-TSO-0001,21X-BE-A-A0A0A-Y,Fluxys Belgium,ITP-00112,Eynatten 1 (BE) // Lichtenbusch / Raeren (DE),21Z0000000000155,entry,kWh/h,,,0,2022-02-27T02:11:08+01:00,,Confirmed,,,,,True,,,True,PRISMA,,https://platform.prisma-capacity.eu/,,Cross-Border Transmission IP within EU,0,False
1Physical Flowhour2022-01-01 11:00:00 +00:002022-01-01 12:00:00 +00:00BE-TSO-0001ITP-00112entrykWh/h,1,Physical Flow,hour,2022-01-01T12:00:00+01:00,2022-01-01T13:00:00+01:00,BE-TSO-0001,21X-BE-A-A0A0A-Y,Fluxys Belgium,ITP-00112,Eynatten 1 (BE) // Lichtenbusch / Raeren (DE),21Z0000000000155,entry,kWh/h,,,0,2022-02-27T02:11:08+01:00,,Confirmed,,,,,True,,,True,PRISMA,,https://platform.prisma-capacity.eu/,,Cross-Border Transmission IP within EU,0,False
1Physical Flowhour2022-01-01 12:00:00 +00:002022-01-01 13:00:00 +00:00BE-TSO-0001ITP-00112entrykWh/h,1,Physical Flow,hour,2022-01-01T13:00:00+01:00,2022-01-01T14:00:00+01:00,BE-TSO-0001,21X-BE-A-A0A0A-Y,Fluxys Belgium,ITP-00112,Eynatten 1 (BE) // Lichtenbusch / Raeren (DE),21Z0000000000155,entry,kWh/h,,,0,2022-02-27T02:11:08+01:00,,Confirmed,,,,,True,,,True,PRISMA,,https://platform.prisma-capacity.eu/,,Cross-Border Transmission IP within EU,0,False
1Physical Flowhour2022-01-01 13:00:00 +00:002022-01-01 14:00:00 +00:00BE-TSO-0001ITP-00112entrykWh/h,1,Physical Flow,hour,2022-01-01T14:00:00+01:00,2022-01-01T15:00:00+01:00,BE-TSO-0001,21X-BE-A-A0A0A-Y,Fluxys Belgium,ITP-00112,Eynatten 1 (BE) // Lichtenbusch / Raeren (DE),21Z0000000000155,entry,kWh/h,,,0,2022-02-27T02:11:08+01:00,,Confirmed,,,,,True,,,True,PRISMA,,https://platform.prisma-capacity.eu/,,Cross-Border Transmission IP within EU,0,False
1Physical Flowhour2022-01-01 14:00:00 +00:002022-01-01 15:00:00 +00:00BE-TSO-0001ITP-00112entrykWh/h,1,Physical Flow,hour,2022-01-01T15:00:00+01:00,2022-01-01T16:00:00+01:00,BE-TSO-0001,21X-BE-A-A0A0A-Y,Fluxys Belgium,ITP-00112,Eynatten 1 (BE) // Lichtenbusch / Raeren (DE),21Z0000000000155,entry,kWh/h,,,0,2022-02-27T02:11:08+01:00,,Confirmed,,,,,True,,,True,PRISMA,,https://platform.prisma-capacity.eu/,,Cross-Border Transmission IP within EU,0,False
1Physical Flowhour2022-01-01 15:00:00 +00:002022-01-01 16:00:00 +00:00BE-TSO-0001ITP-00112entrykWh/h,1,Physical Flow,hour,2022-01-01T16:00:00+01:00,2022-01-01T17:00:00+01:00,BE-TSO-0001,21X-BE-A-A0A0A-Y,Fluxys Belgium,ITP-00112,Eynatten 1 (BE) // Lichtenbusch / Raeren (DE),21Z0000000000155,entry,kWh/h,,,0,2022-02-27T02:11:08+01:00,,Confirmed,,,,,True,,,True,PRISMA,,https://platform.prisma-capacity.eu/,,Cross-Border Transmission IP within EU,0,False
1Physical Flowhour2022-01-01 16:00:00 +00:002022-01-01 17:00:00 +00:00BE-TSO-0001ITP-00112entrykWh/h,1,Physical Flow,hour,2022-01-01T17:00:00+01:00,2022-01-01T18:00:00+01:00,BE-TSO-0001,21X-BE-A-A0A0A-Y,Fluxys Belgium,ITP-00112,Eynatten 1 (BE) // Lichtenbusch / Raeren (DE),21Z0000000000155,entry,kWh/h,,,0,2022-02-27T02:11:08+01:00,,Confirmed,,,,,True,,,True,PRISMA,,https://platform.prisma-capacity.eu/,,Cross-Border Transmission IP within EU,0,False
1Physical Flowhour2022-01-01 17:00:00 +00:002022-01-01 18:00:00 +00:00BE-TSO-0001ITP-00112entrykWh/h,1,Physical Flow,hour,2022-01-01T18:00:00+01:00,2022-01-01T19:00:00+01:00,BE-TSO-0001,21X-BE-A-A0A0A-Y,Fluxys Belgium,ITP-00112,Eynatten 1 (BE) // Lichtenbusch / Raeren (DE),21Z0000000000155,entry,kWh/h,,,0,2022-02-27T02:11:08+01:00,,Confirmed,,,,,True,,,True,PRISMA,,https://platform.prisma-capacity.eu/,,Cross-Border Transmission IP within EU,0,False
1Physical Flowhour2022-01-01 18:00:00 +00:002022-01-01 19:00:00 +00:00BE-TSO-0001ITP-00112entrykWh/h,1,Physical Flow,hour,2022-01-01T19:00:00+01:00,2022-01-01T20:00:00+01:00,BE-TSO-0001,21X-BE-A-A0A0A-Y,Fluxys Belgium,ITP-00112,Eynatten 1 (BE) // Lichtenbusch / Raeren (DE),21Z0000000000155,entry,kWh/h,,,0,2022-02-27T02:11:08+01:00,,Confirmed,,,,,True,,,True,PRISMA,,https://platform.prisma-capacity.eu/,,Cross-Border Transmission IP within EU,0,False
1Physical Flowhour2022-01-01 19:00:00 +00:002022-01-01 20:00:00 +00:00BE-TSO-0001ITP-00112entrykWh/h,1,Physical Flow,hour,2022-01-01T20:00:00+01:00,2022-01-01T21:00:00+01:00,BE-TSO-0001,21X-BE-A-A0A0A-Y,Fluxys Belgium,ITP-00112,Eynatten 1 (BE) // Lichtenbusch / Raeren (DE),21Z0000000000155,entry,kWh/h,,,0,2022-02-27T02:11:08+01:00,,Confirmed,,,,,True,,,True,PRISMA,,https://platform.prisma-capacity.eu/,,Cross-Border Transmission IP within EU,0,False
1Physical Flowhour2022-01-01 20:00:00 +00:002022-01-01 21:00:00 +00:00BE-TSO-0001ITP-00112entrykWh/h,1,Physical Flow,hour,2022-01-01T21:00:00+01:00,2022-01-01T22:00:00+01:00,BE-TSO-0001,21X-BE-A-A0A0A-Y,Fluxys Belgium,ITP-00112,Eynatten 1 (BE) // Lichtenbusch / Raeren (DE),21Z0000000000155,entry,kWh/h,,,0,2022-02-27T02:11:08+01:00,,Confirmed,,,,,True,,,True,PRISMA,,https://platform.prisma-capacity.eu/,,Cross-Border Transmission IP within EU,0,False
1Physical Flowhour2022-01-01 21:00:00 +00:002022-01-01 22:00:00 +00:00BE-TSO-0001ITP-00112entrykWh/h,1,Physical Flow,hour,2022-01-01T22:00:00+01:00,2022-01-01T23:00:00+01:00,BE-TSO-0001,21X-BE-A-A0A0A-Y,Fluxys Belgium,ITP-00112,Eynatten 1 (BE) // Lichtenbusch / Raeren (DE),21Z0000000000155,entry,kWh/h,,,0,2022-02-27T02:11:08+01:00,,Confirmed,,,,,True,,,True,PRISMA,,https://platform.prisma-capacity.eu/,,Cross-Border Transmission IP within EU,0,False
1Physical Flowhour2022-01-01 22:00:00 +00:002022-01-01 23:00:00 +00:00BE-TSO-0001ITP-00112entrykWh/h,1,Physical Flow,hour,2022-01-01T23:00:00+01:00,2022-01-02T00:00:00+01:00,BE-TSO-0001,21X-BE-A-A0A0A-Y,Fluxys Belgium,ITP-00112,Eynatten 1 (BE) // Lichtenbusch / Raeren (DE),21Z0000000000155,entry,kWh/h,,,0,2022-02-27T02:11:08+01:00,,Confirmed,,,,,True,,,True,PRISMA,,https://platform.prisma-capacity.eu/,,Cross-Border Transmission IP within EU,0,False
1Physical Flowhour2022-01-01 23:00:00 +00:002022-01-02 00:00:00 +00:00BE-TSO-0001ITP-00112entrykWh/h,1,Physical Flow,hour,2022-01-02T00:00:00+01:00,2022-01-02T01:00:00+01:00,BE-TSO-0001,21X-BE-A-A0A0A-Y,Fluxys Belgium,ITP-00112,Eynatten 1 (BE) // Lichtenbusch / Raeren (DE),21Z0000000000155,entry,kWh/h,,,0,2022-02-27T02:11:08+01:00,,Confirmed,,,,,True,,,True,PRISMA,,https://platform.prisma-capacity.eu/,,Cross-Border Transmission IP within EU,0,False
1Physical Flowhour2022-01-02 00:00:00 +00:002022-01-02 01:00:00 +00:00BE-TSO-0001ITP-00112entrykWh/h,1,Physical Flow,hour,2022-01-02T01:00:00+01:00,2022-01-02T02:00:00+01:00,BE-TSO-0001,21X-BE-A-A0A0A-Y,Fluxys Belgium,ITP-00112,Eynatten 1 (BE) // Lichtenbusch / Raeren (DE),21Z0000000000155,entry,kWh/h,,,0,2022-02-27T02:11:08+01:00,,Confirmed,,,,,True,,,True,PRISMA,,https://platform.prisma-capacity.eu/,,Cross-Border Transmission IP within EU,0,False
1Physical Flowhour2022-01-02 01:00:00 +00:002022-01-02 02:00:00 +00:00BE-TSO-0001ITP-00112entrykWh/h,1,Physical Flow,hour,2022-01-02T02:00:00+01:00,2022-01-02T03:00:00+01:00,BE-TSO-0001,21X-BE-A-A0A0A-Y,Fluxys Belgium,ITP-00112,Eynatten 1 (BE) // Lichtenbusch / Raeren (DE),21Z0000000000155,entry,kWh/h,,,0,2022-02-27T02:11:08+01:00,,Confirmed,,,,,True,,,True,PRISMA,,https://platform.prisma-capacity.eu/,,Cross-Border Transmission IP within EU,0,False
1Physical Flowhour2022-01-02 02:00:00 +00:002022-01-02 03:00:00 +00:00BE-TSO-0001ITP-00112entrykWh/h,1,Physical Flow,hour,2022-01-02T03:00:00+01:00,2022-01-02T04:00:00+01:00,BE-TSO-0001,21X-BE-A-A0A0A-Y,Fluxys Belgium,ITP-00112,Eynatten 1 (BE) // Lichtenbusch / Raeren (DE),21Z0000000000155,entry,kWh/h,,,0,2022-02-27T02:11:08+01:00,,Confirmed,,,,,True,,,True,PRISMA,,https://platform.prisma-capacity.eu/,,Cross-Border Transmission IP within EU,0,False
1Physical Flowhour2022-01-02 03:00:00 +00:002022-01-02 04:00:00 +00:00BE-TSO-0001ITP-00112entrykWh/h,1,Physical Flow,hour,2022-01-02T04:00:00+01:00,2022-01-02T05:00:00+01:00,BE-TSO-0001,21X-BE-A-A0A0A-Y,Fluxys Belgium,ITP-00112,Eynatten 1 (BE) // Lichtenbusch / Raeren (DE),21Z0000000000155,entry,kWh/h,,,0,2022-02-27T02:11:08+01:00,,Confirmed,,,,,True,,,True,PRISMA,,https://platform.prisma-capacity.eu/,,Cross-Border Transmission IP within EU,0,False
1Physical Flowhour2022-01-02 04:00:00 +00:002022-01-02 05:00:00 +00:00BE-TSO-0001ITP-00112entrykWh/h,1,Physical Flow,hour,2022-01-02T05:00:00+01:00,2022-01-02T06:00:00+01:00,BE-TSO-0001,21X-BE-A-A0A0A-Y,Fluxys Belgium,ITP-00112,Eynatten 1 (BE) // Lichtenbusch / Raeren (DE),21Z0000000000155,entry,kWh/h,,,0,2022-02-27T02:11:08+01:00,,Confirmed,,,,,True,,,True,PRISMA,,https://platform.prisma-capacity.eu/,,Cross-Border Transmission IP within EU,0,False
1Physical Flowhour2022-01-02 05:00:00 +00:002022-01-02 06:00:00 +00:00BE-TSO-0001ITP-00112entrykWh/h,1,Physical Flow,hour,2022-01-02T06:00:00+01:00,2022-01-02T07:00:00+01:00,BE-TSO-0001,21X-BE-A-A0A0A-Y,Fluxys Belgium,ITP-00112,Eynatten 1 (BE) // Lichtenbusch / Raeren (DE),21Z0000000000155,entry,kWh/h,,,0,2022-02-27T02:11:08+01:00,,Confirmed,,,,,True,,,True,PRISMA,,https://platform.prisma-capacity.eu/,,Cross-Border Transmission IP within EU,0,False
1Physical Flowhour2022-01-02 06:00:00 +00:002022-01-02 07:00:00 +00:00BE-TSO-0001ITP-00112entrykWh/h,1,Physical Flow,hour,2022-01-02T07:00:00+01:00,2022-01-02T08:00:00+01:00,BE-TSO-0001,21X-BE-A-A0A0A-Y,Fluxys Belgium,ITP-00112,Eynatten 1 (BE) // Lichtenbusch / Raeren (DE),21Z0000000000155,entry,kWh/h,,,0,2022-02-27T02:11:08+01:00,,Confirmed,,,,,True,,,True,PRISMA,,https://platform.prisma-capacity.eu/,,Cross-Border Transmission IP within EU,0,False
1Physical Flowhour2022-01-02 07:00:00 +00:002022-01-02 08:00:00 +00:00BE-TSO-0001ITP-00112entrykWh/h,1,Physical Flow,hour,2022-01-02T08:00:00+01:00,2022-01-02T09:00:00+01:00,BE-TSO-0001,21X-BE-A-A0A0A-Y,Fluxys Belgium,ITP-00112,Eynatten 1 (BE) // Lichtenbusch / Raeren (DE),21Z0000000000155,entry,kWh/h,,,0,2022-02-27T02:11:08+01:00,,Confirmed,,,,,True,,,True,PRISMA,,https://platform.prisma-capacity.eu/,,Cross-Border Transmission IP within EU,0,False
1Physical Flowhour2022-01-02 08:00:00 +00:002022-01-02 09:00:00 +00:00BE-TSO-0001ITP-00112entrykWh/h,1,Physical Flow,hour,2022-01-02T09:00:00+01:00,2022-01-02T10:00:00+01:00,BE-TSO-0001,21X-BE-A-A0A0A-Y,Fluxys Belgium,ITP-00112,Eynatten 1 (BE) // Lichtenbusch / Raeren (DE),21Z0000000000155,entry,kWh/h,,,0,2022-02-27T02:11:08+01:00,,Confirmed,,,,,True,,,True,PRISMA,,https://platform.prisma-capacity.eu/,,Cross-Border Transmission IP within EU,0,False
1Physical Flowhour2022-01-02 09:00:00 +00:002022-01-02 10:00:00 +00:00BE-TSO-0001ITP-00112entrykWh/h,1,Physical Flow,hour,2022-01-02T10:00:00+01:00,2022-01-02T11:00:00+01:00,BE-TSO-0001,21X-BE-A-A0A0A-Y,Fluxys Belgium,ITP-00112,Eynatten 1 (BE) // Lichtenbusch / Raeren (DE),21Z0000000000155,entry,kWh/h,,,0,2022-02-27T02:11:08+01:00,,Confirmed,,,,,True,,,True,PRISMA,,https://platform.prisma-capacity.eu/,,Cross-Border Transmission IP within EU,0,False
1Physical Flowhour2022-01-02 10:00:00 +00:002022-01-02 11:00:00 +00:00BE-TSO-0001ITP-00112entrykWh/h,1,Physical Flow,hour,2022-01-02T11:00:00+01:00,2022-01-02T12:00:00+01:00,BE-TSO-0001,21X-BE-A-A0A0A-Y,Fluxys Belgium,ITP-00112,Eynatten 1 (BE) // Lichtenbusch / Raeren (DE),21Z0000000000155,entry,kWh/h,,,0,2022-02-27T02:11:08+01:00,,Confirmed,,,,,True,,,True,PRISMA,,https://platform.prisma-capacity.eu/,,Cross-Border Transmission IP within EU,0,False
1Physical Flowhour2022-01-02 11:00:00 +00:002022-01-02 12:00:00 +00:00BE-TSO-0001ITP-00112entrykWh/h,1,Physical Flow,hour,2022-01-02T12:00:00+01:00,2022-01-02T13:00:00+01:00,BE-TSO-0001,21X-BE-A-A0A0A-Y,Fluxys Belgium,ITP-00112,Eynatten 1 (BE) // Lichtenbusch / Raeren (DE),21Z0000000000155,entry,kWh/h,,,0,2022-02-27T02:11:08+01:00,,Confirmed,,,,,True,,,True,PRISMA,,https://platform.prisma-capacity.eu/,,Cross-Border Transmission IP within EU,0,False
1Physical Flowhour2022-01-02 12:00:00 +00:002022-01-02 13:00:00 +00:00BE-TSO-0001ITP-00112entrykWh/h,1,Physical Flow,hour,2022-01-02T13:00:00+01:00,2022-01-02T14:00:00+01:00,BE-TSO-0001,21X-BE-A-A0A0A-Y,Fluxys Belgium,ITP-00112,Eynatten 1 (BE) // Lichtenbusch / Raeren (DE),21Z0000000000155,entry,kWh/h,,,0,2022-02-27T02:11:08+01:00,,Confirmed,,,,,True,,,True,PRISMA,,https://platform.prisma-capacity.eu/,,Cross-Border Transmission IP within EU,0,False
1Physical Flowhour2022-01-02 13:00:00 +00:002022-01-02 14:00:00 +00:00BE-TSO-0001ITP-00112entrykWh/h,1,Physical Flow,hour,2022-01-02T14:00:00+01:00,2022-01-02T15:00:00+01:00,BE-TSO-0001,21X-BE-A-A0A0A-Y,Fluxys Belgium,ITP-00112,Eynatten 1 (BE) // Lichtenbusch / Raeren (DE),21Z0000000000155,entry,kWh/h,,,0,2022-02-27T02:11:08+01:00,,Confirmed,,,,,True,,,True,PRISMA,,https://platform.prisma-capacity.eu/,,Cross-Border Transmission IP within EU,0,False
1Physical Flowhour2022-01-02 14:00:00 +00:002022-01-02 15:00:00 +00:00BE-TSO-0001ITP-00112entrykWh/h,1,Physical Flow,hour,2022-01-02T15:00:00+01:00,2022-01-02T16:00:00+01:00,BE-TSO-0001,21X-BE-A-A0A0A-Y,Fluxys Belgium,ITP-00112,Eynatten 1 (BE) // Lichtenbusch / Raeren (DE),21Z0000000000155,entry,kWh/h,,,0,2022-02-27T02:11:08+01:00,,Confirmed,,,,,True,,,True,PRISMA,,https://platform.prisma-capacity.eu/,,Cross-Border Transmission IP within EU,0,False
1Physical Flowhour2022-01-02 15:00:00 +00:002022-01-02 16:00:00 +00:00BE-TSO-0001ITP-00112entrykWh/h,1,Physical Flow,hour,2022-01-02T16:00:00+01:00,2022-01-02T17:00:00+01:00,BE-TSO-0001,21X-BE-A-A0A0A-Y,Fluxys Belgium,ITP-00112,Eynatten 1 (BE) // Lichtenbusch / Raeren (DE),21Z0000000000155,entry,kWh/h,,,0,2022-02-27T02:11:08+01:00,,Confirmed,,,,,True,,,True,PRISMA,,https://platform.prisma-capacity.eu/,,Cross-Border Transmission IP within EU,0,False
1Physical Flowhour2022-01-02 16:00:00 +00:002022-01-02 17:00:00 +00:00BE-TSO-0001ITP-00112entrykWh/h,1,Physical Flow,hour,2022-01-02T17:00:00+01:00,2022-01-02T18:00:00+01:00,BE-TSO-0001,21X-BE-A-A0A0A-Y,Fluxys Belgium,ITP-00112,Eynatten 1 (BE) // Lichtenbusch / Raeren (DE),21Z0000000000155,entry,kWh/h,,,0,2022-02-27T02:11:08+01:00,,Confirmed,,,,,True,,,True,PRISMA,,https://platform.prisma-capacity.eu/,,Cross-Border Transmission IP within EU,0,False
1Physical Flowhour2022-01-02 17:00:00 +00:002022-01-02 18:00:00 +00:00BE-TSO-0001ITP-00112entrykWh/h,1,Physical Flow,hour,2022-01-02T18:00:00+01:00,2022-01-02T19:00:00+01:00,BE-TSO-0001,21X-BE-A-A0A0A-Y,Fluxys Belgium,ITP-00112,Eynatten 1 (BE) // Lichtenbusch / Raeren (DE),21Z0000000000155,entry,kWh/h,,,0,2022-02-27T02:11:08+01:00,,Confirmed,,,,,True,,,True,PRISMA,,https://platform.prisma-capacity.eu/,,Cross-Border Transmission IP within EU,0,False
1Physical Flowhour2022-01-02 18:00:00 +00:002022-01-02 19:00:00 +00:00BE-TSO-0001ITP-00112entrykWh/h,1,Physical Flow,hour,2022-01-02T19:00:00+01:00,2022-01-02T20:00:00+01:00,BE-TSO-0001,21X-BE-A-A0A0A-Y,Fluxys Belgium,ITP-00112,Eynatten 1 (BE) // Lichtenbusch / Raeren (DE),21Z0000000000155,entry,kWh/h,,,0,2022-02-27T02:11:08+01:00,,Confirmed,,,,,True,,,True,PRISMA,,https://platform.prisma-capacity.eu/,,Cross-Border Transmission IP within EU,0,False
1Physical Flowhour2022-01-02 19:00:00 +00:002022-01-02 20:00:00 +00:00BE-TSO-0001ITP-00112entrykWh/h,1,Physical Flow,hour,2022-01-02T20:00:00+01:00,2022-01-02T21:00:00+01:00,BE-TSO-0001,21X-BE-A-A0A0A-Y,Fluxys Belgium,ITP-00112,Eynatten 1 (BE) // Lichtenbusch / Raeren (DE),21Z0000000000155,entry,kWh/h,,,0,2022-02-27T02:11:08+01:00,,Confirmed,,,,,True,,,True,PRISMA,,https://platform.prisma-capacity.eu/,,Cross-Border Transmission IP within EU,0,False
1Physical Flowhour2022-01-02 20:00:00 +00:002022-01-02 21:00:00 +00:00BE-TSO-0001ITP-00112entrykWh/h,1,Physical Flow,hour,2022-01-02T21:00:00+01:00,2022-01-02T22:00:00+01:00,BE-TSO-0001,21X-BE-A-A0A0A-Y,Fluxys Belgium,ITP-00112,Eynatten 1 (BE) // Lichtenbusch / Raeren (DE),21Z0000000000155,entry,kWh/h,,,0,2022-02-27T02:11:08+01:00,,Confirmed,,,,,True,,,True,PRISMA,,https://platform.prisma-capacity.eu/,,Cross-Border Transmission IP within EU,0,False
1Physical Flowhour2022-01-02 21:00:00 +00:002022-01-02 22:00:00 +00:00BE-TSO-0001ITP-00112entrykWh/h,1,Physical Flow,hour,2022-01-02T22:00:00+01:00,2022-01-02T23:00:00+01:00,BE-TSO-0001,21X-BE-A-A0A0A-Y,Fluxys Belgium,ITP-00112,Eynatten 1 (BE) // Lichtenbusch / Raeren (DE),21Z0000000000155,entry,kWh/h,,,0,2022-02-27T02:11:08+01:00,,Confirmed,,,,,True,,,True,PRISMA,,https://platform.prisma-capacity.eu/,,Cross-Border Transmission IP within EU,0,False
1Physical Flowhour2022-01-02 22:00:00 +00:002022-01-02 23:00:00 +00:00BE-TSO-0001ITP-00112entrykWh/h,1,Physical Flow,hour,2022-01-02T23:00:00+01:00,2022-01-03T00:00:00+01:00,BE-TSO-0001,21X-BE-A-A0A0A-Y,Fluxys Belgium,ITP-00112,Eynatten 1 (BE) // Lichtenbusch / Raeren (DE),21Z0000000000155,entry,kWh/h,,,0,2022-02-27T02:11:08+01:00,,Confirmed,,,,,True,,,True,PRISMA,,https://platform.prisma-capacity.eu/,,Cross-Border Transmission IP within EU,0,False
1Physical Flowhour2022-01-02 23:00:00 +00:002022-01-03 00:00:00 +00:00BE-TSO-0001ITP-00112entrykWh/h,1,Physical Flow,hour,2022-01-03T00:00:00+01:00,2022-01-03T01:00:00+01:00,BE-TSO-0001,21X-BE-A-A0A0A-Y,Fluxys Belgium,ITP-00112,Eynatten 1 (BE) // Lichtenbusch / Raeren (DE),21Z0000000000155,entry,kWh/h,,,0,2022-02-27T02:11:08+01:00,,Confirmed,,,,,True,,,True,PRISMA,,https://platform.prisma-capacity.eu/,,Cross-Border Transmission IP within EU,0,False
1Physical Flowhour2022-01-03 00:00:00 +00:002022-01-03 01:00:00 +00:00BE-TSO-0001ITP-00112entrykWh/h,1,Physical Flow,hour,2022-01-03T01:00:00+01:00,2022-01-03T02:00:00+01:00,BE-TSO-0001,21X-BE-A-A0A0A-Y,Fluxys Belgium,ITP-00112,Eynatten 1 (BE) // Lichtenbusch / Raeren (DE),21Z0000000000155,entry,kWh/h,,,0,2022-02-27T02:11:08+01:00,,Confirmed,,,,,True,,,True,PRISMA,,https://platform.prisma-capacity.eu/,,Cross-Border Transmission IP within EU,0,False
1Physical Flowhour2022-01-03 01:00:00 +00:002022-01-03 02:00:00 +00:00BE-TSO-0001ITP-00112entrykWh/h,1,Physical Flow,hour,2022-01-03T02:00:00+01:00,2022-01-03T03:00:00+01:00,BE-TSO-0001,21X-BE-A-A0A0A-Y,Fluxys Belgium,ITP-00112,Eynatten 1 (BE) // Lichtenbusch / Raeren (DE),21Z0000000000155,entry,kWh/h,,,0,2022-02-27T02:11:08+01:00,,Confirmed,,,,,True,,,True,PRISMA,,https://platform.prisma-capacity.eu/,,Cross-Border Transmission IP within EU,0,False
1Physical Flowhour2022-01-03 02:00:00 +00:002022-01-03 03:00:00 +00:00BE-TSO-0001ITP-00112entrykWh/h,1,Physical Flow,hour,2022-01-03T03:00:00+01:00,2022-01-03T04:00:00+01:00,BE-TSO-0001,21X-BE-A-A0A0A-Y,Fluxys Belgium,ITP-00112,Eynatten 1 (BE) // Lichtenbusch / Raeren (DE),21Z0000000000155,entry,kWh/h,,,0,2022-02-27T02:11:08+01:00,,Confirmed,,,,,True,,,True,PRISMA,,https://platform.prisma-capacity.eu/,,Cross-Border Transmission IP within EU,0,False
1Physical Flowhour2022-01-03 03:00:00 +00:002022-01-03 04:00:00 +00:00BE-TSO-0001ITP-00112entrykWh/h,1,Physical Flow,hour,2022-01-03T04:00:00+01:00,2022-01-03T05:00:00+01:00,BE-TSO-0001,21X-BE-A-A0A0A-Y,Fluxys Belgium,ITP-00112,Eynatten 1 (BE) // Lichtenbusch / Raeren (DE),21Z0000000000155,entry,kWh/h,,,0,2022-02-27T02:11:08+01:00,,Confirmed,,,,,True,,,True,PRISMA,,https://platform.prisma-capacity.eu/,,Cross-Border Transmission IP within EU,0,False
1Physical Flowhour2022-01-03 04:00:00 +00:002022-01-03 05:00:00 +00:00BE-TSO-0001ITP-00112entrykWh/h,1,Physical Flow,hour,2022-01-03T05:00:00+01:00,2022-01-03T06:00:00+01:00,BE-TSO-0001,21X-BE-A-A0A0A-Y,Fluxys Belgium,ITP-00112,Eynatten 1 (BE) // Lichtenbusch / Raeren (DE),21Z0000000000155,entry,kWh/h,,,0,2022-02-27T02:11:08+01:00,,Confirmed,,,,,True,,,True,PRISMA,,https://platform.prisma-capacity.eu/,,Cross-Border Transmission IP within EU,0,False
1Physical Flowhour2022-01-03 05:00:00 +00:002022-01-03 06:00:00 +00:00BE-TSO-0001ITP-00112entrykWh/h,1,Physical Flow,hour,2022-01-03T06:00:00+01:00,2022-01-03T07:00:00+01:00,BE-TSO-0001,21X-BE-A-A0A0A-Y,Fluxys Belgium,ITP-00112,Eynatten 1 (BE) // Lichtenbusch / Raeren (DE),21Z0000000000155,entry,kWh/h,,,0,2022-02-27T02:11:08+01:00,,Confirmed,,,,,True,,,True,PRISMA,,https://platform.prisma-capacity.eu/,,Cross-Border Transmission IP within EU,0,False
1Physical Flowhour2022-01-03 06:00:00 +00:002022-01-03 07:00:00 +00:00BE-TSO-0001ITP-00112entrykWh/h,1,Physical Flow,hour,2022-01-03T07:00:00+01:00,2022-01-03T08:00:00+01:00,BE-TSO-0001,21X-BE-A-A0A0A-Y,Fluxys Belgium,ITP-00112,Eynatten 1 (BE) // Lichtenbusch / Raeren (DE),21Z0000000000155,entry,kWh/h,,,0,2022-02-27T02:11:08+01:00,,Confirmed,,,,,True,,,True,PRISMA,,https://platform.prisma-capacity.eu/,,Cross-Border Transmission IP within EU,0,False
1Physical Flowhour2022-01-03 07:00:00 +00:002022-01-03 08:00:00 +00:00BE-TSO-0001ITP-00112entrykWh/h,1,Physical Flow,hour,2022-01-03T08:00:00+01:00,2022-01-03T09:00:00+01:00,BE-TSO-0001,21X-BE-A-A0A0A-Y,Fluxys Belgium,ITP-00112,Eynatten 1 (BE) // Lichtenbusch / Raeren (DE),21Z0000000000155,entry,kWh/h,,,0,2022-02-27T02:11:08+01:00,,Confirmed,,,,,True,,,True,PRISMA,,https://platform.prisma-capacity.eu/,,Cross-Border Transmission IP within EU,0,False
1Physical Flowhour2022-01-03 08:00:00 +00:002022-01-03 09:00:00 +00:00BE-TSO-0001ITP-00112entrykWh/h,1,Physical Flow,hour,2022-01-03T09:00:00+01:00,2022-01-03T10:00:00+01:00,BE-TSO-0001,21X-BE-A-A0A0A-Y,Fluxys Belgium,ITP-00112,Eynatten 1 (BE) // Lichtenbusch / Raeren (DE),21Z0000000000155,entry,kWh/h,,,0,2022-02-27T02:11:08+01:00,,Confirmed,,,,,True,,,True,PRISMA,,https://platform.prisma-capacity.eu/,,Cross-Border Transmission IP within EU,0,False
1Physical Flowhour2022-01-03 09:00:00 +00:002022-01-03 10:00:00 +00:00BE-TSO-0001ITP-00112entrykWh/h,1,Physical Flow,hour,2022-01-03T10:00:00+01:00,2022-01-03T11:00:00+01:00,BE-TSO-0001,21X-BE-A-A0A0A-Y,Fluxys Belgium,ITP-00112,Eynatten 1 (BE) // Lichtenbusch / Raeren (DE),21Z0000000000155,entry,kWh/h,,,0,2022-02-27T02:11:08+01:00,,Confirmed,,,,,True,,,True,PRISMA,,https://platform.prisma-capacity.eu/,,Cross-Border Transmission IP within EU,0,False
1Physical Flowhour2022-01-03 10:00:00 +00:002022-01-03 11:00:00 +00:00BE-TSO-0001ITP-00112entrykWh/h,1,Physical Flow,hour,2022-01-03T11:00:00+01:00,2022-01-03T12:00:00+01:00,BE-TSO-0001,21X-BE-A-A0A0A-Y,Fluxys Belgium,ITP-00112,Eynatten 1 (BE) // Lichtenbusch / Raeren (DE),21Z0000000000155,entry,kWh/h,,,0,2022-02-27T02:11:08+01:00,,Confirmed,,,,,True,,,True,PRISMA,,https://platform.prisma-capacity.eu/,,Cross-Border Transmission IP within EU,0,False
1Physical Flowhour2022-01-03 11:00:00 +00:002022-01-03 12:00:00 +00:00BE-TSO-0001ITP-00112entrykWh/h,1,Physical Flow,hour,2022-01-03T12:00:00+01:00,2022-01-03T13:00:00+01:00,BE-TSO-0001,21X-BE-A-A0A0A-Y,Fluxys Belgium,ITP-00112,Eynatten 1 (BE) // Lichtenbusch / Raeren (DE),21Z0000000000155,entry,kWh/h,,,0,2022-02-27T02:11:08+01:00,,Confirmed,,,,,True,,,True,PRISMA,,https://platform.prisma-capacity.eu/,,Cross-Border Transmission IP within EU,0,False
1Physical Flowhour2022-01-03 12:00:00 +00:002022-01-03 13:00:00 +00:00BE-TSO-0001ITP-00112entrykWh/h,1,Physical Flow,hour,2022-01-03T13:00:00+01:00,2022-01-03T14:00:00+01:00,BE-TSO-0001,21X-BE-A-A0A0A-Y,Fluxys Belgium,ITP-00112,Eynatten 1 (BE) // Lichtenbusch / Raeren (DE),21Z0000000000155,entry,kWh/h,,,0,2022-02-27T02:11:08+01:00,,Confirmed,,,,,True,,,True,PRISMA,,https://platform.prisma-capacity.eu/,,Cross-Border Transmission IP within EU,0,False
1Physical Flowhour2022-01-03 13:00:00 +00:002022-01-03 14:00:00 +00:00BE-TSO-0001ITP-00112entrykWh/h,1,Physical Flow,hour,2022-01-03T14:00:00+01:00,2022-01-03T15:00:00+01:00,BE-TSO-0001,21X-BE-A-A0A0A-Y,Fluxys Belgium,ITP-00112,Eynatten 1 (BE) // Lichtenbusch / Raeren (DE),21Z0000000000155,entry,kWh/h,,,0,2022-02-27T02:11:08+01:00,,Confirmed,,,,,True,,,True,PRISMA,,https://platform.prisma-capacity.eu/,,Cross-Border Transmission IP within EU,0,False
1Physical Flowhour2022-01-03 14:00:00 +00:002022-01-03 15:00:00 +00:00BE-TSO-0001ITP-00112entrykWh/h,1,Physical Flow,hour,2022-01-03T15:00:00+01:00,2022-01-03T16:00:00+01:00,BE-TSO-0001,21X-BE-A-A0A0A-Y,Fluxys Belgium,ITP-00112,Eynatten 1 (BE) // Lichtenbusch / Raeren (DE),21Z0000000000155,entry,kWh/h,,,0,2022-02-27T02:11:08+01:00,,Confirmed,,,,,True,,,True,PRISMA,,https://platform.prisma-capacity.eu/,,Cross-Border Transmission IP within EU,0,False
1Physical Flowhour2022-01-03 15:00:00 +00:002022-01-03 16:00:00 +00:00BE-TSO-0001ITP-00112entrykWh/h,1,Physical Flow,hour,2022-01-03T16:00:00+01:00,2022-01-03T17:00:00+01:00,BE-TSO-0001,21X-BE-A-A0A0A-Y,Fluxys Belgium,ITP-00112,Eynatten 1 (BE) // Lichtenbusch / Raeren (DE),21Z0000000000155,entry,kWh/h,,,0,2022-02-27T02:11:08+01:00,,Confirmed,,,,,True,,,True,PRISMA,,https://platform.prisma-capacity.eu/,,Cross-Border Transmission IP within EU,0,False
1Physical Flowhour2022-01-03 16:00:00 +00:002022-01-03 17:00:00 +00:00BE-TSO-0001ITP-00112entrykWh/h,1,Physical Flow,hour,2022-01-03T17:00:00+01:00,2022-01-03T18:00:00+01:00,BE-TSO-0001,21X-BE-A-A0A0A-Y,Fluxys Belgium,ITP-00112,Eynatten 1 (BE) // Lichtenbusch / Raeren (DE),21Z0000000000155,entry,kWh/h,,,0,2022-02-27T02:11:08+01:00,,Confirmed,,,,,True,,,True,PRISMA,,https://platform.prisma-capacity.eu/,,Cross-Border Transmission IP within EU,0,False
1Physical Flowhour2022-01-03 17:00:00 +00:002022-01-03 18:00:00 +00:00BE-TSO-0001ITP-00112entrykWh/h,1,Physical Flow,hour,2022-01-03T18:00:00+01:00,2022-01-03T19:00:00+01:00,BE-TSO-0001,21X-BE-A-A0A0A-Y,Fluxys Belgium,ITP-00112,Eynatten 1 (BE) // Lichtenbusch / Raeren (DE),21Z0000000000155,entry,kWh/h,,,0,2022-02-27T02:11:08+01:00,,Confirmed,,,,,True,,,True,PRISMA,,https://platform.prisma-capacity.eu/,,Cross-Border Transmission IP within EU,0,False
1Physical Flowhour2022-01-03 18:00:00 +00:002022-01-03 19:00:00 +00:00BE-TSO-0001ITP-00112entrykWh/h,1,Physical Flow,hour,2022-01-03T19:00:00+01:00,2022-01-03T20:00:00+01:00,BE-TSO-0001,21X-BE-A-A0A0A-Y,Fluxys Belgium,ITP-00112,Eynatten 1 (BE) // Lichtenbusch / Raeren (DE),21Z0000000000155,entry,kWh/h,,,0,2022-02-27T02:11:08+01:00,,Confirmed,,,,,True,,,True,PRISMA,,https://platform.prisma-capacity.eu/,,Cross-Border Transmission IP within EU,0,False
1Physical Flowhour2022-01-03 19:00:00 +00:002022-01-03 20:00:00 +00:00BE-TSO-0001ITP-00112entrykWh/h,1,Physical Flow,hour,2022-01-03T20:00:00+01:00,2022-01-03T21:00:00+01:00,BE-TSO-0001,21X-BE-A-A0A0A-Y,Fluxys Belgium,ITP-00112,Eynatten 1 (BE) // Lichtenbusch / Raeren (DE),21Z0000000000155,entry,kWh/h,,,0,2022-02-27T02:11:08+01:00,,Confirmed,,,,,True,,,True,PRISMA,,https://platform.prisma-capacity.eu/,,Cross-Border Transmission IP within EU,0,False
1Physical Flowhour2022-01-03 20:00:00 +00:002022-01-03 21:00:00 +00:00BE-TSO-0001ITP-00112entrykWh/h,1,Physical Flow,hour,2022-01-03T21:00:00+01:00,2022-01-03T22:00:00+01:00,BE-TSO-0001,21X-BE-A-A0A0A-Y,Fluxys Belgium,ITP-00112,Eynatten 1 (BE) // Lichtenbusch / Raeren (DE),21Z0000000000155,entry,kWh/h,,,0,2022-02-27T02:11:08+01:00,,Confirmed,,,,,True,,,True,PRISMA,,https://platform.prisma-capacity.eu/,,Cross-Border Transmission IP within EU,0,False
1Physical Flowhour2022-01-03 21:00:00 +00:002022-01-03 22:00:00 +00:00BE-TSO-0001ITP-00112entrykWh/h,1,Physical Flow,hour,2022-01-03T22:00:00+01:00,2022-01-03T23:00:00+01:00,BE-TSO-0001,21X-BE-A-A0A0A-Y,Fluxys Belgium,ITP-00112,Eynatten 1 (BE) // Lichtenbusch / Raeren (DE),21Z0000000000155,entry,kWh/h,,,0,2022-02-27T02:11:08+01:00,,Confirmed,,,,,True,,,True,PRISMA,,https://platform.prisma-capacity.eu/,,Cross-Border Transmission IP within EU,0,False
1Physical Flowhour2022-01-03 22:00:00 +00:002022-01-03 23:00:00 +00:00BE-TSO-0001ITP-00112entrykWh/h,1,Physical Flow,hour,2022-01-03T23:00:00+01:00,2022-01-04T00:00:00+01:00,BE-TSO-0001,21X-BE-A-A0A0A-Y,Fluxys Belgium,ITP-00112,Eynatten 1 (BE) // Lichtenbusch / Raeren (DE),21Z0000000000155,entry,kWh/h,,,0,2022-02-27T02:11:08+01:00,,Confirmed,,,,,True,,,True,PRISMA,,https://platform.prisma-capacity.eu/,,Cross-Border Transmission IP within EU,0,False
1Physical Flowhour2022-01-03 23:00:00 +00:002022-01-04 00:00:00 +00:00BE-TSO-0001ITP-00112entrykWh/h,1,Physical Flow,hour,2022-01-04T00:00:00+01:00,2022-01-04T01:00:00+01:00,BE-TSO-0001,21X-BE-A-A0A0A-Y,Fluxys Belgium,ITP-00112,Eynatten 1 (BE) // Lichtenbusch / Raeren (DE),21Z0000000000155,entry,kWh/h,,,0,2022-02-27T02:11:08+01:00,,Confirmed,,,,,True,,,True,PRISMA,,https://platform.prisma-capacity.eu/,,Cross-Border Transmission IP within EU,0,False
1Physical Flowhour2022-01-04 00:00:00 +00:002022-01-04 01:00:00 +00:00BE-TSO-0001ITP-00112entrykWh/h,1,Physical Flow,hour,2022-01-04T01:00:00+01:00,2022-01-04T02:00:00+01:00,BE-TSO-0001,21X-BE-A-A0A0A-Y,Fluxys Belgium,ITP-00112,Eynatten 1 (BE) // Lichtenbusch / Raeren (DE),21Z0000000000155,entry,kWh/h,,,0,2022-02-27T02:11:08+01:00,,Confirmed,,,,,True,,,True,PRISMA,,https://platform.prisma-capacity.eu/,,Cross-Border Transmission IP within EU,0,False
1Physical Flowhour2022-01-04 01:00:00 +00:002022-01-04 02:00:00 +00:00BE-TSO-0001ITP-00112entrykWh/h,1,Physical Flow,hour,2022-01-04T02:00:00+01:00,2022-01-04T03:00:00+01:00,BE-TSO-0001,21X-BE-A-A0A0A-Y,Fluxys Belgium,ITP-00112,Eynatten 1 (BE) // Lichtenbusch / Raeren (DE),21Z0000000000155,entry,kWh/h,,,0,2022-02-27T02:11:08+01:00,,Confirmed,,,,,True,,,True,PRISMA,,https://platform.prisma-capacity.eu/,,Cross-Border Transmission IP within EU,0,False
1Physical Flowhour2022-01-04 02:00:00 +00:002022-01-04 03:00:00 +00:00BE-TSO-0001ITP-00112entrykWh/h,1,Physical Flow,hour,2022-01-04T03:00:00+01:00,2022-01-04T04:00:00+01:00,BE-TSO-0001,21X-BE-A-A0A0A-Y,Fluxys Belgium,ITP-00112,Eynatten 1 (BE) // Lichtenbusch / Raeren (DE),21Z0000000000155,entry,kWh/h,,,0,2022-02-27T02:11:08+01:00,,Confirmed,,,,,True,,,True,PRISMA,,https://platform.prisma-capacity.eu/,,Cross-Border Transmission IP within EU,0,False
1Physical Flowhour2022-01-04 03:00:00 +00:002022-01-04 04:00:00 +00:00BE-TSO-0001ITP-00112entrykWh/h,1,Physical Flow,hour,2022-01-04T04:00:00+01:00,2022-01-04T05:00:00+01:00,BE-TSO-0001,21X-BE-A-A0A0A-Y,Fluxys Belgium,ITP-00112,Eynatten 1 (BE) // Lichtenbusch / Raeren (DE),21Z0000000000155,entry,kWh/h,,,0,2022-02-27T02:11:08+01:00,,Confirmed,,,,,True,,,True,PRISMA,,https://platform.prisma-capacity.eu/,,Cross-Border Transmission IP within EU,0,False
1Physical Flowhour2022-01-04 04:00:00 +00:002022-01-04 05:00:00 +00:00BE-TSO-0001ITP-00112entrykWh/h,1,Physical Flow,hour,2022-01-04T05:00:00+01:00,2022-01-04T06:00:00+01:00,BE-TSO-0001,21X-BE-A-A0A0A-Y,Fluxys Belgium,ITP-00112,Eynatten 1 (BE) // Lichtenbusch / Raeren (DE),21Z0000000000155,entry,kWh/h,,,0,2022-02-27T02:11:08+01:00,,Confirmed,,,,,True,,,True,PRISMA,,https://platform.prisma-capacity.eu/,,Cross-Border Transmission IP within EU,0,False
1Physical Flowhour2022-01-04 05:00:00 +00:002022-01-04 06:00:00 +00:00BE-TSO-0001ITP-00112entrykWh/h,1,Physical Flow,hour,2022-01-04T06:00:00+01:00,2022-01-04T07:00:00+01:00,BE-TSO-0001,21X-BE-A-A0A0A-Y,Fluxys Belgium,ITP-00112,Eynatten 1 (BE) // Lichtenbusch / Raeren (DE),21Z0000000000155,entry,kWh/h,,,0,2022-02-27T02:11:08+01:00,,Confirmed,,,,,True,,,True,PRISMA,,https://platform.prisma-capacity.eu/,,Cross-Border Transmission IP within EU,0,False
1Physical Flowhour2022-01-04 06:00:00 +00:002022-01-04 07:00:00 +00:00BE-TSO-0001ITP-00112entrykWh/h,1,Physical Flow,hour,2022-01-04T07:00:00+01:00,2022-01-04T08:00:00+01:00,BE-TSO-0001,21X-BE-A-A0A0A-Y,Fluxys Belgium,ITP-00112,Eynatten 1 (BE) // Lichtenbusch / Raeren (DE),21Z0000000000155,entry,kWh/h,,,0,2022-02-27T02:11:08+01:00,,Confirmed,,,,,True,,,True,PRISMA,,https://platform.prisma-capacity.eu/,,Cross-Border Transmission IP within EU,0,False
1Physical Flowhour2022-01-04 07:00:00 +00:002022-01-04 08:00:00 +00:00BE-TSO-0001ITP-00112entrykWh/h,1,Physical Flow,hour,2022-01-04T08:00:00+01:00,2022-01-04T09:00:00+01:00,BE-TSO-0001,21X-BE-A-A0A0A-Y,Fluxys Belgium,ITP-00112,Eynatten 1 (BE) // Lichtenbusch / Raeren (DE),21Z0000000000155,entry,kWh/h,,,0,2022-02-27T02:11:08+01:00,,Confirmed,,,,,True,,,True,PRISMA,,https://platform.prisma-capacity.eu/,,Cross-Border Transmission IP within EU,0,False
1Physical Flowhour2022-01-04 08:00:00 +00:002022-01-04 09:00:00 +00:00BE-TSO-0001ITP-00112entrykWh/h,1,Physical Flow,hour,2022-01-04T09:00:00+01:00,2022-01-04T10:00:00+01:00,BE-TSO-0001,21X-BE-A-A0A0A-Y,Fluxys Belgium,ITP-00112,Eynatten 1 (BE) // Lichtenbusch / Raeren (DE),21Z0000000000155,entry,kWh/h,,,0,2022-02-27T02:11:08+01:00,,Confirmed,,,,,True,,,True,PRISMA,,https://platform.prisma-capacity.eu/,,Cross-Border Transmission IP within EU,0,False
1Physical Flowhour2022-01-04 09:00:00 +00:002022-01-04 10:00:00 +00:00BE-TSO-0001ITP-00112entrykWh/h,1,Physical Flow,hour,2022-01-04T10:00:00+01:00,2022-01-04T11:00:00+01:00,BE-TSO-0001,21X-BE-A-A0A0A-Y,Fluxys Belgium,ITP-00112,Eynatten 1 (BE) // Lichtenbusch / Raeren (DE),21Z0000000000155,entry,kWh/h,,,0,2022-02-27T02:11:08+01:00,,Confirmed,,,,,True,,,True,PRISMA,,https://platform.prisma-capacity.eu/,,Cross-Border Transmission IP within EU,0,False
1Physical Flowhour2022-01-04 10:00:00 +00:002022-01-04 11:00:00 +00:00BE-TSO-0001ITP-00112entrykWh/h,1,Physical Flow,hour,2022-01-04T11:00:00+01:00,2022-01-04T12:00:00+01:00,BE-TSO-0001,21X-BE-A-A0A0A-Y,Fluxys Belgium,ITP-00112,Eynatten 1 (BE) // Lichtenbusch / Raeren (DE),21Z0000000000155,entry,kWh/h,,,0,2022-02-27T02:11:08+01:00,,Confirmed,,,,,True,,,True,PRISMA,,https://platform.prisma-capacity.eu/,,Cross-Border Transmission IP within EU,0,False
1Physical Flowhour2022-01-04 11:00:00 +00:002022-01-04 12:00:00 +00:00BE-TSO-0001ITP-00112entrykWh/h,1,Physical Flow,hour,2022-01-04T12:00:00+01:00,2022-01-04T13:00:00+01:00,BE-TSO-0001,21X-BE-A-A0A0A-Y,Fluxys Belgium,ITP-00112,Eynatten 1 (BE) // Lichtenbusch / Raeren (DE),21Z0000000000155,entry,kWh/h,,,0,2022-02-27T02:11:08+01:00,,Confirmed,,,,,True,,,True,PRISMA,,https://platform.prisma-capacity.eu/,,Cross-Border Transmission IP within EU,0,False
1Physical Flowhour2022-01-04 12:00:00 +00:002022-01-04 13:00:00 +00:00BE-TSO-0001ITP-00112entrykWh/h,1,Physical Flow,hour,2022-01-04T13:00:00+01:00,2022-01-04T14:00:00+01:00,BE-TSO-0001,21X-BE-A-A0A0A-Y,Fluxys Belgium,ITP-00112,Eynatten 1 (BE) // Lichtenbusch / Raeren (DE),21Z0000000000155,entry,kWh/h,,,0,2022-02-27T02:11:08+01:00,,Confirmed,,,,,True,,,True,PRISMA,,https://platform.prisma-capacity.eu/,,Cross-Border Transmission IP within EU,0,False
1Physical Flowhour2022-01-04 13:00:00 +00:002022-01-04 14:00:00 +00:00BE-TSO-0001ITP-00112entrykWh/h,1,Physical Flow,hour,2022-01-04T14:00:00+01:00,2022-01-04T15:00:00+01:00,BE-TSO-0001,21X-BE-A-A0A0A-Y,Fluxys Belgium,ITP-00112,Eynatten 1 (BE) // Lichtenbusch / Raeren (DE),21Z0000000000155,entry,kWh/h,,,0,2022-02-27T02:11:08+01:00,,Confirmed,,,,,True,,,True,PRISMA,,https://platform.prisma-capacity.eu/,,Cross-Border Transmission IP within EU,0,False
1Physical Flowhour2022-01-04 14:00:00 +00:002022-01-04 15:00:00 +00:00BE-TSO-0001ITP-00112entrykWh/h,1,Physical Flow,hour,2022-01-04T15:00:00+01:00,2022-01-04T16:00:00+01:00,BE-TSO-0001,21X-BE-A-A0A0A-Y,Fluxys Belgium,ITP-00112,Eynatten 1 (BE) // Lichtenbusch / Raeren (DE),21Z0000000000155,entry,kWh/h,,,0,2022-02-27T02:11:08+01:00,,Confirmed,,,,,True,,,True,PRISMA,,https://platform.prisma-capacity.eu/,,Cross-Border Transmission IP within EU,0,False
1Physical Flowhour2022-01-04 15:00:00 +00:002022-01-04 16:00:00 +00:00BE-TSO-0001ITP-00112entrykWh/h,1,Physical Flow,hour,2022-01-04T16:00:00+01:00,2022-01-04T17:00:00+01:00,BE-TSO-0001,21X-BE-A-A0A0A-Y,Fluxys Belgium,ITP-00112,Eynatten 1 (BE) // Lichtenbusch / Raeren (DE),21Z0000000000155,entry,kWh/h,,,0,2022-02-27T02:11:08+01:00,,Confirmed,,,,,True,,,True,PRISMA,,https://platform.prisma-capacity.eu/,,Cross-Border Transmission IP within EU,0,False
1Physical Flowhour2022-01-04 16:00:00 +00:002022-01-04 17:00:00 +00:00BE-TSO-0001ITP-00112entrykWh/h,1,Physical Flow,hour,2022-01-04T17:00:00+01:00,2022-01-04T18:00:00+01:00,BE-TSO-0001,21X-BE-A-A0A0A-Y,Fluxys Belgium,ITP-00112,Eynatten 1 (BE) // Lichtenbusch / Raeren (DE),21Z0000000000155,entry,kWh/h,,,0,2022-02-27T02:11:08+01:00,,Confirmed,,,,,True,,,True,PRISMA,,https://platform.prisma-capacity.eu/,,Cross-Border Transmission IP within EU,0,False
1Physical Flowhour2022-01-04 17:00:00 +00:002022-01-04 18:00:00 +00:00BE-TSO-0001ITP-00112entrykWh/h,1,Physical Flow,hour,2022-01-04T18:00:00+01:00,2022-01-04T19:00:00+01:00,BE-TSO-0001,21X-BE-A-A0A0A-Y,Fluxys Belgium,ITP-00112,Eynatten 1 (BE) // Lichtenbusch / Raeren (DE),21Z0000000000155,entry,kWh/h,,,0,2022-02-27T02:11:08+01:00,,Confirmed,,,,,True,,,True,PRISMA,,https://platform.prisma-capacity.eu/,,Cross-Border Transmission IP within EU,0,False
1Physical Flowhour2022-01-04 18:00:00 +00:002022-01-04 19:00:00 +00:00BE-TSO-0001ITP-00112entrykWh/h,1,Physical Flow,hour,2022-01-04T19:00:00+01:00,2022-01-04T20:00:00+01:00,BE-TSO-0001,21X-BE-A-A0A0A-Y,Fluxys Belgium,ITP-00112,Eynatten 1 (BE) // Lichtenbusch / Raeren (DE),21Z0000000000155,entry,kWh/h,,,0,2022-02-27T02:11:08+01:00,,Confirmed,,,,,True,,,True,PRISMA,,https://platform.prisma-capacity.eu/,,Cross-Border Transmission IP within EU,0,False
1Physical Flowhour2022-01-04 19:00:00 +00:002022-01-04 20:00:00 +00:00BE-TSO-0001ITP-00112entrykWh/h,1,Physical Flow,hour,2022-01-04T20:00:00+01:00,2022-01-04T21:00:00+01:00,BE-TSO-0001,21X-BE-A-A0A0A-Y,Fluxys Belgium,ITP-00112,Eynatten 1 (BE) // Lichtenbusch / Raeren (DE),21Z0000000000155,entry,kWh/h,,,0,2022-02-27T02:11:08+01:00,,Confirmed,,,,,True,,,True,PRISMA,,https://platform.prisma-capacity.eu/,,Cross-Border Transmission IP within EU,0,False
1Physical Flowhour2022-01-04 20:00:00 +00:002022-01-04 21:00:00 +00:00BE-TSO-0001ITP-00112entrykWh/h,1,Physical Flow,hour,2022-01-04T21:00:00+01:00,2022-01-04T22:00:00+01:00,BE-TSO-0001,21X-BE-A-A0A0A-Y,Fluxys Belgium,ITP-00112,Eynatten 1 (BE) // Lichtenbusch / Raeren (DE),21Z0000000000155,entry,kWh/h,,,0,2022-02-27T02:11:08+01:00,,Confirmed,,,,,True,,,True,PRISMA,,https://platform.prisma-capacity.eu/,,Cross-Border Transmission IP within EU,0,False
1Physical Flowhour2022-01-04 21:00:00 +00:002022-01-04 22:00:00 +00:00BE-TSO-0001ITP-00112entrykWh/h,1,Physical Flow,hour,2022-01-04T22:00:00+01:00,2022-01-04T23:00:00+01:00,BE-TSO-0001,21X-BE-A-A0A0A-Y,Fluxys Belgium,ITP-00112,Eynatten 1 (BE) // Lichtenbusch / Raeren (DE),21Z0000000000155,entry,kWh/h,,,0,2022-02-27T02:11:08+01:00,,Confirmed,,,,,True,,,True,PRISMA,,https://platform.prisma-capacity.eu/,,Cross-Border Transmission IP within EU,0,False
1Physical Flowhour2022-01-04 22:00:00 +00:002022-01-04 23:00:00 +00:00BE-TSO-0001ITP-00112entrykWh/h,1,Physical Flow,hour,2022-01-04T23:00:00+01:00,2022-01-05T00:00:00+01:00,BE-TSO-0001,21X-BE-A-A0A0A-Y,Fluxys Belgium,ITP-00112,Eynatten 1 (BE) // Lichtenbusch / Raeren (DE),21Z0000000000155,entry,kWh/h,,,0,2022-02-27T02:11:08+01:00,,Confirmed,,,,,True,,,True,PRISMA,,https://platform.prisma-capacity.eu/,,Cross-Border Transmission IP within EU,0,False
1Physical Flowhour2022-01-04 23:00:00 +00:002022-01-05 00:00:00 +00:00BE-TSO-0001ITP-00112entrykWh/h,1,Physical Flow,hour,2022-01-05T00:00:00+01:00,2022-01-05T01:00:00+01:00,BE-TSO-0001,21X-BE-A-A0A0A-Y,Fluxys Belgium,ITP-00112,Eynatten 1 (BE) // Lichtenbusch / Raeren (DE),21Z0000000000155,entry,kWh/h,,,0,2022-02-27T02:11:08+01:00,,Confirmed,,,,,True,,,True,PRISMA,,https://platform.prisma-capacity.eu/,,Cross-Border Transmission IP within EU,0,False
1Physical Flowhour2022-01-05 00:00:00 +00:002022-01-05 01:00:00 +00:00BE-TSO-0001ITP-00112entrykWh/h,1,Physical Flow,hour,2022-01-05T01:00:00+01:00,2022-01-05T02:00:00+01:00,BE-TSO-0001,21X-BE-A-A0A0A-Y,Fluxys Belgium,ITP-00112,Eynatten 1 (BE) // Lichtenbusch / Raeren (DE),21Z0000000000155,entry,kWh/h,,,0,2022-02-27T02:11:08+01:00,,Confirmed,,,,,True,,,True,PRISMA,,https://platform.prisma-capacity.eu/,,Cross-Border Transmission IP within EU,0,False
1Physical Flowhour2022-01-05 01:00:00 +00:002022-01-05 02:00:00 +00:00BE-TSO-0001ITP-00112entrykWh/h,1,Physical Flow,hour,2022-01-05T02:00:00+01:00,2022-01-05T03:00:00+01:00,BE-TSO-0001,21X-BE-A-A0A0A-Y,Fluxys Belgium,ITP-00112,Eynatten 1 (BE) // Lichtenbusch / Raeren (DE),21Z0000000000155,entry,kWh/h,,,0,2022-02-27T02:11:08+01:00,,Confirmed,,,,,True,,,True,PRISMA,,https://platform.prisma-capacity.eu/,,Cross-Border Transmission IP within EU,0,False
1Physical Flowhour2022-01-05 02:00:00 +00:002022-01-05 03:00:00 +00:00BE-TSO-0001ITP-00112entrykWh/h,1,Physical Flow,hour,2022-01-05T03:00:00+01:00,2022-01-05T04:00:00+01:00,BE-TSO-0001,21X-BE-A-A0A0A-Y,Fluxys Belgium,ITP-00112,Eynatten 1 (BE) // Lichtenbusch / Raeren (DE),21Z0000000000155,entry,kWh/h,,,0,2022-02-27T02:11:08+01:00,,Confirmed,,,,,True,,,True,PRISMA,,https://platform.prisma-capacity.eu/,,Cross-Border Transmission IP within EU,0,False
1Physical Flowhour2022-01-05 03:00:00 +00:002022-01-05 04:00:00 +00:00BE-TSO-0001ITP-00112entrykWh/h,1,Physical Flow,hour,2022-01-05T04:00:00+01:00,2022-01-05T05:00:00+01:00,BE-TSO-0001,21X-BE-A-A0A0A-Y,Fluxys Belgium,ITP-00112,Eynatten 1 (BE) // Lichtenbusch / Raeren (DE),21Z0000000000155,entry,kWh/h,,,0,2022-02-27T02:11:08+01:00,,Confirmed,,,,,True,,,True,PRISMA,,https://platform.prisma-capacity.eu/,,Cross-Border Transmission IP within EU,0,False
1Physical Flowhour2022-01-05 04:00:00 +00:002022-01-05 05:00:00 +00:00BE-TSO-0001ITP-00112entrykWh/h,1,Physical Flow,hour,2022-01-05T05:00:00+01:00,2022-01-05T06:00:00+01:00,BE-TSO-0001,21X-BE-A-A0A0A-Y,Fluxys Belgium,ITP-00112,Eynatten 1 (BE) // Lichtenbusch / Raeren (DE),21Z0000000000155,entry,kWh/h,,,0,2022-02-27T02:11:08+01:00,,Confirmed,,,,,True,,,True,PRISMA,,https://platform.prisma-capacity.eu/,,Cross-Border Transmission IP within EU,0,False
1Physical Flowhour2022-01-05 05:00:00 +00:002022-01-05 06:00:00 +00:00BE-TSO-0001ITP-00112entrykWh/h,1,Physical Flow,hour,2022-01-05T06:00:00+01:00,2022-01-05T07:00:00+01:00,BE-TSO-0001,21X-BE-A-A0A0A-Y,Fluxys Belgium,ITP-00112,Eynatten 1 (BE) // Lichtenbusch / Raeren (DE),21Z0000000000155,entry,kWh/h,,,0,2022-02-27T02:11:08+01:00,,Confirmed,,,,,True,,,True,PRISMA,,https://platform.prisma-capacity.eu/,,Cross-Border Transmission IP within EU,0,False
1Physical Flowhour2022-01-05 06:00:00 +00:002022-01-05 07:00:00 +00:00BE-TSO-0001ITP-00112entrykWh/h,1,Physical Flow,hour,2022-01-05T07:00:00+01:00,2022-01-05T08:00:00+01:00,BE-TSO-0001,21X-BE-A-A0A0A-Y,Fluxys Belgium,ITP-00112,Eynatten 1 (BE) // Lichtenbusch / Raeren (DE),21Z0000000000155,entry,kWh/h,,,0,2022-02-27T02:11:08+01:00,,Confirmed,,,,,True,,,True,PRISMA,,https://platform.prisma-capacity.eu/,,Cross-Border Transmission IP within EU,0,False
1Physical Flowhour2022-01-05 07:00:00 +00:002022-01-05 08:00:00 +00:00BE-TSO-0001ITP-00112entrykWh/h,1,Physical Flow,hour,2022-01-05T08:00:00+01:00,2022-01-05T09:00:00+01:00,BE-TSO-0001,21X-BE-A-A0A0A-Y,Fluxys Belgium,ITP-00112,Eynatten 1 (BE) // Lichtenbusch / Raeren (DE),21Z0000000000155,entry,kWh/h,,,0,2022-02-27T02:11:08+01:00,,Confirmed,,,,,True,,,True,PRISMA,,https://platform.prisma-capacity.eu/,,Cross-Border Transmission IP within EU,0,False
1Physical Flowhour2022-01-05 08:00:00 +00:002022-01-05 09:00:00 +00:00BE-TSO-0001ITP-00112entrykWh/h,1,Physical Flow,hour,2022-01-05T09:00:00+01:00,2022-01-05T10:00:00+01:00,BE-TSO-0001,21X-BE-A-A0A0A-Y,Fluxys Belgium,ITP-00112,Eynatten 1 (BE) // Lichtenbusch / Raeren (DE),21Z0000000000155,entry,kWh/h,,,0,2022-02-27T02:11:08+01:00,,Confirmed,,,,,True,,,True,PRISMA,,https://platform.prisma-capacity.eu/,,Cross-Border Transmission IP within EU,0,False
1Physical Flowhour2022-01-05 09:00:00 +00:002022-01-05 10:00:00 +00:00BE-TSO-0001ITP-00112entrykWh/h,1,Physical Flow,hour,2022-01-05T10:00:00+01:00,2022-01-05T11:00:00+01:00,BE-TSO-0001,21X-BE-A-A0A0A-Y,Fluxys Belgium,ITP-00112,Eynatten 1 (BE) // Lichtenbusch / Raeren (DE),21Z0000000000155,entry,kWh/h,,,0,2022-02-27T02:11:08+01:00,,Confirmed,,,,,True,,,True,PRISMA,,https://platform.prisma-capacity.eu/,,Cross-Border Transmission IP within EU,0,False
1Physical Flowhour2022-01-05 10:00:00 +00:002022-01-05 11:00:00 +00:00BE-TSO-0001ITP-00112entrykWh/h,1,Physical Flow,hour,2022-01-05T11:00:00+01:00,2022-01-05T12:00:00+01:00,BE-TSO-0001,21X-BE-A-A0A0A-Y,Fluxys Belgium,ITP-00112,Eynatten 1 (BE) // Lichtenbusch / Raeren (DE),21Z0000000000155,entry,kWh/h,,,0,2022-02-27T02:11:08+01:00,,Confirmed,,,,,True,,,True,PRISMA,,https://platform.prisma-capacity.eu/,,Cross-Border Transmission IP within EU,0,False
1Physical Flowhour2022-01-05 11:00:00 +00:002022-01-05 12:00:00 +00:00BE-TSO-0001ITP-00112entrykWh/h,1,Physical Flow,hour,2022-01-05T12:00:00+01:00,2022-01-05T13:00:00+01:00,BE-TSO-0001,21X-BE-A-A0A0A-Y,Fluxys Belgium,ITP-00112,Eynatten 1 (BE) // Lichtenbusch / Raeren (DE),21Z0000000000155,entry,kWh/h,,,0,2022-02-27T02:11:08+01:00,,Confirmed,,,,,True,,,True,PRISMA,,https://platform.prisma-capacity.eu/,,Cross-Border Transmission IP within EU,0,False
1Physical Flowhour2022-01-05 12:00:00 +00:002022-01-05 13:00:00 +00:00BE-TSO-0001ITP-00112entrykWh/h,1,Physical Flow,hour,2022-01-05T13:00:00+01:00,2022-01-05T14:00:00+01:00,BE-TSO-0001,21X-BE-A-A0A0A-Y,Fluxys Belgium,ITP-00112,Eynatten 1 (BE) // Lichtenbusch / Raeren (DE),21Z0000000000155,entry,kWh/h,,,0,2022-02-27T02:11:08+01:00,,Confirmed,,,,,True,,,True,PRISMA,,https://platform.prisma-capacity.eu/,,Cross-Border Transmission IP within EU,0,False
1Physical Flowhour2022-01-05 13:00:00 +00:002022-01-05 14:00:00 +00:00BE-TSO-0001ITP-00112entrykWh/h,1,Physical Flow,hour,2022-01-05T14:00:00+01:00,2022-01-05T15:00:00+01:00,BE-TSO-0001,21X-BE-A-A0A0A-Y,Fluxys Belgium,ITP-00112,Eynatten 1 (BE) // Lichtenbusch / Raeren (DE),21Z0000000000155,entry,kWh/h,,,0,2022-02-27T02:11:08+01:00,,Confirmed,,,,,True,,,True,PRISMA,,https://platform.prisma-capacity.eu/,,Cross-Border Transmission IP within EU,0,False
1Physical Flowhour2022-01-05 14:00:00 +00:002022-01-05 15:00:00 +00:00BE-TSO-0001ITP-00112entrykWh/h,1,Physical Flow,hour,2022-01-05T15:00:00+01:00,2022-01-05T16:00:00+01:00,BE-TSO-0001,21X-BE-A-A0A0A-Y,Fluxys Belgium,ITP-00112,Eynatten 1 (BE) // Lichtenbusch / Raeren (DE),21Z0000000000155,entry,kWh/h,,,0,2022-02-27T02:11:08+01:00,,Confirmed,,,,,True,,,True,PRISMA,,https://platform.prisma-capacity.eu/,,Cross-Border Transmission IP within EU,0,False
1Physical Flowhour2022-01-05 15:00:00 +00:002022-01-05 16:00:00 +00:00BE-TSO-0001ITP-00112entrykWh/h,1,Physical Flow,hour,2022-01-05T16:00:00+01:00,2022-01-05T17:00:00+01:00,BE-TSO-0001,21X-BE-A-A0A0A-Y,Fluxys Belgium,ITP-00112,Eynatten 1 (BE) // Lichtenbusch / Raeren (DE),21Z0000000000155,entry,kWh/h,,,0,2022-02-27T02:11:08+01:00,,Confirmed,,,,,True,,,True,PRISMA,,https://platform.prisma-capacity.eu/,,Cross-Border Transmission IP within EU,0,False
1Physical Flowhour2022-01-05 16:00:00 +00:002022-01-05 17:00:00 +00:00BE-TSO-0001ITP-00112entrykWh/h,1,Physical Flow,hour,2022-01-05T17:00:00+01:00,2022-01-05T18:00:00+01:00,BE-TSO-0001,21X-BE-A-A0A0A-Y,Fluxys Belgium,ITP-00112,Eynatten 1 (BE) // Lichtenbusch / Raeren (DE),21Z0000000000155,entry,kWh/h,,,0,2022-02-27T02:11:08+01:00,,Confirmed,,,,,True,,,True,PRISMA,,https://platform.prisma-capacity.eu/,,Cross-Border Transmission IP within EU,0,False
1Physical Flowhour2022-01-05 17:00:00 +00:002022-01-05 18:00:00 +00:00BE-TSO-0001ITP-00112entrykWh/h,1,Physical Flow,hour,2022-01-05T18:00:00+01:00,2022-01-05T19:00:00+01:00,BE-TSO-0001,21X-BE-A-A0A0A-Y,Fluxys Belgium,ITP-00112,Eynatten 1 (BE) // Lichtenbusch / Raeren (DE),21Z0000000000155,entry,kWh/h,,,0,2022-02-27T02:11:08+01:00,,Confirmed,,,,,True,,,True,PRISMA,,https://platform.prisma-capacity.eu/,,Cross-Border Transmission IP within EU,0,False
1Physical Flowhour2022-01-05 18:00:00 +00:002022-01-05 19:00:00 +00:00BE-TSO-0001ITP-00112entrykWh/h,1,Physical Flow,hour,2022-01-05T19:00:00+01:00,2022-01-05T20:00:00+01:00,BE-TSO-0001,21X-BE-A-A0A0A-Y,Fluxys Belgium,ITP-00112,Eynatten 1 (BE) // Lichtenbusch / Raeren (DE),21Z0000000000155,entry,kWh/h,,,0,2022-02-27T02:11:08+01:00,,Confirmed,,,,,True,,,True,PRISMA,,https://platform.prisma-capacity.eu/,,Cross-Border Transmission IP within EU,0,False
1Physical Flowhour2022-01-05 19:00:00 +00:002022-01-05 20:00:00 +00:00BE-TSO-0001ITP-00112entrykWh/h,1,Physical Flow,hour,2022-01-05T20:00:00+01:00,2022-01-05T21:00:00+01:00,BE-TSO-0001,21X-BE-A-A0A0A-Y,Fluxys Belgium,ITP-00112,Eynatten 1 (BE) // Lichtenbusch / Raeren (DE),21Z0000000000155,entry,kWh/h,,,0,2022-02-27T02:11:08+01:00,,Confirmed,,,,,True,,,True,PRISMA,,https://platform.prisma-capacity.eu/,,Cross-Border Transmission IP within EU,0,False
1Physical Flowhour2022-01-05 20:00:00 +00:002022-01-05 21:00:00 +00:00BE-TSO-0001ITP-00112entrykWh/h,1,Physical Flow,hour,2022-01-05T21:00:00+01:00,2022-01-05T22:00:00+01:00,BE-TSO-0001,21X-BE-A-A0A0A-Y,Fluxys Belgium,ITP-00112,Eynatten 1 (BE) // Lichtenbusch / Raeren (DE),21Z0000000000155,entry,kWh/h,,,0,2022-02-27T02:11:08+01:00,,Confirmed,,,,,True,,,True,PRISMA,,https://platform.prisma-capacity.eu/,,Cross-Border Transmission IP within EU,0,False
1Physical Flowhour2022-01-05 21:00:00 +00:002022-01-05 22:00:00 +00:00BE-TSO-0001ITP-00112entrykWh/h,1,Physical Flow,hour,2022-01-05T22:00:00+01:00,2022-01-05T23:00:00+01:00,BE-TSO-0001,21X-BE-A-A0A0A-Y,Fluxys Belgium,ITP-00112,Eynatten 1 (BE) // Lichtenbusch / Raeren (DE),21Z0000000000155,entry,kWh/h,,,0,2022-02-27T02:11:08+01:00,,Confirmed,,,,,True,,,True,PRISMA,,https://platform.prisma-capacity.eu/,,Cross-Border Transmission IP within EU,0,False
1Physical Flowhour2022-01-05 22:00:00 +00:002022-01-05 23:00:00 +00:00BE-TSO-0001ITP-00112entrykWh/h,1,Physical Flow,hour,2022-01-05T23:00:00+01:00,2022-01-06T00:00:00+01:00,BE-TSO-0001,21X-BE-A-A0A0A-Y,Fluxys Belgium,ITP-00112,Eynatten 1 (BE) // Lichtenbusch / Raeren (DE),21Z0000000000155,entry,kWh/h,,,0,2022-02-27T02:11:08+01:00,,Confirmed,,,,,True,,,True,PRISMA,,https://platform.prisma-capacity.eu/,,Cross-Border Transmission IP within EU,0,False
1Physical Flowhour2022-01-05 23:00:00 +00:002022-01-06 00:00:00 +00:00BE-TSO-0001ITP-00112entrykWh/h,1,Physical Flow,hour,2022-01-06T00:00:00+01:00,2022-01-06T01:00:00+01:00,BE-TSO-0001,21X-BE-A-A0A0A-Y,Fluxys Belgium,ITP-00112,Eynatten 1 (BE) // Lichtenbusch / Raeren (DE),21Z0000000000155,entry,kWh/h,,,0,2022-02-27T02:11:08+01:00,,Confirmed,,,,,True,,,True,PRISMA,,https://platform.prisma-capacity.eu/,,Cross-Border Transmission IP within EU,0,False
1Physical Flowhour2022-01-06 00:00:00 +00:002022-01-06 01:00:00 +00:00BE-TSO-0001ITP-00112entrykWh/h,1,Physical Flow,hour,2022-01-06T01:00:00+01:00,2022-01-06T02:00:00+01:00,BE-TSO-0001,21X-BE-A-A0A0A-Y,Fluxys Belgium,ITP-00112,Eynatten 1 (BE) // Lichtenbusch / Raeren (DE),21Z0000000000155,entry,kWh/h,,,0,2022-02-27T02:11:08+01:00,,Confirmed,,,,,True,,,True,PRISMA,,https://platform.prisma-capacity.eu/,,Cross-Border Transmission IP within EU,0,False
1Physical Flowhour2022-01-06 01:00:00 +00:002022-01-06 02:00:00 +00:00BE-TSO-0001ITP-00112entrykWh/h,1,Physical Flow,hour,2022-01-06T02:00:00+01:00,2022-01-06T03:00:00+01:00,BE-TSO-0001,21X-BE-A-A0A0A-Y,Fluxys Belgium,ITP-00112,Eynatten 1 (BE) // Lichtenbusch / Raeren (DE),21Z0000000000155,entry,kWh/h,,,0,2022-02-27T02:11:08+01:00,,Confirmed,,,,,True,,,True,PRISMA,,https://platform.prisma-capacity.eu/,,Cross-Border Transmission IP within EU,0,False
1Physical Flowhour2022-01-06 02:00:00 +00:002022-01-06 03:00:00 +00:00BE-TSO-0001ITP-00112entrykWh/h,1,Physical Flow,hour,2022-01-06T03:00:00+01:00,2022-01-06T04:00:00+01:00,BE-TSO-0001,21X-BE-A-A0A0A-Y,Fluxys Belgium,ITP-00112,Eynatten 1 (BE) // Lichtenbusch / Raeren (DE),21Z0000000000155,entry,kWh/h,,,0,2022-02-27T02:11:08+01:00,,Confirmed,,,,,True,,,True,PRISMA,,https://platform.prisma-capacity.eu/,,Cross-Border Transmission IP within EU,0,False
1Physical Flowhour2022-01-06 03:00:00 +00:002022-01-06 04:00:00 +00:00BE-TSO-0001ITP-00112entrykWh/h,1,Physical Flow,hour,2022-01-06T04:00:00+01:00,2022-01-06T05:00:00+01:00,BE-TSO-0001,21X-BE-A-A0A0A-Y,Fluxys Belgium,ITP-00112,Eynatten 1 (BE) // Lichtenbusch / Raeren (DE),21Z0000000000155,entry,kWh/h,,,0,2022-02-27T02:11:08+01:00,,Confirmed,,,,,True,,,True,PRISMA,,https://platform.prisma-capacity.eu/,,Cross-Border Transmission IP within EU,0,False
1Physical Flowhour2022-01-06 04:00:00 +00:002022-01-06 05:00:00 +00:00BE-TSO-0001ITP-00112entrykWh/h,1,Physical Flow,hour,2022-01-06T05:00:00+01:00,2022-01-06T06:00:00+01:00,BE-TSO-0001,21X-BE-A-A0A0A-Y,Fluxys Belgium,ITP-00112,Eynatten 1 (BE) // Lichtenbusch / Raeren (DE),21Z0000000000155,entry,kWh/h,,,0,2022-02-27T02:11:08+01:00,,Confirmed,,,,,True,,,True,PRISMA,,https://platform.prisma-capacity.eu/,,Cross-Border Transmission IP within EU,0,False
1Physical Flowhour2022-01-06 05:00:00 +00:002022-01-06 06:00:00 +00:00BE-TSO-0001ITP-00112entrykWh/h,1,Physical Flow,hour,2022-01-06T06:00:00+01:00,2022-01-06T07:00:00+01:00,BE-TSO-0001,21X-BE-A-A0A0A-Y,Fluxys Belgium,ITP-00112,Eynatten 1 (BE) // Lichtenbusch / Raeren (DE),21Z0000000000155,entry,kWh/h,,,0,2022-02-27T02:11:08+01:00,,Confirmed,,,,,True,,,True,PRISMA,,https://platform.prisma-capacity.eu/,,Cross-Border Transmission IP within EU,0,False
1Physical Flowhour2022-01-06 06:00:00 +00:002022-01-06 07:00:00 +00:00BE-TSO-0001ITP-00112entrykWh/h,1,Physical Flow,hour,2022-01-06T07:00:00+01:00,2022-01-06T08:00:00+01:00,BE-TSO-0001,21X-BE-A-A0A0A-Y,Fluxys Belgium,ITP-00112,Eynatten 1 (BE) // Lichtenbusch / Raeren (DE),21Z0000000000155,entry,kWh/h,,,0,2022-02-27T02:11:08+01:00,,Confirmed,,,,,True,,,True,PRISMA,,https://platform.prisma-capacity.eu/,,Cross-Border Transmission IP within EU,0,False
1Physical Flowhour2022-01-06 07:00:00 +00:002022-01-06 08:00:00 +00:00BE-TSO-0001ITP-00112entrykWh/h,1,Physical Flow,hour,2022-01-06T08:00:00+01:00,2022-01-06T09:00:00+01:00,BE-TSO-0001,21X-BE-A-A0A0A-Y,Fluxys Belgium,ITP-00112,Eynatten 1 (BE) // Lichtenbusch / Raeren (DE),21Z0000000000155,entry,kWh/h,,,0,2022-02-27T02:11:08+01:00,,Confirmed,,,,,True,,,True,PRISMA,,https://platform.prisma-capacity.eu/,,Cross-Border Transmission IP within EU,0,False
1Physical Flowhour2022-01-06 08:00:00 +00:002022-01-06 09:00:00 +00:00BE-TSO-0001ITP-00112entrykWh/h,1,Physical Flow,hour,2022-01-06T09:00:00+01:00,2022-01-06T10:00:00+01:00,BE-TSO-0001,21X-BE-A-A0A0A-Y,Fluxys Belgium,ITP-00112,Eynatten 1 (BE) // Lichtenbusch / Raeren (DE),21Z0000000000155,entry,kWh/h,,,0,2022-02-27T02:11:08+01:00,,Confirmed,,,,,True,,,True,PRISMA,,https://platform.prisma-capacity.eu/,,Cross-Border Transmission IP within EU,0,False
1Physical Flowhour2022-01-06 09:00:00 +00:002022-01-06 10:00:00 +00:00BE-TSO-0001ITP-00112entrykWh/h,1,Physical Flow,hour,2022-01-06T10:00:00+01:00,2022-01-06T11:00:00+01:00,BE-TSO-0001,21X-BE-A-A0A0A-Y,Fluxys Belgium,ITP-00112,Eynatten 1 (BE) // Lichtenbusch / Raeren (DE),21Z0000000000155,entry,kWh/h,,,0,2022-02-27T02:11:08+01:00,,Confirmed,,,,,True,,,True,PRISMA,,https://platform.prisma-capacity.eu/,,Cross-Border Transmission IP within EU,0,False
1Physical Flowhour2022-01-06 10:00:00 +00:002022-01-06 11:00:00 +00:00BE-TSO-0001ITP-00112entrykWh/h,1,Physical Flow,hour,2022-01-06T11:00:00+01:00,2022-01-06T12:00:00+01:00,BE-TSO-0001,21X-BE-A-A0A0A-Y,Fluxys Belgium,ITP-00112,Eynatten 1 (BE) // Lichtenbusch / Raeren (DE),21Z0000000000155,entry,kWh/h,,,0,2022-02-27T02:11:08+01:00,,Confirmed,,,,,True,,,True,PRISMA,,https://platform.prisma-capacity.eu/,,Cross-Border Transmission IP within EU,0,False
1Physical Flowhour2022-01-06 11:00:00 +00:002022-01-06 12:00:00 +00:00BE-TSO-0001ITP-00112entrykWh/h,1,Physical Flow,hour,2022-01-06T12:00:00+01:00,2022-01-06T13:00:00+01:00,BE-TSO-0001,21X-BE-A-A0A0A-Y,Fluxys Belgium,ITP-00112,Eynatten 1 (BE) // Lichtenbusch / Raeren (DE),21Z0000000000155,entry,kWh/h,,,0,2022-02-27T02:11:08+01:00,,Confirmed,,,,,True,,,True,PRISMA,,https://platform.prisma-capacity.eu/,,Cross-Border Transmission IP within EU,0,False
1Physical Flowhour2022-01-06 12:00:00 +00:002022-01-06 13:00:00 +00:00BE-TSO-0001ITP-00112entrykWh/h,1,Physical Flow,hour,2022-01-06T13:00:00+01:00,2022-01-06T14:00:00+01:00,BE-TSO-0001,21X-BE-A-A0A0A-Y,Fluxys Belgium,ITP-00112,Eynatten 1 (BE) // Lichtenbusch / Raeren (DE),21Z0000000000155,entry,kWh/h,,,0,2022-02-27T02:11:08+01:00,,Confirmed,,,,,True,,,True,PRISMA,,https://platform.prisma-capacity.eu/,,Cross-Border Transmission IP within EU,0,False
1Physical Flowhour2022-01-06 13:00:00 +00:002022-01-06 14:00:00 +00:00BE-TSO-0001ITP-00112entrykWh/h,1,Physical Flow,hour,2022-01-06T14:00:00+01:00,2022-01-06T15:00:00+01:00,BE-TSO-0001,21X-BE-A-A0A0A-Y,Fluxys Belgium,ITP-00112,Eynatten 1 (BE) // Lichtenbusch / Raeren (DE),21Z0000000000155,entry,kWh/h,,,0,2022-02-27T02:11:08+01:00,,Confirmed,,,,,True,,,True,PRISMA,,https://platform.prisma-capacity.eu/,,Cross-Border Transmission IP within EU,0,False
1Physical Flowhour2022-01-06 14:00:00 +00:002022-01-06 15:00:00 +00:00BE-TSO-0001ITP-00112entrykWh/h,1,Physical Flow,hour,2022-01-06T15:00:00+01:00,2022-01-06T16:00:00+01:00,BE-TSO-0001,21X-BE-A-A0A0A-Y,Fluxys Belgium,ITP-00112,Eynatten 1 (BE) // Lichtenbusch / Raeren (DE),21Z0000000000155,entry,kWh/h,,,0,2022-02-27T02:11:08+01:00,,Confirmed,,,,,True,,,True,PRISMA,,https://platform.prisma-capacity.eu/,,Cross-Border Transmission IP within EU,0,False
1Physical Flowhour2022-01-06 15:00:00 +00:002022-01-06 16:00:00 +00:00BE-TSO-0001ITP-00112entrykWh/h,1,Physical Flow,hour,2022-01-06T16:00:00+01:00,2022-01-06T17:00:00+01:00,BE-TSO-0001,21X-BE-A-A0A0A-Y,Fluxys Belgium,ITP-00112,Eynatten 1 (BE) // Lichtenbusch / Raeren (DE),21Z0000000000155,entry,kWh/h,,,0,2022-02-27T02:11:08+01:00,,Confirmed,,,,,True,,,True,PRISMA,,https://platform.prisma-capacity.eu/,,Cross-Border Transmission IP within EU,0,False
1Physical Flowhour2022-01-06 16:00:00 +00:002022-01-06 17:00:00 +00:00BE-TSO-0001ITP-00112entrykWh/h,1,Physical Flow,hour,2022-01-06T17:00:00+01:00,2022-01-06T18:00:00+01:00,BE-TSO-0001,21X-BE-A-A0A0A-Y,Fluxys Belgium,ITP-00112,Eynatten 1 (BE) // Lichtenbusch / Raeren (DE),21Z0000000000155,entry,kWh/h,,,0,2022-02-27T02:11:08+01:00,,Confirmed,,,,,True,,,True,PRISMA,,https://platform.prisma-capacity.eu/,,Cross-Border Transmission IP within EU,0,False
1Physical Flowhour2022-01-06 17:00:00 +00:002022-01-06 18:00:00 +00:00BE-TSO-0001ITP-00112entrykWh/h,1,Physical Flow,hour,2022-01-06T18:00:00+01:00,2022-01-06T19:00:00+01:00,BE-TSO-0001,21X-BE-A-A0A0A-Y,Fluxys Belgium,ITP-00112,Eynatten 1 (BE) // Lichtenbusch / Raeren (DE),21Z0000000000155,entry,kWh/h,,,0,2022-02-27T02:11:08+01:00,,Confirmed,,,,,True,,,True,PRISMA,,https://platform.prisma-capacity.eu/,,Cross-Border Transmission IP within EU,0,False
1Physical Flowhour2022-01-06 18:00:00 +00:002022-01-06 19:00:00 +00:00BE-TSO-0001ITP-00112entrykWh/h,1,Physical Flow,hour,2022-01-06T19:00:00+01:00,2022-01-06T20:00:00+01:00,BE-TSO-0001,21X-BE-A-A0A0A-Y,Fluxys Belgium,ITP-00112,Eynatten 1 (BE) // Lichtenbusch / Raeren (DE),21Z0000000000155,entry,kWh/h,,,0,2022-02-27T02:11:08+01:00,,Confirmed,,,,,True,,,True,PRISMA,,https://platform.prisma-capacity.eu/,,Cross-Border Transmission IP within EU,0,False
1Physical Flowhour2022-01-06 19:00:00 +00:002022-01-06 20:00:00 +00:00BE-TSO-0001ITP-00112entrykWh/h,1,Physical Flow,hour,2022-01-06T20:00:00+01:00,2022-01-06T21:00:00+01:00,BE-TSO-0001,21X-BE-A-A0A0A-Y,Fluxys Belgium,ITP-00112,Eynatten 1 (BE) // Lichtenbusch / Raeren (DE),21Z0000000000155,entry,kWh/h,,,0,2022-02-27T02:11:08+01:00,,Confirmed,,,,,True,,,True,PRISMA,,https://platform.prisma-capacity.eu/,,Cross-Border Transmission IP within EU,0,False
1Physical Flowhour2022-01-06 20:00:00 +00:002022-01-06 21:00:00 +00:00BE-TSO-0001ITP-00112entrykWh/h,1,Physical Flow,hour,2022-01-06T21:00:00+01:00,2022-01-06T22:00:00+01:00,BE-TSO-0001,21X-BE-A-A0A0A-Y,Fluxys Belgium,ITP-00112,Eynatten 1 (BE) // Lichtenbusch / Raeren (DE),21Z0000000000155,entry,kWh/h,,,0,2022-02-27T02:11:08+01:00,,Confirmed,,,,,True,,,True,PRISMA,,https://platform.prisma-capacity.eu/,,Cross-Border Transmission IP within EU,0,False
1Physical Flowhour2022-01-06 21:00:00 +00:002022-01-06 22:00:00 +00:00BE-TSO-0001ITP-00112entrykWh/h,1,Physical Flow,hour,2022-01-06T22:00:00+01:00,2022-01-06T23:00:00+01:00,BE-TSO-0001,21X-BE-A-A0A0A-Y,Fluxys Belgium,ITP-00112,Eynatten 1 (BE) // Lichtenbusch / Raeren (DE),21Z0000000000155,entry,kWh/h,,,0,2022-02-27T02:11:08+01:00,,Confirmed,,,,,True,,,True,PRISMA,,https://platform.prisma-capacity.eu/,,Cross-Border Transmission IP within EU,0,False
1Physical Flowhour2022-01-06 22:00:00 +00:002022-01-06 23:00:00 +00:00BE-TSO-0001ITP-00112entrykWh/h,1,Physical Flow,hour,2022-01-06T23:00:00+01:00,2022-01-07T00:00:00+01:00,BE-TSO-0001,21X-BE-A-A0A0A-Y,Fluxys Belgium,ITP-00112,Eynatten 1 (BE) // Lichtenbusch / Raeren (DE),21Z0000000000155,entry,kWh/h,,,0,2022-02-27T02:11:08+01:00,,Confirmed,,,,,True,,,True,PRISMA,,https://platform.prisma-capacity.eu/,,Cross-Border Transmission IP within EU,0,False
1Physical Flowhour2022-01-06 23:00:00 +00:002022-01-07 00:00:00 +00:00BE-TSO-0001ITP-00112entrykWh/h,1,Physical Flow,hour,2022-01-07T00:00:00+01:00,2022-01-07T01:00:00+01:00,BE-TSO-0001,21X-BE-A-A0A0A-Y,Fluxys Belgium,ITP-00112,Eynatten 1 (BE) // Lichtenbusch / Raeren (DE),21Z0000000000155,entry,kWh/h,,,0,2022-02-27T02:11:08+01:00,,Confirmed,,,,,True,,,True,PRISMA,,https://platform.prisma-capacity.eu/,,Cross-Border Transmission IP within EU,0,False
1Physical Flowhour2022-01-07 00:00:00 +00:002022-01-07 01:00:00 +00:00BE-TSO-0001ITP-00112entrykWh/h,1,Physical Flow,hour,2022-01-07T01:00:00+01:00,2022-01-07T02:00:00+01:00,BE-TSO-0001,21X-BE-A-A0A0A-Y,Fluxys Belgium,ITP-00112,Eynatten 1 (BE) // Lichtenbusch / Raeren (DE),21Z0000000000155,entry,kWh/h,,,0,2022-02-27T02:11:08+01:00,,Confirmed,,,,,True,,,True,PRISMA,,https://platform.prisma-capacity.eu/,,Cross-Border Transmission IP within EU,0,False
1Physical Flowhour2022-01-07 01:00:00 +00:002022-01-07 02:00:00 +00:00BE-TSO-0001ITP-00112entrykWh/h,1,Physical Flow,hour,2022-01-07T02:00:00+01:00,2022-01-07T03:00:00+01:00,BE-TSO-0001,21X-BE-A-A0A0A-Y,Fluxys Belgium,ITP-00112,Eynatten 1 (BE) // Lichtenbusch / Raeren (DE),21Z0000000000155,entry,kWh/h,,,0,2022-02-27T02:11:08+01:00,,Confirmed,,,,,True,,,True,PRISMA,,https://platform.prisma-capacity.eu/,,Cross-Border Transmission IP within EU,0,False
1Physical Flowhour2022-01-07 02:00:00 +00:002022-01-07 03:00:00 +00:00BE-TSO-0001ITP-00112entrykWh/h,1,Physical Flow,hour,2022-01-07T03:00:00+01:00,2022-01-07T04:00:00+01:00,BE-TSO-0001,21X-BE-A-A0A0A-Y,Fluxys Belgium,ITP-00112,Eynatten 1 (BE) // Lichtenbusch / Raeren (DE),21Z0000000000155,entry,kWh/h,,,0,2022-02-27T02:11:08+01:00,,Confirmed,,,,,True,,,True,PRISMA,,https://platform.prisma-capacity.eu/,,Cross-Border Transmission IP within EU,0,False
1Physical Flowhour2022-01-07 03:00:00 +00:002022-01-07 04:00:00 +00:00BE-TSO-0001ITP-00112entrykWh/h,1,Physical Flow,hour,2022-01-07T04:00:00+01:00,2022-01-07T05:00:00+01:00,BE-TSO-0001,21X-BE-A-A0A0A-Y,Fluxys Belgium,ITP-00112,Eynatten 1 (BE) // Lichtenbusch / Raeren (DE),21Z0000000000155,entry,kWh/h,,,0,2022-02-27T02:11:08+01:00,,Confirmed,,,,,True,,,True,PRISMA,,https://platform.prisma-capacity.eu/,,Cross-Border Transmission IP within EU,0,False
1Physical Flowhour2022-01-07 04:00:00 +00:002022-01-07 05:00:00 +00:00BE-TSO-0001ITP-00112entrykWh/h,1,Physical Flow,hour,2022-01-07T05:00:00+01:00,2022-01-07T06:00:00+01:00,BE-TSO-0001,21X-BE-A-A0A0A-Y,Fluxys Belgium,ITP-00112,Eynatten 1 (BE) // Lichtenbusch / Raeren (DE),21Z0000000000155,entry,kWh/h,,,0,2022-02-27T02:11:08+01:00,,Confirmed,,,,,True,,,True,PRISMA,,https://platform.prisma-capacity.eu/,,Cross-Border Transmission IP within EU,0,False
1Physical Flowhour2022-01-07 05:00:00 +00:002022-01-07 06:00:00 +00:00BE-TSO-0001ITP-00112entrykWh/h,1,Physical Flow,hour,2022-01-07T06:00:00+01:00,2022-01-07T07:00:00+01:00,BE-TSO-0001,21X-BE-A-A0A0A-Y,Fluxys Belgium,ITP-00112,Eynatten 1 (BE) // Lichtenbusch / Raeren (DE),21Z0000000000155,entry,kWh/h,,,0,2022-02-27T02:11:08+01:00,,Confirmed,,,,,True,,,True,PRISMA,,https://platform.prisma-capacity.eu/,,Cross-Border Transmission IP within EU,0,False
1Physical Flowhour2022-01-07 06:00:00 +00:002022-01-07 07:00:00 +00:00BE-TSO-0001ITP-00112entrykWh/h,1,Physical Flow,hour,2022-01-07T07:00:00+01:00,2022-01-07T08:00:00+01:00,BE-TSO-0001,21X-BE-A-A0A0A-Y,Fluxys Belgium,ITP-00112,Eynatten 1 (BE) // Lichtenbusch / Raeren (DE),21Z0000000000155,entry,kWh/h,,,0,2022-02-27T02:11:08+01:00,,Confirmed,,,,,True,,,True,PRISMA,,https://platform.prisma-capacity.eu/,,Cross-Border Transmission IP within EU,0,False
1Physical Flowhour2022-01-07 07:00:00 +00:002022-01-07 08:00:00 +00:00BE-TSO-0001ITP-00112entrykWh/h,1,Physical Flow,hour,2022-01-07T08:00:00+01:00,2022-01-07T09:00:00+01:00,BE-TSO-0001,21X-BE-A-A0A0A-Y,Fluxys Belgium,ITP-00112,Eynatten 1 (BE) // Lichtenbusch / Raeren (DE),21Z0000000000155,entry,kWh/h,,,0,2022-02-27T02:11:08+01:00,,Confirmed,,,,,True,,,True,PRISMA,,https://platform.prisma-capacity.eu/,,Cross-Border Transmission IP within EU,0,False
1Physical Flowhour2022-01-07 08:00:00 +00:002022-01-07 09:00:00 +00:00BE-TSO-0001ITP-00112entrykWh/h,1,Physical Flow,hour,2022-01-07T09:00:00+01:00,2022-01-07T10:00:00+01:00,BE-TSO-0001,21X-BE-A-A0A0A-Y,Fluxys Belgium,ITP-00112,Eynatten 1 (BE) // Lichtenbusch / Raeren (DE),21Z0000000000155,entry,kWh/h,,,0,2022-02-27T02:11:08+01:00,,Confirmed,,,,,True,,,True,PRISMA,,https://platform.prisma-capacity.eu/,,Cross-Border Transmission IP within EU,0,False
1Physical Flowhour2022-01-07 09:00:00 +00:002022-01-07 10:00:00 +00:00BE-TSO-0001ITP-00112entrykWh/h,1,Physical Flow,hour,2022-01-07T10:00:00+01:00,2022-01-07T11:00:00+01:00,BE-TSO-0001,21X-BE-A-A0A0A-Y,Fluxys Belgium,ITP-00112,Eynatten 1 (BE) // Lichtenbusch / Raeren (DE),21Z0000000000155,entry,kWh/h,,,0,2022-02-27T02:11:08+01:00,,Confirmed,,,,,True,,,True,PRISMA,,https://platform.prisma-capacity.eu/,,Cross-Border Transmission IP within EU,0,False
1Physical Flowhour2022-01-07 10:00:00 +00:002022-01-07 11:00:00 +00:00BE-TSO-0001ITP-00112entrykWh/h,1,Physical Flow,hour,2022-01-07T11:00:00+01:00,2022-01-07T12:00:00+01:00,BE-TSO-0001,21X-BE-A-A0A0A-Y,Fluxys Belgium,ITP-00112,Eynatten 1 (BE) // Lichtenbusch / Raeren (DE),21Z0000000000155,entry,kWh/h,,,0,2022-02-27T02:11:08+01:00,,Confirmed,,,,,True,,,True,PRISMA,,https://platform.prisma-capacity.eu/,,Cross-Border Transmission IP within EU,0,False
1Physical Flowhour2022-01-07 11:00:00 +00:002022-01-07 12:00:00 +00:00BE-TSO-0001ITP-00112entrykWh/h,1,Physical Flow,hour,2022-01-07T12:00:00+01:00,2022-01-07T13:00:00+01:00,BE-TSO-0001,21X-BE-A-A0A0A-Y,Fluxys Belgium,ITP-00112,Eynatten 1 (BE) // Lichtenbusch / Raeren (DE),21Z0000000000155,entry,kWh/h,,,0,2022-02-27T02:11:08+01:00,,Confirmed,,,,,True,,,True,PRISMA,,https://platform.prisma-capacity.eu/,,Cross-Border Transmission IP within EU,0,False
1Physical Flowhour2022-01-07 12:00:00 +00:002022-01-07 13:00:00 +00:00BE-TSO-0001ITP-00112entrykWh/h,1,Physical Flow,hour,2022-01-07T13:00:00+01:00,2022-01-07T14:00:00+01:00,BE-TSO-0001,21X-BE-A-A0A0A-Y,Fluxys Belgium,ITP-00112,Eynatten 1 (BE) // Lichtenbusch / Raeren (DE),21Z0000000000155,entry,kWh/h,,,0,2022-02-27T02:11:08+01:00,,Confirmed,,,,,True,,,True,PRISMA,,https://platform.prisma-capacity.eu/,,Cross-Border Transmission IP within EU,0,False
1Physical Flowhour2022-01-07 13:00:00 +00:002022-01-07 14:00:00 +00:00BE-TSO-0001ITP-00112entrykWh/h,1,Physical Flow,hour,2022-01-07T14:00:00+01:00,2022-01-07T15:00:00+01:00,BE-TSO-0001,21X-BE-A-A0A0A-Y,Fluxys Belgium,ITP-00112,Eynatten 1 (BE) // Lichtenbusch / Raeren (DE),21Z0000000000155,entry,kWh/h,,,0,2022-02-27T02:11:08+01:00,,Confirmed,,,,,True,,,True,PRISMA,,https://platform.prisma-capacity.eu/,,Cross-Border Transmission IP within EU,0,False
1Physical Flowhour2022-01-07 14:00:00 +00:002022-01-07 15:00:00 +00:00BE-TSO-0001ITP-00112entrykWh/h,1,Physical Flow,hour,2022-01-07T15:00:00+01:00,2022-01-07T16:00:00+01:00,BE-TSO-0001,21X-BE-A-A0A0A-Y,Fluxys Belgium,ITP-00112,Eynatten 1 (BE) // Lichtenbusch / Raeren (DE),21Z0000000000155,entry,kWh/h,,,0,2022-02-27T02:11:08+01:00,,Confirmed,,,,,True,,,True,PRISMA,,https://platform.prisma-capacity.eu/,,Cross-Border Transmission IP within EU,0,False
1Physical Flowhour2022-01-07 15:00:00 +00:002022-01-07 16:00:00 +00:00BE-TSO-0001ITP-00112entrykWh/h,1,Physical Flow,hour,2022-01-07T16:00:00+01:00,2022-01-07T17:00:00+01:00,BE-TSO-0001,21X-BE-A-A0A0A-Y,Fluxys Belgium,ITP-00112,Eynatten 1 (BE) // Lichtenbusch / Raeren (DE),21Z0000000000155,entry,kWh/h,,,0,2022-02-27T02:11:08+01:00,,Confirmed,,,,,True,,,True,PRISMA,,https://platform.prisma-capacity.eu/,,Cross-Border Transmission IP within EU,0,False
1Physical Flowhour2022-01-07 16:00:00 +00:002022-01-07 17:00:00 +00:00BE-TSO-0001ITP-00112entrykWh/h,1,Physical Flow,hour,2022-01-07T17:00:00+01:00,2022-01-07T18:00:00+01:00,BE-TSO-0001,21X-BE-A-A0A0A-Y,Fluxys Belgium,ITP-00112,Eynatten 1 (BE) // Lichtenbusch / Raeren (DE),21Z0000000000155,entry,kWh/h,,,0,2022-02-27T02:11:08+01:00,,Confirmed,,,,,True,,,True,PRISMA,,https://platform.prisma-capacity.eu/,,Cross-Border Transmission IP within EU,0,False
1Physical Flowhour2022-01-07 17:00:00 +00:002022-01-07 18:00:00 +00:00BE-TSO-0001ITP-00112entrykWh/h,1,Physical Flow,hour,2022-01-07T18:00:00+01:00,2022-01-07T19:00:00+01:00,BE-TSO-0001,21X-BE-A-A0A0A-Y,Fluxys Belgium,ITP-00112,Eynatten 1 (BE) // Lichtenbusch / Raeren (DE),21Z0000000000155,entry,kWh/h,,,0,2022-02-27T02:11:08+01:00,,Confirmed,,,,,True,,,True,PRISMA,,https://platform.prisma-capacity.eu/,,Cross-Border Transmission IP within EU,0,False
1Physical Flowhour2022-01-07 18:00:00 +00:002022-01-07 19:00:00 +00:00BE-TSO-0001ITP-00112entrykWh/h,1,Physical Flow,hour,2022-01-07T19:00:00+01:00,2022-01-07T20:00:00+01:00,BE-TSO-0001,21X-BE-A-A0A0A-Y,Fluxys Belgium,ITP-00112,Eynatten 1 (BE) // Lichtenbusch / Raeren (DE),21Z0000000000155,entry,kWh/h,,,0,2022-02-27T02:11:08+01:00,,Confirmed,,,,,True,,,True,PRISMA,,https://platform.prisma-capacity.eu/,,Cross-Border Transmission IP within EU,0,False
1Physical Flowhour2022-01-07 19:00:00 +00:002022-01-07 20:00:00 +00:00BE-TSO-0001ITP-00112entrykWh/h,1,Physical Flow,hour,2022-01-07T20:00:00+01:00,2022-01-07T21:00:00+01:00,BE-TSO-0001,21X-BE-A-A0A0A-Y,Fluxys Belgium,ITP-00112,Eynatten 1 (BE) // Lichtenbusch / Raeren (DE),21Z0000000000155,entry,kWh/h,,,0,2022-02-27T02:11:08+01:00,,Confirmed,,,,,True,,,True,PRISMA,,https://platform.prisma-capacity.eu/,,Cross-Border Transmission IP within EU,0,False
1Physical Flowhour2022-01-07 20:00:00 +00:002022-01-07 21:00:00 +00:00BE-TSO-0001ITP-00112entrykWh/h,1,Physical Flow,hour,2022-01-07T21:00:00+01:00,2022-01-07T22:00:00+01:00,BE-TSO-0001,21X-BE-A-A0A0A-Y,Fluxys Belgium,ITP-00112,Eynatten 1 (BE) // Lichtenbusch / Raeren (DE),21Z0000000000155,entry,kWh/h,,,0,2022-02-27T02:11:08+01:00,,Confirmed,,,,,True,,,True,PRISMA,,https://platform.prisma-capacity.eu/,,Cross-Border Transmission IP within EU,0,False
1Physical Flowhour2022-01-07 21:00:00 +00:002022-01-07 22:00:00 +00:00BE-TSO-0001ITP-00112entrykWh/h,1,Physical Flow,hour,2022-01-07T22:00:00+01:00,2022-01-07T23:00:00+01:00,BE-TSO-0001,21X-BE-A-A0A0A-Y,Fluxys Belgium,ITP-00112,Eynatten 1 (BE) // Lichtenbusch / Raeren (DE),21Z0000000000155,entry,kWh/h,,,0,2022-02-27T02:11:08+01:00,,Confirmed,,,,,True,,,True,PRISMA,,https://platform.prisma-capacity.eu/,,Cross-Border Transmission IP within EU,0,False
1Physical Flowhour2022-01-07 22:00:00 +00:002022-01-07 23:00:00 +00:00BE-TSO-0001ITP-00112entrykWh/h,1,Physical Flow,hour,2022-01-07T23:00:00+01:00,2022-01-08T00:00:00+01:00,BE-TSO-0001,21X-BE-A-A0A0A-Y,Fluxys Belgium,ITP-00112,Eynatten 1 (BE) // Lichtenbusch / Raeren (DE),21Z0000000000155,entry,kWh/h,,,0,2022-02-27T02:11:08+01:00,,Confirmed,,,,,True,,,True,PRISMA,,https://platform.prisma-capacity.eu/,,Cross-Border Transmission IP within EU,0,False
1Physical Flowhour2022-01-07 23:00:00 +00:002022-01-08 00:00:00 +00:00BE-TSO-0001ITP-00112entrykWh/h,1,Physical Flow,hour,2022-01-08T00:00:00+01:00,2022-01-08T01:00:00+01:00,BE-TSO-0001,21X-BE-A-A0A0A-Y,Fluxys Belgium,ITP-00112,Eynatten 1 (BE) // Lichtenbusch / Raeren (DE),21Z0000000000155,entry,kWh/h,,,0,2022-02-27T02:11:08+01:00,,Confirmed,,,,,True,,,True,PRISMA,,https://platform.prisma-capacity.eu/,,Cross-Border Transmission IP within EU,0,False
1Physical Flowhour2022-01-08 00:00:00 +00:002022-01-08 01:00:00 +00:00BE-TSO-0001ITP-00112entrykWh/h,1,Physical Flow,hour,2022-01-08T01:00:00+01:00,2022-01-08T02:00:00+01:00,BE-TSO-0001,21X-BE-A-A0A0A-Y,Fluxys Belgium,ITP-00112,Eynatten 1 (BE) // Lichtenbusch / Raeren (DE),21Z0000000000155,entry,kWh/h,,,0,2022-02-27T02:11:08+01:00,,Confirmed,,,,,True,,,True,PRISMA,,https://platform.prisma-capacity.eu/,,Cross-Border Transmission IP within EU,0,False
1Physical Flowhour2022-01-08 01:00:00 +00:002022-01-08 02:00:00 +00:00BE-TSO-0001ITP-00112entrykWh/h,1,Physical Flow,hour,2022-01-08T02:00:00+01:00,2022-01-08T03:00:00+01:00,BE-TSO-0001,21X-BE-A-A0A0A-Y,Fluxys Belgium,ITP-00112,Eynatten 1 (BE) // Lichtenbusch / Raeren (DE),21Z0000000000155,entry,kWh/h,,,0,2022-02-27T02:11:08+01:00,,Confirmed,,,,,True,,,True,PRISMA,,https://platform.prisma-capacity.eu/,,Cross-Border Transmission IP within EU,0,False
1Physical Flowhour2022-01-08 02:00:00 +00:002022-01-08 03:00:00 +00:00BE-TSO-0001ITP-00112entrykWh/h,1,Physical Flow,hour,2022-01-08T03:00:00+01:00,2022-01-08T04:00:00+01:00,BE-TSO-0001,21X-BE-A-A0A0A-Y,Fluxys Belgium,ITP-00112,Eynatten 1 (BE) // Lichtenbusch / Raeren (DE),21Z0000000000155,entry,kWh/h,,,0,2022-02-27T02:11:08+01:00,,Confirmed,,,,,True,,,True,PRISMA,,https://platform.prisma-capacity.eu/,,Cross-Border Transmission IP within EU,0,False
1Physical Flowhour2022-01-08 03:00:00 +00:002022-01-08 04:00:00 +00:00BE-TSO-0001ITP-00112entrykWh/h,1,Physical Flow,hour,2022-01-08T04:00:00+01:00,2022-01-08T05:00:00+01:00,BE-TSO-0001,21X-BE-A-A0A0A-Y,Fluxys Belgium,ITP-00112,Eynatten 1 (BE) // Lichtenbusch / Raeren (DE),21Z0000000000155,entry,kWh/h,,,0,2022-02-27T02:11:08+01:00,,Confirmed,,,,,True,,,True,PRISMA,,https://platform.prisma-capacity.eu/,,Cross-Border Transmission IP within EU,0,False
1Physical Flowhour2022-01-08 04:00:00 +00:002022-01-08 05:00:00 +00:00BE-TSO-0001ITP-00112entrykWh/h,1,Physical Flow,hour,2022-01-08T05:00:00+01:00,2022-01-08T06:00:00+01:00,BE-TSO-0001,21X-BE-A-A0A0A-Y,Fluxys Belgium,ITP-00112,Eynatten 1 (BE) // Lichtenbusch / Raeren (DE),21Z0000000000155,entry,kWh/h,,,0,2022-02-27T02:11:08+01:00,,Confirmed,,,,,True,,,True,PRISMA,,https://platform.prisma-capacity.eu/,,Cross-Border Transmission IP within EU,0,False
1Physical Flowhour2022-01-08 05:00:00 +00:002022-01-08 06:00:00 +00:00BE-TSO-0001ITP-00112entrykWh/h,1,Physical Flow,hour,2022-01-08T06:00:00+01:00,2022-01-08T07:00:00+01:00,BE-TSO-0001,21X-BE-A-A0A0A-Y,Fluxys Belgium,ITP-00112,Eynatten 1 (BE) // Lichtenbusch / Raeren (DE),21Z0000000000155,entry,kWh/h,,,0,2022-02-27T02:11:08+01:00,,Confirmed,,,,,True,,,True,PRISMA,,https://platform.prisma-capacity.eu/,,Cross-Border Transmission IP within EU,0,False
1Physical Flowhour2022-01-08 06:00:00 +00:002022-01-08 07:00:00 +00:00BE-TSO-0001ITP-00112entrykWh/h,1,Physical Flow,hour,2022-01-08T07:00:00+01:00,2022-01-08T08:00:00+01:00,BE-TSO-0001,21X-BE-A-A0A0A-Y,Fluxys Belgium,ITP-00112,Eynatten 1 (BE) // Lichtenbusch / Raeren (DE),21Z0000000000155,entry,kWh/h,,,0,2022-02-27T02:11:08+01:00,,Confirmed,,,,,True,,,True,PRISMA,,https://platform.prisma-capacity.eu/,,Cross-Border Transmission IP within EU,0,False
1Physical Flowhour2022-01-08 07:00:00 +00:002022-01-08 08:00:00 +00:00BE-TSO-0001ITP-00112entrykWh/h,1,Physical Flow,hour,2022-01-08T08:00:00+01:00,2022-01-08T09:00:00+01:00,BE-TSO-0001,21X-BE-A-A0A0A-Y,Fluxys Belgium,ITP-00112,Eynatten 1 (BE) // Lichtenbusch / Raeren (DE),21Z0000000000155,entry,kWh/h,,,0,2022-02-27T02:11:08+01:00,,Confirmed,,,,,True,,,True,PRISMA,,https://platform.prisma-capacity.eu/,,Cross-Border Transmission IP within EU,0,False
1Physical Flowhour2022-01-08 08:00:00 +00:002022-01-08 09:00:00 +00:00BE-TSO-0001ITP-00112entrykWh/h,1,Physical Flow,hour,2022-01-08T09:00:00+01:00,2022-01-08T10:00:00+01:00,BE-TSO-0001,21X-BE-A-A0A0A-Y,Fluxys Belgium,ITP-00112,Eynatten 1 (BE) // Lichtenbusch / Raeren (DE),21Z0000000000155,entry,kWh/h,,,0,2022-02-27T02:11:08+01:00,,Confirmed,,,,,True,,,True,PRISMA,,https://platform.prisma-capacity.eu/,,Cross-Border Transmission IP within EU,0,False
1Physical Flowhour2022-01-08 09:00:00 +00:002022-01-08 10:00:00 +00:00BE-TSO-0001ITP-00112entrykWh/h,1,Physical Flow,hour,2022-01-08T10:00:00+01:00,2022-01-08T11:00:00+01:00,BE-TSO-0001,21X-BE-A-A0A0A-Y,Fluxys Belgium,ITP-00112,Eynatten 1 (BE) // Lichtenbusch / Raeren (DE),21Z0000000000155,entry,kWh/h,,,0,2022-02-27T02:11:08+01:00,,Confirmed,,,,,True,,,True,PRISMA,,https://platform.prisma-capacity.eu/,,Cross-Border Transmission IP within EU,0,False
1Physical Flowhour2022-01-08 10:00:00 +00:002022-01-08 11:00:00 +00:00BE-TSO-0001ITP-00112entrykWh/h,1,Physical Flow,hour,2022-01-08T11:00:00+01:00,2022-01-08T12:00:00+01:00,BE-TSO-0001,21X-BE-A-A0A0A-Y,Fluxys Belgium,ITP-00112,Eynatten 1 (BE) // Lichtenbusch / Raeren (DE),21Z0000000000155,entry,kWh/h,,,0,2022-02-27T02:11:08+01:00,,Confirmed,,,,,True,,,True,PRISMA,,https://platform.prisma-capacity.eu/,,Cross-Border Transmission IP within EU,0,False
1Physical Flowhour2022-01-08 11:00:00 +00:002022-01-08 12:00:00 +00:00BE-TSO-0001ITP-00112entrykWh/h,1,Physical Flow,hour,2022-01-08T12:00:00+01:00,2022-01-08T13:00:00+01:00,BE-TSO-0001,21X-BE-A-A0A0A-Y,Fluxys Belgium,ITP-00112,Eynatten 1 (BE) // Lichtenbusch / Raeren (DE),21Z0000000000155,entry,kWh/h,,,0,2022-02-27T02:11:08+01:00,,Confirmed,,,,,True,,,True,PRISMA,,https://platform.prisma-capacity.eu/,,Cross-Border Transmission IP within EU,0,False
1Physical Flowhour2022-01-08 12:00:00 +00:002022-01-08 13:00:00 +00:00BE-TSO-0001ITP-00112entrykWh/h,1,Physical Flow,hour,2022-01-08T13:00:00+01:00,2022-01-08T14:00:00+01:00,BE-TSO-0001,21X-BE-A-A0A0A-Y,Fluxys Belgium,ITP-00112,Eynatten 1 (BE) // Lichtenbusch / Raeren (DE),21Z0000000000155,entry,kWh/h,,,0,2022-02-27T02:11:08+01:00,,Confirmed,,,,,True,,,True,PRISMA,,https://platform.prisma-capacity.eu/,,Cross-Border Transmission IP within EU,0,False
1Physical Flowhour2022-01-08 13:00:00 +00:002022-01-08 14:00:00 +00:00BE-TSO-0001ITP-00112entrykWh/h,1,Physical Flow,hour,2022-01-08T14:00:00+01:00,2022-01-08T15:00:00+01:00,BE-TSO-0001,21X-BE-A-A0A0A-Y,Fluxys Belgium,ITP-00112,Eynatten 1 (BE) // Lichtenbusch / Raeren (DE),21Z0000000000155,entry,kWh/h,,,0,2022-02-27T02:11:08+01:00,,Confirmed,,,,,True,,,True,PRISMA,,https://platform.prisma-capacity.eu/,,Cross-Border Transmission IP within EU,0,False
1Physical Flowhour2022-01-08 14:00:00 +00:002022-01-08 15:00:00 +00:00BE-TSO-0001ITP-00112entrykWh/h,1,Physical Flow,hour,2022-01-08T15:00:00+01:00,2022-01-08T16:00:00+01:00,BE-TSO-0001,21X-BE-A-A0A0A-Y,Fluxys Belgium,ITP-00112,Eynatten 1 (BE) // Lichtenbusch / Raeren (DE),21Z0000000000155,entry,kWh/h,,,0,2022-02-27T02:11:08+01:00,,Confirmed,,,,,True,,,True,PRISMA,,https://platform.prisma-capacity.eu/,,Cross-Border Transmission IP within EU,0,False
1Physical Flowhour2022-01-08 15:00:00 +00:002022-01-08 16:00:00 +00:00BE-TSO-0001ITP-00112entrykWh/h,1,Physical Flow,hour,2022-01-08T16:00:00+01:00,2022-01-08T17:00:00+01:00,BE-TSO-0001,21X-BE-A-A0A0A-Y,Fluxys Belgium,ITP-00112,Eynatten 1 (BE) // Lichtenbusch / Raeren (DE),21Z0000000000155,entry,kWh/h,,,0,2022-02-27T02:11:08+01:00,,Confirmed,,,,,True,,,True,PRISMA,,https://platform.prisma-capacity.eu/,,Cross-Border Transmission IP within EU,0,False
1Physical Flowhour2022-01-08 16:00:00 +00:002022-01-08 17:00:00 +00:00BE-TSO-0001ITP-00112entrykWh/h,1,Physical Flow,hour,2022-01-08T17:00:00+01:00,2022-01-08T18:00:00+01:00,BE-TSO-0001,21X-BE-A-A0A0A-Y,Fluxys Belgium,ITP-00112,Eynatten 1 (BE) // Lichtenbusch / Raeren (DE),21Z0000000000155,entry,kWh/h,,,0,2022-02-27T02:11:08+01:00,,Confirmed,,,,,True,,,True,PRISMA,,https://platform.prisma-capacity.eu/,,Cross-Border Transmission IP within EU,0,False
1Physical Flowhour2022-01-08 17:00:00 +00:002022-01-08 18:00:00 +00:00BE-TSO-0001ITP-00112entrykWh/h,1,Physical Flow,hour,2022-01-08T18:00:00+01:00,2022-01-08T19:00:00+01:00,BE-TSO-0001,21X-BE-A-A0A0A-Y,Fluxys Belgium,ITP-00112,Eynatten 1 (BE) // Lichtenbusch / Raeren (DE),21Z0000000000155,entry,kWh/h,,,0,2022-02-27T02:11:08+01:00,,Confirmed,,,,,True,,,True,PRISMA,,https://platform.prisma-capacity.eu/,,Cross-Border Transmission IP within EU,0,False
1Physical Flowhour2022-01-08 18:00:00 +00:002022-01-08 19:00:00 +00:00BE-TSO-0001ITP-00112entrykWh/h,1,Physical Flow,hour,2022-01-08T19:00:00+01:00,2022-01-08T20:00:00+01:00,BE-TSO-0001,21X-BE-A-A0A0A-Y,Fluxys Belgium,ITP-00112,Eynatten 1 (BE) // Lichtenbusch / Raeren (DE),21Z0000000000155,entry,kWh/h,,,0,2022-02-27T02:11:08+01:00,,Confirmed,,,,,True,,,True,PRISMA,,https://platform.prisma-capacity.eu/,,Cross-Border Transmission IP within EU,0,False
1Physical Flowhour2022-01-08 19:00:00 +00:002022-01-08 20:00:00 +00:00BE-TSO-0001ITP-00112entrykWh/h,1,Physical Flow,hour,2022-01-08T20:00:00+01:00,2022-01-08T21:00:00+01:00,BE-TSO-0001,21X-BE-A-A0A0A-Y,Fluxys Belgium,ITP-00112,Eynatten 1 (BE) // Lichtenbusch / Raeren (DE),21Z0000000000155,entry,kWh/h,,,0,2022-02-27T02:11:08+01:00,,Confirmed,,,,,True,,,True,PRISMA,,https://platform.prisma-capacity.eu/,,Cross-Border Transmission IP within EU,0,False
1Physical Flowhour2022-01-08 20:00:00 +00:002022-01-08 21:00:00 +00:00BE-TSO-0001ITP-00112entrykWh/h,1,Physical Flow,hour,2022-01-08T21:00:00+01:00,2022-01-08T22:00:00+01:00,BE-TSO-0001,21X-BE-A-A0A0A-Y,Fluxys Belgium,ITP-00112,Eynatten 1 (BE) // Lichtenbusch / Raeren (DE),21Z0000000000155,entry,kWh/h,,,0,2022-02-27T02:11:08+01:00,,Confirmed,,,,,True,,,True,PRISMA,,https://platform.prisma-capacity.eu/,,Cross-Border Transmission IP within EU,0,False
1Physical Flowhour2022-01-08 21:00:00 +00:002022-01-08 22:00:00 +00:00BE-TSO-0001ITP-00112entrykWh/h,1,Physical Flow,hour,2022-01-08T22:00:00+01:00,2022-01-08T23:00:00+01:00,BE-TSO-0001,21X-BE-A-A0A0A-Y,Fluxys Belgium,ITP-00112,Eynatten 1 (BE) // Lichtenbusch / Raeren (DE),21Z0000000000155,entry,kWh/h,,,0,2022-02-27T02:11:08+01:00,,Confirmed,,,,,True,,,True,PRISMA,,https://platform.prisma-capacity.eu/,,Cross-Border Transmission IP within EU,0,False
1Physical Flowhour2022-01-08 22:00:00 +00:002022-01-08 23:00:00 +00:00BE-TSO-0001ITP-00112entrykWh/h,1,Physical Flow,hour,2022-01-08T23:00:00+01:00,2022-01-09T00:00:00+01:00,BE-TSO-0001,21X-BE-A-A0A0A-Y,Fluxys Belgium,ITP-00112,Eynatten 1 (BE) // Lichtenbusch / Raeren (DE),21Z0000000000155,entry,kWh/h,,,0,2022-02-27T02:11:08+01:00,,Confirmed,,,,,True,,,True,PRISMA,,https://platform.prisma-capacity.eu/,,Cross-Border Transmission IP within EU,0,False
1Physical Flowhour2022-01-08 23:00:00 +00:002022-01-09 00:00:00 +00:00BE-TSO-0001ITP-00112entrykWh/h,1,Physical Flow,hour,2022-01-09T00:00:00+01:00,2022-01-09T01:00:00+01:00,BE-TSO-0001,21X-BE-A-A0A0A-Y,Fluxys Belgium,ITP-00112,Eynatten 1 (BE) // Lichtenbusch / Raeren (DE),21Z0000000000155,entry,kWh/h,,,0,2022-02-27T02:11:08+01:00,,Confirmed,,,,,True,,,True,PRISMA,,https://platform.prisma-capacity.eu/,,Cross-Border Transmission IP within EU,0,False
1Physical Flowhour2022-01-09 00:00:00 +00:002022-01-09 01:00:00 +00:00BE-TSO-0001ITP-00112entrykWh/h,1,Physical Flow,hour,2022-01-09T01:00:00+01:00,2022-01-09T02:00:00+01:00,BE-TSO-0001,21X-BE-A-A0A0A-Y,Fluxys Belgium,ITP-00112,Eynatten 1 (BE) // Lichtenbusch / Raeren (DE),21Z0000000000155,entry,kWh/h,,,0,2022-02-27T02:11:08+01:00,,Confirmed,,,,,True,,,True,PRISMA,,https://platform.prisma-capacity.eu/,,Cross-Border Transmission IP within EU,0,False
1Physical Flowhour2022-01-09 01:00:00 +00:002022-01-09 02:00:00 +00:00BE-TSO-0001ITP-00112entrykWh/h,1,Physical Flow,hour,2022-01-09T02:00:00+01:00,2022-01-09T03:00:00+01:00,BE-TSO-0001,21X-BE-A-A0A0A-Y,Fluxys Belgium,ITP-00112,Eynatten 1 (BE) // Lichtenbusch / Raeren (DE),21Z0000000000155,entry,kWh/h,,,0,2022-02-27T02:11:08+01:00,,Confirmed,,,,,True,,,True,PRISMA,,https://platform.prisma-capacity.eu/,,Cross-Border Transmission IP within EU,0,False
1Physical Flowhour2022-01-09 02:00:00 +00:002022-01-09 03:00:00 +00:00BE-TSO-0001ITP-00112entrykWh/h,1,Physical Flow,hour,2022-01-09T03:00:00+01:00,2022-01-09T04:00:00+01:00,BE-TSO-0001,21X-BE-A-A0A0A-Y,Fluxys Belgium,ITP-00112,Eynatten 1 (BE) // Lichtenbusch / Raeren (DE),21Z0000000000155,entry,kWh/h,,,0,2022-02-27T02:11:08+01:00,,Confirmed,,,,,True,,,True,PRISMA,,https://platform.prisma-capacity.eu/,,Cross-Border Transmission IP within EU,0,False
1Physical Flowhour2022-01-09 03:00:00 +00:002022-01-09 04:00:00 +00:00BE-TSO-0001ITP-00112entrykWh/h,1,Physical Flow,hour,2022-01-09T04:00:00+01:00,2022-01-09T05:00:00+01:00,BE-TSO-0001,21X-BE-A-A0A0A-Y,Fluxys Belgium,ITP-00112,Eynatten 1 (BE) // Lichtenbusch / Raeren (DE),21Z0000000000155,entry,kWh/h,,,0,2022-02-27T02:11:08+01:00,,Confirmed,,,,,True,,,True,PRISMA,,https://platform.prisma-capacity.eu/,,Cross-Border Transmission IP within EU,0,False
1Physical Flowhour2022-01-09 04:00:00 +00:002022-01-09 05:00:00 +00:00BE-TSO-0001ITP-00112entrykWh/h,1,Physical Flow,hour,2022-01-09T05:00:00+01:00,2022-01-09T06:00:00+01:00,BE-TSO-0001,21X-BE-A-A0A0A-Y,Fluxys Belgium,ITP-00112,Eynatten 1 (BE) // Lichtenbusch / Raeren (DE),21Z0000000000155,entry,kWh/h,,,0,2022-02-27T02:11:08+01:00,,Confirmed,,,,,True,,,True,PRISMA,,https://platform.prisma-capacity.eu/,,Cross-Border Transmission IP within EU,0,False
1Physical Flowhour2022-01-09 05:00:00 +00:002022-01-09 06:00:00 +00:00BE-TSO-0001ITP-00112entrykWh/h,1,Physical Flow,hour,2022-01-09T06:00:00+01:00,2022-01-09T07:00:00+01:00,BE-TSO-0001,21X-BE-A-A0A0A-Y,Fluxys Belgium,ITP-00112,Eynatten 1 (BE) // Lichtenbusch / Raeren (DE),21Z0000000000155,entry,kWh/h,,,0,2022-02-27T02:11:08+01:00,,Confirmed,,,,,True,,,True,PRISMA,,https://platform.prisma-capacity.eu/,,Cross-Border Transmission IP within EU,0,False
1Physical Flowhour2022-01-09 06:00:00 +00:002022-01-09 07:00:00 +00:00BE-TSO-0001ITP-00112entrykWh/h,1,Physical Flow,hour,2022-01-09T07:00:00+01:00,2022-01-09T08:00:00+01:00,BE-TSO-0001,21X-BE-A-A0A0A-Y,Fluxys Belgium,ITP-00112,Eynatten 1 (BE) // Lichtenbusch / Raeren (DE),21Z0000000000155,entry,kWh/h,,,0,2022-02-27T02:11:08+01:00,,Confirmed,,,,,True,,,True,PRISMA,,https://platform.prisma-capacity.eu/,,Cross-Border Transmission IP within EU,0,False
1Physical Flowhour2022-01-09 07:00:00 +00:002022-01-09 08:00:00 +00:00BE-TSO-0001ITP-00112entrykWh/h,1,Physical Flow,hour,2022-01-09T08:00:00+01:00,2022-01-09T09:00:00+01:00,BE-TSO-0001,21X-BE-A-A0A0A-Y,Fluxys Belgium,ITP-00112,Eynatten 1 (BE) // Lichtenbusch / Raeren (DE),21Z0000000000155,entry,kWh/h,,,0,2022-02-27T02:11:08+01:00,,Confirmed,,,,,True,,,True,PRISMA,,https://platform.prisma-capacity.eu/,,Cross-Border Transmission IP within EU,0,False
1Physical Flowhour2022-01-09 08:00:00 +00:002022-01-09 09:00:00 +00:00BE-TSO-0001ITP-00112entrykWh/h,1,Physical Flow,hour,2022-01-09T09:00:00+01:00,2022-01-09T10:00:00+01:00,BE-TSO-0001,21X-BE-A-A0A0A-Y,Fluxys Belgium,ITP-00112,Eynatten 1 (BE) // Lichtenbusch / Raeren (DE),21Z0000000000155,entry,kWh/h,,,0,2022-02-27T02:11:08+01:00,,Confirmed,,,,,True,,,True,PRISMA,,https://platform.prisma-capacity.eu/,,Cross-Border Transmission IP within EU,0,False
1Physical Flowhour2022-01-09 09:00:00 +00:002022-01-09 10:00:00 +00:00BE-TSO-0001ITP-00112entrykWh/h,1,Physical Flow,hour,2022-01-09T10:00:00+01:00,2022-01-09T11:00:00+01:00,BE-TSO-0001,21X-BE-A-A0A0A-Y,Fluxys Belgium,ITP-00112,Eynatten 1 (BE) // Lichtenbusch / Raeren (DE),21Z0000000000155,entry,kWh/h,,,0,2022-02-27T02:11:08+01:00,,Confirmed,,,,,True,,,True,PRISMA,,https://platform.prisma-capacity.eu/,,Cross-Border Transmission IP within EU,0,False
1Physical Flowhour2022-01-09 10:00:00 +00:002022-01-09 11:00:00 +00:00BE-TSO-0001ITP-00112entrykWh/h,1,Physical Flow,hour,2022-01-09T11:00:00+01:00,2022-01-09T12:00:00+01:00,BE-TSO-0001,21X-BE-A-A0A0A-Y,Fluxys Belgium,ITP-00112,Eynatten 1 (BE) // Lichtenbusch / Raeren (DE),21Z0000000000155,entry,kWh/h,,,0,2022-02-27T02:11:08+01:00,,Confirmed,,,,,True,,,True,PRISMA,,https://platform.prisma-capacity.eu/,,Cross-Border Transmission IP within EU,0,False
1Physical Flowhour2022-01-09 11:00:00 +00:002022-01-09 12:00:00 +00:00BE-TSO-0001ITP-00112entrykWh/h,1,Physical Flow,hour,2022-01-09T12:00:00+01:00,2022-01-09T13:00:00+01:00,BE-TSO-0001,21X-BE-A-A0A0A-Y,Fluxys Belgium,ITP-00112,Eynatten 1 (BE) // Lichtenbusch / Raeren (DE),21Z0000000000155,entry,kWh/h,,,0,2022-02-27T02:11:08+01:00,,Confirmed,,,,,True,,,True,PRISMA,,https://platform.prisma-capacity.eu/,,Cross-Border Transmission IP within EU,0,False
1Physical Flowhour2022-01-09 12:00:00 +00:002022-01-09 13:00:00 +00:00BE-TSO-0001ITP-00112entrykWh/h,1,Physical Flow,hour,2022-01-09T13:00:00+01:00,2022-01-09T14:00:00+01:00,BE-TSO-0001,21X-BE-A-A0A0A-Y,Fluxys Belgium,ITP-00112,Eynatten 1 (BE) // Lichtenbusch / Raeren (DE),21Z0000000000155,entry,kWh/h,,,0,2022-02-27T02:11:08+01:00,,Confirmed,,,,,True,,,True,PRISMA,,https://platform.prisma-capacity.eu/,,Cross-Border Transmission IP within EU,0,False
1Physical Flowhour2022-01-09 13:00:00 +00:002022-01-09 14:00:00 +00:00BE-TSO-0001ITP-00112entrykWh/h,1,Physical Flow,hour,2022-01-09T14:00:00+01:00,2022-01-09T15:00:00+01:00,BE-TSO-0001,21X-BE-A-A0A0A-Y,Fluxys Belgium,ITP-00112,Eynatten 1 (BE) // Lichtenbusch / Raeren (DE),21Z0000000000155,entry,kWh/h,,,0,2022-02-27T02:11:08+01:00,,Confirmed,,,,,True,,,True,PRISMA,,https://platform.prisma-capacity.eu/,,Cross-Border Transmission IP within EU,0,False
1Physical Flowhour2022-01-09 14:00:00 +00:002022-01-09 15:00:00 +00:00BE-TSO-0001ITP-00112entrykWh/h,1,Physical Flow,hour,2022-01-09T15:00:00+01:00,2022-01-09T16:00:00+01:00,BE-TSO-0001,21X-BE-A-A0A0A-Y,Fluxys Belgium,ITP-00112,Eynatten 1 (BE) // Lichtenbusch / Raeren (DE),21Z0000000000155,entry,kWh/h,,,0,2022-02-27T02:11:08+01:00,,Confirmed,,,,,True,,,True,PRISMA,,https://platform.prisma-capacity.eu/,,Cross-Border Transmission IP within EU,0,False
1Physical Flowhour2022-01-09 15:00:00 +00:002022-01-09 16:00:00 +00:00BE-TSO-0001ITP-00112entrykWh/h,1,Physical Flow,hour,2022-01-09T16:00:00+01:00,2022-01-09T17:00:00+01:00,BE-TSO-0001,21X-BE-A-A0A0A-Y,Fluxys Belgium,ITP-00112,Eynatten 1 (BE) // Lichtenbusch / Raeren (DE),21Z0000000000155,entry,kWh/h,,,0,2022-02-27T02:11:08+01:00,,Confirmed,,,,,True,,,True,PRISMA,,https://platform.prisma-capacity.eu/,,Cross-Border Transmission IP within EU,0,False
1Physical Flowhour2022-01-09 16:00:00 +00:002022-01-09 17:00:00 +00:00BE-TSO-0001ITP-00112entrykWh/h,1,Physical Flow,hour,2022-01-09T17:00:00+01:00,2022-01-09T18:00:00+01:00,BE-TSO-0001,21X-BE-A-A0A0A-Y,Fluxys Belgium,ITP-00112,Eynatten 1 (BE) // Lichtenbusch / Raeren (DE),21Z0000000000155,entry,kWh/h,,,0,2022-02-27T02:11:08+01:00,,Confirmed,,,,,True,,,True,PRISMA,,https://platform.prisma-capacity.eu/,,Cross-Border Transmission IP within EU,0,False
1Physical Flowhour2022-01-09 17:00:00 +00:002022-01-09 18:00:00 +00:00BE-TSO-0001ITP-00112entrykWh/h,1,Physical Flow,hour,2022-01-09T18:00:00+01:00,2022-01-09T19:00:00+01:00,BE-TSO-0001,21X-BE-A-A0A0A-Y,Fluxys Belgium,ITP-00112,Eynatten 1 (BE) // Lichtenbusch / Raeren (DE),21Z0000000000155,entry,kWh/h,,,0,2022-02-27T02:11:08+01:00,,Confirmed,,,,,True,,,True,PRISMA,,https://platform.prisma-capacity.eu/,,Cross-Border Transmission IP within EU,0,False
1Physical Flowhour2022-01-09 18:00:00 +00:002022-01-09 19:00:00 +00:00BE-TSO-0001ITP-00112entrykWh/h,1,Physical Flow,hour,2022-01-09T19:00:00+01:00,2022-01-09T20:00:00+01:00,BE-TSO-0001,21X-BE-A-A0A0A-Y,Fluxys Belgium,ITP-00112,Eynatten 1 (BE) // Lichtenbusch / Raeren (DE),21Z0000000000155,entry,kWh/h,,,0,2022-02-27T02:11:08+01:00,,Confirmed,,,,,True,,,True,PRISMA,,https://platform.prisma-capacity.eu/,,Cross-Border Transmission IP within EU,0,False
1Physical Flowhour2022-01-09 19:00:00 +00:002022-01-09 20:00:00 +00:00BE-TSO-0001ITP-00112entrykWh/h,1,Physical Flow,hour,2022-01-09T20:00:00+01:00,2022-01-09T21:00:00+01:00,BE-TSO-0001,21X-BE-A-A0A0A-Y,Fluxys Belgium,ITP-00112,Eynatten 1 (BE) // Lichtenbusch / Raeren (DE),21Z0000000000155,entry,kWh/h,,,0,2022-02-27T02:11:08+01:00,,Confirmed,,,,,True,,,True,PRISMA,,https://platform.prisma-capacity.eu/,,Cross-Border Transmission IP within EU,0,False
1Physical Flowhour2022-01-09 20:00:00 +00:002022-01-09 21:00:00 +00:00BE-TSO-0001ITP-00112entrykWh/h,1,Physical Flow,hour,2022-01-09T21:00:00+01:00,2022-01-09T22:00:00+01:00,BE-TSO-0001,21X-BE-A-A0A0A-Y,Fluxys Belgium,ITP-00112,Eynatten 1 (BE) // Lichtenbusch / Raeren (DE),21Z0000000000155,entry,kWh/h,,,0,2022-02-27T02:11:08+01:00,,Confirmed,,,,,True,,,True,PRISMA,,https://platform.prisma-capacity.eu/,,Cross-Border Transmission IP within EU,0,False
1Physical Flowhour2022-01-09 21:00:00 +00:002022-01-09 22:00:00 +00:00BE-TSO-0001ITP-00112entrykWh/h,1,Physical Flow,hour,2022-01-09T22:00:00+01:00,2022-01-09T23:00:00+01:00,BE-TSO-0001,21X-BE-A-A0A0A-Y,Fluxys Belgium,ITP-00112,Eynatten 1 (BE) // Lichtenbusch / Raeren (DE),21Z0000000000155,entry,kWh/h,,,0,2022-02-27T02:11:08+01:00,,Confirmed,,,,,True,,,True,PRISMA,,https://platform.prisma-capacity.eu/,,Cross-Border Transmission IP within EU,0,False
1Physical Flowhour2022-01-09 22:00:00 +00:002022-01-09 23:00:00 +00:00BE-TSO-0001ITP-00112entrykWh/h,1,Physical Flow,hour,2022-01-09T23:00:00+01:00,2022-01-10T00:00:00+01:00,BE-TSO-0001,21X-BE-A-A0A0A-Y,Fluxys Belgium,ITP-00112,Eynatten 1 (BE) // Lichtenbusch / Raeren (DE),21Z0000000000155,entry,kWh/h,,,0,2022-02-27T02:11:08+01:00,,Confirmed,,,,,True,,,True,PRISMA,,https://platform.prisma-capacity.eu/,,Cross-Border Transmission IP within EU,0,False
1Physical Flowhour2022-01-09 23:00:00 +00:002022-01-10 00:00:00 +00:00BE-TSO-0001ITP-00112entrykWh/h,1,Physical Flow,hour,2022-01-10T00:00:00+01:00,2022-01-10T01:00:00+01:00,BE-TSO-0001,21X-BE-A-A0A0A-Y,Fluxys Belgium,ITP-00112,Eynatten 1 (BE) // Lichtenbusch / Raeren (DE),21Z0000000000155,entry,kWh/h,,,0,2022-02-27T02:11:08+01:00,,Confirmed,,,,,True,,,True,PRISMA,,https://platform.prisma-capacity.eu/,,Cross-Border Transmission IP within EU,0,False
1Physical Flowhour2022-01-10 00:00:00 +00:002022-01-10 01:00:00 +00:00BE-TSO-0001ITP-00112entrykWh/h,1,Physical Flow,hour,2022-01-10T01:00:00+01:00,2022-01-10T02:00:00+01:00,BE-TSO-0001,21X-BE-A-A0A0A-Y,Fluxys Belgium,ITP-00112,Eynatten 1 (BE) // Lichtenbusch / Raeren (DE),21Z0000000000155,entry,kWh/h,,,0,2022-02-27T02:11:08+01:00,,Confirmed,,,,,True,,,True,PRISMA,,https://platform.prisma-capacity.eu/,,Cross-Border Transmission IP within EU,0,False
1Physical Flowhour2022-01-10 01:00:00 +00:002022-01-10 02:00:00 +00:00BE-TSO-0001ITP-00112entrykWh/h,1,Physical Flow,hour,2022-01-10T02:00:00+01:00,2022-01-10T03:00:00+01:00,BE-TSO-0001,21X-BE-A-A0A0A-Y,Fluxys Belgium,ITP-00112,Eynatten 1 (BE) // Lichtenbusch / Raeren (DE),21Z0000000000155,entry,kWh/h,,,0,2022-02-27T02:11:08+01:00,,Confirmed,,,,,True,,,True,PRISMA,,https://platform.prisma-capacity.eu/,,Cross-Border Transmission IP within EU,0,False
1Physical Flowhour2022-01-10 02:00:00 +00:002022-01-10 03:00:00 +00:00BE-TSO-0001ITP-00112entrykWh/h,1,Physical Flow,hour,2022-01-10T03:00:00+01:00,2022-01-10T04:00:00+01:00,BE-TSO-0001,21X-BE-A-A0A0A-Y,Fluxys Belgium,ITP-00112,Eynatten 1 (BE) // Lichtenbusch / Raeren (DE),21Z0000000000155,entry,kWh/h,,,0,2022-02-27T02:11:08+01:00,,Confirmed,,,,,True,,,True,PRISMA,,https://platform.prisma-capacity.eu/,,Cross-Border Transmission IP within EU,0,False
1Physical Flowhour2022-01-10 03:00:00 +00:002022-01-10 04:00:00 +00:00BE-TSO-0001ITP-00112entrykWh/h,1,Physical Flow,hour,2022-01-10T04:00:00+01:00,2022-01-10T05:00:00+01:00,BE-TSO-0001,21X-BE-A-A0A0A-Y,Fluxys Belgium,ITP-00112,Eynatten 1 (BE) // Lichtenbusch / Raeren (DE),21Z0000000000155,entry,kWh/h,,,0,2022-02-27T02:11:08+01:00,,Confirmed,,,,,True,,,True,PRISMA,,https://platform.prisma-capacity.eu/,,Cross-Border Transmission IP within EU,0,False
1Physical Flowhour2022-01-10 04:00:00 +00:002022-01-10 05:00:00 +00:00BE-TSO-0001ITP-00112entrykWh/h,1,Physical Flow,hour,2022-01-10T05:00:00+01:00,2022-01-10T06:00:00+01:00,BE-TSO-0001,21X-BE-A-A0A0A-Y,Fluxys Belgium,ITP-00112,Eynatten 1 (BE) // Lichtenbusch / Raeren (DE),21Z0000000000155,entry,kWh/h,,,0,2022-02-27T02:11:08+01:00,,Confirmed,,,,,True,,,True,PRISMA,,https://platform.prisma-capacity.eu/,,Cross-Border Transmission IP within EU,0,False
1Physical Flowhour2022-01-10 05:00:00 +00:002022-01-10 06:00:00 +00:00BE-TSO-0001ITP-00112entrykWh/h,1,Physical Flow,hour,2022-01-10T06:00:00+01:00,2022-01-10T07:00:00+01:00,BE-TSO-0001,21X-BE-A-A0A0A-Y,Fluxys Belgium,ITP-00112,Eynatten 1 (BE) // Lichtenbusch / Raeren (DE),21Z0000000000155,entry,kWh/h,,,0,2022-02-27T02:11:08+01:00,,Confirmed,,,,,True,,,True,PRISMA,,https://platform.prisma-capacity.eu/,,Cross-Border Transmission IP within EU,0,False
1Physical Flowhour2022-01-10 06:00:00 +00:002022-01-10 07:00:00 +00:00BE-TSO-0001ITP-00112entrykWh/h,1,Physical Flow,hour,2022-01-10T07:00:00+01:00,2022-01-10T08:00:00+01:00,BE-TSO-0001,21X-BE-A-A0A0A-Y,Fluxys Belgium,ITP-00112,Eynatten 1 (BE) // Lichtenbusch / Raeren (DE),21Z0000000000155,entry,kWh/h,,,0,2022-02-27T02:11:08+01:00,,Confirmed,,,,,True,,,True,PRISMA,,https://platform.prisma-capacity.eu/,,Cross-Border Transmission IP within EU,0,False
1Physical Flowhour2022-01-10 07:00:00 +00:002022-01-10 08:00:00 +00:00BE-TSO-0001ITP-00112entrykWh/h,1,Physical Flow,hour,2022-01-10T08:00:00+01:00,2022-01-10T09:00:00+01:00,BE-TSO-0001,21X-BE-A-A0A0A-Y,Fluxys Belgium,ITP-00112,Eynatten 1 (BE) // Lichtenbusch / Raeren (DE),21Z0000000000155,entry,kWh/h,,,0,2022-02-27T02:11:08+01:00,,Confirmed,,,,,True,,,True,PRISMA,,https://platform.prisma-capacity.eu/,,Cross-Border Transmission IP within EU,0,False
1Physical Flowhour2022-01-10 08:00:00 +00:002022-01-10 09:00:00 +00:00BE-TSO-0001ITP-00112entrykWh/h,1,Physical Flow,hour,2022-01-10T09:00:00+01:00,2022-01-10T10:00:00+01:00,BE-TSO-0001,21X-BE-A-A0A0A-Y,Fluxys Belgium,ITP-00112,Eynatten 1 (BE) // Lichtenbusch / Raeren (DE),21Z0000000000155,entry,kWh/h,,,0,2022-02-27T02:11:08+01:00,,Confirmed,,,,,True,,,True,PRISMA,,https://platform.prisma-capacity.eu/,,Cross-Border Transmission IP within EU,0,False
1Physical Flowhour2022-01-10 09:00:00 +00:002022-01-10 10:00:00 +00:00BE-TSO-0001ITP-00112entrykWh/h,1,Physical Flow,hour,2022-01-10T10:00:00+01:00,2022-01-10T11:00:00+01:00,BE-TSO-0001,21X-BE-A-A0A0A-Y,Fluxys Belgium,ITP-00112,Eynatten 1 (BE) // Lichtenbusch / Raeren (DE),21Z0000000000155,entry,kWh/h,,,0,2022-02-27T02:11:08+01:00,,Confirmed,,,,,True,,,True,PRISMA,,https://platform.prisma-capacity.eu/,,Cross-Border Transmission IP within EU,0,False
1Physical Flowhour2022-01-10 10:00:00 +00:002022-01-10 11:00:00 +00:00BE-TSO-0001ITP-00112entrykWh/h,1,Physical Flow,hour,2022-01-10T11:00:00+01:00,2022-01-10T12:00:00+01:00,BE-TSO-0001,21X-BE-A-A0A0A-Y,Fluxys Belgium,ITP-00112,Eynatten 1 (BE) // Lichtenbusch / Raeren (DE),21Z0000000000155,entry,kWh/h,,,0,2022-02-27T02:11:08+01:00,,Confirmed,,,,,True,,,True,PRISMA,,https://platform.prisma-capacity.eu/,,Cross-Border Transmission IP within EU,0,False
1Physical Flowhour2022-01-10 11:00:00 +00:002022-01-10 12:00:00 +00:00BE-TSO-0001ITP-00112entrykWh/h,1,Physical Flow,hour,2022-01-10T12:00:00+01:00,2022-01-10T13:00:00+01:00,BE-TSO-0001,21X-BE-A-A0A0A-Y,Fluxys Belgium,ITP-00112,Eynatten 1 (BE) // Lichtenbusch / Raeren (DE),21Z0000000000155,entry,kWh/h,,,0,2022-02-27T02:11:08+01:00,,Confirmed,,,,,True,,,True,PRISMA,,https://platform.prisma-capacity.eu/,,Cross-Border Transmission IP within EU,0,False
1Physical Flowhour2022-01-10 12:00:00 +00:002022-01-10 13:00:00 +00:00BE-TSO-0001ITP-00112entrykWh/h,1,Physical Flow,hour,2022-01-10T13:00:00+01:00,2022-01-10T14:00:00+01:00,BE-TSO-0001,21X-BE-A-A0A0A-Y,Fluxys Belgium,ITP-00112,Eynatten 1 (BE) // Lichtenbusch / Raeren (DE),21Z0000000000155,entry,kWh/h,,,0,2022-02-27T02:11:08+01:00,,Confirmed,,,,,True,,,True,PRISMA,,https://platform.prisma-capacity.eu/,,Cross-Border Transmission IP within EU,0,False
1Physical Flowhour2022-01-10 13:00:00 +00:002022-01-10 14:00:00 +00:00BE-TSO-0001ITP-00112entrykWh/h,1,Physical Flow,hour,2022-01-10T14:00:00+01:00,2022-01-10T15:00:00+01:00,BE-TSO-0001,21X-BE-A-A0A0A-Y,Fluxys Belgium,ITP-00112,Eynatten 1 (BE) // Lichtenbusch / Raeren (DE),21Z0000000000155,entry,kWh/h,,,0,2022-02-27T02:11:08+01:00,,Confirmed,,,,,True,,,True,PRISMA,,https://platform.prisma-capacity.eu/,,Cross-Border Transmission IP within EU,0,False
1Physical Flowhour2022-01-10 14:00:00 +00:002022-01-10 15:00:00 +00:00BE-TSO-0001ITP-00112entrykWh/h,1,Physical Flow,hour,2022-01-10T15:00:00+01:00,2022-01-10T16:00:00+01:00,BE-TSO-0001,21X-BE-A-A0A0A-Y,Fluxys Belgium,ITP-00112,Eynatten 1 (BE) // Lichtenbusch / Raeren (DE),21Z0000000000155,entry,kWh/h,,,0,2022-02-27T02:11:08+01:00,,Confirmed,,,,,True,,,True,PRISMA,,https://platform.prisma-capacity.eu/,,Cross-Border Transmission IP within EU,0,False
1Physical Flowhour2022-01-10 15:00:00 +00:002022-01-10 16:00:00 +00:00BE-TSO-0001ITP-00112entrykWh/h,1,Physical Flow,hour,2022-01-10T16:00:00+01:00,2022-01-10T17:00:00+01:00,BE-TSO-0001,21X-BE-A-A0A0A-Y,Fluxys Belgium,ITP-00112,Eynatten 1 (BE) // Lichtenbusch / Raeren (DE),21Z0000000000155,entry,kWh/h,,,0,2022-02-27T02:11:08+01:00,,Confirmed,,,,,True,,,True,PRISMA,,https://platform.prisma-capacity.eu/,,Cross-Border Transmission IP within EU,0,False
1Physical Flowhour2022-01-10 16:00:00 +00:002022-01-10 17:00:00 +00:00BE-TSO-0001ITP-00112entrykWh/h,1,Physical Flow,hour,2022-01-10T17:00:00+01:00,2022-01-10T18:00:00+01:00,BE-TSO-0001,21X-BE-A-A0A0A-Y,Fluxys Belgium,ITP-00112,Eynatten 1 (BE) // Lichtenbusch / Raeren (DE),21Z0000000000155,entry,kWh/h,,,0,2022-02-27T02:11:08+01:00,,Confirmed,,,,,True,,,True,PRISMA,,https://platform.prisma-capacity.eu/,,Cross-Border Transmission IP within EU,0,False
1Physical Flowhour2022-01-10 17:00:00 +00:002022-01-10 18:00:00 +00:00BE-TSO-0001ITP-00112entrykWh/h,1,Physical Flow,hour,2022-01-10T18:00:00+01:00,2022-01-10T19:00:00+01:00,BE-TSO-0001,21X-BE-A-A0A0A-Y,Fluxys Belgium,ITP-00112,Eynatten 1 (BE) // Lichtenbusch / Raeren (DE),21Z0000000000155,entry,kWh/h,,,0,2022-02-27T02:11:08+01:00,,Confirmed,,,,,True,,,True,PRISMA,,https://platform.prisma-capacity.eu/,,Cross-Border Transmission IP within EU,0,False
1Physical Flowhour2022-01-10 18:00:00 +00:002022-01-10 19:00:00 +00:00BE-TSO-0001ITP-00112entrykWh/h,1,Physical Flow,hour,2022-01-10T19:00:00+01:00,2022-01-10T20:00:00+01:00,BE-TSO-0001,21X-BE-A-A0A0A-Y,Fluxys Belgium,ITP-00112,Eynatten 1 (BE) // Lichtenbusch / Raeren (DE),21Z0000000000155,entry,kWh/h,,,0,2022-02-27T02:11:08+01:00,,Confirmed,,,,,True,,,True,PRISMA,,https://platform.prisma-capacity.eu/,,Cross-Border Transmission IP within EU,0,False
1Physical Flowhour2022-01-10 19:00:00 +00:002022-01-10 20:00:00 +00:00BE-TSO-0001ITP-00112entrykWh/h,1,Physical Flow,hour,2022-01-10T20:00:00+01:00,2022-01-10T21:00:00+01:00,BE-TSO-0001,21X-BE-A-A0A0A-Y,Fluxys Belgium,ITP-00112,Eynatten 1 (BE) // Lichtenbusch / Raeren (DE),21Z0000000000155,entry,kWh/h,,,0,2022-02-27T02:11:08+01:00,,Confirmed,,,,,True,,,True,PRISMA,,https://platform.prisma-capacity.eu/,,Cross-Border Transmission IP within EU,0,False
1Physical Flowhour2022-01-10 20:00:00 +00:002022-01-10 21:00:00 +00:00BE-TSO-0001ITP-00112entrykWh/h,1,Physical Flow,hour,2022-01-10T21:00:00+01:00,2022-01-10T22:00:00+01:00,BE-TSO-0001,21X-BE-A-A0A0A-Y,Fluxys Belgium,ITP-00112,Eynatten 1 (BE) // Lichtenbusch / Raeren (DE),21Z0000000000155,entry,kWh/h,,,0,2022-02-27T02:11:08+01:00,,Confirmed,,,,,True,,,True,PRISMA,,https://platform.prisma-capacity.eu/,,Cross-Border Transmission IP within EU,0,False
1Physical Flowhour2022-01-10 21:00:00 +00:002022-01-10 22:00:00 +00:00BE-TSO-0001ITP-00112entrykWh/h,1,Physical Flow,hour,2022-01-10T22:00:00+01:00,2022-01-10T23:00:00+01:00,BE-TSO-0001,21X-BE-A-A0A0A-Y,Fluxys Belgium,ITP-00112,Eynatten 1 (BE) // Lichtenbusch / Raeren (DE),21Z0000000000155,entry,kWh/h,,,0,2022-02-27T02:11:08+01:00,,Confirmed,,,,,True,,,True,PRISMA,,https://platform.prisma-capacity.eu/,,Cross-Border Transmission IP within EU,0,False
1Physical Flowhour2022-01-10 22:00:00 +00:002022-01-10 23:00:00 +00:00BE-TSO-0001ITP-00112entrykWh/h,1,Physical Flow,hour,2022-01-10T23:00:00+01:00,2022-01-11T00:00:00+01:00,BE-TSO-0001,21X-BE-A-A0A0A-Y,Fluxys Belgium,ITP-00112,Eynatten 1 (BE) // Lichtenbusch / Raeren (DE),21Z0000000000155,entry,kWh/h,,,0,2022-02-27T02:11:08+01:00,,Confirmed,,,,,True,,,True,PRISMA,,https://platform.prisma-capacity.eu/,,Cross-Border Transmission IP within EU,0,False
1Physical Flowhour2022-01-10 23:00:00 +00:002022-01-11 00:00:00 +00:00BE-TSO-0001ITP-00112entrykWh/h,1,Physical Flow,hour,2022-01-11T00:00:00+01:00,2022-01-11T01:00:00+01:00,BE-TSO-0001,21X-BE-A-A0A0A-Y,Fluxys Belgium,ITP-00112,Eynatten 1 (BE) // Lichtenbusch / Raeren (DE),21Z0000000000155,entry,kWh/h,,,0,2022-02-27T02:11:08+01:00,,Confirmed,,,,,True,,,True,PRISMA,,https://platform.prisma-capacity.eu/,,Cross-Border Transmission IP within EU,0,False
1Physical Flowhour2022-01-11 00:00:00 +00:002022-01-11 01:00:00 +00:00BE-TSO-0001ITP-00112entrykWh/h,1,Physical Flow,hour,2022-01-11T01:00:00+01:00,2022-01-11T02:00:00+01:00,BE-TSO-0001,21X-BE-A-A0A0A-Y,Fluxys Belgium,ITP-00112,Eynatten 1 (BE) // Lichtenbusch / Raeren (DE),21Z0000000000155,entry,kWh/h,,,0,2022-02-27T02:11:08+01:00,,Confirmed,,,,,True,,,True,PRISMA,,https://platform.prisma-capacity.eu/,,Cross-Border Transmission IP within EU,0,False
1Physical Flowhour2022-01-11 01:00:00 +00:002022-01-11 02:00:00 +00:00BE-TSO-0001ITP-00112entrykWh/h,1,Physical Flow,hour,2022-01-11T02:00:00+01:00,2022-01-11T03:00:00+01:00,BE-TSO-0001,21X-BE-A-A0A0A-Y,Fluxys Belgium,ITP-00112,Eynatten 1 (BE) // Lichtenbusch / Raeren (DE),21Z0000000000155,entry,kWh/h,,,0,2022-02-27T02:11:08+01:00,,Confirmed,,,,,True,,,True,PRISMA,,https://platform.prisma-capacity.eu/,,Cross-Border Transmission IP within EU,0,False
1Physical Flowhour2022-01-11 02:00:00 +00:002022-01-11 03:00:00 +00:00BE-TSO-0001ITP-00112entrykWh/h,1,Physical Flow,hour,2022-01-11T03:00:00+01:00,2022-01-11T04:00:00+01:00,BE-TSO-0001,21X-BE-A-A0A0A-Y,Fluxys Belgium,ITP-00112,Eynatten 1 (BE) // Lichtenbusch / Raeren (DE),21Z0000000000155,entry,kWh/h,,,0,2022-02-27T02:11:08+01:00,,Confirmed,,,,,True,,,True,PRISMA,,https://platform.prisma-capacity.eu/,,Cross-Border Transmission IP within EU,0,False
1Physical Flowhour2022-01-11 03:00:00 +00:002022-01-11 04:00:00 +00:00BE-TSO-0001ITP-00112entrykWh/h,1,Physical Flow,hour,2022-01-11T04:00:00+01:00,2022-01-11T05:00:00+01:00,BE-TSO-0001,21X-BE-A-A0A0A-Y,Fluxys Belgium,ITP-00112,Eynatten 1 (BE) // Lichtenbusch / Raeren (DE),21Z0000000000155,entry,kWh/h,,,0,2022-02-27T02:11:08+01:00,,Confirmed,,,,,True,,,True,PRISMA,,https://platform.prisma-capacity.eu/,,Cross-Border Transmission IP within EU,0,False
1Physical Flowhour2022-01-11 04:00:00 +00:002022-01-11 05:00:00 +00:00BE-TSO-0001ITP-00112entrykWh/h,1,Physical Flow,hour,2022-01-11T05:00:00+01:00,2022-01-11T06:00:00+01:00,BE-TSO-0001,21X-BE-A-A0A0A-Y,Fluxys Belgium,ITP-00112,Eynatten 1 (BE) // Lichtenbusch / Raeren (DE),21Z0000000000155,entry,kWh/h,,,0,2022-02-27T02:11:08+01:00,,Confirmed,,,,,True,,,True,PRISMA,,https://platform.prisma-capacity.eu/,,Cross-Border Transmission IP within EU,0,False
1Physical Flowhour2022-01-11 05:00:00 +00:002022-01-11 06:00:00 +00:00BE-TSO-0001ITP-00112entrykWh/h,1,Physical Flow,hour,2022-01-11T06:00:00+01:00,2022-01-11T07:00:00+01:00,BE-TSO-0001,21X-BE-A-A0A0A-Y,Fluxys Belgium,ITP-00112,Eynatten 1 (BE) // Lichtenbusch / Raeren (DE),21Z0000000000155,entry,kWh/h,,,0,2022-02-27T02:11:08+01:00,,Confirmed,,,,,True,,,True,PRISMA,,https://platform.prisma-capacity.eu/,,Cross-Border Transmission IP within EU,0,False
1Physical Flowhour2022-01-11 06:00:00 +00:002022-01-11 07:00:00 +00:00BE-TSO-0001ITP-00112entrykWh/h,1,Physical Flow,hour,2022-01-11T07:00:00+01:00,2022-01-11T08:00:00+01:00,BE-TSO-0001,21X-BE-A-A0A0A-Y,Fluxys Belgium,ITP-00112,Eynatten 1 (BE) // Lichtenbusch / Raeren (DE),21Z0000000000155,entry,kWh/h,,,0,2022-02-27T02:11:08+01:00,,Confirmed,,,,,True,,,True,PRISMA,,https://platform.prisma-capacity.eu/,,Cross-Border Transmission IP within EU,0,False
1Physical Flowhour2022-01-11 07:00:00 +00:002022-01-11 08:00:00 +00:00BE-TSO-0001ITP-00112entrykWh/h,1,Physical Flow,hour,2022-01-11T08:00:00+01:00,2022-01-11T09:00:00+01:00,BE-TSO-0001,21X-BE-A-A0A0A-Y,Fluxys Belgium,ITP-00112,Eynatten 1 (BE) // Lichtenbusch / Raeren (DE),21Z0000000000155,entry,kWh/h,,,0,2022-02-27T02:11:08+01:00,,Confirmed,,,,,True,,,True,PRISMA,,https://platform.prisma-capacity.eu/,,Cross-Border Transmission IP within EU,0,False
1Physical Flowhour2022-01-11 08:00:00 +00:002022-01-11 09:00:00 +00:00BE-TSO-0001ITP-00112entrykWh/h,1,Physical Flow,hour,2022-01-11T09:00:00+01:00,2022-01-11T10:00:00+01:00,BE-TSO-0001,21X-BE-A-A0A0A-Y,Fluxys Belgium,ITP-00112,Eynatten 1 (BE) // Lichtenbusch / Raeren (DE),21Z0000000000155,entry,kWh/h,,,0,2022-02-27T02:11:08+01:00,,Confirmed,,,,,True,,,True,PRISMA,,https://platform.prisma-capacity.eu/,,Cross-Border Transmission IP within EU,0,False
1Physical Flowhour2022-01-11 09:00:00 +00:002022-01-11 10:00:00 +00:00BE-TSO-0001ITP-00112entrykWh/h,1,Physical Flow,hour,2022-01-11T10:00:00+01:00,2022-01-11T11:00:00+01:00,BE-TSO-0001,21X-BE-A-A0A0A-Y,Fluxys Belgium,ITP-00112,Eynatten 1 (BE) // Lichtenbusch / Raeren (DE),21Z0000000000155,entry,kWh/h,,,0,2022-02-27T02:11:08+01:00,,Confirmed,,,,,True,,,True,PRISMA,,https://platform.prisma-capacity.eu/,,Cross-Border Transmission IP within EU,0,False
1Physical Flowhour2022-01-11 10:00:00 +00:002022-01-11 11:00:00 +00:00BE-TSO-0001ITP-00112entrykWh/h,1,Physical Flow,hour,2022-01-11T11:00:00+01:00,2022-01-11T12:00:00+01:00,BE-TSO-0001,21X-BE-A-A0A0A-Y,Fluxys Belgium,ITP-00112,Eynatten 1 (BE) // Lichtenbusch / Raeren (DE),21Z0000000000155,entry,kWh/h,,,0,2022-02-27T02:11:08+01:00,,Confirmed,,,,,True,,,True,PRISMA,,https://platform.prisma-capacity.eu/,,Cross-Border Transmission IP within EU,0,False
1Physical Flowhour2022-01-11 11:00:00 +00:002022-01-11 12:00:00 +00:00BE-TSO-0001ITP-00112entrykWh/h,1,Physical Flow,hour,2022-01-11T12:00:00+01:00,2022-01-11T13:00:00+01:00,BE-TSO-0001,21X-BE-A-A0A0A-Y,Fluxys Belgium,ITP-00112,Eynatten 1 (BE) // Lichtenbusch / Raeren (DE),21Z0000000000155,entry,kWh/h,,,0,2022-02-27T02:11:08+01:00,,Confirmed,,,,,True,,,True,PRISMA,,https://platform.prisma-capacity.eu/,,Cross-Border Transmission IP within EU,0,False
1Physical Flowhour2022-01-11 12:00:00 +00:002022-01-11 13:00:00 +00:00BE-TSO-0001ITP-00112entrykWh/h,1,Physical Flow,hour,2022-01-11T13:00:00+01:00,2022-01-11T14:00:00+01:00,BE-TSO-0001,21X-BE-A-A0A0A-Y,Fluxys Belgium,ITP-00112,Eynatten 1 (BE) // Lichtenbusch / Raeren (DE),21Z0000000000155,entry,kWh/h,,,0,2022-02-27T02:11:08+01:00,,Confirmed,,,,,True,,,True,PRISMA,,https://platform.prisma-capacity.eu/,,Cross-Border Transmission IP within EU,0,False
1Physical Flowhour2022-01-11 13:00:00 +00:002022-01-11 14:00:00 +00:00BE-TSO-0001ITP-00112entrykWh/h,1,Physical Flow,hour,2022-01-11T14:00:00+01:00,2022-01-11T15:00:00+01:00,BE-TSO-0001,21X-BE-A-A0A0A-Y,Fluxys Belgium,ITP-00112,Eynatten 1 (BE) // Lichtenbusch / Raeren (DE),21Z0000000000155,entry,kWh/h,,,0,2022-02-27T02:11:08+01:00,,Confirmed,,,,,True,,,True,PRISMA,,https://platform.prisma-capacity.eu/,,Cross-Border Transmission IP within EU,0,False
1Physical Flowhour2022-01-11 14:00:00 +00:002022-01-11 15:00:00 +00:00BE-TSO-0001ITP-00112entrykWh/h,1,Physical Flow,hour,2022-01-11T15:00:00+01:00,2022-01-11T16:00:00+01:00,BE-TSO-0001,21X-BE-A-A0A0A-Y,Fluxys Belgium,ITP-00112,Eynatten 1 (BE) // Lichtenbusch / Raeren (DE),21Z0000000000155,entry,kWh/h,,,0,2022-02-27T02:11:08+01:00,,Confirmed,,,,,True,,,True,PRISMA,,https://platform.prisma-capacity.eu/,,Cross-Border Transmission IP within EU,0,False
1Physical Flowhour2022-01-11 15:00:00 +00:002022-01-11 16:00:00 +00:00BE-TSO-0001ITP-00112entrykWh/h,1,Physical Flow,hour,2022-01-11T16:00:00+01:00,2022-01-11T17:00:00+01:00,BE-TSO-0001,21X-BE-A-A0A0A-Y,Fluxys Belgium,ITP-00112,Eynatten 1 (BE) // Lichtenbusch / Raeren (DE),21Z0000000000155,entry,kWh/h,,,0,2022-02-27T02:11:08+01:00,,Confirmed,,,,,True,,,True,PRISMA,,https://platform.prisma-capacity.eu/,,Cross-Border Transmission IP within EU,0,False
1Physical Flowhour2022-01-11 16:00:00 +00:002022-01-11 17:00:00 +00:00BE-TSO-0001ITP-00112entrykWh/h,1,Physical Flow,hour,2022-01-11T17:00:00+01:00,2022-01-11T18:00:00+01:00,BE-TSO-0001,21X-BE-A-A0A0A-Y,Fluxys Belgium,ITP-00112,Eynatten 1 (BE) // Lichtenbusch / Raeren (DE),21Z0000000000155,entry,kWh/h,,,0,2022-02-27T02:11:08+01:00,,Confirmed,,,,,True,,,True,PRISMA,,https://platform.prisma-capacity.eu/,,Cross-Border Transmission IP within EU,0,False
1Physical Flowhour2022-01-11 17:00:00 +00:002022-01-11 18:00:00 +00:00BE-TSO-0001ITP-00112entrykWh/h,1,Physical Flow,hour,2022-01-11T18:00:00+01:00,2022-01-11T19:00:00+01:00,BE-TSO-0001,21X-BE-A-A0A0A-Y,Fluxys Belgium,ITP-00112,Eynatten 1 (BE) // Lichtenbusch / Raeren (DE),21Z0000000000155,entry,kWh/h,,,0,2022-02-27T02:11:08+01:00,,Confirmed,,,,,True,,,True,PRISMA,,https://platform.prisma-capacity.eu/,,Cross-Border Transmission IP within EU,0,False
1Physical Flowhour2022-01-11 18:00:00 +00:002022-01-11 19:00:00 +00:00BE-TSO-0001ITP-00112entrykWh/h,1,Physical Flow,hour,2022-01-11T19:00:00+01:00,2022-01-11T20:00:00+01:00,BE-TSO-0001,21X-BE-A-A0A0A-Y,Fluxys Belgium,ITP-00112,Eynatten 1 (BE) // Lichtenbusch / Raeren (DE),21Z0000000000155,entry,kWh/h,,,0,2022-02-27T02:11:08+01:00,,Confirmed,,,,,True,,,True,PRISMA,,https://platform.prisma-capacity.eu/,,Cross-Border Transmission IP within EU,0,False
1Physical Flowhour2022-01-11 19:00:00 +00:002022-01-11 20:00:00 +00:00BE-TSO-0001ITP-00112entrykWh/h,1,Physical Flow,hour,2022-01-11T20:00:00+01:00,2022-01-11T21:00:00+01:00,BE-TSO-0001,21X-BE-A-A0A0A-Y,Fluxys Belgium,ITP-00112,Eynatten 1 (BE) // Lichtenbusch / Raeren (DE),21Z0000000000155,entry,kWh/h,,,0,2022-02-27T02:11:08+01:00,,Confirmed,,,,,True,,,True,PRISMA,,https://platform.prisma-capacity.eu/,,Cross-Border Transmission IP within EU,0,False
1Physical Flowhour2022-01-11 20:00:00 +00:002022-01-11 21:00:00 +00:00BE-TSO-0001ITP-00112entrykWh/h,1,Physical Flow,hour,2022-01-11T21:00:00+01:00,2022-01-11T22:00:00+01:00,BE-TSO-0001,21X-BE-A-A0A0A-Y,Fluxys Belgium,ITP-00112,Eynatten 1 (BE) // Lichtenbusch / Raeren (DE),21Z0000000000155,entry,kWh/h,,,0,2022-02-27T02:11:08+01:00,,Confirmed,,,,,True,,,True,PRISMA,,https://platform.prisma-capacity.eu/,,Cross-Border Transmission IP within EU,0,False
1Physical Flowhour2022-01-11 21:00:00 +00:002022-01-11 22:00:00 +00:00BE-TSO-0001ITP-00112entrykWh/h,1,Physical Flow,hour,2022-01-11T22:00:00+01:00,2022-01-11T23:00:00+01:00,BE-TSO-0001,21X-BE-A-A0A0A-Y,Fluxys Belgium,ITP-00112,Eynatten 1 (BE) // Lichtenbusch / Raeren (DE),21Z0000000000155,entry,kWh/h,,,0,2022-02-27T02:11:08+01:00,,Confirmed,,,,,True,,,True,PRISMA,,https://platform.prisma-capacity.eu/,,Cross-Border Transmission IP within EU,0,False
1Physical Flowhour2022-01-11 22:00:00 +00:002022-01-11 23:00:00 +00:00BE-TSO-0001ITP-00112entrykWh/h,1,Physical Flow,hour,2022-01-11T23:00:00+01:00,2022-01-12T00:00:00+01:00,BE-TSO-0001,21X-BE-A-A0A0A-Y,Fluxys Belgium,ITP-00112,Eynatten 1 (BE) // Lichtenbusch / Raeren (DE),21Z0000000000155,entry,kWh/h,,,0,2022-02-27T02:11:08+01:00,,Confirmed,,,,,True,,,True,PRISMA,,https://platform.prisma-capacity.eu/,,Cross-Border Transmission IP within EU,0,False
1Physical Flowhour2022-01-11 23:00:00 +00:002022-01-12 00:00:00 +00:00BE-TSO-0001ITP-00112entrykWh/h,1,Physical Flow,hour,2022-01-12T00:00:00+01:00,2022-01-12T01:00:00+01:00,BE-TSO-0001,21X-BE-A-A0A0A-Y,Fluxys Belgium,ITP-00112,Eynatten 1 (BE) // Lichtenbusch / Raeren (DE),21Z0000000000155,entry,kWh/h,,,0,2022-02-27T02:11:08+01:00,,Confirmed,,,,,True,,,True,PRISMA,,https://platform.prisma-capacity.eu/,,Cross-Border Transmission IP within EU,0,False
1Physical Flowhour2022-01-12 00:00:00 +00:002022-01-12 01:00:00 +00:00BE-TSO-0001ITP-00112entrykWh/h,1,Physical Flow,hour,2022-01-12T01:00:00+01:00,2022-01-12T02:00:00+01:00,BE-TSO-0001,21X-BE-A-A0A0A-Y,Fluxys Belgium,ITP-00112,Eynatten 1 (BE) // Lichtenbusch / Raeren (DE),21Z0000000000155,entry,kWh/h,,,0,2022-02-27T02:11:08+01:00,,Confirmed,,,,,True,,,True,PRISMA,,https://platform.prisma-capacity.eu/,,Cross-Border Transmission IP within EU,0,False
1Physical Flowhour2022-01-12 01:00:00 +00:002022-01-12 02:00:00 +00:00BE-TSO-0001ITP-00112entrykWh/h,1,Physical Flow,hour,2022-01-12T02:00:00+01:00,2022-01-12T03:00:00+01:00,BE-TSO-0001,21X-BE-A-A0A0A-Y,Fluxys Belgium,ITP-00112,Eynatten 1 (BE) // Lichtenbusch / Raeren (DE),21Z0000000000155,entry,kWh/h,,,0,2022-02-27T02:11:08+01:00,,Confirmed,,,,,True,,,True,PRISMA,,https://platform.prisma-capacity.eu/,,Cross-Border Transmission IP within EU,0,False
1Physical Flowhour2022-01-12 02:00:00 +00:002022-01-12 03:00:00 +00:00BE-TSO-0001ITP-00112entrykWh/h,1,Physical Flow,hour,2022-01-12T03:00:00+01:00,2022-01-12T04:00:00+01:00,BE-TSO-0001,21X-BE-A-A0A0A-Y,Fluxys Belgium,ITP-00112,Eynatten 1 (BE) // Lichtenbusch / Raeren (DE),21Z0000000000155,entry,kWh/h,,,0,2022-02-27T02:11:08+01:00,,Confirmed,,,,,True,,,True,PRISMA,,https://platform.prisma-capacity.eu/,,Cross-Border Transmission IP within EU,0,False
1Physical Flowhour2022-01-12 03:00:00 +00:002022-01-12 04:00:00 +00:00BE-TSO-0001ITP-00112entrykWh/h,1,Physical Flow,hour,2022-01-12T04:00:00+01:00,2022-01-12T05:00:00+01:00,BE-TSO-0001,21X-BE-A-A0A0A-Y,Fluxys Belgium,ITP-00112,Eynatten 1 (BE) // Lichtenbusch / Raeren (DE),21Z0000000000155,entry,kWh/h,,,0,2022-02-27T02:11:08+01:00,,Confirmed,,,,,True,,,True,PRISMA,,https://platform.prisma-capacity.eu/,,Cross-Border Transmission IP within EU,0,False
1Physical Flowhour2022-01-12 04:00:00 +00:002022-01-12 05:00:00 +00:00BE-TSO-0001ITP-00112entrykWh/h,1,Physical Flow,hour,2022-01-12T05:00:00+01:00,2022-01-12T06:00:00+01:00,BE-TSO-0001,21X-BE-A-A0A0A-Y,Fluxys Belgium,ITP-00112,Eynatten 1 (BE) // Lichtenbusch / Raeren (DE),21Z0000000000155,entry,kWh/h,,,0,2022-02-27T02:11:08+01:00,,Confirmed,,,,,True,,,True,PRISMA,,https://platform.prisma-capacity.eu/,,Cross-Border Transmission IP within EU,0,False
1Physical Flowhour2022-01-12 05:00:00 +00:002022-01-12 06:00:00 +00:00BE-TSO-0001ITP-00112entrykWh/h,1,Physical Flow,hour,2022-01-12T06:00:00+01:00,2022-01-12T07:00:00+01:00,BE-TSO-0001,21X-BE-A-A0A0A-Y,Fluxys Belgium,ITP-00112,Eynatten 1 (BE) // Lichtenbusch / Raeren (DE),21Z0000000000155,entry,kWh/h,,,0,2022-02-27T02:11:08+01:00,,Confirmed,,,,,True,,,True,PRISMA,,https://platform.prisma-capacity.eu/,,Cross-Border Transmission IP within EU,0,False
1Physical Flowhour2022-01-12 06:00:00 +00:002022-01-12 07:00:00 +00:00BE-TSO-0001ITP-00112entrykWh/h,1,Physical Flow,hour,2022-01-12T07:00:00+01:00,2022-01-12T08:00:00+01:00,BE-TSO-0001,21X-BE-A-A0A0A-Y,Fluxys Belgium,ITP-00112,Eynatten 1 (BE) // Lichtenbusch / Raeren (DE),21Z0000000000155,entry,kWh/h,,,0,2022-02-27T02:11:08+01:00,,Confirmed,,,,,True,,,True,PRISMA,,https://platform.prisma-capacity.eu/,,Cross-Border Transmission IP within EU,0,False
1Physical Flowhour2022-01-12 07:00:00 +00:002022-01-12 08:00:00 +00:00BE-TSO-0001ITP-00112entrykWh/h,1,Physical Flow,hour,2022-01-12T08:00:00+01:00,2022-01-12T09:00:00+01:00,BE-TSO-0001,21X-BE-A-A0A0A-Y,Fluxys Belgium,ITP-00112,Eynatten 1 (BE) // Lichtenbusch / Raeren (DE),21Z0000000000155,entry,kWh/h,,,0,2022-02-27T02:11:08+01:00,,Confirmed,,,,,True,,,True,PRISMA,,https://platform.prisma-capacity.eu/,,Cross-Border Transmission IP within EU,0,False
1Physical Flowhour2022-01-12 08:00:00 +00:002022-01-12 09:00:00 +00:00BE-TSO-0001ITP-00112entrykWh/h,1,Physical Flow,hour,2022-01-12T09:00:00+01:00,2022-01-12T10:00:00+01:00,BE-TSO-0001,21X-BE-A-A0A0A-Y,Fluxys Belgium,ITP-00112,Eynatten 1 (BE) // Lichtenbusch / Raeren (DE),21Z0000000000155,entry,kWh/h,,,0,2022-02-27T02:11:08+01:00,,Confirmed,,,,,True,,,True,PRISMA,,https://platform.prisma-capacity.eu/,,Cross-Border Transmission IP within EU,0,False
1Physical Flowhour2022-01-12 09:00:00 +00:002022-01-12 10:00:00 +00:00BE-TSO-0001ITP-00112entrykWh/h,1,Physical Flow,hour,2022-01-12T10:00:00+01:00,2022-01-12T11:00:00+01:00,BE-TSO-0001,21X-BE-A-A0A0A-Y,Fluxys Belgium,ITP-00112,Eynatten 1 (BE) // Lichtenbusch / Raeren (DE),21Z0000000000155,entry,kWh/h,,,0,2022-02-27T02:11:08+01:00,,Confirmed,,,,,True,,,True,PRISMA,,https://platform.prisma-capacity.eu/,,Cross-Border Transmission IP within EU,0,False
1Physical Flowhour2022-01-12 10:00:00 +00:002022-01-12 11:00:00 +00:00BE-TSO-0001ITP-00112entrykWh/h,1,Physical Flow,hour,2022-01-12T11:00:00+01:00,2022-01-12T12:00:00+01:00,BE-TSO-0001,21X-BE-A-A0A0A-Y,Fluxys Belgium,ITP-00112,Eynatten 1 (BE) // Lichtenbusch / Raeren (DE),21Z0000000000155,entry,kWh/h,,,0,2022-02-27T02:11:08+01:00,,Confirmed,,,,,True,,,True,PRISMA,,https://platform.prisma-capacity.eu/,,Cross-Border Transmission IP within EU,0,False
1Physical Flowhour2022-01-12 11:00:00 +00:002022-01-12 12:00:00 +00:00BE-TSO-0001ITP-00112entrykWh/h,1,Physical Flow,hour,2022-01-12T12:00:00+01:00,2022-01-12T13:00:00+01:00,BE-TSO-0001,21X-BE-A-A0A0A-Y,Fluxys Belgium,ITP-00112,Eynatten 1 (BE) // Lichtenbusch / Raeren (DE),21Z0000000000155,entry,kWh/h,,,0,2022-02-27T02:11:08+01:00,,Confirmed,,,,,True,,,True,PRISMA,,https://platform.prisma-capacity.eu/,,Cross-Border Transmission IP within EU,0,False
1Physical Flowhour2022-01-12 12:00:00 +00:002022-01-12 13:00:00 +00:00BE-TSO-0001ITP-00112entrykWh/h,1,Physical Flow,hour,2022-01-12T13:00:00+01:00,2022-01-12T14:00:00+01:00,BE-TSO-0001,21X-BE-A-A0A0A-Y,Fluxys Belgium,ITP-00112,Eynatten 1 (BE) // Lichtenbusch / Raeren (DE),21Z0000000000155,entry,kWh/h,,,0,2022-02-27T02:11:08+01:00,,Confirmed,,,,,True,,,True,PRISMA,,https://platform.prisma-capacity.eu/,,Cross-Border Transmission IP within EU,0,False
1Physical Flowhour2022-01-12 13:00:00 +00:002022-01-12 14:00:00 +00:00BE-TSO-0001ITP-00112entrykWh/h,1,Physical Flow,hour,2022-01-12T14:00:00+01:00,2022-01-12T15:00:00+01:00,BE-TSO-0001,21X-BE-A-A0A0A-Y,Fluxys Belgium,ITP-00112,Eynatten 1 (BE) // Lichtenbusch / Raeren (DE),21Z0000000000155,entry,kWh/h,,,0,2022-02-27T02:11:08+01:00,,Confirmed,,,,,True,,,True,PRISMA,,https://platform.prisma-capacity.eu/,,Cross-Border Transmission IP within EU,0,False
1Physical Flowhour2022-01-12 14:00:00 +00:002022-01-12 15:00:00 +00:00BE-TSO-0001ITP-00112entrykWh/h,1,Physical Flow,hour,2022-01-12T15:00:00+01:00,2022-01-12T16:00:00+01:00,BE-TSO-0001,21X-BE-A-A0A0A-Y,Fluxys Belgium,ITP-00112,Eynatten 1 (BE) // Lichtenbusch / Raeren (DE),21Z0000000000155,entry,kWh/h,,,0,2022-02-27T02:11:08+01:00,,Confirmed,,,,,True,,,True,PRISMA,,https://platform.prisma-capacity.eu/,,Cross-Border Transmission IP within EU,0,False
1Physical Flowhour2022-01-12 15:00:00 +00:002022-01-12 16:00:00 +00:00BE-TSO-0001ITP-00112entrykWh/h,1,Physical Flow,hour,2022-01-12T16:00:00+01:00,2022-01-12T17:00:00+01:00,BE-TSO-0001,21X-BE-A-A0A0A-Y,Fluxys Belgium,ITP-00112,Eynatten 1 (BE) // Lichtenbusch / Raeren (DE),21Z0000000000155,entry,kWh/h,,,0,2022-02-27T02:11:08+01:00,,Confirmed,,,,,True,,,True,PRISMA,,https://platform.prisma-capacity.eu/,,Cross-Border Transmission IP within EU,0,False
1Physical Flowhour2022-01-12 16:00:00 +00:002022-01-12 17:00:00 +00:00BE-TSO-0001ITP-00112entrykWh/h,1,Physical Flow,hour,2022-01-12T17:00:00+01:00,2022-01-12T18:00:00+01:00,BE-TSO-0001,21X-BE-A-A0A0A-Y,Fluxys Belgium,ITP-00112,Eynatten 1 (BE) // Lichtenbusch / Raeren (DE),21Z0000000000155,entry,kWh/h,,,0,2022-02-27T02:11:08+01:00,,Confirmed,,,,,True,,,True,PRISMA,,https://platform.prisma-capacity.eu/,,Cross-Border Transmission IP within EU,0,False
1Physical Flowhour2022-01-12 17:00:00 +00:002022-01-12 18:00:00 +00:00BE-TSO-0001ITP-00112entrykWh/h,1,Physical Flow,hour,2022-01-12T18:00:00+01:00,2022-01-12T19:00:00+01:00,BE-TSO-0001,21X-BE-A-A0A0A-Y,Fluxys Belgium,ITP-00112,Eynatten 1 (BE) // Lichtenbusch / Raeren (DE),21Z0000000000155,entry,kWh/h,,,0,2022-02-27T02:11:08+01:00,,Confirmed,,,,,True,,,True,PRISMA,,https://platform.prisma-capacity.eu/,,Cross-Border Transmission IP within EU,0,False
1Physical Flowhour2022-01-12 18:00:00 +00:002022-01-12 19:00:00 +00:00BE-TSO-0001ITP-00112entrykWh/h,1,Physical Flow,hour,2022-01-12T19:00:00+01:00,2022-01-12T20:00:00+01:00,BE-TSO-0001,21X-BE-A-A0A0A-Y,Fluxys Belgium,ITP-00112,Eynatten 1 (BE) // Lichtenbusch / Raeren (DE),21Z0000000000155,entry,kWh/h,,,0,2022-02-27T02:11:08+01:00,,Confirmed,,,,,True,,,True,PRISMA,,https://platform.prisma-capacity.eu/,,Cross-Border Transmission IP within EU,0,False
1Physical Flowhour2022-01-12 19:00:00 +00:002022-01-12 20:00:00 +00:00BE-TSO-0001ITP-00112entrykWh/h,1,Physical Flow,hour,2022-01-12T20:00:00+01:00,2022-01-12T21:00:00+01:00,BE-TSO-0001,21X-BE-A-A0A0A-Y,Fluxys Belgium,ITP-00112,Eynatten 1 (BE) // Lichtenbusch / Raeren (DE),21Z0000000000155,entry,kWh/h,,,0,2022-02-27T02:11:08+01:00,,Confirmed,,,,,True,,,True,PRISMA,,https://platform.prisma-capacity.eu/,,Cross-Border Transmission IP within EU,0,False
1Physical Flowhour2022-01-12 20:00:00 +00:002022-01-12 21:00:00 +00:00BE-TSO-0001ITP-00112entrykWh/h,1,Physical Flow,hour,2022-01-12T21:00:00+01:00,2022-01-12T22:00:00+01:00,BE-TSO-0001,21X-BE-A-A0A0A-Y,Fluxys Belgium,ITP-00112,Eynatten 1 (BE) // Lichtenbusch / Raeren (DE),21Z0000000000155,entry,kWh/h,,,0,2022-02-27T02:11:08+01:00,,Confirmed,,,,,True,,,True,PRISMA,,https://platform.prisma-capacity.eu/,,Cross-Border Transmission IP within EU,0,False
1Physical Flowhour2022-01-12 21:00:00 +00:002022-01-12 22:00:00 +00:00BE-TSO-0001ITP-00112entrykWh/h,1,Physical Flow,hour,2022-01-12T22:00:00+01:00,2022-01-12T23:00:00+01:00,BE-TSO-0001,21X-BE-A-A0A0A-Y,Fluxys Belgium,ITP-00112,Eynatten 1 (BE) // Lichtenbusch / Raeren (DE),21Z0000000000155,entry,kWh/h,,,0,2022-02-27T02:11:08+01:00,,Confirmed,,,,,True,,,True,PRISMA,,https://platform.prisma-capacity.eu/,,Cross-Border Transmission IP within EU,0,False
1Physical Flowhour2022-01-12 22:00:00 +00:002022-01-12 23:00:00 +00:00BE-TSO-0001ITP-00112entrykWh/h,1,Physical Flow,hour,2022-01-12T23:00:00+01:00,2022-01-13T00:00:00+01:00,BE-TSO-0001,21X-BE-A-A0A0A-Y,Fluxys Belgium,ITP-00112,Eynatten 1 (BE) // Lichtenbusch / Raeren (DE),21Z0000000000155,entry,kWh/h,,,0,2022-02-27T02:11:08+01:00,,Confirmed,,,,,True,,,True,PRISMA,,https://platform.prisma-capacity.eu/,,Cross-Border Transmission IP within EU,0,False
1Physical Flowhour2022-01-12 23:00:00 +00:002022-01-13 00:00:00 +00:00BE-TSO-0001ITP-00112entrykWh/h,1,Physical Flow,hour,2022-01-13T00:00:00+01:00,2022-01-13T01:00:00+01:00,BE-TSO-0001,21X-BE-A-A0A0A-Y,Fluxys Belgium,ITP-00112,Eynatten 1 (BE) // Lichtenbusch / Raeren (DE),21Z0000000000155,entry,kWh/h,,,0,2022-02-27T02:11:08+01:00,,Confirmed,,,,,True,,,True,PRISMA,,https://platform.prisma-capacity.eu/,,Cross-Border Transmission IP within EU,0,False
1Physical Flowhour2022-01-13 00:00:00 +00:002022-01-13 01:00:00 +00:00BE-TSO-0001ITP-00112entrykWh/h,1,Physical Flow,hour,2022-01-13T01:00:00+01:00,2022-01-13T02:00:00+01:00,BE-TSO-0001,21X-BE-A-A0A0A-Y,Fluxys Belgium,ITP-00112,Eynatten 1 (BE) // Lichtenbusch / Raeren (DE),21Z0000000000155,entry,kWh/h,,,0,2022-02-27T02:11:08+01:00,,Confirmed,,,,,True,,,True,PRISMA,,https://platform.prisma-capacity.eu/,,Cross-Border Transmission IP within EU,0,False
1Physical Flowhour2022-01-13 01:00:00 +00:002022-01-13 02:00:00 +00:00BE-TSO-0001ITP-00112entrykWh/h,1,Physical Flow,hour,2022-01-13T02:00:00+01:00,2022-01-13T03:00:00+01:00,BE-TSO-0001,21X-BE-A-A0A0A-Y,Fluxys Belgium,ITP-00112,Eynatten 1 (BE) // Lichtenbusch / Raeren (DE),21Z0000000000155,entry,kWh/h,,,0,2022-02-27T02:11:08+01:00,,Confirmed,,,,,True,,,True,PRISMA,,https://platform.prisma-capacity.eu/,,Cross-Border Transmission IP within EU,0,False
1Physical Flowhour2022-01-13 02:00:00 +00:002022-01-13 03:00:00 +00:00BE-TSO-0001ITP-00112entrykWh/h,1,Physical Flow,hour,2022-01-13T03:00:00+01:00,2022-01-13T04:00:00+01:00,BE-TSO-0001,21X-BE-A-A0A0A-Y,Fluxys Belgium,ITP-00112,Eynatten 1 (BE) // Lichtenbusch / Raeren (DE),21Z0000000000155,entry,kWh/h,,,0,2022-02-27T02:11:08+01:00,,Confirmed,,,,,True,,,True,PRISMA,,https://platform.prisma-capacity.eu/,,Cross-Border Transmission IP within EU,0,False
1Physical Flowhour2022-01-13 03:00:00 +00:002022-01-13 04:00:00 +00:00BE-TSO-0001ITP-00112entrykWh/h,1,Physical Flow,hour,2022-01-13T04:00:00+01:00,2022-01-13T05:00:00+01:00,BE-TSO-0001,21X-BE-A-A0A0A-Y,Fluxys Belgium,ITP-00112,Eynatten 1 (BE) // Lichtenbusch / Raeren (DE),21Z0000000000155,entry,kWh/h,,,0,2022-02-27T02:11:08+01:00,,Confirmed,,,,,True,,,True,PRISMA,,https://platform.prisma-capacity.eu/,,Cross-Border Transmission IP within EU,0,False
1Physical Flowhour2022-01-13 04:00:00 +00:002022-01-13 05:00:00 +00:00BE-TSO-0001ITP-00112entrykWh/h,1,Physical Flow,hour,2022-01-13T05:00:00+01:00,2022-01-13T06:00:00+01:00,BE-TSO-0001,21X-BE-A-A0A0A-Y,Fluxys Belgium,ITP-00112,Eynatten 1 (BE) // Lichtenbusch / Raeren (DE),21Z0000000000155,entry,kWh/h,,,0,2022-02-27T02:11:08+01:00,,Confirmed,,,,,True,,,True,PRISMA,,https://platform.prisma-capacity.eu/,,Cross-Border Transmission IP within EU,0,False
1Physical Flowhour2022-01-13 05:00:00 +00:002022-01-13 06:00:00 +00:00BE-TSO-0001ITP-00112entrykWh/h,1,Physical Flow,hour,2022-01-13T06:00:00+01:00,2022-01-13T07:00:00+01:00,BE-TSO-0001,21X-BE-A-A0A0A-Y,Fluxys Belgium,ITP-00112,Eynatten 1 (BE) // Lichtenbusch / Raeren (DE),21Z0000000000155,entry,kWh/h,,,0,2022-02-27T02:11:08+01:00,,Confirmed,,,,,True,,,True,PRISMA,,https://platform.prisma-capacity.eu/,,Cross-Border Transmission IP within EU,0,False
1Physical Flowhour2022-01-13 06:00:00 +00:002022-01-13 07:00:00 +00:00BE-TSO-0001ITP-00112entrykWh/h,1,Physical Flow,hour,2022-01-13T07:00:00+01:00,2022-01-13T08:00:00+01:00,BE-TSO-0001,21X-BE-A-A0A0A-Y,Fluxys Belgium,ITP-00112,Eynatten 1 (BE) // Lichtenbusch / Raeren (DE),21Z0000000000155,entry,kWh/h,,,0,2022-02-27T02:11:08+01:00,,Confirmed,,,,,True,,,True,PRISMA,,https://platform.prisma-capacity.eu/,,Cross-Border Transmission IP within EU,0,False
1Physical Flowhour2022-01-13 07:00:00 +00:002022-01-13 08:00:00 +00:00BE-TSO-0001ITP-00112entrykWh/h,1,Physical Flow,hour,2022-01-13T08:00:00+01:00,2022-01-13T09:00:00+01:00,BE-TSO-0001,21X-BE-A-A0A0A-Y,Fluxys Belgium,ITP-00112,Eynatten 1 (BE) // Lichtenbusch / Raeren (DE),21Z0000000000155,entry,kWh/h,,,0,2022-02-27T02:11:08+01:00,,Confirmed,,,,,True,,,True,PRISMA,,https://platform.prisma-capacity.eu/,,Cross-Border Transmission IP within EU,0,False
1Physical Flowhour2022-01-13 08:00:00 +00:002022-01-13 09:00:00 +00:00BE-TSO-0001ITP-00112entrykWh/h,1,Physical Flow,hour,2022-01-13T09:00:00+01:00,2022-01-13T10:00:00+01:00,BE-TSO-0001,21X-BE-A-A0A0A-Y,Fluxys Belgium,ITP-00112,Eynatten 1 (BE) // Lichtenbusch / Raeren (DE),21Z0000000000155,entry,kWh/h,,,0,2022-02-27T02:11:08+01:00,,Confirmed,,,,,True,,,True,PRISMA,,https://platform.prisma-capacity.eu/,,Cross-Border Transmission IP within EU,0,False
1Physical Flowhour2022-01-13 09:00:00 +00:002022-01-13 10:00:00 +00:00BE-TSO-0001ITP-00112entrykWh/h,1,Physical Flow,hour,2022-01-13T10:00:00+01:00,2022-01-13T11:00:00+01:00,BE-TSO-0001,21X-BE-A-A0A0A-Y,Fluxys Belgium,ITP-00112,Eynatten 1 (BE) // Lichtenbusch / Raeren (DE),21Z0000000000155,entry,kWh/h,,,0,2022-02-27T02:11:08+01:00,,Confirmed,,,,,True,,,True,PRISMA,,https://platform.prisma-capacity.eu/,,Cross-Border Transmission IP within EU,0,False
1Physical Flowhour2022-01-13 10:00:00 +00:002022-01-13 11:00:00 +00:00BE-TSO-0001ITP-00112entrykWh/h,1,Physical Flow,hour,2022-01-13T11:00:00+01:00,2022-01-13T12:00:00+01:00,BE-TSO-0001,21X-BE-A-A0A0A-Y,Fluxys Belgium,ITP-00112,Eynatten 1 (BE) // Lichtenbusch / Raeren (DE),21Z0000000000155,entry,kWh/h,,,0,2022-02-27T02:11:08+01:00,,Confirmed,,,,,True,,,True,PRISMA,,https://platform.prisma-capacity.eu/,,Cross-Border Transmission IP within EU,0,False
1Physical Flowhour2022-01-13 11:00:00 +00:002022-01-13 12:00:00 +00:00BE-TSO-0001ITP-00112entrykWh/h,1,Physical Flow,hour,2022-01-13T12:00:00+01:00,2022-01-13T13:00:00+01:00,BE-TSO-0001,21X-BE-A-A0A0A-Y,Fluxys Belgium,ITP-00112,Eynatten 1 (BE) // Lichtenbusch / Raeren (DE),21Z0000000000155,entry,kWh/h,,,0,2022-02-27T02:11:08+01:00,,Confirmed,,,,,True,,,True,PRISMA,,https://platform.prisma-capacity.eu/,,Cross-Border Transmission IP within EU,0,False
1Physical Flowhour2022-01-13 12:00:00 +00:002022-01-13 13:00:00 +00:00BE-TSO-0001ITP-00112entrykWh/h,1,Physical Flow,hour,2022-01-13T13:00:00+01:00,2022-01-13T14:00:00+01:00,BE-TSO-0001,21X-BE-A-A0A0A-Y,Fluxys Belgium,ITP-00112,Eynatten 1 (BE) // Lichtenbusch / Raeren (DE),21Z0000000000155,entry,kWh/h,,,0,2022-02-27T02:11:08+01:00,,Confirmed,,,,,True,,,True,PRISMA,,https://platform.prisma-capacity.eu/,,Cross-Border Transmission IP within EU,0,False
1Physical Flowhour2022-01-13 13:00:00 +00:002022-01-13 14:00:00 +00:00BE-TSO-0001ITP-00112entrykWh/h,1,Physical Flow,hour,2022-01-13T14:00:00+01:00,2022-01-13T15:00:00+01:00,BE-TSO-0001,21X-BE-A-A0A0A-Y,Fluxys Belgium,ITP-00112,Eynatten 1 (BE) // Lichtenbusch / Raeren (DE),21Z0000000000155,entry,kWh/h,,,0,2022-02-27T02:11:08+01:00,,Confirmed,,,,,True,,,True,PRISMA,,https://platform.prisma-capacity.eu/,,Cross-Border Transmission IP within EU,0,False
1Physical Flowhour2022-01-13 14:00:00 +00:002022-01-13 15:00:00 +00:00BE-TSO-0001ITP-00112entrykWh/h,1,Physical Flow,hour,2022-01-13T15:00:00+01:00,2022-01-13T16:00:00+01:00,BE-TSO-0001,21X-BE-A-A0A0A-Y,Fluxys Belgium,ITP-00112,Eynatten 1 (BE) // Lichtenbusch / Raeren (DE),21Z0000000000155,entry,kWh/h,,,0,2022-02-27T02:11:08+01:00,,Confirmed,,,,,True,,,True,PRISMA,,https://platform.prisma-capacity.eu/,,Cross-Border Transmission IP within EU,0,False
1Physical Flowhour2022-01-13 15:00:00 +00:002022-01-13 16:00:00 +00:00BE-TSO-0001ITP-00112entrykWh/h,1,Physical Flow,hour,2022-01-13T16:00:00+01:00,2022-01-13T17:00:00+01:00,BE-TSO-0001,21X-BE-A-A0A0A-Y,Fluxys Belgium,ITP-00112,Eynatten 1 (BE) // Lichtenbusch / Raeren (DE),21Z0000000000155,entry,kWh/h,,,0,2022-02-27T02:11:08+01:00,,Confirmed,,,,,True,,,True,PRISMA,,https://platform.prisma-capacity.eu/,,Cross-Border Transmission IP within EU,0,False
1Physical Flowhour2022-01-13 16:00:00 +00:002022-01-13 17:00:00 +00:00BE-TSO-0001ITP-00112entrykWh/h,1,Physical Flow,hour,2022-01-13T17:00:00+01:00,2022-01-13T18:00:00+01:00,BE-TSO-0001,21X-BE-A-A0A0A-Y,Fluxys Belgium,ITP-00112,Eynatten 1 (BE) // Lichtenbusch / Raeren (DE),21Z0000000000155,entry,kWh/h,,,0,2022-02-27T02:11:08+01:00,,Confirmed,,,,,True,,,True,PRISMA,,https://platform.prisma-capacity.eu/,,Cross-Border Transmission IP within EU,0,False
1Physical Flowhour2022-01-13 17:00:00 +00:002022-01-13 18:00:00 +00:00BE-TSO-0001ITP-00112entrykWh/h,1,Physical Flow,hour,2022-01-13T18:00:00+01:00,2022-01-13T19:00:00+01:00,BE-TSO-0001,21X-BE-A-A0A0A-Y,Fluxys Belgium,ITP-00112,Eynatten 1 (BE) // Lichtenbusch / Raeren (DE),21Z0000000000155,entry,kWh/h,,,0,2022-02-27T02:11:08+01:00,,Confirmed,,,,,True,,,True,PRISMA,,https://platform.prisma-capacity.eu/,,Cross-Border Transmission IP within EU,0,False
1Physical Flowhour2022-01-13 18:00:00 +00:002022-01-13 19:00:00 +00:00BE-TSO-0001ITP-00112entrykWh/h,1,Physical Flow,hour,2022-01-13T19:00:00+01:00,2022-01-13T20:00:00+01:00,BE-TSO-0001,21X-BE-A-A0A0A-Y,Fluxys Belgium,ITP-00112,Eynatten 1 (BE) // Lichtenbusch / Raeren (DE),21Z0000000000155,entry,kWh/h,,,0,2022-02-27T02:11:08+01:00,,Confirmed,,,,,True,,,True,PRISMA,,https://platform.prisma-capacity.eu/,,Cross-Border Transmission IP within EU,0,False
1Physical Flowhour2022-01-13 19:00:00 +00:002022-01-13 20:00:00 +00:00BE-TSO-0001ITP-00112entrykWh/h,1,Physical Flow,hour,2022-01-13T20:00:00+01:00,2022-01-13T21:00:00+01:00,BE-TSO-0001,21X-BE-A-A0A0A-Y,Fluxys Belgium,ITP-00112,Eynatten 1 (BE) // Lichtenbusch / Raeren (DE),21Z0000000000155,entry,kWh/h,,,0,2022-02-27T02:11:08+01:00,,Confirmed,,,,,True,,,True,PRISMA,,https://platform.prisma-capacity.eu/,,Cross-Border Transmission IP within EU,0,False
1Physical Flowhour2022-01-13 20:00:00 +00:002022-01-13 21:00:00 +00:00BE-TSO-0001ITP-00112entrykWh/h,1,Physical Flow,hour,2022-01-13T21:00:00+01:00,2022-01-13T22:00:00+01:00,BE-TSO-0001,21X-BE-A-A0A0A-Y,Fluxys Belgium,ITP-00112,Eynatten 1 (BE) // Lichtenbusch / Raeren (DE),21Z0000000000155,entry,kWh/h,,,0,2022-02-27T02:11:08+01:00,,Confirmed,,,,,True,,,True,PRISMA,,https://platform.prisma-capacity.eu/,,Cross-Border Transmission IP within EU,0,False
1Physical Flowhour2022-01-13 21:00:00 +00:002022-01-13 22:00:00 +00:00BE-TSO-0001ITP-00112entrykWh/h,1,Physical Flow,hour,2022-01-13T22:00:00+01:00,2022-01-13T23:00:00+01:00,BE-TSO-0001,21X-BE-A-A0A0A-Y,Fluxys Belgium,ITP-00112,Eynatten 1 (BE) // Lichtenbusch / Raeren (DE),21Z0000000000155,entry,kWh/h,,,0,2022-02-27T02:11:08+01:00,,Confirmed,,,,,True,,,True,PRISMA,,https://platform.prisma-capacity.eu/,,Cross-Border Transmission IP within EU,0,False
1Physical Flowhour2022-01-13 22:00:00 +00:002022-01-13 23:00:00 +00:00BE-TSO-0001ITP-00112entrykWh/h,1,Physical Flow,hour,2022-01-13T23:00:00+01:00,2022-01-14T00:00:00+01:00,BE-TSO-0001,21X-BE-A-A0A0A-Y,Fluxys Belgium,ITP-00112,Eynatten 1 (BE) // Lichtenbusch / Raeren (DE),21Z0000000000155,entry,kWh/h,,,0,2022-02-27T02:11:08+01:00,,Confirmed,,,,,True,,,True,PRISMA,,https://platform.prisma-capacity.eu/,,Cross-Border Transmission IP within EU,0,False
1Physical Flowhour2022-01-13 23:00:00 +00:002022-01-14 00:00:00 +00:00BE-TSO-0001ITP-00112entrykWh/h,1,Physical Flow,hour,2022-01-14T00:00:00+01:00,2022-01-14T01:00:00+01:00,BE-TSO-0001,21X-BE-A-A0A0A-Y,Fluxys Belgium,ITP-00112,Eynatten 1 (BE) // Lichtenbusch / Raeren (DE),21Z0000000000155,entry,kWh/h,,,0,2022-02-27T02:11:08+01:00,,Confirmed,,,,,True,,,True,PRISMA,,https://platform.prisma-capacity.eu/,,Cross-Border Transmission IP within EU,0,False
1Physical Flowhour2022-01-14 00:00:00 +00:002022-01-14 01:00:00 +00:00BE-TSO-0001ITP-00112entrykWh/h,1,Physical Flow,hour,2022-01-14T01:00:00+01:00,2022-01-14T02:00:00+01:00,BE-TSO-0001,21X-BE-A-A0A0A-Y,Fluxys Belgium,ITP-00112,Eynatten 1 (BE) // Lichtenbusch / Raeren (DE),21Z0000000000155,entry,kWh/h,,,0,2022-02-27T02:11:08+01:00,,Confirmed,,,,,True,,,True,PRISMA,,https://platform.prisma-capacity.eu/,,Cross-Border Transmission IP within EU,0,False
1Physical Flowhour2022-01-14 01:00:00 +00:002022-01-14 02:00:00 +00:00BE-TSO-0001ITP-00112entrykWh/h,1,Physical Flow,hour,2022-01-14T02:00:00+01:00,2022-01-14T03:00:00+01:00,BE-TSO-0001,21X-BE-A-A0A0A-Y,Fluxys Belgium,ITP-00112,Eynatten 1 (BE) // Lichtenbusch / Raeren (DE),21Z0000000000155,entry,kWh/h,,,0,2022-02-27T02:11:08+01:00,,Confirmed,,,,,True,,,True,PRISMA,,https://platform.prisma-capacity.eu/,,Cross-Border Transmission IP within EU,0,False
1Physical Flowhour2022-01-14 02:00:00 +00:002022-01-14 03:00:00 +00:00BE-TSO-0001ITP-00112entrykWh/h,1,Physical Flow,hour,2022-01-14T03:00:00+01:00,2022-01-14T04:00:00+01:00,BE-TSO-0001,21X-BE-A-A0A0A-Y,Fluxys Belgium,ITP-00112,Eynatten 1 (BE) // Lichtenbusch / Raeren (DE),21Z0000000000155,entry,kWh/h,,,0,2022-02-27T02:11:08+01:00,,Confirmed,,,,,True,,,True,PRISMA,,https://platform.prisma-capacity.eu/,,Cross-Border Transmission IP within EU,0,False
1Physical Flowhour2022-01-14 03:00:00 +00:002022-01-14 04:00:00 +00:00BE-TSO-0001ITP-00112entrykWh/h,1,Physical Flow,hour,2022-01-14T04:00:00+01:00,2022-01-14T05:00:00+01:00,BE-TSO-0001,21X-BE-A-A0A0A-Y,Fluxys Belgium,ITP-00112,Eynatten 1 (BE) // Lichtenbusch / Raeren (DE),21Z0000000000155,entry,kWh/h,,,0,2022-02-27T02:11:08+01:00,,Confirmed,,,,,True,,,True,PRISMA,,https://platform.prisma-capacity.eu/,,Cross-Border Transmission IP within EU,0,False
1Physical Flowhour2022-01-14 04:00:00 +00:002022-01-14 05:00:00 +00:00BE-TSO-0001ITP-00112entrykWh/h,1,Physical Flow,hour,2022-01-14T05:00:00+01:00,2022-01-14T06:00:00+01:00,BE-TSO-0001,21X-BE-A-A0A0A-Y,Fluxys Belgium,ITP-00112,Eynatten 1 (BE) // Lichtenbusch / Raeren (DE),21Z0000000000155,entry,kWh/h,,,0,2022-02-27T02:11:08+01:00,,Confirmed,,,,,True,,,True,PRISMA,,https://platform.prisma-capacity.eu/,,Cross-Border Transmission IP within EU,0,False
1Physical Flowhour2022-01-14 05:00:00 +00:002022-01-14 06:00:00 +00:00BE-TSO-0001ITP-00112entrykWh/h,1,Physical Flow,hour,2022-01-14T06:00:00+01:00,2022-01-14T07:00:00+01:00,BE-TSO-0001,21X-BE-A-A0A0A-Y,Fluxys Belgium,ITP-00112,Eynatten 1 (BE) // Lichtenbusch / Raeren (DE),21Z0000000000155,entry,kWh/h,,,0,2022-02-27T02:11:08+01:00,,Confirmed,,,,,True,,,True,PRISMA,,https://platform.prisma-capacity.eu/,,Cross-Border Transmission IP within EU,0,False
1Physical Flowhour2022-01-14 06:00:00 +00:002022-01-14 07:00:00 +00:00BE-TSO-0001ITP-00112entrykWh/h,1,Physical Flow,hour,2022-01-14T07:00:00+01:00,2022-01-14T08:00:00+01:00,BE-TSO-0001,21X-BE-A-A0A0A-Y,Fluxys Belgium,ITP-00112,Eynatten 1 (BE) // Lichtenbusch / Raeren (DE),21Z0000000000155,entry,kWh/h,,,0,2022-02-27T02:11:08+01:00,,Confirmed,,,,,True,,,True,PRISMA,,https://platform.prisma-capacity.eu/,,Cross-Border Transmission IP within EU,0,False
1Physical Flowhour2022-01-14 07:00:00 +00:002022-01-14 08:00:00 +00:00BE-TSO-0001ITP-00112entrykWh/h,1,Physical Flow,hour,2022-01-14T08:00:00+01:00,2022-01-14T09:00:00+01:00,BE-TSO-0001,21X-BE-A-A0A0A-Y,Fluxys Belgium,ITP-00112,Eynatten 1 (BE) // Lichtenbusch / Raeren (DE),21Z0000000000155,entry,kWh/h,,,0,2022-02-27T02:11:08+01:00,,Confirmed,,,,,True,,,True,PRISMA,,https://platform.prisma-capacity.eu/,,Cross-Border Transmission IP within EU,0,False
1Physical Flowhour2022-01-14 08:00:00 +00:002022-01-14 09:00:00 +00:00BE-TSO-0001ITP-00112entrykWh/h,1,Physical Flow,hour,2022-01-14T09:00:00+01:00,2022-01-14T10:00:00+01:00,BE-TSO-0001,21X-BE-A-A0A0A-Y,Fluxys Belgium,ITP-00112,Eynatten 1 (BE) // Lichtenbusch / Raeren (DE),21Z0000000000155,entry,kWh/h,,,0,2022-02-27T02:11:08+01:00,,Confirmed,,,,,True,,,True,PRISMA,,https://platform.prisma-capacity.eu/,,Cross-Border Transmission IP within EU,0,False
1Physical Flowhour2022-01-14 09:00:00 +00:002022-01-14 10:00:00 +00:00BE-TSO-0001ITP-00112entrykWh/h,1,Physical Flow,hour,2022-01-14T10:00:00+01:00,2022-01-14T11:00:00+01:00,BE-TSO-0001,21X-BE-A-A0A0A-Y,Fluxys Belgium,ITP-00112,Eynatten 1 (BE) // Lichtenbusch / Raeren (DE),21Z0000000000155,entry,kWh/h,,,0,2022-02-27T02:11:08+01:00,,Confirmed,,,,,True,,,True,PRISMA,,https://platform.prisma-capacity.eu/,,Cross-Border Transmission IP within EU,0,False
1Physical Flowhour2022-01-14 10:00:00 +00:002022-01-14 11:00:00 +00:00BE-TSO-0001ITP-00112entrykWh/h,1,Physical Flow,hour,2022-01-14T11:00:00+01:00,2022-01-14T12:00:00+01:00,BE-TSO-0001,21X-BE-A-A0A0A-Y,Fluxys Belgium,ITP-00112,Eynatten 1 (BE) // Lichtenbusch / Raeren (DE),21Z0000000000155,entry,kWh/h,,,0,2022-02-27T02:11:08+01:00,,Confirmed,,,,,True,,,True,PRISMA,,https://platform.prisma-capacity.eu/,,Cross-Border Transmission IP within EU,0,False
1Physical Flowhour2022-01-14 11:00:00 +00:002022-01-14 12:00:00 +00:00BE-TSO-0001ITP-00112entrykWh/h,1,Physical Flow,hour,2022-01-14T12:00:00+01:00,2022-01-14T13:00:00+01:00,BE-TSO-0001,21X-BE-A-A0A0A-Y,Fluxys Belgium,ITP-00112,Eynatten 1 (BE) // Lichtenbusch / Raeren (DE),21Z0000000000155,entry,kWh/h,,,0,2022-02-27T02:11:08+01:00,,Confirmed,,,,,True,,,True,PRISMA,,https://platform.prisma-capacity.eu/,,Cross-Border Transmission IP within EU,0,False
1Physical Flowhour2022-01-14 12:00:00 +00:002022-01-14 13:00:00 +00:00BE-TSO-0001ITP-00112entrykWh/h,1,Physical Flow,hour,2022-01-14T13:00:00+01:00,2022-01-14T14:00:00+01:00,BE-TSO-0001,21X-BE-A-A0A0A-Y,Fluxys Belgium,ITP-00112,Eynatten 1 (BE) // Lichtenbusch / Raeren (DE),21Z0000000000155,entry,kWh/h,,,0,2022-02-27T02:11:08+01:00,,Confirmed,,,,,True,,,True,PRISMA,,https://platform.prisma-capacity.eu/,,Cross-Border Transmission IP within EU,0,False
1Physical Flowhour2022-01-14 13:00:00 +00:002022-01-14 14:00:00 +00:00BE-TSO-0001ITP-00112entrykWh/h,1,Physical Flow,hour,2022-01-14T14:00:00+01:00,2022-01-14T15:00:00+01:00,BE-TSO-0001,21X-BE-A-A0A0A-Y,Fluxys Belgium,ITP-00112,Eynatten 1 (BE) // Lichtenbusch / Raeren (DE),21Z0000000000155,entry,kWh/h,,,0,2022-02-27T02:11:08+01:00,,Confirmed,,,,,True,,,True,PRISMA,,https://platform.prisma-capacity.eu/,,Cross-Border Transmission IP within EU,0,False
1Physical Flowhour2022-01-14 14:00:00 +00:002022-01-14 15:00:00 +00:00BE-TSO-0001ITP-00112entrykWh/h,1,Physical Flow,hour,2022-01-14T15:00:00+01:00,2022-01-14T16:00:00+01:00,BE-TSO-0001,21X-BE-A-A0A0A-Y,Fluxys Belgium,ITP-00112,Eynatten 1 (BE) // Lichtenbusch / Raeren (DE),21Z0000000000155,entry,kWh/h,,,0,2022-02-27T02:11:08+01:00,,Confirmed,,,,,True,,,True,PRISMA,,https://platform.prisma-capacity.eu/,,Cross-Border Transmission IP within EU,0,False
1Physical Flowhour2022-01-14 15:00:00 +00:002022-01-14 16:00:00 +00:00BE-TSO-0001ITP-00112entrykWh/h,1,Physical Flow,hour,2022-01-14T16:00:00+01:00,2022-01-14T17:00:00+01:00,BE-TSO-0001,21X-BE-A-A0A0A-Y,Fluxys Belgium,ITP-00112,Eynatten 1 (BE) // Lichtenbusch / Raeren (DE),21Z0000000000155,entry,kWh/h,,,0,2022-02-27T02:11:08+01:00,,Confirmed,,,,,True,,,True,PRISMA,,https://platform.prisma-capacity.eu/,,Cross-Border Transmission IP within EU,0,False
1Physical Flowhour2022-01-14 16:00:00 +00:002022-01-14 17:00:00 +00:00BE-TSO-0001ITP-00112entrykWh/h,1,Physical Flow,hour,2022-01-14T17:00:00+01:00,2022-01-14T18:00:00+01:00,BE-TSO-0001,21X-BE-A-A0A0A-Y,Fluxys Belgium,ITP-00112,Eynatten 1 (BE) // Lichtenbusch / Raeren (DE),21Z0000000000155,entry,kWh/h,,,0,2022-02-27T02:11:08+01:00,,Confirmed,,,,,True,,,True,PRISMA,,https://platform.prisma-capacity.eu/,,Cross-Border Transmission IP within EU,0,False
1Physical Flowhour2022-01-14 17:00:00 +00:002022-01-14 18:00:00 +00:00BE-TSO-0001ITP-00112entrykWh/h,1,Physical Flow,hour,2022-01-14T18:00:00+01:00,2022-01-14T19:00:00+01:00,BE-TSO-0001,21X-BE-A-A0A0A-Y,Fluxys Belgium,ITP-00112,Eynatten 1 (BE) // Lichtenbusch / Raeren (DE),21Z0000000000155,entry,kWh/h,,,0,2022-02-27T02:11:08+01:00,,Confirmed,,,,,True,,,True,PRISMA,,https://platform.prisma-capacity.eu/,,Cross-Border Transmission IP within EU,0,False
1Physical Flowhour2022-01-14 18:00:00 +00:002022-01-14 19:00:00 +00:00BE-TSO-0001ITP-00112entrykWh/h,1,Physical Flow,hour,2022-01-14T19:00:00+01:00,2022-01-14T20:00:00+01:00,BE-TSO-0001,21X-BE-A-A0A0A-Y,Fluxys Belgium,ITP-00112,Eynatten 1 (BE) // Lichtenbusch / Raeren (DE),21Z0000000000155,entry,kWh/h,,,0,2022-02-27T02:11:08+01:00,,Confirmed,,,,,True,,,True,PRISMA,,https://platform.prisma-capacity.eu/,,Cross-Border Transmission IP within EU,0,False
1Physical Flowhour2022-01-14 19:00:00 +00:002022-01-14 20:00:00 +00:00BE-TSO-0001ITP-00112entrykWh/h,1,Physical Flow,hour,2022-01-14T20:00:00+01:00,2022-01-14T21:00:00+01:00,BE-TSO-0001,21X-BE-A-A0A0A-Y,Fluxys Belgium,ITP-00112,Eynatten 1 (BE) // Lichtenbusch / Raeren (DE),21Z0000000000155,entry,kWh/h,,,0,2022-02-27T02:11:08+01:00,,Confirmed,,,,,True,,,True,PRISMA,,https://platform.prisma-capacity.eu/,,Cross-Border Transmission IP within EU,0,False
1Physical Flowhour2022-01-14 20:00:00 +00:002022-01-14 21:00:00 +00:00BE-TSO-0001ITP-00112entrykWh/h,1,Physical Flow,hour,2022-01-14T21:00:00+01:00,2022-01-14T22:00:00+01:00,BE-TSO-0001,21X-BE-A-A0A0A-Y,Fluxys Belgium,ITP-00112,Eynatten 1 (BE) // Lichtenbusch / Raeren (DE),21Z0000000000155,entry,kWh/h,,,0,2022-02-27T02:11:08+01:00,,Confirmed,,,,,True,,,True,PRISMA,,https://platform.prisma-capacity.eu/,,Cross-Border Transmission IP within EU,0,False
1Physical Flowhour2022-01-14 21:00:00 +00:002022-01-14 22:00:00 +00:00BE-TSO-0001ITP-00112entrykWh/h,1,Physical Flow,hour,2022-01-14T22:00:00+01:00,2022-01-14T23:00:00+01:00,BE-TSO-0001,21X-BE-A-A0A0A-Y,Fluxys Belgium,ITP-00112,Eynatten 1 (BE) // Lichtenbusch / Raeren (DE),21Z0000000000155,entry,kWh/h,,,0,2022-02-27T02:11:08+01:00,,Confirmed,,,,,True,,,True,PRISMA,,https://platform.prisma-capacity.eu/,,Cross-Border Transmission IP within EU,0,False
1Physical Flowhour2022-01-14 22:00:00 +00:002022-01-14 23:00:00 +00:00BE-TSO-0001ITP-00112entrykWh/h,1,Physical Flow,hour,2022-01-14T23:00:00+01:00,2022-01-15T00:00:00+01:00,BE-TSO-0001,21X-BE-A-A0A0A-Y,Fluxys Belgium,ITP-00112,Eynatten 1 (BE) // Lichtenbusch / Raeren (DE),21Z0000000000155,entry,kWh/h,,,0,2022-02-27T02:11:08+01:00,,Confirmed,,,,,True,,,True,PRISMA,,https://platform.prisma-capacity.eu/,,Cross-Border Transmission IP within EU,0,False
1Physical Flowhour2022-01-14 23:00:00 +00:002022-01-15 00:00:00 +00:00BE-TSO-0001ITP-00112entrykWh/h,1,Physical Flow,hour,2022-01-15T00:00:00+01:00,2022-01-15T01:00:00+01:00,BE-TSO-0001,21X-BE-A-A0A0A-Y,Fluxys Belgium,ITP-00112,Eynatten 1 (BE) // Lichtenbusch / Raeren (DE),21Z0000000000155,entry,kWh/h,,,0,2022-02-27T02:11:08+01:00,,Confirmed,,,,,True,,,True,PRISMA,,https://platform.prisma-capacity.eu/,,Cross-Border Transmission IP within EU,0,False
1Physical Flowhour2022-01-15 00:00:00 +00:002022-01-15 01:00:00 +00:00BE-TSO-0001ITP-00112entrykWh/h,1,Physical Flow,hour,2022-01-15T01:00:00+01:00,2022-01-15T02:00:00+01:00,BE-TSO-0001,21X-BE-A-A0A0A-Y,Fluxys Belgium,ITP-00112,Eynatten 1 (BE) // Lichtenbusch / Raeren (DE),21Z0000000000155,entry,kWh/h,,,0,2022-02-27T02:11:08+01:00,,Confirmed,,,,,True,,,True,PRISMA,,https://platform.prisma-capacity.eu/,,Cross-Border Transmission IP within EU,0,False
1Physical Flowhour2022-01-15 01:00:00 +00:002022-01-15 02:00:00 +00:00BE-TSO-0001ITP-00112entrykWh/h,1,Physical Flow,hour,2022-01-15T02:00:00+01:00,2022-01-15T03:00:00+01:00,BE-TSO-0001,21X-BE-A-A0A0A-Y,Fluxys Belgium,ITP-00112,Eynatten 1 (BE) // Lichtenbusch / Raeren (DE),21Z0000000000155,entry,kWh/h,,,0,2022-02-27T02:11:08+01:00,,Confirmed,,,,,True,,,True,PRISMA,,https://platform.prisma-capacity.eu/,,Cross-Border Transmission IP within EU,0,False
1Physical Flowhour2022-01-15 02:00:00 +00:002022-01-15 03:00:00 +00:00BE-TSO-0001ITP-00112entrykWh/h,1,Physical Flow,hour,2022-01-15T03:00:00+01:00,2022-01-15T04:00:00+01:00,BE-TSO-0001,21X-BE-A-A0A0A-Y,Fluxys Belgium,ITP-00112,Eynatten 1 (BE) // Lichtenbusch / Raeren (DE),21Z0000000000155,entry,kWh/h,,,0,2022-02-27T02:11:08+01:00,,Confirmed,,,,,True,,,True,PRISMA,,https://platform.prisma-capacity.eu/,,Cross-Border Transmission IP within EU,0,False
1Physical Flowhour2022-01-15 03:00:00 +00:002022-01-15 04:00:00 +00:00BE-TSO-0001ITP-00112entrykWh/h,1,Physical Flow,hour,2022-01-15T04:00:00+01:00,2022-01-15T05:00:00+01:00,BE-TSO-0001,21X-BE-A-A0A0A-Y,Fluxys Belgium,ITP-00112,Eynatten 1 (BE) // Lichtenbusch / Raeren (DE),21Z0000000000155,entry,kWh/h,,,0,2022-02-27T02:11:08+01:00,,Confirmed,,,,,True,,,True,PRISMA,,https://platform.prisma-capacity.eu/,,Cross-Border Transmission IP within EU,0,False
1Physical Flowhour2022-01-15 04:00:00 +00:002022-01-15 05:00:00 +00:00BE-TSO-0001ITP-00112entrykWh/h,1,Physical Flow,hour,2022-01-15T05:00:00+01:00,2022-01-15T06:00:00+01:00,BE-TSO-0001,21X-BE-A-A0A0A-Y,Fluxys Belgium,ITP-00112,Eynatten 1 (BE) // Lichtenbusch / Raeren (DE),21Z0000000000155,entry,kWh/h,,,0,2022-02-27T02:11:08+01:00,,Confirmed,,,,,True,,,True,PRISMA,,https://platform.prisma-capacity.eu/,,Cross-Border Transmission IP within EU,0,False
1Physical Flowhour2022-01-15 05:00:00 +00:002022-01-15 06:00:00 +00:00BE-TSO-0001ITP-00112entrykWh/h,1,Physical Flow,hour,2022-01-15T06:00:00+01:00,2022-01-15T07:00:00+01:00,BE-TSO-0001,21X-BE-A-A0A0A-Y,Fluxys Belgium,ITP-00112,Eynatten 1 (BE) // Lichtenbusch / Raeren (DE),21Z0000000000155,entry,kWh/h,,,0,2022-02-27T02:11:08+01:00,,Confirmed,,,,,True,,,True,PRISMA,,https://platform.prisma-capacity.eu/,,Cross-Border Transmission IP within EU,0,False
1Physical Flowhour2022-01-15 06:00:00 +00:002022-01-15 07:00:00 +00:00BE-TSO-0001ITP-00112entrykWh/h,1,Physical Flow,hour,2022-01-15T07:00:00+01:00,2022-01-15T08:00:00+01:00,BE-TSO-0001,21X-BE-A-A0A0A-Y,Fluxys Belgium,ITP-00112,Eynatten 1 (BE) // Lichtenbusch / Raeren (DE),21Z0000000000155,entry,kWh/h,,,0,2022-02-27T02:11:08+01:00,,Confirmed,,,,,True,,,True,PRISMA,,https://platform.prisma-capacity.eu/,,Cross-Border Transmission IP within EU,0,False
1Physical Flowhour2022-01-15 07:00:00 +00:002022-01-15 08:00:00 +00:00BE-TSO-0001ITP-00112entrykWh/h,1,Physical Flow,hour,2022-01-15T08:00:00+01:00,2022-01-15T09:00:00+01:00,BE-TSO-0001,21X-BE-A-A0A0A-Y,Fluxys Belgium,ITP-00112,Eynatten 1 (BE) // Lichtenbusch / Raeren (DE),21Z0000000000155,entry,kWh/h,,,0,2022-02-27T02:11:08+01:00,,Confirmed,,,,,True,,,True,PRISMA,,https://platform.prisma-capacity.eu/,,Cross-Border Transmission IP within EU,0,False
1Physical Flowhour2022-01-15 08:00:00 +00:002022-01-15 09:00:00 +00:00BE-TSO-0001ITP-00112entrykWh/h,1,Physical Flow,hour,2022-01-15T09:00:00+01:00,2022-01-15T10:00:00+01:00,BE-TSO-0001,21X-BE-A-A0A0A-Y,Fluxys Belgium,ITP-00112,Eynatten 1 (BE) // Lichtenbusch / Raeren (DE),21Z0000000000155,entry,kWh/h,,,0,2022-02-27T02:11:08+01:00,,Confirmed,,,,,True,,,True,PRISMA,,https://platform.prisma-capacity.eu/,,Cross-Border Transmission IP within EU,0,False
1Physical Flowhour2022-01-15 09:00:00 +00:002022-01-15 10:00:00 +00:00BE-TSO-0001ITP-00112entrykWh/h,1,Physical Flow,hour,2022-01-15T10:00:00+01:00,2022-01-15T11:00:00+01:00,BE-TSO-0001,21X-BE-A-A0A0A-Y,Fluxys Belgium,ITP-00112,Eynatten 1 (BE) // Lichtenbusch / Raeren (DE),21Z0000000000155,entry,kWh/h,,,0,2022-02-27T02:11:08+01:00,,Confirmed,,,,,True,,,True,PRISMA,,https://platform.prisma-capacity.eu/,,Cross-Border Transmission IP within EU,0,False
1Physical Flowhour2022-01-15 10:00:00 +00:002022-01-15 11:00:00 +00:00BE-TSO-0001ITP-00112entrykWh/h,1,Physical Flow,hour,2022-01-15T11:00:00+01:00,2022-01-15T12:00:00+01:00,BE-TSO-0001,21X-BE-A-A0A0A-Y,Fluxys Belgium,ITP-00112,Eynatten 1 (BE) // Lichtenbusch / Raeren (DE),21Z0000000000155,entry,kWh/h,,,0,2022-02-27T02:11:08+01:00,,Confirmed,,,,,True,,,True,PRISMA,,https://platform.prisma-capacity.eu/,,Cross-Border Transmission IP within EU,0,False
1Physical Flowhour2022-01-15 11:00:00 +00:002022-01-15 12:00:00 +00:00BE-TSO-0001ITP-00112entrykWh/h,1,Physical Flow,hour,2022-01-15T12:00:00+01:00,2022-01-15T13:00:00+01:00,BE-TSO-0001,21X-BE-A-A0A0A-Y,Fluxys Belgium,ITP-00112,Eynatten 1 (BE) // Lichtenbusch / Raeren (DE),21Z0000000000155,entry,kWh/h,,,0,2022-02-27T02:11:08+01:00,,Confirmed,,,,,True,,,True,PRISMA,,https://platform.prisma-capacity.eu/,,Cross-Border Transmission IP within EU,0,False
1Physical Flowhour2022-01-15 12:00:00 +00:002022-01-15 13:00:00 +00:00BE-TSO-0001ITP-00112entrykWh/h,1,Physical Flow,hour,2022-01-15T13:00:00+01:00,2022-01-15T14:00:00+01:00,BE-TSO-0001,21X-BE-A-A0A0A-Y,Fluxys Belgium,ITP-00112,Eynatten 1 (BE) // Lichtenbusch / Raeren (DE),21Z0000000000155,entry,kWh/h,,,0,2022-02-27T02:11:08+01:00,,Confirmed,,,,,True,,,True,PRISMA,,https://platform.prisma-capacity.eu/,,Cross-Border Transmission IP within EU,0,False
1Physical Flowhour2022-01-15 13:00:00 +00:002022-01-15 14:00:00 +00:00BE-TSO-0001ITP-00112entrykWh/h,1,Physical Flow,hour,2022-01-15T14:00:00+01:00,2022-01-15T15:00:00+01:00,BE-TSO-0001,21X-BE-A-A0A0A-Y,Fluxys Belgium,ITP-00112,Eynatten 1 (BE) // Lichtenbusch / Raeren (DE),21Z0000000000155,entry,kWh/h,,,0,2022-02-27T02:11:08+01:00,,Confirmed,,,,,True,,,True,PRISMA,,https://platform.prisma-capacity.eu/,,Cross-Border Transmission IP within EU,0,False
1Physical Flowhour2022-01-15 14:00:00 +00:002022-01-15 15:00:00 +00:00BE-TSO-0001ITP-00112entrykWh/h,1,Physical Flow,hour,2022-01-15T15:00:00+01:00,2022-01-15T16:00:00+01:00,BE-TSO-0001,21X-BE-A-A0A0A-Y,Fluxys Belgium,ITP-00112,Eynatten 1 (BE) // Lichtenbusch / Raeren (DE),21Z0000000000155,entry,kWh/h,,,0,2022-02-27T02:11:08+01:00,,Confirmed,,,,,True,,,True,PRISMA,,https://platform.prisma-capacity.eu/,,Cross-Border Transmission IP within EU,0,False
1Physical Flowhour2022-01-15 15:00:00 +00:002022-01-15 16:00:00 +00:00BE-TSO-0001ITP-00112entrykWh/h,1,Physical Flow,hour,2022-01-15T16:00:00+01:00,2022-01-15T17:00:00+01:00,BE-TSO-0001,21X-BE-A-A0A0A-Y,Fluxys Belgium,ITP-00112,Eynatten 1 (BE) // Lichtenbusch / Raeren (DE),21Z0000000000155,entry,kWh/h,,,0,2022-02-27T02:11:08+01:00,,Confirmed,,,,,True,,,True,PRISMA,,https://platform.prisma-capacity.eu/,,Cross-Border Transmission IP within EU,0,False
1Physical Flowhour2022-01-15 16:00:00 +00:002022-01-15 17:00:00 +00:00BE-TSO-0001ITP-00112entrykWh/h,1,Physical Flow,hour,2022-01-15T17:00:00+01:00,2022-01-15T18:00:00+01:00,BE-TSO-0001,21X-BE-A-A0A0A-Y,Fluxys Belgium,ITP-00112,Eynatten 1 (BE) // Lichtenbusch / Raeren (DE),21Z0000000000155,entry,kWh/h,,,0,2022-02-27T02:11:08+01:00,,Confirmed,,,,,True,,,True,PRISMA,,https://platform.prisma-capacity.eu/,,Cross-Border Transmission IP within EU,0,False
1Physical Flowhour2022-01-15 17:00:00 +00:002022-01-15 18:00:00 +00:00BE-TSO-0001ITP-00112entrykWh/h,1,Physical Flow,hour,2022-01-15T18:00:00+01:00,2022-01-15T19:00:00+01:00,BE-TSO-0001,21X-BE-A-A0A0A-Y,Fluxys Belgium,ITP-00112,Eynatten 1 (BE) // Lichtenbusch / Raeren (DE),21Z0000000000155,entry,kWh/h,,,0,2022-02-27T02:11:08+01:00,,Confirmed,,,,,True,,,True,PRISMA,,https://platform.prisma-capacity.eu/,,Cross-Border Transmission IP within EU,0,False
1Physical Flowhour2022-01-15 18:00:00 +00:002022-01-15 19:00:00 +00:00BE-TSO-0001ITP-00112entrykWh/h,1,Physical Flow,hour,2022-01-15T19:00:00+01:00,2022-01-15T20:00:00+01:00,BE-TSO-0001,21X-BE-A-A0A0A-Y,Fluxys Belgium,ITP-00112,Eynatten 1 (BE) // Lichtenbusch / Raeren (DE),21Z0000000000155,entry,kWh/h,,,0,2022-02-27T02:11:08+01:00,,Confirmed,,,,,True,,,True,PRISMA,,https://platform.prisma-capacity.eu/,,Cross-Border Transmission IP within EU,0,False
1Physical Flowhour2022-01-15 19:00:00 +00:002022-01-15 20:00:00 +00:00BE-TSO-0001ITP-00112entrykWh/h,1,Physical Flow,hour,2022-01-15T20:00:00+01:00,2022-01-15T21:00:00+01:00,BE-TSO-0001,21X-BE-A-A0A0A-Y,Fluxys Belgium,ITP-00112,Eynatten 1 (BE) // Lichtenbusch / Raeren (DE),21Z0000000000155,entry,kWh/h,,,0,2022-02-27T02:11:08+01:00,,Confirmed,,,,,True,,,True,PRISMA,,https://platform.prisma-capacity.eu/,,Cross-Border Transmission IP within EU,0,False
1Physical Flowhour2022-01-15 20:00:00 +00:002022-01-15 21:00:00 +00:00BE-TSO-0001ITP-00112entrykWh/h,1,Physical Flow,hour,2022-01-15T21:00:00+01:00,2022-01-15T22:00:00+01:00,BE-TSO-0001,21X-BE-A-A0A0A-Y,Fluxys Belgium,ITP-00112,Eynatten 1 (BE) // Lichtenbusch / Raeren (DE),21Z0000000000155,entry,kWh/h,,,0,2022-02-27T02:11:08+01:00,,Confirmed,,,,,True,,,True,PRISMA,,https://platform.prisma-capacity.eu/,,Cross-Border Transmission IP within EU,0,False
1Physical Flowhour2022-01-15 21:00:00 +00:002022-01-15 22:00:00 +00:00BE-TSO-0001ITP-00112entrykWh/h,1,Physical Flow,hour,2022-01-15T22:00:00+01:00,2022-01-15T23:00:00+01:00,BE-TSO-0001,21X-BE-A-A0A0A-Y,Fluxys Belgium,ITP-00112,Eynatten 1 (BE) // Lichtenbusch / Raeren (DE),21Z0000000000155,entry,kWh/h,,,0,2022-02-27T02:11:08+01:00,,Confirmed,,,,,True,,,True,PRISMA,,https://platform.prisma-capacity.eu/,,Cross-Border Transmission IP within EU,0,False
1Physical Flowhour2022-01-15 22:00:00 +00:002022-01-15 23:00:00 +00:00BE-TSO-0001ITP-00112entrykWh/h,1,Physical Flow,hour,2022-01-15T23:00:00+01:00,2022-01-16T00:00:00+01:00,BE-TSO-0001,21X-BE-A-A0A0A-Y,Fluxys Belgium,ITP-00112,Eynatten 1 (BE) // Lichtenbusch / Raeren (DE),21Z0000000000155,entry,kWh/h,,,0,2022-02-27T02:11:08+01:00,,Confirmed,,,,,True,,,True,PRISMA,,https://platform.prisma-capacity.eu/,,Cross-Border Transmission IP within EU,0,False
1Physical Flowhour2022-01-15 23:00:00 +00:002022-01-16 00:00:00 +00:00BE-TSO-0001ITP-00112entrykWh/h,1,Physical Flow,hour,2022-01-16T00:00:00+01:00,2022-01-16T01:00:00+01:00,BE-TSO-0001,21X-BE-A-A0A0A-Y,Fluxys Belgium,ITP-00112,Eynatten 1 (BE) // Lichtenbusch / Raeren (DE),21Z0000000000155,entry,kWh/h,,,0,2022-02-27T02:11:08+01:00,,Confirmed,,,,,True,,,True,PRISMA,,https://platform.prisma-capacity.eu/,,Cross-Border Transmission IP within EU,0,False
1Physical Flowhour2022-01-16 00:00:00 +00:002022-01-16 01:00:00 +00:00BE-TSO-0001ITP-00112entrykWh/h,1,Physical Flow,hour,2022-01-16T01:00:00+01:00,2022-01-16T02:00:00+01:00,BE-TSO-0001,21X-BE-A-A0A0A-Y,Fluxys Belgium,ITP-00112,Eynatten 1 (BE) // Lichtenbusch / Raeren (DE),21Z0000000000155,entry,kWh/h,,,0,2022-02-27T02:11:08+01:00,,Confirmed,,,,,True,,,True,PRISMA,,https://platform.prisma-capacity.eu/,,Cross-Border Transmission IP within EU,0,False
1Physical Flowhour2022-01-16 01:00:00 +00:002022-01-16 02:00:00 +00:00BE-TSO-0001ITP-00112entrykWh/h,1,Physical Flow,hour,2022-01-16T02:00:00+01:00,2022-01-16T03:00:00+01:00,BE-TSO-0001,21X-BE-A-A0A0A-Y,Fluxys Belgium,ITP-00112,Eynatten 1 (BE) // Lichtenbusch / Raeren (DE),21Z0000000000155,entry,kWh/h,,,0,2022-02-27T02:11:08+01:00,,Confirmed,,,,,True,,,True,PRISMA,,https://platform.prisma-capacity.eu/,,Cross-Border Transmission IP within EU,0,False
1Physical Flowhour2022-01-16 02:00:00 +00:002022-01-16 03:00:00 +00:00BE-TSO-0001ITP-00112entrykWh/h,1,Physical Flow,hour,2022-01-16T03:00:00+01:00,2022-01-16T04:00:00+01:00,BE-TSO-0001,21X-BE-A-A0A0A-Y,Fluxys Belgium,ITP-00112,Eynatten 1 (BE) // Lichtenbusch / Raeren (DE),21Z0000000000155,entry,kWh/h,,,0,2022-02-27T02:11:08+01:00,,Confirmed,,,,,True,,,True,PRISMA,,https://platform.prisma-capacity.eu/,,Cross-Border Transmission IP within EU,0,False
1Physical Flowhour2022-01-16 03:00:00 +00:002022-01-16 04:00:00 +00:00BE-TSO-0001ITP-00112entrykWh/h,1,Physical Flow,hour,2022-01-16T04:00:00+01:00,2022-01-16T05:00:00+01:00,BE-TSO-0001,21X-BE-A-A0A0A-Y,Fluxys Belgium,ITP-00112,Eynatten 1 (BE) // Lichtenbusch / Raeren (DE),21Z0000000000155,entry,kWh/h,,,0,2022-02-27T02:11:08+01:00,,Confirmed,,,,,True,,,True,PRISMA,,https://platform.prisma-capacity.eu/,,Cross-Border Transmission IP within EU,0,False
1Physical Flowhour2022-01-16 04:00:00 +00:002022-01-16 05:00:00 +00:00BE-TSO-0001ITP-00112entrykWh/h,1,Physical Flow,hour,2022-01-16T05:00:00+01:00,2022-01-16T06:00:00+01:00,BE-TSO-0001,21X-BE-A-A0A0A-Y,Fluxys Belgium,ITP-00112,Eynatten 1 (BE) // Lichtenbusch / Raeren (DE),21Z0000000000155,entry,kWh/h,,,0,2022-02-27T02:11:08+01:00,,Confirmed,,,,,True,,,True,PRISMA,,https://platform.prisma-capacity.eu/,,Cross-Border Transmission IP within EU,0,False
1Physical Flowhour2022-01-16 05:00:00 +00:002022-01-16 06:00:00 +00:00BE-TSO-0001ITP-00112entrykWh/h,1,Physical Flow,hour,2022-01-16T06:00:00+01:00,2022-01-16T07:00:00+01:00,BE-TSO-0001,21X-BE-A-A0A0A-Y,Fluxys Belgium,ITP-00112,Eynatten 1 (BE) // Lichtenbusch / Raeren (DE),21Z0000000000155,entry,kWh/h,,,0,2022-02-27T02:11:08+01:00,,Confirmed,,,,,True,,,True,PRISMA,,https://platform.prisma-capacity.eu/,,Cross-Border Transmission IP within EU,0,False
1Physical Flowhour2022-01-16 06:00:00 +00:002022-01-16 07:00:00 +00:00BE-TSO-0001ITP-00112entrykWh/h,1,Physical Flow,hour,2022-01-16T07:00:00+01:00,2022-01-16T08:00:00+01:00,BE-TSO-0001,21X-BE-A-A0A0A-Y,Fluxys Belgium,ITP-00112,Eynatten 1 (BE) // Lichtenbusch / Raeren (DE),21Z0000000000155,entry,kWh/h,,,0,2022-02-27T02:11:08+01:00,,Confirmed,,,,,True,,,True,PRISMA,,https://platform.prisma-capacity.eu/,,Cross-Border Transmission IP within EU,0,False
1Physical Flowhour2022-01-16 07:00:00 +00:002022-01-16 08:00:00 +00:00BE-TSO-0001ITP-00112entrykWh/h,1,Physical Flow,hour,2022-01-16T08:00:00+01:00,2022-01-16T09:00:00+01:00,BE-TSO-0001,21X-BE-A-A0A0A-Y,Fluxys Belgium,ITP-00112,Eynatten 1 (BE) // Lichtenbusch / Raeren (DE),21Z0000000000155,entry,kWh/h,,,0,2022-02-27T02:11:08+01:00,,Confirmed,,,,,True,,,True,PRISMA,,https://platform.prisma-capacity.eu/,,Cross-Border Transmission IP within EU,0,False
1Physical Flowhour2022-01-16 08:00:00 +00:002022-01-16 09:00:00 +00:00BE-TSO-0001ITP-00112entrykWh/h,1,Physical Flow,hour,2022-01-16T09:00:00+01:00,2022-01-16T10:00:00+01:00,BE-TSO-0001,21X-BE-A-A0A0A-Y,Fluxys Belgium,ITP-00112,Eynatten 1 (BE) // Lichtenbusch / Raeren (DE),21Z0000000000155,entry,kWh/h,,,0,2022-02-27T02:11:08+01:00,,Confirmed,,,,,True,,,True,PRISMA,,https://platform.prisma-capacity.eu/,,Cross-Border Transmission IP within EU,0,False
1Physical Flowhour2022-01-16 09:00:00 +00:002022-01-16 10:00:00 +00:00BE-TSO-0001ITP-00112entrykWh/h,1,Physical Flow,hour,2022-01-16T10:00:00+01:00,2022-01-16T11:00:00+01:00,BE-TSO-0001,21X-BE-A-A0A0A-Y,Fluxys Belgium,ITP-00112,Eynatten 1 (BE) // Lichtenbusch / Raeren (DE),21Z0000000000155,entry,kWh/h,,,0,2022-02-27T02:11:08+01:00,,Confirmed,,,,,True,,,True,PRISMA,,https://platform.prisma-capacity.eu/,,Cross-Border Transmission IP within EU,0,False
1Physical Flowhour2022-01-16 10:00:00 +00:002022-01-16 11:00:00 +00:00BE-TSO-0001ITP-00112entrykWh/h,1,Physical Flow,hour,2022-01-16T11:00:00+01:00,2022-01-16T12:00:00+01:00,BE-TSO-0001,21X-BE-A-A0A0A-Y,Fluxys Belgium,ITP-00112,Eynatten 1 (BE) // Lichtenbusch / Raeren (DE),21Z0000000000155,entry,kWh/h,,,0,2022-02-27T02:11:08+01:00,,Confirmed,,,,,True,,,True,PRISMA,,https://platform.prisma-capacity.eu/,,Cross-Border Transmission IP within EU,0,False
1Physical Flowhour2022-01-16 11:00:00 +00:002022-01-16 12:00:00 +00:00BE-TSO-0001ITP-00112entrykWh/h,1,Physical Flow,hour,2022-01-16T12:00:00+01:00,2022-01-16T13:00:00+01:00,BE-TSO-0001,21X-BE-A-A0A0A-Y,Fluxys Belgium,ITP-00112,Eynatten 1 (BE) // Lichtenbusch / Raeren (DE),21Z0000000000155,entry,kWh/h,,,0,2022-02-27T02:11:08+01:00,,Confirmed,,,,,True,,,True,PRISMA,,https://platform.prisma-capacity.eu/,,Cross-Border Transmission IP within EU,0,False
1Physical Flowhour2022-01-16 12:00:00 +00:002022-01-16 13:00:00 +00:00BE-TSO-0001ITP-00112entrykWh/h,1,Physical Flow,hour,2022-01-16T13:00:00+01:00,2022-01-16T14:00:00+01:00,BE-TSO-0001,21X-BE-A-A0A0A-Y,Fluxys Belgium,ITP-00112,Eynatten 1 (BE) // Lichtenbusch / Raeren (DE),21Z0000000000155,entry,kWh/h,,,0,2022-02-27T02:11:08+01:00,,Confirmed,,,,,True,,,True,PRISMA,,https://platform.prisma-capacity.eu/,,Cross-Border Transmission IP within EU,0,False
1Physical Flowhour2022-01-16 13:00:00 +00:002022-01-16 14:00:00 +00:00BE-TSO-0001ITP-00112entrykWh/h,1,Physical Flow,hour,2022-01-16T14:00:00+01:00,2022-01-16T15:00:00+01:00,BE-TSO-0001,21X-BE-A-A0A0A-Y,Fluxys Belgium,ITP-00112,Eynatten 1 (BE) // Lichtenbusch / Raeren (DE),21Z0000000000155,entry,kWh/h,,,0,2022-02-27T02:11:08+01:00,,Confirmed,,,,,True,,,True,PRISMA,,https://platform.prisma-capacity.eu/,,Cross-Border Transmission IP within EU,0,False
1Physical Flowhour2022-01-16 14:00:00 +00:002022-01-16 15:00:00 +00:00BE-TSO-0001ITP-00112entrykWh/h,1,Physical Flow,hour,2022-01-16T15:00:00+01:00,2022-01-16T16:00:00+01:00,BE-TSO-0001,21X-BE-A-A0A0A-Y,Fluxys Belgium,ITP-00112,Eynatten 1 (BE) // Lichtenbusch / Raeren (DE),21Z0000000000155,entry,kWh/h,,,0,2022-02-27T02:11:08+01:00,,Confirmed,,,,,True,,,True,PRISMA,,https://platform.prisma-capacity.eu/,,Cross-Border Transmission IP within EU,0,False
1Physical Flowhour2022-01-16 15:00:00 +00:002022-01-16 16:00:00 +00:00BE-TSO-0001ITP-00112entrykWh/h,1,Physical Flow,hour,2022-01-16T16:00:00+01:00,2022-01-16T17:00:00+01:00,BE-TSO-0001,21X-BE-A-A0A0A-Y,Fluxys Belgium,ITP-00112,Eynatten 1 (BE) // Lichtenbusch / Raeren (DE),21Z0000000000155,entry,kWh/h,,,0,2022-02-27T02:11:08+01:00,,Confirmed,,,,,True,,,True,PRISMA,,https://platform.prisma-capacity.eu/,,Cross-Border Transmission IP within EU,0,False
1Physical Flowhour2022-01-16 16:00:00 +00:002022-01-16 17:00:00 +00:00BE-TSO-0001ITP-00112entrykWh/h,1,Physical Flow,hour,2022-01-16T17:00:00+01:00,2022-01-16T18:00:00+01:00,BE-TSO-0001,21X-BE-A-A0A0A-Y,Fluxys Belgium,ITP-00112,Eynatten 1 (BE) // Lichtenbusch / Raeren (DE),21Z0000000000155,entry,kWh/h,,,0,2022-02-27T02:11:08+01:00,,Confirmed,,,,,True,,,True,PRISMA,,https://platform.prisma-capacity.eu/,,Cross-Border Transmission IP within EU,0,False
1Physical Flowhour2022-01-16 17:00:00 +00:002022-01-16 18:00:00 +00:00BE-TSO-0001ITP-00112entrykWh/h,1,Physical Flow,hour,2022-01-16T18:00:00+01:00,2022-01-16T19:00:00+01:00,BE-TSO-0001,21X-BE-A-A0A0A-Y,Fluxys Belgium,ITP-00112,Eynatten 1 (BE) // Lichtenbusch / Raeren (DE),21Z0000000000155,entry,kWh/h,,,0,2022-02-27T02:11:08+01:00,,Confirmed,,,,,True,,,True,PRISMA,,https://platform.prisma-capacity.eu/,,Cross-Border Transmission IP within EU,0,False
1Physical Flowhour2022-01-16 18:00:00 +00:002022-01-16 19:00:00 +00:00BE-TSO-0001ITP-00112entrykWh/h,1,Physical Flow,hour,2022-01-16T19:00:00+01:00,2022-01-16T20:00:00+01:00,BE-TSO-0001,21X-BE-A-A0A0A-Y,Fluxys Belgium,ITP-00112,Eynatten 1 (BE) // Lichtenbusch / Raeren (DE),21Z0000000000155,entry,kWh/h,,,0,2022-02-27T02:11:08+01:00,,Confirmed,,,,,True,,,True,PRISMA,,https://platform.prisma-capacity.eu/,,Cross-Border Transmission IP within EU,0,False
1Physical Flowhour2022-01-16 19:00:00 +00:002022-01-16 20:00:00 +00:00BE-TSO-0001ITP-00112entrykWh/h,1,Physical Flow,hour,2022-01-16T20:00:00+01:00,2022-01-16T21:00:00+01:00,BE-TSO-0001,21X-BE-A-A0A0A-Y,Fluxys Belgium,ITP-00112,Eynatten 1 (BE) // Lichtenbusch / Raeren (DE),21Z0000000000155,entry,kWh/h,,,0,2022-02-27T02:11:08+01:00,,Confirmed,,,,,True,,,True,PRISMA,,https://platform.prisma-capacity.eu/,,Cross-Border Transmission IP within EU,0,False
1Physical Flowhour2022-01-16 20:00:00 +00:002022-01-16 21:00:00 +00:00BE-TSO-0001ITP-00112entrykWh/h,1,Physical Flow,hour,2022-01-16T21:00:00+01:00,2022-01-16T22:00:00+01:00,BE-TSO-0001,21X-BE-A-A0A0A-Y,Fluxys Belgium,ITP-00112,Eynatten 1 (BE) // Lichtenbusch / Raeren (DE),21Z0000000000155,entry,kWh/h,,,0,2022-02-27T02:11:08+01:00,,Confirmed,,,,,True,,,True,PRISMA,,https://platform.prisma-capacity.eu/,,Cross-Border Transmission IP within EU,0,False
1Physical Flowhour2022-01-16 21:00:00 +00:002022-01-16 22:00:00 +00:00BE-TSO-0001ITP-00112entrykWh/h,1,Physical Flow,hour,2022-01-16T22:00:00+01:00,2022-01-16T23:00:00+01:00,BE-TSO-0001,21X-BE-A-A0A0A-Y,Fluxys Belgium,ITP-00112,Eynatten 1 (BE) // Lichtenbusch / Raeren (DE),21Z0000000000155,entry,kWh/h,,,0,2022-02-27T02:11:08+01:00,,Confirmed,,,,,True,,,True,PRISMA,,https://platform.prisma-capacity.eu/,,Cross-Border Transmission IP within EU,0,False
1Physical Flowhour2022-01-16 22:00:00 +00:002022-01-16 23:00:00 +00:00BE-TSO-0001ITP-00112entrykWh/h,1,Physical Flow,hour,2022-01-16T23:00:00+01:00,2022-01-17T00:00:00+01:00,BE-TSO-0001,21X-BE-A-A0A0A-Y,Fluxys Belgium,ITP-00112,Eynatten 1 (BE) // Lichtenbusch / Raeren (DE),21Z0000000000155,entry,kWh/h,,,0,2022-02-27T02:11:08+01:00,,Confirmed,,,,,True,,,True,PRISMA,,https://platform.prisma-capacity.eu/,,Cross-Border Transmission IP within EU,0,False
1Physical Flowhour2022-01-16 23:00:00 +00:002022-01-17 00:00:00 +00:00BE-TSO-0001ITP-00112entrykWh/h,1,Physical Flow,hour,2022-01-17T00:00:00+01:00,2022-01-17T01:00:00+01:00,BE-TSO-0001,21X-BE-A-A0A0A-Y,Fluxys Belgium,ITP-00112,Eynatten 1 (BE) // Lichtenbusch / Raeren (DE),21Z0000000000155,entry,kWh/h,,,0,2022-02-27T02:11:08+01:00,,Confirmed,,,,,True,,,True,PRISMA,,https://platform.prisma-capacity.eu/,,Cross-Border Transmission IP within EU,0,False
1Physical Flowhour2022-01-17 00:00:00 +00:002022-01-17 01:00:00 +00:00BE-TSO-0001ITP-00112entrykWh/h,1,Physical Flow,hour,2022-01-17T01:00:00+01:00,2022-01-17T02:00:00+01:00,BE-TSO-0001,21X-BE-A-A0A0A-Y,Fluxys Belgium,ITP-00112,Eynatten 1 (BE) // Lichtenbusch / Raeren (DE),21Z0000000000155,entry,kWh/h,,,0,2022-02-27T02:11:08+01:00,,Confirmed,,,,,True,,,True,PRISMA,,https://platform.prisma-capacity.eu/,,Cross-Border Transmission IP within EU,0,False
1Physical Flowhour2022-01-17 01:00:00 +00:002022-01-17 02:00:00 +00:00BE-TSO-0001ITP-00112entrykWh/h,1,Physical Flow,hour,2022-01-17T02:00:00+01:00,2022-01-17T03:00:00+01:00,BE-TSO-0001,21X-BE-A-A0A0A-Y,Fluxys Belgium,ITP-00112,Eynatten 1 (BE) // Lichtenbusch / Raeren (DE),21Z0000000000155,entry,kWh/h,,,0,2022-02-27T02:11:08+01:00,,Confirmed,,,,,True,,,True,PRISMA,,https://platform.prisma-capacity.eu/,,Cross-Border Transmission IP within EU,0,False
1Physical Flowhour2022-01-17 02:00:00 +00:002022-01-17 03:00:00 +00:00BE-TSO-0001ITP-00112entrykWh/h,1,Physical Flow,hour,2022-01-17T03:00:00+01:00,2022-01-17T04:00:00+01:00,BE-TSO-0001,21X-BE-A-A0A0A-Y,Fluxys Belgium,ITP-00112,Eynatten 1 (BE) // Lichtenbusch / Raeren (DE),21Z0000000000155,entry,kWh/h,,,0,2022-02-27T02:11:08+01:00,,Confirmed,,,,,True,,,True,PRISMA,,https://platform.prisma-capacity.eu/,,Cross-Border Transmission IP within EU,0,False
1Physical Flowhour2022-01-17 03:00:00 +00:002022-01-17 04:00:00 +00:00BE-TSO-0001ITP-00112entrykWh/h,1,Physical Flow,hour,2022-01-17T04:00:00+01:00,2022-01-17T05:00:00+01:00,BE-TSO-0001,21X-BE-A-A0A0A-Y,Fluxys Belgium,ITP-00112,Eynatten 1 (BE) // Lichtenbusch / Raeren (DE),21Z0000000000155,entry,kWh/h,,,0,2022-02-27T02:11:08+01:00,,Confirmed,,,,,True,,,True,PRISMA,,https://platform.prisma-capacity.eu/,,Cross-Border Transmission IP within EU,0,False
1Physical Flowhour2022-01-17 04:00:00 +00:002022-01-17 05:00:00 +00:00BE-TSO-0001ITP-00112entrykWh/h,1,Physical Flow,hour,2022-01-17T05:00:00+01:00,2022-01-17T06:00:00+01:00,BE-TSO-0001,21X-BE-A-A0A0A-Y,Fluxys Belgium,ITP-00112,Eynatten 1 (BE) // Lichtenbusch / Raeren (DE),21Z0000000000155,entry,kWh/h,,,0,2022-02-27T02:11:08+01:00,,Confirmed,,,,,True,,,True,PRISMA,,https://platform.prisma-capacity.eu/,,Cross-Border Transmission IP within EU,0,False
1Physical Flowhour2022-01-17 05:00:00 +00:002022-01-17 06:00:00 +00:00BE-TSO-0001ITP-00112entrykWh/h,1,Physical Flow,hour,2022-01-17T06:00:00+01:00,2022-01-17T07:00:00+01:00,BE-TSO-0001,21X-BE-A-A0A0A-Y,Fluxys Belgium,ITP-00112,Eynatten 1 (BE) // Lichtenbusch / Raeren (DE),21Z0000000000155,entry,kWh/h,,,0,2022-02-27T02:11:08+01:00,,Confirmed,,,,,True,,,True,PRISMA,,https://platform.prisma-capacity.eu/,,Cross-Border Transmission IP within EU,0,False
1Physical Flowhour2022-01-17 06:00:00 +00:002022-01-17 07:00:00 +00:00BE-TSO-0001ITP-00112entrykWh/h,1,Physical Flow,hour,2022-01-17T07:00:00+01:00,2022-01-17T08:00:00+01:00,BE-TSO-0001,21X-BE-A-A0A0A-Y,Fluxys Belgium,ITP-00112,Eynatten 1 (BE) // Lichtenbusch / Raeren (DE),21Z0000000000155,entry,kWh/h,,,0,2022-02-27T02:11:08+01:00,,Confirmed,,,,,True,,,True,PRISMA,,https://platform.prisma-capacity.eu/,,Cross-Border Transmission IP within EU,0,False
1Physical Flowhour2022-01-17 07:00:00 +00:002022-01-17 08:00:00 +00:00BE-TSO-0001ITP-00112entrykWh/h,1,Physical Flow,hour,2022-01-17T08:00:00+01:00,2022-01-17T09:00:00+01:00,BE-TSO-0001,21X-BE-A-A0A0A-Y,Fluxys Belgium,ITP-00112,Eynatten 1 (BE) // Lichtenbusch / Raeren (DE),21Z0000000000155,entry,kWh/h,,,0,2022-02-27T02:11:08+01:00,,Confirmed,,,,,True,,,True,PRISMA,,https://platform.prisma-capacity.eu/,,Cross-Border Transmission IP within EU,0,False
1Physical Flowhour2022-01-17 08:00:00 +00:002022-01-17 09:00:00 +00:00BE-TSO-0001ITP-00112entrykWh/h,1,Physical Flow,hour,2022-01-17T09:00:00+01:00,2022-01-17T10:00:00+01:00,BE-TSO-0001,21X-BE-A-A0A0A-Y,Fluxys Belgium,ITP-00112,Eynatten 1 (BE) // Lichtenbusch / Raeren (DE),21Z0000000000155,entry,kWh/h,,,0,2022-02-27T02:11:08+01:00,,Confirmed,,,,,True,,,True,PRISMA,,https://platform.prisma-capacity.eu/,,Cross-Border Transmission IP within EU,0,False
1Physical Flowhour2022-01-17 09:00:00 +00:002022-01-17 10:00:00 +00:00BE-TSO-0001ITP-00112entrykWh/h,1,Physical Flow,hour,2022-01-17T10:00:00+01:00,2022-01-17T11:00:00+01:00,BE-TSO-0001,21X-BE-A-A0A0A-Y,Fluxys Belgium,ITP-00112,Eynatten 1 (BE) // Lichtenbusch / Raeren (DE),21Z0000000000155,entry,kWh/h,,,0,2022-02-27T02:11:08+01:00,,Confirmed,,,,,True,,,True,PRISMA,,https://platform.prisma-capacity.eu/,,Cross-Border Transmission IP within EU,0,False
1Physical Flowhour2022-01-17 10:00:00 +00:002022-01-17 11:00:00 +00:00BE-TSO-0001ITP-00112entrykWh/h,1,Physical Flow,hour,2022-01-17T11:00:00+01:00,2022-01-17T12:00:00+01:00,BE-TSO-0001,21X-BE-A-A0A0A-Y,Fluxys Belgium,ITP-00112,Eynatten 1 (BE) // Lichtenbusch / Raeren (DE),21Z0000000000155,entry,kWh/h,,,0,2022-02-27T02:11:08+01:00,,Confirmed,,,,,True,,,True,PRISMA,,https://platform.prisma-capacity.eu/,,Cross-Border Transmission IP within EU,0,False
1Physical Flowhour2022-01-17 11:00:00 +00:002022-01-17 12:00:00 +00:00BE-TSO-0001ITP-00112entrykWh/h,1,Physical Flow,hour,2022-01-17T12:00:00+01:00,2022-01-17T13:00:00+01:00,BE-TSO-0001,21X-BE-A-A0A0A-Y,Fluxys Belgium,ITP-00112,Eynatten 1 (BE) // Lichtenbusch / Raeren (DE),21Z0000000000155,entry,kWh/h,,,0,2022-02-27T02:11:08+01:00,,Confirmed,,,,,True,,,True,PRISMA,,https://platform.prisma-capacity.eu/,,Cross-Border Transmission IP within EU,0,False
1Physical Flowhour2022-01-17 12:00:00 +00:002022-01-17 13:00:00 +00:00BE-TSO-0001ITP-00112entrykWh/h,1,Physical Flow,hour,2022-01-17T13:00:00+01:00,2022-01-17T14:00:00+01:00,BE-TSO-0001,21X-BE-A-A0A0A-Y,Fluxys Belgium,ITP-00112,Eynatten 1 (BE) // Lichtenbusch / Raeren (DE),21Z0000000000155,entry,kWh/h,,,0,2022-02-27T02:11:08+01:00,,Confirmed,,,,,True,,,True,PRISMA,,https://platform.prisma-capacity.eu/,,Cross-Border Transmission IP within EU,0,False
1Physical Flowhour2022-01-17 13:00:00 +00:002022-01-17 14:00:00 +00:00BE-TSO-0001ITP-00112entrykWh/h,1,Physical Flow,hour,2022-01-17T14:00:00+01:00,2022-01-17T15:00:00+01:00,BE-TSO-0001,21X-BE-A-A0A0A-Y,Fluxys Belgium,ITP-00112,Eynatten 1 (BE) // Lichtenbusch / Raeren (DE),21Z0000000000155,entry,kWh/h,,,0,2022-02-27T02:11:08+01:00,,Confirmed,,,,,True,,,True,PRISMA,,https://platform.prisma-capacity.eu/,,Cross-Border Transmission IP within EU,0,False
1Physical Flowhour2022-01-17 14:00:00 +00:002022-01-17 15:00:00 +00:00BE-TSO-0001ITP-00112entrykWh/h,1,Physical Flow,hour,2022-01-17T15:00:00+01:00,2022-01-17T16:00:00+01:00,BE-TSO-0001,21X-BE-A-A0A0A-Y,Fluxys Belgium,ITP-00112,Eynatten 1 (BE) // Lichtenbusch / Raeren (DE),21Z0000000000155,entry,kWh/h,,,0,2022-02-27T02:11:08+01:00,,Confirmed,,,,,True,,,True,PRISMA,,https://platform.prisma-capacity.eu/,,Cross-Border Transmission IP within EU,0,False
1Physical Flowhour2022-01-17 15:00:00 +00:002022-01-17 16:00:00 +00:00BE-TSO-0001ITP-00112entrykWh/h,1,Physical Flow,hour,2022-01-17T16:00:00+01:00,2022-01-17T17:00:00+01:00,BE-TSO-0001,21X-BE-A-A0A0A-Y,Fluxys Belgium,ITP-00112,Eynatten 1 (BE) // Lichtenbusch / Raeren (DE),21Z0000000000155,entry,kWh/h,,,0,2022-02-27T02:11:08+01:00,,Confirmed,,,,,True,,,True,PRISMA,,https://platform.prisma-capacity.eu/,,Cross-Border Transmission IP within EU,0,False
1Physical Flowhour2022-01-17 16:00:00 +00:002022-01-17 17:00:00 +00:00BE-TSO-0001ITP-00112entrykWh/h,1,Physical Flow,hour,2022-01-17T17:00:00+01:00,2022-01-17T18:00:00+01:00,BE-TSO-0001,21X-BE-A-A0A0A-Y,Fluxys Belgium,ITP-00112,Eynatten 1 (BE) // Lichtenbusch / Raeren (DE),21Z0000000000155,entry,kWh/h,,,0,2022-02-27T02:11:08+01:00,,Confirmed,,,,,True,,,True,PRISMA,,https://platform.prisma-capacity.eu/,,Cross-Border Transmission IP within EU,0,False
1Physical Flowhour2022-01-17 17:00:00 +00:002022-01-17 18:00:00 +00:00BE-TSO-0001ITP-00112entrykWh/h,1,Physical Flow,hour,2022-01-17T18:00:00+01:00,2022-01-17T19:00:00+01:00,BE-TSO-0001,21X-BE-A-A0A0A-Y,Fluxys Belgium,ITP-00112,Eynatten 1 (BE) // Lichtenbusch / Raeren (DE),21Z0000000000155,entry,kWh/h,,,0,2022-02-27T02:11:08+01:00,,Confirmed,,,,,True,,,True,PRISMA,,https://platform.prisma-capacity.eu/,,Cross-Border Transmission IP within EU,0,False
1Physical Flowhour2022-01-17 18:00:00 +00:002022-01-17 19:00:00 +00:00BE-TSO-0001ITP-00112entrykWh/h,1,Physical Flow,hour,2022-01-17T19:00:00+01:00,2022-01-17T20:00:00+01:00,BE-TSO-0001,21X-BE-A-A0A0A-Y,Fluxys Belgium,ITP-00112,Eynatten 1 (BE) // Lichtenbusch / Raeren (DE),21Z0000000000155,entry,kWh/h,,,0,2022-02-27T02:11:08+01:00,,Confirmed,,,,,True,,,True,PRISMA,,https://platform.prisma-capacity.eu/,,Cross-Border Transmission IP within EU,0,False
1Physical Flowhour2022-01-17 19:00:00 +00:002022-01-17 20:00:00 +00:00BE-TSO-0001ITP-00112entrykWh/h,1,Physical Flow,hour,2022-01-17T20:00:00+01:00,2022-01-17T21:00:00+01:00,BE-TSO-0001,21X-BE-A-A0A0A-Y,Fluxys Belgium,ITP-00112,Eynatten 1 (BE) // Lichtenbusch / Raeren (DE),21Z0000000000155,entry,kWh/h,,,0,2022-02-27T02:11:08+01:00,,Confirmed,,,,,True,,,True,PRISMA,,https://platform.prisma-capacity.eu/,,Cross-Border Transmission IP within EU,0,False
1Physical Flowhour2022-01-17 20:00:00 +00:002022-01-17 21:00:00 +00:00BE-TSO-0001ITP-00112entrykWh/h,1,Physical Flow,hour,2022-01-17T21:00:00+01:00,2022-01-17T22:00:00+01:00,BE-TSO-0001,21X-BE-A-A0A0A-Y,Fluxys Belgium,ITP-00112,Eynatten 1 (BE) // Lichtenbusch / Raeren (DE),21Z0000000000155,entry,kWh/h,,,0,2022-02-27T02:11:08+01:00,,Confirmed,,,,,True,,,True,PRISMA,,https://platform.prisma-capacity.eu/,,Cross-Border Transmission IP within EU,0,False
1Physical Flowhour2022-01-17 21:00:00 +00:002022-01-17 22:00:00 +00:00BE-TSO-0001ITP-00112entrykWh/h,1,Physical Flow,hour,2022-01-17T22:00:00+01:00,2022-01-17T23:00:00+01:00,BE-TSO-0001,21X-BE-A-A0A0A-Y,Fluxys Belgium,ITP-00112,Eynatten 1 (BE) // Lichtenbusch / Raeren (DE),21Z0000000000155,entry,kWh/h,,,0,2022-02-27T02:11:08+01:00,,Confirmed,,,,,True,,,True,PRISMA,,https://platform.prisma-capacity.eu/,,Cross-Border Transmission IP within EU,0,False
1Physical Flowhour2022-01-17 22:00:00 +00:002022-01-17 23:00:00 +00:00BE-TSO-0001ITP-00112entrykWh/h,1,Physical Flow,hour,2022-01-17T23:00:00+01:00,2022-01-18T00:00:00+01:00,BE-TSO-0001,21X-BE-A-A0A0A-Y,Fluxys Belgium,ITP-00112,Eynatten 1 (BE) // Lichtenbusch / Raeren (DE),21Z0000000000155,entry,kWh/h,,,0,2022-02-27T02:11:08+01:00,,Confirmed,,,,,True,,,True,PRISMA,,https://platform.prisma-capacity.eu/,,Cross-Border Transmission IP within EU,0,False
1Physical Flowhour2022-01-17 23:00:00 +00:002022-01-18 00:00:00 +00:00BE-TSO-0001ITP-00112entrykWh/h,1,Physical Flow,hour,2022-01-18T00:00:00+01:00,2022-01-18T01:00:00+01:00,BE-TSO-0001,21X-BE-A-A0A0A-Y,Fluxys Belgium,ITP-00112,Eynatten 1 (BE) // Lichtenbusch / Raeren (DE),21Z0000000000155,entry,kWh/h,,,0,2022-02-27T02:11:08+01:00,,Confirmed,,,,,True,,,True,PRISMA,,https://platform.prisma-capacity.eu/,,Cross-Border Transmission IP within EU,0,False
1Physical Flowhour2022-01-18 00:00:00 +00:002022-01-18 01:00:00 +00:00BE-TSO-0001ITP-00112entrykWh/h,1,Physical Flow,hour,2022-01-18T01:00:00+01:00,2022-01-18T02:00:00+01:00,BE-TSO-0001,21X-BE-A-A0A0A-Y,Fluxys Belgium,ITP-00112,Eynatten 1 (BE) // Lichtenbusch / Raeren (DE),21Z0000000000155,entry,kWh/h,,,0,2022-02-27T02:11:08+01:00,,Confirmed,,,,,True,,,True,PRISMA,,https://platform.prisma-capacity.eu/,,Cross-Border Transmission IP within EU,0,False
1Physical Flowhour2022-01-18 01:00:00 +00:002022-01-18 02:00:00 +00:00BE-TSO-0001ITP-00112entrykWh/h,1,Physical Flow,hour,2022-01-18T02:00:00+01:00,2022-01-18T03:00:00+01:00,BE-TSO-0001,21X-BE-A-A0A0A-Y,Fluxys Belgium,ITP-00112,Eynatten 1 (BE) // Lichtenbusch / Raeren (DE),21Z0000000000155,entry,kWh/h,,,0,2022-02-27T02:11:08+01:00,,Confirmed,,,,,True,,,True,PRISMA,,https://platform.prisma-capacity.eu/,,Cross-Border Transmission IP within EU,0,False
1Physical Flowhour2022-01-18 02:00:00 +00:002022-01-18 03:00:00 +00:00BE-TSO-0001ITP-00112entrykWh/h,1,Physical Flow,hour,2022-01-18T03:00:00+01:00,2022-01-18T04:00:00+01:00,BE-TSO-0001,21X-BE-A-A0A0A-Y,Fluxys Belgium,ITP-00112,Eynatten 1 (BE) // Lichtenbusch / Raeren (DE),21Z0000000000155,entry,kWh/h,,,0,2022-02-27T02:11:08+01:00,,Confirmed,,,,,True,,,True,PRISMA,,https://platform.prisma-capacity.eu/,,Cross-Border Transmission IP within EU,0,False
1Physical Flowhour2022-01-18 03:00:00 +00:002022-01-18 04:00:00 +00:00BE-TSO-0001ITP-00112entrykWh/h,1,Physical Flow,hour,2022-01-18T04:00:00+01:00,2022-01-18T05:00:00+01:00,BE-TSO-0001,21X-BE-A-A0A0A-Y,Fluxys Belgium,ITP-00112,Eynatten 1 (BE) // Lichtenbusch / Raeren (DE),21Z0000000000155,entry,kWh/h,,,0,2022-02-27T02:11:08+01:00,,Confirmed,,,,,True,,,True,PRISMA,,https://platform.prisma-capacity.eu/,,Cross-Border Transmission IP within EU,0,False
1Physical Flowhour2022-01-18 04:00:00 +00:002022-01-18 05:00:00 +00:00BE-TSO-0001ITP-00112entrykWh/h,1,Physical Flow,hour,2022-01-18T05:00:00+01:00,2022-01-18T06:00:00+01:00,BE-TSO-0001,21X-BE-A-A0A0A-Y,Fluxys Belgium,ITP-00112,Eynatten 1 (BE) // Lichtenbusch / Raeren (DE),21Z0000000000155,entry,kWh/h,,,0,2022-02-27T02:11:08+01:00,,Confirmed,,,,,True,,,True,PRISMA,,https://platform.prisma-capacity.eu/,,Cross-Border Transmission IP within EU,0,False
1Physical Flowhour2022-01-18 05:00:00 +00:002022-01-18 06:00:00 +00:00BE-TSO-0001ITP-00112entrykWh/h,1,Physical Flow,hour,2022-01-18T06:00:00+01:00,2022-01-18T07:00:00+01:00,BE-TSO-0001,21X-BE-A-A0A0A-Y,Fluxys Belgium,ITP-00112,Eynatten 1 (BE) // Lichtenbusch / Raeren (DE),21Z0000000000155,entry,kWh/h,,,0,2022-02-27T02:11:08+01:00,,Confirmed,,,,,True,,,True,PRISMA,,https://platform.prisma-capacity.eu/,,Cross-Border Transmission IP within EU,0,False
1Physical Flowhour2022-01-18 06:00:00 +00:002022-01-18 07:00:00 +00:00BE-TSO-0001ITP-00112entrykWh/h,1,Physical Flow,hour,2022-01-18T07:00:00+01:00,2022-01-18T08:00:00+01:00,BE-TSO-0001,21X-BE-A-A0A0A-Y,Fluxys Belgium,ITP-00112,Eynatten 1 (BE) // Lichtenbusch / Raeren (DE),21Z0000000000155,entry,kWh/h,,,0,2022-02-27T02:11:08+01:00,,Confirmed,,,,,True,,,True,PRISMA,,https://platform.prisma-capacity.eu/,,Cross-Border Transmission IP within EU,0,False
1Physical Flowhour2022-01-18 07:00:00 +00:002022-01-18 08:00:00 +00:00BE-TSO-0001ITP-00112entrykWh/h,1,Physical Flow,hour,2022-01-18T08:00:00+01:00,2022-01-18T09:00:00+01:00,BE-TSO-0001,21X-BE-A-A0A0A-Y,Fluxys Belgium,ITP-00112,Eynatten 1 (BE) // Lichtenbusch / Raeren (DE),21Z0000000000155,entry,kWh/h,,,0,2022-02-27T02:11:08+01:00,,Confirmed,,,,,True,,,True,PRISMA,,https://platform.prisma-capacity.eu/,,Cross-Border Transmission IP within EU,0,False
1Physical Flowhour2022-01-18 08:00:00 +00:002022-01-18 09:00:00 +00:00BE-TSO-0001ITP-00112entrykWh/h,1,Physical Flow,hour,2022-01-18T09:00:00+01:00,2022-01-18T10:00:00+01:00,BE-TSO-0001,21X-BE-A-A0A0A-Y,Fluxys Belgium,ITP-00112,Eynatten 1 (BE) // Lichtenbusch / Raeren (DE),21Z0000000000155,entry,kWh/h,,,0,2022-02-27T02:11:08+01:00,,Confirmed,,,,,True,,,True,PRISMA,,https://platform.prisma-capacity.eu/,,Cross-Border Transmission IP within EU,0,False
1Physical Flowhour2022-01-18 09:00:00 +00:002022-01-18 10:00:00 +00:00BE-TSO-0001ITP-00112entrykWh/h,1,Physical Flow,hour,2022-01-18T10:00:00+01:00,2022-01-18T11:00:00+01:00,BE-TSO-0001,21X-BE-A-A0A0A-Y,Fluxys Belgium,ITP-00112,Eynatten 1 (BE) // Lichtenbusch / Raeren (DE),21Z0000000000155,entry,kWh/h,,,0,2022-02-27T02:11:08+01:00,,Confirmed,,,,,True,,,True,PRISMA,,https://platform.prisma-capacity.eu/,,Cross-Border Transmission IP within EU,0,False
1Physical Flowhour2022-01-18 10:00:00 +00:002022-01-18 11:00:00 +00:00BE-TSO-0001ITP-00112entrykWh/h,1,Physical Flow,hour,2022-01-18T11:00:00+01:00,2022-01-18T12:00:00+01:00,BE-TSO-0001,21X-BE-A-A0A0A-Y,Fluxys Belgium,ITP-00112,Eynatten 1 (BE) // Lichtenbusch / Raeren (DE),21Z0000000000155,entry,kWh/h,,,0,2022-02-27T02:11:08+01:00,,Confirmed,,,,,True,,,True,PRISMA,,https://platform.prisma-capacity.eu/,,Cross-Border Transmission IP within EU,0,False
1Physical Flowhour2022-01-18 11:00:00 +00:002022-01-18 12:00:00 +00:00BE-TSO-0001ITP-00112entrykWh/h,1,Physical Flow,hour,2022-01-18T12:00:00+01:00,2022-01-18T13:00:00+01:00,BE-TSO-0001,21X-BE-A-A0A0A-Y,Fluxys Belgium,ITP-00112,Eynatten 1 (BE) // Lichtenbusch / Raeren (DE),21Z0000000000155,entry,kWh/h,,,0,2022-02-27T02:11:08+01:00,,Confirmed,,,,,True,,,True,PRISMA,,https://platform.prisma-capacity.eu/,,Cross-Border Transmission IP within EU,0,False
1Physical Flowhour2022-01-18 12:00:00 +00:002022-01-18 13:00:00 +00:00BE-TSO-0001ITP-00112entrykWh/h,1,Physical Flow,hour,2022-01-18T13:00:00+01:00,2022-01-18T14:00:00+01:00,BE-TSO-0001,21X-BE-A-A0A0A-Y,Fluxys Belgium,ITP-00112,Eynatten 1 (BE) // Lichtenbusch / Raeren (DE),21Z0000000000155,entry,kWh/h,,,0,2022-02-27T02:11:08+01:00,,Confirmed,,,,,True,,,True,PRISMA,,https://platform.prisma-capacity.eu/,,Cross-Border Transmission IP within EU,0,False
1Physical Flowhour2022-01-18 13:00:00 +00:002022-01-18 14:00:00 +00:00BE-TSO-0001ITP-00112entrykWh/h,1,Physical Flow,hour,2022-01-18T14:00:00+01:00,2022-01-18T15:00:00+01:00,BE-TSO-0001,21X-BE-A-A0A0A-Y,Fluxys Belgium,ITP-00112,Eynatten 1 (BE) // Lichtenbusch / Raeren (DE),21Z0000000000155,entry,kWh/h,,,0,2022-02-27T02:11:08+01:00,,Confirmed,,,,,True,,,True,PRISMA,,https://platform.prisma-capacity.eu/,,Cross-Border Transmission IP within EU,0,False
1Physical Flowhour2022-01-18 14:00:00 +00:002022-01-18 15:00:00 +00:00BE-TSO-0001ITP-00112entrykWh/h,1,Physical Flow,hour,2022-01-18T15:00:00+01:00,2022-01-18T16:00:00+01:00,BE-TSO-0001,21X-BE-A-A0A0A-Y,Fluxys Belgium,ITP-00112,Eynatten 1 (BE) // Lichtenbusch / Raeren (DE),21Z0000000000155,entry,kWh/h,,,0,2022-02-27T02:11:08+01:00,,Confirmed,,,,,True,,,True,PRISMA,,https://platform.prisma-capacity.eu/,,Cross-Border Transmission IP within EU,0,False
1Physical Flowhour2022-01-18 15:00:00 +00:002022-01-18 16:00:00 +00:00BE-TSO-0001ITP-00112entrykWh/h,1,Physical Flow,hour,2022-01-18T16:00:00+01:00,2022-01-18T17:00:00+01:00,BE-TSO-0001,21X-BE-A-A0A0A-Y,Fluxys Belgium,ITP-00112,Eynatten 1 (BE) // Lichtenbusch / Raeren (DE),21Z0000000000155,entry,kWh/h,,,0,2022-02-27T02:11:08+01:00,,Confirmed,,,,,True,,,True,PRISMA,,https://platform.prisma-capacity.eu/,,Cross-Border Transmission IP within EU,0,False
1Physical Flowhour2022-01-18 16:00:00 +00:002022-01-18 17:00:00 +00:00BE-TSO-0001ITP-00112entrykWh/h,1,Physical Flow,hour,2022-01-18T17:00:00+01:00,2022-01-18T18:00:00+01:00,BE-TSO-0001,21X-BE-A-A0A0A-Y,Fluxys Belgium,ITP-00112,Eynatten 1 (BE) // Lichtenbusch / Raeren (DE),21Z0000000000155,entry,kWh/h,,,0,2022-02-27T02:11:08+01:00,,Confirmed,,,,,True,,,True,PRISMA,,https://platform.prisma-capacity.eu/,,Cross-Border Transmission IP within EU,0,False
1Physical Flowhour2022-01-18 17:00:00 +00:002022-01-18 18:00:00 +00:00BE-TSO-0001ITP-00112entrykWh/h,1,Physical Flow,hour,2022-01-18T18:00:00+01:00,2022-01-18T19:00:00+01:00,BE-TSO-0001,21X-BE-A-A0A0A-Y,Fluxys Belgium,ITP-00112,Eynatten 1 (BE) // Lichtenbusch / Raeren (DE),21Z0000000000155,entry,kWh/h,,,0,2022-02-27T02:11:08+01:00,,Confirmed,,,,,True,,,True,PRISMA,,https://platform.prisma-capacity.eu/,,Cross-Border Transmission IP within EU,0,False
1Physical Flowhour2022-01-18 18:00:00 +00:002022-01-18 19:00:00 +00:00BE-TSO-0001ITP-00112entrykWh/h,1,Physical Flow,hour,2022-01-18T19:00:00+01:00,2022-01-18T20:00:00+01:00,BE-TSO-0001,21X-BE-A-A0A0A-Y,Fluxys Belgium,ITP-00112,Eynatten 1 (BE) // Lichtenbusch / Raeren (DE),21Z0000000000155,entry,kWh/h,,,0,2022-02-27T02:11:08+01:00,,Confirmed,,,,,True,,,True,PRISMA,,https://platform.prisma-capacity.eu/,,Cross-Border Transmission IP within EU,0,False
1Physical Flowhour2022-01-18 19:00:00 +00:002022-01-18 20:00:00 +00:00BE-TSO-0001ITP-00112entrykWh/h,1,Physical Flow,hour,2022-01-18T20:00:00+01:00,2022-01-18T21:00:00+01:00,BE-TSO-0001,21X-BE-A-A0A0A-Y,Fluxys Belgium,ITP-00112,Eynatten 1 (BE) // Lichtenbusch / Raeren (DE),21Z0000000000155,entry,kWh/h,,,0,2022-02-27T02:11:08+01:00,,Confirmed,,,,,True,,,True,PRISMA,,https://platform.prisma-capacity.eu/,,Cross-Border Transmission IP within EU,0,False
1Physical Flowhour2022-01-18 20:00:00 +00:002022-01-18 21:00:00 +00:00BE-TSO-0001ITP-00112entrykWh/h,1,Physical Flow,hour,2022-01-18T21:00:00+01:00,2022-01-18T22:00:00+01:00,BE-TSO-0001,21X-BE-A-A0A0A-Y,Fluxys Belgium,ITP-00112,Eynatten 1 (BE) // Lichtenbusch / Raeren (DE),21Z0000000000155,entry,kWh/h,,,0,2022-02-27T02:11:08+01:00,,Confirmed,,,,,True,,,True,PRISMA,,https://platform.prisma-capacity.eu/,,Cross-Border Transmission IP within EU,0,False
1Physical Flowhour2022-01-18 21:00:00 +00:002022-01-18 22:00:00 +00:00BE-TSO-0001ITP-00112entrykWh/h,1,Physical Flow,hour,2022-01-18T22:00:00+01:00,2022-01-18T23:00:00+01:00,BE-TSO-0001,21X-BE-A-A0A0A-Y,Fluxys Belgium,ITP-00112,Eynatten 1 (BE) // Lichtenbusch / Raeren (DE),21Z0000000000155,entry,kWh/h,,,0,2022-02-27T02:11:08+01:00,,Confirmed,,,,,True,,,True,PRISMA,,https://platform.prisma-capacity.eu/,,Cross-Border Transmission IP within EU,0,False
1Physical Flowhour2022-01-18 22:00:00 +00:002022-01-18 23:00:00 +00:00BE-TSO-0001ITP-00112entrykWh/h,1,Physical Flow,hour,2022-01-18T23:00:00+01:00,2022-01-19T00:00:00+01:00,BE-TSO-0001,21X-BE-A-A0A0A-Y,Fluxys Belgium,ITP-00112,Eynatten 1 (BE) // Lichtenbusch / Raeren (DE),21Z0000000000155,entry,kWh/h,,,0,2022-02-27T02:11:08+01:00,,Confirmed,,,,,True,,,True,PRISMA,,https://platform.prisma-capacity.eu/,,Cross-Border Transmission IP within EU,0,False
1Physical Flowhour2022-01-18 23:00:00 +00:002022-01-19 00:00:00 +00:00BE-TSO-0001ITP-00112entrykWh/h,1,Physical Flow,hour,2022-01-19T00:00:00+01:00,2022-01-19T01:00:00+01:00,BE-TSO-0001,21X-BE-A-A0A0A-Y,Fluxys Belgium,ITP-00112,Eynatten 1 (BE) // Lichtenbusch / Raeren (DE),21Z0000000000155,entry,kWh/h,,,0,2022-02-27T02:11:08+01:00,,Confirmed,,,,,True,,,True,PRISMA,,https://platform.prisma-capacity.eu/,,Cross-Border Transmission IP within EU,0,False
1Physical Flowhour2022-01-19 00:00:00 +00:002022-01-19 01:00:00 +00:00BE-TSO-0001ITP-00112entrykWh/h,1,Physical Flow,hour,2022-01-19T01:00:00+01:00,2022-01-19T02:00:00+01:00,BE-TSO-0001,21X-BE-A-A0A0A-Y,Fluxys Belgium,ITP-00112,Eynatten 1 (BE) // Lichtenbusch / Raeren (DE),21Z0000000000155,entry,kWh/h,,,0,2022-02-27T02:11:08+01:00,,Confirmed,,,,,True,,,True,PRISMA,,https://platform.prisma-capacity.eu/,,Cross-Border Transmission IP within EU,0,False
1Physical Flowhour2022-01-19 01:00:00 +00:002022-01-19 02:00:00 +00:00BE-TSO-0001ITP-00112entrykWh/h,1,Physical Flow,hour,2022-01-19T02:00:00+01:00,2022-01-19T03:00:00+01:00,BE-TSO-0001,21X-BE-A-A0A0A-Y,Fluxys Belgium,ITP-00112,Eynatten 1 (BE) // Lichtenbusch / Raeren (DE),21Z0000000000155,entry,kWh/h,,,0,2022-02-27T02:11:08+01:00,,Confirmed,,,,,True,,,True,PRISMA,,https://platform.prisma-capacity.eu/,,Cross-Border Transmission IP within EU,0,False
1Physical Flowhour2022-01-19 02:00:00 +00:002022-01-19 03:00:00 +00:00BE-TSO-0001ITP-00112entrykWh/h,1,Physical Flow,hour,2022-01-19T03:00:00+01:00,2022-01-19T04:00:00+01:00,BE-TSO-0001,21X-BE-A-A0A0A-Y,Fluxys Belgium,ITP-00112,Eynatten 1 (BE) // Lichtenbusch / Raeren (DE),21Z0000000000155,entry,kWh/h,,,0,2022-02-27T02:11:08+01:00,,Confirmed,,,,,True,,,True,PRISMA,,https://platform.prisma-capacity.eu/,,Cross-Border Transmission IP within EU,0,False
1Physical Flowhour2022-01-19 03:00:00 +00:002022-01-19 04:00:00 +00:00BE-TSO-0001ITP-00112entrykWh/h,1,Physical Flow,hour,2022-01-19T04:00:00+01:00,2022-01-19T05:00:00+01:00,BE-TSO-0001,21X-BE-A-A0A0A-Y,Fluxys Belgium,ITP-00112,Eynatten 1 (BE) // Lichtenbusch / Raeren (DE),21Z0000000000155,entry,kWh/h,,,0,2022-02-27T02:11:08+01:00,,Confirmed,,,,,True,,,True,PRISMA,,https://platform.prisma-capacity.eu/,,Cross-Border Transmission IP within EU,0,False
1Physical Flowhour2022-01-19 04:00:00 +00:002022-01-19 05:00:00 +00:00BE-TSO-0001ITP-00112entrykWh/h,1,Physical Flow,hour,2022-01-19T05:00:00+01:00,2022-01-19T06:00:00+01:00,BE-TSO-0001,21X-BE-A-A0A0A-Y,Fluxys Belgium,ITP-00112,Eynatten 1 (BE) // Lichtenbusch / Raeren (DE),21Z0000000000155,entry,kWh/h,,,0,2022-02-27T02:11:08+01:00,,Confirmed,,,,,True,,,True,PRISMA,,https://platform.prisma-capacity.eu/,,Cross-Border Transmission IP within EU,0,False
1Physical Flowhour2022-01-19 05:00:00 +00:002022-01-19 06:00:00 +00:00BE-TSO-0001ITP-00112entrykWh/h,1,Physical Flow,hour,2022-01-19T06:00:00+01:00,2022-01-19T07:00:00+01:00,BE-TSO-0001,21X-BE-A-A0A0A-Y,Fluxys Belgium,ITP-00112,Eynatten 1 (BE) // Lichtenbusch / Raeren (DE),21Z0000000000155,entry,kWh/h,,,0,2022-02-27T02:11:08+01:00,,Confirmed,,,,,True,,,True,PRISMA,,https://platform.prisma-capacity.eu/,,Cross-Border Transmission IP within EU,0,False
1Physical Flowhour2022-01-19 06:00:00 +00:002022-01-19 07:00:00 +00:00BE-TSO-0001ITP-00112entrykWh/h,1,Physical Flow,hour,2022-01-19T07:00:00+01:00,2022-01-19T08:00:00+01:00,BE-TSO-0001,21X-BE-A-A0A0A-Y,Fluxys Belgium,ITP-00112,Eynatten 1 (BE) // Lichtenbusch / Raeren (DE),21Z0000000000155,entry,kWh/h,,,0,2022-02-27T02:11:08+01:00,,Confirmed,,,,,True,,,True,PRISMA,,https://platform.prisma-capacity.eu/,,Cross-Border Transmission IP within EU,0,False
1Physical Flowhour2022-01-19 07:00:00 +00:002022-01-19 08:00:00 +00:00BE-TSO-0001ITP-00112entrykWh/h,1,Physical Flow,hour,2022-01-19T08:00:00+01:00,2022-01-19T09:00:00+01:00,BE-TSO-0001,21X-BE-A-A0A0A-Y,Fluxys Belgium,ITP-00112,Eynatten 1 (BE) // Lichtenbusch / Raeren (DE),21Z0000000000155,entry,kWh/h,,,0,2022-02-27T02:11:08+01:00,,Confirmed,,,,,True,,,True,PRISMA,,https://platform.prisma-capacity.eu/,,Cross-Border Transmission IP within EU,0,False
1Physical Flowhour2022-01-19 08:00:00 +00:002022-01-19 09:00:00 +00:00BE-TSO-0001ITP-00112entrykWh/h,1,Physical Flow,hour,2022-01-19T09:00:00+01:00,2022-01-19T10:00:00+01:00,BE-TSO-0001,21X-BE-A-A0A0A-Y,Fluxys Belgium,ITP-00112,Eynatten 1 (BE) // Lichtenbusch / Raeren (DE),21Z0000000000155,entry,kWh/h,,,0,2022-02-27T02:11:08+01:00,,Confirmed,,,,,True,,,True,PRISMA,,https://platform.prisma-capacity.eu/,,Cross-Border Transmission IP within EU,0,False
1Physical Flowhour2022-01-19 09:00:00 +00:002022-01-19 10:00:00 +00:00BE-TSO-0001ITP-00112entrykWh/h,1,Physical Flow,hour,2022-01-19T10:00:00+01:00,2022-01-19T11:00:00+01:00,BE-TSO-0001,21X-BE-A-A0A0A-Y,Fluxys Belgium,ITP-00112,Eynatten 1 (BE) // Lichtenbusch / Raeren (DE),21Z0000000000155,entry,kWh/h,,,0,2022-02-27T02:11:08+01:00,,Confirmed,,,,,True,,,True,PRISMA,,https://platform.prisma-capacity.eu/,,Cross-Border Transmission IP within EU,0,False
1Physical Flowhour2022-01-19 10:00:00 +00:002022-01-19 11:00:00 +00:00BE-TSO-0001ITP-00112entrykWh/h,1,Physical Flow,hour,2022-01-19T11:00:00+01:00,2022-01-19T12:00:00+01:00,BE-TSO-0001,21X-BE-A-A0A0A-Y,Fluxys Belgium,ITP-00112,Eynatten 1 (BE) // Lichtenbusch / Raeren (DE),21Z0000000000155,entry,kWh/h,,,0,2022-02-27T02:11:08+01:00,,Confirmed,,,,,True,,,True,PRISMA,,https://platform.prisma-capacity.eu/,,Cross-Border Transmission IP within EU,0,False
1Physical Flowhour2022-01-19 11:00:00 +00:002022-01-19 12:00:00 +00:00BE-TSO-0001ITP-00112entrykWh/h,1,Physical Flow,hour,2022-01-19T12:00:00+01:00,2022-01-19T13:00:00+01:00,BE-TSO-0001,21X-BE-A-A0A0A-Y,Fluxys Belgium,ITP-00112,Eynatten 1 (BE) // Lichtenbusch / Raeren (DE),21Z0000000000155,entry,kWh/h,,,0,2022-02-27T02:11:08+01:00,,Confirmed,,,,,True,,,True,PRISMA,,https://platform.prisma-capacity.eu/,,Cross-Border Transmission IP within EU,0,False
1Physical Flowhour2022-01-19 12:00:00 +00:002022-01-19 13:00:00 +00:00BE-TSO-0001ITP-00112entrykWh/h,1,Physical Flow,hour,2022-01-19T13:00:00+01:00,2022-01-19T14:00:00+01:00,BE-TSO-0001,21X-BE-A-A0A0A-Y,Fluxys Belgium,ITP-00112,Eynatten 1 (BE) // Lichtenbusch / Raeren (DE),21Z0000000000155,entry,kWh/h,,,0,2022-02-27T02:11:08+01:00,,Confirmed,,,,,True,,,True,PRISMA,,https://platform.prisma-capacity.eu/,,Cross-Border Transmission IP within EU,0,False
1Physical Flowhour2022-01-19 13:00:00 +00:002022-01-19 14:00:00 +00:00BE-TSO-0001ITP-00112entrykWh/h,1,Physical Flow,hour,2022-01-19T14:00:00+01:00,2022-01-19T15:00:00+01:00,BE-TSO-0001,21X-BE-A-A0A0A-Y,Fluxys Belgium,ITP-00112,Eynatten 1 (BE) // Lichtenbusch / Raeren (DE),21Z0000000000155,entry,kWh/h,,,0,2022-02-27T02:11:08+01:00,,Confirmed,,,,,True,,,True,PRISMA,,https://platform.prisma-capacity.eu/,,Cross-Border Transmission IP within EU,0,False
1Physical Flowhour2022-01-19 14:00:00 +00:002022-01-19 15:00:00 +00:00BE-TSO-0001ITP-00112entrykWh/h,1,Physical Flow,hour,2022-01-19T15:00:00+01:00,2022-01-19T16:00:00+01:00,BE-TSO-0001,21X-BE-A-A0A0A-Y,Fluxys Belgium,ITP-00112,Eynatten 1 (BE) // Lichtenbusch / Raeren (DE),21Z0000000000155,entry,kWh/h,,,0,2022-02-27T02:11:08+01:00,,Confirmed,,,,,True,,,True,PRISMA,,https://platform.prisma-capacity.eu/,,Cross-Border Transmission IP within EU,0,False
1Physical Flowhour2022-01-19 15:00:00 +00:002022-01-19 16:00:00 +00:00BE-TSO-0001ITP-00112entrykWh/h,1,Physical Flow,hour,2022-01-19T16:00:00+01:00,2022-01-19T17:00:00+01:00,BE-TSO-0001,21X-BE-A-A0A0A-Y,Fluxys Belgium,ITP-00112,Eynatten 1 (BE) // Lichtenbusch / Raeren (DE),21Z0000000000155,entry,kWh/h,,,0,2022-02-27T02:11:08+01:00,,Confirmed,,,,,True,,,True,PRISMA,,https://platform.prisma-capacity.eu/,,Cross-Border Transmission IP within EU,0,False
1Physical Flowhour2022-01-19 16:00:00 +00:002022-01-19 17:00:00 +00:00BE-TSO-0001ITP-00112entrykWh/h,1,Physical Flow,hour,2022-01-19T17:00:00+01:00,2022-01-19T18:00:00+01:00,BE-TSO-0001,21X-BE-A-A0A0A-Y,Fluxys Belgium,ITP-00112,Eynatten 1 (BE) // Lichtenbusch / Raeren (DE),21Z0000000000155,entry,kWh/h,,,0,2022-02-27T02:11:08+01:00,,Confirmed,,,,,True,,,True,PRISMA,,https://platform.prisma-capacity.eu/,,Cross-Border Transmission IP within EU,0,False
1Physical Flowhour2022-01-19 17:00:00 +00:002022-01-19 18:00:00 +00:00BE-TSO-0001ITP-00112entrykWh/h,1,Physical Flow,hour,2022-01-19T18:00:00+01:00,2022-01-19T19:00:00+01:00,BE-TSO-0001,21X-BE-A-A0A0A-Y,Fluxys Belgium,ITP-00112,Eynatten 1 (BE) // Lichtenbusch / Raeren (DE),21Z0000000000155,entry,kWh/h,,,0,2022-02-27T02:11:08+01:00,,Confirmed,,,,,True,,,True,PRISMA,,https://platform.prisma-capacity.eu/,,Cross-Border Transmission IP within EU,0,False
1Physical Flowhour2022-01-19 18:00:00 +00:002022-01-19 19:00:00 +00:00BE-TSO-0001ITP-00112entrykWh/h,1,Physical Flow,hour,2022-01-19T19:00:00+01:00,2022-01-19T20:00:00+01:00,BE-TSO-0001,21X-BE-A-A0A0A-Y,Fluxys Belgium,ITP-00112,Eynatten 1 (BE) // Lichtenbusch / Raeren (DE),21Z0000000000155,entry,kWh/h,,,0,2022-02-27T02:11:08+01:00,,Confirmed,,,,,True,,,True,PRISMA,,https://platform.prisma-capacity.eu/,,Cross-Border Transmission IP within EU,0,False
1Physical Flowhour2022-01-19 19:00:00 +00:002022-01-19 20:00:00 +00:00BE-TSO-0001ITP-00112entrykWh/h,1,Physical Flow,hour,2022-01-19T20:00:00+01:00,2022-01-19T21:00:00+01:00,BE-TSO-0001,21X-BE-A-A0A0A-Y,Fluxys Belgium,ITP-00112,Eynatten 1 (BE) // Lichtenbusch / Raeren (DE),21Z0000000000155,entry,kWh/h,,,0,2022-02-27T02:11:08+01:00,,Confirmed,,,,,True,,,True,PRISMA,,https://platform.prisma-capacity.eu/,,Cross-Border Transmission IP within EU,0,False
1Physical Flowhour2022-01-19 20:00:00 +00:002022-01-19 21:00:00 +00:00BE-TSO-0001ITP-00112entrykWh/h,1,Physical Flow,hour,2022-01-19T21:00:00+01:00,2022-01-19T22:00:00+01:00,BE-TSO-0001,21X-BE-A-A0A0A-Y,Fluxys Belgium,ITP-00112,Eynatten 1 (BE) // Lichtenbusch / Raeren (DE),21Z0000000000155,entry,kWh/h,,,0,2022-02-27T02:11:08+01:00,,Confirmed,,,,,True,,,True,PRISMA,,https://platform.prisma-capacity.eu/,,Cross-Border Transmission IP within EU,0,False
1Physical Flowhour2022-01-19 21:00:00 +00:002022-01-19 22:00:00 +00:00BE-TSO-0001ITP-00112entrykWh/h,1,Physical Flow,hour,2022-01-19T22:00:00+01:00,2022-01-19T23:00:00+01:00,BE-TSO-0001,21X-BE-A-A0A0A-Y,Fluxys Belgium,ITP-00112,Eynatten 1 (BE) // Lichtenbusch / Raeren (DE),21Z0000000000155,entry,kWh/h,,,0,2022-02-27T02:11:08+01:00,,Confirmed,,,,,True,,,True,PRISMA,,https://platform.prisma-capacity.eu/,,Cross-Border Transmission IP within EU,0,False
1Physical Flowhour2022-01-19 22:00:00 +00:002022-01-19 23:00:00 +00:00BE-TSO-0001ITP-00112entrykWh/h,1,Physical Flow,hour,2022-01-19T23:00:00+01:00,2022-01-20T00:00:00+01:00,BE-TSO-0001,21X-BE-A-A0A0A-Y,Fluxys Belgium,ITP-00112,Eynatten 1 (BE) // Lichtenbusch / Raeren (DE),21Z0000000000155,entry,kWh/h,,,0,2022-02-27T02:11:08+01:00,,Confirmed,,,,,True,,,True,PRISMA,,https://platform.prisma-capacity.eu/,,Cross-Border Transmission IP within EU,0,False
1Physical Flowhour2022-01-19 23:00:00 +00:002022-01-20 00:00:00 +00:00BE-TSO-0001ITP-00112entrykWh/h,1,Physical Flow,hour,2022-01-20T00:00:00+01:00,2022-01-20T01:00:00+01:00,BE-TSO-0001,21X-BE-A-A0A0A-Y,Fluxys Belgium,ITP-00112,Eynatten 1 (BE) // Lichtenbusch / Raeren (DE),21Z0000000000155,entry,kWh/h,,,0,2022-02-27T02:11:08+01:00,,Confirmed,,,,,True,,,True,PRISMA,,https://platform.prisma-capacity.eu/,,Cross-Border Transmission IP within EU,0,False
1Physical Flowhour2022-01-20 00:00:00 +00:002022-01-20 01:00:00 +00:00BE-TSO-0001ITP-00112entrykWh/h,1,Physical Flow,hour,2022-01-20T01:00:00+01:00,2022-01-20T02:00:00+01:00,BE-TSO-0001,21X-BE-A-A0A0A-Y,Fluxys Belgium,ITP-00112,Eynatten 1 (BE) // Lichtenbusch / Raeren (DE),21Z0000000000155,entry,kWh/h,,,0,2022-02-27T02:11:08+01:00,,Confirmed,,,,,True,,,True,PRISMA,,https://platform.prisma-capacity.eu/,,Cross-Border Transmission IP within EU,0,False
1Physical Flowhour2022-01-20 01:00:00 +00:002022-01-20 02:00:00 +00:00BE-TSO-0001ITP-00112entrykWh/h,1,Physical Flow,hour,2022-01-20T02:00:00+01:00,2022-01-20T03:00:00+01:00,BE-TSO-0001,21X-BE-A-A0A0A-Y,Fluxys Belgium,ITP-00112,Eynatten 1 (BE) // Lichtenbusch / Raeren (DE),21Z0000000000155,entry,kWh/h,,,0,2022-02-27T02:11:08+01:00,,Confirmed,,,,,True,,,True,PRISMA,,https://platform.prisma-capacity.eu/,,Cross-Border Transmission IP within EU,0,False
1Physical Flowhour2022-01-20 02:00:00 +00:002022-01-20 03:00:00 +00:00BE-TSO-0001ITP-00112entrykWh/h,1,Physical Flow,hour,2022-01-20T03:00:00+01:00,2022-01-20T04:00:00+01:00,BE-TSO-0001,21X-BE-A-A0A0A-Y,Fluxys Belgium,ITP-00112,Eynatten 1 (BE) // Lichtenbusch / Raeren (DE),21Z0000000000155,entry,kWh/h,,,0,2022-02-27T02:11:08+01:00,,Confirmed,,,,,True,,,True,PRISMA,,https://platform.prisma-capacity.eu/,,Cross-Border Transmission IP within EU,0,False
1Physical Flowhour2022-01-20 03:00:00 +00:002022-01-20 04:00:00 +00:00BE-TSO-0001ITP-00112entrykWh/h,1,Physical Flow,hour,2022-01-20T04:00:00+01:00,2022-01-20T05:00:00+01:00,BE-TSO-0001,21X-BE-A-A0A0A-Y,Fluxys Belgium,ITP-00112,Eynatten 1 (BE) // Lichtenbusch / Raeren (DE),21Z0000000000155,entry,kWh/h,,,0,2022-02-27T02:11:08+01:00,,Confirmed,,,,,True,,,True,PRISMA,,https://platform.prisma-capacity.eu/,,Cross-Border Transmission IP within EU,0,False
1Physical Flowhour2022-01-20 04:00:00 +00:002022-01-20 05:00:00 +00:00BE-TSO-0001ITP-00112entrykWh/h,1,Physical Flow,hour,2022-01-20T05:00:00+01:00,2022-01-20T06:00:00+01:00,BE-TSO-0001,21X-BE-A-A0A0A-Y,Fluxys Belgium,ITP-00112,Eynatten 1 (BE) // Lichtenbusch / Raeren (DE),21Z0000000000155,entry,kWh/h,,,0,2022-02-27T02:11:08+01:00,,Confirmed,,,,,True,,,True,PRISMA,,https://platform.prisma-capacity.eu/,,Cross-Border Transmission IP within EU,0,False
1Physical Flowhour2022-01-20 05:00:00 +00:002022-01-20 06:00:00 +00:00BE-TSO-0001ITP-00112entrykWh/h,1,Physical Flow,hour,2022-01-20T06:00:00+01:00,2022-01-20T07:00:00+01:00,BE-TSO-0001,21X-BE-A-A0A0A-Y,Fluxys Belgium,ITP-00112,Eynatten 1 (BE) // Lichtenbusch / Raeren (DE),21Z0000000000155,entry,kWh/h,,,0,2022-02-27T02:11:08+01:00,,Confirmed,,,,,True,,,True,PRISMA,,https://platform.prisma-capacity.eu/,,Cross-Border Transmission IP within EU,0,False
1Physical Flowhour2022-01-20 06:00:00 +00:002022-01-20 07:00:00 +00:00BE-TSO-0001ITP-00112entrykWh/h,1,Physical Flow,hour,2022-01-20T07:00:00+01:00,2022-01-20T08:00:00+01:00,BE-TSO-0001,21X-BE-A-A0A0A-Y,Fluxys Belgium,ITP-00112,Eynatten 1 (BE) // Lichtenbusch / Raeren (DE),21Z0000000000155,entry,kWh/h,,,0,2022-02-27T02:11:08+01:00,,Confirmed,,,,,True,,,True,PRISMA,,https://platform.prisma-capacity.eu/,,Cross-Border Transmission IP within EU,0,False
1Physical Flowhour2022-01-20 07:00:00 +00:002022-01-20 08:00:00 +00:00BE-TSO-0001ITP-00112entrykWh/h,1,Physical Flow,hour,2022-01-20T08:00:00+01:00,2022-01-20T09:00:00+01:00,BE-TSO-0001,21X-BE-A-A0A0A-Y,Fluxys Belgium,ITP-00112,Eynatten 1 (BE) // Lichtenbusch / Raeren (DE),21Z0000000000155,entry,kWh/h,,,0,2022-02-27T02:11:08+01:00,,Confirmed,,,,,True,,,True,PRISMA,,https://platform.prisma-capacity.eu/,,Cross-Border Transmission IP within EU,0,False
1Physical Flowhour2022-01-20 08:00:00 +00:002022-01-20 09:00:00 +00:00BE-TSO-0001ITP-00112entrykWh/h,1,Physical Flow,hour,2022-01-20T09:00:00+01:00,2022-01-20T10:00:00+01:00,BE-TSO-0001,21X-BE-A-A0A0A-Y,Fluxys Belgium,ITP-00112,Eynatten 1 (BE) // Lichtenbusch / Raeren (DE),21Z0000000000155,entry,kWh/h,,,0,2022-02-27T02:11:08+01:00,,Confirmed,,,,,True,,,True,PRISMA,,https://platform.prisma-capacity.eu/,,Cross-Border Transmission IP within EU,0,False
1Physical Flowhour2022-01-20 09:00:00 +00:002022-01-20 10:00:00 +00:00BE-TSO-0001ITP-00112entrykWh/h,1,Physical Flow,hour,2022-01-20T10:00:00+01:00,2022-01-20T11:00:00+01:00,BE-TSO-0001,21X-BE-A-A0A0A-Y,Fluxys Belgium,ITP-00112,Eynatten 1 (BE) // Lichtenbusch / Raeren (DE),21Z0000000000155,entry,kWh/h,,,0,2022-02-27T02:11:08+01:00,,Confirmed,,,,,True,,,True,PRISMA,,https://platform.prisma-capacity.eu/,,Cross-Border Transmission IP within EU,0,False
1Physical Flowhour2022-01-20 10:00:00 +00:002022-01-20 11:00:00 +00:00BE-TSO-0001ITP-00112entrykWh/h,1,Physical Flow,hour,2022-01-20T11:00:00+01:00,2022-01-20T12:00:00+01:00,BE-TSO-0001,21X-BE-A-A0A0A-Y,Fluxys Belgium,ITP-00112,Eynatten 1 (BE) // Lichtenbusch / Raeren (DE),21Z0000000000155,entry,kWh/h,,,0,2022-02-27T02:11:08+01:00,,Confirmed,,,,,True,,,True,PRISMA,,https://platform.prisma-capacity.eu/,,Cross-Border Transmission IP within EU,0,False
1Physical Flowhour2022-01-20 11:00:00 +00:002022-01-20 12:00:00 +00:00BE-TSO-0001ITP-00112entrykWh/h,1,Physical Flow,hour,2022-01-20T12:00:00+01:00,2022-01-20T13:00:00+01:00,BE-TSO-0001,21X-BE-A-A0A0A-Y,Fluxys Belgium,ITP-00112,Eynatten 1 (BE) // Lichtenbusch / Raeren (DE),21Z0000000000155,entry,kWh/h,,,0,2022-02-27T02:11:08+01:00,,Confirmed,,,,,True,,,True,PRISMA,,https://platform.prisma-capacity.eu/,,Cross-Border Transmission IP within EU,0,False
1Physical Flowhour2022-01-20 12:00:00 +00:002022-01-20 13:00:00 +00:00BE-TSO-0001ITP-00112entrykWh/h,1,Physical Flow,hour,2022-01-20T13:00:00+01:00,2022-01-20T14:00:00+01:00,BE-TSO-0001,21X-BE-A-A0A0A-Y,Fluxys Belgium,ITP-00112,Eynatten 1 (BE) // Lichtenbusch / Raeren (DE),21Z0000000000155,entry,kWh/h,,,0,2022-02-27T02:11:08+01:00,,Confirmed,,,,,True,,,True,PRISMA,,https://platform.prisma-capacity.eu/,,Cross-Border Transmission IP within EU,0,False
1Physical Flowhour2022-01-20 13:00:00 +00:002022-01-20 14:00:00 +00:00BE-TSO-0001ITP-00112entrykWh/h,1,Physical Flow,hour,2022-01-20T14:00:00+01:00,2022-01-20T15:00:00+01:00,BE-TSO-0001,21X-BE-A-A0A0A-Y,Fluxys Belgium,ITP-00112,Eynatten 1 (BE) // Lichtenbusch / Raeren (DE),21Z0000000000155,entry,kWh/h,,,0,2022-02-27T02:11:08+01:00,,Confirmed,,,,,True,,,True,PRISMA,,https://platform.prisma-capacity.eu/,,Cross-Border Transmission IP within EU,0,False
1Physical Flowhour2022-01-20 14:00:00 +00:002022-01-20 15:00:00 +00:00BE-TSO-0001ITP-00112entrykWh/h,1,Physical Flow,hour,2022-01-20T15:00:00+01:00,2022-01-20T16:00:00+01:00,BE-TSO-0001,21X-BE-A-A0A0A-Y,Fluxys Belgium,ITP-00112,Eynatten 1 (BE) // Lichtenbusch / Raeren (DE),21Z0000000000155,entry,kWh/h,,,0,2022-02-27T02:11:08+01:00,,Confirmed,,,,,True,,,True,PRISMA,,https://platform.prisma-capacity.eu/,,Cross-Border Transmission IP within EU,0,False
1Physical Flowhour2022-01-20 15:00:00 +00:002022-01-20 16:00:00 +00:00BE-TSO-0001ITP-00112entrykWh/h,1,Physical Flow,hour,2022-01-20T16:00:00+01:00,2022-01-20T17:00:00+01:00,BE-TSO-0001,21X-BE-A-A0A0A-Y,Fluxys Belgium,ITP-00112,Eynatten 1 (BE) // Lichtenbusch / Raeren (DE),21Z0000000000155,entry,kWh/h,,,0,2022-02-27T02:11:08+01:00,,Confirmed,,,,,True,,,True,PRISMA,,https://platform.prisma-capacity.eu/,,Cross-Border Transmission IP within EU,0,False
1Physical Flowhour2022-01-20 16:00:00 +00:002022-01-20 17:00:00 +00:00BE-TSO-0001ITP-00112entrykWh/h,1,Physical Flow,hour,2022-01-20T17:00:00+01:00,2022-01-20T18:00:00+01:00,BE-TSO-0001,21X-BE-A-A0A0A-Y,Fluxys Belgium,ITP-00112,Eynatten 1 (BE) // Lichtenbusch / Raeren (DE),21Z0000000000155,entry,kWh/h,,,0,2022-02-27T02:11:08+01:00,,Confirmed,,,,,True,,,True,PRISMA,,https://platform.prisma-capacity.eu/,,Cross-Border Transmission IP within EU,0,False
1Physical Flowhour2022-01-20 17:00:00 +00:002022-01-20 18:00:00 +00:00BE-TSO-0001ITP-00112entrykWh/h,1,Physical Flow,hour,2022-01-20T18:00:00+01:00,2022-01-20T19:00:00+01:00,BE-TSO-0001,21X-BE-A-A0A0A-Y,Fluxys Belgium,ITP-00112,Eynatten 1 (BE) // Lichtenbusch / Raeren (DE),21Z0000000000155,entry,kWh/h,,,0,2022-02-27T02:11:08+01:00,,Confirmed,,,,,True,,,True,PRISMA,,https://platform.prisma-capacity.eu/,,Cross-Border Transmission IP within EU,0,False
1Physical Flowhour2022-01-20 18:00:00 +00:002022-01-20 19:00:00 +00:00BE-TSO-0001ITP-00112entrykWh/h,1,Physical Flow,hour,2022-01-20T19:00:00+01:00,2022-01-20T20:00:00+01:00,BE-TSO-0001,21X-BE-A-A0A0A-Y,Fluxys Belgium,ITP-00112,Eynatten 1 (BE) // Lichtenbusch / Raeren (DE),21Z0000000000155,entry,kWh/h,,,0,2022-02-27T02:11:08+01:00,,Confirmed,,,,,True,,,True,PRISMA,,https://platform.prisma-capacity.eu/,,Cross-Border Transmission IP within EU,0,False
1Physical Flowhour2022-01-20 19:00:00 +00:002022-01-20 20:00:00 +00:00BE-TSO-0001ITP-00112entrykWh/h,1,Physical Flow,hour,2022-01-20T20:00:00+01:00,2022-01-20T21:00:00+01:00,BE-TSO-0001,21X-BE-A-A0A0A-Y,Fluxys Belgium,ITP-00112,Eynatten 1 (BE) // Lichtenbusch / Raeren (DE),21Z0000000000155,entry,kWh/h,,,0,2022-02-27T02:11:08+01:00,,Confirmed,,,,,True,,,True,PRISMA,,https://platform.prisma-capacity.eu/,,Cross-Border Transmission IP within EU,0,False
1Physical Flowhour2022-01-20 20:00:00 +00:002022-01-20 21:00:00 +00:00BE-TSO-0001ITP-00112entrykWh/h,1,Physical Flow,hour,2022-01-20T21:00:00+01:00,2022-01-20T22:00:00+01:00,BE-TSO-0001,21X-BE-A-A0A0A-Y,Fluxys Belgium,ITP-00112,Eynatten 1 (BE) // Lichtenbusch / Raeren (DE),21Z0000000000155,entry,kWh/h,,,0,2022-02-27T02:11:08+01:00,,Confirmed,,,,,True,,,True,PRISMA,,https://platform.prisma-capacity.eu/,,Cross-Border Transmission IP within EU,0,False
1Physical Flowhour2022-01-20 21:00:00 +00:002022-01-20 22:00:00 +00:00BE-TSO-0001ITP-00112entrykWh/h,1,Physical Flow,hour,2022-01-20T22:00:00+01:00,2022-01-20T23:00:00+01:00,BE-TSO-0001,21X-BE-A-A0A0A-Y,Fluxys Belgium,ITP-00112,Eynatten 1 (BE) // Lichtenbusch / Raeren (DE),21Z0000000000155,entry,kWh/h,,,0,2022-02-27T02:11:08+01:00,,Confirmed,,,,,True,,,True,PRISMA,,https://platform.prisma-capacity.eu/,,Cross-Border Transmission IP within EU,0,False
1Physical Flowhour2022-01-20 22:00:00 +00:002022-01-20 23:00:00 +00:00BE-TSO-0001ITP-00112entrykWh/h,1,Physical Flow,hour,2022-01-20T23:00:00+01:00,2022-01-21T00:00:00+01:00,BE-TSO-0001,21X-BE-A-A0A0A-Y,Fluxys Belgium,ITP-00112,Eynatten 1 (BE) // Lichtenbusch / Raeren (DE),21Z0000000000155,entry,kWh/h,,,0,2022-02-27T02:11:08+01:00,,Confirmed,,,,,True,,,True,PRISMA,,https://platform.prisma-capacity.eu/,,Cross-Border Transmission IP within EU,0,False
1Physical Flowhour2022-01-20 23:00:00 +00:002022-01-21 00:00:00 +00:00BE-TSO-0001ITP-00112entrykWh/h,1,Physical Flow,hour,2022-01-21T00:00:00+01:00,2022-01-21T01:00:00+01:00,BE-TSO-0001,21X-BE-A-A0A0A-Y,Fluxys Belgium,ITP-00112,Eynatten 1 (BE) // Lichtenbusch / Raeren (DE),21Z0000000000155,entry,kWh/h,,,0,2022-02-27T02:11:08+01:00,,Confirmed,,,,,True,,,True,PRISMA,,https://platform.prisma-capacity.eu/,,Cross-Border Transmission IP within EU,0,False
1Physical Flowhour2022-01-21 00:00:00 +00:002022-01-21 01:00:00 +00:00BE-TSO-0001ITP-00112entrykWh/h,1,Physical Flow,hour,2022-01-21T01:00:00+01:00,2022-01-21T02:00:00+01:00,BE-TSO-0001,21X-BE-A-A0A0A-Y,Fluxys Belgium,ITP-00112,Eynatten 1 (BE) // Lichtenbusch / Raeren (DE),21Z0000000000155,entry,kWh/h,,,0,2022-02-27T02:11:08+01:00,,Confirmed,,,,,True,,,True,PRISMA,,https://platform.prisma-capacity.eu/,,Cross-Border Transmission IP within EU,0,False
1Physical Flowhour2022-01-21 01:00:00 +00:002022-01-21 02:00:00 +00:00BE-TSO-0001ITP-00112entrykWh/h,1,Physical Flow,hour,2022-01-21T02:00:00+01:00,2022-01-21T03:00:00+01:00,BE-TSO-0001,21X-BE-A-A0A0A-Y,Fluxys Belgium,ITP-00112,Eynatten 1 (BE) // Lichtenbusch / Raeren (DE),21Z0000000000155,entry,kWh/h,,,0,2022-02-27T02:11:08+01:00,,Confirmed,,,,,True,,,True,PRISMA,,https://platform.prisma-capacity.eu/,,Cross-Border Transmission IP within EU,0,False
1Physical Flowhour2022-01-21 02:00:00 +00:002022-01-21 03:00:00 +00:00BE-TSO-0001ITP-00112entrykWh/h,1,Physical Flow,hour,2022-01-21T03:00:00+01:00,2022-01-21T04:00:00+01:00,BE-TSO-0001,21X-BE-A-A0A0A-Y,Fluxys Belgium,ITP-00112,Eynatten 1 (BE) // Lichtenbusch / Raeren (DE),21Z0000000000155,entry,kWh/h,,,0,2022-02-27T02:11:08+01:00,,Confirmed,,,,,True,,,True,PRISMA,,https://platform.prisma-capacity.eu/,,Cross-Border Transmission IP within EU,0,False
1Physical Flowhour2022-01-21 03:00:00 +00:002022-01-21 04:00:00 +00:00BE-TSO-0001ITP-00112entrykWh/h,1,Physical Flow,hour,2022-01-21T04:00:00+01:00,2022-01-21T05:00:00+01:00,BE-TSO-0001,21X-BE-A-A0A0A-Y,Fluxys Belgium,ITP-00112,Eynatten 1 (BE) // Lichtenbusch / Raeren (DE),21Z0000000000155,entry,kWh/h,,,0,2022-02-27T02:11:08+01:00,,Confirmed,,,,,True,,,True,PRISMA,,https://platform.prisma-capacity.eu/,,Cross-Border Transmission IP within EU,0,False
1Physical Flowhour2022-01-21 04:00:00 +00:002022-01-21 05:00:00 +00:00BE-TSO-0001ITP-00112entrykWh/h,1,Physical Flow,hour,2022-01-21T05:00:00+01:00,2022-01-21T06:00:00+01:00,BE-TSO-0001,21X-BE-A-A0A0A-Y,Fluxys Belgium,ITP-00112,Eynatten 1 (BE) // Lichtenbusch / Raeren (DE),21Z0000000000155,entry,kWh/h,,,0,2022-02-27T02:11:08+01:00,,Confirmed,,,,,True,,,True,PRISMA,,https://platform.prisma-capacity.eu/,,Cross-Border Transmission IP within EU,0,False
1Physical Flowhour2022-01-21 05:00:00 +00:002022-01-21 06:00:00 +00:00BE-TSO-0001ITP-00112entrykWh/h,1,Physical Flow,hour,2022-01-21T06:00:00+01:00,2022-01-21T07:00:00+01:00,BE-TSO-0001,21X-BE-A-A0A0A-Y,Fluxys Belgium,ITP-00112,Eynatten 1 (BE) // Lichtenbusch / Raeren (DE),21Z0000000000155,entry,kWh/h,,,0,2022-02-27T02:11:08+01:00,,Confirmed,,,,,True,,,True,PRISMA,,https://platform.prisma-capacity.eu/,,Cross-Border Transmission IP within EU,0,False
1Physical Flowhour2022-01-21 06:00:00 +00:002022-01-21 07:00:00 +00:00BE-TSO-0001ITP-00112entrykWh/h,1,Physical Flow,hour,2022-01-21T07:00:00+01:00,2022-01-21T08:00:00+01:00,BE-TSO-0001,21X-BE-A-A0A0A-Y,Fluxys Belgium,ITP-00112,Eynatten 1 (BE) // Lichtenbusch / Raeren (DE),21Z0000000000155,entry,kWh/h,,,0,2022-02-27T02:11:08+01:00,,Confirmed,,,,,True,,,True,PRISMA,,https://platform.prisma-capacity.eu/,,Cross-Border Transmission IP within EU,0,False
1Physical Flowhour2022-01-21 07:00:00 +00:002022-01-21 08:00:00 +00:00BE-TSO-0001ITP-00112entrykWh/h,1,Physical Flow,hour,2022-01-21T08:00:00+01:00,2022-01-21T09:00:00+01:00,BE-TSO-0001,21X-BE-A-A0A0A-Y,Fluxys Belgium,ITP-00112,Eynatten 1 (BE) // Lichtenbusch / Raeren (DE),21Z0000000000155,entry,kWh/h,,,0,2022-02-27T02:11:08+01:00,,Confirmed,,,,,True,,,True,PRISMA,,https://platform.prisma-capacity.eu/,,Cross-Border Transmission IP within EU,0,False
1Physical Flowhour2022-01-21 08:00:00 +00:002022-01-21 09:00:00 +00:00BE-TSO-0001ITP-00112entrykWh/h,1,Physical Flow,hour,2022-01-21T09:00:00+01:00,2022-01-21T10:00:00+01:00,BE-TSO-0001,21X-BE-A-A0A0A-Y,Fluxys Belgium,ITP-00112,Eynatten 1 (BE) // Lichtenbusch / Raeren (DE),21Z0000000000155,entry,kWh/h,,,0,2022-02-27T02:11:08+01:00,,Confirmed,,,,,True,,,True,PRISMA,,https://platform.prisma-capacity.eu/,,Cross-Border Transmission IP within EU,0,False
1Physical Flowhour2022-01-21 09:00:00 +00:002022-01-21 10:00:00 +00:00BE-TSO-0001ITP-00112entrykWh/h,1,Physical Flow,hour,2022-01-21T10:00:00+01:00,2022-01-21T11:00:00+01:00,BE-TSO-0001,21X-BE-A-A0A0A-Y,Fluxys Belgium,ITP-00112,Eynatten 1 (BE) // Lichtenbusch / Raeren (DE),21Z0000000000155,entry,kWh/h,,,0,2022-02-27T02:11:08+01:00,,Confirmed,,,,,True,,,True,PRISMA,,https://platform.prisma-capacity.eu/,,Cross-Border Transmission IP within EU,0,False
1Physical Flowhour2022-01-21 10:00:00 +00:002022-01-21 11:00:00 +00:00BE-TSO-0001ITP-00112entrykWh/h,1,Physical Flow,hour,2022-01-21T11:00:00+01:00,2022-01-21T12:00:00+01:00,BE-TSO-0001,21X-BE-A-A0A0A-Y,Fluxys Belgium,ITP-00112,Eynatten 1 (BE) // Lichtenbusch / Raeren (DE),21Z0000000000155,entry,kWh/h,,,0,2022-02-27T02:11:08+01:00,,Confirmed,,,,,True,,,True,PRISMA,,https://platform.prisma-capacity.eu/,,Cross-Border Transmission IP within EU,0,False
1Physical Flowhour2022-01-21 11:00:00 +00:002022-01-21 12:00:00 +00:00BE-TSO-0001ITP-00112entrykWh/h,1,Physical Flow,hour,2022-01-21T12:00:00+01:00,2022-01-21T13:00:00+01:00,BE-TSO-0001,21X-BE-A-A0A0A-Y,Fluxys Belgium,ITP-00112,Eynatten 1 (BE) // Lichtenbusch / Raeren (DE),21Z0000000000155,entry,kWh/h,,,0,2022-02-27T02:11:08+01:00,,Confirmed,,,,,True,,,True,PRISMA,,https://platform.prisma-capacity.eu/,,Cross-Border Transmission IP within EU,0,False
1Physical Flowhour2022-01-21 12:00:00 +00:002022-01-21 13:00:00 +00:00BE-TSO-0001ITP-00112entrykWh/h,1,Physical Flow,hour,2022-01-21T13:00:00+01:00,2022-01-21T14:00:00+01:00,BE-TSO-0001,21X-BE-A-A0A0A-Y,Fluxys Belgium,ITP-00112,Eynatten 1 (BE) // Lichtenbusch / Raeren (DE),21Z0000000000155,entry,kWh/h,,,0,2022-02-27T02:11:08+01:00,,Confirmed,,,,,True,,,True,PRISMA,,https://platform.prisma-capacity.eu/,,Cross-Border Transmission IP within EU,0,False
1Physical Flowhour2022-01-21 13:00:00 +00:002022-01-21 14:00:00 +00:00BE-TSO-0001ITP-00112entrykWh/h,1,Physical Flow,hour,2022-01-21T14:00:00+01:00,2022-01-21T15:00:00+01:00,BE-TSO-0001,21X-BE-A-A0A0A-Y,Fluxys Belgium,ITP-00112,Eynatten 1 (BE) // Lichtenbusch / Raeren (DE),21Z0000000000155,entry,kWh/h,,,0,2022-02-27T02:11:08+01:00,,Confirmed,,,,,True,,,True,PRISMA,,https://platform.prisma-capacity.eu/,,Cross-Border Transmission IP within EU,0,False
1Physical Flowhour2022-01-21 14:00:00 +00:002022-01-21 15:00:00 +00:00BE-TSO-0001ITP-00112entrykWh/h,1,Physical Flow,hour,2022-01-21T15:00:00+01:00,2022-01-21T16:00:00+01:00,BE-TSO-0001,21X-BE-A-A0A0A-Y,Fluxys Belgium,ITP-00112,Eynatten 1 (BE) // Lichtenbusch / Raeren (DE),21Z0000000000155,entry,kWh/h,,,0,2022-02-27T02:11:08+01:00,,Confirmed,,,,,True,,,True,PRISMA,,https://platform.prisma-capacity.eu/,,Cross-Border Transmission IP within EU,0,False
1Physical Flowhour2022-01-21 15:00:00 +00:002022-01-21 16:00:00 +00:00BE-TSO-0001ITP-00112entrykWh/h,1,Physical Flow,hour,2022-01-21T16:00:00+01:00,2022-01-21T17:00:00+01:00,BE-TSO-0001,21X-BE-A-A0A0A-Y,Fluxys Belgium,ITP-00112,Eynatten 1 (BE) // Lichtenbusch / Raeren (DE),21Z0000000000155,entry,kWh/h,,,0,2022-02-27T02:11:08+01:00,,Confirmed,,,,,True,,,True,PRISMA,,https://platform.prisma-capacity.eu/,,Cross-Border Transmission IP within EU,0,False
1Physical Flowhour2022-01-21 16:00:00 +00:002022-01-21 17:00:00 +00:00BE-TSO-0001ITP-00112entrykWh/h,1,Physical Flow,hour,2022-01-21T17:00:00+01:00,2022-01-21T18:00:00+01:00,BE-TSO-0001,21X-BE-A-A0A0A-Y,Fluxys Belgium,ITP-00112,Eynatten 1 (BE) // Lichtenbusch / Raeren (DE),21Z0000000000155,entry,kWh/h,,,0,2022-02-27T02:11:08+01:00,,Confirmed,,,,,True,,,True,PRISMA,,https://platform.prisma-capacity.eu/,,Cross-Border Transmission IP within EU,0,False
1Physical Flowhour2022-01-21 17:00:00 +00:002022-01-21 18:00:00 +00:00BE-TSO-0001ITP-00112entrykWh/h,1,Physical Flow,hour,2022-01-21T18:00:00+01:00,2022-01-21T19:00:00+01:00,BE-TSO-0001,21X-BE-A-A0A0A-Y,Fluxys Belgium,ITP-00112,Eynatten 1 (BE) // Lichtenbusch / Raeren (DE),21Z0000000000155,entry,kWh/h,,,0,2022-02-27T02:11:08+01:00,,Confirmed,,,,,True,,,True,PRISMA,,https://platform.prisma-capacity.eu/,,Cross-Border Transmission IP within EU,0,False
1Physical Flowhour2022-01-21 18:00:00 +00:002022-01-21 19:00:00 +00:00BE-TSO-0001ITP-00112entrykWh/h,1,Physical Flow,hour,2022-01-21T19:00:00+01:00,2022-01-21T20:00:00+01:00,BE-TSO-0001,21X-BE-A-A0A0A-Y,Fluxys Belgium,ITP-00112,Eynatten 1 (BE) // Lichtenbusch / Raeren (DE),21Z0000000000155,entry,kWh/h,,,0,2022-02-27T02:11:08+01:00,,Confirmed,,,,,True,,,True,PRISMA,,https://platform.prisma-capacity.eu/,,Cross-Border Transmission IP within EU,0,False
1Physical Flowhour2022-01-21 19:00:00 +00:002022-01-21 20:00:00 +00:00BE-TSO-0001ITP-00112entrykWh/h,1,Physical Flow,hour,2022-01-21T20:00:00+01:00,2022-01-21T21:00:00+01:00,BE-TSO-0001,21X-BE-A-A0A0A-Y,Fluxys Belgium,ITP-00112,Eynatten 1 (BE) // Lichtenbusch / Raeren (DE),21Z0000000000155,entry,kWh/h,,,0,2022-02-27T02:11:08+01:00,,Confirmed,,,,,True,,,True,PRISMA,,https://platform.prisma-capacity.eu/,,Cross-Border Transmission IP within EU,0,False
1Physical Flowhour2022-01-21 20:00:00 +00:002022-01-21 21:00:00 +00:00BE-TSO-0001ITP-00112entrykWh/h,1,Physical Flow,hour,2022-01-21T21:00:00+01:00,2022-01-21T22:00:00+01:00,BE-TSO-0001,21X-BE-A-A0A0A-Y,Fluxys Belgium,ITP-00112,Eynatten 1 (BE) // Lichtenbusch / Raeren (DE),21Z0000000000155,entry,kWh/h,,,0,2022-02-27T02:11:08+01:00,,Confirmed,,,,,True,,,True,PRISMA,,https://platform.prisma-capacity.eu/,,Cross-Border Transmission IP within EU,0,False
1Physical Flowhour2022-01-21 21:00:00 +00:002022-01-21 22:00:00 +00:00BE-TSO-0001ITP-00112entrykWh/h,1,Physical Flow,hour,2022-01-21T22:00:00+01:00,2022-01-21T23:00:00+01:00,BE-TSO-0001,21X-BE-A-A0A0A-Y,Fluxys Belgium,ITP-00112,Eynatten 1 (BE) // Lichtenbusch / Raeren (DE),21Z0000000000155,entry,kWh/h,,,0,2022-02-27T02:11:08+01:00,,Confirmed,,,,,True,,,True,PRISMA,,https://platform.prisma-capacity.eu/,,Cross-Border Transmission IP within EU,0,False
1Physical Flowhour2022-01-21 22:00:00 +00:002022-01-21 23:00:00 +00:00BE-TSO-0001ITP-00112entrykWh/h,1,Physical Flow,hour,2022-01-21T23:00:00+01:00,2022-01-22T00:00:00+01:00,BE-TSO-0001,21X-BE-A-A0A0A-Y,Fluxys Belgium,ITP-00112,Eynatten 1 (BE) // Lichtenbusch / Raeren (DE),21Z0000000000155,entry,kWh/h,,,0,2022-02-27T02:11:08+01:00,,Confirmed,,,,,True,,,True,PRISMA,,https://platform.prisma-capacity.eu/,,Cross-Border Transmission IP within EU,0,False
1Physical Flowhour2022-01-21 23:00:00 +00:002022-01-22 00:00:00 +00:00BE-TSO-0001ITP-00112entrykWh/h,1,Physical Flow,hour,2022-01-22T00:00:00+01:00,2022-01-22T01:00:00+01:00,BE-TSO-0001,21X-BE-A-A0A0A-Y,Fluxys Belgium,ITP-00112,Eynatten 1 (BE) // Lichtenbusch / Raeren (DE),21Z0000000000155,entry,kWh/h,,,0,2022-02-27T02:11:08+01:00,,Confirmed,,,,,True,,,True,PRISMA,,https://platform.prisma-capacity.eu/,,Cross-Border Transmission IP within EU,0,False
1Physical Flowhour2022-01-22 00:00:00 +00:002022-01-22 01:00:00 +00:00BE-TSO-0001ITP-00112entrykWh/h,1,Physical Flow,hour,2022-01-22T01:00:00+01:00,2022-01-22T02:00:00+01:00,BE-TSO-0001,21X-BE-A-A0A0A-Y,Fluxys Belgium,ITP-00112,Eynatten 1 (BE) // Lichtenbusch / Raeren (DE),21Z0000000000155,entry,kWh/h,,,0,2022-02-27T02:11:08+01:00,,Confirmed,,,,,True,,,True,PRISMA,,https://platform.prisma-capacity.eu/,,Cross-Border Transmission IP within EU,0,False
1Physical Flowhour2022-01-22 01:00:00 +00:002022-01-22 02:00:00 +00:00BE-TSO-0001ITP-00112entrykWh/h,1,Physical Flow,hour,2022-01-22T02:00:00+01:00,2022-01-22T03:00:00+01:00,BE-TSO-0001,21X-BE-A-A0A0A-Y,Fluxys Belgium,ITP-00112,Eynatten 1 (BE) // Lichtenbusch / Raeren (DE),21Z0000000000155,entry,kWh/h,,,0,2022-02-27T02:11:08+01:00,,Confirmed,,,,,True,,,True,PRISMA,,https://platform.prisma-capacity.eu/,,Cross-Border Transmission IP within EU,0,False
1Physical Flowhour2022-01-22 02:00:00 +00:002022-01-22 03:00:00 +00:00BE-TSO-0001ITP-00112entrykWh/h,1,Physical Flow,hour,2022-01-22T03:00:00+01:00,2022-01-22T04:00:00+01:00,BE-TSO-0001,21X-BE-A-A0A0A-Y,Fluxys Belgium,ITP-00112,Eynatten 1 (BE) // Lichtenbusch / Raeren (DE),21Z0000000000155,entry,kWh/h,,,0,2022-02-27T02:11:08+01:00,,Confirmed,,,,,True,,,True,PRISMA,,https://platform.prisma-capacity.eu/,,Cross-Border Transmission IP within EU,0,False
1Physical Flowhour2022-01-22 03:00:00 +00:002022-01-22 04:00:00 +00:00BE-TSO-0001ITP-00112entrykWh/h,1,Physical Flow,hour,2022-01-22T04:00:00+01:00,2022-01-22T05:00:00+01:00,BE-TSO-0001,21X-BE-A-A0A0A-Y,Fluxys Belgium,ITP-00112,Eynatten 1 (BE) // Lichtenbusch / Raeren (DE),21Z0000000000155,entry,kWh/h,,,0,2022-02-27T02:11:08+01:00,,Confirmed,,,,,True,,,True,PRISMA,,https://platform.prisma-capacity.eu/,,Cross-Border Transmission IP within EU,0,False
1Physical Flowhour2022-01-22 04:00:00 +00:002022-01-22 05:00:00 +00:00BE-TSO-0001ITP-00112entrykWh/h,1,Physical Flow,hour,2022-01-22T05:00:00+01:00,2022-01-22T06:00:00+01:00,BE-TSO-0001,21X-BE-A-A0A0A-Y,Fluxys Belgium,ITP-00112,Eynatten 1 (BE) // Lichtenbusch / Raeren (DE),21Z0000000000155,entry,kWh/h,,,0,2022-02-27T02:11:08+01:00,,Confirmed,,,,,True,,,True,PRISMA,,https://platform.prisma-capacity.eu/,,Cross-Border Transmission IP within EU,0,False
1Physical Flowhour2022-01-22 05:00:00 +00:002022-01-22 06:00:00 +00:00BE-TSO-0001ITP-00112entrykWh/h,1,Physical Flow,hour,2022-01-22T06:00:00+01:00,2022-01-22T07:00:00+01:00,BE-TSO-0001,21X-BE-A-A0A0A-Y,Fluxys Belgium,ITP-00112,Eynatten 1 (BE) // Lichtenbusch / Raeren (DE),21Z0000000000155,entry,kWh/h,,,0,2022-02-27T02:11:08+01:00,,Confirmed,,,,,True,,,True,PRISMA,,https://platform.prisma-capacity.eu/,,Cross-Border Transmission IP within EU,0,False
1Physical Flowhour2022-01-22 06:00:00 +00:002022-01-22 07:00:00 +00:00BE-TSO-0001ITP-00112entrykWh/h,1,Physical Flow,hour,2022-01-22T07:00:00+01:00,2022-01-22T08:00:00+01:00,BE-TSO-0001,21X-BE-A-A0A0A-Y,Fluxys Belgium,ITP-00112,Eynatten 1 (BE) // Lichtenbusch / Raeren (DE),21Z0000000000155,entry,kWh/h,,,0,2022-02-27T02:11:08+01:00,,Confirmed,,,,,True,,,True,PRISMA,,https://platform.prisma-capacity.eu/,,Cross-Border Transmission IP within EU,0,False
1Physical Flowhour2022-01-22 07:00:00 +00:002022-01-22 08:00:00 +00:00BE-TSO-0001ITP-00112entrykWh/h,1,Physical Flow,hour,2022-01-22T08:00:00+01:00,2022-01-22T09:00:00+01:00,BE-TSO-0001,21X-BE-A-A0A0A-Y,Fluxys Belgium,ITP-00112,Eynatten 1 (BE) // Lichtenbusch / Raeren (DE),21Z0000000000155,entry,kWh/h,,,0,2022-02-27T02:11:08+01:00,,Confirmed,,,,,True,,,True,PRISMA,,https://platform.prisma-capacity.eu/,,Cross-Border Transmission IP within EU,0,False
1Physical Flowhour2022-01-22 08:00:00 +00:002022-01-22 09:00:00 +00:00BE-TSO-0001ITP-00112entrykWh/h,1,Physical Flow,hour,2022-01-22T09:00:00+01:00,2022-01-22T10:00:00+01:00,BE-TSO-0001,21X-BE-A-A0A0A-Y,Fluxys Belgium,ITP-00112,Eynatten 1 (BE) // Lichtenbusch / Raeren (DE),21Z0000000000155,entry,kWh/h,,,0,2022-02-27T02:11:08+01:00,,Confirmed,,,,,True,,,True,PRISMA,,https://platform.prisma-capacity.eu/,,Cross-Border Transmission IP within EU,0,False
1Physical Flowhour2022-01-22 09:00:00 +00:002022-01-22 10:00:00 +00:00BE-TSO-0001ITP-00112entrykWh/h,1,Physical Flow,hour,2022-01-22T10:00:00+01:00,2022-01-22T11:00:00+01:00,BE-TSO-0001,21X-BE-A-A0A0A-Y,Fluxys Belgium,ITP-00112,Eynatten 1 (BE) // Lichtenbusch / Raeren (DE),21Z0000000000155,entry,kWh/h,,,0,2022-02-27T02:11:08+01:00,,Confirmed,,,,,True,,,True,PRISMA,,https://platform.prisma-capacity.eu/,,Cross-Border Transmission IP within EU,0,False
1Physical Flowhour2022-01-22 10:00:00 +00:002022-01-22 11:00:00 +00:00BE-TSO-0001ITP-00112entrykWh/h,1,Physical Flow,hour,2022-01-22T11:00:00+01:00,2022-01-22T12:00:00+01:00,BE-TSO-0001,21X-BE-A-A0A0A-Y,Fluxys Belgium,ITP-00112,Eynatten 1 (BE) // Lichtenbusch / Raeren (DE),21Z0000000000155,entry,kWh/h,,,0,2022-02-27T02:11:08+01:00,,Confirmed,,,,,True,,,True,PRISMA,,https://platform.prisma-capacity.eu/,,Cross-Border Transmission IP within EU,0,False
1Physical Flowhour2022-01-22 11:00:00 +00:002022-01-22 12:00:00 +00:00BE-TSO-0001ITP-00112entrykWh/h,1,Physical Flow,hour,2022-01-22T12:00:00+01:00,2022-01-22T13:00:00+01:00,BE-TSO-0001,21X-BE-A-A0A0A-Y,Fluxys Belgium,ITP-00112,Eynatten 1 (BE) // Lichtenbusch / Raeren (DE),21Z0000000000155,entry,kWh/h,,,0,2022-02-27T02:11:08+01:00,,Confirmed,,,,,True,,,True,PRISMA,,https://platform.prisma-capacity.eu/,,Cross-Border Transmission IP within EU,0,False
1Physical Flowhour2022-01-22 12:00:00 +00:002022-01-22 13:00:00 +00:00BE-TSO-0001ITP-00112entrykWh/h,1,Physical Flow,hour,2022-01-22T13:00:00+01:00,2022-01-22T14:00:00+01:00,BE-TSO-0001,21X-BE-A-A0A0A-Y,Fluxys Belgium,ITP-00112,Eynatten 1 (BE) // Lichtenbusch / Raeren (DE),21Z0000000000155,entry,kWh/h,,,0,2022-02-27T02:11:08+01:00,,Confirmed,,,,,True,,,True,PRISMA,,https://platform.prisma-capacity.eu/,,Cross-Border Transmission IP within EU,0,False
1Physical Flowhour2022-01-22 13:00:00 +00:002022-01-22 14:00:00 +00:00BE-TSO-0001ITP-00112entrykWh/h,1,Physical Flow,hour,2022-01-22T14:00:00+01:00,2022-01-22T15:00:00+01:00,BE-TSO-0001,21X-BE-A-A0A0A-Y,Fluxys Belgium,ITP-00112,Eynatten 1 (BE) // Lichtenbusch / Raeren (DE),21Z0000000000155,entry,kWh/h,,,0,2022-02-27T02:11:08+01:00,,Confirmed,,,,,True,,,True,PRISMA,,https://platform.prisma-capacity.eu/,,Cross-Border Transmission IP within EU,0,False
1Physical Flowhour2022-01-22 14:00:00 +00:002022-01-22 15:00:00 +00:00BE-TSO-0001ITP-00112entrykWh/h,1,Physical Flow,hour,2022-01-22T15:00:00+01:00,2022-01-22T16:00:00+01:00,BE-TSO-0001,21X-BE-A-A0A0A-Y,Fluxys Belgium,ITP-00112,Eynatten 1 (BE) // Lichtenbusch / Raeren (DE),21Z0000000000155,entry,kWh/h,,,0,2022-02-27T02:11:08+01:00,,Confirmed,,,,,True,,,True,PRISMA,,https://platform.prisma-capacity.eu/,,Cross-Border Transmission IP within EU,0,False
1Physical Flowhour2022-01-22 15:00:00 +00:002022-01-22 16:00:00 +00:00BE-TSO-0001ITP-00112entrykWh/h,1,Physical Flow,hour,2022-01-22T16:00:00+01:00,2022-01-22T17:00:00+01:00,BE-TSO-0001,21X-BE-A-A0A0A-Y,Fluxys Belgium,ITP-00112,Eynatten 1 (BE) // Lichtenbusch / Raeren (DE),21Z0000000000155,entry,kWh/h,,,0,2022-02-27T02:11:08+01:00,,Confirmed,,,,,True,,,True,PRISMA,,https://platform.prisma-capacity.eu/,,Cross-Border Transmission IP within EU,0,False
1Physical Flowhour2022-01-22 16:00:00 +00:002022-01-22 17:00:00 +00:00BE-TSO-0001ITP-00112entrykWh/h,1,Physical Flow,hour,2022-01-22T17:00:00+01:00,2022-01-22T18:00:00+01:00,BE-TSO-0001,21X-BE-A-A0A0A-Y,Fluxys Belgium,ITP-00112,Eynatten 1 (BE) // Lichtenbusch / Raeren (DE),21Z0000000000155,entry,kWh/h,,,0,2022-02-27T02:11:08+01:00,,Confirmed,,,,,True,,,True,PRISMA,,https://platform.prisma-capacity.eu/,,Cross-Border Transmission IP within EU,0,False
1Physical Flowhour2022-01-22 17:00:00 +00:002022-01-22 18:00:00 +00:00BE-TSO-0001ITP-00112entrykWh/h,1,Physical Flow,hour,2022-01-22T18:00:00+01:00,2022-01-22T19:00:00+01:00,BE-TSO-0001,21X-BE-A-A0A0A-Y,Fluxys Belgium,ITP-00112,Eynatten 1 (BE) // Lichtenbusch / Raeren (DE),21Z0000000000155,entry,kWh/h,,,0,2022-02-27T02:11:08+01:00,,Confirmed,,,,,True,,,True,PRISMA,,https://platform.prisma-capacity.eu/,,Cross-Border Transmission IP within EU,0,False
1Physical Flowhour2022-01-22 18:00:00 +00:002022-01-22 19:00:00 +00:00BE-TSO-0001ITP-00112entrykWh/h,1,Physical Flow,hour,2022-01-22T19:00:00+01:00,2022-01-22T20:00:00+01:00,BE-TSO-0001,21X-BE-A-A0A0A-Y,Fluxys Belgium,ITP-00112,Eynatten 1 (BE) // Lichtenbusch / Raeren (DE),21Z0000000000155,entry,kWh/h,,,0,2022-02-27T02:11:08+01:00,,Confirmed,,,,,True,,,True,PRISMA,,https://platform.prisma-capacity.eu/,,Cross-Border Transmission IP within EU,0,False
1Physical Flowhour2022-01-22 19:00:00 +00:002022-01-22 20:00:00 +00:00BE-TSO-0001ITP-00112entrykWh/h,1,Physical Flow,hour,2022-01-22T20:00:00+01:00,2022-01-22T21:00:00+01:00,BE-TSO-0001,21X-BE-A-A0A0A-Y,Fluxys Belgium,ITP-00112,Eynatten 1 (BE) // Lichtenbusch / Raeren (DE),21Z0000000000155,entry,kWh/h,,,0,2022-02-27T02:11:08+01:00,,Confirmed,,,,,True,,,True,PRISMA,,https://platform.prisma-capacity.eu/,,Cross-Border Transmission IP within EU,0,False
1Physical Flowhour2022-01-22 20:00:00 +00:002022-01-22 21:00:00 +00:00BE-TSO-0001ITP-00112entrykWh/h,1,Physical Flow,hour,2022-01-22T21:00:00+01:00,2022-01-22T22:00:00+01:00,BE-TSO-0001,21X-BE-A-A0A0A-Y,Fluxys Belgium,ITP-00112,Eynatten 1 (BE) // Lichtenbusch / Raeren (DE),21Z0000000000155,entry,kWh/h,,,0,2022-02-27T02:11:08+01:00,,Confirmed,,,,,True,,,True,PRISMA,,https://platform.prisma-capacity.eu/,,Cross-Border Transmission IP within EU,0,False
1Physical Flowhour2022-01-22 21:00:00 +00:002022-01-22 22:00:00 +00:00BE-TSO-0001ITP-00112entrykWh/h,1,Physical Flow,hour,2022-01-22T22:00:00+01:00,2022-01-22T23:00:00+01:00,BE-TSO-0001,21X-BE-A-A0A0A-Y,Fluxys Belgium,ITP-00112,Eynatten 1 (BE) // Lichtenbusch / Raeren (DE),21Z0000000000155,entry,kWh/h,,,0,2022-02-27T02:11:08+01:00,,Confirmed,,,,,True,,,True,PRISMA,,https://platform.prisma-capacity.eu/,,Cross-Border Transmission IP within EU,0,False
1Physical Flowhour2022-01-22 22:00:00 +00:002022-01-22 23:00:00 +00:00BE-TSO-0001ITP-00112entrykWh/h,1,Physical Flow,hour,2022-01-22T23:00:00+01:00,2022-01-23T00:00:00+01:00,BE-TSO-0001,21X-BE-A-A0A0A-Y,Fluxys Belgium,ITP-00112,Eynatten 1 (BE) // Lichtenbusch / Raeren (DE),21Z0000000000155,entry,kWh/h,,,0,2022-02-27T02:11:08+01:00,,Confirmed,,,,,True,,,True,PRISMA,,https://platform.prisma-capacity.eu/,,Cross-Border Transmission IP within EU,0,False
1Physical Flowhour2022-01-22 23:00:00 +00:002022-01-23 00:00:00 +00:00BE-TSO-0001ITP-00112entrykWh/h,1,Physical Flow,hour,2022-01-23T00:00:00+01:00,2022-01-23T01:00:00+01:00,BE-TSO-0001,21X-BE-A-A0A0A-Y,Fluxys Belgium,ITP-00112,Eynatten 1 (BE) // Lichtenbusch / Raeren (DE),21Z0000000000155,entry,kWh/h,,,0,2022-02-27T02:11:08+01:00,,Confirmed,,,,,True,,,True,PRISMA,,https://platform.prisma-capacity.eu/,,Cross-Border Transmission IP within EU,0,False
1Physical Flowhour2022-01-23 00:00:00 +00:002022-01-23 01:00:00 +00:00BE-TSO-0001ITP-00112entrykWh/h,1,Physical Flow,hour,2022-01-23T01:00:00+01:00,2022-01-23T02:00:00+01:00,BE-TSO-0001,21X-BE-A-A0A0A-Y,Fluxys Belgium,ITP-00112,Eynatten 1 (BE) // Lichtenbusch / Raeren (DE),21Z0000000000155,entry,kWh/h,,,0,2022-02-27T02:11:08+01:00,,Confirmed,,,,,True,,,True,PRISMA,,https://platform.prisma-capacity.eu/,,Cross-Border Transmission IP within EU,0,False
1Physical Flowhour2022-01-23 01:00:00 +00:002022-01-23 02:00:00 +00:00BE-TSO-0001ITP-00112entrykWh/h,1,Physical Flow,hour,2022-01-23T02:00:00+01:00,2022-01-23T03:00:00+01:00,BE-TSO-0001,21X-BE-A-A0A0A-Y,Fluxys Belgium,ITP-00112,Eynatten 1 (BE) // Lichtenbusch / Raeren (DE),21Z0000000000155,entry,kWh/h,,,0,2022-02-27T02:11:08+01:00,,Confirmed,,,,,True,,,True,PRISMA,,https://platform.prisma-capacity.eu/,,Cross-Border Transmission IP within EU,0,False
1Physical Flowhour2022-01-23 02:00:00 +00:002022-01-23 03:00:00 +00:00BE-TSO-0001ITP-00112entrykWh/h,1,Physical Flow,hour,2022-01-23T03:00:00+01:00,2022-01-23T04:00:00+01:00,BE-TSO-0001,21X-BE-A-A0A0A-Y,Fluxys Belgium,ITP-00112,Eynatten 1 (BE) // Lichtenbusch / Raeren (DE),21Z0000000000155,entry,kWh/h,,,0,2022-02-27T02:11:08+01:00,,Confirmed,,,,,True,,,True,PRISMA,,https://platform.prisma-capacity.eu/,,Cross-Border Transmission IP within EU,0,False
1Physical Flowhour2022-01-23 03:00:00 +00:002022-01-23 04:00:00 +00:00BE-TSO-0001ITP-00112entrykWh/h,1,Physical Flow,hour,2022-01-23T04:00:00+01:00,2022-01-23T05:00:00+01:00,BE-TSO-0001,21X-BE-A-A0A0A-Y,Fluxys Belgium,ITP-00112,Eynatten 1 (BE) // Lichtenbusch / Raeren (DE),21Z0000000000155,entry,kWh/h,,,0,2022-02-27T02:11:08+01:00,,Confirmed,,,,,True,,,True,PRISMA,,https://platform.prisma-capacity.eu/,,Cross-Border Transmission IP within EU,0,False
1Physical Flowhour2022-01-23 04:00:00 +00:002022-01-23 05:00:00 +00:00BE-TSO-0001ITP-00112entrykWh/h,1,Physical Flow,hour,2022-01-23T05:00:00+01:00,2022-01-23T06:00:00+01:00,BE-TSO-0001,21X-BE-A-A0A0A-Y,Fluxys Belgium,ITP-00112,Eynatten 1 (BE) // Lichtenbusch / Raeren (DE),21Z0000000000155,entry,kWh/h,,,0,2022-02-27T02:11:08+01:00,,Confirmed,,,,,True,,,True,PRISMA,,https://platform.prisma-capacity.eu/,,Cross-Border Transmission IP within EU,0,False
1Physical Flowhour2022-01-23 05:00:00 +00:002022-01-23 06:00:00 +00:00BE-TSO-0001ITP-00112entrykWh/h,1,Physical Flow,hour,2022-01-23T06:00:00+01:00,2022-01-23T07:00:00+01:00,BE-TSO-0001,21X-BE-A-A0A0A-Y,Fluxys Belgium,ITP-00112,Eynatten 1 (BE) // Lichtenbusch / Raeren (DE),21Z0000000000155,entry,kWh/h,,,0,2022-02-27T02:11:08+01:00,,Confirmed,,,,,True,,,True,PRISMA,,https://platform.prisma-capacity.eu/,,Cross-Border Transmission IP within EU,0,False
1Physical Flowhour2022-01-23 06:00:00 +00:002022-01-23 07:00:00 +00:00BE-TSO-0001ITP-00112entrykWh/h,1,Physical Flow,hour,2022-01-23T07:00:00+01:00,2022-01-23T08:00:00+01:00,BE-TSO-0001,21X-BE-A-A0A0A-Y,Fluxys Belgium,ITP-00112,Eynatten 1 (BE) // Lichtenbusch / Raeren (DE),21Z0000000000155,entry,kWh/h,,,0,2022-02-27T02:11:08+01:00,,Confirmed,,,,,True,,,True,PRISMA,,https://platform.prisma-capacity.eu/,,Cross-Border Transmission IP within EU,0,False
1Physical Flowhour2022-01-23 07:00:00 +00:002022-01-23 08:00:00 +00:00BE-TSO-0001ITP-00112entrykWh/h,1,Physical Flow,hour,2022-01-23T08:00:00+01:00,2022-01-23T09:00:00+01:00,BE-TSO-0001,21X-BE-A-A0A0A-Y,Fluxys Belgium,ITP-00112,Eynatten 1 (BE) // Lichtenbusch / Raeren (DE),21Z0000000000155,entry,kWh/h,,,0,2022-02-27T02:11:08+01:00,,Confirmed,,,,,True,,,True,PRISMA,,https://platform.prisma-capacity.eu/,,Cross-Border Transmission IP within EU,0,False
1Physical Flowhour2022-01-23 08:00:00 +00:002022-01-23 09:00:00 +00:00BE-TSO-0001ITP-00112entrykWh/h,1,Physical Flow,hour,2022-01-23T09:00:00+01:00,2022-01-23T10:00:00+01:00,BE-TSO-0001,21X-BE-A-A0A0A-Y,Fluxys Belgium,ITP-00112,Eynatten 1 (BE) // Lichtenbusch / Raeren (DE),21Z0000000000155,entry,kWh/h,,,0,2022-02-27T02:11:08+01:00,,Confirmed,,,,,True,,,True,PRISMA,,https://platform.prisma-capacity.eu/,,Cross-Border Transmission IP within EU,0,False
1Physical Flowhour2022-01-23 09:00:00 +00:002022-01-23 10:00:00 +00:00BE-TSO-0001ITP-00112entrykWh/h,1,Physical Flow,hour,2022-01-23T10:00:00+01:00,2022-01-23T11:00:00+01:00,BE-TSO-0001,21X-BE-A-A0A0A-Y,Fluxys Belgium,ITP-00112,Eynatten 1 (BE) // Lichtenbusch / Raeren (DE),21Z0000000000155,entry,kWh/h,,,0,2022-02-27T02:11:08+01:00,,Confirmed,,,,,True,,,True,PRISMA,,https://platform.prisma-capacity.eu/,,Cross-Border Transmission IP within EU,0,False
1Physical Flowhour2022-01-23 10:00:00 +00:002022-01-23 11:00:00 +00:00BE-TSO-0001ITP-00112entrykWh/h,1,Physical Flow,hour,2022-01-23T11:00:00+01:00,2022-01-23T12:00:00+01:00,BE-TSO-0001,21X-BE-A-A0A0A-Y,Fluxys Belgium,ITP-00112,Eynatten 1 (BE) // Lichtenbusch / Raeren (DE),21Z0000000000155,entry,kWh/h,,,0,2022-02-27T02:11:08+01:00,,Confirmed,,,,,True,,,True,PRISMA,,https://platform.prisma-capacity.eu/,,Cross-Border Transmission IP within EU,0,False
1Physical Flowhour2022-01-23 11:00:00 +00:002022-01-23 12:00:00 +00:00BE-TSO-0001ITP-00112entrykWh/h,1,Physical Flow,hour,2022-01-23T12:00:00+01:00,2022-01-23T13:00:00+01:00,BE-TSO-0001,21X-BE-A-A0A0A-Y,Fluxys Belgium,ITP-00112,Eynatten 1 (BE) // Lichtenbusch / Raeren (DE),21Z0000000000155,entry,kWh/h,,,0,2022-02-27T02:11:08+01:00,,Confirmed,,,,,True,,,True,PRISMA,,https://platform.prisma-capacity.eu/,,Cross-Border Transmission IP within EU,0,False
1Physical Flowhour2022-01-23 12:00:00 +00:002022-01-23 13:00:00 +00:00BE-TSO-0001ITP-00112entrykWh/h,1,Physical Flow,hour,2022-01-23T13:00:00+01:00,2022-01-23T14:00:00+01:00,BE-TSO-0001,21X-BE-A-A0A0A-Y,Fluxys Belgium,ITP-00112,Eynatten 1 (BE) // Lichtenbusch / Raeren (DE),21Z0000000000155,entry,kWh/h,,,0,2022-02-27T02:11:08+01:00,,Confirmed,,,,,True,,,True,PRISMA,,https://platform.prisma-capacity.eu/,,Cross-Border Transmission IP within EU,0,False
1Physical Flowhour2022-01-23 13:00:00 +00:002022-01-23 14:00:00 +00:00BE-TSO-0001ITP-00112entrykWh/h,1,Physical Flow,hour,2022-01-23T14:00:00+01:00,2022-01-23T15:00:00+01:00,BE-TSO-0001,21X-BE-A-A0A0A-Y,Fluxys Belgium,ITP-00112,Eynatten 1 (BE) // Lichtenbusch / Raeren (DE),21Z0000000000155,entry,kWh/h,,,0,2022-02-27T02:11:08+01:00,,Confirmed,,,,,True,,,True,PRISMA,,https://platform.prisma-capacity.eu/,,Cross-Border Transmission IP within EU,0,False
1Physical Flowhour2022-01-23 14:00:00 +00:002022-01-23 15:00:00 +00:00BE-TSO-0001ITP-00112entrykWh/h,1,Physical Flow,hour,2022-01-23T15:00:00+01:00,2022-01-23T16:00:00+01:00,BE-TSO-0001,21X-BE-A-A0A0A-Y,Fluxys Belgium,ITP-00112,Eynatten 1 (BE) // Lichtenbusch / Raeren (DE),21Z0000000000155,entry,kWh/h,,,0,2022-02-27T02:11:08+01:00,,Confirmed,,,,,True,,,True,PRISMA,,https://platform.prisma-capacity.eu/,,Cross-Border Transmission IP within EU,0,False
1Physical Flowhour2022-01-23 15:00:00 +00:002022-01-23 16:00:00 +00:00BE-TSO-0001ITP-00112entrykWh/h,1,Physical Flow,hour,2022-01-23T16:00:00+01:00,2022-01-23T17:00:00+01:00,BE-TSO-0001,21X-BE-A-A0A0A-Y,Fluxys Belgium,ITP-00112,Eynatten 1 (BE) // Lichtenbusch / Raeren (DE),21Z0000000000155,entry,kWh/h,,,0,2022-02-27T02:11:08+01:00,,Confirmed,,,,,True,,,True,PRISMA,,https://platform.prisma-capacity.eu/,,Cross-Border Transmission IP within EU,0,False
1Physical Flowhour2022-01-23 16:00:00 +00:002022-01-23 17:00:00 +00:00BE-TSO-0001ITP-00112entrykWh/h,1,Physical Flow,hour,2022-01-23T17:00:00+01:00,2022-01-23T18:00:00+01:00,BE-TSO-0001,21X-BE-A-A0A0A-Y,Fluxys Belgium,ITP-00112,Eynatten 1 (BE) // Lichtenbusch / Raeren (DE),21Z0000000000155,entry,kWh/h,,,0,2022-02-27T02:11:08+01:00,,Confirmed,,,,,True,,,True,PRISMA,,https://platform.prisma-capacity.eu/,,Cross-Border Transmission IP within EU,0,False
1Physical Flowhour2022-01-23 17:00:00 +00:002022-01-23 18:00:00 +00:00BE-TSO-0001ITP-00112entrykWh/h,1,Physical Flow,hour,2022-01-23T18:00:00+01:00,2022-01-23T19:00:00+01:00,BE-TSO-0001,21X-BE-A-A0A0A-Y,Fluxys Belgium,ITP-00112,Eynatten 1 (BE) // Lichtenbusch / Raeren (DE),21Z0000000000155,entry,kWh/h,,,0,2022-02-27T02:11:08+01:00,,Confirmed,,,,,True,,,True,PRISMA,,https://platform.prisma-capacity.eu/,,Cross-Border Transmission IP within EU,0,False
1Physical Flowhour2022-01-23 18:00:00 +00:002022-01-23 19:00:00 +00:00BE-TSO-0001ITP-00112entrykWh/h,1,Physical Flow,hour,2022-01-23T19:00:00+01:00,2022-01-23T20:00:00+01:00,BE-TSO-0001,21X-BE-A-A0A0A-Y,Fluxys Belgium,ITP-00112,Eynatten 1 (BE) // Lichtenbusch / Raeren (DE),21Z0000000000155,entry,kWh/h,,,0,2022-02-27T02:11:08+01:00,,Confirmed,,,,,True,,,True,PRISMA,,https://platform.prisma-capacity.eu/,,Cross-Border Transmission IP within EU,0,False
1Physical Flowhour2022-01-23 19:00:00 +00:002022-01-23 20:00:00 +00:00BE-TSO-0001ITP-00112entrykWh/h,1,Physical Flow,hour,2022-01-23T20:00:00+01:00,2022-01-23T21:00:00+01:00,BE-TSO-0001,21X-BE-A-A0A0A-Y,Fluxys Belgium,ITP-00112,Eynatten 1 (BE) // Lichtenbusch / Raeren (DE),21Z0000000000155,entry,kWh/h,,,0,2022-02-27T02:11:08+01:00,,Confirmed,,,,,True,,,True,PRISMA,,https://platform.prisma-capacity.eu/,,Cross-Border Transmission IP within EU,0,False
1Physical Flowhour2022-01-23 20:00:00 +00:002022-01-23 21:00:00 +00:00BE-TSO-0001ITP-00112entrykWh/h,1,Physical Flow,hour,2022-01-23T21:00:00+01:00,2022-01-23T22:00:00+01:00,BE-TSO-0001,21X-BE-A-A0A0A-Y,Fluxys Belgium,ITP-00112,Eynatten 1 (BE) // Lichtenbusch / Raeren (DE),21Z0000000000155,entry,kWh/h,,,0,2022-02-27T02:11:08+01:00,,Confirmed,,,,,True,,,True,PRISMA,,https://platform.prisma-capacity.eu/,,Cross-Border Transmission IP within EU,0,False
1Physical Flowhour2022-01-23 21:00:00 +00:002022-01-23 22:00:00 +00:00BE-TSO-0001ITP-00112entrykWh/h,1,Physical Flow,hour,2022-01-23T22:00:00+01:00,2022-01-23T23:00:00+01:00,BE-TSO-0001,21X-BE-A-A0A0A-Y,Fluxys Belgium,ITP-00112,Eynatten 1 (BE) // Lichtenbusch / Raeren (DE),21Z0000000000155,entry,kWh/h,,,0,2022-02-27T02:11:08+01:00,,Confirmed,,,,,True,,,True,PRISMA,,https://platform.prisma-capacity.eu/,,Cross-Border Transmission IP within EU,0,False
1Physical Flowhour2022-01-23 22:00:00 +00:002022-01-23 23:00:00 +00:00BE-TSO-0001ITP-00112entrykWh/h,1,Physical Flow,hour,2022-01-23T23:00:00+01:00,2022-01-24T00:00:00+01:00,BE-TSO-0001,21X-BE-A-A0A0A-Y,Fluxys Belgium,ITP-00112,Eynatten 1 (BE) // Lichtenbusch / Raeren (DE),21Z0000000000155,entry,kWh/h,,,0,2022-02-27T02:11:08+01:00,,Confirmed,,,,,True,,,True,PRISMA,,https://platform.prisma-capacity.eu/,,Cross-Border Transmission IP within EU,0,False
1Physical Flowhour2022-01-23 23:00:00 +00:002022-01-24 00:00:00 +00:00BE-TSO-0001ITP-00112entrykWh/h,1,Physical Flow,hour,2022-01-24T00:00:00+01:00,2022-01-24T01:00:00+01:00,BE-TSO-0001,21X-BE-A-A0A0A-Y,Fluxys Belgium,ITP-00112,Eynatten 1 (BE) // Lichtenbusch / Raeren (DE),21Z0000000000155,entry,kWh/h,,,0,2022-02-27T02:11:08+01:00,,Confirmed,,,,,True,,,True,PRISMA,,https://platform.prisma-capacity.eu/,,Cross-Border Transmission IP within EU,0,False
1Physical Flowhour2022-01-24 00:00:00 +00:002022-01-24 01:00:00 +00:00BE-TSO-0001ITP-00112entrykWh/h,1,Physical Flow,hour,2022-01-24T01:00:00+01:00,2022-01-24T02:00:00+01:00,BE-TSO-0001,21X-BE-A-A0A0A-Y,Fluxys Belgium,ITP-00112,Eynatten 1 (BE) // Lichtenbusch / Raeren (DE),21Z0000000000155,entry,kWh/h,,,0,2022-02-27T02:11:08+01:00,,Confirmed,,,,,True,,,True,PRISMA,,https://platform.prisma-capacity.eu/,,Cross-Border Transmission IP within EU,0,False
1Physical Flowhour2022-01-24 01:00:00 +00:002022-01-24 02:00:00 +00:00BE-TSO-0001ITP-00112entrykWh/h,1,Physical Flow,hour,2022-01-24T02:00:00+01:00,2022-01-24T03:00:00+01:00,BE-TSO-0001,21X-BE-A-A0A0A-Y,Fluxys Belgium,ITP-00112,Eynatten 1 (BE) // Lichtenbusch / Raeren (DE),21Z0000000000155,entry,kWh/h,,,0,2022-02-27T02:11:08+01:00,,Confirmed,,,,,True,,,True,PRISMA,,https://platform.prisma-capacity.eu/,,Cross-Border Transmission IP within EU,0,False
1Physical Flowhour2022-01-24 02:00:00 +00:002022-01-24 03:00:00 +00:00BE-TSO-0001ITP-00112entrykWh/h,1,Physical Flow,hour,2022-01-24T03:00:00+01:00,2022-01-24T04:00:00+01:00,BE-TSO-0001,21X-BE-A-A0A0A-Y,Fluxys Belgium,ITP-00112,Eynatten 1 (BE) // Lichtenbusch / Raeren (DE),21Z0000000000155,entry,kWh/h,,,0,2022-02-27T02:11:08+01:00,,Confirmed,,,,,True,,,True,PRISMA,,https://platform.prisma-capacity.eu/,,Cross-Border Transmission IP within EU,0,False
1Physical Flowhour2022-01-24 03:00:00 +00:002022-01-24 04:00:00 +00:00BE-TSO-0001ITP-00112entrykWh/h,1,Physical Flow,hour,2022-01-24T04:00:00+01:00,2022-01-24T05:00:00+01:00,BE-TSO-0001,21X-BE-A-A0A0A-Y,Fluxys Belgium,ITP-00112,Eynatten 1 (BE) // Lichtenbusch / Raeren (DE),21Z0000000000155,entry,kWh/h,,,0,2022-02-27T02:11:08+01:00,,Confirmed,,,,,True,,,True,PRISMA,,https://platform.prisma-capacity.eu/,,Cross-Border Transmission IP within EU,0,False
1Physical Flowhour2022-01-24 04:00:00 +00:002022-01-24 05:00:00 +00:00BE-TSO-0001ITP-00112entrykWh/h,1,Physical Flow,hour,2022-01-24T05:00:00+01:00,2022-01-24T06:00:00+01:00,BE-TSO-0001,21X-BE-A-A0A0A-Y,Fluxys Belgium,ITP-00112,Eynatten 1 (BE) // Lichtenbusch / Raeren (DE),21Z0000000000155,entry,kWh/h,,,0,2022-02-27T02:11:08+01:00,,Confirmed,,,,,True,,,True,PRISMA,,https://platform.prisma-capacity.eu/,,Cross-Border Transmission IP within EU,0,False
1Physical Flowhour2022-01-24 05:00:00 +00:002022-01-24 06:00:00 +00:00BE-TSO-0001ITP-00112entrykWh/h,1,Physical Flow,hour,2022-01-24T06:00:00+01:00,2022-01-24T07:00:00+01:00,BE-TSO-0001,21X-BE-A-A0A0A-Y,Fluxys Belgium,ITP-00112,Eynatten 1 (BE) // Lichtenbusch / Raeren (DE),21Z0000000000155,entry,kWh/h,,,0,2022-02-27T02:11:08+01:00,,Confirmed,,,,,True,,,True,PRISMA,,https://platform.prisma-capacity.eu/,,Cross-Border Transmission IP within EU,0,False
1Physical Flowhour2022-01-24 06:00:00 +00:002022-01-24 07:00:00 +00:00BE-TSO-0001ITP-00112entrykWh/h,1,Physical Flow,hour,2022-01-24T07:00:00+01:00,2022-01-24T08:00:00+01:00,BE-TSO-0001,21X-BE-A-A0A0A-Y,Fluxys Belgium,ITP-00112,Eynatten 1 (BE) // Lichtenbusch / Raeren (DE),21Z0000000000155,entry,kWh/h,,,0,2022-02-27T02:11:08+01:00,,Confirmed,,,,,True,,,True,PRISMA,,https://platform.prisma-capacity.eu/,,Cross-Border Transmission IP within EU,0,False
1Physical Flowhour2022-01-24 07:00:00 +00:002022-01-24 08:00:00 +00:00BE-TSO-0001ITP-00112entrykWh/h,1,Physical Flow,hour,2022-01-24T08:00:00+01:00,2022-01-24T09:00:00+01:00,BE-TSO-0001,21X-BE-A-A0A0A-Y,Fluxys Belgium,ITP-00112,Eynatten 1 (BE) // Lichtenbusch / Raeren (DE),21Z0000000000155,entry,kWh/h,,,0,2022-02-27T02:11:08+01:00,,Confirmed,,,,,True,,,True,PRISMA,,https://platform.prisma-capacity.eu/,,Cross-Border Transmission IP within EU,0,False
1Physical Flowhour2022-01-24 08:00:00 +00:002022-01-24 09:00:00 +00:00BE-TSO-0001ITP-00112entrykWh/h,1,Physical Flow,hour,2022-01-24T09:00:00+01:00,2022-01-24T10:00:00+01:00,BE-TSO-0001,21X-BE-A-A0A0A-Y,Fluxys Belgium,ITP-00112,Eynatten 1 (BE) // Lichtenbusch / Raeren (DE),21Z0000000000155,entry,kWh/h,,,0,2022-02-27T02:11:08+01:00,,Confirmed,,,,,True,,,True,PRISMA,,https://platform.prisma-capacity.eu/,,Cross-Border Transmission IP within EU,0,False
1Physical Flowhour2022-01-24 09:00:00 +00:002022-01-24 10:00:00 +00:00BE-TSO-0001ITP-00112entrykWh/h,1,Physical Flow,hour,2022-01-24T10:00:00+01:00,2022-01-24T11:00:00+01:00,BE-TSO-0001,21X-BE-A-A0A0A-Y,Fluxys Belgium,ITP-00112,Eynatten 1 (BE) // Lichtenbusch / Raeren (DE),21Z0000000000155,entry,kWh/h,,,0,2022-02-27T02:11:08+01:00,,Confirmed,,,,,True,,,True,PRISMA,,https://platform.prisma-capacity.eu/,,Cross-Border Transmission IP within EU,0,False
1Physical Flowhour2022-01-24 10:00:00 +00:002022-01-24 11:00:00 +00:00BE-TSO-0001ITP-00112entrykWh/h,1,Physical Flow,hour,2022-01-24T11:00:00+01:00,2022-01-24T12:00:00+01:00,BE-TSO-0001,21X-BE-A-A0A0A-Y,Fluxys Belgium,ITP-00112,Eynatten 1 (BE) // Lichtenbusch / Raeren (DE),21Z0000000000155,entry,kWh/h,,,0,2022-02-27T02:11:08+01:00,,Confirmed,,,,,True,,,True,PRISMA,,https://platform.prisma-capacity.eu/,,Cross-Border Transmission IP within EU,0,False
1Physical Flowhour2022-01-24 11:00:00 +00:002022-01-24 12:00:00 +00:00BE-TSO-0001ITP-00112entrykWh/h,1,Physical Flow,hour,2022-01-24T12:00:00+01:00,2022-01-24T13:00:00+01:00,BE-TSO-0001,21X-BE-A-A0A0A-Y,Fluxys Belgium,ITP-00112,Eynatten 1 (BE) // Lichtenbusch / Raeren (DE),21Z0000000000155,entry,kWh/h,,,0,2022-02-27T02:11:08+01:00,,Confirmed,,,,,True,,,True,PRISMA,,https://platform.prisma-capacity.eu/,,Cross-Border Transmission IP within EU,0,False
1Physical Flowhour2022-01-24 12:00:00 +00:002022-01-24 13:00:00 +00:00BE-TSO-0001ITP-00112entrykWh/h,1,Physical Flow,hour,2022-01-24T13:00:00+01:00,2022-01-24T14:00:00+01:00,BE-TSO-0001,21X-BE-A-A0A0A-Y,Fluxys Belgium,ITP-00112,Eynatten 1 (BE) // Lichtenbusch / Raeren (DE),21Z0000000000155,entry,kWh/h,,,0,2022-02-27T02:11:08+01:00,,Confirmed,,,,,True,,,True,PRISMA,,https://platform.prisma-capacity.eu/,,Cross-Border Transmission IP within EU,0,False
1Physical Flowhour2022-01-24 13:00:00 +00:002022-01-24 14:00:00 +00:00BE-TSO-0001ITP-00112entrykWh/h,1,Physical Flow,hour,2022-01-24T14:00:00+01:00,2022-01-24T15:00:00+01:00,BE-TSO-0001,21X-BE-A-A0A0A-Y,Fluxys Belgium,ITP-00112,Eynatten 1 (BE) // Lichtenbusch / Raeren (DE),21Z0000000000155,entry,kWh/h,,,0,2022-02-27T02:11:08+01:00,,Confirmed,,,,,True,,,True,PRISMA,,https://platform.prisma-capacity.eu/,,Cross-Border Transmission IP within EU,0,False
1Physical Flowhour2022-01-24 14:00:00 +00:002022-01-24 15:00:00 +00:00BE-TSO-0001ITP-00112entrykWh/h,1,Physical Flow,hour,2022-01-24T15:00:00+01:00,2022-01-24T16:00:00+01:00,BE-TSO-0001,21X-BE-A-A0A0A-Y,Fluxys Belgium,ITP-00112,Eynatten 1 (BE) // Lichtenbusch / Raeren (DE),21Z0000000000155,entry,kWh/h,,,0,2022-02-27T02:11:08+01:00,,Confirmed,,,,,True,,,True,PRISMA,,https://platform.prisma-capacity.eu/,,Cross-Border Transmission IP within EU,0,False
1Physical Flowhour2022-01-24 15:00:00 +00:002022-01-24 16:00:00 +00:00BE-TSO-0001ITP-00112entrykWh/h,1,Physical Flow,hour,2022-01-24T16:00:00+01:00,2022-01-24T17:00:00+01:00,BE-TSO-0001,21X-BE-A-A0A0A-Y,Fluxys Belgium,ITP-00112,Eynatten 1 (BE) // Lichtenbusch / Raeren (DE),21Z0000000000155,entry,kWh/h,,,0,2022-02-27T02:11:08+01:00,,Confirmed,,,,,True,,,True,PRISMA,,https://platform.prisma-capacity.eu/,,Cross-Border Transmission IP within EU,0,False
1Physical Flowhour2022-01-24 16:00:00 +00:002022-01-24 17:00:00 +00:00BE-TSO-0001ITP-00112entrykWh/h,1,Physical Flow,hour,2022-01-24T17:00:00+01:00,2022-01-24T18:00:00+01:00,BE-TSO-0001,21X-BE-A-A0A0A-Y,Fluxys Belgium,ITP-00112,Eynatten 1 (BE) // Lichtenbusch / Raeren (DE),21Z0000000000155,entry,kWh/h,,,0,2022-02-27T02:11:08+01:00,,Confirmed,,,,,True,,,True,PRISMA,,https://platform.prisma-capacity.eu/,,Cross-Border Transmission IP within EU,0,False
1Physical Flowhour2022-01-24 17:00:00 +00:002022-01-24 18:00:00 +00:00BE-TSO-0001ITP-00112entrykWh/h,1,Physical Flow,hour,2022-01-24T18:00:00+01:00,2022-01-24T19:00:00+01:00,BE-TSO-0001,21X-BE-A-A0A0A-Y,Fluxys Belgium,ITP-00112,Eynatten 1 (BE) // Lichtenbusch / Raeren (DE),21Z0000000000155,entry,kWh/h,,,0,2022-02-27T02:11:08+01:00,,Confirmed,,,,,True,,,True,PRISMA,,https://platform.prisma-capacity.eu/,,Cross-Border Transmission IP within EU,0,False
1Physical Flowhour2022-01-24 18:00:00 +00:002022-01-24 19:00:00 +00:00BE-TSO-0001ITP-00112entrykWh/h,1,Physical Flow,hour,2022-01-24T19:00:00+01:00,2022-01-24T20:00:00+01:00,BE-TSO-0001,21X-BE-A-A0A0A-Y,Fluxys Belgium,ITP-00112,Eynatten 1 (BE) // Lichtenbusch / Raeren (DE),21Z0000000000155,entry,kWh/h,,,0,2022-02-27T02:11:08+01:00,,Confirmed,,,,,True,,,True,PRISMA,,https://platform.prisma-capacity.eu/,,Cross-Border Transmission IP within EU,0,False
1Physical Flowhour2022-01-24 19:00:00 +00:002022-01-24 20:00:00 +00:00BE-TSO-0001ITP-00112entrykWh/h,1,Physical Flow,hour,2022-01-24T20:00:00+01:00,2022-01-24T21:00:00+01:00,BE-TSO-0001,21X-BE-A-A0A0A-Y,Fluxys Belgium,ITP-00112,Eynatten 1 (BE) // Lichtenbusch / Raeren (DE),21Z0000000000155,entry,kWh/h,,,0,2022-02-27T02:11:08+01:00,,Confirmed,,,,,True,,,True,PRISMA,,https://platform.prisma-capacity.eu/,,Cross-Border Transmission IP within EU,0,False
1Physical Flowhour2022-01-24 20:00:00 +00:002022-01-24 21:00:00 +00:00BE-TSO-0001ITP-00112entrykWh/h,1,Physical Flow,hour,2022-01-24T21:00:00+01:00,2022-01-24T22:00:00+01:00,BE-TSO-0001,21X-BE-A-A0A0A-Y,Fluxys Belgium,ITP-00112,Eynatten 1 (BE) // Lichtenbusch / Raeren (DE),21Z0000000000155,entry,kWh/h,,,0,2022-02-27T02:11:08+01:00,,Confirmed,,,,,True,,,True,PRISMA,,https://platform.prisma-capacity.eu/,,Cross-Border Transmission IP within EU,0,False
1Physical Flowhour2022-01-24 21:00:00 +00:002022-01-24 22:00:00 +00:00BE-TSO-0001ITP-00112entrykWh/h,1,Physical Flow,hour,2022-01-24T22:00:00+01:00,2022-01-24T23:00:00+01:00,BE-TSO-0001,21X-BE-A-A0A0A-Y,Fluxys Belgium,ITP-00112,Eynatten 1 (BE) // Lichtenbusch / Raeren (DE),21Z0000000000155,entry,kWh/h,,,0,2022-02-27T02:11:08+01:00,,Confirmed,,,,,True,,,True,PRISMA,,https://platform.prisma-capacity.eu/,,Cross-Border Transmission IP within EU,0,False
1Physical Flowhour2022-01-24 22:00:00 +00:002022-01-24 23:00:00 +00:00BE-TSO-0001ITP-00112entrykWh/h,1,Physical Flow,hour,2022-01-24T23:00:00+01:00,2022-01-25T00:00:00+01:00,BE-TSO-0001,21X-BE-A-A0A0A-Y,Fluxys Belgium,ITP-00112,Eynatten 1 (BE) // Lichtenbusch / Raeren (DE),21Z0000000000155,entry,kWh/h,,,0,2022-02-27T02:11:08+01:00,,Confirmed,,,,,True,,,True,PRISMA,,https://platform.prisma-capacity.eu/,,Cross-Border Transmission IP within EU,0,False
1Physical Flowhour2022-01-24 23:00:00 +00:002022-01-25 00:00:00 +00:00BE-TSO-0001ITP-00112entrykWh/h,1,Physical Flow,hour,2022-01-25T00:00:00+01:00,2022-01-25T01:00:00+01:00,BE-TSO-0001,21X-BE-A-A0A0A-Y,Fluxys Belgium,ITP-00112,Eynatten 1 (BE) // Lichtenbusch / Raeren (DE),21Z0000000000155,entry,kWh/h,,,0,2022-02-27T02:11:08+01:00,,Confirmed,,,,,True,,,True,PRISMA,,https://platform.prisma-capacity.eu/,,Cross-Border Transmission IP within EU,0,False
1Physical Flowhour2022-01-25 00:00:00 +00:002022-01-25 01:00:00 +00:00BE-TSO-0001ITP-00112entrykWh/h,1,Physical Flow,hour,2022-01-25T01:00:00+01:00,2022-01-25T02:00:00+01:00,BE-TSO-0001,21X-BE-A-A0A0A-Y,Fluxys Belgium,ITP-00112,Eynatten 1 (BE) // Lichtenbusch / Raeren (DE),21Z0000000000155,entry,kWh/h,,,0,2022-02-27T02:11:08+01:00,,Confirmed,,,,,True,,,True,PRISMA,,https://platform.prisma-capacity.eu/,,Cross-Border Transmission IP within EU,0,False
1Physical Flowhour2022-01-25 01:00:00 +00:002022-01-25 02:00:00 +00:00BE-TSO-0001ITP-00112entrykWh/h,1,Physical Flow,hour,2022-01-25T02:00:00+01:00,2022-01-25T03:00:00+01:00,BE-TSO-0001,21X-BE-A-A0A0A-Y,Fluxys Belgium,ITP-00112,Eynatten 1 (BE) // Lichtenbusch / Raeren (DE),21Z0000000000155,entry,kWh/h,,,0,2022-02-27T02:11:08+01:00,,Confirmed,,,,,True,,,True,PRISMA,,https://platform.prisma-capacity.eu/,,Cross-Border Transmission IP within EU,0,False
1Physical Flowhour2022-01-25 02:00:00 +00:002022-01-25 03:00:00 +00:00BE-TSO-0001ITP-00112entrykWh/h,1,Physical Flow,hour,2022-01-25T03:00:00+01:00,2022-01-25T04:00:00+01:00,BE-TSO-0001,21X-BE-A-A0A0A-Y,Fluxys Belgium,ITP-00112,Eynatten 1 (BE) // Lichtenbusch / Raeren (DE),21Z0000000000155,entry,kWh/h,,,0,2022-02-27T02:11:08+01:00,,Confirmed,,,,,True,,,True,PRISMA,,https://platform.prisma-capacity.eu/,,Cross-Border Transmission IP within EU,0,False
1Physical Flowhour2022-01-25 03:00:00 +00:002022-01-25 04:00:00 +00:00BE-TSO-0001ITP-00112entrykWh/h,1,Physical Flow,hour,2022-01-25T04:00:00+01:00,2022-01-25T05:00:00+01:00,BE-TSO-0001,21X-BE-A-A0A0A-Y,Fluxys Belgium,ITP-00112,Eynatten 1 (BE) // Lichtenbusch / Raeren (DE),21Z0000000000155,entry,kWh/h,,,0,2022-02-27T02:11:08+01:00,,Confirmed,,,,,True,,,True,PRISMA,,https://platform.prisma-capacity.eu/,,Cross-Border Transmission IP within EU,0,False
1Physical Flowhour2022-01-25 04:00:00 +00:002022-01-25 05:00:00 +00:00BE-TSO-0001ITP-00112entrykWh/h,1,Physical Flow,hour,2022-01-25T05:00:00+01:00,2022-01-25T06:00:00+01:00,BE-TSO-0001,21X-BE-A-A0A0A-Y,Fluxys Belgium,ITP-00112,Eynatten 1 (BE) // Lichtenbusch / Raeren (DE),21Z0000000000155,entry,kWh/h,,,0,2022-02-27T02:11:08+01:00,,Confirmed,,,,,True,,,True,PRISMA,,https://platform.prisma-capacity.eu/,,Cross-Border Transmission IP within EU,0,False
1Physical Flowhour2022-01-25 05:00:00 +00:002022-01-25 06:00:00 +00:00BE-TSO-0001ITP-00112entrykWh/h,1,Physical Flow,hour,2022-01-25T06:00:00+01:00,2022-01-25T07:00:00+01:00,BE-TSO-0001,21X-BE-A-A0A0A-Y,Fluxys Belgium,ITP-00112,Eynatten 1 (BE) // Lichtenbusch / Raeren (DE),21Z0000000000155,entry,kWh/h,,,0,2022-02-27T02:11:08+01:00,,Confirmed,,,,,True,,,True,PRISMA,,https://platform.prisma-capacity.eu/,,Cross-Border Transmission IP within EU,0,False
1Physical Flowhour2022-01-25 06:00:00 +00:002022-01-25 07:00:00 +00:00BE-TSO-0001ITP-00112entrykWh/h,1,Physical Flow,hour,2022-01-25T07:00:00+01:00,2022-01-25T08:00:00+01:00,BE-TSO-0001,21X-BE-A-A0A0A-Y,Fluxys Belgium,ITP-00112,Eynatten 1 (BE) // Lichtenbusch / Raeren (DE),21Z0000000000155,entry,kWh/h,,,0,2022-02-27T02:11:08+01:00,,Confirmed,,,,,True,,,True,PRISMA,,https://platform.prisma-capacity.eu/,,Cross-Border Transmission IP within EU,0,False
1Physical Flowhour2022-01-25 07:00:00 +00:002022-01-25 08:00:00 +00:00BE-TSO-0001ITP-00112entrykWh/h,1,Physical Flow,hour,2022-01-25T08:00:00+01:00,2022-01-25T09:00:00+01:00,BE-TSO-0001,21X-BE-A-A0A0A-Y,Fluxys Belgium,ITP-00112,Eynatten 1 (BE) // Lichtenbusch / Raeren (DE),21Z0000000000155,entry,kWh/h,,,0,2022-02-27T02:11:08+01:00,,Confirmed,,,,,True,,,True,PRISMA,,https://platform.prisma-capacity.eu/,,Cross-Border Transmission IP within EU,0,False
1Physical Flowhour2022-01-25 08:00:00 +00:002022-01-25 09:00:00 +00:00BE-TSO-0001ITP-00112entrykWh/h,1,Physical Flow,hour,2022-01-25T09:00:00+01:00,2022-01-25T10:00:00+01:00,BE-TSO-0001,21X-BE-A-A0A0A-Y,Fluxys Belgium,ITP-00112,Eynatten 1 (BE) // Lichtenbusch / Raeren (DE),21Z0000000000155,entry,kWh/h,,,0,2022-02-27T02:11:08+01:00,,Confirmed,,,,,True,,,True,PRISMA,,https://platform.prisma-capacity.eu/,,Cross-Border Transmission IP within EU,0,False
1Physical Flowhour2022-01-25 09:00:00 +00:002022-01-25 10:00:00 +00:00BE-TSO-0001ITP-00112entrykWh/h,1,Physical Flow,hour,2022-01-25T10:00:00+01:00,2022-01-25T11:00:00+01:00,BE-TSO-0001,21X-BE-A-A0A0A-Y,Fluxys Belgium,ITP-00112,Eynatten 1 (BE) // Lichtenbusch / Raeren (DE),21Z0000000000155,entry,kWh/h,,,0,2022-02-27T02:11:08+01:00,,Confirmed,,,,,True,,,True,PRISMA,,https://platform.prisma-capacity.eu/,,Cross-Border Transmission IP within EU,0,False
1Physical Flowhour2022-01-25 10:00:00 +00:002022-01-25 11:00:00 +00:00BE-TSO-0001ITP-00112entrykWh/h,1,Physical Flow,hour,2022-01-25T11:00:00+01:00,2022-01-25T12:00:00+01:00,BE-TSO-0001,21X-BE-A-A0A0A-Y,Fluxys Belgium,ITP-00112,Eynatten 1 (BE) // Lichtenbusch / Raeren (DE),21Z0000000000155,entry,kWh/h,,,0,2022-02-27T02:11:08+01:00,,Confirmed,,,,,True,,,True,PRISMA,,https://platform.prisma-capacity.eu/,,Cross-Border Transmission IP within EU,0,False
1Physical Flowhour2022-01-25 11:00:00 +00:002022-01-25 12:00:00 +00:00BE-TSO-0001ITP-00112entrykWh/h,1,Physical Flow,hour,2022-01-25T12:00:00+01:00,2022-01-25T13:00:00+01:00,BE-TSO-0001,21X-BE-A-A0A0A-Y,Fluxys Belgium,ITP-00112,Eynatten 1 (BE) // Lichtenbusch / Raeren (DE),21Z0000000000155,entry,kWh/h,,,0,2022-02-27T02:11:08+01:00,,Confirmed,,,,,True,,,True,PRISMA,,https://platform.prisma-capacity.eu/,,Cross-Border Transmission IP within EU,0,False
1Physical Flowhour2022-01-25 12:00:00 +00:002022-01-25 13:00:00 +00:00BE-TSO-0001ITP-00112entrykWh/h,1,Physical Flow,hour,2022-01-25T13:00:00+01:00,2022-01-25T14:00:00+01:00,BE-TSO-0001,21X-BE-A-A0A0A-Y,Fluxys Belgium,ITP-00112,Eynatten 1 (BE) // Lichtenbusch / Raeren (DE),21Z0000000000155,entry,kWh/h,,,0,2022-02-27T02:11:08+01:00,,Confirmed,,,,,True,,,True,PRISMA,,https://platform.prisma-capacity.eu/,,Cross-Border Transmission IP within EU,0,False
1Physical Flowhour2022-01-25 13:00:00 +00:002022-01-25 14:00:00 +00:00BE-TSO-0001ITP-00112entrykWh/h,1,Physical Flow,hour,2022-01-25T14:00:00+01:00,2022-01-25T15:00:00+01:00,BE-TSO-0001,21X-BE-A-A0A0A-Y,Fluxys Belgium,ITP-00112,Eynatten 1 (BE) // Lichtenbusch / Raeren (DE),21Z0000000000155,entry,kWh/h,,,0,2022-02-27T02:11:08+01:00,,Confirmed,,,,,True,,,True,PRISMA,,https://platform.prisma-capacity.eu/,,Cross-Border Transmission IP within EU,0,False
1Physical Flowhour2022-01-25 14:00:00 +00:002022-01-25 15:00:00 +00:00BE-TSO-0001ITP-00112entrykWh/h,1,Physical Flow,hour,2022-01-25T15:00:00+01:00,2022-01-25T16:00:00+01:00,BE-TSO-0001,21X-BE-A-A0A0A-Y,Fluxys Belgium,ITP-00112,Eynatten 1 (BE) // Lichtenbusch / Raeren (DE),21Z0000000000155,entry,kWh/h,,,0,2022-02-27T02:11:08+01:00,,Confirmed,,,,,True,,,True,PRISMA,,https://platform.prisma-capacity.eu/,,Cross-Border Transmission IP within EU,0,False
1Physical Flowhour2022-01-25 15:00:00 +00:002022-01-25 16:00:00 +00:00BE-TSO-0001ITP-00112entrykWh/h,1,Physical Flow,hour,2022-01-25T16:00:00+01:00,2022-01-25T17:00:00+01:00,BE-TSO-0001,21X-BE-A-A0A0A-Y,Fluxys Belgium,ITP-00112,Eynatten 1 (BE) // Lichtenbusch / Raeren (DE),21Z0000000000155,entry,kWh/h,,,0,2022-02-27T02:11:08+01:00,,Confirmed,,,,,True,,,True,PRISMA,,https://platform.prisma-capacity.eu/,,Cross-Border Transmission IP within EU,0,False
1Physical Flowhour2022-01-25 16:00:00 +00:002022-01-25 17:00:00 +00:00BE-TSO-0001ITP-00112entrykWh/h,1,Physical Flow,hour,2022-01-25T17:00:00+01:00,2022-01-25T18:00:00+01:00,BE-TSO-0001,21X-BE-A-A0A0A-Y,Fluxys Belgium,ITP-00112,Eynatten 1 (BE) // Lichtenbusch / Raeren (DE),21Z0000000000155,entry,kWh/h,,,0,2022-02-27T02:11:08+01:00,,Confirmed,,,,,True,,,True,PRISMA,,https://platform.prisma-capacity.eu/,,Cross-Border Transmission IP within EU,0,False
1Physical Flowhour2022-01-25 17:00:00 +00:002022-01-25 18:00:00 +00:00BE-TSO-0001ITP-00112entrykWh/h,1,Physical Flow,hour,2022-01-25T18:00:00+01:00,2022-01-25T19:00:00+01:00,BE-TSO-0001,21X-BE-A-A0A0A-Y,Fluxys Belgium,ITP-00112,Eynatten 1 (BE) // Lichtenbusch / Raeren (DE),21Z0000000000155,entry,kWh/h,,,0,2022-02-27T02:11:08+01:00,,Confirmed,,,,,True,,,True,PRISMA,,https://platform.prisma-capacity.eu/,,Cross-Border Transmission IP within EU,0,False
1Physical Flowhour2022-01-25 18:00:00 +00:002022-01-25 19:00:00 +00:00BE-TSO-0001ITP-00112entrykWh/h,1,Physical Flow,hour,2022-01-25T19:00:00+01:00,2022-01-25T20:00:00+01:00,BE-TSO-0001,21X-BE-A-A0A0A-Y,Fluxys Belgium,ITP-00112,Eynatten 1 (BE) // Lichtenbusch / Raeren (DE),21Z0000000000155,entry,kWh/h,,,0,2022-02-27T02:11:08+01:00,,Confirmed,,,,,True,,,True,PRISMA,,https://platform.prisma-capacity.eu/,,Cross-Border Transmission IP within EU,0,False
1Physical Flowhour2022-01-25 19:00:00 +00:002022-01-25 20:00:00 +00:00BE-TSO-0001ITP-00112entrykWh/h,1,Physical Flow,hour,2022-01-25T20:00:00+01:00,2022-01-25T21:00:00+01:00,BE-TSO-0001,21X-BE-A-A0A0A-Y,Fluxys Belgium,ITP-00112,Eynatten 1 (BE) // Lichtenbusch / Raeren (DE),21Z0000000000155,entry,kWh/h,,,0,2022-02-27T02:11:08+01:00,,Confirmed,,,,,True,,,True,PRISMA,,https://platform.prisma-capacity.eu/,,Cross-Border Transmission IP within EU,0,False
1Physical Flowhour2022-01-25 20:00:00 +00:002022-01-25 21:00:00 +00:00BE-TSO-0001ITP-00112entrykWh/h,1,Physical Flow,hour,2022-01-25T21:00:00+01:00,2022-01-25T22:00:00+01:00,BE-TSO-0001,21X-BE-A-A0A0A-Y,Fluxys Belgium,ITP-00112,Eynatten 1 (BE) // Lichtenbusch / Raeren (DE),21Z0000000000155,entry,kWh/h,,,0,2022-02-27T02:11:08+01:00,,Confirmed,,,,,True,,,True,PRISMA,,https://platform.prisma-capacity.eu/,,Cross-Border Transmission IP within EU,0,False
1Physical Flowhour2022-01-25 21:00:00 +00:002022-01-25 22:00:00 +00:00BE-TSO-0001ITP-00112entrykWh/h,1,Physical Flow,hour,2022-01-25T22:00:00+01:00,2022-01-25T23:00:00+01:00,BE-TSO-0001,21X-BE-A-A0A0A-Y,Fluxys Belgium,ITP-00112,Eynatten 1 (BE) // Lichtenbusch / Raeren (DE),21Z0000000000155,entry,kWh/h,,,0,2022-02-27T02:11:08+01:00,,Confirmed,,,,,True,,,True,PRISMA,,https://platform.prisma-capacity.eu/,,Cross-Border Transmission IP within EU,0,False
1Physical Flowhour2022-01-25 22:00:00 +00:002022-01-25 23:00:00 +00:00BE-TSO-0001ITP-00112entrykWh/h,1,Physical Flow,hour,2022-01-25T23:00:00+01:00,2022-01-26T00:00:00+01:00,BE-TSO-0001,21X-BE-A-A0A0A-Y,Fluxys Belgium,ITP-00112,Eynatten 1 (BE) // Lichtenbusch / Raeren (DE),21Z0000000000155,entry,kWh/h,,,0,2022-02-27T02:11:08+01:00,,Confirmed,,,,,True,,,True,PRISMA,,https://platform.prisma-capacity.eu/,,Cross-Border Transmission IP within EU,0,False
1Physical Flowhour2022-01-25 23:00:00 +00:002022-01-26 00:00:00 +00:00BE-TSO-0001ITP-00112entrykWh/h,1,Physical Flow,hour,2022-01-26T00:00:00+01:00,2022-01-26T01:00:00+01:00,BE-TSO-0001,21X-BE-A-A0A0A-Y,Fluxys Belgium,ITP-00112,Eynatten 1 (BE) // Lichtenbusch / Raeren (DE),21Z0000000000155,entry,kWh/h,,,0,2022-02-27T02:11:08+01:00,,Confirmed,,,,,True,,,True,PRISMA,,https://platform.prisma-capacity.eu/,,Cross-Border Transmission IP within EU,0,False
1Physical Flowhour2022-01-26 00:00:00 +00:002022-01-26 01:00:00 +00:00BE-TSO-0001ITP-00112entrykWh/h,1,Physical Flow,hour,2022-01-26T01:00:00+01:00,2022-01-26T02:00:00+01:00,BE-TSO-0001,21X-BE-A-A0A0A-Y,Fluxys Belgium,ITP-00112,Eynatten 1 (BE) // Lichtenbusch / Raeren (DE),21Z0000000000155,entry,kWh/h,,,0,2022-02-27T02:11:08+01:00,,Confirmed,,,,,True,,,True,PRISMA,,https://platform.prisma-capacity.eu/,,Cross-Border Transmission IP within EU,0,False
1Physical Flowhour2022-01-26 01:00:00 +00:002022-01-26 02:00:00 +00:00BE-TSO-0001ITP-00112entrykWh/h,1,Physical Flow,hour,2022-01-26T02:00:00+01:00,2022-01-26T03:00:00+01:00,BE-TSO-0001,21X-BE-A-A0A0A-Y,Fluxys Belgium,ITP-00112,Eynatten 1 (BE) // Lichtenbusch / Raeren (DE),21Z0000000000155,entry,kWh/h,,,0,2022-02-27T02:11:08+01:00,,Confirmed,,,,,True,,,True,PRISMA,,https://platform.prisma-capacity.eu/,,Cross-Border Transmission IP within EU,0,False
1Physical Flowhour2022-01-26 02:00:00 +00:002022-01-26 03:00:00 +00:00BE-TSO-0001ITP-00112entrykWh/h,1,Physical Flow,hour,2022-01-26T03:00:00+01:00,2022-01-26T04:00:00+01:00,BE-TSO-0001,21X-BE-A-A0A0A-Y,Fluxys Belgium,ITP-00112,Eynatten 1 (BE) // Lichtenbusch / Raeren (DE),21Z0000000000155,entry,kWh/h,,,0,2022-02-27T02:11:08+01:00,,Confirmed,,,,,True,,,True,PRISMA,,https://platform.prisma-capacity.eu/,,Cross-Border Transmission IP within EU,0,False
1Physical Flowhour2022-01-26 03:00:00 +00:002022-01-26 04:00:00 +00:00BE-TSO-0001ITP-00112entrykWh/h,1,Physical Flow,hour,2022-01-26T04:00:00+01:00,2022-01-26T05:00:00+01:00,BE-TSO-0001,21X-BE-A-A0A0A-Y,Fluxys Belgium,ITP-00112,Eynatten 1 (BE) // Lichtenbusch / Raeren (DE),21Z0000000000155,entry,kWh/h,,,0,2022-02-27T02:11:08+01:00,,Confirmed,,,,,True,,,True,PRISMA,,https://platform.prisma-capacity.eu/,,Cross-Border Transmission IP within EU,0,False
1Physical Flowhour2022-01-26 04:00:00 +00:002022-01-26 05:00:00 +00:00BE-TSO-0001ITP-00112entrykWh/h,1,Physical Flow,hour,2022-01-26T05:00:00+01:00,2022-01-26T06:00:00+01:00,BE-TSO-0001,21X-BE-A-A0A0A-Y,Fluxys Belgium,ITP-00112,Eynatten 1 (BE) // Lichtenbusch / Raeren (DE),21Z0000000000155,entry,kWh/h,,,0,2022-02-27T02:11:08+01:00,,Confirmed,,,,,True,,,True,PRISMA,,https://platform.prisma-capacity.eu/,,Cross-Border Transmission IP within EU,0,False
1Physical Flowhour2022-01-26 05:00:00 +00:002022-01-26 06:00:00 +00:00BE-TSO-0001ITP-00112entrykWh/h,1,Physical Flow,hour,2022-01-26T06:00:00+01:00,2022-01-26T07:00:00+01:00,BE-TSO-0001,21X-BE-A-A0A0A-Y,Fluxys Belgium,ITP-00112,Eynatten 1 (BE) // Lichtenbusch / Raeren (DE),21Z0000000000155,entry,kWh/h,,,0,2022-02-27T02:11:08+01:00,,Confirmed,,,,,True,,,True,PRISMA,,https://platform.prisma-capacity.eu/,,Cross-Border Transmission IP within EU,0,False
1Physical Flowhour2022-01-26 06:00:00 +00:002022-01-26 07:00:00 +00:00BE-TSO-0001ITP-00112entrykWh/h,1,Physical Flow,hour,2022-01-26T07:00:00+01:00,2022-01-26T08:00:00+01:00,BE-TSO-0001,21X-BE-A-A0A0A-Y,Fluxys Belgium,ITP-00112,Eynatten 1 (BE) // Lichtenbusch / Raeren (DE),21Z0000000000155,entry,kWh/h,,,0,2022-02-27T02:11:08+01:00,,Confirmed,,,,,True,,,True,PRISMA,,https://platform.prisma-capacity.eu/,,Cross-Border Transmission IP within EU,0,False
1Physical Flowhour2022-01-26 07:00:00 +00:002022-01-26 08:00:00 +00:00BE-TSO-0001ITP-00112entrykWh/h,1,Physical Flow,hour,2022-01-26T08:00:00+01:00,2022-01-26T09:00:00+01:00,BE-TSO-0001,21X-BE-A-A0A0A-Y,Fluxys Belgium,ITP-00112,Eynatten 1 (BE) // Lichtenbusch / Raeren (DE),21Z0000000000155,entry,kWh/h,,,0,2022-02-27T02:11:08+01:00,,Confirmed,,,,,True,,,True,PRISMA,,https://platform.prisma-capacity.eu/,,Cross-Border Transmission IP within EU,0,False
1Physical Flowhour2022-01-26 08:00:00 +00:002022-01-26 09:00:00 +00:00BE-TSO-0001ITP-00112entrykWh/h,1,Physical Flow,hour,2022-01-26T09:00:00+01:00,2022-01-26T10:00:00+01:00,BE-TSO-0001,21X-BE-A-A0A0A-Y,Fluxys Belgium,ITP-00112,Eynatten 1 (BE) // Lichtenbusch / Raeren (DE),21Z0000000000155,entry,kWh/h,,,0,2022-02-27T02:11:08+01:00,,Confirmed,,,,,True,,,True,PRISMA,,https://platform.prisma-capacity.eu/,,Cross-Border Transmission IP within EU,0,False
1Physical Flowhour2022-01-26 09:00:00 +00:002022-01-26 10:00:00 +00:00BE-TSO-0001ITP-00112entrykWh/h,1,Physical Flow,hour,2022-01-26T10:00:00+01:00,2022-01-26T11:00:00+01:00,BE-TSO-0001,21X-BE-A-A0A0A-Y,Fluxys Belgium,ITP-00112,Eynatten 1 (BE) // Lichtenbusch / Raeren (DE),21Z0000000000155,entry,kWh/h,,,0,2022-02-27T02:11:08+01:00,,Confirmed,,,,,True,,,True,PRISMA,,https://platform.prisma-capacity.eu/,,Cross-Border Transmission IP within EU,0,False
1Physical Flowhour2022-01-26 10:00:00 +00:002022-01-26 11:00:00 +00:00BE-TSO-0001ITP-00112entrykWh/h,1,Physical Flow,hour,2022-01-26T11:00:00+01:00,2022-01-26T12:00:00+01:00,BE-TSO-0001,21X-BE-A-A0A0A-Y,Fluxys Belgium,ITP-00112,Eynatten 1 (BE) // Lichtenbusch / Raeren (DE),21Z0000000000155,entry,kWh/h,,,0,2022-02-27T02:11:08+01:00,,Confirmed,,,,,True,,,True,PRISMA,,https://platform.prisma-capacity.eu/,,Cross-Border Transmission IP within EU,0,False
1Physical Flowhour2022-01-26 11:00:00 +00:002022-01-26 12:00:00 +00:00BE-TSO-0001ITP-00112entrykWh/h,1,Physical Flow,hour,2022-01-26T12:00:00+01:00,2022-01-26T13:00:00+01:00,BE-TSO-0001,21X-BE-A-A0A0A-Y,Fluxys Belgium,ITP-00112,Eynatten 1 (BE) // Lichtenbusch / Raeren (DE),21Z0000000000155,entry,kWh/h,,,0,2022-02-27T02:11:08+01:00,,Confirmed,,,,,True,,,True,PRISMA,,https://platform.prisma-capacity.eu/,,Cross-Border Transmission IP within EU,0,False
1Physical Flowhour2022-01-26 12:00:00 +00:002022-01-26 13:00:00 +00:00BE-TSO-0001ITP-00112entrykWh/h,1,Physical Flow,hour,2022-01-26T13:00:00+01:00,2022-01-26T14:00:00+01:00,BE-TSO-0001,21X-BE-A-A0A0A-Y,Fluxys Belgium,ITP-00112,Eynatten 1 (BE) // Lichtenbusch / Raeren (DE),21Z0000000000155,entry,kWh/h,,,0,2022-02-27T02:11:08+01:00,,Confirmed,,,,,True,,,True,PRISMA,,https://platform.prisma-capacity.eu/,,Cross-Border Transmission IP within EU,0,False
1Physical Flowhour2022-01-26 13:00:00 +00:002022-01-26 14:00:00 +00:00BE-TSO-0001ITP-00112entrykWh/h,1,Physical Flow,hour,2022-01-26T14:00:00+01:00,2022-01-26T15:00:00+01:00,BE-TSO-0001,21X-BE-A-A0A0A-Y,Fluxys Belgium,ITP-00112,Eynatten 1 (BE) // Lichtenbusch / Raeren (DE),21Z0000000000155,entry,kWh/h,,,0,2022-02-27T02:11:08+01:00,,Confirmed,,,,,True,,,True,PRISMA,,https://platform.prisma-capacity.eu/,,Cross-Border Transmission IP within EU,0,False
1Physical Flowhour2022-01-26 14:00:00 +00:002022-01-26 15:00:00 +00:00BE-TSO-0001ITP-00112entrykWh/h,1,Physical Flow,hour,2022-01-26T15:00:00+01:00,2022-01-26T16:00:00+01:00,BE-TSO-0001,21X-BE-A-A0A0A-Y,Fluxys Belgium,ITP-00112,Eynatten 1 (BE) // Lichtenbusch / Raeren (DE),21Z0000000000155,entry,kWh/h,,,0,2022-02-27T02:11:08+01:00,,Confirmed,,,,,True,,,True,PRISMA,,https://platform.prisma-capacity.eu/,,Cross-Border Transmission IP within EU,0,False
1Physical Flowhour2022-01-26 15:00:00 +00:002022-01-26 16:00:00 +00:00BE-TSO-0001ITP-00112entrykWh/h,1,Physical Flow,hour,2022-01-26T16:00:00+01:00,2022-01-26T17:00:00+01:00,BE-TSO-0001,21X-BE-A-A0A0A-Y,Fluxys Belgium,ITP-00112,Eynatten 1 (BE) // Lichtenbusch / Raeren (DE),21Z0000000000155,entry,kWh/h,,,0,2022-02-27T02:11:08+01:00,,Confirmed,,,,,True,,,True,PRISMA,,https://platform.prisma-capacity.eu/,,Cross-Border Transmission IP within EU,0,False
1Physical Flowhour2022-01-26 16:00:00 +00:002022-01-26 17:00:00 +00:00BE-TSO-0001ITP-00112entrykWh/h,1,Physical Flow,hour,2022-01-26T17:00:00+01:00,2022-01-26T18:00:00+01:00,BE-TSO-0001,21X-BE-A-A0A0A-Y,Fluxys Belgium,ITP-00112,Eynatten 1 (BE) // Lichtenbusch / Raeren (DE),21Z0000000000155,entry,kWh/h,,,0,2022-02-27T02:11:08+01:00,,Confirmed,,,,,True,,,True,PRISMA,,https://platform.prisma-capacity.eu/,,Cross-Border Transmission IP within EU,0,False
1Physical Flowhour2022-01-26 17:00:00 +00:002022-01-26 18:00:00 +00:00BE-TSO-0001ITP-00112entrykWh/h,1,Physical Flow,hour,2022-01-26T18:00:00+01:00,2022-01-26T19:00:00+01:00,BE-TSO-0001,21X-BE-A-A0A0A-Y,Fluxys Belgium,ITP-00112,Eynatten 1 (BE) // Lichtenbusch / Raeren (DE),21Z0000000000155,entry,kWh/h,,,0,2022-02-27T02:11:08+01:00,,Confirmed,,,,,True,,,True,PRISMA,,https://platform.prisma-capacity.eu/,,Cross-Border Transmission IP within EU,0,False
1Physical Flowhour2022-01-26 18:00:00 +00:002022-01-26 19:00:00 +00:00BE-TSO-0001ITP-00112entrykWh/h,1,Physical Flow,hour,2022-01-26T19:00:00+01:00,2022-01-26T20:00:00+01:00,BE-TSO-0001,21X-BE-A-A0A0A-Y,Fluxys Belgium,ITP-00112,Eynatten 1 (BE) // Lichtenbusch / Raeren (DE),21Z0000000000155,entry,kWh/h,,,0,2022-02-27T02:11:08+01:00,,Confirmed,,,,,True,,,True,PRISMA,,https://platform.prisma-capacity.eu/,,Cross-Border Transmission IP within EU,0,False
1Physical Flowhour2022-01-26 19:00:00 +00:002022-01-26 20:00:00 +00:00BE-TSO-0001ITP-00112entrykWh/h,1,Physical Flow,hour,2022-01-26T20:00:00+01:00,2022-01-26T21:00:00+01:00,BE-TSO-0001,21X-BE-A-A0A0A-Y,Fluxys Belgium,ITP-00112,Eynatten 1 (BE) // Lichtenbusch / Raeren (DE),21Z0000000000155,entry,kWh/h,,,0,2022-02-27T02:11:08+01:00,,Confirmed,,,,,True,,,True,PRISMA,,https://platform.prisma-capacity.eu/,,Cross-Border Transmission IP within EU,0,False
1Physical Flowhour2022-01-26 20:00:00 +00:002022-01-26 21:00:00 +00:00BE-TSO-0001ITP-00112entrykWh/h,1,Physical Flow,hour,2022-01-26T21:00:00+01:00,2022-01-26T22:00:00+01:00,BE-TSO-0001,21X-BE-A-A0A0A-Y,Fluxys Belgium,ITP-00112,Eynatten 1 (BE) // Lichtenbusch / Raeren (DE),21Z0000000000155,entry,kWh/h,,,0,2022-02-27T02:11:08+01:00,,Confirmed,,,,,True,,,True,PRISMA,,https://platform.prisma-capacity.eu/,,Cross-Border Transmission IP within EU,0,False
1Physical Flowhour2022-01-26 21:00:00 +00:002022-01-26 22:00:00 +00:00BE-TSO-0001ITP-00112entrykWh/h,1,Physical Flow,hour,2022-01-26T22:00:00+01:00,2022-01-26T23:00:00+01:00,BE-TSO-0001,21X-BE-A-A0A0A-Y,Fluxys Belgium,ITP-00112,Eynatten 1 (BE) // Lichtenbusch / Raeren (DE),21Z0000000000155,entry,kWh/h,,,0,2022-02-27T02:11:08+01:00,,Confirmed,,,,,True,,,True,PRISMA,,https://platform.prisma-capacity.eu/,,Cross-Border Transmission IP within EU,0,False
1Physical Flowhour2022-01-26 22:00:00 +00:002022-01-26 23:00:00 +00:00BE-TSO-0001ITP-00112entrykWh/h,1,Physical Flow,hour,2022-01-26T23:00:00+01:00,2022-01-27T00:00:00+01:00,BE-TSO-0001,21X-BE-A-A0A0A-Y,Fluxys Belgium,ITP-00112,Eynatten 1 (BE) // Lichtenbusch / Raeren (DE),21Z0000000000155,entry,kWh/h,,,0,2022-02-27T02:11:08+01:00,,Confirmed,,,,,True,,,True,PRISMA,,https://platform.prisma-capacity.eu/,,Cross-Border Transmission IP within EU,0,False
1Physical Flowhour2022-01-26 23:00:00 +00:002022-01-27 00:00:00 +00:00BE-TSO-0001ITP-00112entrykWh/h,1,Physical Flow,hour,2022-01-27T00:00:00+01:00,2022-01-27T01:00:00+01:00,BE-TSO-0001,21X-BE-A-A0A0A-Y,Fluxys Belgium,ITP-00112,Eynatten 1 (BE) // Lichtenbusch / Raeren (DE),21Z0000000000155,entry,kWh/h,,,0,2022-02-27T02:11:08+01:00,,Confirmed,,,,,True,,,True,PRISMA,,https://platform.prisma-capacity.eu/,,Cross-Border Transmission IP within EU,0,False
1Physical Flowhour2022-01-27 00:00:00 +00:002022-01-27 01:00:00 +00:00BE-TSO-0001ITP-00112entrykWh/h,1,Physical Flow,hour,2022-01-27T01:00:00+01:00,2022-01-27T02:00:00+01:00,BE-TSO-0001,21X-BE-A-A0A0A-Y,Fluxys Belgium,ITP-00112,Eynatten 1 (BE) // Lichtenbusch / Raeren (DE),21Z0000000000155,entry,kWh/h,,,0,2022-02-27T02:11:08+01:00,,Confirmed,,,,,True,,,True,PRISMA,,https://platform.prisma-capacity.eu/,,Cross-Border Transmission IP within EU,0,False
1Physical Flowhour2022-01-27 01:00:00 +00:002022-01-27 02:00:00 +00:00BE-TSO-0001ITP-00112entrykWh/h,1,Physical Flow,hour,2022-01-27T02:00:00+01:00,2022-01-27T03:00:00+01:00,BE-TSO-0001,21X-BE-A-A0A0A-Y,Fluxys Belgium,ITP-00112,Eynatten 1 (BE) // Lichtenbusch / Raeren (DE),21Z0000000000155,entry,kWh/h,,,0,2022-02-27T02:11:08+01:00,,Confirmed,,,,,True,,,True,PRISMA,,https://platform.prisma-capacity.eu/,,Cross-Border Transmission IP within EU,0,False
1Physical Flowhour2022-01-27 02:00:00 +00:002022-01-27 03:00:00 +00:00BE-TSO-0001ITP-00112entrykWh/h,1,Physical Flow,hour,2022-01-27T03:00:00+01:00,2022-01-27T04:00:00+01:00,BE-TSO-0001,21X-BE-A-A0A0A-Y,Fluxys Belgium,ITP-00112,Eynatten 1 (BE) // Lichtenbusch / Raeren (DE),21Z0000000000155,entry,kWh/h,,,0,2022-02-27T02:11:08+01:00,,Confirmed,,,,,True,,,True,PRISMA,,https://platform.prisma-capacity.eu/,,Cross-Border Transmission IP within EU,0,False
1Physical Flowhour2022-01-27 03:00:00 +00:002022-01-27 04:00:00 +00:00BE-TSO-0001ITP-00112entrykWh/h,1,Physical Flow,hour,2022-01-27T04:00:00+01:00,2022-01-27T05:00:00+01:00,BE-TSO-0001,21X-BE-A-A0A0A-Y,Fluxys Belgium,ITP-00112,Eynatten 1 (BE) // Lichtenbusch / Raeren (DE),21Z0000000000155,entry,kWh/h,,,0,2022-02-27T02:11:08+01:00,,Confirmed,,,,,True,,,True,PRISMA,,https://platform.prisma-capacity.eu/,,Cross-Border Transmission IP within EU,0,False
1Physical Flowhour2022-01-27 04:00:00 +00:002022-01-27 05:00:00 +00:00BE-TSO-0001ITP-00112entrykWh/h,1,Physical Flow,hour,2022-01-27T05:00:00+01:00,2022-01-27T06:00:00+01:00,BE-TSO-0001,21X-BE-A-A0A0A-Y,Fluxys Belgium,ITP-00112,Eynatten 1 (BE) // Lichtenbusch / Raeren (DE),21Z0000000000155,entry,kWh/h,,,0,2022-02-27T02:11:08+01:00,,Confirmed,,,,,True,,,True,PRISMA,,https://platform.prisma-capacity.eu/,,Cross-Border Transmission IP within EU,0,False
1Physical Flowhour2022-01-27 05:00:00 +00:002022-01-27 06:00:00 +00:00BE-TSO-0001ITP-00112entrykWh/h,1,Physical Flow,hour,2022-01-27T06:00:00+01:00,2022-01-27T07:00:00+01:00,BE-TSO-0001,21X-BE-A-A0A0A-Y,Fluxys Belgium,ITP-00112,Eynatten 1 (BE) // Lichtenbusch / Raeren (DE),21Z0000000000155,entry,kWh/h,,,0,2022-02-27T02:11:08+01:00,,Confirmed,,,,,True,,,True,PRISMA,,https://platform.prisma-capacity.eu/,,Cross-Border Transmission IP within EU,0,False
1Physical Flowhour2022-01-27 06:00:00 +00:002022-01-27 07:00:00 +00:00BE-TSO-0001ITP-00112entrykWh/h,1,Physical Flow,hour,2022-01-27T07:00:00+01:00,2022-01-27T08:00:00+01:00,BE-TSO-0001,21X-BE-A-A0A0A-Y,Fluxys Belgium,ITP-00112,Eynatten 1 (BE) // Lichtenbusch / Raeren (DE),21Z0000000000155,entry,kWh/h,,,0,2022-02-27T02:11:08+01:00,,Confirmed,,,,,True,,,True,PRISMA,,https://platform.prisma-capacity.eu/,,Cross-Border Transmission IP within EU,0,False
1Physical Flowhour2022-01-27 07:00:00 +00:002022-01-27 08:00:00 +00:00BE-TSO-0001ITP-00112entrykWh/h,1,Physical Flow,hour,2022-01-27T08:00:00+01:00,2022-01-27T09:00:00+01:00,BE-TSO-0001,21X-BE-A-A0A0A-Y,Fluxys Belgium,ITP-00112,Eynatten 1 (BE) // Lichtenbusch / Raeren (DE),21Z0000000000155,entry,kWh/h,,,0,2022-02-27T02:11:08+01:00,,Confirmed,,,,,True,,,True,PRISMA,,https://platform.prisma-capacity.eu/,,Cross-Border Transmission IP within EU,0,False
1Physical Flowhour2022-01-27 08:00:00 +00:002022-01-27 09:00:00 +00:00BE-TSO-0001ITP-00112entrykWh/h,1,Physical Flow,hour,2022-01-27T09:00:00+01:00,2022-01-27T10:00:00+01:00,BE-TSO-0001,21X-BE-A-A0A0A-Y,Fluxys Belgium,ITP-00112,Eynatten 1 (BE) // Lichtenbusch / Raeren (DE),21Z0000000000155,entry,kWh/h,,,0,2022-02-27T02:11:08+01:00,,Confirmed,,,,,True,,,True,PRISMA,,https://platform.prisma-capacity.eu/,,Cross-Border Transmission IP within EU,0,False
1Physical Flowhour2022-01-27 09:00:00 +00:002022-01-27 10:00:00 +00:00BE-TSO-0001ITP-00112entrykWh/h,1,Physical Flow,hour,2022-01-27T10:00:00+01:00,2022-01-27T11:00:00+01:00,BE-TSO-0001,21X-BE-A-A0A0A-Y,Fluxys Belgium,ITP-00112,Eynatten 1 (BE) // Lichtenbusch / Raeren (DE),21Z0000000000155,entry,kWh/h,,,0,2022-02-27T02:11:08+01:00,,Confirmed,,,,,True,,,True,PRISMA,,https://platform.prisma-capacity.eu/,,Cross-Border Transmission IP within EU,0,False
1Physical Flowhour2022-01-27 10:00:00 +00:002022-01-27 11:00:00 +00:00BE-TSO-0001ITP-00112entrykWh/h,1,Physical Flow,hour,2022-01-27T11:00:00+01:00,2022-01-27T12:00:00+01:00,BE-TSO-0001,21X-BE-A-A0A0A-Y,Fluxys Belgium,ITP-00112,Eynatten 1 (BE) // Lichtenbusch / Raeren (DE),21Z0000000000155,entry,kWh/h,,,0,2022-02-27T02:11:08+01:00,,Confirmed,,,,,True,,,True,PRISMA,,https://platform.prisma-capacity.eu/,,Cross-Border Transmission IP within EU,0,False
1Physical Flowhour2022-01-27 11:00:00 +00:002022-01-27 12:00:00 +00:00BE-TSO-0001ITP-00112entrykWh/h,1,Physical Flow,hour,2022-01-27T12:00:00+01:00,2022-01-27T13:00:00+01:00,BE-TSO-0001,21X-BE-A-A0A0A-Y,Fluxys Belgium,ITP-00112,Eynatten 1 (BE) // Lichtenbusch / Raeren (DE),21Z0000000000155,entry,kWh/h,,,0,2022-02-27T02:11:08+01:00,,Confirmed,,,,,True,,,True,PRISMA,,https://platform.prisma-capacity.eu/,,Cross-Border Transmission IP within EU,0,False
1Physical Flowhour2022-01-27 12:00:00 +00:002022-01-27 13:00:00 +00:00BE-TSO-0001ITP-00112entrykWh/h,1,Physical Flow,hour,2022-01-27T13:00:00+01:00,2022-01-27T14:00:00+01:00,BE-TSO-0001,21X-BE-A-A0A0A-Y,Fluxys Belgium,ITP-00112,Eynatten 1 (BE) // Lichtenbusch / Raeren (DE),21Z0000000000155,entry,kWh/h,,,0,2022-02-27T02:11:08+01:00,,Confirmed,,,,,True,,,True,PRISMA,,https://platform.prisma-capacity.eu/,,Cross-Border Transmission IP within EU,0,False
1Physical Flowhour2022-01-27 13:00:00 +00:002022-01-27 14:00:00 +00:00BE-TSO-0001ITP-00112entrykWh/h,1,Physical Flow,hour,2022-01-27T14:00:00+01:00,2022-01-27T15:00:00+01:00,BE-TSO-0001,21X-BE-A-A0A0A-Y,Fluxys Belgium,ITP-00112,Eynatten 1 (BE) // Lichtenbusch / Raeren (DE),21Z0000000000155,entry,kWh/h,,,0,2022-02-27T02:11:08+01:00,,Confirmed,,,,,True,,,True,PRISMA,,https://platform.prisma-capacity.eu/,,Cross-Border Transmission IP within EU,0,False
1Physical Flowhour2022-01-27 14:00:00 +00:002022-01-27 15:00:00 +00:00BE-TSO-0001ITP-00112entrykWh/h,1,Physical Flow,hour,2022-01-27T15:00:00+01:00,2022-01-27T16:00:00+01:00,BE-TSO-0001,21X-BE-A-A0A0A-Y,Fluxys Belgium,ITP-00112,Eynatten 1 (BE) // Lichtenbusch / Raeren (DE),21Z0000000000155,entry,kWh/h,,,0,2022-02-27T02:11:08+01:00,,Confirmed,,,,,True,,,True,PRISMA,,https://platform.prisma-capacity.eu/,,Cross-Border Transmission IP within EU,0,False
1Physical Flowhour2022-01-27 15:00:00 +00:002022-01-27 16:00:00 +00:00BE-TSO-0001ITP-00112entrykWh/h,1,Physical Flow,hour,2022-01-27T16:00:00+01:00,2022-01-27T17:00:00+01:00,BE-TSO-0001,21X-BE-A-A0A0A-Y,Fluxys Belgium,ITP-00112,Eynatten 1 (BE) // Lichtenbusch / Raeren (DE),21Z0000000000155,entry,kWh/h,,,0,2022-02-27T02:11:08+01:00,,Confirmed,,,,,True,,,True,PRISMA,,https://platform.prisma-capacity.eu/,,Cross-Border Transmission IP within EU,0,False
1Physical Flowhour2022-01-27 16:00:00 +00:002022-01-27 17:00:00 +00:00BE-TSO-0001ITP-00112entrykWh/h,1,Physical Flow,hour,2022-01-27T17:00:00+01:00,2022-01-27T18:00:00+01:00,BE-TSO-0001,21X-BE-A-A0A0A-Y,Fluxys Belgium,ITP-00112,Eynatten 1 (BE) // Lichtenbusch / Raeren (DE),21Z0000000000155,entry,kWh/h,,,0,2022-02-27T02:11:08+01:00,,Confirmed,,,,,True,,,True,PRISMA,,https://platform.prisma-capacity.eu/,,Cross-Border Transmission IP within EU,0,False
1Physical Flowhour2022-01-27 17:00:00 +00:002022-01-27 18:00:00 +00:00BE-TSO-0001ITP-00112entrykWh/h,1,Physical Flow,hour,2022-01-27T18:00:00+01:00,2022-01-27T19:00:00+01:00,BE-TSO-0001,21X-BE-A-A0A0A-Y,Fluxys Belgium,ITP-00112,Eynatten 1 (BE) // Lichtenbusch / Raeren (DE),21Z0000000000155,entry,kWh/h,,,0,2022-02-27T02:11:08+01:00,,Confirmed,,,,,True,,,True,PRISMA,,https://platform.prisma-capacity.eu/,,Cross-Border Transmission IP within EU,0,False
1Physical Flowhour2022-01-27 18:00:00 +00:002022-01-27 19:00:00 +00:00BE-TSO-0001ITP-00112entrykWh/h,1,Physical Flow,hour,2022-01-27T19:00:00+01:00,2022-01-27T20:00:00+01:00,BE-TSO-0001,21X-BE-A-A0A0A-Y,Fluxys Belgium,ITP-00112,Eynatten 1 (BE) // Lichtenbusch / Raeren (DE),21Z0000000000155,entry,kWh/h,,,0,2022-02-27T02:11:08+01:00,,Confirmed,,,,,True,,,True,PRISMA,,https://platform.prisma-capacity.eu/,,Cross-Border Transmission IP within EU,0,False
1Physical Flowhour2022-01-27 19:00:00 +00:002022-01-27 20:00:00 +00:00BE-TSO-0001ITP-00112entrykWh/h,1,Physical Flow,hour,2022-01-27T20:00:00+01:00,2022-01-27T21:00:00+01:00,BE-TSO-0001,21X-BE-A-A0A0A-Y,Fluxys Belgium,ITP-00112,Eynatten 1 (BE) // Lichtenbusch / Raeren (DE),21Z0000000000155,entry,kWh/h,,,0,2022-02-27T02:11:08+01:00,,Confirmed,,,,,True,,,True,PRISMA,,https://platform.prisma-capacity.eu/,,Cross-Border Transmission IP within EU,0,False
1Physical Flowhour2022-01-27 20:00:00 +00:002022-01-27 21:00:00 +00:00BE-TSO-0001ITP-00112entrykWh/h,1,Physical Flow,hour,2022-01-27T21:00:00+01:00,2022-01-27T22:00:00+01:00,BE-TSO-0001,21X-BE-A-A0A0A-Y,Fluxys Belgium,ITP-00112,Eynatten 1 (BE) // Lichtenbusch / Raeren (DE),21Z0000000000155,entry,kWh/h,,,0,2022-02-27T02:11:08+01:00,,Confirmed,,,,,True,,,True,PRISMA,,https://platform.prisma-capacity.eu/,,Cross-Border Transmission IP within EU,0,False
1Physical Flowhour2022-01-27 21:00:00 +00:002022-01-27 22:00:00 +00:00BE-TSO-0001ITP-00112entrykWh/h,1,Physical Flow,hour,2022-01-27T22:00:00+01:00,2022-01-27T23:00:00+01:00,BE-TSO-0001,21X-BE-A-A0A0A-Y,Fluxys Belgium,ITP-00112,Eynatten 1 (BE) // Lichtenbusch / Raeren (DE),21Z0000000000155,entry,kWh/h,,,0,2022-02-27T02:11:08+01:00,,Confirmed,,,,,True,,,True,PRISMA,,https://platform.prisma-capacity.eu/,,Cross-Border Transmission IP within EU,0,False
1Physical Flowhour2022-01-27 22:00:00 +00:002022-01-27 23:00:00 +00:00BE-TSO-0001ITP-00112entrykWh/h,1,Physical Flow,hour,2022-01-27T23:00:00+01:00,2022-01-28T00:00:00+01:00,BE-TSO-0001,21X-BE-A-A0A0A-Y,Fluxys Belgium,ITP-00112,Eynatten 1 (BE) // Lichtenbusch / Raeren (DE),21Z0000000000155,entry,kWh/h,,,0,2022-02-27T02:11:08+01:00,,Confirmed,,,,,True,,,True,PRISMA,,https://platform.prisma-capacity.eu/,,Cross-Border Transmission IP within EU,0,False
1Physical Flowhour2022-01-27 23:00:00 +00:002022-01-28 00:00:00 +00:00BE-TSO-0001ITP-00112entrykWh/h,1,Physical Flow,hour,2022-01-28T00:00:00+01:00,2022-01-28T01:00:00+01:00,BE-TSO-0001,21X-BE-A-A0A0A-Y,Fluxys Belgium,ITP-00112,Eynatten 1 (BE) // Lichtenbusch / Raeren (DE),21Z0000000000155,entry,kWh/h,,,0,2022-02-27T02:11:08+01:00,,Confirmed,,,,,True,,,True,PRISMA,,https://platform.prisma-capacity.eu/,,Cross-Border Transmission IP within EU,0,False
1Physical Flowhour2022-01-28 00:00:00 +00:002022-01-28 01:00:00 +00:00BE-TSO-0001ITP-00112entrykWh/h,1,Physical Flow,hour,2022-01-28T01:00:00+01:00,2022-01-28T02:00:00+01:00,BE-TSO-0001,21X-BE-A-A0A0A-Y,Fluxys Belgium,ITP-00112,Eynatten 1 (BE) // Lichtenbusch / Raeren (DE),21Z0000000000155,entry,kWh/h,,,0,2022-02-27T02:11:08+01:00,,Confirmed,,,,,True,,,True,PRISMA,,https://platform.prisma-capacity.eu/,,Cross-Border Transmission IP within EU,0,False
1Physical Flowhour2022-01-28 01:00:00 +00:002022-01-28 02:00:00 +00:00BE-TSO-0001ITP-00112entrykWh/h,1,Physical Flow,hour,2022-01-28T02:00:00+01:00,2022-01-28T03:00:00+01:00,BE-TSO-0001,21X-BE-A-A0A0A-Y,Fluxys Belgium,ITP-00112,Eynatten 1 (BE) // Lichtenbusch / Raeren (DE),21Z0000000000155,entry,kWh/h,,,0,2022-02-27T02:11:08+01:00,,Confirmed,,,,,True,,,True,PRISMA,,https://platform.prisma-capacity.eu/,,Cross-Border Transmission IP within EU,0,False
1Physical Flowhour2022-01-28 02:00:00 +00:002022-01-28 03:00:00 +00:00BE-TSO-0001ITP-00112entrykWh/h,1,Physical Flow,hour,2022-01-28T03:00:00+01:00,2022-01-28T04:00:00+01:00,BE-TSO-0001,21X-BE-A-A0A0A-Y,Fluxys Belgium,ITP-00112,Eynatten 1 (BE) // Lichtenbusch / Raeren (DE),21Z0000000000155,entry,kWh/h,,,0,2022-02-27T02:11:08+01:00,,Confirmed,,,,,True,,,True,PRISMA,,https://platform.prisma-capacity.eu/,,Cross-Border Transmission IP within EU,0,False
1Physical Flowhour2022-01-28 03:00:00 +00:002022-01-28 04:00:00 +00:00BE-TSO-0001ITP-00112entrykWh/h,1,Physical Flow,hour,2022-01-28T04:00:00+01:00,2022-01-28T05:00:00+01:00,BE-TSO-0001,21X-BE-A-A0A0A-Y,Fluxys Belgium,ITP-00112,Eynatten 1 (BE) // Lichtenbusch / Raeren (DE),21Z0000000000155,entry,kWh/h,,,0,2022-02-27T02:11:08+01:00,,Confirmed,,,,,True,,,True,PRISMA,,https://platform.prisma-capacity.eu/,,Cross-Border Transmission IP within EU,0,False
1Physical Flowhour2022-01-28 04:00:00 +00:002022-01-28 05:00:00 +00:00BE-TSO-0001ITP-00112entrykWh/h,1,Physical Flow,hour,2022-01-28T05:00:00+01:00,2022-01-28T06:00:00+01:00,BE-TSO-0001,21X-BE-A-A0A0A-Y,Fluxys Belgium,ITP-00112,Eynatten 1 (BE) // Lichtenbusch / Raeren (DE),21Z0000000000155,entry,kWh/h,,,0,2022-02-27T02:11:08+01:00,,Confirmed,,,,,True,,,True,PRISMA,,https://platform.prisma-capacity.eu/,,Cross-Border Transmission IP within EU,0,False
1Physical Flowhour2022-01-28 05:00:00 +00:002022-01-28 06:00:00 +00:00BE-TSO-0001ITP-00112entrykWh/h,1,Physical Flow,hour,2022-01-28T06:00:00+01:00,2022-01-28T07:00:00+01:00,BE-TSO-0001,21X-BE-A-A0A0A-Y,Fluxys Belgium,ITP-00112,Eynatten 1 (BE) // Lichtenbusch / Raeren (DE),21Z0000000000155,entry,kWh/h,,,0,2022-02-27T02:11:08+01:00,,Confirmed,,,,,True,,,True,PRISMA,,https://platform.prisma-capacity.eu/,,Cross-Border Transmission IP within EU,0,False
1Physical Flowhour2022-01-28 06:00:00 +00:002022-01-28 07:00:00 +00:00BE-TSO-0001ITP-00112entrykWh/h,1,Physical Flow,hour,2022-01-28T07:00:00+01:00,2022-01-28T08:00:00+01:00,BE-TSO-0001,21X-BE-A-A0A0A-Y,Fluxys Belgium,ITP-00112,Eynatten 1 (BE) // Lichtenbusch / Raeren (DE),21Z0000000000155,entry,kWh/h,,,0,2022-02-27T02:11:08+01:00,,Confirmed,,,,,True,,,True,PRISMA,,https://platform.prisma-capacity.eu/,,Cross-Border Transmission IP within EU,0,False
1Physical Flowhour2022-01-28 07:00:00 +00:002022-01-28 08:00:00 +00:00BE-TSO-0001ITP-00112entrykWh/h,1,Physical Flow,hour,2022-01-28T08:00:00+01:00,2022-01-28T09:00:00+01:00,BE-TSO-0001,21X-BE-A-A0A0A-Y,Fluxys Belgium,ITP-00112,Eynatten 1 (BE) // Lichtenbusch / Raeren (DE),21Z0000000000155,entry,kWh/h,,,0,2022-02-27T02:11:08+01:00,,Confirmed,,,,,True,,,True,PRISMA,,https://platform.prisma-capacity.eu/,,Cross-Border Transmission IP within EU,0,False
1Physical Flowhour2022-01-28 08:00:00 +00:002022-01-28 09:00:00 +00:00BE-TSO-0001ITP-00112entrykWh/h,1,Physical Flow,hour,2022-01-28T09:00:00+01:00,2022-01-28T10:00:00+01:00,BE-TSO-0001,21X-BE-A-A0A0A-Y,Fluxys Belgium,ITP-00112,Eynatten 1 (BE) // Lichtenbusch / Raeren (DE),21Z0000000000155,entry,kWh/h,,,0,2022-02-27T02:11:08+01:00,,Confirmed,,,,,True,,,True,PRISMA,,https://platform.prisma-capacity.eu/,,Cross-Border Transmission IP within EU,0,False
1Physical Flowhour2022-01-28 09:00:00 +00:002022-01-28 10:00:00 +00:00BE-TSO-0001ITP-00112entrykWh/h,1,Physical Flow,hour,2022-01-28T10:00:00+01:00,2022-01-28T11:00:00+01:00,BE-TSO-0001,21X-BE-A-A0A0A-Y,Fluxys Belgium,ITP-00112,Eynatten 1 (BE) // Lichtenbusch / Raeren (DE),21Z0000000000155,entry,kWh/h,,,0,2022-02-27T02:11:08+01:00,,Confirmed,,,,,True,,,True,PRISMA,,https://platform.prisma-capacity.eu/,,Cross-Border Transmission IP within EU,0,False
1Physical Flowhour2022-01-28 10:00:00 +00:002022-01-28 11:00:00 +00:00BE-TSO-0001ITP-00112entrykWh/h,1,Physical Flow,hour,2022-01-28T11:00:00+01:00,2022-01-28T12:00:00+01:00,BE-TSO-0001,21X-BE-A-A0A0A-Y,Fluxys Belgium,ITP-00112,Eynatten 1 (BE) // Lichtenbusch / Raeren (DE),21Z0000000000155,entry,kWh/h,,,0,2022-02-27T02:11:08+01:00,,Confirmed,,,,,True,,,True,PRISMA,,https://platform.prisma-capacity.eu/,,Cross-Border Transmission IP within EU,0,False
1Physical Flowhour2022-01-28 11:00:00 +00:002022-01-28 12:00:00 +00:00BE-TSO-0001ITP-00112entrykWh/h,1,Physical Flow,hour,2022-01-28T12:00:00+01:00,2022-01-28T13:00:00+01:00,BE-TSO-0001,21X-BE-A-A0A0A-Y,Fluxys Belgium,ITP-00112,Eynatten 1 (BE) // Lichtenbusch / Raeren (DE),21Z0000000000155,entry,kWh/h,,,0,2022-02-27T02:11:08+01:00,,Confirmed,,,,,True,,,True,PRISMA,,https://platform.prisma-capacity.eu/,,Cross-Border Transmission IP within EU,0,False
1Physical Flowhour2022-01-28 12:00:00 +00:002022-01-28 13:00:00 +00:00BE-TSO-0001ITP-00112entrykWh/h,1,Physical Flow,hour,2022-01-28T13:00:00+01:00,2022-01-28T14:00:00+01:00,BE-TSO-0001,21X-BE-A-A0A0A-Y,Fluxys Belgium,ITP-00112,Eynatten 1 (BE) // Lichtenbusch / Raeren (DE),21Z0000000000155,entry,kWh/h,,,0,2022-02-27T02:11:08+01:00,,Confirmed,,,,,True,,,True,PRISMA,,https://platform.prisma-capacity.eu/,,Cross-Border Transmission IP within EU,0,False
1Physical Flowhour2022-01-28 13:00:00 +00:002022-01-28 14:00:00 +00:00BE-TSO-0001ITP-00112entrykWh/h,1,Physical Flow,hour,2022-01-28T14:00:00+01:00,2022-01-28T15:00:00+01:00,BE-TSO-0001,21X-BE-A-A0A0A-Y,Fluxys Belgium,ITP-00112,Eynatten 1 (BE) // Lichtenbusch / Raeren (DE),21Z0000000000155,entry,kWh/h,,,0,2022-02-27T02:11:08+01:00,,Confirmed,,,,,True,,,True,PRISMA,,https://platform.prisma-capacity.eu/,,Cross-Border Transmission IP within EU,0,False
1Physical Flowhour2022-01-28 14:00:00 +00:002022-01-28 15:00:00 +00:00BE-TSO-0001ITP-00112entrykWh/h,1,Physical Flow,hour,2022-01-28T15:00:00+01:00,2022-01-28T16:00:00+01:00,BE-TSO-0001,21X-BE-A-A0A0A-Y,Fluxys Belgium,ITP-00112,Eynatten 1 (BE) // Lichtenbusch / Raeren (DE),21Z0000000000155,entry,kWh/h,,,0,2022-02-27T02:11:08+01:00,,Confirmed,,,,,True,,,True,PRISMA,,https://platform.prisma-capacity.eu/,,Cross-Border Transmission IP within EU,0,False
1Physical Flowhour2022-01-28 15:00:00 +00:002022-01-28 16:00:00 +00:00BE-TSO-0001ITP-00112entrykWh/h,1,Physical Flow,hour,2022-01-28T16:00:00+01:00,2022-01-28T17:00:00+01:00,BE-TSO-0001,21X-BE-A-A0A0A-Y,Fluxys Belgium,ITP-00112,Eynatten 1 (BE) // Lichtenbusch / Raeren (DE),21Z0000000000155,entry,kWh/h,,,0,2022-02-27T02:11:08+01:00,,Confirmed,,,,,True,,,True,PRISMA,,https://platform.prisma-capacity.eu/,,Cross-Border Transmission IP within EU,0,False
1Physical Flowhour2022-01-28 16:00:00 +00:002022-01-28 17:00:00 +00:00BE-TSO-0001ITP-00112entrykWh/h,1,Physical Flow,hour,2022-01-28T17:00:00+01:00,2022-01-28T18:00:00+01:00,BE-TSO-0001,21X-BE-A-A0A0A-Y,Fluxys Belgium,ITP-00112,Eynatten 1 (BE) // Lichtenbusch / Raeren (DE),21Z0000000000155,entry,kWh/h,,,0,2022-02-27T02:11:08+01:00,,Confirmed,,,,,True,,,True,PRISMA,,https://platform.prisma-capacity.eu/,,Cross-Border Transmission IP within EU,0,False
1Physical Flowhour2022-01-28 17:00:00 +00:002022-01-28 18:00:00 +00:00BE-TSO-0001ITP-00112entrykWh/h,1,Physical Flow,hour,2022-01-28T18:00:00+01:00,2022-01-28T19:00:00+01:00,BE-TSO-0001,21X-BE-A-A0A0A-Y,Fluxys Belgium,ITP-00112,Eynatten 1 (BE) // Lichtenbusch / Raeren (DE),21Z0000000000155,entry,kWh/h,,,0,2022-02-27T02:11:08+01:00,,Confirmed,,,,,True,,,True,PRISMA,,https://platform.prisma-capacity.eu/,,Cross-Border Transmission IP within EU,0,False
1Physical Flowhour2022-01-28 18:00:00 +00:002022-01-28 19:00:00 +00:00BE-TSO-0001ITP-00112entrykWh/h,1,Physical Flow,hour,2022-01-28T19:00:00+01:00,2022-01-28T20:00:00+01:00,BE-TSO-0001,21X-BE-A-A0A0A-Y,Fluxys Belgium,ITP-00112,Eynatten 1 (BE) // Lichtenbusch / Raeren (DE),21Z0000000000155,entry,kWh/h,,,0,2022-02-27T02:11:08+01:00,,Confirmed,,,,,True,,,True,PRISMA,,https://platform.prisma-capacity.eu/,,Cross-Border Transmission IP within EU,0,False
1Physical Flowhour2022-01-28 19:00:00 +00:002022-01-28 20:00:00 +00:00BE-TSO-0001ITP-00112entrykWh/h,1,Physical Flow,hour,2022-01-28T20:00:00+01:00,2022-01-28T21:00:00+01:00,BE-TSO-0001,21X-BE-A-A0A0A-Y,Fluxys Belgium,ITP-00112,Eynatten 1 (BE) // Lichtenbusch / Raeren (DE),21Z0000000000155,entry,kWh/h,,,0,2022-02-27T02:11:08+01:00,,Confirmed,,,,,True,,,True,PRISMA,,https://platform.prisma-capacity.eu/,,Cross-Border Transmission IP within EU,0,False
1Physical Flowhour2022-01-28 20:00:00 +00:002022-01-28 21:00:00 +00:00BE-TSO-0001ITP-00112entrykWh/h,1,Physical Flow,hour,2022-01-28T21:00:00+01:00,2022-01-28T22:00:00+01:00,BE-TSO-0001,21X-BE-A-A0A0A-Y,Fluxys Belgium,ITP-00112,Eynatten 1 (BE) // Lichtenbusch / Raeren (DE),21Z0000000000155,entry,kWh/h,,,0,2022-02-27T02:11:08+01:00,,Confirmed,,,,,True,,,True,PRISMA,,https://platform.prisma-capacity.eu/,,Cross-Border Transmission IP within EU,0,False
1Physical Flowhour2022-01-28 21:00:00 +00:002022-01-28 22:00:00 +00:00BE-TSO-0001ITP-00112entrykWh/h,1,Physical Flow,hour,2022-01-28T22:00:00+01:00,2022-01-28T23:00:00+01:00,BE-TSO-0001,21X-BE-A-A0A0A-Y,Fluxys Belgium,ITP-00112,Eynatten 1 (BE) // Lichtenbusch / Raeren (DE),21Z0000000000155,entry,kWh/h,,,0,2022-02-27T02:11:08+01:00,,Confirmed,,,,,True,,,True,PRISMA,,https://platform.prisma-capacity.eu/,,Cross-Border Transmission IP within EU,0,False
1Physical Flowhour2022-01-28 22:00:00 +00:002022-01-28 23:00:00 +00:00BE-TSO-0001ITP-00112entrykWh/h,1,Physical Flow,hour,2022-01-28T23:00:00+01:00,2022-01-29T00:00:00+01:00,BE-TSO-0001,21X-BE-A-A0A0A-Y,Fluxys Belgium,ITP-00112,Eynatten 1 (BE) // Lichtenbusch / Raeren (DE),21Z0000000000155,entry,kWh/h,,,0,2022-02-27T02:11:08+01:00,,Confirmed,,,,,True,,,True,PRISMA,,https://platform.prisma-capacity.eu/,,Cross-Border Transmission IP within EU,0,False
1Physical Flowhour2022-01-28 23:00:00 +00:002022-01-29 00:00:00 +00:00BE-TSO-0001ITP-00112entrykWh/h,1,Physical Flow,hour,2022-01-29T00:00:00+01:00,2022-01-29T01:00:00+01:00,BE-TSO-0001,21X-BE-A-A0A0A-Y,Fluxys Belgium,ITP-00112,Eynatten 1 (BE) // Lichtenbusch / Raeren (DE),21Z0000000000155,entry,kWh/h,,,0,2022-02-27T02:11:08+01:00,,Confirmed,,,,,True,,,True,PRISMA,,https://platform.prisma-capacity.eu/,,Cross-Border Transmission IP within EU,0,False
1Physical Flowhour2022-01-29 00:00:00 +00:002022-01-29 01:00:00 +00:00BE-TSO-0001ITP-00112entrykWh/h,1,Physical Flow,hour,2022-01-29T01:00:00+01:00,2022-01-29T02:00:00+01:00,BE-TSO-0001,21X-BE-A-A0A0A-Y,Fluxys Belgium,ITP-00112,Eynatten 1 (BE) // Lichtenbusch / Raeren (DE),21Z0000000000155,entry,kWh/h,,,0,2022-02-27T02:11:08+01:00,,Confirmed,,,,,True,,,True,PRISMA,,https://platform.prisma-capacity.eu/,,Cross-Border Transmission IP within EU,0,False
1Physical Flowhour2022-01-29 01:00:00 +00:002022-01-29 02:00:00 +00:00BE-TSO-0001ITP-00112entrykWh/h,1,Physical Flow,hour,2022-01-29T02:00:00+01:00,2022-01-29T03:00:00+01:00,BE-TSO-0001,21X-BE-A-A0A0A-Y,Fluxys Belgium,ITP-00112,Eynatten 1 (BE) // Lichtenbusch / Raeren (DE),21Z0000000000155,entry,kWh/h,,,0,2022-02-27T02:11:08+01:00,,Confirmed,,,,,True,,,True,PRISMA,,https://platform.prisma-capacity.eu/,,Cross-Border Transmission IP within EU,0,False
1Physical Flowhour2022-01-29 02:00:00 +00:002022-01-29 03:00:00 +00:00BE-TSO-0001ITP-00112entrykWh/h,1,Physical Flow,hour,2022-01-29T03:00:00+01:00,2022-01-29T04:00:00+01:00,BE-TSO-0001,21X-BE-A-A0A0A-Y,Fluxys Belgium,ITP-00112,Eynatten 1 (BE) // Lichtenbusch / Raeren (DE),21Z0000000000155,entry,kWh/h,,,0,2022-02-27T02:11:08+01:00,,Confirmed,,,,,True,,,True,PRISMA,,https://platform.prisma-capacity.eu/,,Cross-Border Transmission IP within EU,0,False
1Physical Flowhour2022-01-29 03:00:00 +00:002022-01-29 04:00:00 +00:00BE-TSO-0001ITP-00112entrykWh/h,1,Physical Flow,hour,2022-01-29T04:00:00+01:00,2022-01-29T05:00:00+01:00,BE-TSO-0001,21X-BE-A-A0A0A-Y,Fluxys Belgium,ITP-00112,Eynatten 1 (BE) // Lichtenbusch / Raeren (DE),21Z0000000000155,entry,kWh/h,,,0,2022-02-27T02:11:08+01:00,,Confirmed,,,,,True,,,True,PRISMA,,https://platform.prisma-capacity.eu/,,Cross-Border Transmission IP within EU,0,False
1Physical Flowhour2022-01-29 04:00:00 +00:002022-01-29 05:00:00 +00:00BE-TSO-0001ITP-00112entrykWh/h,1,Physical Flow,hour,2022-01-29T05:00:00+01:00,2022-01-29T06:00:00+01:00,BE-TSO-0001,21X-BE-A-A0A0A-Y,Fluxys Belgium,ITP-00112,Eynatten 1 (BE) // Lichtenbusch / Raeren (DE),21Z0000000000155,entry,kWh/h,,,0,2022-02-27T02:11:08+01:00,,Confirmed,,,,,True,,,True,PRISMA,,https://platform.prisma-capacity.eu/,,Cross-Border Transmission IP within EU,0,False
1Physical Flowhour2022-01-29 05:00:00 +00:002022-01-29 06:00:00 +00:00BE-TSO-0001ITP-00112entrykWh/h,1,Physical Flow,hour,2022-01-29T06:00:00+01:00,2022-01-29T07:00:00+01:00,BE-TSO-0001,21X-BE-A-A0A0A-Y,Fluxys Belgium,ITP-00112,Eynatten 1 (BE) // Lichtenbusch / Raeren (DE),21Z0000000000155,entry,kWh/h,,,0,2022-02-27T02:11:08+01:00,,Confirmed,,,,,True,,,True,PRISMA,,https://platform.prisma-capacity.eu/,,Cross-Border Transmission IP within EU,0,False
1Physical Flowhour2022-01-29 06:00:00 +00:002022-01-29 07:00:00 +00:00BE-TSO-0001ITP-00112entrykWh/h,1,Physical Flow,hour,2022-01-29T07:00:00+01:00,2022-01-29T08:00:00+01:00,BE-TSO-0001,21X-BE-A-A0A0A-Y,Fluxys Belgium,ITP-00112,Eynatten 1 (BE) // Lichtenbusch / Raeren (DE),21Z0000000000155,entry,kWh/h,,,0,2022-02-27T02:11:08+01:00,,Confirmed,,,,,True,,,True,PRISMA,,https://platform.prisma-capacity.eu/,,Cross-Border Transmission IP within EU,0,False
1Physical Flowhour2022-01-29 07:00:00 +00:002022-01-29 08:00:00 +00:00BE-TSO-0001ITP-00112entrykWh/h,1,Physical Flow,hour,2022-01-29T08:00:00+01:00,2022-01-29T09:00:00+01:00,BE-TSO-0001,21X-BE-A-A0A0A-Y,Fluxys Belgium,ITP-00112,Eynatten 1 (BE) // Lichtenbusch / Raeren (DE),21Z0000000000155,entry,kWh/h,,,0,2022-02-27T02:11:08+01:00,,Confirmed,,,,,True,,,True,PRISMA,,https://platform.prisma-capacity.eu/,,Cross-Border Transmission IP within EU,0,False
1Physical Flowhour2022-01-29 08:00:00 +00:002022-01-29 09:00:00 +00:00BE-TSO-0001ITP-00112entrykWh/h,1,Physical Flow,hour,2022-01-29T09:00:00+01:00,2022-01-29T10:00:00+01:00,BE-TSO-0001,21X-BE-A-A0A0A-Y,Fluxys Belgium,ITP-00112,Eynatten 1 (BE) // Lichtenbusch / Raeren (DE),21Z0000000000155,entry,kWh/h,,,0,2022-02-27T02:11:08+01:00,,Confirmed,,,,,True,,,True,PRISMA,,https://platform.prisma-capacity.eu/,,Cross-Border Transmission IP within EU,0,False
1Physical Flowhour2022-01-29 09:00:00 +00:002022-01-29 10:00:00 +00:00BE-TSO-0001ITP-00112entrykWh/h,1,Physical Flow,hour,2022-01-29T10:00:00+01:00,2022-01-29T11:00:00+01:00,BE-TSO-0001,21X-BE-A-A0A0A-Y,Fluxys Belgium,ITP-00112,Eynatten 1 (BE) // Lichtenbusch / Raeren (DE),21Z0000000000155,entry,kWh/h,,,0,2022-02-27T02:11:08+01:00,,Confirmed,,,,,True,,,True,PRISMA,,https://platform.prisma-capacity.eu/,,Cross-Border Transmission IP within EU,0,False
1Physical Flowhour2022-01-29 10:00:00 +00:002022-01-29 11:00:00 +00:00BE-TSO-0001ITP-00112entrykWh/h,1,Physical Flow,hour,2022-01-29T11:00:00+01:00,2022-01-29T12:00:00+01:00,BE-TSO-0001,21X-BE-A-A0A0A-Y,Fluxys Belgium,ITP-00112,Eynatten 1 (BE) // Lichtenbusch / Raeren (DE),21Z0000000000155,entry,kWh/h,,,0,2022-02-27T02:11:08+01:00,,Confirmed,,,,,True,,,True,PRISMA,,https://platform.prisma-capacity.eu/,,Cross-Border Transmission IP within EU,0,False
1Physical Flowhour2022-01-29 11:00:00 +00:002022-01-29 12:00:00 +00:00BE-TSO-0001ITP-00112entrykWh/h,1,Physical Flow,hour,2022-01-29T12:00:00+01:00,2022-01-29T13:00:00+01:00,BE-TSO-0001,21X-BE-A-A0A0A-Y,Fluxys Belgium,ITP-00112,Eynatten 1 (BE) // Lichtenbusch / Raeren (DE),21Z0000000000155,entry,kWh/h,,,0,2022-02-27T02:11:08+01:00,,Confirmed,,,,,True,,,True,PRISMA,,https://platform.prisma-capacity.eu/,,Cross-Border Transmission IP within EU,0,False
1Physical Flowhour2022-01-29 12:00:00 +00:002022-01-29 13:00:00 +00:00BE-TSO-0001ITP-00112entrykWh/h,1,Physical Flow,hour,2022-01-29T13:00:00+01:00,2022-01-29T14:00:00+01:00,BE-TSO-0001,21X-BE-A-A0A0A-Y,Fluxys Belgium,ITP-00112,Eynatten 1 (BE) // Lichtenbusch / Raeren (DE),21Z0000000000155,entry,kWh/h,,,0,2022-02-27T02:11:08+01:00,,Confirmed,,,,,True,,,True,PRISMA,,https://platform.prisma-capacity.eu/,,Cross-Border Transmission IP within EU,0,False
1Physical Flowhour2022-01-29 13:00:00 +00:002022-01-29 14:00:00 +00:00BE-TSO-0001ITP-00112entrykWh/h,1,Physical Flow,hour,2022-01-29T14:00:00+01:00,2022-01-29T15:00:00+01:00,BE-TSO-0001,21X-BE-A-A0A0A-Y,Fluxys Belgium,ITP-00112,Eynatten 1 (BE) // Lichtenbusch / Raeren (DE),21Z0000000000155,entry,kWh/h,,,0,2022-02-27T02:11:08+01:00,,Confirmed,,,,,True,,,True,PRISMA,,https://platform.prisma-capacity.eu/,,Cross-Border Transmission IP within EU,0,False
1Physical Flowhour2022-01-29 14:00:00 +00:002022-01-29 15:00:00 +00:00BE-TSO-0001ITP-00112entrykWh/h,1,Physical Flow,hour,2022-01-29T15:00:00+01:00,2022-01-29T16:00:00+01:00,BE-TSO-0001,21X-BE-A-A0A0A-Y,Fluxys Belgium,ITP-00112,Eynatten 1 (BE) // Lichtenbusch / Raeren (DE),21Z0000000000155,entry,kWh/h,,,0,2022-02-27T02:11:08+01:00,,Confirmed,,,,,True,,,True,PRISMA,,https://platform.prisma-capacity.eu/,,Cross-Border Transmission IP within EU,0,False
1Physical Flowhour2022-01-29 15:00:00 +00:002022-01-29 16:00:00 +00:00BE-TSO-0001ITP-00112entrykWh/h,1,Physical Flow,hour,2022-01-29T16:00:00+01:00,2022-01-29T17:00:00+01:00,BE-TSO-0001,21X-BE-A-A0A0A-Y,Fluxys Belgium,ITP-00112,Eynatten 1 (BE) // Lichtenbusch / Raeren (DE),21Z0000000000155,entry,kWh/h,,,0,2022-02-27T02:11:08+01:00,,Confirmed,,,,,True,,,True,PRISMA,,https://platform.prisma-capacity.eu/,,Cross-Border Transmission IP within EU,0,False
1Physical Flowhour2022-01-29 16:00:00 +00:002022-01-29 17:00:00 +00:00BE-TSO-0001ITP-00112entrykWh/h,1,Physical Flow,hour,2022-01-29T17:00:00+01:00,2022-01-29T18:00:00+01:00,BE-TSO-0001,21X-BE-A-A0A0A-Y,Fluxys Belgium,ITP-00112,Eynatten 1 (BE) // Lichtenbusch / Raeren (DE),21Z0000000000155,entry,kWh/h,,,0,2022-02-27T02:11:08+01:00,,Confirmed,,,,,True,,,True,PRISMA,,https://platform.prisma-capacity.eu/,,Cross-Border Transmission IP within EU,0,False
1Physical Flowhour2022-01-29 17:00:00 +00:002022-01-29 18:00:00 +00:00BE-TSO-0001ITP-00112entrykWh/h,1,Physical Flow,hour,2022-01-29T18:00:00+01:00,2022-01-29T19:00:00+01:00,BE-TSO-0001,21X-BE-A-A0A0A-Y,Fluxys Belgium,ITP-00112,Eynatten 1 (BE) // Lichtenbusch / Raeren (DE),21Z0000000000155,entry,kWh/h,,,0,2022-02-27T02:11:08+01:00,,Confirmed,,,,,True,,,True,PRISMA,,https://platform.prisma-capacity.eu/,,Cross-Border Transmission IP within EU,0,False
1Physical Flowhour2022-01-29 18:00:00 +00:002022-01-29 19:00:00 +00:00BE-TSO-0001ITP-00112entrykWh/h,1,Physical Flow,hour,2022-01-29T19:00:00+01:00,2022-01-29T20:00:00+01:00,BE-TSO-0001,21X-BE-A-A0A0A-Y,Fluxys Belgium,ITP-00112,Eynatten 1 (BE) // Lichtenbusch / Raeren (DE),21Z0000000000155,entry,kWh/h,,,0,2022-02-27T02:11:08+01:00,,Confirmed,,,,,True,,,True,PRISMA,,https://platform.prisma-capacity.eu/,,Cross-Border Transmission IP within EU,0,False
1Physical Flowhour2022-01-29 19:00:00 +00:002022-01-29 20:00:00 +00:00BE-TSO-0001ITP-00112entrykWh/h,1,Physical Flow,hour,2022-01-29T20:00:00+01:00,2022-01-29T21:00:00+01:00,BE-TSO-0001,21X-BE-A-A0A0A-Y,Fluxys Belgium,ITP-00112,Eynatten 1 (BE) // Lichtenbusch / Raeren (DE),21Z0000000000155,entry,kWh/h,,,0,2022-02-27T02:11:08+01:00,,Confirmed,,,,,True,,,True,PRISMA,,https://platform.prisma-capacity.eu/,,Cross-Border Transmission IP within EU,0,False
1Physical Flowhour2022-01-29 20:00:00 +00:002022-01-29 21:00:00 +00:00BE-TSO-0001ITP-00112entrykWh/h,1,Physical Flow,hour,2022-01-29T21:00:00+01:00,2022-01-29T22:00:00+01:00,BE-TSO-0001,21X-BE-A-A0A0A-Y,Fluxys Belgium,ITP-00112,Eynatten 1 (BE) // Lichtenbusch / Raeren (DE),21Z0000000000155,entry,kWh/h,,,0,2022-02-27T02:11:08+01:00,,Confirmed,,,,,True,,,True,PRISMA,,https://platform.prisma-capacity.eu/,,Cross-Border Transmission IP within EU,0,False
1Physical Flowhour2022-01-29 21:00:00 +00:002022-01-29 22:00:00 +00:00BE-TSO-0001ITP-00112entrykWh/h,1,Physical Flow,hour,2022-01-29T22:00:00+01:00,2022-01-29T23:00:00+01:00,BE-TSO-0001,21X-BE-A-A0A0A-Y,Fluxys Belgium,ITP-00112,Eynatten 1 (BE) // Lichtenbusch / Raeren (DE),21Z0000000000155,entry,kWh/h,,,0,2022-02-27T02:11:08+01:00,,Confirmed,,,,,True,,,True,PRISMA,,https://platform.prisma-capacity.eu/,,Cross-Border Transmission IP within EU,0,False
1Physical Flowhour2022-01-29 22:00:00 +00:002022-01-29 23:00:00 +00:00BE-TSO-0001ITP-00112entrykWh/h,1,Physical Flow,hour,2022-01-29T23:00:00+01:00,2022-01-30T00:00:00+01:00,BE-TSO-0001,21X-BE-A-A0A0A-Y,Fluxys Belgium,ITP-00112,Eynatten 1 (BE) // Lichtenbusch / Raeren (DE),21Z0000000000155,entry,kWh/h,,,0,2022-02-27T02:11:08+01:00,,Confirmed,,,,,True,,,True,PRISMA,,https://platform.prisma-capacity.eu/,,Cross-Border Transmission IP within EU,0,False
1Physical Flowhour2022-01-29 23:00:00 +00:002022-01-30 00:00:00 +00:00BE-TSO-0001ITP-00112entrykWh/h,1,Physical Flow,hour,2022-01-30T00:00:00+01:00,2022-01-30T01:00:00+01:00,BE-TSO-0001,21X-BE-A-A0A0A-Y,Fluxys Belgium,ITP-00112,Eynatten 1 (BE) // Lichtenbusch / Raeren (DE),21Z0000000000155,entry,kWh/h,,,0,2022-02-27T02:11:08+01:00,,Confirmed,,,,,True,,,True,PRISMA,,https://platform.prisma-capacity.eu/,,Cross-Border Transmission IP within EU,0,False
1Physical Flowhour2022-01-30 00:00:00 +00:002022-01-30 01:00:00 +00:00BE-TSO-0001ITP-00112entrykWh/h,1,Physical Flow,hour,2022-01-30T01:00:00+01:00,2022-01-30T02:00:00+01:00,BE-TSO-0001,21X-BE-A-A0A0A-Y,Fluxys Belgium,ITP-00112,Eynatten 1 (BE) // Lichtenbusch / Raeren (DE),21Z0000000000155,entry,kWh/h,,,0,2022-02-27T02:11:08+01:00,,Confirmed,,,,,True,,,True,PRISMA,,https://platform.prisma-capacity.eu/,,Cross-Border Transmission IP within EU,0,False
1Physical Flowhour2022-01-30 01:00:00 +00:002022-01-30 02:00:00 +00:00BE-TSO-0001ITP-00112entrykWh/h,1,Physical Flow,hour,2022-01-30T02:00:00+01:00,2022-01-30T03:00:00+01:00,BE-TSO-0001,21X-BE-A-A0A0A-Y,Fluxys Belgium,ITP-00112,Eynatten 1 (BE) // Lichtenbusch / Raeren (DE),21Z0000000000155,entry,kWh/h,,,0,2022-02-27T02:11:08+01:00,,Confirmed,,,,,True,,,True,PRISMA,,https://platform.prisma-capacity.eu/,,Cross-Border Transmission IP within EU,0,False
1Physical Flowhour2022-01-30 02:00:00 +00:002022-01-30 03:00:00 +00:00BE-TSO-0001ITP-00112entrykWh/h,1,Physical Flow,hour,2022-01-30T03:00:00+01:00,2022-01-30T04:00:00+01:00,BE-TSO-0001,21X-BE-A-A0A0A-Y,Fluxys Belgium,ITP-00112,Eynatten 1 (BE) // Lichtenbusch / Raeren (DE),21Z0000000000155,entry,kWh/h,,,0,2022-02-27T02:11:08+01:00,,Confirmed,,,,,True,,,True,PRISMA,,https://platform.prisma-capacity.eu/,,Cross-Border Transmission IP within EU,0,False
1Physical Flowhour2022-01-30 03:00:00 +00:002022-01-30 04:00:00 +00:00BE-TSO-0001ITP-00112entrykWh/h,1,Physical Flow,hour,2022-01-30T04:00:00+01:00,2022-01-30T05:00:00+01:00,BE-TSO-0001,21X-BE-A-A0A0A-Y,Fluxys Belgium,ITP-00112,Eynatten 1 (BE) // Lichtenbusch / Raeren (DE),21Z0000000000155,entry,kWh/h,,,0,2022-02-27T02:11:08+01:00,,Confirmed,,,,,True,,,True,PRISMA,,https://platform.prisma-capacity.eu/,,Cross-Border Transmission IP within EU,0,False
1Physical Flowhour2022-01-30 04:00:00 +00:002022-01-30 05:00:00 +00:00BE-TSO-0001ITP-00112entrykWh/h,1,Physical Flow,hour,2022-01-30T05:00:00+01:00,2022-01-30T06:00:00+01:00,BE-TSO-0001,21X-BE-A-A0A0A-Y,Fluxys Belgium,ITP-00112,Eynatten 1 (BE) // Lichtenbusch / Raeren (DE),21Z0000000000155,entry,kWh/h,,,0,2022-02-27T02:11:08+01:00,,Confirmed,,,,,True,,,True,PRISMA,,https://platform.prisma-capacity.eu/,,Cross-Border Transmission IP within EU,0,False
1Physical Flowhour2022-01-30 05:00:00 +00:002022-01-30 06:00:00 +00:00BE-TSO-0001ITP-00112entrykWh/h,1,Physical Flow,hour,2022-01-30T06:00:00+01:00,2022-01-30T07:00:00+01:00,BE-TSO-0001,21X-BE-A-A0A0A-Y,Fluxys Belgium,ITP-00112,Eynatten 1 (BE) // Lichtenbusch / Raeren (DE),21Z0000000000155,entry,kWh/h,,,0,2022-02-27T02:11:08+01:00,,Confirmed,,,,,True,,,True,PRISMA,,https://platform.prisma-capacity.eu/,,Cross-Border Transmission IP within EU,0,False
1Physical Flowhour2022-01-30 06:00:00 +00:002022-01-30 07:00:00 +00:00BE-TSO-0001ITP-00112entrykWh/h,1,Physical Flow,hour,2022-01-30T07:00:00+01:00,2022-01-30T08:00:00+01:00,BE-TSO-0001,21X-BE-A-A0A0A-Y,Fluxys Belgium,ITP-00112,Eynatten 1 (BE) // Lichtenbusch / Raeren (DE),21Z0000000000155,entry,kWh/h,,,0,2022-02-27T02:11:08+01:00,,Confirmed,,,,,True,,,True,PRISMA,,https://platform.prisma-capacity.eu/,,Cross-Border Transmission IP within EU,0,False
1Physical Flowhour2022-01-30 07:00:00 +00:002022-01-30 08:00:00 +00:00BE-TSO-0001ITP-00112entrykWh/h,1,Physical Flow,hour,2022-01-30T08:00:00+01:00,2022-01-30T09:00:00+01:00,BE-TSO-0001,21X-BE-A-A0A0A-Y,Fluxys Belgium,ITP-00112,Eynatten 1 (BE) // Lichtenbusch / Raeren (DE),21Z0000000000155,entry,kWh/h,,,0,2022-02-27T02:11:08+01:00,,Confirmed,,,,,True,,,True,PRISMA,,https://platform.prisma-capacity.eu/,,Cross-Border Transmission IP within EU,0,False
1Physical Flowhour2022-01-30 08:00:00 +00:002022-01-30 09:00:00 +00:00BE-TSO-0001ITP-00112entrykWh/h,1,Physical Flow,hour,2022-01-30T09:00:00+01:00,2022-01-30T10:00:00+01:00,BE-TSO-0001,21X-BE-A-A0A0A-Y,Fluxys Belgium,ITP-00112,Eynatten 1 (BE) // Lichtenbusch / Raeren (DE),21Z0000000000155,entry,kWh/h,,,0,2022-02-27T02:11:08+01:00,,Confirmed,,,,,True,,,True,PRISMA,,https://platform.prisma-capacity.eu/,,Cross-Border Transmission IP within EU,0,False
1Physical Flowhour2022-01-30 09:00:00 +00:002022-01-30 10:00:00 +00:00BE-TSO-0001ITP-00112entrykWh/h,1,Physical Flow,hour,2022-01-30T10:00:00+01:00,2022-01-30T11:00:00+01:00,BE-TSO-0001,21X-BE-A-A0A0A-Y,Fluxys Belgium,ITP-00112,Eynatten 1 (BE) // Lichtenbusch / Raeren (DE),21Z0000000000155,entry,kWh/h,,,0,2022-02-27T02:11:08+01:00,,Confirmed,,,,,True,,,True,PRISMA,,https://platform.prisma-capacity.eu/,,Cross-Border Transmission IP within EU,0,False
1Physical Flowhour2022-01-30 10:00:00 +00:002022-01-30 11:00:00 +00:00BE-TSO-0001ITP-00112entrykWh/h,1,Physical Flow,hour,2022-01-30T11:00:00+01:00,2022-01-30T12:00:00+01:00,BE-TSO-0001,21X-BE-A-A0A0A-Y,Fluxys Belgium,ITP-00112,Eynatten 1 (BE) // Lichtenbusch / Raeren (DE),21Z0000000000155,entry,kWh/h,,,0,2022-02-27T02:11:08+01:00,,Confirmed,,,,,True,,,True,PRISMA,,https://platform.prisma-capacity.eu/,,Cross-Border Transmission IP within EU,0,False
1Physical Flowhour2022-01-30 11:00:00 +00:002022-01-30 12:00:00 +00:00BE-TSO-0001ITP-00112entrykWh/h,1,Physical Flow,hour,2022-01-30T12:00:00+01:00,2022-01-30T13:00:00+01:00,BE-TSO-0001,21X-BE-A-A0A0A-Y,Fluxys Belgium,ITP-00112,Eynatten 1 (BE) // Lichtenbusch / Raeren (DE),21Z0000000000155,entry,kWh/h,,,0,2022-02-27T02:11:08+01:00,,Confirmed,,,,,True,,,True,PRISMA,,https://platform.prisma-capacity.eu/,,Cross-Border Transmission IP within EU,0,False
1Physical Flowhour2022-01-30 12:00:00 +00:002022-01-30 13:00:00 +00:00BE-TSO-0001ITP-00112entrykWh/h,1,Physical Flow,hour,2022-01-30T13:00:00+01:00,2022-01-30T14:00:00+01:00,BE-TSO-0001,21X-BE-A-A0A0A-Y,Fluxys Belgium,ITP-00112,Eynatten 1 (BE) // Lichtenbusch / Raeren (DE),21Z0000000000155,entry,kWh/h,,,0,2022-02-27T02:11:08+01:00,,Confirmed,,,,,True,,,True,PRISMA,,https://platform.prisma-capacity.eu/,,Cross-Border Transmission IP within EU,0,False
1Physical Flowhour2022-01-30 13:00:00 +00:002022-01-30 14:00:00 +00:00BE-TSO-0001ITP-00112entrykWh/h,1,Physical Flow,hour,2022-01-30T14:00:00+01:00,2022-01-30T15:00:00+01:00,BE-TSO-0001,21X-BE-A-A0A0A-Y,Fluxys Belgium,ITP-00112,Eynatten 1 (BE) // Lichtenbusch / Raeren (DE),21Z0000000000155,entry,kWh/h,,,0,2022-02-27T02:11:08+01:00,,Confirmed,,,,,True,,,True,PRISMA,,https://platform.prisma-capacity.eu/,,Cross-Border Transmission IP within EU,0,False
1Physical Flowhour2022-01-30 14:00:00 +00:002022-01-30 15:00:00 +00:00BE-TSO-0001ITP-00112entrykWh/h,1,Physical Flow,hour,2022-01-30T15:00:00+01:00,2022-01-30T16:00:00+01:00,BE-TSO-0001,21X-BE-A-A0A0A-Y,Fluxys Belgium,ITP-00112,Eynatten 1 (BE) // Lichtenbusch / Raeren (DE),21Z0000000000155,entry,kWh/h,,,0,2022-02-27T02:11:08+01:00,,Confirmed,,,,,True,,,True,PRISMA,,https://platform.prisma-capacity.eu/,,Cross-Border Transmission IP within EU,0,False
1Physical Flowhour2022-01-30 15:00:00 +00:002022-01-30 16:00:00 +00:00BE-TSO-0001ITP-00112entrykWh/h,1,Physical Flow,hour,2022-01-30T16:00:00+01:00,2022-01-30T17:00:00+01:00,BE-TSO-0001,21X-BE-A-A0A0A-Y,Fluxys Belgium,ITP-00112,Eynatten 1 (BE) // Lichtenbusch / Raeren (DE),21Z0000000000155,entry,kWh/h,,,0,2022-02-27T02:11:08+01:00,,Confirmed,,,,,True,,,True,PRISMA,,https://platform.prisma-capacity.eu/,,Cross-Border Transmission IP within EU,0,False
1Physical Flowhour2022-01-30 16:00:00 +00:002022-01-30 17:00:00 +00:00BE-TSO-0001ITP-00112entrykWh/h,1,Physical Flow,hour,2022-01-30T17:00:00+01:00,2022-01-30T18:00:00+01:00,BE-TSO-0001,21X-BE-A-A0A0A-Y,Fluxys Belgium,ITP-00112,Eynatten 1 (BE) // Lichtenbusch / Raeren (DE),21Z0000000000155,entry,kWh/h,,,0,2022-02-27T02:11:08+01:00,,Confirmed,,,,,True,,,True,PRISMA,,https://platform.prisma-capacity.eu/,,Cross-Border Transmission IP within EU,0,False
1Physical Flowhour2022-01-30 17:00:00 +00:002022-01-30 18:00:00 +00:00BE-TSO-0001ITP-00112entrykWh/h,1,Physical Flow,hour,2022-01-30T18:00:00+01:00,2022-01-30T19:00:00+01:00,BE-TSO-0001,21X-BE-A-A0A0A-Y,Fluxys Belgium,ITP-00112,Eynatten 1 (BE) // Lichtenbusch / Raeren (DE),21Z0000000000155,entry,kWh/h,,,0,2022-02-27T02:11:08+01:00,,Confirmed,,,,,True,,,True,PRISMA,,https://platform.prisma-capacity.eu/,,Cross-Border Transmission IP within EU,0,False
1Physical Flowhour2022-01-30 18:00:00 +00:002022-01-30 19:00:00 +00:00BE-TSO-0001ITP-00112entrykWh/h,1,Physical Flow,hour,2022-01-30T19:00:00+01:00,2022-01-30T20:00:00+01:00,BE-TSO-0001,21X-BE-A-A0A0A-Y,Fluxys Belgium,ITP-00112,Eynatten 1 (BE) // Lichtenbusch / Raeren (DE),21Z0000000000155,entry,kWh/h,,,0,2022-02-27T02:11:08+01:00,,Confirmed,,,,,True,,,True,PRISMA,,https://platform.prisma-capacity.eu/,,Cross-Border Transmission IP within EU,0,False
1Physical Flowhour2022-01-30 19:00:00 +00:002022-01-30 20:00:00 +00:00BE-TSO-0001ITP-00112entrykWh/h,1,Physical Flow,hour,2022-01-30T20:00:00+01:00,2022-01-30T21:00:00+01:00,BE-TSO-0001,21X-BE-A-A0A0A-Y,Fluxys Belgium,ITP-00112,Eynatten 1 (BE) // Lichtenbusch / Raeren (DE),21Z0000000000155,entry,kWh/h,,,0,2022-02-27T02:11:08+01:00,,Confirmed,,,,,True,,,True,PRISMA,,https://platform.prisma-capacity.eu/,,Cross-Border Transmission IP within EU,0,False
1Physical Flowhour2022-01-30 20:00:00 +00:002022-01-30 21:00:00 +00:00BE-TSO-0001ITP-00112entrykWh/h,1,Physical Flow,hour,2022-01-30T21:00:00+01:00,2022-01-30T22:00:00+01:00,BE-TSO-0001,21X-BE-A-A0A0A-Y,Fluxys Belgium,ITP-00112,Eynatten 1 (BE) // Lichtenbusch / Raeren (DE),21Z0000000000155,entry,kWh/h,,,0,2022-02-27T02:11:08+01:00,,Confirmed,,,,,True,,,True,PRISMA,,https://platform.prisma-capacity.eu/,,Cross-Border Transmission IP within EU,0,False
1Physical Flowhour2022-01-30 21:00:00 +00:002022-01-30 22:00:00 +00:00BE-TSO-0001ITP-00112entrykWh/h,1,Physical Flow,hour,2022-01-30T22:00:00+01:00,2022-01-30T23:00:00+01:00,BE-TSO-0001,21X-BE-A-A0A0A-Y,Fluxys Belgium,ITP-00112,Eynatten 1 (BE) // Lichtenbusch / Raeren (DE),21Z0000000000155,entry,kWh/h,,,0,2022-02-27T02:11:08+01:00,,Confirmed,,,,,True,,,True,PRISMA,,https://platform.prisma-capacity.eu/,,Cross-Border Transmission IP within EU,0,False
1Physical Flowhour2022-01-30 22:00:00 +00:002022-01-30 23:00:00 +00:00BE-TSO-0001ITP-00112entrykWh/h,1,Physical Flow,hour,2022-01-30T23:00:00+01:00,2022-01-31T00:00:00+01:00,BE-TSO-0001,21X-BE-A-A0A0A-Y,Fluxys Belgium,ITP-00112,Eynatten 1 (BE) // Lichtenbusch / Raeren (DE),21Z0000000000155,entry,kWh/h,,,0,2022-02-27T02:11:08+01:00,,Confirmed,,,,,True,,,True,PRISMA,,https://platform.prisma-capacity.eu/,,Cross-Border Transmission IP within EU,0,False
1Physical Flowhour2022-01-30 23:00:00 +00:002022-01-31 00:00:00 +00:00BE-TSO-0001ITP-00112entrykWh/h,1,Physical Flow,hour,2022-01-31T00:00:00+01:00,2022-01-31T01:00:00+01:00,BE-TSO-0001,21X-BE-A-A0A0A-Y,Fluxys Belgium,ITP-00112,Eynatten 1 (BE) // Lichtenbusch / Raeren (DE),21Z0000000000155,entry,kWh/h,,,0,2022-02-27T02:11:08+01:00,,Confirmed,,,,,True,,,True,PRISMA,,https://platform.prisma-capacity.eu/,,Cross-Border Transmission IP within EU,0,False
1Physical Flowhour2022-01-31 00:00:00 +00:002022-01-31 01:00:00 +00:00BE-TSO-0001ITP-00112entrykWh/h,1,Physical Flow,hour,2022-01-31T01:00:00+01:00,2022-01-31T02:00:00+01:00,BE-TSO-0001,21X-BE-A-A0A0A-Y,Fluxys Belgium,ITP-00112,Eynatten 1 (BE) // Lichtenbusch / Raeren (DE),21Z0000000000155,entry,kWh/h,,,0,2022-02-27T02:11:08+01:00,,Confirmed,,,,,True,,,True,PRISMA,,https://platform.prisma-capacity.eu/,,Cross-Border Transmission IP within EU,0,False
1Physical Flowhour2022-01-31 01:00:00 +00:002022-01-31 02:00:00 +00:00BE-TSO-0001ITP-00112entrykWh/h,1,Physical Flow,hour,2022-01-31T02:00:00+01:00,2022-01-31T03:00:00+01:00,BE-TSO-0001,21X-BE-A-A0A0A-Y,Fluxys Belgium,ITP-00112,Eynatten 1 (BE) // Lichtenbusch / Raeren (DE),21Z0000000000155,entry,kWh/h,,,0,2022-02-27T02:11:08+01:00,,Confirmed,,,,,True,,,True,PRISMA,,https://platform.prisma-capacity.eu/,,Cross-Border Transmission IP within EU,0,False
1Physical Flowhour2022-01-31 02:00:00 +00:002022-01-31 03:00:00 +00:00BE-TSO-0001ITP-00112entrykWh/h,1,Physical Flow,hour,2022-01-31T03:00:00+01:00,2022-01-31T04:00:00+01:00,BE-TSO-0001,21X-BE-A-A0A0A-Y,Fluxys Belgium,ITP-00112,Eynatten 1 (BE) // Lichtenbusch / Raeren (DE),21Z0000000000155,entry,kWh/h,,,0,2022-02-27T02:11:08+01:00,,Confirmed,,,,,True,,,True,PRISMA,,https://platform.prisma-capacity.eu/,,Cross-Border Transmission IP within EU,0,False
1Physical Flowhour2022-01-31 03:00:00 +00:002022-01-31 04:00:00 +00:00BE-TSO-0001ITP-00112entrykWh/h,1,Physical Flow,hour,2022-01-31T04:00:00+01:00,2022-01-31T05:00:00+01:00,BE-TSO-0001,21X-BE-A-A0A0A-Y,Fluxys Belgium,ITP-00112,Eynatten 1 (BE) // Lichtenbusch / Raeren (DE),21Z0000000000155,entry,kWh/h,,,0,2022-02-27T02:11:08+01:00,,Confirmed,,,,,True,,,True,PRISMA,,https://platform.prisma-capacity.eu/,,Cross-Border Transmission IP within EU,0,False
1Physical Flowhour2022-01-31 04:00:00 +00:002022-01-31 05:00:00 +00:00BE-TSO-0001ITP-00112entrykWh/h,1,Physical Flow,hour,2022-01-31T05:00:00+01:00,2022-01-31T06:00:00+01:00,BE-TSO-0001,21X-BE-A-A0A0A-Y,Fluxys Belgium,ITP-00112,Eynatten 1 (BE) // Lichtenbusch / Raeren (DE),21Z0000000000155,entry,kWh/h,,,0,2022-02-27T02:11:08+01:00,,Confirmed,,,,,True,,,True,PRISMA,,https://platform.prisma-capacity.eu/,,Cross-Border Transmission IP within EU,0,False
1Physical Flowhour2022-01-31 05:00:00 +00:002022-01-31 06:00:00 +00:00BE-TSO-0001ITP-00112entrykWh/h,1,Physical Flow,hour,2022-01-31T06:00:00+01:00,2022-01-31T07:00:00+01:00,BE-TSO-0001,21X-BE-A-A0A0A-Y,Fluxys Belgium,ITP-00112,Eynatten 1 (BE) // Lichtenbusch / Raeren (DE),21Z0000000000155,entry,kWh/h,,,0,2022-02-27T02:11:08+01:00,,Confirmed,,,,,True,,,True,PRISMA,,https://platform.prisma-capacity.eu/,,Cross-Border Transmission IP within EU,0,False
1Physical Flowhour2022-01-31 06:00:00 +00:002022-01-31 07:00:00 +00:00BE-TSO-0001ITP-00112entrykWh/h,1,Physical Flow,hour,2022-01-31T07:00:00+01:00,2022-01-31T08:00:00+01:00,BE-TSO-0001,21X-BE-A-A0A0A-Y,Fluxys Belgium,ITP-00112,Eynatten 1 (BE) // Lichtenbusch / Raeren (DE),21Z0000000000155,entry,kWh/h,,,0,2022-02-27T02:11:08+01:00,,Confirmed,,,,,True,,,True,PRISMA,,https://platform.prisma-capacity.eu/,,Cross-Border Transmission IP within EU,0,False
1Physical Flowhour2022-01-31 07:00:00 +00:002022-01-31 08:00:00 +00:00BE-TSO-0001ITP-00112entrykWh/h,1,Physical Flow,hour,2022-01-31T08:00:00+01:00,2022-01-31T09:00:00+01:00,BE-TSO-0001,21X-BE-A-A0A0A-Y,Fluxys Belgium,ITP-00112,Eynatten 1 (BE) // Lichtenbusch / Raeren (DE),21Z0000000000155,entry,kWh/h,,,0,2022-02-27T02:11:08+01:00,,Confirmed,,,,,True,,,True,PRISMA,,https://platform.prisma-capacity.eu/,,Cross-Border Transmission IP within EU,0,False
1Physical Flowhour2022-01-31 08:00:00 +00:002022-01-31 09:00:00 +00:00BE-TSO-0001ITP-00112entrykWh/h,1,Physical Flow,hour,2022-01-31T09:00:00+01:00,2022-01-31T10:00:00+01:00,BE-TSO-0001,21X-BE-A-A0A0A-Y,Fluxys Belgium,ITP-00112,Eynatten 1 (BE) // Lichtenbusch / Raeren (DE),21Z0000000000155,entry,kWh/h,,,0,2022-02-27T02:11:08+01:00,,Confirmed,,,,,True,,,True,PRISMA,,https://platform.prisma-capacity.eu/,,Cross-Border Transmission IP within EU,0,False
1Physical Flowhour2022-01-31 09:00:00 +00:002022-01-31 10:00:00 +00:00BE-TSO-0001ITP-00112entrykWh/h,1,Physical Flow,hour,2022-01-31T10:00:00+01:00,2022-01-31T11:00:00+01:00,BE-TSO-0001,21X-BE-A-A0A0A-Y,Fluxys Belgium,ITP-00112,Eynatten 1 (BE) // Lichtenbusch / Raeren (DE),21Z0000000000155,entry,kWh/h,,,0,2022-02-27T02:11:08+01:00,,Confirmed,,,,,True,,,True,PRISMA,,https://platform.prisma-capacity.eu/,,Cross-Border Transmission IP within EU,0,False
1Physical Flowhour2022-01-31 10:00:00 +00:002022-01-31 11:00:00 +00:00BE-TSO-0001ITP-00112entrykWh/h,1,Physical Flow,hour,2022-01-31T11:00:00+01:00,2022-01-31T12:00:00+01:00,BE-TSO-0001,21X-BE-A-A0A0A-Y,Fluxys Belgium,ITP-00112,Eynatten 1 (BE) // Lichtenbusch / Raeren (DE),21Z0000000000155,entry,kWh/h,,,0,2022-02-27T02:11:08+01:00,,Confirmed,,,,,True,,,True,PRISMA,,https://platform.prisma-capacity.eu/,,Cross-Border Transmission IP within EU,0,False
1Physical Flowhour2022-01-31 11:00:00 +00:002022-01-31 12:00:00 +00:00BE-TSO-0001ITP-00112entrykWh/h,1,Physical Flow,hour,2022-01-31T12:00:00+01:00,2022-01-31T13:00:00+01:00,BE-TSO-0001,21X-BE-A-A0A0A-Y,Fluxys Belgium,ITP-00112,Eynatten 1 (BE) // Lichtenbusch / Raeren (DE),21Z0000000000155,entry,kWh/h,,,0,2022-02-27T02:11:08+01:00,,Confirmed,,,,,True,,,True,PRISMA,,https://platform.prisma-capacity.eu/,,Cross-Border Transmission IP within EU,0,False
1Physical Flowhour2022-01-31 12:00:00 +00:002022-01-31 13:00:00 +00:00BE-TSO-0001ITP-00112entrykWh/h,1,Physical Flow,hour,2022-01-31T13:00:00+01:00,2022-01-31T14:00:00+01:00,BE-TSO-0001,21X-BE-A-A0A0A-Y,Fluxys Belgium,ITP-00112,Eynatten 1 (BE) // Lichtenbusch / Raeren (DE),21Z0000000000155,entry,kWh/h,,,0,2022-02-27T02:11:08+01:00,,Confirmed,,,,,True,,,True,PRISMA,,https://platform.prisma-capacity.eu/,,Cross-Border Transmission IP within EU,0,False
1Physical Flowhour2022-01-31 13:00:00 +00:002022-01-31 14:00:00 +00:00BE-TSO-0001ITP-00112entrykWh/h,1,Physical Flow,hour,2022-01-31T14:00:00+01:00,2022-01-31T15:00:00+01:00,BE-TSO-0001,21X-BE-A-A0A0A-Y,Fluxys Belgium,ITP-00112,Eynatten 1 (BE) // Lichtenbusch / Raeren (DE),21Z0000000000155,entry,kWh/h,,,0,2022-02-27T02:11:08+01:00,,Confirmed,,,,,True,,,True,PRISMA,,https://platform.prisma-capacity.eu/,,Cross-Border Transmission IP within EU,0,False
1Physical Flowhour2022-01-31 14:00:00 +00:002022-01-31 15:00:00 +00:00BE-TSO-0001ITP-00112entrykWh/h,1,Physical Flow,hour,2022-01-31T15:00:00+01:00,2022-01-31T16:00:00+01:00,BE-TSO-0001,21X-BE-A-A0A0A-Y,Fluxys Belgium,ITP-00112,Eynatten 1 (BE) // Lichtenbusch / Raeren (DE),21Z0000000000155,entry,kWh/h,,,0,2022-02-27T02:11:08+01:00,,Confirmed,,,,,True,,,True,PRISMA,,https://platform.prisma-capacity.eu/,,Cross-Border Transmission IP within EU,0,False
1Physical Flowhour2022-01-31 15:00:00 +00:002022-01-31 16:00:00 +00:00BE-TSO-0001ITP-00112entrykWh/h,1,Physical Flow,hour,2022-01-31T16:00:00+01:00,2022-01-31T17:00:00+01:00,BE-TSO-0001,21X-BE-A-A0A0A-Y,Fluxys Belgium,ITP-00112,Eynatten 1 (BE) // Lichtenbusch / Raeren (DE),21Z0000000000155,entry,kWh/h,,,0,2022-02-27T02:11:08+01:00,,Confirmed,,,,,True,,,True,PRISMA,,https://platform.prisma-capacity.eu/,,Cross-Border Transmission IP within EU,0,False
1Physical Flowhour2022-01-31 16:00:00 +00:002022-01-31 17:00:00 +00:00BE-TSO-0001ITP-00112entrykWh/h,1,Physical Flow,hour,2022-01-31T17:00:00+01:00,2022-01-31T18:00:00+01:00,BE-TSO-0001,21X-BE-A-A0A0A-Y,Fluxys Belgium,ITP-00112,Eynatten 1 (BE) // Lichtenbusch / Raeren (DE),21Z0000000000155,entry,kWh/h,,,0,2022-02-27T02:11:08+01:00,,Confirmed,,,,,True,,,True,PRISMA,,https://platform.prisma-capacity.eu/,,Cross-Border Transmission IP within EU,0,False
1Physical Flowhour2022-01-31 17:00:00 +00:002022-01-31 18:00:00 +00:00BE-TSO-0001ITP-00112entrykWh/h,1,Physical Flow,hour,2022-01-31T18:00:00+01:00,2022-01-31T19:00:00+01:00,BE-TSO-0001,21X-BE-A-A0A0A-Y,Fluxys Belgium,ITP-00112,Eynatten 1 (BE) // Lichtenbusch / Raeren (DE),21Z0000000000155,entry,kWh/h,,,0,2022-02-27T02:11:08+01:00,,Confirmed,,,,,True,,,True,PRISMA,,https://platform.prisma-capacity.eu/,,Cross-Border Transmission IP within EU,0,False
1Physical Flowhour2022-01-31 18:00:00 +00:002022-01-31 19:00:00 +00:00BE-TSO-0001ITP-00112entrykWh/h,1,Physical Flow,hour,2022-01-31T19:00:00+01:00,2022-01-31T20:00:00+01:00,BE-TSO-0001,21X-BE-A-A0A0A-Y,Fluxys Belgium,ITP-00112,Eynatten 1 (BE) // Lichtenbusch / Raeren (DE),21Z0000000000155,entry,kWh/h,,,0,2022-02-27T02:11:08+01:00,,Confirmed,,,,,True,,,True,PRISMA,,https://platform.prisma-capacity.eu/,,Cross-Border Transmission IP within EU,0,False
1Physical Flowhour2022-01-31 19:00:00 +00:002022-01-31 20:00:00 +00:00BE-TSO-0001ITP-00112entrykWh/h,1,Physical Flow,hour,2022-01-31T20:00:00+01:00,2022-01-31T21:00:00+01:00,BE-TSO-0001,21X-BE-A-A0A0A-Y,Fluxys Belgium,ITP-00112,Eynatten 1 (BE) // Lichtenbusch / Raeren (DE),21Z0000000000155,entry,kWh/h,,,0,2022-02-27T02:11:08+01:00,,Confirmed,,,,,True,,,True,PRISMA,,https://platform.prisma-capacity.eu/,,Cross-Border Transmission IP within EU,0,False
1Physical Flowhour2022-01-31 20:00:00 +00:002022-01-31 21:00:00 +00:00BE-TSO-0001ITP-00112entrykWh/h,1,Physical Flow,hour,2022-01-31T21:00:00+01:00,2022-01-31T22:00:00+01:00,BE-TSO-0001,21X-BE-A-A0A0A-Y,Fluxys Belgium,ITP-00112,Eynatten 1 (BE) // Lichtenbusch / Raeren (DE),21Z0000000000155,entry,kWh/h,,,0,2022-02-27T02:11:08+01:00,,Confirmed,,,,,True,,,True,PRISMA,,https://platform.prisma-capacity.eu/,,Cross-Border Transmission IP within EU,0,False
1Physical Flowhour2022-01-31 21:00:00 +00:002022-01-31 22:00:00 +00:00BE-TSO-0001ITP-00112entrykWh/h,1,Physical Flow,hour,2022-01-31T22:00:00+01:00,2022-01-31T23:00:00+01:00,BE-TSO-0001,21X-BE-A-A0A0A-Y,Fluxys Belgium,ITP-00112,Eynatten 1 (BE) // Lichtenbusch / Raeren (DE),21Z0000000000155,entry,kWh/h,,,0,2022-02-27T02:11:08+01:00,,Confirmed,,,,,True,,,True,PRISMA,,https://platform.prisma-capacity.eu/,,Cross-Border Transmission IP within EU,0,False
1Physical Flowhour2022-01-31 22:00:00 +00:002022-01-31 23:00:00 +00:00BE-TSO-0001ITP-00112entrykWh/h,1,Physical Flow,hour,2022-01-31T23:00:00+01:00,2022-02-01T00:00:00+01:00,BE-TSO-0001,21X-BE-A-A0A0A-Y,Fluxys Belgium,ITP-00112,Eynatten 1 (BE) // Lichtenbusch / Raeren (DE),21Z0000000000155,entry,kWh/h,,,0,2022-02-27T02:11:08+01:00,,Confirmed,,,,,True,,,True,PRISMA,,https://platform.prisma-capacity.eu/,,Cross-Border Transmission IP within EU,0,False
1Physical Flowhour2022-01-31 23:00:00 +00:002022-02-01 00:00:00 +00:00BE-TSO-0001ITP-00112entrykWh/h,1,Physical Flow,hour,2022-02-01T00:00:00+01:00,2022-02-01T01:00:00+01:00,BE-TSO-0001,21X-BE-A-A0A0A-Y,Fluxys Belgium,ITP-00112,Eynatten 1 (BE) // Lichtenbusch / Raeren (DE),21Z0000000000155,entry,kWh/h,,,0,2022-02-27T02:11:08+01:00,,Confirmed,,,,,True,,,True,PRISMA,,https://platform.prisma-capacity.eu/,,Cross-Border Transmission IP within EU,0,False
1Physical Flowhour2022-02-01 00:00:00 +00:002022-02-01 01:00:00 +00:00BE-TSO-0001ITP-00112entrykWh/h,1,Physical Flow,hour,2022-02-01T01:00:00+01:00,2022-02-01T02:00:00+01:00,BE-TSO-0001,21X-BE-A-A0A0A-Y,Fluxys Belgium,ITP-00112,Eynatten 1 (BE) // Lichtenbusch / Raeren (DE),21Z0000000000155,entry,kWh/h,,,0,2022-02-27T02:11:08+01:00,,Confirmed,,,,,True,,,True,PRISMA,,https://platform.prisma-capacity.eu/,,Cross-Border Transmission IP within EU,0,False
1Physical Flowhour2022-02-01 01:00:00 +00:002022-02-01 02:00:00 +00:00BE-TSO-0001ITP-00112entrykWh/h,1,Physical Flow,hour,2022-02-01T02:00:00+01:00,2022-02-01T03:00:00+01:00,BE-TSO-0001,21X-BE-A-A0A0A-Y,Fluxys Belgium,ITP-00112,Eynatten 1 (BE) // Lichtenbusch / Raeren (DE),21Z0000000000155,entry,kWh/h,,,0,2022-02-27T02:11:08+01:00,,Confirmed,,,,,True,,,True,PRISMA,,https://platform.prisma-capacity.eu/,,Cross-Border Transmission IP within EU,0,False
1Physical Flowhour2022-02-01 02:00:00 +00:002022-02-01 03:00:00 +00:00BE-TSO-0001ITP-00112entrykWh/h,1,Physical Flow,hour,2022-02-01T03:00:00+01:00,2022-02-01T04:00:00+01:00,BE-TSO-0001,21X-BE-A-A0A0A-Y,Fluxys Belgium,ITP-00112,Eynatten 1 (BE) // Lichtenbusch / Raeren (DE),21Z0000000000155,entry,kWh/h,,,0,2022-02-27T02:11:08+01:00,,Confirmed,,,,,True,,,True,PRISMA,,https://platform.prisma-capacity.eu/,,Cross-Border Transmission IP within EU,0,False
1Physical Flowhour2022-02-01 03:00:00 +00:002022-02-01 04:00:00 +00:00BE-TSO-0001ITP-00112entrykWh/h,1,Physical Flow,hour,2022-02-01T04:00:00+01:00,2022-02-01T05:00:00+01:00,BE-TSO-0001,21X-BE-A-A0A0A-Y,Fluxys Belgium,ITP-00112,Eynatten 1 (BE) // Lichtenbusch / Raeren (DE),21Z0000000000155,entry,kWh/h,,,0,2022-02-27T02:11:08+01:00,,Confirmed,,,,,True,,,True,PRISMA,,https://platform.prisma-capacity.eu/,,Cross-Border Transmission IP within EU,0,False
1Physical Flowhour2022-02-01 04:00:00 +00:002022-02-01 05:00:00 +00:00BE-TSO-0001ITP-00112entrykWh/h,1,Physical Flow,hour,2022-02-01T05:00:00+01:00,2022-02-01T06:00:00+01:00,BE-TSO-0001,21X-BE-A-A0A0A-Y,Fluxys Belgium,ITP-00112,Eynatten 1 (BE) // Lichtenbusch / Raeren (DE),21Z0000000000155,entry,kWh/h,,,0,2022-02-27T02:11:08+01:00,,Confirmed,,,,,True,,,True,PRISMA,,https://platform.prisma-capacity.eu/,,Cross-Border Transmission IP within EU,0,False
1Physical Flowhour2022-02-01 05:00:00 +00:002022-02-01 06:00:00 +00:00BE-TSO-0001ITP-00112entrykWh/h,1,Physical Flow,hour,2022-02-01T06:00:00+01:00,2022-02-01T07:00:00+01:00,BE-TSO-0001,21X-BE-A-A0A0A-Y,Fluxys Belgium,ITP-00112,Eynatten 1 (BE) // Lichtenbusch / Raeren (DE),21Z0000000000155,entry,kWh/h,,,0,2022-03-20T02:03:09+01:00,,Confirmed,,,,,True,,,True,PRISMA,,https://platform.prisma-capacity.eu/,,Cross-Border Transmission IP within EU,0,False
1Physical Flowhour2022-02-01 06:00:00 +00:002022-02-01 07:00:00 +00:00BE-TSO-0001ITP-00112entrykWh/h,1,Physical Flow,hour,2022-02-01T07:00:00+01:00,2022-02-01T08:00:00+01:00,BE-TSO-0001,21X-BE-A-A0A0A-Y,Fluxys Belgium,ITP-00112,Eynatten 1 (BE) // Lichtenbusch / Raeren (DE),21Z0000000000155,entry,kWh/h,,,0,2022-03-20T02:03:09+01:00,,Confirmed,,,,,True,,,True,PRISMA,,https://platform.prisma-capacity.eu/,,Cross-Border Transmission IP within EU,0,False
1Physical Flowhour2022-02-01 07:00:00 +00:002022-02-01 08:00:00 +00:00BE-TSO-0001ITP-00112entrykWh/h,1,Physical Flow,hour,2022-02-01T08:00:00+01:00,2022-02-01T09:00:00+01:00,BE-TSO-0001,21X-BE-A-A0A0A-Y,Fluxys Belgium,ITP-00112,Eynatten 1 (BE) // Lichtenbusch / Raeren (DE),21Z0000000000155,entry,kWh/h,,,0,2022-03-20T02:03:09+01:00,,Confirmed,,,,,True,,,True,PRISMA,,https://platform.prisma-capacity.eu/,,Cross-Border Transmission IP within EU,0,False
1Physical Flowhour2022-02-01 08:00:00 +00:002022-02-01 09:00:00 +00:00BE-TSO-0001ITP-00112entrykWh/h,1,Physical Flow,hour,2022-02-01T09:00:00+01:00,2022-02-01T10:00:00+01:00,BE-TSO-0001,21X-BE-A-A0A0A-Y,Fluxys Belgium,ITP-00112,Eynatten 1 (BE) // Lichtenbusch / Raeren (DE),21Z0000000000155,entry,kWh/h,,,0,2022-03-20T02:03:09+01:00,,Confirmed,,,,,True,,,True,PRISMA,,https://platform.prisma-capacity.eu/,,Cross-Border Transmission IP within EU,0,False
1Physical Flowhour2022-02-01 09:00:00 +00:002022-02-01 10:00:00 +00:00BE-TSO-0001ITP-00112entrykWh/h,1,Physical Flow,hour,2022-02-01T10:00:00+01:00,2022-02-01T11:00:00+01:00,BE-TSO-0001,21X-BE-A-A0A0A-Y,Fluxys Belgium,ITP-00112,Eynatten 1 (BE) // Lichtenbusch / Raeren (DE),21Z0000000000155,entry,kWh/h,,,0,2022-03-20T02:03:09+01:00,,Confirmed,,,,,True,,,True,PRISMA,,https://platform.prisma-capacity.eu/,,Cross-Border Transmission IP within EU,0,False
1Physical Flowhour2022-02-01 10:00:00 +00:002022-02-01 11:00:00 +00:00BE-TSO-0001ITP-00112entrykWh/h,1,Physical Flow,hour,2022-02-01T11:00:00+01:00,2022-02-01T12:00:00+01:00,BE-TSO-0001,21X-BE-A-A0A0A-Y,Fluxys Belgium,ITP-00112,Eynatten 1 (BE) // Lichtenbusch / Raeren (DE),21Z0000000000155,entry,kWh/h,,,0,2022-03-20T02:03:09+01:00,,Confirmed,,,,,True,,,True,PRISMA,,https://platform.prisma-capacity.eu/,,Cross-Border Transmission IP within EU,0,False
1Physical Flowhour2022-02-01 11:00:00 +00:002022-02-01 12:00:00 +00:00BE-TSO-0001ITP-00112entrykWh/h,1,Physical Flow,hour,2022-02-01T12:00:00+01:00,2022-02-01T13:00:00+01:00,BE-TSO-0001,21X-BE-A-A0A0A-Y,Fluxys Belgium,ITP-00112,Eynatten 1 (BE) // Lichtenbusch / Raeren (DE),21Z0000000000155,entry,kWh/h,,,0,2022-03-20T02:03:09+01:00,,Confirmed,,,,,True,,,True,PRISMA,,https://platform.prisma-capacity.eu/,,Cross-Border Transmission IP within EU,0,False
1Physical Flowhour2022-02-01 12:00:00 +00:002022-02-01 13:00:00 +00:00BE-TSO-0001ITP-00112entrykWh/h,1,Physical Flow,hour,2022-02-01T13:00:00+01:00,2022-02-01T14:00:00+01:00,BE-TSO-0001,21X-BE-A-A0A0A-Y,Fluxys Belgium,ITP-00112,Eynatten 1 (BE) // Lichtenbusch / Raeren (DE),21Z0000000000155,entry,kWh/h,,,0,2022-03-20T02:03:09+01:00,,Confirmed,,,,,True,,,True,PRISMA,,https://platform.prisma-capacity.eu/,,Cross-Border Transmission IP within EU,0,False
1Physical Flowhour2022-02-01 13:00:00 +00:002022-02-01 14:00:00 +00:00BE-TSO-0001ITP-00112entrykWh/h,1,Physical Flow,hour,2022-02-01T14:00:00+01:00,2022-02-01T15:00:00+01:00,BE-TSO-0001,21X-BE-A-A0A0A-Y,Fluxys Belgium,ITP-00112,Eynatten 1 (BE) // Lichtenbusch / Raeren (DE),21Z0000000000155,entry,kWh/h,,,0,2022-03-20T02:03:09+01:00,,Confirmed,,,,,True,,,True,PRISMA,,https://platform.prisma-capacity.eu/,,Cross-Border Transmission IP within EU,0,False
1Physical Flowhour2022-02-01 14:00:00 +00:002022-02-01 15:00:00 +00:00BE-TSO-0001ITP-00112entrykWh/h,1,Physical Flow,hour,2022-02-01T15:00:00+01:00,2022-02-01T16:00:00+01:00,BE-TSO-0001,21X-BE-A-A0A0A-Y,Fluxys Belgium,ITP-00112,Eynatten 1 (BE) // Lichtenbusch / Raeren (DE),21Z0000000000155,entry,kWh/h,,,0,2022-03-20T02:03:09+01:00,,Confirmed,,,,,True,,,True,PRISMA,,https://platform.prisma-capacity.eu/,,Cross-Border Transmission IP within EU,0,False
1Physical Flowhour2022-02-01 15:00:00 +00:002022-02-01 16:00:00 +00:00BE-TSO-0001ITP-00112entrykWh/h,1,Physical Flow,hour,2022-02-01T16:00:00+01:00,2022-02-01T17:00:00+01:00,BE-TSO-0001,21X-BE-A-A0A0A-Y,Fluxys Belgium,ITP-00112,Eynatten 1 (BE) // Lichtenbusch / Raeren (DE),21Z0000000000155,entry,kWh/h,,,0,2022-03-20T02:03:09+01:00,,Confirmed,,,,,True,,,True,PRISMA,,https://platform.prisma-capacity.eu/,,Cross-Border Transmission IP within EU,0,False
1Physical Flowhour2022-02-01 16:00:00 +00:002022-02-01 17:00:00 +00:00BE-TSO-0001ITP-00112entrykWh/h,1,Physical Flow,hour,2022-02-01T17:00:00+01:00,2022-02-01T18:00:00+01:00,BE-TSO-0001,21X-BE-A-A0A0A-Y,Fluxys Belgium,ITP-00112,Eynatten 1 (BE) // Lichtenbusch / Raeren (DE),21Z0000000000155,entry,kWh/h,,,0,2022-03-20T02:03:09+01:00,,Confirmed,,,,,True,,,True,PRISMA,,https://platform.prisma-capacity.eu/,,Cross-Border Transmission IP within EU,0,False
1Physical Flowhour2022-02-01 17:00:00 +00:002022-02-01 18:00:00 +00:00BE-TSO-0001ITP-00112entrykWh/h,1,Physical Flow,hour,2022-02-01T18:00:00+01:00,2022-02-01T19:00:00+01:00,BE-TSO-0001,21X-BE-A-A0A0A-Y,Fluxys Belgium,ITP-00112,Eynatten 1 (BE) // Lichtenbusch / Raeren (DE),21Z0000000000155,entry,kWh/h,,,0,2022-03-20T02:03:09+01:00,,Confirmed,,,,,True,,,True,PRISMA,,https://platform.prisma-capacity.eu/,,Cross-Border Transmission IP within EU,0,False
1Physical Flowhour2022-02-01 18:00:00 +00:002022-02-01 19:00:00 +00:00BE-TSO-0001ITP-00112entrykWh/h,1,Physical Flow,hour,2022-02-01T19:00:00+01:00,2022-02-01T20:00:00+01:00,BE-TSO-0001,21X-BE-A-A0A0A-Y,Fluxys Belgium,ITP-00112,Eynatten 1 (BE) // Lichtenbusch / Raeren (DE),21Z0000000000155,entry,kWh/h,,,0,2022-03-20T02:03:09+01:00,,Confirmed,,,,,True,,,True,PRISMA,,https://platform.prisma-capacity.eu/,,Cross-Border Transmission IP within EU,0,False
1Physical Flowhour2022-02-01 19:00:00 +00:002022-02-01 20:00:00 +00:00BE-TSO-0001ITP-00112entrykWh/h,1,Physical Flow,hour,2022-02-01T20:00:00+01:00,2022-02-01T21:00:00+01:00,BE-TSO-0001,21X-BE-A-A0A0A-Y,Fluxys Belgium,ITP-00112,Eynatten 1 (BE) // Lichtenbusch / Raeren (DE),21Z0000000000155,entry,kWh/h,,,0,2022-03-20T02:03:09+01:00,,Confirmed,,,,,True,,,True,PRISMA,,https://platform.prisma-capacity.eu/,,Cross-Border Transmission IP within EU,0,False
1Physical Flowhour2022-02-01 20:00:00 +00:002022-02-01 21:00:00 +00:00BE-TSO-0001ITP-00112entrykWh/h,1,Physical Flow,hour,2022-02-01T21:00:00+01:00,2022-02-01T22:00:00+01:00,BE-TSO-0001,21X-BE-A-A0A0A-Y,Fluxys Belgium,ITP-00112,Eynatten 1 (BE) // Lichtenbusch / Raeren (DE),21Z0000000000155,entry,kWh/h,,,0,2022-03-20T02:03:09+01:00,,Confirmed,,,,,True,,,True,PRISMA,,https://platform.prisma-capacity.eu/,,Cross-Border Transmission IP within EU,0,False
1Physical Flowhour2022-02-01 21:00:00 +00:002022-02-01 22:00:00 +00:00BE-TSO-0001ITP-00112entrykWh/h,1,Physical Flow,hour,2022-02-01T22:00:00+01:00,2022-02-01T23:00:00+01:00,BE-TSO-0001,21X-BE-A-A0A0A-Y,Fluxys Belgium,ITP-00112,Eynatten 1 (BE) // Lichtenbusch / Raeren (DE),21Z0000000000155,entry,kWh/h,,,0,2022-03-20T02:03:09+01:00,,Confirmed,,,,,True,,,True,PRISMA,,https://platform.prisma-capacity.eu/,,Cross-Border Transmission IP within EU,0,False
1Physical Flowhour2022-02-01 22:00:00 +00:002022-02-01 23:00:00 +00:00BE-TSO-0001ITP-00112entrykWh/h,1,Physical Flow,hour,2022-02-01T23:00:00+01:00,2022-02-02T00:00:00+01:00,BE-TSO-0001,21X-BE-A-A0A0A-Y,Fluxys Belgium,ITP-00112,Eynatten 1 (BE) // Lichtenbusch / Raeren (DE),21Z0000000000155,entry,kWh/h,,,0,2022-03-20T02:03:09+01:00,,Confirmed,,,,,True,,,True,PRISMA,,https://platform.prisma-capacity.eu/,,Cross-Border Transmission IP within EU,0,False
1Physical Flowhour2022-02-01 23:00:00 +00:002022-02-02 00:00:00 +00:00BE-TSO-0001ITP-00112entrykWh/h,1,Physical Flow,hour,2022-02-02T00:00:00+01:00,2022-02-02T01:00:00+01:00,BE-TSO-0001,21X-BE-A-A0A0A-Y,Fluxys Belgium,ITP-00112,Eynatten 1 (BE) // Lichtenbusch / Raeren (DE),21Z0000000000155,entry,kWh/h,,,0,2022-03-20T02:03:09+01:00,,Confirmed,,,,,True,,,True,PRISMA,,https://platform.prisma-capacity.eu/,,Cross-Border Transmission IP within EU,0,False
1Physical Flowhour2022-02-02 00:00:00 +00:002022-02-02 01:00:00 +00:00BE-TSO-0001ITP-00112entrykWh/h,1,Physical Flow,hour,2022-02-02T01:00:00+01:00,2022-02-02T02:00:00+01:00,BE-TSO-0001,21X-BE-A-A0A0A-Y,Fluxys Belgium,ITP-00112,Eynatten 1 (BE) // Lichtenbusch / Raeren (DE),21Z0000000000155,entry,kWh/h,,,0,2022-03-20T02:03:09+01:00,,Confirmed,,,,,True,,,True,PRISMA,,https://platform.prisma-capacity.eu/,,Cross-Border Transmission IP within EU,0,False
1Physical Flowhour2022-02-02 01:00:00 +00:002022-02-02 02:00:00 +00:00BE-TSO-0001ITP-00112entrykWh/h,1,Physical Flow,hour,2022-02-02T02:00:00+01:00,2022-02-02T03:00:00+01:00,BE-TSO-0001,21X-BE-A-A0A0A-Y,Fluxys Belgium,ITP-00112,Eynatten 1 (BE) // Lichtenbusch / Raeren (DE),21Z0000000000155,entry,kWh/h,,,0,2022-03-20T02:03:09+01:00,,Confirmed,,,,,True,,,True,PRISMA,,https://platform.prisma-capacity.eu/,,Cross-Border Transmission IP within EU,0,False
1Physical Flowhour2022-02-02 02:00:00 +00:002022-02-02 03:00:00 +00:00BE-TSO-0001ITP-00112entrykWh/h,1,Physical Flow,hour,2022-02-02T03:00:00+01:00,2022-02-02T04:00:00+01:00,BE-TSO-0001,21X-BE-A-A0A0A-Y,Fluxys Belgium,ITP-00112,Eynatten 1 (BE) // Lichtenbusch / Raeren (DE),21Z0000000000155,entry,kWh/h,,,0,2022-03-20T02:03:09+01:00,,Confirmed,,,,,True,,,True,PRISMA,,https://platform.prisma-capacity.eu/,,Cross-Border Transmission IP within EU,0,False
1Physical Flowhour2022-02-02 03:00:00 +00:002022-02-02 04:00:00 +00:00BE-TSO-0001ITP-00112entrykWh/h,1,Physical Flow,hour,2022-02-02T04:00:00+01:00,2022-02-02T05:00:00+01:00,BE-TSO-0001,21X-BE-A-A0A0A-Y,Fluxys Belgium,ITP-00112,Eynatten 1 (BE) // Lichtenbusch / Raeren (DE),21Z0000000000155,entry,kWh/h,,,0,2022-03-20T02:03:09+01:00,,Confirmed,,,,,True,,,True,PRISMA,,https://platform.prisma-capacity.eu/,,Cross-Border Transmission IP within EU,0,False
1Physical Flowhour2022-02-02 04:00:00 +00:002022-02-02 05:00:00 +00:00BE-TSO-0001ITP-00112entrykWh/h,1,Physical Flow,hour,2022-02-02T05:00:00+01:00,2022-02-02T06:00:00+01:00,BE-TSO-0001,21X-BE-A-A0A0A-Y,Fluxys Belgium,ITP-00112,Eynatten 1 (BE) // Lichtenbusch / Raeren (DE),21Z0000000000155,entry,kWh/h,,,0,2022-03-20T02:03:09+01:00,,Confirmed,,,,,True,,,True,PRISMA,,https://platform.prisma-capacity.eu/,,Cross-Border Transmission IP within EU,0,False
1Physical Flowhour2022-02-02 05:00:00 +00:002022-02-02 06:00:00 +00:00BE-TSO-0001ITP-00112entrykWh/h,1,Physical Flow,hour,2022-02-02T06:00:00+01:00,2022-02-02T07:00:00+01:00,BE-TSO-0001,21X-BE-A-A0A0A-Y,Fluxys Belgium,ITP-00112,Eynatten 1 (BE) // Lichtenbusch / Raeren (DE),21Z0000000000155,entry,kWh/h,,,0,2022-03-20T02:03:09+01:00,,Confirmed,,,,,True,,,True,PRISMA,,https://platform.prisma-capacity.eu/,,Cross-Border Transmission IP within EU,0,False
1Physical Flowhour2022-02-02 06:00:00 +00:002022-02-02 07:00:00 +00:00BE-TSO-0001ITP-00112entrykWh/h,1,Physical Flow,hour,2022-02-02T07:00:00+01:00,2022-02-02T08:00:00+01:00,BE-TSO-0001,21X-BE-A-A0A0A-Y,Fluxys Belgium,ITP-00112,Eynatten 1 (BE) // Lichtenbusch / Raeren (DE),21Z0000000000155,entry,kWh/h,,,0,2022-03-20T02:03:09+01:00,,Confirmed,,,,,True,,,True,PRISMA,,https://platform.prisma-capacity.eu/,,Cross-Border Transmission IP within EU,0,False
1Physical Flowhour2022-02-02 07:00:00 +00:002022-02-02 08:00:00 +00:00BE-TSO-0001ITP-00112entrykWh/h,1,Physical Flow,hour,2022-02-02T08:00:00+01:00,2022-02-02T09:00:00+01:00,BE-TSO-0001,21X-BE-A-A0A0A-Y,Fluxys Belgium,ITP-00112,Eynatten 1 (BE) // Lichtenbusch / Raeren (DE),21Z0000000000155,entry,kWh/h,,,0,2022-03-20T02:03:09+01:00,,Confirmed,,,,,True,,,True,PRISMA,,https://platform.prisma-capacity.eu/,,Cross-Border Transmission IP within EU,0,False
1Physical Flowhour2022-02-02 08:00:00 +00:002022-02-02 09:00:00 +00:00BE-TSO-0001ITP-00112entrykWh/h,1,Physical Flow,hour,2022-02-02T09:00:00+01:00,2022-02-02T10:00:00+01:00,BE-TSO-0001,21X-BE-A-A0A0A-Y,Fluxys Belgium,ITP-00112,Eynatten 1 (BE) // Lichtenbusch / Raeren (DE),21Z0000000000155,entry,kWh/h,,,0,2022-03-20T02:03:09+01:00,,Confirmed,,,,,True,,,True,PRISMA,,https://platform.prisma-capacity.eu/,,Cross-Border Transmission IP within EU,0,False
1Physical Flowhour2022-02-02 09:00:00 +00:002022-02-02 10:00:00 +00:00BE-TSO-0001ITP-00112entrykWh/h,1,Physical Flow,hour,2022-02-02T10:00:00+01:00,2022-02-02T11:00:00+01:00,BE-TSO-0001,21X-BE-A-A0A0A-Y,Fluxys Belgium,ITP-00112,Eynatten 1 (BE) // Lichtenbusch / Raeren (DE),21Z0000000000155,entry,kWh/h,,,0,2022-03-20T02:03:09+01:00,,Confirmed,,,,,True,,,True,PRISMA,,https://platform.prisma-capacity.eu/,,Cross-Border Transmission IP within EU,0,False
1Physical Flowhour2022-02-02 10:00:00 +00:002022-02-02 11:00:00 +00:00BE-TSO-0001ITP-00112entrykWh/h,1,Physical Flow,hour,2022-02-02T11:00:00+01:00,2022-02-02T12:00:00+01:00,BE-TSO-0001,21X-BE-A-A0A0A-Y,Fluxys Belgium,ITP-00112,Eynatten 1 (BE) // Lichtenbusch / Raeren (DE),21Z0000000000155,entry,kWh/h,,,0,2022-03-20T02:03:09+01:00,,Confirmed,,,,,True,,,True,PRISMA,,https://platform.prisma-capacity.eu/,,Cross-Border Transmission IP within EU,0,False
1Physical Flowhour2022-02-02 11:00:00 +00:002022-02-02 12:00:00 +00:00BE-TSO-0001ITP-00112entrykWh/h,1,Physical Flow,hour,2022-02-02T12:00:00+01:00,2022-02-02T13:00:00+01:00,BE-TSO-0001,21X-BE-A-A0A0A-Y,Fluxys Belgium,ITP-00112,Eynatten 1 (BE) // Lichtenbusch / Raeren (DE),21Z0000000000155,entry,kWh/h,,,0,2022-03-20T02:03:09+01:00,,Confirmed,,,,,True,,,True,PRISMA,,https://platform.prisma-capacity.eu/,,Cross-Border Transmission IP within EU,0,False
1Physical Flowhour2022-02-02 12:00:00 +00:002022-02-02 13:00:00 +00:00BE-TSO-0001ITP-00112entrykWh/h,1,Physical Flow,hour,2022-02-02T13:00:00+01:00,2022-02-02T14:00:00+01:00,BE-TSO-0001,21X-BE-A-A0A0A-Y,Fluxys Belgium,ITP-00112,Eynatten 1 (BE) // Lichtenbusch / Raeren (DE),21Z0000000000155,entry,kWh/h,,,0,2022-03-20T02:03:09+01:00,,Confirmed,,,,,True,,,True,PRISMA,,https://platform.prisma-capacity.eu/,,Cross-Border Transmission IP within EU,0,False
1Physical Flowhour2022-02-02 13:00:00 +00:002022-02-02 14:00:00 +00:00BE-TSO-0001ITP-00112entrykWh/h,1,Physical Flow,hour,2022-02-02T14:00:00+01:00,2022-02-02T15:00:00+01:00,BE-TSO-0001,21X-BE-A-A0A0A-Y,Fluxys Belgium,ITP-00112,Eynatten 1 (BE) // Lichtenbusch / Raeren (DE),21Z0000000000155,entry,kWh/h,,,0,2022-03-20T02:03:09+01:00,,Confirmed,,,,,True,,,True,PRISMA,,https://platform.prisma-capacity.eu/,,Cross-Border Transmission IP within EU,0,False
1Physical Flowhour2022-02-02 14:00:00 +00:002022-02-02 15:00:00 +00:00BE-TSO-0001ITP-00112entrykWh/h,1,Physical Flow,hour,2022-02-02T15:00:00+01:00,2022-02-02T16:00:00+01:00,BE-TSO-0001,21X-BE-A-A0A0A-Y,Fluxys Belgium,ITP-00112,Eynatten 1 (BE) // Lichtenbusch / Raeren (DE),21Z0000000000155,entry,kWh/h,,,0,2022-03-20T02:03:09+01:00,,Confirmed,,,,,True,,,True,PRISMA,,https://platform.prisma-capacity.eu/,,Cross-Border Transmission IP within EU,0,False
1Physical Flowhour2022-02-02 15:00:00 +00:002022-02-02 16:00:00 +00:00BE-TSO-0001ITP-00112entrykWh/h,1,Physical Flow,hour,2022-02-02T16:00:00+01:00,2022-02-02T17:00:00+01:00,BE-TSO-0001,21X-BE-A-A0A0A-Y,Fluxys Belgium,ITP-00112,Eynatten 1 (BE) // Lichtenbusch / Raeren (DE),21Z0000000000155,entry,kWh/h,,,0,2022-03-20T02:03:09+01:00,,Confirmed,,,,,True,,,True,PRISMA,,https://platform.prisma-capacity.eu/,,Cross-Border Transmission IP within EU,0,False
1Physical Flowhour2022-02-02 16:00:00 +00:002022-02-02 17:00:00 +00:00BE-TSO-0001ITP-00112entrykWh/h,1,Physical Flow,hour,2022-02-02T17:00:00+01:00,2022-02-02T18:00:00+01:00,BE-TSO-0001,21X-BE-A-A0A0A-Y,Fluxys Belgium,ITP-00112,Eynatten 1 (BE) // Lichtenbusch / Raeren (DE),21Z0000000000155,entry,kWh/h,,,0,2022-03-20T02:03:09+01:00,,Confirmed,,,,,True,,,True,PRISMA,,https://platform.prisma-capacity.eu/,,Cross-Border Transmission IP within EU,0,False
1Physical Flowhour2022-02-02 17:00:00 +00:002022-02-02 18:00:00 +00:00BE-TSO-0001ITP-00112entrykWh/h,1,Physical Flow,hour,2022-02-02T18:00:00+01:00,2022-02-02T19:00:00+01:00,BE-TSO-0001,21X-BE-A-A0A0A-Y,Fluxys Belgium,ITP-00112,Eynatten 1 (BE) // Lichtenbusch / Raeren (DE),21Z0000000000155,entry,kWh/h,,,0,2022-03-20T02:03:09+01:00,,Confirmed,,,,,True,,,True,PRISMA,,https://platform.prisma-capacity.eu/,,Cross-Border Transmission IP within EU,0,False
1Physical Flowhour2022-02-02 18:00:00 +00:002022-02-02 19:00:00 +00:00BE-TSO-0001ITP-00112entrykWh/h,1,Physical Flow,hour,2022-02-02T19:00:00+01:00,2022-02-02T20:00:00+01:00,BE-TSO-0001,21X-BE-A-A0A0A-Y,Fluxys Belgium,ITP-00112,Eynatten 1 (BE) // Lichtenbusch / Raeren (DE),21Z0000000000155,entry,kWh/h,,,0,2022-03-20T02:03:09+01:00,,Confirmed,,,,,True,,,True,PRISMA,,https://platform.prisma-capacity.eu/,,Cross-Border Transmission IP within EU,0,False
1Physical Flowhour2022-02-02 19:00:00 +00:002022-02-02 20:00:00 +00:00BE-TSO-0001ITP-00112entrykWh/h,1,Physical Flow,hour,2022-02-02T20:00:00+01:00,2022-02-02T21:00:00+01:00,BE-TSO-0001,21X-BE-A-A0A0A-Y,Fluxys Belgium,ITP-00112,Eynatten 1 (BE) // Lichtenbusch / Raeren (DE),21Z0000000000155,entry,kWh/h,,,0,2022-03-20T02:03:09+01:00,,Confirmed,,,,,True,,,True,PRISMA,,https://platform.prisma-capacity.eu/,,Cross-Border Transmission IP within EU,0,False
1Physical Flowhour2022-02-02 20:00:00 +00:002022-02-02 21:00:00 +00:00BE-TSO-0001ITP-00112entrykWh/h,1,Physical Flow,hour,2022-02-02T21:00:00+01:00,2022-02-02T22:00:00+01:00,BE-TSO-0001,21X-BE-A-A0A0A-Y,Fluxys Belgium,ITP-00112,Eynatten 1 (BE) // Lichtenbusch / Raeren (DE),21Z0000000000155,entry,kWh/h,,,0,2022-03-20T02:03:09+01:00,,Confirmed,,,,,True,,,True,PRISMA,,https://platform.prisma-capacity.eu/,,Cross-Border Transmission IP within EU,0,False
1Physical Flowhour2022-02-02 21:00:00 +00:002022-02-02 22:00:00 +00:00BE-TSO-0001ITP-00112entrykWh/h,1,Physical Flow,hour,2022-02-02T22:00:00+01:00,2022-02-02T23:00:00+01:00,BE-TSO-0001,21X-BE-A-A0A0A-Y,Fluxys Belgium,ITP-00112,Eynatten 1 (BE) // Lichtenbusch / Raeren (DE),21Z0000000000155,entry,kWh/h,,,0,2022-03-20T02:03:09+01:00,,Confirmed,,,,,True,,,True,PRISMA,,https://platform.prisma-capacity.eu/,,Cross-Border Transmission IP within EU,0,False
1Physical Flowhour2022-02-02 22:00:00 +00:002022-02-02 23:00:00 +00:00BE-TSO-0001ITP-00112entrykWh/h,1,Physical Flow,hour,2022-02-02T23:00:00+01:00,2022-02-03T00:00:00+01:00,BE-TSO-0001,21X-BE-A-A0A0A-Y,Fluxys Belgium,ITP-00112,Eynatten 1 (BE) // Lichtenbusch / Raeren (DE),21Z0000000000155,entry,kWh/h,,,0,2022-03-20T02:03:09+01:00,,Confirmed,,,,,True,,,True,PRISMA,,https://platform.prisma-capacity.eu/,,Cross-Border Transmission IP within EU,0,False
1Physical Flowhour2022-02-02 23:00:00 +00:002022-02-03 00:00:00 +00:00BE-TSO-0001ITP-00112entrykWh/h,1,Physical Flow,hour,2022-02-03T00:00:00+01:00,2022-02-03T01:00:00+01:00,BE-TSO-0001,21X-BE-A-A0A0A-Y,Fluxys Belgium,ITP-00112,Eynatten 1 (BE) // Lichtenbusch / Raeren (DE),21Z0000000000155,entry,kWh/h,,,0,2022-03-20T02:03:09+01:00,,Confirmed,,,,,True,,,True,PRISMA,,https://platform.prisma-capacity.eu/,,Cross-Border Transmission IP within EU,0,False
1Physical Flowhour2022-02-03 00:00:00 +00:002022-02-03 01:00:00 +00:00BE-TSO-0001ITP-00112entrykWh/h,1,Physical Flow,hour,2022-02-03T01:00:00+01:00,2022-02-03T02:00:00+01:00,BE-TSO-0001,21X-BE-A-A0A0A-Y,Fluxys Belgium,ITP-00112,Eynatten 1 (BE) // Lichtenbusch / Raeren (DE),21Z0000000000155,entry,kWh/h,,,0,2022-03-20T02:03:09+01:00,,Confirmed,,,,,True,,,True,PRISMA,,https://platform.prisma-capacity.eu/,,Cross-Border Transmission IP within EU,0,False
1Physical Flowhour2022-02-03 01:00:00 +00:002022-02-03 02:00:00 +00:00BE-TSO-0001ITP-00112entrykWh/h,1,Physical Flow,hour,2022-02-03T02:00:00+01:00,2022-02-03T03:00:00+01:00,BE-TSO-0001,21X-BE-A-A0A0A-Y,Fluxys Belgium,ITP-00112,Eynatten 1 (BE) // Lichtenbusch / Raeren (DE),21Z0000000000155,entry,kWh/h,,,0,2022-03-20T02:03:09+01:00,,Confirmed,,,,,True,,,True,PRISMA,,https://platform.prisma-capacity.eu/,,Cross-Border Transmission IP within EU,0,False
1Physical Flowhour2022-02-03 02:00:00 +00:002022-02-03 03:00:00 +00:00BE-TSO-0001ITP-00112entrykWh/h,1,Physical Flow,hour,2022-02-03T03:00:00+01:00,2022-02-03T04:00:00+01:00,BE-TSO-0001,21X-BE-A-A0A0A-Y,Fluxys Belgium,ITP-00112,Eynatten 1 (BE) // Lichtenbusch / Raeren (DE),21Z0000000000155,entry,kWh/h,,,0,2022-03-20T02:03:09+01:00,,Confirmed,,,,,True,,,True,PRISMA,,https://platform.prisma-capacity.eu/,,Cross-Border Transmission IP within EU,0,False
1Physical Flowhour2022-02-03 03:00:00 +00:002022-02-03 04:00:00 +00:00BE-TSO-0001ITP-00112entrykWh/h,1,Physical Flow,hour,2022-02-03T04:00:00+01:00,2022-02-03T05:00:00+01:00,BE-TSO-0001,21X-BE-A-A0A0A-Y,Fluxys Belgium,ITP-00112,Eynatten 1 (BE) // Lichtenbusch / Raeren (DE),21Z0000000000155,entry,kWh/h,,,0,2022-03-20T02:03:09+01:00,,Confirmed,,,,,True,,,True,PRISMA,,https://platform.prisma-capacity.eu/,,Cross-Border Transmission IP within EU,0,False
1Physical Flowhour2022-02-03 04:00:00 +00:002022-02-03 05:00:00 +00:00BE-TSO-0001ITP-00112entrykWh/h,1,Physical Flow,hour,2022-02-03T05:00:00+01:00,2022-02-03T06:00:00+01:00,BE-TSO-0001,21X-BE-A-A0A0A-Y,Fluxys Belgium,ITP-00112,Eynatten 1 (BE) // Lichtenbusch / Raeren (DE),21Z0000000000155,entry,kWh/h,,,0,2022-03-20T02:03:09+01:00,,Confirmed,,,,,True,,,True,PRISMA,,https://platform.prisma-capacity.eu/,,Cross-Border Transmission IP within EU,0,False
1Physical Flowhour2022-02-03 05:00:00 +00:002022-02-03 06:00:00 +00:00BE-TSO-0001ITP-00112entrykWh/h,1,Physical Flow,hour,2022-02-03T06:00:00+01:00,2022-02-03T07:00:00+01:00,BE-TSO-0001,21X-BE-A-A0A0A-Y,Fluxys Belgium,ITP-00112,Eynatten 1 (BE) // Lichtenbusch / Raeren (DE),21Z0000000000155,entry,kWh/h,,,0,2022-03-20T02:03:09+01:00,,Confirmed,,,,,True,,,True,PRISMA,,https://platform.prisma-capacity.eu/,,Cross-Border Transmission IP within EU,0,False
1Physical Flowhour2022-02-03 06:00:00 +00:002022-02-03 07:00:00 +00:00BE-TSO-0001ITP-00112entrykWh/h,1,Physical Flow,hour,2022-02-03T07:00:00+01:00,2022-02-03T08:00:00+01:00,BE-TSO-0001,21X-BE-A-A0A0A-Y,Fluxys Belgium,ITP-00112,Eynatten 1 (BE) // Lichtenbusch / Raeren (DE),21Z0000000000155,entry,kWh/h,,,0,2022-03-20T02:03:09+01:00,,Confirmed,,,,,True,,,True,PRISMA,,https://platform.prisma-capacity.eu/,,Cross-Border Transmission IP within EU,0,False
1Physical Flowhour2022-02-03 07:00:00 +00:002022-02-03 08:00:00 +00:00BE-TSO-0001ITP-00112entrykWh/h,1,Physical Flow,hour,2022-02-03T08:00:00+01:00,2022-02-03T09:00:00+01:00,BE-TSO-0001,21X-BE-A-A0A0A-Y,Fluxys Belgium,ITP-00112,Eynatten 1 (BE) // Lichtenbusch / Raeren (DE),21Z0000000000155,entry,kWh/h,,,0,2022-03-20T02:03:09+01:00,,Confirmed,,,,,True,,,True,PRISMA,,https://platform.prisma-capacity.eu/,,Cross-Border Transmission IP within EU,0,False
1Physical Flowhour2022-02-03 08:00:00 +00:002022-02-03 09:00:00 +00:00BE-TSO-0001ITP-00112entrykWh/h,1,Physical Flow,hour,2022-02-03T09:00:00+01:00,2022-02-03T10:00:00+01:00,BE-TSO-0001,21X-BE-A-A0A0A-Y,Fluxys Belgium,ITP-00112,Eynatten 1 (BE) // Lichtenbusch / Raeren (DE),21Z0000000000155,entry,kWh/h,,,0,2022-03-20T02:03:09+01:00,,Confirmed,,,,,True,,,True,PRISMA,,https://platform.prisma-capacity.eu/,,Cross-Border Transmission IP within EU,0,False
1Physical Flowhour2022-02-03 09:00:00 +00:002022-02-03 10:00:00 +00:00BE-TSO-0001ITP-00112entrykWh/h,1,Physical Flow,hour,2022-02-03T10:00:00+01:00,2022-02-03T11:00:00+01:00,BE-TSO-0001,21X-BE-A-A0A0A-Y,Fluxys Belgium,ITP-00112,Eynatten 1 (BE) // Lichtenbusch / Raeren (DE),21Z0000000000155,entry,kWh/h,,,0,2022-03-20T02:03:09+01:00,,Confirmed,,,,,True,,,True,PRISMA,,https://platform.prisma-capacity.eu/,,Cross-Border Transmission IP within EU,0,False
1Physical Flowhour2022-02-03 10:00:00 +00:002022-02-03 11:00:00 +00:00BE-TSO-0001ITP-00112entrykWh/h,1,Physical Flow,hour,2022-02-03T11:00:00+01:00,2022-02-03T12:00:00+01:00,BE-TSO-0001,21X-BE-A-A0A0A-Y,Fluxys Belgium,ITP-00112,Eynatten 1 (BE) // Lichtenbusch / Raeren (DE),21Z0000000000155,entry,kWh/h,,,0,2022-03-20T02:03:09+01:00,,Confirmed,,,,,True,,,True,PRISMA,,https://platform.prisma-capacity.eu/,,Cross-Border Transmission IP within EU,0,False
1Physical Flowhour2022-02-03 11:00:00 +00:002022-02-03 12:00:00 +00:00BE-TSO-0001ITP-00112entrykWh/h,1,Physical Flow,hour,2022-02-03T12:00:00+01:00,2022-02-03T13:00:00+01:00,BE-TSO-0001,21X-BE-A-A0A0A-Y,Fluxys Belgium,ITP-00112,Eynatten 1 (BE) // Lichtenbusch / Raeren (DE),21Z0000000000155,entry,kWh/h,,,0,2022-03-20T02:03:09+01:00,,Confirmed,,,,,True,,,True,PRISMA,,https://platform.prisma-capacity.eu/,,Cross-Border Transmission IP within EU,0,False
1Physical Flowhour2022-02-03 12:00:00 +00:002022-02-03 13:00:00 +00:00BE-TSO-0001ITP-00112entrykWh/h,1,Physical Flow,hour,2022-02-03T13:00:00+01:00,2022-02-03T14:00:00+01:00,BE-TSO-0001,21X-BE-A-A0A0A-Y,Fluxys Belgium,ITP-00112,Eynatten 1 (BE) // Lichtenbusch / Raeren (DE),21Z0000000000155,entry,kWh/h,,,0,2022-03-20T02:03:09+01:00,,Confirmed,,,,,True,,,True,PRISMA,,https://platform.prisma-capacity.eu/,,Cross-Border Transmission IP within EU,0,False
1Physical Flowhour2022-02-03 13:00:00 +00:002022-02-03 14:00:00 +00:00BE-TSO-0001ITP-00112entrykWh/h,1,Physical Flow,hour,2022-02-03T14:00:00+01:00,2022-02-03T15:00:00+01:00,BE-TSO-0001,21X-BE-A-A0A0A-Y,Fluxys Belgium,ITP-00112,Eynatten 1 (BE) // Lichtenbusch / Raeren (DE),21Z0000000000155,entry,kWh/h,,,0,2022-03-20T02:03:09+01:00,,Confirmed,,,,,True,,,True,PRISMA,,https://platform.prisma-capacity.eu/,,Cross-Border Transmission IP within EU,0,False
1Physical Flowhour2022-02-03 14:00:00 +00:002022-02-03 15:00:00 +00:00BE-TSO-0001ITP-00112entrykWh/h,1,Physical Flow,hour,2022-02-03T15:00:00+01:00,2022-02-03T16:00:00+01:00,BE-TSO-0001,21X-BE-A-A0A0A-Y,Fluxys Belgium,ITP-00112,Eynatten 1 (BE) // Lichtenbusch / Raeren (DE),21Z0000000000155,entry,kWh/h,,,0,2022-03-20T02:03:09+01:00,,Confirmed,,,,,True,,,True,PRISMA,,https://platform.prisma-capacity.eu/,,Cross-Border Transmission IP within EU,0,False
1Physical Flowhour2022-02-03 15:00:00 +00:002022-02-03 16:00:00 +00:00BE-TSO-0001ITP-00112entrykWh/h,1,Physical Flow,hour,2022-02-03T16:00:00+01:00,2022-02-03T17:00:00+01:00,BE-TSO-0001,21X-BE-A-A0A0A-Y,Fluxys Belgium,ITP-00112,Eynatten 1 (BE) // Lichtenbusch / Raeren (DE),21Z0000000000155,entry,kWh/h,,,0,2022-03-20T02:03:09+01:00,,Confirmed,,,,,True,,,True,PRISMA,,https://platform.prisma-capacity.eu/,,Cross-Border Transmission IP within EU,0,False
1Physical Flowhour2022-02-03 16:00:00 +00:002022-02-03 17:00:00 +00:00BE-TSO-0001ITP-00112entrykWh/h,1,Physical Flow,hour,2022-02-03T17:00:00+01:00,2022-02-03T18:00:00+01:00,BE-TSO-0001,21X-BE-A-A0A0A-Y,Fluxys Belgium,ITP-00112,Eynatten 1 (BE) // Lichtenbusch / Raeren (DE),21Z0000000000155,entry,kWh/h,,,0,2022-03-20T02:03:09+01:00,,Confirmed,,,,,True,,,True,PRISMA,,https://platform.prisma-capacity.eu/,,Cross-Border Transmission IP within EU,0,False
1Physical Flowhour2022-02-03 17:00:00 +00:002022-02-03 18:00:00 +00:00BE-TSO-0001ITP-00112entrykWh/h,1,Physical Flow,hour,2022-02-03T18:00:00+01:00,2022-02-03T19:00:00+01:00,BE-TSO-0001,21X-BE-A-A0A0A-Y,Fluxys Belgium,ITP-00112,Eynatten 1 (BE) // Lichtenbusch / Raeren (DE),21Z0000000000155,entry,kWh/h,,,0,2022-03-20T02:03:09+01:00,,Confirmed,,,,,True,,,True,PRISMA,,https://platform.prisma-capacity.eu/,,Cross-Border Transmission IP within EU,0,False
1Physical Flowhour2022-02-03 18:00:00 +00:002022-02-03 19:00:00 +00:00BE-TSO-0001ITP-00112entrykWh/h,1,Physical Flow,hour,2022-02-03T19:00:00+01:00,2022-02-03T20:00:00+01:00,BE-TSO-0001,21X-BE-A-A0A0A-Y,Fluxys Belgium,ITP-00112,Eynatten 1 (BE) // Lichtenbusch / Raeren (DE),21Z0000000000155,entry,kWh/h,,,0,2022-03-20T02:03:09+01:00,,Confirmed,,,,,True,,,True,PRISMA,,https://platform.prisma-capacity.eu/,,Cross-Border Transmission IP within EU,0,False
1Physical Flowhour2022-02-03 19:00:00 +00:002022-02-03 20:00:00 +00:00BE-TSO-0001ITP-00112entrykWh/h,1,Physical Flow,hour,2022-02-03T20:00:00+01:00,2022-02-03T21:00:00+01:00,BE-TSO-0001,21X-BE-A-A0A0A-Y,Fluxys Belgium,ITP-00112,Eynatten 1 (BE) // Lichtenbusch / Raeren (DE),21Z0000000000155,entry,kWh/h,,,0,2022-03-20T02:03:09+01:00,,Confirmed,,,,,True,,,True,PRISMA,,https://platform.prisma-capacity.eu/,,Cross-Border Transmission IP within EU,0,False
1Physical Flowhour2022-02-03 20:00:00 +00:002022-02-03 21:00:00 +00:00BE-TSO-0001ITP-00112entrykWh/h,1,Physical Flow,hour,2022-02-03T21:00:00+01:00,2022-02-03T22:00:00+01:00,BE-TSO-0001,21X-BE-A-A0A0A-Y,Fluxys Belgium,ITP-00112,Eynatten 1 (BE) // Lichtenbusch / Raeren (DE),21Z0000000000155,entry,kWh/h,,,0,2022-03-20T02:03:09+01:00,,Confirmed,,,,,True,,,True,PRISMA,,https://platform.prisma-capacity.eu/,,Cross-Border Transmission IP within EU,0,False
1Physical Flowhour2022-02-03 21:00:00 +00:002022-02-03 22:00:00 +00:00BE-TSO-0001ITP-00112entrykWh/h,1,Physical Flow,hour,2022-02-03T22:00:00+01:00,2022-02-03T23:00:00+01:00,BE-TSO-0001,21X-BE-A-A0A0A-Y,Fluxys Belgium,ITP-00112,Eynatten 1 (BE) // Lichtenbusch / Raeren (DE),21Z0000000000155,entry,kWh/h,,,0,2022-03-20T02:03:09+01:00,,Confirmed,,,,,True,,,True,PRISMA,,https://platform.prisma-capacity.eu/,,Cross-Border Transmission IP within EU,0,False
1Physical Flowhour2022-02-03 22:00:00 +00:002022-02-03 23:00:00 +00:00BE-TSO-0001ITP-00112entrykWh/h,1,Physical Flow,hour,2022-02-03T23:00:00+01:00,2022-02-04T00:00:00+01:00,BE-TSO-0001,21X-BE-A-A0A0A-Y,Fluxys Belgium,ITP-00112,Eynatten 1 (BE) // Lichtenbusch / Raeren (DE),21Z0000000000155,entry,kWh/h,,,0,2022-03-20T02:03:09+01:00,,Confirmed,,,,,True,,,True,PRISMA,,https://platform.prisma-capacity.eu/,,Cross-Border Transmission IP within EU,0,False
1Physical Flowhour2022-02-03 23:00:00 +00:002022-02-04 00:00:00 +00:00BE-TSO-0001ITP-00112entrykWh/h,1,Physical Flow,hour,2022-02-04T00:00:00+01:00,2022-02-04T01:00:00+01:00,BE-TSO-0001,21X-BE-A-A0A0A-Y,Fluxys Belgium,ITP-00112,Eynatten 1 (BE) // Lichtenbusch / Raeren (DE),21Z0000000000155,entry,kWh/h,,,0,2022-03-20T02:03:09+01:00,,Confirmed,,,,,True,,,True,PRISMA,,https://platform.prisma-capacity.eu/,,Cross-Border Transmission IP within EU,0,False
1Physical Flowhour2022-02-04 00:00:00 +00:002022-02-04 01:00:00 +00:00BE-TSO-0001ITP-00112entrykWh/h,1,Physical Flow,hour,2022-02-04T01:00:00+01:00,2022-02-04T02:00:00+01:00,BE-TSO-0001,21X-BE-A-A0A0A-Y,Fluxys Belgium,ITP-00112,Eynatten 1 (BE) // Lichtenbusch / Raeren (DE),21Z0000000000155,entry,kWh/h,,,0,2022-03-20T02:03:09+01:00,,Confirmed,,,,,True,,,True,PRISMA,,https://platform.prisma-capacity.eu/,,Cross-Border Transmission IP within EU,0,False
1Physical Flowhour2022-02-04 01:00:00 +00:002022-02-04 02:00:00 +00:00BE-TSO-0001ITP-00112entrykWh/h,1,Physical Flow,hour,2022-02-04T02:00:00+01:00,2022-02-04T03:00:00+01:00,BE-TSO-0001,21X-BE-A-A0A0A-Y,Fluxys Belgium,ITP-00112,Eynatten 1 (BE) // Lichtenbusch / Raeren (DE),21Z0000000000155,entry,kWh/h,,,0,2022-03-20T02:03:09+01:00,,Confirmed,,,,,True,,,True,PRISMA,,https://platform.prisma-capacity.eu/,,Cross-Border Transmission IP within EU,0,False
1Physical Flowhour2022-02-04 02:00:00 +00:002022-02-04 03:00:00 +00:00BE-TSO-0001ITP-00112entrykWh/h,1,Physical Flow,hour,2022-02-04T03:00:00+01:00,2022-02-04T04:00:00+01:00,BE-TSO-0001,21X-BE-A-A0A0A-Y,Fluxys Belgium,ITP-00112,Eynatten 1 (BE) // Lichtenbusch / Raeren (DE),21Z0000000000155,entry,kWh/h,,,0,2022-03-20T02:03:09+01:00,,Confirmed,,,,,True,,,True,PRISMA,,https://platform.prisma-capacity.eu/,,Cross-Border Transmission IP within EU,0,False
1Physical Flowhour2022-02-04 03:00:00 +00:002022-02-04 04:00:00 +00:00BE-TSO-0001ITP-00112entrykWh/h,1,Physical Flow,hour,2022-02-04T04:00:00+01:00,2022-02-04T05:00:00+01:00,BE-TSO-0001,21X-BE-A-A0A0A-Y,Fluxys Belgium,ITP-00112,Eynatten 1 (BE) // Lichtenbusch / Raeren (DE),21Z0000000000155,entry,kWh/h,,,0,2022-03-20T02:03:09+01:00,,Confirmed,,,,,True,,,True,PRISMA,,https://platform.prisma-capacity.eu/,,Cross-Border Transmission IP within EU,0,False
1Physical Flowhour2022-02-04 04:00:00 +00:002022-02-04 05:00:00 +00:00BE-TSO-0001ITP-00112entrykWh/h,1,Physical Flow,hour,2022-02-04T05:00:00+01:00,2022-02-04T06:00:00+01:00,BE-TSO-0001,21X-BE-A-A0A0A-Y,Fluxys Belgium,ITP-00112,Eynatten 1 (BE) // Lichtenbusch / Raeren (DE),21Z0000000000155,entry,kWh/h,,,0,2022-03-20T02:03:09+01:00,,Confirmed,,,,,True,,,True,PRISMA,,https://platform.prisma-capacity.eu/,,Cross-Border Transmission IP within EU,0,False
1Physical Flowhour2022-02-04 05:00:00 +00:002022-02-04 06:00:00 +00:00BE-TSO-0001ITP-00112entrykWh/h,1,Physical Flow,hour,2022-02-04T06:00:00+01:00,2022-02-04T07:00:00+01:00,BE-TSO-0001,21X-BE-A-A0A0A-Y,Fluxys Belgium,ITP-00112,Eynatten 1 (BE) // Lichtenbusch / Raeren (DE),21Z0000000000155,entry,kWh/h,,,0,2022-03-20T02:03:09+01:00,,Confirmed,,,,,True,,,True,PRISMA,,https://platform.prisma-capacity.eu/,,Cross-Border Transmission IP within EU,0,False
1Physical Flowhour2022-02-04 06:00:00 +00:002022-02-04 07:00:00 +00:00BE-TSO-0001ITP-00112entrykWh/h,1,Physical Flow,hour,2022-02-04T07:00:00+01:00,2022-02-04T08:00:00+01:00,BE-TSO-0001,21X-BE-A-A0A0A-Y,Fluxys Belgium,ITP-00112,Eynatten 1 (BE) // Lichtenbusch / Raeren (DE),21Z0000000000155,entry,kWh/h,,,0,2022-03-20T02:03:09+01:00,,Confirmed,,,,,True,,,True,PRISMA,,https://platform.prisma-capacity.eu/,,Cross-Border Transmission IP within EU,0,False
1Physical Flowhour2022-02-04 07:00:00 +00:002022-02-04 08:00:00 +00:00BE-TSO-0001ITP-00112entrykWh/h,1,Physical Flow,hour,2022-02-04T08:00:00+01:00,2022-02-04T09:00:00+01:00,BE-TSO-0001,21X-BE-A-A0A0A-Y,Fluxys Belgium,ITP-00112,Eynatten 1 (BE) // Lichtenbusch / Raeren (DE),21Z0000000000155,entry,kWh/h,,,0,2022-03-20T02:03:09+01:00,,Confirmed,,,,,True,,,True,PRISMA,,https://platform.prisma-capacity.eu/,,Cross-Border Transmission IP within EU,0,False
1Physical Flowhour2022-02-04 08:00:00 +00:002022-02-04 09:00:00 +00:00BE-TSO-0001ITP-00112entrykWh/h,1,Physical Flow,hour,2022-02-04T09:00:00+01:00,2022-02-04T10:00:00+01:00,BE-TSO-0001,21X-BE-A-A0A0A-Y,Fluxys Belgium,ITP-00112,Eynatten 1 (BE) // Lichtenbusch / Raeren (DE),21Z0000000000155,entry,kWh/h,,,0,2022-03-20T02:03:09+01:00,,Confirmed,,,,,True,,,True,PRISMA,,https://platform.prisma-capacity.eu/,,Cross-Border Transmission IP within EU,0,False
1Physical Flowhour2022-02-04 09:00:00 +00:002022-02-04 10:00:00 +00:00BE-TSO-0001ITP-00112entrykWh/h,1,Physical Flow,hour,2022-02-04T10:00:00+01:00,2022-02-04T11:00:00+01:00,BE-TSO-0001,21X-BE-A-A0A0A-Y,Fluxys Belgium,ITP-00112,Eynatten 1 (BE) // Lichtenbusch / Raeren (DE),21Z0000000000155,entry,kWh/h,,,0,2022-03-20T02:03:09+01:00,,Confirmed,,,,,True,,,True,PRISMA,,https://platform.prisma-capacity.eu/,,Cross-Border Transmission IP within EU,0,False
1Physical Flowhour2022-02-04 10:00:00 +00:002022-02-04 11:00:00 +00:00BE-TSO-0001ITP-00112entrykWh/h,1,Physical Flow,hour,2022-02-04T11:00:00+01:00,2022-02-04T12:00:00+01:00,BE-TSO-0001,21X-BE-A-A0A0A-Y,Fluxys Belgium,ITP-00112,Eynatten 1 (BE) // Lichtenbusch / Raeren (DE),21Z0000000000155,entry,kWh/h,,,0,2022-03-20T02:03:09+01:00,,Confirmed,,,,,True,,,True,PRISMA,,https://platform.prisma-capacity.eu/,,Cross-Border Transmission IP within EU,0,False
1Physical Flowhour2022-02-04 11:00:00 +00:002022-02-04 12:00:00 +00:00BE-TSO-0001ITP-00112entrykWh/h,1,Physical Flow,hour,2022-02-04T12:00:00+01:00,2022-02-04T13:00:00+01:00,BE-TSO-0001,21X-BE-A-A0A0A-Y,Fluxys Belgium,ITP-00112,Eynatten 1 (BE) // Lichtenbusch / Raeren (DE),21Z0000000000155,entry,kWh/h,,,0,2022-03-20T02:03:09+01:00,,Confirmed,,,,,True,,,True,PRISMA,,https://platform.prisma-capacity.eu/,,Cross-Border Transmission IP within EU,0,False
1Physical Flowhour2022-02-04 12:00:00 +00:002022-02-04 13:00:00 +00:00BE-TSO-0001ITP-00112entrykWh/h,1,Physical Flow,hour,2022-02-04T13:00:00+01:00,2022-02-04T14:00:00+01:00,BE-TSO-0001,21X-BE-A-A0A0A-Y,Fluxys Belgium,ITP-00112,Eynatten 1 (BE) // Lichtenbusch / Raeren (DE),21Z0000000000155,entry,kWh/h,,,0,2022-03-20T02:03:09+01:00,,Confirmed,,,,,True,,,True,PRISMA,,https://platform.prisma-capacity.eu/,,Cross-Border Transmission IP within EU,0,False
1Physical Flowhour2022-02-04 13:00:00 +00:002022-02-04 14:00:00 +00:00BE-TSO-0001ITP-00112entrykWh/h,1,Physical Flow,hour,2022-02-04T14:00:00+01:00,2022-02-04T15:00:00+01:00,BE-TSO-0001,21X-BE-A-A0A0A-Y,Fluxys Belgium,ITP-00112,Eynatten 1 (BE) // Lichtenbusch / Raeren (DE),21Z0000000000155,entry,kWh/h,,,0,2022-03-20T02:03:09+01:00,,Confirmed,,,,,True,,,True,PRISMA,,https://platform.prisma-capacity.eu/,,Cross-Border Transmission IP within EU,0,False
1Physical Flowhour2022-02-04 14:00:00 +00:002022-02-04 15:00:00 +00:00BE-TSO-0001ITP-00112entrykWh/h,1,Physical Flow,hour,2022-02-04T15:00:00+01:00,2022-02-04T16:00:00+01:00,BE-TSO-0001,21X-BE-A-A0A0A-Y,Fluxys Belgium,ITP-00112,Eynatten 1 (BE) // Lichtenbusch / Raeren (DE),21Z0000000000155,entry,kWh/h,,,0,2022-03-20T02:03:09+01:00,,Confirmed,,,,,True,,,True,PRISMA,,https://platform.prisma-capacity.eu/,,Cross-Border Transmission IP within EU,0,False
1Physical Flowhour2022-02-04 15:00:00 +00:002022-02-04 16:00:00 +00:00BE-TSO-0001ITP-00112entrykWh/h,1,Physical Flow,hour,2022-02-04T16:00:00+01:00,2022-02-04T17:00:00+01:00,BE-TSO-0001,21X-BE-A-A0A0A-Y,Fluxys Belgium,ITP-00112,Eynatten 1 (BE) // Lichtenbusch / Raeren (DE),21Z0000000000155,entry,kWh/h,,,0,2022-03-20T02:03:09+01:00,,Confirmed,,,,,True,,,True,PRISMA,,https://platform.prisma-capacity.eu/,,Cross-Border Transmission IP within EU,0,False
1Physical Flowhour2022-02-04 16:00:00 +00:002022-02-04 17:00:00 +00:00BE-TSO-0001ITP-00112entrykWh/h,1,Physical Flow,hour,2022-02-04T17:00:00+01:00,2022-02-04T18:00:00+01:00,BE-TSO-0001,21X-BE-A-A0A0A-Y,Fluxys Belgium,ITP-00112,Eynatten 1 (BE) // Lichtenbusch / Raeren (DE),21Z0000000000155,entry,kWh/h,,,0,2022-03-20T02:03:09+01:00,,Confirmed,,,,,True,,,True,PRISMA,,https://platform.prisma-capacity.eu/,,Cross-Border Transmission IP within EU,0,False
1Physical Flowhour2022-02-04 17:00:00 +00:002022-02-04 18:00:00 +00:00BE-TSO-0001ITP-00112entrykWh/h,1,Physical Flow,hour,2022-02-04T18:00:00+01:00,2022-02-04T19:00:00+01:00,BE-TSO-0001,21X-BE-A-A0A0A-Y,Fluxys Belgium,ITP-00112,Eynatten 1 (BE) // Lichtenbusch / Raeren (DE),21Z0000000000155,entry,kWh/h,,,0,2022-03-20T02:03:09+01:00,,Confirmed,,,,,True,,,True,PRISMA,,https://platform.prisma-capacity.eu/,,Cross-Border Transmission IP within EU,0,False
1Physical Flowhour2022-02-04 18:00:00 +00:002022-02-04 19:00:00 +00:00BE-TSO-0001ITP-00112entrykWh/h,1,Physical Flow,hour,2022-02-04T19:00:00+01:00,2022-02-04T20:00:00+01:00,BE-TSO-0001,21X-BE-A-A0A0A-Y,Fluxys Belgium,ITP-00112,Eynatten 1 (BE) // Lichtenbusch / Raeren (DE),21Z0000000000155,entry,kWh/h,,,0,2022-03-20T02:03:09+01:00,,Confirmed,,,,,True,,,True,PRISMA,,https://platform.prisma-capacity.eu/,,Cross-Border Transmission IP within EU,0,False
1Physical Flowhour2022-02-04 19:00:00 +00:002022-02-04 20:00:00 +00:00BE-TSO-0001ITP-00112entrykWh/h,1,Physical Flow,hour,2022-02-04T20:00:00+01:00,2022-02-04T21:00:00+01:00,BE-TSO-0001,21X-BE-A-A0A0A-Y,Fluxys Belgium,ITP-00112,Eynatten 1 (BE) // Lichtenbusch / Raeren (DE),21Z0000000000155,entry,kWh/h,,,0,2022-03-20T02:03:09+01:00,,Confirmed,,,,,True,,,True,PRISMA,,https://platform.prisma-capacity.eu/,,Cross-Border Transmission IP within EU,0,False
1Physical Flowhour2022-02-04 20:00:00 +00:002022-02-04 21:00:00 +00:00BE-TSO-0001ITP-00112entrykWh/h,1,Physical Flow,hour,2022-02-04T21:00:00+01:00,2022-02-04T22:00:00+01:00,BE-TSO-0001,21X-BE-A-A0A0A-Y,Fluxys Belgium,ITP-00112,Eynatten 1 (BE) // Lichtenbusch / Raeren (DE),21Z0000000000155,entry,kWh/h,,,0,2022-03-20T02:03:09+01:00,,Confirmed,,,,,True,,,True,PRISMA,,https://platform.prisma-capacity.eu/,,Cross-Border Transmission IP within EU,0,False
1Physical Flowhour2022-02-04 21:00:00 +00:002022-02-04 22:00:00 +00:00BE-TSO-0001ITP-00112entrykWh/h,1,Physical Flow,hour,2022-02-04T22:00:00+01:00,2022-02-04T23:00:00+01:00,BE-TSO-0001,21X-BE-A-A0A0A-Y,Fluxys Belgium,ITP-00112,Eynatten 1 (BE) // Lichtenbusch / Raeren (DE),21Z0000000000155,entry,kWh/h,,,0,2022-03-20T02:03:09+01:00,,Confirmed,,,,,True,,,True,PRISMA,,https://platform.prisma-capacity.eu/,,Cross-Border Transmission IP within EU,0,False
1Physical Flowhour2022-02-04 22:00:00 +00:002022-02-04 23:00:00 +00:00BE-TSO-0001ITP-00112entrykWh/h,1,Physical Flow,hour,2022-02-04T23:00:00+01:00,2022-02-05T00:00:00+01:00,BE-TSO-0001,21X-BE-A-A0A0A-Y,Fluxys Belgium,ITP-00112,Eynatten 1 (BE) // Lichtenbusch / Raeren (DE),21Z0000000000155,entry,kWh/h,,,0,2022-03-20T02:03:09+01:00,,Confirmed,,,,,True,,,True,PRISMA,,https://platform.prisma-capacity.eu/,,Cross-Border Transmission IP within EU,0,False
1Physical Flowhour2022-02-04 23:00:00 +00:002022-02-05 00:00:00 +00:00BE-TSO-0001ITP-00112entrykWh/h,1,Physical Flow,hour,2022-02-05T00:00:00+01:00,2022-02-05T01:00:00+01:00,BE-TSO-0001,21X-BE-A-A0A0A-Y,Fluxys Belgium,ITP-00112,Eynatten 1 (BE) // Lichtenbusch / Raeren (DE),21Z0000000000155,entry,kWh/h,,,0,2022-03-20T02:03:09+01:00,,Confirmed,,,,,True,,,True,PRISMA,,https://platform.prisma-capacity.eu/,,Cross-Border Transmission IP within EU,0,False
1Physical Flowhour2022-02-05 00:00:00 +00:002022-02-05 01:00:00 +00:00BE-TSO-0001ITP-00112entrykWh/h,1,Physical Flow,hour,2022-02-05T01:00:00+01:00,2022-02-05T02:00:00+01:00,BE-TSO-0001,21X-BE-A-A0A0A-Y,Fluxys Belgium,ITP-00112,Eynatten 1 (BE) // Lichtenbusch / Raeren (DE),21Z0000000000155,entry,kWh/h,,,0,2022-03-20T02:03:09+01:00,,Confirmed,,,,,True,,,True,PRISMA,,https://platform.prisma-capacity.eu/,,Cross-Border Transmission IP within EU,0,False
1Physical Flowhour2022-02-05 01:00:00 +00:002022-02-05 02:00:00 +00:00BE-TSO-0001ITP-00112entrykWh/h,1,Physical Flow,hour,2022-02-05T02:00:00+01:00,2022-02-05T03:00:00+01:00,BE-TSO-0001,21X-BE-A-A0A0A-Y,Fluxys Belgium,ITP-00112,Eynatten 1 (BE) // Lichtenbusch / Raeren (DE),21Z0000000000155,entry,kWh/h,,,0,2022-03-20T02:03:09+01:00,,Confirmed,,,,,True,,,True,PRISMA,,https://platform.prisma-capacity.eu/,,Cross-Border Transmission IP within EU,0,False
1Physical Flowhour2022-02-05 02:00:00 +00:002022-02-05 03:00:00 +00:00BE-TSO-0001ITP-00112entrykWh/h,1,Physical Flow,hour,2022-02-05T03:00:00+01:00,2022-02-05T04:00:00+01:00,BE-TSO-0001,21X-BE-A-A0A0A-Y,Fluxys Belgium,ITP-00112,Eynatten 1 (BE) // Lichtenbusch / Raeren (DE),21Z0000000000155,entry,kWh/h,,,0,2022-03-20T02:03:09+01:00,,Confirmed,,,,,True,,,True,PRISMA,,https://platform.prisma-capacity.eu/,,Cross-Border Transmission IP within EU,0,False
1Physical Flowhour2022-02-05 03:00:00 +00:002022-02-05 04:00:00 +00:00BE-TSO-0001ITP-00112entrykWh/h,1,Physical Flow,hour,2022-02-05T04:00:00+01:00,2022-02-05T05:00:00+01:00,BE-TSO-0001,21X-BE-A-A0A0A-Y,Fluxys Belgium,ITP-00112,Eynatten 1 (BE) // Lichtenbusch / Raeren (DE),21Z0000000000155,entry,kWh/h,,,0,2022-03-20T02:03:09+01:00,,Confirmed,,,,,True,,,True,PRISMA,,https://platform.prisma-capacity.eu/,,Cross-Border Transmission IP within EU,0,False
1Physical Flowhour2022-02-05 04:00:00 +00:002022-02-05 05:00:00 +00:00BE-TSO-0001ITP-00112entrykWh/h,1,Physical Flow,hour,2022-02-05T05:00:00+01:00,2022-02-05T06:00:00+01:00,BE-TSO-0001,21X-BE-A-A0A0A-Y,Fluxys Belgium,ITP-00112,Eynatten 1 (BE) // Lichtenbusch / Raeren (DE),21Z0000000000155,entry,kWh/h,,,0,2022-03-20T02:03:09+01:00,,Confirmed,,,,,True,,,True,PRISMA,,https://platform.prisma-capacity.eu/,,Cross-Border Transmission IP within EU,0,False
1Physical Flowhour2022-02-05 05:00:00 +00:002022-02-05 06:00:00 +00:00BE-TSO-0001ITP-00112entrykWh/h,1,Physical Flow,hour,2022-02-05T06:00:00+01:00,2022-02-05T07:00:00+01:00,BE-TSO-0001,21X-BE-A-A0A0A-Y,Fluxys Belgium,ITP-00112,Eynatten 1 (BE) // Lichtenbusch / Raeren (DE),21Z0000000000155,entry,kWh/h,,,0,2022-03-20T02:03:09+01:00,,Confirmed,,,,,True,,,True,PRISMA,,https://platform.prisma-capacity.eu/,,Cross-Border Transmission IP within EU,0,False
1Physical Flowhour2022-02-05 06:00:00 +00:002022-02-05 07:00:00 +00:00BE-TSO-0001ITP-00112entrykWh/h,1,Physical Flow,hour,2022-02-05T07:00:00+01:00,2022-02-05T08:00:00+01:00,BE-TSO-0001,21X-BE-A-A0A0A-Y,Fluxys Belgium,ITP-00112,Eynatten 1 (BE) // Lichtenbusch / Raeren (DE),21Z0000000000155,entry,kWh/h,,,0,2022-03-20T02:03:09+01:00,,Confirmed,,,,,True,,,True,PRISMA,,https://platform.prisma-capacity.eu/,,Cross-Border Transmission IP within EU,0,False
1Physical Flowhour2022-02-05 07:00:00 +00:002022-02-05 08:00:00 +00:00BE-TSO-0001ITP-00112entrykWh/h,1,Physical Flow,hour,2022-02-05T08:00:00+01:00,2022-02-05T09:00:00+01:00,BE-TSO-0001,21X-BE-A-A0A0A-Y,Fluxys Belgium,ITP-00112,Eynatten 1 (BE) // Lichtenbusch / Raeren (DE),21Z0000000000155,entry,kWh/h,,,0,2022-03-20T02:03:09+01:00,,Confirmed,,,,,True,,,True,PRISMA,,https://platform.prisma-capacity.eu/,,Cross-Border Transmission IP within EU,0,False
1Physical Flowhour2022-02-05 08:00:00 +00:002022-02-05 09:00:00 +00:00BE-TSO-0001ITP-00112entrykWh/h,1,Physical Flow,hour,2022-02-05T09:00:00+01:00,2022-02-05T10:00:00+01:00,BE-TSO-0001,21X-BE-A-A0A0A-Y,Fluxys Belgium,ITP-00112,Eynatten 1 (BE) // Lichtenbusch / Raeren (DE),21Z0000000000155,entry,kWh/h,,,0,2022-03-20T02:03:09+01:00,,Confirmed,,,,,True,,,True,PRISMA,,https://platform.prisma-capacity.eu/,,Cross-Border Transmission IP within EU,0,False
1Physical Flowhour2022-02-05 09:00:00 +00:002022-02-05 10:00:00 +00:00BE-TSO-0001ITP-00112entrykWh/h,1,Physical Flow,hour,2022-02-05T10:00:00+01:00,2022-02-05T11:00:00+01:00,BE-TSO-0001,21X-BE-A-A0A0A-Y,Fluxys Belgium,ITP-00112,Eynatten 1 (BE) // Lichtenbusch / Raeren (DE),21Z0000000000155,entry,kWh/h,,,0,2022-03-20T02:03:09+01:00,,Confirmed,,,,,True,,,True,PRISMA,,https://platform.prisma-capacity.eu/,,Cross-Border Transmission IP within EU,0,False
1Physical Flowhour2022-02-05 10:00:00 +00:002022-02-05 11:00:00 +00:00BE-TSO-0001ITP-00112entrykWh/h,1,Physical Flow,hour,2022-02-05T11:00:00+01:00,2022-02-05T12:00:00+01:00,BE-TSO-0001,21X-BE-A-A0A0A-Y,Fluxys Belgium,ITP-00112,Eynatten 1 (BE) // Lichtenbusch / Raeren (DE),21Z0000000000155,entry,kWh/h,,,0,2022-03-20T02:03:09+01:00,,Confirmed,,,,,True,,,True,PRISMA,,https://platform.prisma-capacity.eu/,,Cross-Border Transmission IP within EU,0,False
1Physical Flowhour2022-02-05 11:00:00 +00:002022-02-05 12:00:00 +00:00BE-TSO-0001ITP-00112entrykWh/h,1,Physical Flow,hour,2022-02-05T12:00:00+01:00,2022-02-05T13:00:00+01:00,BE-TSO-0001,21X-BE-A-A0A0A-Y,Fluxys Belgium,ITP-00112,Eynatten 1 (BE) // Lichtenbusch / Raeren (DE),21Z0000000000155,entry,kWh/h,,,0,2022-03-20T02:03:09+01:00,,Confirmed,,,,,True,,,True,PRISMA,,https://platform.prisma-capacity.eu/,,Cross-Border Transmission IP within EU,0,False
1Physical Flowhour2022-02-05 12:00:00 +00:002022-02-05 13:00:00 +00:00BE-TSO-0001ITP-00112entrykWh/h,1,Physical Flow,hour,2022-02-05T13:00:00+01:00,2022-02-05T14:00:00+01:00,BE-TSO-0001,21X-BE-A-A0A0A-Y,Fluxys Belgium,ITP-00112,Eynatten 1 (BE) // Lichtenbusch / Raeren (DE),21Z0000000000155,entry,kWh/h,,,0,2022-03-20T02:03:09+01:00,,Confirmed,,,,,True,,,True,PRISMA,,https://platform.prisma-capacity.eu/,,Cross-Border Transmission IP within EU,0,False
1Physical Flowhour2022-02-05 13:00:00 +00:002022-02-05 14:00:00 +00:00BE-TSO-0001ITP-00112entrykWh/h,1,Physical Flow,hour,2022-02-05T14:00:00+01:00,2022-02-05T15:00:00+01:00,BE-TSO-0001,21X-BE-A-A0A0A-Y,Fluxys Belgium,ITP-00112,Eynatten 1 (BE) // Lichtenbusch / Raeren (DE),21Z0000000000155,entry,kWh/h,,,0,2022-03-20T02:03:09+01:00,,Confirmed,,,,,True,,,True,PRISMA,,https://platform.prisma-capacity.eu/,,Cross-Border Transmission IP within EU,0,False
1Physical Flowhour2022-02-05 14:00:00 +00:002022-02-05 15:00:00 +00:00BE-TSO-0001ITP-00112entrykWh/h,1,Physical Flow,hour,2022-02-05T15:00:00+01:00,2022-02-05T16:00:00+01:00,BE-TSO-0001,21X-BE-A-A0A0A-Y,Fluxys Belgium,ITP-00112,Eynatten 1 (BE) // Lichtenbusch / Raeren (DE),21Z0000000000155,entry,kWh/h,,,0,2022-03-20T02:03:09+01:00,,Confirmed,,,,,True,,,True,PRISMA,,https://platform.prisma-capacity.eu/,,Cross-Border Transmission IP within EU,0,False
1Physical Flowhour2022-02-05 15:00:00 +00:002022-02-05 16:00:00 +00:00BE-TSO-0001ITP-00112entrykWh/h,1,Physical Flow,hour,2022-02-05T16:00:00+01:00,2022-02-05T17:00:00+01:00,BE-TSO-0001,21X-BE-A-A0A0A-Y,Fluxys Belgium,ITP-00112,Eynatten 1 (BE) // Lichtenbusch / Raeren (DE),21Z0000000000155,entry,kWh/h,,,0,2022-03-20T02:03:09+01:00,,Confirmed,,,,,True,,,True,PRISMA,,https://platform.prisma-capacity.eu/,,Cross-Border Transmission IP within EU,0,False
1Physical Flowhour2022-02-05 16:00:00 +00:002022-02-05 17:00:00 +00:00BE-TSO-0001ITP-00112entrykWh/h,1,Physical Flow,hour,2022-02-05T17:00:00+01:00,2022-02-05T18:00:00+01:00,BE-TSO-0001,21X-BE-A-A0A0A-Y,Fluxys Belgium,ITP-00112,Eynatten 1 (BE) // Lichtenbusch / Raeren (DE),21Z0000000000155,entry,kWh/h,,,0,2022-03-20T02:03:09+01:00,,Confirmed,,,,,True,,,True,PRISMA,,https://platform.prisma-capacity.eu/,,Cross-Border Transmission IP within EU,0,False
1Physical Flowhour2022-02-05 17:00:00 +00:002022-02-05 18:00:00 +00:00BE-TSO-0001ITP-00112entrykWh/h,1,Physical Flow,hour,2022-02-05T18:00:00+01:00,2022-02-05T19:00:00+01:00,BE-TSO-0001,21X-BE-A-A0A0A-Y,Fluxys Belgium,ITP-00112,Eynatten 1 (BE) // Lichtenbusch / Raeren (DE),21Z0000000000155,entry,kWh/h,,,0,2022-03-20T02:03:09+01:00,,Confirmed,,,,,True,,,True,PRISMA,,https://platform.prisma-capacity.eu/,,Cross-Border Transmission IP within EU,0,False
1Physical Flowhour2022-02-05 18:00:00 +00:002022-02-05 19:00:00 +00:00BE-TSO-0001ITP-00112entrykWh/h,1,Physical Flow,hour,2022-02-05T19:00:00+01:00,2022-02-05T20:00:00+01:00,BE-TSO-0001,21X-BE-A-A0A0A-Y,Fluxys Belgium,ITP-00112,Eynatten 1 (BE) // Lichtenbusch / Raeren (DE),21Z0000000000155,entry,kWh/h,,,0,2022-03-20T02:03:09+01:00,,Confirmed,,,,,True,,,True,PRISMA,,https://platform.prisma-capacity.eu/,,Cross-Border Transmission IP within EU,0,False
1Physical Flowhour2022-02-05 19:00:00 +00:002022-02-05 20:00:00 +00:00BE-TSO-0001ITP-00112entrykWh/h,1,Physical Flow,hour,2022-02-05T20:00:00+01:00,2022-02-05T21:00:00+01:00,BE-TSO-0001,21X-BE-A-A0A0A-Y,Fluxys Belgium,ITP-00112,Eynatten 1 (BE) // Lichtenbusch / Raeren (DE),21Z0000000000155,entry,kWh/h,,,0,2022-03-20T02:03:09+01:00,,Confirmed,,,,,True,,,True,PRISMA,,https://platform.prisma-capacity.eu/,,Cross-Border Transmission IP within EU,0,False
1Physical Flowhour2022-02-05 20:00:00 +00:002022-02-05 21:00:00 +00:00BE-TSO-0001ITP-00112entrykWh/h,1,Physical Flow,hour,2022-02-05T21:00:00+01:00,2022-02-05T22:00:00+01:00,BE-TSO-0001,21X-BE-A-A0A0A-Y,Fluxys Belgium,ITP-00112,Eynatten 1 (BE) // Lichtenbusch / Raeren (DE),21Z0000000000155,entry,kWh/h,,,0,2022-03-20T02:03:09+01:00,,Confirmed,,,,,True,,,True,PRISMA,,https://platform.prisma-capacity.eu/,,Cross-Border Transmission IP within EU,0,False
1Physical Flowhour2022-02-05 21:00:00 +00:002022-02-05 22:00:00 +00:00BE-TSO-0001ITP-00112entrykWh/h,1,Physical Flow,hour,2022-02-05T22:00:00+01:00,2022-02-05T23:00:00+01:00,BE-TSO-0001,21X-BE-A-A0A0A-Y,Fluxys Belgium,ITP-00112,Eynatten 1 (BE) // Lichtenbusch / Raeren (DE),21Z0000000000155,entry,kWh/h,,,0,2022-03-20T02:03:09+01:00,,Confirmed,,,,,True,,,True,PRISMA,,https://platform.prisma-capacity.eu/,,Cross-Border Transmission IP within EU,0,False
1Physical Flowhour2022-02-05 22:00:00 +00:002022-02-05 23:00:00 +00:00BE-TSO-0001ITP-00112entrykWh/h,1,Physical Flow,hour,2022-02-05T23:00:00+01:00,2022-02-06T00:00:00+01:00,BE-TSO-0001,21X-BE-A-A0A0A-Y,Fluxys Belgium,ITP-00112,Eynatten 1 (BE) // Lichtenbusch / Raeren (DE),21Z0000000000155,entry,kWh/h,,,0,2022-03-20T02:03:09+01:00,,Confirmed,,,,,True,,,True,PRISMA,,https://platform.prisma-capacity.eu/,,Cross-Border Transmission IP within EU,0,False
1Physical Flowhour2022-02-05 23:00:00 +00:002022-02-06 00:00:00 +00:00BE-TSO-0001ITP-00112entrykWh/h,1,Physical Flow,hour,2022-02-06T00:00:00+01:00,2022-02-06T01:00:00+01:00,BE-TSO-0001,21X-BE-A-A0A0A-Y,Fluxys Belgium,ITP-00112,Eynatten 1 (BE) // Lichtenbusch / Raeren (DE),21Z0000000000155,entry,kWh/h,,,0,2022-03-20T02:03:09+01:00,,Confirmed,,,,,True,,,True,PRISMA,,https://platform.prisma-capacity.eu/,,Cross-Border Transmission IP within EU,0,False
1Physical Flowhour2022-02-06 00:00:00 +00:002022-02-06 01:00:00 +00:00BE-TSO-0001ITP-00112entrykWh/h,1,Physical Flow,hour,2022-02-06T01:00:00+01:00,2022-02-06T02:00:00+01:00,BE-TSO-0001,21X-BE-A-A0A0A-Y,Fluxys Belgium,ITP-00112,Eynatten 1 (BE) // Lichtenbusch / Raeren (DE),21Z0000000000155,entry,kWh/h,,,0,2022-03-20T02:03:09+01:00,,Confirmed,,,,,True,,,True,PRISMA,,https://platform.prisma-capacity.eu/,,Cross-Border Transmission IP within EU,0,False
1Physical Flowhour2022-02-06 01:00:00 +00:002022-02-06 02:00:00 +00:00BE-TSO-0001ITP-00112entrykWh/h,1,Physical Flow,hour,2022-02-06T02:00:00+01:00,2022-02-06T03:00:00+01:00,BE-TSO-0001,21X-BE-A-A0A0A-Y,Fluxys Belgium,ITP-00112,Eynatten 1 (BE) // Lichtenbusch / Raeren (DE),21Z0000000000155,entry,kWh/h,,,0,2022-03-20T02:03:09+01:00,,Confirmed,,,,,True,,,True,PRISMA,,https://platform.prisma-capacity.eu/,,Cross-Border Transmission IP within EU,0,False
1Physical Flowhour2022-02-06 02:00:00 +00:002022-02-06 03:00:00 +00:00BE-TSO-0001ITP-00112entrykWh/h,1,Physical Flow,hour,2022-02-06T03:00:00+01:00,2022-02-06T04:00:00+01:00,BE-TSO-0001,21X-BE-A-A0A0A-Y,Fluxys Belgium,ITP-00112,Eynatten 1 (BE) // Lichtenbusch / Raeren (DE),21Z0000000000155,entry,kWh/h,,,0,2022-03-20T02:03:09+01:00,,Confirmed,,,,,True,,,True,PRISMA,,https://platform.prisma-capacity.eu/,,Cross-Border Transmission IP within EU,0,False
1Physical Flowhour2022-02-06 03:00:00 +00:002022-02-06 04:00:00 +00:00BE-TSO-0001ITP-00112entrykWh/h,1,Physical Flow,hour,2022-02-06T04:00:00+01:00,2022-02-06T05:00:00+01:00,BE-TSO-0001,21X-BE-A-A0A0A-Y,Fluxys Belgium,ITP-00112,Eynatten 1 (BE) // Lichtenbusch / Raeren (DE),21Z0000000000155,entry,kWh/h,,,0,2022-03-20T02:03:09+01:00,,Confirmed,,,,,True,,,True,PRISMA,,https://platform.prisma-capacity.eu/,,Cross-Border Transmission IP within EU,0,False
1Physical Flowhour2022-02-06 04:00:00 +00:002022-02-06 05:00:00 +00:00BE-TSO-0001ITP-00112entrykWh/h,1,Physical Flow,hour,2022-02-06T05:00:00+01:00,2022-02-06T06:00:00+01:00,BE-TSO-0001,21X-BE-A-A0A0A-Y,Fluxys Belgium,ITP-00112,Eynatten 1 (BE) // Lichtenbusch / Raeren (DE),21Z0000000000155,entry,kWh/h,,,0,2022-03-20T02:03:09+01:00,,Confirmed,,,,,True,,,True,PRISMA,,https://platform.prisma-capacity.eu/,,Cross-Border Transmission IP within EU,0,False
1Physical Flowhour2022-02-06 05:00:00 +00:002022-02-06 06:00:00 +00:00BE-TSO-0001ITP-00112entrykWh/h,1,Physical Flow,hour,2022-02-06T06:00:00+01:00,2022-02-06T07:00:00+01:00,BE-TSO-0001,21X-BE-A-A0A0A-Y,Fluxys Belgium,ITP-00112,Eynatten 1 (BE) // Lichtenbusch / Raeren (DE),21Z0000000000155,entry,kWh/h,,,0,2022-03-20T02:03:09+01:00,,Confirmed,,,,,True,,,True,PRISMA,,https://platform.prisma-capacity.eu/,,Cross-Border Transmission IP within EU,0,False
1Physical Flowhour2022-02-06 06:00:00 +00:002022-02-06 07:00:00 +00:00BE-TSO-0001ITP-00112entrykWh/h,1,Physical Flow,hour,2022-02-06T07:00:00+01:00,2022-02-06T08:00:00+01:00,BE-TSO-0001,21X-BE-A-A0A0A-Y,Fluxys Belgium,ITP-00112,Eynatten 1 (BE) // Lichtenbusch / Raeren (DE),21Z0000000000155,entry,kWh/h,,,0,2022-03-20T02:03:09+01:00,,Confirmed,,,,,True,,,True,PRISMA,,https://platform.prisma-capacity.eu/,,Cross-Border Transmission IP within EU,0,False
1Physical Flowhour2022-02-06 07:00:00 +00:002022-02-06 08:00:00 +00:00BE-TSO-0001ITP-00112entrykWh/h,1,Physical Flow,hour,2022-02-06T08:00:00+01:00,2022-02-06T09:00:00+01:00,BE-TSO-0001,21X-BE-A-A0A0A-Y,Fluxys Belgium,ITP-00112,Eynatten 1 (BE) // Lichtenbusch / Raeren (DE),21Z0000000000155,entry,kWh/h,,,0,2022-03-20T02:03:09+01:00,,Confirmed,,,,,True,,,True,PRISMA,,https://platform.prisma-capacity.eu/,,Cross-Border Transmission IP within EU,0,False
1Physical Flowhour2022-02-06 08:00:00 +00:002022-02-06 09:00:00 +00:00BE-TSO-0001ITP-00112entrykWh/h,1,Physical Flow,hour,2022-02-06T09:00:00+01:00,2022-02-06T10:00:00+01:00,BE-TSO-0001,21X-BE-A-A0A0A-Y,Fluxys Belgium,ITP-00112,Eynatten 1 (BE) // Lichtenbusch / Raeren (DE),21Z0000000000155,entry,kWh/h,,,0,2022-03-20T02:03:09+01:00,,Confirmed,,,,,True,,,True,PRISMA,,https://platform.prisma-capacity.eu/,,Cross-Border Transmission IP within EU,0,False
1Physical Flowhour2022-02-06 09:00:00 +00:002022-02-06 10:00:00 +00:00BE-TSO-0001ITP-00112entrykWh/h,1,Physical Flow,hour,2022-02-06T10:00:00+01:00,2022-02-06T11:00:00+01:00,BE-TSO-0001,21X-BE-A-A0A0A-Y,Fluxys Belgium,ITP-00112,Eynatten 1 (BE) // Lichtenbusch / Raeren (DE),21Z0000000000155,entry,kWh/h,,,0,2022-03-20T02:03:09+01:00,,Confirmed,,,,,True,,,True,PRISMA,,https://platform.prisma-capacity.eu/,,Cross-Border Transmission IP within EU,0,False
1Physical Flowhour2022-02-06 10:00:00 +00:002022-02-06 11:00:00 +00:00BE-TSO-0001ITP-00112entrykWh/h,1,Physical Flow,hour,2022-02-06T11:00:00+01:00,2022-02-06T12:00:00+01:00,BE-TSO-0001,21X-BE-A-A0A0A-Y,Fluxys Belgium,ITP-00112,Eynatten 1 (BE) // Lichtenbusch / Raeren (DE),21Z0000000000155,entry,kWh/h,,,0,2022-03-20T02:03:09+01:00,,Confirmed,,,,,True,,,True,PRISMA,,https://platform.prisma-capacity.eu/,,Cross-Border Transmission IP within EU,0,False
1Physical Flowhour2022-02-06 11:00:00 +00:002022-02-06 12:00:00 +00:00BE-TSO-0001ITP-00112entrykWh/h,1,Physical Flow,hour,2022-02-06T12:00:00+01:00,2022-02-06T13:00:00+01:00,BE-TSO-0001,21X-BE-A-A0A0A-Y,Fluxys Belgium,ITP-00112,Eynatten 1 (BE) // Lichtenbusch / Raeren (DE),21Z0000000000155,entry,kWh/h,,,0,2022-03-20T02:03:09+01:00,,Confirmed,,,,,True,,,True,PRISMA,,https://platform.prisma-capacity.eu/,,Cross-Border Transmission IP within EU,0,False
1Physical Flowhour2022-02-06 12:00:00 +00:002022-02-06 13:00:00 +00:00BE-TSO-0001ITP-00112entrykWh/h,1,Physical Flow,hour,2022-02-06T13:00:00+01:00,2022-02-06T14:00:00+01:00,BE-TSO-0001,21X-BE-A-A0A0A-Y,Fluxys Belgium,ITP-00112,Eynatten 1 (BE) // Lichtenbusch / Raeren (DE),21Z0000000000155,entry,kWh/h,,,0,2022-03-20T02:03:09+01:00,,Confirmed,,,,,True,,,True,PRISMA,,https://platform.prisma-capacity.eu/,,Cross-Border Transmission IP within EU,0,False
1Physical Flowhour2022-02-06 13:00:00 +00:002022-02-06 14:00:00 +00:00BE-TSO-0001ITP-00112entrykWh/h,1,Physical Flow,hour,2022-02-06T14:00:00+01:00,2022-02-06T15:00:00+01:00,BE-TSO-0001,21X-BE-A-A0A0A-Y,Fluxys Belgium,ITP-00112,Eynatten 1 (BE) // Lichtenbusch / Raeren (DE),21Z0000000000155,entry,kWh/h,,,0,2022-03-20T02:03:09+01:00,,Confirmed,,,,,True,,,True,PRISMA,,https://platform.prisma-capacity.eu/,,Cross-Border Transmission IP within EU,0,False
1Physical Flowhour2022-02-06 14:00:00 +00:002022-02-06 15:00:00 +00:00BE-TSO-0001ITP-00112entrykWh/h,1,Physical Flow,hour,2022-02-06T15:00:00+01:00,2022-02-06T16:00:00+01:00,BE-TSO-0001,21X-BE-A-A0A0A-Y,Fluxys Belgium,ITP-00112,Eynatten 1 (BE) // Lichtenbusch / Raeren (DE),21Z0000000000155,entry,kWh/h,,,0,2022-03-20T02:03:09+01:00,,Confirmed,,,,,True,,,True,PRISMA,,https://platform.prisma-capacity.eu/,,Cross-Border Transmission IP within EU,0,False
1Physical Flowhour2022-02-06 15:00:00 +00:002022-02-06 16:00:00 +00:00BE-TSO-0001ITP-00112entrykWh/h,1,Physical Flow,hour,2022-02-06T16:00:00+01:00,2022-02-06T17:00:00+01:00,BE-TSO-0001,21X-BE-A-A0A0A-Y,Fluxys Belgium,ITP-00112,Eynatten 1 (BE) // Lichtenbusch / Raeren (DE),21Z0000000000155,entry,kWh/h,,,0,2022-03-20T02:03:09+01:00,,Confirmed,,,,,True,,,True,PRISMA,,https://platform.prisma-capacity.eu/,,Cross-Border Transmission IP within EU,0,False
1Physical Flowhour2022-02-06 16:00:00 +00:002022-02-06 17:00:00 +00:00BE-TSO-0001ITP-00112entrykWh/h,1,Physical Flow,hour,2022-02-06T17:00:00+01:00,2022-02-06T18:00:00+01:00,BE-TSO-0001,21X-BE-A-A0A0A-Y,Fluxys Belgium,ITP-00112,Eynatten 1 (BE) // Lichtenbusch / Raeren (DE),21Z0000000000155,entry,kWh/h,,,0,2022-03-20T02:03:09+01:00,,Confirmed,,,,,True,,,True,PRISMA,,https://platform.prisma-capacity.eu/,,Cross-Border Transmission IP within EU,0,False
1Physical Flowhour2022-02-06 17:00:00 +00:002022-02-06 18:00:00 +00:00BE-TSO-0001ITP-00112entrykWh/h,1,Physical Flow,hour,2022-02-06T18:00:00+01:00,2022-02-06T19:00:00+01:00,BE-TSO-0001,21X-BE-A-A0A0A-Y,Fluxys Belgium,ITP-00112,Eynatten 1 (BE) // Lichtenbusch / Raeren (DE),21Z0000000000155,entry,kWh/h,,,0,2022-03-20T02:03:09+01:00,,Confirmed,,,,,True,,,True,PRISMA,,https://platform.prisma-capacity.eu/,,Cross-Border Transmission IP within EU,0,False
1Physical Flowhour2022-02-06 18:00:00 +00:002022-02-06 19:00:00 +00:00BE-TSO-0001ITP-00112entrykWh/h,1,Physical Flow,hour,2022-02-06T19:00:00+01:00,2022-02-06T20:00:00+01:00,BE-TSO-0001,21X-BE-A-A0A0A-Y,Fluxys Belgium,ITP-00112,Eynatten 1 (BE) // Lichtenbusch / Raeren (DE),21Z0000000000155,entry,kWh/h,,,0,2022-03-20T02:03:09+01:00,,Confirmed,,,,,True,,,True,PRISMA,,https://platform.prisma-capacity.eu/,,Cross-Border Transmission IP within EU,0,False
1Physical Flowhour2022-02-06 19:00:00 +00:002022-02-06 20:00:00 +00:00BE-TSO-0001ITP-00112entrykWh/h,1,Physical Flow,hour,2022-02-06T20:00:00+01:00,2022-02-06T21:00:00+01:00,BE-TSO-0001,21X-BE-A-A0A0A-Y,Fluxys Belgium,ITP-00112,Eynatten 1 (BE) // Lichtenbusch / Raeren (DE),21Z0000000000155,entry,kWh/h,,,0,2022-03-20T02:03:09+01:00,,Confirmed,,,,,True,,,True,PRISMA,,https://platform.prisma-capacity.eu/,,Cross-Border Transmission IP within EU,0,False
1Physical Flowhour2022-02-06 20:00:00 +00:002022-02-06 21:00:00 +00:00BE-TSO-0001ITP-00112entrykWh/h,1,Physical Flow,hour,2022-02-06T21:00:00+01:00,2022-02-06T22:00:00+01:00,BE-TSO-0001,21X-BE-A-A0A0A-Y,Fluxys Belgium,ITP-00112,Eynatten 1 (BE) // Lichtenbusch / Raeren (DE),21Z0000000000155,entry,kWh/h,,,0,2022-03-20T02:03:09+01:00,,Confirmed,,,,,True,,,True,PRISMA,,https://platform.prisma-capacity.eu/,,Cross-Border Transmission IP within EU,0,False
1Physical Flowhour2022-02-06 21:00:00 +00:002022-02-06 22:00:00 +00:00BE-TSO-0001ITP-00112entrykWh/h,1,Physical Flow,hour,2022-02-06T22:00:00+01:00,2022-02-06T23:00:00+01:00,BE-TSO-0001,21X-BE-A-A0A0A-Y,Fluxys Belgium,ITP-00112,Eynatten 1 (BE) // Lichtenbusch / Raeren (DE),21Z0000000000155,entry,kWh/h,,,0,2022-03-20T02:03:09+01:00,,Confirmed,,,,,True,,,True,PRISMA,,https://platform.prisma-capacity.eu/,,Cross-Border Transmission IP within EU,0,False
1Physical Flowhour2022-02-06 22:00:00 +00:002022-02-06 23:00:00 +00:00BE-TSO-0001ITP-00112entrykWh/h,1,Physical Flow,hour,2022-02-06T23:00:00+01:00,2022-02-07T00:00:00+01:00,BE-TSO-0001,21X-BE-A-A0A0A-Y,Fluxys Belgium,ITP-00112,Eynatten 1 (BE) // Lichtenbusch / Raeren (DE),21Z0000000000155,entry,kWh/h,,,0,2022-03-20T02:03:09+01:00,,Confirmed,,,,,True,,,True,PRISMA,,https://platform.prisma-capacity.eu/,,Cross-Border Transmission IP within EU,0,False
1Physical Flowhour2022-02-06 23:00:00 +00:002022-02-07 00:00:00 +00:00BE-TSO-0001ITP-00112entrykWh/h,1,Physical Flow,hour,2022-02-07T00:00:00+01:00,2022-02-07T01:00:00+01:00,BE-TSO-0001,21X-BE-A-A0A0A-Y,Fluxys Belgium,ITP-00112,Eynatten 1 (BE) // Lichtenbusch / Raeren (DE),21Z0000000000155,entry,kWh/h,,,0,2022-03-20T02:03:09+01:00,,Confirmed,,,,,True,,,True,PRISMA,,https://platform.prisma-capacity.eu/,,Cross-Border Transmission IP within EU,0,False
1Physical Flowhour2022-02-07 00:00:00 +00:002022-02-07 01:00:00 +00:00BE-TSO-0001ITP-00112entrykWh/h,1,Physical Flow,hour,2022-02-07T01:00:00+01:00,2022-02-07T02:00:00+01:00,BE-TSO-0001,21X-BE-A-A0A0A-Y,Fluxys Belgium,ITP-00112,Eynatten 1 (BE) // Lichtenbusch / Raeren (DE),21Z0000000000155,entry,kWh/h,,,0,2022-03-20T02:03:09+01:00,,Confirmed,,,,,True,,,True,PRISMA,,https://platform.prisma-capacity.eu/,,Cross-Border Transmission IP within EU,0,False
1Physical Flowhour2022-02-07 01:00:00 +00:002022-02-07 02:00:00 +00:00BE-TSO-0001ITP-00112entrykWh/h,1,Physical Flow,hour,2022-02-07T02:00:00+01:00,2022-02-07T03:00:00+01:00,BE-TSO-0001,21X-BE-A-A0A0A-Y,Fluxys Belgium,ITP-00112,Eynatten 1 (BE) // Lichtenbusch / Raeren (DE),21Z0000000000155,entry,kWh/h,,,0,2022-03-20T02:03:09+01:00,,Confirmed,,,,,True,,,True,PRISMA,,https://platform.prisma-capacity.eu/,,Cross-Border Transmission IP within EU,0,False
1Physical Flowhour2022-02-07 02:00:00 +00:002022-02-07 03:00:00 +00:00BE-TSO-0001ITP-00112entrykWh/h,1,Physical Flow,hour,2022-02-07T03:00:00+01:00,2022-02-07T04:00:00+01:00,BE-TSO-0001,21X-BE-A-A0A0A-Y,Fluxys Belgium,ITP-00112,Eynatten 1 (BE) // Lichtenbusch / Raeren (DE),21Z0000000000155,entry,kWh/h,,,0,2022-03-20T02:03:09+01:00,,Confirmed,,,,,True,,,True,PRISMA,,https://platform.prisma-capacity.eu/,,Cross-Border Transmission IP within EU,0,False
1Physical Flowhour2022-02-07 03:00:00 +00:002022-02-07 04:00:00 +00:00BE-TSO-0001ITP-00112entrykWh/h,1,Physical Flow,hour,2022-02-07T04:00:00+01:00,2022-02-07T05:00:00+01:00,BE-TSO-0001,21X-BE-A-A0A0A-Y,Fluxys Belgium,ITP-00112,Eynatten 1 (BE) // Lichtenbusch / Raeren (DE),21Z0000000000155,entry,kWh/h,,,0,2022-03-20T02:03:09+01:00,,Confirmed,,,,,True,,,True,PRISMA,,https://platform.prisma-capacity.eu/,,Cross-Border Transmission IP within EU,0,False
1Physical Flowhour2022-02-07 04:00:00 +00:002022-02-07 05:00:00 +00:00BE-TSO-0001ITP-00112entrykWh/h,1,Physical Flow,hour,2022-02-07T05:00:00+01:00,2022-02-07T06:00:00+01:00,BE-TSO-0001,21X-BE-A-A0A0A-Y,Fluxys Belgium,ITP-00112,Eynatten 1 (BE) // Lichtenbusch / Raeren (DE),21Z0000000000155,entry,kWh/h,,,0,2022-03-20T02:03:09+01:00,,Confirmed,,,,,True,,,True,PRISMA,,https://platform.prisma-capacity.eu/,,Cross-Border Transmission IP within EU,0,False
1Physical Flowhour2022-02-07 05:00:00 +00:002022-02-07 06:00:00 +00:00BE-TSO-0001ITP-00112entrykWh/h,1,Physical Flow,hour,2022-02-07T06:00:00+01:00,2022-02-07T07:00:00+01:00,BE-TSO-0001,21X-BE-A-A0A0A-Y,Fluxys Belgium,ITP-00112,Eynatten 1 (BE) // Lichtenbusch / Raeren (DE),21Z0000000000155,entry,kWh/h,,,0,2022-03-20T02:03:09+01:00,,Confirmed,,,,,True,,,True,PRISMA,,https://platform.prisma-capacity.eu/,,Cross-Border Transmission IP within EU,0,False
1Physical Flowhour2022-02-07 06:00:00 +00:002022-02-07 07:00:00 +00:00BE-TSO-0001ITP-00112entrykWh/h,1,Physical Flow,hour,2022-02-07T07:00:00+01:00,2022-02-07T08:00:00+01:00,BE-TSO-0001,21X-BE-A-A0A0A-Y,Fluxys Belgium,ITP-00112,Eynatten 1 (BE) // Lichtenbusch / Raeren (DE),21Z0000000000155,entry,kWh/h,,,0,2022-03-20T02:03:09+01:00,,Confirmed,,,,,True,,,True,PRISMA,,https://platform.prisma-capacity.eu/,,Cross-Border Transmission IP within EU,0,False
1Physical Flowhour2022-02-07 07:00:00 +00:002022-02-07 08:00:00 +00:00BE-TSO-0001ITP-00112entrykWh/h,1,Physical Flow,hour,2022-02-07T08:00:00+01:00,2022-02-07T09:00:00+01:00,BE-TSO-0001,21X-BE-A-A0A0A-Y,Fluxys Belgium,ITP-00112,Eynatten 1 (BE) // Lichtenbusch / Raeren (DE),21Z0000000000155,entry,kWh/h,,,0,2022-03-20T02:03:09+01:00,,Confirmed,,,,,True,,,True,PRISMA,,https://platform.prisma-capacity.eu/,,Cross-Border Transmission IP within EU,0,False
1Physical Flowhour2022-02-07 08:00:00 +00:002022-02-07 09:00:00 +00:00BE-TSO-0001ITP-00112entrykWh/h,1,Physical Flow,hour,2022-02-07T09:00:00+01:00,2022-02-07T10:00:00+01:00,BE-TSO-0001,21X-BE-A-A0A0A-Y,Fluxys Belgium,ITP-00112,Eynatten 1 (BE) // Lichtenbusch / Raeren (DE),21Z0000000000155,entry,kWh/h,,,0,2022-03-20T02:03:09+01:00,,Confirmed,,,,,True,,,True,PRISMA,,https://platform.prisma-capacity.eu/,,Cross-Border Transmission IP within EU,0,False
1Physical Flowhour2022-02-07 09:00:00 +00:002022-02-07 10:00:00 +00:00BE-TSO-0001ITP-00112entrykWh/h,1,Physical Flow,hour,2022-02-07T10:00:00+01:00,2022-02-07T11:00:00+01:00,BE-TSO-0001,21X-BE-A-A0A0A-Y,Fluxys Belgium,ITP-00112,Eynatten 1 (BE) // Lichtenbusch / Raeren (DE),21Z0000000000155,entry,kWh/h,,,0,2022-03-20T02:03:09+01:00,,Confirmed,,,,,True,,,True,PRISMA,,https://platform.prisma-capacity.eu/,,Cross-Border Transmission IP within EU,0,False
1Physical Flowhour2022-02-07 10:00:00 +00:002022-02-07 11:00:00 +00:00BE-TSO-0001ITP-00112entrykWh/h,1,Physical Flow,hour,2022-02-07T11:00:00+01:00,2022-02-07T12:00:00+01:00,BE-TSO-0001,21X-BE-A-A0A0A-Y,Fluxys Belgium,ITP-00112,Eynatten 1 (BE) // Lichtenbusch / Raeren (DE),21Z0000000000155,entry,kWh/h,,,0,2022-03-20T02:03:09+01:00,,Confirmed,,,,,True,,,True,PRISMA,,https://platform.prisma-capacity.eu/,,Cross-Border Transmission IP within EU,0,False
1Physical Flowhour2022-02-07 11:00:00 +00:002022-02-07 12:00:00 +00:00BE-TSO-0001ITP-00112entrykWh/h,1,Physical Flow,hour,2022-02-07T12:00:00+01:00,2022-02-07T13:00:00+01:00,BE-TSO-0001,21X-BE-A-A0A0A-Y,Fluxys Belgium,ITP-00112,Eynatten 1 (BE) // Lichtenbusch / Raeren (DE),21Z0000000000155,entry,kWh/h,,,0,2022-03-20T02:03:09+01:00,,Confirmed,,,,,True,,,True,PRISMA,,https://platform.prisma-capacity.eu/,,Cross-Border Transmission IP within EU,0,False
1Physical Flowhour2022-02-07 12:00:00 +00:002022-02-07 13:00:00 +00:00BE-TSO-0001ITP-00112entrykWh/h,1,Physical Flow,hour,2022-02-07T13:00:00+01:00,2022-02-07T14:00:00+01:00,BE-TSO-0001,21X-BE-A-A0A0A-Y,Fluxys Belgium,ITP-00112,Eynatten 1 (BE) // Lichtenbusch / Raeren (DE),21Z0000000000155,entry,kWh/h,,,0,2022-03-20T02:03:09+01:00,,Confirmed,,,,,True,,,True,PRISMA,,https://platform.prisma-capacity.eu/,,Cross-Border Transmission IP within EU,0,False
1Physical Flowhour2022-02-07 13:00:00 +00:002022-02-07 14:00:00 +00:00BE-TSO-0001ITP-00112entrykWh/h,1,Physical Flow,hour,2022-02-07T14:00:00+01:00,2022-02-07T15:00:00+01:00,BE-TSO-0001,21X-BE-A-A0A0A-Y,Fluxys Belgium,ITP-00112,Eynatten 1 (BE) // Lichtenbusch / Raeren (DE),21Z0000000000155,entry,kWh/h,,,0,2022-03-20T02:03:09+01:00,,Confirmed,,,,,True,,,True,PRISMA,,https://platform.prisma-capacity.eu/,,Cross-Border Transmission IP within EU,0,False
1Physical Flowhour2022-02-07 14:00:00 +00:002022-02-07 15:00:00 +00:00BE-TSO-0001ITP-00112entrykWh/h,1,Physical Flow,hour,2022-02-07T15:00:00+01:00,2022-02-07T16:00:00+01:00,BE-TSO-0001,21X-BE-A-A0A0A-Y,Fluxys Belgium,ITP-00112,Eynatten 1 (BE) // Lichtenbusch / Raeren (DE),21Z0000000000155,entry,kWh/h,,,0,2022-03-20T02:03:09+01:00,,Confirmed,,,,,True,,,True,PRISMA,,https://platform.prisma-capacity.eu/,,Cross-Border Transmission IP within EU,0,False
1Physical Flowhour2022-02-07 15:00:00 +00:002022-02-07 16:00:00 +00:00BE-TSO-0001ITP-00112entrykWh/h,1,Physical Flow,hour,2022-02-07T16:00:00+01:00,2022-02-07T17:00:00+01:00,BE-TSO-0001,21X-BE-A-A0A0A-Y,Fluxys Belgium,ITP-00112,Eynatten 1 (BE) // Lichtenbusch / Raeren (DE),21Z0000000000155,entry,kWh/h,,,0,2022-03-20T02:03:09+01:00,,Confirmed,,,,,True,,,True,PRISMA,,https://platform.prisma-capacity.eu/,,Cross-Border Transmission IP within EU,0,False
1Physical Flowhour2022-02-07 16:00:00 +00:002022-02-07 17:00:00 +00:00BE-TSO-0001ITP-00112entrykWh/h,1,Physical Flow,hour,2022-02-07T17:00:00+01:00,2022-02-07T18:00:00+01:00,BE-TSO-0001,21X-BE-A-A0A0A-Y,Fluxys Belgium,ITP-00112,Eynatten 1 (BE) // Lichtenbusch / Raeren (DE),21Z0000000000155,entry,kWh/h,,,0,2022-03-20T02:03:09+01:00,,Confirmed,,,,,True,,,True,PRISMA,,https://platform.prisma-capacity.eu/,,Cross-Border Transmission IP within EU,0,False
1Physical Flowhour2022-02-07 17:00:00 +00:002022-02-07 18:00:00 +00:00BE-TSO-0001ITP-00112entrykWh/h,1,Physical Flow,hour,2022-02-07T18:00:00+01:00,2022-02-07T19:00:00+01:00,BE-TSO-0001,21X-BE-A-A0A0A-Y,Fluxys Belgium,ITP-00112,Eynatten 1 (BE) // Lichtenbusch / Raeren (DE),21Z0000000000155,entry,kWh/h,,,0,2022-03-20T02:03:09+01:00,,Confirmed,,,,,True,,,True,PRISMA,,https://platform.prisma-capacity.eu/,,Cross-Border Transmission IP within EU,0,False
1Physical Flowhour2022-02-07 18:00:00 +00:002022-02-07 19:00:00 +00:00BE-TSO-0001ITP-00112entrykWh/h,1,Physical Flow,hour,2022-02-07T19:00:00+01:00,2022-02-07T20:00:00+01:00,BE-TSO-0001,21X-BE-A-A0A0A-Y,Fluxys Belgium,ITP-00112,Eynatten 1 (BE) // Lichtenbusch / Raeren (DE),21Z0000000000155,entry,kWh/h,,,0,2022-03-20T02:03:09+01:00,,Confirmed,,,,,True,,,True,PRISMA,,https://platform.prisma-capacity.eu/,,Cross-Border Transmission IP within EU,0,False
1Physical Flowhour2022-02-07 19:00:00 +00:002022-02-07 20:00:00 +00:00BE-TSO-0001ITP-00112entrykWh/h,1,Physical Flow,hour,2022-02-07T20:00:00+01:00,2022-02-07T21:00:00+01:00,BE-TSO-0001,21X-BE-A-A0A0A-Y,Fluxys Belgium,ITP-00112,Eynatten 1 (BE) // Lichtenbusch / Raeren (DE),21Z0000000000155,entry,kWh/h,,,0,2022-03-20T02:03:09+01:00,,Confirmed,,,,,True,,,True,PRISMA,,https://platform.prisma-capacity.eu/,,Cross-Border Transmission IP within EU,0,False
1Physical Flowhour2022-02-07 20:00:00 +00:002022-02-07 21:00:00 +00:00BE-TSO-0001ITP-00112entrykWh/h,1,Physical Flow,hour,2022-02-07T21:00:00+01:00,2022-02-07T22:00:00+01:00,BE-TSO-0001,21X-BE-A-A0A0A-Y,Fluxys Belgium,ITP-00112,Eynatten 1 (BE) // Lichtenbusch / Raeren (DE),21Z0000000000155,entry,kWh/h,,,0,2022-03-20T02:03:09+01:00,,Confirmed,,,,,True,,,True,PRISMA,,https://platform.prisma-capacity.eu/,,Cross-Border Transmission IP within EU,0,False
1Physical Flowhour2022-02-07 21:00:00 +00:002022-02-07 22:00:00 +00:00BE-TSO-0001ITP-00112entrykWh/h,1,Physical Flow,hour,2022-02-07T22:00:00+01:00,2022-02-07T23:00:00+01:00,BE-TSO-0001,21X-BE-A-A0A0A-Y,Fluxys Belgium,ITP-00112,Eynatten 1 (BE) // Lichtenbusch / Raeren (DE),21Z0000000000155,entry,kWh/h,,,0,2022-03-20T02:03:09+01:00,,Confirmed,,,,,True,,,True,PRISMA,,https://platform.prisma-capacity.eu/,,Cross-Border Transmission IP within EU,0,False
1Physical Flowhour2022-02-07 22:00:00 +00:002022-02-07 23:00:00 +00:00BE-TSO-0001ITP-00112entrykWh/h,1,Physical Flow,hour,2022-02-07T23:00:00+01:00,2022-02-08T00:00:00+01:00,BE-TSO-0001,21X-BE-A-A0A0A-Y,Fluxys Belgium,ITP-00112,Eynatten 1 (BE) // Lichtenbusch / Raeren (DE),21Z0000000000155,entry,kWh/h,,,0,2022-03-20T02:03:09+01:00,,Confirmed,,,,,True,,,True,PRISMA,,https://platform.prisma-capacity.eu/,,Cross-Border Transmission IP within EU,0,False
1Physical Flowhour2022-02-07 23:00:00 +00:002022-02-08 00:00:00 +00:00BE-TSO-0001ITP-00112entrykWh/h,1,Physical Flow,hour,2022-02-08T00:00:00+01:00,2022-02-08T01:00:00+01:00,BE-TSO-0001,21X-BE-A-A0A0A-Y,Fluxys Belgium,ITP-00112,Eynatten 1 (BE) // Lichtenbusch / Raeren (DE),21Z0000000000155,entry,kWh/h,,,0,2022-03-20T02:03:09+01:00,,Confirmed,,,,,True,,,True,PRISMA,,https://platform.prisma-capacity.eu/,,Cross-Border Transmission IP within EU,0,False
1Physical Flowhour2022-02-08 00:00:00 +00:002022-02-08 01:00:00 +00:00BE-TSO-0001ITP-00112entrykWh/h,1,Physical Flow,hour,2022-02-08T01:00:00+01:00,2022-02-08T02:00:00+01:00,BE-TSO-0001,21X-BE-A-A0A0A-Y,Fluxys Belgium,ITP-00112,Eynatten 1 (BE) // Lichtenbusch / Raeren (DE),21Z0000000000155,entry,kWh/h,,,0,2022-03-20T02:03:09+01:00,,Confirmed,,,,,True,,,True,PRISMA,,https://platform.prisma-capacity.eu/,,Cross-Border Transmission IP within EU,0,False
1Physical Flowhour2022-02-08 01:00:00 +00:002022-02-08 02:00:00 +00:00BE-TSO-0001ITP-00112entrykWh/h,1,Physical Flow,hour,2022-02-08T02:00:00+01:00,2022-02-08T03:00:00+01:00,BE-TSO-0001,21X-BE-A-A0A0A-Y,Fluxys Belgium,ITP-00112,Eynatten 1 (BE) // Lichtenbusch / Raeren (DE),21Z0000000000155,entry,kWh/h,,,0,2022-03-20T02:03:09+01:00,,Confirmed,,,,,True,,,True,PRISMA,,https://platform.prisma-capacity.eu/,,Cross-Border Transmission IP within EU,0,False
1Physical Flowhour2022-02-08 02:00:00 +00:002022-02-08 03:00:00 +00:00BE-TSO-0001ITP-00112entrykWh/h,1,Physical Flow,hour,2022-02-08T03:00:00+01:00,2022-02-08T04:00:00+01:00,BE-TSO-0001,21X-BE-A-A0A0A-Y,Fluxys Belgium,ITP-00112,Eynatten 1 (BE) // Lichtenbusch / Raeren (DE),21Z0000000000155,entry,kWh/h,,,0,2022-03-20T02:03:09+01:00,,Confirmed,,,,,True,,,True,PRISMA,,https://platform.prisma-capacity.eu/,,Cross-Border Transmission IP within EU,0,False
1Physical Flowhour2022-02-08 03:00:00 +00:002022-02-08 04:00:00 +00:00BE-TSO-0001ITP-00112entrykWh/h,1,Physical Flow,hour,2022-02-08T04:00:00+01:00,2022-02-08T05:00:00+01:00,BE-TSO-0001,21X-BE-A-A0A0A-Y,Fluxys Belgium,ITP-00112,Eynatten 1 (BE) // Lichtenbusch / Raeren (DE),21Z0000000000155,entry,kWh/h,,,0,2022-03-20T02:03:09+01:00,,Confirmed,,,,,True,,,True,PRISMA,,https://platform.prisma-capacity.eu/,,Cross-Border Transmission IP within EU,0,False
1Physical Flowhour2022-02-08 04:00:00 +00:002022-02-08 05:00:00 +00:00BE-TSO-0001ITP-00112entrykWh/h,1,Physical Flow,hour,2022-02-08T05:00:00+01:00,2022-02-08T06:00:00+01:00,BE-TSO-0001,21X-BE-A-A0A0A-Y,Fluxys Belgium,ITP-00112,Eynatten 1 (BE) // Lichtenbusch / Raeren (DE),21Z0000000000155,entry,kWh/h,,,0,2022-03-20T02:03:09+01:00,,Confirmed,,,,,True,,,True,PRISMA,,https://platform.prisma-capacity.eu/,,Cross-Border Transmission IP within EU,0,False
1Physical Flowhour2022-02-08 05:00:00 +00:002022-02-08 06:00:00 +00:00BE-TSO-0001ITP-00112entrykWh/h,1,Physical Flow,hour,2022-02-08T06:00:00+01:00,2022-02-08T07:00:00+01:00,BE-TSO-0001,21X-BE-A-A0A0A-Y,Fluxys Belgium,ITP-00112,Eynatten 1 (BE) // Lichtenbusch / Raeren (DE),21Z0000000000155,entry,kWh/h,,,0,2022-03-20T02:03:09+01:00,,Confirmed,,,,,True,,,True,PRISMA,,https://platform.prisma-capacity.eu/,,Cross-Border Transmission IP within EU,0,False
1Physical Flowhour2022-02-08 06:00:00 +00:002022-02-08 07:00:00 +00:00BE-TSO-0001ITP-00112entrykWh/h,1,Physical Flow,hour,2022-02-08T07:00:00+01:00,2022-02-08T08:00:00+01:00,BE-TSO-0001,21X-BE-A-A0A0A-Y,Fluxys Belgium,ITP-00112,Eynatten 1 (BE) // Lichtenbusch / Raeren (DE),21Z0000000000155,entry,kWh/h,,,0,2022-03-20T02:03:09+01:00,,Confirmed,,,,,True,,,True,PRISMA,,https://platform.prisma-capacity.eu/,,Cross-Border Transmission IP within EU,0,False
1Physical Flowhour2022-02-08 07:00:00 +00:002022-02-08 08:00:00 +00:00BE-TSO-0001ITP-00112entrykWh/h,1,Physical Flow,hour,2022-02-08T08:00:00+01:00,2022-02-08T09:00:00+01:00,BE-TSO-0001,21X-BE-A-A0A0A-Y,Fluxys Belgium,ITP-00112,Eynatten 1 (BE) // Lichtenbusch / Raeren (DE),21Z0000000000155,entry,kWh/h,,,0,2022-03-20T02:03:09+01:00,,Confirmed,,,,,True,,,True,PRISMA,,https://platform.prisma-capacity.eu/,,Cross-Border Transmission IP within EU,0,False
1Physical Flowhour2022-02-08 08:00:00 +00:002022-02-08 09:00:00 +00:00BE-TSO-0001ITP-00112entrykWh/h,1,Physical Flow,hour,2022-02-08T09:00:00+01:00,2022-02-08T10:00:00+01:00,BE-TSO-0001,21X-BE-A-A0A0A-Y,Fluxys Belgium,ITP-00112,Eynatten 1 (BE) // Lichtenbusch / Raeren (DE),21Z0000000000155,entry,kWh/h,,,0,2022-03-20T02:03:09+01:00,,Confirmed,,,,,True,,,True,PRISMA,,https://platform.prisma-capacity.eu/,,Cross-Border Transmission IP within EU,0,False
1Physical Flowhour2022-02-08 09:00:00 +00:002022-02-08 10:00:00 +00:00BE-TSO-0001ITP-00112entrykWh/h,1,Physical Flow,hour,2022-02-08T10:00:00+01:00,2022-02-08T11:00:00+01:00,BE-TSO-0001,21X-BE-A-A0A0A-Y,Fluxys Belgium,ITP-00112,Eynatten 1 (BE) // Lichtenbusch / Raeren (DE),21Z0000000000155,entry,kWh/h,,,0,2022-03-20T02:03:09+01:00,,Confirmed,,,,,True,,,True,PRISMA,,https://platform.prisma-capacity.eu/,,Cross-Border Transmission IP within EU,0,False
1Physical Flowhour2022-02-08 10:00:00 +00:002022-02-08 11:00:00 +00:00BE-TSO-0001ITP-00112entrykWh/h,1,Physical Flow,hour,2022-02-08T11:00:00+01:00,2022-02-08T12:00:00+01:00,BE-TSO-0001,21X-BE-A-A0A0A-Y,Fluxys Belgium,ITP-00112,Eynatten 1 (BE) // Lichtenbusch / Raeren (DE),21Z0000000000155,entry,kWh/h,,,0,2022-03-20T02:03:09+01:00,,Confirmed,,,,,True,,,True,PRISMA,,https://platform.prisma-capacity.eu/,,Cross-Border Transmission IP within EU,0,False
1Physical Flowhour2022-02-08 11:00:00 +00:002022-02-08 12:00:00 +00:00BE-TSO-0001ITP-00112entrykWh/h,1,Physical Flow,hour,2022-02-08T12:00:00+01:00,2022-02-08T13:00:00+01:00,BE-TSO-0001,21X-BE-A-A0A0A-Y,Fluxys Belgium,ITP-00112,Eynatten 1 (BE) // Lichtenbusch / Raeren (DE),21Z0000000000155,entry,kWh/h,,,0,2022-03-20T02:03:09+01:00,,Confirmed,,,,,True,,,True,PRISMA,,https://platform.prisma-capacity.eu/,,Cross-Border Transmission IP within EU,0,False
1Physical Flowhour2022-02-08 12:00:00 +00:002022-02-08 13:00:00 +00:00BE-TSO-0001ITP-00112entrykWh/h,1,Physical Flow,hour,2022-02-08T13:00:00+01:00,2022-02-08T14:00:00+01:00,BE-TSO-0001,21X-BE-A-A0A0A-Y,Fluxys Belgium,ITP-00112,Eynatten 1 (BE) // Lichtenbusch / Raeren (DE),21Z0000000000155,entry,kWh/h,,,0,2022-03-20T02:03:09+01:00,,Confirmed,,,,,True,,,True,PRISMA,,https://platform.prisma-capacity.eu/,,Cross-Border Transmission IP within EU,0,False
1Physical Flowhour2022-02-08 13:00:00 +00:002022-02-08 14:00:00 +00:00BE-TSO-0001ITP-00112entrykWh/h,1,Physical Flow,hour,2022-02-08T14:00:00+01:00,2022-02-08T15:00:00+01:00,BE-TSO-0001,21X-BE-A-A0A0A-Y,Fluxys Belgium,ITP-00112,Eynatten 1 (BE) // Lichtenbusch / Raeren (DE),21Z0000000000155,entry,kWh/h,,,0,2022-03-20T02:03:09+01:00,,Confirmed,,,,,True,,,True,PRISMA,,https://platform.prisma-capacity.eu/,,Cross-Border Transmission IP within EU,0,False
1Physical Flowhour2022-02-08 14:00:00 +00:002022-02-08 15:00:00 +00:00BE-TSO-0001ITP-00112entrykWh/h,1,Physical Flow,hour,2022-02-08T15:00:00+01:00,2022-02-08T16:00:00+01:00,BE-TSO-0001,21X-BE-A-A0A0A-Y,Fluxys Belgium,ITP-00112,Eynatten 1 (BE) // Lichtenbusch / Raeren (DE),21Z0000000000155,entry,kWh/h,,,0,2022-03-20T02:03:09+01:00,,Confirmed,,,,,True,,,True,PRISMA,,https://platform.prisma-capacity.eu/,,Cross-Border Transmission IP within EU,0,False
1Physical Flowhour2022-02-08 15:00:00 +00:002022-02-08 16:00:00 +00:00BE-TSO-0001ITP-00112entrykWh/h,1,Physical Flow,hour,2022-02-08T16:00:00+01:00,2022-02-08T17:00:00+01:00,BE-TSO-0001,21X-BE-A-A0A0A-Y,Fluxys Belgium,ITP-00112,Eynatten 1 (BE) // Lichtenbusch / Raeren (DE),21Z0000000000155,entry,kWh/h,,,0,2022-03-20T02:03:09+01:00,,Confirmed,,,,,True,,,True,PRISMA,,https://platform.prisma-capacity.eu/,,Cross-Border Transmission IP within EU,0,False
1Physical Flowhour2022-02-08 16:00:00 +00:002022-02-08 17:00:00 +00:00BE-TSO-0001ITP-00112entrykWh/h,1,Physical Flow,hour,2022-02-08T17:00:00+01:00,2022-02-08T18:00:00+01:00,BE-TSO-0001,21X-BE-A-A0A0A-Y,Fluxys Belgium,ITP-00112,Eynatten 1 (BE) // Lichtenbusch / Raeren (DE),21Z0000000000155,entry,kWh/h,,,0,2022-03-20T02:03:09+01:00,,Confirmed,,,,,True,,,True,PRISMA,,https://platform.prisma-capacity.eu/,,Cross-Border Transmission IP within EU,0,False
1Physical Flowhour2022-02-08 17:00:00 +00:002022-02-08 18:00:00 +00:00BE-TSO-0001ITP-00112entrykWh/h,1,Physical Flow,hour,2022-02-08T18:00:00+01:00,2022-02-08T19:00:00+01:00,BE-TSO-0001,21X-BE-A-A0A0A-Y,Fluxys Belgium,ITP-00112,Eynatten 1 (BE) // Lichtenbusch / Raeren (DE),21Z0000000000155,entry,kWh/h,,,0,2022-03-20T02:03:09+01:00,,Confirmed,,,,,True,,,True,PRISMA,,https://platform.prisma-capacity.eu/,,Cross-Border Transmission IP within EU,0,False
1Physical Flowhour2022-02-08 18:00:00 +00:002022-02-08 19:00:00 +00:00BE-TSO-0001ITP-00112entrykWh/h,1,Physical Flow,hour,2022-02-08T19:00:00+01:00,2022-02-08T20:00:00+01:00,BE-TSO-0001,21X-BE-A-A0A0A-Y,Fluxys Belgium,ITP-00112,Eynatten 1 (BE) // Lichtenbusch / Raeren (DE),21Z0000000000155,entry,kWh/h,,,0,2022-03-20T02:03:09+01:00,,Confirmed,,,,,True,,,True,PRISMA,,https://platform.prisma-capacity.eu/,,Cross-Border Transmission IP within EU,0,False
1Physical Flowhour2022-02-08 19:00:00 +00:002022-02-08 20:00:00 +00:00BE-TSO-0001ITP-00112entrykWh/h,1,Physical Flow,hour,2022-02-08T20:00:00+01:00,2022-02-08T21:00:00+01:00,BE-TSO-0001,21X-BE-A-A0A0A-Y,Fluxys Belgium,ITP-00112,Eynatten 1 (BE) // Lichtenbusch / Raeren (DE),21Z0000000000155,entry,kWh/h,,,0,2022-03-20T02:03:09+01:00,,Confirmed,,,,,True,,,True,PRISMA,,https://platform.prisma-capacity.eu/,,Cross-Border Transmission IP within EU,0,False
1Physical Flowhour2022-02-08 20:00:00 +00:002022-02-08 21:00:00 +00:00BE-TSO-0001ITP-00112entrykWh/h,1,Physical Flow,hour,2022-02-08T21:00:00+01:00,2022-02-08T22:00:00+01:00,BE-TSO-0001,21X-BE-A-A0A0A-Y,Fluxys Belgium,ITP-00112,Eynatten 1 (BE) // Lichtenbusch / Raeren (DE),21Z0000000000155,entry,kWh/h,,,0,2022-03-20T02:03:09+01:00,,Confirmed,,,,,True,,,True,PRISMA,,https://platform.prisma-capacity.eu/,,Cross-Border Transmission IP within EU,0,False
1Physical Flowhour2022-02-08 21:00:00 +00:002022-02-08 22:00:00 +00:00BE-TSO-0001ITP-00112entrykWh/h,1,Physical Flow,hour,2022-02-08T22:00:00+01:00,2022-02-08T23:00:00+01:00,BE-TSO-0001,21X-BE-A-A0A0A-Y,Fluxys Belgium,ITP-00112,Eynatten 1 (BE) // Lichtenbusch / Raeren (DE),21Z0000000000155,entry,kWh/h,,,0,2022-03-20T02:03:09+01:00,,Confirmed,,,,,True,,,True,PRISMA,,https://platform.prisma-capacity.eu/,,Cross-Border Transmission IP within EU,0,False
1Physical Flowhour2022-02-08 22:00:00 +00:002022-02-08 23:00:00 +00:00BE-TSO-0001ITP-00112entrykWh/h,1,Physical Flow,hour,2022-02-08T23:00:00+01:00,2022-02-09T00:00:00+01:00,BE-TSO-0001,21X-BE-A-A0A0A-Y,Fluxys Belgium,ITP-00112,Eynatten 1 (BE) // Lichtenbusch / Raeren (DE),21Z0000000000155,entry,kWh/h,,,0,2022-03-20T02:03:09+01:00,,Confirmed,,,,,True,,,True,PRISMA,,https://platform.prisma-capacity.eu/,,Cross-Border Transmission IP within EU,0,False
1Physical Flowhour2022-02-08 23:00:00 +00:002022-02-09 00:00:00 +00:00BE-TSO-0001ITP-00112entrykWh/h,1,Physical Flow,hour,2022-02-09T00:00:00+01:00,2022-02-09T01:00:00+01:00,BE-TSO-0001,21X-BE-A-A0A0A-Y,Fluxys Belgium,ITP-00112,Eynatten 1 (BE) // Lichtenbusch / Raeren (DE),21Z0000000000155,entry,kWh/h,,,0,2022-03-20T02:03:09+01:00,,Confirmed,,,,,True,,,True,PRISMA,,https://platform.prisma-capacity.eu/,,Cross-Border Transmission IP within EU,0,False
1Physical Flowhour2022-02-09 00:00:00 +00:002022-02-09 01:00:00 +00:00BE-TSO-0001ITP-00112entrykWh/h,1,Physical Flow,hour,2022-02-09T01:00:00+01:00,2022-02-09T02:00:00+01:00,BE-TSO-0001,21X-BE-A-A0A0A-Y,Fluxys Belgium,ITP-00112,Eynatten 1 (BE) // Lichtenbusch / Raeren (DE),21Z0000000000155,entry,kWh/h,,,0,2022-03-20T02:03:09+01:00,,Confirmed,,,,,True,,,True,PRISMA,,https://platform.prisma-capacity.eu/,,Cross-Border Transmission IP within EU,0,False
1Physical Flowhour2022-02-09 01:00:00 +00:002022-02-09 02:00:00 +00:00BE-TSO-0001ITP-00112entrykWh/h,1,Physical Flow,hour,2022-02-09T02:00:00+01:00,2022-02-09T03:00:00+01:00,BE-TSO-0001,21X-BE-A-A0A0A-Y,Fluxys Belgium,ITP-00112,Eynatten 1 (BE) // Lichtenbusch / Raeren (DE),21Z0000000000155,entry,kWh/h,,,0,2022-03-20T02:03:09+01:00,,Confirmed,,,,,True,,,True,PRISMA,,https://platform.prisma-capacity.eu/,,Cross-Border Transmission IP within EU,0,False
1Physical Flowhour2022-02-09 02:00:00 +00:002022-02-09 03:00:00 +00:00BE-TSO-0001ITP-00112entrykWh/h,1,Physical Flow,hour,2022-02-09T03:00:00+01:00,2022-02-09T04:00:00+01:00,BE-TSO-0001,21X-BE-A-A0A0A-Y,Fluxys Belgium,ITP-00112,Eynatten 1 (BE) // Lichtenbusch / Raeren (DE),21Z0000000000155,entry,kWh/h,,,0,2022-03-20T02:03:09+01:00,,Confirmed,,,,,True,,,True,PRISMA,,https://platform.prisma-capacity.eu/,,Cross-Border Transmission IP within EU,0,False
1Physical Flowhour2022-02-09 03:00:00 +00:002022-02-09 04:00:00 +00:00BE-TSO-0001ITP-00112entrykWh/h,1,Physical Flow,hour,2022-02-09T04:00:00+01:00,2022-02-09T05:00:00+01:00,BE-TSO-0001,21X-BE-A-A0A0A-Y,Fluxys Belgium,ITP-00112,Eynatten 1 (BE) // Lichtenbusch / Raeren (DE),21Z0000000000155,entry,kWh/h,,,0,2022-03-20T02:03:09+01:00,,Confirmed,,,,,True,,,True,PRISMA,,https://platform.prisma-capacity.eu/,,Cross-Border Transmission IP within EU,0,False
1Physical Flowhour2022-02-09 04:00:00 +00:002022-02-09 05:00:00 +00:00BE-TSO-0001ITP-00112entrykWh/h,1,Physical Flow,hour,2022-02-09T05:00:00+01:00,2022-02-09T06:00:00+01:00,BE-TSO-0001,21X-BE-A-A0A0A-Y,Fluxys Belgium,ITP-00112,Eynatten 1 (BE) // Lichtenbusch / Raeren (DE),21Z0000000000155,entry,kWh/h,,,0,2022-03-20T02:03:09+01:00,,Confirmed,,,,,True,,,True,PRISMA,,https://platform.prisma-capacity.eu/,,Cross-Border Transmission IP within EU,0,False
1Physical Flowhour2022-02-09 05:00:00 +00:002022-02-09 06:00:00 +00:00BE-TSO-0001ITP-00112entrykWh/h,1,Physical Flow,hour,2022-02-09T06:00:00+01:00,2022-02-09T07:00:00+01:00,BE-TSO-0001,21X-BE-A-A0A0A-Y,Fluxys Belgium,ITP-00112,Eynatten 1 (BE) // Lichtenbusch / Raeren (DE),21Z0000000000155,entry,kWh/h,,,0,2022-03-20T02:03:09+01:00,,Confirmed,,,,,True,,,True,PRISMA,,https://platform.prisma-capacity.eu/,,Cross-Border Transmission IP within EU,0,False
1Physical Flowhour2022-02-09 06:00:00 +00:002022-02-09 07:00:00 +00:00BE-TSO-0001ITP-00112entrykWh/h,1,Physical Flow,hour,2022-02-09T07:00:00+01:00,2022-02-09T08:00:00+01:00,BE-TSO-0001,21X-BE-A-A0A0A-Y,Fluxys Belgium,ITP-00112,Eynatten 1 (BE) // Lichtenbusch / Raeren (DE),21Z0000000000155,entry,kWh/h,,,0,2022-03-20T02:03:09+01:00,,Confirmed,,,,,True,,,True,PRISMA,,https://platform.prisma-capacity.eu/,,Cross-Border Transmission IP within EU,0,False
1Physical Flowhour2022-02-09 07:00:00 +00:002022-02-09 08:00:00 +00:00BE-TSO-0001ITP-00112entrykWh/h,1,Physical Flow,hour,2022-02-09T08:00:00+01:00,2022-02-09T09:00:00+01:00,BE-TSO-0001,21X-BE-A-A0A0A-Y,Fluxys Belgium,ITP-00112,Eynatten 1 (BE) // Lichtenbusch / Raeren (DE),21Z0000000000155,entry,kWh/h,,,0,2022-03-20T02:03:09+01:00,,Confirmed,,,,,True,,,True,PRISMA,,https://platform.prisma-capacity.eu/,,Cross-Border Transmission IP within EU,0,False
1Physical Flowhour2022-02-09 08:00:00 +00:002022-02-09 09:00:00 +00:00BE-TSO-0001ITP-00112entrykWh/h,1,Physical Flow,hour,2022-02-09T09:00:00+01:00,2022-02-09T10:00:00+01:00,BE-TSO-0001,21X-BE-A-A0A0A-Y,Fluxys Belgium,ITP-00112,Eynatten 1 (BE) // Lichtenbusch / Raeren (DE),21Z0000000000155,entry,kWh/h,,,0,2022-03-20T02:03:09+01:00,,Confirmed,,,,,True,,,True,PRISMA,,https://platform.prisma-capacity.eu/,,Cross-Border Transmission IP within EU,0,False
1Physical Flowhour2022-02-09 09:00:00 +00:002022-02-09 10:00:00 +00:00BE-TSO-0001ITP-00112entrykWh/h,1,Physical Flow,hour,2022-02-09T10:00:00+01:00,2022-02-09T11:00:00+01:00,BE-TSO-0001,21X-BE-A-A0A0A-Y,Fluxys Belgium,ITP-00112,Eynatten 1 (BE) // Lichtenbusch / Raeren (DE),21Z0000000000155,entry,kWh/h,,,0,2022-03-20T02:03:09+01:00,,Confirmed,,,,,True,,,True,PRISMA,,https://platform.prisma-capacity.eu/,,Cross-Border Transmission IP within EU,0,False
1Physical Flowhour2022-02-09 10:00:00 +00:002022-02-09 11:00:00 +00:00BE-TSO-0001ITP-00112entrykWh/h,1,Physical Flow,hour,2022-02-09T11:00:00+01:00,2022-02-09T12:00:00+01:00,BE-TSO-0001,21X-BE-A-A0A0A-Y,Fluxys Belgium,ITP-00112,Eynatten 1 (BE) // Lichtenbusch / Raeren (DE),21Z0000000000155,entry,kWh/h,,,0,2022-03-20T02:03:09+01:00,,Confirmed,,,,,True,,,True,PRISMA,,https://platform.prisma-capacity.eu/,,Cross-Border Transmission IP within EU,0,False
1Physical Flowhour2022-02-09 11:00:00 +00:002022-02-09 12:00:00 +00:00BE-TSO-0001ITP-00112entrykWh/h,1,Physical Flow,hour,2022-02-09T12:00:00+01:00,2022-02-09T13:00:00+01:00,BE-TSO-0001,21X-BE-A-A0A0A-Y,Fluxys Belgium,ITP-00112,Eynatten 1 (BE) // Lichtenbusch / Raeren (DE),21Z0000000000155,entry,kWh/h,,,0,2022-03-20T02:03:09+01:00,,Confirmed,,,,,True,,,True,PRISMA,,https://platform.prisma-capacity.eu/,,Cross-Border Transmission IP within EU,0,False
1Physical Flowhour2022-02-09 12:00:00 +00:002022-02-09 13:00:00 +00:00BE-TSO-0001ITP-00112entrykWh/h,1,Physical Flow,hour,2022-02-09T13:00:00+01:00,2022-02-09T14:00:00+01:00,BE-TSO-0001,21X-BE-A-A0A0A-Y,Fluxys Belgium,ITP-00112,Eynatten 1 (BE) // Lichtenbusch / Raeren (DE),21Z0000000000155,entry,kWh/h,,,0,2022-03-20T02:03:09+01:00,,Confirmed,,,,,True,,,True,PRISMA,,https://platform.prisma-capacity.eu/,,Cross-Border Transmission IP within EU,0,False
1Physical Flowhour2022-02-09 13:00:00 +00:002022-02-09 14:00:00 +00:00BE-TSO-0001ITP-00112entrykWh/h,1,Physical Flow,hour,2022-02-09T14:00:00+01:00,2022-02-09T15:00:00+01:00,BE-TSO-0001,21X-BE-A-A0A0A-Y,Fluxys Belgium,ITP-00112,Eynatten 1 (BE) // Lichtenbusch / Raeren (DE),21Z0000000000155,entry,kWh/h,,,0,2022-03-20T02:03:09+01:00,,Confirmed,,,,,True,,,True,PRISMA,,https://platform.prisma-capacity.eu/,,Cross-Border Transmission IP within EU,0,False
1Physical Flowhour2022-02-09 14:00:00 +00:002022-02-09 15:00:00 +00:00BE-TSO-0001ITP-00112entrykWh/h,1,Physical Flow,hour,2022-02-09T15:00:00+01:00,2022-02-09T16:00:00+01:00,BE-TSO-0001,21X-BE-A-A0A0A-Y,Fluxys Belgium,ITP-00112,Eynatten 1 (BE) // Lichtenbusch / Raeren (DE),21Z0000000000155,entry,kWh/h,,,0,2022-03-20T02:03:09+01:00,,Confirmed,,,,,True,,,True,PRISMA,,https://platform.prisma-capacity.eu/,,Cross-Border Transmission IP within EU,0,False
1Physical Flowhour2022-02-09 15:00:00 +00:002022-02-09 16:00:00 +00:00BE-TSO-0001ITP-00112entrykWh/h,1,Physical Flow,hour,2022-02-09T16:00:00+01:00,2022-02-09T17:00:00+01:00,BE-TSO-0001,21X-BE-A-A0A0A-Y,Fluxys Belgium,ITP-00112,Eynatten 1 (BE) // Lichtenbusch / Raeren (DE),21Z0000000000155,entry,kWh/h,,,0,2022-03-20T02:03:09+01:00,,Confirmed,,,,,True,,,True,PRISMA,,https://platform.prisma-capacity.eu/,,Cross-Border Transmission IP within EU,0,False
1Physical Flowhour2022-02-09 16:00:00 +00:002022-02-09 17:00:00 +00:00BE-TSO-0001ITP-00112entrykWh/h,1,Physical Flow,hour,2022-02-09T17:00:00+01:00,2022-02-09T18:00:00+01:00,BE-TSO-0001,21X-BE-A-A0A0A-Y,Fluxys Belgium,ITP-00112,Eynatten 1 (BE) // Lichtenbusch / Raeren (DE),21Z0000000000155,entry,kWh/h,,,0,2022-03-20T02:03:09+01:00,,Confirmed,,,,,True,,,True,PRISMA,,https://platform.prisma-capacity.eu/,,Cross-Border Transmission IP within EU,0,False
1Physical Flowhour2022-02-09 17:00:00 +00:002022-02-09 18:00:00 +00:00BE-TSO-0001ITP-00112entrykWh/h,1,Physical Flow,hour,2022-02-09T18:00:00+01:00,2022-02-09T19:00:00+01:00,BE-TSO-0001,21X-BE-A-A0A0A-Y,Fluxys Belgium,ITP-00112,Eynatten 1 (BE) // Lichtenbusch / Raeren (DE),21Z0000000000155,entry,kWh/h,,,0,2022-03-20T02:03:09+01:00,,Confirmed,,,,,True,,,True,PRISMA,,https://platform.prisma-capacity.eu/,,Cross-Border Transmission IP within EU,0,False
1Physical Flowhour2022-02-09 18:00:00 +00:002022-02-09 19:00:00 +00:00BE-TSO-0001ITP-00112entrykWh/h,1,Physical Flow,hour,2022-02-09T19:00:00+01:00,2022-02-09T20:00:00+01:00,BE-TSO-0001,21X-BE-A-A0A0A-Y,Fluxys Belgium,ITP-00112,Eynatten 1 (BE) // Lichtenbusch / Raeren (DE),21Z0000000000155,entry,kWh/h,,,0,2022-03-20T02:03:09+01:00,,Confirmed,,,,,True,,,True,PRISMA,,https://platform.prisma-capacity.eu/,,Cross-Border Transmission IP within EU,0,False
1Physical Flowhour2022-02-09 19:00:00 +00:002022-02-09 20:00:00 +00:00BE-TSO-0001ITP-00112entrykWh/h,1,Physical Flow,hour,2022-02-09T20:00:00+01:00,2022-02-09T21:00:00+01:00,BE-TSO-0001,21X-BE-A-A0A0A-Y,Fluxys Belgium,ITP-00112,Eynatten 1 (BE) // Lichtenbusch / Raeren (DE),21Z0000000000155,entry,kWh/h,,,0,2022-03-20T02:03:09+01:00,,Confirmed,,,,,True,,,True,PRISMA,,https://platform.prisma-capacity.eu/,,Cross-Border Transmission IP within EU,0,False
1Physical Flowhour2022-02-09 20:00:00 +00:002022-02-09 21:00:00 +00:00BE-TSO-0001ITP-00112entrykWh/h,1,Physical Flow,hour,2022-02-09T21:00:00+01:00,2022-02-09T22:00:00+01:00,BE-TSO-0001,21X-BE-A-A0A0A-Y,Fluxys Belgium,ITP-00112,Eynatten 1 (BE) // Lichtenbusch / Raeren (DE),21Z0000000000155,entry,kWh/h,,,0,2022-03-20T02:03:09+01:00,,Confirmed,,,,,True,,,True,PRISMA,,https://platform.prisma-capacity.eu/,,Cross-Border Transmission IP within EU,0,False
1Physical Flowhour2022-02-09 21:00:00 +00:002022-02-09 22:00:00 +00:00BE-TSO-0001ITP-00112entrykWh/h,1,Physical Flow,hour,2022-02-09T22:00:00+01:00,2022-02-09T23:00:00+01:00,BE-TSO-0001,21X-BE-A-A0A0A-Y,Fluxys Belgium,ITP-00112,Eynatten 1 (BE) // Lichtenbusch / Raeren (DE),21Z0000000000155,entry,kWh/h,,,0,2022-03-20T02:03:09+01:00,,Confirmed,,,,,True,,,True,PRISMA,,https://platform.prisma-capacity.eu/,,Cross-Border Transmission IP within EU,0,False
1Physical Flowhour2022-02-09 22:00:00 +00:002022-02-09 23:00:00 +00:00BE-TSO-0001ITP-00112entrykWh/h,1,Physical Flow,hour,2022-02-09T23:00:00+01:00,2022-02-10T00:00:00+01:00,BE-TSO-0001,21X-BE-A-A0A0A-Y,Fluxys Belgium,ITP-00112,Eynatten 1 (BE) // Lichtenbusch / Raeren (DE),21Z0000000000155,entry,kWh/h,,,0,2022-03-20T02:03:09+01:00,,Confirmed,,,,,True,,,True,PRISMA,,https://platform.prisma-capacity.eu/,,Cross-Border Transmission IP within EU,0,False
1Physical Flowhour2022-02-09 23:00:00 +00:002022-02-10 00:00:00 +00:00BE-TSO-0001ITP-00112entrykWh/h,1,Physical Flow,hour,2022-02-10T00:00:00+01:00,2022-02-10T01:00:00+01:00,BE-TSO-0001,21X-BE-A-A0A0A-Y,Fluxys Belgium,ITP-00112,Eynatten 1 (BE) // Lichtenbusch / Raeren (DE),21Z0000000000155,entry,kWh/h,,,0,2022-03-20T02:03:09+01:00,,Confirmed,,,,,True,,,True,PRISMA,,https://platform.prisma-capacity.eu/,,Cross-Border Transmission IP within EU,0,False
1Physical Flowhour2022-02-10 00:00:00 +00:002022-02-10 01:00:00 +00:00BE-TSO-0001ITP-00112entrykWh/h,1,Physical Flow,hour,2022-02-10T01:00:00+01:00,2022-02-10T02:00:00+01:00,BE-TSO-0001,21X-BE-A-A0A0A-Y,Fluxys Belgium,ITP-00112,Eynatten 1 (BE) // Lichtenbusch / Raeren (DE),21Z0000000000155,entry,kWh/h,,,0,2022-03-20T02:03:09+01:00,,Confirmed,,,,,True,,,True,PRISMA,,https://platform.prisma-capacity.eu/,,Cross-Border Transmission IP within EU,0,False
1Physical Flowhour2022-02-10 01:00:00 +00:002022-02-10 02:00:00 +00:00BE-TSO-0001ITP-00112entrykWh/h,1,Physical Flow,hour,2022-02-10T02:00:00+01:00,2022-02-10T03:00:00+01:00,BE-TSO-0001,21X-BE-A-A0A0A-Y,Fluxys Belgium,ITP-00112,Eynatten 1 (BE) // Lichtenbusch / Raeren (DE),21Z0000000000155,entry,kWh/h,,,0,2022-03-20T02:03:09+01:00,,Confirmed,,,,,True,,,True,PRISMA,,https://platform.prisma-capacity.eu/,,Cross-Border Transmission IP within EU,0,False
1Physical Flowhour2022-02-10 02:00:00 +00:002022-02-10 03:00:00 +00:00BE-TSO-0001ITP-00112entrykWh/h,1,Physical Flow,hour,2022-02-10T03:00:00+01:00,2022-02-10T04:00:00+01:00,BE-TSO-0001,21X-BE-A-A0A0A-Y,Fluxys Belgium,ITP-00112,Eynatten 1 (BE) // Lichtenbusch / Raeren (DE),21Z0000000000155,entry,kWh/h,,,0,2022-03-20T02:03:09+01:00,,Confirmed,,,,,True,,,True,PRISMA,,https://platform.prisma-capacity.eu/,,Cross-Border Transmission IP within EU,0,False
1Physical Flowhour2022-02-10 03:00:00 +00:002022-02-10 04:00:00 +00:00BE-TSO-0001ITP-00112entrykWh/h,1,Physical Flow,hour,2022-02-10T04:00:00+01:00,2022-02-10T05:00:00+01:00,BE-TSO-0001,21X-BE-A-A0A0A-Y,Fluxys Belgium,ITP-00112,Eynatten 1 (BE) // Lichtenbusch / Raeren (DE),21Z0000000000155,entry,kWh/h,,,0,2022-03-20T02:03:09+01:00,,Confirmed,,,,,True,,,True,PRISMA,,https://platform.prisma-capacity.eu/,,Cross-Border Transmission IP within EU,0,False
1Physical Flowhour2022-02-10 04:00:00 +00:002022-02-10 05:00:00 +00:00BE-TSO-0001ITP-00112entrykWh/h,1,Physical Flow,hour,2022-02-10T05:00:00+01:00,2022-02-10T06:00:00+01:00,BE-TSO-0001,21X-BE-A-A0A0A-Y,Fluxys Belgium,ITP-00112,Eynatten 1 (BE) // Lichtenbusch / Raeren (DE),21Z0000000000155,entry,kWh/h,,,0,2022-03-20T02:03:09+01:00,,Confirmed,,,,,True,,,True,PRISMA,,https://platform.prisma-capacity.eu/,,Cross-Border Transmission IP within EU,0,False
1Physical Flowhour2022-02-10 05:00:00 +00:002022-02-10 06:00:00 +00:00BE-TSO-0001ITP-00112entrykWh/h,1,Physical Flow,hour,2022-02-10T06:00:00+01:00,2022-02-10T07:00:00+01:00,BE-TSO-0001,21X-BE-A-A0A0A-Y,Fluxys Belgium,ITP-00112,Eynatten 1 (BE) // Lichtenbusch / Raeren (DE),21Z0000000000155,entry,kWh/h,,,0,2022-03-20T02:03:09+01:00,,Confirmed,,,,,True,,,True,PRISMA,,https://platform.prisma-capacity.eu/,,Cross-Border Transmission IP within EU,0,False
1Physical Flowhour2022-02-10 06:00:00 +00:002022-02-10 07:00:00 +00:00BE-TSO-0001ITP-00112entrykWh/h,1,Physical Flow,hour,2022-02-10T07:00:00+01:00,2022-02-10T08:00:00+01:00,BE-TSO-0001,21X-BE-A-A0A0A-Y,Fluxys Belgium,ITP-00112,Eynatten 1 (BE) // Lichtenbusch / Raeren (DE),21Z0000000000155,entry,kWh/h,,,0,2022-03-20T02:03:09+01:00,,Confirmed,,,,,True,,,True,PRISMA,,https://platform.prisma-capacity.eu/,,Cross-Border Transmission IP within EU,0,False
1Physical Flowhour2022-02-10 07:00:00 +00:002022-02-10 08:00:00 +00:00BE-TSO-0001ITP-00112entrykWh/h,1,Physical Flow,hour,2022-02-10T08:00:00+01:00,2022-02-10T09:00:00+01:00,BE-TSO-0001,21X-BE-A-A0A0A-Y,Fluxys Belgium,ITP-00112,Eynatten 1 (BE) // Lichtenbusch / Raeren (DE),21Z0000000000155,entry,kWh/h,,,0,2022-03-20T02:03:09+01:00,,Confirmed,,,,,True,,,True,PRISMA,,https://platform.prisma-capacity.eu/,,Cross-Border Transmission IP within EU,0,False
1Physical Flowhour2022-02-10 08:00:00 +00:002022-02-10 09:00:00 +00:00BE-TSO-0001ITP-00112entrykWh/h,1,Physical Flow,hour,2022-02-10T09:00:00+01:00,2022-02-10T10:00:00+01:00,BE-TSO-0001,21X-BE-A-A0A0A-Y,Fluxys Belgium,ITP-00112,Eynatten 1 (BE) // Lichtenbusch / Raeren (DE),21Z0000000000155,entry,kWh/h,,,0,2022-03-20T02:03:09+01:00,,Confirmed,,,,,True,,,True,PRISMA,,https://platform.prisma-capacity.eu/,,Cross-Border Transmission IP within EU,0,False
1Physical Flowhour2022-02-10 09:00:00 +00:002022-02-10 10:00:00 +00:00BE-TSO-0001ITP-00112entrykWh/h,1,Physical Flow,hour,2022-02-10T10:00:00+01:00,2022-02-10T11:00:00+01:00,BE-TSO-0001,21X-BE-A-A0A0A-Y,Fluxys Belgium,ITP-00112,Eynatten 1 (BE) // Lichtenbusch / Raeren (DE),21Z0000000000155,entry,kWh/h,,,0,2022-03-20T02:03:09+01:00,,Confirmed,,,,,True,,,True,PRISMA,,https://platform.prisma-capacity.eu/,,Cross-Border Transmission IP within EU,0,False
1Physical Flowhour2022-02-10 10:00:00 +00:002022-02-10 11:00:00 +00:00BE-TSO-0001ITP-00112entrykWh/h,1,Physical Flow,hour,2022-02-10T11:00:00+01:00,2022-02-10T12:00:00+01:00,BE-TSO-0001,21X-BE-A-A0A0A-Y,Fluxys Belgium,ITP-00112,Eynatten 1 (BE) // Lichtenbusch / Raeren (DE),21Z0000000000155,entry,kWh/h,,,0,2022-03-20T02:03:09+01:00,,Confirmed,,,,,True,,,True,PRISMA,,https://platform.prisma-capacity.eu/,,Cross-Border Transmission IP within EU,0,False
1Physical Flowhour2022-02-10 11:00:00 +00:002022-02-10 12:00:00 +00:00BE-TSO-0001ITP-00112entrykWh/h,1,Physical Flow,hour,2022-02-10T12:00:00+01:00,2022-02-10T13:00:00+01:00,BE-TSO-0001,21X-BE-A-A0A0A-Y,Fluxys Belgium,ITP-00112,Eynatten 1 (BE) // Lichtenbusch / Raeren (DE),21Z0000000000155,entry,kWh/h,,,0,2022-03-20T02:03:09+01:00,,Confirmed,,,,,True,,,True,PRISMA,,https://platform.prisma-capacity.eu/,,Cross-Border Transmission IP within EU,0,False
1Physical Flowhour2022-02-10 12:00:00 +00:002022-02-10 13:00:00 +00:00BE-TSO-0001ITP-00112entrykWh/h,1,Physical Flow,hour,2022-02-10T13:00:00+01:00,2022-02-10T14:00:00+01:00,BE-TSO-0001,21X-BE-A-A0A0A-Y,Fluxys Belgium,ITP-00112,Eynatten 1 (BE) // Lichtenbusch / Raeren (DE),21Z0000000000155,entry,kWh/h,,,0,2022-03-20T02:03:09+01:00,,Confirmed,,,,,True,,,True,PRISMA,,https://platform.prisma-capacity.eu/,,Cross-Border Transmission IP within EU,0,False
1Physical Flowhour2022-02-10 13:00:00 +00:002022-02-10 14:00:00 +00:00BE-TSO-0001ITP-00112entrykWh/h,1,Physical Flow,hour,2022-02-10T14:00:00+01:00,2022-02-10T15:00:00+01:00,BE-TSO-0001,21X-BE-A-A0A0A-Y,Fluxys Belgium,ITP-00112,Eynatten 1 (BE) // Lichtenbusch / Raeren (DE),21Z0000000000155,entry,kWh/h,,,0,2022-03-20T02:03:09+01:00,,Confirmed,,,,,True,,,True,PRISMA,,https://platform.prisma-capacity.eu/,,Cross-Border Transmission IP within EU,0,False
1Physical Flowhour2022-02-10 14:00:00 +00:002022-02-10 15:00:00 +00:00BE-TSO-0001ITP-00112entrykWh/h,1,Physical Flow,hour,2022-02-10T15:00:00+01:00,2022-02-10T16:00:00+01:00,BE-TSO-0001,21X-BE-A-A0A0A-Y,Fluxys Belgium,ITP-00112,Eynatten 1 (BE) // Lichtenbusch / Raeren (DE),21Z0000000000155,entry,kWh/h,,,0,2022-03-20T02:03:09+01:00,,Confirmed,,,,,True,,,True,PRISMA,,https://platform.prisma-capacity.eu/,,Cross-Border Transmission IP within EU,0,False
1Physical Flowhour2022-02-10 15:00:00 +00:002022-02-10 16:00:00 +00:00BE-TSO-0001ITP-00112entrykWh/h,1,Physical Flow,hour,2022-02-10T16:00:00+01:00,2022-02-10T17:00:00+01:00,BE-TSO-0001,21X-BE-A-A0A0A-Y,Fluxys Belgium,ITP-00112,Eynatten 1 (BE) // Lichtenbusch / Raeren (DE),21Z0000000000155,entry,kWh/h,,,0,2022-03-20T02:03:09+01:00,,Confirmed,,,,,True,,,True,PRISMA,,https://platform.prisma-capacity.eu/,,Cross-Border Transmission IP within EU,0,False
1Physical Flowhour2022-02-10 16:00:00 +00:002022-02-10 17:00:00 +00:00BE-TSO-0001ITP-00112entrykWh/h,1,Physical Flow,hour,2022-02-10T17:00:00+01:00,2022-02-10T18:00:00+01:00,BE-TSO-0001,21X-BE-A-A0A0A-Y,Fluxys Belgium,ITP-00112,Eynatten 1 (BE) // Lichtenbusch / Raeren (DE),21Z0000000000155,entry,kWh/h,,,0,2022-03-20T02:03:09+01:00,,Confirmed,,,,,True,,,True,PRISMA,,https://platform.prisma-capacity.eu/,,Cross-Border Transmission IP within EU,0,False
1Physical Flowhour2022-02-10 17:00:00 +00:002022-02-10 18:00:00 +00:00BE-TSO-0001ITP-00112entrykWh/h,1,Physical Flow,hour,2022-02-10T18:00:00+01:00,2022-02-10T19:00:00+01:00,BE-TSO-0001,21X-BE-A-A0A0A-Y,Fluxys Belgium,ITP-00112,Eynatten 1 (BE) // Lichtenbusch / Raeren (DE),21Z0000000000155,entry,kWh/h,,,0,2022-03-20T02:03:09+01:00,,Confirmed,,,,,True,,,True,PRISMA,,https://platform.prisma-capacity.eu/,,Cross-Border Transmission IP within EU,0,False
1Physical Flowhour2022-02-10 18:00:00 +00:002022-02-10 19:00:00 +00:00BE-TSO-0001ITP-00112entrykWh/h,1,Physical Flow,hour,2022-02-10T19:00:00+01:00,2022-02-10T20:00:00+01:00,BE-TSO-0001,21X-BE-A-A0A0A-Y,Fluxys Belgium,ITP-00112,Eynatten 1 (BE) // Lichtenbusch / Raeren (DE),21Z0000000000155,entry,kWh/h,,,0,2022-03-20T02:03:09+01:00,,Confirmed,,,,,True,,,True,PRISMA,,https://platform.prisma-capacity.eu/,,Cross-Border Transmission IP within EU,0,False
1Physical Flowhour2022-02-10 19:00:00 +00:002022-02-10 20:00:00 +00:00BE-TSO-0001ITP-00112entrykWh/h,1,Physical Flow,hour,2022-02-10T20:00:00+01:00,2022-02-10T21:00:00+01:00,BE-TSO-0001,21X-BE-A-A0A0A-Y,Fluxys Belgium,ITP-00112,Eynatten 1 (BE) // Lichtenbusch / Raeren (DE),21Z0000000000155,entry,kWh/h,,,0,2022-03-20T02:03:09+01:00,,Confirmed,,,,,True,,,True,PRISMA,,https://platform.prisma-capacity.eu/,,Cross-Border Transmission IP within EU,0,False
1Physical Flowhour2022-02-10 20:00:00 +00:002022-02-10 21:00:00 +00:00BE-TSO-0001ITP-00112entrykWh/h,1,Physical Flow,hour,2022-02-10T21:00:00+01:00,2022-02-10T22:00:00+01:00,BE-TSO-0001,21X-BE-A-A0A0A-Y,Fluxys Belgium,ITP-00112,Eynatten 1 (BE) // Lichtenbusch / Raeren (DE),21Z0000000000155,entry,kWh/h,,,0,2022-03-20T02:03:09+01:00,,Confirmed,,,,,True,,,True,PRISMA,,https://platform.prisma-capacity.eu/,,Cross-Border Transmission IP within EU,0,False
1Physical Flowhour2022-02-10 21:00:00 +00:002022-02-10 22:00:00 +00:00BE-TSO-0001ITP-00112entrykWh/h,1,Physical Flow,hour,2022-02-10T22:00:00+01:00,2022-02-10T23:00:00+01:00,BE-TSO-0001,21X-BE-A-A0A0A-Y,Fluxys Belgium,ITP-00112,Eynatten 1 (BE) // Lichtenbusch / Raeren (DE),21Z0000000000155,entry,kWh/h,,,0,2022-03-20T02:03:09+01:00,,Confirmed,,,,,True,,,True,PRISMA,,https://platform.prisma-capacity.eu/,,Cross-Border Transmission IP within EU,0,False
1Physical Flowhour2022-02-10 22:00:00 +00:002022-02-10 23:00:00 +00:00BE-TSO-0001ITP-00112entrykWh/h,1,Physical Flow,hour,2022-02-10T23:00:00+01:00,2022-02-11T00:00:00+01:00,BE-TSO-0001,21X-BE-A-A0A0A-Y,Fluxys Belgium,ITP-00112,Eynatten 1 (BE) // Lichtenbusch / Raeren (DE),21Z0000000000155,entry,kWh/h,,,0,2022-03-20T02:03:09+01:00,,Confirmed,,,,,True,,,True,PRISMA,,https://platform.prisma-capacity.eu/,,Cross-Border Transmission IP within EU,0,False
1Physical Flowhour2022-02-10 23:00:00 +00:002022-02-11 00:00:00 +00:00BE-TSO-0001ITP-00112entrykWh/h,1,Physical Flow,hour,2022-02-11T00:00:00+01:00,2022-02-11T01:00:00+01:00,BE-TSO-0001,21X-BE-A-A0A0A-Y,Fluxys Belgium,ITP-00112,Eynatten 1 (BE) // Lichtenbusch / Raeren (DE),21Z0000000000155,entry,kWh/h,,,0,2022-03-20T02:03:09+01:00,,Confirmed,,,,,True,,,True,PRISMA,,https://platform.prisma-capacity.eu/,,Cross-Border Transmission IP within EU,0,False
1Physical Flowhour2022-02-11 00:00:00 +00:002022-02-11 01:00:00 +00:00BE-TSO-0001ITP-00112entrykWh/h,1,Physical Flow,hour,2022-02-11T01:00:00+01:00,2022-02-11T02:00:00+01:00,BE-TSO-0001,21X-BE-A-A0A0A-Y,Fluxys Belgium,ITP-00112,Eynatten 1 (BE) // Lichtenbusch / Raeren (DE),21Z0000000000155,entry,kWh/h,,,0,2022-03-20T02:03:09+01:00,,Confirmed,,,,,True,,,True,PRISMA,,https://platform.prisma-capacity.eu/,,Cross-Border Transmission IP within EU,0,False
1Physical Flowhour2022-02-11 01:00:00 +00:002022-02-11 02:00:00 +00:00BE-TSO-0001ITP-00112entrykWh/h,1,Physical Flow,hour,2022-02-11T02:00:00+01:00,2022-02-11T03:00:00+01:00,BE-TSO-0001,21X-BE-A-A0A0A-Y,Fluxys Belgium,ITP-00112,Eynatten 1 (BE) // Lichtenbusch / Raeren (DE),21Z0000000000155,entry,kWh/h,,,0,2022-03-20T02:03:09+01:00,,Confirmed,,,,,True,,,True,PRISMA,,https://platform.prisma-capacity.eu/,,Cross-Border Transmission IP within EU,0,False
1Physical Flowhour2022-02-11 02:00:00 +00:002022-02-11 03:00:00 +00:00BE-TSO-0001ITP-00112entrykWh/h,1,Physical Flow,hour,2022-02-11T03:00:00+01:00,2022-02-11T04:00:00+01:00,BE-TSO-0001,21X-BE-A-A0A0A-Y,Fluxys Belgium,ITP-00112,Eynatten 1 (BE) // Lichtenbusch / Raeren (DE),21Z0000000000155,entry,kWh/h,,,0,2022-03-20T02:03:09+01:00,,Confirmed,,,,,True,,,True,PRISMA,,https://platform.prisma-capacity.eu/,,Cross-Border Transmission IP within EU,0,False
1Physical Flowhour2022-02-11 03:00:00 +00:002022-02-11 04:00:00 +00:00BE-TSO-0001ITP-00112entrykWh/h,1,Physical Flow,hour,2022-02-11T04:00:00+01:00,2022-02-11T05:00:00+01:00,BE-TSO-0001,21X-BE-A-A0A0A-Y,Fluxys Belgium,ITP-00112,Eynatten 1 (BE) // Lichtenbusch / Raeren (DE),21Z0000000000155,entry,kWh/h,,,0,2022-03-20T02:03:09+01:00,,Confirmed,,,,,True,,,True,PRISMA,,https://platform.prisma-capacity.eu/,,Cross-Border Transmission IP within EU,0,False
1Physical Flowhour2022-02-11 04:00:00 +00:002022-02-11 05:00:00 +00:00BE-TSO-0001ITP-00112entrykWh/h,1,Physical Flow,hour,2022-02-11T05:00:00+01:00,2022-02-11T06:00:00+01:00,BE-TSO-0001,21X-BE-A-A0A0A-Y,Fluxys Belgium,ITP-00112,Eynatten 1 (BE) // Lichtenbusch / Raeren (DE),21Z0000000000155,entry,kWh/h,,,0,2022-03-20T02:03:09+01:00,,Confirmed,,,,,True,,,True,PRISMA,,https://platform.prisma-capacity.eu/,,Cross-Border Transmission IP within EU,0,False
1Physical Flowhour2022-02-11 05:00:00 +00:002022-02-11 06:00:00 +00:00BE-TSO-0001ITP-00112entrykWh/h,1,Physical Flow,hour,2022-02-11T06:00:00+01:00,2022-02-11T07:00:00+01:00,BE-TSO-0001,21X-BE-A-A0A0A-Y,Fluxys Belgium,ITP-00112,Eynatten 1 (BE) // Lichtenbusch / Raeren (DE),21Z0000000000155,entry,kWh/h,,,0,2022-03-20T02:03:09+01:00,,Confirmed,,,,,True,,,True,PRISMA,,https://platform.prisma-capacity.eu/,,Cross-Border Transmission IP within EU,0,False
1Physical Flowhour2022-02-11 06:00:00 +00:002022-02-11 07:00:00 +00:00BE-TSO-0001ITP-00112entrykWh/h,1,Physical Flow,hour,2022-02-11T07:00:00+01:00,2022-02-11T08:00:00+01:00,BE-TSO-0001,21X-BE-A-A0A0A-Y,Fluxys Belgium,ITP-00112,Eynatten 1 (BE) // Lichtenbusch / Raeren (DE),21Z0000000000155,entry,kWh/h,,,0,2022-03-20T02:03:09+01:00,,Confirmed,,,,,True,,,True,PRISMA,,https://platform.prisma-capacity.eu/,,Cross-Border Transmission IP within EU,0,False
1Physical Flowhour2022-02-11 07:00:00 +00:002022-02-11 08:00:00 +00:00BE-TSO-0001ITP-00112entrykWh/h,1,Physical Flow,hour,2022-02-11T08:00:00+01:00,2022-02-11T09:00:00+01:00,BE-TSO-0001,21X-BE-A-A0A0A-Y,Fluxys Belgium,ITP-00112,Eynatten 1 (BE) // Lichtenbusch / Raeren (DE),21Z0000000000155,entry,kWh/h,,,0,2022-03-20T02:03:09+01:00,,Confirmed,,,,,True,,,True,PRISMA,,https://platform.prisma-capacity.eu/,,Cross-Border Transmission IP within EU,0,False
1Physical Flowhour2022-02-11 08:00:00 +00:002022-02-11 09:00:00 +00:00BE-TSO-0001ITP-00112entrykWh/h,1,Physical Flow,hour,2022-02-11T09:00:00+01:00,2022-02-11T10:00:00+01:00,BE-TSO-0001,21X-BE-A-A0A0A-Y,Fluxys Belgium,ITP-00112,Eynatten 1 (BE) // Lichtenbusch / Raeren (DE),21Z0000000000155,entry,kWh/h,,,0,2022-03-20T02:03:09+01:00,,Confirmed,,,,,True,,,True,PRISMA,,https://platform.prisma-capacity.eu/,,Cross-Border Transmission IP within EU,0,False
1Physical Flowhour2022-02-11 09:00:00 +00:002022-02-11 10:00:00 +00:00BE-TSO-0001ITP-00112entrykWh/h,1,Physical Flow,hour,2022-02-11T10:00:00+01:00,2022-02-11T11:00:00+01:00,BE-TSO-0001,21X-BE-A-A0A0A-Y,Fluxys Belgium,ITP-00112,Eynatten 1 (BE) // Lichtenbusch / Raeren (DE),21Z0000000000155,entry,kWh/h,,,0,2022-03-20T02:03:09+01:00,,Confirmed,,,,,True,,,True,PRISMA,,https://platform.prisma-capacity.eu/,,Cross-Border Transmission IP within EU,0,False
1Physical Flowhour2022-02-11 10:00:00 +00:002022-02-11 11:00:00 +00:00BE-TSO-0001ITP-00112entrykWh/h,1,Physical Flow,hour,2022-02-11T11:00:00+01:00,2022-02-11T12:00:00+01:00,BE-TSO-0001,21X-BE-A-A0A0A-Y,Fluxys Belgium,ITP-00112,Eynatten 1 (BE) // Lichtenbusch / Raeren (DE),21Z0000000000155,entry,kWh/h,,,0,2022-03-20T02:03:09+01:00,,Confirmed,,,,,True,,,True,PRISMA,,https://platform.prisma-capacity.eu/,,Cross-Border Transmission IP within EU,0,False
1Physical Flowhour2022-02-11 11:00:00 +00:002022-02-11 12:00:00 +00:00BE-TSO-0001ITP-00112entrykWh/h,1,Physical Flow,hour,2022-02-11T12:00:00+01:00,2022-02-11T13:00:00+01:00,BE-TSO-0001,21X-BE-A-A0A0A-Y,Fluxys Belgium,ITP-00112,Eynatten 1 (BE) // Lichtenbusch / Raeren (DE),21Z0000000000155,entry,kWh/h,,,0,2022-03-20T02:03:09+01:00,,Confirmed,,,,,True,,,True,PRISMA,,https://platform.prisma-capacity.eu/,,Cross-Border Transmission IP within EU,0,False
1Physical Flowhour2022-02-11 12:00:00 +00:002022-02-11 13:00:00 +00:00BE-TSO-0001ITP-00112entrykWh/h,1,Physical Flow,hour,2022-02-11T13:00:00+01:00,2022-02-11T14:00:00+01:00,BE-TSO-0001,21X-BE-A-A0A0A-Y,Fluxys Belgium,ITP-00112,Eynatten 1 (BE) // Lichtenbusch / Raeren (DE),21Z0000000000155,entry,kWh/h,,,0,2022-03-20T02:03:09+01:00,,Confirmed,,,,,True,,,True,PRISMA,,https://platform.prisma-capacity.eu/,,Cross-Border Transmission IP within EU,0,False
1Physical Flowhour2022-02-11 13:00:00 +00:002022-02-11 14:00:00 +00:00BE-TSO-0001ITP-00112entrykWh/h,1,Physical Flow,hour,2022-02-11T14:00:00+01:00,2022-02-11T15:00:00+01:00,BE-TSO-0001,21X-BE-A-A0A0A-Y,Fluxys Belgium,ITP-00112,Eynatten 1 (BE) // Lichtenbusch / Raeren (DE),21Z0000000000155,entry,kWh/h,,,0,2022-03-20T02:03:09+01:00,,Confirmed,,,,,True,,,True,PRISMA,,https://platform.prisma-capacity.eu/,,Cross-Border Transmission IP within EU,0,False
1Physical Flowhour2022-02-11 14:00:00 +00:002022-02-11 15:00:00 +00:00BE-TSO-0001ITP-00112entrykWh/h,1,Physical Flow,hour,2022-02-11T15:00:00+01:00,2022-02-11T16:00:00+01:00,BE-TSO-0001,21X-BE-A-A0A0A-Y,Fluxys Belgium,ITP-00112,Eynatten 1 (BE) // Lichtenbusch / Raeren (DE),21Z0000000000155,entry,kWh/h,,,0,2022-03-20T02:03:09+01:00,,Confirmed,,,,,True,,,True,PRISMA,,https://platform.prisma-capacity.eu/,,Cross-Border Transmission IP within EU,0,False
1Physical Flowhour2022-02-11 15:00:00 +00:002022-02-11 16:00:00 +00:00BE-TSO-0001ITP-00112entrykWh/h,1,Physical Flow,hour,2022-02-11T16:00:00+01:00,2022-02-11T17:00:00+01:00,BE-TSO-0001,21X-BE-A-A0A0A-Y,Fluxys Belgium,ITP-00112,Eynatten 1 (BE) // Lichtenbusch / Raeren (DE),21Z0000000000155,entry,kWh/h,,,0,2022-03-20T02:03:09+01:00,,Confirmed,,,,,True,,,True,PRISMA,,https://platform.prisma-capacity.eu/,,Cross-Border Transmission IP within EU,0,False
1Physical Flowhour2022-02-11 16:00:00 +00:002022-02-11 17:00:00 +00:00BE-TSO-0001ITP-00112entrykWh/h,1,Physical Flow,hour,2022-02-11T17:00:00+01:00,2022-02-11T18:00:00+01:00,BE-TSO-0001,21X-BE-A-A0A0A-Y,Fluxys Belgium,ITP-00112,Eynatten 1 (BE) // Lichtenbusch / Raeren (DE),21Z0000000000155,entry,kWh/h,,,0,2022-03-20T02:03:09+01:00,,Confirmed,,,,,True,,,True,PRISMA,,https://platform.prisma-capacity.eu/,,Cross-Border Transmission IP within EU,0,False
1Physical Flowhour2022-02-11 17:00:00 +00:002022-02-11 18:00:00 +00:00BE-TSO-0001ITP-00112entrykWh/h,1,Physical Flow,hour,2022-02-11T18:00:00+01:00,2022-02-11T19:00:00+01:00,BE-TSO-0001,21X-BE-A-A0A0A-Y,Fluxys Belgium,ITP-00112,Eynatten 1 (BE) // Lichtenbusch / Raeren (DE),21Z0000000000155,entry,kWh/h,,,0,2022-03-20T02:03:09+01:00,,Confirmed,,,,,True,,,True,PRISMA,,https://platform.prisma-capacity.eu/,,Cross-Border Transmission IP within EU,0,False
1Physical Flowhour2022-02-11 18:00:00 +00:002022-02-11 19:00:00 +00:00BE-TSO-0001ITP-00112entrykWh/h,1,Physical Flow,hour,2022-02-11T19:00:00+01:00,2022-02-11T20:00:00+01:00,BE-TSO-0001,21X-BE-A-A0A0A-Y,Fluxys Belgium,ITP-00112,Eynatten 1 (BE) // Lichtenbusch / Raeren (DE),21Z0000000000155,entry,kWh/h,,,0,2022-03-20T02:03:09+01:00,,Confirmed,,,,,True,,,True,PRISMA,,https://platform.prisma-capacity.eu/,,Cross-Border Transmission IP within EU,0,False
1Physical Flowhour2022-02-11 19:00:00 +00:002022-02-11 20:00:00 +00:00BE-TSO-0001ITP-00112entrykWh/h,1,Physical Flow,hour,2022-02-11T20:00:00+01:00,2022-02-11T21:00:00+01:00,BE-TSO-0001,21X-BE-A-A0A0A-Y,Fluxys Belgium,ITP-00112,Eynatten 1 (BE) // Lichtenbusch / Raeren (DE),21Z0000000000155,entry,kWh/h,,,0,2022-03-20T02:03:09+01:00,,Confirmed,,,,,True,,,True,PRISMA,,https://platform.prisma-capacity.eu/,,Cross-Border Transmission IP within EU,0,False
1Physical Flowhour2022-02-11 20:00:00 +00:002022-02-11 21:00:00 +00:00BE-TSO-0001ITP-00112entrykWh/h,1,Physical Flow,hour,2022-02-11T21:00:00+01:00,2022-02-11T22:00:00+01:00,BE-TSO-0001,21X-BE-A-A0A0A-Y,Fluxys Belgium,ITP-00112,Eynatten 1 (BE) // Lichtenbusch / Raeren (DE),21Z0000000000155,entry,kWh/h,,,0,2022-03-20T02:03:09+01:00,,Confirmed,,,,,True,,,True,PRISMA,,https://platform.prisma-capacity.eu/,,Cross-Border Transmission IP within EU,0,False
1Physical Flowhour2022-02-11 21:00:00 +00:002022-02-11 22:00:00 +00:00BE-TSO-0001ITP-00112entrykWh/h,1,Physical Flow,hour,2022-02-11T22:00:00+01:00,2022-02-11T23:00:00+01:00,BE-TSO-0001,21X-BE-A-A0A0A-Y,Fluxys Belgium,ITP-00112,Eynatten 1 (BE) // Lichtenbusch / Raeren (DE),21Z0000000000155,entry,kWh/h,,,0,2022-03-20T02:03:09+01:00,,Confirmed,,,,,True,,,True,PRISMA,,https://platform.prisma-capacity.eu/,,Cross-Border Transmission IP within EU,0,False
1Physical Flowhour2022-02-11 22:00:00 +00:002022-02-11 23:00:00 +00:00BE-TSO-0001ITP-00112entrykWh/h,1,Physical Flow,hour,2022-02-11T23:00:00+01:00,2022-02-12T00:00:00+01:00,BE-TSO-0001,21X-BE-A-A0A0A-Y,Fluxys Belgium,ITP-00112,Eynatten 1 (BE) // Lichtenbusch / Raeren (DE),21Z0000000000155,entry,kWh/h,,,0,2022-03-20T02:03:09+01:00,,Confirmed,,,,,True,,,True,PRISMA,,https://platform.prisma-capacity.eu/,,Cross-Border Transmission IP within EU,0,False
1Physical Flowhour2022-02-11 23:00:00 +00:002022-02-12 00:00:00 +00:00BE-TSO-0001ITP-00112entrykWh/h,1,Physical Flow,hour,2022-02-12T00:00:00+01:00,2022-02-12T01:00:00+01:00,BE-TSO-0001,21X-BE-A-A0A0A-Y,Fluxys Belgium,ITP-00112,Eynatten 1 (BE) // Lichtenbusch / Raeren (DE),21Z0000000000155,entry,kWh/h,,,0,2022-03-20T02:03:09+01:00,,Confirmed,,,,,True,,,True,PRISMA,,https://platform.prisma-capacity.eu/,,Cross-Border Transmission IP within EU,0,False
1Physical Flowhour2022-02-12 00:00:00 +00:002022-02-12 01:00:00 +00:00BE-TSO-0001ITP-00112entrykWh/h,1,Physical Flow,hour,2022-02-12T01:00:00+01:00,2022-02-12T02:00:00+01:00,BE-TSO-0001,21X-BE-A-A0A0A-Y,Fluxys Belgium,ITP-00112,Eynatten 1 (BE) // Lichtenbusch / Raeren (DE),21Z0000000000155,entry,kWh/h,,,0,2022-03-20T02:03:09+01:00,,Confirmed,,,,,True,,,True,PRISMA,,https://platform.prisma-capacity.eu/,,Cross-Border Transmission IP within EU,0,False
1Physical Flowhour2022-02-12 01:00:00 +00:002022-02-12 02:00:00 +00:00BE-TSO-0001ITP-00112entrykWh/h,1,Physical Flow,hour,2022-02-12T02:00:00+01:00,2022-02-12T03:00:00+01:00,BE-TSO-0001,21X-BE-A-A0A0A-Y,Fluxys Belgium,ITP-00112,Eynatten 1 (BE) // Lichtenbusch / Raeren (DE),21Z0000000000155,entry,kWh/h,,,0,2022-03-20T02:03:09+01:00,,Confirmed,,,,,True,,,True,PRISMA,,https://platform.prisma-capacity.eu/,,Cross-Border Transmission IP within EU,0,False
1Physical Flowhour2022-02-12 02:00:00 +00:002022-02-12 03:00:00 +00:00BE-TSO-0001ITP-00112entrykWh/h,1,Physical Flow,hour,2022-02-12T03:00:00+01:00,2022-02-12T04:00:00+01:00,BE-TSO-0001,21X-BE-A-A0A0A-Y,Fluxys Belgium,ITP-00112,Eynatten 1 (BE) // Lichtenbusch / Raeren (DE),21Z0000000000155,entry,kWh/h,,,0,2022-03-20T02:03:09+01:00,,Confirmed,,,,,True,,,True,PRISMA,,https://platform.prisma-capacity.eu/,,Cross-Border Transmission IP within EU,0,False
1Physical Flowhour2022-02-12 03:00:00 +00:002022-02-12 04:00:00 +00:00BE-TSO-0001ITP-00112entrykWh/h,1,Physical Flow,hour,2022-02-12T04:00:00+01:00,2022-02-12T05:00:00+01:00,BE-TSO-0001,21X-BE-A-A0A0A-Y,Fluxys Belgium,ITP-00112,Eynatten 1 (BE) // Lichtenbusch / Raeren (DE),21Z0000000000155,entry,kWh/h,,,0,2022-03-20T02:03:09+01:00,,Confirmed,,,,,True,,,True,PRISMA,,https://platform.prisma-capacity.eu/,,Cross-Border Transmission IP within EU,0,False
1Physical Flowhour2022-02-12 04:00:00 +00:002022-02-12 05:00:00 +00:00BE-TSO-0001ITP-00112entrykWh/h,1,Physical Flow,hour,2022-02-12T05:00:00+01:00,2022-02-12T06:00:00+01:00,BE-TSO-0001,21X-BE-A-A0A0A-Y,Fluxys Belgium,ITP-00112,Eynatten 1 (BE) // Lichtenbusch / Raeren (DE),21Z0000000000155,entry,kWh/h,,,0,2022-03-20T02:03:09+01:00,,Confirmed,,,,,True,,,True,PRISMA,,https://platform.prisma-capacity.eu/,,Cross-Border Transmission IP within EU,0,False
1Physical Flowhour2022-02-12 05:00:00 +00:002022-02-12 06:00:00 +00:00BE-TSO-0001ITP-00112entrykWh/h,1,Physical Flow,hour,2022-02-12T06:00:00+01:00,2022-02-12T07:00:00+01:00,BE-TSO-0001,21X-BE-A-A0A0A-Y,Fluxys Belgium,ITP-00112,Eynatten 1 (BE) // Lichtenbusch / Raeren (DE),21Z0000000000155,entry,kWh/h,,,0,2022-03-20T02:03:09+01:00,,Confirmed,,,,,True,,,True,PRISMA,,https://platform.prisma-capacity.eu/,,Cross-Border Transmission IP within EU,0,False
1Physical Flowhour2022-02-12 06:00:00 +00:002022-02-12 07:00:00 +00:00BE-TSO-0001ITP-00112entrykWh/h,1,Physical Flow,hour,2022-02-12T07:00:00+01:00,2022-02-12T08:00:00+01:00,BE-TSO-0001,21X-BE-A-A0A0A-Y,Fluxys Belgium,ITP-00112,Eynatten 1 (BE) // Lichtenbusch / Raeren (DE),21Z0000000000155,entry,kWh/h,,,0,2022-03-20T02:03:09+01:00,,Confirmed,,,,,True,,,True,PRISMA,,https://platform.prisma-capacity.eu/,,Cross-Border Transmission IP within EU,0,False
1Physical Flowhour2022-02-12 07:00:00 +00:002022-02-12 08:00:00 +00:00BE-TSO-0001ITP-00112entrykWh/h,1,Physical Flow,hour,2022-02-12T08:00:00+01:00,2022-02-12T09:00:00+01:00,BE-TSO-0001,21X-BE-A-A0A0A-Y,Fluxys Belgium,ITP-00112,Eynatten 1 (BE) // Lichtenbusch / Raeren (DE),21Z0000000000155,entry,kWh/h,,,0,2022-03-20T02:03:09+01:00,,Confirmed,,,,,True,,,True,PRISMA,,https://platform.prisma-capacity.eu/,,Cross-Border Transmission IP within EU,0,False
1Physical Flowhour2022-02-12 08:00:00 +00:002022-02-12 09:00:00 +00:00BE-TSO-0001ITP-00112entrykWh/h,1,Physical Flow,hour,2022-02-12T09:00:00+01:00,2022-02-12T10:00:00+01:00,BE-TSO-0001,21X-BE-A-A0A0A-Y,Fluxys Belgium,ITP-00112,Eynatten 1 (BE) // Lichtenbusch / Raeren (DE),21Z0000000000155,entry,kWh/h,,,0,2022-03-20T02:03:09+01:00,,Confirmed,,,,,True,,,True,PRISMA,,https://platform.prisma-capacity.eu/,,Cross-Border Transmission IP within EU,0,False
1Physical Flowhour2022-02-12 09:00:00 +00:002022-02-12 10:00:00 +00:00BE-TSO-0001ITP-00112entrykWh/h,1,Physical Flow,hour,2022-02-12T10:00:00+01:00,2022-02-12T11:00:00+01:00,BE-TSO-0001,21X-BE-A-A0A0A-Y,Fluxys Belgium,ITP-00112,Eynatten 1 (BE) // Lichtenbusch / Raeren (DE),21Z0000000000155,entry,kWh/h,,,0,2022-03-20T02:03:09+01:00,,Confirmed,,,,,True,,,True,PRISMA,,https://platform.prisma-capacity.eu/,,Cross-Border Transmission IP within EU,0,False
1Physical Flowhour2022-02-12 10:00:00 +00:002022-02-12 11:00:00 +00:00BE-TSO-0001ITP-00112entrykWh/h,1,Physical Flow,hour,2022-02-12T11:00:00+01:00,2022-02-12T12:00:00+01:00,BE-TSO-0001,21X-BE-A-A0A0A-Y,Fluxys Belgium,ITP-00112,Eynatten 1 (BE) // Lichtenbusch / Raeren (DE),21Z0000000000155,entry,kWh/h,,,0,2022-03-20T02:03:09+01:00,,Confirmed,,,,,True,,,True,PRISMA,,https://platform.prisma-capacity.eu/,,Cross-Border Transmission IP within EU,0,False
1Physical Flowhour2022-02-12 11:00:00 +00:002022-02-12 12:00:00 +00:00BE-TSO-0001ITP-00112entrykWh/h,1,Physical Flow,hour,2022-02-12T12:00:00+01:00,2022-02-12T13:00:00+01:00,BE-TSO-0001,21X-BE-A-A0A0A-Y,Fluxys Belgium,ITP-00112,Eynatten 1 (BE) // Lichtenbusch / Raeren (DE),21Z0000000000155,entry,kWh/h,,,0,2022-03-20T02:03:09+01:00,,Confirmed,,,,,True,,,True,PRISMA,,https://platform.prisma-capacity.eu/,,Cross-Border Transmission IP within EU,0,False
1Physical Flowhour2022-02-12 12:00:00 +00:002022-02-12 13:00:00 +00:00BE-TSO-0001ITP-00112entrykWh/h,1,Physical Flow,hour,2022-02-12T13:00:00+01:00,2022-02-12T14:00:00+01:00,BE-TSO-0001,21X-BE-A-A0A0A-Y,Fluxys Belgium,ITP-00112,Eynatten 1 (BE) // Lichtenbusch / Raeren (DE),21Z0000000000155,entry,kWh/h,,,0,2022-03-20T02:03:09+01:00,,Confirmed,,,,,True,,,True,PRISMA,,https://platform.prisma-capacity.eu/,,Cross-Border Transmission IP within EU,0,False
1Physical Flowhour2022-02-12 13:00:00 +00:002022-02-12 14:00:00 +00:00BE-TSO-0001ITP-00112entrykWh/h,1,Physical Flow,hour,2022-02-12T14:00:00+01:00,2022-02-12T15:00:00+01:00,BE-TSO-0001,21X-BE-A-A0A0A-Y,Fluxys Belgium,ITP-00112,Eynatten 1 (BE) // Lichtenbusch / Raeren (DE),21Z0000000000155,entry,kWh/h,,,0,2022-03-20T02:03:09+01:00,,Confirmed,,,,,True,,,True,PRISMA,,https://platform.prisma-capacity.eu/,,Cross-Border Transmission IP within EU,0,False
1Physical Flowhour2022-02-12 14:00:00 +00:002022-02-12 15:00:00 +00:00BE-TSO-0001ITP-00112entrykWh/h,1,Physical Flow,hour,2022-02-12T15:00:00+01:00,2022-02-12T16:00:00+01:00,BE-TSO-0001,21X-BE-A-A0A0A-Y,Fluxys Belgium,ITP-00112,Eynatten 1 (BE) // Lichtenbusch / Raeren (DE),21Z0000000000155,entry,kWh/h,,,0,2022-03-20T02:03:09+01:00,,Confirmed,,,,,True,,,True,PRISMA,,https://platform.prisma-capacity.eu/,,Cross-Border Transmission IP within EU,0,False
1Physical Flowhour2022-02-12 15:00:00 +00:002022-02-12 16:00:00 +00:00BE-TSO-0001ITP-00112entrykWh/h,1,Physical Flow,hour,2022-02-12T16:00:00+01:00,2022-02-12T17:00:00+01:00,BE-TSO-0001,21X-BE-A-A0A0A-Y,Fluxys Belgium,ITP-00112,Eynatten 1 (BE) // Lichtenbusch / Raeren (DE),21Z0000000000155,entry,kWh/h,,,0,2022-03-20T02:03:09+01:00,,Confirmed,,,,,True,,,True,PRISMA,,https://platform.prisma-capacity.eu/,,Cross-Border Transmission IP within EU,0,False
1Physical Flowhour2022-02-12 16:00:00 +00:002022-02-12 17:00:00 +00:00BE-TSO-0001ITP-00112entrykWh/h,1,Physical Flow,hour,2022-02-12T17:00:00+01:00,2022-02-12T18:00:00+01:00,BE-TSO-0001,21X-BE-A-A0A0A-Y,Fluxys Belgium,ITP-00112,Eynatten 1 (BE) // Lichtenbusch / Raeren (DE),21Z0000000000155,entry,kWh/h,,,0,2022-03-20T02:03:09+01:00,,Confirmed,,,,,True,,,True,PRISMA,,https://platform.prisma-capacity.eu/,,Cross-Border Transmission IP within EU,0,False
1Physical Flowhour2022-02-12 17:00:00 +00:002022-02-12 18:00:00 +00:00BE-TSO-0001ITP-00112entrykWh/h,1,Physical Flow,hour,2022-02-12T18:00:00+01:00,2022-02-12T19:00:00+01:00,BE-TSO-0001,21X-BE-A-A0A0A-Y,Fluxys Belgium,ITP-00112,Eynatten 1 (BE) // Lichtenbusch / Raeren (DE),21Z0000000000155,entry,kWh/h,,,0,2022-03-20T02:03:09+01:00,,Confirmed,,,,,True,,,True,PRISMA,,https://platform.prisma-capacity.eu/,,Cross-Border Transmission IP within EU,0,False
1Physical Flowhour2022-02-12 18:00:00 +00:002022-02-12 19:00:00 +00:00BE-TSO-0001ITP-00112entrykWh/h,1,Physical Flow,hour,2022-02-12T19:00:00+01:00,2022-02-12T20:00:00+01:00,BE-TSO-0001,21X-BE-A-A0A0A-Y,Fluxys Belgium,ITP-00112,Eynatten 1 (BE) // Lichtenbusch / Raeren (DE),21Z0000000000155,entry,kWh/h,,,0,2022-03-20T02:03:09+01:00,,Confirmed,,,,,True,,,True,PRISMA,,https://platform.prisma-capacity.eu/,,Cross-Border Transmission IP within EU,0,False
1Physical Flowhour2022-02-12 19:00:00 +00:002022-02-12 20:00:00 +00:00BE-TSO-0001ITP-00112entrykWh/h,1,Physical Flow,hour,2022-02-12T20:00:00+01:00,2022-02-12T21:00:00+01:00,BE-TSO-0001,21X-BE-A-A0A0A-Y,Fluxys Belgium,ITP-00112,Eynatten 1 (BE) // Lichtenbusch / Raeren (DE),21Z0000000000155,entry,kWh/h,,,0,2022-03-20T02:03:09+01:00,,Confirmed,,,,,True,,,True,PRISMA,,https://platform.prisma-capacity.eu/,,Cross-Border Transmission IP within EU,0,False
1Physical Flowhour2022-02-12 20:00:00 +00:002022-02-12 21:00:00 +00:00BE-TSO-0001ITP-00112entrykWh/h,1,Physical Flow,hour,2022-02-12T21:00:00+01:00,2022-02-12T22:00:00+01:00,BE-TSO-0001,21X-BE-A-A0A0A-Y,Fluxys Belgium,ITP-00112,Eynatten 1 (BE) // Lichtenbusch / Raeren (DE),21Z0000000000155,entry,kWh/h,,,0,2022-03-20T02:03:09+01:00,,Confirmed,,,,,True,,,True,PRISMA,,https://platform.prisma-capacity.eu/,,Cross-Border Transmission IP within EU,0,False
1Physical Flowhour2022-02-12 21:00:00 +00:002022-02-12 22:00:00 +00:00BE-TSO-0001ITP-00112entrykWh/h,1,Physical Flow,hour,2022-02-12T22:00:00+01:00,2022-02-12T23:00:00+01:00,BE-TSO-0001,21X-BE-A-A0A0A-Y,Fluxys Belgium,ITP-00112,Eynatten 1 (BE) // Lichtenbusch / Raeren (DE),21Z0000000000155,entry,kWh/h,,,0,2022-03-20T02:03:09+01:00,,Confirmed,,,,,True,,,True,PRISMA,,https://platform.prisma-capacity.eu/,,Cross-Border Transmission IP within EU,0,False
1Physical Flowhour2022-02-12 22:00:00 +00:002022-02-12 23:00:00 +00:00BE-TSO-0001ITP-00112entrykWh/h,1,Physical Flow,hour,2022-02-12T23:00:00+01:00,2022-02-13T00:00:00+01:00,BE-TSO-0001,21X-BE-A-A0A0A-Y,Fluxys Belgium,ITP-00112,Eynatten 1 (BE) // Lichtenbusch / Raeren (DE),21Z0000000000155,entry,kWh/h,,,0,2022-03-20T02:03:09+01:00,,Confirmed,,,,,True,,,True,PRISMA,,https://platform.prisma-capacity.eu/,,Cross-Border Transmission IP within EU,0,False
1Physical Flowhour2022-02-12 23:00:00 +00:002022-02-13 00:00:00 +00:00BE-TSO-0001ITP-00112entrykWh/h,1,Physical Flow,hour,2022-02-13T00:00:00+01:00,2022-02-13T01:00:00+01:00,BE-TSO-0001,21X-BE-A-A0A0A-Y,Fluxys Belgium,ITP-00112,Eynatten 1 (BE) // Lichtenbusch / Raeren (DE),21Z0000000000155,entry,kWh/h,,,0,2022-03-20T02:03:09+01:00,,Confirmed,,,,,True,,,True,PRISMA,,https://platform.prisma-capacity.eu/,,Cross-Border Transmission IP within EU,0,False
1Physical Flowhour2022-02-13 00:00:00 +00:002022-02-13 01:00:00 +00:00BE-TSO-0001ITP-00112entrykWh/h,1,Physical Flow,hour,2022-02-13T01:00:00+01:00,2022-02-13T02:00:00+01:00,BE-TSO-0001,21X-BE-A-A0A0A-Y,Fluxys Belgium,ITP-00112,Eynatten 1 (BE) // Lichtenbusch / Raeren (DE),21Z0000000000155,entry,kWh/h,,,0,2022-03-20T02:03:09+01:00,,Confirmed,,,,,True,,,True,PRISMA,,https://platform.prisma-capacity.eu/,,Cross-Border Transmission IP within EU,0,False
1Physical Flowhour2022-02-13 01:00:00 +00:002022-02-13 02:00:00 +00:00BE-TSO-0001ITP-00112entrykWh/h,1,Physical Flow,hour,2022-02-13T02:00:00+01:00,2022-02-13T03:00:00+01:00,BE-TSO-0001,21X-BE-A-A0A0A-Y,Fluxys Belgium,ITP-00112,Eynatten 1 (BE) // Lichtenbusch / Raeren (DE),21Z0000000000155,entry,kWh/h,,,0,2022-03-20T02:03:09+01:00,,Confirmed,,,,,True,,,True,PRISMA,,https://platform.prisma-capacity.eu/,,Cross-Border Transmission IP within EU,0,False
1Physical Flowhour2022-02-13 02:00:00 +00:002022-02-13 03:00:00 +00:00BE-TSO-0001ITP-00112entrykWh/h,1,Physical Flow,hour,2022-02-13T03:00:00+01:00,2022-02-13T04:00:00+01:00,BE-TSO-0001,21X-BE-A-A0A0A-Y,Fluxys Belgium,ITP-00112,Eynatten 1 (BE) // Lichtenbusch / Raeren (DE),21Z0000000000155,entry,kWh/h,,,0,2022-03-20T02:03:09+01:00,,Confirmed,,,,,True,,,True,PRISMA,,https://platform.prisma-capacity.eu/,,Cross-Border Transmission IP within EU,0,False
1Physical Flowhour2022-02-13 03:00:00 +00:002022-02-13 04:00:00 +00:00BE-TSO-0001ITP-00112entrykWh/h,1,Physical Flow,hour,2022-02-13T04:00:00+01:00,2022-02-13T05:00:00+01:00,BE-TSO-0001,21X-BE-A-A0A0A-Y,Fluxys Belgium,ITP-00112,Eynatten 1 (BE) // Lichtenbusch / Raeren (DE),21Z0000000000155,entry,kWh/h,,,0,2022-03-20T02:03:09+01:00,,Confirmed,,,,,True,,,True,PRISMA,,https://platform.prisma-capacity.eu/,,Cross-Border Transmission IP within EU,0,False
1Physical Flowhour2022-02-13 04:00:00 +00:002022-02-13 05:00:00 +00:00BE-TSO-0001ITP-00112entrykWh/h,1,Physical Flow,hour,2022-02-13T05:00:00+01:00,2022-02-13T06:00:00+01:00,BE-TSO-0001,21X-BE-A-A0A0A-Y,Fluxys Belgium,ITP-00112,Eynatten 1 (BE) // Lichtenbusch / Raeren (DE),21Z0000000000155,entry,kWh/h,,,0,2022-03-20T02:03:09+01:00,,Confirmed,,,,,True,,,True,PRISMA,,https://platform.prisma-capacity.eu/,,Cross-Border Transmission IP within EU,0,False
1Physical Flowhour2022-02-13 05:00:00 +00:002022-02-13 06:00:00 +00:00BE-TSO-0001ITP-00112entrykWh/h,1,Physical Flow,hour,2022-02-13T06:00:00+01:00,2022-02-13T07:00:00+01:00,BE-TSO-0001,21X-BE-A-A0A0A-Y,Fluxys Belgium,ITP-00112,Eynatten 1 (BE) // Lichtenbusch / Raeren (DE),21Z0000000000155,entry,kWh/h,,,0,2022-03-20T02:03:09+01:00,,Confirmed,,,,,True,,,True,PRISMA,,https://platform.prisma-capacity.eu/,,Cross-Border Transmission IP within EU,0,False
1Physical Flowhour2022-02-13 06:00:00 +00:002022-02-13 07:00:00 +00:00BE-TSO-0001ITP-00112entrykWh/h,1,Physical Flow,hour,2022-02-13T07:00:00+01:00,2022-02-13T08:00:00+01:00,BE-TSO-0001,21X-BE-A-A0A0A-Y,Fluxys Belgium,ITP-00112,Eynatten 1 (BE) // Lichtenbusch / Raeren (DE),21Z0000000000155,entry,kWh/h,,,0,2022-03-20T02:03:09+01:00,,Confirmed,,,,,True,,,True,PRISMA,,https://platform.prisma-capacity.eu/,,Cross-Border Transmission IP within EU,0,False
1Physical Flowhour2022-02-13 07:00:00 +00:002022-02-13 08:00:00 +00:00BE-TSO-0001ITP-00112entrykWh/h,1,Physical Flow,hour,2022-02-13T08:00:00+01:00,2022-02-13T09:00:00+01:00,BE-TSO-0001,21X-BE-A-A0A0A-Y,Fluxys Belgium,ITP-00112,Eynatten 1 (BE) // Lichtenbusch / Raeren (DE),21Z0000000000155,entry,kWh/h,,,0,2022-03-20T02:03:09+01:00,,Confirmed,,,,,True,,,True,PRISMA,,https://platform.prisma-capacity.eu/,,Cross-Border Transmission IP within EU,0,False
1Physical Flowhour2022-02-13 08:00:00 +00:002022-02-13 09:00:00 +00:00BE-TSO-0001ITP-00112entrykWh/h,1,Physical Flow,hour,2022-02-13T09:00:00+01:00,2022-02-13T10:00:00+01:00,BE-TSO-0001,21X-BE-A-A0A0A-Y,Fluxys Belgium,ITP-00112,Eynatten 1 (BE) // Lichtenbusch / Raeren (DE),21Z0000000000155,entry,kWh/h,,,0,2022-03-20T02:03:09+01:00,,Confirmed,,,,,True,,,True,PRISMA,,https://platform.prisma-capacity.eu/,,Cross-Border Transmission IP within EU,0,False
1Physical Flowhour2022-02-13 09:00:00 +00:002022-02-13 10:00:00 +00:00BE-TSO-0001ITP-00112entrykWh/h,1,Physical Flow,hour,2022-02-13T10:00:00+01:00,2022-02-13T11:00:00+01:00,BE-TSO-0001,21X-BE-A-A0A0A-Y,Fluxys Belgium,ITP-00112,Eynatten 1 (BE) // Lichtenbusch / Raeren (DE),21Z0000000000155,entry,kWh/h,,,0,2022-03-20T02:03:09+01:00,,Confirmed,,,,,True,,,True,PRISMA,,https://platform.prisma-capacity.eu/,,Cross-Border Transmission IP within EU,0,False
1Physical Flowhour2022-02-13 10:00:00 +00:002022-02-13 11:00:00 +00:00BE-TSO-0001ITP-00112entrykWh/h,1,Physical Flow,hour,2022-02-13T11:00:00+01:00,2022-02-13T12:00:00+01:00,BE-TSO-0001,21X-BE-A-A0A0A-Y,Fluxys Belgium,ITP-00112,Eynatten 1 (BE) // Lichtenbusch / Raeren (DE),21Z0000000000155,entry,kWh/h,,,0,2022-03-20T02:03:09+01:00,,Confirmed,,,,,True,,,True,PRISMA,,https://platform.prisma-capacity.eu/,,Cross-Border Transmission IP within EU,0,False
1Physical Flowhour2022-02-13 11:00:00 +00:002022-02-13 12:00:00 +00:00BE-TSO-0001ITP-00112entrykWh/h,1,Physical Flow,hour,2022-02-13T12:00:00+01:00,2022-02-13T13:00:00+01:00,BE-TSO-0001,21X-BE-A-A0A0A-Y,Fluxys Belgium,ITP-00112,Eynatten 1 (BE) // Lichtenbusch / Raeren (DE),21Z0000000000155,entry,kWh/h,,,0,2022-03-20T02:03:09+01:00,,Confirmed,,,,,True,,,True,PRISMA,,https://platform.prisma-capacity.eu/,,Cross-Border Transmission IP within EU,0,False
1Physical Flowhour2022-02-13 12:00:00 +00:002022-02-13 13:00:00 +00:00BE-TSO-0001ITP-00112entrykWh/h,1,Physical Flow,hour,2022-02-13T13:00:00+01:00,2022-02-13T14:00:00+01:00,BE-TSO-0001,21X-BE-A-A0A0A-Y,Fluxys Belgium,ITP-00112,Eynatten 1 (BE) // Lichtenbusch / Raeren (DE),21Z0000000000155,entry,kWh/h,,,0,2022-03-20T02:03:09+01:00,,Confirmed,,,,,True,,,True,PRISMA,,https://platform.prisma-capacity.eu/,,Cross-Border Transmission IP within EU,0,False
1Physical Flowhour2022-02-13 13:00:00 +00:002022-02-13 14:00:00 +00:00BE-TSO-0001ITP-00112entrykWh/h,1,Physical Flow,hour,2022-02-13T14:00:00+01:00,2022-02-13T15:00:00+01:00,BE-TSO-0001,21X-BE-A-A0A0A-Y,Fluxys Belgium,ITP-00112,Eynatten 1 (BE) // Lichtenbusch / Raeren (DE),21Z0000000000155,entry,kWh/h,,,0,2022-03-20T02:03:09+01:00,,Confirmed,,,,,True,,,True,PRISMA,,https://platform.prisma-capacity.eu/,,Cross-Border Transmission IP within EU,0,False
1Physical Flowhour2022-02-13 14:00:00 +00:002022-02-13 15:00:00 +00:00BE-TSO-0001ITP-00112entrykWh/h,1,Physical Flow,hour,2022-02-13T15:00:00+01:00,2022-02-13T16:00:00+01:00,BE-TSO-0001,21X-BE-A-A0A0A-Y,Fluxys Belgium,ITP-00112,Eynatten 1 (BE) // Lichtenbusch / Raeren (DE),21Z0000000000155,entry,kWh/h,,,0,2022-03-20T02:03:09+01:00,,Confirmed,,,,,True,,,True,PRISMA,,https://platform.prisma-capacity.eu/,,Cross-Border Transmission IP within EU,0,False
1Physical Flowhour2022-02-13 15:00:00 +00:002022-02-13 16:00:00 +00:00BE-TSO-0001ITP-00112entrykWh/h,1,Physical Flow,hour,2022-02-13T16:00:00+01:00,2022-02-13T17:00:00+01:00,BE-TSO-0001,21X-BE-A-A0A0A-Y,Fluxys Belgium,ITP-00112,Eynatten 1 (BE) // Lichtenbusch / Raeren (DE),21Z0000000000155,entry,kWh/h,,,0,2022-03-20T02:03:09+01:00,,Confirmed,,,,,True,,,True,PRISMA,,https://platform.prisma-capacity.eu/,,Cross-Border Transmission IP within EU,0,False
1Physical Flowhour2022-02-13 16:00:00 +00:002022-02-13 17:00:00 +00:00BE-TSO-0001ITP-00112entrykWh/h,1,Physical Flow,hour,2022-02-13T17:00:00+01:00,2022-02-13T18:00:00+01:00,BE-TSO-0001,21X-BE-A-A0A0A-Y,Fluxys Belgium,ITP-00112,Eynatten 1 (BE) // Lichtenbusch / Raeren (DE),21Z0000000000155,entry,kWh/h,,,0,2022-03-20T02:03:09+01:00,,Confirmed,,,,,True,,,True,PRISMA,,https://platform.prisma-capacity.eu/,,Cross-Border Transmission IP within EU,0,False
1Physical Flowhour2022-02-13 17:00:00 +00:002022-02-13 18:00:00 +00:00BE-TSO-0001ITP-00112entrykWh/h,1,Physical Flow,hour,2022-02-13T18:00:00+01:00,2022-02-13T19:00:00+01:00,BE-TSO-0001,21X-BE-A-A0A0A-Y,Fluxys Belgium,ITP-00112,Eynatten 1 (BE) // Lichtenbusch / Raeren (DE),21Z0000000000155,entry,kWh/h,,,0,2022-03-20T02:03:09+01:00,,Confirmed,,,,,True,,,True,PRISMA,,https://platform.prisma-capacity.eu/,,Cross-Border Transmission IP within EU,0,False
1Physical Flowhour2022-02-13 18:00:00 +00:002022-02-13 19:00:00 +00:00BE-TSO-0001ITP-00112entrykWh/h,1,Physical Flow,hour,2022-02-13T19:00:00+01:00,2022-02-13T20:00:00+01:00,BE-TSO-0001,21X-BE-A-A0A0A-Y,Fluxys Belgium,ITP-00112,Eynatten 1 (BE) // Lichtenbusch / Raeren (DE),21Z0000000000155,entry,kWh/h,,,0,2022-03-20T02:03:09+01:00,,Confirmed,,,,,True,,,True,PRISMA,,https://platform.prisma-capacity.eu/,,Cross-Border Transmission IP within EU,0,False
1Physical Flowhour2022-02-13 19:00:00 +00:002022-02-13 20:00:00 +00:00BE-TSO-0001ITP-00112entrykWh/h,1,Physical Flow,hour,2022-02-13T20:00:00+01:00,2022-02-13T21:00:00+01:00,BE-TSO-0001,21X-BE-A-A0A0A-Y,Fluxys Belgium,ITP-00112,Eynatten 1 (BE) // Lichtenbusch / Raeren (DE),21Z0000000000155,entry,kWh/h,,,0,2022-03-20T02:03:09+01:00,,Confirmed,,,,,True,,,True,PRISMA,,https://platform.prisma-capacity.eu/,,Cross-Border Transmission IP within EU,0,False
1Physical Flowhour2022-02-13 20:00:00 +00:002022-02-13 21:00:00 +00:00BE-TSO-0001ITP-00112entrykWh/h,1,Physical Flow,hour,2022-02-13T21:00:00+01:00,2022-02-13T22:00:00+01:00,BE-TSO-0001,21X-BE-A-A0A0A-Y,Fluxys Belgium,ITP-00112,Eynatten 1 (BE) // Lichtenbusch / Raeren (DE),21Z0000000000155,entry,kWh/h,,,0,2022-03-20T02:03:09+01:00,,Confirmed,,,,,True,,,True,PRISMA,,https://platform.prisma-capacity.eu/,,Cross-Border Transmission IP within EU,0,False
1Physical Flowhour2022-02-13 21:00:00 +00:002022-02-13 22:00:00 +00:00BE-TSO-0001ITP-00112entrykWh/h,1,Physical Flow,hour,2022-02-13T22:00:00+01:00,2022-02-13T23:00:00+01:00,BE-TSO-0001,21X-BE-A-A0A0A-Y,Fluxys Belgium,ITP-00112,Eynatten 1 (BE) // Lichtenbusch / Raeren (DE),21Z0000000000155,entry,kWh/h,,,0,2022-03-20T02:03:09+01:00,,Confirmed,,,,,True,,,True,PRISMA,,https://platform.prisma-capacity.eu/,,Cross-Border Transmission IP within EU,0,False
1Physical Flowhour2022-02-13 22:00:00 +00:002022-02-13 23:00:00 +00:00BE-TSO-0001ITP-00112entrykWh/h,1,Physical Flow,hour,2022-02-13T23:00:00+01:00,2022-02-14T00:00:00+01:00,BE-TSO-0001,21X-BE-A-A0A0A-Y,Fluxys Belgium,ITP-00112,Eynatten 1 (BE) // Lichtenbusch / Raeren (DE),21Z0000000000155,entry,kWh/h,,,0,2022-03-20T02:03:09+01:00,,Confirmed,,,,,True,,,True,PRISMA,,https://platform.prisma-capacity.eu/,,Cross-Border Transmission IP within EU,0,False
1Physical Flowhour2022-02-13 23:00:00 +00:002022-02-14 00:00:00 +00:00BE-TSO-0001ITP-00112entrykWh/h,1,Physical Flow,hour,2022-02-14T00:00:00+01:00,2022-02-14T01:00:00+01:00,BE-TSO-0001,21X-BE-A-A0A0A-Y,Fluxys Belgium,ITP-00112,Eynatten 1 (BE) // Lichtenbusch / Raeren (DE),21Z0000000000155,entry,kWh/h,,,0,2022-03-20T02:03:09+01:00,,Confirmed,,,,,True,,,True,PRISMA,,https://platform.prisma-capacity.eu/,,Cross-Border Transmission IP within EU,0,False
1Physical Flowhour2022-02-14 00:00:00 +00:002022-02-14 01:00:00 +00:00BE-TSO-0001ITP-00112entrykWh/h,1,Physical Flow,hour,2022-02-14T01:00:00+01:00,2022-02-14T02:00:00+01:00,BE-TSO-0001,21X-BE-A-A0A0A-Y,Fluxys Belgium,ITP-00112,Eynatten 1 (BE) // Lichtenbusch / Raeren (DE),21Z0000000000155,entry,kWh/h,,,0,2022-03-20T02:03:09+01:00,,Confirmed,,,,,True,,,True,PRISMA,,https://platform.prisma-capacity.eu/,,Cross-Border Transmission IP within EU,0,False
1Physical Flowhour2022-02-14 01:00:00 +00:002022-02-14 02:00:00 +00:00BE-TSO-0001ITP-00112entrykWh/h,1,Physical Flow,hour,2022-02-14T02:00:00+01:00,2022-02-14T03:00:00+01:00,BE-TSO-0001,21X-BE-A-A0A0A-Y,Fluxys Belgium,ITP-00112,Eynatten 1 (BE) // Lichtenbusch / Raeren (DE),21Z0000000000155,entry,kWh/h,,,0,2022-03-20T02:03:09+01:00,,Confirmed,,,,,True,,,True,PRISMA,,https://platform.prisma-capacity.eu/,,Cross-Border Transmission IP within EU,0,False
1Physical Flowhour2022-02-14 02:00:00 +00:002022-02-14 03:00:00 +00:00BE-TSO-0001ITP-00112entrykWh/h,1,Physical Flow,hour,2022-02-14T03:00:00+01:00,2022-02-14T04:00:00+01:00,BE-TSO-0001,21X-BE-A-A0A0A-Y,Fluxys Belgium,ITP-00112,Eynatten 1 (BE) // Lichtenbusch / Raeren (DE),21Z0000000000155,entry,kWh/h,,,0,2022-03-20T02:03:09+01:00,,Confirmed,,,,,True,,,True,PRISMA,,https://platform.prisma-capacity.eu/,,Cross-Border Transmission IP within EU,0,False
1Physical Flowhour2022-02-14 03:00:00 +00:002022-02-14 04:00:00 +00:00BE-TSO-0001ITP-00112entrykWh/h,1,Physical Flow,hour,2022-02-14T04:00:00+01:00,2022-02-14T05:00:00+01:00,BE-TSO-0001,21X-BE-A-A0A0A-Y,Fluxys Belgium,ITP-00112,Eynatten 1 (BE) // Lichtenbusch / Raeren (DE),21Z0000000000155,entry,kWh/h,,,0,2022-03-20T02:03:09+01:00,,Confirmed,,,,,True,,,True,PRISMA,,https://platform.prisma-capacity.eu/,,Cross-Border Transmission IP within EU,0,False
1Physical Flowhour2022-02-14 04:00:00 +00:002022-02-14 05:00:00 +00:00BE-TSO-0001ITP-00112entrykWh/h,1,Physical Flow,hour,2022-02-14T05:00:00+01:00,2022-02-14T06:00:00+01:00,BE-TSO-0001,21X-BE-A-A0A0A-Y,Fluxys Belgium,ITP-00112,Eynatten 1 (BE) // Lichtenbusch / Raeren (DE),21Z0000000000155,entry,kWh/h,,,0,2022-03-20T02:03:09+01:00,,Confirmed,,,,,True,,,True,PRISMA,,https://platform.prisma-capacity.eu/,,Cross-Border Transmission IP within EU,0,False
1Physical Flowhour2022-02-14 05:00:00 +00:002022-02-14 06:00:00 +00:00BE-TSO-0001ITP-00112entrykWh/h,1,Physical Flow,hour,2022-02-14T06:00:00+01:00,2022-02-14T07:00:00+01:00,BE-TSO-0001,21X-BE-A-A0A0A-Y,Fluxys Belgium,ITP-00112,Eynatten 1 (BE) // Lichtenbusch / Raeren (DE),21Z0000000000155,entry,kWh/h,,,0,2022-03-20T02:03:09+01:00,,Confirmed,,,,,True,,,True,PRISMA,,https://platform.prisma-capacity.eu/,,Cross-Border Transmission IP within EU,0,False
1Physical Flowhour2022-02-14 06:00:00 +00:002022-02-14 07:00:00 +00:00BE-TSO-0001ITP-00112entrykWh/h,1,Physical Flow,hour,2022-02-14T07:00:00+01:00,2022-02-14T08:00:00+01:00,BE-TSO-0001,21X-BE-A-A0A0A-Y,Fluxys Belgium,ITP-00112,Eynatten 1 (BE) // Lichtenbusch / Raeren (DE),21Z0000000000155,entry,kWh/h,,,0,2022-03-20T02:03:09+01:00,,Confirmed,,,,,True,,,True,PRISMA,,https://platform.prisma-capacity.eu/,,Cross-Border Transmission IP within EU,0,False
1Physical Flowhour2022-02-14 07:00:00 +00:002022-02-14 08:00:00 +00:00BE-TSO-0001ITP-00112entrykWh/h,1,Physical Flow,hour,2022-02-14T08:00:00+01:00,2022-02-14T09:00:00+01:00,BE-TSO-0001,21X-BE-A-A0A0A-Y,Fluxys Belgium,ITP-00112,Eynatten 1 (BE) // Lichtenbusch / Raeren (DE),21Z0000000000155,entry,kWh/h,,,0,2022-03-20T02:03:09+01:00,,Confirmed,,,,,True,,,True,PRISMA,,https://platform.prisma-capacity.eu/,,Cross-Border Transmission IP within EU,0,False
1Physical Flowhour2022-02-14 08:00:00 +00:002022-02-14 09:00:00 +00:00BE-TSO-0001ITP-00112entrykWh/h,1,Physical Flow,hour,2022-02-14T09:00:00+01:00,2022-02-14T10:00:00+01:00,BE-TSO-0001,21X-BE-A-A0A0A-Y,Fluxys Belgium,ITP-00112,Eynatten 1 (BE) // Lichtenbusch / Raeren (DE),21Z0000000000155,entry,kWh/h,,,0,2022-03-20T02:03:09+01:00,,Confirmed,,,,,True,,,True,PRISMA,,https://platform.prisma-capacity.eu/,,Cross-Border Transmission IP within EU,0,False
1Physical Flowhour2022-02-14 09:00:00 +00:002022-02-14 10:00:00 +00:00BE-TSO-0001ITP-00112entrykWh/h,1,Physical Flow,hour,2022-02-14T10:00:00+01:00,2022-02-14T11:00:00+01:00,BE-TSO-0001,21X-BE-A-A0A0A-Y,Fluxys Belgium,ITP-00112,Eynatten 1 (BE) // Lichtenbusch / Raeren (DE),21Z0000000000155,entry,kWh/h,,,0,2022-03-20T02:03:09+01:00,,Confirmed,,,,,True,,,True,PRISMA,,https://platform.prisma-capacity.eu/,,Cross-Border Transmission IP within EU,0,False
1Physical Flowhour2022-02-14 10:00:00 +00:002022-02-14 11:00:00 +00:00BE-TSO-0001ITP-00112entrykWh/h,1,Physical Flow,hour,2022-02-14T11:00:00+01:00,2022-02-14T12:00:00+01:00,BE-TSO-0001,21X-BE-A-A0A0A-Y,Fluxys Belgium,ITP-00112,Eynatten 1 (BE) // Lichtenbusch / Raeren (DE),21Z0000000000155,entry,kWh/h,,,0,2022-03-20T02:03:09+01:00,,Confirmed,,,,,True,,,True,PRISMA,,https://platform.prisma-capacity.eu/,,Cross-Border Transmission IP within EU,0,False
1Physical Flowhour2022-02-14 11:00:00 +00:002022-02-14 12:00:00 +00:00BE-TSO-0001ITP-00112entrykWh/h,1,Physical Flow,hour,2022-02-14T12:00:00+01:00,2022-02-14T13:00:00+01:00,BE-TSO-0001,21X-BE-A-A0A0A-Y,Fluxys Belgium,ITP-00112,Eynatten 1 (BE) // Lichtenbusch / Raeren (DE),21Z0000000000155,entry,kWh/h,,,0,2022-03-20T02:03:09+01:00,,Confirmed,,,,,True,,,True,PRISMA,,https://platform.prisma-capacity.eu/,,Cross-Border Transmission IP within EU,0,False
1Physical Flowhour2022-02-14 12:00:00 +00:002022-02-14 13:00:00 +00:00BE-TSO-0001ITP-00112entrykWh/h,1,Physical Flow,hour,2022-02-14T13:00:00+01:00,2022-02-14T14:00:00+01:00,BE-TSO-0001,21X-BE-A-A0A0A-Y,Fluxys Belgium,ITP-00112,Eynatten 1 (BE) // Lichtenbusch / Raeren (DE),21Z0000000000155,entry,kWh/h,,,0,2022-03-20T02:03:09+01:00,,Confirmed,,,,,True,,,True,PRISMA,,https://platform.prisma-capacity.eu/,,Cross-Border Transmission IP within EU,0,False
1Physical Flowhour2022-02-14 13:00:00 +00:002022-02-14 14:00:00 +00:00BE-TSO-0001ITP-00112entrykWh/h,1,Physical Flow,hour,2022-02-14T14:00:00+01:00,2022-02-14T15:00:00+01:00,BE-TSO-0001,21X-BE-A-A0A0A-Y,Fluxys Belgium,ITP-00112,Eynatten 1 (BE) // Lichtenbusch / Raeren (DE),21Z0000000000155,entry,kWh/h,,,0,2022-03-20T02:03:09+01:00,,Confirmed,,,,,True,,,True,PRISMA,,https://platform.prisma-capacity.eu/,,Cross-Border Transmission IP within EU,0,False
1Physical Flowhour2022-02-14 14:00:00 +00:002022-02-14 15:00:00 +00:00BE-TSO-0001ITP-00112entrykWh/h,1,Physical Flow,hour,2022-02-14T15:00:00+01:00,2022-02-14T16:00:00+01:00,BE-TSO-0001,21X-BE-A-A0A0A-Y,Fluxys Belgium,ITP-00112,Eynatten 1 (BE) // Lichtenbusch / Raeren (DE),21Z0000000000155,entry,kWh/h,,,0,2022-03-20T02:03:09+01:00,,Confirmed,,,,,True,,,True,PRISMA,,https://platform.prisma-capacity.eu/,,Cross-Border Transmission IP within EU,0,False
1Physical Flowhour2022-02-14 15:00:00 +00:002022-02-14 16:00:00 +00:00BE-TSO-0001ITP-00112entrykWh/h,1,Physical Flow,hour,2022-02-14T16:00:00+01:00,2022-02-14T17:00:00+01:00,BE-TSO-0001,21X-BE-A-A0A0A-Y,Fluxys Belgium,ITP-00112,Eynatten 1 (BE) // Lichtenbusch / Raeren (DE),21Z0000000000155,entry,kWh/h,,,0,2022-03-20T02:03:09+01:00,,Confirmed,,,,,True,,,True,PRISMA,,https://platform.prisma-capacity.eu/,,Cross-Border Transmission IP within EU,0,False
1Physical Flowhour2022-02-14 16:00:00 +00:002022-02-14 17:00:00 +00:00BE-TSO-0001ITP-00112entrykWh/h,1,Physical Flow,hour,2022-02-14T17:00:00+01:00,2022-02-14T18:00:00+01:00,BE-TSO-0001,21X-BE-A-A0A0A-Y,Fluxys Belgium,ITP-00112,Eynatten 1 (BE) // Lichtenbusch / Raeren (DE),21Z0000000000155,entry,kWh/h,,,0,2022-03-20T02:03:09+01:00,,Confirmed,,,,,True,,,True,PRISMA,,https://platform.prisma-capacity.eu/,,Cross-Border Transmission IP within EU,0,False
1Physical Flowhour2022-02-14 17:00:00 +00:002022-02-14 18:00:00 +00:00BE-TSO-0001ITP-00112entrykWh/h,1,Physical Flow,hour,2022-02-14T18:00:00+01:00,2022-02-14T19:00:00+01:00,BE-TSO-0001,21X-BE-A-A0A0A-Y,Fluxys Belgium,ITP-00112,Eynatten 1 (BE) // Lichtenbusch / Raeren (DE),21Z0000000000155,entry,kWh/h,,,0,2022-03-20T02:03:09+01:00,,Confirmed,,,,,True,,,True,PRISMA,,https://platform.prisma-capacity.eu/,,Cross-Border Transmission IP within EU,0,False
1Physical Flowhour2022-02-14 18:00:00 +00:002022-02-14 19:00:00 +00:00BE-TSO-0001ITP-00112entrykWh/h,1,Physical Flow,hour,2022-02-14T19:00:00+01:00,2022-02-14T20:00:00+01:00,BE-TSO-0001,21X-BE-A-A0A0A-Y,Fluxys Belgium,ITP-00112,Eynatten 1 (BE) // Lichtenbusch / Raeren (DE),21Z0000000000155,entry,kWh/h,,,0,2022-03-20T02:03:09+01:00,,Confirmed,,,,,True,,,True,PRISMA,,https://platform.prisma-capacity.eu/,,Cross-Border Transmission IP within EU,0,False
1Physical Flowhour2022-02-14 19:00:00 +00:002022-02-14 20:00:00 +00:00BE-TSO-0001ITP-00112entrykWh/h,1,Physical Flow,hour,2022-02-14T20:00:00+01:00,2022-02-14T21:00:00+01:00,BE-TSO-0001,21X-BE-A-A0A0A-Y,Fluxys Belgium,ITP-00112,Eynatten 1 (BE) // Lichtenbusch / Raeren (DE),21Z0000000000155,entry,kWh/h,,,0,2022-03-20T02:03:09+01:00,,Confirmed,,,,,True,,,True,PRISMA,,https://platform.prisma-capacity.eu/,,Cross-Border Transmission IP within EU,0,False
1Physical Flowhour2022-02-14 20:00:00 +00:002022-02-14 21:00:00 +00:00BE-TSO-0001ITP-00112entrykWh/h,1,Physical Flow,hour,2022-02-14T21:00:00+01:00,2022-02-14T22:00:00+01:00,BE-TSO-0001,21X-BE-A-A0A0A-Y,Fluxys Belgium,ITP-00112,Eynatten 1 (BE) // Lichtenbusch / Raeren (DE),21Z0000000000155,entry,kWh/h,,,0,2022-03-20T02:03:09+01:00,,Confirmed,,,,,True,,,True,PRISMA,,https://platform.prisma-capacity.eu/,,Cross-Border Transmission IP within EU,0,False
1Physical Flowhour2022-02-14 21:00:00 +00:002022-02-14 22:00:00 +00:00BE-TSO-0001ITP-00112entrykWh/h,1,Physical Flow,hour,2022-02-14T22:00:00+01:00,2022-02-14T23:00:00+01:00,BE-TSO-0001,21X-BE-A-A0A0A-Y,Fluxys Belgium,ITP-00112,Eynatten 1 (BE) // Lichtenbusch / Raeren (DE),21Z0000000000155,entry,kWh/h,,,0,2022-03-20T02:03:09+01:00,,Confirmed,,,,,True,,,True,PRISMA,,https://platform.prisma-capacity.eu/,,Cross-Border Transmission IP within EU,0,False
1Physical Flowhour2022-02-14 22:00:00 +00:002022-02-14 23:00:00 +00:00BE-TSO-0001ITP-00112entrykWh/h,1,Physical Flow,hour,2022-02-14T23:00:00+01:00,2022-02-15T00:00:00+01:00,BE-TSO-0001,21X-BE-A-A0A0A-Y,Fluxys Belgium,ITP-00112,Eynatten 1 (BE) // Lichtenbusch / Raeren (DE),21Z0000000000155,entry,kWh/h,,,0,2022-03-20T02:03:09+01:00,,Confirmed,,,,,True,,,True,PRISMA,,https://platform.prisma-capacity.eu/,,Cross-Border Transmission IP within EU,0,False
1Physical Flowhour2022-02-14 23:00:00 +00:002022-02-15 00:00:00 +00:00BE-TSO-0001ITP-00112entrykWh/h,1,Physical Flow,hour,2022-02-15T00:00:00+01:00,2022-02-15T01:00:00+01:00,BE-TSO-0001,21X-BE-A-A0A0A-Y,Fluxys Belgium,ITP-00112,Eynatten 1 (BE) // Lichtenbusch / Raeren (DE),21Z0000000000155,entry,kWh/h,,,0,2022-03-20T02:03:09+01:00,,Confirmed,,,,,True,,,True,PRISMA,,https://platform.prisma-capacity.eu/,,Cross-Border Transmission IP within EU,0,False
1Physical Flowhour2022-02-15 00:00:00 +00:002022-02-15 01:00:00 +00:00BE-TSO-0001ITP-00112entrykWh/h,1,Physical Flow,hour,2022-02-15T01:00:00+01:00,2022-02-15T02:00:00+01:00,BE-TSO-0001,21X-BE-A-A0A0A-Y,Fluxys Belgium,ITP-00112,Eynatten 1 (BE) // Lichtenbusch / Raeren (DE),21Z0000000000155,entry,kWh/h,,,0,2022-03-20T02:03:09+01:00,,Confirmed,,,,,True,,,True,PRISMA,,https://platform.prisma-capacity.eu/,,Cross-Border Transmission IP within EU,0,False
1Physical Flowhour2022-02-15 01:00:00 +00:002022-02-15 02:00:00 +00:00BE-TSO-0001ITP-00112entrykWh/h,1,Physical Flow,hour,2022-02-15T02:00:00+01:00,2022-02-15T03:00:00+01:00,BE-TSO-0001,21X-BE-A-A0A0A-Y,Fluxys Belgium,ITP-00112,Eynatten 1 (BE) // Lichtenbusch / Raeren (DE),21Z0000000000155,entry,kWh/h,,,0,2022-03-20T02:03:09+01:00,,Confirmed,,,,,True,,,True,PRISMA,,https://platform.prisma-capacity.eu/,,Cross-Border Transmission IP within EU,0,False
1Physical Flowhour2022-02-15 02:00:00 +00:002022-02-15 03:00:00 +00:00BE-TSO-0001ITP-00112entrykWh/h,1,Physical Flow,hour,2022-02-15T03:00:00+01:00,2022-02-15T04:00:00+01:00,BE-TSO-0001,21X-BE-A-A0A0A-Y,Fluxys Belgium,ITP-00112,Eynatten 1 (BE) // Lichtenbusch / Raeren (DE),21Z0000000000155,entry,kWh/h,,,0,2022-03-20T02:03:09+01:00,,Confirmed,,,,,True,,,True,PRISMA,,https://platform.prisma-capacity.eu/,,Cross-Border Transmission IP within EU,0,False
1Physical Flowhour2022-02-15 03:00:00 +00:002022-02-15 04:00:00 +00:00BE-TSO-0001ITP-00112entrykWh/h,1,Physical Flow,hour,2022-02-15T04:00:00+01:00,2022-02-15T05:00:00+01:00,BE-TSO-0001,21X-BE-A-A0A0A-Y,Fluxys Belgium,ITP-00112,Eynatten 1 (BE) // Lichtenbusch / Raeren (DE),21Z0000000000155,entry,kWh/h,,,0,2022-03-20T02:03:09+01:00,,Confirmed,,,,,True,,,True,PRISMA,,https://platform.prisma-capacity.eu/,,Cross-Border Transmission IP within EU,0,False
1Physical Flowhour2022-02-15 04:00:00 +00:002022-02-15 05:00:00 +00:00BE-TSO-0001ITP-00112entrykWh/h,1,Physical Flow,hour,2022-02-15T05:00:00+01:00,2022-02-15T06:00:00+01:00,BE-TSO-0001,21X-BE-A-A0A0A-Y,Fluxys Belgium,ITP-00112,Eynatten 1 (BE) // Lichtenbusch / Raeren (DE),21Z0000000000155,entry,kWh/h,,,0,2022-03-20T02:03:09+01:00,,Confirmed,,,,,True,,,True,PRISMA,,https://platform.prisma-capacity.eu/,,Cross-Border Transmission IP within EU,0,False
1Physical Flowhour2022-02-15 05:00:00 +00:002022-02-15 06:00:00 +00:00BE-TSO-0001ITP-00112entrykWh/h,1,Physical Flow,hour,2022-02-15T06:00:00+01:00,2022-02-15T07:00:00+01:00,BE-TSO-0001,21X-BE-A-A0A0A-Y,Fluxys Belgium,ITP-00112,Eynatten 1 (BE) // Lichtenbusch / Raeren (DE),21Z0000000000155,entry,kWh/h,,,0,2022-03-20T02:03:09+01:00,,Confirmed,,,,,True,,,True,PRISMA,,https://platform.prisma-capacity.eu/,,Cross-Border Transmission IP within EU,0,False
1Physical Flowhour2022-02-15 06:00:00 +00:002022-02-15 07:00:00 +00:00BE-TSO-0001ITP-00112entrykWh/h,1,Physical Flow,hour,2022-02-15T07:00:00+01:00,2022-02-15T08:00:00+01:00,BE-TSO-0001,21X-BE-A-A0A0A-Y,Fluxys Belgium,ITP-00112,Eynatten 1 (BE) // Lichtenbusch / Raeren (DE),21Z0000000000155,entry,kWh/h,,,0,2022-03-20T02:03:09+01:00,,Confirmed,,,,,True,,,True,PRISMA,,https://platform.prisma-capacity.eu/,,Cross-Border Transmission IP within EU,0,False
1Physical Flowhour2022-02-15 07:00:00 +00:002022-02-15 08:00:00 +00:00BE-TSO-0001ITP-00112entrykWh/h,1,Physical Flow,hour,2022-02-15T08:00:00+01:00,2022-02-15T09:00:00+01:00,BE-TSO-0001,21X-BE-A-A0A0A-Y,Fluxys Belgium,ITP-00112,Eynatten 1 (BE) // Lichtenbusch / Raeren (DE),21Z0000000000155,entry,kWh/h,,,0,2022-03-20T02:03:09+01:00,,Confirmed,,,,,True,,,True,PRISMA,,https://platform.prisma-capacity.eu/,,Cross-Border Transmission IP within EU,0,False
1Physical Flowhour2022-02-15 08:00:00 +00:002022-02-15 09:00:00 +00:00BE-TSO-0001ITP-00112entrykWh/h,1,Physical Flow,hour,2022-02-15T09:00:00+01:00,2022-02-15T10:00:00+01:00,BE-TSO-0001,21X-BE-A-A0A0A-Y,Fluxys Belgium,ITP-00112,Eynatten 1 (BE) // Lichtenbusch / Raeren (DE),21Z0000000000155,entry,kWh/h,,,0,2022-03-20T02:03:09+01:00,,Confirmed,,,,,True,,,True,PRISMA,,https://platform.prisma-capacity.eu/,,Cross-Border Transmission IP within EU,0,False
1Physical Flowhour2022-02-15 09:00:00 +00:002022-02-15 10:00:00 +00:00BE-TSO-0001ITP-00112entrykWh/h,1,Physical Flow,hour,2022-02-15T10:00:00+01:00,2022-02-15T11:00:00+01:00,BE-TSO-0001,21X-BE-A-A0A0A-Y,Fluxys Belgium,ITP-00112,Eynatten 1 (BE) // Lichtenbusch / Raeren (DE),21Z0000000000155,entry,kWh/h,,,0,2022-03-20T02:03:09+01:00,,Confirmed,,,,,True,,,True,PRISMA,,https://platform.prisma-capacity.eu/,,Cross-Border Transmission IP within EU,0,False
1Physical Flowhour2022-02-15 10:00:00 +00:002022-02-15 11:00:00 +00:00BE-TSO-0001ITP-00112entrykWh/h,1,Physical Flow,hour,2022-02-15T11:00:00+01:00,2022-02-15T12:00:00+01:00,BE-TSO-0001,21X-BE-A-A0A0A-Y,Fluxys Belgium,ITP-00112,Eynatten 1 (BE) // Lichtenbusch / Raeren (DE),21Z0000000000155,entry,kWh/h,,,0,2022-03-20T02:03:09+01:00,,Confirmed,,,,,True,,,True,PRISMA,,https://platform.prisma-capacity.eu/,,Cross-Border Transmission IP within EU,0,False
1Physical Flowhour2022-02-15 11:00:00 +00:002022-02-15 12:00:00 +00:00BE-TSO-0001ITP-00112entrykWh/h,1,Physical Flow,hour,2022-02-15T12:00:00+01:00,2022-02-15T13:00:00+01:00,BE-TSO-0001,21X-BE-A-A0A0A-Y,Fluxys Belgium,ITP-00112,Eynatten 1 (BE) // Lichtenbusch / Raeren (DE),21Z0000000000155,entry,kWh/h,,,0,2022-03-20T02:03:09+01:00,,Confirmed,,,,,True,,,True,PRISMA,,https://platform.prisma-capacity.eu/,,Cross-Border Transmission IP within EU,0,False
1Physical Flowhour2022-02-15 12:00:00 +00:002022-02-15 13:00:00 +00:00BE-TSO-0001ITP-00112entrykWh/h,1,Physical Flow,hour,2022-02-15T13:00:00+01:00,2022-02-15T14:00:00+01:00,BE-TSO-0001,21X-BE-A-A0A0A-Y,Fluxys Belgium,ITP-00112,Eynatten 1 (BE) // Lichtenbusch / Raeren (DE),21Z0000000000155,entry,kWh/h,,,0,2022-03-20T02:03:09+01:00,,Confirmed,,,,,True,,,True,PRISMA,,https://platform.prisma-capacity.eu/,,Cross-Border Transmission IP within EU,0,False
1Physical Flowhour2022-02-15 13:00:00 +00:002022-02-15 14:00:00 +00:00BE-TSO-0001ITP-00112entrykWh/h,1,Physical Flow,hour,2022-02-15T14:00:00+01:00,2022-02-15T15:00:00+01:00,BE-TSO-0001,21X-BE-A-A0A0A-Y,Fluxys Belgium,ITP-00112,Eynatten 1 (BE) // Lichtenbusch / Raeren (DE),21Z0000000000155,entry,kWh/h,,,0,2022-03-20T02:03:09+01:00,,Confirmed,,,,,True,,,True,PRISMA,,https://platform.prisma-capacity.eu/,,Cross-Border Transmission IP within EU,0,False
1Physical Flowhour2022-02-15 14:00:00 +00:002022-02-15 15:00:00 +00:00BE-TSO-0001ITP-00112entrykWh/h,1,Physical Flow,hour,2022-02-15T15:00:00+01:00,2022-02-15T16:00:00+01:00,BE-TSO-0001,21X-BE-A-A0A0A-Y,Fluxys Belgium,ITP-00112,Eynatten 1 (BE) // Lichtenbusch / Raeren (DE),21Z0000000000155,entry,kWh/h,,,0,2022-03-20T02:03:09+01:00,,Confirmed,,,,,True,,,True,PRISMA,,https://platform.prisma-capacity.eu/,,Cross-Border Transmission IP within EU,0,False
1Physical Flowhour2022-02-15 15:00:00 +00:002022-02-15 16:00:00 +00:00BE-TSO-0001ITP-00112entrykWh/h,1,Physical Flow,hour,2022-02-15T16:00:00+01:00,2022-02-15T17:00:00+01:00,BE-TSO-0001,21X-BE-A-A0A0A-Y,Fluxys Belgium,ITP-00112,Eynatten 1 (BE) // Lichtenbusch / Raeren (DE),21Z0000000000155,entry,kWh/h,,,0,2022-03-20T02:03:09+01:00,,Confirmed,,,,,True,,,True,PRISMA,,https://platform.prisma-capacity.eu/,,Cross-Border Transmission IP within EU,0,False
1Physical Flowhour2022-02-15 16:00:00 +00:002022-02-15 17:00:00 +00:00BE-TSO-0001ITP-00112entrykWh/h,1,Physical Flow,hour,2022-02-15T17:00:00+01:00,2022-02-15T18:00:00+01:00,BE-TSO-0001,21X-BE-A-A0A0A-Y,Fluxys Belgium,ITP-00112,Eynatten 1 (BE) // Lichtenbusch / Raeren (DE),21Z0000000000155,entry,kWh/h,,,0,2022-03-20T02:03:09+01:00,,Confirmed,,,,,True,,,True,PRISMA,,https://platform.prisma-capacity.eu/,,Cross-Border Transmission IP within EU,0,False
1Physical Flowhour2022-02-15 17:00:00 +00:002022-02-15 18:00:00 +00:00BE-TSO-0001ITP-00112entrykWh/h,1,Physical Flow,hour,2022-02-15T18:00:00+01:00,2022-02-15T19:00:00+01:00,BE-TSO-0001,21X-BE-A-A0A0A-Y,Fluxys Belgium,ITP-00112,Eynatten 1 (BE) // Lichtenbusch / Raeren (DE),21Z0000000000155,entry,kWh/h,,,0,2022-03-20T02:03:09+01:00,,Confirmed,,,,,True,,,True,PRISMA,,https://platform.prisma-capacity.eu/,,Cross-Border Transmission IP within EU,0,False
1Physical Flowhour2022-02-15 18:00:00 +00:002022-02-15 19:00:00 +00:00BE-TSO-0001ITP-00112entrykWh/h,1,Physical Flow,hour,2022-02-15T19:00:00+01:00,2022-02-15T20:00:00+01:00,BE-TSO-0001,21X-BE-A-A0A0A-Y,Fluxys Belgium,ITP-00112,Eynatten 1 (BE) // Lichtenbusch / Raeren (DE),21Z0000000000155,entry,kWh/h,,,0,2022-03-20T02:03:09+01:00,,Confirmed,,,,,True,,,True,PRISMA,,https://platform.prisma-capacity.eu/,,Cross-Border Transmission IP within EU,0,False
1Physical Flowhour2022-02-15 19:00:00 +00:002022-02-15 20:00:00 +00:00BE-TSO-0001ITP-00112entrykWh/h,1,Physical Flow,hour,2022-02-15T20:00:00+01:00,2022-02-15T21:00:00+01:00,BE-TSO-0001,21X-BE-A-A0A0A-Y,Fluxys Belgium,ITP-00112,Eynatten 1 (BE) // Lichtenbusch / Raeren (DE),21Z0000000000155,entry,kWh/h,,,0,2022-03-20T02:03:09+01:00,,Confirmed,,,,,True,,,True,PRISMA,,https://platform.prisma-capacity.eu/,,Cross-Border Transmission IP within EU,0,False
1Physical Flowhour2022-02-15 20:00:00 +00:002022-02-15 21:00:00 +00:00BE-TSO-0001ITP-00112entrykWh/h,1,Physical Flow,hour,2022-02-15T21:00:00+01:00,2022-02-15T22:00:00+01:00,BE-TSO-0001,21X-BE-A-A0A0A-Y,Fluxys Belgium,ITP-00112,Eynatten 1 (BE) // Lichtenbusch / Raeren (DE),21Z0000000000155,entry,kWh/h,,,0,2022-03-20T02:03:09+01:00,,Confirmed,,,,,True,,,True,PRISMA,,https://platform.prisma-capacity.eu/,,Cross-Border Transmission IP within EU,0,False
1Physical Flowhour2022-02-15 21:00:00 +00:002022-02-15 22:00:00 +00:00BE-TSO-0001ITP-00112entrykWh/h,1,Physical Flow,hour,2022-02-15T22:00:00+01:00,2022-02-15T23:00:00+01:00,BE-TSO-0001,21X-BE-A-A0A0A-Y,Fluxys Belgium,ITP-00112,Eynatten 1 (BE) // Lichtenbusch / Raeren (DE),21Z0000000000155,entry,kWh/h,,,0,2022-03-20T02:03:09+01:00,,Confirmed,,,,,True,,,True,PRISMA,,https://platform.prisma-capacity.eu/,,Cross-Border Transmission IP within EU,0,False
1Physical Flowhour2022-02-15 22:00:00 +00:002022-02-15 23:00:00 +00:00BE-TSO-0001ITP-00112entrykWh/h,1,Physical Flow,hour,2022-02-15T23:00:00+01:00,2022-02-16T00:00:00+01:00,BE-TSO-0001,21X-BE-A-A0A0A-Y,Fluxys Belgium,ITP-00112,Eynatten 1 (BE) // Lichtenbusch / Raeren (DE),21Z0000000000155,entry,kWh/h,,,0,2022-03-20T02:03:09+01:00,,Confirmed,,,,,True,,,True,PRISMA,,https://platform.prisma-capacity.eu/,,Cross-Border Transmission IP within EU,0,False
1Physical Flowhour2022-02-15 23:00:00 +00:002022-02-16 00:00:00 +00:00BE-TSO-0001ITP-00112entrykWh/h,1,Physical Flow,hour,2022-02-16T00:00:00+01:00,2022-02-16T01:00:00+01:00,BE-TSO-0001,21X-BE-A-A0A0A-Y,Fluxys Belgium,ITP-00112,Eynatten 1 (BE) // Lichtenbusch / Raeren (DE),21Z0000000000155,entry,kWh/h,,,0,2022-03-20T02:03:09+01:00,,Confirmed,,,,,True,,,True,PRISMA,,https://platform.prisma-capacity.eu/,,Cross-Border Transmission IP within EU,0,False
1Physical Flowhour2022-02-16 00:00:00 +00:002022-02-16 01:00:00 +00:00BE-TSO-0001ITP-00112entrykWh/h,1,Physical Flow,hour,2022-02-16T01:00:00+01:00,2022-02-16T02:00:00+01:00,BE-TSO-0001,21X-BE-A-A0A0A-Y,Fluxys Belgium,ITP-00112,Eynatten 1 (BE) // Lichtenbusch / Raeren (DE),21Z0000000000155,entry,kWh/h,,,0,2022-03-20T02:03:09+01:00,,Confirmed,,,,,True,,,True,PRISMA,,https://platform.prisma-capacity.eu/,,Cross-Border Transmission IP within EU,0,False
1Physical Flowhour2022-02-16 01:00:00 +00:002022-02-16 02:00:00 +00:00BE-TSO-0001ITP-00112entrykWh/h,1,Physical Flow,hour,2022-02-16T02:00:00+01:00,2022-02-16T03:00:00+01:00,BE-TSO-0001,21X-BE-A-A0A0A-Y,Fluxys Belgium,ITP-00112,Eynatten 1 (BE) // Lichtenbusch / Raeren (DE),21Z0000000000155,entry,kWh/h,,,0,2022-03-20T02:03:09+01:00,,Confirmed,,,,,True,,,True,PRISMA,,https://platform.prisma-capacity.eu/,,Cross-Border Transmission IP within EU,0,False
1Physical Flowhour2022-02-16 02:00:00 +00:002022-02-16 03:00:00 +00:00BE-TSO-0001ITP-00112entrykWh/h,1,Physical Flow,hour,2022-02-16T03:00:00+01:00,2022-02-16T04:00:00+01:00,BE-TSO-0001,21X-BE-A-A0A0A-Y,Fluxys Belgium,ITP-00112,Eynatten 1 (BE) // Lichtenbusch / Raeren (DE),21Z0000000000155,entry,kWh/h,,,0,2022-03-20T02:03:09+01:00,,Confirmed,,,,,True,,,True,PRISMA,,https://platform.prisma-capacity.eu/,,Cross-Border Transmission IP within EU,0,False
1Physical Flowhour2022-02-16 03:00:00 +00:002022-02-16 04:00:00 +00:00BE-TSO-0001ITP-00112entrykWh/h,1,Physical Flow,hour,2022-02-16T04:00:00+01:00,2022-02-16T05:00:00+01:00,BE-TSO-0001,21X-BE-A-A0A0A-Y,Fluxys Belgium,ITP-00112,Eynatten 1 (BE) // Lichtenbusch / Raeren (DE),21Z0000000000155,entry,kWh/h,,,0,2022-03-20T02:03:09+01:00,,Confirmed,,,,,True,,,True,PRISMA,,https://platform.prisma-capacity.eu/,,Cross-Border Transmission IP within EU,0,False
1Physical Flowhour2022-02-16 04:00:00 +00:002022-02-16 05:00:00 +00:00BE-TSO-0001ITP-00112entrykWh/h,1,Physical Flow,hour,2022-02-16T05:00:00+01:00,2022-02-16T06:00:00+01:00,BE-TSO-0001,21X-BE-A-A0A0A-Y,Fluxys Belgium,ITP-00112,Eynatten 1 (BE) // Lichtenbusch / Raeren (DE),21Z0000000000155,entry,kWh/h,,,0,2022-03-20T02:03:09+01:00,,Confirmed,,,,,True,,,True,PRISMA,,https://platform.prisma-capacity.eu/,,Cross-Border Transmission IP within EU,0,False
1Physical Flowhour2022-02-16 05:00:00 +00:002022-02-16 06:00:00 +00:00BE-TSO-0001ITP-00112entrykWh/h,1,Physical Flow,hour,2022-02-16T06:00:00+01:00,2022-02-16T07:00:00+01:00,BE-TSO-0001,21X-BE-A-A0A0A-Y,Fluxys Belgium,ITP-00112,Eynatten 1 (BE) // Lichtenbusch / Raeren (DE),21Z0000000000155,entry,kWh/h,,,0,2022-03-20T02:03:09+01:00,,Confirmed,,,,,True,,,True,PRISMA,,https://platform.prisma-capacity.eu/,,Cross-Border Transmission IP within EU,0,False
1Physical Flowhour2022-02-16 06:00:00 +00:002022-02-16 07:00:00 +00:00BE-TSO-0001ITP-00112entrykWh/h,1,Physical Flow,hour,2022-02-16T07:00:00+01:00,2022-02-16T08:00:00+01:00,BE-TSO-0001,21X-BE-A-A0A0A-Y,Fluxys Belgium,ITP-00112,Eynatten 1 (BE) // Lichtenbusch / Raeren (DE),21Z0000000000155,entry,kWh/h,,,0,2022-03-20T02:03:09+01:00,,Confirmed,,,,,True,,,True,PRISMA,,https://platform.prisma-capacity.eu/,,Cross-Border Transmission IP within EU,0,False
1Physical Flowhour2022-02-16 07:00:00 +00:002022-02-16 08:00:00 +00:00BE-TSO-0001ITP-00112entrykWh/h,1,Physical Flow,hour,2022-02-16T08:00:00+01:00,2022-02-16T09:00:00+01:00,BE-TSO-0001,21X-BE-A-A0A0A-Y,Fluxys Belgium,ITP-00112,Eynatten 1 (BE) // Lichtenbusch / Raeren (DE),21Z0000000000155,entry,kWh/h,,,0,2022-03-20T02:03:09+01:00,,Confirmed,,,,,True,,,True,PRISMA,,https://platform.prisma-capacity.eu/,,Cross-Border Transmission IP within EU,0,False
1Physical Flowhour2022-02-16 08:00:00 +00:002022-02-16 09:00:00 +00:00BE-TSO-0001ITP-00112entrykWh/h,1,Physical Flow,hour,2022-02-16T09:00:00+01:00,2022-02-16T10:00:00+01:00,BE-TSO-0001,21X-BE-A-A0A0A-Y,Fluxys Belgium,ITP-00112,Eynatten 1 (BE) // Lichtenbusch / Raeren (DE),21Z0000000000155,entry,kWh/h,,,0,2022-03-20T02:03:09+01:00,,Confirmed,,,,,True,,,True,PRISMA,,https://platform.prisma-capacity.eu/,,Cross-Border Transmission IP within EU,0,False
1Physical Flowhour2022-02-16 09:00:00 +00:002022-02-16 10:00:00 +00:00BE-TSO-0001ITP-00112entrykWh/h,1,Physical Flow,hour,2022-02-16T10:00:00+01:00,2022-02-16T11:00:00+01:00,BE-TSO-0001,21X-BE-A-A0A0A-Y,Fluxys Belgium,ITP-00112,Eynatten 1 (BE) // Lichtenbusch / Raeren (DE),21Z0000000000155,entry,kWh/h,,,0,2022-03-20T02:03:09+01:00,,Confirmed,,,,,True,,,True,PRISMA,,https://platform.prisma-capacity.eu/,,Cross-Border Transmission IP within EU,0,False
1Physical Flowhour2022-02-16 10:00:00 +00:002022-02-16 11:00:00 +00:00BE-TSO-0001ITP-00112entrykWh/h,1,Physical Flow,hour,2022-02-16T11:00:00+01:00,2022-02-16T12:00:00+01:00,BE-TSO-0001,21X-BE-A-A0A0A-Y,Fluxys Belgium,ITP-00112,Eynatten 1 (BE) // Lichtenbusch / Raeren (DE),21Z0000000000155,entry,kWh/h,,,0,2022-03-20T02:03:09+01:00,,Confirmed,,,,,True,,,True,PRISMA,,https://platform.prisma-capacity.eu/,,Cross-Border Transmission IP within EU,0,False
1Physical Flowhour2022-02-16 11:00:00 +00:002022-02-16 12:00:00 +00:00BE-TSO-0001ITP-00112entrykWh/h,1,Physical Flow,hour,2022-02-16T12:00:00+01:00,2022-02-16T13:00:00+01:00,BE-TSO-0001,21X-BE-A-A0A0A-Y,Fluxys Belgium,ITP-00112,Eynatten 1 (BE) // Lichtenbusch / Raeren (DE),21Z0000000000155,entry,kWh/h,,,0,2022-03-20T02:03:09+01:00,,Confirmed,,,,,True,,,True,PRISMA,,https://platform.prisma-capacity.eu/,,Cross-Border Transmission IP within EU,0,False
1Physical Flowhour2022-02-16 12:00:00 +00:002022-02-16 13:00:00 +00:00BE-TSO-0001ITP-00112entrykWh/h,1,Physical Flow,hour,2022-02-16T13:00:00+01:00,2022-02-16T14:00:00+01:00,BE-TSO-0001,21X-BE-A-A0A0A-Y,Fluxys Belgium,ITP-00112,Eynatten 1 (BE) // Lichtenbusch / Raeren (DE),21Z0000000000155,entry,kWh/h,,,0,2022-03-20T02:03:09+01:00,,Confirmed,,,,,True,,,True,PRISMA,,https://platform.prisma-capacity.eu/,,Cross-Border Transmission IP within EU,0,False
1Physical Flowhour2022-02-16 13:00:00 +00:002022-02-16 14:00:00 +00:00BE-TSO-0001ITP-00112entrykWh/h,1,Physical Flow,hour,2022-02-16T14:00:00+01:00,2022-02-16T15:00:00+01:00,BE-TSO-0001,21X-BE-A-A0A0A-Y,Fluxys Belgium,ITP-00112,Eynatten 1 (BE) // Lichtenbusch / Raeren (DE),21Z0000000000155,entry,kWh/h,,,0,2022-03-20T02:03:09+01:00,,Confirmed,,,,,True,,,True,PRISMA,,https://platform.prisma-capacity.eu/,,Cross-Border Transmission IP within EU,0,False
1Physical Flowhour2022-02-16 14:00:00 +00:002022-02-16 15:00:00 +00:00BE-TSO-0001ITP-00112entrykWh/h,1,Physical Flow,hour,2022-02-16T15:00:00+01:00,2022-02-16T16:00:00+01:00,BE-TSO-0001,21X-BE-A-A0A0A-Y,Fluxys Belgium,ITP-00112,Eynatten 1 (BE) // Lichtenbusch / Raeren (DE),21Z0000000000155,entry,kWh/h,,,0,2022-03-20T02:03:09+01:00,,Confirmed,,,,,True,,,True,PRISMA,,https://platform.prisma-capacity.eu/,,Cross-Border Transmission IP within EU,0,False
1Physical Flowhour2022-02-16 15:00:00 +00:002022-02-16 16:00:00 +00:00BE-TSO-0001ITP-00112entrykWh/h,1,Physical Flow,hour,2022-02-16T16:00:00+01:00,2022-02-16T17:00:00+01:00,BE-TSO-0001,21X-BE-A-A0A0A-Y,Fluxys Belgium,ITP-00112,Eynatten 1 (BE) // Lichtenbusch / Raeren (DE),21Z0000000000155,entry,kWh/h,,,0,2022-03-20T02:03:09+01:00,,Confirmed,,,,,True,,,True,PRISMA,,https://platform.prisma-capacity.eu/,,Cross-Border Transmission IP within EU,0,False
1Physical Flowhour2022-02-16 16:00:00 +00:002022-02-16 17:00:00 +00:00BE-TSO-0001ITP-00112entrykWh/h,1,Physical Flow,hour,2022-02-16T17:00:00+01:00,2022-02-16T18:00:00+01:00,BE-TSO-0001,21X-BE-A-A0A0A-Y,Fluxys Belgium,ITP-00112,Eynatten 1 (BE) // Lichtenbusch / Raeren (DE),21Z0000000000155,entry,kWh/h,,,0,2022-03-20T02:03:09+01:00,,Confirmed,,,,,True,,,True,PRISMA,,https://platform.prisma-capacity.eu/,,Cross-Border Transmission IP within EU,0,False
1Physical Flowhour2022-02-16 17:00:00 +00:002022-02-16 18:00:00 +00:00BE-TSO-0001ITP-00112entrykWh/h,1,Physical Flow,hour,2022-02-16T18:00:00+01:00,2022-02-16T19:00:00+01:00,BE-TSO-0001,21X-BE-A-A0A0A-Y,Fluxys Belgium,ITP-00112,Eynatten 1 (BE) // Lichtenbusch / Raeren (DE),21Z0000000000155,entry,kWh/h,,,0,2022-03-20T02:03:09+01:00,,Confirmed,,,,,True,,,True,PRISMA,,https://platform.prisma-capacity.eu/,,Cross-Border Transmission IP within EU,0,False
1Physical Flowhour2022-02-16 18:00:00 +00:002022-02-16 19:00:00 +00:00BE-TSO-0001ITP-00112entrykWh/h,1,Physical Flow,hour,2022-02-16T19:00:00+01:00,2022-02-16T20:00:00+01:00,BE-TSO-0001,21X-BE-A-A0A0A-Y,Fluxys Belgium,ITP-00112,Eynatten 1 (BE) // Lichtenbusch / Raeren (DE),21Z0000000000155,entry,kWh/h,,,0,2022-03-20T02:03:09+01:00,,Confirmed,,,,,True,,,True,PRISMA,,https://platform.prisma-capacity.eu/,,Cross-Border Transmission IP within EU,0,False
1Physical Flowhour2022-02-16 19:00:00 +00:002022-02-16 20:00:00 +00:00BE-TSO-0001ITP-00112entrykWh/h,1,Physical Flow,hour,2022-02-16T20:00:00+01:00,2022-02-16T21:00:00+01:00,BE-TSO-0001,21X-BE-A-A0A0A-Y,Fluxys Belgium,ITP-00112,Eynatten 1 (BE) // Lichtenbusch / Raeren (DE),21Z0000000000155,entry,kWh/h,,,0,2022-03-20T02:03:09+01:00,,Confirmed,,,,,True,,,True,PRISMA,,https://platform.prisma-capacity.eu/,,Cross-Border Transmission IP within EU,0,False
1Physical Flowhour2022-02-16 20:00:00 +00:002022-02-16 21:00:00 +00:00BE-TSO-0001ITP-00112entrykWh/h,1,Physical Flow,hour,2022-02-16T21:00:00+01:00,2022-02-16T22:00:00+01:00,BE-TSO-0001,21X-BE-A-A0A0A-Y,Fluxys Belgium,ITP-00112,Eynatten 1 (BE) // Lichtenbusch / Raeren (DE),21Z0000000000155,entry,kWh/h,,,0,2022-03-20T02:03:09+01:00,,Confirmed,,,,,True,,,True,PRISMA,,https://platform.prisma-capacity.eu/,,Cross-Border Transmission IP within EU,0,False
1Physical Flowhour2022-02-16 21:00:00 +00:002022-02-16 22:00:00 +00:00BE-TSO-0001ITP-00112entrykWh/h,1,Physical Flow,hour,2022-02-16T22:00:00+01:00,2022-02-16T23:00:00+01:00,BE-TSO-0001,21X-BE-A-A0A0A-Y,Fluxys Belgium,ITP-00112,Eynatten 1 (BE) // Lichtenbusch / Raeren (DE),21Z0000000000155,entry,kWh/h,,,0,2022-03-20T02:03:09+01:00,,Confirmed,,,,,True,,,True,PRISMA,,https://platform.prisma-capacity.eu/,,Cross-Border Transmission IP within EU,0,False
1Physical Flowhour2022-02-16 22:00:00 +00:002022-02-16 23:00:00 +00:00BE-TSO-0001ITP-00112entrykWh/h,1,Physical Flow,hour,2022-02-16T23:00:00+01:00,2022-02-17T00:00:00+01:00,BE-TSO-0001,21X-BE-A-A0A0A-Y,Fluxys Belgium,ITP-00112,Eynatten 1 (BE) // Lichtenbusch / Raeren (DE),21Z0000000000155,entry,kWh/h,,,0,2022-03-20T02:03:09+01:00,,Confirmed,,,,,True,,,True,PRISMA,,https://platform.prisma-capacity.eu/,,Cross-Border Transmission IP within EU,0,False
1Physical Flowhour2022-02-16 23:00:00 +00:002022-02-17 00:00:00 +00:00BE-TSO-0001ITP-00112entrykWh/h,1,Physical Flow,hour,2022-02-17T00:00:00+01:00,2022-02-17T01:00:00+01:00,BE-TSO-0001,21X-BE-A-A0A0A-Y,Fluxys Belgium,ITP-00112,Eynatten 1 (BE) // Lichtenbusch / Raeren (DE),21Z0000000000155,entry,kWh/h,,,0,2022-03-20T02:03:09+01:00,,Confirmed,,,,,True,,,True,PRISMA,,https://platform.prisma-capacity.eu/,,Cross-Border Transmission IP within EU,0,False
1Physical Flowhour2022-02-17 00:00:00 +00:002022-02-17 01:00:00 +00:00BE-TSO-0001ITP-00112entrykWh/h,1,Physical Flow,hour,2022-02-17T01:00:00+01:00,2022-02-17T02:00:00+01:00,BE-TSO-0001,21X-BE-A-A0A0A-Y,Fluxys Belgium,ITP-00112,Eynatten 1 (BE) // Lichtenbusch / Raeren (DE),21Z0000000000155,entry,kWh/h,,,0,2022-03-20T02:03:09+01:00,,Confirmed,,,,,True,,,True,PRISMA,,https://platform.prisma-capacity.eu/,,Cross-Border Transmission IP within EU,0,False
1Physical Flowhour2022-02-17 01:00:00 +00:002022-02-17 02:00:00 +00:00BE-TSO-0001ITP-00112entrykWh/h,1,Physical Flow,hour,2022-02-17T02:00:00+01:00,2022-02-17T03:00:00+01:00,BE-TSO-0001,21X-BE-A-A0A0A-Y,Fluxys Belgium,ITP-00112,Eynatten 1 (BE) // Lichtenbusch / Raeren (DE),21Z0000000000155,entry,kWh/h,,,0,2022-03-20T02:03:09+01:00,,Confirmed,,,,,True,,,True,PRISMA,,https://platform.prisma-capacity.eu/,,Cross-Border Transmission IP within EU,0,False
1Physical Flowhour2022-02-17 02:00:00 +00:002022-02-17 03:00:00 +00:00BE-TSO-0001ITP-00112entrykWh/h,1,Physical Flow,hour,2022-02-17T03:00:00+01:00,2022-02-17T04:00:00+01:00,BE-TSO-0001,21X-BE-A-A0A0A-Y,Fluxys Belgium,ITP-00112,Eynatten 1 (BE) // Lichtenbusch / Raeren (DE),21Z0000000000155,entry,kWh/h,,,0,2022-03-20T02:03:09+01:00,,Confirmed,,,,,True,,,True,PRISMA,,https://platform.prisma-capacity.eu/,,Cross-Border Transmission IP within EU,0,False
1Physical Flowhour2022-02-17 03:00:00 +00:002022-02-17 04:00:00 +00:00BE-TSO-0001ITP-00112entrykWh/h,1,Physical Flow,hour,2022-02-17T04:00:00+01:00,2022-02-17T05:00:00+01:00,BE-TSO-0001,21X-BE-A-A0A0A-Y,Fluxys Belgium,ITP-00112,Eynatten 1 (BE) // Lichtenbusch / Raeren (DE),21Z0000000000155,entry,kWh/h,,,0,2022-03-20T02:03:09+01:00,,Confirmed,,,,,True,,,True,PRISMA,,https://platform.prisma-capacity.eu/,,Cross-Border Transmission IP within EU,0,False
1Physical Flowhour2022-02-17 04:00:00 +00:002022-02-17 05:00:00 +00:00BE-TSO-0001ITP-00112entrykWh/h,1,Physical Flow,hour,2022-02-17T05:00:00+01:00,2022-02-17T06:00:00+01:00,BE-TSO-0001,21X-BE-A-A0A0A-Y,Fluxys Belgium,ITP-00112,Eynatten 1 (BE) // Lichtenbusch / Raeren (DE),21Z0000000000155,entry,kWh/h,,,0,2022-03-20T02:03:09+01:00,,Confirmed,,,,,True,,,True,PRISMA,,https://platform.prisma-capacity.eu/,,Cross-Border Transmission IP within EU,0,False
1Physical Flowhour2022-02-17 05:00:00 +00:002022-02-17 06:00:00 +00:00BE-TSO-0001ITP-00112entrykWh/h,1,Physical Flow,hour,2022-02-17T06:00:00+01:00,2022-02-17T07:00:00+01:00,BE-TSO-0001,21X-BE-A-A0A0A-Y,Fluxys Belgium,ITP-00112,Eynatten 1 (BE) // Lichtenbusch / Raeren (DE),21Z0000000000155,entry,kWh/h,,,0,2022-03-20T02:03:09+01:00,,Confirmed,,,,,True,,,True,PRISMA,,https://platform.prisma-capacity.eu/,,Cross-Border Transmission IP within EU,0,False
1Physical Flowhour2022-02-17 06:00:00 +00:002022-02-17 07:00:00 +00:00BE-TSO-0001ITP-00112entrykWh/h,1,Physical Flow,hour,2022-02-17T07:00:00+01:00,2022-02-17T08:00:00+01:00,BE-TSO-0001,21X-BE-A-A0A0A-Y,Fluxys Belgium,ITP-00112,Eynatten 1 (BE) // Lichtenbusch / Raeren (DE),21Z0000000000155,entry,kWh/h,,,0,2022-03-20T02:03:09+01:00,,Confirmed,,,,,True,,,True,PRISMA,,https://platform.prisma-capacity.eu/,,Cross-Border Transmission IP within EU,0,False
1Physical Flowhour2022-02-17 07:00:00 +00:002022-02-17 08:00:00 +00:00BE-TSO-0001ITP-00112entrykWh/h,1,Physical Flow,hour,2022-02-17T08:00:00+01:00,2022-02-17T09:00:00+01:00,BE-TSO-0001,21X-BE-A-A0A0A-Y,Fluxys Belgium,ITP-00112,Eynatten 1 (BE) // Lichtenbusch / Raeren (DE),21Z0000000000155,entry,kWh/h,,,0,2022-03-20T02:03:09+01:00,,Confirmed,,,,,True,,,True,PRISMA,,https://platform.prisma-capacity.eu/,,Cross-Border Transmission IP within EU,0,False
1Physical Flowhour2022-02-17 08:00:00 +00:002022-02-17 09:00:00 +00:00BE-TSO-0001ITP-00112entrykWh/h,1,Physical Flow,hour,2022-02-17T09:00:00+01:00,2022-02-17T10:00:00+01:00,BE-TSO-0001,21X-BE-A-A0A0A-Y,Fluxys Belgium,ITP-00112,Eynatten 1 (BE) // Lichtenbusch / Raeren (DE),21Z0000000000155,entry,kWh/h,,,0,2022-03-20T02:03:09+01:00,,Confirmed,,,,,True,,,True,PRISMA,,https://platform.prisma-capacity.eu/,,Cross-Border Transmission IP within EU,0,False
1Physical Flowhour2022-02-17 09:00:00 +00:002022-02-17 10:00:00 +00:00BE-TSO-0001ITP-00112entrykWh/h,1,Physical Flow,hour,2022-02-17T10:00:00+01:00,2022-02-17T11:00:00+01:00,BE-TSO-0001,21X-BE-A-A0A0A-Y,Fluxys Belgium,ITP-00112,Eynatten 1 (BE) // Lichtenbusch / Raeren (DE),21Z0000000000155,entry,kWh/h,,,0,2022-03-20T02:03:09+01:00,,Confirmed,,,,,True,,,True,PRISMA,,https://platform.prisma-capacity.eu/,,Cross-Border Transmission IP within EU,0,False
1Physical Flowhour2022-02-17 10:00:00 +00:002022-02-17 11:00:00 +00:00BE-TSO-0001ITP-00112entrykWh/h,1,Physical Flow,hour,2022-02-17T11:00:00+01:00,2022-02-17T12:00:00+01:00,BE-TSO-0001,21X-BE-A-A0A0A-Y,Fluxys Belgium,ITP-00112,Eynatten 1 (BE) // Lichtenbusch / Raeren (DE),21Z0000000000155,entry,kWh/h,,,0,2022-03-20T02:03:09+01:00,,Confirmed,,,,,True,,,True,PRISMA,,https://platform.prisma-capacity.eu/,,Cross-Border Transmission IP within EU,0,False
1Physical Flowhour2022-02-17 11:00:00 +00:002022-02-17 12:00:00 +00:00BE-TSO-0001ITP-00112entrykWh/h,1,Physical Flow,hour,2022-02-17T12:00:00+01:00,2022-02-17T13:00:00+01:00,BE-TSO-0001,21X-BE-A-A0A0A-Y,Fluxys Belgium,ITP-00112,Eynatten 1 (BE) // Lichtenbusch / Raeren (DE),21Z0000000000155,entry,kWh/h,,,0,2022-03-20T02:03:09+01:00,,Confirmed,,,,,True,,,True,PRISMA,,https://platform.prisma-capacity.eu/,,Cross-Border Transmission IP within EU,0,False
1Physical Flowhour2022-02-17 12:00:00 +00:002022-02-17 13:00:00 +00:00BE-TSO-0001ITP-00112entrykWh/h,1,Physical Flow,hour,2022-02-17T13:00:00+01:00,2022-02-17T14:00:00+01:00,BE-TSO-0001,21X-BE-A-A0A0A-Y,Fluxys Belgium,ITP-00112,Eynatten 1 (BE) // Lichtenbusch / Raeren (DE),21Z0000000000155,entry,kWh/h,,,0,2022-03-20T02:03:09+01:00,,Confirmed,,,,,True,,,True,PRISMA,,https://platform.prisma-capacity.eu/,,Cross-Border Transmission IP within EU,0,False
1Physical Flowhour2022-02-17 13:00:00 +00:002022-02-17 14:00:00 +00:00BE-TSO-0001ITP-00112entrykWh/h,1,Physical Flow,hour,2022-02-17T14:00:00+01:00,2022-02-17T15:00:00+01:00,BE-TSO-0001,21X-BE-A-A0A0A-Y,Fluxys Belgium,ITP-00112,Eynatten 1 (BE) // Lichtenbusch / Raeren (DE),21Z0000000000155,entry,kWh/h,,,0,2022-03-20T02:03:09+01:00,,Confirmed,,,,,True,,,True,PRISMA,,https://platform.prisma-capacity.eu/,,Cross-Border Transmission IP within EU,0,False
1Physical Flowhour2022-02-17 14:00:00 +00:002022-02-17 15:00:00 +00:00BE-TSO-0001ITP-00112entrykWh/h,1,Physical Flow,hour,2022-02-17T15:00:00+01:00,2022-02-17T16:00:00+01:00,BE-TSO-0001,21X-BE-A-A0A0A-Y,Fluxys Belgium,ITP-00112,Eynatten 1 (BE) // Lichtenbusch / Raeren (DE),21Z0000000000155,entry,kWh/h,,,0,2022-03-20T02:03:09+01:00,,Confirmed,,,,,True,,,True,PRISMA,,https://platform.prisma-capacity.eu/,,Cross-Border Transmission IP within EU,0,False
1Physical Flowhour2022-02-17 15:00:00 +00:002022-02-17 16:00:00 +00:00BE-TSO-0001ITP-00112entrykWh/h,1,Physical Flow,hour,2022-02-17T16:00:00+01:00,2022-02-17T17:00:00+01:00,BE-TSO-0001,21X-BE-A-A0A0A-Y,Fluxys Belgium,ITP-00112,Eynatten 1 (BE) // Lichtenbusch / Raeren (DE),21Z0000000000155,entry,kWh/h,,,0,2022-03-20T02:03:09+01:00,,Confirmed,,,,,True,,,True,PRISMA,,https://platform.prisma-capacity.eu/,,Cross-Border Transmission IP within EU,0,False
1Physical Flowhour2022-02-17 16:00:00 +00:002022-02-17 17:00:00 +00:00BE-TSO-0001ITP-00112entrykWh/h,1,Physical Flow,hour,2022-02-17T17:00:00+01:00,2022-02-17T18:00:00+01:00,BE-TSO-0001,21X-BE-A-A0A0A-Y,Fluxys Belgium,ITP-00112,Eynatten 1 (BE) // Lichtenbusch / Raeren (DE),21Z0000000000155,entry,kWh/h,,,0,2022-03-20T02:03:09+01:00,,Confirmed,,,,,True,,,True,PRISMA,,https://platform.prisma-capacity.eu/,,Cross-Border Transmission IP within EU,0,False
1Physical Flowhour2022-02-17 17:00:00 +00:002022-02-17 18:00:00 +00:00BE-TSO-0001ITP-00112entrykWh/h,1,Physical Flow,hour,2022-02-17T18:00:00+01:00,2022-02-17T19:00:00+01:00,BE-TSO-0001,21X-BE-A-A0A0A-Y,Fluxys Belgium,ITP-00112,Eynatten 1 (BE) // Lichtenbusch / Raeren (DE),21Z0000000000155,entry,kWh/h,,,0,2022-03-20T02:03:09+01:00,,Confirmed,,,,,True,,,True,PRISMA,,https://platform.prisma-capacity.eu/,,Cross-Border Transmission IP within EU,0,False
1Physical Flowhour2022-02-17 18:00:00 +00:002022-02-17 19:00:00 +00:00BE-TSO-0001ITP-00112entrykWh/h,1,Physical Flow,hour,2022-02-17T19:00:00+01:00,2022-02-17T20:00:00+01:00,BE-TSO-0001,21X-BE-A-A0A0A-Y,Fluxys Belgium,ITP-00112,Eynatten 1 (BE) // Lichtenbusch / Raeren (DE),21Z0000000000155,entry,kWh/h,,,0,2022-03-20T02:03:09+01:00,,Confirmed,,,,,True,,,True,PRISMA,,https://platform.prisma-capacity.eu/,,Cross-Border Transmission IP within EU,0,False
1Physical Flowhour2022-02-17 19:00:00 +00:002022-02-17 20:00:00 +00:00BE-TSO-0001ITP-00112entrykWh/h,1,Physical Flow,hour,2022-02-17T20:00:00+01:00,2022-02-17T21:00:00+01:00,BE-TSO-0001,21X-BE-A-A0A0A-Y,Fluxys Belgium,ITP-00112,Eynatten 1 (BE) // Lichtenbusch / Raeren (DE),21Z0000000000155,entry,kWh/h,,,0,2022-03-20T02:03:09+01:00,,Confirmed,,,,,True,,,True,PRISMA,,https://platform.prisma-capacity.eu/,,Cross-Border Transmission IP within EU,0,False
1Physical Flowhour2022-02-17 20:00:00 +00:002022-02-17 21:00:00 +00:00BE-TSO-0001ITP-00112entrykWh/h,1,Physical Flow,hour,2022-02-17T21:00:00+01:00,2022-02-17T22:00:00+01:00,BE-TSO-0001,21X-BE-A-A0A0A-Y,Fluxys Belgium,ITP-00112,Eynatten 1 (BE) // Lichtenbusch / Raeren (DE),21Z0000000000155,entry,kWh/h,,,0,2022-03-20T02:03:09+01:00,,Confirmed,,,,,True,,,True,PRISMA,,https://platform.prisma-capacity.eu/,,Cross-Border Transmission IP within EU,0,False
1Physical Flowhour2022-02-17 21:00:00 +00:002022-02-17 22:00:00 +00:00BE-TSO-0001ITP-00112entrykWh/h,1,Physical Flow,hour,2022-02-17T22:00:00+01:00,2022-02-17T23:00:00+01:00,BE-TSO-0001,21X-BE-A-A0A0A-Y,Fluxys Belgium,ITP-00112,Eynatten 1 (BE) // Lichtenbusch / Raeren (DE),21Z0000000000155,entry,kWh/h,,,0,2022-03-20T02:03:09+01:00,,Confirmed,,,,,True,,,True,PRISMA,,https://platform.prisma-capacity.eu/,,Cross-Border Transmission IP within EU,0,False
1Physical Flowhour2022-02-17 22:00:00 +00:002022-02-17 23:00:00 +00:00BE-TSO-0001ITP-00112entrykWh/h,1,Physical Flow,hour,2022-02-17T23:00:00+01:00,2022-02-18T00:00:00+01:00,BE-TSO-0001,21X-BE-A-A0A0A-Y,Fluxys Belgium,ITP-00112,Eynatten 1 (BE) // Lichtenbusch / Raeren (DE),21Z0000000000155,entry,kWh/h,,,0,2022-03-20T02:03:09+01:00,,Confirmed,,,,,True,,,True,PRISMA,,https://platform.prisma-capacity.eu/,,Cross-Border Transmission IP within EU,0,False
1Physical Flowhour2022-02-17 23:00:00 +00:002022-02-18 00:00:00 +00:00BE-TSO-0001ITP-00112entrykWh/h,1,Physical Flow,hour,2022-02-18T00:00:00+01:00,2022-02-18T01:00:00+01:00,BE-TSO-0001,21X-BE-A-A0A0A-Y,Fluxys Belgium,ITP-00112,Eynatten 1 (BE) // Lichtenbusch / Raeren (DE),21Z0000000000155,entry,kWh/h,,,0,2022-03-20T02:03:09+01:00,,Confirmed,,,,,True,,,True,PRISMA,,https://platform.prisma-capacity.eu/,,Cross-Border Transmission IP within EU,0,False
1Physical Flowhour2022-02-18 00:00:00 +00:002022-02-18 01:00:00 +00:00BE-TSO-0001ITP-00112entrykWh/h,1,Physical Flow,hour,2022-02-18T01:00:00+01:00,2022-02-18T02:00:00+01:00,BE-TSO-0001,21X-BE-A-A0A0A-Y,Fluxys Belgium,ITP-00112,Eynatten 1 (BE) // Lichtenbusch / Raeren (DE),21Z0000000000155,entry,kWh/h,,,0,2022-03-20T02:03:09+01:00,,Confirmed,,,,,True,,,True,PRISMA,,https://platform.prisma-capacity.eu/,,Cross-Border Transmission IP within EU,0,False
1Physical Flowhour2022-02-18 01:00:00 +00:002022-02-18 02:00:00 +00:00BE-TSO-0001ITP-00112entrykWh/h,1,Physical Flow,hour,2022-02-18T02:00:00+01:00,2022-02-18T03:00:00+01:00,BE-TSO-0001,21X-BE-A-A0A0A-Y,Fluxys Belgium,ITP-00112,Eynatten 1 (BE) // Lichtenbusch / Raeren (DE),21Z0000000000155,entry,kWh/h,,,0,2022-03-20T02:03:09+01:00,,Confirmed,,,,,True,,,True,PRISMA,,https://platform.prisma-capacity.eu/,,Cross-Border Transmission IP within EU,0,False
1Physical Flowhour2022-02-18 02:00:00 +00:002022-02-18 03:00:00 +00:00BE-TSO-0001ITP-00112entrykWh/h,1,Physical Flow,hour,2022-02-18T03:00:00+01:00,2022-02-18T04:00:00+01:00,BE-TSO-0001,21X-BE-A-A0A0A-Y,Fluxys Belgium,ITP-00112,Eynatten 1 (BE) // Lichtenbusch / Raeren (DE),21Z0000000000155,entry,kWh/h,,,0,2022-03-20T02:03:09+01:00,,Confirmed,,,,,True,,,True,PRISMA,,https://platform.prisma-capacity.eu/,,Cross-Border Transmission IP within EU,0,False
1Physical Flowhour2022-02-18 03:00:00 +00:002022-02-18 04:00:00 +00:00BE-TSO-0001ITP-00112entrykWh/h,1,Physical Flow,hour,2022-02-18T04:00:00+01:00,2022-02-18T05:00:00+01:00,BE-TSO-0001,21X-BE-A-A0A0A-Y,Fluxys Belgium,ITP-00112,Eynatten 1 (BE) // Lichtenbusch / Raeren (DE),21Z0000000000155,entry,kWh/h,,,0,2022-03-20T02:03:09+01:00,,Confirmed,,,,,True,,,True,PRISMA,,https://platform.prisma-capacity.eu/,,Cross-Border Transmission IP within EU,0,False
1Physical Flowhour2022-02-18 04:00:00 +00:002022-02-18 05:00:00 +00:00BE-TSO-0001ITP-00112entrykWh/h,1,Physical Flow,hour,2022-02-18T05:00:00+01:00,2022-02-18T06:00:00+01:00,BE-TSO-0001,21X-BE-A-A0A0A-Y,Fluxys Belgium,ITP-00112,Eynatten 1 (BE) // Lichtenbusch / Raeren (DE),21Z0000000000155,entry,kWh/h,,,0,2022-03-20T02:03:09+01:00,,Confirmed,,,,,True,,,True,PRISMA,,https://platform.prisma-capacity.eu/,,Cross-Border Transmission IP within EU,0,False
1Physical Flowhour2022-02-18 05:00:00 +00:002022-02-18 06:00:00 +00:00BE-TSO-0001ITP-00112entrykWh/h,1,Physical Flow,hour,2022-02-18T06:00:00+01:00,2022-02-18T07:00:00+01:00,BE-TSO-0001,21X-BE-A-A0A0A-Y,Fluxys Belgium,ITP-00112,Eynatten 1 (BE) // Lichtenbusch / Raeren (DE),21Z0000000000155,entry,kWh/h,,,0,2022-03-20T02:03:09+01:00,,Confirmed,,,,,True,,,True,PRISMA,,https://platform.prisma-capacity.eu/,,Cross-Border Transmission IP within EU,0,False
1Physical Flowhour2022-02-18 06:00:00 +00:002022-02-18 07:00:00 +00:00BE-TSO-0001ITP-00112entrykWh/h,1,Physical Flow,hour,2022-02-18T07:00:00+01:00,2022-02-18T08:00:00+01:00,BE-TSO-0001,21X-BE-A-A0A0A-Y,Fluxys Belgium,ITP-00112,Eynatten 1 (BE) // Lichtenbusch / Raeren (DE),21Z0000000000155,entry,kWh/h,,,0,2022-03-20T02:03:09+01:00,,Confirmed,,,,,True,,,True,PRISMA,,https://platform.prisma-capacity.eu/,,Cross-Border Transmission IP within EU,0,False
1Physical Flowhour2022-02-18 07:00:00 +00:002022-02-18 08:00:00 +00:00BE-TSO-0001ITP-00112entrykWh/h,1,Physical Flow,hour,2022-02-18T08:00:00+01:00,2022-02-18T09:00:00+01:00,BE-TSO-0001,21X-BE-A-A0A0A-Y,Fluxys Belgium,ITP-00112,Eynatten 1 (BE) // Lichtenbusch / Raeren (DE),21Z0000000000155,entry,kWh/h,,,0,2022-03-20T02:03:09+01:00,,Confirmed,,,,,True,,,True,PRISMA,,https://platform.prisma-capacity.eu/,,Cross-Border Transmission IP within EU,0,False
1Physical Flowhour2022-02-18 08:00:00 +00:002022-02-18 09:00:00 +00:00BE-TSO-0001ITP-00112entrykWh/h,1,Physical Flow,hour,2022-02-18T09:00:00+01:00,2022-02-18T10:00:00+01:00,BE-TSO-0001,21X-BE-A-A0A0A-Y,Fluxys Belgium,ITP-00112,Eynatten 1 (BE) // Lichtenbusch / Raeren (DE),21Z0000000000155,entry,kWh/h,,,0,2022-03-20T02:03:09+01:00,,Confirmed,,,,,True,,,True,PRISMA,,https://platform.prisma-capacity.eu/,,Cross-Border Transmission IP within EU,0,False
1Physical Flowhour2022-02-18 09:00:00 +00:002022-02-18 10:00:00 +00:00BE-TSO-0001ITP-00112entrykWh/h,1,Physical Flow,hour,2022-02-18T10:00:00+01:00,2022-02-18T11:00:00+01:00,BE-TSO-0001,21X-BE-A-A0A0A-Y,Fluxys Belgium,ITP-00112,Eynatten 1 (BE) // Lichtenbusch / Raeren (DE),21Z0000000000155,entry,kWh/h,,,0,2022-03-20T02:03:09+01:00,,Confirmed,,,,,True,,,True,PRISMA,,https://platform.prisma-capacity.eu/,,Cross-Border Transmission IP within EU,0,False
1Physical Flowhour2022-02-18 10:00:00 +00:002022-02-18 11:00:00 +00:00BE-TSO-0001ITP-00112entrykWh/h,1,Physical Flow,hour,2022-02-18T11:00:00+01:00,2022-02-18T12:00:00+01:00,BE-TSO-0001,21X-BE-A-A0A0A-Y,Fluxys Belgium,ITP-00112,Eynatten 1 (BE) // Lichtenbusch / Raeren (DE),21Z0000000000155,entry,kWh/h,,,0,2022-03-20T02:03:09+01:00,,Confirmed,,,,,True,,,True,PRISMA,,https://platform.prisma-capacity.eu/,,Cross-Border Transmission IP within EU,0,False
1Physical Flowhour2022-02-18 11:00:00 +00:002022-02-18 12:00:00 +00:00BE-TSO-0001ITP-00112entrykWh/h,1,Physical Flow,hour,2022-02-18T12:00:00+01:00,2022-02-18T13:00:00+01:00,BE-TSO-0001,21X-BE-A-A0A0A-Y,Fluxys Belgium,ITP-00112,Eynatten 1 (BE) // Lichtenbusch / Raeren (DE),21Z0000000000155,entry,kWh/h,,,0,2022-03-20T02:03:09+01:00,,Confirmed,,,,,True,,,True,PRISMA,,https://platform.prisma-capacity.eu/,,Cross-Border Transmission IP within EU,0,False
1Physical Flowhour2022-02-18 12:00:00 +00:002022-02-18 13:00:00 +00:00BE-TSO-0001ITP-00112entrykWh/h,1,Physical Flow,hour,2022-02-18T13:00:00+01:00,2022-02-18T14:00:00+01:00,BE-TSO-0001,21X-BE-A-A0A0A-Y,Fluxys Belgium,ITP-00112,Eynatten 1 (BE) // Lichtenbusch / Raeren (DE),21Z0000000000155,entry,kWh/h,,,0,2022-03-20T02:03:09+01:00,,Confirmed,,,,,True,,,True,PRISMA,,https://platform.prisma-capacity.eu/,,Cross-Border Transmission IP within EU,0,False
1Physical Flowhour2022-02-18 13:00:00 +00:002022-02-18 14:00:00 +00:00BE-TSO-0001ITP-00112entrykWh/h,1,Physical Flow,hour,2022-02-18T14:00:00+01:00,2022-02-18T15:00:00+01:00,BE-TSO-0001,21X-BE-A-A0A0A-Y,Fluxys Belgium,ITP-00112,Eynatten 1 (BE) // Lichtenbusch / Raeren (DE),21Z0000000000155,entry,kWh/h,,,0,2022-03-20T02:03:09+01:00,,Confirmed,,,,,True,,,True,PRISMA,,https://platform.prisma-capacity.eu/,,Cross-Border Transmission IP within EU,0,False
1Physical Flowhour2022-02-18 14:00:00 +00:002022-02-18 15:00:00 +00:00BE-TSO-0001ITP-00112entrykWh/h,1,Physical Flow,hour,2022-02-18T15:00:00+01:00,2022-02-18T16:00:00+01:00,BE-TSO-0001,21X-BE-A-A0A0A-Y,Fluxys Belgium,ITP-00112,Eynatten 1 (BE) // Lichtenbusch / Raeren (DE),21Z0000000000155,entry,kWh/h,,,0,2022-03-20T02:03:09+01:00,,Confirmed,,,,,True,,,True,PRISMA,,https://platform.prisma-capacity.eu/,,Cross-Border Transmission IP within EU,0,False
1Physical Flowhour2022-02-18 15:00:00 +00:002022-02-18 16:00:00 +00:00BE-TSO-0001ITP-00112entrykWh/h,1,Physical Flow,hour,2022-02-18T16:00:00+01:00,2022-02-18T17:00:00+01:00,BE-TSO-0001,21X-BE-A-A0A0A-Y,Fluxys Belgium,ITP-00112,Eynatten 1 (BE) // Lichtenbusch / Raeren (DE),21Z0000000000155,entry,kWh/h,,,0,2022-03-20T02:03:09+01:00,,Confirmed,,,,,True,,,True,PRISMA,,https://platform.prisma-capacity.eu/,,Cross-Border Transmission IP within EU,0,False
1Physical Flowhour2022-02-18 16:00:00 +00:002022-02-18 17:00:00 +00:00BE-TSO-0001ITP-00112entrykWh/h,1,Physical Flow,hour,2022-02-18T17:00:00+01:00,2022-02-18T18:00:00+01:00,BE-TSO-0001,21X-BE-A-A0A0A-Y,Fluxys Belgium,ITP-00112,Eynatten 1 (BE) // Lichtenbusch / Raeren (DE),21Z0000000000155,entry,kWh/h,,,0,2022-03-20T02:03:09+01:00,,Confirmed,,,,,True,,,True,PRISMA,,https://platform.prisma-capacity.eu/,,Cross-Border Transmission IP within EU,0,False
1Physical Flowhour2022-02-18 17:00:00 +00:002022-02-18 18:00:00 +00:00BE-TSO-0001ITP-00112entrykWh/h,1,Physical Flow,hour,2022-02-18T18:00:00+01:00,2022-02-18T19:00:00+01:00,BE-TSO-0001,21X-BE-A-A0A0A-Y,Fluxys Belgium,ITP-00112,Eynatten 1 (BE) // Lichtenbusch / Raeren (DE),21Z0000000000155,entry,kWh/h,,,0,2022-03-20T02:03:09+01:00,,Confirmed,,,,,True,,,True,PRISMA,,https://platform.prisma-capacity.eu/,,Cross-Border Transmission IP within EU,0,False
1Physical Flowhour2022-02-18 18:00:00 +00:002022-02-18 19:00:00 +00:00BE-TSO-0001ITP-00112entrykWh/h,1,Physical Flow,hour,2022-02-18T19:00:00+01:00,2022-02-18T20:00:00+01:00,BE-TSO-0001,21X-BE-A-A0A0A-Y,Fluxys Belgium,ITP-00112,Eynatten 1 (BE) // Lichtenbusch / Raeren (DE),21Z0000000000155,entry,kWh/h,,,0,2022-03-20T02:03:09+01:00,,Confirmed,,,,,True,,,True,PRISMA,,https://platform.prisma-capacity.eu/,,Cross-Border Transmission IP within EU,0,False
1Physical Flowhour2022-02-18 19:00:00 +00:002022-02-18 20:00:00 +00:00BE-TSO-0001ITP-00112entrykWh/h,1,Physical Flow,hour,2022-02-18T20:00:00+01:00,2022-02-18T21:00:00+01:00,BE-TSO-0001,21X-BE-A-A0A0A-Y,Fluxys Belgium,ITP-00112,Eynatten 1 (BE) // Lichtenbusch / Raeren (DE),21Z0000000000155,entry,kWh/h,,,0,2022-03-20T02:03:09+01:00,,Confirmed,,,,,True,,,True,PRISMA,,https://platform.prisma-capacity.eu/,,Cross-Border Transmission IP within EU,0,False
1Physical Flowhour2022-02-18 20:00:00 +00:002022-02-18 21:00:00 +00:00BE-TSO-0001ITP-00112entrykWh/h,1,Physical Flow,hour,2022-02-18T21:00:00+01:00,2022-02-18T22:00:00+01:00,BE-TSO-0001,21X-BE-A-A0A0A-Y,Fluxys Belgium,ITP-00112,Eynatten 1 (BE) // Lichtenbusch / Raeren (DE),21Z0000000000155,entry,kWh/h,,,0,2022-03-20T02:03:09+01:00,,Confirmed,,,,,True,,,True,PRISMA,,https://platform.prisma-capacity.eu/,,Cross-Border Transmission IP within EU,0,False
1Physical Flowhour2022-02-18 21:00:00 +00:002022-02-18 22:00:00 +00:00BE-TSO-0001ITP-00112entrykWh/h,1,Physical Flow,hour,2022-02-18T22:00:00+01:00,2022-02-18T23:00:00+01:00,BE-TSO-0001,21X-BE-A-A0A0A-Y,Fluxys Belgium,ITP-00112,Eynatten 1 (BE) // Lichtenbusch / Raeren (DE),21Z0000000000155,entry,kWh/h,,,0,2022-03-20T02:03:09+01:00,,Confirmed,,,,,True,,,True,PRISMA,,https://platform.prisma-capacity.eu/,,Cross-Border Transmission IP within EU,0,False
1Physical Flowhour2022-02-18 22:00:00 +00:002022-02-18 23:00:00 +00:00BE-TSO-0001ITP-00112entrykWh/h,1,Physical Flow,hour,2022-02-18T23:00:00+01:00,2022-02-19T00:00:00+01:00,BE-TSO-0001,21X-BE-A-A0A0A-Y,Fluxys Belgium,ITP-00112,Eynatten 1 (BE) // Lichtenbusch / Raeren (DE),21Z0000000000155,entry,kWh/h,,,0,2022-03-20T02:03:09+01:00,,Confirmed,,,,,True,,,True,PRISMA,,https://platform.prisma-capacity.eu/,,Cross-Border Transmission IP within EU,0,False
1Physical Flowhour2022-02-18 23:00:00 +00:002022-02-19 00:00:00 +00:00BE-TSO-0001ITP-00112entrykWh/h,1,Physical Flow,hour,2022-02-19T00:00:00+01:00,2022-02-19T01:00:00+01:00,BE-TSO-0001,21X-BE-A-A0A0A-Y,Fluxys Belgium,ITP-00112,Eynatten 1 (BE) // Lichtenbusch / Raeren (DE),21Z0000000000155,entry,kWh/h,,,0,2022-03-20T02:03:09+01:00,,Confirmed,,,,,True,,,True,PRISMA,,https://platform.prisma-capacity.eu/,,Cross-Border Transmission IP within EU,0,False
1Physical Flowhour2022-02-19 00:00:00 +00:002022-02-19 01:00:00 +00:00BE-TSO-0001ITP-00112entrykWh/h,1,Physical Flow,hour,2022-02-19T01:00:00+01:00,2022-02-19T02:00:00+01:00,BE-TSO-0001,21X-BE-A-A0A0A-Y,Fluxys Belgium,ITP-00112,Eynatten 1 (BE) // Lichtenbusch / Raeren (DE),21Z0000000000155,entry,kWh/h,,,0,2022-03-20T02:03:09+01:00,,Confirmed,,,,,True,,,True,PRISMA,,https://platform.prisma-capacity.eu/,,Cross-Border Transmission IP within EU,0,False
1Physical Flowhour2022-02-19 01:00:00 +00:002022-02-19 02:00:00 +00:00BE-TSO-0001ITP-00112entrykWh/h,1,Physical Flow,hour,2022-02-19T02:00:00+01:00,2022-02-19T03:00:00+01:00,BE-TSO-0001,21X-BE-A-A0A0A-Y,Fluxys Belgium,ITP-00112,Eynatten 1 (BE) // Lichtenbusch / Raeren (DE),21Z0000000000155,entry,kWh/h,,,0,2022-03-20T02:03:09+01:00,,Confirmed,,,,,True,,,True,PRISMA,,https://platform.prisma-capacity.eu/,,Cross-Border Transmission IP within EU,0,False
1Physical Flowhour2022-02-19 02:00:00 +00:002022-02-19 03:00:00 +00:00BE-TSO-0001ITP-00112entrykWh/h,1,Physical Flow,hour,2022-02-19T03:00:00+01:00,2022-02-19T04:00:00+01:00,BE-TSO-0001,21X-BE-A-A0A0A-Y,Fluxys Belgium,ITP-00112,Eynatten 1 (BE) // Lichtenbusch / Raeren (DE),21Z0000000000155,entry,kWh/h,,,0,2022-03-20T02:03:09+01:00,,Confirmed,,,,,True,,,True,PRISMA,,https://platform.prisma-capacity.eu/,,Cross-Border Transmission IP within EU,0,False
1Physical Flowhour2022-02-19 03:00:00 +00:002022-02-19 04:00:00 +00:00BE-TSO-0001ITP-00112entrykWh/h,1,Physical Flow,hour,2022-02-19T04:00:00+01:00,2022-02-19T05:00:00+01:00,BE-TSO-0001,21X-BE-A-A0A0A-Y,Fluxys Belgium,ITP-00112,Eynatten 1 (BE) // Lichtenbusch / Raeren (DE),21Z0000000000155,entry,kWh/h,,,0,2022-03-20T02:03:09+01:00,,Confirmed,,,,,True,,,True,PRISMA,,https://platform.prisma-capacity.eu/,,Cross-Border Transmission IP within EU,0,False
1Physical Flowhour2022-02-19 04:00:00 +00:002022-02-19 05:00:00 +00:00BE-TSO-0001ITP-00112entrykWh/h,1,Physical Flow,hour,2022-02-19T05:00:00+01:00,2022-02-19T06:00:00+01:00,BE-TSO-0001,21X-BE-A-A0A0A-Y,Fluxys Belgium,ITP-00112,Eynatten 1 (BE) // Lichtenbusch / Raeren (DE),21Z0000000000155,entry,kWh/h,,,0,2022-03-20T02:03:09+01:00,,Confirmed,,,,,True,,,True,PRISMA,,https://platform.prisma-capacity.eu/,,Cross-Border Transmission IP within EU,0,False
1Physical Flowhour2022-02-19 05:00:00 +00:002022-02-19 06:00:00 +00:00BE-TSO-0001ITP-00112entrykWh/h,1,Physical Flow,hour,2022-02-19T06:00:00+01:00,2022-02-19T07:00:00+01:00,BE-TSO-0001,21X-BE-A-A0A0A-Y,Fluxys Belgium,ITP-00112,Eynatten 1 (BE) // Lichtenbusch / Raeren (DE),21Z0000000000155,entry,kWh/h,,,0,2022-03-20T02:03:09+01:00,,Confirmed,,,,,True,,,True,PRISMA,,https://platform.prisma-capacity.eu/,,Cross-Border Transmission IP within EU,0,False
1Physical Flowhour2022-02-19 06:00:00 +00:002022-02-19 07:00:00 +00:00BE-TSO-0001ITP-00112entrykWh/h,1,Physical Flow,hour,2022-02-19T07:00:00+01:00,2022-02-19T08:00:00+01:00,BE-TSO-0001,21X-BE-A-A0A0A-Y,Fluxys Belgium,ITP-00112,Eynatten 1 (BE) // Lichtenbusch / Raeren (DE),21Z0000000000155,entry,kWh/h,,,0,2022-03-20T02:03:09+01:00,,Confirmed,,,,,True,,,True,PRISMA,,https://platform.prisma-capacity.eu/,,Cross-Border Transmission IP within EU,0,False
1Physical Flowhour2022-02-19 07:00:00 +00:002022-02-19 08:00:00 +00:00BE-TSO-0001ITP-00112entrykWh/h,1,Physical Flow,hour,2022-02-19T08:00:00+01:00,2022-02-19T09:00:00+01:00,BE-TSO-0001,21X-BE-A-A0A0A-Y,Fluxys Belgium,ITP-00112,Eynatten 1 (BE) // Lichtenbusch / Raeren (DE),21Z0000000000155,entry,kWh/h,,,0,2022-03-20T02:03:09+01:00,,Confirmed,,,,,True,,,True,PRISMA,,https://platform.prisma-capacity.eu/,,Cross-Border Transmission IP within EU,0,False
1Physical Flowhour2022-02-19 08:00:00 +00:002022-02-19 09:00:00 +00:00BE-TSO-0001ITP-00112entrykWh/h,1,Physical Flow,hour,2022-02-19T09:00:00+01:00,2022-02-19T10:00:00+01:00,BE-TSO-0001,21X-BE-A-A0A0A-Y,Fluxys Belgium,ITP-00112,Eynatten 1 (BE) // Lichtenbusch / Raeren (DE),21Z0000000000155,entry,kWh/h,,,0,2022-03-20T02:03:09+01:00,,Confirmed,,,,,True,,,True,PRISMA,,https://platform.prisma-capacity.eu/,,Cross-Border Transmission IP within EU,0,False
1Physical Flowhour2022-02-19 09:00:00 +00:002022-02-19 10:00:00 +00:00BE-TSO-0001ITP-00112entrykWh/h,1,Physical Flow,hour,2022-02-19T10:00:00+01:00,2022-02-19T11:00:00+01:00,BE-TSO-0001,21X-BE-A-A0A0A-Y,Fluxys Belgium,ITP-00112,Eynatten 1 (BE) // Lichtenbusch / Raeren (DE),21Z0000000000155,entry,kWh/h,,,0,2022-03-20T02:03:09+01:00,,Confirmed,,,,,True,,,True,PRISMA,,https://platform.prisma-capacity.eu/,,Cross-Border Transmission IP within EU,0,False
1Physical Flowhour2022-02-19 10:00:00 +00:002022-02-19 11:00:00 +00:00BE-TSO-0001ITP-00112entrykWh/h,1,Physical Flow,hour,2022-02-19T11:00:00+01:00,2022-02-19T12:00:00+01:00,BE-TSO-0001,21X-BE-A-A0A0A-Y,Fluxys Belgium,ITP-00112,Eynatten 1 (BE) // Lichtenbusch / Raeren (DE),21Z0000000000155,entry,kWh/h,,,0,2022-03-20T02:03:09+01:00,,Confirmed,,,,,True,,,True,PRISMA,,https://platform.prisma-capacity.eu/,,Cross-Border Transmission IP within EU,0,False
1Physical Flowhour2022-02-19 11:00:00 +00:002022-02-19 12:00:00 +00:00BE-TSO-0001ITP-00112entrykWh/h,1,Physical Flow,hour,2022-02-19T12:00:00+01:00,2022-02-19T13:00:00+01:00,BE-TSO-0001,21X-BE-A-A0A0A-Y,Fluxys Belgium,ITP-00112,Eynatten 1 (BE) // Lichtenbusch / Raeren (DE),21Z0000000000155,entry,kWh/h,,,0,2022-03-20T02:03:09+01:00,,Confirmed,,,,,True,,,True,PRISMA,,https://platform.prisma-capacity.eu/,,Cross-Border Transmission IP within EU,0,False
1Physical Flowhour2022-02-19 12:00:00 +00:002022-02-19 13:00:00 +00:00BE-TSO-0001ITP-00112entrykWh/h,1,Physical Flow,hour,2022-02-19T13:00:00+01:00,2022-02-19T14:00:00+01:00,BE-TSO-0001,21X-BE-A-A0A0A-Y,Fluxys Belgium,ITP-00112,Eynatten 1 (BE) // Lichtenbusch / Raeren (DE),21Z0000000000155,entry,kWh/h,,,0,2022-03-20T02:03:09+01:00,,Confirmed,,,,,True,,,True,PRISMA,,https://platform.prisma-capacity.eu/,,Cross-Border Transmission IP within EU,0,False
1Physical Flowhour2022-02-19 13:00:00 +00:002022-02-19 14:00:00 +00:00BE-TSO-0001ITP-00112entrykWh/h,1,Physical Flow,hour,2022-02-19T14:00:00+01:00,2022-02-19T15:00:00+01:00,BE-TSO-0001,21X-BE-A-A0A0A-Y,Fluxys Belgium,ITP-00112,Eynatten 1 (BE) // Lichtenbusch / Raeren (DE),21Z0000000000155,entry,kWh/h,,,0,2022-03-20T02:03:09+01:00,,Confirmed,,,,,True,,,True,PRISMA,,https://platform.prisma-capacity.eu/,,Cross-Border Transmission IP within EU,0,False
1Physical Flowhour2022-02-19 14:00:00 +00:002022-02-19 15:00:00 +00:00BE-TSO-0001ITP-00112entrykWh/h,1,Physical Flow,hour,2022-02-19T15:00:00+01:00,2022-02-19T16:00:00+01:00,BE-TSO-0001,21X-BE-A-A0A0A-Y,Fluxys Belgium,ITP-00112,Eynatten 1 (BE) // Lichtenbusch / Raeren (DE),21Z0000000000155,entry,kWh/h,,,0,2022-03-20T02:03:09+01:00,,Confirmed,,,,,True,,,True,PRISMA,,https://platform.prisma-capacity.eu/,,Cross-Border Transmission IP within EU,0,False
1Physical Flowhour2022-02-19 15:00:00 +00:002022-02-19 16:00:00 +00:00BE-TSO-0001ITP-00112entrykWh/h,1,Physical Flow,hour,2022-02-19T16:00:00+01:00,2022-02-19T17:00:00+01:00,BE-TSO-0001,21X-BE-A-A0A0A-Y,Fluxys Belgium,ITP-00112,Eynatten 1 (BE) // Lichtenbusch / Raeren (DE),21Z0000000000155,entry,kWh/h,,,0,2022-03-20T02:03:09+01:00,,Confirmed,,,,,True,,,True,PRISMA,,https://platform.prisma-capacity.eu/,,Cross-Border Transmission IP within EU,0,False
1Physical Flowhour2022-02-19 16:00:00 +00:002022-02-19 17:00:00 +00:00BE-TSO-0001ITP-00112entrykWh/h,1,Physical Flow,hour,2022-02-19T17:00:00+01:00,2022-02-19T18:00:00+01:00,BE-TSO-0001,21X-BE-A-A0A0A-Y,Fluxys Belgium,ITP-00112,Eynatten 1 (BE) // Lichtenbusch / Raeren (DE),21Z0000000000155,entry,kWh/h,,,0,2022-03-20T02:03:09+01:00,,Confirmed,,,,,True,,,True,PRISMA,,https://platform.prisma-capacity.eu/,,Cross-Border Transmission IP within EU,0,False
1Physical Flowhour2022-02-19 17:00:00 +00:002022-02-19 18:00:00 +00:00BE-TSO-0001ITP-00112entrykWh/h,1,Physical Flow,hour,2022-02-19T18:00:00+01:00,2022-02-19T19:00:00+01:00,BE-TSO-0001,21X-BE-A-A0A0A-Y,Fluxys Belgium,ITP-00112,Eynatten 1 (BE) // Lichtenbusch / Raeren (DE),21Z0000000000155,entry,kWh/h,,,0,2022-03-20T02:03:09+01:00,,Confirmed,,,,,True,,,True,PRISMA,,https://platform.prisma-capacity.eu/,,Cross-Border Transmission IP within EU,0,False
1Physical Flowhour2022-02-19 18:00:00 +00:002022-02-19 19:00:00 +00:00BE-TSO-0001ITP-00112entrykWh/h,1,Physical Flow,hour,2022-02-19T19:00:00+01:00,2022-02-19T20:00:00+01:00,BE-TSO-0001,21X-BE-A-A0A0A-Y,Fluxys Belgium,ITP-00112,Eynatten 1 (BE) // Lichtenbusch / Raeren (DE),21Z0000000000155,entry,kWh/h,,,0,2022-03-20T02:03:09+01:00,,Confirmed,,,,,True,,,True,PRISMA,,https://platform.prisma-capacity.eu/,,Cross-Border Transmission IP within EU,0,False
1Physical Flowhour2022-02-19 19:00:00 +00:002022-02-19 20:00:00 +00:00BE-TSO-0001ITP-00112entrykWh/h,1,Physical Flow,hour,2022-02-19T20:00:00+01:00,2022-02-19T21:00:00+01:00,BE-TSO-0001,21X-BE-A-A0A0A-Y,Fluxys Belgium,ITP-00112,Eynatten 1 (BE) // Lichtenbusch / Raeren (DE),21Z0000000000155,entry,kWh/h,,,0,2022-03-20T02:03:09+01:00,,Confirmed,,,,,True,,,True,PRISMA,,https://platform.prisma-capacity.eu/,,Cross-Border Transmission IP within EU,0,False
1Physical Flowhour2022-02-19 20:00:00 +00:002022-02-19 21:00:00 +00:00BE-TSO-0001ITP-00112entrykWh/h,1,Physical Flow,hour,2022-02-19T21:00:00+01:00,2022-02-19T22:00:00+01:00,BE-TSO-0001,21X-BE-A-A0A0A-Y,Fluxys Belgium,ITP-00112,Eynatten 1 (BE) // Lichtenbusch / Raeren (DE),21Z0000000000155,entry,kWh/h,,,0,2022-03-20T02:03:09+01:00,,Confirmed,,,,,True,,,True,PRISMA,,https://platform.prisma-capacity.eu/,,Cross-Border Transmission IP within EU,0,False
1Physical Flowhour2022-02-19 21:00:00 +00:002022-02-19 22:00:00 +00:00BE-TSO-0001ITP-00112entrykWh/h,1,Physical Flow,hour,2022-02-19T22:00:00+01:00,2022-02-19T23:00:00+01:00,BE-TSO-0001,21X-BE-A-A0A0A-Y,Fluxys Belgium,ITP-00112,Eynatten 1 (BE) // Lichtenbusch / Raeren (DE),21Z0000000000155,entry,kWh/h,,,0,2022-03-20T02:03:09+01:00,,Confirmed,,,,,True,,,True,PRISMA,,https://platform.prisma-capacity.eu/,,Cross-Border Transmission IP within EU,0,False
1Physical Flowhour2022-02-19 22:00:00 +00:002022-02-19 23:00:00 +00:00BE-TSO-0001ITP-00112entrykWh/h,1,Physical Flow,hour,2022-02-19T23:00:00+01:00,2022-02-20T00:00:00+01:00,BE-TSO-0001,21X-BE-A-A0A0A-Y,Fluxys Belgium,ITP-00112,Eynatten 1 (BE) // Lichtenbusch / Raeren (DE),21Z0000000000155,entry,kWh/h,,,0,2022-03-20T02:03:09+01:00,,Confirmed,,,,,True,,,True,PRISMA,,https://platform.prisma-capacity.eu/,,Cross-Border Transmission IP within EU,0,False
1Physical Flowhour2022-02-19 23:00:00 +00:002022-02-20 00:00:00 +00:00BE-TSO-0001ITP-00112entrykWh/h,1,Physical Flow,hour,2022-02-20T00:00:00+01:00,2022-02-20T01:00:00+01:00,BE-TSO-0001,21X-BE-A-A0A0A-Y,Fluxys Belgium,ITP-00112,Eynatten 1 (BE) // Lichtenbusch / Raeren (DE),21Z0000000000155,entry,kWh/h,,,0,2022-03-20T02:03:09+01:00,,Confirmed,,,,,True,,,True,PRISMA,,https://platform.prisma-capacity.eu/,,Cross-Border Transmission IP within EU,0,False
1Physical Flowhour2022-02-20 00:00:00 +00:002022-02-20 01:00:00 +00:00BE-TSO-0001ITP-00112entrykWh/h,1,Physical Flow,hour,2022-02-20T01:00:00+01:00,2022-02-20T02:00:00+01:00,BE-TSO-0001,21X-BE-A-A0A0A-Y,Fluxys Belgium,ITP-00112,Eynatten 1 (BE) // Lichtenbusch / Raeren (DE),21Z0000000000155,entry,kWh/h,,,0,2022-03-20T02:03:09+01:00,,Confirmed,,,,,True,,,True,PRISMA,,https://platform.prisma-capacity.eu/,,Cross-Border Transmission IP within EU,0,False
1Physical Flowhour2022-02-20 01:00:00 +00:002022-02-20 02:00:00 +00:00BE-TSO-0001ITP-00112entrykWh/h,1,Physical Flow,hour,2022-02-20T02:00:00+01:00,2022-02-20T03:00:00+01:00,BE-TSO-0001,21X-BE-A-A0A0A-Y,Fluxys Belgium,ITP-00112,Eynatten 1 (BE) // Lichtenbusch / Raeren (DE),21Z0000000000155,entry,kWh/h,,,0,2022-03-20T02:03:09+01:00,,Confirmed,,,,,True,,,True,PRISMA,,https://platform.prisma-capacity.eu/,,Cross-Border Transmission IP within EU,0,False
1Physical Flowhour2022-02-20 02:00:00 +00:002022-02-20 03:00:00 +00:00BE-TSO-0001ITP-00112entrykWh/h,1,Physical Flow,hour,2022-02-20T03:00:00+01:00,2022-02-20T04:00:00+01:00,BE-TSO-0001,21X-BE-A-A0A0A-Y,Fluxys Belgium,ITP-00112,Eynatten 1 (BE) // Lichtenbusch / Raeren (DE),21Z0000000000155,entry,kWh/h,,,0,2022-03-20T02:03:09+01:00,,Confirmed,,,,,True,,,True,PRISMA,,https://platform.prisma-capacity.eu/,,Cross-Border Transmission IP within EU,0,False
1Physical Flowhour2022-02-20 03:00:00 +00:002022-02-20 04:00:00 +00:00BE-TSO-0001ITP-00112entrykWh/h,1,Physical Flow,hour,2022-02-20T04:00:00+01:00,2022-02-20T05:00:00+01:00,BE-TSO-0001,21X-BE-A-A0A0A-Y,Fluxys Belgium,ITP-00112,Eynatten 1 (BE) // Lichtenbusch / Raeren (DE),21Z0000000000155,entry,kWh/h,,,0,2022-03-20T02:03:09+01:00,,Confirmed,,,,,True,,,True,PRISMA,,https://platform.prisma-capacity.eu/,,Cross-Border Transmission IP within EU,0,False
1Physical Flowhour2022-02-20 04:00:00 +00:002022-02-20 05:00:00 +00:00BE-TSO-0001ITP-00112entrykWh/h,1,Physical Flow,hour,2022-02-20T05:00:00+01:00,2022-02-20T06:00:00+01:00,BE-TSO-0001,21X-BE-A-A0A0A-Y,Fluxys Belgium,ITP-00112,Eynatten 1 (BE) // Lichtenbusch / Raeren (DE),21Z0000000000155,entry,kWh/h,,,0,2022-03-20T02:03:09+01:00,,Confirmed,,,,,True,,,True,PRISMA,,https://platform.prisma-capacity.eu/,,Cross-Border Transmission IP within EU,0,False
1Physical Flowhour2022-02-20 05:00:00 +00:002022-02-20 06:00:00 +00:00BE-TSO-0001ITP-00112entrykWh/h,1,Physical Flow,hour,2022-02-20T06:00:00+01:00,2022-02-20T07:00:00+01:00,BE-TSO-0001,21X-BE-A-A0A0A-Y,Fluxys Belgium,ITP-00112,Eynatten 1 (BE) // Lichtenbusch / Raeren (DE),21Z0000000000155,entry,kWh/h,,,0,2022-03-20T02:03:09+01:00,,Confirmed,,,,,True,,,True,PRISMA,,https://platform.prisma-capacity.eu/,,Cross-Border Transmission IP within EU,0,False
1Physical Flowhour2022-02-20 06:00:00 +00:002022-02-20 07:00:00 +00:00BE-TSO-0001ITP-00112entrykWh/h,1,Physical Flow,hour,2022-02-20T07:00:00+01:00,2022-02-20T08:00:00+01:00,BE-TSO-0001,21X-BE-A-A0A0A-Y,Fluxys Belgium,ITP-00112,Eynatten 1 (BE) // Lichtenbusch / Raeren (DE),21Z0000000000155,entry,kWh/h,,,0,2022-03-20T02:03:09+01:00,,Confirmed,,,,,True,,,True,PRISMA,,https://platform.prisma-capacity.eu/,,Cross-Border Transmission IP within EU,0,False
1Physical Flowhour2022-02-20 07:00:00 +00:002022-02-20 08:00:00 +00:00BE-TSO-0001ITP-00112entrykWh/h,1,Physical Flow,hour,2022-02-20T08:00:00+01:00,2022-02-20T09:00:00+01:00,BE-TSO-0001,21X-BE-A-A0A0A-Y,Fluxys Belgium,ITP-00112,Eynatten 1 (BE) // Lichtenbusch / Raeren (DE),21Z0000000000155,entry,kWh/h,,,0,2022-03-20T02:03:09+01:00,,Confirmed,,,,,True,,,True,PRISMA,,https://platform.prisma-capacity.eu/,,Cross-Border Transmission IP within EU,0,False
1Physical Flowhour2022-02-20 08:00:00 +00:002022-02-20 09:00:00 +00:00BE-TSO-0001ITP-00112entrykWh/h,1,Physical Flow,hour,2022-02-20T09:00:00+01:00,2022-02-20T10:00:00+01:00,BE-TSO-0001,21X-BE-A-A0A0A-Y,Fluxys Belgium,ITP-00112,Eynatten 1 (BE) // Lichtenbusch / Raeren (DE),21Z0000000000155,entry,kWh/h,,,0,2022-03-20T02:03:09+01:00,,Confirmed,,,,,True,,,True,PRISMA,,https://platform.prisma-capacity.eu/,,Cross-Border Transmission IP within EU,0,False
1Physical Flowhour2022-02-20 09:00:00 +00:002022-02-20 10:00:00 +00:00BE-TSO-0001ITP-00112entrykWh/h,1,Physical Flow,hour,2022-02-20T10:00:00+01:00,2022-02-20T11:00:00+01:00,BE-TSO-0001,21X-BE-A-A0A0A-Y,Fluxys Belgium,ITP-00112,Eynatten 1 (BE) // Lichtenbusch / Raeren (DE),21Z0000000000155,entry,kWh/h,,,0,2022-03-20T02:03:09+01:00,,Confirmed,,,,,True,,,True,PRISMA,,https://platform.prisma-capacity.eu/,,Cross-Border Transmission IP within EU,0,False
1Physical Flowhour2022-02-20 10:00:00 +00:002022-02-20 11:00:00 +00:00BE-TSO-0001ITP-00112entrykWh/h,1,Physical Flow,hour,2022-02-20T11:00:00+01:00,2022-02-20T12:00:00+01:00,BE-TSO-0001,21X-BE-A-A0A0A-Y,Fluxys Belgium,ITP-00112,Eynatten 1 (BE) // Lichtenbusch / Raeren (DE),21Z0000000000155,entry,kWh/h,,,0,2022-03-20T02:03:09+01:00,,Confirmed,,,,,True,,,True,PRISMA,,https://platform.prisma-capacity.eu/,,Cross-Border Transmission IP within EU,0,False
1Physical Flowhour2022-02-20 11:00:00 +00:002022-02-20 12:00:00 +00:00BE-TSO-0001ITP-00112entrykWh/h,1,Physical Flow,hour,2022-02-20T12:00:00+01:00,2022-02-20T13:00:00+01:00,BE-TSO-0001,21X-BE-A-A0A0A-Y,Fluxys Belgium,ITP-00112,Eynatten 1 (BE) // Lichtenbusch / Raeren (DE),21Z0000000000155,entry,kWh/h,,,0,2022-03-20T02:03:09+01:00,,Confirmed,,,,,True,,,True,PRISMA,,https://platform.prisma-capacity.eu/,,Cross-Border Transmission IP within EU,0,False
1Physical Flowhour2022-02-20 12:00:00 +00:002022-02-20 13:00:00 +00:00BE-TSO-0001ITP-00112entrykWh/h,1,Physical Flow,hour,2022-02-20T13:00:00+01:00,2022-02-20T14:00:00+01:00,BE-TSO-0001,21X-BE-A-A0A0A-Y,Fluxys Belgium,ITP-00112,Eynatten 1 (BE) // Lichtenbusch / Raeren (DE),21Z0000000000155,entry,kWh/h,,,0,2022-03-20T02:03:09+01:00,,Confirmed,,,,,True,,,True,PRISMA,,https://platform.prisma-capacity.eu/,,Cross-Border Transmission IP within EU,0,False
1Physical Flowhour2022-02-20 13:00:00 +00:002022-02-20 14:00:00 +00:00BE-TSO-0001ITP-00112entrykWh/h,1,Physical Flow,hour,2022-02-20T14:00:00+01:00,2022-02-20T15:00:00+01:00,BE-TSO-0001,21X-BE-A-A0A0A-Y,Fluxys Belgium,ITP-00112,Eynatten 1 (BE) // Lichtenbusch / Raeren (DE),21Z0000000000155,entry,kWh/h,,,0,2022-03-20T02:03:09+01:00,,Confirmed,,,,,True,,,True,PRISMA,,https://platform.prisma-capacity.eu/,,Cross-Border Transmission IP within EU,0,False
1Physical Flowhour2022-02-20 14:00:00 +00:002022-02-20 15:00:00 +00:00BE-TSO-0001ITP-00112entrykWh/h,1,Physical Flow,hour,2022-02-20T15:00:00+01:00,2022-02-20T16:00:00+01:00,BE-TSO-0001,21X-BE-A-A0A0A-Y,Fluxys Belgium,ITP-00112,Eynatten 1 (BE) // Lichtenbusch / Raeren (DE),21Z0000000000155,entry,kWh/h,,,0,2022-03-20T02:03:09+01:00,,Confirmed,,,,,True,,,True,PRISMA,,https://platform.prisma-capacity.eu/,,Cross-Border Transmission IP within EU,0,False
1Physical Flowhour2022-02-20 15:00:00 +00:002022-02-20 16:00:00 +00:00BE-TSO-0001ITP-00112entrykWh/h,1,Physical Flow,hour,2022-02-20T16:00:00+01:00,2022-02-20T17:00:00+01:00,BE-TSO-0001,21X-BE-A-A0A0A-Y,Fluxys Belgium,ITP-00112,Eynatten 1 (BE) // Lichtenbusch / Raeren (DE),21Z0000000000155,entry,kWh/h,,,0,2022-03-20T02:03:09+01:00,,Confirmed,,,,,True,,,True,PRISMA,,https://platform.prisma-capacity.eu/,,Cross-Border Transmission IP within EU,0,False
1Physical Flowhour2022-02-20 16:00:00 +00:002022-02-20 17:00:00 +00:00BE-TSO-0001ITP-00112entrykWh/h,1,Physical Flow,hour,2022-02-20T17:00:00+01:00,2022-02-20T18:00:00+01:00,BE-TSO-0001,21X-BE-A-A0A0A-Y,Fluxys Belgium,ITP-00112,Eynatten 1 (BE) // Lichtenbusch / Raeren (DE),21Z0000000000155,entry,kWh/h,,,0,2022-03-20T02:03:09+01:00,,Confirmed,,,,,True,,,True,PRISMA,,https://platform.prisma-capacity.eu/,,Cross-Border Transmission IP within EU,0,False
1Physical Flowhour2022-02-20 17:00:00 +00:002022-02-20 18:00:00 +00:00BE-TSO-0001ITP-00112entrykWh/h,1,Physical Flow,hour,2022-02-20T18:00:00+01:00,2022-02-20T19:00:00+01:00,BE-TSO-0001,21X-BE-A-A0A0A-Y,Fluxys Belgium,ITP-00112,Eynatten 1 (BE) // Lichtenbusch / Raeren (DE),21Z0000000000155,entry,kWh/h,,,0,2022-03-20T02:03:09+01:00,,Confirmed,,,,,True,,,True,PRISMA,,https://platform.prisma-capacity.eu/,,Cross-Border Transmission IP within EU,0,False
1Physical Flowhour2022-02-20 18:00:00 +00:002022-02-20 19:00:00 +00:00BE-TSO-0001ITP-00112entrykWh/h,1,Physical Flow,hour,2022-02-20T19:00:00+01:00,2022-02-20T20:00:00+01:00,BE-TSO-0001,21X-BE-A-A0A0A-Y,Fluxys Belgium,ITP-00112,Eynatten 1 (BE) // Lichtenbusch / Raeren (DE),21Z0000000000155,entry,kWh/h,,,0,2022-03-20T02:03:09+01:00,,Confirmed,,,,,True,,,True,PRISMA,,https://platform.prisma-capacity.eu/,,Cross-Border Transmission IP within EU,0,False
1Physical Flowhour2022-02-20 19:00:00 +00:002022-02-20 20:00:00 +00:00BE-TSO-0001ITP-00112entrykWh/h,1,Physical Flow,hour,2022-02-20T20:00:00+01:00,2022-02-20T21:00:00+01:00,BE-TSO-0001,21X-BE-A-A0A0A-Y,Fluxys Belgium,ITP-00112,Eynatten 1 (BE) // Lichtenbusch / Raeren (DE),21Z0000000000155,entry,kWh/h,,,0,2022-03-20T02:03:09+01:00,,Confirmed,,,,,True,,,True,PRISMA,,https://platform.prisma-capacity.eu/,,Cross-Border Transmission IP within EU,0,False
1Physical Flowhour2022-02-20 20:00:00 +00:002022-02-20 21:00:00 +00:00BE-TSO-0001ITP-00112entrykWh/h,1,Physical Flow,hour,2022-02-20T21:00:00+01:00,2022-02-20T22:00:00+01:00,BE-TSO-0001,21X-BE-A-A0A0A-Y,Fluxys Belgium,ITP-00112,Eynatten 1 (BE) // Lichtenbusch / Raeren (DE),21Z0000000000155,entry,kWh/h,,,0,2022-03-20T02:03:09+01:00,,Confirmed,,,,,True,,,True,PRISMA,,https://platform.prisma-capacity.eu/,,Cross-Border Transmission IP within EU,0,False
1Physical Flowhour2022-02-20 21:00:00 +00:002022-02-20 22:00:00 +00:00BE-TSO-0001ITP-00112entrykWh/h,1,Physical Flow,hour,2022-02-20T22:00:00+01:00,2022-02-20T23:00:00+01:00,BE-TSO-0001,21X-BE-A-A0A0A-Y,Fluxys Belgium,ITP-00112,Eynatten 1 (BE) // Lichtenbusch / Raeren (DE),21Z0000000000155,entry,kWh/h,,,0,2022-03-20T02:03:09+01:00,,Confirmed,,,,,True,,,True,PRISMA,,https://platform.prisma-capacity.eu/,,Cross-Border Transmission IP within EU,0,False
1Physical Flowhour2022-02-20 22:00:00 +00:002022-02-20 23:00:00 +00:00BE-TSO-0001ITP-00112entrykWh/h,1,Physical Flow,hour,2022-02-20T23:00:00+01:00,2022-02-21T00:00:00+01:00,BE-TSO-0001,21X-BE-A-A0A0A-Y,Fluxys Belgium,ITP-00112,Eynatten 1 (BE) // Lichtenbusch / Raeren (DE),21Z0000000000155,entry,kWh/h,,,0,2022-03-20T02:03:09+01:00,,Confirmed,,,,,True,,,True,PRISMA,,https://platform.prisma-capacity.eu/,,Cross-Border Transmission IP within EU,0,False
1Physical Flowhour2022-02-20 23:00:00 +00:002022-02-21 00:00:00 +00:00BE-TSO-0001ITP-00112entrykWh/h,1,Physical Flow,hour,2022-02-21T00:00:00+01:00,2022-02-21T01:00:00+01:00,BE-TSO-0001,21X-BE-A-A0A0A-Y,Fluxys Belgium,ITP-00112,Eynatten 1 (BE) // Lichtenbusch / Raeren (DE),21Z0000000000155,entry,kWh/h,,,0,2022-03-20T02:03:09+01:00,,Confirmed,,,,,True,,,True,PRISMA,,https://platform.prisma-capacity.eu/,,Cross-Border Transmission IP within EU,0,False
1Physical Flowhour2022-02-21 00:00:00 +00:002022-02-21 01:00:00 +00:00BE-TSO-0001ITP-00112entrykWh/h,1,Physical Flow,hour,2022-02-21T01:00:00+01:00,2022-02-21T02:00:00+01:00,BE-TSO-0001,21X-BE-A-A0A0A-Y,Fluxys Belgium,ITP-00112,Eynatten 1 (BE) // Lichtenbusch / Raeren (DE),21Z0000000000155,entry,kWh/h,,,0,2022-03-20T02:03:09+01:00,,Confirmed,,,,,True,,,True,PRISMA,,https://platform.prisma-capacity.eu/,,Cross-Border Transmission IP within EU,0,False
1Physical Flowhour2022-02-21 01:00:00 +00:002022-02-21 02:00:00 +00:00BE-TSO-0001ITP-00112entrykWh/h,1,Physical Flow,hour,2022-02-21T02:00:00+01:00,2022-02-21T03:00:00+01:00,BE-TSO-0001,21X-BE-A-A0A0A-Y,Fluxys Belgium,ITP-00112,Eynatten 1 (BE) // Lichtenbusch / Raeren (DE),21Z0000000000155,entry,kWh/h,,,0,2022-03-20T02:03:09+01:00,,Confirmed,,,,,True,,,True,PRISMA,,https://platform.prisma-capacity.eu/,,Cross-Border Transmission IP within EU,0,False
1Physical Flowhour2022-02-21 02:00:00 +00:002022-02-21 03:00:00 +00:00BE-TSO-0001ITP-00112entrykWh/h,1,Physical Flow,hour,2022-02-21T03:00:00+01:00,2022-02-21T04:00:00+01:00,BE-TSO-0001,21X-BE-A-A0A0A-Y,Fluxys Belgium,ITP-00112,Eynatten 1 (BE) // Lichtenbusch / Raeren (DE),21Z0000000000155,entry,kWh/h,,,0,2022-03-20T02:03:09+01:00,,Confirmed,,,,,True,,,True,PRISMA,,https://platform.prisma-capacity.eu/,,Cross-Border Transmission IP within EU,0,False
1Physical Flowhour2022-02-21 03:00:00 +00:002022-02-21 04:00:00 +00:00BE-TSO-0001ITP-00112entrykWh/h,1,Physical Flow,hour,2022-02-21T04:00:00+01:00,2022-02-21T05:00:00+01:00,BE-TSO-0001,21X-BE-A-A0A0A-Y,Fluxys Belgium,ITP-00112,Eynatten 1 (BE) // Lichtenbusch / Raeren (DE),21Z0000000000155,entry,kWh/h,,,0,2022-03-20T02:03:09+01:00,,Confirmed,,,,,True,,,True,PRISMA,,https://platform.prisma-capacity.eu/,,Cross-Border Transmission IP within EU,0,False
1Physical Flowhour2022-02-21 04:00:00 +00:002022-02-21 05:00:00 +00:00BE-TSO-0001ITP-00112entrykWh/h,1,Physical Flow,hour,2022-02-21T05:00:00+01:00,2022-02-21T06:00:00+01:00,BE-TSO-0001,21X-BE-A-A0A0A-Y,Fluxys Belgium,ITP-00112,Eynatten 1 (BE) // Lichtenbusch / Raeren (DE),21Z0000000000155,entry,kWh/h,,,0,2022-03-20T02:03:09+01:00,,Confirmed,,,,,True,,,True,PRISMA,,https://platform.prisma-capacity.eu/,,Cross-Border Transmission IP within EU,0,False
1Physical Flowhour2022-02-21 05:00:00 +00:002022-02-21 06:00:00 +00:00BE-TSO-0001ITP-00112entrykWh/h,1,Physical Flow,hour,2022-02-21T06:00:00+01:00,2022-02-21T07:00:00+01:00,BE-TSO-0001,21X-BE-A-A0A0A-Y,Fluxys Belgium,ITP-00112,Eynatten 1 (BE) // Lichtenbusch / Raeren (DE),21Z0000000000155,entry,kWh/h,,,0,2022-03-20T02:03:09+01:00,,Confirmed,,,,,True,,,True,PRISMA,,https://platform.prisma-capacity.eu/,,Cross-Border Transmission IP within EU,0,False
1Physical Flowhour2022-02-21 06:00:00 +00:002022-02-21 07:00:00 +00:00BE-TSO-0001ITP-00112entrykWh/h,1,Physical Flow,hour,2022-02-21T07:00:00+01:00,2022-02-21T08:00:00+01:00,BE-TSO-0001,21X-BE-A-A0A0A-Y,Fluxys Belgium,ITP-00112,Eynatten 1 (BE) // Lichtenbusch / Raeren (DE),21Z0000000000155,entry,kWh/h,,,0,2022-03-20T02:03:09+01:00,,Confirmed,,,,,True,,,True,PRISMA,,https://platform.prisma-capacity.eu/,,Cross-Border Transmission IP within EU,0,False
1Physical Flowhour2022-02-21 07:00:00 +00:002022-02-21 08:00:00 +00:00BE-TSO-0001ITP-00112entrykWh/h,1,Physical Flow,hour,2022-02-21T08:00:00+01:00,2022-02-21T09:00:00+01:00,BE-TSO-0001,21X-BE-A-A0A0A-Y,Fluxys Belgium,ITP-00112,Eynatten 1 (BE) // Lichtenbusch / Raeren (DE),21Z0000000000155,entry,kWh/h,,,0,2022-03-20T02:03:09+01:00,,Confirmed,,,,,True,,,True,PRISMA,,https://platform.prisma-capacity.eu/,,Cross-Border Transmission IP within EU,0,False
1Physical Flowhour2022-02-21 08:00:00 +00:002022-02-21 09:00:00 +00:00BE-TSO-0001ITP-00112entrykWh/h,1,Physical Flow,hour,2022-02-21T09:00:00+01:00,2022-02-21T10:00:00+01:00,BE-TSO-0001,21X-BE-A-A0A0A-Y,Fluxys Belgium,ITP-00112,Eynatten 1 (BE) // Lichtenbusch / Raeren (DE),21Z0000000000155,entry,kWh/h,,,0,2022-03-20T02:03:09+01:00,,Confirmed,,,,,True,,,True,PRISMA,,https://platform.prisma-capacity.eu/,,Cross-Border Transmission IP within EU,0,False
1Physical Flowhour2022-02-21 09:00:00 +00:002022-02-21 10:00:00 +00:00BE-TSO-0001ITP-00112entrykWh/h,1,Physical Flow,hour,2022-02-21T10:00:00+01:00,2022-02-21T11:00:00+01:00,BE-TSO-0001,21X-BE-A-A0A0A-Y,Fluxys Belgium,ITP-00112,Eynatten 1 (BE) // Lichtenbusch / Raeren (DE),21Z0000000000155,entry,kWh/h,,,0,2022-03-20T02:03:09+01:00,,Confirmed,,,,,True,,,True,PRISMA,,https://platform.prisma-capacity.eu/,,Cross-Border Transmission IP within EU,0,False
1Physical Flowhour2022-02-21 10:00:00 +00:002022-02-21 11:00:00 +00:00BE-TSO-0001ITP-00112entrykWh/h,1,Physical Flow,hour,2022-02-21T11:00:00+01:00,2022-02-21T12:00:00+01:00,BE-TSO-0001,21X-BE-A-A0A0A-Y,Fluxys Belgium,ITP-00112,Eynatten 1 (BE) // Lichtenbusch / Raeren (DE),21Z0000000000155,entry,kWh/h,,,0,2022-03-20T02:03:09+01:00,,Confirmed,,,,,True,,,True,PRISMA,,https://platform.prisma-capacity.eu/,,Cross-Border Transmission IP within EU,0,False
1Physical Flowhour2022-02-21 11:00:00 +00:002022-02-21 12:00:00 +00:00BE-TSO-0001ITP-00112entrykWh/h,1,Physical Flow,hour,2022-02-21T12:00:00+01:00,2022-02-21T13:00:00+01:00,BE-TSO-0001,21X-BE-A-A0A0A-Y,Fluxys Belgium,ITP-00112,Eynatten 1 (BE) // Lichtenbusch / Raeren (DE),21Z0000000000155,entry,kWh/h,,,0,2022-03-20T02:03:09+01:00,,Confirmed,,,,,True,,,True,PRISMA,,https://platform.prisma-capacity.eu/,,Cross-Border Transmission IP within EU,0,False
1Physical Flowhour2022-02-21 12:00:00 +00:002022-02-21 13:00:00 +00:00BE-TSO-0001ITP-00112entrykWh/h,1,Physical Flow,hour,2022-02-21T13:00:00+01:00,2022-02-21T14:00:00+01:00,BE-TSO-0001,21X-BE-A-A0A0A-Y,Fluxys Belgium,ITP-00112,Eynatten 1 (BE) // Lichtenbusch / Raeren (DE),21Z0000000000155,entry,kWh/h,,,0,2022-03-20T02:03:09+01:00,,Confirmed,,,,,True,,,True,PRISMA,,https://platform.prisma-capacity.eu/,,Cross-Border Transmission IP within EU,0,False
1Physical Flowhour2022-02-21 13:00:00 +00:002022-02-21 14:00:00 +00:00BE-TSO-0001ITP-00112entrykWh/h,1,Physical Flow,hour,2022-02-21T14:00:00+01:00,2022-02-21T15:00:00+01:00,BE-TSO-0001,21X-BE-A-A0A0A-Y,Fluxys Belgium,ITP-00112,Eynatten 1 (BE) // Lichtenbusch / Raeren (DE),21Z0000000000155,entry,kWh/h,,,0,2022-03-20T02:03:09+01:00,,Confirmed,,,,,True,,,True,PRISMA,,https://platform.prisma-capacity.eu/,,Cross-Border Transmission IP within EU,0,False
1Physical Flowhour2022-02-21 14:00:00 +00:002022-02-21 15:00:00 +00:00BE-TSO-0001ITP-00112entrykWh/h,1,Physical Flow,hour,2022-02-21T15:00:00+01:00,2022-02-21T16:00:00+01:00,BE-TSO-0001,21X-BE-A-A0A0A-Y,Fluxys Belgium,ITP-00112,Eynatten 1 (BE) // Lichtenbusch / Raeren (DE),21Z0000000000155,entry,kWh/h,,,0,2022-03-20T02:03:09+01:00,,Confirmed,,,,,True,,,True,PRISMA,,https://platform.prisma-capacity.eu/,,Cross-Border Transmission IP within EU,0,False
1Physical Flowhour2022-02-21 15:00:00 +00:002022-02-21 16:00:00 +00:00BE-TSO-0001ITP-00112entrykWh/h,1,Physical Flow,hour,2022-02-21T16:00:00+01:00,2022-02-21T17:00:00+01:00,BE-TSO-0001,21X-BE-A-A0A0A-Y,Fluxys Belgium,ITP-00112,Eynatten 1 (BE) // Lichtenbusch / Raeren (DE),21Z0000000000155,entry,kWh/h,,,0,2022-03-20T02:03:09+01:00,,Confirmed,,,,,True,,,True,PRISMA,,https://platform.prisma-capacity.eu/,,Cross-Border Transmission IP within EU,0,False
1Physical Flowhour2022-02-21 16:00:00 +00:002022-02-21 17:00:00 +00:00BE-TSO-0001ITP-00112entrykWh/h,1,Physical Flow,hour,2022-02-21T17:00:00+01:00,2022-02-21T18:00:00+01:00,BE-TSO-0001,21X-BE-A-A0A0A-Y,Fluxys Belgium,ITP-00112,Eynatten 1 (BE) // Lichtenbusch / Raeren (DE),21Z0000000000155,entry,kWh/h,,,0,2022-03-20T02:03:09+01:00,,Confirmed,,,,,True,,,True,PRISMA,,https://platform.prisma-capacity.eu/,,Cross-Border Transmission IP within EU,0,False
1Physical Flowhour2022-02-21 17:00:00 +00:002022-02-21 18:00:00 +00:00BE-TSO-0001ITP-00112entrykWh/h,1,Physical Flow,hour,2022-02-21T18:00:00+01:00,2022-02-21T19:00:00+01:00,BE-TSO-0001,21X-BE-A-A0A0A-Y,Fluxys Belgium,ITP-00112,Eynatten 1 (BE) // Lichtenbusch / Raeren (DE),21Z0000000000155,entry,kWh/h,,,0,2022-03-20T02:03:09+01:00,,Confirmed,,,,,True,,,True,PRISMA,,https://platform.prisma-capacity.eu/,,Cross-Border Transmission IP within EU,0,False
1Physical Flowhour2022-02-21 18:00:00 +00:002022-02-21 19:00:00 +00:00BE-TSO-0001ITP-00112entrykWh/h,1,Physical Flow,hour,2022-02-21T19:00:00+01:00,2022-02-21T20:00:00+01:00,BE-TSO-0001,21X-BE-A-A0A0A-Y,Fluxys Belgium,ITP-00112,Eynatten 1 (BE) // Lichtenbusch / Raeren (DE),21Z0000000000155,entry,kWh/h,,,0,2022-03-20T02:03:09+01:00,,Confirmed,,,,,True,,,True,PRISMA,,https://platform.prisma-capacity.eu/,,Cross-Border Transmission IP within EU,0,False
1Physical Flowhour2022-02-21 19:00:00 +00:002022-02-21 20:00:00 +00:00BE-TSO-0001ITP-00112entrykWh/h,1,Physical Flow,hour,2022-02-21T20:00:00+01:00,2022-02-21T21:00:00+01:00,BE-TSO-0001,21X-BE-A-A0A0A-Y,Fluxys Belgium,ITP-00112,Eynatten 1 (BE) // Lichtenbusch / Raeren (DE),21Z0000000000155,entry,kWh/h,,,0,2022-03-20T02:03:09+01:00,,Confirmed,,,,,True,,,True,PRISMA,,https://platform.prisma-capacity.eu/,,Cross-Border Transmission IP within EU,0,False
1Physical Flowhour2022-02-21 20:00:00 +00:002022-02-21 21:00:00 +00:00BE-TSO-0001ITP-00112entrykWh/h,1,Physical Flow,hour,2022-02-21T21:00:00+01:00,2022-02-21T22:00:00+01:00,BE-TSO-0001,21X-BE-A-A0A0A-Y,Fluxys Belgium,ITP-00112,Eynatten 1 (BE) // Lichtenbusch / Raeren (DE),21Z0000000000155,entry,kWh/h,,,0,2022-03-20T02:03:09+01:00,,Confirmed,,,,,True,,,True,PRISMA,,https://platform.prisma-capacity.eu/,,Cross-Border Transmission IP within EU,0,False
1Physical Flowhour2022-02-21 21:00:00 +00:002022-02-21 22:00:00 +00:00BE-TSO-0001ITP-00112entrykWh/h,1,Physical Flow,hour,2022-02-21T22:00:00+01:00,2022-02-21T23:00:00+01:00,BE-TSO-0001,21X-BE-A-A0A0A-Y,Fluxys Belgium,ITP-00112,Eynatten 1 (BE) // Lichtenbusch / Raeren (DE),21Z0000000000155,entry,kWh/h,,,0,2022-03-20T02:03:09+01:00,,Confirmed,,,,,True,,,True,PRISMA,,https://platform.prisma-capacity.eu/,,Cross-Border Transmission IP within EU,0,False
1Physical Flowhour2022-02-21 22:00:00 +00:002022-02-21 23:00:00 +00:00BE-TSO-0001ITP-00112entrykWh/h,1,Physical Flow,hour,2022-02-21T23:00:00+01:00,2022-02-22T00:00:00+01:00,BE-TSO-0001,21X-BE-A-A0A0A-Y,Fluxys Belgium,ITP-00112,Eynatten 1 (BE) // Lichtenbusch / Raeren (DE),21Z0000000000155,entry,kWh/h,,,0,2022-03-20T02:03:09+01:00,,Confirmed,,,,,True,,,True,PRISMA,,https://platform.prisma-capacity.eu/,,Cross-Border Transmission IP within EU,0,False
1Physical Flowhour2022-02-21 23:00:00 +00:002022-02-22 00:00:00 +00:00BE-TSO-0001ITP-00112entrykWh/h,1,Physical Flow,hour,2022-02-22T00:00:00+01:00,2022-02-22T01:00:00+01:00,BE-TSO-0001,21X-BE-A-A0A0A-Y,Fluxys Belgium,ITP-00112,Eynatten 1 (BE) // Lichtenbusch / Raeren (DE),21Z0000000000155,entry,kWh/h,,,0,2022-03-20T02:03:09+01:00,,Confirmed,,,,,True,,,True,PRISMA,,https://platform.prisma-capacity.eu/,,Cross-Border Transmission IP within EU,0,False
1Physical Flowhour2022-02-22 00:00:00 +00:002022-02-22 01:00:00 +00:00BE-TSO-0001ITP-00112entrykWh/h,1,Physical Flow,hour,2022-02-22T01:00:00+01:00,2022-02-22T02:00:00+01:00,BE-TSO-0001,21X-BE-A-A0A0A-Y,Fluxys Belgium,ITP-00112,Eynatten 1 (BE) // Lichtenbusch / Raeren (DE),21Z0000000000155,entry,kWh/h,,,0,2022-03-20T02:03:09+01:00,,Confirmed,,,,,True,,,True,PRISMA,,https://platform.prisma-capacity.eu/,,Cross-Border Transmission IP within EU,0,False
1Physical Flowhour2022-02-22 01:00:00 +00:002022-02-22 02:00:00 +00:00BE-TSO-0001ITP-00112entrykWh/h,1,Physical Flow,hour,2022-02-22T02:00:00+01:00,2022-02-22T03:00:00+01:00,BE-TSO-0001,21X-BE-A-A0A0A-Y,Fluxys Belgium,ITP-00112,Eynatten 1 (BE) // Lichtenbusch / Raeren (DE),21Z0000000000155,entry,kWh/h,,,0,2022-03-20T02:03:09+01:00,,Confirmed,,,,,True,,,True,PRISMA,,https://platform.prisma-capacity.eu/,,Cross-Border Transmission IP within EU,0,False
1Physical Flowhour2022-02-22 02:00:00 +00:002022-02-22 03:00:00 +00:00BE-TSO-0001ITP-00112entrykWh/h,1,Physical Flow,hour,2022-02-22T03:00:00+01:00,2022-02-22T04:00:00+01:00,BE-TSO-0001,21X-BE-A-A0A0A-Y,Fluxys Belgium,ITP-00112,Eynatten 1 (BE) // Lichtenbusch / Raeren (DE),21Z0000000000155,entry,kWh/h,,,0,2022-03-20T02:03:09+01:00,,Confirmed,,,,,True,,,True,PRISMA,,https://platform.prisma-capacity.eu/,,Cross-Border Transmission IP within EU,0,False
1Physical Flowhour2022-02-22 03:00:00 +00:002022-02-22 04:00:00 +00:00BE-TSO-0001ITP-00112entrykWh/h,1,Physical Flow,hour,2022-02-22T04:00:00+01:00,2022-02-22T05:00:00+01:00,BE-TSO-0001,21X-BE-A-A0A0A-Y,Fluxys Belgium,ITP-00112,Eynatten 1 (BE) // Lichtenbusch / Raeren (DE),21Z0000000000155,entry,kWh/h,,,0,2022-03-20T02:03:09+01:00,,Confirmed,,,,,True,,,True,PRISMA,,https://platform.prisma-capacity.eu/,,Cross-Border Transmission IP within EU,0,False
1Physical Flowhour2022-02-22 04:00:00 +00:002022-02-22 05:00:00 +00:00BE-TSO-0001ITP-00112entrykWh/h,1,Physical Flow,hour,2022-02-22T05:00:00+01:00,2022-02-22T06:00:00+01:00,BE-TSO-0001,21X-BE-A-A0A0A-Y,Fluxys Belgium,ITP-00112,Eynatten 1 (BE) // Lichtenbusch / Raeren (DE),21Z0000000000155,entry,kWh/h,,,0,2022-03-20T02:03:09+01:00,,Confirmed,,,,,True,,,True,PRISMA,,https://platform.prisma-capacity.eu/,,Cross-Border Transmission IP within EU,0,False
1Physical Flowhour2022-02-22 05:00:00 +00:002022-02-22 06:00:00 +00:00BE-TSO-0001ITP-00112entrykWh/h,1,Physical Flow,hour,2022-02-22T06:00:00+01:00,2022-02-22T07:00:00+01:00,BE-TSO-0001,21X-BE-A-A0A0A-Y,Fluxys Belgium,ITP-00112,Eynatten 1 (BE) // Lichtenbusch / Raeren (DE),21Z0000000000155,entry,kWh/h,,,0,2022-03-20T02:03:09+01:00,,Confirmed,,,,,True,,,True,PRISMA,,https://platform.prisma-capacity.eu/,,Cross-Border Transmission IP within EU,0,False
1Physical Flowhour2022-02-22 06:00:00 +00:002022-02-22 07:00:00 +00:00BE-TSO-0001ITP-00112entrykWh/h,1,Physical Flow,hour,2022-02-22T07:00:00+01:00,2022-02-22T08:00:00+01:00,BE-TSO-0001,21X-BE-A-A0A0A-Y,Fluxys Belgium,ITP-00112,Eynatten 1 (BE) // Lichtenbusch / Raeren (DE),21Z0000000000155,entry,kWh/h,,,0,2022-03-20T02:03:09+01:00,,Confirmed,,,,,True,,,True,PRISMA,,https://platform.prisma-capacity.eu/,,Cross-Border Transmission IP within EU,0,False
1Physical Flowhour2022-02-22 07:00:00 +00:002022-02-22 08:00:00 +00:00BE-TSO-0001ITP-00112entrykWh/h,1,Physical Flow,hour,2022-02-22T08:00:00+01:00,2022-02-22T09:00:00+01:00,BE-TSO-0001,21X-BE-A-A0A0A-Y,Fluxys Belgium,ITP-00112,Eynatten 1 (BE) // Lichtenbusch / Raeren (DE),21Z0000000000155,entry,kWh/h,,,0,2022-03-20T02:03:09+01:00,,Confirmed,,,,,True,,,True,PRISMA,,https://platform.prisma-capacity.eu/,,Cross-Border Transmission IP within EU,0,False
1Physical Flowhour2022-02-22 08:00:00 +00:002022-02-22 09:00:00 +00:00BE-TSO-0001ITP-00112entrykWh/h,1,Physical Flow,hour,2022-02-22T09:00:00+01:00,2022-02-22T10:00:00+01:00,BE-TSO-0001,21X-BE-A-A0A0A-Y,Fluxys Belgium,ITP-00112,Eynatten 1 (BE) // Lichtenbusch / Raeren (DE),21Z0000000000155,entry,kWh/h,,,0,2022-03-20T02:03:09+01:00,,Confirmed,,,,,True,,,True,PRISMA,,https://platform.prisma-capacity.eu/,,Cross-Border Transmission IP within EU,0,False
1Physical Flowhour2022-02-22 09:00:00 +00:002022-02-22 10:00:00 +00:00BE-TSO-0001ITP-00112entrykWh/h,1,Physical Flow,hour,2022-02-22T10:00:00+01:00,2022-02-22T11:00:00+01:00,BE-TSO-0001,21X-BE-A-A0A0A-Y,Fluxys Belgium,ITP-00112,Eynatten 1 (BE) // Lichtenbusch / Raeren (DE),21Z0000000000155,entry,kWh/h,,,0,2022-03-20T02:03:09+01:00,,Confirmed,,,,,True,,,True,PRISMA,,https://platform.prisma-capacity.eu/,,Cross-Border Transmission IP within EU,0,False
1Physical Flowhour2022-02-22 10:00:00 +00:002022-02-22 11:00:00 +00:00BE-TSO-0001ITP-00112entrykWh/h,1,Physical Flow,hour,2022-02-22T11:00:00+01:00,2022-02-22T12:00:00+01:00,BE-TSO-0001,21X-BE-A-A0A0A-Y,Fluxys Belgium,ITP-00112,Eynatten 1 (BE) // Lichtenbusch / Raeren (DE),21Z0000000000155,entry,kWh/h,,,0,2022-03-20T02:03:09+01:00,,Confirmed,,,,,True,,,True,PRISMA,,https://platform.prisma-capacity.eu/,,Cross-Border Transmission IP within EU,0,False
1Physical Flowhour2022-02-22 11:00:00 +00:002022-02-22 12:00:00 +00:00BE-TSO-0001ITP-00112entrykWh/h,1,Physical Flow,hour,2022-02-22T12:00:00+01:00,2022-02-22T13:00:00+01:00,BE-TSO-0001,21X-BE-A-A0A0A-Y,Fluxys Belgium,ITP-00112,Eynatten 1 (BE) // Lichtenbusch / Raeren (DE),21Z0000000000155,entry,kWh/h,,,0,2022-03-20T02:03:09+01:00,,Confirmed,,,,,True,,,True,PRISMA,,https://platform.prisma-capacity.eu/,,Cross-Border Transmission IP within EU,0,False
1Physical Flowhour2022-02-22 12:00:00 +00:002022-02-22 13:00:00 +00:00BE-TSO-0001ITP-00112entrykWh/h,1,Physical Flow,hour,2022-02-22T13:00:00+01:00,2022-02-22T14:00:00+01:00,BE-TSO-0001,21X-BE-A-A0A0A-Y,Fluxys Belgium,ITP-00112,Eynatten 1 (BE) // Lichtenbusch / Raeren (DE),21Z0000000000155,entry,kWh/h,,,0,2022-03-20T02:03:09+01:00,,Confirmed,,,,,True,,,True,PRISMA,,https://platform.prisma-capacity.eu/,,Cross-Border Transmission IP within EU,0,False
1Physical Flowhour2022-02-22 13:00:00 +00:002022-02-22 14:00:00 +00:00BE-TSO-0001ITP-00112entrykWh/h,1,Physical Flow,hour,2022-02-22T14:00:00+01:00,2022-02-22T15:00:00+01:00,BE-TSO-0001,21X-BE-A-A0A0A-Y,Fluxys Belgium,ITP-00112,Eynatten 1 (BE) // Lichtenbusch / Raeren (DE),21Z0000000000155,entry,kWh/h,,,0,2022-03-20T02:03:09+01:00,,Confirmed,,,,,True,,,True,PRISMA,,https://platform.prisma-capacity.eu/,,Cross-Border Transmission IP within EU,0,False
1Physical Flowhour2022-02-22 14:00:00 +00:002022-02-22 15:00:00 +00:00BE-TSO-0001ITP-00112entrykWh/h,1,Physical Flow,hour,2022-02-22T15:00:00+01:00,2022-02-22T16:00:00+01:00,BE-TSO-0001,21X-BE-A-A0A0A-Y,Fluxys Belgium,ITP-00112,Eynatten 1 (BE) // Lichtenbusch / Raeren (DE),21Z0000000000155,entry,kWh/h,,,0,2022-03-20T02:03:09+01:00,,Confirmed,,,,,True,,,True,PRISMA,,https://platform.prisma-capacity.eu/,,Cross-Border Transmission IP within EU,0,False
1Physical Flowhour2022-02-22 15:00:00 +00:002022-02-22 16:00:00 +00:00BE-TSO-0001ITP-00112entrykWh/h,1,Physical Flow,hour,2022-02-22T16:00:00+01:00,2022-02-22T17:00:00+01:00,BE-TSO-0001,21X-BE-A-A0A0A-Y,Fluxys Belgium,ITP-00112,Eynatten 1 (BE) // Lichtenbusch / Raeren (DE),21Z0000000000155,entry,kWh/h,,,0,2022-03-20T02:03:09+01:00,,Confirmed,,,,,True,,,True,PRISMA,,https://platform.prisma-capacity.eu/,,Cross-Border Transmission IP within EU,0,False
1Physical Flowhour2022-02-22 16:00:00 +00:002022-02-22 17:00:00 +00:00BE-TSO-0001ITP-00112entrykWh/h,1,Physical Flow,hour,2022-02-22T17:00:00+01:00,2022-02-22T18:00:00+01:00,BE-TSO-0001,21X-BE-A-A0A0A-Y,Fluxys Belgium,ITP-00112,Eynatten 1 (BE) // Lichtenbusch / Raeren (DE),21Z0000000000155,entry,kWh/h,,,0,2022-03-20T02:03:09+01:00,,Confirmed,,,,,True,,,True,PRISMA,,https://platform.prisma-capacity.eu/,,Cross-Border Transmission IP within EU,0,False
1Physical Flowhour2022-02-22 17:00:00 +00:002022-02-22 18:00:00 +00:00BE-TSO-0001ITP-00112entrykWh/h,1,Physical Flow,hour,2022-02-22T18:00:00+01:00,2022-02-22T19:00:00+01:00,BE-TSO-0001,21X-BE-A-A0A0A-Y,Fluxys Belgium,ITP-00112,Eynatten 1 (BE) // Lichtenbusch / Raeren (DE),21Z0000000000155,entry,kWh/h,,,0,2022-03-20T02:03:09+01:00,,Confirmed,,,,,True,,,True,PRISMA,,https://platform.prisma-capacity.eu/,,Cross-Border Transmission IP within EU,0,False
1Physical Flowhour2022-02-22 18:00:00 +00:002022-02-22 19:00:00 +00:00BE-TSO-0001ITP-00112entrykWh/h,1,Physical Flow,hour,2022-02-22T19:00:00+01:00,2022-02-22T20:00:00+01:00,BE-TSO-0001,21X-BE-A-A0A0A-Y,Fluxys Belgium,ITP-00112,Eynatten 1 (BE) // Lichtenbusch / Raeren (DE),21Z0000000000155,entry,kWh/h,,,0,2022-03-20T02:03:09+01:00,,Confirmed,,,,,True,,,True,PRISMA,,https://platform.prisma-capacity.eu/,,Cross-Border Transmission IP within EU,0,False
1Physical Flowhour2022-02-22 19:00:00 +00:002022-02-22 20:00:00 +00:00BE-TSO-0001ITP-00112entrykWh/h,1,Physical Flow,hour,2022-02-22T20:00:00+01:00,2022-02-22T21:00:00+01:00,BE-TSO-0001,21X-BE-A-A0A0A-Y,Fluxys Belgium,ITP-00112,Eynatten 1 (BE) // Lichtenbusch / Raeren (DE),21Z0000000000155,entry,kWh/h,,,0,2022-03-20T02:03:09+01:00,,Confirmed,,,,,True,,,True,PRISMA,,https://platform.prisma-capacity.eu/,,Cross-Border Transmission IP within EU,0,False
1Physical Flowhour2022-02-22 20:00:00 +00:002022-02-22 21:00:00 +00:00BE-TSO-0001ITP-00112entrykWh/h,1,Physical Flow,hour,2022-02-22T21:00:00+01:00,2022-02-22T22:00:00+01:00,BE-TSO-0001,21X-BE-A-A0A0A-Y,Fluxys Belgium,ITP-00112,Eynatten 1 (BE) // Lichtenbusch / Raeren (DE),21Z0000000000155,entry,kWh/h,,,0,2022-03-20T02:03:09+01:00,,Confirmed,,,,,True,,,True,PRISMA,,https://platform.prisma-capacity.eu/,,Cross-Border Transmission IP within EU,0,False
1Physical Flowhour2022-02-22 21:00:00 +00:002022-02-22 22:00:00 +00:00BE-TSO-0001ITP-00112entrykWh/h,1,Physical Flow,hour,2022-02-22T22:00:00+01:00,2022-02-22T23:00:00+01:00,BE-TSO-0001,21X-BE-A-A0A0A-Y,Fluxys Belgium,ITP-00112,Eynatten 1 (BE) // Lichtenbusch / Raeren (DE),21Z0000000000155,entry,kWh/h,,,0,2022-03-20T02:03:09+01:00,,Confirmed,,,,,True,,,True,PRISMA,,https://platform.prisma-capacity.eu/,,Cross-Border Transmission IP within EU,0,False
1Physical Flowhour2022-02-22 22:00:00 +00:002022-02-22 23:00:00 +00:00BE-TSO-0001ITP-00112entrykWh/h,1,Physical Flow,hour,2022-02-22T23:00:00+01:00,2022-02-23T00:00:00+01:00,BE-TSO-0001,21X-BE-A-A0A0A-Y,Fluxys Belgium,ITP-00112,Eynatten 1 (BE) // Lichtenbusch / Raeren (DE),21Z0000000000155,entry,kWh/h,,,0,2022-03-20T02:03:09+01:00,,Confirmed,,,,,True,,,True,PRISMA,,https://platform.prisma-capacity.eu/,,Cross-Border Transmission IP within EU,0,False
1Physical Flowhour2022-02-22 23:00:00 +00:002022-02-23 00:00:00 +00:00BE-TSO-0001ITP-00112entrykWh/h,1,Physical Flow,hour,2022-02-23T00:00:00+01:00,2022-02-23T01:00:00+01:00,BE-TSO-0001,21X-BE-A-A0A0A-Y,Fluxys Belgium,ITP-00112,Eynatten 1 (BE) // Lichtenbusch / Raeren (DE),21Z0000000000155,entry,kWh/h,,,0,2022-03-20T02:03:09+01:00,,Confirmed,,,,,True,,,True,PRISMA,,https://platform.prisma-capacity.eu/,,Cross-Border Transmission IP within EU,0,False
1Physical Flowhour2022-02-23 00:00:00 +00:002022-02-23 01:00:00 +00:00BE-TSO-0001ITP-00112entrykWh/h,1,Physical Flow,hour,2022-02-23T01:00:00+01:00,2022-02-23T02:00:00+01:00,BE-TSO-0001,21X-BE-A-A0A0A-Y,Fluxys Belgium,ITP-00112,Eynatten 1 (BE) // Lichtenbusch / Raeren (DE),21Z0000000000155,entry,kWh/h,,,0,2022-03-20T02:03:09+01:00,,Confirmed,,,,,True,,,True,PRISMA,,https://platform.prisma-capacity.eu/,,Cross-Border Transmission IP within EU,0,False
1Physical Flowhour2022-02-23 01:00:00 +00:002022-02-23 02:00:00 +00:00BE-TSO-0001ITP-00112entrykWh/h,1,Physical Flow,hour,2022-02-23T02:00:00+01:00,2022-02-23T03:00:00+01:00,BE-TSO-0001,21X-BE-A-A0A0A-Y,Fluxys Belgium,ITP-00112,Eynatten 1 (BE) // Lichtenbusch / Raeren (DE),21Z0000000000155,entry,kWh/h,,,0,2022-03-20T02:03:09+01:00,,Confirmed,,,,,True,,,True,PRISMA,,https://platform.prisma-capacity.eu/,,Cross-Border Transmission IP within EU,0,False
1Physical Flowhour2022-02-23 02:00:00 +00:002022-02-23 03:00:00 +00:00BE-TSO-0001ITP-00112entrykWh/h,1,Physical Flow,hour,2022-02-23T03:00:00+01:00,2022-02-23T04:00:00+01:00,BE-TSO-0001,21X-BE-A-A0A0A-Y,Fluxys Belgium,ITP-00112,Eynatten 1 (BE) // Lichtenbusch / Raeren (DE),21Z0000000000155,entry,kWh/h,,,0,2022-03-20T02:03:09+01:00,,Confirmed,,,,,True,,,True,PRISMA,,https://platform.prisma-capacity.eu/,,Cross-Border Transmission IP within EU,0,False
1Physical Flowhour2022-02-23 03:00:00 +00:002022-02-23 04:00:00 +00:00BE-TSO-0001ITP-00112entrykWh/h,1,Physical Flow,hour,2022-02-23T04:00:00+01:00,2022-02-23T05:00:00+01:00,BE-TSO-0001,21X-BE-A-A0A0A-Y,Fluxys Belgium,ITP-00112,Eynatten 1 (BE) // Lichtenbusch / Raeren (DE),21Z0000000000155,entry,kWh/h,,,0,2022-03-20T02:03:09+01:00,,Confirmed,,,,,True,,,True,PRISMA,,https://platform.prisma-capacity.eu/,,Cross-Border Transmission IP within EU,0,False
1Physical Flowhour2022-02-23 04:00:00 +00:002022-02-23 05:00:00 +00:00BE-TSO-0001ITP-00112entrykWh/h,1,Physical Flow,hour,2022-02-23T05:00:00+01:00,2022-02-23T06:00:00+01:00,BE-TSO-0001,21X-BE-A-A0A0A-Y,Fluxys Belgium,ITP-00112,Eynatten 1 (BE) // Lichtenbusch / Raeren (DE),21Z0000000000155,entry,kWh/h,,,0,2022-03-20T02:03:09+01:00,,Confirmed,,,,,True,,,True,PRISMA,,https://platform.prisma-capacity.eu/,,Cross-Border Transmission IP within EU,0,False
1Physical Flowhour2022-02-23 05:00:00 +00:002022-02-23 06:00:00 +00:00BE-TSO-0001ITP-00112entrykWh/h,1,Physical Flow,hour,2022-02-23T06:00:00+01:00,2022-02-23T07:00:00+01:00,BE-TSO-0001,21X-BE-A-A0A0A-Y,Fluxys Belgium,ITP-00112,Eynatten 1 (BE) // Lichtenbusch / Raeren (DE),21Z0000000000155,entry,kWh/h,,,0,2022-03-20T02:03:09+01:00,,Confirmed,,,,,True,,,True,PRISMA,,https://platform.prisma-capacity.eu/,,Cross-Border Transmission IP within EU,0,False
1Physical Flowhour2022-02-23 06:00:00 +00:002022-02-23 07:00:00 +00:00BE-TSO-0001ITP-00112entrykWh/h,1,Physical Flow,hour,2022-02-23T07:00:00+01:00,2022-02-23T08:00:00+01:00,BE-TSO-0001,21X-BE-A-A0A0A-Y,Fluxys Belgium,ITP-00112,Eynatten 1 (BE) // Lichtenbusch / Raeren (DE),21Z0000000000155,entry,kWh/h,,,0,2022-03-20T02:03:09+01:00,,Confirmed,,,,,True,,,True,PRISMA,,https://platform.prisma-capacity.eu/,,Cross-Border Transmission IP within EU,0,False
1Physical Flowhour2022-02-23 07:00:00 +00:002022-02-23 08:00:00 +00:00BE-TSO-0001ITP-00112entrykWh/h,1,Physical Flow,hour,2022-02-23T08:00:00+01:00,2022-02-23T09:00:00+01:00,BE-TSO-0001,21X-BE-A-A0A0A-Y,Fluxys Belgium,ITP-00112,Eynatten 1 (BE) // Lichtenbusch / Raeren (DE),21Z0000000000155,entry,kWh/h,,,0,2022-03-20T02:03:09+01:00,,Confirmed,,,,,True,,,True,PRISMA,,https://platform.prisma-capacity.eu/,,Cross-Border Transmission IP within EU,0,False
1Physical Flowhour2022-02-23 08:00:00 +00:002022-02-23 09:00:00 +00:00BE-TSO-0001ITP-00112entrykWh/h,1,Physical Flow,hour,2022-02-23T09:00:00+01:00,2022-02-23T10:00:00+01:00,BE-TSO-0001,21X-BE-A-A0A0A-Y,Fluxys Belgium,ITP-00112,Eynatten 1 (BE) // Lichtenbusch / Raeren (DE),21Z0000000000155,entry,kWh/h,,,0,2022-03-20T02:03:09+01:00,,Confirmed,,,,,True,,,True,PRISMA,,https://platform.prisma-capacity.eu/,,Cross-Border Transmission IP within EU,0,False
1Physical Flowhour2022-02-23 09:00:00 +00:002022-02-23 10:00:00 +00:00BE-TSO-0001ITP-00112entrykWh/h,1,Physical Flow,hour,2022-02-23T10:00:00+01:00,2022-02-23T11:00:00+01:00,BE-TSO-0001,21X-BE-A-A0A0A-Y,Fluxys Belgium,ITP-00112,Eynatten 1 (BE) // Lichtenbusch / Raeren (DE),21Z0000000000155,entry,kWh/h,,,0,2022-03-20T02:03:09+01:00,,Confirmed,,,,,True,,,True,PRISMA,,https://platform.prisma-capacity.eu/,,Cross-Border Transmission IP within EU,0,False
1Physical Flowhour2022-02-23 10:00:00 +00:002022-02-23 11:00:00 +00:00BE-TSO-0001ITP-00112entrykWh/h,1,Physical Flow,hour,2022-02-23T11:00:00+01:00,2022-02-23T12:00:00+01:00,BE-TSO-0001,21X-BE-A-A0A0A-Y,Fluxys Belgium,ITP-00112,Eynatten 1 (BE) // Lichtenbusch / Raeren (DE),21Z0000000000155,entry,kWh/h,,,0,2022-03-20T02:03:09+01:00,,Confirmed,,,,,True,,,True,PRISMA,,https://platform.prisma-capacity.eu/,,Cross-Border Transmission IP within EU,0,False
1Physical Flowhour2022-02-23 11:00:00 +00:002022-02-23 12:00:00 +00:00BE-TSO-0001ITP-00112entrykWh/h,1,Physical Flow,hour,2022-02-23T12:00:00+01:00,2022-02-23T13:00:00+01:00,BE-TSO-0001,21X-BE-A-A0A0A-Y,Fluxys Belgium,ITP-00112,Eynatten 1 (BE) // Lichtenbusch / Raeren (DE),21Z0000000000155,entry,kWh/h,,,0,2022-03-20T02:03:09+01:00,,Confirmed,,,,,True,,,True,PRISMA,,https://platform.prisma-capacity.eu/,,Cross-Border Transmission IP within EU,0,False
1Physical Flowhour2022-02-23 12:00:00 +00:002022-02-23 13:00:00 +00:00BE-TSO-0001ITP-00112entrykWh/h,1,Physical Flow,hour,2022-02-23T13:00:00+01:00,2022-02-23T14:00:00+01:00,BE-TSO-0001,21X-BE-A-A0A0A-Y,Fluxys Belgium,ITP-00112,Eynatten 1 (BE) // Lichtenbusch / Raeren (DE),21Z0000000000155,entry,kWh/h,,,0,2022-03-20T02:03:09+01:00,,Confirmed,,,,,True,,,True,PRISMA,,https://platform.prisma-capacity.eu/,,Cross-Border Transmission IP within EU,0,False
1Physical Flowhour2022-02-23 13:00:00 +00:002022-02-23 14:00:00 +00:00BE-TSO-0001ITP-00112entrykWh/h,1,Physical Flow,hour,2022-02-23T14:00:00+01:00,2022-02-23T15:00:00+01:00,BE-TSO-0001,21X-BE-A-A0A0A-Y,Fluxys Belgium,ITP-00112,Eynatten 1 (BE) // Lichtenbusch / Raeren (DE),21Z0000000000155,entry,kWh/h,,,0,2022-03-20T02:03:09+01:00,,Confirmed,,,,,True,,,True,PRISMA,,https://platform.prisma-capacity.eu/,,Cross-Border Transmission IP within EU,0,False
1Physical Flowhour2022-02-23 14:00:00 +00:002022-02-23 15:00:00 +00:00BE-TSO-0001ITP-00112entrykWh/h,1,Physical Flow,hour,2022-02-23T15:00:00+01:00,2022-02-23T16:00:00+01:00,BE-TSO-0001,21X-BE-A-A0A0A-Y,Fluxys Belgium,ITP-00112,Eynatten 1 (BE) // Lichtenbusch / Raeren (DE),21Z0000000000155,entry,kWh/h,,,0,2022-03-20T02:03:09+01:00,,Confirmed,,,,,True,,,True,PRISMA,,https://platform.prisma-capacity.eu/,,Cross-Border Transmission IP within EU,0,False
1Physical Flowhour2022-02-23 15:00:00 +00:002022-02-23 16:00:00 +00:00BE-TSO-0001ITP-00112entrykWh/h,1,Physical Flow,hour,2022-02-23T16:00:00+01:00,2022-02-23T17:00:00+01:00,BE-TSO-0001,21X-BE-A-A0A0A-Y,Fluxys Belgium,ITP-00112,Eynatten 1 (BE) // Lichtenbusch / Raeren (DE),21Z0000000000155,entry,kWh/h,,,0,2022-03-20T02:03:09+01:00,,Confirmed,,,,,True,,,True,PRISMA,,https://platform.prisma-capacity.eu/,,Cross-Border Transmission IP within EU,0,False
1Physical Flowhour2022-02-23 16:00:00 +00:002022-02-23 17:00:00 +00:00BE-TSO-0001ITP-00112entrykWh/h,1,Physical Flow,hour,2022-02-23T17:00:00+01:00,2022-02-23T18:00:00+01:00,BE-TSO-0001,21X-BE-A-A0A0A-Y,Fluxys Belgium,ITP-00112,Eynatten 1 (BE) // Lichtenbusch / Raeren (DE),21Z0000000000155,entry,kWh/h,,,0,2022-03-20T02:03:09+01:00,,Confirmed,,,,,True,,,True,PRISMA,,https://platform.prisma-capacity.eu/,,Cross-Border Transmission IP within EU,0,False
1Physical Flowhour2022-02-23 17:00:00 +00:002022-02-23 18:00:00 +00:00BE-TSO-0001ITP-00112entrykWh/h,1,Physical Flow,hour,2022-02-23T18:00:00+01:00,2022-02-23T19:00:00+01:00,BE-TSO-0001,21X-BE-A-A0A0A-Y,Fluxys Belgium,ITP-00112,Eynatten 1 (BE) // Lichtenbusch / Raeren (DE),21Z0000000000155,entry,kWh/h,,,0,2022-03-20T02:03:09+01:00,,Confirmed,,,,,True,,,True,PRISMA,,https://platform.prisma-capacity.eu/,,Cross-Border Transmission IP within EU,0,False
1Physical Flowhour2022-02-23 18:00:00 +00:002022-02-23 19:00:00 +00:00BE-TSO-0001ITP-00112entrykWh/h,1,Physical Flow,hour,2022-02-23T19:00:00+01:00,2022-02-23T20:00:00+01:00,BE-TSO-0001,21X-BE-A-A0A0A-Y,Fluxys Belgium,ITP-00112,Eynatten 1 (BE) // Lichtenbusch / Raeren (DE),21Z0000000000155,entry,kWh/h,,,0,2022-03-20T02:03:09+01:00,,Confirmed,,,,,True,,,True,PRISMA,,https://platform.prisma-capacity.eu/,,Cross-Border Transmission IP within EU,0,False
1Physical Flowhour2022-02-23 19:00:00 +00:002022-02-23 20:00:00 +00:00BE-TSO-0001ITP-00112entrykWh/h,1,Physical Flow,hour,2022-02-23T20:00:00+01:00,2022-02-23T21:00:00+01:00,BE-TSO-0001,21X-BE-A-A0A0A-Y,Fluxys Belgium,ITP-00112,Eynatten 1 (BE) // Lichtenbusch / Raeren (DE),21Z0000000000155,entry,kWh/h,,,0,2022-03-20T02:03:09+01:00,,Confirmed,,,,,True,,,True,PRISMA,,https://platform.prisma-capacity.eu/,,Cross-Border Transmission IP within EU,0,False
1Physical Flowhour2022-02-23 20:00:00 +00:002022-02-23 21:00:00 +00:00BE-TSO-0001ITP-00112entrykWh/h,1,Physical Flow,hour,2022-02-23T21:00:00+01:00,2022-02-23T22:00:00+01:00,BE-TSO-0001,21X-BE-A-A0A0A-Y,Fluxys Belgium,ITP-00112,Eynatten 1 (BE) // Lichtenbusch / Raeren (DE),21Z0000000000155,entry,kWh/h,,,0,2022-03-20T02:03:09+01:00,,Confirmed,,,,,True,,,True,PRISMA,,https://platform.prisma-capacity.eu/,,Cross-Border Transmission IP within EU,0,False
1Physical Flowhour2022-02-23 21:00:00 +00:002022-02-23 22:00:00 +00:00BE-TSO-0001ITP-00112entrykWh/h,1,Physical Flow,hour,2022-02-23T22:00:00+01:00,2022-02-23T23:00:00+01:00,BE-TSO-0001,21X-BE-A-A0A0A-Y,Fluxys Belgium,ITP-00112,Eynatten 1 (BE) // Lichtenbusch / Raeren (DE),21Z0000000000155,entry,kWh/h,,,0,2022-03-20T02:03:09+01:00,,Confirmed,,,,,True,,,True,PRISMA,,https://platform.prisma-capacity.eu/,,Cross-Border Transmission IP within EU,0,False
1Physical Flowhour2022-02-23 22:00:00 +00:002022-02-23 23:00:00 +00:00BE-TSO-0001ITP-00112entrykWh/h,1,Physical Flow,hour,2022-02-23T23:00:00+01:00,2022-02-24T00:00:00+01:00,BE-TSO-0001,21X-BE-A-A0A0A-Y,Fluxys Belgium,ITP-00112,Eynatten 1 (BE) // Lichtenbusch / Raeren (DE),21Z0000000000155,entry,kWh/h,,,0,2022-03-20T02:03:09+01:00,,Confirmed,,,,,True,,,True,PRISMA,,https://platform.prisma-capacity.eu/,,Cross-Border Transmission IP within EU,0,False
1Physical Flowhour2022-02-23 23:00:00 +00:002022-02-24 00:00:00 +00:00BE-TSO-0001ITP-00112entrykWh/h,1,Physical Flow,hour,2022-02-24T00:00:00+01:00,2022-02-24T01:00:00+01:00,BE-TSO-0001,21X-BE-A-A0A0A-Y,Fluxys Belgium,ITP-00112,Eynatten 1 (BE) // Lichtenbusch / Raeren (DE),21Z0000000000155,entry,kWh/h,,,0,2022-03-20T02:03:09+01:00,,Confirmed,,,,,True,,,True,PRISMA,,https://platform.prisma-capacity.eu/,,Cross-Border Transmission IP within EU,0,False
1Physical Flowhour2022-02-24 00:00:00 +00:002022-02-24 01:00:00 +00:00BE-TSO-0001ITP-00112entrykWh/h,1,Physical Flow,hour,2022-02-24T01:00:00+01:00,2022-02-24T02:00:00+01:00,BE-TSO-0001,21X-BE-A-A0A0A-Y,Fluxys Belgium,ITP-00112,Eynatten 1 (BE) // Lichtenbusch / Raeren (DE),21Z0000000000155,entry,kWh/h,,,0,2022-03-20T02:03:09+01:00,,Confirmed,,,,,True,,,True,PRISMA,,https://platform.prisma-capacity.eu/,,Cross-Border Transmission IP within EU,0,False
1Physical Flowhour2022-02-24 01:00:00 +00:002022-02-24 02:00:00 +00:00BE-TSO-0001ITP-00112entrykWh/h,1,Physical Flow,hour,2022-02-24T02:00:00+01:00,2022-02-24T03:00:00+01:00,BE-TSO-0001,21X-BE-A-A0A0A-Y,Fluxys Belgium,ITP-00112,Eynatten 1 (BE) // Lichtenbusch / Raeren (DE),21Z0000000000155,entry,kWh/h,,,0,2022-03-20T02:03:09+01:00,,Confirmed,,,,,True,,,True,PRISMA,,https://platform.prisma-capacity.eu/,,Cross-Border Transmission IP within EU,0,False
1Physical Flowhour2022-02-24 02:00:00 +00:002022-02-24 03:00:00 +00:00BE-TSO-0001ITP-00112entrykWh/h,1,Physical Flow,hour,2022-02-24T03:00:00+01:00,2022-02-24T04:00:00+01:00,BE-TSO-0001,21X-BE-A-A0A0A-Y,Fluxys Belgium,ITP-00112,Eynatten 1 (BE) // Lichtenbusch / Raeren (DE),21Z0000000000155,entry,kWh/h,,,0,2022-03-20T02:03:09+01:00,,Confirmed,,,,,True,,,True,PRISMA,,https://platform.prisma-capacity.eu/,,Cross-Border Transmission IP within EU,0,False
1Physical Flowhour2022-02-24 03:00:00 +00:002022-02-24 04:00:00 +00:00BE-TSO-0001ITP-00112entrykWh/h,1,Physical Flow,hour,2022-02-24T04:00:00+01:00,2022-02-24T05:00:00+01:00,BE-TSO-0001,21X-BE-A-A0A0A-Y,Fluxys Belgium,ITP-00112,Eynatten 1 (BE) // Lichtenbusch / Raeren (DE),21Z0000000000155,entry,kWh/h,,,0,2022-03-20T02:03:09+01:00,,Confirmed,,,,,True,,,True,PRISMA,,https://platform.prisma-capacity.eu/,,Cross-Border Transmission IP within EU,0,False
1Physical Flowhour2022-02-24 04:00:00 +00:002022-02-24 05:00:00 +00:00BE-TSO-0001ITP-00112entrykWh/h,1,Physical Flow,hour,2022-02-24T05:00:00+01:00,2022-02-24T06:00:00+01:00,BE-TSO-0001,21X-BE-A-A0A0A-Y,Fluxys Belgium,ITP-00112,Eynatten 1 (BE) // Lichtenbusch / Raeren (DE),21Z0000000000155,entry,kWh/h,,,0,2022-03-20T02:03:09+01:00,,Confirmed,,,,,True,,,True,PRISMA,,https://platform.prisma-capacity.eu/,,Cross-Border Transmission IP within EU,0,False
1Physical Flowhour2022-02-24 05:00:00 +00:002022-02-24 06:00:00 +00:00BE-TSO-0001ITP-00112entrykWh/h,1,Physical Flow,hour,2022-02-24T06:00:00+01:00,2022-02-24T07:00:00+01:00,BE-TSO-0001,21X-BE-A-A0A0A-Y,Fluxys Belgium,ITP-00112,Eynatten 1 (BE) // Lichtenbusch / Raeren (DE),21Z0000000000155,entry,kWh/h,,,0,2022-03-20T02:03:09+01:00,,Confirmed,,,,,True,,,True,PRISMA,,https://platform.prisma-capacity.eu/,,Cross-Border Transmission IP within EU,0,False
1Physical Flowhour2022-02-24 06:00:00 +00:002022-02-24 07:00:00 +00:00BE-TSO-0001ITP-00112entrykWh/h,1,Physical Flow,hour,2022-02-24T07:00:00+01:00,2022-02-24T08:00:00+01:00,BE-TSO-0001,21X-BE-A-A0A0A-Y,Fluxys Belgium,ITP-00112,Eynatten 1 (BE) // Lichtenbusch / Raeren (DE),21Z0000000000155,entry,kWh/h,,,0,2022-03-20T02:03:09+01:00,,Confirmed,,,,,True,,,True,PRISMA,,https://platform.prisma-capacity.eu/,,Cross-Border Transmission IP within EU,0,False
1Physical Flowhour2022-02-24 07:00:00 +00:002022-02-24 08:00:00 +00:00BE-TSO-0001ITP-00112entrykWh/h,1,Physical Flow,hour,2022-02-24T08:00:00+01:00,2022-02-24T09:00:00+01:00,BE-TSO-0001,21X-BE-A-A0A0A-Y,Fluxys Belgium,ITP-00112,Eynatten 1 (BE) // Lichtenbusch / Raeren (DE),21Z0000000000155,entry,kWh/h,,,0,2022-03-20T02:03:09+01:00,,Confirmed,,,,,True,,,True,PRISMA,,https://platform.prisma-capacity.eu/,,Cross-Border Transmission IP within EU,0,False
1Physical Flowhour2022-02-24 08:00:00 +00:002022-02-24 09:00:00 +00:00BE-TSO-0001ITP-00112entrykWh/h,1,Physical Flow,hour,2022-02-24T09:00:00+01:00,2022-02-24T10:00:00+01:00,BE-TSO-0001,21X-BE-A-A0A0A-Y,Fluxys Belgium,ITP-00112,Eynatten 1 (BE) // Lichtenbusch / Raeren (DE),21Z0000000000155,entry,kWh/h,,,0,2022-03-20T02:03:09+01:00,,Confirmed,,,,,True,,,True,PRISMA,,https://platform.prisma-capacity.eu/,,Cross-Border Transmission IP within EU,0,False
1Physical Flowhour2022-02-24 09:00:00 +00:002022-02-24 10:00:00 +00:00BE-TSO-0001ITP-00112entrykWh/h,1,Physical Flow,hour,2022-02-24T10:00:00+01:00,2022-02-24T11:00:00+01:00,BE-TSO-0001,21X-BE-A-A0A0A-Y,Fluxys Belgium,ITP-00112,Eynatten 1 (BE) // Lichtenbusch / Raeren (DE),21Z0000000000155,entry,kWh/h,,,0,2022-03-20T02:03:09+01:00,,Confirmed,,,,,True,,,True,PRISMA,,https://platform.prisma-capacity.eu/,,Cross-Border Transmission IP within EU,0,False
1Physical Flowhour2022-02-24 10:00:00 +00:002022-02-24 11:00:00 +00:00BE-TSO-0001ITP-00112entrykWh/h,1,Physical Flow,hour,2022-02-24T11:00:00+01:00,2022-02-24T12:00:00+01:00,BE-TSO-0001,21X-BE-A-A0A0A-Y,Fluxys Belgium,ITP-00112,Eynatten 1 (BE) // Lichtenbusch / Raeren (DE),21Z0000000000155,entry,kWh/h,,,0,2022-03-20T02:03:09+01:00,,Confirmed,,,,,True,,,True,PRISMA,,https://platform.prisma-capacity.eu/,,Cross-Border Transmission IP within EU,0,False
1Physical Flowhour2022-02-24 11:00:00 +00:002022-02-24 12:00:00 +00:00BE-TSO-0001ITP-00112entrykWh/h,1,Physical Flow,hour,2022-02-24T12:00:00+01:00,2022-02-24T13:00:00+01:00,BE-TSO-0001,21X-BE-A-A0A0A-Y,Fluxys Belgium,ITP-00112,Eynatten 1 (BE) // Lichtenbusch / Raeren (DE),21Z0000000000155,entry,kWh/h,,,0,2022-03-20T02:03:09+01:00,,Confirmed,,,,,True,,,True,PRISMA,,https://platform.prisma-capacity.eu/,,Cross-Border Transmission IP within EU,0,False
1Physical Flowhour2022-02-24 12:00:00 +00:002022-02-24 13:00:00 +00:00BE-TSO-0001ITP-00112entrykWh/h,1,Physical Flow,hour,2022-02-24T13:00:00+01:00,2022-02-24T14:00:00+01:00,BE-TSO-0001,21X-BE-A-A0A0A-Y,Fluxys Belgium,ITP-00112,Eynatten 1 (BE) // Lichtenbusch / Raeren (DE),21Z0000000000155,entry,kWh/h,,,0,2022-03-20T02:03:09+01:00,,Confirmed,,,,,True,,,True,PRISMA,,https://platform.prisma-capacity.eu/,,Cross-Border Transmission IP within EU,0,False
1Physical Flowhour2022-02-24 13:00:00 +00:002022-02-24 14:00:00 +00:00BE-TSO-0001ITP-00112entrykWh/h,1,Physical Flow,hour,2022-02-24T14:00:00+01:00,2022-02-24T15:00:00+01:00,BE-TSO-0001,21X-BE-A-A0A0A-Y,Fluxys Belgium,ITP-00112,Eynatten 1 (BE) // Lichtenbusch / Raeren (DE),21Z0000000000155,entry,kWh/h,,,0,2022-03-20T02:03:09+01:00,,Confirmed,,,,,True,,,True,PRISMA,,https://platform.prisma-capacity.eu/,,Cross-Border Transmission IP within EU,0,False
1Physical Flowhour2022-02-24 14:00:00 +00:002022-02-24 15:00:00 +00:00BE-TSO-0001ITP-00112entrykWh/h,1,Physical Flow,hour,2022-02-24T15:00:00+01:00,2022-02-24T16:00:00+01:00,BE-TSO-0001,21X-BE-A-A0A0A-Y,Fluxys Belgium,ITP-00112,Eynatten 1 (BE) // Lichtenbusch / Raeren (DE),21Z0000000000155,entry,kWh/h,,,0,2022-03-20T02:03:09+01:00,,Confirmed,,,,,True,,,True,PRISMA,,https://platform.prisma-capacity.eu/,,Cross-Border Transmission IP within EU,0,False
1Physical Flowhour2022-02-24 15:00:00 +00:002022-02-24 16:00:00 +00:00BE-TSO-0001ITP-00112entrykWh/h,1,Physical Flow,hour,2022-02-24T16:00:00+01:00,2022-02-24T17:00:00+01:00,BE-TSO-0001,21X-BE-A-A0A0A-Y,Fluxys Belgium,ITP-00112,Eynatten 1 (BE) // Lichtenbusch / Raeren (DE),21Z0000000000155,entry,kWh/h,,,0,2022-03-20T02:03:09+01:00,,Confirmed,,,,,True,,,True,PRISMA,,https://platform.prisma-capacity.eu/,,Cross-Border Transmission IP within EU,0,False
1Physical Flowhour2022-02-24 16:00:00 +00:002022-02-24 17:00:00 +00:00BE-TSO-0001ITP-00112entrykWh/h,1,Physical Flow,hour,2022-02-24T17:00:00+01:00,2022-02-24T18:00:00+01:00,BE-TSO-0001,21X-BE-A-A0A0A-Y,Fluxys Belgium,ITP-00112,Eynatten 1 (BE) // Lichtenbusch / Raeren (DE),21Z0000000000155,entry,kWh/h,,,0,2022-03-20T02:03:09+01:00,,Confirmed,,,,,True,,,True,PRISMA,,https://platform.prisma-capacity.eu/,,Cross-Border Transmission IP within EU,0,False
1Physical Flowhour2022-02-24 17:00:00 +00:002022-02-24 18:00:00 +00:00BE-TSO-0001ITP-00112entrykWh/h,1,Physical Flow,hour,2022-02-24T18:00:00+01:00,2022-02-24T19:00:00+01:00,BE-TSO-0001,21X-BE-A-A0A0A-Y,Fluxys Belgium,ITP-00112,Eynatten 1 (BE) // Lichtenbusch / Raeren (DE),21Z0000000000155,entry,kWh/h,,,0,2022-03-20T02:03:09+01:00,,Confirmed,,,,,True,,,True,PRISMA,,https://platform.prisma-capacity.eu/,,Cross-Border Transmission IP within EU,0,False
1Physical Flowhour2022-02-24 18:00:00 +00:002022-02-24 19:00:00 +00:00BE-TSO-0001ITP-00112entrykWh/h,1,Physical Flow,hour,2022-02-24T19:00:00+01:00,2022-02-24T20:00:00+01:00,BE-TSO-0001,21X-BE-A-A0A0A-Y,Fluxys Belgium,ITP-00112,Eynatten 1 (BE) // Lichtenbusch / Raeren (DE),21Z0000000000155,entry,kWh/h,,,0,2022-03-20T02:03:09+01:00,,Confirmed,,,,,True,,,True,PRISMA,,https://platform.prisma-capacity.eu/,,Cross-Border Transmission IP within EU,0,False
1Physical Flowhour2022-02-24 19:00:00 +00:002022-02-24 20:00:00 +00:00BE-TSO-0001ITP-00112entrykWh/h,1,Physical Flow,hour,2022-02-24T20:00:00+01:00,2022-02-24T21:00:00+01:00,BE-TSO-0001,21X-BE-A-A0A0A-Y,Fluxys Belgium,ITP-00112,Eynatten 1 (BE) // Lichtenbusch / Raeren (DE),21Z0000000000155,entry,kWh/h,,,0,2022-03-20T02:03:09+01:00,,Confirmed,,,,,True,,,True,PRISMA,,https://platform.prisma-capacity.eu/,,Cross-Border Transmission IP within EU,0,False
1Physical Flowhour2022-02-24 20:00:00 +00:002022-02-24 21:00:00 +00:00BE-TSO-0001ITP-00112entrykWh/h,1,Physical Flow,hour,2022-02-24T21:00:00+01:00,2022-02-24T22:00:00+01:00,BE-TSO-0001,21X-BE-A-A0A0A-Y,Fluxys Belgium,ITP-00112,Eynatten 1 (BE) // Lichtenbusch / Raeren (DE),21Z0000000000155,entry,kWh/h,,,0,2022-03-20T02:03:09+01:00,,Confirmed,,,,,True,,,True,PRISMA,,https://platform.prisma-capacity.eu/,,Cross-Border Transmission IP within EU,0,False
1Physical Flowhour2022-02-24 21:00:00 +00:002022-02-24 22:00:00 +00:00BE-TSO-0001ITP-00112entrykWh/h,1,Physical Flow,hour,2022-02-24T22:00:00+01:00,2022-02-24T23:00:00+01:00,BE-TSO-0001,21X-BE-A-A0A0A-Y,Fluxys Belgium,ITP-00112,Eynatten 1 (BE) // Lichtenbusch / Raeren (DE),21Z0000000000155,entry,kWh/h,,,0,2022-03-20T02:03:09+01:00,,Confirmed,,,,,True,,,True,PRISMA,,https://platform.prisma-capacity.eu/,,Cross-Border Transmission IP within EU,0,False
1Physical Flowhour2022-02-24 22:00:00 +00:002022-02-24 23:00:00 +00:00BE-TSO-0001ITP-00112entrykWh/h,1,Physical Flow,hour,2022-02-24T23:00:00+01:00,2022-02-25T00:00:00+01:00,BE-TSO-0001,21X-BE-A-A0A0A-Y,Fluxys Belgium,ITP-00112,Eynatten 1 (BE) // Lichtenbusch / Raeren (DE),21Z0000000000155,entry,kWh/h,,,0,2022-03-20T02:03:09+01:00,,Confirmed,,,,,True,,,True,PRISMA,,https://platform.prisma-capacity.eu/,,Cross-Border Transmission IP within EU,0,False
1Physical Flowhour2022-02-24 23:00:00 +00:002022-02-25 00:00:00 +00:00BE-TSO-0001ITP-00112entrykWh/h,1,Physical Flow,hour,2022-02-25T00:00:00+01:00,2022-02-25T01:00:00+01:00,BE-TSO-0001,21X-BE-A-A0A0A-Y,Fluxys Belgium,ITP-00112,Eynatten 1 (BE) // Lichtenbusch / Raeren (DE),21Z0000000000155,entry,kWh/h,,,0,2022-03-20T02:03:09+01:00,,Confirmed,,,,,True,,,True,PRISMA,,https://platform.prisma-capacity.eu/,,Cross-Border Transmission IP within EU,0,False
1Physical Flowhour2022-02-25 00:00:00 +00:002022-02-25 01:00:00 +00:00BE-TSO-0001ITP-00112entrykWh/h,1,Physical Flow,hour,2022-02-25T01:00:00+01:00,2022-02-25T02:00:00+01:00,BE-TSO-0001,21X-BE-A-A0A0A-Y,Fluxys Belgium,ITP-00112,Eynatten 1 (BE) // Lichtenbusch / Raeren (DE),21Z0000000000155,entry,kWh/h,,,0,2022-03-20T02:03:09+01:00,,Confirmed,,,,,True,,,True,PRISMA,,https://platform.prisma-capacity.eu/,,Cross-Border Transmission IP within EU,0,False
1Physical Flowhour2022-02-25 01:00:00 +00:002022-02-25 02:00:00 +00:00BE-TSO-0001ITP-00112entrykWh/h,1,Physical Flow,hour,2022-02-25T02:00:00+01:00,2022-02-25T03:00:00+01:00,BE-TSO-0001,21X-BE-A-A0A0A-Y,Fluxys Belgium,ITP-00112,Eynatten 1 (BE) // Lichtenbusch / Raeren (DE),21Z0000000000155,entry,kWh/h,,,0,2022-03-20T02:03:09+01:00,,Confirmed,,,,,True,,,True,PRISMA,,https://platform.prisma-capacity.eu/,,Cross-Border Transmission IP within EU,0,False
1Physical Flowhour2022-02-25 02:00:00 +00:002022-02-25 03:00:00 +00:00BE-TSO-0001ITP-00112entrykWh/h,1,Physical Flow,hour,2022-02-25T03:00:00+01:00,2022-02-25T04:00:00+01:00,BE-TSO-0001,21X-BE-A-A0A0A-Y,Fluxys Belgium,ITP-00112,Eynatten 1 (BE) // Lichtenbusch / Raeren (DE),21Z0000000000155,entry,kWh/h,,,0,2022-03-20T02:03:09+01:00,,Confirmed,,,,,True,,,True,PRISMA,,https://platform.prisma-capacity.eu/,,Cross-Border Transmission IP within EU,0,False
1Physical Flowhour2022-02-25 03:00:00 +00:002022-02-25 04:00:00 +00:00BE-TSO-0001ITP-00112entrykWh/h,1,Physical Flow,hour,2022-02-25T04:00:00+01:00,2022-02-25T05:00:00+01:00,BE-TSO-0001,21X-BE-A-A0A0A-Y,Fluxys Belgium,ITP-00112,Eynatten 1 (BE) // Lichtenbusch / Raeren (DE),21Z0000000000155,entry,kWh/h,,,0,2022-03-20T02:03:09+01:00,,Confirmed,,,,,True,,,True,PRISMA,,https://platform.prisma-capacity.eu/,,Cross-Border Transmission IP within EU,0,False
1Physical Flowhour2022-02-25 04:00:00 +00:002022-02-25 05:00:00 +00:00BE-TSO-0001ITP-00112entrykWh/h,1,Physical Flow,hour,2022-02-25T05:00:00+01:00,2022-02-25T06:00:00+01:00,BE-TSO-0001,21X-BE-A-A0A0A-Y,Fluxys Belgium,ITP-00112,Eynatten 1 (BE) // Lichtenbusch / Raeren (DE),21Z0000000000155,entry,kWh/h,,,0,2022-03-20T02:03:09+01:00,,Confirmed,,,,,True,,,True,PRISMA,,https://platform.prisma-capacity.eu/,,Cross-Border Transmission IP within EU,0,False
1Physical Flowhour2022-02-25 05:00:00 +00:002022-02-25 06:00:00 +00:00BE-TSO-0001ITP-00112entrykWh/h,1,Physical Flow,hour,2022-02-25T06:00:00+01:00,2022-02-25T07:00:00+01:00,BE-TSO-0001,21X-BE-A-A0A0A-Y,Fluxys Belgium,ITP-00112,Eynatten 1 (BE) // Lichtenbusch / Raeren (DE),21Z0000000000155,entry,kWh/h,,,0,2022-03-20T02:03:09+01:00,,Confirmed,,,,,True,,,True,PRISMA,,https://platform.prisma-capacity.eu/,,Cross-Border Transmission IP within EU,0,False
1Physical Flowhour2022-02-25 06:00:00 +00:002022-02-25 07:00:00 +00:00BE-TSO-0001ITP-00112entrykWh/h,1,Physical Flow,hour,2022-02-25T07:00:00+01:00,2022-02-25T08:00:00+01:00,BE-TSO-0001,21X-BE-A-A0A0A-Y,Fluxys Belgium,ITP-00112,Eynatten 1 (BE) // Lichtenbusch / Raeren (DE),21Z0000000000155,entry,kWh/h,,,0,2022-03-20T02:03:09+01:00,,Confirmed,,,,,True,,,True,PRISMA,,https://platform.prisma-capacity.eu/,,Cross-Border Transmission IP within EU,0,False
1Physical Flowhour2022-02-25 07:00:00 +00:002022-02-25 08:00:00 +00:00BE-TSO-0001ITP-00112entrykWh/h,1,Physical Flow,hour,2022-02-25T08:00:00+01:00,2022-02-25T09:00:00+01:00,BE-TSO-0001,21X-BE-A-A0A0A-Y,Fluxys Belgium,ITP-00112,Eynatten 1 (BE) // Lichtenbusch / Raeren (DE),21Z0000000000155,entry,kWh/h,,,0,2022-03-20T02:03:09+01:00,,Confirmed,,,,,True,,,True,PRISMA,,https://platform.prisma-capacity.eu/,,Cross-Border Transmission IP within EU,0,False
1Physical Flowhour2022-02-25 08:00:00 +00:002022-02-25 09:00:00 +00:00BE-TSO-0001ITP-00112entrykWh/h,1,Physical Flow,hour,2022-02-25T09:00:00+01:00,2022-02-25T10:00:00+01:00,BE-TSO-0001,21X-BE-A-A0A0A-Y,Fluxys Belgium,ITP-00112,Eynatten 1 (BE) // Lichtenbusch / Raeren (DE),21Z0000000000155,entry,kWh/h,,,0,2022-03-20T02:03:09+01:00,,Confirmed,,,,,True,,,True,PRISMA,,https://platform.prisma-capacity.eu/,,Cross-Border Transmission IP within EU,0,False
1Physical Flowhour2022-02-25 09:00:00 +00:002022-02-25 10:00:00 +00:00BE-TSO-0001ITP-00112entrykWh/h,1,Physical Flow,hour,2022-02-25T10:00:00+01:00,2022-02-25T11:00:00+01:00,BE-TSO-0001,21X-BE-A-A0A0A-Y,Fluxys Belgium,ITP-00112,Eynatten 1 (BE) // Lichtenbusch / Raeren (DE),21Z0000000000155,entry,kWh/h,,,0,2022-03-20T02:03:09+01:00,,Confirmed,,,,,True,,,True,PRISMA,,https://platform.prisma-capacity.eu/,,Cross-Border Transmission IP within EU,0,False
1Physical Flowhour2022-02-25 10:00:00 +00:002022-02-25 11:00:00 +00:00BE-TSO-0001ITP-00112entrykWh/h,1,Physical Flow,hour,2022-02-25T11:00:00+01:00,2022-02-25T12:00:00+01:00,BE-TSO-0001,21X-BE-A-A0A0A-Y,Fluxys Belgium,ITP-00112,Eynatten 1 (BE) // Lichtenbusch / Raeren (DE),21Z0000000000155,entry,kWh/h,,,0,2022-03-20T02:03:09+01:00,,Confirmed,,,,,True,,,True,PRISMA,,https://platform.prisma-capacity.eu/,,Cross-Border Transmission IP within EU,0,False
1Physical Flowhour2022-02-25 11:00:00 +00:002022-02-25 12:00:00 +00:00BE-TSO-0001ITP-00112entrykWh/h,1,Physical Flow,hour,2022-02-25T12:00:00+01:00,2022-02-25T13:00:00+01:00,BE-TSO-0001,21X-BE-A-A0A0A-Y,Fluxys Belgium,ITP-00112,Eynatten 1 (BE) // Lichtenbusch / Raeren (DE),21Z0000000000155,entry,kWh/h,,,0,2022-03-20T02:03:09+01:00,,Confirmed,,,,,True,,,True,PRISMA,,https://platform.prisma-capacity.eu/,,Cross-Border Transmission IP within EU,0,False
1Physical Flowhour2022-02-25 12:00:00 +00:002022-02-25 13:00:00 +00:00BE-TSO-0001ITP-00112entrykWh/h,1,Physical Flow,hour,2022-02-25T13:00:00+01:00,2022-02-25T14:00:00+01:00,BE-TSO-0001,21X-BE-A-A0A0A-Y,Fluxys Belgium,ITP-00112,Eynatten 1 (BE) // Lichtenbusch / Raeren (DE),21Z0000000000155,entry,kWh/h,,,0,2022-03-20T02:03:09+01:00,,Confirmed,,,,,True,,,True,PRISMA,,https://platform.prisma-capacity.eu/,,Cross-Border Transmission IP within EU,0,False
1Physical Flowhour2022-02-25 13:00:00 +00:002022-02-25 14:00:00 +00:00BE-TSO-0001ITP-00112entrykWh/h,1,Physical Flow,hour,2022-02-25T14:00:00+01:00,2022-02-25T15:00:00+01:00,BE-TSO-0001,21X-BE-A-A0A0A-Y,Fluxys Belgium,ITP-00112,Eynatten 1 (BE) // Lichtenbusch / Raeren (DE),21Z0000000000155,entry,kWh/h,,,0,2022-03-20T02:03:09+01:00,,Confirmed,,,,,True,,,True,PRISMA,,https://platform.prisma-capacity.eu/,,Cross-Border Transmission IP within EU,0,False
1Physical Flowhour2022-02-25 14:00:00 +00:002022-02-25 15:00:00 +00:00BE-TSO-0001ITP-00112entrykWh/h,1,Physical Flow,hour,2022-02-25T15:00:00+01:00,2022-02-25T16:00:00+01:00,BE-TSO-0001,21X-BE-A-A0A0A-Y,Fluxys Belgium,ITP-00112,Eynatten 1 (BE) // Lichtenbusch / Raeren (DE),21Z0000000000155,entry,kWh/h,,,0,2022-03-20T02:03:09+01:00,,Confirmed,,,,,True,,,True,PRISMA,,https://platform.prisma-capacity.eu/,,Cross-Border Transmission IP within EU,0,False
1Physical Flowhour2022-02-25 15:00:00 +00:002022-02-25 16:00:00 +00:00BE-TSO-0001ITP-00112entrykWh/h,1,Physical Flow,hour,2022-02-25T16:00:00+01:00,2022-02-25T17:00:00+01:00,BE-TSO-0001,21X-BE-A-A0A0A-Y,Fluxys Belgium,ITP-00112,Eynatten 1 (BE) // Lichtenbusch / Raeren (DE),21Z0000000000155,entry,kWh/h,,,0,2022-03-20T02:03:09+01:00,,Confirmed,,,,,True,,,True,PRISMA,,https://platform.prisma-capacity.eu/,,Cross-Border Transmission IP within EU,0,False
1Physical Flowhour2022-02-25 16:00:00 +00:002022-02-25 17:00:00 +00:00BE-TSO-0001ITP-00112entrykWh/h,1,Physical Flow,hour,2022-02-25T17:00:00+01:00,2022-02-25T18:00:00+01:00,BE-TSO-0001,21X-BE-A-A0A0A-Y,Fluxys Belgium,ITP-00112,Eynatten 1 (BE) // Lichtenbusch / Raeren (DE),21Z0000000000155,entry,kWh/h,,,0,2022-03-20T02:03:09+01:00,,Confirmed,,,,,True,,,True,PRISMA,,https://platform.prisma-capacity.eu/,,Cross-Border Transmission IP within EU,0,False
1Physical Flowhour2022-02-25 17:00:00 +00:002022-02-25 18:00:00 +00:00BE-TSO-0001ITP-00112entrykWh/h,1,Physical Flow,hour,2022-02-25T18:00:00+01:00,2022-02-25T19:00:00+01:00,BE-TSO-0001,21X-BE-A-A0A0A-Y,Fluxys Belgium,ITP-00112,Eynatten 1 (BE) // Lichtenbusch / Raeren (DE),21Z0000000000155,entry,kWh/h,,,0,2022-03-20T02:03:09+01:00,,Confirmed,,,,,True,,,True,PRISMA,,https://platform.prisma-capacity.eu/,,Cross-Border Transmission IP within EU,0,False
1Physical Flowhour2022-02-25 18:00:00 +00:002022-02-25 19:00:00 +00:00BE-TSO-0001ITP-00112entrykWh/h,1,Physical Flow,hour,2022-02-25T19:00:00+01:00,2022-02-25T20:00:00+01:00,BE-TSO-0001,21X-BE-A-A0A0A-Y,Fluxys Belgium,ITP-00112,Eynatten 1 (BE) // Lichtenbusch / Raeren (DE),21Z0000000000155,entry,kWh/h,,,0,2022-03-20T02:03:09+01:00,,Confirmed,,,,,True,,,True,PRISMA,,https://platform.prisma-capacity.eu/,,Cross-Border Transmission IP within EU,0,False
1Physical Flowhour2022-02-25 19:00:00 +00:002022-02-25 20:00:00 +00:00BE-TSO-0001ITP-00112entrykWh/h,1,Physical Flow,hour,2022-02-25T20:00:00+01:00,2022-02-25T21:00:00+01:00,BE-TSO-0001,21X-BE-A-A0A0A-Y,Fluxys Belgium,ITP-00112,Eynatten 1 (BE) // Lichtenbusch / Raeren (DE),21Z0000000000155,entry,kWh/h,,,0,2022-03-20T02:03:09+01:00,,Confirmed,,,,,True,,,True,PRISMA,,https://platform.prisma-capacity.eu/,,Cross-Border Transmission IP within EU,0,False
1Physical Flowhour2022-02-25 20:00:00 +00:002022-02-25 21:00:00 +00:00BE-TSO-0001ITP-00112entrykWh/h,1,Physical Flow,hour,2022-02-25T21:00:00+01:00,2022-02-25T22:00:00+01:00,BE-TSO-0001,21X-BE-A-A0A0A-Y,Fluxys Belgium,ITP-00112,Eynatten 1 (BE) // Lichtenbusch / Raeren (DE),21Z0000000000155,entry,kWh/h,,,0,2022-03-20T02:03:09+01:00,,Confirmed,,,,,True,,,True,PRISMA,,https://platform.prisma-capacity.eu/,,Cross-Border Transmission IP within EU,0,False
1Physical Flowhour2022-02-25 21:00:00 +00:002022-02-25 22:00:00 +00:00BE-TSO-0001ITP-00112entrykWh/h,1,Physical Flow,hour,2022-02-25T22:00:00+01:00,2022-02-25T23:00:00+01:00,BE-TSO-0001,21X-BE-A-A0A0A-Y,Fluxys Belgium,ITP-00112,Eynatten 1 (BE) // Lichtenbusch / Raeren (DE),21Z0000000000155,entry,kWh/h,,,0,2022-03-20T02:03:09+01:00,,Confirmed,,,,,True,,,True,PRISMA,,https://platform.prisma-capacity.eu/,,Cross-Border Transmission IP within EU,0,False
1Physical Flowhour2022-02-25 22:00:00 +00:002022-02-25 23:00:00 +00:00BE-TSO-0001ITP-00112entrykWh/h,1,Physical Flow,hour,2022-02-25T23:00:00+01:00,2022-02-26T00:00:00+01:00,BE-TSO-0001,21X-BE-A-A0A0A-Y,Fluxys Belgium,ITP-00112,Eynatten 1 (BE) // Lichtenbusch / Raeren (DE),21Z0000000000155,entry,kWh/h,,,0,2022-03-20T02:03:09+01:00,,Confirmed,,,,,True,,,True,PRISMA,,https://platform.prisma-capacity.eu/,,Cross-Border Transmission IP within EU,0,False
1Physical Flowhour2022-02-25 23:00:00 +00:002022-02-26 00:00:00 +00:00BE-TSO-0001ITP-00112entrykWh/h,1,Physical Flow,hour,2022-02-26T00:00:00+01:00,2022-02-26T01:00:00+01:00,BE-TSO-0001,21X-BE-A-A0A0A-Y,Fluxys Belgium,ITP-00112,Eynatten 1 (BE) // Lichtenbusch / Raeren (DE),21Z0000000000155,entry,kWh/h,,,0,2022-03-20T02:03:09+01:00,,Confirmed,,,,,True,,,True,PRISMA,,https://platform.prisma-capacity.eu/,,Cross-Border Transmission IP within EU,0,False
1Physical Flowhour2022-02-26 00:00:00 +00:002022-02-26 01:00:00 +00:00BE-TSO-0001ITP-00112entrykWh/h,1,Physical Flow,hour,2022-02-26T01:00:00+01:00,2022-02-26T02:00:00+01:00,BE-TSO-0001,21X-BE-A-A0A0A-Y,Fluxys Belgium,ITP-00112,Eynatten 1 (BE) // Lichtenbusch / Raeren (DE),21Z0000000000155,entry,kWh/h,,,0,2022-03-20T02:03:09+01:00,,Confirmed,,,,,True,,,True,PRISMA,,https://platform.prisma-capacity.eu/,,Cross-Border Transmission IP within EU,0,False
1Physical Flowhour2022-02-26 01:00:00 +00:002022-02-26 02:00:00 +00:00BE-TSO-0001ITP-00112entrykWh/h,1,Physical Flow,hour,2022-02-26T02:00:00+01:00,2022-02-26T03:00:00+01:00,BE-TSO-0001,21X-BE-A-A0A0A-Y,Fluxys Belgium,ITP-00112,Eynatten 1 (BE) // Lichtenbusch / Raeren (DE),21Z0000000000155,entry,kWh/h,,,0,2022-03-20T02:03:09+01:00,,Confirmed,,,,,True,,,True,PRISMA,,https://platform.prisma-capacity.eu/,,Cross-Border Transmission IP within EU,0,False
1Physical Flowhour2022-02-26 02:00:00 +00:002022-02-26 03:00:00 +00:00BE-TSO-0001ITP-00112entrykWh/h,1,Physical Flow,hour,2022-02-26T03:00:00+01:00,2022-02-26T04:00:00+01:00,BE-TSO-0001,21X-BE-A-A0A0A-Y,Fluxys Belgium,ITP-00112,Eynatten 1 (BE) // Lichtenbusch / Raeren (DE),21Z0000000000155,entry,kWh/h,,,0,2022-03-20T02:03:09+01:00,,Confirmed,,,,,True,,,True,PRISMA,,https://platform.prisma-capacity.eu/,,Cross-Border Transmission IP within EU,0,False
1Physical Flowhour2022-02-26 03:00:00 +00:002022-02-26 04:00:00 +00:00BE-TSO-0001ITP-00112entrykWh/h,1,Physical Flow,hour,2022-02-26T04:00:00+01:00,2022-02-26T05:00:00+01:00,BE-TSO-0001,21X-BE-A-A0A0A-Y,Fluxys Belgium,ITP-00112,Eynatten 1 (BE) // Lichtenbusch / Raeren (DE),21Z0000000000155,entry,kWh/h,,,0,2022-03-20T02:03:09+01:00,,Confirmed,,,,,True,,,True,PRISMA,,https://platform.prisma-capacity.eu/,,Cross-Border Transmission IP within EU,0,False
1Physical Flowhour2022-02-26 04:00:00 +00:002022-02-26 05:00:00 +00:00BE-TSO-0001ITP-00112entrykWh/h,1,Physical Flow,hour,2022-02-26T05:00:00+01:00,2022-02-26T06:00:00+01:00,BE-TSO-0001,21X-BE-A-A0A0A-Y,Fluxys Belgium,ITP-00112,Eynatten 1 (BE) // Lichtenbusch / Raeren (DE),21Z0000000000155,entry,kWh/h,,,0,2022-03-20T02:03:09+01:00,,Confirmed,,,,,True,,,True,PRISMA,,https://platform.prisma-capacity.eu/,,Cross-Border Transmission IP within EU,0,False
1Physical Flowhour2022-02-26 05:00:00 +00:002022-02-26 06:00:00 +00:00BE-TSO-0001ITP-00112entrykWh/h,1,Physical Flow,hour,2022-02-26T06:00:00+01:00,2022-02-26T07:00:00+01:00,BE-TSO-0001,21X-BE-A-A0A0A-Y,Fluxys Belgium,ITP-00112,Eynatten 1 (BE) // Lichtenbusch / Raeren (DE),21Z0000000000155,entry,kWh/h,,,0,2022-03-20T02:03:09+01:00,,Confirmed,,,,,True,,,True,PRISMA,,https://platform.prisma-capacity.eu/,,Cross-Border Transmission IP within EU,0,False
1Physical Flowhour2022-02-26 06:00:00 +00:002022-02-26 07:00:00 +00:00BE-TSO-0001ITP-00112entrykWh/h,1,Physical Flow,hour,2022-02-26T07:00:00+01:00,2022-02-26T08:00:00+01:00,BE-TSO-0001,21X-BE-A-A0A0A-Y,Fluxys Belgium,ITP-00112,Eynatten 1 (BE) // Lichtenbusch / Raeren (DE),21Z0000000000155,entry,kWh/h,,,0,2022-03-20T02:03:09+01:00,,Confirmed,,,,,True,,,True,PRISMA,,https://platform.prisma-capacity.eu/,,Cross-Border Transmission IP within EU,0,False
1Physical Flowhour2022-02-26 07:00:00 +00:002022-02-26 08:00:00 +00:00BE-TSO-0001ITP-00112entrykWh/h,1,Physical Flow,hour,2022-02-26T08:00:00+01:00,2022-02-26T09:00:00+01:00,BE-TSO-0001,21X-BE-A-A0A0A-Y,Fluxys Belgium,ITP-00112,Eynatten 1 (BE) // Lichtenbusch / Raeren (DE),21Z0000000000155,entry,kWh/h,,,0,2022-03-20T02:03:09+01:00,,Confirmed,,,,,True,,,True,PRISMA,,https://platform.prisma-capacity.eu/,,Cross-Border Transmission IP within EU,0,False
1Physical Flowhour2022-02-26 08:00:00 +00:002022-02-26 09:00:00 +00:00BE-TSO-0001ITP-00112entrykWh/h,1,Physical Flow,hour,2022-02-26T09:00:00+01:00,2022-02-26T10:00:00+01:00,BE-TSO-0001,21X-BE-A-A0A0A-Y,Fluxys Belgium,ITP-00112,Eynatten 1 (BE) // Lichtenbusch / Raeren (DE),21Z0000000000155,entry,kWh/h,,,0,2022-03-20T02:03:09+01:00,,Confirmed,,,,,True,,,True,PRISMA,,https://platform.prisma-capacity.eu/,,Cross-Border Transmission IP within EU,0,False
1Physical Flowhour2022-02-26 09:00:00 +00:002022-02-26 10:00:00 +00:00BE-TSO-0001ITP-00112entrykWh/h,1,Physical Flow,hour,2022-02-26T10:00:00+01:00,2022-02-26T11:00:00+01:00,BE-TSO-0001,21X-BE-A-A0A0A-Y,Fluxys Belgium,ITP-00112,Eynatten 1 (BE) // Lichtenbusch / Raeren (DE),21Z0000000000155,entry,kWh/h,,,0,2022-03-20T02:03:09+01:00,,Confirmed,,,,,True,,,True,PRISMA,,https://platform.prisma-capacity.eu/,,Cross-Border Transmission IP within EU,0,False
1Physical Flowhour2022-02-26 10:00:00 +00:002022-02-26 11:00:00 +00:00BE-TSO-0001ITP-00112entrykWh/h,1,Physical Flow,hour,2022-02-26T11:00:00+01:00,2022-02-26T12:00:00+01:00,BE-TSO-0001,21X-BE-A-A0A0A-Y,Fluxys Belgium,ITP-00112,Eynatten 1 (BE) // Lichtenbusch / Raeren (DE),21Z0000000000155,entry,kWh/h,,,0,2022-03-20T02:03:09+01:00,,Confirmed,,,,,True,,,True,PRISMA,,https://platform.prisma-capacity.eu/,,Cross-Border Transmission IP within EU,0,False
1Physical Flowhour2022-02-26 11:00:00 +00:002022-02-26 12:00:00 +00:00BE-TSO-0001ITP-00112entrykWh/h,1,Physical Flow,hour,2022-02-26T12:00:00+01:00,2022-02-26T13:00:00+01:00,BE-TSO-0001,21X-BE-A-A0A0A-Y,Fluxys Belgium,ITP-00112,Eynatten 1 (BE) // Lichtenbusch / Raeren (DE),21Z0000000000155,entry,kWh/h,,,0,2022-03-20T02:03:09+01:00,,Confirmed,,,,,True,,,True,PRISMA,,https://platform.prisma-capacity.eu/,,Cross-Border Transmission IP within EU,0,False
1Physical Flowhour2022-02-26 12:00:00 +00:002022-02-26 13:00:00 +00:00BE-TSO-0001ITP-00112entrykWh/h,1,Physical Flow,hour,2022-02-26T13:00:00+01:00,2022-02-26T14:00:00+01:00,BE-TSO-0001,21X-BE-A-A0A0A-Y,Fluxys Belgium,ITP-00112,Eynatten 1 (BE) // Lichtenbusch / Raeren (DE),21Z0000000000155,entry,kWh/h,,,0,2022-03-20T02:03:09+01:00,,Confirmed,,,,,True,,,True,PRISMA,,https://platform.prisma-capacity.eu/,,Cross-Border Transmission IP within EU,0,False
1Physical Flowhour2022-02-26 13:00:00 +00:002022-02-26 14:00:00 +00:00BE-TSO-0001ITP-00112entrykWh/h,1,Physical Flow,hour,2022-02-26T14:00:00+01:00,2022-02-26T15:00:00+01:00,BE-TSO-0001,21X-BE-A-A0A0A-Y,Fluxys Belgium,ITP-00112,Eynatten 1 (BE) // Lichtenbusch / Raeren (DE),21Z0000000000155,entry,kWh/h,,,0,2022-03-20T02:03:09+01:00,,Confirmed,,,,,True,,,True,PRISMA,,https://platform.prisma-capacity.eu/,,Cross-Border Transmission IP within EU,0,False
1Physical Flowhour2022-02-26 14:00:00 +00:002022-02-26 15:00:00 +00:00BE-TSO-0001ITP-00112entrykWh/h,1,Physical Flow,hour,2022-02-26T15:00:00+01:00,2022-02-26T16:00:00+01:00,BE-TSO-0001,21X-BE-A-A0A0A-Y,Fluxys Belgium,ITP-00112,Eynatten 1 (BE) // Lichtenbusch / Raeren (DE),21Z0000000000155,entry,kWh/h,,,0,2022-03-20T02:03:09+01:00,,Confirmed,,,,,True,,,True,PRISMA,,https://platform.prisma-capacity.eu/,,Cross-Border Transmission IP within EU,0,False
1Physical Flowhour2022-02-26 15:00:00 +00:002022-02-26 16:00:00 +00:00BE-TSO-0001ITP-00112entrykWh/h,1,Physical Flow,hour,2022-02-26T16:00:00+01:00,2022-02-26T17:00:00+01:00,BE-TSO-0001,21X-BE-A-A0A0A-Y,Fluxys Belgium,ITP-00112,Eynatten 1 (BE) // Lichtenbusch / Raeren (DE),21Z0000000000155,entry,kWh/h,,,0,2022-03-20T02:03:09+01:00,,Confirmed,,,,,True,,,True,PRISMA,,https://platform.prisma-capacity.eu/,,Cross-Border Transmission IP within EU,0,False
1Physical Flowhour2022-02-26 16:00:00 +00:002022-02-26 17:00:00 +00:00BE-TSO-0001ITP-00112entrykWh/h,1,Physical Flow,hour,2022-02-26T17:00:00+01:00,2022-02-26T18:00:00+01:00,BE-TSO-0001,21X-BE-A-A0A0A-Y,Fluxys Belgium,ITP-00112,Eynatten 1 (BE) // Lichtenbusch / Raeren (DE),21Z0000000000155,entry,kWh/h,,,0,2022-03-20T02:03:09+01:00,,Confirmed,,,,,True,,,True,PRISMA,,https://platform.prisma-capacity.eu/,,Cross-Border Transmission IP within EU,0,False
1Physical Flowhour2022-02-26 17:00:00 +00:002022-02-26 18:00:00 +00:00BE-TSO-0001ITP-00112entrykWh/h,1,Physical Flow,hour,2022-02-26T18:00:00+01:00,2022-02-26T19:00:00+01:00,BE-TSO-0001,21X-BE-A-A0A0A-Y,Fluxys Belgium,ITP-00112,Eynatten 1 (BE) // Lichtenbusch / Raeren (DE),21Z0000000000155,entry,kWh/h,,,0,2022-03-20T02:03:09+01:00,,Confirmed,,,,,True,,,True,PRISMA,,https://platform.prisma-capacity.eu/,,Cross-Border Transmission IP within EU,0,False
1Physical Flowhour2022-02-26 18:00:00 +00:002022-02-26 19:00:00 +00:00BE-TSO-0001ITP-00112entrykWh/h,1,Physical Flow,hour,2022-02-26T19:00:00+01:00,2022-02-26T20:00:00+01:00,BE-TSO-0001,21X-BE-A-A0A0A-Y,Fluxys Belgium,ITP-00112,Eynatten 1 (BE) // Lichtenbusch / Raeren (DE),21Z0000000000155,entry,kWh/h,,,0,2022-03-20T02:03:09+01:00,,Confirmed,,,,,True,,,True,PRISMA,,https://platform.prisma-capacity.eu/,,Cross-Border Transmission IP within EU,0,False
1Physical Flowhour2022-02-26 19:00:00 +00:002022-02-26 20:00:00 +00:00BE-TSO-0001ITP-00112entrykWh/h,1,Physical Flow,hour,2022-02-26T20:00:00+01:00,2022-02-26T21:00:00+01:00,BE-TSO-0001,21X-BE-A-A0A0A-Y,Fluxys Belgium,ITP-00112,Eynatten 1 (BE) // Lichtenbusch / Raeren (DE),21Z0000000000155,entry,kWh/h,,,0,2022-03-20T02:03:09+01:00,,Confirmed,,,,,True,,,True,PRISMA,,https://platform.prisma-capacity.eu/,,Cross-Border Transmission IP within EU,0,False
1Physical Flowhour2022-02-26 20:00:00 +00:002022-02-26 21:00:00 +00:00BE-TSO-0001ITP-00112entrykWh/h,1,Physical Flow,hour,2022-02-26T21:00:00+01:00,2022-02-26T22:00:00+01:00,BE-TSO-0001,21X-BE-A-A0A0A-Y,Fluxys Belgium,ITP-00112,Eynatten 1 (BE) // Lichtenbusch / Raeren (DE),21Z0000000000155,entry,kWh/h,,,0,2022-03-20T02:03:09+01:00,,Confirmed,,,,,True,,,True,PRISMA,,https://platform.prisma-capacity.eu/,,Cross-Border Transmission IP within EU,0,False
1Physical Flowhour2022-02-26 21:00:00 +00:002022-02-26 22:00:00 +00:00BE-TSO-0001ITP-00112entrykWh/h,1,Physical Flow,hour,2022-02-26T22:00:00+01:00,2022-02-26T23:00:00+01:00,BE-TSO-0001,21X-BE-A-A0A0A-Y,Fluxys Belgium,ITP-00112,Eynatten 1 (BE) // Lichtenbusch / Raeren (DE),21Z0000000000155,entry,kWh/h,,,0,2022-03-20T02:03:09+01:00,,Confirmed,,,,,True,,,True,PRISMA,,https://platform.prisma-capacity.eu/,,Cross-Border Transmission IP within EU,0,False
1Physical Flowhour2022-02-26 22:00:00 +00:002022-02-26 23:00:00 +00:00BE-TSO-0001ITP-00112entrykWh/h,1,Physical Flow,hour,2022-02-26T23:00:00+01:00,2022-02-27T00:00:00+01:00,BE-TSO-0001,21X-BE-A-A0A0A-Y,Fluxys Belgium,ITP-00112,Eynatten 1 (BE) // Lichtenbusch / Raeren (DE),21Z0000000000155,entry,kWh/h,,,0,2022-03-20T02:03:09+01:00,,Confirmed,,,,,True,,,True,PRISMA,,https://platform.prisma-capacity.eu/,,Cross-Border Transmission IP within EU,0,False
1Physical Flowhour2022-02-26 23:00:00 +00:002022-02-27 00:00:00 +00:00BE-TSO-0001ITP-00112entrykWh/h,1,Physical Flow,hour,2022-02-27T00:00:00+01:00,2022-02-27T01:00:00+01:00,BE-TSO-0001,21X-BE-A-A0A0A-Y,Fluxys Belgium,ITP-00112,Eynatten 1 (BE) // Lichtenbusch / Raeren (DE),21Z0000000000155,entry,kWh/h,,,0,2022-03-20T02:03:09+01:00,,Confirmed,,,,,True,,,True,PRISMA,,https://platform.prisma-capacity.eu/,,Cross-Border Transmission IP within EU,0,False
1Physical Flowhour2022-02-27 00:00:00 +00:002022-02-27 01:00:00 +00:00BE-TSO-0001ITP-00112entrykWh/h,1,Physical Flow,hour,2022-02-27T01:00:00+01:00,2022-02-27T02:00:00+01:00,BE-TSO-0001,21X-BE-A-A0A0A-Y,Fluxys Belgium,ITP-00112,Eynatten 1 (BE) // Lichtenbusch / Raeren (DE),21Z0000000000155,entry,kWh/h,,,0,2022-03-20T02:03:09+01:00,,Confirmed,,,,,True,,,True,PRISMA,,https://platform.prisma-capacity.eu/,,Cross-Border Transmission IP within EU,0,False
1Physical Flowhour2022-02-27 01:00:00 +00:002022-02-27 02:00:00 +00:00BE-TSO-0001ITP-00112entrykWh/h,1,Physical Flow,hour,2022-02-27T02:00:00+01:00,2022-02-27T03:00:00+01:00,BE-TSO-0001,21X-BE-A-A0A0A-Y,Fluxys Belgium,ITP-00112,Eynatten 1 (BE) // Lichtenbusch / Raeren (DE),21Z0000000000155,entry,kWh/h,,,0,2022-03-20T02:03:09+01:00,,Confirmed,,,,,True,,,True,PRISMA,,https://platform.prisma-capacity.eu/,,Cross-Border Transmission IP within EU,0,False
1Physical Flowhour2022-02-27 02:00:00 +00:002022-02-27 03:00:00 +00:00BE-TSO-0001ITP-00112entrykWh/h,1,Physical Flow,hour,2022-02-27T03:00:00+01:00,2022-02-27T04:00:00+01:00,BE-TSO-0001,21X-BE-A-A0A0A-Y,Fluxys Belgium,ITP-00112,Eynatten 1 (BE) // Lichtenbusch / Raeren (DE),21Z0000000000155,entry,kWh/h,,,0,2022-03-20T02:03:09+01:00,,Confirmed,,,,,True,,,True,PRISMA,,https://platform.prisma-capacity.eu/,,Cross-Border Transmission IP within EU,0,False
1Physical Flowhour2022-02-27 03:00:00 +00:002022-02-27 04:00:00 +00:00BE-TSO-0001ITP-00112entrykWh/h,1,Physical Flow,hour,2022-02-27T04:00:00+01:00,2022-02-27T05:00:00+01:00,BE-TSO-0001,21X-BE-A-A0A0A-Y,Fluxys Belgium,ITP-00112,Eynatten 1 (BE) // Lichtenbusch / Raeren (DE),21Z0000000000155,entry,kWh/h,,,0,2022-03-20T02:03:09+01:00,,Confirmed,,,,,True,,,True,PRISMA,,https://platform.prisma-capacity.eu/,,Cross-Border Transmission IP within EU,0,False
1Physical Flowhour2022-02-27 04:00:00 +00:002022-02-27 05:00:00 +00:00BE-TSO-0001ITP-00112entrykWh/h,1,Physical Flow,hour,2022-02-27T05:00:00+01:00,2022-02-27T06:00:00+01:00,BE-TSO-0001,21X-BE-A-A0A0A-Y,Fluxys Belgium,ITP-00112,Eynatten 1 (BE) // Lichtenbusch / Raeren (DE),21Z0000000000155,entry,kWh/h,,,0,2022-03-20T02:03:09+01:00,,Confirmed,,,,,True,,,True,PRISMA,,https://platform.prisma-capacity.eu/,,Cross-Border Transmission IP within EU,0,False
1Physical Flowhour2022-02-27 05:00:00 +00:002022-02-27 06:00:00 +00:00BE-TSO-0001ITP-00112entrykWh/h,1,Physical Flow,hour,2022-02-27T06:00:00+01:00,2022-02-27T07:00:00+01:00,BE-TSO-0001,21X-BE-A-A0A0A-Y,Fluxys Belgium,ITP-00112,Eynatten 1 (BE) // Lichtenbusch / Raeren (DE),21Z0000000000155,entry,kWh/h,,,0,2022-03-20T02:03:09+01:00,,Confirmed,,,,,True,,,True,PRISMA,,https://platform.prisma-capacity.eu/,,Cross-Border Transmission IP within EU,0,False
1Physical Flowhour2022-02-27 06:00:00 +00:002022-02-27 07:00:00 +00:00BE-TSO-0001ITP-00112entrykWh/h,1,Physical Flow,hour,2022-02-27T07:00:00+01:00,2022-02-27T08:00:00+01:00,BE-TSO-0001,21X-BE-A-A0A0A-Y,Fluxys Belgium,ITP-00112,Eynatten 1 (BE) // Lichtenbusch / Raeren (DE),21Z0000000000155,entry,kWh/h,,,0,2022-03-20T02:03:09+01:00,,Confirmed,,,,,True,,,True,PRISMA,,https://platform.prisma-capacity.eu/,,Cross-Border Transmission IP within EU,0,False
1Physical Flowhour2022-02-27 07:00:00 +00:002022-02-27 08:00:00 +00:00BE-TSO-0001ITP-00112entrykWh/h,1,Physical Flow,hour,2022-02-27T08:00:00+01:00,2022-02-27T09:00:00+01:00,BE-TSO-0001,21X-BE-A-A0A0A-Y,Fluxys Belgium,ITP-00112,Eynatten 1 (BE) // Lichtenbusch / Raeren (DE),21Z0000000000155,entry,kWh/h,,,0,2022-03-20T02:03:09+01:00,,Confirmed,,,,,True,,,True,PRISMA,,https://platform.prisma-capacity.eu/,,Cross-Border Transmission IP within EU,0,False
1Physical Flowhour2022-02-27 08:00:00 +00:002022-02-27 09:00:00 +00:00BE-TSO-0001ITP-00112entrykWh/h,1,Physical Flow,hour,2022-02-27T09:00:00+01:00,2022-02-27T10:00:00+01:00,BE-TSO-0001,21X-BE-A-A0A0A-Y,Fluxys Belgium,ITP-00112,Eynatten 1 (BE) // Lichtenbusch / Raeren (DE),21Z0000000000155,entry,kWh/h,,,0,2022-03-20T02:03:09+01:00,,Confirmed,,,,,True,,,True,PRISMA,,https://platform.prisma-capacity.eu/,,Cross-Border Transmission IP within EU,0,False
1Physical Flowhour2022-02-27 09:00:00 +00:002022-02-27 10:00:00 +00:00BE-TSO-0001ITP-00112entrykWh/h,1,Physical Flow,hour,2022-02-27T10:00:00+01:00,2022-02-27T11:00:00+01:00,BE-TSO-0001,21X-BE-A-A0A0A-Y,Fluxys Belgium,ITP-00112,Eynatten 1 (BE) // Lichtenbusch / Raeren (DE),21Z0000000000155,entry,kWh/h,,,0,2022-03-20T02:03:09+01:00,,Confirmed,,,,,True,,,True,PRISMA,,https://platform.prisma-capacity.eu/,,Cross-Border Transmission IP within EU,0,False
1Physical Flowhour2022-02-27 10:00:00 +00:002022-02-27 11:00:00 +00:00BE-TSO-0001ITP-00112entrykWh/h,1,Physical Flow,hour,2022-02-27T11:00:00+01:00,2022-02-27T12:00:00+01:00,BE-TSO-0001,21X-BE-A-A0A0A-Y,Fluxys Belgium,ITP-00112,Eynatten 1 (BE) // Lichtenbusch / Raeren (DE),21Z0000000000155,entry,kWh/h,,,0,2022-03-20T02:03:09+01:00,,Confirmed,,,,,True,,,True,PRISMA,,https://platform.prisma-capacity.eu/,,Cross-Border Transmission IP within EU,0,False
1Physical Flowhour2022-02-27 11:00:00 +00:002022-02-27 12:00:00 +00:00BE-TSO-0001ITP-00112entrykWh/h,1,Physical Flow,hour,2022-02-27T12:00:00+01:00,2022-02-27T13:00:00+01:00,BE-TSO-0001,21X-BE-A-A0A0A-Y,Fluxys Belgium,ITP-00112,Eynatten 1 (BE) // Lichtenbusch / Raeren (DE),21Z0000000000155,entry,kWh/h,,,0,2022-03-20T02:03:09+01:00,,Confirmed,,,,,True,,,True,PRISMA,,https://platform.prisma-capacity.eu/,,Cross-Border Transmission IP within EU,0,False
1Physical Flowhour2022-02-27 12:00:00 +00:002022-02-27 13:00:00 +00:00BE-TSO-0001ITP-00112entrykWh/h,1,Physical Flow,hour,2022-02-27T13:00:00+01:00,2022-02-27T14:00:00+01:00,BE-TSO-0001,21X-BE-A-A0A0A-Y,Fluxys Belgium,ITP-00112,Eynatten 1 (BE) // Lichtenbusch / Raeren (DE),21Z0000000000155,entry,kWh/h,,,0,2022-03-20T02:03:09+01:00,,Confirmed,,,,,True,,,True,PRISMA,,https://platform.prisma-capacity.eu/,,Cross-Border Transmission IP within EU,0,False
1Physical Flowhour2022-02-27 13:00:00 +00:002022-02-27 14:00:00 +00:00BE-TSO-0001ITP-00112entrykWh/h,1,Physical Flow,hour,2022-02-27T14:00:00+01:00,2022-02-27T15:00:00+01:00,BE-TSO-0001,21X-BE-A-A0A0A-Y,Fluxys Belgium,ITP-00112,Eynatten 1 (BE) // Lichtenbusch / Raeren (DE),21Z0000000000155,entry,kWh/h,,,0,2022-03-20T02:03:09+01:00,,Confirmed,,,,,True,,,True,PRISMA,,https://platform.prisma-capacity.eu/,,Cross-Border Transmission IP within EU,0,False
1Physical Flowhour2022-02-27 14:00:00 +00:002022-02-27 15:00:00 +00:00BE-TSO-0001ITP-00112entrykWh/h,1,Physical Flow,hour,2022-02-27T15:00:00+01:00,2022-02-27T16:00:00+01:00,BE-TSO-0001,21X-BE-A-A0A0A-Y,Fluxys Belgium,ITP-00112,Eynatten 1 (BE) // Lichtenbusch / Raeren (DE),21Z0000000000155,entry,kWh/h,,,0,2022-03-20T02:03:09+01:00,,Confirmed,,,,,True,,,True,PRISMA,,https://platform.prisma-capacity.eu/,,Cross-Border Transmission IP within EU,0,False
1Physical Flowhour2022-02-27 15:00:00 +00:002022-02-27 16:00:00 +00:00BE-TSO-0001ITP-00112entrykWh/h,1,Physical Flow,hour,2022-02-27T16:00:00+01:00,2022-02-27T17:00:00+01:00,BE-TSO-0001,21X-BE-A-A0A0A-Y,Fluxys Belgium,ITP-00112,Eynatten 1 (BE) // Lichtenbusch / Raeren (DE),21Z0000000000155,entry,kWh/h,,,0,2022-03-20T02:03:09+01:00,,Confirmed,,,,,True,,,True,PRISMA,,https://platform.prisma-capacity.eu/,,Cross-Border Transmission IP within EU,0,False
1Physical Flowhour2022-02-27 16:00:00 +00:002022-02-27 17:00:00 +00:00BE-TSO-0001ITP-00112entrykWh/h,1,Physical Flow,hour,2022-02-27T17:00:00+01:00,2022-02-27T18:00:00+01:00,BE-TSO-0001,21X-BE-A-A0A0A-Y,Fluxys Belgium,ITP-00112,Eynatten 1 (BE) // Lichtenbusch / Raeren (DE),21Z0000000000155,entry,kWh/h,,,0,2022-03-20T02:03:09+01:00,,Confirmed,,,,,True,,,True,PRISMA,,https://platform.prisma-capacity.eu/,,Cross-Border Transmission IP within EU,0,False
1Physical Flowhour2022-02-27 17:00:00 +00:002022-02-27 18:00:00 +00:00BE-TSO-0001ITP-00112entrykWh/h,1,Physical Flow,hour,2022-02-27T18:00:00+01:00,2022-02-27T19:00:00+01:00,BE-TSO-0001,21X-BE-A-A0A0A-Y,Fluxys Belgium,ITP-00112,Eynatten 1 (BE) // Lichtenbusch / Raeren (DE),21Z0000000000155,entry,kWh/h,,,0,2022-03-20T02:03:09+01:00,,Confirmed,,,,,True,,,True,PRISMA,,https://platform.prisma-capacity.eu/,,Cross-Border Transmission IP within EU,0,False
1Physical Flowhour2022-02-27 18:00:00 +00:002022-02-27 19:00:00 +00:00BE-TSO-0001ITP-00112entrykWh/h,1,Physical Flow,hour,2022-02-27T19:00:00+01:00,2022-02-27T20:00:00+01:00,BE-TSO-0001,21X-BE-A-A0A0A-Y,Fluxys Belgium,ITP-00112,Eynatten 1 (BE) // Lichtenbusch / Raeren (DE),21Z0000000000155,entry,kWh/h,,,0,2022-03-20T02:03:09+01:00,,Confirmed,,,,,True,,,True,PRISMA,,https://platform.prisma-capacity.eu/,,Cross-Border Transmission IP within EU,0,False
1Physical Flowhour2022-02-27 19:00:00 +00:002022-02-27 20:00:00 +00:00BE-TSO-0001ITP-00112entrykWh/h,1,Physical Flow,hour,2022-02-27T20:00:00+01:00,2022-02-27T21:00:00+01:00,BE-TSO-0001,21X-BE-A-A0A0A-Y,Fluxys Belgium,ITP-00112,Eynatten 1 (BE) // Lichtenbusch / Raeren (DE),21Z0000000000155,entry,kWh/h,,,0,2022-03-20T02:03:09+01:00,,Confirmed,,,,,True,,,True,PRISMA,,https://platform.prisma-capacity.eu/,,Cross-Border Transmission IP within EU,0,False
1Physical Flowhour2022-02-27 20:00:00 +00:002022-02-27 21:00:00 +00:00BE-TSO-0001ITP-00112entrykWh/h,1,Physical Flow,hour,2022-02-27T21:00:00+01:00,2022-02-27T22:00:00+01:00,BE-TSO-0001,21X-BE-A-A0A0A-Y,Fluxys Belgium,ITP-00112,Eynatten 1 (BE) // Lichtenbusch / Raeren (DE),21Z0000000000155,entry,kWh/h,,,0,2022-03-20T02:03:09+01:00,,Confirmed,,,,,True,,,True,PRISMA,,https://platform.prisma-capacity.eu/,,Cross-Border Transmission IP within EU,0,False
1Physical Flowhour2022-02-27 21:00:00 +00:002022-02-27 22:00:00 +00:00BE-TSO-0001ITP-00112entrykWh/h,1,Physical Flow,hour,2022-02-27T22:00:00+01:00,2022-02-27T23:00:00+01:00,BE-TSO-0001,21X-BE-A-A0A0A-Y,Fluxys Belgium,ITP-00112,Eynatten 1 (BE) // Lichtenbusch / Raeren (DE),21Z0000000000155,entry,kWh/h,,,0,2022-03-20T02:03:09+01:00,,Confirmed,,,,,True,,,True,PRISMA,,https://platform.prisma-capacity.eu/,,Cross-Border Transmission IP within EU,0,False
1Physical Flowhour2022-02-27 22:00:00 +00:002022-02-27 23:00:00 +00:00BE-TSO-0001ITP-00112entrykWh/h,1,Physical Flow,hour,2022-02-27T23:00:00+01:00,2022-02-28T00:00:00+01:00,BE-TSO-0001,21X-BE-A-A0A0A-Y,Fluxys Belgium,ITP-00112,Eynatten 1 (BE) // Lichtenbusch / Raeren (DE),21Z0000000000155,entry,kWh/h,,,0,2022-03-20T02:03:09+01:00,,Confirmed,,,,,True,,,True,PRISMA,,https://platform.prisma-capacity.eu/,,Cross-Border Transmission IP within EU,0,False
1Physical Flowhour2022-02-27 23:00:00 +00:002022-02-28 00:00:00 +00:00BE-TSO-0001ITP-00112entrykWh/h,1,Physical Flow,hour,2022-02-28T00:00:00+01:00,2022-02-28T01:00:00+01:00,BE-TSO-0001,21X-BE-A-A0A0A-Y,Fluxys Belgium,ITP-00112,Eynatten 1 (BE) // Lichtenbusch / Raeren (DE),21Z0000000000155,entry,kWh/h,,,0,2022-03-20T02:03:09+01:00,,Confirmed,,,,,True,,,True,PRISMA,,https://platform.prisma-capacity.eu/,,Cross-Border Transmission IP within EU,0,False
1Physical Flowhour2022-02-28 00:00:00 +00:002022-02-28 01:00:00 +00:00BE-TSO-0001ITP-00112entrykWh/h,1,Physical Flow,hour,2022-02-28T01:00:00+01:00,2022-02-28T02:00:00+01:00,BE-TSO-0001,21X-BE-A-A0A0A-Y,Fluxys Belgium,ITP-00112,Eynatten 1 (BE) // Lichtenbusch / Raeren (DE),21Z0000000000155,entry,kWh/h,,,0,2022-03-20T02:03:09+01:00,,Confirmed,,,,,True,,,True,PRISMA,,https://platform.prisma-capacity.eu/,,Cross-Border Transmission IP within EU,0,False
1Physical Flowhour2022-02-28 01:00:00 +00:002022-02-28 02:00:00 +00:00BE-TSO-0001ITP-00112entrykWh/h,1,Physical Flow,hour,2022-02-28T02:00:00+01:00,2022-02-28T03:00:00+01:00,BE-TSO-0001,21X-BE-A-A0A0A-Y,Fluxys Belgium,ITP-00112,Eynatten 1 (BE) // Lichtenbusch / Raeren (DE),21Z0000000000155,entry,kWh/h,,,0,2022-03-20T02:03:09+01:00,,Confirmed,,,,,True,,,True,PRISMA,,https://platform.prisma-capacity.eu/,,Cross-Border Transmission IP within EU,0,False
1Physical Flowhour2022-02-28 02:00:00 +00:002022-02-28 03:00:00 +00:00BE-TSO-0001ITP-00112entrykWh/h,1,Physical Flow,hour,2022-02-28T03:00:00+01:00,2022-02-28T04:00:00+01:00,BE-TSO-0001,21X-BE-A-A0A0A-Y,Fluxys Belgium,ITP-00112,Eynatten 1 (BE) // Lichtenbusch / Raeren (DE),21Z0000000000155,entry,kWh/h,,,0,2022-03-20T02:03:09+01:00,,Confirmed,,,,,True,,,True,PRISMA,,https://platform.prisma-capacity.eu/,,Cross-Border Transmission IP within EU,0,False
1Physical Flowhour2022-02-28 03:00:00 +00:002022-02-28 04:00:00 +00:00BE-TSO-0001ITP-00112entrykWh/h,1,Physical Flow,hour,2022-02-28T04:00:00+01:00,2022-02-28T05:00:00+01:00,BE-TSO-0001,21X-BE-A-A0A0A-Y,Fluxys Belgium,ITP-00112,Eynatten 1 (BE) // Lichtenbusch / Raeren (DE),21Z0000000000155,entry,kWh/h,,,0,2022-03-20T02:03:09+01:00,,Confirmed,,,,,True,,,True,PRISMA,,https://platform.prisma-capacity.eu/,,Cross-Border Transmission IP within EU,0,False
1Physical Flowhour2022-02-28 04:00:00 +00:002022-02-28 05:00:00 +00:00BE-TSO-0001ITP-00112entrykWh/h,1,Physical Flow,hour,2022-02-28T05:00:00+01:00,2022-02-28T06:00:00+01:00,BE-TSO-0001,21X-BE-A-A0A0A-Y,Fluxys Belgium,ITP-00112,Eynatten 1 (BE) // Lichtenbusch / Raeren (DE),21Z0000000000155,entry,kWh/h,,,0,2022-03-20T02:03:09+01:00,,Confirmed,,,,,True,,,True,PRISMA,,https://platform.prisma-capacity.eu/,,Cross-Border Transmission IP within EU,0,False
1Physical Flowhour2022-02-28 05:00:00 +00:002022-02-28 06:00:00 +00:00BE-TSO-0001ITP-00112entrykWh/h,1,Physical Flow,hour,2022-02-28T06:00:00+01:00,2022-02-28T07:00:00+01:00,BE-TSO-0001,21X-BE-A-A0A0A-Y,Fluxys Belgium,ITP-00112,Eynatten 1 (BE) // Lichtenbusch / Raeren (DE),21Z0000000000155,entry,kWh/h,,,0,2022-03-20T02:03:09+01:00,,Confirmed,,,,,True,,,True,PRISMA,,https://platform.prisma-capacity.eu/,,Cross-Border Transmission IP within EU,0,False
1Physical Flowhour2022-02-28 06:00:00 +00:002022-02-28 07:00:00 +00:00BE-TSO-0001ITP-00112entrykWh/h,1,Physical Flow,hour,2022-02-28T07:00:00+01:00,2022-02-28T08:00:00+01:00,BE-TSO-0001,21X-BE-A-A0A0A-Y,Fluxys Belgium,ITP-00112,Eynatten 1 (BE) // Lichtenbusch / Raeren (DE),21Z0000000000155,entry,kWh/h,,,0,2022-03-20T02:03:09+01:00,,Confirmed,,,,,True,,,True,PRISMA,,https://platform.prisma-capacity.eu/,,Cross-Border Transmission IP within EU,0,False
1Physical Flowhour2022-02-28 07:00:00 +00:002022-02-28 08:00:00 +00:00BE-TSO-0001ITP-00112entrykWh/h,1,Physical Flow,hour,2022-02-28T08:00:00+01:00,2022-02-28T09:00:00+01:00,BE-TSO-0001,21X-BE-A-A0A0A-Y,Fluxys Belgium,ITP-00112,Eynatten 1 (BE) // Lichtenbusch / Raeren (DE),21Z0000000000155,entry,kWh/h,,,0,2022-03-20T02:03:09+01:00,,Confirmed,,,,,True,,,True,PRISMA,,https://platform.prisma-capacity.eu/,,Cross-Border Transmission IP within EU,0,False
1Physical Flowhour2022-02-28 08:00:00 +00:002022-02-28 09:00:00 +00:00BE-TSO-0001ITP-00112entrykWh/h,1,Physical Flow,hour,2022-02-28T09:00:00+01:00,2022-02-28T10:00:00+01:00,BE-TSO-0001,21X-BE-A-A0A0A-Y,Fluxys Belgium,ITP-00112,Eynatten 1 (BE) // Lichtenbusch / Raeren (DE),21Z0000000000155,entry,kWh/h,,,0,2022-03-20T02:03:09+01:00,,Confirmed,,,,,True,,,True,PRISMA,,https://platform.prisma-capacity.eu/,,Cross-Border Transmission IP within EU,0,False
1Physical Flowhour2022-02-28 09:00:00 +00:002022-02-28 10:00:00 +00:00BE-TSO-0001ITP-00112entrykWh/h,1,Physical Flow,hour,2022-02-28T10:00:00+01:00,2022-02-28T11:00:00+01:00,BE-TSO-0001,21X-BE-A-A0A0A-Y,Fluxys Belgium,ITP-00112,Eynatten 1 (BE) // Lichtenbusch / Raeren (DE),21Z0000000000155,entry,kWh/h,,,0,2022-03-20T02:03:09+01:00,,Confirmed,,,,,True,,,True,PRISMA,,https://platform.prisma-capacity.eu/,,Cross-Border Transmission IP within EU,0,False
1Physical Flowhour2022-02-28 10:00:00 +00:002022-02-28 11:00:00 +00:00BE-TSO-0001ITP-00112entrykWh/h,1,Physical Flow,hour,2022-02-28T11:00:00+01:00,2022-02-28T12:00:00+01:00,BE-TSO-0001,21X-BE-A-A0A0A-Y,Fluxys Belgium,ITP-00112,Eynatten 1 (BE) // Lichtenbusch / Raeren (DE),21Z0000000000155,entry,kWh/h,,,0,2022-03-20T02:03:09+01:00,,Confirmed,,,,,True,,,True,PRISMA,,https://platform.prisma-capacity.eu/,,Cross-Border Transmission IP within EU,0,False
1Physical Flowhour2022-02-28 11:00:00 +00:002022-02-28 12:00:00 +00:00BE-TSO-0001ITP-00112entrykWh/h,1,Physical Flow,hour,2022-02-28T12:00:00+01:00,2022-02-28T13:00:00+01:00,BE-TSO-0001,21X-BE-A-A0A0A-Y,Fluxys Belgium,ITP-00112,Eynatten 1 (BE) // Lichtenbusch / Raeren (DE),21Z0000000000155,entry,kWh/h,,,0,2022-03-20T02:03:09+01:00,,Confirmed,,,,,True,,,True,PRISMA,,https://platform.prisma-capacity.eu/,,Cross-Border Transmission IP within EU,0,False
1Physical Flowhour2022-02-28 12:00:00 +00:002022-02-28 13:00:00 +00:00BE-TSO-0001ITP-00112entrykWh/h,1,Physical Flow,hour,2022-02-28T13:00:00+01:00,2022-02-28T14:00:00+01:00,BE-TSO-0001,21X-BE-A-A0A0A-Y,Fluxys Belgium,ITP-00112,Eynatten 1 (BE) // Lichtenbusch / Raeren (DE),21Z0000000000155,entry,kWh/h,,,0,2022-03-20T02:03:09+01:00,,Confirmed,,,,,True,,,True,PRISMA,,https://platform.prisma-capacity.eu/,,Cross-Border Transmission IP within EU,0,False
1Physical Flowhour2022-02-28 13:00:00 +00:002022-02-28 14:00:00 +00:00BE-TSO-0001ITP-00112entrykWh/h,1,Physical Flow,hour,2022-02-28T14:00:00+01:00,2022-02-28T15:00:00+01:00,BE-TSO-0001,21X-BE-A-A0A0A-Y,Fluxys Belgium,ITP-00112,Eynatten 1 (BE) // Lichtenbusch / Raeren (DE),21Z0000000000155,entry,kWh/h,,,0,2022-03-20T02:03:09+01:00,,Confirmed,,,,,True,,,True,PRISMA,,https://platform.prisma-capacity.eu/,,Cross-Border Transmission IP within EU,0,False
1Physical Flowhour2022-02-28 14:00:00 +00:002022-02-28 15:00:00 +00:00BE-TSO-0001ITP-00112entrykWh/h,1,Physical Flow,hour,2022-02-28T15:00:00+01:00,2022-02-28T16:00:00+01:00,BE-TSO-0001,21X-BE-A-A0A0A-Y,Fluxys Belgium,ITP-00112,Eynatten 1 (BE) // Lichtenbusch / Raeren (DE),21Z0000000000155,entry,kWh/h,,,0,2022-03-20T02:03:09+01:00,,Confirmed,,,,,True,,,True,PRISMA,,https://platform.prisma-capacity.eu/,,Cross-Border Transmission IP within EU,0,False
1Physical Flowhour2022-02-28 15:00:00 +00:002022-02-28 16:00:00 +00:00BE-TSO-0001ITP-00112entrykWh/h,1,Physical Flow,hour,2022-02-28T16:00:00+01:00,2022-02-28T17:00:00+01:00,BE-TSO-0001,21X-BE-A-A0A0A-Y,Fluxys Belgium,ITP-00112,Eynatten 1 (BE) // Lichtenbusch / Raeren (DE),21Z0000000000155,entry,kWh/h,,,0,2022-03-20T02:03:09+01:00,,Confirmed,,,,,True,,,True,PRISMA,,https://platform.prisma-capacity.eu/,,Cross-Border Transmission IP within EU,0,False
1Physical Flowhour2022-02-28 16:00:00 +00:002022-02-28 17:00:00 +00:00BE-TSO-0001ITP-00112entrykWh/h,1,Physical Flow,hour,2022-02-28T17:00:00+01:00,2022-02-28T18:00:00+01:00,BE-TSO-0001,21X-BE-A-A0A0A-Y,Fluxys Belgium,ITP-00112,Eynatten 1 (BE) // Lichtenbusch / Raeren (DE),21Z0000000000155,entry,kWh/h,,,0,2022-03-20T02:03:09+01:00,,Confirmed,,,,,True,,,True,PRISMA,,https://platform.prisma-capacity.eu/,,Cross-Border Transmission IP within EU,0,False
1Physical Flowhour2022-02-28 17:00:00 +00:002022-02-28 18:00:00 +00:00BE-TSO-0001ITP-00112entrykWh/h,1,Physical Flow,hour,2022-02-28T18:00:00+01:00,2022-02-28T19:00:00+01:00,BE-TSO-0001,21X-BE-A-A0A0A-Y,Fluxys Belgium,ITP-00112,Eynatten 1 (BE) // Lichtenbusch / Raeren (DE),21Z0000000000155,entry,kWh/h,,,0,2022-03-20T02:03:09+01:00,,Confirmed,,,,,True,,,True,PRISMA,,https://platform.prisma-capacity.eu/,,Cross-Border Transmission IP within EU,0,False
1Physical Flowhour2022-02-28 18:00:00 +00:002022-02-28 19:00:00 +00:00BE-TSO-0001ITP-00112entrykWh/h,1,Physical Flow,hour,2022-02-28T19:00:00+01:00,2022-02-28T20:00:00+01:00,BE-TSO-0001,21X-BE-A-A0A0A-Y,Fluxys Belgium,ITP-00112,Eynatten 1 (BE) // Lichtenbusch / Raeren (DE),21Z0000000000155,entry,kWh/h,,,0,2022-03-20T02:03:09+01:00,,Confirmed,,,,,True,,,True,PRISMA,,https://platform.prisma-capacity.eu/,,Cross-Border Transmission IP within EU,0,False
1Physical Flowhour2022-02-28 19:00:00 +00:002022-02-28 20:00:00 +00:00BE-TSO-0001ITP-00112entrykWh/h,1,Physical Flow,hour,2022-02-28T20:00:00+01:00,2022-02-28T21:00:00+01:00,BE-TSO-0001,21X-BE-A-A0A0A-Y,Fluxys Belgium,ITP-00112,Eynatten 1 (BE) // Lichtenbusch / Raeren (DE),21Z0000000000155,entry,kWh/h,,,0,2022-03-20T02:03:09+01:00,,Confirmed,,,,,True,,,True,PRISMA,,https://platform.prisma-capacity.eu/,,Cross-Border Transmission IP within EU,0,False
1Physical Flowhour2022-02-28 20:00:00 +00:002022-02-28 21:00:00 +00:00BE-TSO-0001ITP-00112entrykWh/h,1,Physical Flow,hour,2022-02-28T21:00:00+01:00,2022-02-28T22:00:00+01:00,BE-TSO-0001,21X-BE-A-A0A0A-Y,Fluxys Belgium,ITP-00112,Eynatten 1 (BE) // Lichtenbusch / Raeren (DE),21Z0000000000155,entry,kWh/h,,,0,2022-03-20T02:03:09+01:00,,Confirmed,,,,,True,,,True,PRISMA,,https://platform.prisma-capacity.eu/,,Cross-Border Transmission IP within EU,0,False
1Physical Flowhour2022-02-28 21:00:00 +00:002022-02-28 22:00:00 +00:00BE-TSO-0001ITP-00112entrykWh/h,1,Physical Flow,hour,2022-02-28T22:00:00+01:00,2022-02-28T23:00:00+01:00,BE-TSO-0001,21X-BE-A-A0A0A-Y,Fluxys Belgium,ITP-00112,Eynatten 1 (BE) // Lichtenbusch / Raeren (DE),21Z0000000000155,entry,kWh/h,,,0,2022-03-20T02:03:09+01:00,,Confirmed,,,,,True,,,True,PRISMA,,https://platform.prisma-capacity.eu/,,Cross-Border Transmission IP within EU,0,False
1Physical Flowhour2022-02-28 22:00:00 +00:002022-02-28 23:00:00 +00:00BE-TSO-0001ITP-00112entrykWh/h,1,Physical Flow,hour,2022-02-28T23:00:00+01:00,2022-03-01T00:00:00+01:00,BE-TSO-0001,21X-BE-A-A0A0A-Y,Fluxys Belgium,ITP-00112,Eynatten 1 (BE) // Lichtenbusch / Raeren (DE),21Z0000000000155,entry,kWh/h,,,0,2022-03-20T02:03:09+01:00,,Confirmed,,,,,True,,,True,PRISMA,,https://platform.prisma-capacity.eu/,,Cross-Border Transmission IP within EU,0,False
1Physical Flowhour2022-02-28 23:00:00 +00:002022-03-01 00:00:00 +00:00BE-TSO-0001ITP-00112entrykWh/h,1,Physical Flow,hour,2022-03-01T00:00:00+01:00,2022-03-01T01:00:00+01:00,BE-TSO-0001,21X-BE-A-A0A0A-Y,Fluxys Belgium,ITP-00112,Eynatten 1 (BE) // Lichtenbusch / Raeren (DE),21Z0000000000155,entry,kWh/h,,,0,2022-03-20T02:03:09+01:00,,Confirmed,,,,,True,,,True,PRISMA,,https://platform.prisma-capacity.eu/,,Cross-Border Transmission IP within EU,0,False
1Physical Flowhour2022-03-01 00:00:00 +00:002022-03-01 01:00:00 +00:00BE-TSO-0001ITP-00112entrykWh/h,1,Physical Flow,hour,2022-03-01T01:00:00+01:00,2022-03-01T02:00:00+01:00,BE-TSO-0001,21X-BE-A-A0A0A-Y,Fluxys Belgium,ITP-00112,Eynatten 1 (BE) // Lichtenbusch / Raeren (DE),21Z0000000000155,entry,kWh/h,,,0,2022-03-20T02:03:09+01:00,,Confirmed,,,,,True,,,True,PRISMA,,https://platform.prisma-capacity.eu/,,Cross-Border Transmission IP within EU,0,False
1Physical Flowhour2022-03-01 01:00:00 +00:002022-03-01 02:00:00 +00:00BE-TSO-0001ITP-00112entrykWh/h,1,Physical Flow,hour,2022-03-01T02:00:00+01:00,2022-03-01T03:00:00+01:00,BE-TSO-0001,21X-BE-A-A0A0A-Y,Fluxys Belgium,ITP-00112,Eynatten 1 (BE) // Lichtenbusch / Raeren (DE),21Z0000000000155,entry,kWh/h,,,0,2022-03-20T02:03:09+01:00,,Confirmed,,,,,True,,,True,PRISMA,,https://platform.prisma-capacity.eu/,,Cross-Border Transmission IP within EU,0,False
1Physical Flowhour2022-03-01 02:00:00 +00:002022-03-01 03:00:00 +00:00BE-TSO-0001ITP-00112entrykWh/h,1,Physical Flow,hour,2022-03-01T03:00:00+01:00,2022-03-01T04:00:00+01:00,BE-TSO-0001,21X-BE-A-A0A0A-Y,Fluxys Belgium,ITP-00112,Eynatten 1 (BE) // Lichtenbusch / Raeren (DE),21Z0000000000155,entry,kWh/h,,,0,2022-03-20T02:03:09+01:00,,Confirmed,,,,,True,,,True,PRISMA,,https://platform.prisma-capacity.eu/,,Cross-Border Transmission IP within EU,0,False
1Physical Flowhour2022-03-01 03:00:00 +00:002022-03-01 04:00:00 +00:00BE-TSO-0001ITP-00112entrykWh/h,1,Physical Flow,hour,2022-03-01T04:00:00+01:00,2022-03-01T05:00:00+01:00,BE-TSO-0001,21X-BE-A-A0A0A-Y,Fluxys Belgium,ITP-00112,Eynatten 1 (BE) // Lichtenbusch / Raeren (DE),21Z0000000000155,entry,kWh/h,,,0,2022-03-20T02:03:09+01:00,,Confirmed,,,,,True,,,True,PRISMA,,https://platform.prisma-capacity.eu/,,Cross-Border Transmission IP within EU,0,False
1Physical Flowhour2022-03-01 04:00:00 +00:002022-03-01 05:00:00 +00:00BE-TSO-0001ITP-00112entrykWh/h,1,Physical Flow,hour,2022-03-01T05:00:00+01:00,2022-03-01T06:00:00+01:00,BE-TSO-0001,21X-BE-A-A0A0A-Y,Fluxys Belgium,ITP-00112,Eynatten 1 (BE) // Lichtenbusch / Raeren (DE),21Z0000000000155,entry,kWh/h,,,0,2022-03-20T02:03:09+01:00,,Confirmed,,,,,True,,,True,PRISMA,,https://platform.prisma-capacity.eu/,,Cross-Border Transmission IP within EU,0,False
1Physical Flowhour2022-03-01 05:00:00 +00:002022-03-01 06:00:00 +00:00BE-TSO-0001ITP-00112entrykWh/h,1,Physical Flow,hour,2022-03-01T06:00:00+01:00,2022-03-01T07:00:00+01:00,BE-TSO-0001,21X-BE-A-A0A0A-Y,Fluxys Belgium,ITP-00112,Eynatten 1 (BE) // Lichtenbusch / Raeren (DE),21Z0000000000155,entry,kWh/h,,,0,2022-03-02T11:21:09+01:00,,Confirmed,,,,,True,,,True,PRISMA,,https://platform.prisma-capacity.eu/,,Cross-Border Transmission IP within EU,0,False
1Physical Flowhour2022-03-01 06:00:00 +00:002022-03-01 07:00:00 +00:00BE-TSO-0001ITP-00112entrykWh/h,1,Physical Flow,hour,2022-03-01T07:00:00+01:00,2022-03-01T08:00:00+01:00,BE-TSO-0001,21X-BE-A-A0A0A-Y,Fluxys Belgium,ITP-00112,Eynatten 1 (BE) // Lichtenbusch / Raeren (DE),21Z0000000000155,entry,kWh/h,,,0,2022-03-02T11:21:09+01:00,,Confirmed,,,,,True,,,True,PRISMA,,https://platform.prisma-capacity.eu/,,Cross-Border Transmission IP within EU,0,False
1Physical Flowhour2022-03-01 07:00:00 +00:002022-03-01 08:00:00 +00:00BE-TSO-0001ITP-00112entrykWh/h,1,Physical Flow,hour,2022-03-01T08:00:00+01:00,2022-03-01T09:00:00+01:00,BE-TSO-0001,21X-BE-A-A0A0A-Y,Fluxys Belgium,ITP-00112,Eynatten 1 (BE) // Lichtenbusch / Raeren (DE),21Z0000000000155,entry,kWh/h,,,0,2022-03-02T11:21:09+01:00,,Confirmed,,,,,True,,,True,PRISMA,,https://platform.prisma-capacity.eu/,,Cross-Border Transmission IP within EU,0,False
1Physical Flowhour2022-03-01 08:00:00 +00:002022-03-01 09:00:00 +00:00BE-TSO-0001ITP-00112entrykWh/h,1,Physical Flow,hour,2022-03-01T09:00:00+01:00,2022-03-01T10:00:00+01:00,BE-TSO-0001,21X-BE-A-A0A0A-Y,Fluxys Belgium,ITP-00112,Eynatten 1 (BE) // Lichtenbusch / Raeren (DE),21Z0000000000155,entry,kWh/h,,,0,2022-03-02T11:21:09+01:00,,Confirmed,,,,,True,,,True,PRISMA,,https://platform.prisma-capacity.eu/,,Cross-Border Transmission IP within EU,0,False
1Physical Flowhour2022-03-01 09:00:00 +00:002022-03-01 10:00:00 +00:00BE-TSO-0001ITP-00112entrykWh/h,1,Physical Flow,hour,2022-03-01T10:00:00+01:00,2022-03-01T11:00:00+01:00,BE-TSO-0001,21X-BE-A-A0A0A-Y,Fluxys Belgium,ITP-00112,Eynatten 1 (BE) // Lichtenbusch / Raeren (DE),21Z0000000000155,entry,kWh/h,,,0,2022-03-02T11:21:09+01:00,,Confirmed,,,,,True,,,True,PRISMA,,https://platform.prisma-capacity.eu/,,Cross-Border Transmission IP within EU,0,False
1Physical Flowhour2022-03-01 10:00:00 +00:002022-03-01 11:00:00 +00:00BE-TSO-0001ITP-00112entrykWh/h,1,Physical Flow,hour,2022-03-01T11:00:00+01:00,2022-03-01T12:00:00+01:00,BE-TSO-0001,21X-BE-A-A0A0A-Y,Fluxys Belgium,ITP-00112,Eynatten 1 (BE) // Lichtenbusch / Raeren (DE),21Z0000000000155,entry,kWh/h,,,0,2022-03-02T11:21:09+01:00,,Confirmed,,,,,True,,,True,PRISMA,,https://platform.prisma-capacity.eu/,,Cross-Border Transmission IP within EU,0,False
1Physical Flowhour2022-03-01 11:00:00 +00:002022-03-01 12:00:00 +00:00BE-TSO-0001ITP-00112entrykWh/h,1,Physical Flow,hour,2022-03-01T12:00:00+01:00,2022-03-01T13:00:00+01:00,BE-TSO-0001,21X-BE-A-A0A0A-Y,Fluxys Belgium,ITP-00112,Eynatten 1 (BE) // Lichtenbusch / Raeren (DE),21Z0000000000155,entry,kWh/h,,,0,2022-03-02T11:21:09+01:00,,Confirmed,,,,,True,,,True,PRISMA,,https://platform.prisma-capacity.eu/,,Cross-Border Transmission IP within EU,0,False
1Physical Flowhour2022-03-01 12:00:00 +00:002022-03-01 13:00:00 +00:00BE-TSO-0001ITP-00112entrykWh/h,1,Physical Flow,hour,2022-03-01T13:00:00+01:00,2022-03-01T14:00:00+01:00,BE-TSO-0001,21X-BE-A-A0A0A-Y,Fluxys Belgium,ITP-00112,Eynatten 1 (BE) // Lichtenbusch / Raeren (DE),21Z0000000000155,entry,kWh/h,,,0,2022-03-02T11:21:09+01:00,,Confirmed,,,,,True,,,True,PRISMA,,https://platform.prisma-capacity.eu/,,Cross-Border Transmission IP within EU,0,False
1Physical Flowhour2022-03-01 13:00:00 +00:002022-03-01 14:00:00 +00:00BE-TSO-0001ITP-00112entrykWh/h,1,Physical Flow,hour,2022-03-01T14:00:00+01:00,2022-03-01T15:00:00+01:00,BE-TSO-0001,21X-BE-A-A0A0A-Y,Fluxys Belgium,ITP-00112,Eynatten 1 (BE) // Lichtenbusch / Raeren (DE),21Z0000000000155,entry,kWh/h,,,0,2022-03-02T11:21:09+01:00,,Confirmed,,,,,True,,,True,PRISMA,,https://platform.prisma-capacity.eu/,,Cross-Border Transmission IP within EU,0,False
1Physical Flowhour2022-03-01 14:00:00 +00:002022-03-01 15:00:00 +00:00BE-TSO-0001ITP-00112entrykWh/h,1,Physical Flow,hour,2022-03-01T15:00:00+01:00,2022-03-01T16:00:00+01:00,BE-TSO-0001,21X-BE-A-A0A0A-Y,Fluxys Belgium,ITP-00112,Eynatten 1 (BE) // Lichtenbusch / Raeren (DE),21Z0000000000155,entry,kWh/h,,,0,2022-03-02T11:21:09+01:00,,Confirmed,,,,,True,,,True,PRISMA,,https://platform.prisma-capacity.eu/,,Cross-Border Transmission IP within EU,0,False
1Physical Flowhour2022-03-01 15:00:00 +00:002022-03-01 16:00:00 +00:00BE-TSO-0001ITP-00112entrykWh/h,1,Physical Flow,hour,2022-03-01T16:00:00+01:00,2022-03-01T17:00:00+01:00,BE-TSO-0001,21X-BE-A-A0A0A-Y,Fluxys Belgium,ITP-00112,Eynatten 1 (BE) // Lichtenbusch / Raeren (DE),21Z0000000000155,entry,kWh/h,,,0,2022-03-02T11:21:09+01:00,,Confirmed,,,,,True,,,True,PRISMA,,https://platform.prisma-capacity.eu/,,Cross-Border Transmission IP within EU,0,False
1Physical Flowhour2022-03-01 16:00:00 +00:002022-03-01 17:00:00 +00:00BE-TSO-0001ITP-00112entrykWh/h,1,Physical Flow,hour,2022-03-01T17:00:00+01:00,2022-03-01T18:00:00+01:00,BE-TSO-0001,21X-BE-A-A0A0A-Y,Fluxys Belgium,ITP-00112,Eynatten 1 (BE) // Lichtenbusch / Raeren (DE),21Z0000000000155,entry,kWh/h,,,0,2022-03-02T11:21:09+01:00,,Confirmed,,,,,True,,,True,PRISMA,,https://platform.prisma-capacity.eu/,,Cross-Border Transmission IP within EU,0,False
1Physical Flowhour2022-03-01 17:00:00 +00:002022-03-01 18:00:00 +00:00BE-TSO-0001ITP-00112entrykWh/h,1,Physical Flow,hour,2022-03-01T18:00:00+01:00,2022-03-01T19:00:00+01:00,BE-TSO-0001,21X-BE-A-A0A0A-Y,Fluxys Belgium,ITP-00112,Eynatten 1 (BE) // Lichtenbusch / Raeren (DE),21Z0000000000155,entry,kWh/h,,,0,2022-03-02T11:21:09+01:00,,Confirmed,,,,,True,,,True,PRISMA,,https://platform.prisma-capacity.eu/,,Cross-Border Transmission IP within EU,0,False
1Physical Flowhour2022-03-01 18:00:00 +00:002022-03-01 19:00:00 +00:00BE-TSO-0001ITP-00112entrykWh/h,1,Physical Flow,hour,2022-03-01T19:00:00+01:00,2022-03-01T20:00:00+01:00,BE-TSO-0001,21X-BE-A-A0A0A-Y,Fluxys Belgium,ITP-00112,Eynatten 1 (BE) // Lichtenbusch / Raeren (DE),21Z0000000000155,entry,kWh/h,,,0,2022-03-02T11:21:09+01:00,,Confirmed,,,,,True,,,True,PRISMA,,https://platform.prisma-capacity.eu/,,Cross-Border Transmission IP within EU,0,False
1Physical Flowhour2022-03-01 19:00:00 +00:002022-03-01 20:00:00 +00:00BE-TSO-0001ITP-00112entrykWh/h,1,Physical Flow,hour,2022-03-01T20:00:00+01:00,2022-03-01T21:00:00+01:00,BE-TSO-0001,21X-BE-A-A0A0A-Y,Fluxys Belgium,ITP-00112,Eynatten 1 (BE) // Lichtenbusch / Raeren (DE),21Z0000000000155,entry,kWh/h,,,0,2022-03-02T11:21:09+01:00,,Confirmed,,,,,True,,,True,PRISMA,,https://platform.prisma-capacity.eu/,,Cross-Border Transmission IP within EU,0,False
1Physical Flowhour2022-03-01 20:00:00 +00:002022-03-01 21:00:00 +00:00BE-TSO-0001ITP-00112entrykWh/h,1,Physical Flow,hour,2022-03-01T21:00:00+01:00,2022-03-01T22:00:00+01:00,BE-TSO-0001,21X-BE-A-A0A0A-Y,Fluxys Belgium,ITP-00112,Eynatten 1 (BE) // Lichtenbusch / Raeren (DE),21Z0000000000155,entry,kWh/h,,,0,2022-03-02T11:21:09+01:00,,Confirmed,,,,,True,,,True,PRISMA,,https://platform.prisma-capacity.eu/,,Cross-Border Transmission IP within EU,0,False
1Physical Flowhour2022-03-01 21:00:00 +00:002022-03-01 22:00:00 +00:00BE-TSO-0001ITP-00112entrykWh/h,1,Physical Flow,hour,2022-03-01T22:00:00+01:00,2022-03-01T23:00:00+01:00,BE-TSO-0001,21X-BE-A-A0A0A-Y,Fluxys Belgium,ITP-00112,Eynatten 1 (BE) // Lichtenbusch / Raeren (DE),21Z0000000000155,entry,kWh/h,,,0,2022-03-02T11:21:09+01:00,,Confirmed,,,,,True,,,True,PRISMA,,https://platform.prisma-capacity.eu/,,Cross-Border Transmission IP within EU,0,False
1Physical Flowhour2022-03-01 22:00:00 +00:002022-03-01 23:00:00 +00:00BE-TSO-0001ITP-00112entrykWh/h,1,Physical Flow,hour,2022-03-01T23:00:00+01:00,2022-03-02T00:00:00+01:00,BE-TSO-0001,21X-BE-A-A0A0A-Y,Fluxys Belgium,ITP-00112,Eynatten 1 (BE) // Lichtenbusch / Raeren (DE),21Z0000000000155,entry,kWh/h,,,0,2022-03-02T11:21:09+01:00,,Confirmed,,,,,True,,,True,PRISMA,,https://platform.prisma-capacity.eu/,,Cross-Border Transmission IP within EU,0,False
1Physical Flowhour2022-03-01 23:00:00 +00:002022-03-02 00:00:00 +00:00BE-TSO-0001ITP-00112entrykWh/h,1,Physical Flow,hour,2022-03-02T00:00:00+01:00,2022-03-02T01:00:00+01:00,BE-TSO-0001,21X-BE-A-A0A0A-Y,Fluxys Belgium,ITP-00112,Eynatten 1 (BE) // Lichtenbusch / Raeren (DE),21Z0000000000155,entry,kWh/h,,,0,2022-03-02T11:21:09+01:00,,Confirmed,,,,,True,,,True,PRISMA,,https://platform.prisma-capacity.eu/,,Cross-Border Transmission IP within EU,0,False
1Physical Flowhour2022-03-02 00:00:00 +00:002022-03-02 01:00:00 +00:00BE-TSO-0001ITP-00112entrykWh/h,1,Physical Flow,hour,2022-03-02T01:00:00+01:00,2022-03-02T02:00:00+01:00,BE-TSO-0001,21X-BE-A-A0A0A-Y,Fluxys Belgium,ITP-00112,Eynatten 1 (BE) // Lichtenbusch / Raeren (DE),21Z0000000000155,entry,kWh/h,,,0,2022-03-02T11:21:09+01:00,,Confirmed,,,,,True,,,True,PRISMA,,https://platform.prisma-capacity.eu/,,Cross-Border Transmission IP within EU,0,False
1Physical Flowhour2022-03-02 01:00:00 +00:002022-03-02 02:00:00 +00:00BE-TSO-0001ITP-00112entrykWh/h,1,Physical Flow,hour,2022-03-02T02:00:00+01:00,2022-03-02T03:00:00+01:00,BE-TSO-0001,21X-BE-A-A0A0A-Y,Fluxys Belgium,ITP-00112,Eynatten 1 (BE) // Lichtenbusch / Raeren (DE),21Z0000000000155,entry,kWh/h,,,0,2022-03-02T11:21:09+01:00,,Confirmed,,,,,True,,,True,PRISMA,,https://platform.prisma-capacity.eu/,,Cross-Border Transmission IP within EU,0,False
1Physical Flowhour2022-03-02 02:00:00 +00:002022-03-02 03:00:00 +00:00BE-TSO-0001ITP-00112entrykWh/h,1,Physical Flow,hour,2022-03-02T03:00:00+01:00,2022-03-02T04:00:00+01:00,BE-TSO-0001,21X-BE-A-A0A0A-Y,Fluxys Belgium,ITP-00112,Eynatten 1 (BE) // Lichtenbusch / Raeren (DE),21Z0000000000155,entry,kWh/h,,,0,2022-03-02T11:21:09+01:00,,Confirmed,,,,,True,,,True,PRISMA,,https://platform.prisma-capacity.eu/,,Cross-Border Transmission IP within EU,0,False
1Physical Flowhour2022-03-02 03:00:00 +00:002022-03-02 04:00:00 +00:00BE-TSO-0001ITP-00112entrykWh/h,1,Physical Flow,hour,2022-03-02T04:00:00+01:00,2022-03-02T05:00:00+01:00,BE-TSO-0001,21X-BE-A-A0A0A-Y,Fluxys Belgium,ITP-00112,Eynatten 1 (BE) // Lichtenbusch / Raeren (DE),21Z0000000000155,entry,kWh/h,,,0,2022-03-02T11:21:09+01:00,,Confirmed,,,,,True,,,True,PRISMA,,https://platform.prisma-capacity.eu/,,Cross-Border Transmission IP within EU,0,False
1Physical Flowhour2022-03-02 04:00:00 +00:002022-03-02 05:00:00 +00:00BE-TSO-0001ITP-00112entrykWh/h,1,Physical Flow,hour,2022-03-02T05:00:00+01:00,2022-03-02T06:00:00+01:00,BE-TSO-0001,21X-BE-A-A0A0A-Y,Fluxys Belgium,ITP-00112,Eynatten 1 (BE) // Lichtenbusch / Raeren (DE),21Z0000000000155,entry,kWh/h,,,0,2022-03-02T11:21:09+01:00,,Confirmed,,,,,True,,,True,PRISMA,,https://platform.prisma-capacity.eu/,,Cross-Border Transmission IP within EU,0,False
1Physical Flowhour2022-03-02 05:00:00 +00:002022-03-02 06:00:00 +00:00BE-TSO-0001ITP-00112entrykWh/h,1,Physical Flow,hour,2022-03-02T06:00:00+01:00,2022-03-02T07:00:00+01:00,BE-TSO-0001,21X-BE-A-A0A0A-Y,Fluxys Belgium,ITP-00112,Eynatten 1 (BE) // Lichtenbusch / Raeren (DE),21Z0000000000155,entry,kWh/h,,,0,2022-03-03T10:36:13+01:00,,Confirmed,,,,,True,,,True,PRISMA,,https://platform.prisma-capacity.eu/,,Cross-Border Transmission IP within EU,0,False
1Physical Flowhour2022-03-02 06:00:00 +00:002022-03-02 07:00:00 +00:00BE-TSO-0001ITP-00112entrykWh/h,1,Physical Flow,hour,2022-03-02T07:00:00+01:00,2022-03-02T08:00:00+01:00,BE-TSO-0001,21X-BE-A-A0A0A-Y,Fluxys Belgium,ITP-00112,Eynatten 1 (BE) // Lichtenbusch / Raeren (DE),21Z0000000000155,entry,kWh/h,,,0,2022-03-03T10:36:13+01:00,,Confirmed,,,,,True,,,True,PRISMA,,https://platform.prisma-capacity.eu/,,Cross-Border Transmission IP within EU,0,False
1Physical Flowhour2022-03-02 07:00:00 +00:002022-03-02 08:00:00 +00:00BE-TSO-0001ITP-00112entrykWh/h,1,Physical Flow,hour,2022-03-02T08:00:00+01:00,2022-03-02T09:00:00+01:00,BE-TSO-0001,21X-BE-A-A0A0A-Y,Fluxys Belgium,ITP-00112,Eynatten 1 (BE) // Lichtenbusch / Raeren (DE),21Z0000000000155,entry,kWh/h,,,0,2022-03-03T10:36:13+01:00,,Confirmed,,,,,True,,,True,PRISMA,,https://platform.prisma-capacity.eu/,,Cross-Border Transmission IP within EU,0,False
1Physical Flowhour2022-03-02 08:00:00 +00:002022-03-02 09:00:00 +00:00BE-TSO-0001ITP-00112entrykWh/h,1,Physical Flow,hour,2022-03-02T09:00:00+01:00,2022-03-02T10:00:00+01:00,BE-TSO-0001,21X-BE-A-A0A0A-Y,Fluxys Belgium,ITP-00112,Eynatten 1 (BE) // Lichtenbusch / Raeren (DE),21Z0000000000155,entry,kWh/h,,,0,2022-03-03T10:36:13+01:00,,Confirmed,,,,,True,,,True,PRISMA,,https://platform.prisma-capacity.eu/,,Cross-Border Transmission IP within EU,0,False
1Physical Flowhour2022-03-02 09:00:00 +00:002022-03-02 10:00:00 +00:00BE-TSO-0001ITP-00112entrykWh/h,1,Physical Flow,hour,2022-03-02T10:00:00+01:00,2022-03-02T11:00:00+01:00,BE-TSO-0001,21X-BE-A-A0A0A-Y,Fluxys Belgium,ITP-00112,Eynatten 1 (BE) // Lichtenbusch / Raeren (DE),21Z0000000000155,entry,kWh/h,,,0,2022-03-03T10:36:13+01:00,,Confirmed,,,,,True,,,True,PRISMA,,https://platform.prisma-capacity.eu/,,Cross-Border Transmission IP within EU,0,False
1Physical Flowhour2022-03-02 10:00:00 +00:002022-03-02 11:00:00 +00:00BE-TSO-0001ITP-00112entrykWh/h,1,Physical Flow,hour,2022-03-02T11:00:00+01:00,2022-03-02T12:00:00+01:00,BE-TSO-0001,21X-BE-A-A0A0A-Y,Fluxys Belgium,ITP-00112,Eynatten 1 (BE) // Lichtenbusch / Raeren (DE),21Z0000000000155,entry,kWh/h,,,0,2022-03-03T10:36:13+01:00,,Confirmed,,,,,True,,,True,PRISMA,,https://platform.prisma-capacity.eu/,,Cross-Border Transmission IP within EU,0,False
1Physical Flowhour2022-03-02 11:00:00 +00:002022-03-02 12:00:00 +00:00BE-TSO-0001ITP-00112entrykWh/h,1,Physical Flow,hour,2022-03-02T12:00:00+01:00,2022-03-02T13:00:00+01:00,BE-TSO-0001,21X-BE-A-A0A0A-Y,Fluxys Belgium,ITP-00112,Eynatten 1 (BE) // Lichtenbusch / Raeren (DE),21Z0000000000155,entry,kWh/h,,,0,2022-03-03T10:36:13+01:00,,Confirmed,,,,,True,,,True,PRISMA,,https://platform.prisma-capacity.eu/,,Cross-Border Transmission IP within EU,0,False
1Physical Flowhour2022-03-02 12:00:00 +00:002022-03-02 13:00:00 +00:00BE-TSO-0001ITP-00112entrykWh/h,1,Physical Flow,hour,2022-03-02T13:00:00+01:00,2022-03-02T14:00:00+01:00,BE-TSO-0001,21X-BE-A-A0A0A-Y,Fluxys Belgium,ITP-00112,Eynatten 1 (BE) // Lichtenbusch / Raeren (DE),21Z0000000000155,entry,kWh/h,,,0,2022-03-03T10:36:13+01:00,,Confirmed,,,,,True,,,True,PRISMA,,https://platform.prisma-capacity.eu/,,Cross-Border Transmission IP within EU,0,False
1Physical Flowhour2022-03-02 13:00:00 +00:002022-03-02 14:00:00 +00:00BE-TSO-0001ITP-00112entrykWh/h,1,Physical Flow,hour,2022-03-02T14:00:00+01:00,2022-03-02T15:00:00+01:00,BE-TSO-0001,21X-BE-A-A0A0A-Y,Fluxys Belgium,ITP-00112,Eynatten 1 (BE) // Lichtenbusch / Raeren (DE),21Z0000000000155,entry,kWh/h,,,0,2022-03-03T10:36:13+01:00,,Confirmed,,,,,True,,,True,PRISMA,,https://platform.prisma-capacity.eu/,,Cross-Border Transmission IP within EU,0,False
1Physical Flowhour2022-03-02 14:00:00 +00:002022-03-02 15:00:00 +00:00BE-TSO-0001ITP-00112entrykWh/h,1,Physical Flow,hour,2022-03-02T15:00:00+01:00,2022-03-02T16:00:00+01:00,BE-TSO-0001,21X-BE-A-A0A0A-Y,Fluxys Belgium,ITP-00112,Eynatten 1 (BE) // Lichtenbusch / Raeren (DE),21Z0000000000155,entry,kWh/h,,,0,2022-03-03T10:36:13+01:00,,Confirmed,,,,,True,,,True,PRISMA,,https://platform.prisma-capacity.eu/,,Cross-Border Transmission IP within EU,0,False
1Physical Flowhour2022-03-02 15:00:00 +00:002022-03-02 16:00:00 +00:00BE-TSO-0001ITP-00112entrykWh/h,1,Physical Flow,hour,2022-03-02T16:00:00+01:00,2022-03-02T17:00:00+01:00,BE-TSO-0001,21X-BE-A-A0A0A-Y,Fluxys Belgium,ITP-00112,Eynatten 1 (BE) // Lichtenbusch / Raeren (DE),21Z0000000000155,entry,kWh/h,,,0,2022-03-03T10:36:13+01:00,,Confirmed,,,,,True,,,True,PRISMA,,https://platform.prisma-capacity.eu/,,Cross-Border Transmission IP within EU,0,False
1Physical Flowhour2022-03-02 16:00:00 +00:002022-03-02 17:00:00 +00:00BE-TSO-0001ITP-00112entrykWh/h,1,Physical Flow,hour,2022-03-02T17:00:00+01:00,2022-03-02T18:00:00+01:00,BE-TSO-0001,21X-BE-A-A0A0A-Y,Fluxys Belgium,ITP-00112,Eynatten 1 (BE) // Lichtenbusch / Raeren (DE),21Z0000000000155,entry,kWh/h,,,0,2022-03-03T10:36:13+01:00,,Confirmed,,,,,True,,,True,PRISMA,,https://platform.prisma-capacity.eu/,,Cross-Border Transmission IP within EU,0,False
1Physical Flowhour2022-03-02 17:00:00 +00:002022-03-02 18:00:00 +00:00BE-TSO-0001ITP-00112entrykWh/h,1,Physical Flow,hour,2022-03-02T18:00:00+01:00,2022-03-02T19:00:00+01:00,BE-TSO-0001,21X-BE-A-A0A0A-Y,Fluxys Belgium,ITP-00112,Eynatten 1 (BE) // Lichtenbusch / Raeren (DE),21Z0000000000155,entry,kWh/h,,,0,2022-03-03T10:36:13+01:00,,Confirmed,,,,,True,,,True,PRISMA,,https://platform.prisma-capacity.eu/,,Cross-Border Transmission IP within EU,0,False
1Physical Flowhour2022-03-02 18:00:00 +00:002022-03-02 19:00:00 +00:00BE-TSO-0001ITP-00112entrykWh/h,1,Physical Flow,hour,2022-03-02T19:00:00+01:00,2022-03-02T20:00:00+01:00,BE-TSO-0001,21X-BE-A-A0A0A-Y,Fluxys Belgium,ITP-00112,Eynatten 1 (BE) // Lichtenbusch / Raeren (DE),21Z0000000000155,entry,kWh/h,,,0,2022-03-03T10:36:13+01:00,,Confirmed,,,,,True,,,True,PRISMA,,https://platform.prisma-capacity.eu/,,Cross-Border Transmission IP within EU,0,False
1Physical Flowhour2022-03-02 19:00:00 +00:002022-03-02 20:00:00 +00:00BE-TSO-0001ITP-00112entrykWh/h,1,Physical Flow,hour,2022-03-02T20:00:00+01:00,2022-03-02T21:00:00+01:00,BE-TSO-0001,21X-BE-A-A0A0A-Y,Fluxys Belgium,ITP-00112,Eynatten 1 (BE) // Lichtenbusch / Raeren (DE),21Z0000000000155,entry,kWh/h,,,0,2022-03-03T10:36:13+01:00,,Confirmed,,,,,True,,,True,PRISMA,,https://platform.prisma-capacity.eu/,,Cross-Border Transmission IP within EU,0,False
1Physical Flowhour2022-03-02 20:00:00 +00:002022-03-02 21:00:00 +00:00BE-TSO-0001ITP-00112entrykWh/h,1,Physical Flow,hour,2022-03-02T21:00:00+01:00,2022-03-02T22:00:00+01:00,BE-TSO-0001,21X-BE-A-A0A0A-Y,Fluxys Belgium,ITP-00112,Eynatten 1 (BE) // Lichtenbusch / Raeren (DE),21Z0000000000155,entry,kWh/h,,,0,2022-03-03T10:36:13+01:00,,Confirmed,,,,,True,,,True,PRISMA,,https://platform.prisma-capacity.eu/,,Cross-Border Transmission IP within EU,0,False
1Physical Flowhour2022-03-02 21:00:00 +00:002022-03-02 22:00:00 +00:00BE-TSO-0001ITP-00112entrykWh/h,1,Physical Flow,hour,2022-03-02T22:00:00+01:00,2022-03-02T23:00:00+01:00,BE-TSO-0001,21X-BE-A-A0A0A-Y,Fluxys Belgium,ITP-00112,Eynatten 1 (BE) // Lichtenbusch / Raeren (DE),21Z0000000000155,entry,kWh/h,,,0,2022-03-03T10:36:13+01:00,,Confirmed,,,,,True,,,True,PRISMA,,https://platform.prisma-capacity.eu/,,Cross-Border Transmission IP within EU,0,False
1Physical Flowhour2022-03-02 22:00:00 +00:002022-03-02 23:00:00 +00:00BE-TSO-0001ITP-00112entrykWh/h,1,Physical Flow,hour,2022-03-02T23:00:00+01:00,2022-03-03T00:00:00+01:00,BE-TSO-0001,21X-BE-A-A0A0A-Y,Fluxys Belgium,ITP-00112,Eynatten 1 (BE) // Lichtenbusch / Raeren (DE),21Z0000000000155,entry,kWh/h,,,0,2022-03-03T10:36:13+01:00,,Confirmed,,,,,True,,,True,PRISMA,,https://platform.prisma-capacity.eu/,,Cross-Border Transmission IP within EU,0,False
1Physical Flowhour2022-03-02 23:00:00 +00:002022-03-03 00:00:00 +00:00BE-TSO-0001ITP-00112entrykWh/h,1,Physical Flow,hour,2022-03-03T00:00:00+01:00,2022-03-03T01:00:00+01:00,BE-TSO-0001,21X-BE-A-A0A0A-Y,Fluxys Belgium,ITP-00112,Eynatten 1 (BE) // Lichtenbusch / Raeren (DE),21Z0000000000155,entry,kWh/h,,,0,2022-03-03T10:36:13+01:00,,Confirmed,,,,,True,,,True,PRISMA,,https://platform.prisma-capacity.eu/,,Cross-Border Transmission IP within EU,0,False
1Physical Flowhour2022-03-03 00:00:00 +00:002022-03-03 01:00:00 +00:00BE-TSO-0001ITP-00112entrykWh/h,1,Physical Flow,hour,2022-03-03T01:00:00+01:00,2022-03-03T02:00:00+01:00,BE-TSO-0001,21X-BE-A-A0A0A-Y,Fluxys Belgium,ITP-00112,Eynatten 1 (BE) // Lichtenbusch / Raeren (DE),21Z0000000000155,entry,kWh/h,,,0,2022-03-03T10:36:13+01:00,,Confirmed,,,,,True,,,True,PRISMA,,https://platform.prisma-capacity.eu/,,Cross-Border Transmission IP within EU,0,False
1Physical Flowhour2022-03-03 01:00:00 +00:002022-03-03 02:00:00 +00:00BE-TSO-0001ITP-00112entrykWh/h,1,Physical Flow,hour,2022-03-03T02:00:00+01:00,2022-03-03T03:00:00+01:00,BE-TSO-0001,21X-BE-A-A0A0A-Y,Fluxys Belgium,ITP-00112,Eynatten 1 (BE) // Lichtenbusch / Raeren (DE),21Z0000000000155,entry,kWh/h,,,0,2022-03-03T10:36:13+01:00,,Confirmed,,,,,True,,,True,PRISMA,,https://platform.prisma-capacity.eu/,,Cross-Border Transmission IP within EU,0,False
1Physical Flowhour2022-03-03 02:00:00 +00:002022-03-03 03:00:00 +00:00BE-TSO-0001ITP-00112entrykWh/h,1,Physical Flow,hour,2022-03-03T03:00:00+01:00,2022-03-03T04:00:00+01:00,BE-TSO-0001,21X-BE-A-A0A0A-Y,Fluxys Belgium,ITP-00112,Eynatten 1 (BE) // Lichtenbusch / Raeren (DE),21Z0000000000155,entry,kWh/h,,,0,2022-03-03T10:36:13+01:00,,Confirmed,,,,,True,,,True,PRISMA,,https://platform.prisma-capacity.eu/,,Cross-Border Transmission IP within EU,0,False
1Physical Flowhour2022-03-03 03:00:00 +00:002022-03-03 04:00:00 +00:00BE-TSO-0001ITP-00112entrykWh/h,1,Physical Flow,hour,2022-03-03T04:00:00+01:00,2022-03-03T05:00:00+01:00,BE-TSO-0001,21X-BE-A-A0A0A-Y,Fluxys Belgium,ITP-00112,Eynatten 1 (BE) // Lichtenbusch / Raeren (DE),21Z0000000000155,entry,kWh/h,,,0,2022-03-03T10:36:13+01:00,,Confirmed,,,,,True,,,True,PRISMA,,https://platform.prisma-capacity.eu/,,Cross-Border Transmission IP within EU,0,False
1Physical Flowhour2022-03-03 04:00:00 +00:002022-03-03 05:00:00 +00:00BE-TSO-0001ITP-00112entrykWh/h,1,Physical Flow,hour,2022-03-03T05:00:00+01:00,2022-03-03T06:00:00+01:00,BE-TSO-0001,21X-BE-A-A0A0A-Y,Fluxys Belgium,ITP-00112,Eynatten 1 (BE) // Lichtenbusch / Raeren (DE),21Z0000000000155,entry,kWh/h,,,0,2022-03-03T10:36:13+01:00,,Confirmed,,,,,True,,,True,PRISMA,,https://platform.prisma-capacity.eu/,,Cross-Border Transmission IP within EU,0,False
1Physical Flowhour2022-03-03 05:00:00 +00:002022-03-03 06:00:00 +00:00BE-TSO-0001ITP-00112entrykWh/h,1,Physical Flow,hour,2022-03-03T06:00:00+01:00,2022-03-03T07:00:00+01:00,BE-TSO-0001,21X-BE-A-A0A0A-Y,Fluxys Belgium,ITP-00112,Eynatten 1 (BE) // Lichtenbusch / Raeren (DE),21Z0000000000155,entry,kWh/h,,,0,2022-03-04T11:12:09+01:00,,Confirmed,,,,,True,,,True,PRISMA,,https://platform.prisma-capacity.eu/,,Cross-Border Transmission IP within EU,0,False
1Physical Flowhour2022-03-03 06:00:00 +00:002022-03-03 07:00:00 +00:00BE-TSO-0001ITP-00112entrykWh/h,1,Physical Flow,hour,2022-03-03T07:00:00+01:00,2022-03-03T08:00:00+01:00,BE-TSO-0001,21X-BE-A-A0A0A-Y,Fluxys Belgium,ITP-00112,Eynatten 1 (BE) // Lichtenbusch / Raeren (DE),21Z0000000000155,entry,kWh/h,,,0,2022-03-04T11:12:09+01:00,,Confirmed,,,,,True,,,True,PRISMA,,https://platform.prisma-capacity.eu/,,Cross-Border Transmission IP within EU,0,False
1Physical Flowhour2022-03-03 07:00:00 +00:002022-03-03 08:00:00 +00:00BE-TSO-0001ITP-00112entrykWh/h,1,Physical Flow,hour,2022-03-03T08:00:00+01:00,2022-03-03T09:00:00+01:00,BE-TSO-0001,21X-BE-A-A0A0A-Y,Fluxys Belgium,ITP-00112,Eynatten 1 (BE) // Lichtenbusch / Raeren (DE),21Z0000000000155,entry,kWh/h,,,0,2022-03-04T11:12:09+01:00,,Confirmed,,,,,True,,,True,PRISMA,,https://platform.prisma-capacity.eu/,,Cross-Border Transmission IP within EU,0,False
1Physical Flowhour2022-03-03 08:00:00 +00:002022-03-03 09:00:00 +00:00BE-TSO-0001ITP-00112entrykWh/h,1,Physical Flow,hour,2022-03-03T09:00:00+01:00,2022-03-03T10:00:00+01:00,BE-TSO-0001,21X-BE-A-A0A0A-Y,Fluxys Belgium,ITP-00112,Eynatten 1 (BE) // Lichtenbusch / Raeren (DE),21Z0000000000155,entry,kWh/h,,,0,2022-03-04T11:12:09+01:00,,Confirmed,,,,,True,,,True,PRISMA,,https://platform.prisma-capacity.eu/,,Cross-Border Transmission IP within EU,0,False
1Physical Flowhour2022-03-03 09:00:00 +00:002022-03-03 10:00:00 +00:00BE-TSO-0001ITP-00112entrykWh/h,1,Physical Flow,hour,2022-03-03T10:00:00+01:00,2022-03-03T11:00:00+01:00,BE-TSO-0001,21X-BE-A-A0A0A-Y,Fluxys Belgium,ITP-00112,Eynatten 1 (BE) // Lichtenbusch / Raeren (DE),21Z0000000000155,entry,kWh/h,,,0,2022-03-04T11:12:09+01:00,,Confirmed,,,,,True,,,True,PRISMA,,https://platform.prisma-capacity.eu/,,Cross-Border Transmission IP within EU,0,False
1Physical Flowhour2022-03-03 10:00:00 +00:002022-03-03 11:00:00 +00:00BE-TSO-0001ITP-00112entrykWh/h,1,Physical Flow,hour,2022-03-03T11:00:00+01:00,2022-03-03T12:00:00+01:00,BE-TSO-0001,21X-BE-A-A0A0A-Y,Fluxys Belgium,ITP-00112,Eynatten 1 (BE) // Lichtenbusch / Raeren (DE),21Z0000000000155,entry,kWh/h,,,0,2022-03-04T11:12:09+01:00,,Confirmed,,,,,True,,,True,PRISMA,,https://platform.prisma-capacity.eu/,,Cross-Border Transmission IP within EU,0,False
1Physical Flowhour2022-03-03 11:00:00 +00:002022-03-03 12:00:00 +00:00BE-TSO-0001ITP-00112entrykWh/h,1,Physical Flow,hour,2022-03-03T12:00:00+01:00,2022-03-03T13:00:00+01:00,BE-TSO-0001,21X-BE-A-A0A0A-Y,Fluxys Belgium,ITP-00112,Eynatten 1 (BE) // Lichtenbusch / Raeren (DE),21Z0000000000155,entry,kWh/h,,,0,2022-03-04T11:12:09+01:00,,Confirmed,,,,,True,,,True,PRISMA,,https://platform.prisma-capacity.eu/,,Cross-Border Transmission IP within EU,0,False
1Physical Flowhour2022-03-03 12:00:00 +00:002022-03-03 13:00:00 +00:00BE-TSO-0001ITP-00112entrykWh/h,1,Physical Flow,hour,2022-03-03T13:00:00+01:00,2022-03-03T14:00:00+01:00,BE-TSO-0001,21X-BE-A-A0A0A-Y,Fluxys Belgium,ITP-00112,Eynatten 1 (BE) // Lichtenbusch / Raeren (DE),21Z0000000000155,entry,kWh/h,,,0,2022-03-04T11:12:09+01:00,,Confirmed,,,,,True,,,True,PRISMA,,https://platform.prisma-capacity.eu/,,Cross-Border Transmission IP within EU,0,False
1Physical Flowhour2022-03-03 13:00:00 +00:002022-03-03 14:00:00 +00:00BE-TSO-0001ITP-00112entrykWh/h,1,Physical Flow,hour,2022-03-03T14:00:00+01:00,2022-03-03T15:00:00+01:00,BE-TSO-0001,21X-BE-A-A0A0A-Y,Fluxys Belgium,ITP-00112,Eynatten 1 (BE) // Lichtenbusch / Raeren (DE),21Z0000000000155,entry,kWh/h,,,0,2022-03-04T11:12:09+01:00,,Confirmed,,,,,True,,,True,PRISMA,,https://platform.prisma-capacity.eu/,,Cross-Border Transmission IP within EU,0,False
1Physical Flowhour2022-03-03 14:00:00 +00:002022-03-03 15:00:00 +00:00BE-TSO-0001ITP-00112entrykWh/h,1,Physical Flow,hour,2022-03-03T15:00:00+01:00,2022-03-03T16:00:00+01:00,BE-TSO-0001,21X-BE-A-A0A0A-Y,Fluxys Belgium,ITP-00112,Eynatten 1 (BE) // Lichtenbusch / Raeren (DE),21Z0000000000155,entry,kWh/h,,,0,2022-03-04T11:12:09+01:00,,Confirmed,,,,,True,,,True,PRISMA,,https://platform.prisma-capacity.eu/,,Cross-Border Transmission IP within EU,0,False
1Physical Flowhour2022-03-03 15:00:00 +00:002022-03-03 16:00:00 +00:00BE-TSO-0001ITP-00112entrykWh/h,1,Physical Flow,hour,2022-03-03T16:00:00+01:00,2022-03-03T17:00:00+01:00,BE-TSO-0001,21X-BE-A-A0A0A-Y,Fluxys Belgium,ITP-00112,Eynatten 1 (BE) // Lichtenbusch / Raeren (DE),21Z0000000000155,entry,kWh/h,,,0,2022-03-04T11:12:09+01:00,,Confirmed,,,,,True,,,True,PRISMA,,https://platform.prisma-capacity.eu/,,Cross-Border Transmission IP within EU,0,False
1Physical Flowhour2022-03-03 16:00:00 +00:002022-03-03 17:00:00 +00:00BE-TSO-0001ITP-00112entrykWh/h,1,Physical Flow,hour,2022-03-03T17:00:00+01:00,2022-03-03T18:00:00+01:00,BE-TSO-0001,21X-BE-A-A0A0A-Y,Fluxys Belgium,ITP-00112,Eynatten 1 (BE) // Lichtenbusch / Raeren (DE),21Z0000000000155,entry,kWh/h,,,0,2022-03-04T11:12:09+01:00,,Confirmed,,,,,True,,,True,PRISMA,,https://platform.prisma-capacity.eu/,,Cross-Border Transmission IP within EU,0,False
1Physical Flowhour2022-03-03 17:00:00 +00:002022-03-03 18:00:00 +00:00BE-TSO-0001ITP-00112entrykWh/h,1,Physical Flow,hour,2022-03-03T18:00:00+01:00,2022-03-03T19:00:00+01:00,BE-TSO-0001,21X-BE-A-A0A0A-Y,Fluxys Belgium,ITP-00112,Eynatten 1 (BE) // Lichtenbusch / Raeren (DE),21Z0000000000155,entry,kWh/h,,,0,2022-03-04T11:12:09+01:00,,Confirmed,,,,,True,,,True,PRISMA,,https://platform.prisma-capacity.eu/,,Cross-Border Transmission IP within EU,0,False
1Physical Flowhour2022-03-03 18:00:00 +00:002022-03-03 19:00:00 +00:00BE-TSO-0001ITP-00112entrykWh/h,1,Physical Flow,hour,2022-03-03T19:00:00+01:00,2022-03-03T20:00:00+01:00,BE-TSO-0001,21X-BE-A-A0A0A-Y,Fluxys Belgium,ITP-00112,Eynatten 1 (BE) // Lichtenbusch / Raeren (DE),21Z0000000000155,entry,kWh/h,,,0,2022-03-04T11:12:09+01:00,,Confirmed,,,,,True,,,True,PRISMA,,https://platform.prisma-capacity.eu/,,Cross-Border Transmission IP within EU,0,False
1Physical Flowhour2022-03-03 19:00:00 +00:002022-03-03 20:00:00 +00:00BE-TSO-0001ITP-00112entrykWh/h,1,Physical Flow,hour,2022-03-03T20:00:00+01:00,2022-03-03T21:00:00+01:00,BE-TSO-0001,21X-BE-A-A0A0A-Y,Fluxys Belgium,ITP-00112,Eynatten 1 (BE) // Lichtenbusch / Raeren (DE),21Z0000000000155,entry,kWh/h,,,0,2022-03-04T11:12:09+01:00,,Confirmed,,,,,True,,,True,PRISMA,,https://platform.prisma-capacity.eu/,,Cross-Border Transmission IP within EU,0,False
1Physical Flowhour2022-03-03 20:00:00 +00:002022-03-03 21:00:00 +00:00BE-TSO-0001ITP-00112entrykWh/h,1,Physical Flow,hour,2022-03-03T21:00:00+01:00,2022-03-03T22:00:00+01:00,BE-TSO-0001,21X-BE-A-A0A0A-Y,Fluxys Belgium,ITP-00112,Eynatten 1 (BE) // Lichtenbusch / Raeren (DE),21Z0000000000155,entry,kWh/h,,,0,2022-03-04T11:12:09+01:00,,Confirmed,,,,,True,,,True,PRISMA,,https://platform.prisma-capacity.eu/,,Cross-Border Transmission IP within EU,0,False
1Physical Flowhour2022-03-03 21:00:00 +00:002022-03-03 22:00:00 +00:00BE-TSO-0001ITP-00112entrykWh/h,1,Physical Flow,hour,2022-03-03T22:00:00+01:00,2022-03-03T23:00:00+01:00,BE-TSO-0001,21X-BE-A-A0A0A-Y,Fluxys Belgium,ITP-00112,Eynatten 1 (BE) // Lichtenbusch / Raeren (DE),21Z0000000000155,entry,kWh/h,,,0,2022-03-04T11:12:09+01:00,,Confirmed,,,,,True,,,True,PRISMA,,https://platform.prisma-capacity.eu/,,Cross-Border Transmission IP within EU,0,False
1Physical Flowhour2022-03-03 22:00:00 +00:002022-03-03 23:00:00 +00:00BE-TSO-0001ITP-00112entrykWh/h,1,Physical Flow,hour,2022-03-03T23:00:00+01:00,2022-03-04T00:00:00+01:00,BE-TSO-0001,21X-BE-A-A0A0A-Y,Fluxys Belgium,ITP-00112,Eynatten 1 (BE) // Lichtenbusch / Raeren (DE),21Z0000000000155,entry,kWh/h,,,0,2022-03-04T11:12:09+01:00,,Confirmed,,,,,True,,,True,PRISMA,,https://platform.prisma-capacity.eu/,,Cross-Border Transmission IP within EU,0,False
1Physical Flowhour2022-03-03 23:00:00 +00:002022-03-04 00:00:00 +00:00BE-TSO-0001ITP-00112entrykWh/h,1,Physical Flow,hour,2022-03-04T00:00:00+01:00,2022-03-04T01:00:00+01:00,BE-TSO-0001,21X-BE-A-A0A0A-Y,Fluxys Belgium,ITP-00112,Eynatten 1 (BE) // Lichtenbusch / Raeren (DE),21Z0000000000155,entry,kWh/h,,,0,2022-03-04T11:12:09+01:00,,Confirmed,,,,,True,,,True,PRISMA,,https://platform.prisma-capacity.eu/,,Cross-Border Transmission IP within EU,0,False
1Physical Flowhour2022-03-04 00:00:00 +00:002022-03-04 01:00:00 +00:00BE-TSO-0001ITP-00112entrykWh/h,1,Physical Flow,hour,2022-03-04T01:00:00+01:00,2022-03-04T02:00:00+01:00,BE-TSO-0001,21X-BE-A-A0A0A-Y,Fluxys Belgium,ITP-00112,Eynatten 1 (BE) // Lichtenbusch / Raeren (DE),21Z0000000000155,entry,kWh/h,,,0,2022-03-04T11:12:09+01:00,,Confirmed,,,,,True,,,True,PRISMA,,https://platform.prisma-capacity.eu/,,Cross-Border Transmission IP within EU,0,False
1Physical Flowhour2022-03-04 01:00:00 +00:002022-03-04 02:00:00 +00:00BE-TSO-0001ITP-00112entrykWh/h,1,Physical Flow,hour,2022-03-04T02:00:00+01:00,2022-03-04T03:00:00+01:00,BE-TSO-0001,21X-BE-A-A0A0A-Y,Fluxys Belgium,ITP-00112,Eynatten 1 (BE) // Lichtenbusch / Raeren (DE),21Z0000000000155,entry,kWh/h,,,0,2022-03-04T11:12:09+01:00,,Confirmed,,,,,True,,,True,PRISMA,,https://platform.prisma-capacity.eu/,,Cross-Border Transmission IP within EU,0,False
1Physical Flowhour2022-03-04 02:00:00 +00:002022-03-04 03:00:00 +00:00BE-TSO-0001ITP-00112entrykWh/h,1,Physical Flow,hour,2022-03-04T03:00:00+01:00,2022-03-04T04:00:00+01:00,BE-TSO-0001,21X-BE-A-A0A0A-Y,Fluxys Belgium,ITP-00112,Eynatten 1 (BE) // Lichtenbusch / Raeren (DE),21Z0000000000155,entry,kWh/h,,,0,2022-03-04T11:12:09+01:00,,Confirmed,,,,,True,,,True,PRISMA,,https://platform.prisma-capacity.eu/,,Cross-Border Transmission IP within EU,0,False
1Physical Flowhour2022-03-04 03:00:00 +00:002022-03-04 04:00:00 +00:00BE-TSO-0001ITP-00112entrykWh/h,1,Physical Flow,hour,2022-03-04T04:00:00+01:00,2022-03-04T05:00:00+01:00,BE-TSO-0001,21X-BE-A-A0A0A-Y,Fluxys Belgium,ITP-00112,Eynatten 1 (BE) // Lichtenbusch / Raeren (DE),21Z0000000000155,entry,kWh/h,,,0,2022-03-04T11:12:09+01:00,,Confirmed,,,,,True,,,True,PRISMA,,https://platform.prisma-capacity.eu/,,Cross-Border Transmission IP within EU,0,False
1Physical Flowhour2022-03-04 04:00:00 +00:002022-03-04 05:00:00 +00:00BE-TSO-0001ITP-00112entrykWh/h,1,Physical Flow,hour,2022-03-04T05:00:00+01:00,2022-03-04T06:00:00+01:00,BE-TSO-0001,21X-BE-A-A0A0A-Y,Fluxys Belgium,ITP-00112,Eynatten 1 (BE) // Lichtenbusch / Raeren (DE),21Z0000000000155,entry,kWh/h,,,0,2022-03-04T11:12:09+01:00,,Confirmed,,,,,True,,,True,PRISMA,,https://platform.prisma-capacity.eu/,,Cross-Border Transmission IP within EU,0,False
1Physical Flowhour2022-03-04 05:00:00 +00:002022-03-04 06:00:00 +00:00BE-TSO-0001ITP-00112entrykWh/h,1,Physical Flow,hour,2022-03-04T06:00:00+01:00,2022-03-04T07:00:00+01:00,BE-TSO-0001,21X-BE-A-A0A0A-Y,Fluxys Belgium,ITP-00112,Eynatten 1 (BE) // Lichtenbusch / Raeren (DE),21Z0000000000155,entry,kWh/h,,,0,2022-03-05T10:36:08+01:00,,Confirmed,,,,,True,,,True,PRISMA,,https://platform.prisma-capacity.eu/,,Cross-Border Transmission IP within EU,0,False
1Physical Flowhour2022-03-04 06:00:00 +00:002022-03-04 07:00:00 +00:00BE-TSO-0001ITP-00112entrykWh/h,1,Physical Flow,hour,2022-03-04T07:00:00+01:00,2022-03-04T08:00:00+01:00,BE-TSO-0001,21X-BE-A-A0A0A-Y,Fluxys Belgium,ITP-00112,Eynatten 1 (BE) // Lichtenbusch / Raeren (DE),21Z0000000000155,entry,kWh/h,,,0,2022-03-05T10:36:08+01:00,,Confirmed,,,,,True,,,True,PRISMA,,https://platform.prisma-capacity.eu/,,Cross-Border Transmission IP within EU,0,False
1Physical Flowhour2022-03-04 07:00:00 +00:002022-03-04 08:00:00 +00:00BE-TSO-0001ITP-00112entrykWh/h,1,Physical Flow,hour,2022-03-04T08:00:00+01:00,2022-03-04T09:00:00+01:00,BE-TSO-0001,21X-BE-A-A0A0A-Y,Fluxys Belgium,ITP-00112,Eynatten 1 (BE) // Lichtenbusch / Raeren (DE),21Z0000000000155,entry,kWh/h,,,0,2022-03-05T10:36:08+01:00,,Confirmed,,,,,True,,,True,PRISMA,,https://platform.prisma-capacity.eu/,,Cross-Border Transmission IP within EU,0,False
1Physical Flowhour2022-03-04 08:00:00 +00:002022-03-04 09:00:00 +00:00BE-TSO-0001ITP-00112entrykWh/h,1,Physical Flow,hour,2022-03-04T09:00:00+01:00,2022-03-04T10:00:00+01:00,BE-TSO-0001,21X-BE-A-A0A0A-Y,Fluxys Belgium,ITP-00112,Eynatten 1 (BE) // Lichtenbusch / Raeren (DE),21Z0000000000155,entry,kWh/h,,,0,2022-03-05T10:36:08+01:00,,Confirmed,,,,,True,,,True,PRISMA,,https://platform.prisma-capacity.eu/,,Cross-Border Transmission IP within EU,0,False
1Physical Flowhour2022-03-04 09:00:00 +00:002022-03-04 10:00:00 +00:00BE-TSO-0001ITP-00112entrykWh/h,1,Physical Flow,hour,2022-03-04T10:00:00+01:00,2022-03-04T11:00:00+01:00,BE-TSO-0001,21X-BE-A-A0A0A-Y,Fluxys Belgium,ITP-00112,Eynatten 1 (BE) // Lichtenbusch / Raeren (DE),21Z0000000000155,entry,kWh/h,,,0,2022-03-05T10:36:08+01:00,,Confirmed,,,,,True,,,True,PRISMA,,https://platform.prisma-capacity.eu/,,Cross-Border Transmission IP within EU,0,False
1Physical Flowhour2022-03-04 10:00:00 +00:002022-03-04 11:00:00 +00:00BE-TSO-0001ITP-00112entrykWh/h,1,Physical Flow,hour,2022-03-04T11:00:00+01:00,2022-03-04T12:00:00+01:00,BE-TSO-0001,21X-BE-A-A0A0A-Y,Fluxys Belgium,ITP-00112,Eynatten 1 (BE) // Lichtenbusch / Raeren (DE),21Z0000000000155,entry,kWh/h,,,0,2022-03-05T10:36:08+01:00,,Confirmed,,,,,True,,,True,PRISMA,,https://platform.prisma-capacity.eu/,,Cross-Border Transmission IP within EU,0,False
1Physical Flowhour2022-03-04 11:00:00 +00:002022-03-04 12:00:00 +00:00BE-TSO-0001ITP-00112entrykWh/h,1,Physical Flow,hour,2022-03-04T12:00:00+01:00,2022-03-04T13:00:00+01:00,BE-TSO-0001,21X-BE-A-A0A0A-Y,Fluxys Belgium,ITP-00112,Eynatten 1 (BE) // Lichtenbusch / Raeren (DE),21Z0000000000155,entry,kWh/h,,,0,2022-03-05T10:36:08+01:00,,Confirmed,,,,,True,,,True,PRISMA,,https://platform.prisma-capacity.eu/,,Cross-Border Transmission IP within EU,0,False
1Physical Flowhour2022-03-04 12:00:00 +00:002022-03-04 13:00:00 +00:00BE-TSO-0001ITP-00112entrykWh/h,1,Physical Flow,hour,2022-03-04T13:00:00+01:00,2022-03-04T14:00:00+01:00,BE-TSO-0001,21X-BE-A-A0A0A-Y,Fluxys Belgium,ITP-00112,Eynatten 1 (BE) // Lichtenbusch / Raeren (DE),21Z0000000000155,entry,kWh/h,,,0,2022-03-05T10:36:08+01:00,,Confirmed,,,,,True,,,True,PRISMA,,https://platform.prisma-capacity.eu/,,Cross-Border Transmission IP within EU,0,False
1Physical Flowhour2022-03-04 13:00:00 +00:002022-03-04 14:00:00 +00:00BE-TSO-0001ITP-00112entrykWh/h,1,Physical Flow,hour,2022-03-04T14:00:00+01:00,2022-03-04T15:00:00+01:00,BE-TSO-0001,21X-BE-A-A0A0A-Y,Fluxys Belgium,ITP-00112,Eynatten 1 (BE) // Lichtenbusch / Raeren (DE),21Z0000000000155,entry,kWh/h,,,0,2022-03-05T10:36:08+01:00,,Confirmed,,,,,True,,,True,PRISMA,,https://platform.prisma-capacity.eu/,,Cross-Border Transmission IP within EU,0,False
1Physical Flowhour2022-03-04 14:00:00 +00:002022-03-04 15:00:00 +00:00BE-TSO-0001ITP-00112entrykWh/h,1,Physical Flow,hour,2022-03-04T15:00:00+01:00,2022-03-04T16:00:00+01:00,BE-TSO-0001,21X-BE-A-A0A0A-Y,Fluxys Belgium,ITP-00112,Eynatten 1 (BE) // Lichtenbusch / Raeren (DE),21Z0000000000155,entry,kWh/h,,,0,2022-03-05T10:36:08+01:00,,Confirmed,,,,,True,,,True,PRISMA,,https://platform.prisma-capacity.eu/,,Cross-Border Transmission IP within EU,0,False
1Physical Flowhour2022-03-04 15:00:00 +00:002022-03-04 16:00:00 +00:00BE-TSO-0001ITP-00112entrykWh/h,1,Physical Flow,hour,2022-03-04T16:00:00+01:00,2022-03-04T17:00:00+01:00,BE-TSO-0001,21X-BE-A-A0A0A-Y,Fluxys Belgium,ITP-00112,Eynatten 1 (BE) // Lichtenbusch / Raeren (DE),21Z0000000000155,entry,kWh/h,,,0,2022-03-05T10:36:08+01:00,,Confirmed,,,,,True,,,True,PRISMA,,https://platform.prisma-capacity.eu/,,Cross-Border Transmission IP within EU,0,False
1Physical Flowhour2022-03-04 16:00:00 +00:002022-03-04 17:00:00 +00:00BE-TSO-0001ITP-00112entrykWh/h,1,Physical Flow,hour,2022-03-04T17:00:00+01:00,2022-03-04T18:00:00+01:00,BE-TSO-0001,21X-BE-A-A0A0A-Y,Fluxys Belgium,ITP-00112,Eynatten 1 (BE) // Lichtenbusch / Raeren (DE),21Z0000000000155,entry,kWh/h,,,0,2022-03-05T10:36:08+01:00,,Confirmed,,,,,True,,,True,PRISMA,,https://platform.prisma-capacity.eu/,,Cross-Border Transmission IP within EU,0,False
1Physical Flowhour2022-03-04 17:00:00 +00:002022-03-04 18:00:00 +00:00BE-TSO-0001ITP-00112entrykWh/h,1,Physical Flow,hour,2022-03-04T18:00:00+01:00,2022-03-04T19:00:00+01:00,BE-TSO-0001,21X-BE-A-A0A0A-Y,Fluxys Belgium,ITP-00112,Eynatten 1 (BE) // Lichtenbusch / Raeren (DE),21Z0000000000155,entry,kWh/h,,,0,2022-03-05T10:36:08+01:00,,Confirmed,,,,,True,,,True,PRISMA,,https://platform.prisma-capacity.eu/,,Cross-Border Transmission IP within EU,0,False
1Physical Flowhour2022-03-04 18:00:00 +00:002022-03-04 19:00:00 +00:00BE-TSO-0001ITP-00112entrykWh/h,1,Physical Flow,hour,2022-03-04T19:00:00+01:00,2022-03-04T20:00:00+01:00,BE-TSO-0001,21X-BE-A-A0A0A-Y,Fluxys Belgium,ITP-00112,Eynatten 1 (BE) // Lichtenbusch / Raeren (DE),21Z0000000000155,entry,kWh/h,,,0,2022-03-05T10:36:08+01:00,,Confirmed,,,,,True,,,True,PRISMA,,https://platform.prisma-capacity.eu/,,Cross-Border Transmission IP within EU,0,False
1Physical Flowhour2022-03-04 19:00:00 +00:002022-03-04 20:00:00 +00:00BE-TSO-0001ITP-00112entrykWh/h,1,Physical Flow,hour,2022-03-04T20:00:00+01:00,2022-03-04T21:00:00+01:00,BE-TSO-0001,21X-BE-A-A0A0A-Y,Fluxys Belgium,ITP-00112,Eynatten 1 (BE) // Lichtenbusch / Raeren (DE),21Z0000000000155,entry,kWh/h,,,0,2022-03-05T10:36:08+01:00,,Confirmed,,,,,True,,,True,PRISMA,,https://platform.prisma-capacity.eu/,,Cross-Border Transmission IP within EU,0,False
1Physical Flowhour2022-03-04 20:00:00 +00:002022-03-04 21:00:00 +00:00BE-TSO-0001ITP-00112entrykWh/h,1,Physical Flow,hour,2022-03-04T21:00:00+01:00,2022-03-04T22:00:00+01:00,BE-TSO-0001,21X-BE-A-A0A0A-Y,Fluxys Belgium,ITP-00112,Eynatten 1 (BE) // Lichtenbusch / Raeren (DE),21Z0000000000155,entry,kWh/h,,,0,2022-03-05T10:36:08+01:00,,Confirmed,,,,,True,,,True,PRISMA,,https://platform.prisma-capacity.eu/,,Cross-Border Transmission IP within EU,0,False
1Physical Flowhour2022-03-04 21:00:00 +00:002022-03-04 22:00:00 +00:00BE-TSO-0001ITP-00112entrykWh/h,1,Physical Flow,hour,2022-03-04T22:00:00+01:00,2022-03-04T23:00:00+01:00,BE-TSO-0001,21X-BE-A-A0A0A-Y,Fluxys Belgium,ITP-00112,Eynatten 1 (BE) // Lichtenbusch / Raeren (DE),21Z0000000000155,entry,kWh/h,,,0,2022-03-05T10:36:08+01:00,,Confirmed,,,,,True,,,True,PRISMA,,https://platform.prisma-capacity.eu/,,Cross-Border Transmission IP within EU,0,False
1Physical Flowhour2022-03-04 22:00:00 +00:002022-03-04 23:00:00 +00:00BE-TSO-0001ITP-00112entrykWh/h,1,Physical Flow,hour,2022-03-04T23:00:00+01:00,2022-03-05T00:00:00+01:00,BE-TSO-0001,21X-BE-A-A0A0A-Y,Fluxys Belgium,ITP-00112,Eynatten 1 (BE) // Lichtenbusch / Raeren (DE),21Z0000000000155,entry,kWh/h,,,0,2022-03-05T10:36:08+01:00,,Confirmed,,,,,True,,,True,PRISMA,,https://platform.prisma-capacity.eu/,,Cross-Border Transmission IP within EU,0,False
1Physical Flowhour2022-03-04 23:00:00 +00:002022-03-05 00:00:00 +00:00BE-TSO-0001ITP-00112entrykWh/h,1,Physical Flow,hour,2022-03-05T00:00:00+01:00,2022-03-05T01:00:00+01:00,BE-TSO-0001,21X-BE-A-A0A0A-Y,Fluxys Belgium,ITP-00112,Eynatten 1 (BE) // Lichtenbusch / Raeren (DE),21Z0000000000155,entry,kWh/h,,,0,2022-03-05T10:36:08+01:00,,Confirmed,,,,,True,,,True,PRISMA,,https://platform.prisma-capacity.eu/,,Cross-Border Transmission IP within EU,0,False
1Physical Flowhour2022-03-05 00:00:00 +00:002022-03-05 01:00:00 +00:00BE-TSO-0001ITP-00112entrykWh/h,1,Physical Flow,hour,2022-03-05T01:00:00+01:00,2022-03-05T02:00:00+01:00,BE-TSO-0001,21X-BE-A-A0A0A-Y,Fluxys Belgium,ITP-00112,Eynatten 1 (BE) // Lichtenbusch / Raeren (DE),21Z0000000000155,entry,kWh/h,,,0,2022-03-05T10:36:08+01:00,,Confirmed,,,,,True,,,True,PRISMA,,https://platform.prisma-capacity.eu/,,Cross-Border Transmission IP within EU,0,False
1Physical Flowhour2022-03-05 01:00:00 +00:002022-03-05 02:00:00 +00:00BE-TSO-0001ITP-00112entrykWh/h,1,Physical Flow,hour,2022-03-05T02:00:00+01:00,2022-03-05T03:00:00+01:00,BE-TSO-0001,21X-BE-A-A0A0A-Y,Fluxys Belgium,ITP-00112,Eynatten 1 (BE) // Lichtenbusch / Raeren (DE),21Z0000000000155,entry,kWh/h,,,0,2022-03-05T10:36:08+01:00,,Confirmed,,,,,True,,,True,PRISMA,,https://platform.prisma-capacity.eu/,,Cross-Border Transmission IP within EU,0,False
1Physical Flowhour2022-03-05 02:00:00 +00:002022-03-05 03:00:00 +00:00BE-TSO-0001ITP-00112entrykWh/h,1,Physical Flow,hour,2022-03-05T03:00:00+01:00,2022-03-05T04:00:00+01:00,BE-TSO-0001,21X-BE-A-A0A0A-Y,Fluxys Belgium,ITP-00112,Eynatten 1 (BE) // Lichtenbusch / Raeren (DE),21Z0000000000155,entry,kWh/h,,,0,2022-03-05T10:36:08+01:00,,Confirmed,,,,,True,,,True,PRISMA,,https://platform.prisma-capacity.eu/,,Cross-Border Transmission IP within EU,0,False
1Physical Flowhour2022-03-05 03:00:00 +00:002022-03-05 04:00:00 +00:00BE-TSO-0001ITP-00112entrykWh/h,1,Physical Flow,hour,2022-03-05T04:00:00+01:00,2022-03-05T05:00:00+01:00,BE-TSO-0001,21X-BE-A-A0A0A-Y,Fluxys Belgium,ITP-00112,Eynatten 1 (BE) // Lichtenbusch / Raeren (DE),21Z0000000000155,entry,kWh/h,,,0,2022-03-05T10:36:08+01:00,,Confirmed,,,,,True,,,True,PRISMA,,https://platform.prisma-capacity.eu/,,Cross-Border Transmission IP within EU,0,False
1Physical Flowhour2022-03-05 04:00:00 +00:002022-03-05 05:00:00 +00:00BE-TSO-0001ITP-00112entrykWh/h,1,Physical Flow,hour,2022-03-05T05:00:00+01:00,2022-03-05T06:00:00+01:00,BE-TSO-0001,21X-BE-A-A0A0A-Y,Fluxys Belgium,ITP-00112,Eynatten 1 (BE) // Lichtenbusch / Raeren (DE),21Z0000000000155,entry,kWh/h,,,0,2022-03-05T10:36:08+01:00,,Confirmed,,,,,True,,,True,PRISMA,,https://platform.prisma-capacity.eu/,,Cross-Border Transmission IP within EU,0,False
1Physical Flowhour2022-03-05 05:00:00 +00:002022-03-05 06:00:00 +00:00BE-TSO-0001ITP-00112entrykWh/h,1,Physical Flow,hour,2022-03-05T06:00:00+01:00,2022-03-05T07:00:00+01:00,BE-TSO-0001,21X-BE-A-A0A0A-Y,Fluxys Belgium,ITP-00112,Eynatten 1 (BE) // Lichtenbusch / Raeren (DE),21Z0000000000155,entry,kWh/h,,,0,2022-03-06T10:36:08+01:00,,Confirmed,,,,,True,,,True,PRISMA,,https://platform.prisma-capacity.eu/,,Cross-Border Transmission IP within EU,0,False
1Physical Flowhour2022-03-05 06:00:00 +00:002022-03-05 07:00:00 +00:00BE-TSO-0001ITP-00112entrykWh/h,1,Physical Flow,hour,2022-03-05T07:00:00+01:00,2022-03-05T08:00:00+01:00,BE-TSO-0001,21X-BE-A-A0A0A-Y,Fluxys Belgium,ITP-00112,Eynatten 1 (BE) // Lichtenbusch / Raeren (DE),21Z0000000000155,entry,kWh/h,,,0,2022-03-06T10:36:08+01:00,,Confirmed,,,,,True,,,True,PRISMA,,https://platform.prisma-capacity.eu/,,Cross-Border Transmission IP within EU,0,False
1Physical Flowhour2022-03-05 07:00:00 +00:002022-03-05 08:00:00 +00:00BE-TSO-0001ITP-00112entrykWh/h,1,Physical Flow,hour,2022-03-05T08:00:00+01:00,2022-03-05T09:00:00+01:00,BE-TSO-0001,21X-BE-A-A0A0A-Y,Fluxys Belgium,ITP-00112,Eynatten 1 (BE) // Lichtenbusch / Raeren (DE),21Z0000000000155,entry,kWh/h,,,0,2022-03-06T10:36:08+01:00,,Confirmed,,,,,True,,,True,PRISMA,,https://platform.prisma-capacity.eu/,,Cross-Border Transmission IP within EU,0,False
1Physical Flowhour2022-03-05 08:00:00 +00:002022-03-05 09:00:00 +00:00BE-TSO-0001ITP-00112entrykWh/h,1,Physical Flow,hour,2022-03-05T09:00:00+01:00,2022-03-05T10:00:00+01:00,BE-TSO-0001,21X-BE-A-A0A0A-Y,Fluxys Belgium,ITP-00112,Eynatten 1 (BE) // Lichtenbusch / Raeren (DE),21Z0000000000155,entry,kWh/h,,,0,2022-03-06T10:36:08+01:00,,Confirmed,,,,,True,,,True,PRISMA,,https://platform.prisma-capacity.eu/,,Cross-Border Transmission IP within EU,0,False
1Physical Flowhour2022-03-05 09:00:00 +00:002022-03-05 10:00:00 +00:00BE-TSO-0001ITP-00112entrykWh/h,1,Physical Flow,hour,2022-03-05T10:00:00+01:00,2022-03-05T11:00:00+01:00,BE-TSO-0001,21X-BE-A-A0A0A-Y,Fluxys Belgium,ITP-00112,Eynatten 1 (BE) // Lichtenbusch / Raeren (DE),21Z0000000000155,entry,kWh/h,,,0,2022-03-06T10:36:08+01:00,,Confirmed,,,,,True,,,True,PRISMA,,https://platform.prisma-capacity.eu/,,Cross-Border Transmission IP within EU,0,False
1Physical Flowhour2022-03-05 10:00:00 +00:002022-03-05 11:00:00 +00:00BE-TSO-0001ITP-00112entrykWh/h,1,Physical Flow,hour,2022-03-05T11:00:00+01:00,2022-03-05T12:00:00+01:00,BE-TSO-0001,21X-BE-A-A0A0A-Y,Fluxys Belgium,ITP-00112,Eynatten 1 (BE) // Lichtenbusch / Raeren (DE),21Z0000000000155,entry,kWh/h,,,0,2022-03-06T10:36:08+01:00,,Confirmed,,,,,True,,,True,PRISMA,,https://platform.prisma-capacity.eu/,,Cross-Border Transmission IP within EU,0,False
1Physical Flowhour2022-03-05 11:00:00 +00:002022-03-05 12:00:00 +00:00BE-TSO-0001ITP-00112entrykWh/h,1,Physical Flow,hour,2022-03-05T12:00:00+01:00,2022-03-05T13:00:00+01:00,BE-TSO-0001,21X-BE-A-A0A0A-Y,Fluxys Belgium,ITP-00112,Eynatten 1 (BE) // Lichtenbusch / Raeren (DE),21Z0000000000155,entry,kWh/h,,,0,2022-03-06T10:36:08+01:00,,Confirmed,,,,,True,,,True,PRISMA,,https://platform.prisma-capacity.eu/,,Cross-Border Transmission IP within EU,0,False
1Physical Flowhour2022-03-05 12:00:00 +00:002022-03-05 13:00:00 +00:00BE-TSO-0001ITP-00112entrykWh/h,1,Physical Flow,hour,2022-03-05T13:00:00+01:00,2022-03-05T14:00:00+01:00,BE-TSO-0001,21X-BE-A-A0A0A-Y,Fluxys Belgium,ITP-00112,Eynatten 1 (BE) // Lichtenbusch / Raeren (DE),21Z0000000000155,entry,kWh/h,,,0,2022-03-06T10:36:08+01:00,,Confirmed,,,,,True,,,True,PRISMA,,https://platform.prisma-capacity.eu/,,Cross-Border Transmission IP within EU,0,False
1Physical Flowhour2022-03-05 13:00:00 +00:002022-03-05 14:00:00 +00:00BE-TSO-0001ITP-00112entrykWh/h,1,Physical Flow,hour,2022-03-05T14:00:00+01:00,2022-03-05T15:00:00+01:00,BE-TSO-0001,21X-BE-A-A0A0A-Y,Fluxys Belgium,ITP-00112,Eynatten 1 (BE) // Lichtenbusch / Raeren (DE),21Z0000000000155,entry,kWh/h,,,0,2022-03-06T10:36:08+01:00,,Confirmed,,,,,True,,,True,PRISMA,,https://platform.prisma-capacity.eu/,,Cross-Border Transmission IP within EU,0,False
1Physical Flowhour2022-03-05 14:00:00 +00:002022-03-05 15:00:00 +00:00BE-TSO-0001ITP-00112entrykWh/h,1,Physical Flow,hour,2022-03-05T15:00:00+01:00,2022-03-05T16:00:00+01:00,BE-TSO-0001,21X-BE-A-A0A0A-Y,Fluxys Belgium,ITP-00112,Eynatten 1 (BE) // Lichtenbusch / Raeren (DE),21Z0000000000155,entry,kWh/h,,,0,2022-03-06T10:36:08+01:00,,Confirmed,,,,,True,,,True,PRISMA,,https://platform.prisma-capacity.eu/,,Cross-Border Transmission IP within EU,0,False
1Physical Flowhour2022-03-05 15:00:00 +00:002022-03-05 16:00:00 +00:00BE-TSO-0001ITP-00112entrykWh/h,1,Physical Flow,hour,2022-03-05T16:00:00+01:00,2022-03-05T17:00:00+01:00,BE-TSO-0001,21X-BE-A-A0A0A-Y,Fluxys Belgium,ITP-00112,Eynatten 1 (BE) // Lichtenbusch / Raeren (DE),21Z0000000000155,entry,kWh/h,,,0,2022-03-06T10:36:08+01:00,,Confirmed,,,,,True,,,True,PRISMA,,https://platform.prisma-capacity.eu/,,Cross-Border Transmission IP within EU,0,False
1Physical Flowhour2022-03-05 16:00:00 +00:002022-03-05 17:00:00 +00:00BE-TSO-0001ITP-00112entrykWh/h,1,Physical Flow,hour,2022-03-05T17:00:00+01:00,2022-03-05T18:00:00+01:00,BE-TSO-0001,21X-BE-A-A0A0A-Y,Fluxys Belgium,ITP-00112,Eynatten 1 (BE) // Lichtenbusch / Raeren (DE),21Z0000000000155,entry,kWh/h,,,0,2022-03-06T10:36:08+01:00,,Confirmed,,,,,True,,,True,PRISMA,,https://platform.prisma-capacity.eu/,,Cross-Border Transmission IP within EU,0,False
1Physical Flowhour2022-03-05 17:00:00 +00:002022-03-05 18:00:00 +00:00BE-TSO-0001ITP-00112entrykWh/h,1,Physical Flow,hour,2022-03-05T18:00:00+01:00,2022-03-05T19:00:00+01:00,BE-TSO-0001,21X-BE-A-A0A0A-Y,Fluxys Belgium,ITP-00112,Eynatten 1 (BE) // Lichtenbusch / Raeren (DE),21Z0000000000155,entry,kWh/h,,,0,2022-03-06T10:36:08+01:00,,Confirmed,,,,,True,,,True,PRISMA,,https://platform.prisma-capacity.eu/,,Cross-Border Transmission IP within EU,0,False
1Physical Flowhour2022-03-05 18:00:00 +00:002022-03-05 19:00:00 +00:00BE-TSO-0001ITP-00112entrykWh/h,1,Physical Flow,hour,2022-03-05T19:00:00+01:00,2022-03-05T20:00:00+01:00,BE-TSO-0001,21X-BE-A-A0A0A-Y,Fluxys Belgium,ITP-00112,Eynatten 1 (BE) // Lichtenbusch / Raeren (DE),21Z0000000000155,entry,kWh/h,,,0,2022-03-06T10:36:08+01:00,,Confirmed,,,,,True,,,True,PRISMA,,https://platform.prisma-capacity.eu/,,Cross-Border Transmission IP within EU,0,False
1Physical Flowhour2022-03-05 19:00:00 +00:002022-03-05 20:00:00 +00:00BE-TSO-0001ITP-00112entrykWh/h,1,Physical Flow,hour,2022-03-05T20:00:00+01:00,2022-03-05T21:00:00+01:00,BE-TSO-0001,21X-BE-A-A0A0A-Y,Fluxys Belgium,ITP-00112,Eynatten 1 (BE) // Lichtenbusch / Raeren (DE),21Z0000000000155,entry,kWh/h,,,0,2022-03-06T10:36:08+01:00,,Confirmed,,,,,True,,,True,PRISMA,,https://platform.prisma-capacity.eu/,,Cross-Border Transmission IP within EU,0,False
1Physical Flowhour2022-03-05 20:00:00 +00:002022-03-05 21:00:00 +00:00BE-TSO-0001ITP-00112entrykWh/h,1,Physical Flow,hour,2022-03-05T21:00:00+01:00,2022-03-05T22:00:00+01:00,BE-TSO-0001,21X-BE-A-A0A0A-Y,Fluxys Belgium,ITP-00112,Eynatten 1 (BE) // Lichtenbusch / Raeren (DE),21Z0000000000155,entry,kWh/h,,,0,2022-03-06T10:36:08+01:00,,Confirmed,,,,,True,,,True,PRISMA,,https://platform.prisma-capacity.eu/,,Cross-Border Transmission IP within EU,0,False
1Physical Flowhour2022-03-05 21:00:00 +00:002022-03-05 22:00:00 +00:00BE-TSO-0001ITP-00112entrykWh/h,1,Physical Flow,hour,2022-03-05T22:00:00+01:00,2022-03-05T23:00:00+01:00,BE-TSO-0001,21X-BE-A-A0A0A-Y,Fluxys Belgium,ITP-00112,Eynatten 1 (BE) // Lichtenbusch / Raeren (DE),21Z0000000000155,entry,kWh/h,,,0,2022-03-06T10:36:08+01:00,,Confirmed,,,,,True,,,True,PRISMA,,https://platform.prisma-capacity.eu/,,Cross-Border Transmission IP within EU,0,False
1Physical Flowhour2022-03-05 22:00:00 +00:002022-03-05 23:00:00 +00:00BE-TSO-0001ITP-00112entrykWh/h,1,Physical Flow,hour,2022-03-05T23:00:00+01:00,2022-03-06T00:00:00+01:00,BE-TSO-0001,21X-BE-A-A0A0A-Y,Fluxys Belgium,ITP-00112,Eynatten 1 (BE) // Lichtenbusch / Raeren (DE),21Z0000000000155,entry,kWh/h,,,0,2022-03-06T10:36:08+01:00,,Confirmed,,,,,True,,,True,PRISMA,,https://platform.prisma-capacity.eu/,,Cross-Border Transmission IP within EU,0,False
1Physical Flowhour2022-03-05 23:00:00 +00:002022-03-06 00:00:00 +00:00BE-TSO-0001ITP-00112entrykWh/h,1,Physical Flow,hour,2022-03-06T00:00:00+01:00,2022-03-06T01:00:00+01:00,BE-TSO-0001,21X-BE-A-A0A0A-Y,Fluxys Belgium,ITP-00112,Eynatten 1 (BE) // Lichtenbusch / Raeren (DE),21Z0000000000155,entry,kWh/h,,,0,2022-03-06T10:36:08+01:00,,Confirmed,,,,,True,,,True,PRISMA,,https://platform.prisma-capacity.eu/,,Cross-Border Transmission IP within EU,0,False
1Physical Flowhour2022-03-06 00:00:00 +00:002022-03-06 01:00:00 +00:00BE-TSO-0001ITP-00112entrykWh/h,1,Physical Flow,hour,2022-03-06T01:00:00+01:00,2022-03-06T02:00:00+01:00,BE-TSO-0001,21X-BE-A-A0A0A-Y,Fluxys Belgium,ITP-00112,Eynatten 1 (BE) // Lichtenbusch / Raeren (DE),21Z0000000000155,entry,kWh/h,,,0,2022-03-06T10:36:08+01:00,,Confirmed,,,,,True,,,True,PRISMA,,https://platform.prisma-capacity.eu/,,Cross-Border Transmission IP within EU,0,False
1Physical Flowhour2022-03-06 01:00:00 +00:002022-03-06 02:00:00 +00:00BE-TSO-0001ITP-00112entrykWh/h,1,Physical Flow,hour,2022-03-06T02:00:00+01:00,2022-03-06T03:00:00+01:00,BE-TSO-0001,21X-BE-A-A0A0A-Y,Fluxys Belgium,ITP-00112,Eynatten 1 (BE) // Lichtenbusch / Raeren (DE),21Z0000000000155,entry,kWh/h,,,0,2022-03-06T10:36:08+01:00,,Confirmed,,,,,True,,,True,PRISMA,,https://platform.prisma-capacity.eu/,,Cross-Border Transmission IP within EU,0,False
1Physical Flowhour2022-03-06 02:00:00 +00:002022-03-06 03:00:00 +00:00BE-TSO-0001ITP-00112entrykWh/h,1,Physical Flow,hour,2022-03-06T03:00:00+01:00,2022-03-06T04:00:00+01:00,BE-TSO-0001,21X-BE-A-A0A0A-Y,Fluxys Belgium,ITP-00112,Eynatten 1 (BE) // Lichtenbusch / Raeren (DE),21Z0000000000155,entry,kWh/h,,,0,2022-03-06T10:36:08+01:00,,Confirmed,,,,,True,,,True,PRISMA,,https://platform.prisma-capacity.eu/,,Cross-Border Transmission IP within EU,0,False
1Physical Flowhour2022-03-06 03:00:00 +00:002022-03-06 04:00:00 +00:00BE-TSO-0001ITP-00112entrykWh/h,1,Physical Flow,hour,2022-03-06T04:00:00+01:00,2022-03-06T05:00:00+01:00,BE-TSO-0001,21X-BE-A-A0A0A-Y,Fluxys Belgium,ITP-00112,Eynatten 1 (BE) // Lichtenbusch / Raeren (DE),21Z0000000000155,entry,kWh/h,,,0,2022-03-06T10:36:08+01:00,,Confirmed,,,,,True,,,True,PRISMA,,https://platform.prisma-capacity.eu/,,Cross-Border Transmission IP within EU,0,False
1Physical Flowhour2022-03-06 04:00:00 +00:002022-03-06 05:00:00 +00:00BE-TSO-0001ITP-00112entrykWh/h,1,Physical Flow,hour,2022-03-06T05:00:00+01:00,2022-03-06T06:00:00+01:00,BE-TSO-0001,21X-BE-A-A0A0A-Y,Fluxys Belgium,ITP-00112,Eynatten 1 (BE) // Lichtenbusch / Raeren (DE),21Z0000000000155,entry,kWh/h,,,0,2022-03-06T10:36:08+01:00,,Confirmed,,,,,True,,,True,PRISMA,,https://platform.prisma-capacity.eu/,,Cross-Border Transmission IP within EU,0,False
1Physical Flowhour2022-03-06 05:00:00 +00:002022-03-06 06:00:00 +00:00BE-TSO-0001ITP-00112entrykWh/h,1,Physical Flow,hour,2022-03-06T06:00:00+01:00,2022-03-06T07:00:00+01:00,BE-TSO-0001,21X-BE-A-A0A0A-Y,Fluxys Belgium,ITP-00112,Eynatten 1 (BE) // Lichtenbusch / Raeren (DE),21Z0000000000155,entry,kWh/h,,,0,2022-03-07T11:48:08+01:00,,Confirmed,,,,,True,,,True,PRISMA,,https://platform.prisma-capacity.eu/,,Cross-Border Transmission IP within EU,0,False
1Physical Flowhour2022-03-06 06:00:00 +00:002022-03-06 07:00:00 +00:00BE-TSO-0001ITP-00112entrykWh/h,1,Physical Flow,hour,2022-03-06T07:00:00+01:00,2022-03-06T08:00:00+01:00,BE-TSO-0001,21X-BE-A-A0A0A-Y,Fluxys Belgium,ITP-00112,Eynatten 1 (BE) // Lichtenbusch / Raeren (DE),21Z0000000000155,entry,kWh/h,,,0,2022-03-07T11:48:08+01:00,,Confirmed,,,,,True,,,True,PRISMA,,https://platform.prisma-capacity.eu/,,Cross-Border Transmission IP within EU,0,False
1Physical Flowhour2022-03-06 07:00:00 +00:002022-03-06 08:00:00 +00:00BE-TSO-0001ITP-00112entrykWh/h,1,Physical Flow,hour,2022-03-06T08:00:00+01:00,2022-03-06T09:00:00+01:00,BE-TSO-0001,21X-BE-A-A0A0A-Y,Fluxys Belgium,ITP-00112,Eynatten 1 (BE) // Lichtenbusch / Raeren (DE),21Z0000000000155,entry,kWh/h,,,0,2022-03-07T11:48:08+01:00,,Confirmed,,,,,True,,,True,PRISMA,,https://platform.prisma-capacity.eu/,,Cross-Border Transmission IP within EU,0,False
1Physical Flowhour2022-03-06 08:00:00 +00:002022-03-06 09:00:00 +00:00BE-TSO-0001ITP-00112entrykWh/h,1,Physical Flow,hour,2022-03-06T09:00:00+01:00,2022-03-06T10:00:00+01:00,BE-TSO-0001,21X-BE-A-A0A0A-Y,Fluxys Belgium,ITP-00112,Eynatten 1 (BE) // Lichtenbusch / Raeren (DE),21Z0000000000155,entry,kWh/h,,,0,2022-03-07T11:48:08+01:00,,Confirmed,,,,,True,,,True,PRISMA,,https://platform.prisma-capacity.eu/,,Cross-Border Transmission IP within EU,0,False
1Physical Flowhour2022-03-06 09:00:00 +00:002022-03-06 10:00:00 +00:00BE-TSO-0001ITP-00112entrykWh/h,1,Physical Flow,hour,2022-03-06T10:00:00+01:00,2022-03-06T11:00:00+01:00,BE-TSO-0001,21X-BE-A-A0A0A-Y,Fluxys Belgium,ITP-00112,Eynatten 1 (BE) // Lichtenbusch / Raeren (DE),21Z0000000000155,entry,kWh/h,,,0,2022-03-07T11:48:08+01:00,,Confirmed,,,,,True,,,True,PRISMA,,https://platform.prisma-capacity.eu/,,Cross-Border Transmission IP within EU,0,False
1Physical Flowhour2022-03-06 10:00:00 +00:002022-03-06 11:00:00 +00:00BE-TSO-0001ITP-00112entrykWh/h,1,Physical Flow,hour,2022-03-06T11:00:00+01:00,2022-03-06T12:00:00+01:00,BE-TSO-0001,21X-BE-A-A0A0A-Y,Fluxys Belgium,ITP-00112,Eynatten 1 (BE) // Lichtenbusch / Raeren (DE),21Z0000000000155,entry,kWh/h,,,0,2022-03-07T11:48:08+01:00,,Confirmed,,,,,True,,,True,PRISMA,,https://platform.prisma-capacity.eu/,,Cross-Border Transmission IP within EU,0,False
1Physical Flowhour2022-03-06 11:00:00 +00:002022-03-06 12:00:00 +00:00BE-TSO-0001ITP-00112entrykWh/h,1,Physical Flow,hour,2022-03-06T12:00:00+01:00,2022-03-06T13:00:00+01:00,BE-TSO-0001,21X-BE-A-A0A0A-Y,Fluxys Belgium,ITP-00112,Eynatten 1 (BE) // Lichtenbusch / Raeren (DE),21Z0000000000155,entry,kWh/h,,,0,2022-03-07T11:48:08+01:00,,Confirmed,,,,,True,,,True,PRISMA,,https://platform.prisma-capacity.eu/,,Cross-Border Transmission IP within EU,0,False
1Physical Flowhour2022-03-06 12:00:00 +00:002022-03-06 13:00:00 +00:00BE-TSO-0001ITP-00112entrykWh/h,1,Physical Flow,hour,2022-03-06T13:00:00+01:00,2022-03-06T14:00:00+01:00,BE-TSO-0001,21X-BE-A-A0A0A-Y,Fluxys Belgium,ITP-00112,Eynatten 1 (BE) // Lichtenbusch / Raeren (DE),21Z0000000000155,entry,kWh/h,,,0,2022-03-07T11:48:08+01:00,,Confirmed,,,,,True,,,True,PRISMA,,https://platform.prisma-capacity.eu/,,Cross-Border Transmission IP within EU,0,False
1Physical Flowhour2022-03-06 13:00:00 +00:002022-03-06 14:00:00 +00:00BE-TSO-0001ITP-00112entrykWh/h,1,Physical Flow,hour,2022-03-06T14:00:00+01:00,2022-03-06T15:00:00+01:00,BE-TSO-0001,21X-BE-A-A0A0A-Y,Fluxys Belgium,ITP-00112,Eynatten 1 (BE) // Lichtenbusch / Raeren (DE),21Z0000000000155,entry,kWh/h,,,0,2022-03-07T11:48:08+01:00,,Confirmed,,,,,True,,,True,PRISMA,,https://platform.prisma-capacity.eu/,,Cross-Border Transmission IP within EU,0,False
1Physical Flowhour2022-03-06 14:00:00 +00:002022-03-06 15:00:00 +00:00BE-TSO-0001ITP-00112entrykWh/h,1,Physical Flow,hour,2022-03-06T15:00:00+01:00,2022-03-06T16:00:00+01:00,BE-TSO-0001,21X-BE-A-A0A0A-Y,Fluxys Belgium,ITP-00112,Eynatten 1 (BE) // Lichtenbusch / Raeren (DE),21Z0000000000155,entry,kWh/h,,,0,2022-03-07T11:48:08+01:00,,Confirmed,,,,,True,,,True,PRISMA,,https://platform.prisma-capacity.eu/,,Cross-Border Transmission IP within EU,0,False
1Physical Flowhour2022-03-06 15:00:00 +00:002022-03-06 16:00:00 +00:00BE-TSO-0001ITP-00112entrykWh/h,1,Physical Flow,hour,2022-03-06T16:00:00+01:00,2022-03-06T17:00:00+01:00,BE-TSO-0001,21X-BE-A-A0A0A-Y,Fluxys Belgium,ITP-00112,Eynatten 1 (BE) // Lichtenbusch / Raeren (DE),21Z0000000000155,entry,kWh/h,,,0,2022-03-07T11:48:08+01:00,,Confirmed,,,,,True,,,True,PRISMA,,https://platform.prisma-capacity.eu/,,Cross-Border Transmission IP within EU,0,False
1Physical Flowhour2022-03-06 16:00:00 +00:002022-03-06 17:00:00 +00:00BE-TSO-0001ITP-00112entrykWh/h,1,Physical Flow,hour,2022-03-06T17:00:00+01:00,2022-03-06T18:00:00+01:00,BE-TSO-0001,21X-BE-A-A0A0A-Y,Fluxys Belgium,ITP-00112,Eynatten 1 (BE) // Lichtenbusch / Raeren (DE),21Z0000000000155,entry,kWh/h,,,0,2022-03-07T11:48:08+01:00,,Confirmed,,,,,True,,,True,PRISMA,,https://platform.prisma-capacity.eu/,,Cross-Border Transmission IP within EU,0,False
1Physical Flowhour2022-03-06 17:00:00 +00:002022-03-06 18:00:00 +00:00BE-TSO-0001ITP-00112entrykWh/h,1,Physical Flow,hour,2022-03-06T18:00:00+01:00,2022-03-06T19:00:00+01:00,BE-TSO-0001,21X-BE-A-A0A0A-Y,Fluxys Belgium,ITP-00112,Eynatten 1 (BE) // Lichtenbusch / Raeren (DE),21Z0000000000155,entry,kWh/h,,,0,2022-03-07T11:48:08+01:00,,Confirmed,,,,,True,,,True,PRISMA,,https://platform.prisma-capacity.eu/,,Cross-Border Transmission IP within EU,0,False
1Physical Flowhour2022-03-06 18:00:00 +00:002022-03-06 19:00:00 +00:00BE-TSO-0001ITP-00112entrykWh/h,1,Physical Flow,hour,2022-03-06T19:00:00+01:00,2022-03-06T20:00:00+01:00,BE-TSO-0001,21X-BE-A-A0A0A-Y,Fluxys Belgium,ITP-00112,Eynatten 1 (BE) // Lichtenbusch / Raeren (DE),21Z0000000000155,entry,kWh/h,,,0,2022-03-07T11:48:08+01:00,,Confirmed,,,,,True,,,True,PRISMA,,https://platform.prisma-capacity.eu/,,Cross-Border Transmission IP within EU,0,False
1Physical Flowhour2022-03-06 19:00:00 +00:002022-03-06 20:00:00 +00:00BE-TSO-0001ITP-00112entrykWh/h,1,Physical Flow,hour,2022-03-06T20:00:00+01:00,2022-03-06T21:00:00+01:00,BE-TSO-0001,21X-BE-A-A0A0A-Y,Fluxys Belgium,ITP-00112,Eynatten 1 (BE) // Lichtenbusch / Raeren (DE),21Z0000000000155,entry,kWh/h,,,0,2022-03-07T11:48:08+01:00,,Confirmed,,,,,True,,,True,PRISMA,,https://platform.prisma-capacity.eu/,,Cross-Border Transmission IP within EU,0,False
1Physical Flowhour2022-03-06 20:00:00 +00:002022-03-06 21:00:00 +00:00BE-TSO-0001ITP-00112entrykWh/h,1,Physical Flow,hour,2022-03-06T21:00:00+01:00,2022-03-06T22:00:00+01:00,BE-TSO-0001,21X-BE-A-A0A0A-Y,Fluxys Belgium,ITP-00112,Eynatten 1 (BE) // Lichtenbusch / Raeren (DE),21Z0000000000155,entry,kWh/h,,,0,2022-03-07T11:48:08+01:00,,Confirmed,,,,,True,,,True,PRISMA,,https://platform.prisma-capacity.eu/,,Cross-Border Transmission IP within EU,0,False
1Physical Flowhour2022-03-06 21:00:00 +00:002022-03-06 22:00:00 +00:00BE-TSO-0001ITP-00112entrykWh/h,1,Physical Flow,hour,2022-03-06T22:00:00+01:00,2022-03-06T23:00:00+01:00,BE-TSO-0001,21X-BE-A-A0A0A-Y,Fluxys Belgium,ITP-00112,Eynatten 1 (BE) // Lichtenbusch / Raeren (DE),21Z0000000000155,entry,kWh/h,,,0,2022-03-07T11:48:08+01:00,,Confirmed,,,,,True,,,True,PRISMA,,https://platform.prisma-capacity.eu/,,Cross-Border Transmission IP within EU,0,False
1Physical Flowhour2022-03-06 22:00:00 +00:002022-03-06 23:00:00 +00:00BE-TSO-0001ITP-00112entrykWh/h,1,Physical Flow,hour,2022-03-06T23:00:00+01:00,2022-03-07T00:00:00+01:00,BE-TSO-0001,21X-BE-A-A0A0A-Y,Fluxys Belgium,ITP-00112,Eynatten 1 (BE) // Lichtenbusch / Raeren (DE),21Z0000000000155,entry,kWh/h,,,0,2022-03-07T11:48:08+01:00,,Confirmed,,,,,True,,,True,PRISMA,,https://platform.prisma-capacity.eu/,,Cross-Border Transmission IP within EU,0,False
1Physical Flowhour2022-03-06 23:00:00 +00:002022-03-07 00:00:00 +00:00BE-TSO-0001ITP-00112entrykWh/h,1,Physical Flow,hour,2022-03-07T00:00:00+01:00,2022-03-07T01:00:00+01:00,BE-TSO-0001,21X-BE-A-A0A0A-Y,Fluxys Belgium,ITP-00112,Eynatten 1 (BE) // Lichtenbusch / Raeren (DE),21Z0000000000155,entry,kWh/h,,,0,2022-03-07T11:48:08+01:00,,Confirmed,,,,,True,,,True,PRISMA,,https://platform.prisma-capacity.eu/,,Cross-Border Transmission IP within EU,0,False
1Physical Flowhour2022-03-07 00:00:00 +00:002022-03-07 01:00:00 +00:00BE-TSO-0001ITP-00112entrykWh/h,1,Physical Flow,hour,2022-03-07T01:00:00+01:00,2022-03-07T02:00:00+01:00,BE-TSO-0001,21X-BE-A-A0A0A-Y,Fluxys Belgium,ITP-00112,Eynatten 1 (BE) // Lichtenbusch / Raeren (DE),21Z0000000000155,entry,kWh/h,,,0,2022-03-07T11:48:08+01:00,,Confirmed,,,,,True,,,True,PRISMA,,https://platform.prisma-capacity.eu/,,Cross-Border Transmission IP within EU,0,False
1Physical Flowhour2022-03-07 01:00:00 +00:002022-03-07 02:00:00 +00:00BE-TSO-0001ITP-00112entrykWh/h,1,Physical Flow,hour,2022-03-07T02:00:00+01:00,2022-03-07T03:00:00+01:00,BE-TSO-0001,21X-BE-A-A0A0A-Y,Fluxys Belgium,ITP-00112,Eynatten 1 (BE) // Lichtenbusch / Raeren (DE),21Z0000000000155,entry,kWh/h,,,0,2022-03-07T11:48:08+01:00,,Confirmed,,,,,True,,,True,PRISMA,,https://platform.prisma-capacity.eu/,,Cross-Border Transmission IP within EU,0,False
1Physical Flowhour2022-03-07 02:00:00 +00:002022-03-07 03:00:00 +00:00BE-TSO-0001ITP-00112entrykWh/h,1,Physical Flow,hour,2022-03-07T03:00:00+01:00,2022-03-07T04:00:00+01:00,BE-TSO-0001,21X-BE-A-A0A0A-Y,Fluxys Belgium,ITP-00112,Eynatten 1 (BE) // Lichtenbusch / Raeren (DE),21Z0000000000155,entry,kWh/h,,,0,2022-03-07T11:48:08+01:00,,Confirmed,,,,,True,,,True,PRISMA,,https://platform.prisma-capacity.eu/,,Cross-Border Transmission IP within EU,0,False
1Physical Flowhour2022-03-07 03:00:00 +00:002022-03-07 04:00:00 +00:00BE-TSO-0001ITP-00112entrykWh/h,1,Physical Flow,hour,2022-03-07T04:00:00+01:00,2022-03-07T05:00:00+01:00,BE-TSO-0001,21X-BE-A-A0A0A-Y,Fluxys Belgium,ITP-00112,Eynatten 1 (BE) // Lichtenbusch / Raeren (DE),21Z0000000000155,entry,kWh/h,,,0,2022-03-07T11:48:08+01:00,,Confirmed,,,,,True,,,True,PRISMA,,https://platform.prisma-capacity.eu/,,Cross-Border Transmission IP within EU,0,False
1Physical Flowhour2022-03-07 04:00:00 +00:002022-03-07 05:00:00 +00:00BE-TSO-0001ITP-00112entrykWh/h,1,Physical Flow,hour,2022-03-07T05:00:00+01:00,2022-03-07T06:00:00+01:00,BE-TSO-0001,21X-BE-A-A0A0A-Y,Fluxys Belgium,ITP-00112,Eynatten 1 (BE) // Lichtenbusch / Raeren (DE),21Z0000000000155,entry,kWh/h,,,0,2022-03-07T11:48:08+01:00,,Confirmed,,,,,True,,,True,PRISMA,,https://platform.prisma-capacity.eu/,,Cross-Border Transmission IP within EU,0,False
1Physical Flowhour2022-03-07 05:00:00 +00:002022-03-07 06:00:00 +00:00BE-TSO-0001ITP-00112entrykWh/h,1,Physical Flow,hour,2022-03-07T06:00:00+01:00,2022-03-07T07:00:00+01:00,BE-TSO-0001,21X-BE-A-A0A0A-Y,Fluxys Belgium,ITP-00112,Eynatten 1 (BE) // Lichtenbusch / Raeren (DE),21Z0000000000155,entry,kWh/h,,,0,2022-03-08T10:36:10+01:00,,Confirmed,,,,,True,,,True,PRISMA,,https://platform.prisma-capacity.eu/,,Cross-Border Transmission IP within EU,0,False
1Physical Flowhour2022-03-07 06:00:00 +00:002022-03-07 07:00:00 +00:00BE-TSO-0001ITP-00112entrykWh/h,1,Physical Flow,hour,2022-03-07T07:00:00+01:00,2022-03-07T08:00:00+01:00,BE-TSO-0001,21X-BE-A-A0A0A-Y,Fluxys Belgium,ITP-00112,Eynatten 1 (BE) // Lichtenbusch / Raeren (DE),21Z0000000000155,entry,kWh/h,,,0,2022-03-08T10:36:10+01:00,,Confirmed,,,,,True,,,True,PRISMA,,https://platform.prisma-capacity.eu/,,Cross-Border Transmission IP within EU,0,False
1Physical Flowhour2022-03-07 07:00:00 +00:002022-03-07 08:00:00 +00:00BE-TSO-0001ITP-00112entrykWh/h,1,Physical Flow,hour,2022-03-07T08:00:00+01:00,2022-03-07T09:00:00+01:00,BE-TSO-0001,21X-BE-A-A0A0A-Y,Fluxys Belgium,ITP-00112,Eynatten 1 (BE) // Lichtenbusch / Raeren (DE),21Z0000000000155,entry,kWh/h,,,0,2022-03-08T10:36:10+01:00,,Confirmed,,,,,True,,,True,PRISMA,,https://platform.prisma-capacity.eu/,,Cross-Border Transmission IP within EU,0,False
1Physical Flowhour2022-03-07 08:00:00 +00:002022-03-07 09:00:00 +00:00BE-TSO-0001ITP-00112entrykWh/h,1,Physical Flow,hour,2022-03-07T09:00:00+01:00,2022-03-07T10:00:00+01:00,BE-TSO-0001,21X-BE-A-A0A0A-Y,Fluxys Belgium,ITP-00112,Eynatten 1 (BE) // Lichtenbusch / Raeren (DE),21Z0000000000155,entry,kWh/h,,,0,2022-03-08T10:36:10+01:00,,Confirmed,,,,,True,,,True,PRISMA,,https://platform.prisma-capacity.eu/,,Cross-Border Transmission IP within EU,0,False
1Physical Flowhour2022-03-07 09:00:00 +00:002022-03-07 10:00:00 +00:00BE-TSO-0001ITP-00112entrykWh/h,1,Physical Flow,hour,2022-03-07T10:00:00+01:00,2022-03-07T11:00:00+01:00,BE-TSO-0001,21X-BE-A-A0A0A-Y,Fluxys Belgium,ITP-00112,Eynatten 1 (BE) // Lichtenbusch / Raeren (DE),21Z0000000000155,entry,kWh/h,,,0,2022-03-08T10:36:10+01:00,,Confirmed,,,,,True,,,True,PRISMA,,https://platform.prisma-capacity.eu/,,Cross-Border Transmission IP within EU,0,False
1Physical Flowhour2022-03-07 10:00:00 +00:002022-03-07 11:00:00 +00:00BE-TSO-0001ITP-00112entrykWh/h,1,Physical Flow,hour,2022-03-07T11:00:00+01:00,2022-03-07T12:00:00+01:00,BE-TSO-0001,21X-BE-A-A0A0A-Y,Fluxys Belgium,ITP-00112,Eynatten 1 (BE) // Lichtenbusch / Raeren (DE),21Z0000000000155,entry,kWh/h,,,0,2022-03-08T10:36:10+01:00,,Confirmed,,,,,True,,,True,PRISMA,,https://platform.prisma-capacity.eu/,,Cross-Border Transmission IP within EU,0,False
1Physical Flowhour2022-03-07 11:00:00 +00:002022-03-07 12:00:00 +00:00BE-TSO-0001ITP-00112entrykWh/h,1,Physical Flow,hour,2022-03-07T12:00:00+01:00,2022-03-07T13:00:00+01:00,BE-TSO-0001,21X-BE-A-A0A0A-Y,Fluxys Belgium,ITP-00112,Eynatten 1 (BE) // Lichtenbusch / Raeren (DE),21Z0000000000155,entry,kWh/h,,,0,2022-03-08T10:36:10+01:00,,Confirmed,,,,,True,,,True,PRISMA,,https://platform.prisma-capacity.eu/,,Cross-Border Transmission IP within EU,0,False
1Physical Flowhour2022-03-07 12:00:00 +00:002022-03-07 13:00:00 +00:00BE-TSO-0001ITP-00112entrykWh/h,1,Physical Flow,hour,2022-03-07T13:00:00+01:00,2022-03-07T14:00:00+01:00,BE-TSO-0001,21X-BE-A-A0A0A-Y,Fluxys Belgium,ITP-00112,Eynatten 1 (BE) // Lichtenbusch / Raeren (DE),21Z0000000000155,entry,kWh/h,,,0,2022-03-08T10:36:10+01:00,,Confirmed,,,,,True,,,True,PRISMA,,https://platform.prisma-capacity.eu/,,Cross-Border Transmission IP within EU,0,False
1Physical Flowhour2022-03-07 13:00:00 +00:002022-03-07 14:00:00 +00:00BE-TSO-0001ITP-00112entrykWh/h,1,Physical Flow,hour,2022-03-07T14:00:00+01:00,2022-03-07T15:00:00+01:00,BE-TSO-0001,21X-BE-A-A0A0A-Y,Fluxys Belgium,ITP-00112,Eynatten 1 (BE) // Lichtenbusch / Raeren (DE),21Z0000000000155,entry,kWh/h,,,0,2022-03-08T10:36:10+01:00,,Confirmed,,,,,True,,,True,PRISMA,,https://platform.prisma-capacity.eu/,,Cross-Border Transmission IP within EU,0,False
1Physical Flowhour2022-03-07 14:00:00 +00:002022-03-07 15:00:00 +00:00BE-TSO-0001ITP-00112entrykWh/h,1,Physical Flow,hour,2022-03-07T15:00:00+01:00,2022-03-07T16:00:00+01:00,BE-TSO-0001,21X-BE-A-A0A0A-Y,Fluxys Belgium,ITP-00112,Eynatten 1 (BE) // Lichtenbusch / Raeren (DE),21Z0000000000155,entry,kWh/h,,,0,2022-03-08T10:36:10+01:00,,Confirmed,,,,,True,,,True,PRISMA,,https://platform.prisma-capacity.eu/,,Cross-Border Transmission IP within EU,0,False
1Physical Flowhour2022-03-07 15:00:00 +00:002022-03-07 16:00:00 +00:00BE-TSO-0001ITP-00112entrykWh/h,1,Physical Flow,hour,2022-03-07T16:00:00+01:00,2022-03-07T17:00:00+01:00,BE-TSO-0001,21X-BE-A-A0A0A-Y,Fluxys Belgium,ITP-00112,Eynatten 1 (BE) // Lichtenbusch / Raeren (DE),21Z0000000000155,entry,kWh/h,,,0,2022-03-08T10:36:10+01:00,,Confirmed,,,,,True,,,True,PRISMA,,https://platform.prisma-capacity.eu/,,Cross-Border Transmission IP within EU,0,False
1Physical Flowhour2022-03-07 16:00:00 +00:002022-03-07 17:00:00 +00:00BE-TSO-0001ITP-00112entrykWh/h,1,Physical Flow,hour,2022-03-07T17:00:00+01:00,2022-03-07T18:00:00+01:00,BE-TSO-0001,21X-BE-A-A0A0A-Y,Fluxys Belgium,ITP-00112,Eynatten 1 (BE) // Lichtenbusch / Raeren (DE),21Z0000000000155,entry,kWh/h,,,0,2022-03-08T10:36:10+01:00,,Confirmed,,,,,True,,,True,PRISMA,,https://platform.prisma-capacity.eu/,,Cross-Border Transmission IP within EU,0,False
1Physical Flowhour2022-03-07 17:00:00 +00:002022-03-07 18:00:00 +00:00BE-TSO-0001ITP-00112entrykWh/h,1,Physical Flow,hour,2022-03-07T18:00:00+01:00,2022-03-07T19:00:00+01:00,BE-TSO-0001,21X-BE-A-A0A0A-Y,Fluxys Belgium,ITP-00112,Eynatten 1 (BE) // Lichtenbusch / Raeren (DE),21Z0000000000155,entry,kWh/h,,,0,2022-03-08T10:36:10+01:00,,Confirmed,,,,,True,,,True,PRISMA,,https://platform.prisma-capacity.eu/,,Cross-Border Transmission IP within EU,0,False
1Physical Flowhour2022-03-07 18:00:00 +00:002022-03-07 19:00:00 +00:00BE-TSO-0001ITP-00112entrykWh/h,1,Physical Flow,hour,2022-03-07T19:00:00+01:00,2022-03-07T20:00:00+01:00,BE-TSO-0001,21X-BE-A-A0A0A-Y,Fluxys Belgium,ITP-00112,Eynatten 1 (BE) // Lichtenbusch / Raeren (DE),21Z0000000000155,entry,kWh/h,,,0,2022-03-08T10:36:10+01:00,,Confirmed,,,,,True,,,True,PRISMA,,https://platform.prisma-capacity.eu/,,Cross-Border Transmission IP within EU,0,False
1Physical Flowhour2022-03-07 19:00:00 +00:002022-03-07 20:00:00 +00:00BE-TSO-0001ITP-00112entrykWh/h,1,Physical Flow,hour,2022-03-07T20:00:00+01:00,2022-03-07T21:00:00+01:00,BE-TSO-0001,21X-BE-A-A0A0A-Y,Fluxys Belgium,ITP-00112,Eynatten 1 (BE) // Lichtenbusch / Raeren (DE),21Z0000000000155,entry,kWh/h,,,0,2022-03-08T10:36:10+01:00,,Confirmed,,,,,True,,,True,PRISMA,,https://platform.prisma-capacity.eu/,,Cross-Border Transmission IP within EU,0,False
1Physical Flowhour2022-03-07 20:00:00 +00:002022-03-07 21:00:00 +00:00BE-TSO-0001ITP-00112entrykWh/h,1,Physical Flow,hour,2022-03-07T21:00:00+01:00,2022-03-07T22:00:00+01:00,BE-TSO-0001,21X-BE-A-A0A0A-Y,Fluxys Belgium,ITP-00112,Eynatten 1 (BE) // Lichtenbusch / Raeren (DE),21Z0000000000155,entry,kWh/h,,,0,2022-03-08T10:36:10+01:00,,Confirmed,,,,,True,,,True,PRISMA,,https://platform.prisma-capacity.eu/,,Cross-Border Transmission IP within EU,0,False
1Physical Flowhour2022-03-07 21:00:00 +00:002022-03-07 22:00:00 +00:00BE-TSO-0001ITP-00112entrykWh/h,1,Physical Flow,hour,2022-03-07T22:00:00+01:00,2022-03-07T23:00:00+01:00,BE-TSO-0001,21X-BE-A-A0A0A-Y,Fluxys Belgium,ITP-00112,Eynatten 1 (BE) // Lichtenbusch / Raeren (DE),21Z0000000000155,entry,kWh/h,,,0,2022-03-08T10:36:10+01:00,,Confirmed,,,,,True,,,True,PRISMA,,https://platform.prisma-capacity.eu/,,Cross-Border Transmission IP within EU,0,False
1Physical Flowhour2022-03-07 22:00:00 +00:002022-03-07 23:00:00 +00:00BE-TSO-0001ITP-00112entrykWh/h,1,Physical Flow,hour,2022-03-07T23:00:00+01:00,2022-03-08T00:00:00+01:00,BE-TSO-0001,21X-BE-A-A0A0A-Y,Fluxys Belgium,ITP-00112,Eynatten 1 (BE) // Lichtenbusch / Raeren (DE),21Z0000000000155,entry,kWh/h,,,0,2022-03-08T10:36:10+01:00,,Confirmed,,,,,True,,,True,PRISMA,,https://platform.prisma-capacity.eu/,,Cross-Border Transmission IP within EU,0,False
1Physical Flowhour2022-03-07 23:00:00 +00:002022-03-08 00:00:00 +00:00BE-TSO-0001ITP-00112entrykWh/h,1,Physical Flow,hour,2022-03-08T00:00:00+01:00,2022-03-08T01:00:00+01:00,BE-TSO-0001,21X-BE-A-A0A0A-Y,Fluxys Belgium,ITP-00112,Eynatten 1 (BE) // Lichtenbusch / Raeren (DE),21Z0000000000155,entry,kWh/h,,,0,2022-03-08T10:36:10+01:00,,Confirmed,,,,,True,,,True,PRISMA,,https://platform.prisma-capacity.eu/,,Cross-Border Transmission IP within EU,0,False
1Physical Flowhour2022-03-08 00:00:00 +00:002022-03-08 01:00:00 +00:00BE-TSO-0001ITP-00112entrykWh/h,1,Physical Flow,hour,2022-03-08T01:00:00+01:00,2022-03-08T02:00:00+01:00,BE-TSO-0001,21X-BE-A-A0A0A-Y,Fluxys Belgium,ITP-00112,Eynatten 1 (BE) // Lichtenbusch / Raeren (DE),21Z0000000000155,entry,kWh/h,,,0,2022-03-08T10:36:10+01:00,,Confirmed,,,,,True,,,True,PRISMA,,https://platform.prisma-capacity.eu/,,Cross-Border Transmission IP within EU,0,False
1Physical Flowhour2022-03-08 01:00:00 +00:002022-03-08 02:00:00 +00:00BE-TSO-0001ITP-00112entrykWh/h,1,Physical Flow,hour,2022-03-08T02:00:00+01:00,2022-03-08T03:00:00+01:00,BE-TSO-0001,21X-BE-A-A0A0A-Y,Fluxys Belgium,ITP-00112,Eynatten 1 (BE) // Lichtenbusch / Raeren (DE),21Z0000000000155,entry,kWh/h,,,0,2022-03-08T10:36:10+01:00,,Confirmed,,,,,True,,,True,PRISMA,,https://platform.prisma-capacity.eu/,,Cross-Border Transmission IP within EU,0,False
1Physical Flowhour2022-03-08 02:00:00 +00:002022-03-08 03:00:00 +00:00BE-TSO-0001ITP-00112entrykWh/h,1,Physical Flow,hour,2022-03-08T03:00:00+01:00,2022-03-08T04:00:00+01:00,BE-TSO-0001,21X-BE-A-A0A0A-Y,Fluxys Belgium,ITP-00112,Eynatten 1 (BE) // Lichtenbusch / Raeren (DE),21Z0000000000155,entry,kWh/h,,,0,2022-03-08T10:36:10+01:00,,Confirmed,,,,,True,,,True,PRISMA,,https://platform.prisma-capacity.eu/,,Cross-Border Transmission IP within EU,0,False
1Physical Flowhour2022-03-08 03:00:00 +00:002022-03-08 04:00:00 +00:00BE-TSO-0001ITP-00112entrykWh/h,1,Physical Flow,hour,2022-03-08T04:00:00+01:00,2022-03-08T05:00:00+01:00,BE-TSO-0001,21X-BE-A-A0A0A-Y,Fluxys Belgium,ITP-00112,Eynatten 1 (BE) // Lichtenbusch / Raeren (DE),21Z0000000000155,entry,kWh/h,,,0,2022-03-08T10:36:10+01:00,,Confirmed,,,,,True,,,True,PRISMA,,https://platform.prisma-capacity.eu/,,Cross-Border Transmission IP within EU,0,False
1Physical Flowhour2022-03-08 04:00:00 +00:002022-03-08 05:00:00 +00:00BE-TSO-0001ITP-00112entrykWh/h,1,Physical Flow,hour,2022-03-08T05:00:00+01:00,2022-03-08T06:00:00+01:00,BE-TSO-0001,21X-BE-A-A0A0A-Y,Fluxys Belgium,ITP-00112,Eynatten 1 (BE) // Lichtenbusch / Raeren (DE),21Z0000000000155,entry,kWh/h,,,0,2022-03-08T10:36:10+01:00,,Confirmed,,,,,True,,,True,PRISMA,,https://platform.prisma-capacity.eu/,,Cross-Border Transmission IP within EU,0,False
1Physical Flowhour2022-03-08 05:00:00 +00:002022-03-08 06:00:00 +00:00BE-TSO-0001ITP-00112entrykWh/h,1,Physical Flow,hour,2022-03-08T06:00:00+01:00,2022-03-08T07:00:00+01:00,BE-TSO-0001,21X-BE-A-A0A0A-Y,Fluxys Belgium,ITP-00112,Eynatten 1 (BE) // Lichtenbusch / Raeren (DE),21Z0000000000155,entry,kWh/h,,,0,2022-03-09T11:06:09+01:00,,Confirmed,,,,,True,,,True,PRISMA,,https://platform.prisma-capacity.eu/,,Cross-Border Transmission IP within EU,0,False
1Physical Flowhour2022-03-08 06:00:00 +00:002022-03-08 07:00:00 +00:00BE-TSO-0001ITP-00112entrykWh/h,1,Physical Flow,hour,2022-03-08T07:00:00+01:00,2022-03-08T08:00:00+01:00,BE-TSO-0001,21X-BE-A-A0A0A-Y,Fluxys Belgium,ITP-00112,Eynatten 1 (BE) // Lichtenbusch / Raeren (DE),21Z0000000000155,entry,kWh/h,,,0,2022-03-09T11:06:09+01:00,,Confirmed,,,,,True,,,True,PRISMA,,https://platform.prisma-capacity.eu/,,Cross-Border Transmission IP within EU,0,False
1Physical Flowhour2022-03-08 07:00:00 +00:002022-03-08 08:00:00 +00:00BE-TSO-0001ITP-00112entrykWh/h,1,Physical Flow,hour,2022-03-08T08:00:00+01:00,2022-03-08T09:00:00+01:00,BE-TSO-0001,21X-BE-A-A0A0A-Y,Fluxys Belgium,ITP-00112,Eynatten 1 (BE) // Lichtenbusch / Raeren (DE),21Z0000000000155,entry,kWh/h,,,0,2022-03-09T11:06:09+01:00,,Confirmed,,,,,True,,,True,PRISMA,,https://platform.prisma-capacity.eu/,,Cross-Border Transmission IP within EU,0,False
1Physical Flowhour2022-03-08 08:00:00 +00:002022-03-08 09:00:00 +00:00BE-TSO-0001ITP-00112entrykWh/h,1,Physical Flow,hour,2022-03-08T09:00:00+01:00,2022-03-08T10:00:00+01:00,BE-TSO-0001,21X-BE-A-A0A0A-Y,Fluxys Belgium,ITP-00112,Eynatten 1 (BE) // Lichtenbusch / Raeren (DE),21Z0000000000155,entry,kWh/h,,,0,2022-03-09T11:06:09+01:00,,Confirmed,,,,,True,,,True,PRISMA,,https://platform.prisma-capacity.eu/,,Cross-Border Transmission IP within EU,0,False
1Physical Flowhour2022-03-08 09:00:00 +00:002022-03-08 10:00:00 +00:00BE-TSO-0001ITP-00112entrykWh/h,1,Physical Flow,hour,2022-03-08T10:00:00+01:00,2022-03-08T11:00:00+01:00,BE-TSO-0001,21X-BE-A-A0A0A-Y,Fluxys Belgium,ITP-00112,Eynatten 1 (BE) // Lichtenbusch / Raeren (DE),21Z0000000000155,entry,kWh/h,,,0,2022-03-09T11:06:09+01:00,,Confirmed,,,,,True,,,True,PRISMA,,https://platform.prisma-capacity.eu/,,Cross-Border Transmission IP within EU,0,False
1Physical Flowhour2022-03-08 10:00:00 +00:002022-03-08 11:00:00 +00:00BE-TSO-0001ITP-00112entrykWh/h,1,Physical Flow,hour,2022-03-08T11:00:00+01:00,2022-03-08T12:00:00+01:00,BE-TSO-0001,21X-BE-A-A0A0A-Y,Fluxys Belgium,ITP-00112,Eynatten 1 (BE) // Lichtenbusch / Raeren (DE),21Z0000000000155,entry,kWh/h,,,0,2022-03-09T11:06:09+01:00,,Confirmed,,,,,True,,,True,PRISMA,,https://platform.prisma-capacity.eu/,,Cross-Border Transmission IP within EU,0,False
1Physical Flowhour2022-03-08 11:00:00 +00:002022-03-08 12:00:00 +00:00BE-TSO-0001ITP-00112entrykWh/h,1,Physical Flow,hour,2022-03-08T12:00:00+01:00,2022-03-08T13:00:00+01:00,BE-TSO-0001,21X-BE-A-A0A0A-Y,Fluxys Belgium,ITP-00112,Eynatten 1 (BE) // Lichtenbusch / Raeren (DE),21Z0000000000155,entry,kWh/h,,,0,2022-03-09T11:06:09+01:00,,Confirmed,,,,,True,,,True,PRISMA,,https://platform.prisma-capacity.eu/,,Cross-Border Transmission IP within EU,0,False
1Physical Flowhour2022-03-08 12:00:00 +00:002022-03-08 13:00:00 +00:00BE-TSO-0001ITP-00112entrykWh/h,1,Physical Flow,hour,2022-03-08T13:00:00+01:00,2022-03-08T14:00:00+01:00,BE-TSO-0001,21X-BE-A-A0A0A-Y,Fluxys Belgium,ITP-00112,Eynatten 1 (BE) // Lichtenbusch / Raeren (DE),21Z0000000000155,entry,kWh/h,,,0,2022-03-09T11:06:09+01:00,,Confirmed,,,,,True,,,True,PRISMA,,https://platform.prisma-capacity.eu/,,Cross-Border Transmission IP within EU,0,False
1Physical Flowhour2022-03-08 13:00:00 +00:002022-03-08 14:00:00 +00:00BE-TSO-0001ITP-00112entrykWh/h,1,Physical Flow,hour,2022-03-08T14:00:00+01:00,2022-03-08T15:00:00+01:00,BE-TSO-0001,21X-BE-A-A0A0A-Y,Fluxys Belgium,ITP-00112,Eynatten 1 (BE) // Lichtenbusch / Raeren (DE),21Z0000000000155,entry,kWh/h,,,0,2022-03-09T11:06:09+01:00,,Confirmed,,,,,True,,,True,PRISMA,,https://platform.prisma-capacity.eu/,,Cross-Border Transmission IP within EU,0,False
1Physical Flowhour2022-03-08 14:00:00 +00:002022-03-08 15:00:00 +00:00BE-TSO-0001ITP-00112entrykWh/h,1,Physical Flow,hour,2022-03-08T15:00:00+01:00,2022-03-08T16:00:00+01:00,BE-TSO-0001,21X-BE-A-A0A0A-Y,Fluxys Belgium,ITP-00112,Eynatten 1 (BE) // Lichtenbusch / Raeren (DE),21Z0000000000155,entry,kWh/h,,,0,2022-03-09T11:06:09+01:00,,Confirmed,,,,,True,,,True,PRISMA,,https://platform.prisma-capacity.eu/,,Cross-Border Transmission IP within EU,0,False
1Physical Flowhour2022-03-08 15:00:00 +00:002022-03-08 16:00:00 +00:00BE-TSO-0001ITP-00112entrykWh/h,1,Physical Flow,hour,2022-03-08T16:00:00+01:00,2022-03-08T17:00:00+01:00,BE-TSO-0001,21X-BE-A-A0A0A-Y,Fluxys Belgium,ITP-00112,Eynatten 1 (BE) // Lichtenbusch / Raeren (DE),21Z0000000000155,entry,kWh/h,,,0,2022-03-09T11:06:09+01:00,,Confirmed,,,,,True,,,True,PRISMA,,https://platform.prisma-capacity.eu/,,Cross-Border Transmission IP within EU,0,False
1Physical Flowhour2022-03-08 16:00:00 +00:002022-03-08 17:00:00 +00:00BE-TSO-0001ITP-00112entrykWh/h,1,Physical Flow,hour,2022-03-08T17:00:00+01:00,2022-03-08T18:00:00+01:00,BE-TSO-0001,21X-BE-A-A0A0A-Y,Fluxys Belgium,ITP-00112,Eynatten 1 (BE) // Lichtenbusch / Raeren (DE),21Z0000000000155,entry,kWh/h,,,0,2022-03-09T11:06:09+01:00,,Confirmed,,,,,True,,,True,PRISMA,,https://platform.prisma-capacity.eu/,,Cross-Border Transmission IP within EU,0,False
1Physical Flowhour2022-03-08 17:00:00 +00:002022-03-08 18:00:00 +00:00BE-TSO-0001ITP-00112entrykWh/h,1,Physical Flow,hour,2022-03-08T18:00:00+01:00,2022-03-08T19:00:00+01:00,BE-TSO-0001,21X-BE-A-A0A0A-Y,Fluxys Belgium,ITP-00112,Eynatten 1 (BE) // Lichtenbusch / Raeren (DE),21Z0000000000155,entry,kWh/h,,,0,2022-03-09T11:06:09+01:00,,Confirmed,,,,,True,,,True,PRISMA,,https://platform.prisma-capacity.eu/,,Cross-Border Transmission IP within EU,0,False
1Physical Flowhour2022-03-08 18:00:00 +00:002022-03-08 19:00:00 +00:00BE-TSO-0001ITP-00112entrykWh/h,1,Physical Flow,hour,2022-03-08T19:00:00+01:00,2022-03-08T20:00:00+01:00,BE-TSO-0001,21X-BE-A-A0A0A-Y,Fluxys Belgium,ITP-00112,Eynatten 1 (BE) // Lichtenbusch / Raeren (DE),21Z0000000000155,entry,kWh/h,,,0,2022-03-09T11:06:09+01:00,,Confirmed,,,,,True,,,True,PRISMA,,https://platform.prisma-capacity.eu/,,Cross-Border Transmission IP within EU,0,False
1Physical Flowhour2022-03-08 19:00:00 +00:002022-03-08 20:00:00 +00:00BE-TSO-0001ITP-00112entrykWh/h,1,Physical Flow,hour,2022-03-08T20:00:00+01:00,2022-03-08T21:00:00+01:00,BE-TSO-0001,21X-BE-A-A0A0A-Y,Fluxys Belgium,ITP-00112,Eynatten 1 (BE) // Lichtenbusch / Raeren (DE),21Z0000000000155,entry,kWh/h,,,0,2022-03-09T11:06:09+01:00,,Confirmed,,,,,True,,,True,PRISMA,,https://platform.prisma-capacity.eu/,,Cross-Border Transmission IP within EU,0,False
1Physical Flowhour2022-03-08 20:00:00 +00:002022-03-08 21:00:00 +00:00BE-TSO-0001ITP-00112entrykWh/h,1,Physical Flow,hour,2022-03-08T21:00:00+01:00,2022-03-08T22:00:00+01:00,BE-TSO-0001,21X-BE-A-A0A0A-Y,Fluxys Belgium,ITP-00112,Eynatten 1 (BE) // Lichtenbusch / Raeren (DE),21Z0000000000155,entry,kWh/h,,,0,2022-03-09T11:06:09+01:00,,Confirmed,,,,,True,,,True,PRISMA,,https://platform.prisma-capacity.eu/,,Cross-Border Transmission IP within EU,0,False
1Physical Flowhour2022-03-08 21:00:00 +00:002022-03-08 22:00:00 +00:00BE-TSO-0001ITP-00112entrykWh/h,1,Physical Flow,hour,2022-03-08T22:00:00+01:00,2022-03-08T23:00:00+01:00,BE-TSO-0001,21X-BE-A-A0A0A-Y,Fluxys Belgium,ITP-00112,Eynatten 1 (BE) // Lichtenbusch / Raeren (DE),21Z0000000000155,entry,kWh/h,,,0,2022-03-09T11:06:09+01:00,,Confirmed,,,,,True,,,True,PRISMA,,https://platform.prisma-capacity.eu/,,Cross-Border Transmission IP within EU,0,False
1Physical Flowhour2022-03-08 22:00:00 +00:002022-03-08 23:00:00 +00:00BE-TSO-0001ITP-00112entrykWh/h,1,Physical Flow,hour,2022-03-08T23:00:00+01:00,2022-03-09T00:00:00+01:00,BE-TSO-0001,21X-BE-A-A0A0A-Y,Fluxys Belgium,ITP-00112,Eynatten 1 (BE) // Lichtenbusch / Raeren (DE),21Z0000000000155,entry,kWh/h,,,0,2022-03-09T11:06:09+01:00,,Confirmed,,,,,True,,,True,PRISMA,,https://platform.prisma-capacity.eu/,,Cross-Border Transmission IP within EU,0,False
1Physical Flowhour2022-03-08 23:00:00 +00:002022-03-09 00:00:00 +00:00BE-TSO-0001ITP-00112entrykWh/h,1,Physical Flow,hour,2022-03-09T00:00:00+01:00,2022-03-09T01:00:00+01:00,BE-TSO-0001,21X-BE-A-A0A0A-Y,Fluxys Belgium,ITP-00112,Eynatten 1 (BE) // Lichtenbusch / Raeren (DE),21Z0000000000155,entry,kWh/h,,,0,2022-03-09T11:06:09+01:00,,Confirmed,,,,,True,,,True,PRISMA,,https://platform.prisma-capacity.eu/,,Cross-Border Transmission IP within EU,0,False
1Physical Flowhour2022-03-09 00:00:00 +00:002022-03-09 01:00:00 +00:00BE-TSO-0001ITP-00112entrykWh/h,1,Physical Flow,hour,2022-03-09T01:00:00+01:00,2022-03-09T02:00:00+01:00,BE-TSO-0001,21X-BE-A-A0A0A-Y,Fluxys Belgium,ITP-00112,Eynatten 1 (BE) // Lichtenbusch / Raeren (DE),21Z0000000000155,entry,kWh/h,,,0,2022-03-09T11:06:09+01:00,,Confirmed,,,,,True,,,True,PRISMA,,https://platform.prisma-capacity.eu/,,Cross-Border Transmission IP within EU,0,False
1Physical Flowhour2022-03-09 01:00:00 +00:002022-03-09 02:00:00 +00:00BE-TSO-0001ITP-00112entrykWh/h,1,Physical Flow,hour,2022-03-09T02:00:00+01:00,2022-03-09T03:00:00+01:00,BE-TSO-0001,21X-BE-A-A0A0A-Y,Fluxys Belgium,ITP-00112,Eynatten 1 (BE) // Lichtenbusch / Raeren (DE),21Z0000000000155,entry,kWh/h,,,0,2022-03-09T11:06:09+01:00,,Confirmed,,,,,True,,,True,PRISMA,,https://platform.prisma-capacity.eu/,,Cross-Border Transmission IP within EU,0,False
1Physical Flowhour2022-03-09 02:00:00 +00:002022-03-09 03:00:00 +00:00BE-TSO-0001ITP-00112entrykWh/h,1,Physical Flow,hour,2022-03-09T03:00:00+01:00,2022-03-09T04:00:00+01:00,BE-TSO-0001,21X-BE-A-A0A0A-Y,Fluxys Belgium,ITP-00112,Eynatten 1 (BE) // Lichtenbusch / Raeren (DE),21Z0000000000155,entry,kWh/h,,,0,2022-03-09T11:06:09+01:00,,Confirmed,,,,,True,,,True,PRISMA,,https://platform.prisma-capacity.eu/,,Cross-Border Transmission IP within EU,0,False
1Physical Flowhour2022-03-09 03:00:00 +00:002022-03-09 04:00:00 +00:00BE-TSO-0001ITP-00112entrykWh/h,1,Physical Flow,hour,2022-03-09T04:00:00+01:00,2022-03-09T05:00:00+01:00,BE-TSO-0001,21X-BE-A-A0A0A-Y,Fluxys Belgium,ITP-00112,Eynatten 1 (BE) // Lichtenbusch / Raeren (DE),21Z0000000000155,entry,kWh/h,,,0,2022-03-09T11:06:09+01:00,,Confirmed,,,,,True,,,True,PRISMA,,https://platform.prisma-capacity.eu/,,Cross-Border Transmission IP within EU,0,False
1Physical Flowhour2022-03-09 04:00:00 +00:002022-03-09 05:00:00 +00:00BE-TSO-0001ITP-00112entrykWh/h,1,Physical Flow,hour,2022-03-09T05:00:00+01:00,2022-03-09T06:00:00+01:00,BE-TSO-0001,21X-BE-A-A0A0A-Y,Fluxys Belgium,ITP-00112,Eynatten 1 (BE) // Lichtenbusch / Raeren (DE),21Z0000000000155,entry,kWh/h,,,0,2022-03-09T11:06:09+01:00,,Confirmed,,,,,True,,,True,PRISMA,,https://platform.prisma-capacity.eu/,,Cross-Border Transmission IP within EU,0,False
1Physical Flowhour2022-03-09 05:00:00 +00:002022-03-09 06:00:00 +00:00BE-TSO-0001ITP-00112entrykWh/h,1,Physical Flow,hour,2022-03-09T06:00:00+01:00,2022-03-09T07:00:00+01:00,BE-TSO-0001,21X-BE-A-A0A0A-Y,Fluxys Belgium,ITP-00112,Eynatten 1 (BE) // Lichtenbusch / Raeren (DE),21Z0000000000155,entry,kWh/h,,,0,2022-03-10T10:36:08+01:00,,Confirmed,,,,,True,,,True,PRISMA,,https://platform.prisma-capacity.eu/,,Cross-Border Transmission IP within EU,0,False
1Physical Flowhour2022-03-09 06:00:00 +00:002022-03-09 07:00:00 +00:00BE-TSO-0001ITP-00112entrykWh/h,1,Physical Flow,hour,2022-03-09T07:00:00+01:00,2022-03-09T08:00:00+01:00,BE-TSO-0001,21X-BE-A-A0A0A-Y,Fluxys Belgium,ITP-00112,Eynatten 1 (BE) // Lichtenbusch / Raeren (DE),21Z0000000000155,entry,kWh/h,,,0,2022-03-10T10:36:08+01:00,,Confirmed,,,,,True,,,True,PRISMA,,https://platform.prisma-capacity.eu/,,Cross-Border Transmission IP within EU,0,False
1Physical Flowhour2022-03-09 07:00:00 +00:002022-03-09 08:00:00 +00:00BE-TSO-0001ITP-00112entrykWh/h,1,Physical Flow,hour,2022-03-09T08:00:00+01:00,2022-03-09T09:00:00+01:00,BE-TSO-0001,21X-BE-A-A0A0A-Y,Fluxys Belgium,ITP-00112,Eynatten 1 (BE) // Lichtenbusch / Raeren (DE),21Z0000000000155,entry,kWh/h,,,0,2022-03-10T10:36:08+01:00,,Confirmed,,,,,True,,,True,PRISMA,,https://platform.prisma-capacity.eu/,,Cross-Border Transmission IP within EU,0,False
1Physical Flowhour2022-03-09 08:00:00 +00:002022-03-09 09:00:00 +00:00BE-TSO-0001ITP-00112entrykWh/h,1,Physical Flow,hour,2022-03-09T09:00:00+01:00,2022-03-09T10:00:00+01:00,BE-TSO-0001,21X-BE-A-A0A0A-Y,Fluxys Belgium,ITP-00112,Eynatten 1 (BE) // Lichtenbusch / Raeren (DE),21Z0000000000155,entry,kWh/h,,,0,2022-03-10T10:36:08+01:00,,Confirmed,,,,,True,,,True,PRISMA,,https://platform.prisma-capacity.eu/,,Cross-Border Transmission IP within EU,0,False
1Physical Flowhour2022-03-09 09:00:00 +00:002022-03-09 10:00:00 +00:00BE-TSO-0001ITP-00112entrykWh/h,1,Physical Flow,hour,2022-03-09T10:00:00+01:00,2022-03-09T11:00:00+01:00,BE-TSO-0001,21X-BE-A-A0A0A-Y,Fluxys Belgium,ITP-00112,Eynatten 1 (BE) // Lichtenbusch / Raeren (DE),21Z0000000000155,entry,kWh/h,,,0,2022-03-10T10:36:08+01:00,,Confirmed,,,,,True,,,True,PRISMA,,https://platform.prisma-capacity.eu/,,Cross-Border Transmission IP within EU,0,False
1Physical Flowhour2022-03-09 10:00:00 +00:002022-03-09 11:00:00 +00:00BE-TSO-0001ITP-00112entrykWh/h,1,Physical Flow,hour,2022-03-09T11:00:00+01:00,2022-03-09T12:00:00+01:00,BE-TSO-0001,21X-BE-A-A0A0A-Y,Fluxys Belgium,ITP-00112,Eynatten 1 (BE) // Lichtenbusch / Raeren (DE),21Z0000000000155,entry,kWh/h,,,0,2022-03-10T10:36:08+01:00,,Confirmed,,,,,True,,,True,PRISMA,,https://platform.prisma-capacity.eu/,,Cross-Border Transmission IP within EU,0,False
1Physical Flowhour2022-03-09 11:00:00 +00:002022-03-09 12:00:00 +00:00BE-TSO-0001ITP-00112entrykWh/h,1,Physical Flow,hour,2022-03-09T12:00:00+01:00,2022-03-09T13:00:00+01:00,BE-TSO-0001,21X-BE-A-A0A0A-Y,Fluxys Belgium,ITP-00112,Eynatten 1 (BE) // Lichtenbusch / Raeren (DE),21Z0000000000155,entry,kWh/h,,,0,2022-03-10T10:36:08+01:00,,Confirmed,,,,,True,,,True,PRISMA,,https://platform.prisma-capacity.eu/,,Cross-Border Transmission IP within EU,0,False
1Physical Flowhour2022-03-09 12:00:00 +00:002022-03-09 13:00:00 +00:00BE-TSO-0001ITP-00112entrykWh/h,1,Physical Flow,hour,2022-03-09T13:00:00+01:00,2022-03-09T14:00:00+01:00,BE-TSO-0001,21X-BE-A-A0A0A-Y,Fluxys Belgium,ITP-00112,Eynatten 1 (BE) // Lichtenbusch / Raeren (DE),21Z0000000000155,entry,kWh/h,,,0,2022-03-10T10:36:08+01:00,,Confirmed,,,,,True,,,True,PRISMA,,https://platform.prisma-capacity.eu/,,Cross-Border Transmission IP within EU,0,False
1Physical Flowhour2022-03-09 13:00:00 +00:002022-03-09 14:00:00 +00:00BE-TSO-0001ITP-00112entrykWh/h,1,Physical Flow,hour,2022-03-09T14:00:00+01:00,2022-03-09T15:00:00+01:00,BE-TSO-0001,21X-BE-A-A0A0A-Y,Fluxys Belgium,ITP-00112,Eynatten 1 (BE) // Lichtenbusch / Raeren (DE),21Z0000000000155,entry,kWh/h,,,0,2022-03-10T10:36:08+01:00,,Confirmed,,,,,True,,,True,PRISMA,,https://platform.prisma-capacity.eu/,,Cross-Border Transmission IP within EU,0,False
1Physical Flowhour2022-03-09 14:00:00 +00:002022-03-09 15:00:00 +00:00BE-TSO-0001ITP-00112entrykWh/h,1,Physical Flow,hour,2022-03-09T15:00:00+01:00,2022-03-09T16:00:00+01:00,BE-TSO-0001,21X-BE-A-A0A0A-Y,Fluxys Belgium,ITP-00112,Eynatten 1 (BE) // Lichtenbusch / Raeren (DE),21Z0000000000155,entry,kWh/h,,,0,2022-03-10T10:36:08+01:00,,Confirmed,,,,,True,,,True,PRISMA,,https://platform.prisma-capacity.eu/,,Cross-Border Transmission IP within EU,0,False
1Physical Flowhour2022-03-09 15:00:00 +00:002022-03-09 16:00:00 +00:00BE-TSO-0001ITP-00112entrykWh/h,1,Physical Flow,hour,2022-03-09T16:00:00+01:00,2022-03-09T17:00:00+01:00,BE-TSO-0001,21X-BE-A-A0A0A-Y,Fluxys Belgium,ITP-00112,Eynatten 1 (BE) // Lichtenbusch / Raeren (DE),21Z0000000000155,entry,kWh/h,,,0,2022-03-10T10:36:08+01:00,,Confirmed,,,,,True,,,True,PRISMA,,https://platform.prisma-capacity.eu/,,Cross-Border Transmission IP within EU,0,False
1Physical Flowhour2022-03-09 16:00:00 +00:002022-03-09 17:00:00 +00:00BE-TSO-0001ITP-00112entrykWh/h,1,Physical Flow,hour,2022-03-09T17:00:00+01:00,2022-03-09T18:00:00+01:00,BE-TSO-0001,21X-BE-A-A0A0A-Y,Fluxys Belgium,ITP-00112,Eynatten 1 (BE) // Lichtenbusch / Raeren (DE),21Z0000000000155,entry,kWh/h,,,0,2022-03-10T10:36:08+01:00,,Confirmed,,,,,True,,,True,PRISMA,,https://platform.prisma-capacity.eu/,,Cross-Border Transmission IP within EU,0,False
1Physical Flowhour2022-03-09 17:00:00 +00:002022-03-09 18:00:00 +00:00BE-TSO-0001ITP-00112entrykWh/h,1,Physical Flow,hour,2022-03-09T18:00:00+01:00,2022-03-09T19:00:00+01:00,BE-TSO-0001,21X-BE-A-A0A0A-Y,Fluxys Belgium,ITP-00112,Eynatten 1 (BE) // Lichtenbusch / Raeren (DE),21Z0000000000155,entry,kWh/h,,,0,2022-03-10T10:36:08+01:00,,Confirmed,,,,,True,,,True,PRISMA,,https://platform.prisma-capacity.eu/,,Cross-Border Transmission IP within EU,0,False
1Physical Flowhour2022-03-09 18:00:00 +00:002022-03-09 19:00:00 +00:00BE-TSO-0001ITP-00112entrykWh/h,1,Physical Flow,hour,2022-03-09T19:00:00+01:00,2022-03-09T20:00:00+01:00,BE-TSO-0001,21X-BE-A-A0A0A-Y,Fluxys Belgium,ITP-00112,Eynatten 1 (BE) // Lichtenbusch / Raeren (DE),21Z0000000000155,entry,kWh/h,,,0,2022-03-10T10:36:08+01:00,,Confirmed,,,,,True,,,True,PRISMA,,https://platform.prisma-capacity.eu/,,Cross-Border Transmission IP within EU,0,False
1Physical Flowhour2022-03-09 19:00:00 +00:002022-03-09 20:00:00 +00:00BE-TSO-0001ITP-00112entrykWh/h,1,Physical Flow,hour,2022-03-09T20:00:00+01:00,2022-03-09T21:00:00+01:00,BE-TSO-0001,21X-BE-A-A0A0A-Y,Fluxys Belgium,ITP-00112,Eynatten 1 (BE) // Lichtenbusch / Raeren (DE),21Z0000000000155,entry,kWh/h,,,0,2022-03-10T10:36:08+01:00,,Confirmed,,,,,True,,,True,PRISMA,,https://platform.prisma-capacity.eu/,,Cross-Border Transmission IP within EU,0,False
1Physical Flowhour2022-03-09 20:00:00 +00:002022-03-09 21:00:00 +00:00BE-TSO-0001ITP-00112entrykWh/h,1,Physical Flow,hour,2022-03-09T21:00:00+01:00,2022-03-09T22:00:00+01:00,BE-TSO-0001,21X-BE-A-A0A0A-Y,Fluxys Belgium,ITP-00112,Eynatten 1 (BE) // Lichtenbusch / Raeren (DE),21Z0000000000155,entry,kWh/h,,,0,2022-03-10T10:36:08+01:00,,Confirmed,,,,,True,,,True,PRISMA,,https://platform.prisma-capacity.eu/,,Cross-Border Transmission IP within EU,0,False
1Physical Flowhour2022-03-09 21:00:00 +00:002022-03-09 22:00:00 +00:00BE-TSO-0001ITP-00112entrykWh/h,1,Physical Flow,hour,2022-03-09T22:00:00+01:00,2022-03-09T23:00:00+01:00,BE-TSO-0001,21X-BE-A-A0A0A-Y,Fluxys Belgium,ITP-00112,Eynatten 1 (BE) // Lichtenbusch / Raeren (DE),21Z0000000000155,entry,kWh/h,,,0,2022-03-10T10:36:08+01:00,,Confirmed,,,,,True,,,True,PRISMA,,https://platform.prisma-capacity.eu/,,Cross-Border Transmission IP within EU,0,False
1Physical Flowhour2022-03-09 22:00:00 +00:002022-03-09 23:00:00 +00:00BE-TSO-0001ITP-00112entrykWh/h,1,Physical Flow,hour,2022-03-09T23:00:00+01:00,2022-03-10T00:00:00+01:00,BE-TSO-0001,21X-BE-A-A0A0A-Y,Fluxys Belgium,ITP-00112,Eynatten 1 (BE) // Lichtenbusch / Raeren (DE),21Z0000000000155,entry,kWh/h,,,0,2022-03-10T10:36:08+01:00,,Confirmed,,,,,True,,,True,PRISMA,,https://platform.prisma-capacity.eu/,,Cross-Border Transmission IP within EU,0,False
1Physical Flowhour2022-03-09 23:00:00 +00:002022-03-10 00:00:00 +00:00BE-TSO-0001ITP-00112entrykWh/h,1,Physical Flow,hour,2022-03-10T00:00:00+01:00,2022-03-10T01:00:00+01:00,BE-TSO-0001,21X-BE-A-A0A0A-Y,Fluxys Belgium,ITP-00112,Eynatten 1 (BE) // Lichtenbusch / Raeren (DE),21Z0000000000155,entry,kWh/h,,,0,2022-03-10T10:36:08+01:00,,Confirmed,,,,,True,,,True,PRISMA,,https://platform.prisma-capacity.eu/,,Cross-Border Transmission IP within EU,0,False
1Physical Flowhour2022-03-10 00:00:00 +00:002022-03-10 01:00:00 +00:00BE-TSO-0001ITP-00112entrykWh/h,1,Physical Flow,hour,2022-03-10T01:00:00+01:00,2022-03-10T02:00:00+01:00,BE-TSO-0001,21X-BE-A-A0A0A-Y,Fluxys Belgium,ITP-00112,Eynatten 1 (BE) // Lichtenbusch / Raeren (DE),21Z0000000000155,entry,kWh/h,,,0,2022-03-10T10:36:08+01:00,,Confirmed,,,,,True,,,True,PRISMA,,https://platform.prisma-capacity.eu/,,Cross-Border Transmission IP within EU,0,False
1Physical Flowhour2022-03-10 01:00:00 +00:002022-03-10 02:00:00 +00:00BE-TSO-0001ITP-00112entrykWh/h,1,Physical Flow,hour,2022-03-10T02:00:00+01:00,2022-03-10T03:00:00+01:00,BE-TSO-0001,21X-BE-A-A0A0A-Y,Fluxys Belgium,ITP-00112,Eynatten 1 (BE) // Lichtenbusch / Raeren (DE),21Z0000000000155,entry,kWh/h,,,0,2022-03-10T10:36:08+01:00,,Confirmed,,,,,True,,,True,PRISMA,,https://platform.prisma-capacity.eu/,,Cross-Border Transmission IP within EU,0,False
1Physical Flowhour2022-03-10 02:00:00 +00:002022-03-10 03:00:00 +00:00BE-TSO-0001ITP-00112entrykWh/h,1,Physical Flow,hour,2022-03-10T03:00:00+01:00,2022-03-10T04:00:00+01:00,BE-TSO-0001,21X-BE-A-A0A0A-Y,Fluxys Belgium,ITP-00112,Eynatten 1 (BE) // Lichtenbusch / Raeren (DE),21Z0000000000155,entry,kWh/h,,,0,2022-03-10T10:36:08+01:00,,Confirmed,,,,,True,,,True,PRISMA,,https://platform.prisma-capacity.eu/,,Cross-Border Transmission IP within EU,0,False
1Physical Flowhour2022-03-10 03:00:00 +00:002022-03-10 04:00:00 +00:00BE-TSO-0001ITP-00112entrykWh/h,1,Physical Flow,hour,2022-03-10T04:00:00+01:00,2022-03-10T05:00:00+01:00,BE-TSO-0001,21X-BE-A-A0A0A-Y,Fluxys Belgium,ITP-00112,Eynatten 1 (BE) // Lichtenbusch / Raeren (DE),21Z0000000000155,entry,kWh/h,,,0,2022-03-10T10:36:08+01:00,,Confirmed,,,,,True,,,True,PRISMA,,https://platform.prisma-capacity.eu/,,Cross-Border Transmission IP within EU,0,False
1Physical Flowhour2022-03-10 04:00:00 +00:002022-03-10 05:00:00 +00:00BE-TSO-0001ITP-00112entrykWh/h,1,Physical Flow,hour,2022-03-10T05:00:00+01:00,2022-03-10T06:00:00+01:00,BE-TSO-0001,21X-BE-A-A0A0A-Y,Fluxys Belgium,ITP-00112,Eynatten 1 (BE) // Lichtenbusch / Raeren (DE),21Z0000000000155,entry,kWh/h,,,0,2022-03-10T10:36:08+01:00,,Confirmed,,,,,True,,,True,PRISMA,,https://platform.prisma-capacity.eu/,,Cross-Border Transmission IP within EU,0,False
1Physical Flowhour2022-03-10 05:00:00 +00:002022-03-10 06:00:00 +00:00BE-TSO-0001ITP-00112entrykWh/h,1,Physical Flow,hour,2022-03-10T06:00:00+01:00,2022-03-10T07:00:00+01:00,BE-TSO-0001,21X-BE-A-A0A0A-Y,Fluxys Belgium,ITP-00112,Eynatten 1 (BE) // Lichtenbusch / Raeren (DE),21Z0000000000155,entry,kWh/h,,,0,2022-03-11T10:36:09+01:00,,Confirmed,,,,,True,,,True,PRISMA,,https://platform.prisma-capacity.eu/,,Cross-Border Transmission IP within EU,0,False
1Physical Flowhour2022-03-10 06:00:00 +00:002022-03-10 07:00:00 +00:00BE-TSO-0001ITP-00112entrykWh/h,1,Physical Flow,hour,2022-03-10T07:00:00+01:00,2022-03-10T08:00:00+01:00,BE-TSO-0001,21X-BE-A-A0A0A-Y,Fluxys Belgium,ITP-00112,Eynatten 1 (BE) // Lichtenbusch / Raeren (DE),21Z0000000000155,entry,kWh/h,,,0,2022-03-11T10:36:09+01:00,,Confirmed,,,,,True,,,True,PRISMA,,https://platform.prisma-capacity.eu/,,Cross-Border Transmission IP within EU,0,False
1Physical Flowhour2022-03-10 07:00:00 +00:002022-03-10 08:00:00 +00:00BE-TSO-0001ITP-00112entrykWh/h,1,Physical Flow,hour,2022-03-10T08:00:00+01:00,2022-03-10T09:00:00+01:00,BE-TSO-0001,21X-BE-A-A0A0A-Y,Fluxys Belgium,ITP-00112,Eynatten 1 (BE) // Lichtenbusch / Raeren (DE),21Z0000000000155,entry,kWh/h,,,0,2022-03-11T10:36:09+01:00,,Confirmed,,,,,True,,,True,PRISMA,,https://platform.prisma-capacity.eu/,,Cross-Border Transmission IP within EU,0,False
1Physical Flowhour2022-03-10 08:00:00 +00:002022-03-10 09:00:00 +00:00BE-TSO-0001ITP-00112entrykWh/h,1,Physical Flow,hour,2022-03-10T09:00:00+01:00,2022-03-10T10:00:00+01:00,BE-TSO-0001,21X-BE-A-A0A0A-Y,Fluxys Belgium,ITP-00112,Eynatten 1 (BE) // Lichtenbusch / Raeren (DE),21Z0000000000155,entry,kWh/h,,,0,2022-03-11T10:36:09+01:00,,Confirmed,,,,,True,,,True,PRISMA,,https://platform.prisma-capacity.eu/,,Cross-Border Transmission IP within EU,0,False
1Physical Flowhour2022-03-10 09:00:00 +00:002022-03-10 10:00:00 +00:00BE-TSO-0001ITP-00112entrykWh/h,1,Physical Flow,hour,2022-03-10T10:00:00+01:00,2022-03-10T11:00:00+01:00,BE-TSO-0001,21X-BE-A-A0A0A-Y,Fluxys Belgium,ITP-00112,Eynatten 1 (BE) // Lichtenbusch / Raeren (DE),21Z0000000000155,entry,kWh/h,,,0,2022-03-11T10:36:09+01:00,,Confirmed,,,,,True,,,True,PRISMA,,https://platform.prisma-capacity.eu/,,Cross-Border Transmission IP within EU,0,False
1Physical Flowhour2022-03-10 10:00:00 +00:002022-03-10 11:00:00 +00:00BE-TSO-0001ITP-00112entrykWh/h,1,Physical Flow,hour,2022-03-10T11:00:00+01:00,2022-03-10T12:00:00+01:00,BE-TSO-0001,21X-BE-A-A0A0A-Y,Fluxys Belgium,ITP-00112,Eynatten 1 (BE) // Lichtenbusch / Raeren (DE),21Z0000000000155,entry,kWh/h,,,0,2022-03-11T10:36:09+01:00,,Confirmed,,,,,True,,,True,PRISMA,,https://platform.prisma-capacity.eu/,,Cross-Border Transmission IP within EU,0,False
1Physical Flowhour2022-03-10 11:00:00 +00:002022-03-10 12:00:00 +00:00BE-TSO-0001ITP-00112entrykWh/h,1,Physical Flow,hour,2022-03-10T12:00:00+01:00,2022-03-10T13:00:00+01:00,BE-TSO-0001,21X-BE-A-A0A0A-Y,Fluxys Belgium,ITP-00112,Eynatten 1 (BE) // Lichtenbusch / Raeren (DE),21Z0000000000155,entry,kWh/h,,,0,2022-03-11T10:36:09+01:00,,Confirmed,,,,,True,,,True,PRISMA,,https://platform.prisma-capacity.eu/,,Cross-Border Transmission IP within EU,0,False
1Physical Flowhour2022-03-10 12:00:00 +00:002022-03-10 13:00:00 +00:00BE-TSO-0001ITP-00112entrykWh/h,1,Physical Flow,hour,2022-03-10T13:00:00+01:00,2022-03-10T14:00:00+01:00,BE-TSO-0001,21X-BE-A-A0A0A-Y,Fluxys Belgium,ITP-00112,Eynatten 1 (BE) // Lichtenbusch / Raeren (DE),21Z0000000000155,entry,kWh/h,,,0,2022-03-11T10:36:09+01:00,,Confirmed,,,,,True,,,True,PRISMA,,https://platform.prisma-capacity.eu/,,Cross-Border Transmission IP within EU,0,False
1Physical Flowhour2022-03-10 13:00:00 +00:002022-03-10 14:00:00 +00:00BE-TSO-0001ITP-00112entrykWh/h,1,Physical Flow,hour,2022-03-10T14:00:00+01:00,2022-03-10T15:00:00+01:00,BE-TSO-0001,21X-BE-A-A0A0A-Y,Fluxys Belgium,ITP-00112,Eynatten 1 (BE) // Lichtenbusch / Raeren (DE),21Z0000000000155,entry,kWh/h,,,0,2022-03-11T10:36:09+01:00,,Confirmed,,,,,True,,,True,PRISMA,,https://platform.prisma-capacity.eu/,,Cross-Border Transmission IP within EU,0,False
1Physical Flowhour2022-03-10 14:00:00 +00:002022-03-10 15:00:00 +00:00BE-TSO-0001ITP-00112entrykWh/h,1,Physical Flow,hour,2022-03-10T15:00:00+01:00,2022-03-10T16:00:00+01:00,BE-TSO-0001,21X-BE-A-A0A0A-Y,Fluxys Belgium,ITP-00112,Eynatten 1 (BE) // Lichtenbusch / Raeren (DE),21Z0000000000155,entry,kWh/h,,,0,2022-03-11T10:36:09+01:00,,Confirmed,,,,,True,,,True,PRISMA,,https://platform.prisma-capacity.eu/,,Cross-Border Transmission IP within EU,0,False
1Physical Flowhour2022-03-10 15:00:00 +00:002022-03-10 16:00:00 +00:00BE-TSO-0001ITP-00112entrykWh/h,1,Physical Flow,hour,2022-03-10T16:00:00+01:00,2022-03-10T17:00:00+01:00,BE-TSO-0001,21X-BE-A-A0A0A-Y,Fluxys Belgium,ITP-00112,Eynatten 1 (BE) // Lichtenbusch / Raeren (DE),21Z0000000000155,entry,kWh/h,,,0,2022-03-11T10:36:09+01:00,,Confirmed,,,,,True,,,True,PRISMA,,https://platform.prisma-capacity.eu/,,Cross-Border Transmission IP within EU,0,False
1Physical Flowhour2022-03-10 16:00:00 +00:002022-03-10 17:00:00 +00:00BE-TSO-0001ITP-00112entrykWh/h,1,Physical Flow,hour,2022-03-10T17:00:00+01:00,2022-03-10T18:00:00+01:00,BE-TSO-0001,21X-BE-A-A0A0A-Y,Fluxys Belgium,ITP-00112,Eynatten 1 (BE) // Lichtenbusch / Raeren (DE),21Z0000000000155,entry,kWh/h,,,0,2022-03-11T10:36:09+01:00,,Confirmed,,,,,True,,,True,PRISMA,,https://platform.prisma-capacity.eu/,,Cross-Border Transmission IP within EU,0,False
1Physical Flowhour2022-03-10 17:00:00 +00:002022-03-10 18:00:00 +00:00BE-TSO-0001ITP-00112entrykWh/h,1,Physical Flow,hour,2022-03-10T18:00:00+01:00,2022-03-10T19:00:00+01:00,BE-TSO-0001,21X-BE-A-A0A0A-Y,Fluxys Belgium,ITP-00112,Eynatten 1 (BE) // Lichtenbusch / Raeren (DE),21Z0000000000155,entry,kWh/h,,,0,2022-03-11T10:36:09+01:00,,Confirmed,,,,,True,,,True,PRISMA,,https://platform.prisma-capacity.eu/,,Cross-Border Transmission IP within EU,0,False
1Physical Flowhour2022-03-10 18:00:00 +00:002022-03-10 19:00:00 +00:00BE-TSO-0001ITP-00112entrykWh/h,1,Physical Flow,hour,2022-03-10T19:00:00+01:00,2022-03-10T20:00:00+01:00,BE-TSO-0001,21X-BE-A-A0A0A-Y,Fluxys Belgium,ITP-00112,Eynatten 1 (BE) // Lichtenbusch / Raeren (DE),21Z0000000000155,entry,kWh/h,,,0,2022-03-11T10:36:09+01:00,,Confirmed,,,,,True,,,True,PRISMA,,https://platform.prisma-capacity.eu/,,Cross-Border Transmission IP within EU,0,False
1Physical Flowhour2022-03-10 19:00:00 +00:002022-03-10 20:00:00 +00:00BE-TSO-0001ITP-00112entrykWh/h,1,Physical Flow,hour,2022-03-10T20:00:00+01:00,2022-03-10T21:00:00+01:00,BE-TSO-0001,21X-BE-A-A0A0A-Y,Fluxys Belgium,ITP-00112,Eynatten 1 (BE) // Lichtenbusch / Raeren (DE),21Z0000000000155,entry,kWh/h,,,0,2022-03-11T10:36:09+01:00,,Confirmed,,,,,True,,,True,PRISMA,,https://platform.prisma-capacity.eu/,,Cross-Border Transmission IP within EU,0,False
1Physical Flowhour2022-03-10 20:00:00 +00:002022-03-10 21:00:00 +00:00BE-TSO-0001ITP-00112entrykWh/h,1,Physical Flow,hour,2022-03-10T21:00:00+01:00,2022-03-10T22:00:00+01:00,BE-TSO-0001,21X-BE-A-A0A0A-Y,Fluxys Belgium,ITP-00112,Eynatten 1 (BE) // Lichtenbusch / Raeren (DE),21Z0000000000155,entry,kWh/h,,,0,2022-03-11T10:36:09+01:00,,Confirmed,,,,,True,,,True,PRISMA,,https://platform.prisma-capacity.eu/,,Cross-Border Transmission IP within EU,0,False
1Physical Flowhour2022-03-10 21:00:00 +00:002022-03-10 22:00:00 +00:00BE-TSO-0001ITP-00112entrykWh/h,1,Physical Flow,hour,2022-03-10T22:00:00+01:00,2022-03-10T23:00:00+01:00,BE-TSO-0001,21X-BE-A-A0A0A-Y,Fluxys Belgium,ITP-00112,Eynatten 1 (BE) // Lichtenbusch / Raeren (DE),21Z0000000000155,entry,kWh/h,,,0,2022-03-11T10:36:09+01:00,,Confirmed,,,,,True,,,True,PRISMA,,https://platform.prisma-capacity.eu/,,Cross-Border Transmission IP within EU,0,False
1Physical Flowhour2022-03-10 22:00:00 +00:002022-03-10 23:00:00 +00:00BE-TSO-0001ITP-00112entrykWh/h,1,Physical Flow,hour,2022-03-10T23:00:00+01:00,2022-03-11T00:00:00+01:00,BE-TSO-0001,21X-BE-A-A0A0A-Y,Fluxys Belgium,ITP-00112,Eynatten 1 (BE) // Lichtenbusch / Raeren (DE),21Z0000000000155,entry,kWh/h,,,0,2022-03-11T10:36:09+01:00,,Confirmed,,,,,True,,,True,PRISMA,,https://platform.prisma-capacity.eu/,,Cross-Border Transmission IP within EU,0,False
1Physical Flowhour2022-03-10 23:00:00 +00:002022-03-11 00:00:00 +00:00BE-TSO-0001ITP-00112entrykWh/h,1,Physical Flow,hour,2022-03-11T00:00:00+01:00,2022-03-11T01:00:00+01:00,BE-TSO-0001,21X-BE-A-A0A0A-Y,Fluxys Belgium,ITP-00112,Eynatten 1 (BE) // Lichtenbusch / Raeren (DE),21Z0000000000155,entry,kWh/h,,,0,2022-03-11T10:36:09+01:00,,Confirmed,,,,,True,,,True,PRISMA,,https://platform.prisma-capacity.eu/,,Cross-Border Transmission IP within EU,0,False
1Physical Flowhour2022-03-11 00:00:00 +00:002022-03-11 01:00:00 +00:00BE-TSO-0001ITP-00112entrykWh/h,1,Physical Flow,hour,2022-03-11T01:00:00+01:00,2022-03-11T02:00:00+01:00,BE-TSO-0001,21X-BE-A-A0A0A-Y,Fluxys Belgium,ITP-00112,Eynatten 1 (BE) // Lichtenbusch / Raeren (DE),21Z0000000000155,entry,kWh/h,,,0,2022-03-11T10:36:09+01:00,,Confirmed,,,,,True,,,True,PRISMA,,https://platform.prisma-capacity.eu/,,Cross-Border Transmission IP within EU,0,False
1Physical Flowhour2022-03-11 01:00:00 +00:002022-03-11 02:00:00 +00:00BE-TSO-0001ITP-00112entrykWh/h,1,Physical Flow,hour,2022-03-11T02:00:00+01:00,2022-03-11T03:00:00+01:00,BE-TSO-0001,21X-BE-A-A0A0A-Y,Fluxys Belgium,ITP-00112,Eynatten 1 (BE) // Lichtenbusch / Raeren (DE),21Z0000000000155,entry,kWh/h,,,0,2022-03-11T10:36:09+01:00,,Confirmed,,,,,True,,,True,PRISMA,,https://platform.prisma-capacity.eu/,,Cross-Border Transmission IP within EU,0,False
1Physical Flowhour2022-03-11 02:00:00 +00:002022-03-11 03:00:00 +00:00BE-TSO-0001ITP-00112entrykWh/h,1,Physical Flow,hour,2022-03-11T03:00:00+01:00,2022-03-11T04:00:00+01:00,BE-TSO-0001,21X-BE-A-A0A0A-Y,Fluxys Belgium,ITP-00112,Eynatten 1 (BE) // Lichtenbusch / Raeren (DE),21Z0000000000155,entry,kWh/h,,,0,2022-03-11T10:36:09+01:00,,Confirmed,,,,,True,,,True,PRISMA,,https://platform.prisma-capacity.eu/,,Cross-Border Transmission IP within EU,0,False
1Physical Flowhour2022-03-11 03:00:00 +00:002022-03-11 04:00:00 +00:00BE-TSO-0001ITP-00112entrykWh/h,1,Physical Flow,hour,2022-03-11T04:00:00+01:00,2022-03-11T05:00:00+01:00,BE-TSO-0001,21X-BE-A-A0A0A-Y,Fluxys Belgium,ITP-00112,Eynatten 1 (BE) // Lichtenbusch / Raeren (DE),21Z0000000000155,entry,kWh/h,,,0,2022-03-11T10:36:09+01:00,,Confirmed,,,,,True,,,True,PRISMA,,https://platform.prisma-capacity.eu/,,Cross-Border Transmission IP within EU,0,False
1Physical Flowhour2022-03-11 04:00:00 +00:002022-03-11 05:00:00 +00:00BE-TSO-0001ITP-00112entrykWh/h,1,Physical Flow,hour,2022-03-11T05:00:00+01:00,2022-03-11T06:00:00+01:00,BE-TSO-0001,21X-BE-A-A0A0A-Y,Fluxys Belgium,ITP-00112,Eynatten 1 (BE) // Lichtenbusch / Raeren (DE),21Z0000000000155,entry,kWh/h,,,0,2022-03-11T10:36:09+01:00,,Confirmed,,,,,True,,,True,PRISMA,,https://platform.prisma-capacity.eu/,,Cross-Border Transmission IP within EU,0,False
1Physical Flowhour2022-03-11 05:00:00 +00:002022-03-11 06:00:00 +00:00BE-TSO-0001ITP-00112entrykWh/h,1,Physical Flow,hour,2022-03-11T06:00:00+01:00,2022-03-11T07:00:00+01:00,BE-TSO-0001,21X-BE-A-A0A0A-Y,Fluxys Belgium,ITP-00112,Eynatten 1 (BE) // Lichtenbusch / Raeren (DE),21Z0000000000155,entry,kWh/h,,,0,2022-03-12T10:36:09+01:00,,Confirmed,,,,,True,,,True,PRISMA,,https://platform.prisma-capacity.eu/,,Cross-Border Transmission IP within EU,0,False
1Physical Flowhour2022-03-11 06:00:00 +00:002022-03-11 07:00:00 +00:00BE-TSO-0001ITP-00112entrykWh/h,1,Physical Flow,hour,2022-03-11T07:00:00+01:00,2022-03-11T08:00:00+01:00,BE-TSO-0001,21X-BE-A-A0A0A-Y,Fluxys Belgium,ITP-00112,Eynatten 1 (BE) // Lichtenbusch / Raeren (DE),21Z0000000000155,entry,kWh/h,,,0,2022-03-12T10:36:09+01:00,,Confirmed,,,,,True,,,True,PRISMA,,https://platform.prisma-capacity.eu/,,Cross-Border Transmission IP within EU,0,False
1Physical Flowhour2022-03-11 07:00:00 +00:002022-03-11 08:00:00 +00:00BE-TSO-0001ITP-00112entrykWh/h,1,Physical Flow,hour,2022-03-11T08:00:00+01:00,2022-03-11T09:00:00+01:00,BE-TSO-0001,21X-BE-A-A0A0A-Y,Fluxys Belgium,ITP-00112,Eynatten 1 (BE) // Lichtenbusch / Raeren (DE),21Z0000000000155,entry,kWh/h,,,0,2022-03-12T10:36:09+01:00,,Confirmed,,,,,True,,,True,PRISMA,,https://platform.prisma-capacity.eu/,,Cross-Border Transmission IP within EU,0,False
1Physical Flowhour2022-03-11 08:00:00 +00:002022-03-11 09:00:00 +00:00BE-TSO-0001ITP-00112entrykWh/h,1,Physical Flow,hour,2022-03-11T09:00:00+01:00,2022-03-11T10:00:00+01:00,BE-TSO-0001,21X-BE-A-A0A0A-Y,Fluxys Belgium,ITP-00112,Eynatten 1 (BE) // Lichtenbusch / Raeren (DE),21Z0000000000155,entry,kWh/h,,,0,2022-03-12T10:36:09+01:00,,Confirmed,,,,,True,,,True,PRISMA,,https://platform.prisma-capacity.eu/,,Cross-Border Transmission IP within EU,0,False
1Physical Flowhour2022-03-11 09:00:00 +00:002022-03-11 10:00:00 +00:00BE-TSO-0001ITP-00112entrykWh/h,1,Physical Flow,hour,2022-03-11T10:00:00+01:00,2022-03-11T11:00:00+01:00,BE-TSO-0001,21X-BE-A-A0A0A-Y,Fluxys Belgium,ITP-00112,Eynatten 1 (BE) // Lichtenbusch / Raeren (DE),21Z0000000000155,entry,kWh/h,,,0,2022-03-12T10:36:09+01:00,,Confirmed,,,,,True,,,True,PRISMA,,https://platform.prisma-capacity.eu/,,Cross-Border Transmission IP within EU,0,False
1Physical Flowhour2022-03-11 10:00:00 +00:002022-03-11 11:00:00 +00:00BE-TSO-0001ITP-00112entrykWh/h,1,Physical Flow,hour,2022-03-11T11:00:00+01:00,2022-03-11T12:00:00+01:00,BE-TSO-0001,21X-BE-A-A0A0A-Y,Fluxys Belgium,ITP-00112,Eynatten 1 (BE) // Lichtenbusch / Raeren (DE),21Z0000000000155,entry,kWh/h,,,0,2022-03-12T10:36:09+01:00,,Confirmed,,,,,True,,,True,PRISMA,,https://platform.prisma-capacity.eu/,,Cross-Border Transmission IP within EU,0,False
1Physical Flowhour2022-03-11 11:00:00 +00:002022-03-11 12:00:00 +00:00BE-TSO-0001ITP-00112entrykWh/h,1,Physical Flow,hour,2022-03-11T12:00:00+01:00,2022-03-11T13:00:00+01:00,BE-TSO-0001,21X-BE-A-A0A0A-Y,Fluxys Belgium,ITP-00112,Eynatten 1 (BE) // Lichtenbusch / Raeren (DE),21Z0000000000155,entry,kWh/h,,,0,2022-03-12T10:36:09+01:00,,Confirmed,,,,,True,,,True,PRISMA,,https://platform.prisma-capacity.eu/,,Cross-Border Transmission IP within EU,0,False
1Physical Flowhour2022-03-11 12:00:00 +00:002022-03-11 13:00:00 +00:00BE-TSO-0001ITP-00112entrykWh/h,1,Physical Flow,hour,2022-03-11T13:00:00+01:00,2022-03-11T14:00:00+01:00,BE-TSO-0001,21X-BE-A-A0A0A-Y,Fluxys Belgium,ITP-00112,Eynatten 1 (BE) // Lichtenbusch / Raeren (DE),21Z0000000000155,entry,kWh/h,,,0,2022-03-12T10:36:09+01:00,,Confirmed,,,,,True,,,True,PRISMA,,https://platform.prisma-capacity.eu/,,Cross-Border Transmission IP within EU,0,False
1Physical Flowhour2022-03-11 13:00:00 +00:002022-03-11 14:00:00 +00:00BE-TSO-0001ITP-00112entrykWh/h,1,Physical Flow,hour,2022-03-11T14:00:00+01:00,2022-03-11T15:00:00+01:00,BE-TSO-0001,21X-BE-A-A0A0A-Y,Fluxys Belgium,ITP-00112,Eynatten 1 (BE) // Lichtenbusch / Raeren (DE),21Z0000000000155,entry,kWh/h,,,0,2022-03-12T10:36:09+01:00,,Confirmed,,,,,True,,,True,PRISMA,,https://platform.prisma-capacity.eu/,,Cross-Border Transmission IP within EU,0,False
1Physical Flowhour2022-03-11 14:00:00 +00:002022-03-11 15:00:00 +00:00BE-TSO-0001ITP-00112entrykWh/h,1,Physical Flow,hour,2022-03-11T15:00:00+01:00,2022-03-11T16:00:00+01:00,BE-TSO-0001,21X-BE-A-A0A0A-Y,Fluxys Belgium,ITP-00112,Eynatten 1 (BE) // Lichtenbusch / Raeren (DE),21Z0000000000155,entry,kWh/h,,,0,2022-03-12T10:36:09+01:00,,Confirmed,,,,,True,,,True,PRISMA,,https://platform.prisma-capacity.eu/,,Cross-Border Transmission IP within EU,0,False
1Physical Flowhour2022-03-11 15:00:00 +00:002022-03-11 16:00:00 +00:00BE-TSO-0001ITP-00112entrykWh/h,1,Physical Flow,hour,2022-03-11T16:00:00+01:00,2022-03-11T17:00:00+01:00,BE-TSO-0001,21X-BE-A-A0A0A-Y,Fluxys Belgium,ITP-00112,Eynatten 1 (BE) // Lichtenbusch / Raeren (DE),21Z0000000000155,entry,kWh/h,,,0,2022-03-12T10:36:09+01:00,,Confirmed,,,,,True,,,True,PRISMA,,https://platform.prisma-capacity.eu/,,Cross-Border Transmission IP within EU,0,False
1Physical Flowhour2022-03-11 16:00:00 +00:002022-03-11 17:00:00 +00:00BE-TSO-0001ITP-00112entrykWh/h,1,Physical Flow,hour,2022-03-11T17:00:00+01:00,2022-03-11T18:00:00+01:00,BE-TSO-0001,21X-BE-A-A0A0A-Y,Fluxys Belgium,ITP-00112,Eynatten 1 (BE) // Lichtenbusch / Raeren (DE),21Z0000000000155,entry,kWh/h,,,0,2022-03-12T10:36:09+01:00,,Confirmed,,,,,True,,,True,PRISMA,,https://platform.prisma-capacity.eu/,,Cross-Border Transmission IP within EU,0,False
1Physical Flowhour2022-03-11 17:00:00 +00:002022-03-11 18:00:00 +00:00BE-TSO-0001ITP-00112entrykWh/h,1,Physical Flow,hour,2022-03-11T18:00:00+01:00,2022-03-11T19:00:00+01:00,BE-TSO-0001,21X-BE-A-A0A0A-Y,Fluxys Belgium,ITP-00112,Eynatten 1 (BE) // Lichtenbusch / Raeren (DE),21Z0000000000155,entry,kWh/h,,,0,2022-03-12T10:36:09+01:00,,Confirmed,,,,,True,,,True,PRISMA,,https://platform.prisma-capacity.eu/,,Cross-Border Transmission IP within EU,0,False
1Physical Flowhour2022-03-11 18:00:00 +00:002022-03-11 19:00:00 +00:00BE-TSO-0001ITP-00112entrykWh/h,1,Physical Flow,hour,2022-03-11T19:00:00+01:00,2022-03-11T20:00:00+01:00,BE-TSO-0001,21X-BE-A-A0A0A-Y,Fluxys Belgium,ITP-00112,Eynatten 1 (BE) // Lichtenbusch / Raeren (DE),21Z0000000000155,entry,kWh/h,,,0,2022-03-12T10:36:09+01:00,,Confirmed,,,,,True,,,True,PRISMA,,https://platform.prisma-capacity.eu/,,Cross-Border Transmission IP within EU,0,False
1Physical Flowhour2022-03-11 19:00:00 +00:002022-03-11 20:00:00 +00:00BE-TSO-0001ITP-00112entrykWh/h,1,Physical Flow,hour,2022-03-11T20:00:00+01:00,2022-03-11T21:00:00+01:00,BE-TSO-0001,21X-BE-A-A0A0A-Y,Fluxys Belgium,ITP-00112,Eynatten 1 (BE) // Lichtenbusch / Raeren (DE),21Z0000000000155,entry,kWh/h,,,0,2022-03-12T10:36:09+01:00,,Confirmed,,,,,True,,,True,PRISMA,,https://platform.prisma-capacity.eu/,,Cross-Border Transmission IP within EU,0,False
1Physical Flowhour2022-03-11 20:00:00 +00:002022-03-11 21:00:00 +00:00BE-TSO-0001ITP-00112entrykWh/h,1,Physical Flow,hour,2022-03-11T21:00:00+01:00,2022-03-11T22:00:00+01:00,BE-TSO-0001,21X-BE-A-A0A0A-Y,Fluxys Belgium,ITP-00112,Eynatten 1 (BE) // Lichtenbusch / Raeren (DE),21Z0000000000155,entry,kWh/h,,,0,2022-03-12T10:36:09+01:00,,Confirmed,,,,,True,,,True,PRISMA,,https://platform.prisma-capacity.eu/,,Cross-Border Transmission IP within EU,0,False
1Physical Flowhour2022-03-11 21:00:00 +00:002022-03-11 22:00:00 +00:00BE-TSO-0001ITP-00112entrykWh/h,1,Physical Flow,hour,2022-03-11T22:00:00+01:00,2022-03-11T23:00:00+01:00,BE-TSO-0001,21X-BE-A-A0A0A-Y,Fluxys Belgium,ITP-00112,Eynatten 1 (BE) // Lichtenbusch / Raeren (DE),21Z0000000000155,entry,kWh/h,,,0,2022-03-12T10:36:09+01:00,,Confirmed,,,,,True,,,True,PRISMA,,https://platform.prisma-capacity.eu/,,Cross-Border Transmission IP within EU,0,False
1Physical Flowhour2022-03-11 22:00:00 +00:002022-03-11 23:00:00 +00:00BE-TSO-0001ITP-00112entrykWh/h,1,Physical Flow,hour,2022-03-11T23:00:00+01:00,2022-03-12T00:00:00+01:00,BE-TSO-0001,21X-BE-A-A0A0A-Y,Fluxys Belgium,ITP-00112,Eynatten 1 (BE) // Lichtenbusch / Raeren (DE),21Z0000000000155,entry,kWh/h,,,0,2022-03-12T10:36:09+01:00,,Confirmed,,,,,True,,,True,PRISMA,,https://platform.prisma-capacity.eu/,,Cross-Border Transmission IP within EU,0,False
1Physical Flowhour2022-03-11 23:00:00 +00:002022-03-12 00:00:00 +00:00BE-TSO-0001ITP-00112entrykWh/h,1,Physical Flow,hour,2022-03-12T00:00:00+01:00,2022-03-12T01:00:00+01:00,BE-TSO-0001,21X-BE-A-A0A0A-Y,Fluxys Belgium,ITP-00112,Eynatten 1 (BE) // Lichtenbusch / Raeren (DE),21Z0000000000155,entry,kWh/h,,,0,2022-03-12T10:36:09+01:00,,Confirmed,,,,,True,,,True,PRISMA,,https://platform.prisma-capacity.eu/,,Cross-Border Transmission IP within EU,0,False
1Physical Flowhour2022-03-12 00:00:00 +00:002022-03-12 01:00:00 +00:00BE-TSO-0001ITP-00112entrykWh/h,1,Physical Flow,hour,2022-03-12T01:00:00+01:00,2022-03-12T02:00:00+01:00,BE-TSO-0001,21X-BE-A-A0A0A-Y,Fluxys Belgium,ITP-00112,Eynatten 1 (BE) // Lichtenbusch / Raeren (DE),21Z0000000000155,entry,kWh/h,,,0,2022-03-12T10:36:09+01:00,,Confirmed,,,,,True,,,True,PRISMA,,https://platform.prisma-capacity.eu/,,Cross-Border Transmission IP within EU,0,False
1Physical Flowhour2022-03-12 01:00:00 +00:002022-03-12 02:00:00 +00:00BE-TSO-0001ITP-00112entrykWh/h,1,Physical Flow,hour,2022-03-12T02:00:00+01:00,2022-03-12T03:00:00+01:00,BE-TSO-0001,21X-BE-A-A0A0A-Y,Fluxys Belgium,ITP-00112,Eynatten 1 (BE) // Lichtenbusch / Raeren (DE),21Z0000000000155,entry,kWh/h,,,0,2022-03-12T10:36:09+01:00,,Confirmed,,,,,True,,,True,PRISMA,,https://platform.prisma-capacity.eu/,,Cross-Border Transmission IP within EU,0,False
1Physical Flowhour2022-03-12 02:00:00 +00:002022-03-12 03:00:00 +00:00BE-TSO-0001ITP-00112entrykWh/h,1,Physical Flow,hour,2022-03-12T03:00:00+01:00,2022-03-12T04:00:00+01:00,BE-TSO-0001,21X-BE-A-A0A0A-Y,Fluxys Belgium,ITP-00112,Eynatten 1 (BE) // Lichtenbusch / Raeren (DE),21Z0000000000155,entry,kWh/h,,,0,2022-03-12T10:36:09+01:00,,Confirmed,,,,,True,,,True,PRISMA,,https://platform.prisma-capacity.eu/,,Cross-Border Transmission IP within EU,0,False
1Physical Flowhour2022-03-12 03:00:00 +00:002022-03-12 04:00:00 +00:00BE-TSO-0001ITP-00112entrykWh/h,1,Physical Flow,hour,2022-03-12T04:00:00+01:00,2022-03-12T05:00:00+01:00,BE-TSO-0001,21X-BE-A-A0A0A-Y,Fluxys Belgium,ITP-00112,Eynatten 1 (BE) // Lichtenbusch / Raeren (DE),21Z0000000000155,entry,kWh/h,,,0,2022-03-12T10:36:09+01:00,,Confirmed,,,,,True,,,True,PRISMA,,https://platform.prisma-capacity.eu/,,Cross-Border Transmission IP within EU,0,False
1Physical Flowhour2022-03-12 04:00:00 +00:002022-03-12 05:00:00 +00:00BE-TSO-0001ITP-00112entrykWh/h,1,Physical Flow,hour,2022-03-12T05:00:00+01:00,2022-03-12T06:00:00+01:00,BE-TSO-0001,21X-BE-A-A0A0A-Y,Fluxys Belgium,ITP-00112,Eynatten 1 (BE) // Lichtenbusch / Raeren (DE),21Z0000000000155,entry,kWh/h,,,0,2022-03-12T10:36:09+01:00,,Confirmed,,,,,True,,,True,PRISMA,,https://platform.prisma-capacity.eu/,,Cross-Border Transmission IP within EU,0,False
1Physical Flowhour2022-03-12 05:00:00 +00:002022-03-12 06:00:00 +00:00BE-TSO-0001ITP-00112entrykWh/h,1,Physical Flow,hour,2022-03-12T06:00:00+01:00,2022-03-12T07:00:00+01:00,BE-TSO-0001,21X-BE-A-A0A0A-Y,Fluxys Belgium,ITP-00112,Eynatten 1 (BE) // Lichtenbusch / Raeren (DE),21Z0000000000155,entry,kWh/h,,,0,2022-03-13T10:36:08+01:00,,Confirmed,,,,,True,,,True,PRISMA,,https://platform.prisma-capacity.eu/,,Cross-Border Transmission IP within EU,0,False
1Physical Flowhour2022-03-12 06:00:00 +00:002022-03-12 07:00:00 +00:00BE-TSO-0001ITP-00112entrykWh/h,1,Physical Flow,hour,2022-03-12T07:00:00+01:00,2022-03-12T08:00:00+01:00,BE-TSO-0001,21X-BE-A-A0A0A-Y,Fluxys Belgium,ITP-00112,Eynatten 1 (BE) // Lichtenbusch / Raeren (DE),21Z0000000000155,entry,kWh/h,,,0,2022-03-13T10:36:08+01:00,,Confirmed,,,,,True,,,True,PRISMA,,https://platform.prisma-capacity.eu/,,Cross-Border Transmission IP within EU,0,False
1Physical Flowhour2022-03-12 07:00:00 +00:002022-03-12 08:00:00 +00:00BE-TSO-0001ITP-00112entrykWh/h,1,Physical Flow,hour,2022-03-12T08:00:00+01:00,2022-03-12T09:00:00+01:00,BE-TSO-0001,21X-BE-A-A0A0A-Y,Fluxys Belgium,ITP-00112,Eynatten 1 (BE) // Lichtenbusch / Raeren (DE),21Z0000000000155,entry,kWh/h,,,0,2022-03-13T10:36:08+01:00,,Confirmed,,,,,True,,,True,PRISMA,,https://platform.prisma-capacity.eu/,,Cross-Border Transmission IP within EU,0,False
1Physical Flowhour2022-03-12 08:00:00 +00:002022-03-12 09:00:00 +00:00BE-TSO-0001ITP-00112entrykWh/h,1,Physical Flow,hour,2022-03-12T09:00:00+01:00,2022-03-12T10:00:00+01:00,BE-TSO-0001,21X-BE-A-A0A0A-Y,Fluxys Belgium,ITP-00112,Eynatten 1 (BE) // Lichtenbusch / Raeren (DE),21Z0000000000155,entry,kWh/h,,,0,2022-03-13T10:36:08+01:00,,Confirmed,,,,,True,,,True,PRISMA,,https://platform.prisma-capacity.eu/,,Cross-Border Transmission IP within EU,0,False
1Physical Flowhour2022-03-12 09:00:00 +00:002022-03-12 10:00:00 +00:00BE-TSO-0001ITP-00112entrykWh/h,1,Physical Flow,hour,2022-03-12T10:00:00+01:00,2022-03-12T11:00:00+01:00,BE-TSO-0001,21X-BE-A-A0A0A-Y,Fluxys Belgium,ITP-00112,Eynatten 1 (BE) // Lichtenbusch / Raeren (DE),21Z0000000000155,entry,kWh/h,,,0,2022-03-13T10:36:08+01:00,,Confirmed,,,,,True,,,True,PRISMA,,https://platform.prisma-capacity.eu/,,Cross-Border Transmission IP within EU,0,False
1Physical Flowhour2022-03-12 10:00:00 +00:002022-03-12 11:00:00 +00:00BE-TSO-0001ITP-00112entrykWh/h,1,Physical Flow,hour,2022-03-12T11:00:00+01:00,2022-03-12T12:00:00+01:00,BE-TSO-0001,21X-BE-A-A0A0A-Y,Fluxys Belgium,ITP-00112,Eynatten 1 (BE) // Lichtenbusch / Raeren (DE),21Z0000000000155,entry,kWh/h,,,0,2022-03-13T10:36:08+01:00,,Confirmed,,,,,True,,,True,PRISMA,,https://platform.prisma-capacity.eu/,,Cross-Border Transmission IP within EU,0,False
1Physical Flowhour2022-03-12 11:00:00 +00:002022-03-12 12:00:00 +00:00BE-TSO-0001ITP-00112entrykWh/h,1,Physical Flow,hour,2022-03-12T12:00:00+01:00,2022-03-12T13:00:00+01:00,BE-TSO-0001,21X-BE-A-A0A0A-Y,Fluxys Belgium,ITP-00112,Eynatten 1 (BE) // Lichtenbusch / Raeren (DE),21Z0000000000155,entry,kWh/h,,,0,2022-03-13T10:36:08+01:00,,Confirmed,,,,,True,,,True,PRISMA,,https://platform.prisma-capacity.eu/,,Cross-Border Transmission IP within EU,0,False
1Physical Flowhour2022-03-12 12:00:00 +00:002022-03-12 13:00:00 +00:00BE-TSO-0001ITP-00112entrykWh/h,1,Physical Flow,hour,2022-03-12T13:00:00+01:00,2022-03-12T14:00:00+01:00,BE-TSO-0001,21X-BE-A-A0A0A-Y,Fluxys Belgium,ITP-00112,Eynatten 1 (BE) // Lichtenbusch / Raeren (DE),21Z0000000000155,entry,kWh/h,,,0,2022-03-13T10:36:08+01:00,,Confirmed,,,,,True,,,True,PRISMA,,https://platform.prisma-capacity.eu/,,Cross-Border Transmission IP within EU,0,False
1Physical Flowhour2022-03-12 13:00:00 +00:002022-03-12 14:00:00 +00:00BE-TSO-0001ITP-00112entrykWh/h,1,Physical Flow,hour,2022-03-12T14:00:00+01:00,2022-03-12T15:00:00+01:00,BE-TSO-0001,21X-BE-A-A0A0A-Y,Fluxys Belgium,ITP-00112,Eynatten 1 (BE) // Lichtenbusch / Raeren (DE),21Z0000000000155,entry,kWh/h,,,0,2022-03-13T10:36:08+01:00,,Confirmed,,,,,True,,,True,PRISMA,,https://platform.prisma-capacity.eu/,,Cross-Border Transmission IP within EU,0,False
1Physical Flowhour2022-03-12 14:00:00 +00:002022-03-12 15:00:00 +00:00BE-TSO-0001ITP-00112entrykWh/h,1,Physical Flow,hour,2022-03-12T15:00:00+01:00,2022-03-12T16:00:00+01:00,BE-TSO-0001,21X-BE-A-A0A0A-Y,Fluxys Belgium,ITP-00112,Eynatten 1 (BE) // Lichtenbusch / Raeren (DE),21Z0000000000155,entry,kWh/h,,,0,2022-03-13T10:36:08+01:00,,Confirmed,,,,,True,,,True,PRISMA,,https://platform.prisma-capacity.eu/,,Cross-Border Transmission IP within EU,0,False
1Physical Flowhour2022-03-12 15:00:00 +00:002022-03-12 16:00:00 +00:00BE-TSO-0001ITP-00112entrykWh/h,1,Physical Flow,hour,2022-03-12T16:00:00+01:00,2022-03-12T17:00:00+01:00,BE-TSO-0001,21X-BE-A-A0A0A-Y,Fluxys Belgium,ITP-00112,Eynatten 1 (BE) // Lichtenbusch / Raeren (DE),21Z0000000000155,entry,kWh/h,,,0,2022-03-13T10:36:08+01:00,,Confirmed,,,,,True,,,True,PRISMA,,https://platform.prisma-capacity.eu/,,Cross-Border Transmission IP within EU,0,False
1Physical Flowhour2022-03-12 16:00:00 +00:002022-03-12 17:00:00 +00:00BE-TSO-0001ITP-00112entrykWh/h,1,Physical Flow,hour,2022-03-12T17:00:00+01:00,2022-03-12T18:00:00+01:00,BE-TSO-0001,21X-BE-A-A0A0A-Y,Fluxys Belgium,ITP-00112,Eynatten 1 (BE) // Lichtenbusch / Raeren (DE),21Z0000000000155,entry,kWh/h,,,0,2022-03-13T10:36:08+01:00,,Confirmed,,,,,True,,,True,PRISMA,,https://platform.prisma-capacity.eu/,,Cross-Border Transmission IP within EU,0,False
1Physical Flowhour2022-03-12 17:00:00 +00:002022-03-12 18:00:00 +00:00BE-TSO-0001ITP-00112entrykWh/h,1,Physical Flow,hour,2022-03-12T18:00:00+01:00,2022-03-12T19:00:00+01:00,BE-TSO-0001,21X-BE-A-A0A0A-Y,Fluxys Belgium,ITP-00112,Eynatten 1 (BE) // Lichtenbusch / Raeren (DE),21Z0000000000155,entry,kWh/h,,,0,2022-03-13T10:36:08+01:00,,Confirmed,,,,,True,,,True,PRISMA,,https://platform.prisma-capacity.eu/,,Cross-Border Transmission IP within EU,0,False
1Physical Flowhour2022-03-12 18:00:00 +00:002022-03-12 19:00:00 +00:00BE-TSO-0001ITP-00112entrykWh/h,1,Physical Flow,hour,2022-03-12T19:00:00+01:00,2022-03-12T20:00:00+01:00,BE-TSO-0001,21X-BE-A-A0A0A-Y,Fluxys Belgium,ITP-00112,Eynatten 1 (BE) // Lichtenbusch / Raeren (DE),21Z0000000000155,entry,kWh/h,,,0,2022-03-13T10:36:08+01:00,,Confirmed,,,,,True,,,True,PRISMA,,https://platform.prisma-capacity.eu/,,Cross-Border Transmission IP within EU,0,False
1Physical Flowhour2022-03-12 19:00:00 +00:002022-03-12 20:00:00 +00:00BE-TSO-0001ITP-00112entrykWh/h,1,Physical Flow,hour,2022-03-12T20:00:00+01:00,2022-03-12T21:00:00+01:00,BE-TSO-0001,21X-BE-A-A0A0A-Y,Fluxys Belgium,ITP-00112,Eynatten 1 (BE) // Lichtenbusch / Raeren (DE),21Z0000000000155,entry,kWh/h,,,0,2022-03-13T10:36:08+01:00,,Confirmed,,,,,True,,,True,PRISMA,,https://platform.prisma-capacity.eu/,,Cross-Border Transmission IP within EU,0,False
1Physical Flowhour2022-03-12 20:00:00 +00:002022-03-12 21:00:00 +00:00BE-TSO-0001ITP-00112entrykWh/h,1,Physical Flow,hour,2022-03-12T21:00:00+01:00,2022-03-12T22:00:00+01:00,BE-TSO-0001,21X-BE-A-A0A0A-Y,Fluxys Belgium,ITP-00112,Eynatten 1 (BE) // Lichtenbusch / Raeren (DE),21Z0000000000155,entry,kWh/h,,,0,2022-03-13T10:36:08+01:00,,Confirmed,,,,,True,,,True,PRISMA,,https://platform.prisma-capacity.eu/,,Cross-Border Transmission IP within EU,0,False
1Physical Flowhour2022-03-12 21:00:00 +00:002022-03-12 22:00:00 +00:00BE-TSO-0001ITP-00112entrykWh/h,1,Physical Flow,hour,2022-03-12T22:00:00+01:00,2022-03-12T23:00:00+01:00,BE-TSO-0001,21X-BE-A-A0A0A-Y,Fluxys Belgium,ITP-00112,Eynatten 1 (BE) // Lichtenbusch / Raeren (DE),21Z0000000000155,entry,kWh/h,,,0,2022-03-13T10:36:08+01:00,,Confirmed,,,,,True,,,True,PRISMA,,https://platform.prisma-capacity.eu/,,Cross-Border Transmission IP within EU,0,False
1Physical Flowhour2022-03-12 22:00:00 +00:002022-03-12 23:00:00 +00:00BE-TSO-0001ITP-00112entrykWh/h,1,Physical Flow,hour,2022-03-12T23:00:00+01:00,2022-03-13T00:00:00+01:00,BE-TSO-0001,21X-BE-A-A0A0A-Y,Fluxys Belgium,ITP-00112,Eynatten 1 (BE) // Lichtenbusch / Raeren (DE),21Z0000000000155,entry,kWh/h,,,0,2022-03-13T10:36:08+01:00,,Confirmed,,,,,True,,,True,PRISMA,,https://platform.prisma-capacity.eu/,,Cross-Border Transmission IP within EU,0,False
1Physical Flowhour2022-03-12 23:00:00 +00:002022-03-13 00:00:00 +00:00BE-TSO-0001ITP-00112entrykWh/h,1,Physical Flow,hour,2022-03-13T00:00:00+01:00,2022-03-13T01:00:00+01:00,BE-TSO-0001,21X-BE-A-A0A0A-Y,Fluxys Belgium,ITP-00112,Eynatten 1 (BE) // Lichtenbusch / Raeren (DE),21Z0000000000155,entry,kWh/h,,,0,2022-03-13T10:36:08+01:00,,Confirmed,,,,,True,,,True,PRISMA,,https://platform.prisma-capacity.eu/,,Cross-Border Transmission IP within EU,0,False
1Physical Flowhour2022-03-13 00:00:00 +00:002022-03-13 01:00:00 +00:00BE-TSO-0001ITP-00112entrykWh/h,1,Physical Flow,hour,2022-03-13T01:00:00+01:00,2022-03-13T02:00:00+01:00,BE-TSO-0001,21X-BE-A-A0A0A-Y,Fluxys Belgium,ITP-00112,Eynatten 1 (BE) // Lichtenbusch / Raeren (DE),21Z0000000000155,entry,kWh/h,,,0,2022-03-13T10:36:08+01:00,,Confirmed,,,,,True,,,True,PRISMA,,https://platform.prisma-capacity.eu/,,Cross-Border Transmission IP within EU,0,False
1Physical Flowhour2022-03-13 01:00:00 +00:002022-03-13 02:00:00 +00:00BE-TSO-0001ITP-00112entrykWh/h,1,Physical Flow,hour,2022-03-13T02:00:00+01:00,2022-03-13T03:00:00+01:00,BE-TSO-0001,21X-BE-A-A0A0A-Y,Fluxys Belgium,ITP-00112,Eynatten 1 (BE) // Lichtenbusch / Raeren (DE),21Z0000000000155,entry,kWh/h,,,0,2022-03-13T10:36:08+01:00,,Confirmed,,,,,True,,,True,PRISMA,,https://platform.prisma-capacity.eu/,,Cross-Border Transmission IP within EU,0,False
1Physical Flowhour2022-03-13 02:00:00 +00:002022-03-13 03:00:00 +00:00BE-TSO-0001ITP-00112entrykWh/h,1,Physical Flow,hour,2022-03-13T03:00:00+01:00,2022-03-13T04:00:00+01:00,BE-TSO-0001,21X-BE-A-A0A0A-Y,Fluxys Belgium,ITP-00112,Eynatten 1 (BE) // Lichtenbusch / Raeren (DE),21Z0000000000155,entry,kWh/h,,,0,2022-03-13T10:36:08+01:00,,Confirmed,,,,,True,,,True,PRISMA,,https://platform.prisma-capacity.eu/,,Cross-Border Transmission IP within EU,0,False
1Physical Flowhour2022-03-13 03:00:00 +00:002022-03-13 04:00:00 +00:00BE-TSO-0001ITP-00112entrykWh/h,1,Physical Flow,hour,2022-03-13T04:00:00+01:00,2022-03-13T05:00:00+01:00,BE-TSO-0001,21X-BE-A-A0A0A-Y,Fluxys Belgium,ITP-00112,Eynatten 1 (BE) // Lichtenbusch / Raeren (DE),21Z0000000000155,entry,kWh/h,,,0,2022-03-13T10:36:08+01:00,,Confirmed,,,,,True,,,True,PRISMA,,https://platform.prisma-capacity.eu/,,Cross-Border Transmission IP within EU,0,False
1Physical Flowhour2022-03-13 04:00:00 +00:002022-03-13 05:00:00 +00:00BE-TSO-0001ITP-00112entrykWh/h,1,Physical Flow,hour,2022-03-13T05:00:00+01:00,2022-03-13T06:00:00+01:00,BE-TSO-0001,21X-BE-A-A0A0A-Y,Fluxys Belgium,ITP-00112,Eynatten 1 (BE) // Lichtenbusch / Raeren (DE),21Z0000000000155,entry,kWh/h,,,0,2022-03-13T10:36:08+01:00,,Confirmed,,,,,True,,,True,PRISMA,,https://platform.prisma-capacity.eu/,,Cross-Border Transmission IP within EU,0,False
1Physical Flowhour2022-03-13 05:00:00 +00:002022-03-13 06:00:00 +00:00BE-TSO-0001ITP-00112entrykWh/h,1,Physical Flow,hour,2022-03-13T06:00:00+01:00,2022-03-13T07:00:00+01:00,BE-TSO-0001,21X-BE-A-A0A0A-Y,Fluxys Belgium,ITP-00112,Eynatten 1 (BE) // Lichtenbusch / Raeren (DE),21Z0000000000155,entry,kWh/h,,,0,2022-03-14T10:36:08+01:00,,Confirmed,,,,,True,,,True,PRISMA,,https://platform.prisma-capacity.eu/,,Cross-Border Transmission IP within EU,0,False
1Physical Flowhour2022-03-13 06:00:00 +00:002022-03-13 07:00:00 +00:00BE-TSO-0001ITP-00112entrykWh/h,1,Physical Flow,hour,2022-03-13T07:00:00+01:00,2022-03-13T08:00:00+01:00,BE-TSO-0001,21X-BE-A-A0A0A-Y,Fluxys Belgium,ITP-00112,Eynatten 1 (BE) // Lichtenbusch / Raeren (DE),21Z0000000000155,entry,kWh/h,,,0,2022-03-14T10:36:08+01:00,,Confirmed,,,,,True,,,True,PRISMA,,https://platform.prisma-capacity.eu/,,Cross-Border Transmission IP within EU,0,False
1Physical Flowhour2022-03-13 07:00:00 +00:002022-03-13 08:00:00 +00:00BE-TSO-0001ITP-00112entrykWh/h,1,Physical Flow,hour,2022-03-13T08:00:00+01:00,2022-03-13T09:00:00+01:00,BE-TSO-0001,21X-BE-A-A0A0A-Y,Fluxys Belgium,ITP-00112,Eynatten 1 (BE) // Lichtenbusch / Raeren (DE),21Z0000000000155,entry,kWh/h,,,0,2022-03-14T10:36:08+01:00,,Confirmed,,,,,True,,,True,PRISMA,,https://platform.prisma-capacity.eu/,,Cross-Border Transmission IP within EU,0,False
1Physical Flowhour2022-03-13 08:00:00 +00:002022-03-13 09:00:00 +00:00BE-TSO-0001ITP-00112entrykWh/h,1,Physical Flow,hour,2022-03-13T09:00:00+01:00,2022-03-13T10:00:00+01:00,BE-TSO-0001,21X-BE-A-A0A0A-Y,Fluxys Belgium,ITP-00112,Eynatten 1 (BE) // Lichtenbusch / Raeren (DE),21Z0000000000155,entry,kWh/h,,,0,2022-03-14T10:36:08+01:00,,Confirmed,,,,,True,,,True,PRISMA,,https://platform.prisma-capacity.eu/,,Cross-Border Transmission IP within EU,0,False
1Physical Flowhour2022-03-13 09:00:00 +00:002022-03-13 10:00:00 +00:00BE-TSO-0001ITP-00112entrykWh/h,1,Physical Flow,hour,2022-03-13T10:00:00+01:00,2022-03-13T11:00:00+01:00,BE-TSO-0001,21X-BE-A-A0A0A-Y,Fluxys Belgium,ITP-00112,Eynatten 1 (BE) // Lichtenbusch / Raeren (DE),21Z0000000000155,entry,kWh/h,,,0,2022-03-14T10:36:08+01:00,,Confirmed,,,,,True,,,True,PRISMA,,https://platform.prisma-capacity.eu/,,Cross-Border Transmission IP within EU,0,False
1Physical Flowhour2022-03-13 10:00:00 +00:002022-03-13 11:00:00 +00:00BE-TSO-0001ITP-00112entrykWh/h,1,Physical Flow,hour,2022-03-13T11:00:00+01:00,2022-03-13T12:00:00+01:00,BE-TSO-0001,21X-BE-A-A0A0A-Y,Fluxys Belgium,ITP-00112,Eynatten 1 (BE) // Lichtenbusch / Raeren (DE),21Z0000000000155,entry,kWh/h,,,0,2022-03-14T10:36:08+01:00,,Confirmed,,,,,True,,,True,PRISMA,,https://platform.prisma-capacity.eu/,,Cross-Border Transmission IP within EU,0,False
1Physical Flowhour2022-03-13 11:00:00 +00:002022-03-13 12:00:00 +00:00BE-TSO-0001ITP-00112entrykWh/h,1,Physical Flow,hour,2022-03-13T12:00:00+01:00,2022-03-13T13:00:00+01:00,BE-TSO-0001,21X-BE-A-A0A0A-Y,Fluxys Belgium,ITP-00112,Eynatten 1 (BE) // Lichtenbusch / Raeren (DE),21Z0000000000155,entry,kWh/h,,,0,2022-03-14T10:36:08+01:00,,Confirmed,,,,,True,,,True,PRISMA,,https://platform.prisma-capacity.eu/,,Cross-Border Transmission IP within EU,0,False
1Physical Flowhour2022-03-13 12:00:00 +00:002022-03-13 13:00:00 +00:00BE-TSO-0001ITP-00112entrykWh/h,1,Physical Flow,hour,2022-03-13T13:00:00+01:00,2022-03-13T14:00:00+01:00,BE-TSO-0001,21X-BE-A-A0A0A-Y,Fluxys Belgium,ITP-00112,Eynatten 1 (BE) // Lichtenbusch / Raeren (DE),21Z0000000000155,entry,kWh/h,,,0,2022-03-14T10:36:08+01:00,,Confirmed,,,,,True,,,True,PRISMA,,https://platform.prisma-capacity.eu/,,Cross-Border Transmission IP within EU,0,False
1Physical Flowhour2022-03-13 13:00:00 +00:002022-03-13 14:00:00 +00:00BE-TSO-0001ITP-00112entrykWh/h,1,Physical Flow,hour,2022-03-13T14:00:00+01:00,2022-03-13T15:00:00+01:00,BE-TSO-0001,21X-BE-A-A0A0A-Y,Fluxys Belgium,ITP-00112,Eynatten 1 (BE) // Lichtenbusch / Raeren (DE),21Z0000000000155,entry,kWh/h,,,0,2022-03-14T10:36:08+01:00,,Confirmed,,,,,True,,,True,PRISMA,,https://platform.prisma-capacity.eu/,,Cross-Border Transmission IP within EU,0,False
1Physical Flowhour2022-03-13 14:00:00 +00:002022-03-13 15:00:00 +00:00BE-TSO-0001ITP-00112entrykWh/h,1,Physical Flow,hour,2022-03-13T15:00:00+01:00,2022-03-13T16:00:00+01:00,BE-TSO-0001,21X-BE-A-A0A0A-Y,Fluxys Belgium,ITP-00112,Eynatten 1 (BE) // Lichtenbusch / Raeren (DE),21Z0000000000155,entry,kWh/h,,,0,2022-03-14T10:36:08+01:00,,Confirmed,,,,,True,,,True,PRISMA,,https://platform.prisma-capacity.eu/,,Cross-Border Transmission IP within EU,0,False
1Physical Flowhour2022-03-13 15:00:00 +00:002022-03-13 16:00:00 +00:00BE-TSO-0001ITP-00112entrykWh/h,1,Physical Flow,hour,2022-03-13T16:00:00+01:00,2022-03-13T17:00:00+01:00,BE-TSO-0001,21X-BE-A-A0A0A-Y,Fluxys Belgium,ITP-00112,Eynatten 1 (BE) // Lichtenbusch / Raeren (DE),21Z0000000000155,entry,kWh/h,,,0,2022-03-14T10:36:08+01:00,,Confirmed,,,,,True,,,True,PRISMA,,https://platform.prisma-capacity.eu/,,Cross-Border Transmission IP within EU,0,False
1Physical Flowhour2022-03-13 16:00:00 +00:002022-03-13 17:00:00 +00:00BE-TSO-0001ITP-00112entrykWh/h,1,Physical Flow,hour,2022-03-13T17:00:00+01:00,2022-03-13T18:00:00+01:00,BE-TSO-0001,21X-BE-A-A0A0A-Y,Fluxys Belgium,ITP-00112,Eynatten 1 (BE) // Lichtenbusch / Raeren (DE),21Z0000000000155,entry,kWh/h,,,0,2022-03-14T10:36:08+01:00,,Confirmed,,,,,True,,,True,PRISMA,,https://platform.prisma-capacity.eu/,,Cross-Border Transmission IP within EU,0,False
1Physical Flowhour2022-03-13 17:00:00 +00:002022-03-13 18:00:00 +00:00BE-TSO-0001ITP-00112entrykWh/h,1,Physical Flow,hour,2022-03-13T18:00:00+01:00,2022-03-13T19:00:00+01:00,BE-TSO-0001,21X-BE-A-A0A0A-Y,Fluxys Belgium,ITP-00112,Eynatten 1 (BE) // Lichtenbusch / Raeren (DE),21Z0000000000155,entry,kWh/h,,,0,2022-03-14T10:36:08+01:00,,Confirmed,,,,,True,,,True,PRISMA,,https://platform.prisma-capacity.eu/,,Cross-Border Transmission IP within EU,0,False
1Physical Flowhour2022-03-13 18:00:00 +00:002022-03-13 19:00:00 +00:00BE-TSO-0001ITP-00112entrykWh/h,1,Physical Flow,hour,2022-03-13T19:00:00+01:00,2022-03-13T20:00:00+01:00,BE-TSO-0001,21X-BE-A-A0A0A-Y,Fluxys Belgium,ITP-00112,Eynatten 1 (BE) // Lichtenbusch / Raeren (DE),21Z0000000000155,entry,kWh/h,,,0,2022-03-14T10:36:08+01:00,,Confirmed,,,,,True,,,True,PRISMA,,https://platform.prisma-capacity.eu/,,Cross-Border Transmission IP within EU,0,False
1Physical Flowhour2022-03-13 19:00:00 +00:002022-03-13 20:00:00 +00:00BE-TSO-0001ITP-00112entrykWh/h,1,Physical Flow,hour,2022-03-13T20:00:00+01:00,2022-03-13T21:00:00+01:00,BE-TSO-0001,21X-BE-A-A0A0A-Y,Fluxys Belgium,ITP-00112,Eynatten 1 (BE) // Lichtenbusch / Raeren (DE),21Z0000000000155,entry,kWh/h,,,0,2022-03-14T10:36:08+01:00,,Confirmed,,,,,True,,,True,PRISMA,,https://platform.prisma-capacity.eu/,,Cross-Border Transmission IP within EU,0,False
1Physical Flowhour2022-03-13 20:00:00 +00:002022-03-13 21:00:00 +00:00BE-TSO-0001ITP-00112entrykWh/h,1,Physical Flow,hour,2022-03-13T21:00:00+01:00,2022-03-13T22:00:00+01:00,BE-TSO-0001,21X-BE-A-A0A0A-Y,Fluxys Belgium,ITP-00112,Eynatten 1 (BE) // Lichtenbusch / Raeren (DE),21Z0000000000155,entry,kWh/h,,,0,2022-03-14T10:36:08+01:00,,Confirmed,,,,,True,,,True,PRISMA,,https://platform.prisma-capacity.eu/,,Cross-Border Transmission IP within EU,0,False
1Physical Flowhour2022-03-13 21:00:00 +00:002022-03-13 22:00:00 +00:00BE-TSO-0001ITP-00112entrykWh/h,1,Physical Flow,hour,2022-03-13T22:00:00+01:00,2022-03-13T23:00:00+01:00,BE-TSO-0001,21X-BE-A-A0A0A-Y,Fluxys Belgium,ITP-00112,Eynatten 1 (BE) // Lichtenbusch / Raeren (DE),21Z0000000000155,entry,kWh/h,,,0,2022-03-14T10:36:08+01:00,,Confirmed,,,,,True,,,True,PRISMA,,https://platform.prisma-capacity.eu/,,Cross-Border Transmission IP within EU,0,False
1Physical Flowhour2022-03-13 22:00:00 +00:002022-03-13 23:00:00 +00:00BE-TSO-0001ITP-00112entrykWh/h,1,Physical Flow,hour,2022-03-13T23:00:00+01:00,2022-03-14T00:00:00+01:00,BE-TSO-0001,21X-BE-A-A0A0A-Y,Fluxys Belgium,ITP-00112,Eynatten 1 (BE) // Lichtenbusch / Raeren (DE),21Z0000000000155,entry,kWh/h,,,0,2022-03-14T10:36:08+01:00,,Confirmed,,,,,True,,,True,PRISMA,,https://platform.prisma-capacity.eu/,,Cross-Border Transmission IP within EU,0,False
1Physical Flowhour2022-03-13 23:00:00 +00:002022-03-14 00:00:00 +00:00BE-TSO-0001ITP-00112entrykWh/h,1,Physical Flow,hour,2022-03-14T00:00:00+01:00,2022-03-14T01:00:00+01:00,BE-TSO-0001,21X-BE-A-A0A0A-Y,Fluxys Belgium,ITP-00112,Eynatten 1 (BE) // Lichtenbusch / Raeren (DE),21Z0000000000155,entry,kWh/h,,,0,2022-03-14T10:36:08+01:00,,Confirmed,,,,,True,,,True,PRISMA,,https://platform.prisma-capacity.eu/,,Cross-Border Transmission IP within EU,0,False
1Physical Flowhour2022-03-14 00:00:00 +00:002022-03-14 01:00:00 +00:00BE-TSO-0001ITP-00112entrykWh/h,1,Physical Flow,hour,2022-03-14T01:00:00+01:00,2022-03-14T02:00:00+01:00,BE-TSO-0001,21X-BE-A-A0A0A-Y,Fluxys Belgium,ITP-00112,Eynatten 1 (BE) // Lichtenbusch / Raeren (DE),21Z0000000000155,entry,kWh/h,,,0,2022-03-14T10:36:08+01:00,,Confirmed,,,,,True,,,True,PRISMA,,https://platform.prisma-capacity.eu/,,Cross-Border Transmission IP within EU,0,False
1Physical Flowhour2022-03-14 01:00:00 +00:002022-03-14 02:00:00 +00:00BE-TSO-0001ITP-00112entrykWh/h,1,Physical Flow,hour,2022-03-14T02:00:00+01:00,2022-03-14T03:00:00+01:00,BE-TSO-0001,21X-BE-A-A0A0A-Y,Fluxys Belgium,ITP-00112,Eynatten 1 (BE) // Lichtenbusch / Raeren (DE),21Z0000000000155,entry,kWh/h,,,0,2022-03-14T10:36:08+01:00,,Confirmed,,,,,True,,,True,PRISMA,,https://platform.prisma-capacity.eu/,,Cross-Border Transmission IP within EU,0,False
1Physical Flowhour2022-03-14 02:00:00 +00:002022-03-14 03:00:00 +00:00BE-TSO-0001ITP-00112entrykWh/h,1,Physical Flow,hour,2022-03-14T03:00:00+01:00,2022-03-14T04:00:00+01:00,BE-TSO-0001,21X-BE-A-A0A0A-Y,Fluxys Belgium,ITP-00112,Eynatten 1 (BE) // Lichtenbusch / Raeren (DE),21Z0000000000155,entry,kWh/h,,,0,2022-03-14T10:36:08+01:00,,Confirmed,,,,,True,,,True,PRISMA,,https://platform.prisma-capacity.eu/,,Cross-Border Transmission IP within EU,0,False
1Physical Flowhour2022-03-14 03:00:00 +00:002022-03-14 04:00:00 +00:00BE-TSO-0001ITP-00112entrykWh/h,1,Physical Flow,hour,2022-03-14T04:00:00+01:00,2022-03-14T05:00:00+01:00,BE-TSO-0001,21X-BE-A-A0A0A-Y,Fluxys Belgium,ITP-00112,Eynatten 1 (BE) // Lichtenbusch / Raeren (DE),21Z0000000000155,entry,kWh/h,,,0,2022-03-14T10:36:08+01:00,,Confirmed,,,,,True,,,True,PRISMA,,https://platform.prisma-capacity.eu/,,Cross-Border Transmission IP within EU,0,False
1Physical Flowhour2022-03-14 04:00:00 +00:002022-03-14 05:00:00 +00:00BE-TSO-0001ITP-00112entrykWh/h,1,Physical Flow,hour,2022-03-14T05:00:00+01:00,2022-03-14T06:00:00+01:00,BE-TSO-0001,21X-BE-A-A0A0A-Y,Fluxys Belgium,ITP-00112,Eynatten 1 (BE) // Lichtenbusch / Raeren (DE),21Z0000000000155,entry,kWh/h,,,0,2022-03-14T10:36:08+01:00,,Confirmed,,,,,True,,,True,PRISMA,,https://platform.prisma-capacity.eu/,,Cross-Border Transmission IP within EU,0,False
1Physical Flowhour2022-03-14 05:00:00 +00:002022-03-14 06:00:00 +00:00BE-TSO-0001ITP-00112entrykWh/h,1,Physical Flow,hour,2022-03-14T06:00:00+01:00,2022-03-14T07:00:00+01:00,BE-TSO-0001,21X-BE-A-A0A0A-Y,Fluxys Belgium,ITP-00112,Eynatten 1 (BE) // Lichtenbusch / Raeren (DE),21Z0000000000155,entry,kWh/h,,,0,2022-03-15T12:21:08+01:00,,Confirmed,,,,,True,,,True,PRISMA,,https://platform.prisma-capacity.eu/,,Cross-Border Transmission IP within EU,0,False
1Physical Flowhour2022-03-14 06:00:00 +00:002022-03-14 07:00:00 +00:00BE-TSO-0001ITP-00112entrykWh/h,1,Physical Flow,hour,2022-03-14T07:00:00+01:00,2022-03-14T08:00:00+01:00,BE-TSO-0001,21X-BE-A-A0A0A-Y,Fluxys Belgium,ITP-00112,Eynatten 1 (BE) // Lichtenbusch / Raeren (DE),21Z0000000000155,entry,kWh/h,,,0,2022-03-15T12:21:08+01:00,,Confirmed,,,,,True,,,True,PRISMA,,https://platform.prisma-capacity.eu/,,Cross-Border Transmission IP within EU,0,False
1Physical Flowhour2022-03-14 07:00:00 +00:002022-03-14 08:00:00 +00:00BE-TSO-0001ITP-00112entrykWh/h,1,Physical Flow,hour,2022-03-14T08:00:00+01:00,2022-03-14T09:00:00+01:00,BE-TSO-0001,21X-BE-A-A0A0A-Y,Fluxys Belgium,ITP-00112,Eynatten 1 (BE) // Lichtenbusch / Raeren (DE),21Z0000000000155,entry,kWh/h,,,0,2022-03-15T12:21:08+01:00,,Confirmed,,,,,True,,,True,PRISMA,,https://platform.prisma-capacity.eu/,,Cross-Border Transmission IP within EU,0,False
1Physical Flowhour2022-03-14 08:00:00 +00:002022-03-14 09:00:00 +00:00BE-TSO-0001ITP-00112entrykWh/h,1,Physical Flow,hour,2022-03-14T09:00:00+01:00,2022-03-14T10:00:00+01:00,BE-TSO-0001,21X-BE-A-A0A0A-Y,Fluxys Belgium,ITP-00112,Eynatten 1 (BE) // Lichtenbusch / Raeren (DE),21Z0000000000155,entry,kWh/h,,,0,2022-03-15T12:21:08+01:00,,Confirmed,,,,,True,,,True,PRISMA,,https://platform.prisma-capacity.eu/,,Cross-Border Transmission IP within EU,0,False
1Physical Flowhour2022-03-14 09:00:00 +00:002022-03-14 10:00:00 +00:00BE-TSO-0001ITP-00112entrykWh/h,1,Physical Flow,hour,2022-03-14T10:00:00+01:00,2022-03-14T11:00:00+01:00,BE-TSO-0001,21X-BE-A-A0A0A-Y,Fluxys Belgium,ITP-00112,Eynatten 1 (BE) // Lichtenbusch / Raeren (DE),21Z0000000000155,entry,kWh/h,,,0,2022-03-15T12:21:08+01:00,,Confirmed,,,,,True,,,True,PRISMA,,https://platform.prisma-capacity.eu/,,Cross-Border Transmission IP within EU,0,False
1Physical Flowhour2022-03-14 10:00:00 +00:002022-03-14 11:00:00 +00:00BE-TSO-0001ITP-00112entrykWh/h,1,Physical Flow,hour,2022-03-14T11:00:00+01:00,2022-03-14T12:00:00+01:00,BE-TSO-0001,21X-BE-A-A0A0A-Y,Fluxys Belgium,ITP-00112,Eynatten 1 (BE) // Lichtenbusch / Raeren (DE),21Z0000000000155,entry,kWh/h,,,0,2022-03-15T12:21:08+01:00,,Confirmed,,,,,True,,,True,PRISMA,,https://platform.prisma-capacity.eu/,,Cross-Border Transmission IP within EU,0,False
1Physical Flowhour2022-03-14 11:00:00 +00:002022-03-14 12:00:00 +00:00BE-TSO-0001ITP-00112entrykWh/h,1,Physical Flow,hour,2022-03-14T12:00:00+01:00,2022-03-14T13:00:00+01:00,BE-TSO-0001,21X-BE-A-A0A0A-Y,Fluxys Belgium,ITP-00112,Eynatten 1 (BE) // Lichtenbusch / Raeren (DE),21Z0000000000155,entry,kWh/h,,,0,2022-03-15T12:21:08+01:00,,Confirmed,,,,,True,,,True,PRISMA,,https://platform.prisma-capacity.eu/,,Cross-Border Transmission IP within EU,0,False
1Physical Flowhour2022-03-14 12:00:00 +00:002022-03-14 13:00:00 +00:00BE-TSO-0001ITP-00112entrykWh/h,1,Physical Flow,hour,2022-03-14T13:00:00+01:00,2022-03-14T14:00:00+01:00,BE-TSO-0001,21X-BE-A-A0A0A-Y,Fluxys Belgium,ITP-00112,Eynatten 1 (BE) // Lichtenbusch / Raeren (DE),21Z0000000000155,entry,kWh/h,,,0,2022-03-15T12:21:08+01:00,,Confirmed,,,,,True,,,True,PRISMA,,https://platform.prisma-capacity.eu/,,Cross-Border Transmission IP within EU,0,False
1Physical Flowhour2022-03-14 13:00:00 +00:002022-03-14 14:00:00 +00:00BE-TSO-0001ITP-00112entrykWh/h,1,Physical Flow,hour,2022-03-14T14:00:00+01:00,2022-03-14T15:00:00+01:00,BE-TSO-0001,21X-BE-A-A0A0A-Y,Fluxys Belgium,ITP-00112,Eynatten 1 (BE) // Lichtenbusch / Raeren (DE),21Z0000000000155,entry,kWh/h,,,0,2022-03-15T12:21:08+01:00,,Confirmed,,,,,True,,,True,PRISMA,,https://platform.prisma-capacity.eu/,,Cross-Border Transmission IP within EU,0,False
1Physical Flowhour2022-03-14 14:00:00 +00:002022-03-14 15:00:00 +00:00BE-TSO-0001ITP-00112entrykWh/h,1,Physical Flow,hour,2022-03-14T15:00:00+01:00,2022-03-14T16:00:00+01:00,BE-TSO-0001,21X-BE-A-A0A0A-Y,Fluxys Belgium,ITP-00112,Eynatten 1 (BE) // Lichtenbusch / Raeren (DE),21Z0000000000155,entry,kWh/h,,,0,2022-03-15T12:21:08+01:00,,Confirmed,,,,,True,,,True,PRISMA,,https://platform.prisma-capacity.eu/,,Cross-Border Transmission IP within EU,0,False
1Physical Flowhour2022-03-14 15:00:00 +00:002022-03-14 16:00:00 +00:00BE-TSO-0001ITP-00112entrykWh/h,1,Physical Flow,hour,2022-03-14T16:00:00+01:00,2022-03-14T17:00:00+01:00,BE-TSO-0001,21X-BE-A-A0A0A-Y,Fluxys Belgium,ITP-00112,Eynatten 1 (BE) // Lichtenbusch / Raeren (DE),21Z0000000000155,entry,kWh/h,,,0,2022-03-15T12:21:08+01:00,,Confirmed,,,,,True,,,True,PRISMA,,https://platform.prisma-capacity.eu/,,Cross-Border Transmission IP within EU,0,False
1Physical Flowhour2022-03-14 16:00:00 +00:002022-03-14 17:00:00 +00:00BE-TSO-0001ITP-00112entrykWh/h,1,Physical Flow,hour,2022-03-14T17:00:00+01:00,2022-03-14T18:00:00+01:00,BE-TSO-0001,21X-BE-A-A0A0A-Y,Fluxys Belgium,ITP-00112,Eynatten 1 (BE) // Lichtenbusch / Raeren (DE),21Z0000000000155,entry,kWh/h,,,0,2022-03-15T12:21:08+01:00,,Confirmed,,,,,True,,,True,PRISMA,,https://platform.prisma-capacity.eu/,,Cross-Border Transmission IP within EU,0,False
1Physical Flowhour2022-03-14 17:00:00 +00:002022-03-14 18:00:00 +00:00BE-TSO-0001ITP-00112entrykWh/h,1,Physical Flow,hour,2022-03-14T18:00:00+01:00,2022-03-14T19:00:00+01:00,BE-TSO-0001,21X-BE-A-A0A0A-Y,Fluxys Belgium,ITP-00112,Eynatten 1 (BE) // Lichtenbusch / Raeren (DE),21Z0000000000155,entry,kWh/h,,,0,2022-03-15T12:21:08+01:00,,Confirmed,,,,,True,,,True,PRISMA,,https://platform.prisma-capacity.eu/,,Cross-Border Transmission IP within EU,0,False
1Physical Flowhour2022-03-14 18:00:00 +00:002022-03-14 19:00:00 +00:00BE-TSO-0001ITP-00112entrykWh/h,1,Physical Flow,hour,2022-03-14T19:00:00+01:00,2022-03-14T20:00:00+01:00,BE-TSO-0001,21X-BE-A-A0A0A-Y,Fluxys Belgium,ITP-00112,Eynatten 1 (BE) // Lichtenbusch / Raeren (DE),21Z0000000000155,entry,kWh/h,,,0,2022-03-15T12:21:08+01:00,,Confirmed,,,,,True,,,True,PRISMA,,https://platform.prisma-capacity.eu/,,Cross-Border Transmission IP within EU,0,False
1Physical Flowhour2022-03-14 19:00:00 +00:002022-03-14 20:00:00 +00:00BE-TSO-0001ITP-00112entrykWh/h,1,Physical Flow,hour,2022-03-14T20:00:00+01:00,2022-03-14T21:00:00+01:00,BE-TSO-0001,21X-BE-A-A0A0A-Y,Fluxys Belgium,ITP-00112,Eynatten 1 (BE) // Lichtenbusch / Raeren (DE),21Z0000000000155,entry,kWh/h,,,0,2022-03-15T12:21:08+01:00,,Confirmed,,,,,True,,,True,PRISMA,,https://platform.prisma-capacity.eu/,,Cross-Border Transmission IP within EU,0,False
1Physical Flowhour2022-03-14 20:00:00 +00:002022-03-14 21:00:00 +00:00BE-TSO-0001ITP-00112entrykWh/h,1,Physical Flow,hour,2022-03-14T21:00:00+01:00,2022-03-14T22:00:00+01:00,BE-TSO-0001,21X-BE-A-A0A0A-Y,Fluxys Belgium,ITP-00112,Eynatten 1 (BE) // Lichtenbusch / Raeren (DE),21Z0000000000155,entry,kWh/h,,,0,2022-03-15T12:21:08+01:00,,Confirmed,,,,,True,,,True,PRISMA,,https://platform.prisma-capacity.eu/,,Cross-Border Transmission IP within EU,0,False
1Physical Flowhour2022-03-14 21:00:00 +00:002022-03-14 22:00:00 +00:00BE-TSO-0001ITP-00112entrykWh/h,1,Physical Flow,hour,2022-03-14T22:00:00+01:00,2022-03-14T23:00:00+01:00,BE-TSO-0001,21X-BE-A-A0A0A-Y,Fluxys Belgium,ITP-00112,Eynatten 1 (BE) // Lichtenbusch / Raeren (DE),21Z0000000000155,entry,kWh/h,,,0,2022-03-15T12:21:08+01:00,,Confirmed,,,,,True,,,True,PRISMA,,https://platform.prisma-capacity.eu/,,Cross-Border Transmission IP within EU,0,False
1Physical Flowhour2022-03-14 22:00:00 +00:002022-03-14 23:00:00 +00:00BE-TSO-0001ITP-00112entrykWh/h,1,Physical Flow,hour,2022-03-14T23:00:00+01:00,2022-03-15T00:00:00+01:00,BE-TSO-0001,21X-BE-A-A0A0A-Y,Fluxys Belgium,ITP-00112,Eynatten 1 (BE) // Lichtenbusch / Raeren (DE),21Z0000000000155,entry,kWh/h,,,0,2022-03-15T12:21:08+01:00,,Confirmed,,,,,True,,,True,PRISMA,,https://platform.prisma-capacity.eu/,,Cross-Border Transmission IP within EU,0,False
1Physical Flowhour2022-03-14 23:00:00 +00:002022-03-15 00:00:00 +00:00BE-TSO-0001ITP-00112entrykWh/h,1,Physical Flow,hour,2022-03-15T00:00:00+01:00,2022-03-15T01:00:00+01:00,BE-TSO-0001,21X-BE-A-A0A0A-Y,Fluxys Belgium,ITP-00112,Eynatten 1 (BE) // Lichtenbusch / Raeren (DE),21Z0000000000155,entry,kWh/h,,,0,2022-03-15T12:21:08+01:00,,Confirmed,,,,,True,,,True,PRISMA,,https://platform.prisma-capacity.eu/,,Cross-Border Transmission IP within EU,0,False
1Physical Flowhour2022-03-15 00:00:00 +00:002022-03-15 01:00:00 +00:00BE-TSO-0001ITP-00112entrykWh/h,1,Physical Flow,hour,2022-03-15T01:00:00+01:00,2022-03-15T02:00:00+01:00,BE-TSO-0001,21X-BE-A-A0A0A-Y,Fluxys Belgium,ITP-00112,Eynatten 1 (BE) // Lichtenbusch / Raeren (DE),21Z0000000000155,entry,kWh/h,,,0,2022-03-15T12:21:08+01:00,,Confirmed,,,,,True,,,True,PRISMA,,https://platform.prisma-capacity.eu/,,Cross-Border Transmission IP within EU,0,False
1Physical Flowhour2022-03-15 01:00:00 +00:002022-03-15 02:00:00 +00:00BE-TSO-0001ITP-00112entrykWh/h,1,Physical Flow,hour,2022-03-15T02:00:00+01:00,2022-03-15T03:00:00+01:00,BE-TSO-0001,21X-BE-A-A0A0A-Y,Fluxys Belgium,ITP-00112,Eynatten 1 (BE) // Lichtenbusch / Raeren (DE),21Z0000000000155,entry,kWh/h,,,0,2022-03-15T12:21:08+01:00,,Confirmed,,,,,True,,,True,PRISMA,,https://platform.prisma-capacity.eu/,,Cross-Border Transmission IP within EU,0,False
1Physical Flowhour2022-03-15 02:00:00 +00:002022-03-15 03:00:00 +00:00BE-TSO-0001ITP-00112entrykWh/h,1,Physical Flow,hour,2022-03-15T03:00:00+01:00,2022-03-15T04:00:00+01:00,BE-TSO-0001,21X-BE-A-A0A0A-Y,Fluxys Belgium,ITP-00112,Eynatten 1 (BE) // Lichtenbusch / Raeren (DE),21Z0000000000155,entry,kWh/h,,,0,2022-03-15T12:21:08+01:00,,Confirmed,,,,,True,,,True,PRISMA,,https://platform.prisma-capacity.eu/,,Cross-Border Transmission IP within EU,0,False
1Physical Flowhour2022-03-15 03:00:00 +00:002022-03-15 04:00:00 +00:00BE-TSO-0001ITP-00112entrykWh/h,1,Physical Flow,hour,2022-03-15T04:00:00+01:00,2022-03-15T05:00:00+01:00,BE-TSO-0001,21X-BE-A-A0A0A-Y,Fluxys Belgium,ITP-00112,Eynatten 1 (BE) // Lichtenbusch / Raeren (DE),21Z0000000000155,entry,kWh/h,,,0,2022-03-15T12:21:08+01:00,,Confirmed,,,,,True,,,True,PRISMA,,https://platform.prisma-capacity.eu/,,Cross-Border Transmission IP within EU,0,False
1Physical Flowhour2022-03-15 04:00:00 +00:002022-03-15 05:00:00 +00:00BE-TSO-0001ITP-00112entrykWh/h,1,Physical Flow,hour,2022-03-15T05:00:00+01:00,2022-03-15T06:00:00+01:00,BE-TSO-0001,21X-BE-A-A0A0A-Y,Fluxys Belgium,ITP-00112,Eynatten 1 (BE) // Lichtenbusch / Raeren (DE),21Z0000000000155,entry,kWh/h,,,0,2022-03-15T12:21:08+01:00,,Confirmed,,,,,True,,,True,PRISMA,,https://platform.prisma-capacity.eu/,,Cross-Border Transmission IP within EU,0,False
1Physical Flowhour2022-03-15 05:00:00 +00:002022-03-15 06:00:00 +00:00BE-TSO-0001ITP-00112entrykWh/h,1,Physical Flow,hour,2022-03-15T06:00:00+01:00,2022-03-15T07:00:00+01:00,BE-TSO-0001,21X-BE-A-A0A0A-Y,Fluxys Belgium,ITP-00112,Eynatten 1 (BE) // Lichtenbusch / Raeren (DE),21Z0000000000155,entry,kWh/h,,,0,2022-03-16T11:03:08+01:00,,Provisional,,,,,True,,,True,PRISMA,,https://platform.prisma-capacity.eu/,,Cross-Border Transmission IP within EU,0,False
1Physical Flowhour2022-03-15 06:00:00 +00:002022-03-15 07:00:00 +00:00BE-TSO-0001ITP-00112entrykWh/h,1,Physical Flow,hour,2022-03-15T07:00:00+01:00,2022-03-15T08:00:00+01:00,BE-TSO-0001,21X-BE-A-A0A0A-Y,Fluxys Belgium,ITP-00112,Eynatten 1 (BE) // Lichtenbusch / Raeren (DE),21Z0000000000155,entry,kWh/h,,,0,2022-03-16T11:03:08+01:00,,Provisional,,,,,True,,,True,PRISMA,,https://platform.prisma-capacity.eu/,,Cross-Border Transmission IP within EU,0,False
1Physical Flowhour2022-03-15 07:00:00 +00:002022-03-15 08:00:00 +00:00BE-TSO-0001ITP-00112entrykWh/h,1,Physical Flow,hour,2022-03-15T08:00:00+01:00,2022-03-15T09:00:00+01:00,BE-TSO-0001,21X-BE-A-A0A0A-Y,Fluxys Belgium,ITP-00112,Eynatten 1 (BE) // Lichtenbusch / Raeren (DE),21Z0000000000155,entry,kWh/h,,,0,2022-03-16T11:03:08+01:00,,Provisional,,,,,True,,,True,PRISMA,,https://platform.prisma-capacity.eu/,,Cross-Border Transmission IP within EU,0,False
1Physical Flowhour2022-03-15 08:00:00 +00:002022-03-15 09:00:00 +00:00BE-TSO-0001ITP-00112entrykWh/h,1,Physical Flow,hour,2022-03-15T09:00:00+01:00,2022-03-15T10:00:00+01:00,BE-TSO-0001,21X-BE-A-A0A0A-Y,Fluxys Belgium,ITP-00112,Eynatten 1 (BE) // Lichtenbusch / Raeren (DE),21Z0000000000155,entry,kWh/h,,,0,2022-03-16T11:03:08+01:00,,Provisional,,,,,True,,,True,PRISMA,,https://platform.prisma-capacity.eu/,,Cross-Border Transmission IP within EU,0,False
1Physical Flowhour2022-03-15 09:00:00 +00:002022-03-15 10:00:00 +00:00BE-TSO-0001ITP-00112entrykWh/h,1,Physical Flow,hour,2022-03-15T10:00:00+01:00,2022-03-15T11:00:00+01:00,BE-TSO-0001,21X-BE-A-A0A0A-Y,Fluxys Belgium,ITP-00112,Eynatten 1 (BE) // Lichtenbusch / Raeren (DE),21Z0000000000155,entry,kWh/h,,,0,2022-03-16T11:03:08+01:00,,Provisional,,,,,True,,,True,PRISMA,,https://platform.prisma-capacity.eu/,,Cross-Border Transmission IP within EU,0,False
1Physical Flowhour2022-03-15 10:00:00 +00:002022-03-15 11:00:00 +00:00BE-TSO-0001ITP-00112entrykWh/h,1,Physical Flow,hour,2022-03-15T11:00:00+01:00,2022-03-15T12:00:00+01:00,BE-TSO-0001,21X-BE-A-A0A0A-Y,Fluxys Belgium,ITP-00112,Eynatten 1 (BE) // Lichtenbusch / Raeren (DE),21Z0000000000155,entry,kWh/h,,,0,2022-03-16T11:03:08+01:00,,Provisional,,,,,True,,,True,PRISMA,,https://platform.prisma-capacity.eu/,,Cross-Border Transmission IP within EU,0,False
1Physical Flowhour2022-03-15 11:00:00 +00:002022-03-15 12:00:00 +00:00BE-TSO-0001ITP-00112entrykWh/h,1,Physical Flow,hour,2022-03-15T12:00:00+01:00,2022-03-15T13:00:00+01:00,BE-TSO-0001,21X-BE-A-A0A0A-Y,Fluxys Belgium,ITP-00112,Eynatten 1 (BE) // Lichtenbusch / Raeren (DE),21Z0000000000155,entry,kWh/h,,,0,2022-03-16T11:03:08+01:00,,Provisional,,,,,True,,,True,PRISMA,,https://platform.prisma-capacity.eu/,,Cross-Border Transmission IP within EU,0,False
1Physical Flowhour2022-03-15 12:00:00 +00:002022-03-15 13:00:00 +00:00BE-TSO-0001ITP-00112entrykWh/h,1,Physical Flow,hour,2022-03-15T13:00:00+01:00,2022-03-15T14:00:00+01:00,BE-TSO-0001,21X-BE-A-A0A0A-Y,Fluxys Belgium,ITP-00112,Eynatten 1 (BE) // Lichtenbusch / Raeren (DE),21Z0000000000155,entry,kWh/h,,,0,2022-03-16T11:03:08+01:00,,Provisional,,,,,True,,,True,PRISMA,,https://platform.prisma-capacity.eu/,,Cross-Border Transmission IP within EU,0,False
1Physical Flowhour2022-03-15 13:00:00 +00:002022-03-15 14:00:00 +00:00BE-TSO-0001ITP-00112entrykWh/h,1,Physical Flow,hour,2022-03-15T14:00:00+01:00,2022-03-15T15:00:00+01:00,BE-TSO-0001,21X-BE-A-A0A0A-Y,Fluxys Belgium,ITP-00112,Eynatten 1 (BE) // Lichtenbusch / Raeren (DE),21Z0000000000155,entry,kWh/h,,,0,2022-03-16T11:03:08+01:00,,Provisional,,,,,True,,,True,PRISMA,,https://platform.prisma-capacity.eu/,,Cross-Border Transmission IP within EU,0,False
1Physical Flowhour2022-03-15 14:00:00 +00:002022-03-15 15:00:00 +00:00BE-TSO-0001ITP-00112entrykWh/h,1,Physical Flow,hour,2022-03-15T15:00:00+01:00,2022-03-15T16:00:00+01:00,BE-TSO-0001,21X-BE-A-A0A0A-Y,Fluxys Belgium,ITP-00112,Eynatten 1 (BE) // Lichtenbusch / Raeren (DE),21Z0000000000155,entry,kWh/h,,,0,2022-03-16T11:03:08+01:00,,Provisional,,,,,True,,,True,PRISMA,,https://platform.prisma-capacity.eu/,,Cross-Border Transmission IP within EU,0,False
1Physical Flowhour2022-03-15 15:00:00 +00:002022-03-15 16:00:00 +00:00BE-TSO-0001ITP-00112entrykWh/h,1,Physical Flow,hour,2022-03-15T16:00:00+01:00,2022-03-15T17:00:00+01:00,BE-TSO-0001,21X-BE-A-A0A0A-Y,Fluxys Belgium,ITP-00112,Eynatten 1 (BE) // Lichtenbusch / Raeren (DE),21Z0000000000155,entry,kWh/h,,,0,2022-03-16T11:03:08+01:00,,Provisional,,,,,True,,,True,PRISMA,,https://platform.prisma-capacity.eu/,,Cross-Border Transmission IP within EU,0,False
1Physical Flowhour2022-03-15 16:00:00 +00:002022-03-15 17:00:00 +00:00BE-TSO-0001ITP-00112entrykWh/h,1,Physical Flow,hour,2022-03-15T17:00:00+01:00,2022-03-15T18:00:00+01:00,BE-TSO-0001,21X-BE-A-A0A0A-Y,Fluxys Belgium,ITP-00112,Eynatten 1 (BE) // Lichtenbusch / Raeren (DE),21Z0000000000155,entry,kWh/h,,,0,2022-03-16T11:03:08+01:00,,Provisional,,,,,True,,,True,PRISMA,,https://platform.prisma-capacity.eu/,,Cross-Border Transmission IP within EU,0,False
1Physical Flowhour2022-03-15 17:00:00 +00:002022-03-15 18:00:00 +00:00BE-TSO-0001ITP-00112entrykWh/h,1,Physical Flow,hour,2022-03-15T18:00:00+01:00,2022-03-15T19:00:00+01:00,BE-TSO-0001,21X-BE-A-A0A0A-Y,Fluxys Belgium,ITP-00112,Eynatten 1 (BE) // Lichtenbusch / Raeren (DE),21Z0000000000155,entry,kWh/h,,,0,2022-03-16T11:03:08+01:00,,Provisional,,,,,True,,,True,PRISMA,,https://platform.prisma-capacity.eu/,,Cross-Border Transmission IP within EU,0,False
1Physical Flowhour2022-03-15 18:00:00 +00:002022-03-15 19:00:00 +00:00BE-TSO-0001ITP-00112entrykWh/h,1,Physical Flow,hour,2022-03-15T19:00:00+01:00,2022-03-15T20:00:00+01:00,BE-TSO-0001,21X-BE-A-A0A0A-Y,Fluxys Belgium,ITP-00112,Eynatten 1 (BE) // Lichtenbusch / Raeren (DE),21Z0000000000155,entry,kWh/h,,,0,2022-03-16T11:03:08+01:00,,Provisional,,,,,True,,,True,PRISMA,,https://platform.prisma-capacity.eu/,,Cross-Border Transmission IP within EU,0,False
1Physical Flowhour2022-03-15 19:00:00 +00:002022-03-15 20:00:00 +00:00BE-TSO-0001ITP-00112entrykWh/h,1,Physical Flow,hour,2022-03-15T20:00:00+01:00,2022-03-15T21:00:00+01:00,BE-TSO-0001,21X-BE-A-A0A0A-Y,Fluxys Belgium,ITP-00112,Eynatten 1 (BE) // Lichtenbusch / Raeren (DE),21Z0000000000155,entry,kWh/h,,,0,2022-03-16T11:03:08+01:00,,Provisional,,,,,True,,,True,PRISMA,,https://platform.prisma-capacity.eu/,,Cross-Border Transmission IP within EU,0,False
1Physical Flowhour2022-03-15 20:00:00 +00:002022-03-15 21:00:00 +00:00BE-TSO-0001ITP-00112entrykWh/h,1,Physical Flow,hour,2022-03-15T21:00:00+01:00,2022-03-15T22:00:00+01:00,BE-TSO-0001,21X-BE-A-A0A0A-Y,Fluxys Belgium,ITP-00112,Eynatten 1 (BE) // Lichtenbusch / Raeren (DE),21Z0000000000155,entry,kWh/h,,,0,2022-03-16T11:03:08+01:00,,Provisional,,,,,True,,,True,PRISMA,,https://platform.prisma-capacity.eu/,,Cross-Border Transmission IP within EU,0,False
1Physical Flowhour2022-03-15 21:00:00 +00:002022-03-15 22:00:00 +00:00BE-TSO-0001ITP-00112entrykWh/h,1,Physical Flow,hour,2022-03-15T22:00:00+01:00,2022-03-15T23:00:00+01:00,BE-TSO-0001,21X-BE-A-A0A0A-Y,Fluxys Belgium,ITP-00112,Eynatten 1 (BE) // Lichtenbusch / Raeren (DE),21Z0000000000155,entry,kWh/h,,,0,2022-03-16T11:03:08+01:00,,Provisional,,,,,True,,,True,PRISMA,,https://platform.prisma-capacity.eu/,,Cross-Border Transmission IP within EU,0,False
1Physical Flowhour2022-03-15 22:00:00 +00:002022-03-15 23:00:00 +00:00BE-TSO-0001ITP-00112entrykWh/h,1,Physical Flow,hour,2022-03-15T23:00:00+01:00,2022-03-16T00:00:00+01:00,BE-TSO-0001,21X-BE-A-A0A0A-Y,Fluxys Belgium,ITP-00112,Eynatten 1 (BE) // Lichtenbusch / Raeren (DE),21Z0000000000155,entry,kWh/h,,,0,2022-03-16T11:03:08+01:00,,Provisional,,,,,True,,,True,PRISMA,,https://platform.prisma-capacity.eu/,,Cross-Border Transmission IP within EU,0,False
1Physical Flowhour2022-03-15 23:00:00 +00:002022-03-16 00:00:00 +00:00BE-TSO-0001ITP-00112entrykWh/h,1,Physical Flow,hour,2022-03-16T00:00:00+01:00,2022-03-16T01:00:00+01:00,BE-TSO-0001,21X-BE-A-A0A0A-Y,Fluxys Belgium,ITP-00112,Eynatten 1 (BE) // Lichtenbusch / Raeren (DE),21Z0000000000155,entry,kWh/h,,,0,2022-03-16T11:03:08+01:00,,Provisional,,,,,True,,,True,PRISMA,,https://platform.prisma-capacity.eu/,,Cross-Border Transmission IP within EU,0,False
1Physical Flowhour2022-03-16 00:00:00 +00:002022-03-16 01:00:00 +00:00BE-TSO-0001ITP-00112entrykWh/h,1,Physical Flow,hour,2022-03-16T01:00:00+01:00,2022-03-16T02:00:00+01:00,BE-TSO-0001,21X-BE-A-A0A0A-Y,Fluxys Belgium,ITP-00112,Eynatten 1 (BE) // Lichtenbusch / Raeren (DE),21Z0000000000155,entry,kWh/h,,,0,2022-03-16T11:03:08+01:00,,Provisional,,,,,True,,,True,PRISMA,,https://platform.prisma-capacity.eu/,,Cross-Border Transmission IP within EU,0,False
1Physical Flowhour2022-03-16 01:00:00 +00:002022-03-16 02:00:00 +00:00BE-TSO-0001ITP-00112entrykWh/h,1,Physical Flow,hour,2022-03-16T02:00:00+01:00,2022-03-16T03:00:00+01:00,BE-TSO-0001,21X-BE-A-A0A0A-Y,Fluxys Belgium,ITP-00112,Eynatten 1 (BE) // Lichtenbusch / Raeren (DE),21Z0000000000155,entry,kWh/h,,,0,2022-03-16T11:03:08+01:00,,Provisional,,,,,True,,,True,PRISMA,,https://platform.prisma-capacity.eu/,,Cross-Border Transmission IP within EU,0,False
1Physical Flowhour2022-03-16 02:00:00 +00:002022-03-16 03:00:00 +00:00BE-TSO-0001ITP-00112entrykWh/h,1,Physical Flow,hour,2022-03-16T03:00:00+01:00,2022-03-16T04:00:00+01:00,BE-TSO-0001,21X-BE-A-A0A0A-Y,Fluxys Belgium,ITP-00112,Eynatten 1 (BE) // Lichtenbusch / Raeren (DE),21Z0000000000155,entry,kWh/h,,,0,2022-03-16T11:03:08+01:00,,Provisional,,,,,True,,,True,PRISMA,,https://platform.prisma-capacity.eu/,,Cross-Border Transmission IP within EU,0,False
1Physical Flowhour2022-03-16 03:00:00 +00:002022-03-16 04:00:00 +00:00BE-TSO-0001ITP-00112entrykWh/h,1,Physical Flow,hour,2022-03-16T04:00:00+01:00,2022-03-16T05:00:00+01:00,BE-TSO-0001,21X-BE-A-A0A0A-Y,Fluxys Belgium,ITP-00112,Eynatten 1 (BE) // Lichtenbusch / Raeren (DE),21Z0000000000155,entry,kWh/h,,,0,2022-03-16T11:03:08+01:00,,Provisional,,,,,True,,,True,PRISMA,,https://platform.prisma-capacity.eu/,,Cross-Border Transmission IP within EU,0,False
1Physical Flowhour2022-03-16 04:00:00 +00:002022-03-16 05:00:00 +00:00BE-TSO-0001ITP-00112entrykWh/h,1,Physical Flow,hour,2022-03-16T05:00:00+01:00,2022-03-16T06:00:00+01:00,BE-TSO-0001,21X-BE-A-A0A0A-Y,Fluxys Belgium,ITP-00112,Eynatten 1 (BE) // Lichtenbusch / Raeren (DE),21Z0000000000155,entry,kWh/h,,,0,2022-03-16T11:03:08+01:00,,Provisional,,,,,True,,,True,PRISMA,,https://platform.prisma-capacity.eu/,,Cross-Border Transmission IP within EU,0,False
1Physical Flowhour2022-03-16 05:00:00 +00:002022-03-16 06:00:00 +00:00BE-TSO-0001ITP-00112entrykWh/h,1,Physical Flow,hour,2022-03-16T06:00:00+01:00,2022-03-16T07:00:00+01:00,BE-TSO-0001,21X-BE-A-A0A0A-Y,Fluxys Belgium,ITP-00112,Eynatten 1 (BE) // Lichtenbusch / Raeren (DE),21Z0000000000155,entry,kWh/h,,,0,2022-03-17T10:36:08+01:00,,Confirmed,,,,,True,,,True,PRISMA,,https://platform.prisma-capacity.eu/,,Cross-Border Transmission IP within EU,0,False
1Physical Flowhour2022-03-16 06:00:00 +00:002022-03-16 07:00:00 +00:00BE-TSO-0001ITP-00112entrykWh/h,1,Physical Flow,hour,2022-03-16T07:00:00+01:00,2022-03-16T08:00:00+01:00,BE-TSO-0001,21X-BE-A-A0A0A-Y,Fluxys Belgium,ITP-00112,Eynatten 1 (BE) // Lichtenbusch / Raeren (DE),21Z0000000000155,entry,kWh/h,,,0,2022-03-17T10:36:08+01:00,,Confirmed,,,,,True,,,True,PRISMA,,https://platform.prisma-capacity.eu/,,Cross-Border Transmission IP within EU,0,False
1Physical Flowhour2022-03-16 07:00:00 +00:002022-03-16 08:00:00 +00:00BE-TSO-0001ITP-00112entrykWh/h,1,Physical Flow,hour,2022-03-16T08:00:00+01:00,2022-03-16T09:00:00+01:00,BE-TSO-0001,21X-BE-A-A0A0A-Y,Fluxys Belgium,ITP-00112,Eynatten 1 (BE) // Lichtenbusch / Raeren (DE),21Z0000000000155,entry,kWh/h,,,0,2022-03-17T10:36:08+01:00,,Confirmed,,,,,True,,,True,PRISMA,,https://platform.prisma-capacity.eu/,,Cross-Border Transmission IP within EU,0,False
1Physical Flowhour2022-03-16 08:00:00 +00:002022-03-16 09:00:00 +00:00BE-TSO-0001ITP-00112entrykWh/h,1,Physical Flow,hour,2022-03-16T09:00:00+01:00,2022-03-16T10:00:00+01:00,BE-TSO-0001,21X-BE-A-A0A0A-Y,Fluxys Belgium,ITP-00112,Eynatten 1 (BE) // Lichtenbusch / Raeren (DE),21Z0000000000155,entry,kWh/h,,,0,2022-03-17T10:36:08+01:00,,Confirmed,,,,,True,,,True,PRISMA,,https://platform.prisma-capacity.eu/,,Cross-Border Transmission IP within EU,0,False
1Physical Flowhour2022-03-16 09:00:00 +00:002022-03-16 10:00:00 +00:00BE-TSO-0001ITP-00112entrykWh/h,1,Physical Flow,hour,2022-03-16T10:00:00+01:00,2022-03-16T11:00:00+01:00,BE-TSO-0001,21X-BE-A-A0A0A-Y,Fluxys Belgium,ITP-00112,Eynatten 1 (BE) // Lichtenbusch / Raeren (DE),21Z0000000000155,entry,kWh/h,,,0,2022-03-17T10:36:08+01:00,,Confirmed,,,,,True,,,True,PRISMA,,https://platform.prisma-capacity.eu/,,Cross-Border Transmission IP within EU,0,False
1Physical Flowhour2022-03-16 10:00:00 +00:002022-03-16 11:00:00 +00:00BE-TSO-0001ITP-00112entrykWh/h,1,Physical Flow,hour,2022-03-16T11:00:00+01:00,2022-03-16T12:00:00+01:00,BE-TSO-0001,21X-BE-A-A0A0A-Y,Fluxys Belgium,ITP-00112,Eynatten 1 (BE) // Lichtenbusch / Raeren (DE),21Z0000000000155,entry,kWh/h,,,0,2022-03-17T10:36:08+01:00,,Confirmed,,,,,True,,,True,PRISMA,,https://platform.prisma-capacity.eu/,,Cross-Border Transmission IP within EU,0,False
1Physical Flowhour2022-03-16 11:00:00 +00:002022-03-16 12:00:00 +00:00BE-TSO-0001ITP-00112entrykWh/h,1,Physical Flow,hour,2022-03-16T12:00:00+01:00,2022-03-16T13:00:00+01:00,BE-TSO-0001,21X-BE-A-A0A0A-Y,Fluxys Belgium,ITP-00112,Eynatten 1 (BE) // Lichtenbusch / Raeren (DE),21Z0000000000155,entry,kWh/h,,,0,2022-03-17T10:36:08+01:00,,Confirmed,,,,,True,,,True,PRISMA,,https://platform.prisma-capacity.eu/,,Cross-Border Transmission IP within EU,0,False
1Physical Flowhour2022-03-16 12:00:00 +00:002022-03-16 13:00:00 +00:00BE-TSO-0001ITP-00112entrykWh/h,1,Physical Flow,hour,2022-03-16T13:00:00+01:00,2022-03-16T14:00:00+01:00,BE-TSO-0001,21X-BE-A-A0A0A-Y,Fluxys Belgium,ITP-00112,Eynatten 1 (BE) // Lichtenbusch / Raeren (DE),21Z0000000000155,entry,kWh/h,,,0,2022-03-17T10:36:08+01:00,,Confirmed,,,,,True,,,True,PRISMA,,https://platform.prisma-capacity.eu/,,Cross-Border Transmission IP within EU,0,False
1Physical Flowhour2022-03-16 13:00:00 +00:002022-03-16 14:00:00 +00:00BE-TSO-0001ITP-00112entrykWh/h,1,Physical Flow,hour,2022-03-16T14:00:00+01:00,2022-03-16T15:00:00+01:00,BE-TSO-0001,21X-BE-A-A0A0A-Y,Fluxys Belgium,ITP-00112,Eynatten 1 (BE) // Lichtenbusch / Raeren (DE),21Z0000000000155,entry,kWh/h,,,0,2022-03-17T10:36:08+01:00,,Confirmed,,,,,True,,,True,PRISMA,,https://platform.prisma-capacity.eu/,,Cross-Border Transmission IP within EU,0,False
1Physical Flowhour2022-03-16 14:00:00 +00:002022-03-16 15:00:00 +00:00BE-TSO-0001ITP-00112entrykWh/h,1,Physical Flow,hour,2022-03-16T15:00:00+01:00,2022-03-16T16:00:00+01:00,BE-TSO-0001,21X-BE-A-A0A0A-Y,Fluxys Belgium,ITP-00112,Eynatten 1 (BE) // Lichtenbusch / Raeren (DE),21Z0000000000155,entry,kWh/h,,,0,2022-03-17T10:36:08+01:00,,Confirmed,,,,,True,,,True,PRISMA,,https://platform.prisma-capacity.eu/,,Cross-Border Transmission IP within EU,0,False
1Physical Flowhour2022-03-16 15:00:00 +00:002022-03-16 16:00:00 +00:00BE-TSO-0001ITP-00112entrykWh/h,1,Physical Flow,hour,2022-03-16T16:00:00+01:00,2022-03-16T17:00:00+01:00,BE-TSO-0001,21X-BE-A-A0A0A-Y,Fluxys Belgium,ITP-00112,Eynatten 1 (BE) // Lichtenbusch / Raeren (DE),21Z0000000000155,entry,kWh/h,,,0,2022-03-17T10:36:08+01:00,,Confirmed,,,,,True,,,True,PRISMA,,https://platform.prisma-capacity.eu/,,Cross-Border Transmission IP within EU,0,False
1Physical Flowhour2022-03-16 16:00:00 +00:002022-03-16 17:00:00 +00:00BE-TSO-0001ITP-00112entrykWh/h,1,Physical Flow,hour,2022-03-16T17:00:00+01:00,2022-03-16T18:00:00+01:00,BE-TSO-0001,21X-BE-A-A0A0A-Y,Fluxys Belgium,ITP-00112,Eynatten 1 (BE) // Lichtenbusch / Raeren (DE),21Z0000000000155,entry,kWh/h,,,0,2022-03-17T10:36:08+01:00,,Confirmed,,,,,True,,,True,PRISMA,,https://platform.prisma-capacity.eu/,,Cross-Border Transmission IP within EU,0,False
1Physical Flowhour2022-03-16 17:00:00 +00:002022-03-16 18:00:00 +00:00BE-TSO-0001ITP-00112entrykWh/h,1,Physical Flow,hour,2022-03-16T18:00:00+01:00,2022-03-16T19:00:00+01:00,BE-TSO-0001,21X-BE-A-A0A0A-Y,Fluxys Belgium,ITP-00112,Eynatten 1 (BE) // Lichtenbusch / Raeren (DE),21Z0000000000155,entry,kWh/h,,,0,2022-03-17T10:36:08+01:00,,Confirmed,,,,,True,,,True,PRISMA,,https://platform.prisma-capacity.eu/,,Cross-Border Transmission IP within EU,0,False
1Physical Flowhour2022-03-16 18:00:00 +00:002022-03-16 19:00:00 +00:00BE-TSO-0001ITP-00112entrykWh/h,1,Physical Flow,hour,2022-03-16T19:00:00+01:00,2022-03-16T20:00:00+01:00,BE-TSO-0001,21X-BE-A-A0A0A-Y,Fluxys Belgium,ITP-00112,Eynatten 1 (BE) // Lichtenbusch / Raeren (DE),21Z0000000000155,entry,kWh/h,,,0,2022-03-17T10:36:08+01:00,,Confirmed,,,,,True,,,True,PRISMA,,https://platform.prisma-capacity.eu/,,Cross-Border Transmission IP within EU,0,False
1Physical Flowhour2022-03-16 19:00:00 +00:002022-03-16 20:00:00 +00:00BE-TSO-0001ITP-00112entrykWh/h,1,Physical Flow,hour,2022-03-16T20:00:00+01:00,2022-03-16T21:00:00+01:00,BE-TSO-0001,21X-BE-A-A0A0A-Y,Fluxys Belgium,ITP-00112,Eynatten 1 (BE) // Lichtenbusch / Raeren (DE),21Z0000000000155,entry,kWh/h,,,0,2022-03-17T10:36:08+01:00,,Confirmed,,,,,True,,,True,PRISMA,,https://platform.prisma-capacity.eu/,,Cross-Border Transmission IP within EU,0,False
1Physical Flowhour2022-03-16 20:00:00 +00:002022-03-16 21:00:00 +00:00BE-TSO-0001ITP-00112entrykWh/h,1,Physical Flow,hour,2022-03-16T21:00:00+01:00,2022-03-16T22:00:00+01:00,BE-TSO-0001,21X-BE-A-A0A0A-Y,Fluxys Belgium,ITP-00112,Eynatten 1 (BE) // Lichtenbusch / Raeren (DE),21Z0000000000155,entry,kWh/h,,,0,2022-03-17T10:36:08+01:00,,Confirmed,,,,,True,,,True,PRISMA,,https://platform.prisma-capacity.eu/,,Cross-Border Transmission IP within EU,0,False
1Physical Flowhour2022-03-16 21:00:00 +00:002022-03-16 22:00:00 +00:00BE-TSO-0001ITP-00112entrykWh/h,1,Physical Flow,hour,2022-03-16T22:00:00+01:00,2022-03-16T23:00:00+01:00,BE-TSO-0001,21X-BE-A-A0A0A-Y,Fluxys Belgium,ITP-00112,Eynatten 1 (BE) // Lichtenbusch / Raeren (DE),21Z0000000000155,entry,kWh/h,,,0,2022-03-17T10:36:08+01:00,,Confirmed,,,,,True,,,True,PRISMA,,https://platform.prisma-capacity.eu/,,Cross-Border Transmission IP within EU,0,False
1Physical Flowhour2022-03-16 22:00:00 +00:002022-03-16 23:00:00 +00:00BE-TSO-0001ITP-00112entrykWh/h,1,Physical Flow,hour,2022-03-16T23:00:00+01:00,2022-03-17T00:00:00+01:00,BE-TSO-0001,21X-BE-A-A0A0A-Y,Fluxys Belgium,ITP-00112,Eynatten 1 (BE) // Lichtenbusch / Raeren (DE),21Z0000000000155,entry,kWh/h,,,0,2022-03-17T10:36:08+01:00,,Confirmed,,,,,True,,,True,PRISMA,,https://platform.prisma-capacity.eu/,,Cross-Border Transmission IP within EU,0,False
1Physical Flowhour2022-03-16 23:00:00 +00:002022-03-17 00:00:00 +00:00BE-TSO-0001ITP-00112entrykWh/h,1,Physical Flow,hour,2022-03-17T00:00:00+01:00,2022-03-17T01:00:00+01:00,BE-TSO-0001,21X-BE-A-A0A0A-Y,Fluxys Belgium,ITP-00112,Eynatten 1 (BE) // Lichtenbusch / Raeren (DE),21Z0000000000155,entry,kWh/h,,,0,2022-03-17T10:36:08+01:00,,Confirmed,,,,,True,,,True,PRISMA,,https://platform.prisma-capacity.eu/,,Cross-Border Transmission IP within EU,0,False
1Physical Flowhour2022-03-17 00:00:00 +00:002022-03-17 01:00:00 +00:00BE-TSO-0001ITP-00112entrykWh/h,1,Physical Flow,hour,2022-03-17T01:00:00+01:00,2022-03-17T02:00:00+01:00,BE-TSO-0001,21X-BE-A-A0A0A-Y,Fluxys Belgium,ITP-00112,Eynatten 1 (BE) // Lichtenbusch / Raeren (DE),21Z0000000000155,entry,kWh/h,,,0,2022-03-17T10:36:08+01:00,,Confirmed,,,,,True,,,True,PRISMA,,https://platform.prisma-capacity.eu/,,Cross-Border Transmission IP within EU,0,False
1Physical Flowhour2022-03-17 01:00:00 +00:002022-03-17 02:00:00 +00:00BE-TSO-0001ITP-00112entrykWh/h,1,Physical Flow,hour,2022-03-17T02:00:00+01:00,2022-03-17T03:00:00+01:00,BE-TSO-0001,21X-BE-A-A0A0A-Y,Fluxys Belgium,ITP-00112,Eynatten 1 (BE) // Lichtenbusch / Raeren (DE),21Z0000000000155,entry,kWh/h,,,0,2022-03-17T10:36:08+01:00,,Confirmed,,,,,True,,,True,PRISMA,,https://platform.prisma-capacity.eu/,,Cross-Border Transmission IP within EU,0,False
1Physical Flowhour2022-03-17 02:00:00 +00:002022-03-17 03:00:00 +00:00BE-TSO-0001ITP-00112entrykWh/h,1,Physical Flow,hour,2022-03-17T03:00:00+01:00,2022-03-17T04:00:00+01:00,BE-TSO-0001,21X-BE-A-A0A0A-Y,Fluxys Belgium,ITP-00112,Eynatten 1 (BE) // Lichtenbusch / Raeren (DE),21Z0000000000155,entry,kWh/h,,,0,2022-03-17T10:36:08+01:00,,Confirmed,,,,,True,,,True,PRISMA,,https://platform.prisma-capacity.eu/,,Cross-Border Transmission IP within EU,0,False
1Physical Flowhour2022-03-17 03:00:00 +00:002022-03-17 04:00:00 +00:00BE-TSO-0001ITP-00112entrykWh/h,1,Physical Flow,hour,2022-03-17T04:00:00+01:00,2022-03-17T05:00:00+01:00,BE-TSO-0001,21X-BE-A-A0A0A-Y,Fluxys Belgium,ITP-00112,Eynatten 1 (BE) // Lichtenbusch / Raeren (DE),21Z0000000000155,entry,kWh/h,,,0,2022-03-17T10:36:08+01:00,,Confirmed,,,,,True,,,True,PRISMA,,https://platform.prisma-capacity.eu/,,Cross-Border Transmission IP within EU,0,False
1Physical Flowhour2022-03-17 04:00:00 +00:002022-03-17 05:00:00 +00:00BE-TSO-0001ITP-00112entrykWh/h,1,Physical Flow,hour,2022-03-17T05:00:00+01:00,2022-03-17T06:00:00+01:00,BE-TSO-0001,21X-BE-A-A0A0A-Y,Fluxys Belgium,ITP-00112,Eynatten 1 (BE) // Lichtenbusch / Raeren (DE),21Z0000000000155,entry,kWh/h,,,0,2022-03-17T10:36:08+01:00,,Confirmed,,,,,True,,,True,PRISMA,,https://platform.prisma-capacity.eu/,,Cross-Border Transmission IP within EU,0,False
1Physical Flowhour2022-03-17 05:00:00 +00:002022-03-17 06:00:00 +00:00BE-TSO-0001ITP-00112entrykWh/h,1,Physical Flow,hour,2022-03-17T06:00:00+01:00,2022-03-17T07:00:00+01:00,BE-TSO-0001,21X-BE-A-A0A0A-Y,Fluxys Belgium,ITP-00112,Eynatten 1 (BE) // Lichtenbusch / Raeren (DE),21Z0000000000155,entry,kWh/h,,,0,2022-03-18T10:36:08+01:00,,Confirmed,,,,,True,,,True,PRISMA,,https://platform.prisma-capacity.eu/,,Cross-Border Transmission IP within EU,0,False
1Physical Flowhour2022-03-17 06:00:00 +00:002022-03-17 07:00:00 +00:00BE-TSO-0001ITP-00112entrykWh/h,1,Physical Flow,hour,2022-03-17T07:00:00+01:00,2022-03-17T08:00:00+01:00,BE-TSO-0001,21X-BE-A-A0A0A-Y,Fluxys Belgium,ITP-00112,Eynatten 1 (BE) // Lichtenbusch / Raeren (DE),21Z0000000000155,entry,kWh/h,,,0,2022-03-18T10:36:08+01:00,,Confirmed,,,,,True,,,True,PRISMA,,https://platform.prisma-capacity.eu/,,Cross-Border Transmission IP within EU,0,False
1Physical Flowhour2022-03-17 07:00:00 +00:002022-03-17 08:00:00 +00:00BE-TSO-0001ITP-00112entrykWh/h,1,Physical Flow,hour,2022-03-17T08:00:00+01:00,2022-03-17T09:00:00+01:00,BE-TSO-0001,21X-BE-A-A0A0A-Y,Fluxys Belgium,ITP-00112,Eynatten 1 (BE) // Lichtenbusch / Raeren (DE),21Z0000000000155,entry,kWh/h,,,0,2022-03-18T10:36:08+01:00,,Confirmed,,,,,True,,,True,PRISMA,,https://platform.prisma-capacity.eu/,,Cross-Border Transmission IP within EU,0,False
1Physical Flowhour2022-03-17 08:00:00 +00:002022-03-17 09:00:00 +00:00BE-TSO-0001ITP-00112entrykWh/h,1,Physical Flow,hour,2022-03-17T09:00:00+01:00,2022-03-17T10:00:00+01:00,BE-TSO-0001,21X-BE-A-A0A0A-Y,Fluxys Belgium,ITP-00112,Eynatten 1 (BE) // Lichtenbusch / Raeren (DE),21Z0000000000155,entry,kWh/h,,,0,2022-03-18T10:36:08+01:00,,Confirmed,,,,,True,,,True,PRISMA,,https://platform.prisma-capacity.eu/,,Cross-Border Transmission IP within EU,0,False
1Physical Flowhour2022-03-17 09:00:00 +00:002022-03-17 10:00:00 +00:00BE-TSO-0001ITP-00112entrykWh/h,1,Physical Flow,hour,2022-03-17T10:00:00+01:00,2022-03-17T11:00:00+01:00,BE-TSO-0001,21X-BE-A-A0A0A-Y,Fluxys Belgium,ITP-00112,Eynatten 1 (BE) // Lichtenbusch / Raeren (DE),21Z0000000000155,entry,kWh/h,,,0,2022-03-18T10:36:08+01:00,,Confirmed,,,,,True,,,True,PRISMA,,https://platform.prisma-capacity.eu/,,Cross-Border Transmission IP within EU,0,False
1Physical Flowhour2022-03-17 10:00:00 +00:002022-03-17 11:00:00 +00:00BE-TSO-0001ITP-00112entrykWh/h,1,Physical Flow,hour,2022-03-17T11:00:00+01:00,2022-03-17T12:00:00+01:00,BE-TSO-0001,21X-BE-A-A0A0A-Y,Fluxys Belgium,ITP-00112,Eynatten 1 (BE) // Lichtenbusch / Raeren (DE),21Z0000000000155,entry,kWh/h,,,0,2022-03-18T10:36:08+01:00,,Confirmed,,,,,True,,,True,PRISMA,,https://platform.prisma-capacity.eu/,,Cross-Border Transmission IP within EU,0,False
1Physical Flowhour2022-03-17 11:00:00 +00:002022-03-17 12:00:00 +00:00BE-TSO-0001ITP-00112entrykWh/h,1,Physical Flow,hour,2022-03-17T12:00:00+01:00,2022-03-17T13:00:00+01:00,BE-TSO-0001,21X-BE-A-A0A0A-Y,Fluxys Belgium,ITP-00112,Eynatten 1 (BE) // Lichtenbusch / Raeren (DE),21Z0000000000155,entry,kWh/h,,,0,2022-03-18T10:36:08+01:00,,Confirmed,,,,,True,,,True,PRISMA,,https://platform.prisma-capacity.eu/,,Cross-Border Transmission IP within EU,0,False
1Physical Flowhour2022-03-17 12:00:00 +00:002022-03-17 13:00:00 +00:00BE-TSO-0001ITP-00112entrykWh/h,1,Physical Flow,hour,2022-03-17T13:00:00+01:00,2022-03-17T14:00:00+01:00,BE-TSO-0001,21X-BE-A-A0A0A-Y,Fluxys Belgium,ITP-00112,Eynatten 1 (BE) // Lichtenbusch / Raeren (DE),21Z0000000000155,entry,kWh/h,,,0,2022-03-18T10:36:08+01:00,,Confirmed,,,,,True,,,True,PRISMA,,https://platform.prisma-capacity.eu/,,Cross-Border Transmission IP within EU,0,False
1Physical Flowhour2022-03-17 13:00:00 +00:002022-03-17 14:00:00 +00:00BE-TSO-0001ITP-00112entrykWh/h,1,Physical Flow,hour,2022-03-17T14:00:00+01:00,2022-03-17T15:00:00+01:00,BE-TSO-0001,21X-BE-A-A0A0A-Y,Fluxys Belgium,ITP-00112,Eynatten 1 (BE) // Lichtenbusch / Raeren (DE),21Z0000000000155,entry,kWh/h,,,0,2022-03-18T10:36:08+01:00,,Confirmed,,,,,True,,,True,PRISMA,,https://platform.prisma-capacity.eu/,,Cross-Border Transmission IP within EU,0,False
1Physical Flowhour2022-03-17 14:00:00 +00:002022-03-17 15:00:00 +00:00BE-TSO-0001ITP-00112entrykWh/h,1,Physical Flow,hour,2022-03-17T15:00:00+01:00,2022-03-17T16:00:00+01:00,BE-TSO-0001,21X-BE-A-A0A0A-Y,Fluxys Belgium,ITP-00112,Eynatten 1 (BE) // Lichtenbusch / Raeren (DE),21Z0000000000155,entry,kWh/h,,,0,2022-03-18T10:36:08+01:00,,Confirmed,,,,,True,,,True,PRISMA,,https://platform.prisma-capacity.eu/,,Cross-Border Transmission IP within EU,0,False
1Physical Flowhour2022-03-17 15:00:00 +00:002022-03-17 16:00:00 +00:00BE-TSO-0001ITP-00112entrykWh/h,1,Physical Flow,hour,2022-03-17T16:00:00+01:00,2022-03-17T17:00:00+01:00,BE-TSO-0001,21X-BE-A-A0A0A-Y,Fluxys Belgium,ITP-00112,Eynatten 1 (BE) // Lichtenbusch / Raeren (DE),21Z0000000000155,entry,kWh/h,,,0,2022-03-18T10:36:08+01:00,,Confirmed,,,,,True,,,True,PRISMA,,https://platform.prisma-capacity.eu/,,Cross-Border Transmission IP within EU,0,False
1Physical Flowhour2022-03-17 16:00:00 +00:002022-03-17 17:00:00 +00:00BE-TSO-0001ITP-00112entrykWh/h,1,Physical Flow,hour,2022-03-17T17:00:00+01:00,2022-03-17T18:00:00+01:00,BE-TSO-0001,21X-BE-A-A0A0A-Y,Fluxys Belgium,ITP-00112,Eynatten 1 (BE) // Lichtenbusch / Raeren (DE),21Z0000000000155,entry,kWh/h,,,0,2022-03-18T10:36:08+01:00,,Confirmed,,,,,True,,,True,PRISMA,,https://platform.prisma-capacity.eu/,,Cross-Border Transmission IP within EU,0,False
1Physical Flowhour2022-03-17 17:00:00 +00:002022-03-17 18:00:00 +00:00BE-TSO-0001ITP-00112entrykWh/h,1,Physical Flow,hour,2022-03-17T18:00:00+01:00,2022-03-17T19:00:00+01:00,BE-TSO-0001,21X-BE-A-A0A0A-Y,Fluxys Belgium,ITP-00112,Eynatten 1 (BE) // Lichtenbusch / Raeren (DE),21Z0000000000155,entry,kWh/h,,,0,2022-03-18T10:36:08+01:00,,Confirmed,,,,,True,,,True,PRISMA,,https://platform.prisma-capacity.eu/,,Cross-Border Transmission IP within EU,0,False
1Physical Flowhour2022-03-17 18:00:00 +00:002022-03-17 19:00:00 +00:00BE-TSO-0001ITP-00112entrykWh/h,1,Physical Flow,hour,2022-03-17T19:00:00+01:00,2022-03-17T20:00:00+01:00,BE-TSO-0001,21X-BE-A-A0A0A-Y,Fluxys Belgium,ITP-00112,Eynatten 1 (BE) // Lichtenbusch / Raeren (DE),21Z0000000000155,entry,kWh/h,,,0,2022-03-18T10:36:08+01:00,,Confirmed,,,,,True,,,True,PRISMA,,https://platform.prisma-capacity.eu/,,Cross-Border Transmission IP within EU,0,False
1Physical Flowhour2022-03-17 19:00:00 +00:002022-03-17 20:00:00 +00:00BE-TSO-0001ITP-00112entrykWh/h,1,Physical Flow,hour,2022-03-17T20:00:00+01:00,2022-03-17T21:00:00+01:00,BE-TSO-0001,21X-BE-A-A0A0A-Y,Fluxys Belgium,ITP-00112,Eynatten 1 (BE) // Lichtenbusch / Raeren (DE),21Z0000000000155,entry,kWh/h,,,0,2022-03-18T10:36:08+01:00,,Confirmed,,,,,True,,,True,PRISMA,,https://platform.prisma-capacity.eu/,,Cross-Border Transmission IP within EU,0,False
1Physical Flowhour2022-03-17 20:00:00 +00:002022-03-17 21:00:00 +00:00BE-TSO-0001ITP-00112entrykWh/h,1,Physical Flow,hour,2022-03-17T21:00:00+01:00,2022-03-17T22:00:00+01:00,BE-TSO-0001,21X-BE-A-A0A0A-Y,Fluxys Belgium,ITP-00112,Eynatten 1 (BE) // Lichtenbusch / Raeren (DE),21Z0000000000155,entry,kWh/h,,,0,2022-03-18T10:36:08+01:00,,Confirmed,,,,,True,,,True,PRISMA,,https://platform.prisma-capacity.eu/,,Cross-Border Transmission IP within EU,0,False
1Physical Flowhour2022-03-17 21:00:00 +00:002022-03-17 22:00:00 +00:00BE-TSO-0001ITP-00112entrykWh/h,1,Physical Flow,hour,2022-03-17T22:00:00+01:00,2022-03-17T23:00:00+01:00,BE-TSO-0001,21X-BE-A-A0A0A-Y,Fluxys Belgium,ITP-00112,Eynatten 1 (BE) // Lichtenbusch / Raeren (DE),21Z0000000000155,entry,kWh/h,,,0,2022-03-18T10:36:08+01:00,,Confirmed,,,,,True,,,True,PRISMA,,https://platform.prisma-capacity.eu/,,Cross-Border Transmission IP within EU,0,False
1Physical Flowhour2022-03-17 22:00:00 +00:002022-03-17 23:00:00 +00:00BE-TSO-0001ITP-00112entrykWh/h,1,Physical Flow,hour,2022-03-17T23:00:00+01:00,2022-03-18T00:00:00+01:00,BE-TSO-0001,21X-BE-A-A0A0A-Y,Fluxys Belgium,ITP-00112,Eynatten 1 (BE) // Lichtenbusch / Raeren (DE),21Z0000000000155,entry,kWh/h,,,0,2022-03-18T10:36:08+01:00,,Confirmed,,,,,True,,,True,PRISMA,,https://platform.prisma-capacity.eu/,,Cross-Border Transmission IP within EU,0,False
1Physical Flowhour2022-03-17 23:00:00 +00:002022-03-18 00:00:00 +00:00BE-TSO-0001ITP-00112entrykWh/h,1,Physical Flow,hour,2022-03-18T00:00:00+01:00,2022-03-18T01:00:00+01:00,BE-TSO-0001,21X-BE-A-A0A0A-Y,Fluxys Belgium,ITP-00112,Eynatten 1 (BE) // Lichtenbusch / Raeren (DE),21Z0000000000155,entry,kWh/h,,,0,2022-03-18T10:36:08+01:00,,Confirmed,,,,,True,,,True,PRISMA,,https://platform.prisma-capacity.eu/,,Cross-Border Transmission IP within EU,0,False
1Physical Flowhour2022-03-18 00:00:00 +00:002022-03-18 01:00:00 +00:00BE-TSO-0001ITP-00112entrykWh/h,1,Physical Flow,hour,2022-03-18T01:00:00+01:00,2022-03-18T02:00:00+01:00,BE-TSO-0001,21X-BE-A-A0A0A-Y,Fluxys Belgium,ITP-00112,Eynatten 1 (BE) // Lichtenbusch / Raeren (DE),21Z0000000000155,entry,kWh/h,,,0,2022-03-18T10:36:08+01:00,,Confirmed,,,,,True,,,True,PRISMA,,https://platform.prisma-capacity.eu/,,Cross-Border Transmission IP within EU,0,False
1Physical Flowhour2022-03-18 01:00:00 +00:002022-03-18 02:00:00 +00:00BE-TSO-0001ITP-00112entrykWh/h,1,Physical Flow,hour,2022-03-18T02:00:00+01:00,2022-03-18T03:00:00+01:00,BE-TSO-0001,21X-BE-A-A0A0A-Y,Fluxys Belgium,ITP-00112,Eynatten 1 (BE) // Lichtenbusch / Raeren (DE),21Z0000000000155,entry,kWh/h,,,0,2022-03-18T10:36:08+01:00,,Confirmed,,,,,True,,,True,PRISMA,,https://platform.prisma-capacity.eu/,,Cross-Border Transmission IP within EU,0,False
1Physical Flowhour2022-03-18 02:00:00 +00:002022-03-18 03:00:00 +00:00BE-TSO-0001ITP-00112entrykWh/h,1,Physical Flow,hour,2022-03-18T03:00:00+01:00,2022-03-18T04:00:00+01:00,BE-TSO-0001,21X-BE-A-A0A0A-Y,Fluxys Belgium,ITP-00112,Eynatten 1 (BE) // Lichtenbusch / Raeren (DE),21Z0000000000155,entry,kWh/h,,,0,2022-03-18T10:36:08+01:00,,Confirmed,,,,,True,,,True,PRISMA,,https://platform.prisma-capacity.eu/,,Cross-Border Transmission IP within EU,0,False
1Physical Flowhour2022-03-18 03:00:00 +00:002022-03-18 04:00:00 +00:00BE-TSO-0001ITP-00112entrykWh/h,1,Physical Flow,hour,2022-03-18T04:00:00+01:00,2022-03-18T05:00:00+01:00,BE-TSO-0001,21X-BE-A-A0A0A-Y,Fluxys Belgium,ITP-00112,Eynatten 1 (BE) // Lichtenbusch / Raeren (DE),21Z0000000000155,entry,kWh/h,,,0,2022-03-18T10:36:08+01:00,,Confirmed,,,,,True,,,True,PRISMA,,https://platform.prisma-capacity.eu/,,Cross-Border Transmission IP within EU,0,False
1Physical Flowhour2022-03-18 04:00:00 +00:002022-03-18 05:00:00 +00:00BE-TSO-0001ITP-00112entrykWh/h,1,Physical Flow,hour,2022-03-18T05:00:00+01:00,2022-03-18T06:00:00+01:00,BE-TSO-0001,21X-BE-A-A0A0A-Y,Fluxys Belgium,ITP-00112,Eynatten 1 (BE) // Lichtenbusch / Raeren (DE),21Z0000000000155,entry,kWh/h,,,0,2022-03-18T10:36:08+01:00,,Confirmed,,,,,True,,,True,PRISMA,,https://platform.prisma-capacity.eu/,,Cross-Border Transmission IP within EU,0,False
1Physical Flowhour2022-03-18 05:00:00 +00:002022-03-18 06:00:00 +00:00BE-TSO-0001ITP-00112entrykWh/h,1,Physical Flow,hour,2022-03-18T06:00:00+01:00,2022-03-18T07:00:00+01:00,BE-TSO-0001,21X-BE-A-A0A0A-Y,Fluxys Belgium,ITP-00112,Eynatten 1 (BE) // Lichtenbusch / Raeren (DE),21Z0000000000155,entry,kWh/h,,,0,2022-03-19T10:36:09+01:00,,Confirmed,,,,,True,,,True,PRISMA,,https://platform.prisma-capacity.eu/,,Cross-Border Transmission IP within EU,0,False
1Physical Flowhour2022-03-18 06:00:00 +00:002022-03-18 07:00:00 +00:00BE-TSO-0001ITP-00112entrykWh/h,1,Physical Flow,hour,2022-03-18T07:00:00+01:00,2022-03-18T08:00:00+01:00,BE-TSO-0001,21X-BE-A-A0A0A-Y,Fluxys Belgium,ITP-00112,Eynatten 1 (BE) // Lichtenbusch / Raeren (DE),21Z0000000000155,entry,kWh/h,,,0,2022-03-19T10:36:09+01:00,,Confirmed,,,,,True,,,True,PRISMA,,https://platform.prisma-capacity.eu/,,Cross-Border Transmission IP within EU,0,False
1Physical Flowhour2022-03-18 07:00:00 +00:002022-03-18 08:00:00 +00:00BE-TSO-0001ITP-00112entrykWh/h,1,Physical Flow,hour,2022-03-18T08:00:00+01:00,2022-03-18T09:00:00+01:00,BE-TSO-0001,21X-BE-A-A0A0A-Y,Fluxys Belgium,ITP-00112,Eynatten 1 (BE) // Lichtenbusch / Raeren (DE),21Z0000000000155,entry,kWh/h,,,0,2022-03-19T10:36:09+01:00,,Confirmed,,,,,True,,,True,PRISMA,,https://platform.prisma-capacity.eu/,,Cross-Border Transmission IP within EU,0,False
1Physical Flowhour2022-03-18 08:00:00 +00:002022-03-18 09:00:00 +00:00BE-TSO-0001ITP-00112entrykWh/h,1,Physical Flow,hour,2022-03-18T09:00:00+01:00,2022-03-18T10:00:00+01:00,BE-TSO-0001,21X-BE-A-A0A0A-Y,Fluxys Belgium,ITP-00112,Eynatten 1 (BE) // Lichtenbusch / Raeren (DE),21Z0000000000155,entry,kWh/h,,,0,2022-03-19T10:36:09+01:00,,Confirmed,,,,,True,,,True,PRISMA,,https://platform.prisma-capacity.eu/,,Cross-Border Transmission IP within EU,0,False
1Physical Flowhour2022-03-18 09:00:00 +00:002022-03-18 10:00:00 +00:00BE-TSO-0001ITP-00112entrykWh/h,1,Physical Flow,hour,2022-03-18T10:00:00+01:00,2022-03-18T11:00:00+01:00,BE-TSO-0001,21X-BE-A-A0A0A-Y,Fluxys Belgium,ITP-00112,Eynatten 1 (BE) // Lichtenbusch / Raeren (DE),21Z0000000000155,entry,kWh/h,,,0,2022-03-19T10:36:09+01:00,,Confirmed,,,,,True,,,True,PRISMA,,https://platform.prisma-capacity.eu/,,Cross-Border Transmission IP within EU,0,False
1Physical Flowhour2022-03-18 10:00:00 +00:002022-03-18 11:00:00 +00:00BE-TSO-0001ITP-00112entrykWh/h,1,Physical Flow,hour,2022-03-18T11:00:00+01:00,2022-03-18T12:00:00+01:00,BE-TSO-0001,21X-BE-A-A0A0A-Y,Fluxys Belgium,ITP-00112,Eynatten 1 (BE) // Lichtenbusch / Raeren (DE),21Z0000000000155,entry,kWh/h,,,0,2022-03-19T10:36:09+01:00,,Confirmed,,,,,True,,,True,PRISMA,,https://platform.prisma-capacity.eu/,,Cross-Border Transmission IP within EU,0,False
1Physical Flowhour2022-03-18 11:00:00 +00:002022-03-18 12:00:00 +00:00BE-TSO-0001ITP-00112entrykWh/h,1,Physical Flow,hour,2022-03-18T12:00:00+01:00,2022-03-18T13:00:00+01:00,BE-TSO-0001,21X-BE-A-A0A0A-Y,Fluxys Belgium,ITP-00112,Eynatten 1 (BE) // Lichtenbusch / Raeren (DE),21Z0000000000155,entry,kWh/h,,,0,2022-03-19T10:36:09+01:00,,Confirmed,,,,,True,,,True,PRISMA,,https://platform.prisma-capacity.eu/,,Cross-Border Transmission IP within EU,0,False
1Physical Flowhour2022-03-18 12:00:00 +00:002022-03-18 13:00:00 +00:00BE-TSO-0001ITP-00112entrykWh/h,1,Physical Flow,hour,2022-03-18T13:00:00+01:00,2022-03-18T14:00:00+01:00,BE-TSO-0001,21X-BE-A-A0A0A-Y,Fluxys Belgium,ITP-00112,Eynatten 1 (BE) // Lichtenbusch / Raeren (DE),21Z0000000000155,entry,kWh/h,,,0,2022-03-19T10:36:09+01:00,,Confirmed,,,,,True,,,True,PRISMA,,https://platform.prisma-capacity.eu/,,Cross-Border Transmission IP within EU,0,False
1Physical Flowhour2022-03-18 13:00:00 +00:002022-03-18 14:00:00 +00:00BE-TSO-0001ITP-00112entrykWh/h,1,Physical Flow,hour,2022-03-18T14:00:00+01:00,2022-03-18T15:00:00+01:00,BE-TSO-0001,21X-BE-A-A0A0A-Y,Fluxys Belgium,ITP-00112,Eynatten 1 (BE) // Lichtenbusch / Raeren (DE),21Z0000000000155,entry,kWh/h,,,0,2022-03-19T10:36:09+01:00,,Confirmed,,,,,True,,,True,PRISMA,,https://platform.prisma-capacity.eu/,,Cross-Border Transmission IP within EU,0,False
1Physical Flowhour2022-03-18 14:00:00 +00:002022-03-18 15:00:00 +00:00BE-TSO-0001ITP-00112entrykWh/h,1,Physical Flow,hour,2022-03-18T15:00:00+01:00,2022-03-18T16:00:00+01:00,BE-TSO-0001,21X-BE-A-A0A0A-Y,Fluxys Belgium,ITP-00112,Eynatten 1 (BE) // Lichtenbusch / Raeren (DE),21Z0000000000155,entry,kWh/h,,,0,2022-03-19T10:36:09+01:00,,Confirmed,,,,,True,,,True,PRISMA,,https://platform.prisma-capacity.eu/,,Cross-Border Transmission IP within EU,0,False
1Physical Flowhour2022-03-18 15:00:00 +00:002022-03-18 16:00:00 +00:00BE-TSO-0001ITP-00112entrykWh/h,1,Physical Flow,hour,2022-03-18T16:00:00+01:00,2022-03-18T17:00:00+01:00,BE-TSO-0001,21X-BE-A-A0A0A-Y,Fluxys Belgium,ITP-00112,Eynatten 1 (BE) // Lichtenbusch / Raeren (DE),21Z0000000000155,entry,kWh/h,,,0,2022-03-19T10:36:09+01:00,,Confirmed,,,,,True,,,True,PRISMA,,https://platform.prisma-capacity.eu/,,Cross-Border Transmission IP within EU,0,False
1Physical Flowhour2022-03-18 16:00:00 +00:002022-03-18 17:00:00 +00:00BE-TSO-0001ITP-00112entrykWh/h,1,Physical Flow,hour,2022-03-18T17:00:00+01:00,2022-03-18T18:00:00+01:00,BE-TSO-0001,21X-BE-A-A0A0A-Y,Fluxys Belgium,ITP-00112,Eynatten 1 (BE) // Lichtenbusch / Raeren (DE),21Z0000000000155,entry,kWh/h,,,0,2022-03-19T10:36:09+01:00,,Confirmed,,,,,True,,,True,PRISMA,,https://platform.prisma-capacity.eu/,,Cross-Border Transmission IP within EU,0,False
1Physical Flowhour2022-03-18 17:00:00 +00:002022-03-18 18:00:00 +00:00BE-TSO-0001ITP-00112entrykWh/h,1,Physical Flow,hour,2022-03-18T18:00:00+01:00,2022-03-18T19:00:00+01:00,BE-TSO-0001,21X-BE-A-A0A0A-Y,Fluxys Belgium,ITP-00112,Eynatten 1 (BE) // Lichtenbusch / Raeren (DE),21Z0000000000155,entry,kWh/h,,,0,2022-03-19T10:36:09+01:00,,Confirmed,,,,,True,,,True,PRISMA,,https://platform.prisma-capacity.eu/,,Cross-Border Transmission IP within EU,0,False
1Physical Flowhour2022-03-18 18:00:00 +00:002022-03-18 19:00:00 +00:00BE-TSO-0001ITP-00112entrykWh/h,1,Physical Flow,hour,2022-03-18T19:00:00+01:00,2022-03-18T20:00:00+01:00,BE-TSO-0001,21X-BE-A-A0A0A-Y,Fluxys Belgium,ITP-00112,Eynatten 1 (BE) // Lichtenbusch / Raeren (DE),21Z0000000000155,entry,kWh/h,,,0,2022-03-19T10:36:09+01:00,,Confirmed,,,,,True,,,True,PRISMA,,https://platform.prisma-capacity.eu/,,Cross-Border Transmission IP within EU,0,False
1Physical Flowhour2022-03-18 19:00:00 +00:002022-03-18 20:00:00 +00:00BE-TSO-0001ITP-00112entrykWh/h,1,Physical Flow,hour,2022-03-18T20:00:00+01:00,2022-03-18T21:00:00+01:00,BE-TSO-0001,21X-BE-A-A0A0A-Y,Fluxys Belgium,ITP-00112,Eynatten 1 (BE) // Lichtenbusch / Raeren (DE),21Z0000000000155,entry,kWh/h,,,0,2022-03-19T10:36:09+01:00,,Confirmed,,,,,True,,,True,PRISMA,,https://platform.prisma-capacity.eu/,,Cross-Border Transmission IP within EU,0,False
1Physical Flowhour2022-03-18 20:00:00 +00:002022-03-18 21:00:00 +00:00BE-TSO-0001ITP-00112entrykWh/h,1,Physical Flow,hour,2022-03-18T21:00:00+01:00,2022-03-18T22:00:00+01:00,BE-TSO-0001,21X-BE-A-A0A0A-Y,Fluxys Belgium,ITP-00112,Eynatten 1 (BE) // Lichtenbusch / Raeren (DE),21Z0000000000155,entry,kWh/h,,,0,2022-03-19T10:36:09+01:00,,Confirmed,,,,,True,,,True,PRISMA,,https://platform.prisma-capacity.eu/,,Cross-Border Transmission IP within EU,0,False
1Physical Flowhour2022-03-18 21:00:00 +00:002022-03-18 22:00:00 +00:00BE-TSO-0001ITP-00112entrykWh/h,1,Physical Flow,hour,2022-03-18T22:00:00+01:00,2022-03-18T23:00:00+01:00,BE-TSO-0001,21X-BE-A-A0A0A-Y,Fluxys Belgium,ITP-00112,Eynatten 1 (BE) // Lichtenbusch / Raeren (DE),21Z0000000000155,entry,kWh/h,,,0,2022-03-19T10:36:09+01:00,,Confirmed,,,,,True,,,True,PRISMA,,https://platform.prisma-capacity.eu/,,Cross-Border Transmission IP within EU,0,False
1Physical Flowhour2022-03-18 22:00:00 +00:002022-03-18 23:00:00 +00:00BE-TSO-0001ITP-00112entrykWh/h,1,Physical Flow,hour,2022-03-18T23:00:00+01:00,2022-03-19T00:00:00+01:00,BE-TSO-0001,21X-BE-A-A0A0A-Y,Fluxys Belgium,ITP-00112,Eynatten 1 (BE) // Lichtenbusch / Raeren (DE),21Z0000000000155,entry,kWh/h,,,0,2022-03-19T10:36:09+01:00,,Confirmed,,,,,True,,,True,PRISMA,,https://platform.prisma-capacity.eu/,,Cross-Border Transmission IP within EU,0,False
1Physical Flowhour2022-03-18 23:00:00 +00:002022-03-19 00:00:00 +00:00BE-TSO-0001ITP-00112entrykWh/h,1,Physical Flow,hour,2022-03-19T00:00:00+01:00,2022-03-19T01:00:00+01:00,BE-TSO-0001,21X-BE-A-A0A0A-Y,Fluxys Belgium,ITP-00112,Eynatten 1 (BE) // Lichtenbusch / Raeren (DE),21Z0000000000155,entry,kWh/h,,,0,2022-03-19T10:36:09+01:00,,Confirmed,,,,,True,,,True,PRISMA,,https://platform.prisma-capacity.eu/,,Cross-Border Transmission IP within EU,0,False
1Physical Flowhour2022-03-19 00:00:00 +00:002022-03-19 01:00:00 +00:00BE-TSO-0001ITP-00112entrykWh/h,1,Physical Flow,hour,2022-03-19T01:00:00+01:00,2022-03-19T02:00:00+01:00,BE-TSO-0001,21X-BE-A-A0A0A-Y,Fluxys Belgium,ITP-00112,Eynatten 1 (BE) // Lichtenbusch / Raeren (DE),21Z0000000000155,entry,kWh/h,,,0,2022-03-19T10:36:09+01:00,,Confirmed,,,,,True,,,True,PRISMA,,https://platform.prisma-capacity.eu/,,Cross-Border Transmission IP within EU,0,False
1Physical Flowhour2022-03-19 01:00:00 +00:002022-03-19 02:00:00 +00:00BE-TSO-0001ITP-00112entrykWh/h,1,Physical Flow,hour,2022-03-19T02:00:00+01:00,2022-03-19T03:00:00+01:00,BE-TSO-0001,21X-BE-A-A0A0A-Y,Fluxys Belgium,ITP-00112,Eynatten 1 (BE) // Lichtenbusch / Raeren (DE),21Z0000000000155,entry,kWh/h,,,0,2022-03-19T10:36:09+01:00,,Confirmed,,,,,True,,,True,PRISMA,,https://platform.prisma-capacity.eu/,,Cross-Border Transmission IP within EU,0,False
1Physical Flowhour2022-03-19 02:00:00 +00:002022-03-19 03:00:00 +00:00BE-TSO-0001ITP-00112entrykWh/h,1,Physical Flow,hour,2022-03-19T03:00:00+01:00,2022-03-19T04:00:00+01:00,BE-TSO-0001,21X-BE-A-A0A0A-Y,Fluxys Belgium,ITP-00112,Eynatten 1 (BE) // Lichtenbusch / Raeren (DE),21Z0000000000155,entry,kWh/h,,,0,2022-03-19T10:36:09+01:00,,Confirmed,,,,,True,,,True,PRISMA,,https://platform.prisma-capacity.eu/,,Cross-Border Transmission IP within EU,0,False
1Physical Flowhour2022-03-19 03:00:00 +00:002022-03-19 04:00:00 +00:00BE-TSO-0001ITP-00112entrykWh/h,1,Physical Flow,hour,2022-03-19T04:00:00+01:00,2022-03-19T05:00:00+01:00,BE-TSO-0001,21X-BE-A-A0A0A-Y,Fluxys Belgium,ITP-00112,Eynatten 1 (BE) // Lichtenbusch / Raeren (DE),21Z0000000000155,entry,kWh/h,,,0,2022-03-19T10:36:09+01:00,,Confirmed,,,,,True,,,True,PRISMA,,https://platform.prisma-capacity.eu/,,Cross-Border Transmission IP within EU,0,False
1Physical Flowhour2022-03-19 04:00:00 +00:002022-03-19 05:00:00 +00:00BE-TSO-0001ITP-00112entrykWh/h,1,Physical Flow,hour,2022-03-19T05:00:00+01:00,2022-03-19T06:00:00+01:00,BE-TSO-0001,21X-BE-A-A0A0A-Y,Fluxys Belgium,ITP-00112,Eynatten 1 (BE) // Lichtenbusch / Raeren (DE),21Z0000000000155,entry,kWh/h,,,0,2022-03-19T10:36:09+01:00,,Confirmed,,,,,True,,,True,PRISMA,,https://platform.prisma-capacity.eu/,,Cross-Border Transmission IP within EU,0,False
1Physical Flowhour2022-03-19 05:00:00 +00:002022-03-19 06:00:00 +00:00BE-TSO-0001ITP-00112entrykWh/h,1,Physical Flow,hour,2022-03-19T06:00:00+01:00,2022-03-19T07:00:00+01:00,BE-TSO-0001,21X-BE-A-A0A0A-Y,Fluxys Belgium,ITP-00112,Eynatten 1 (BE) // Lichtenbusch / Raeren (DE),21Z0000000000155,entry,kWh/h,,,0,2022-03-20T10:36:08+01:00,,Confirmed,,,,,True,,,True,PRISMA,,https://platform.prisma-capacity.eu/,,Cross-Border Transmission IP within EU,0,False
1Physical Flowhour2022-03-19 06:00:00 +00:002022-03-19 07:00:00 +00:00BE-TSO-0001ITP-00112entrykWh/h,1,Physical Flow,hour,2022-03-19T07:00:00+01:00,2022-03-19T08:00:00+01:00,BE-TSO-0001,21X-BE-A-A0A0A-Y,Fluxys Belgium,ITP-00112,Eynatten 1 (BE) // Lichtenbusch / Raeren (DE),21Z0000000000155,entry,kWh/h,,,0,2022-03-20T10:36:08+01:00,,Confirmed,,,,,True,,,True,PRISMA,,https://platform.prisma-capacity.eu/,,Cross-Border Transmission IP within EU,0,False
1Physical Flowhour2022-03-19 07:00:00 +00:002022-03-19 08:00:00 +00:00BE-TSO-0001ITP-00112entrykWh/h,1,Physical Flow,hour,2022-03-19T08:00:00+01:00,2022-03-19T09:00:00+01:00,BE-TSO-0001,21X-BE-A-A0A0A-Y,Fluxys Belgium,ITP-00112,Eynatten 1 (BE) // Lichtenbusch / Raeren (DE),21Z0000000000155,entry,kWh/h,,,0,2022-03-20T10:36:08+01:00,,Confirmed,,,,,True,,,True,PRISMA,,https://platform.prisma-capacity.eu/,,Cross-Border Transmission IP within EU,0,False
1Physical Flowhour2022-03-19 08:00:00 +00:002022-03-19 09:00:00 +00:00BE-TSO-0001ITP-00112entrykWh/h,1,Physical Flow,hour,2022-03-19T09:00:00+01:00,2022-03-19T10:00:00+01:00,BE-TSO-0001,21X-BE-A-A0A0A-Y,Fluxys Belgium,ITP-00112,Eynatten 1 (BE) // Lichtenbusch / Raeren (DE),21Z0000000000155,entry,kWh/h,,,0,2022-03-20T10:36:08+01:00,,Confirmed,,,,,True,,,True,PRISMA,,https://platform.prisma-capacity.eu/,,Cross-Border Transmission IP within EU,0,False
1Physical Flowhour2022-03-19 09:00:00 +00:002022-03-19 10:00:00 +00:00BE-TSO-0001ITP-00112entrykWh/h,1,Physical Flow,hour,2022-03-19T10:00:00+01:00,2022-03-19T11:00:00+01:00,BE-TSO-0001,21X-BE-A-A0A0A-Y,Fluxys Belgium,ITP-00112,Eynatten 1 (BE) // Lichtenbusch / Raeren (DE),21Z0000000000155,entry,kWh/h,,,0,2022-03-20T10:36:08+01:00,,Confirmed,,,,,True,,,True,PRISMA,,https://platform.prisma-capacity.eu/,,Cross-Border Transmission IP within EU,0,False
1Physical Flowhour2022-03-19 10:00:00 +00:002022-03-19 11:00:00 +00:00BE-TSO-0001ITP-00112entrykWh/h,1,Physical Flow,hour,2022-03-19T11:00:00+01:00,2022-03-19T12:00:00+01:00,BE-TSO-0001,21X-BE-A-A0A0A-Y,Fluxys Belgium,ITP-00112,Eynatten 1 (BE) // Lichtenbusch / Raeren (DE),21Z0000000000155,entry,kWh/h,,,0,2022-03-20T10:36:08+01:00,,Confirmed,,,,,True,,,True,PRISMA,,https://platform.prisma-capacity.eu/,,Cross-Border Transmission IP within EU,0,False
1Physical Flowhour2022-03-19 11:00:00 +00:002022-03-19 12:00:00 +00:00BE-TSO-0001ITP-00112entrykWh/h,1,Physical Flow,hour,2022-03-19T12:00:00+01:00,2022-03-19T13:00:00+01:00,BE-TSO-0001,21X-BE-A-A0A0A-Y,Fluxys Belgium,ITP-00112,Eynatten 1 (BE) // Lichtenbusch / Raeren (DE),21Z0000000000155,entry,kWh/h,,,0,2022-03-20T10:36:08+01:00,,Confirmed,,,,,True,,,True,PRISMA,,https://platform.prisma-capacity.eu/,,Cross-Border Transmission IP within EU,0,False
1Physical Flowhour2022-03-19 12:00:00 +00:002022-03-19 13:00:00 +00:00BE-TSO-0001ITP-00112entrykWh/h,1,Physical Flow,hour,2022-03-19T13:00:00+01:00,2022-03-19T14:00:00+01:00,BE-TSO-0001,21X-BE-A-A0A0A-Y,Fluxys Belgium,ITP-00112,Eynatten 1 (BE) // Lichtenbusch / Raeren (DE),21Z0000000000155,entry,kWh/h,,,0,2022-03-20T10:36:08+01:00,,Confirmed,,,,,True,,,True,PRISMA,,https://platform.prisma-capacity.eu/,,Cross-Border Transmission IP within EU,0,False
1Physical Flowhour2022-03-19 13:00:00 +00:002022-03-19 14:00:00 +00:00BE-TSO-0001ITP-00112entrykWh/h,1,Physical Flow,hour,2022-03-19T14:00:00+01:00,2022-03-19T15:00:00+01:00,BE-TSO-0001,21X-BE-A-A0A0A-Y,Fluxys Belgium,ITP-00112,Eynatten 1 (BE) // Lichtenbusch / Raeren (DE),21Z0000000000155,entry,kWh/h,,,0,2022-03-20T10:36:08+01:00,,Confirmed,,,,,True,,,True,PRISMA,,https://platform.prisma-capacity.eu/,,Cross-Border Transmission IP within EU,0,False
1Physical Flowhour2022-03-19 14:00:00 +00:002022-03-19 15:00:00 +00:00BE-TSO-0001ITP-00112entrykWh/h,1,Physical Flow,hour,2022-03-19T15:00:00+01:00,2022-03-19T16:00:00+01:00,BE-TSO-0001,21X-BE-A-A0A0A-Y,Fluxys Belgium,ITP-00112,Eynatten 1 (BE) // Lichtenbusch / Raeren (DE),21Z0000000000155,entry,kWh/h,,,0,2022-03-20T10:36:08+01:00,,Confirmed,,,,,True,,,True,PRISMA,,https://platform.prisma-capacity.eu/,,Cross-Border Transmission IP within EU,0,False
1Physical Flowhour2022-03-19 15:00:00 +00:002022-03-19 16:00:00 +00:00BE-TSO-0001ITP-00112entrykWh/h,1,Physical Flow,hour,2022-03-19T16:00:00+01:00,2022-03-19T17:00:00+01:00,BE-TSO-0001,21X-BE-A-A0A0A-Y,Fluxys Belgium,ITP-00112,Eynatten 1 (BE) // Lichtenbusch / Raeren (DE),21Z0000000000155,entry,kWh/h,,,0,2022-03-20T10:36:08+01:00,,Confirmed,,,,,True,,,True,PRISMA,,https://platform.prisma-capacity.eu/,,Cross-Border Transmission IP within EU,0,False
1Physical Flowhour2022-03-19 16:00:00 +00:002022-03-19 17:00:00 +00:00BE-TSO-0001ITP-00112entrykWh/h,1,Physical Flow,hour,2022-03-19T17:00:00+01:00,2022-03-19T18:00:00+01:00,BE-TSO-0001,21X-BE-A-A0A0A-Y,Fluxys Belgium,ITP-00112,Eynatten 1 (BE) // Lichtenbusch / Raeren (DE),21Z0000000000155,entry,kWh/h,,,0,2022-03-20T10:36:08+01:00,,Confirmed,,,,,True,,,True,PRISMA,,https://platform.prisma-capacity.eu/,,Cross-Border Transmission IP within EU,0,False
1Physical Flowhour2022-03-19 17:00:00 +00:002022-03-19 18:00:00 +00:00BE-TSO-0001ITP-00112entrykWh/h,1,Physical Flow,hour,2022-03-19T18:00:00+01:00,2022-03-19T19:00:00+01:00,BE-TSO-0001,21X-BE-A-A0A0A-Y,Fluxys Belgium,ITP-00112,Eynatten 1 (BE) // Lichtenbusch / Raeren (DE),21Z0000000000155,entry,kWh/h,,,0,2022-03-20T10:36:08+01:00,,Confirmed,,,,,True,,,True,PRISMA,,https://platform.prisma-capacity.eu/,,Cross-Border Transmission IP within EU,0,False
1Physical Flowhour2022-03-19 18:00:00 +00:002022-03-19 19:00:00 +00:00BE-TSO-0001ITP-00112entrykWh/h,1,Physical Flow,hour,2022-03-19T19:00:00+01:00,2022-03-19T20:00:00+01:00,BE-TSO-0001,21X-BE-A-A0A0A-Y,Fluxys Belgium,ITP-00112,Eynatten 1 (BE) // Lichtenbusch / Raeren (DE),21Z0000000000155,entry,kWh/h,,,0,2022-03-20T10:36:08+01:00,,Confirmed,,,,,True,,,True,PRISMA,,https://platform.prisma-capacity.eu/,,Cross-Border Transmission IP within EU,0,False
1Physical Flowhour2022-03-19 19:00:00 +00:002022-03-19 20:00:00 +00:00BE-TSO-0001ITP-00112entrykWh/h,1,Physical Flow,hour,2022-03-19T20:00:00+01:00,2022-03-19T21:00:00+01:00,BE-TSO-0001,21X-BE-A-A0A0A-Y,Fluxys Belgium,ITP-00112,Eynatten 1 (BE) // Lichtenbusch / Raeren (DE),21Z0000000000155,entry,kWh/h,,,0,2022-03-20T10:36:08+01:00,,Confirmed,,,,,True,,,True,PRISMA,,https://platform.prisma-capacity.eu/,,Cross-Border Transmission IP within EU,0,False
1Physical Flowhour2022-03-19 20:00:00 +00:002022-03-19 21:00:00 +00:00BE-TSO-0001ITP-00112entrykWh/h,1,Physical Flow,hour,2022-03-19T21:00:00+01:00,2022-03-19T22:00:00+01:00,BE-TSO-0001,21X-BE-A-A0A0A-Y,Fluxys Belgium,ITP-00112,Eynatten 1 (BE) // Lichtenbusch / Raeren (DE),21Z0000000000155,entry,kWh/h,,,0,2022-03-20T10:36:08+01:00,,Confirmed,,,,,True,,,True,PRISMA,,https://platform.prisma-capacity.eu/,,Cross-Border Transmission IP within EU,0,False
1Physical Flowhour2022-03-19 21:00:00 +00:002022-03-19 22:00:00 +00:00BE-TSO-0001ITP-00112entrykWh/h,1,Physical Flow,hour,2022-03-19T22:00:00+01:00,2022-03-19T23:00:00+01:00,BE-TSO-0001,21X-BE-A-A0A0A-Y,Fluxys Belgium,ITP-00112,Eynatten 1 (BE) // Lichtenbusch / Raeren (DE),21Z0000000000155,entry,kWh/h,,,0,2022-03-20T10:36:08+01:00,,Confirmed,,,,,True,,,True,PRISMA,,https://platform.prisma-capacity.eu/,,Cross-Border Transmission IP within EU,0,False
1Physical Flowhour2022-03-19 22:00:00 +00:002022-03-19 23:00:00 +00:00BE-TSO-0001ITP-00112entrykWh/h,1,Physical Flow,hour,2022-03-19T23:00:00+01:00,2022-03-20T00:00:00+01:00,BE-TSO-0001,21X-BE-A-A0A0A-Y,Fluxys Belgium,ITP-00112,Eynatten 1 (BE) // Lichtenbusch / Raeren (DE),21Z0000000000155,entry,kWh/h,,,0,2022-03-20T10:36:08+01:00,,Confirmed,,,,,True,,,True,PRISMA,,https://platform.prisma-capacity.eu/,,Cross-Border Transmission IP within EU,0,False
1Physical Flowhour2022-03-19 23:00:00 +00:002022-03-20 00:00:00 +00:00BE-TSO-0001ITP-00112entrykWh/h,1,Physical Flow,hour,2022-03-20T00:00:00+01:00,2022-03-20T01:00:00+01:00,BE-TSO-0001,21X-BE-A-A0A0A-Y,Fluxys Belgium,ITP-00112,Eynatten 1 (BE) // Lichtenbusch / Raeren (DE),21Z0000000000155,entry,kWh/h,,,0,2022-03-20T10:36:08+01:00,,Confirmed,,,,,True,,,True,PRISMA,,https://platform.prisma-capacity.eu/,,Cross-Border Transmission IP within EU,0,False
1Physical Flowhour2022-03-20 00:00:00 +00:002022-03-20 01:00:00 +00:00BE-TSO-0001ITP-00112entrykWh/h,1,Physical Flow,hour,2022-03-20T01:00:00+01:00,2022-03-20T02:00:00+01:00,BE-TSO-0001,21X-BE-A-A0A0A-Y,Fluxys Belgium,ITP-00112,Eynatten 1 (BE) // Lichtenbusch / Raeren (DE),21Z0000000000155,entry,kWh/h,,,0,2022-03-20T10:36:08+01:00,,Confirmed,,,,,True,,,True,PRISMA,,https://platform.prisma-capacity.eu/,,Cross-Border Transmission IP within EU,0,False
1Physical Flowhour2022-03-20 01:00:00 +00:002022-03-20 02:00:00 +00:00BE-TSO-0001ITP-00112entrykWh/h,1,Physical Flow,hour,2022-03-20T02:00:00+01:00,2022-03-20T03:00:00+01:00,BE-TSO-0001,21X-BE-A-A0A0A-Y,Fluxys Belgium,ITP-00112,Eynatten 1 (BE) // Lichtenbusch / Raeren (DE),21Z0000000000155,entry,kWh/h,,,0,2022-03-20T10:36:08+01:00,,Confirmed,,,,,True,,,True,PRISMA,,https://platform.prisma-capacity.eu/,,Cross-Border Transmission IP within EU,0,False
1Physical Flowhour2022-03-20 02:00:00 +00:002022-03-20 03:00:00 +00:00BE-TSO-0001ITP-00112entrykWh/h,1,Physical Flow,hour,2022-03-20T03:00:00+01:00,2022-03-20T04:00:00+01:00,BE-TSO-0001,21X-BE-A-A0A0A-Y,Fluxys Belgium,ITP-00112,Eynatten 1 (BE) // Lichtenbusch / Raeren (DE),21Z0000000000155,entry,kWh/h,,,0,2022-03-20T10:36:08+01:00,,Confirmed,,,,,True,,,True,PRISMA,,https://platform.prisma-capacity.eu/,,Cross-Border Transmission IP within EU,0,False
1Physical Flowhour2022-03-20 03:00:00 +00:002022-03-20 04:00:00 +00:00BE-TSO-0001ITP-00112entrykWh/h,1,Physical Flow,hour,2022-03-20T04:00:00+01:00,2022-03-20T05:00:00+01:00,BE-TSO-0001,21X-BE-A-A0A0A-Y,Fluxys Belgium,ITP-00112,Eynatten 1 (BE) // Lichtenbusch / Raeren (DE),21Z0000000000155,entry,kWh/h,,,0,2022-03-20T10:36:08+01:00,,Confirmed,,,,,True,,,True,PRISMA,,https://platform.prisma-capacity.eu/,,Cross-Border Transmission IP within EU,0,False
1Physical Flowhour2022-03-20 04:00:00 +00:002022-03-20 05:00:00 +00:00BE-TSO-0001ITP-00112entrykWh/h,1,Physical Flow,hour,2022-03-20T05:00:00+01:00,2022-03-20T06:00:00+01:00,BE-TSO-0001,21X-BE-A-A0A0A-Y,Fluxys Belgium,ITP-00112,Eynatten 1 (BE) // Lichtenbusch / Raeren (DE),21Z0000000000155,entry,kWh/h,,,0,2022-03-20T10:36:08+01:00,,Confirmed,,,,,True,,,True,PRISMA,,https://platform.prisma-capacity.eu/,,Cross-Border Transmission IP within EU,0,False
1Physical Flowhour2022-03-20 05:00:00 +00:002022-03-20 06:00:00 +00:00BE-TSO-0001ITP-00112entrykWh/h,1,Physical Flow,hour,2022-03-20T06:00:00+01:00,2022-03-20T07:00:00+01:00,BE-TSO-0001,21X-BE-A-A0A0A-Y,Fluxys Belgium,ITP-00112,Eynatten 1 (BE) // Lichtenbusch / Raeren (DE),21Z0000000000155,entry,kWh/h,,,0,2022-03-21T10:42:09+01:00,,Confirmed,,,,,True,,,True,PRISMA,,https://platform.prisma-capacity.eu/,,Cross-Border Transmission IP within EU,0,False
1Physical Flowhour2022-03-20 06:00:00 +00:002022-03-20 07:00:00 +00:00BE-TSO-0001ITP-00112entrykWh/h,1,Physical Flow,hour,2022-03-20T07:00:00+01:00,2022-03-20T08:00:00+01:00,BE-TSO-0001,21X-BE-A-A0A0A-Y,Fluxys Belgium,ITP-00112,Eynatten 1 (BE) // Lichtenbusch / Raeren (DE),21Z0000000000155,entry,kWh/h,,,0,2022-03-21T10:42:09+01:00,,Confirmed,,,,,True,,,True,PRISMA,,https://platform.prisma-capacity.eu/,,Cross-Border Transmission IP within EU,0,False
1Physical Flowhour2022-03-20 07:00:00 +00:002022-03-20 08:00:00 +00:00BE-TSO-0001ITP-00112entrykWh/h,1,Physical Flow,hour,2022-03-20T08:00:00+01:00,2022-03-20T09:00:00+01:00,BE-TSO-0001,21X-BE-A-A0A0A-Y,Fluxys Belgium,ITP-00112,Eynatten 1 (BE) // Lichtenbusch / Raeren (DE),21Z0000000000155,entry,kWh/h,,,0,2022-03-21T10:42:09+01:00,,Confirmed,,,,,True,,,True,PRISMA,,https://platform.prisma-capacity.eu/,,Cross-Border Transmission IP within EU,0,False
1Physical Flowhour2022-03-20 08:00:00 +00:002022-03-20 09:00:00 +00:00BE-TSO-0001ITP-00112entrykWh/h,1,Physical Flow,hour,2022-03-20T09:00:00+01:00,2022-03-20T10:00:00+01:00,BE-TSO-0001,21X-BE-A-A0A0A-Y,Fluxys Belgium,ITP-00112,Eynatten 1 (BE) // Lichtenbusch / Raeren (DE),21Z0000000000155,entry,kWh/h,,,0,2022-03-21T10:42:09+01:00,,Confirmed,,,,,True,,,True,PRISMA,,https://platform.prisma-capacity.eu/,,Cross-Border Transmission IP within EU,0,False
1Physical Flowhour2022-03-20 09:00:00 +00:002022-03-20 10:00:00 +00:00BE-TSO-0001ITP-00112entrykWh/h,1,Physical Flow,hour,2022-03-20T10:00:00+01:00,2022-03-20T11:00:00+01:00,BE-TSO-0001,21X-BE-A-A0A0A-Y,Fluxys Belgium,ITP-00112,Eynatten 1 (BE) // Lichtenbusch / Raeren (DE),21Z0000000000155,entry,kWh/h,,,0,2022-03-21T10:42:09+01:00,,Confirmed,,,,,True,,,True,PRISMA,,https://platform.prisma-capacity.eu/,,Cross-Border Transmission IP within EU,0,False
1Physical Flowhour2022-03-20 10:00:00 +00:002022-03-20 11:00:00 +00:00BE-TSO-0001ITP-00112entrykWh/h,1,Physical Flow,hour,2022-03-20T11:00:00+01:00,2022-03-20T12:00:00+01:00,BE-TSO-0001,21X-BE-A-A0A0A-Y,Fluxys Belgium,ITP-00112,Eynatten 1 (BE) // Lichtenbusch / Raeren (DE),21Z0000000000155,entry,kWh/h,,,0,2022-03-21T10:42:09+01:00,,Confirmed,,,,,True,,,True,PRISMA,,https://platform.prisma-capacity.eu/,,Cross-Border Transmission IP within EU,0,False
1Physical Flowhour2022-03-20 11:00:00 +00:002022-03-20 12:00:00 +00:00BE-TSO-0001ITP-00112entrykWh/h,1,Physical Flow,hour,2022-03-20T12:00:00+01:00,2022-03-20T13:00:00+01:00,BE-TSO-0001,21X-BE-A-A0A0A-Y,Fluxys Belgium,ITP-00112,Eynatten 1 (BE) // Lichtenbusch / Raeren (DE),21Z0000000000155,entry,kWh/h,,,0,2022-03-21T10:42:09+01:00,,Confirmed,,,,,True,,,True,PRISMA,,https://platform.prisma-capacity.eu/,,Cross-Border Transmission IP within EU,0,False
1Physical Flowhour2022-03-20 12:00:00 +00:002022-03-20 13:00:00 +00:00BE-TSO-0001ITP-00112entrykWh/h,1,Physical Flow,hour,2022-03-20T13:00:00+01:00,2022-03-20T14:00:00+01:00,BE-TSO-0001,21X-BE-A-A0A0A-Y,Fluxys Belgium,ITP-00112,Eynatten 1 (BE) // Lichtenbusch / Raeren (DE),21Z0000000000155,entry,kWh/h,,,0,2022-03-21T10:42:09+01:00,,Confirmed,,,,,True,,,True,PRISMA,,https://platform.prisma-capacity.eu/,,Cross-Border Transmission IP within EU,0,False
1Physical Flowhour2022-03-20 13:00:00 +00:002022-03-20 14:00:00 +00:00BE-TSO-0001ITP-00112entrykWh/h,1,Physical Flow,hour,2022-03-20T14:00:00+01:00,2022-03-20T15:00:00+01:00,BE-TSO-0001,21X-BE-A-A0A0A-Y,Fluxys Belgium,ITP-00112,Eynatten 1 (BE) // Lichtenbusch / Raeren (DE),21Z0000000000155,entry,kWh/h,,,0,2022-03-21T10:42:09+01:00,,Confirmed,,,,,True,,,True,PRISMA,,https://platform.prisma-capacity.eu/,,Cross-Border Transmission IP within EU,0,False
1Physical Flowhour2022-03-20 14:00:00 +00:002022-03-20 15:00:00 +00:00BE-TSO-0001ITP-00112entrykWh/h,1,Physical Flow,hour,2022-03-20T15:00:00+01:00,2022-03-20T16:00:00+01:00,BE-TSO-0001,21X-BE-A-A0A0A-Y,Fluxys Belgium,ITP-00112,Eynatten 1 (BE) // Lichtenbusch / Raeren (DE),21Z0000000000155,entry,kWh/h,,,0,2022-03-21T10:42:09+01:00,,Confirmed,,,,,True,,,True,PRISMA,,https://platform.prisma-capacity.eu/,,Cross-Border Transmission IP within EU,0,False
1Physical Flowhour2022-03-20 15:00:00 +00:002022-03-20 16:00:00 +00:00BE-TSO-0001ITP-00112entrykWh/h,1,Physical Flow,hour,2022-03-20T16:00:00+01:00,2022-03-20T17:00:00+01:00,BE-TSO-0001,21X-BE-A-A0A0A-Y,Fluxys Belgium,ITP-00112,Eynatten 1 (BE) // Lichtenbusch / Raeren (DE),21Z0000000000155,entry,kWh/h,,,0,2022-03-21T10:42:09+01:00,,Confirmed,,,,,True,,,True,PRISMA,,https://platform.prisma-capacity.eu/,,Cross-Border Transmission IP within EU,0,False
1Physical Flowhour2022-03-20 16:00:00 +00:002022-03-20 17:00:00 +00:00BE-TSO-0001ITP-00112entrykWh/h,1,Physical Flow,hour,2022-03-20T17:00:00+01:00,2022-03-20T18:00:00+01:00,BE-TSO-0001,21X-BE-A-A0A0A-Y,Fluxys Belgium,ITP-00112,Eynatten 1 (BE) // Lichtenbusch / Raeren (DE),21Z0000000000155,entry,kWh/h,,,0,2022-03-21T10:42:09+01:00,,Confirmed,,,,,True,,,True,PRISMA,,https://platform.prisma-capacity.eu/,,Cross-Border Transmission IP within EU,0,False
1Physical Flowhour2022-03-20 17:00:00 +00:002022-03-20 18:00:00 +00:00BE-TSO-0001ITP-00112entrykWh/h,1,Physical Flow,hour,2022-03-20T18:00:00+01:00,2022-03-20T19:00:00+01:00,BE-TSO-0001,21X-BE-A-A0A0A-Y,Fluxys Belgium,ITP-00112,Eynatten 1 (BE) // Lichtenbusch / Raeren (DE),21Z0000000000155,entry,kWh/h,,,0,2022-03-21T10:42:09+01:00,,Confirmed,,,,,True,,,True,PRISMA,,https://platform.prisma-capacity.eu/,,Cross-Border Transmission IP within EU,0,False
1Physical Flowhour2022-03-20 18:00:00 +00:002022-03-20 19:00:00 +00:00BE-TSO-0001ITP-00112entrykWh/h,1,Physical Flow,hour,2022-03-20T19:00:00+01:00,2022-03-20T20:00:00+01:00,BE-TSO-0001,21X-BE-A-A0A0A-Y,Fluxys Belgium,ITP-00112,Eynatten 1 (BE) // Lichtenbusch / Raeren (DE),21Z0000000000155,entry,kWh/h,,,0,2022-03-21T10:42:09+01:00,,Confirmed,,,,,True,,,True,PRISMA,,https://platform.prisma-capacity.eu/,,Cross-Border Transmission IP within EU,0,False
1Physical Flowhour2022-03-20 19:00:00 +00:002022-03-20 20:00:00 +00:00BE-TSO-0001ITP-00112entrykWh/h,1,Physical Flow,hour,2022-03-20T20:00:00+01:00,2022-03-20T21:00:00+01:00,BE-TSO-0001,21X-BE-A-A0A0A-Y,Fluxys Belgium,ITP-00112,Eynatten 1 (BE) // Lichtenbusch / Raeren (DE),21Z0000000000155,entry,kWh/h,,,0,2022-03-21T10:42:09+01:00,,Confirmed,,,,,True,,,True,PRISMA,,https://platform.prisma-capacity.eu/,,Cross-Border Transmission IP within EU,0,False
1Physical Flowhour2022-03-20 20:00:00 +00:002022-03-20 21:00:00 +00:00BE-TSO-0001ITP-00112entrykWh/h,1,Physical Flow,hour,2022-03-20T21:00:00+01:00,2022-03-20T22:00:00+01:00,BE-TSO-0001,21X-BE-A-A0A0A-Y,Fluxys Belgium,ITP-00112,Eynatten 1 (BE) // Lichtenbusch / Raeren (DE),21Z0000000000155,entry,kWh/h,,,0,2022-03-21T10:42:09+01:00,,Confirmed,,,,,True,,,True,PRISMA,,https://platform.prisma-capacity.eu/,,Cross-Border Transmission IP within EU,0,False
1Physical Flowhour2022-03-20 21:00:00 +00:002022-03-20 22:00:00 +00:00BE-TSO-0001ITP-00112entrykWh/h,1,Physical Flow,hour,2022-03-20T22:00:00+01:00,2022-03-20T23:00:00+01:00,BE-TSO-0001,21X-BE-A-A0A0A-Y,Fluxys Belgium,ITP-00112,Eynatten 1 (BE) // Lichtenbusch / Raeren (DE),21Z0000000000155,entry,kWh/h,,,0,2022-03-21T10:42:09+01:00,,Confirmed,,,,,True,,,True,PRISMA,,https://platform.prisma-capacity.eu/,,Cross-Border Transmission IP within EU,0,False
1Physical Flowhour2022-03-20 22:00:00 +00:002022-03-20 23:00:00 +00:00BE-TSO-0001ITP-00112entrykWh/h,1,Physical Flow,hour,2022-03-20T23:00:00+01:00,2022-03-21T00:00:00+01:00,BE-TSO-0001,21X-BE-A-A0A0A-Y,Fluxys Belgium,ITP-00112,Eynatten 1 (BE) // Lichtenbusch / Raeren (DE),21Z0000000000155,entry,kWh/h,,,0,2022-03-21T10:42:09+01:00,,Confirmed,,,,,True,,,True,PRISMA,,https://platform.prisma-capacity.eu/,,Cross-Border Transmission IP within EU,0,False
1Physical Flowhour2022-03-20 23:00:00 +00:002022-03-21 00:00:00 +00:00BE-TSO-0001ITP-00112entrykWh/h,1,Physical Flow,hour,2022-03-21T00:00:00+01:00,2022-03-21T01:00:00+01:00,BE-TSO-0001,21X-BE-A-A0A0A-Y,Fluxys Belgium,ITP-00112,Eynatten 1 (BE) // Lichtenbusch / Raeren (DE),21Z0000000000155,entry,kWh/h,,,0,2022-03-21T10:42:09+01:00,,Confirmed,,,,,True,,,True,PRISMA,,https://platform.prisma-capacity.eu/,,Cross-Border Transmission IP within EU,0,False
1Physical Flowhour2022-03-21 00:00:00 +00:002022-03-21 01:00:00 +00:00BE-TSO-0001ITP-00112entrykWh/h,1,Physical Flow,hour,2022-03-21T01:00:00+01:00,2022-03-21T02:00:00+01:00,BE-TSO-0001,21X-BE-A-A0A0A-Y,Fluxys Belgium,ITP-00112,Eynatten 1 (BE) // Lichtenbusch / Raeren (DE),21Z0000000000155,entry,kWh/h,,,0,2022-03-21T10:42:09+01:00,,Confirmed,,,,,True,,,True,PRISMA,,https://platform.prisma-capacity.eu/,,Cross-Border Transmission IP within EU,0,False
1Physical Flowhour2022-03-21 01:00:00 +00:002022-03-21 02:00:00 +00:00BE-TSO-0001ITP-00112entrykWh/h,1,Physical Flow,hour,2022-03-21T02:00:00+01:00,2022-03-21T03:00:00+01:00,BE-TSO-0001,21X-BE-A-A0A0A-Y,Fluxys Belgium,ITP-00112,Eynatten 1 (BE) // Lichtenbusch / Raeren (DE),21Z0000000000155,entry,kWh/h,,,0,2022-03-21T10:42:09+01:00,,Confirmed,,,,,True,,,True,PRISMA,,https://platform.prisma-capacity.eu/,,Cross-Border Transmission IP within EU,0,False
1Physical Flowhour2022-03-21 02:00:00 +00:002022-03-21 03:00:00 +00:00BE-TSO-0001ITP-00112entrykWh/h,1,Physical Flow,hour,2022-03-21T03:00:00+01:00,2022-03-21T04:00:00+01:00,BE-TSO-0001,21X-BE-A-A0A0A-Y,Fluxys Belgium,ITP-00112,Eynatten 1 (BE) // Lichtenbusch / Raeren (DE),21Z0000000000155,entry,kWh/h,,,0,2022-03-21T10:42:09+01:00,,Confirmed,,,,,True,,,True,PRISMA,,https://platform.prisma-capacity.eu/,,Cross-Border Transmission IP within EU,0,False
1Physical Flowhour2022-03-21 03:00:00 +00:002022-03-21 04:00:00 +00:00BE-TSO-0001ITP-00112entrykWh/h,1,Physical Flow,hour,2022-03-21T04:00:00+01:00,2022-03-21T05:00:00+01:00,BE-TSO-0001,21X-BE-A-A0A0A-Y,Fluxys Belgium,ITP-00112,Eynatten 1 (BE) // Lichtenbusch / Raeren (DE),21Z0000000000155,entry,kWh/h,,,0,2022-03-21T10:42:09+01:00,,Confirmed,,,,,True,,,True,PRISMA,,https://platform.prisma-capacity.eu/,,Cross-Border Transmission IP within EU,0,False
1Physical Flowhour2022-03-21 04:00:00 +00:002022-03-21 05:00:00 +00:00BE-TSO-0001ITP-00112entrykWh/h,1,Physical Flow,hour,2022-03-21T05:00:00+01:00,2022-03-21T06:00:00+01:00,BE-TSO-0001,21X-BE-A-A0A0A-Y,Fluxys Belgium,ITP-00112,Eynatten 1 (BE) // Lichtenbusch / Raeren (DE),21Z0000000000155,entry,kWh/h,,,0,2022-03-21T10:42:09+01:00,,Confirmed,,,,,True,,,True,PRISMA,,https://platform.prisma-capacity.eu/,,Cross-Border Transmission IP within EU,0,False
1Physical Flowhour2022-03-21 05:00:00 +00:002022-03-21 06:00:00 +00:00BE-TSO-0001ITP-00112entrykWh/h,1,Physical Flow,hour,2022-03-21T06:00:00+01:00,2022-03-21T07:00:00+01:00,BE-TSO-0001,21X-BE-A-A0A0A-Y,Fluxys Belgium,ITP-00112,Eynatten 1 (BE) // Lichtenbusch / Raeren (DE),21Z0000000000155,entry,kWh/h,,,0,2022-03-22T10:36:08+01:00,,Confirmed,,,,,True,,,True,PRISMA,,https://platform.prisma-capacity.eu/,,Cross-Border Transmission IP within EU,0,False
1Physical Flowhour2022-03-21 06:00:00 +00:002022-03-21 07:00:00 +00:00BE-TSO-0001ITP-00112entrykWh/h,1,Physical Flow,hour,2022-03-21T07:00:00+01:00,2022-03-21T08:00:00+01:00,BE-TSO-0001,21X-BE-A-A0A0A-Y,Fluxys Belgium,ITP-00112,Eynatten 1 (BE) // Lichtenbusch / Raeren (DE),21Z0000000000155,entry,kWh/h,,,0,2022-03-22T10:36:08+01:00,,Confirmed,,,,,True,,,True,PRISMA,,https://platform.prisma-capacity.eu/,,Cross-Border Transmission IP within EU,0,False
1Physical Flowhour2022-03-21 07:00:00 +00:002022-03-21 08:00:00 +00:00BE-TSO-0001ITP-00112entrykWh/h,1,Physical Flow,hour,2022-03-21T08:00:00+01:00,2022-03-21T09:00:00+01:00,BE-TSO-0001,21X-BE-A-A0A0A-Y,Fluxys Belgium,ITP-00112,Eynatten 1 (BE) // Lichtenbusch / Raeren (DE),21Z0000000000155,entry,kWh/h,,,0,2022-03-22T10:36:08+01:00,,Confirmed,,,,,True,,,True,PRISMA,,https://platform.prisma-capacity.eu/,,Cross-Border Transmission IP within EU,0,False
1Physical Flowhour2022-03-21 08:00:00 +00:002022-03-21 09:00:00 +00:00BE-TSO-0001ITP-00112entrykWh/h,1,Physical Flow,hour,2022-03-21T09:00:00+01:00,2022-03-21T10:00:00+01:00,BE-TSO-0001,21X-BE-A-A0A0A-Y,Fluxys Belgium,ITP-00112,Eynatten 1 (BE) // Lichtenbusch / Raeren (DE),21Z0000000000155,entry,kWh/h,,,0,2022-03-22T10:36:08+01:00,,Confirmed,,,,,True,,,True,PRISMA,,https://platform.prisma-capacity.eu/,,Cross-Border Transmission IP within EU,0,False
1Physical Flowhour2022-03-21 09:00:00 +00:002022-03-21 10:00:00 +00:00BE-TSO-0001ITP-00112entrykWh/h,1,Physical Flow,hour,2022-03-21T10:00:00+01:00,2022-03-21T11:00:00+01:00,BE-TSO-0001,21X-BE-A-A0A0A-Y,Fluxys Belgium,ITP-00112,Eynatten 1 (BE) // Lichtenbusch / Raeren (DE),21Z0000000000155,entry,kWh/h,,,0,2022-03-22T10:36:08+01:00,,Confirmed,,,,,True,,,True,PRISMA,,https://platform.prisma-capacity.eu/,,Cross-Border Transmission IP within EU,0,False
1Physical Flowhour2022-03-21 10:00:00 +00:002022-03-21 11:00:00 +00:00BE-TSO-0001ITP-00112entrykWh/h,1,Physical Flow,hour,2022-03-21T11:00:00+01:00,2022-03-21T12:00:00+01:00,BE-TSO-0001,21X-BE-A-A0A0A-Y,Fluxys Belgium,ITP-00112,Eynatten 1 (BE) // Lichtenbusch / Raeren (DE),21Z0000000000155,entry,kWh/h,,,0,2022-03-22T10:36:08+01:00,,Confirmed,,,,,True,,,True,PRISMA,,https://platform.prisma-capacity.eu/,,Cross-Border Transmission IP within EU,0,False
1Physical Flowhour2022-03-21 11:00:00 +00:002022-03-21 12:00:00 +00:00BE-TSO-0001ITP-00112entrykWh/h,1,Physical Flow,hour,2022-03-21T12:00:00+01:00,2022-03-21T13:00:00+01:00,BE-TSO-0001,21X-BE-A-A0A0A-Y,Fluxys Belgium,ITP-00112,Eynatten 1 (BE) // Lichtenbusch / Raeren (DE),21Z0000000000155,entry,kWh/h,,,0,2022-03-22T10:36:08+01:00,,Confirmed,,,,,True,,,True,PRISMA,,https://platform.prisma-capacity.eu/,,Cross-Border Transmission IP within EU,0,False
1Physical Flowhour2022-03-21 12:00:00 +00:002022-03-21 13:00:00 +00:00BE-TSO-0001ITP-00112entrykWh/h,1,Physical Flow,hour,2022-03-21T13:00:00+01:00,2022-03-21T14:00:00+01:00,BE-TSO-0001,21X-BE-A-A0A0A-Y,Fluxys Belgium,ITP-00112,Eynatten 1 (BE) // Lichtenbusch / Raeren (DE),21Z0000000000155,entry,kWh/h,,,0,2022-03-22T10:36:08+01:00,,Confirmed,,,,,True,,,True,PRISMA,,https://platform.prisma-capacity.eu/,,Cross-Border Transmission IP within EU,0,False
1Physical Flowhour2022-03-21 13:00:00 +00:002022-03-21 14:00:00 +00:00BE-TSO-0001ITP-00112entrykWh/h,1,Physical Flow,hour,2022-03-21T14:00:00+01:00,2022-03-21T15:00:00+01:00,BE-TSO-0001,21X-BE-A-A0A0A-Y,Fluxys Belgium,ITP-00112,Eynatten 1 (BE) // Lichtenbusch / Raeren (DE),21Z0000000000155,entry,kWh/h,,,0,2022-03-22T10:36:08+01:00,,Confirmed,,,,,True,,,True,PRISMA,,https://platform.prisma-capacity.eu/,,Cross-Border Transmission IP within EU,0,False
1Physical Flowhour2022-03-21 14:00:00 +00:002022-03-21 15:00:00 +00:00BE-TSO-0001ITP-00112entrykWh/h,1,Physical Flow,hour,2022-03-21T15:00:00+01:00,2022-03-21T16:00:00+01:00,BE-TSO-0001,21X-BE-A-A0A0A-Y,Fluxys Belgium,ITP-00112,Eynatten 1 (BE) // Lichtenbusch / Raeren (DE),21Z0000000000155,entry,kWh/h,,,0,2022-03-22T10:36:08+01:00,,Confirmed,,,,,True,,,True,PRISMA,,https://platform.prisma-capacity.eu/,,Cross-Border Transmission IP within EU,0,False
1Physical Flowhour2022-03-21 15:00:00 +00:002022-03-21 16:00:00 +00:00BE-TSO-0001ITP-00112entrykWh/h,1,Physical Flow,hour,2022-03-21T16:00:00+01:00,2022-03-21T17:00:00+01:00,BE-TSO-0001,21X-BE-A-A0A0A-Y,Fluxys Belgium,ITP-00112,Eynatten 1 (BE) // Lichtenbusch / Raeren (DE),21Z0000000000155,entry,kWh/h,,,0,2022-03-22T10:36:08+01:00,,Confirmed,,,,,True,,,True,PRISMA,,https://platform.prisma-capacity.eu/,,Cross-Border Transmission IP within EU,0,False
1Physical Flowhour2022-03-21 16:00:00 +00:002022-03-21 17:00:00 +00:00BE-TSO-0001ITP-00112entrykWh/h,1,Physical Flow,hour,2022-03-21T17:00:00+01:00,2022-03-21T18:00:00+01:00,BE-TSO-0001,21X-BE-A-A0A0A-Y,Fluxys Belgium,ITP-00112,Eynatten 1 (BE) // Lichtenbusch / Raeren (DE),21Z0000000000155,entry,kWh/h,,,0,2022-03-22T10:36:08+01:00,,Confirmed,,,,,True,,,True,PRISMA,,https://platform.prisma-capacity.eu/,,Cross-Border Transmission IP within EU,0,False
1Physical Flowhour2022-03-21 17:00:00 +00:002022-03-21 18:00:00 +00:00BE-TSO-0001ITP-00112entrykWh/h,1,Physical Flow,hour,2022-03-21T18:00:00+01:00,2022-03-21T19:00:00+01:00,BE-TSO-0001,21X-BE-A-A0A0A-Y,Fluxys Belgium,ITP-00112,Eynatten 1 (BE) // Lichtenbusch / Raeren (DE),21Z0000000000155,entry,kWh/h,,,0,2022-03-22T10:36:08+01:00,,Confirmed,,,,,True,,,True,PRISMA,,https://platform.prisma-capacity.eu/,,Cross-Border Transmission IP within EU,0,False
1Physical Flowhour2022-03-21 18:00:00 +00:002022-03-21 19:00:00 +00:00BE-TSO-0001ITP-00112entrykWh/h,1,Physical Flow,hour,2022-03-21T19:00:00+01:00,2022-03-21T20:00:00+01:00,BE-TSO-0001,21X-BE-A-A0A0A-Y,Fluxys Belgium,ITP-00112,Eynatten 1 (BE) // Lichtenbusch / Raeren (DE),21Z0000000000155,entry,kWh/h,,,0,2022-03-22T10:36:08+01:00,,Confirmed,,,,,True,,,True,PRISMA,,https://platform.prisma-capacity.eu/,,Cross-Border Transmission IP within EU,0,False
1Physical Flowhour2022-03-21 19:00:00 +00:002022-03-21 20:00:00 +00:00BE-TSO-0001ITP-00112entrykWh/h,1,Physical Flow,hour,2022-03-21T20:00:00+01:00,2022-03-21T21:00:00+01:00,BE-TSO-0001,21X-BE-A-A0A0A-Y,Fluxys Belgium,ITP-00112,Eynatten 1 (BE) // Lichtenbusch / Raeren (DE),21Z0000000000155,entry,kWh/h,,,0,2022-03-22T10:36:08+01:00,,Confirmed,,,,,True,,,True,PRISMA,,https://platform.prisma-capacity.eu/,,Cross-Border Transmission IP within EU,0,False
1Physical Flowhour2022-03-21 20:00:00 +00:002022-03-21 21:00:00 +00:00BE-TSO-0001ITP-00112entrykWh/h,1,Physical Flow,hour,2022-03-21T21:00:00+01:00,2022-03-21T22:00:00+01:00,BE-TSO-0001,21X-BE-A-A0A0A-Y,Fluxys Belgium,ITP-00112,Eynatten 1 (BE) // Lichtenbusch / Raeren (DE),21Z0000000000155,entry,kWh/h,,,0,2022-03-22T10:36:08+01:00,,Confirmed,,,,,True,,,True,PRISMA,,https://platform.prisma-capacity.eu/,,Cross-Border Transmission IP within EU,0,False
1Physical Flowhour2022-03-21 21:00:00 +00:002022-03-21 22:00:00 +00:00BE-TSO-0001ITP-00112entrykWh/h,1,Physical Flow,hour,2022-03-21T22:00:00+01:00,2022-03-21T23:00:00+01:00,BE-TSO-0001,21X-BE-A-A0A0A-Y,Fluxys Belgium,ITP-00112,Eynatten 1 (BE) // Lichtenbusch / Raeren (DE),21Z0000000000155,entry,kWh/h,,,0,2022-03-22T10:36:08+01:00,,Confirmed,,,,,True,,,True,PRISMA,,https://platform.prisma-capacity.eu/,,Cross-Border Transmission IP within EU,0,False
1Physical Flowhour2022-03-21 22:00:00 +00:002022-03-21 23:00:00 +00:00BE-TSO-0001ITP-00112entrykWh/h,1,Physical Flow,hour,2022-03-21T23:00:00+01:00,2022-03-22T00:00:00+01:00,BE-TSO-0001,21X-BE-A-A0A0A-Y,Fluxys Belgium,ITP-00112,Eynatten 1 (BE) // Lichtenbusch / Raeren (DE),21Z0000000000155,entry,kWh/h,,,0,2022-03-22T10:36:08+01:00,,Confirmed,,,,,True,,,True,PRISMA,,https://platform.prisma-capacity.eu/,,Cross-Border Transmission IP within EU,0,False
1Physical Flowhour2022-03-21 23:00:00 +00:002022-03-22 00:00:00 +00:00BE-TSO-0001ITP-00112entrykWh/h,1,Physical Flow,hour,2022-03-22T00:00:00+01:00,2022-03-22T01:00:00+01:00,BE-TSO-0001,21X-BE-A-A0A0A-Y,Fluxys Belgium,ITP-00112,Eynatten 1 (BE) // Lichtenbusch / Raeren (DE),21Z0000000000155,entry,kWh/h,,,0,2022-03-22T10:36:08+01:00,,Confirmed,,,,,True,,,True,PRISMA,,https://platform.prisma-capacity.eu/,,Cross-Border Transmission IP within EU,0,False
1Physical Flowhour2022-03-22 00:00:00 +00:002022-03-22 01:00:00 +00:00BE-TSO-0001ITP-00112entrykWh/h,1,Physical Flow,hour,2022-03-22T01:00:00+01:00,2022-03-22T02:00:00+01:00,BE-TSO-0001,21X-BE-A-A0A0A-Y,Fluxys Belgium,ITP-00112,Eynatten 1 (BE) // Lichtenbusch / Raeren (DE),21Z0000000000155,entry,kWh/h,,,0,2022-03-22T10:36:08+01:00,,Confirmed,,,,,True,,,True,PRISMA,,https://platform.prisma-capacity.eu/,,Cross-Border Transmission IP within EU,0,False
1Physical Flowhour2022-03-22 01:00:00 +00:002022-03-22 02:00:00 +00:00BE-TSO-0001ITP-00112entrykWh/h,1,Physical Flow,hour,2022-03-22T02:00:00+01:00,2022-03-22T03:00:00+01:00,BE-TSO-0001,21X-BE-A-A0A0A-Y,Fluxys Belgium,ITP-00112,Eynatten 1 (BE) // Lichtenbusch / Raeren (DE),21Z0000000000155,entry,kWh/h,,,0,2022-03-22T10:36:08+01:00,,Confirmed,,,,,True,,,True,PRISMA,,https://platform.prisma-capacity.eu/,,Cross-Border Transmission IP within EU,0,False
1Physical Flowhour2022-03-22 02:00:00 +00:002022-03-22 03:00:00 +00:00BE-TSO-0001ITP-00112entrykWh/h,1,Physical Flow,hour,2022-03-22T03:00:00+01:00,2022-03-22T04:00:00+01:00,BE-TSO-0001,21X-BE-A-A0A0A-Y,Fluxys Belgium,ITP-00112,Eynatten 1 (BE) // Lichtenbusch / Raeren (DE),21Z0000000000155,entry,kWh/h,,,0,2022-03-22T10:36:08+01:00,,Confirmed,,,,,True,,,True,PRISMA,,https://platform.prisma-capacity.eu/,,Cross-Border Transmission IP within EU,0,False
1Physical Flowhour2022-03-22 03:00:00 +00:002022-03-22 04:00:00 +00:00BE-TSO-0001ITP-00112entrykWh/h,1,Physical Flow,hour,2022-03-22T04:00:00+01:00,2022-03-22T05:00:00+01:00,BE-TSO-0001,21X-BE-A-A0A0A-Y,Fluxys Belgium,ITP-00112,Eynatten 1 (BE) // Lichtenbusch / Raeren (DE),21Z0000000000155,entry,kWh/h,,,0,2022-03-22T10:36:08+01:00,,Confirmed,,,,,True,,,True,PRISMA,,https://platform.prisma-capacity.eu/,,Cross-Border Transmission IP within EU,0,False
1Physical Flowhour2022-03-22 04:00:00 +00:002022-03-22 05:00:00 +00:00BE-TSO-0001ITP-00112entrykWh/h,1,Physical Flow,hour,2022-03-22T05:00:00+01:00,2022-03-22T06:00:00+01:00,BE-TSO-0001,21X-BE-A-A0A0A-Y,Fluxys Belgium,ITP-00112,Eynatten 1 (BE) // Lichtenbusch / Raeren (DE),21Z0000000000155,entry,kWh/h,,,0,2022-03-22T10:36:08+01:00,,Confirmed,,,,,True,,,True,PRISMA,,https://platform.prisma-capacity.eu/,,Cross-Border Transmission IP within EU,0,False
1Physical Flowhour2022-03-22 05:00:00 +00:002022-03-22 06:00:00 +00:00BE-TSO-0001ITP-00112entrykWh/h,1,Physical Flow,hour,2022-03-22T06:00:00+01:00,2022-03-22T07:00:00+01:00,BE-TSO-0001,21X-BE-A-A0A0A-Y,Fluxys Belgium,ITP-00112,Eynatten 1 (BE) // Lichtenbusch / Raeren (DE),21Z0000000000155,entry,kWh/h,,,0,2022-03-23T11:12:08+01:00,,Confirmed,,,,,True,,,True,PRISMA,,https://platform.prisma-capacity.eu/,,Cross-Border Transmission IP within EU,0,False
1Physical Flowhour2022-03-22 06:00:00 +00:002022-03-22 07:00:00 +00:00BE-TSO-0001ITP-00112entrykWh/h,1,Physical Flow,hour,2022-03-22T07:00:00+01:00,2022-03-22T08:00:00+01:00,BE-TSO-0001,21X-BE-A-A0A0A-Y,Fluxys Belgium,ITP-00112,Eynatten 1 (BE) // Lichtenbusch / Raeren (DE),21Z0000000000155,entry,kWh/h,,,0,2022-03-23T11:12:08+01:00,,Confirmed,,,,,True,,,True,PRISMA,,https://platform.prisma-capacity.eu/,,Cross-Border Transmission IP within EU,0,False
1Physical Flowhour2022-03-22 07:00:00 +00:002022-03-22 08:00:00 +00:00BE-TSO-0001ITP-00112entrykWh/h,1,Physical Flow,hour,2022-03-22T08:00:00+01:00,2022-03-22T09:00:00+01:00,BE-TSO-0001,21X-BE-A-A0A0A-Y,Fluxys Belgium,ITP-00112,Eynatten 1 (BE) // Lichtenbusch / Raeren (DE),21Z0000000000155,entry,kWh/h,,,0,2022-03-23T11:12:08+01:00,,Confirmed,,,,,True,,,True,PRISMA,,https://platform.prisma-capacity.eu/,,Cross-Border Transmission IP within EU,0,False
1Physical Flowhour2022-03-22 08:00:00 +00:002022-03-22 09:00:00 +00:00BE-TSO-0001ITP-00112entrykWh/h,1,Physical Flow,hour,2022-03-22T09:00:00+01:00,2022-03-22T10:00:00+01:00,BE-TSO-0001,21X-BE-A-A0A0A-Y,Fluxys Belgium,ITP-00112,Eynatten 1 (BE) // Lichtenbusch / Raeren (DE),21Z0000000000155,entry,kWh/h,,,0,2022-03-23T11:12:08+01:00,,Confirmed,,,,,True,,,True,PRISMA,,https://platform.prisma-capacity.eu/,,Cross-Border Transmission IP within EU,0,False
1Physical Flowhour2022-03-22 09:00:00 +00:002022-03-22 10:00:00 +00:00BE-TSO-0001ITP-00112entrykWh/h,1,Physical Flow,hour,2022-03-22T10:00:00+01:00,2022-03-22T11:00:00+01:00,BE-TSO-0001,21X-BE-A-A0A0A-Y,Fluxys Belgium,ITP-00112,Eynatten 1 (BE) // Lichtenbusch / Raeren (DE),21Z0000000000155,entry,kWh/h,,,0,2022-03-23T11:12:08+01:00,,Confirmed,,,,,True,,,True,PRISMA,,https://platform.prisma-capacity.eu/,,Cross-Border Transmission IP within EU,0,False
1Physical Flowhour2022-03-22 10:00:00 +00:002022-03-22 11:00:00 +00:00BE-TSO-0001ITP-00112entrykWh/h,1,Physical Flow,hour,2022-03-22T11:00:00+01:00,2022-03-22T12:00:00+01:00,BE-TSO-0001,21X-BE-A-A0A0A-Y,Fluxys Belgium,ITP-00112,Eynatten 1 (BE) // Lichtenbusch / Raeren (DE),21Z0000000000155,entry,kWh/h,,,0,2022-03-23T11:12:08+01:00,,Confirmed,,,,,True,,,True,PRISMA,,https://platform.prisma-capacity.eu/,,Cross-Border Transmission IP within EU,0,False
1Physical Flowhour2022-03-22 11:00:00 +00:002022-03-22 12:00:00 +00:00BE-TSO-0001ITP-00112entrykWh/h,1,Physical Flow,hour,2022-03-22T12:00:00+01:00,2022-03-22T13:00:00+01:00,BE-TSO-0001,21X-BE-A-A0A0A-Y,Fluxys Belgium,ITP-00112,Eynatten 1 (BE) // Lichtenbusch / Raeren (DE),21Z0000000000155,entry,kWh/h,,,0,2022-03-23T11:12:08+01:00,,Confirmed,,,,,True,,,True,PRISMA,,https://platform.prisma-capacity.eu/,,Cross-Border Transmission IP within EU,0,False
1Physical Flowhour2022-03-22 12:00:00 +00:002022-03-22 13:00:00 +00:00BE-TSO-0001ITP-00112entrykWh/h,1,Physical Flow,hour,2022-03-22T13:00:00+01:00,2022-03-22T14:00:00+01:00,BE-TSO-0001,21X-BE-A-A0A0A-Y,Fluxys Belgium,ITP-00112,Eynatten 1 (BE) // Lichtenbusch / Raeren (DE),21Z0000000000155,entry,kWh/h,,,0,2022-03-23T11:12:08+01:00,,Confirmed,,,,,True,,,True,PRISMA,,https://platform.prisma-capacity.eu/,,Cross-Border Transmission IP within EU,0,False
1Physical Flowhour2022-03-22 13:00:00 +00:002022-03-22 14:00:00 +00:00BE-TSO-0001ITP-00112entrykWh/h,1,Physical Flow,hour,2022-03-22T14:00:00+01:00,2022-03-22T15:00:00+01:00,BE-TSO-0001,21X-BE-A-A0A0A-Y,Fluxys Belgium,ITP-00112,Eynatten 1 (BE) // Lichtenbusch / Raeren (DE),21Z0000000000155,entry,kWh/h,,,0,2022-03-23T11:12:08+01:00,,Confirmed,,,,,True,,,True,PRISMA,,https://platform.prisma-capacity.eu/,,Cross-Border Transmission IP within EU,0,False
1Physical Flowhour2022-03-22 14:00:00 +00:002022-03-22 15:00:00 +00:00BE-TSO-0001ITP-00112entrykWh/h,1,Physical Flow,hour,2022-03-22T15:00:00+01:00,2022-03-22T16:00:00+01:00,BE-TSO-0001,21X-BE-A-A0A0A-Y,Fluxys Belgium,ITP-00112,Eynatten 1 (BE) // Lichtenbusch / Raeren (DE),21Z0000000000155,entry,kWh/h,,,0,2022-03-23T11:12:08+01:00,,Confirmed,,,,,True,,,True,PRISMA,,https://platform.prisma-capacity.eu/,,Cross-Border Transmission IP within EU,0,False
1Physical Flowhour2022-03-22 15:00:00 +00:002022-03-22 16:00:00 +00:00BE-TSO-0001ITP-00112entrykWh/h,1,Physical Flow,hour,2022-03-22T16:00:00+01:00,2022-03-22T17:00:00+01:00,BE-TSO-0001,21X-BE-A-A0A0A-Y,Fluxys Belgium,ITP-00112,Eynatten 1 (BE) // Lichtenbusch / Raeren (DE),21Z0000000000155,entry,kWh/h,,,0,2022-03-23T11:12:08+01:00,,Confirmed,,,,,True,,,True,PRISMA,,https://platform.prisma-capacity.eu/,,Cross-Border Transmission IP within EU,0,False
1Physical Flowhour2022-03-22 16:00:00 +00:002022-03-22 17:00:00 +00:00BE-TSO-0001ITP-00112entrykWh/h,1,Physical Flow,hour,2022-03-22T17:00:00+01:00,2022-03-22T18:00:00+01:00,BE-TSO-0001,21X-BE-A-A0A0A-Y,Fluxys Belgium,ITP-00112,Eynatten 1 (BE) // Lichtenbusch / Raeren (DE),21Z0000000000155,entry,kWh/h,,,0,2022-03-23T11:12:08+01:00,,Confirmed,,,,,True,,,True,PRISMA,,https://platform.prisma-capacity.eu/,,Cross-Border Transmission IP within EU,0,False
1Physical Flowhour2022-03-22 17:00:00 +00:002022-03-22 18:00:00 +00:00BE-TSO-0001ITP-00112entrykWh/h,1,Physical Flow,hour,2022-03-22T18:00:00+01:00,2022-03-22T19:00:00+01:00,BE-TSO-0001,21X-BE-A-A0A0A-Y,Fluxys Belgium,ITP-00112,Eynatten 1 (BE) // Lichtenbusch / Raeren (DE),21Z0000000000155,entry,kWh/h,,,0,2022-03-23T11:12:08+01:00,,Confirmed,,,,,True,,,True,PRISMA,,https://platform.prisma-capacity.eu/,,Cross-Border Transmission IP within EU,0,False
1Physical Flowhour2022-03-22 18:00:00 +00:002022-03-22 19:00:00 +00:00BE-TSO-0001ITP-00112entrykWh/h,1,Physical Flow,hour,2022-03-22T19:00:00+01:00,2022-03-22T20:00:00+01:00,BE-TSO-0001,21X-BE-A-A0A0A-Y,Fluxys Belgium,ITP-00112,Eynatten 1 (BE) // Lichtenbusch / Raeren (DE),21Z0000000000155,entry,kWh/h,,,0,2022-03-23T11:12:08+01:00,,Confirmed,,,,,True,,,True,PRISMA,,https://platform.prisma-capacity.eu/,,Cross-Border Transmission IP within EU,0,False
1Physical Flowhour2022-03-22 19:00:00 +00:002022-03-22 20:00:00 +00:00BE-TSO-0001ITP-00112entrykWh/h,1,Physical Flow,hour,2022-03-22T20:00:00+01:00,2022-03-22T21:00:00+01:00,BE-TSO-0001,21X-BE-A-A0A0A-Y,Fluxys Belgium,ITP-00112,Eynatten 1 (BE) // Lichtenbusch / Raeren (DE),21Z0000000000155,entry,kWh/h,,,0,2022-03-23T11:12:08+01:00,,Confirmed,,,,,True,,,True,PRISMA,,https://platform.prisma-capacity.eu/,,Cross-Border Transmission IP within EU,0,False
1Physical Flowhour2022-03-22 20:00:00 +00:002022-03-22 21:00:00 +00:00BE-TSO-0001ITP-00112entrykWh/h,1,Physical Flow,hour,2022-03-22T21:00:00+01:00,2022-03-22T22:00:00+01:00,BE-TSO-0001,21X-BE-A-A0A0A-Y,Fluxys Belgium,ITP-00112,Eynatten 1 (BE) // Lichtenbusch / Raeren (DE),21Z0000000000155,entry,kWh/h,,,0,2022-03-23T11:12:08+01:00,,Confirmed,,,,,True,,,True,PRISMA,,https://platform.prisma-capacity.eu/,,Cross-Border Transmission IP within EU,0,False
1Physical Flowhour2022-03-22 21:00:00 +00:002022-03-22 22:00:00 +00:00BE-TSO-0001ITP-00112entrykWh/h,1,Physical Flow,hour,2022-03-22T22:00:00+01:00,2022-03-22T23:00:00+01:00,BE-TSO-0001,21X-BE-A-A0A0A-Y,Fluxys Belgium,ITP-00112,Eynatten 1 (BE) // Lichtenbusch / Raeren (DE),21Z0000000000155,entry,kWh/h,,,0,2022-03-23T11:12:08+01:00,,Confirmed,,,,,True,,,True,PRISMA,,https://platform.prisma-capacity.eu/,,Cross-Border Transmission IP within EU,0,False
1Physical Flowhour2022-03-22 22:00:00 +00:002022-03-22 23:00:00 +00:00BE-TSO-0001ITP-00112entrykWh/h,1,Physical Flow,hour,2022-03-22T23:00:00+01:00,2022-03-23T00:00:00+01:00,BE-TSO-0001,21X-BE-A-A0A0A-Y,Fluxys Belgium,ITP-00112,Eynatten 1 (BE) // Lichtenbusch / Raeren (DE),21Z0000000000155,entry,kWh/h,,,0,2022-03-23T11:12:08+01:00,,Confirmed,,,,,True,,,True,PRISMA,,https://platform.prisma-capacity.eu/,,Cross-Border Transmission IP within EU,0,False
1Physical Flowhour2022-03-22 23:00:00 +00:002022-03-23 00:00:00 +00:00BE-TSO-0001ITP-00112entrykWh/h,1,Physical Flow,hour,2022-03-23T00:00:00+01:00,2022-03-23T01:00:00+01:00,BE-TSO-0001,21X-BE-A-A0A0A-Y,Fluxys Belgium,ITP-00112,Eynatten 1 (BE) // Lichtenbusch / Raeren (DE),21Z0000000000155,entry,kWh/h,,,0,2022-03-23T11:12:08+01:00,,Confirmed,,,,,True,,,True,PRISMA,,https://platform.prisma-capacity.eu/,,Cross-Border Transmission IP within EU,0,False
1Physical Flowhour2022-03-23 00:00:00 +00:002022-03-23 01:00:00 +00:00BE-TSO-0001ITP-00112entrykWh/h,1,Physical Flow,hour,2022-03-23T01:00:00+01:00,2022-03-23T02:00:00+01:00,BE-TSO-0001,21X-BE-A-A0A0A-Y,Fluxys Belgium,ITP-00112,Eynatten 1 (BE) // Lichtenbusch / Raeren (DE),21Z0000000000155,entry,kWh/h,,,0,2022-03-23T11:12:08+01:00,,Confirmed,,,,,True,,,True,PRISMA,,https://platform.prisma-capacity.eu/,,Cross-Border Transmission IP within EU,0,False
1Physical Flowhour2022-03-23 01:00:00 +00:002022-03-23 02:00:00 +00:00BE-TSO-0001ITP-00112entrykWh/h,1,Physical Flow,hour,2022-03-23T02:00:00+01:00,2022-03-23T03:00:00+01:00,BE-TSO-0001,21X-BE-A-A0A0A-Y,Fluxys Belgium,ITP-00112,Eynatten 1 (BE) // Lichtenbusch / Raeren (DE),21Z0000000000155,entry,kWh/h,,,0,2022-03-23T11:12:08+01:00,,Confirmed,,,,,True,,,True,PRISMA,,https://platform.prisma-capacity.eu/,,Cross-Border Transmission IP within EU,0,False
1Physical Flowhour2022-03-23 02:00:00 +00:002022-03-23 03:00:00 +00:00BE-TSO-0001ITP-00112entrykWh/h,1,Physical Flow,hour,2022-03-23T03:00:00+01:00,2022-03-23T04:00:00+01:00,BE-TSO-0001,21X-BE-A-A0A0A-Y,Fluxys Belgium,ITP-00112,Eynatten 1 (BE) // Lichtenbusch / Raeren (DE),21Z0000000000155,entry,kWh/h,,,0,2022-03-23T11:12:08+01:00,,Confirmed,,,,,True,,,True,PRISMA,,https://platform.prisma-capacity.eu/,,Cross-Border Transmission IP within EU,0,False
1Physical Flowhour2022-03-23 03:00:00 +00:002022-03-23 04:00:00 +00:00BE-TSO-0001ITP-00112entrykWh/h,1,Physical Flow,hour,2022-03-23T04:00:00+01:00,2022-03-23T05:00:00+01:00,BE-TSO-0001,21X-BE-A-A0A0A-Y,Fluxys Belgium,ITP-00112,Eynatten 1 (BE) // Lichtenbusch / Raeren (DE),21Z0000000000155,entry,kWh/h,,,0,2022-03-23T11:12:08+01:00,,Confirmed,,,,,True,,,True,PRISMA,,https://platform.prisma-capacity.eu/,,Cross-Border Transmission IP within EU,0,False
1Physical Flowhour2022-03-23 04:00:00 +00:002022-03-23 05:00:00 +00:00BE-TSO-0001ITP-00112entrykWh/h,1,Physical Flow,hour,2022-03-23T05:00:00+01:00,2022-03-23T06:00:00+01:00,BE-TSO-0001,21X-BE-A-A0A0A-Y,Fluxys Belgium,ITP-00112,Eynatten 1 (BE) // Lichtenbusch / Raeren (DE),21Z0000000000155,entry,kWh/h,,,0,2022-03-23T11:12:08+01:00,,Confirmed,,,,,True,,,True,PRISMA,,https://platform.prisma-capacity.eu/,,Cross-Border Transmission IP within EU,0,False
1Physical Flowhour2022-03-23 05:00:00 +00:002022-03-23 06:00:00 +00:00BE-TSO-0001ITP-00112entrykWh/h,1,Physical Flow,hour,2022-03-23T06:00:00+01:00,2022-03-23T07:00:00+01:00,BE-TSO-0001,21X-BE-A-A0A0A-Y,Fluxys Belgium,ITP-00112,Eynatten 1 (BE) // Lichtenbusch / Raeren (DE),21Z0000000000155,entry,kWh/h,,,0,2022-03-24T10:39:08+01:00,,Confirmed,,,,,True,,,True,PRISMA,,https://platform.prisma-capacity.eu/,,Cross-Border Transmission IP within EU,0,False
1Physical Flowhour2022-03-23 06:00:00 +00:002022-03-23 07:00:00 +00:00BE-TSO-0001ITP-00112entrykWh/h,1,Physical Flow,hour,2022-03-23T07:00:00+01:00,2022-03-23T08:00:00+01:00,BE-TSO-0001,21X-BE-A-A0A0A-Y,Fluxys Belgium,ITP-00112,Eynatten 1 (BE) // Lichtenbusch / Raeren (DE),21Z0000000000155,entry,kWh/h,,,0,2022-03-24T10:39:08+01:00,,Confirmed,,,,,True,,,True,PRISMA,,https://platform.prisma-capacity.eu/,,Cross-Border Transmission IP within EU,0,False
1Physical Flowhour2022-03-23 07:00:00 +00:002022-03-23 08:00:00 +00:00BE-TSO-0001ITP-00112entrykWh/h,1,Physical Flow,hour,2022-03-23T08:00:00+01:00,2022-03-23T09:00:00+01:00,BE-TSO-0001,21X-BE-A-A0A0A-Y,Fluxys Belgium,ITP-00112,Eynatten 1 (BE) // Lichtenbusch / Raeren (DE),21Z0000000000155,entry,kWh/h,,,0,2022-03-24T10:39:08+01:00,,Confirmed,,,,,True,,,True,PRISMA,,https://platform.prisma-capacity.eu/,,Cross-Border Transmission IP within EU,0,False
1Physical Flowhour2022-03-23 08:00:00 +00:002022-03-23 09:00:00 +00:00BE-TSO-0001ITP-00112entrykWh/h,1,Physical Flow,hour,2022-03-23T09:00:00+01:00,2022-03-23T10:00:00+01:00,BE-TSO-0001,21X-BE-A-A0A0A-Y,Fluxys Belgium,ITP-00112,Eynatten 1 (BE) // Lichtenbusch / Raeren (DE),21Z0000000000155,entry,kWh/h,,,0,2022-03-24T10:39:08+01:00,,Confirmed,,,,,True,,,True,PRISMA,,https://platform.prisma-capacity.eu/,,Cross-Border Transmission IP within EU,0,False
1Physical Flowhour2022-03-23 09:00:00 +00:002022-03-23 10:00:00 +00:00BE-TSO-0001ITP-00112entrykWh/h,1,Physical Flow,hour,2022-03-23T10:00:00+01:00,2022-03-23T11:00:00+01:00,BE-TSO-0001,21X-BE-A-A0A0A-Y,Fluxys Belgium,ITP-00112,Eynatten 1 (BE) // Lichtenbusch / Raeren (DE),21Z0000000000155,entry,kWh/h,,,0,2022-03-24T10:39:08+01:00,,Confirmed,,,,,True,,,True,PRISMA,,https://platform.prisma-capacity.eu/,,Cross-Border Transmission IP within EU,0,False
1Physical Flowhour2022-03-23 10:00:00 +00:002022-03-23 11:00:00 +00:00BE-TSO-0001ITP-00112entrykWh/h,1,Physical Flow,hour,2022-03-23T11:00:00+01:00,2022-03-23T12:00:00+01:00,BE-TSO-0001,21X-BE-A-A0A0A-Y,Fluxys Belgium,ITP-00112,Eynatten 1 (BE) // Lichtenbusch / Raeren (DE),21Z0000000000155,entry,kWh/h,,,0,2022-03-24T10:39:08+01:00,,Confirmed,,,,,True,,,True,PRISMA,,https://platform.prisma-capacity.eu/,,Cross-Border Transmission IP within EU,0,False
1Physical Flowhour2022-03-23 11:00:00 +00:002022-03-23 12:00:00 +00:00BE-TSO-0001ITP-00112entrykWh/h,1,Physical Flow,hour,2022-03-23T12:00:00+01:00,2022-03-23T13:00:00+01:00,BE-TSO-0001,21X-BE-A-A0A0A-Y,Fluxys Belgium,ITP-00112,Eynatten 1 (BE) // Lichtenbusch / Raeren (DE),21Z0000000000155,entry,kWh/h,,,0,2022-03-24T10:39:08+01:00,,Confirmed,,,,,True,,,True,PRISMA,,https://platform.prisma-capacity.eu/,,Cross-Border Transmission IP within EU,0,False
1Physical Flowhour2022-03-23 12:00:00 +00:002022-03-23 13:00:00 +00:00BE-TSO-0001ITP-00112entrykWh/h,1,Physical Flow,hour,2022-03-23T13:00:00+01:00,2022-03-23T14:00:00+01:00,BE-TSO-0001,21X-BE-A-A0A0A-Y,Fluxys Belgium,ITP-00112,Eynatten 1 (BE) // Lichtenbusch / Raeren (DE),21Z0000000000155,entry,kWh/h,,,0,2022-03-24T10:39:08+01:00,,Confirmed,,,,,True,,,True,PRISMA,,https://platform.prisma-capacity.eu/,,Cross-Border Transmission IP within EU,0,False
1Physical Flowhour2022-03-23 13:00:00 +00:002022-03-23 14:00:00 +00:00BE-TSO-0001ITP-00112entrykWh/h,1,Physical Flow,hour,2022-03-23T14:00:00+01:00,2022-03-23T15:00:00+01:00,BE-TSO-0001,21X-BE-A-A0A0A-Y,Fluxys Belgium,ITP-00112,Eynatten 1 (BE) // Lichtenbusch / Raeren (DE),21Z0000000000155,entry,kWh/h,,,0,2022-03-24T10:39:08+01:00,,Confirmed,,,,,True,,,True,PRISMA,,https://platform.prisma-capacity.eu/,,Cross-Border Transmission IP within EU,0,False
1Physical Flowhour2022-03-23 14:00:00 +00:002022-03-23 15:00:00 +00:00BE-TSO-0001ITP-00112entrykWh/h,1,Physical Flow,hour,2022-03-23T15:00:00+01:00,2022-03-23T16:00:00+01:00,BE-TSO-0001,21X-BE-A-A0A0A-Y,Fluxys Belgium,ITP-00112,Eynatten 1 (BE) // Lichtenbusch / Raeren (DE),21Z0000000000155,entry,kWh/h,,,0,2022-03-24T10:39:08+01:00,,Confirmed,,,,,True,,,True,PRISMA,,https://platform.prisma-capacity.eu/,,Cross-Border Transmission IP within EU,0,False
1Physical Flowhour2022-03-23 15:00:00 +00:002022-03-23 16:00:00 +00:00BE-TSO-0001ITP-00112entrykWh/h,1,Physical Flow,hour,2022-03-23T16:00:00+01:00,2022-03-23T17:00:00+01:00,BE-TSO-0001,21X-BE-A-A0A0A-Y,Fluxys Belgium,ITP-00112,Eynatten 1 (BE) // Lichtenbusch / Raeren (DE),21Z0000000000155,entry,kWh/h,,,0,2022-03-24T10:39:08+01:00,,Confirmed,,,,,True,,,True,PRISMA,,https://platform.prisma-capacity.eu/,,Cross-Border Transmission IP within EU,0,False
1Physical Flowhour2022-03-23 16:00:00 +00:002022-03-23 17:00:00 +00:00BE-TSO-0001ITP-00112entrykWh/h,1,Physical Flow,hour,2022-03-23T17:00:00+01:00,2022-03-23T18:00:00+01:00,BE-TSO-0001,21X-BE-A-A0A0A-Y,Fluxys Belgium,ITP-00112,Eynatten 1 (BE) // Lichtenbusch / Raeren (DE),21Z0000000000155,entry,kWh/h,,,0,2022-03-24T10:39:08+01:00,,Confirmed,,,,,True,,,True,PRISMA,,https://platform.prisma-capacity.eu/,,Cross-Border Transmission IP within EU,0,False
1Physical Flowhour2022-03-23 17:00:00 +00:002022-03-23 18:00:00 +00:00BE-TSO-0001ITP-00112entrykWh/h,1,Physical Flow,hour,2022-03-23T18:00:00+01:00,2022-03-23T19:00:00+01:00,BE-TSO-0001,21X-BE-A-A0A0A-Y,Fluxys Belgium,ITP-00112,Eynatten 1 (BE) // Lichtenbusch / Raeren (DE),21Z0000000000155,entry,kWh/h,,,0,2022-03-24T10:39:08+01:00,,Confirmed,,,,,True,,,True,PRISMA,,https://platform.prisma-capacity.eu/,,Cross-Border Transmission IP within EU,0,False
1Physical Flowhour2022-03-23 18:00:00 +00:002022-03-23 19:00:00 +00:00BE-TSO-0001ITP-00112entrykWh/h,1,Physical Flow,hour,2022-03-23T19:00:00+01:00,2022-03-23T20:00:00+01:00,BE-TSO-0001,21X-BE-A-A0A0A-Y,Fluxys Belgium,ITP-00112,Eynatten 1 (BE) // Lichtenbusch / Raeren (DE),21Z0000000000155,entry,kWh/h,,,0,2022-03-24T10:39:08+01:00,,Confirmed,,,,,True,,,True,PRISMA,,https://platform.prisma-capacity.eu/,,Cross-Border Transmission IP within EU,0,False
1Physical Flowhour2022-03-23 19:00:00 +00:002022-03-23 20:00:00 +00:00BE-TSO-0001ITP-00112entrykWh/h,1,Physical Flow,hour,2022-03-23T20:00:00+01:00,2022-03-23T21:00:00+01:00,BE-TSO-0001,21X-BE-A-A0A0A-Y,Fluxys Belgium,ITP-00112,Eynatten 1 (BE) // Lichtenbusch / Raeren (DE),21Z0000000000155,entry,kWh/h,,,0,2022-03-24T10:39:08+01:00,,Confirmed,,,,,True,,,True,PRISMA,,https://platform.prisma-capacity.eu/,,Cross-Border Transmission IP within EU,0,False
1Physical Flowhour2022-03-23 20:00:00 +00:002022-03-23 21:00:00 +00:00BE-TSO-0001ITP-00112entrykWh/h,1,Physical Flow,hour,2022-03-23T21:00:00+01:00,2022-03-23T22:00:00+01:00,BE-TSO-0001,21X-BE-A-A0A0A-Y,Fluxys Belgium,ITP-00112,Eynatten 1 (BE) // Lichtenbusch / Raeren (DE),21Z0000000000155,entry,kWh/h,,,0,2022-03-24T10:39:08+01:00,,Confirmed,,,,,True,,,True,PRISMA,,https://platform.prisma-capacity.eu/,,Cross-Border Transmission IP within EU,0,False
1Physical Flowhour2022-03-23 21:00:00 +00:002022-03-23 22:00:00 +00:00BE-TSO-0001ITP-00112entrykWh/h,1,Physical Flow,hour,2022-03-23T22:00:00+01:00,2022-03-23T23:00:00+01:00,BE-TSO-0001,21X-BE-A-A0A0A-Y,Fluxys Belgium,ITP-00112,Eynatten 1 (BE) // Lichtenbusch / Raeren (DE),21Z0000000000155,entry,kWh/h,,,0,2022-03-24T10:39:08+01:00,,Confirmed,,,,,True,,,True,PRISMA,,https://platform.prisma-capacity.eu/,,Cross-Border Transmission IP within EU,0,False
1Physical Flowhour2022-03-23 22:00:00 +00:002022-03-23 23:00:00 +00:00BE-TSO-0001ITP-00112entrykWh/h,1,Physical Flow,hour,2022-03-23T23:00:00+01:00,2022-03-24T00:00:00+01:00,BE-TSO-0001,21X-BE-A-A0A0A-Y,Fluxys Belgium,ITP-00112,Eynatten 1 (BE) // Lichtenbusch / Raeren (DE),21Z0000000000155,entry,kWh/h,,,0,2022-03-24T10:39:08+01:00,,Confirmed,,,,,True,,,True,PRISMA,,https://platform.prisma-capacity.eu/,,Cross-Border Transmission IP within EU,0,False
1Physical Flowhour2022-03-23 23:00:00 +00:002022-03-24 00:00:00 +00:00BE-TSO-0001ITP-00112entrykWh/h,1,Physical Flow,hour,2022-03-24T00:00:00+01:00,2022-03-24T01:00:00+01:00,BE-TSO-0001,21X-BE-A-A0A0A-Y,Fluxys Belgium,ITP-00112,Eynatten 1 (BE) // Lichtenbusch / Raeren (DE),21Z0000000000155,entry,kWh/h,,,0,2022-03-24T10:39:08+01:00,,Confirmed,,,,,True,,,True,PRISMA,,https://platform.prisma-capacity.eu/,,Cross-Border Transmission IP within EU,0,False
1Physical Flowhour2022-03-24 00:00:00 +00:002022-03-24 01:00:00 +00:00BE-TSO-0001ITP-00112entrykWh/h,1,Physical Flow,hour,2022-03-24T01:00:00+01:00,2022-03-24T02:00:00+01:00,BE-TSO-0001,21X-BE-A-A0A0A-Y,Fluxys Belgium,ITP-00112,Eynatten 1 (BE) // Lichtenbusch / Raeren (DE),21Z0000000000155,entry,kWh/h,,,0,2022-03-24T10:39:08+01:00,,Confirmed,,,,,True,,,True,PRISMA,,https://platform.prisma-capacity.eu/,,Cross-Border Transmission IP within EU,0,False
1Physical Flowhour2022-03-24 01:00:00 +00:002022-03-24 02:00:00 +00:00BE-TSO-0001ITP-00112entrykWh/h,1,Physical Flow,hour,2022-03-24T02:00:00+01:00,2022-03-24T03:00:00+01:00,BE-TSO-0001,21X-BE-A-A0A0A-Y,Fluxys Belgium,ITP-00112,Eynatten 1 (BE) // Lichtenbusch / Raeren (DE),21Z0000000000155,entry,kWh/h,,,0,2022-03-24T10:39:08+01:00,,Confirmed,,,,,True,,,True,PRISMA,,https://platform.prisma-capacity.eu/,,Cross-Border Transmission IP within EU,0,False
1Physical Flowhour2022-03-24 02:00:00 +00:002022-03-24 03:00:00 +00:00BE-TSO-0001ITP-00112entrykWh/h,1,Physical Flow,hour,2022-03-24T03:00:00+01:00,2022-03-24T04:00:00+01:00,BE-TSO-0001,21X-BE-A-A0A0A-Y,Fluxys Belgium,ITP-00112,Eynatten 1 (BE) // Lichtenbusch / Raeren (DE),21Z0000000000155,entry,kWh/h,,,0,2022-03-24T10:39:08+01:00,,Confirmed,,,,,True,,,True,PRISMA,,https://platform.prisma-capacity.eu/,,Cross-Border Transmission IP within EU,0,False
1Physical Flowhour2022-03-24 03:00:00 +00:002022-03-24 04:00:00 +00:00BE-TSO-0001ITP-00112entrykWh/h,1,Physical Flow,hour,2022-03-24T04:00:00+01:00,2022-03-24T05:00:00+01:00,BE-TSO-0001,21X-BE-A-A0A0A-Y,Fluxys Belgium,ITP-00112,Eynatten 1 (BE) // Lichtenbusch / Raeren (DE),21Z0000000000155,entry,kWh/h,,,0,2022-03-24T10:39:08+01:00,,Confirmed,,,,,True,,,True,PRISMA,,https://platform.prisma-capacity.eu/,,Cross-Border Transmission IP within EU,0,False
1Physical Flowhour2022-03-24 04:00:00 +00:002022-03-24 05:00:00 +00:00BE-TSO-0001ITP-00112entrykWh/h,1,Physical Flow,hour,2022-03-24T05:00:00+01:00,2022-03-24T06:00:00+01:00,BE-TSO-0001,21X-BE-A-A0A0A-Y,Fluxys Belgium,ITP-00112,Eynatten 1 (BE) // Lichtenbusch / Raeren (DE),21Z0000000000155,entry,kWh/h,,,0,2022-03-24T10:39:08+01:00,,Confirmed,,,,,True,,,True,PRISMA,,https://platform.prisma-capacity.eu/,,Cross-Border Transmission IP within EU,0,False
1Physical Flowhour2022-03-24 05:00:00 +00:002022-03-24 06:00:00 +00:00BE-TSO-0001ITP-00112entrykWh/h,1,Physical Flow,hour,2022-03-24T06:00:00+01:00,2022-03-24T07:00:00+01:00,BE-TSO-0001,21X-BE-A-A0A0A-Y,Fluxys Belgium,ITP-00112,Eynatten 1 (BE) // Lichtenbusch / Raeren (DE),21Z0000000000155,entry,kWh/h,,,0,2022-03-25T10:36:09+01:00,,Confirmed,,,,,True,,,True,PRISMA,,https://platform.prisma-capacity.eu/,,Cross-Border Transmission IP within EU,0,False
1Physical Flowhour2022-03-24 06:00:00 +00:002022-03-24 07:00:00 +00:00BE-TSO-0001ITP-00112entrykWh/h,1,Physical Flow,hour,2022-03-24T07:00:00+01:00,2022-03-24T08:00:00+01:00,BE-TSO-0001,21X-BE-A-A0A0A-Y,Fluxys Belgium,ITP-00112,Eynatten 1 (BE) // Lichtenbusch / Raeren (DE),21Z0000000000155,entry,kWh/h,,,0,2022-03-25T10:36:09+01:00,,Confirmed,,,,,True,,,True,PRISMA,,https://platform.prisma-capacity.eu/,,Cross-Border Transmission IP within EU,0,False
1Physical Flowhour2022-03-24 07:00:00 +00:002022-03-24 08:00:00 +00:00BE-TSO-0001ITP-00112entrykWh/h,1,Physical Flow,hour,2022-03-24T08:00:00+01:00,2022-03-24T09:00:00+01:00,BE-TSO-0001,21X-BE-A-A0A0A-Y,Fluxys Belgium,ITP-00112,Eynatten 1 (BE) // Lichtenbusch / Raeren (DE),21Z0000000000155,entry,kWh/h,,,0,2022-03-25T10:36:09+01:00,,Confirmed,,,,,True,,,True,PRISMA,,https://platform.prisma-capacity.eu/,,Cross-Border Transmission IP within EU,0,False
1Physical Flowhour2022-03-24 08:00:00 +00:002022-03-24 09:00:00 +00:00BE-TSO-0001ITP-00112entrykWh/h,1,Physical Flow,hour,2022-03-24T09:00:00+01:00,2022-03-24T10:00:00+01:00,BE-TSO-0001,21X-BE-A-A0A0A-Y,Fluxys Belgium,ITP-00112,Eynatten 1 (BE) // Lichtenbusch / Raeren (DE),21Z0000000000155,entry,kWh/h,,,0,2022-03-25T10:36:09+01:00,,Confirmed,,,,,True,,,True,PRISMA,,https://platform.prisma-capacity.eu/,,Cross-Border Transmission IP within EU,0,False
1Physical Flowhour2022-03-24 09:00:00 +00:002022-03-24 10:00:00 +00:00BE-TSO-0001ITP-00112entrykWh/h,1,Physical Flow,hour,2022-03-24T10:00:00+01:00,2022-03-24T11:00:00+01:00,BE-TSO-0001,21X-BE-A-A0A0A-Y,Fluxys Belgium,ITP-00112,Eynatten 1 (BE) // Lichtenbusch / Raeren (DE),21Z0000000000155,entry,kWh/h,,,0,2022-03-25T10:36:09+01:00,,Confirmed,,,,,True,,,True,PRISMA,,https://platform.prisma-capacity.eu/,,Cross-Border Transmission IP within EU,0,False
1Physical Flowhour2022-03-24 10:00:00 +00:002022-03-24 11:00:00 +00:00BE-TSO-0001ITP-00112entrykWh/h,1,Physical Flow,hour,2022-03-24T11:00:00+01:00,2022-03-24T12:00:00+01:00,BE-TSO-0001,21X-BE-A-A0A0A-Y,Fluxys Belgium,ITP-00112,Eynatten 1 (BE) // Lichtenbusch / Raeren (DE),21Z0000000000155,entry,kWh/h,,,0,2022-03-25T10:36:09+01:00,,Confirmed,,,,,True,,,True,PRISMA,,https://platform.prisma-capacity.eu/,,Cross-Border Transmission IP within EU,0,False
1Physical Flowhour2022-03-24 11:00:00 +00:002022-03-24 12:00:00 +00:00BE-TSO-0001ITP-00112entrykWh/h,1,Physical Flow,hour,2022-03-24T12:00:00+01:00,2022-03-24T13:00:00+01:00,BE-TSO-0001,21X-BE-A-A0A0A-Y,Fluxys Belgium,ITP-00112,Eynatten 1 (BE) // Lichtenbusch / Raeren (DE),21Z0000000000155,entry,kWh/h,,,0,2022-03-25T10:36:09+01:00,,Confirmed,,,,,True,,,True,PRISMA,,https://platform.prisma-capacity.eu/,,Cross-Border Transmission IP within EU,0,False
1Physical Flowhour2022-03-24 12:00:00 +00:002022-03-24 13:00:00 +00:00BE-TSO-0001ITP-00112entrykWh/h,1,Physical Flow,hour,2022-03-24T13:00:00+01:00,2022-03-24T14:00:00+01:00,BE-TSO-0001,21X-BE-A-A0A0A-Y,Fluxys Belgium,ITP-00112,Eynatten 1 (BE) // Lichtenbusch / Raeren (DE),21Z0000000000155,entry,kWh/h,,,0,2022-03-25T10:36:09+01:00,,Confirmed,,,,,True,,,True,PRISMA,,https://platform.prisma-capacity.eu/,,Cross-Border Transmission IP within EU,0,False
1Physical Flowhour2022-03-24 13:00:00 +00:002022-03-24 14:00:00 +00:00BE-TSO-0001ITP-00112entrykWh/h,1,Physical Flow,hour,2022-03-24T14:00:00+01:00,2022-03-24T15:00:00+01:00,BE-TSO-0001,21X-BE-A-A0A0A-Y,Fluxys Belgium,ITP-00112,Eynatten 1 (BE) // Lichtenbusch / Raeren (DE),21Z0000000000155,entry,kWh/h,,,0,2022-03-25T10:36:09+01:00,,Confirmed,,,,,True,,,True,PRISMA,,https://platform.prisma-capacity.eu/,,Cross-Border Transmission IP within EU,0,False
1Physical Flowhour2022-03-24 14:00:00 +00:002022-03-24 15:00:00 +00:00BE-TSO-0001ITP-00112entrykWh/h,1,Physical Flow,hour,2022-03-24T15:00:00+01:00,2022-03-24T16:00:00+01:00,BE-TSO-0001,21X-BE-A-A0A0A-Y,Fluxys Belgium,ITP-00112,Eynatten 1 (BE) // Lichtenbusch / Raeren (DE),21Z0000000000155,entry,kWh/h,,,0,2022-03-25T10:36:09+01:00,,Confirmed,,,,,True,,,True,PRISMA,,https://platform.prisma-capacity.eu/,,Cross-Border Transmission IP within EU,0,False
1Physical Flowhour2022-03-24 15:00:00 +00:002022-03-24 16:00:00 +00:00BE-TSO-0001ITP-00112entrykWh/h,1,Physical Flow,hour,2022-03-24T16:00:00+01:00,2022-03-24T17:00:00+01:00,BE-TSO-0001,21X-BE-A-A0A0A-Y,Fluxys Belgium,ITP-00112,Eynatten 1 (BE) // Lichtenbusch / Raeren (DE),21Z0000000000155,entry,kWh/h,,,0,2022-03-25T10:36:09+01:00,,Confirmed,,,,,True,,,True,PRISMA,,https://platform.prisma-capacity.eu/,,Cross-Border Transmission IP within EU,0,False
1Physical Flowhour2022-03-24 16:00:00 +00:002022-03-24 17:00:00 +00:00BE-TSO-0001ITP-00112entrykWh/h,1,Physical Flow,hour,2022-03-24T17:00:00+01:00,2022-03-24T18:00:00+01:00,BE-TSO-0001,21X-BE-A-A0A0A-Y,Fluxys Belgium,ITP-00112,Eynatten 1 (BE) // Lichtenbusch / Raeren (DE),21Z0000000000155,entry,kWh/h,,,0,2022-03-25T10:36:09+01:00,,Confirmed,,,,,True,,,True,PRISMA,,https://platform.prisma-capacity.eu/,,Cross-Border Transmission IP within EU,0,False
1Physical Flowhour2022-03-24 17:00:00 +00:002022-03-24 18:00:00 +00:00BE-TSO-0001ITP-00112entrykWh/h,1,Physical Flow,hour,2022-03-24T18:00:00+01:00,2022-03-24T19:00:00+01:00,BE-TSO-0001,21X-BE-A-A0A0A-Y,Fluxys Belgium,ITP-00112,Eynatten 1 (BE) // Lichtenbusch / Raeren (DE),21Z0000000000155,entry,kWh/h,,,0,2022-03-25T10:36:09+01:00,,Confirmed,,,,,True,,,True,PRISMA,,https://platform.prisma-capacity.eu/,,Cross-Border Transmission IP within EU,0,False
1Physical Flowhour2022-03-24 18:00:00 +00:002022-03-24 19:00:00 +00:00BE-TSO-0001ITP-00112entrykWh/h,1,Physical Flow,hour,2022-03-24T19:00:00+01:00,2022-03-24T20:00:00+01:00,BE-TSO-0001,21X-BE-A-A0A0A-Y,Fluxys Belgium,ITP-00112,Eynatten 1 (BE) // Lichtenbusch / Raeren (DE),21Z0000000000155,entry,kWh/h,,,0,2022-03-25T10:36:09+01:00,,Confirmed,,,,,True,,,True,PRISMA,,https://platform.prisma-capacity.eu/,,Cross-Border Transmission IP within EU,0,False
1Physical Flowhour2022-03-24 19:00:00 +00:002022-03-24 20:00:00 +00:00BE-TSO-0001ITP-00112entrykWh/h,1,Physical Flow,hour,2022-03-24T20:00:00+01:00,2022-03-24T21:00:00+01:00,BE-TSO-0001,21X-BE-A-A0A0A-Y,Fluxys Belgium,ITP-00112,Eynatten 1 (BE) // Lichtenbusch / Raeren (DE),21Z0000000000155,entry,kWh/h,,,0,2022-03-25T10:36:09+01:00,,Confirmed,,,,,True,,,True,PRISMA,,https://platform.prisma-capacity.eu/,,Cross-Border Transmission IP within EU,0,False
1Physical Flowhour2022-03-24 20:00:00 +00:002022-03-24 21:00:00 +00:00BE-TSO-0001ITP-00112entrykWh/h,1,Physical Flow,hour,2022-03-24T21:00:00+01:00,2022-03-24T22:00:00+01:00,BE-TSO-0001,21X-BE-A-A0A0A-Y,Fluxys Belgium,ITP-00112,Eynatten 1 (BE) // Lichtenbusch / Raeren (DE),21Z0000000000155,entry,kWh/h,,,0,2022-03-25T10:36:09+01:00,,Confirmed,,,,,True,,,True,PRISMA,,https://platform.prisma-capacity.eu/,,Cross-Border Transmission IP within EU,0,False
1Physical Flowhour2022-03-24 21:00:00 +00:002022-03-24 22:00:00 +00:00BE-TSO-0001ITP-00112entrykWh/h,1,Physical Flow,hour,2022-03-24T22:00:00+01:00,2022-03-24T23:00:00+01:00,BE-TSO-0001,21X-BE-A-A0A0A-Y,Fluxys Belgium,ITP-00112,Eynatten 1 (BE) // Lichtenbusch / Raeren (DE),21Z0000000000155,entry,kWh/h,,,0,2022-03-25T10:36:09+01:00,,Confirmed,,,,,True,,,True,PRISMA,,https://platform.prisma-capacity.eu/,,Cross-Border Transmission IP within EU,0,False
1Physical Flowhour2022-03-24 22:00:00 +00:002022-03-24 23:00:00 +00:00BE-TSO-0001ITP-00112entrykWh/h,1,Physical Flow,hour,2022-03-24T23:00:00+01:00,2022-03-25T00:00:00+01:00,BE-TSO-0001,21X-BE-A-A0A0A-Y,Fluxys Belgium,ITP-00112,Eynatten 1 (BE) // Lichtenbusch / Raeren (DE),21Z0000000000155,entry,kWh/h,,,0,2022-03-25T10:36:09+01:00,,Confirmed,,,,,True,,,True,PRISMA,,https://platform.prisma-capacity.eu/,,Cross-Border Transmission IP within EU,0,False
1Physical Flowhour2022-03-24 23:00:00 +00:002022-03-25 00:00:00 +00:00BE-TSO-0001ITP-00112entrykWh/h,1,Physical Flow,hour,2022-03-25T00:00:00+01:00,2022-03-25T01:00:00+01:00,BE-TSO-0001,21X-BE-A-A0A0A-Y,Fluxys Belgium,ITP-00112,Eynatten 1 (BE) // Lichtenbusch / Raeren (DE),21Z0000000000155,entry,kWh/h,,,0,2022-03-25T10:36:09+01:00,,Confirmed,,,,,True,,,True,PRISMA,,https://platform.prisma-capacity.eu/,,Cross-Border Transmission IP within EU,0,False
1Physical Flowhour2022-03-25 00:00:00 +00:002022-03-25 01:00:00 +00:00BE-TSO-0001ITP-00112entrykWh/h,1,Physical Flow,hour,2022-03-25T01:00:00+01:00,2022-03-25T02:00:00+01:00,BE-TSO-0001,21X-BE-A-A0A0A-Y,Fluxys Belgium,ITP-00112,Eynatten 1 (BE) // Lichtenbusch / Raeren (DE),21Z0000000000155,entry,kWh/h,,,0,2022-03-25T10:36:09+01:00,,Confirmed,,,,,True,,,True,PRISMA,,https://platform.prisma-capacity.eu/,,Cross-Border Transmission IP within EU,0,False
1Physical Flowhour2022-03-25 01:00:00 +00:002022-03-25 02:00:00 +00:00BE-TSO-0001ITP-00112entrykWh/h,1,Physical Flow,hour,2022-03-25T02:00:00+01:00,2022-03-25T03:00:00+01:00,BE-TSO-0001,21X-BE-A-A0A0A-Y,Fluxys Belgium,ITP-00112,Eynatten 1 (BE) // Lichtenbusch / Raeren (DE),21Z0000000000155,entry,kWh/h,,,0,2022-03-25T10:36:09+01:00,,Confirmed,,,,,True,,,True,PRISMA,,https://platform.prisma-capacity.eu/,,Cross-Border Transmission IP within EU,0,False
1Physical Flowhour2022-03-25 02:00:00 +00:002022-03-25 03:00:00 +00:00BE-TSO-0001ITP-00112entrykWh/h,1,Physical Flow,hour,2022-03-25T03:00:00+01:00,2022-03-25T04:00:00+01:00,BE-TSO-0001,21X-BE-A-A0A0A-Y,Fluxys Belgium,ITP-00112,Eynatten 1 (BE) // Lichtenbusch / Raeren (DE),21Z0000000000155,entry,kWh/h,,,0,2022-03-25T10:36:09+01:00,,Confirmed,,,,,True,,,True,PRISMA,,https://platform.prisma-capacity.eu/,,Cross-Border Transmission IP within EU,0,False
1Physical Flowhour2022-03-25 03:00:00 +00:002022-03-25 04:00:00 +00:00BE-TSO-0001ITP-00112entrykWh/h,1,Physical Flow,hour,2022-03-25T04:00:00+01:00,2022-03-25T05:00:00+01:00,BE-TSO-0001,21X-BE-A-A0A0A-Y,Fluxys Belgium,ITP-00112,Eynatten 1 (BE) // Lichtenbusch / Raeren (DE),21Z0000000000155,entry,kWh/h,,,0,2022-03-25T10:36:09+01:00,,Confirmed,,,,,True,,,True,PRISMA,,https://platform.prisma-capacity.eu/,,Cross-Border Transmission IP within EU,0,False
1Physical Flowhour2022-03-25 04:00:00 +00:002022-03-25 05:00:00 +00:00BE-TSO-0001ITP-00112entrykWh/h,1,Physical Flow,hour,2022-03-25T05:00:00+01:00,2022-03-25T06:00:00+01:00,BE-TSO-0001,21X-BE-A-A0A0A-Y,Fluxys Belgium,ITP-00112,Eynatten 1 (BE) // Lichtenbusch / Raeren (DE),21Z0000000000155,entry,kWh/h,,,0,2022-03-25T10:36:09+01:00,,Confirmed,,,,,True,,,True,PRISMA,,https://platform.prisma-capacity.eu/,,Cross-Border Transmission IP within EU,0,False
1Physical Flowhour2022-03-25 05:00:00 +00:002022-03-25 06:00:00 +00:00BE-TSO-0001ITP-00112entrykWh/h,1,Physical Flow,hour,2022-03-25T06:00:00+01:00,2022-03-25T07:00:00+01:00,BE-TSO-0001,21X-BE-A-A0A0A-Y,Fluxys Belgium,ITP-00112,Eynatten 1 (BE) // Lichtenbusch / Raeren (DE),21Z0000000000155,entry,kWh/h,,,0,2022-03-26T10:36:08+01:00,,Confirmed,,,,,True,,,True,PRISMA,,https://platform.prisma-capacity.eu/,,Cross-Border Transmission IP within EU,0,False
1Physical Flowhour2022-03-25 06:00:00 +00:002022-03-25 07:00:00 +00:00BE-TSO-0001ITP-00112entrykWh/h,1,Physical Flow,hour,2022-03-25T07:00:00+01:00,2022-03-25T08:00:00+01:00,BE-TSO-0001,21X-BE-A-A0A0A-Y,Fluxys Belgium,ITP-00112,Eynatten 1 (BE) // Lichtenbusch / Raeren (DE),21Z0000000000155,entry,kWh/h,,,0,2022-03-26T10:36:08+01:00,,Confirmed,,,,,True,,,True,PRISMA,,https://platform.prisma-capacity.eu/,,Cross-Border Transmission IP within EU,0,False
1Physical Flowhour2022-03-25 07:00:00 +00:002022-03-25 08:00:00 +00:00BE-TSO-0001ITP-00112entrykWh/h,1,Physical Flow,hour,2022-03-25T08:00:00+01:00,2022-03-25T09:00:00+01:00,BE-TSO-0001,21X-BE-A-A0A0A-Y,Fluxys Belgium,ITP-00112,Eynatten 1 (BE) // Lichtenbusch / Raeren (DE),21Z0000000000155,entry,kWh/h,,,0,2022-03-26T10:36:08+01:00,,Confirmed,,,,,True,,,True,PRISMA,,https://platform.prisma-capacity.eu/,,Cross-Border Transmission IP within EU,0,False
1Physical Flowhour2022-03-25 08:00:00 +00:002022-03-25 09:00:00 +00:00BE-TSO-0001ITP-00112entrykWh/h,1,Physical Flow,hour,2022-03-25T09:00:00+01:00,2022-03-25T10:00:00+01:00,BE-TSO-0001,21X-BE-A-A0A0A-Y,Fluxys Belgium,ITP-00112,Eynatten 1 (BE) // Lichtenbusch / Raeren (DE),21Z0000000000155,entry,kWh/h,,,0,2022-03-26T10:36:08+01:00,,Confirmed,,,,,True,,,True,PRISMA,,https://platform.prisma-capacity.eu/,,Cross-Border Transmission IP within EU,0,False
1Physical Flowhour2022-03-25 09:00:00 +00:002022-03-25 10:00:00 +00:00BE-TSO-0001ITP-00112entrykWh/h,1,Physical Flow,hour,2022-03-25T10:00:00+01:00,2022-03-25T11:00:00+01:00,BE-TSO-0001,21X-BE-A-A0A0A-Y,Fluxys Belgium,ITP-00112,Eynatten 1 (BE) // Lichtenbusch / Raeren (DE),21Z0000000000155,entry,kWh/h,,,0,2022-03-26T10:36:08+01:00,,Confirmed,,,,,True,,,True,PRISMA,,https://platform.prisma-capacity.eu/,,Cross-Border Transmission IP within EU,0,False
1Physical Flowhour2022-03-25 10:00:00 +00:002022-03-25 11:00:00 +00:00BE-TSO-0001ITP-00112entrykWh/h,1,Physical Flow,hour,2022-03-25T11:00:00+01:00,2022-03-25T12:00:00+01:00,BE-TSO-0001,21X-BE-A-A0A0A-Y,Fluxys Belgium,ITP-00112,Eynatten 1 (BE) // Lichtenbusch / Raeren (DE),21Z0000000000155,entry,kWh/h,,,0,2022-03-26T10:36:08+01:00,,Confirmed,,,,,True,,,True,PRISMA,,https://platform.prisma-capacity.eu/,,Cross-Border Transmission IP within EU,0,False
1Physical Flowhour2022-03-25 11:00:00 +00:002022-03-25 12:00:00 +00:00BE-TSO-0001ITP-00112entrykWh/h,1,Physical Flow,hour,2022-03-25T12:00:00+01:00,2022-03-25T13:00:00+01:00,BE-TSO-0001,21X-BE-A-A0A0A-Y,Fluxys Belgium,ITP-00112,Eynatten 1 (BE) // Lichtenbusch / Raeren (DE),21Z0000000000155,entry,kWh/h,,,0,2022-03-26T10:36:08+01:00,,Confirmed,,,,,True,,,True,PRISMA,,https://platform.prisma-capacity.eu/,,Cross-Border Transmission IP within EU,0,False
1Physical Flowhour2022-03-25 12:00:00 +00:002022-03-25 13:00:00 +00:00BE-TSO-0001ITP-00112entrykWh/h,1,Physical Flow,hour,2022-03-25T13:00:00+01:00,2022-03-25T14:00:00+01:00,BE-TSO-0001,21X-BE-A-A0A0A-Y,Fluxys Belgium,ITP-00112,Eynatten 1 (BE) // Lichtenbusch / Raeren (DE),21Z0000000000155,entry,kWh/h,,,0,2022-03-26T10:36:08+01:00,,Confirmed,,,,,True,,,True,PRISMA,,https://platform.prisma-capacity.eu/,,Cross-Border Transmission IP within EU,0,False
1Physical Flowhour2022-03-25 13:00:00 +00:002022-03-25 14:00:00 +00:00BE-TSO-0001ITP-00112entrykWh/h,1,Physical Flow,hour,2022-03-25T14:00:00+01:00,2022-03-25T15:00:00+01:00,BE-TSO-0001,21X-BE-A-A0A0A-Y,Fluxys Belgium,ITP-00112,Eynatten 1 (BE) // Lichtenbusch / Raeren (DE),21Z0000000000155,entry,kWh/h,,,0,2022-03-26T10:36:08+01:00,,Confirmed,,,,,True,,,True,PRISMA,,https://platform.prisma-capacity.eu/,,Cross-Border Transmission IP within EU,0,False
1Physical Flowhour2022-03-25 14:00:00 +00:002022-03-25 15:00:00 +00:00BE-TSO-0001ITP-00112entrykWh/h,1,Physical Flow,hour,2022-03-25T15:00:00+01:00,2022-03-25T16:00:00+01:00,BE-TSO-0001,21X-BE-A-A0A0A-Y,Fluxys Belgium,ITP-00112,Eynatten 1 (BE) // Lichtenbusch / Raeren (DE),21Z0000000000155,entry,kWh/h,,,0,2022-03-26T10:36:08+01:00,,Confirmed,,,,,True,,,True,PRISMA,,https://platform.prisma-capacity.eu/,,Cross-Border Transmission IP within EU,0,False
1Physical Flowhour2022-03-25 15:00:00 +00:002022-03-25 16:00:00 +00:00BE-TSO-0001ITP-00112entrykWh/h,1,Physical Flow,hour,2022-03-25T16:00:00+01:00,2022-03-25T17:00:00+01:00,BE-TSO-0001,21X-BE-A-A0A0A-Y,Fluxys Belgium,ITP-00112,Eynatten 1 (BE) // Lichtenbusch / Raeren (DE),21Z0000000000155,entry,kWh/h,,,0,2022-03-26T10:36:08+01:00,,Confirmed,,,,,True,,,True,PRISMA,,https://platform.prisma-capacity.eu/,,Cross-Border Transmission IP within EU,0,False
1Physical Flowhour2022-03-25 16:00:00 +00:002022-03-25 17:00:00 +00:00BE-TSO-0001ITP-00112entrykWh/h,1,Physical Flow,hour,2022-03-25T17:00:00+01:00,2022-03-25T18:00:00+01:00,BE-TSO-0001,21X-BE-A-A0A0A-Y,Fluxys Belgium,ITP-00112,Eynatten 1 (BE) // Lichtenbusch / Raeren (DE),21Z0000000000155,entry,kWh/h,,,0,2022-03-26T10:36:08+01:00,,Confirmed,,,,,True,,,True,PRISMA,,https://platform.prisma-capacity.eu/,,Cross-Border Transmission IP within EU,0,False
1Physical Flowhour2022-03-25 17:00:00 +00:002022-03-25 18:00:00 +00:00BE-TSO-0001ITP-00112entrykWh/h,1,Physical Flow,hour,2022-03-25T18:00:00+01:00,2022-03-25T19:00:00+01:00,BE-TSO-0001,21X-BE-A-A0A0A-Y,Fluxys Belgium,ITP-00112,Eynatten 1 (BE) // Lichtenbusch / Raeren (DE),21Z0000000000155,entry,kWh/h,,,0,2022-03-26T10:36:08+01:00,,Confirmed,,,,,True,,,True,PRISMA,,https://platform.prisma-capacity.eu/,,Cross-Border Transmission IP within EU,0,False
1Physical Flowhour2022-03-25 18:00:00 +00:002022-03-25 19:00:00 +00:00BE-TSO-0001ITP-00112entrykWh/h,1,Physical Flow,hour,2022-03-25T19:00:00+01:00,2022-03-25T20:00:00+01:00,BE-TSO-0001,21X-BE-A-A0A0A-Y,Fluxys Belgium,ITP-00112,Eynatten 1 (BE) // Lichtenbusch / Raeren (DE),21Z0000000000155,entry,kWh/h,,,0,2022-03-26T10:36:08+01:00,,Confirmed,,,,,True,,,True,PRISMA,,https://platform.prisma-capacity.eu/,,Cross-Border Transmission IP within EU,0,False
1Physical Flowhour2022-03-25 19:00:00 +00:002022-03-25 20:00:00 +00:00BE-TSO-0001ITP-00112entrykWh/h,1,Physical Flow,hour,2022-03-25T20:00:00+01:00,2022-03-25T21:00:00+01:00,BE-TSO-0001,21X-BE-A-A0A0A-Y,Fluxys Belgium,ITP-00112,Eynatten 1 (BE) // Lichtenbusch / Raeren (DE),21Z0000000000155,entry,kWh/h,,,0,2022-03-26T10:36:08+01:00,,Confirmed,,,,,True,,,True,PRISMA,,https://platform.prisma-capacity.eu/,,Cross-Border Transmission IP within EU,0,False
1Physical Flowhour2022-03-25 20:00:00 +00:002022-03-25 21:00:00 +00:00BE-TSO-0001ITP-00112entrykWh/h,1,Physical Flow,hour,2022-03-25T21:00:00+01:00,2022-03-25T22:00:00+01:00,BE-TSO-0001,21X-BE-A-A0A0A-Y,Fluxys Belgium,ITP-00112,Eynatten 1 (BE) // Lichtenbusch / Raeren (DE),21Z0000000000155,entry,kWh/h,,,0,2022-03-26T10:36:08+01:00,,Confirmed,,,,,True,,,True,PRISMA,,https://platform.prisma-capacity.eu/,,Cross-Border Transmission IP within EU,0,False
1Physical Flowhour2022-03-25 21:00:00 +00:002022-03-25 22:00:00 +00:00BE-TSO-0001ITP-00112entrykWh/h,1,Physical Flow,hour,2022-03-25T22:00:00+01:00,2022-03-25T23:00:00+01:00,BE-TSO-0001,21X-BE-A-A0A0A-Y,Fluxys Belgium,ITP-00112,Eynatten 1 (BE) // Lichtenbusch / Raeren (DE),21Z0000000000155,entry,kWh/h,,,0,2022-03-26T10:36:08+01:00,,Confirmed,,,,,True,,,True,PRISMA,,https://platform.prisma-capacity.eu/,,Cross-Border Transmission IP within EU,0,False
1Physical Flowhour2022-03-25 22:00:00 +00:002022-03-25 23:00:00 +00:00BE-TSO-0001ITP-00112entrykWh/h,1,Physical Flow,hour,2022-03-25T23:00:00+01:00,2022-03-26T00:00:00+01:00,BE-TSO-0001,21X-BE-A-A0A0A-Y,Fluxys Belgium,ITP-00112,Eynatten 1 (BE) // Lichtenbusch / Raeren (DE),21Z0000000000155,entry,kWh/h,,,0,2022-03-26T10:36:08+01:00,,Confirmed,,,,,True,,,True,PRISMA,,https://platform.prisma-capacity.eu/,,Cross-Border Transmission IP within EU,0,False
1Physical Flowhour2022-03-25 23:00:00 +00:002022-03-26 00:00:00 +00:00BE-TSO-0001ITP-00112entrykWh/h,1,Physical Flow,hour,2022-03-26T00:00:00+01:00,2022-03-26T01:00:00+01:00,BE-TSO-0001,21X-BE-A-A0A0A-Y,Fluxys Belgium,ITP-00112,Eynatten 1 (BE) // Lichtenbusch / Raeren (DE),21Z0000000000155,entry,kWh/h,,,0,2022-03-26T10:36:08+01:00,,Confirmed,,,,,True,,,True,PRISMA,,https://platform.prisma-capacity.eu/,,Cross-Border Transmission IP within EU,0,False
1Physical Flowhour2022-03-26 00:00:00 +00:002022-03-26 01:00:00 +00:00BE-TSO-0001ITP-00112entrykWh/h,1,Physical Flow,hour,2022-03-26T01:00:00+01:00,2022-03-26T02:00:00+01:00,BE-TSO-0001,21X-BE-A-A0A0A-Y,Fluxys Belgium,ITP-00112,Eynatten 1 (BE) // Lichtenbusch / Raeren (DE),21Z0000000000155,entry,kWh/h,,,0,2022-03-26T10:36:08+01:00,,Confirmed,,,,,True,,,True,PRISMA,,https://platform.prisma-capacity.eu/,,Cross-Border Transmission IP within EU,0,False
1Physical Flowhour2022-03-26 01:00:00 +00:002022-03-26 02:00:00 +00:00BE-TSO-0001ITP-00112entrykWh/h,1,Physical Flow,hour,2022-03-26T02:00:00+01:00,2022-03-26T03:00:00+01:00,BE-TSO-0001,21X-BE-A-A0A0A-Y,Fluxys Belgium,ITP-00112,Eynatten 1 (BE) // Lichtenbusch / Raeren (DE),21Z0000000000155,entry,kWh/h,,,0,2022-03-26T10:36:08+01:00,,Confirmed,,,,,True,,,True,PRISMA,,https://platform.prisma-capacity.eu/,,Cross-Border Transmission IP within EU,0,False
1Physical Flowhour2022-03-26 02:00:00 +00:002022-03-26 03:00:00 +00:00BE-TSO-0001ITP-00112entrykWh/h,1,Physical Flow,hour,2022-03-26T03:00:00+01:00,2022-03-26T04:00:00+01:00,BE-TSO-0001,21X-BE-A-A0A0A-Y,Fluxys Belgium,ITP-00112,Eynatten 1 (BE) // Lichtenbusch / Raeren (DE),21Z0000000000155,entry,kWh/h,,,0,2022-03-26T10:36:08+01:00,,Confirmed,,,,,True,,,True,PRISMA,,https://platform.prisma-capacity.eu/,,Cross-Border Transmission IP within EU,0,False
1Physical Flowhour2022-03-26 03:00:00 +00:002022-03-26 04:00:00 +00:00BE-TSO-0001ITP-00112entrykWh/h,1,Physical Flow,hour,2022-03-26T04:00:00+01:00,2022-03-26T05:00:00+01:00,BE-TSO-0001,21X-BE-A-A0A0A-Y,Fluxys Belgium,ITP-00112,Eynatten 1 (BE) // Lichtenbusch / Raeren (DE),21Z0000000000155,entry,kWh/h,,,0,2022-03-26T10:36:08+01:00,,Confirmed,,,,,True,,,True,PRISMA,,https://platform.prisma-capacity.eu/,,Cross-Border Transmission IP within EU,0,False
1Physical Flowhour2022-03-26 04:00:00 +00:002022-03-26 05:00:00 +00:00BE-TSO-0001ITP-00112entrykWh/h,1,Physical Flow,hour,2022-03-26T05:00:00+01:00,2022-03-26T06:00:00+01:00,BE-TSO-0001,21X-BE-A-A0A0A-Y,Fluxys Belgium,ITP-00112,Eynatten 1 (BE) // Lichtenbusch / Raeren (DE),21Z0000000000155,entry,kWh/h,,,0,2022-03-26T10:36:08+01:00,,Confirmed,,,,,True,,,True,PRISMA,,https://platform.prisma-capacity.eu/,,Cross-Border Transmission IP within EU,0,False
1Physical Flowhour2022-03-26 05:00:00 +00:002022-03-26 06:00:00 +00:00BE-TSO-0001ITP-00112entrykWh/h,1,Physical Flow,hour,2022-03-26T06:00:00+01:00,2022-03-26T07:00:00+01:00,BE-TSO-0001,21X-BE-A-A0A0A-Y,Fluxys Belgium,ITP-00112,Eynatten 1 (BE) // Lichtenbusch / Raeren (DE),21Z0000000000155,entry,kWh/h,,,0,2022-03-27T10:45:09+02:00,,Confirmed,,,,,True,,,True,PRISMA,,https://platform.prisma-capacity.eu/,,Cross-Border Transmission IP within EU,0,False
1Physical Flowhour2022-03-26 06:00:00 +00:002022-03-26 07:00:00 +00:00BE-TSO-0001ITP-00112entrykWh/h,1,Physical Flow,hour,2022-03-26T07:00:00+01:00,2022-03-26T08:00:00+01:00,BE-TSO-0001,21X-BE-A-A0A0A-Y,Fluxys Belgium,ITP-00112,Eynatten 1 (BE) // Lichtenbusch / Raeren (DE),21Z0000000000155,entry,kWh/h,,,0,2022-03-27T10:45:09+02:00,,Confirmed,,,,,True,,,True,PRISMA,,https://platform.prisma-capacity.eu/,,Cross-Border Transmission IP within EU,0,False
1Physical Flowhour2022-03-26 07:00:00 +00:002022-03-26 08:00:00 +00:00BE-TSO-0001ITP-00112entrykWh/h,1,Physical Flow,hour,2022-03-26T08:00:00+01:00,2022-03-26T09:00:00+01:00,BE-TSO-0001,21X-BE-A-A0A0A-Y,Fluxys Belgium,ITP-00112,Eynatten 1 (BE) // Lichtenbusch / Raeren (DE),21Z0000000000155,entry,kWh/h,,,0,2022-03-27T10:45:09+02:00,,Confirmed,,,,,True,,,True,PRISMA,,https://platform.prisma-capacity.eu/,,Cross-Border Transmission IP within EU,0,False
1Physical Flowhour2022-03-26 08:00:00 +00:002022-03-26 09:00:00 +00:00BE-TSO-0001ITP-00112entrykWh/h,1,Physical Flow,hour,2022-03-26T09:00:00+01:00,2022-03-26T10:00:00+01:00,BE-TSO-0001,21X-BE-A-A0A0A-Y,Fluxys Belgium,ITP-00112,Eynatten 1 (BE) // Lichtenbusch / Raeren (DE),21Z0000000000155,entry,kWh/h,,,0,2022-03-27T10:45:09+02:00,,Confirmed,,,,,True,,,True,PRISMA,,https://platform.prisma-capacity.eu/,,Cross-Border Transmission IP within EU,0,False
1Physical Flowhour2022-03-26 09:00:00 +00:002022-03-26 10:00:00 +00:00BE-TSO-0001ITP-00112entrykWh/h,1,Physical Flow,hour,2022-03-26T10:00:00+01:00,2022-03-26T11:00:00+01:00,BE-TSO-0001,21X-BE-A-A0A0A-Y,Fluxys Belgium,ITP-00112,Eynatten 1 (BE) // Lichtenbusch / Raeren (DE),21Z0000000000155,entry,kWh/h,,,0,2022-03-27T10:45:09+02:00,,Confirmed,,,,,True,,,True,PRISMA,,https://platform.prisma-capacity.eu/,,Cross-Border Transmission IP within EU,0,False
1Physical Flowhour2022-03-26 10:00:00 +00:002022-03-26 11:00:00 +00:00BE-TSO-0001ITP-00112entrykWh/h,1,Physical Flow,hour,2022-03-26T11:00:00+01:00,2022-03-26T12:00:00+01:00,BE-TSO-0001,21X-BE-A-A0A0A-Y,Fluxys Belgium,ITP-00112,Eynatten 1 (BE) // Lichtenbusch / Raeren (DE),21Z0000000000155,entry,kWh/h,,,0,2022-03-27T10:45:09+02:00,,Confirmed,,,,,True,,,True,PRISMA,,https://platform.prisma-capacity.eu/,,Cross-Border Transmission IP within EU,0,False
1Physical Flowhour2022-03-26 11:00:00 +00:002022-03-26 12:00:00 +00:00BE-TSO-0001ITP-00112entrykWh/h,1,Physical Flow,hour,2022-03-26T12:00:00+01:00,2022-03-26T13:00:00+01:00,BE-TSO-0001,21X-BE-A-A0A0A-Y,Fluxys Belgium,ITP-00112,Eynatten 1 (BE) // Lichtenbusch / Raeren (DE),21Z0000000000155,entry,kWh/h,,,0,2022-03-27T10:45:09+02:00,,Confirmed,,,,,True,,,True,PRISMA,,https://platform.prisma-capacity.eu/,,Cross-Border Transmission IP within EU,0,False
1Physical Flowhour2022-03-26 12:00:00 +00:002022-03-26 13:00:00 +00:00BE-TSO-0001ITP-00112entrykWh/h,1,Physical Flow,hour,2022-03-26T13:00:00+01:00,2022-03-26T14:00:00+01:00,BE-TSO-0001,21X-BE-A-A0A0A-Y,Fluxys Belgium,ITP-00112,Eynatten 1 (BE) // Lichtenbusch / Raeren (DE),21Z0000000000155,entry,kWh/h,,,0,2022-03-27T10:45:09+02:00,,Confirmed,,,,,True,,,True,PRISMA,,https://platform.prisma-capacity.eu/,,Cross-Border Transmission IP within EU,0,False
1Physical Flowhour2022-03-26 13:00:00 +00:002022-03-26 14:00:00 +00:00BE-TSO-0001ITP-00112entrykWh/h,1,Physical Flow,hour,2022-03-26T14:00:00+01:00,2022-03-26T15:00:00+01:00,BE-TSO-0001,21X-BE-A-A0A0A-Y,Fluxys Belgium,ITP-00112,Eynatten 1 (BE) // Lichtenbusch / Raeren (DE),21Z0000000000155,entry,kWh/h,,,0,2022-03-27T10:45:09+02:00,,Confirmed,,,,,True,,,True,PRISMA,,https://platform.prisma-capacity.eu/,,Cross-Border Transmission IP within EU,0,False
1Physical Flowhour2022-03-26 14:00:00 +00:002022-03-26 15:00:00 +00:00BE-TSO-0001ITP-00112entrykWh/h,1,Physical Flow,hour,2022-03-26T15:00:00+01:00,2022-03-26T16:00:00+01:00,BE-TSO-0001,21X-BE-A-A0A0A-Y,Fluxys Belgium,ITP-00112,Eynatten 1 (BE) // Lichtenbusch / Raeren (DE),21Z0000000000155,entry,kWh/h,,,0,2022-03-27T10:45:09+02:00,,Confirmed,,,,,True,,,True,PRISMA,,https://platform.prisma-capacity.eu/,,Cross-Border Transmission IP within EU,0,False
1Physical Flowhour2022-03-26 15:00:00 +00:002022-03-26 16:00:00 +00:00BE-TSO-0001ITP-00112entrykWh/h,1,Physical Flow,hour,2022-03-26T16:00:00+01:00,2022-03-26T17:00:00+01:00,BE-TSO-0001,21X-BE-A-A0A0A-Y,Fluxys Belgium,ITP-00112,Eynatten 1 (BE) // Lichtenbusch / Raeren (DE),21Z0000000000155,entry,kWh/h,,,0,2022-03-27T10:45:09+02:00,,Confirmed,,,,,True,,,True,PRISMA,,https://platform.prisma-capacity.eu/,,Cross-Border Transmission IP within EU,0,False
1Physical Flowhour2022-03-26 16:00:00 +00:002022-03-26 17:00:00 +00:00BE-TSO-0001ITP-00112entrykWh/h,1,Physical Flow,hour,2022-03-26T17:00:00+01:00,2022-03-26T18:00:00+01:00,BE-TSO-0001,21X-BE-A-A0A0A-Y,Fluxys Belgium,ITP-00112,Eynatten 1 (BE) // Lichtenbusch / Raeren (DE),21Z0000000000155,entry,kWh/h,,,0,2022-03-27T10:45:09+02:00,,Confirmed,,,,,True,,,True,PRISMA,,https://platform.prisma-capacity.eu/,,Cross-Border Transmission IP within EU,0,False
1Physical Flowhour2022-03-26 17:00:00 +00:002022-03-26 18:00:00 +00:00BE-TSO-0001ITP-00112entrykWh/h,1,Physical Flow,hour,2022-03-26T18:00:00+01:00,2022-03-26T19:00:00+01:00,BE-TSO-0001,21X-BE-A-A0A0A-Y,Fluxys Belgium,ITP-00112,Eynatten 1 (BE) // Lichtenbusch / Raeren (DE),21Z0000000000155,entry,kWh/h,,,0,2022-03-27T10:45:09+02:00,,Confirmed,,,,,True,,,True,PRISMA,,https://platform.prisma-capacity.eu/,,Cross-Border Transmission IP within EU,0,False
1Physical Flowhour2022-03-26 18:00:00 +00:002022-03-26 19:00:00 +00:00BE-TSO-0001ITP-00112entrykWh/h,1,Physical Flow,hour,2022-03-26T19:00:00+01:00,2022-03-26T20:00:00+01:00,BE-TSO-0001,21X-BE-A-A0A0A-Y,Fluxys Belgium,ITP-00112,Eynatten 1 (BE) // Lichtenbusch / Raeren (DE),21Z0000000000155,entry,kWh/h,,,0,2022-03-27T10:45:09+02:00,,Confirmed,,,,,True,,,True,PRISMA,,https://platform.prisma-capacity.eu/,,Cross-Border Transmission IP within EU,0,False
1Physical Flowhour2022-03-26 19:00:00 +00:002022-03-26 20:00:00 +00:00BE-TSO-0001ITP-00112entrykWh/h,1,Physical Flow,hour,2022-03-26T20:00:00+01:00,2022-03-26T21:00:00+01:00,BE-TSO-0001,21X-BE-A-A0A0A-Y,Fluxys Belgium,ITP-00112,Eynatten 1 (BE) // Lichtenbusch / Raeren (DE),21Z0000000000155,entry,kWh/h,,,0,2022-03-27T10:45:09+02:00,,Confirmed,,,,,True,,,True,PRISMA,,https://platform.prisma-capacity.eu/,,Cross-Border Transmission IP within EU,0,False
1Physical Flowhour2022-03-26 20:00:00 +00:002022-03-26 21:00:00 +00:00BE-TSO-0001ITP-00112entrykWh/h,1,Physical Flow,hour,2022-03-26T21:00:00+01:00,2022-03-26T22:00:00+01:00,BE-TSO-0001,21X-BE-A-A0A0A-Y,Fluxys Belgium,ITP-00112,Eynatten 1 (BE) // Lichtenbusch / Raeren (DE),21Z0000000000155,entry,kWh/h,,,0,2022-03-27T10:45:09+02:00,,Confirmed,,,,,True,,,True,PRISMA,,https://platform.prisma-capacity.eu/,,Cross-Border Transmission IP within EU,0,False
1Physical Flowhour2022-03-26 21:00:00 +00:002022-03-26 22:00:00 +00:00BE-TSO-0001ITP-00112entrykWh/h,1,Physical Flow,hour,2022-03-26T22:00:00+01:00,2022-03-26T23:00:00+01:00,BE-TSO-0001,21X-BE-A-A0A0A-Y,Fluxys Belgium,ITP-00112,Eynatten 1 (BE) // Lichtenbusch / Raeren (DE),21Z0000000000155,entry,kWh/h,,,0,2022-03-27T10:45:09+02:00,,Confirmed,,,,,True,,,True,PRISMA,,https://platform.prisma-capacity.eu/,,Cross-Border Transmission IP within EU,0,False
1Physical Flowhour2022-03-26 22:00:00 +00:002022-03-26 23:00:00 +00:00BE-TSO-0001ITP-00112entrykWh/h,1,Physical Flow,hour,2022-03-26T23:00:00+01:00,2022-03-27T00:00:00+01:00,BE-TSO-0001,21X-BE-A-A0A0A-Y,Fluxys Belgium,ITP-00112,Eynatten 1 (BE) // Lichtenbusch / Raeren (DE),21Z0000000000155,entry,kWh/h,,,0,2022-03-27T10:45:09+02:00,,Confirmed,,,,,True,,,True,PRISMA,,https://platform.prisma-capacity.eu/,,Cross-Border Transmission IP within EU,0,False
1Physical Flowhour2022-03-26 23:00:00 +00:002022-03-27 00:00:00 +00:00BE-TSO-0001ITP-00112entrykWh/h,1,Physical Flow,hour,2022-03-27T00:00:00+01:00,2022-03-27T01:00:00+01:00,BE-TSO-0001,21X-BE-A-A0A0A-Y,Fluxys Belgium,ITP-00112,Eynatten 1 (BE) // Lichtenbusch / Raeren (DE),21Z0000000000155,entry,kWh/h,,,0,2022-03-27T10:45:09+02:00,,Confirmed,,,,,True,,,True,PRISMA,,https://platform.prisma-capacity.eu/,,Cross-Border Transmission IP within EU,0,False
1Physical Flowhour2022-03-27 00:00:00 +00:002022-03-27 01:00:00 +00:00BE-TSO-0001ITP-00112entrykWh/h,1,Physical Flow,hour,2022-03-27T01:00:00+01:00,2022-03-27T03:00:00+02:00,BE-TSO-0001,21X-BE-A-A0A0A-Y,Fluxys Belgium,ITP-00112,Eynatten 1 (BE) // Lichtenbusch / Raeren (DE),21Z0000000000155,entry,kWh/h,,,0,2022-03-27T10:45:09+02:00,,Confirmed,,,,,True,,,True,PRISMA,,https://platform.prisma-capacity.eu/,,Cross-Border Transmission IP within EU,0,False
1Physical Flowhour2022-03-27 01:00:00 +00:002022-03-27 02:00:00 +00:00BE-TSO-0001ITP-00112entrykWh/h,1,Physical Flow,hour,2022-03-27T03:00:00+02:00,2022-03-27T04:00:00+02:00,BE-TSO-0001,21X-BE-A-A0A0A-Y,Fluxys Belgium,ITP-00112,Eynatten 1 (BE) // Lichtenbusch / Raeren (DE),21Z0000000000155,entry,kWh/h,,,0,2022-03-27T10:45:09+02:00,,Confirmed,,,,,True,,,True,PRISMA,,https://platform.prisma-capacity.eu/,,Cross-Border Transmission IP within EU,0,False
1Physical Flowhour2022-03-27 02:00:00 +00:002022-03-27 03:00:00 +00:00BE-TSO-0001ITP-00112entrykWh/h,1,Physical Flow,hour,2022-03-27T04:00:00+02:00,2022-03-27T05:00:00+02:00,BE-TSO-0001,21X-BE-A-A0A0A-Y,Fluxys Belgium,ITP-00112,Eynatten 1 (BE) // Lichtenbusch / Raeren (DE),21Z0000000000155,entry,kWh/h,,,0,2022-03-27T10:45:09+02:00,,Confirmed,,,,,True,,,True,PRISMA,,https://platform.prisma-capacity.eu/,,Cross-Border Transmission IP within EU,0,False
1Physical Flowhour2022-03-27 03:00:00 +00:002022-03-27 04:00:00 +00:00BE-TSO-0001ITP-00112entrykWh/h,1,Physical Flow,hour,2022-03-27T05:00:00+02:00,2022-03-27T06:00:00+02:00,BE-TSO-0001,21X-BE-A-A0A0A-Y,Fluxys Belgium,ITP-00112,Eynatten 1 (BE) // Lichtenbusch / Raeren (DE),21Z0000000000155,entry,kWh/h,,,0,2022-03-27T10:45:09+02:00,,Confirmed,,,,,True,,,True,PRISMA,,https://platform.prisma-capacity.eu/,,Cross-Border Transmission IP within EU,0,False
1Physical Flowhour2022-03-27 04:00:00 +00:002022-03-27 05:00:00 +00:00BE-TSO-0001ITP-00112entrykWh/h,1,Physical Flow,hour,2022-03-27T06:00:00+02:00,2022-03-27T07:00:00+02:00,BE-TSO-0001,21X-BE-A-A0A0A-Y,Fluxys Belgium,ITP-00112,Eynatten 1 (BE) // Lichtenbusch / Raeren (DE),21Z0000000000155,entry,kWh/h,,,0,2022-03-28T10:45:09+02:00,,Confirmed,,,,,True,,,True,PRISMA,,https://platform.prisma-capacity.eu/,,Cross-Border Transmission IP within EU,0,False
1Physical Flowhour2022-03-27 05:00:00 +00:002022-03-27 06:00:00 +00:00BE-TSO-0001ITP-00112entrykWh/h,1,Physical Flow,hour,2022-03-27T07:00:00+02:00,2022-03-27T08:00:00+02:00,BE-TSO-0001,21X-BE-A-A0A0A-Y,Fluxys Belgium,ITP-00112,Eynatten 1 (BE) // Lichtenbusch / Raeren (DE),21Z0000000000155,entry,kWh/h,,,0,2022-03-28T10:45:09+02:00,,Confirmed,,,,,True,,,True,PRISMA,,https://platform.prisma-capacity.eu/,,Cross-Border Transmission IP within EU,0,False
1Physical Flowhour2022-03-27 06:00:00 +00:002022-03-27 07:00:00 +00:00BE-TSO-0001ITP-00112entrykWh/h,1,Physical Flow,hour,2022-03-27T08:00:00+02:00,2022-03-27T09:00:00+02:00,BE-TSO-0001,21X-BE-A-A0A0A-Y,Fluxys Belgium,ITP-00112,Eynatten 1 (BE) // Lichtenbusch / Raeren (DE),21Z0000000000155,entry,kWh/h,,,0,2022-03-28T10:45:09+02:00,,Confirmed,,,,,True,,,True,PRISMA,,https://platform.prisma-capacity.eu/,,Cross-Border Transmission IP within EU,0,False
1Physical Flowhour2022-03-27 07:00:00 +00:002022-03-27 08:00:00 +00:00BE-TSO-0001ITP-00112entrykWh/h,1,Physical Flow,hour,2022-03-27T09:00:00+02:00,2022-03-27T10:00:00+02:00,BE-TSO-0001,21X-BE-A-A0A0A-Y,Fluxys Belgium,ITP-00112,Eynatten 1 (BE) // Lichtenbusch / Raeren (DE),21Z0000000000155,entry,kWh/h,,,0,2022-03-28T10:45:09+02:00,,Confirmed,,,,,True,,,True,PRISMA,,https://platform.prisma-capacity.eu/,,Cross-Border Transmission IP within EU,0,False
1Physical Flowhour2022-03-27 08:00:00 +00:002022-03-27 09:00:00 +00:00BE-TSO-0001ITP-00112entrykWh/h,1,Physical Flow,hour,2022-03-27T10:00:00+02:00,2022-03-27T11:00:00+02:00,BE-TSO-0001,21X-BE-A-A0A0A-Y,Fluxys Belgium,ITP-00112,Eynatten 1 (BE) // Lichtenbusch / Raeren (DE),21Z0000000000155,entry,kWh/h,,,0,2022-03-28T10:45:09+02:00,,Confirmed,,,,,True,,,True,PRISMA,,https://platform.prisma-capacity.eu/,,Cross-Border Transmission IP within EU,0,False
1Physical Flowhour2022-03-27 09:00:00 +00:002022-03-27 10:00:00 +00:00BE-TSO-0001ITP-00112entrykWh/h,1,Physical Flow,hour,2022-03-27T11:00:00+02:00,2022-03-27T12:00:00+02:00,BE-TSO-0001,21X-BE-A-A0A0A-Y,Fluxys Belgium,ITP-00112,Eynatten 1 (BE) // Lichtenbusch / Raeren (DE),21Z0000000000155,entry,kWh/h,,,0,2022-03-28T10:45:09+02:00,,Confirmed,,,,,True,,,True,PRISMA,,https://platform.prisma-capacity.eu/,,Cross-Border Transmission IP within EU,0,False
1Physical Flowhour2022-03-27 10:00:00 +00:002022-03-27 11:00:00 +00:00BE-TSO-0001ITP-00112entrykWh/h,1,Physical Flow,hour,2022-03-27T12:00:00+02:00,2022-03-27T13:00:00+02:00,BE-TSO-0001,21X-BE-A-A0A0A-Y,Fluxys Belgium,ITP-00112,Eynatten 1 (BE) // Lichtenbusch / Raeren (DE),21Z0000000000155,entry,kWh/h,,,0,2022-03-28T10:45:09+02:00,,Confirmed,,,,,True,,,True,PRISMA,,https://platform.prisma-capacity.eu/,,Cross-Border Transmission IP within EU,0,False
1Physical Flowhour2022-03-27 11:00:00 +00:002022-03-27 12:00:00 +00:00BE-TSO-0001ITP-00112entrykWh/h,1,Physical Flow,hour,2022-03-27T13:00:00+02:00,2022-03-27T14:00:00+02:00,BE-TSO-0001,21X-BE-A-A0A0A-Y,Fluxys Belgium,ITP-00112,Eynatten 1 (BE) // Lichtenbusch / Raeren (DE),21Z0000000000155,entry,kWh/h,,,0,2022-03-28T10:45:09+02:00,,Confirmed,,,,,True,,,True,PRISMA,,https://platform.prisma-capacity.eu/,,Cross-Border Transmission IP within EU,0,False
1Physical Flowhour2022-03-27 12:00:00 +00:002022-03-27 13:00:00 +00:00BE-TSO-0001ITP-00112entrykWh/h,1,Physical Flow,hour,2022-03-27T14:00:00+02:00,2022-03-27T15:00:00+02:00,BE-TSO-0001,21X-BE-A-A0A0A-Y,Fluxys Belgium,ITP-00112,Eynatten 1 (BE) // Lichtenbusch / Raeren (DE),21Z0000000000155,entry,kWh/h,,,0,2022-03-28T10:45:09+02:00,,Confirmed,,,,,True,,,True,PRISMA,,https://platform.prisma-capacity.eu/,,Cross-Border Transmission IP within EU,0,False
1Physical Flowhour2022-03-27 13:00:00 +00:002022-03-27 14:00:00 +00:00BE-TSO-0001ITP-00112entrykWh/h,1,Physical Flow,hour,2022-03-27T15:00:00+02:00,2022-03-27T16:00:00+02:00,BE-TSO-0001,21X-BE-A-A0A0A-Y,Fluxys Belgium,ITP-00112,Eynatten 1 (BE) // Lichtenbusch / Raeren (DE),21Z0000000000155,entry,kWh/h,,,0,2022-03-28T10:45:09+02:00,,Confirmed,,,,,True,,,True,PRISMA,,https://platform.prisma-capacity.eu/,,Cross-Border Transmission IP within EU,0,False
1Physical Flowhour2022-03-27 14:00:00 +00:002022-03-27 15:00:00 +00:00BE-TSO-0001ITP-00112entrykWh/h,1,Physical Flow,hour,2022-03-27T16:00:00+02:00,2022-03-27T17:00:00+02:00,BE-TSO-0001,21X-BE-A-A0A0A-Y,Fluxys Belgium,ITP-00112,Eynatten 1 (BE) // Lichtenbusch / Raeren (DE),21Z0000000000155,entry,kWh/h,,,0,2022-03-28T10:45:09+02:00,,Confirmed,,,,,True,,,True,PRISMA,,https://platform.prisma-capacity.eu/,,Cross-Border Transmission IP within EU,0,False
1Physical Flowhour2022-03-27 15:00:00 +00:002022-03-27 16:00:00 +00:00BE-TSO-0001ITP-00112entrykWh/h,1,Physical Flow,hour,2022-03-27T17:00:00+02:00,2022-03-27T18:00:00+02:00,BE-TSO-0001,21X-BE-A-A0A0A-Y,Fluxys Belgium,ITP-00112,Eynatten 1 (BE) // Lichtenbusch / Raeren (DE),21Z0000000000155,entry,kWh/h,,,0,2022-03-28T10:45:09+02:00,,Confirmed,,,,,True,,,True,PRISMA,,https://platform.prisma-capacity.eu/,,Cross-Border Transmission IP within EU,0,False
1Physical Flowhour2022-03-27 16:00:00 +00:002022-03-27 17:00:00 +00:00BE-TSO-0001ITP-00112entrykWh/h,1,Physical Flow,hour,2022-03-27T18:00:00+02:00,2022-03-27T19:00:00+02:00,BE-TSO-0001,21X-BE-A-A0A0A-Y,Fluxys Belgium,ITP-00112,Eynatten 1 (BE) // Lichtenbusch / Raeren (DE),21Z0000000000155,entry,kWh/h,,,0,2022-03-28T10:45:09+02:00,,Confirmed,,,,,True,,,True,PRISMA,,https://platform.prisma-capacity.eu/,,Cross-Border Transmission IP within EU,0,False
1Physical Flowhour2022-03-27 17:00:00 +00:002022-03-27 18:00:00 +00:00BE-TSO-0001ITP-00112entrykWh/h,1,Physical Flow,hour,2022-03-27T19:00:00+02:00,2022-03-27T20:00:00+02:00,BE-TSO-0001,21X-BE-A-A0A0A-Y,Fluxys Belgium,ITP-00112,Eynatten 1 (BE) // Lichtenbusch / Raeren (DE),21Z0000000000155,entry,kWh/h,,,0,2022-03-28T10:45:09+02:00,,Confirmed,,,,,True,,,True,PRISMA,,https://platform.prisma-capacity.eu/,,Cross-Border Transmission IP within EU,0,False
1Physical Flowhour2022-03-27 18:00:00 +00:002022-03-27 19:00:00 +00:00BE-TSO-0001ITP-00112entrykWh/h,1,Physical Flow,hour,2022-03-27T20:00:00+02:00,2022-03-27T21:00:00+02:00,BE-TSO-0001,21X-BE-A-A0A0A-Y,Fluxys Belgium,ITP-00112,Eynatten 1 (BE) // Lichtenbusch / Raeren (DE),21Z0000000000155,entry,kWh/h,,,0,2022-03-28T10:45:09+02:00,,Confirmed,,,,,True,,,True,PRISMA,,https://platform.prisma-capacity.eu/,,Cross-Border Transmission IP within EU,0,False
1Physical Flowhour2022-03-27 19:00:00 +00:002022-03-27 20:00:00 +00:00BE-TSO-0001ITP-00112entrykWh/h,1,Physical Flow,hour,2022-03-27T21:00:00+02:00,2022-03-27T22:00:00+02:00,BE-TSO-0001,21X-BE-A-A0A0A-Y,Fluxys Belgium,ITP-00112,Eynatten 1 (BE) // Lichtenbusch / Raeren (DE),21Z0000000000155,entry,kWh/h,,,0,2022-03-28T10:45:09+02:00,,Confirmed,,,,,True,,,True,PRISMA,,https://platform.prisma-capacity.eu/,,Cross-Border Transmission IP within EU,0,False
1Physical Flowhour2022-03-27 20:00:00 +00:002022-03-27 21:00:00 +00:00BE-TSO-0001ITP-00112entrykWh/h,1,Physical Flow,hour,2022-03-27T22:00:00+02:00,2022-03-27T23:00:00+02:00,BE-TSO-0001,21X-BE-A-A0A0A-Y,Fluxys Belgium,ITP-00112,Eynatten 1 (BE) // Lichtenbusch / Raeren (DE),21Z0000000000155,entry,kWh/h,,,0,2022-03-28T10:45:09+02:00,,Confirmed,,,,,True,,,True,PRISMA,,https://platform.prisma-capacity.eu/,,Cross-Border Transmission IP within EU,0,False
1Physical Flowhour2022-03-27 21:00:00 +00:002022-03-27 22:00:00 +00:00BE-TSO-0001ITP-00112entrykWh/h,1,Physical Flow,hour,2022-03-27T23:00:00+02:00,2022-03-28T00:00:00+02:00,BE-TSO-0001,21X-BE-A-A0A0A-Y,Fluxys Belgium,ITP-00112,Eynatten 1 (BE) // Lichtenbusch / Raeren (DE),21Z0000000000155,entry,kWh/h,,,0,2022-03-28T10:45:09+02:00,,Confirmed,,,,,True,,,True,PRISMA,,https://platform.prisma-capacity.eu/,,Cross-Border Transmission IP within EU,0,False
1Physical Flowhour2022-03-27 22:00:00 +00:002022-03-27 23:00:00 +00:00BE-TSO-0001ITP-00112entrykWh/h,1,Physical Flow,hour,2022-03-28T00:00:00+02:00,2022-03-28T01:00:00+02:00,BE-TSO-0001,21X-BE-A-A0A0A-Y,Fluxys Belgium,ITP-00112,Eynatten 1 (BE) // Lichtenbusch / Raeren (DE),21Z0000000000155,entry,kWh/h,,,0,2022-03-28T10:45:09+02:00,,Confirmed,,,,,True,,,True,PRISMA,,https://platform.prisma-capacity.eu/,,Cross-Border Transmission IP within EU,0,False
1Physical Flowhour2022-03-27 23:00:00 +00:002022-03-28 00:00:00 +00:00BE-TSO-0001ITP-00112entrykWh/h,1,Physical Flow,hour,2022-03-28T01:00:00+02:00,2022-03-28T02:00:00+02:00,BE-TSO-0001,21X-BE-A-A0A0A-Y,Fluxys Belgium,ITP-00112,Eynatten 1 (BE) // Lichtenbusch / Raeren (DE),21Z0000000000155,entry,kWh/h,,,0,2022-03-28T10:45:09+02:00,,Confirmed,,,,,True,,,True,PRISMA,,https://platform.prisma-capacity.eu/,,Cross-Border Transmission IP within EU,0,False
1Physical Flowhour2022-03-28 00:00:00 +00:002022-03-28 01:00:00 +00:00BE-TSO-0001ITP-00112entrykWh/h,1,Physical Flow,hour,2022-03-28T02:00:00+02:00,2022-03-28T03:00:00+02:00,BE-TSO-0001,21X-BE-A-A0A0A-Y,Fluxys Belgium,ITP-00112,Eynatten 1 (BE) // Lichtenbusch / Raeren (DE),21Z0000000000155,entry,kWh/h,,,0,2022-03-28T10:45:09+02:00,,Confirmed,,,,,True,,,True,PRISMA,,https://platform.prisma-capacity.eu/,,Cross-Border Transmission IP within EU,0,False
1Physical Flowhour2022-03-28 01:00:00 +00:002022-03-28 02:00:00 +00:00BE-TSO-0001ITP-00112entrykWh/h,1,Physical Flow,hour,2022-03-28T03:00:00+02:00,2022-03-28T04:00:00+02:00,BE-TSO-0001,21X-BE-A-A0A0A-Y,Fluxys Belgium,ITP-00112,Eynatten 1 (BE) // Lichtenbusch / Raeren (DE),21Z0000000000155,entry,kWh/h,,,0,2022-03-28T10:45:09+02:00,,Confirmed,,,,,True,,,True,PRISMA,,https://platform.prisma-capacity.eu/,,Cross-Border Transmission IP within EU,0,False
1Physical Flowhour2022-03-28 02:00:00 +00:002022-03-28 03:00:00 +00:00BE-TSO-0001ITP-00112entrykWh/h,1,Physical Flow,hour,2022-03-28T04:00:00+02:00,2022-03-28T05:00:00+02:00,BE-TSO-0001,21X-BE-A-A0A0A-Y,Fluxys Belgium,ITP-00112,Eynatten 1 (BE) // Lichtenbusch / Raeren (DE),21Z0000000000155,entry,kWh/h,,,0,2022-03-28T10:45:09+02:00,,Confirmed,,,,,True,,,True,PRISMA,,https://platform.prisma-capacity.eu/,,Cross-Border Transmission IP within EU,0,False
1Physical Flowhour2022-03-28 03:00:00 +00:002022-03-28 04:00:00 +00:00BE-TSO-0001ITP-00112entrykWh/h,1,Physical Flow,hour,2022-03-28T05:00:00+02:00,2022-03-28T06:00:00+02:00,BE-TSO-0001,21X-BE-A-A0A0A-Y,Fluxys Belgium,ITP-00112,Eynatten 1 (BE) // Lichtenbusch / Raeren (DE),21Z0000000000155,entry,kWh/h,,,0,2022-03-28T10:45:09+02:00,,Confirmed,,,,,True,,,True,PRISMA,,https://platform.prisma-capacity.eu/,,Cross-Border Transmission IP within EU,0,False
1Physical Flowhour2022-03-28 04:00:00 +00:002022-03-28 05:00:00 +00:00BE-TSO-0001ITP-00112entrykWh/h,1,Physical Flow,hour,2022-03-28T06:00:00+02:00,2022-03-28T07:00:00+02:00,BE-TSO-0001,21X-BE-A-A0A0A-Y,Fluxys Belgium,ITP-00112,Eynatten 1 (BE) // Lichtenbusch / Raeren (DE),21Z0000000000155,entry,kWh/h,,,0,2022-03-29T10:48:08+02:00,,Confirmed,,,,,True,,,True,PRISMA,,https://platform.prisma-capacity.eu/,,Cross-Border Transmission IP within EU,0,False
1Physical Flowhour2022-03-28 05:00:00 +00:002022-03-28 06:00:00 +00:00BE-TSO-0001ITP-00112entrykWh/h,1,Physical Flow,hour,2022-03-28T07:00:00+02:00,2022-03-28T08:00:00+02:00,BE-TSO-0001,21X-BE-A-A0A0A-Y,Fluxys Belgium,ITP-00112,Eynatten 1 (BE) // Lichtenbusch / Raeren (DE),21Z0000000000155,entry,kWh/h,,,0,2022-03-29T10:48:08+02:00,,Confirmed,,,,,True,,,True,PRISMA,,https://platform.prisma-capacity.eu/,,Cross-Border Transmission IP within EU,0,False
1Physical Flowhour2022-03-28 06:00:00 +00:002022-03-28 07:00:00 +00:00BE-TSO-0001ITP-00112entrykWh/h,1,Physical Flow,hour,2022-03-28T08:00:00+02:00,2022-03-28T09:00:00+02:00,BE-TSO-0001,21X-BE-A-A0A0A-Y,Fluxys Belgium,ITP-00112,Eynatten 1 (BE) // Lichtenbusch / Raeren (DE),21Z0000000000155,entry,kWh/h,,,0,2022-03-29T10:48:08+02:00,,Confirmed,,,,,True,,,True,PRISMA,,https://platform.prisma-capacity.eu/,,Cross-Border Transmission IP within EU,0,False
1Physical Flowhour2022-03-28 07:00:00 +00:002022-03-28 08:00:00 +00:00BE-TSO-0001ITP-00112entrykWh/h,1,Physical Flow,hour,2022-03-28T09:00:00+02:00,2022-03-28T10:00:00+02:00,BE-TSO-0001,21X-BE-A-A0A0A-Y,Fluxys Belgium,ITP-00112,Eynatten 1 (BE) // Lichtenbusch / Raeren (DE),21Z0000000000155,entry,kWh/h,,,0,2022-03-29T10:48:08+02:00,,Confirmed,,,,,True,,,True,PRISMA,,https://platform.prisma-capacity.eu/,,Cross-Border Transmission IP within EU,0,False
1Physical Flowhour2022-03-28 08:00:00 +00:002022-03-28 09:00:00 +00:00BE-TSO-0001ITP-00112entrykWh/h,1,Physical Flow,hour,2022-03-28T10:00:00+02:00,2022-03-28T11:00:00+02:00,BE-TSO-0001,21X-BE-A-A0A0A-Y,Fluxys Belgium,ITP-00112,Eynatten 1 (BE) // Lichtenbusch / Raeren (DE),21Z0000000000155,entry,kWh/h,,,0,2022-03-29T10:48:08+02:00,,Confirmed,,,,,True,,,True,PRISMA,,https://platform.prisma-capacity.eu/,,Cross-Border Transmission IP within EU,0,False
1Physical Flowhour2022-03-28 09:00:00 +00:002022-03-28 10:00:00 +00:00BE-TSO-0001ITP-00112entrykWh/h,1,Physical Flow,hour,2022-03-28T11:00:00+02:00,2022-03-28T12:00:00+02:00,BE-TSO-0001,21X-BE-A-A0A0A-Y,Fluxys Belgium,ITP-00112,Eynatten 1 (BE) // Lichtenbusch / Raeren (DE),21Z0000000000155,entry,kWh/h,,,0,2022-03-29T10:48:08+02:00,,Confirmed,,,,,True,,,True,PRISMA,,https://platform.prisma-capacity.eu/,,Cross-Border Transmission IP within EU,0,False
1Physical Flowhour2022-03-28 10:00:00 +00:002022-03-28 11:00:00 +00:00BE-TSO-0001ITP-00112entrykWh/h,1,Physical Flow,hour,2022-03-28T12:00:00+02:00,2022-03-28T13:00:00+02:00,BE-TSO-0001,21X-BE-A-A0A0A-Y,Fluxys Belgium,ITP-00112,Eynatten 1 (BE) // Lichtenbusch / Raeren (DE),21Z0000000000155,entry,kWh/h,,,0,2022-03-29T10:48:08+02:00,,Confirmed,,,,,True,,,True,PRISMA,,https://platform.prisma-capacity.eu/,,Cross-Border Transmission IP within EU,0,False
1Physical Flowhour2022-03-28 11:00:00 +00:002022-03-28 12:00:00 +00:00BE-TSO-0001ITP-00112entrykWh/h,1,Physical Flow,hour,2022-03-28T13:00:00+02:00,2022-03-28T14:00:00+02:00,BE-TSO-0001,21X-BE-A-A0A0A-Y,Fluxys Belgium,ITP-00112,Eynatten 1 (BE) // Lichtenbusch / Raeren (DE),21Z0000000000155,entry,kWh/h,,,0,2022-03-29T10:48:08+02:00,,Confirmed,,,,,True,,,True,PRISMA,,https://platform.prisma-capacity.eu/,,Cross-Border Transmission IP within EU,0,False
1Physical Flowhour2022-03-28 12:00:00 +00:002022-03-28 13:00:00 +00:00BE-TSO-0001ITP-00112entrykWh/h,1,Physical Flow,hour,2022-03-28T14:00:00+02:00,2022-03-28T15:00:00+02:00,BE-TSO-0001,21X-BE-A-A0A0A-Y,Fluxys Belgium,ITP-00112,Eynatten 1 (BE) // Lichtenbusch / Raeren (DE),21Z0000000000155,entry,kWh/h,,,0,2022-03-29T10:48:08+02:00,,Confirmed,,,,,True,,,True,PRISMA,,https://platform.prisma-capacity.eu/,,Cross-Border Transmission IP within EU,0,False
1Physical Flowhour2022-03-28 13:00:00 +00:002022-03-28 14:00:00 +00:00BE-TSO-0001ITP-00112entrykWh/h,1,Physical Flow,hour,2022-03-28T15:00:00+02:00,2022-03-28T16:00:00+02:00,BE-TSO-0001,21X-BE-A-A0A0A-Y,Fluxys Belgium,ITP-00112,Eynatten 1 (BE) // Lichtenbusch / Raeren (DE),21Z0000000000155,entry,kWh/h,,,0,2022-03-29T10:48:08+02:00,,Confirmed,,,,,True,,,True,PRISMA,,https://platform.prisma-capacity.eu/,,Cross-Border Transmission IP within EU,0,False
1Physical Flowhour2022-03-28 14:00:00 +00:002022-03-28 15:00:00 +00:00BE-TSO-0001ITP-00112entrykWh/h,1,Physical Flow,hour,2022-03-28T16:00:00+02:00,2022-03-28T17:00:00+02:00,BE-TSO-0001,21X-BE-A-A0A0A-Y,Fluxys Belgium,ITP-00112,Eynatten 1 (BE) // Lichtenbusch / Raeren (DE),21Z0000000000155,entry,kWh/h,,,0,2022-03-29T10:48:08+02:00,,Confirmed,,,,,True,,,True,PRISMA,,https://platform.prisma-capacity.eu/,,Cross-Border Transmission IP within EU,0,False
1Physical Flowhour2022-03-28 15:00:00 +00:002022-03-28 16:00:00 +00:00BE-TSO-0001ITP-00112entrykWh/h,1,Physical Flow,hour,2022-03-28T17:00:00+02:00,2022-03-28T18:00:00+02:00,BE-TSO-0001,21X-BE-A-A0A0A-Y,Fluxys Belgium,ITP-00112,Eynatten 1 (BE) // Lichtenbusch / Raeren (DE),21Z0000000000155,entry,kWh/h,,,0,2022-03-29T10:48:08+02:00,,Confirmed,,,,,True,,,True,PRISMA,,https://platform.prisma-capacity.eu/,,Cross-Border Transmission IP within EU,0,False
1Physical Flowhour2022-03-28 16:00:00 +00:002022-03-28 17:00:00 +00:00BE-TSO-0001ITP-00112entrykWh/h,1,Physical Flow,hour,2022-03-28T18:00:00+02:00,2022-03-28T19:00:00+02:00,BE-TSO-0001,21X-BE-A-A0A0A-Y,Fluxys Belgium,ITP-00112,Eynatten 1 (BE) // Lichtenbusch / Raeren (DE),21Z0000000000155,entry,kWh/h,,,0,2022-03-29T10:48:08+02:00,,Confirmed,,,,,True,,,True,PRISMA,,https://platform.prisma-capacity.eu/,,Cross-Border Transmission IP within EU,0,False
1Physical Flowhour2022-03-28 17:00:00 +00:002022-03-28 18:00:00 +00:00BE-TSO-0001ITP-00112entrykWh/h,1,Physical Flow,hour,2022-03-28T19:00:00+02:00,2022-03-28T20:00:00+02:00,BE-TSO-0001,21X-BE-A-A0A0A-Y,Fluxys Belgium,ITP-00112,Eynatten 1 (BE) // Lichtenbusch / Raeren (DE),21Z0000000000155,entry,kWh/h,,,0,2022-03-29T10:48:08+02:00,,Confirmed,,,,,True,,,True,PRISMA,,https://platform.prisma-capacity.eu/,,Cross-Border Transmission IP within EU,0,False
1Physical Flowhour2022-03-28 18:00:00 +00:002022-03-28 19:00:00 +00:00BE-TSO-0001ITP-00112entrykWh/h,1,Physical Flow,hour,2022-03-28T20:00:00+02:00,2022-03-28T21:00:00+02:00,BE-TSO-0001,21X-BE-A-A0A0A-Y,Fluxys Belgium,ITP-00112,Eynatten 1 (BE) // Lichtenbusch / Raeren (DE),21Z0000000000155,entry,kWh/h,,,0,2022-03-29T10:48:08+02:00,,Confirmed,,,,,True,,,True,PRISMA,,https://platform.prisma-capacity.eu/,,Cross-Border Transmission IP within EU,0,False
1Physical Flowhour2022-03-28 19:00:00 +00:002022-03-28 20:00:00 +00:00BE-TSO-0001ITP-00112entrykWh/h,1,Physical Flow,hour,2022-03-28T21:00:00+02:00,2022-03-28T22:00:00+02:00,BE-TSO-0001,21X-BE-A-A0A0A-Y,Fluxys Belgium,ITP-00112,Eynatten 1 (BE) // Lichtenbusch / Raeren (DE),21Z0000000000155,entry,kWh/h,,,0,2022-03-29T10:48:08+02:00,,Confirmed,,,,,True,,,True,PRISMA,,https://platform.prisma-capacity.eu/,,Cross-Border Transmission IP within EU,0,False
1Physical Flowhour2022-03-28 20:00:00 +00:002022-03-28 21:00:00 +00:00BE-TSO-0001ITP-00112entrykWh/h,1,Physical Flow,hour,2022-03-28T22:00:00+02:00,2022-03-28T23:00:00+02:00,BE-TSO-0001,21X-BE-A-A0A0A-Y,Fluxys Belgium,ITP-00112,Eynatten 1 (BE) // Lichtenbusch / Raeren (DE),21Z0000000000155,entry,kWh/h,,,0,2022-03-29T10:48:08+02:00,,Confirmed,,,,,True,,,True,PRISMA,,https://platform.prisma-capacity.eu/,,Cross-Border Transmission IP within EU,0,False
1Physical Flowhour2022-03-28 21:00:00 +00:002022-03-28 22:00:00 +00:00BE-TSO-0001ITP-00112entrykWh/h,1,Physical Flow,hour,2022-03-28T23:00:00+02:00,2022-03-29T00:00:00+02:00,BE-TSO-0001,21X-BE-A-A0A0A-Y,Fluxys Belgium,ITP-00112,Eynatten 1 (BE) // Lichtenbusch / Raeren (DE),21Z0000000000155,entry,kWh/h,,,0,2022-03-29T10:48:08+02:00,,Confirmed,,,,,True,,,True,PRISMA,,https://platform.prisma-capacity.eu/,,Cross-Border Transmission IP within EU,0,False
1Physical Flowhour2022-03-28 22:00:00 +00:002022-03-28 23:00:00 +00:00BE-TSO-0001ITP-00112entrykWh/h,1,Physical Flow,hour,2022-03-29T00:00:00+02:00,2022-03-29T01:00:00+02:00,BE-TSO-0001,21X-BE-A-A0A0A-Y,Fluxys Belgium,ITP-00112,Eynatten 1 (BE) // Lichtenbusch / Raeren (DE),21Z0000000000155,entry,kWh/h,,,0,2022-03-29T10:48:08+02:00,,Confirmed,,,,,True,,,True,PRISMA,,https://platform.prisma-capacity.eu/,,Cross-Border Transmission IP within EU,0,False
1Physical Flowhour2022-03-28 23:00:00 +00:002022-03-29 00:00:00 +00:00BE-TSO-0001ITP-00112entrykWh/h,1,Physical Flow,hour,2022-03-29T01:00:00+02:00,2022-03-29T02:00:00+02:00,BE-TSO-0001,21X-BE-A-A0A0A-Y,Fluxys Belgium,ITP-00112,Eynatten 1 (BE) // Lichtenbusch / Raeren (DE),21Z0000000000155,entry,kWh/h,,,0,2022-03-29T10:48:08+02:00,,Confirmed,,,,,True,,,True,PRISMA,,https://platform.prisma-capacity.eu/,,Cross-Border Transmission IP within EU,0,False
1Physical Flowhour2022-03-29 00:00:00 +00:002022-03-29 01:00:00 +00:00BE-TSO-0001ITP-00112entrykWh/h,1,Physical Flow,hour,2022-03-29T02:00:00+02:00,2022-03-29T03:00:00+02:00,BE-TSO-0001,21X-BE-A-A0A0A-Y,Fluxys Belgium,ITP-00112,Eynatten 1 (BE) // Lichtenbusch / Raeren (DE),21Z0000000000155,entry,kWh/h,,,0,2022-03-29T10:48:08+02:00,,Confirmed,,,,,True,,,True,PRISMA,,https://platform.prisma-capacity.eu/,,Cross-Border Transmission IP within EU,0,False
1Physical Flowhour2022-03-29 01:00:00 +00:002022-03-29 02:00:00 +00:00BE-TSO-0001ITP-00112entrykWh/h,1,Physical Flow,hour,2022-03-29T03:00:00+02:00,2022-03-29T04:00:00+02:00,BE-TSO-0001,21X-BE-A-A0A0A-Y,Fluxys Belgium,ITP-00112,Eynatten 1 (BE) // Lichtenbusch / Raeren (DE),21Z0000000000155,entry,kWh/h,,,0,2022-03-29T10:48:08+02:00,,Confirmed,,,,,True,,,True,PRISMA,,https://platform.prisma-capacity.eu/,,Cross-Border Transmission IP within EU,0,False
1Physical Flowhour2022-03-29 02:00:00 +00:002022-03-29 03:00:00 +00:00BE-TSO-0001ITP-00112entrykWh/h,1,Physical Flow,hour,2022-03-29T04:00:00+02:00,2022-03-29T05:00:00+02:00,BE-TSO-0001,21X-BE-A-A0A0A-Y,Fluxys Belgium,ITP-00112,Eynatten 1 (BE) // Lichtenbusch / Raeren (DE),21Z0000000000155,entry,kWh/h,,,0,2022-03-29T10:48:08+02:00,,Confirmed,,,,,True,,,True,PRISMA,,https://platform.prisma-capacity.eu/,,Cross-Border Transmission IP within EU,0,False
1Physical Flowhour2022-03-29 03:00:00 +00:002022-03-29 04:00:00 +00:00BE-TSO-0001ITP-00112entrykWh/h,1,Physical Flow,hour,2022-03-29T05:00:00+02:00,2022-03-29T06:00:00+02:00,BE-TSO-0001,21X-BE-A-A0A0A-Y,Fluxys Belgium,ITP-00112,Eynatten 1 (BE) // Lichtenbusch / Raeren (DE),21Z0000000000155,entry,kWh/h,,,0,2022-03-29T10:48:08+02:00,,Confirmed,,,,,True,,,True,PRISMA,,https://platform.prisma-capacity.eu/,,Cross-Border Transmission IP within EU,0,False
1Physical Flowhour2022-03-30 04:00:00 +00:002022-03-30 05:00:00 +00:00BE-TSO-0001ITP-00112entrykWh/h,1,Physical Flow,hour,2022-03-30T06:00:00+02:00,2022-03-30T07:00:00+02:00,BE-TSO-0001,21X-BE-A-A0A0A-Y,Fluxys Belgium,ITP-00112,Eynatten 1 (BE) // Lichtenbusch / Raeren (DE),21Z0000000000155,entry,kWh/h,,,0,2022-03-31T11:24:08+02:00,,Confirmed,,,,,True,,,True,PRISMA,,https://platform.prisma-capacity.eu/,,Cross-Border Transmission IP within EU,0,False
1Physical Flowhour2022-03-30 05:00:00 +00:002022-03-30 06:00:00 +00:00BE-TSO-0001ITP-00112entrykWh/h,1,Physical Flow,hour,2022-03-30T07:00:00+02:00,2022-03-30T08:00:00+02:00,BE-TSO-0001,21X-BE-A-A0A0A-Y,Fluxys Belgium,ITP-00112,Eynatten 1 (BE) // Lichtenbusch / Raeren (DE),21Z0000000000155,entry,kWh/h,,,0,2022-03-31T11:24:08+02:00,,Confirmed,,,,,True,,,True,PRISMA,,https://platform.prisma-capacity.eu/,,Cross-Border Transmission IP within EU,0,False
1Physical Flowhour2022-03-30 06:00:00 +00:002022-03-30 07:00:00 +00:00BE-TSO-0001ITP-00112entrykWh/h,1,Physical Flow,hour,2022-03-30T08:00:00+02:00,2022-03-30T09:00:00+02:00,BE-TSO-0001,21X-BE-A-A0A0A-Y,Fluxys Belgium,ITP-00112,Eynatten 1 (BE) // Lichtenbusch / Raeren (DE),21Z0000000000155,entry,kWh/h,,,0,2022-03-31T11:24:08+02:00,,Confirmed,,,,,True,,,True,PRISMA,,https://platform.prisma-capacity.eu/,,Cross-Border Transmission IP within EU,0,False
1Physical Flowhour2022-03-30 07:00:00 +00:002022-03-30 08:00:00 +00:00BE-TSO-0001ITP-00112entrykWh/h,1,Physical Flow,hour,2022-03-30T09:00:00+02:00,2022-03-30T10:00:00+02:00,BE-TSO-0001,21X-BE-A-A0A0A-Y,Fluxys Belgium,ITP-00112,Eynatten 1 (BE) // Lichtenbusch / Raeren (DE),21Z0000000000155,entry,kWh/h,,,0,2022-03-31T11:24:08+02:00,,Confirmed,,,,,True,,,True,PRISMA,,https://platform.prisma-capacity.eu/,,Cross-Border Transmission IP within EU,0,False
1Physical Flowhour2022-03-30 08:00:00 +00:002022-03-30 09:00:00 +00:00BE-TSO-0001ITP-00112entrykWh/h,1,Physical Flow,hour,2022-03-30T10:00:00+02:00,2022-03-30T11:00:00+02:00,BE-TSO-0001,21X-BE-A-A0A0A-Y,Fluxys Belgium,ITP-00112,Eynatten 1 (BE) // Lichtenbusch / Raeren (DE),21Z0000000000155,entry,kWh/h,,,0,2022-03-31T11:24:08+02:00,,Confirmed,,,,,True,,,True,PRISMA,,https://platform.prisma-capacity.eu/,,Cross-Border Transmission IP within EU,0,False
1Physical Flowhour2022-03-30 09:00:00 +00:002022-03-30 10:00:00 +00:00BE-TSO-0001ITP-00112entrykWh/h,1,Physical Flow,hour,2022-03-30T11:00:00+02:00,2022-03-30T12:00:00+02:00,BE-TSO-0001,21X-BE-A-A0A0A-Y,Fluxys Belgium,ITP-00112,Eynatten 1 (BE) // Lichtenbusch / Raeren (DE),21Z0000000000155,entry,kWh/h,,,0,2022-03-31T11:24:08+02:00,,Confirmed,,,,,True,,,True,PRISMA,,https://platform.prisma-capacity.eu/,,Cross-Border Transmission IP within EU,0,False
1Physical Flowhour2022-03-30 10:00:00 +00:002022-03-30 11:00:00 +00:00BE-TSO-0001ITP-00112entrykWh/h,1,Physical Flow,hour,2022-03-30T12:00:00+02:00,2022-03-30T13:00:00+02:00,BE-TSO-0001,21X-BE-A-A0A0A-Y,Fluxys Belgium,ITP-00112,Eynatten 1 (BE) // Lichtenbusch / Raeren (DE),21Z0000000000155,entry,kWh/h,,,0,2022-03-31T11:24:08+02:00,,Confirmed,,,,,True,,,True,PRISMA,,https://platform.prisma-capacity.eu/,,Cross-Border Transmission IP within EU,0,False
1Physical Flowhour2022-03-30 11:00:00 +00:002022-03-30 12:00:00 +00:00BE-TSO-0001ITP-00112entrykWh/h,1,Physical Flow,hour,2022-03-30T13:00:00+02:00,2022-03-30T14:00:00+02:00,BE-TSO-0001,21X-BE-A-A0A0A-Y,Fluxys Belgium,ITP-00112,Eynatten 1 (BE) // Lichtenbusch / Raeren (DE),21Z0000000000155,entry,kWh/h,,,0,2022-03-31T11:24:08+02:00,,Confirmed,,,,,True,,,True,PRISMA,,https://platform.prisma-capacity.eu/,,Cross-Border Transmission IP within EU,0,False
1Physical Flowhour2022-03-30 12:00:00 +00:002022-03-30 13:00:00 +00:00BE-TSO-0001ITP-00112entrykWh/h,1,Physical Flow,hour,2022-03-30T14:00:00+02:00,2022-03-30T15:00:00+02:00,BE-TSO-0001,21X-BE-A-A0A0A-Y,Fluxys Belgium,ITP-00112,Eynatten 1 (BE) // Lichtenbusch / Raeren (DE),21Z0000000000155,entry,kWh/h,,,0,2022-03-31T11:24:08+02:00,,Confirmed,,,,,True,,,True,PRISMA,,https://platform.prisma-capacity.eu/,,Cross-Border Transmission IP within EU,0,False
1Physical Flowhour2022-03-30 13:00:00 +00:002022-03-30 14:00:00 +00:00BE-TSO-0001ITP-00112entrykWh/h,1,Physical Flow,hour,2022-03-30T15:00:00+02:00,2022-03-30T16:00:00+02:00,BE-TSO-0001,21X-BE-A-A0A0A-Y,Fluxys Belgium,ITP-00112,Eynatten 1 (BE) // Lichtenbusch / Raeren (DE),21Z0000000000155,entry,kWh/h,,,0,2022-03-31T11:24:08+02:00,,Confirmed,,,,,True,,,True,PRISMA,,https://platform.prisma-capacity.eu/,,Cross-Border Transmission IP within EU,0,False
1Physical Flowhour2022-03-30 14:00:00 +00:002022-03-30 15:00:00 +00:00BE-TSO-0001ITP-00112entrykWh/h,1,Physical Flow,hour,2022-03-30T16:00:00+02:00,2022-03-30T17:00:00+02:00,BE-TSO-0001,21X-BE-A-A0A0A-Y,Fluxys Belgium,ITP-00112,Eynatten 1 (BE) // Lichtenbusch / Raeren (DE),21Z0000000000155,entry,kWh/h,,,0,2022-03-31T11:24:08+02:00,,Confirmed,,,,,True,,,True,PRISMA,,https://platform.prisma-capacity.eu/,,Cross-Border Transmission IP within EU,0,False
1Physical Flowhour2022-03-30 15:00:00 +00:002022-03-30 16:00:00 +00:00BE-TSO-0001ITP-00112entrykWh/h,1,Physical Flow,hour,2022-03-30T17:00:00+02:00,2022-03-30T18:00:00+02:00,BE-TSO-0001,21X-BE-A-A0A0A-Y,Fluxys Belgium,ITP-00112,Eynatten 1 (BE) // Lichtenbusch / Raeren (DE),21Z0000000000155,entry,kWh/h,,,0,2022-03-31T11:24:08+02:00,,Confirmed,,,,,True,,,True,PRISMA,,https://platform.prisma-capacity.eu/,,Cross-Border Transmission IP within EU,0,False
1Physical Flowhour2022-03-30 16:00:00 +00:002022-03-30 17:00:00 +00:00BE-TSO-0001ITP-00112entrykWh/h,1,Physical Flow,hour,2022-03-30T18:00:00+02:00,2022-03-30T19:00:00+02:00,BE-TSO-0001,21X-BE-A-A0A0A-Y,Fluxys Belgium,ITP-00112,Eynatten 1 (BE) // Lichtenbusch / Raeren (DE),21Z0000000000155,entry,kWh/h,,,0,2022-03-31T11:24:08+02:00,,Confirmed,,,,,True,,,True,PRISMA,,https://platform.prisma-capacity.eu/,,Cross-Border Transmission IP within EU,0,False
1Physical Flowhour2022-03-30 17:00:00 +00:002022-03-30 18:00:00 +00:00BE-TSO-0001ITP-00112entrykWh/h,1,Physical Flow,hour,2022-03-30T19:00:00+02:00,2022-03-30T20:00:00+02:00,BE-TSO-0001,21X-BE-A-A0A0A-Y,Fluxys Belgium,ITP-00112,Eynatten 1 (BE) // Lichtenbusch / Raeren (DE),21Z0000000000155,entry,kWh/h,,,0,2022-03-31T11:24:08+02:00,,Confirmed,,,,,True,,,True,PRISMA,,https://platform.prisma-capacity.eu/,,Cross-Border Transmission IP within EU,0,False
1Physical Flowhour2022-03-30 18:00:00 +00:002022-03-30 19:00:00 +00:00BE-TSO-0001ITP-00112entrykWh/h,1,Physical Flow,hour,2022-03-30T20:00:00+02:00,2022-03-30T21:00:00+02:00,BE-TSO-0001,21X-BE-A-A0A0A-Y,Fluxys Belgium,ITP-00112,Eynatten 1 (BE) // Lichtenbusch / Raeren (DE),21Z0000000000155,entry,kWh/h,,,0,2022-03-31T11:24:08+02:00,,Confirmed,,,,,True,,,True,PRISMA,,https://platform.prisma-capacity.eu/,,Cross-Border Transmission IP within EU,0,False
1Physical Flowhour2022-03-30 19:00:00 +00:002022-03-30 20:00:00 +00:00BE-TSO-0001ITP-00112entrykWh/h,1,Physical Flow,hour,2022-03-30T21:00:00+02:00,2022-03-30T22:00:00+02:00,BE-TSO-0001,21X-BE-A-A0A0A-Y,Fluxys Belgium,ITP-00112,Eynatten 1 (BE) // Lichtenbusch / Raeren (DE),21Z0000000000155,entry,kWh/h,,,0,2022-03-31T11:24:08+02:00,,Confirmed,,,,,True,,,True,PRISMA,,https://platform.prisma-capacity.eu/,,Cross-Border Transmission IP within EU,0,False
1Physical Flowhour2022-03-30 20:00:00 +00:002022-03-30 21:00:00 +00:00BE-TSO-0001ITP-00112entrykWh/h,1,Physical Flow,hour,2022-03-30T22:00:00+02:00,2022-03-30T23:00:00+02:00,BE-TSO-0001,21X-BE-A-A0A0A-Y,Fluxys Belgium,ITP-00112,Eynatten 1 (BE) // Lichtenbusch / Raeren (DE),21Z0000000000155,entry,kWh/h,,,0,2022-03-31T11:24:08+02:00,,Confirmed,,,,,True,,,True,PRISMA,,https://platform.prisma-capacity.eu/,,Cross-Border Transmission IP within EU,0,False
1Physical Flowhour2022-03-30 21:00:00 +00:002022-03-30 22:00:00 +00:00BE-TSO-0001ITP-00112entrykWh/h,1,Physical Flow,hour,2022-03-30T23:00:00+02:00,2022-03-31T00:00:00+02:00,BE-TSO-0001,21X-BE-A-A0A0A-Y,Fluxys Belgium,ITP-00112,Eynatten 1 (BE) // Lichtenbusch / Raeren (DE),21Z0000000000155,entry,kWh/h,,,0,2022-03-31T11:24:08+02:00,,Confirmed,,,,,True,,,True,PRISMA,,https://platform.prisma-capacity.eu/,,Cross-Border Transmission IP within EU,0,False
1Physical Flowhour2022-03-30 22:00:00 +00:002022-03-30 23:00:00 +00:00BE-TSO-0001ITP-00112entrykWh/h,1,Physical Flow,hour,2022-03-31T00:00:00+02:00,2022-03-31T01:00:00+02:00,BE-TSO-0001,21X-BE-A-A0A0A-Y,Fluxys Belgium,ITP-00112,Eynatten 1 (BE) // Lichtenbusch / Raeren (DE),21Z0000000000155,entry,kWh/h,,,0,2022-03-31T11:24:08+02:00,,Confirmed,,,,,True,,,True,PRISMA,,https://platform.prisma-capacity.eu/,,Cross-Border Transmission IP within EU,0,False
1Physical Flowhour2022-03-30 23:00:00 +00:002022-03-31 00:00:00 +00:00BE-TSO-0001ITP-00112entrykWh/h,1,Physical Flow,hour,2022-03-31T01:00:00+02:00,2022-03-31T02:00:00+02:00,BE-TSO-0001,21X-BE-A-A0A0A-Y,Fluxys Belgium,ITP-00112,Eynatten 1 (BE) // Lichtenbusch / Raeren (DE),21Z0000000000155,entry,kWh/h,,,0,2022-03-31T11:24:08+02:00,,Confirmed,,,,,True,,,True,PRISMA,,https://platform.prisma-capacity.eu/,,Cross-Border Transmission IP within EU,0,False
1Physical Flowhour2022-03-31 00:00:00 +00:002022-03-31 01:00:00 +00:00BE-TSO-0001ITP-00112entrykWh/h,1,Physical Flow,hour,2022-03-31T02:00:00+02:00,2022-03-31T03:00:00+02:00,BE-TSO-0001,21X-BE-A-A0A0A-Y,Fluxys Belgium,ITP-00112,Eynatten 1 (BE) // Lichtenbusch / Raeren (DE),21Z0000000000155,entry,kWh/h,,,0,2022-03-31T11:24:08+02:00,,Confirmed,,,,,True,,,True,PRISMA,,https://platform.prisma-capacity.eu/,,Cross-Border Transmission IP within EU,0,False
1Physical Flowhour2022-03-31 01:00:00 +00:002022-03-31 02:00:00 +00:00BE-TSO-0001ITP-00112entrykWh/h,1,Physical Flow,hour,2022-03-31T03:00:00+02:00,2022-03-31T04:00:00+02:00,BE-TSO-0001,21X-BE-A-A0A0A-Y,Fluxys Belgium,ITP-00112,Eynatten 1 (BE) // Lichtenbusch / Raeren (DE),21Z0000000000155,entry,kWh/h,,,0,2022-03-31T11:24:08+02:00,,Confirmed,,,,,True,,,True,PRISMA,,https://platform.prisma-capacity.eu/,,Cross-Border Transmission IP within EU,0,False
1Physical Flowhour2022-03-31 02:00:00 +00:002022-03-31 03:00:00 +00:00BE-TSO-0001ITP-00112entrykWh/h,1,Physical Flow,hour,2022-03-31T04:00:00+02:00,2022-03-31T05:00:00+02:00,BE-TSO-0001,21X-BE-A-A0A0A-Y,Fluxys Belgium,ITP-00112,Eynatten 1 (BE) // Lichtenbusch / Raeren (DE),21Z0000000000155,entry,kWh/h,,,0,2022-03-31T11:24:08+02:00,,Confirmed,,,,,True,,,True,PRISMA,,https://platform.prisma-capacity.eu/,,Cross-Border Transmission IP within EU,0,False
1Physical Flowhour2022-03-31 03:00:00 +00:002022-03-31 04:00:00 +00:00BE-TSO-0001ITP-00112entrykWh/h,1,Physical Flow,hour,2022-03-31T05:00:00+02:00,2022-03-31T06:00:00+02:00,BE-TSO-0001,21X-BE-A-A0A0A-Y,Fluxys Belgium,ITP-00112,Eynatten 1 (BE) // Lichtenbusch / Raeren (DE),21Z0000000000155,entry,kWh/h,,,0,2022-03-31T11:24:08+02:00,,Confirmed,,,,,True,,,True,PRISMA,,https://platform.prisma-capacity.eu/,,Cross-Border Transmission IP within EU,0,False
