id,dataSet,indicator,periodType,periodFrom,periodTo,operatorKey,tsoEicCode,operatorLabel,pointKey,pointLabel,tsoItemIdentifier,directionKey,unit,itemRemarks,generalRemarks,value,lastUpdateDateTime,isUnlimited,flowStatus,interruptionType,restorationInformation,capacityType,capacityBookingStatus,isCamRelevant,isNA,originalPeriodFrom,isCmpRelevant,bookingPlatformKey,bookingPlatformLabel,bookingPlatformURL,interruptionCalculationRemark
1Physical FlowhourBE-TSO-0001FNC-00034entrykWh/h2021-10-01T01:00:00Z2021-11-01T01:00:00Z_NA0,1,Physical Flow,hour,2021-10-01T03:00:00+02:00,2021-10-01T04:00:00+02:00,BE-TSO-0001,21X-BE-A-A0A0A-Y,Fluxys Belgium,FNC-00034,Final consumers (BE) (Fluxys) Industrial clients L-zone,21Y000000000045A,entry,kWh/h,No injection in transmission network from Industiral clients,,,2025-02-20T13:19:03+01:00,,,,,,,,1,2021-10-01T01:00:00+02:00,,,,,
1Physical FlowhourBE-TSO-0001FNC-00034entrykWh/h2021-10-01T01:00:00Z2021-11-01T01:00:00Z_NA1,1,Physical Flow,hour,2021-10-01T04:00:00+02:00,2021-10-01T05:00:00+02:00,BE-TSO-0001,21X-BE-A-A0A0A-Y,Fluxys Belgium,FNC-00034,Final consumers (BE) (Fluxys) Industrial clients L-zone,21Y000000000045A,entry,kWh/h,No injection in transmission network from Industiral clients,,,2025-02-20T13:19:03+01:00,,,,,,,,1,2021-10-01T01:00:00+02:00,,,,,
1Physical FlowhourBE-TSO-0001FNC-00034entrykWh/h2021-10-01T01:00:00Z2021-11-01T01:00:00Z_NA2,1,Physical Flow,hour,2021-10-01T05:00:00+02:00,2021-10-01T06:00:00+02:00,BE-TSO-0001,21X-BE-A-A0A0A-Y,Fluxys Belgium,FNC-00034,Final consumers (BE) (Fluxys) Industrial clients L-zone,21Y000000000045A,entry,kWh/h,No injection in transmission network from Industiral clients,,,2025-02-20T13:19:03+01:00,,,,,,,,1,2021-10-01T01:00:00+02:00,,,,,
1Physical FlowhourBE-TSO-0001FNC-00034entrykWh/h2021-10-01T01:00:00Z2021-11-01T01:00:00Z_NA3,1,Physical Flow,hour,2021-10-01T06:00:00+02:00,2021-10-01T07:00:00+02:00,BE-TSO-0001,21X-BE-A-A0A0A-Y,Fluxys Belgium,FNC-00034,Final consumers (BE) (Fluxys) Industrial clients L-zone,21Y000000000045A,entry,kWh/h,No injection in transmission network from Industiral clients,,,2025-02-20T13:19:03+01:00,,,,,,,,1,2021-10-01T01:00:00+02:00,,,,,
1Physical FlowhourBE-TSO-0001FNC-00034entrykWh/h2021-10-01T01:00:00Z2021-11-01T01:00:00Z_NA4,1,Physical Flow,hour,2021-10-01T07:00:00+02:00,2021-10-01T08:00:00+02:00,BE-TSO-0001,21X-BE-A-A0A0A-Y,Fluxys Belgium,FNC-00034,Final consumers (BE) (Fluxys) Industrial clients L-zone,21Y000000000045A,entry,kWh/h,No injection in transmission network from Industiral clients,,,2025-02-20T13:19:03+01:00,,,,,,,,1,2021-10-01T01:00:00+02:00,,,,,
1Physical FlowhourBE-TSO-0001FNC-00034entrykWh/h2021-10-01T01:00:00Z2021-11-01T01:00:00Z_NA5,1,Physical Flow,hour,2021-10-01T08:00:00+02:00,2021-10-01T09:00:00+02:00,BE-TSO-0001,21X-BE-A-A0A0A-Y,Fluxys Belgium,FNC-00034,Final consumers (BE) (Fluxys) Industrial clients L-zone,21Y000000000045A,entry,kWh/h,No injection in transmission network from Industiral clients,,,2025-02-20T13:19:03+01:00,,,,,,,,1,2021-10-01T01:00:00+02:00,,,,,
1Physical FlowhourBE-TSO-0001FNC-00034entrykWh/h2021-10-01T01:00:00Z2021-11-01T01:00:00Z_NA6,1,Physical Flow,hour,2021-10-01T09:00:00+02:00,2021-10-01T10:00:00+02:00,BE-TSO-0001,21X-BE-A-A0A0A-Y,Fluxys Belgium,FNC-00034,Final consumers (BE) (Fluxys) Industrial clients L-zone,21Y000000000045A,entry,kWh/h,No injection in transmission network from Industiral clients,,,2025-02-20T13:19:03+01:00,,,,,,,,1,2021-10-01T01:00:00+02:00,,,,,
1Physical FlowhourBE-TSO-0001FNC-00034entrykWh/h2021-10-01T01:00:00Z2021-11-01T01:00:00Z_NA7,1,Physical Flow,hour,2021-10-01T10:00:00+02:00,2021-10-01T11:00:00+02:00,BE-TSO-0001,21X-BE-A-A0A0A-Y,Fluxys Belgium,FNC-00034,Final consumers (BE) (Fluxys) Industrial clients L-zone,21Y000000000045A,entry,kWh/h,No injection in transmission network from Industiral clients,,,2025-02-20T13:19:03+01:00,,,,,,,,1,2021-10-01T01:00:00+02:00,,,,,
1Physical FlowhourBE-TSO-0001FNC-00034entrykWh/h2021-10-01T01:00:00Z2021-11-01T01:00:00Z_NA8,1,Physical Flow,hour,2021-10-01T11:00:00+02:00,2021-10-01T12:00:00+02:00,BE-TSO-0001,21X-BE-A-A0A0A-Y,Fluxys Belgium,FNC-00034,Final consumers (BE) (Fluxys) Industrial clients L-zone,21Y000000000045A,entry,kWh/h,No injection in transmission network from Industiral clients,,,2025-02-20T13:19:03+01:00,,,,,,,,1,2021-10-01T01:00:00+02:00,,,,,
1Physical FlowhourBE-TSO-0001FNC-00034entrykWh/h2021-10-01T01:00:00Z2021-11-01T01:00:00Z_NA9,1,Physical Flow,hour,2021-10-01T12:00:00+02:00,2021-10-01T13:00:00+02:00,BE-TSO-0001,21X-BE-A-A0A0A-Y,Fluxys Belgium,FNC-00034,Final consumers (BE) (Fluxys) Industrial clients L-zone,21Y000000000045A,entry,kWh/h,No injection in transmission network from Industiral clients,,,2025-02-20T13:19:03+01:00,,,,,,,,1,2021-10-01T01:00:00+02:00,,,,,
1Physical FlowhourBE-TSO-0001FNC-00034entrykWh/h2021-10-01T01:00:00Z2021-11-01T01:00:00Z_NA10,1,Physical Flow,hour,2021-10-01T13:00:00+02:00,2021-10-01T14:00:00+02:00,BE-TSO-0001,21X-BE-A-A0A0A-Y,Fluxys Belgium,FNC-00034,Final consumers (BE) (Fluxys) Industrial clients L-zone,21Y000000000045A,entry,kWh/h,No injection in transmission network from Industiral clients,,,2025-02-20T13:19:03+01:00,,,,,,,,1,2021-10-01T01:00:00+02:00,,,,,
1Physical FlowhourBE-TSO-0001FNC-00034entrykWh/h2021-10-01T01:00:00Z2021-11-01T01:00:00Z_NA11,1,Physical Flow,hour,2021-10-01T14:00:00+02:00,2021-10-01T15:00:00+02:00,BE-TSO-0001,21X-BE-A-A0A0A-Y,Fluxys Belgium,FNC-00034,Final consumers (BE) (Fluxys) Industrial clients L-zone,21Y000000000045A,entry,kWh/h,No injection in transmission network from Industiral clients,,,2025-02-20T13:19:03+01:00,,,,,,,,1,2021-10-01T01:00:00+02:00,,,,,
1Physical FlowhourBE-TSO-0001FNC-00034entrykWh/h2021-10-01T01:00:00Z2021-11-01T01:00:00Z_NA12,1,Physical Flow,hour,2021-10-01T15:00:00+02:00,2021-10-01T16:00:00+02:00,BE-TSO-0001,21X-BE-A-A0A0A-Y,Fluxys Belgium,FNC-00034,Final consumers (BE) (Fluxys) Industrial clients L-zone,21Y000000000045A,entry,kWh/h,No injection in transmission network from Industiral clients,,,2025-02-20T13:19:03+01:00,,,,,,,,1,2021-10-01T01:00:00+02:00,,,,,
1Physical FlowhourBE-TSO-0001FNC-00034entrykWh/h2021-10-01T01:00:00Z2021-11-01T01:00:00Z_NA13,1,Physical Flow,hour,2021-10-01T16:00:00+02:00,2021-10-01T17:00:00+02:00,BE-TSO-0001,21X-BE-A-A0A0A-Y,Fluxys Belgium,FNC-00034,Final consumers (BE) (Fluxys) Industrial clients L-zone,21Y000000000045A,entry,kWh/h,No injection in transmission network from Industiral clients,,,2025-02-20T13:19:03+01:00,,,,,,,,1,2021-10-01T01:00:00+02:00,,,,,
1Physical FlowhourBE-TSO-0001FNC-00034entrykWh/h2021-10-01T01:00:00Z2021-11-01T01:00:00Z_NA14,1,Physical Flow,hour,2021-10-01T17:00:00+02:00,2021-10-01T18:00:00+02:00,BE-TSO-0001,21X-BE-A-A0A0A-Y,Fluxys Belgium,FNC-00034,Final consumers (BE) (Fluxys) Industrial clients L-zone,21Y000000000045A,entry,kWh/h,No injection in transmission network from Industiral clients,,,2025-02-20T13:19:03+01:00,,,,,,,,1,2021-10-01T01:00:00+02:00,,,,,
1Physical FlowhourBE-TSO-0001FNC-00034entrykWh/h2021-10-01T01:00:00Z2021-11-01T01:00:00Z_NA15,1,Physical Flow,hour,2021-10-01T18:00:00+02:00,2021-10-01T19:00:00+02:00,BE-TSO-0001,21X-BE-A-A0A0A-Y,Fluxys Belgium,FNC-00034,Final consumers (BE) (Fluxys) Industrial clients L-zone,21Y000000000045A,entry,kWh/h,No injection in transmission network from Industiral clients,,,2025-02-20T13:19:03+01:00,,,,,,,,1,2021-10-01T01:00:00+02:00,,,,,
1Physical FlowhourBE-TSO-0001FNC-00034entrykWh/h2021-10-01T01:00:00Z2021-11-01T01:00:00Z_NA16,1,Physical Flow,hour,2021-10-01T19:00:00+02:00,2021-10-01T20:00:00+02:00,BE-TSO-0001,21X-BE-A-A0A0A-Y,Fluxys Belgium,FNC-00034,Final consumers (BE) (Fluxys) Industrial clients L-zone,21Y000000000045A,entry,kWh/h,No injection in transmission network from Industiral clients,,,2025-02-20T13:19:03+01:00,,,,,,,,1,2021-10-01T01:00:00+02:00,,,,,
1Physical FlowhourBE-TSO-0001FNC-00034entrykWh/h2021-10-01T01:00:00Z2021-11-01T01:00:00Z_NA17,1,Physical Flow,hour,2021-10-01T20:00:00+02:00,2021-10-01T21:00:00+02:00,BE-TSO-0001,21X-BE-A-A0A0A-Y,Fluxys Belgium,FNC-00034,Final consumers (BE) (Fluxys) Industrial clients L-zone,21Y000000000045A,entry,kWh/h,No injection in transmission network from Industiral clients,,,2025-02-20T13:19:03+01:00,,,,,,,,1,2021-10-01T01:00:00+02:00,,,,,
1Physical FlowhourBE-TSO-0001FNC-00034entrykWh/h2021-10-01T01:00:00Z2021-11-01T01:00:00Z_NA18,1,Physical Flow,hour,2021-10-01T21:00:00+02:00,2021-10-01T22:00:00+02:00,BE-TSO-0001,21X-BE-A-A0A0A-Y,Fluxys Belgium,FNC-00034,Final consumers (BE) (Fluxys) Industrial clients L-zone,21Y000000000045A,entry,kWh/h,No injection in transmission network from Industiral clients,,,2025-02-20T13:19:03+01:00,,,,,,,,1,2021-10-01T01:00:00+02:00,,,,,
1Physical FlowhourBE-TSO-0001FNC-00034entrykWh/h2021-10-01T01:00:00Z2021-11-01T01:00:00Z_NA19,1,Physical Flow,hour,2021-10-01T22:00:00+02:00,2021-10-01T23:00:00+02:00,BE-TSO-0001,21X-BE-A-A0A0A-Y,Fluxys Belgium,FNC-00034,Final consumers (BE) (Fluxys) Industrial clients L-zone,21Y000000000045A,entry,kWh/h,No injection in transmission network from Industiral clients,,,2025-02-20T13:19:03+01:00,,,,,,,,1,2021-10-01T01:00:00+02:00,,,,,
1Physical FlowhourBE-TSO-0001FNC-00034entrykWh/h2021-10-01T01:00:00Z2021-11-01T01:00:00Z_NA20,1,Physical Flow,hour,2021-10-01T23:00:00+02:00,2021-10-02T00:00:00+02:00,BE-TSO-0001,21X-BE-A-A0A0A-Y,Fluxys Belgium,FNC-00034,Final consumers (BE) (Fluxys) Industrial clients L-zone,21Y000000000045A,entry,kWh/h,No injection in transmission network from Industiral clients,,,2025-02-20T13:19:03+01:00,,,,,,,,1,2021-10-01T01:00:00+02:00,,,,,
1Physical FlowhourBE-TSO-0001FNC-00034entrykWh/h2021-10-01T01:00:00Z2021-11-01T01:00:00Z_NA21,1,Physical Flow,hour,2021-10-02T00:00:00+02:00,2021-10-02T01:00:00+02:00,BE-TSO-0001,21X-BE-A-A0A0A-Y,Fluxys Belgium,FNC-00034,Final consumers (BE) (Fluxys) Industrial clients L-zone,21Y000000000045A,entry,kWh/h,No injection in transmission network from Industiral clients,,,2025-02-20T13:19:03+01:00,,,,,,,,1,2021-10-01T01:00:00+02:00,,,,,
1Physical FlowhourBE-TSO-0001FNC-00034entrykWh/h2021-10-01T01:00:00Z2021-11-01T01:00:00Z_NA22,1,Physical Flow,hour,2021-10-02T01:00:00+02:00,2021-10-02T02:00:00+02:00,BE-TSO-0001,21X-BE-A-A0A0A-Y,Fluxys Belgium,FNC-00034,Final consumers (BE) (Fluxys) Industrial clients L-zone,21Y000000000045A,entry,kWh/h,No injection in transmission network from Industiral clients,,,2025-02-20T13:19:03+01:00,,,,,,,,1,2021-10-01T01:00:00+02:00,,,,,
1Physical FlowhourBE-TSO-0001FNC-00034entrykWh/h2021-10-01T01:00:00Z2021-11-01T01:00:00Z_NA23,1,Physical Flow,hour,2021-10-02T02:00:00+02:00,2021-10-02T03:00:00+02:00,BE-TSO-0001,21X-BE-A-A0A0A-Y,Fluxys Belgium,FNC-00034,Final consumers (BE) (Fluxys) Industrial clients L-zone,21Y000000000045A,entry,kWh/h,No injection in transmission network from Industiral clients,,,2025-02-20T13:19:03+01:00,,,,,,,,1,2021-10-01T01:00:00+02:00,,,,,
1Physical FlowhourBE-TSO-0001FNC-00034entrykWh/h2021-10-01T01:00:00Z2021-11-01T01:00:00Z_NA24,1,Physical Flow,hour,2021-10-02T03:00:00+02:00,2021-10-02T04:00:00+02:00,BE-TSO-0001,21X-BE-A-A0A0A-Y,Fluxys Belgium,FNC-00034,Final consumers (BE) (Fluxys) Industrial clients L-zone,21Y000000000045A,entry,kWh/h,No injection in transmission network from Industiral clients,,,2025-02-20T13:19:03+01:00,,,,,,,,1,2021-10-01T01:00:00+02:00,,,,,
1Physical FlowhourBE-TSO-0001FNC-00034entrykWh/h2021-10-01T01:00:00Z2021-11-01T01:00:00Z_NA25,1,Physical Flow,hour,2021-10-02T04:00:00+02:00,2021-10-02T05:00:00+02:00,BE-TSO-0001,21X-BE-A-A0A0A-Y,Fluxys Belgium,FNC-00034,Final consumers (BE) (Fluxys) Industrial clients L-zone,21Y000000000045A,entry,kWh/h,No injection in transmission network from Industiral clients,,,2025-02-20T13:19:03+01:00,,,,,,,,1,2021-10-01T01:00:00+02:00,,,,,
1Physical FlowhourBE-TSO-0001FNC-00034entrykWh/h2021-10-01T01:00:00Z2021-11-01T01:00:00Z_NA26,1,Physical Flow,hour,2021-10-02T05:00:00+02:00,2021-10-02T06:00:00+02:00,BE-TSO-0001,21X-BE-A-A0A0A-Y,Fluxys Belgium,FNC-00034,Final consumers (BE) (Fluxys) Industrial clients L-zone,21Y000000000045A,entry,kWh/h,No injection in transmission network from Industiral clients,,,2025-02-20T13:19:03+01:00,,,,,,,,1,2021-10-01T01:00:00+02:00,,,,,
1Physical FlowhourBE-TSO-0001FNC-00034entrykWh/h2021-10-01T01:00:00Z2021-11-01T01:00:00Z_NA27,1,Physical Flow,hour,2021-10-02T06:00:00+02:00,2021-10-02T07:00:00+02:00,BE-TSO-0001,21X-BE-A-A0A0A-Y,Fluxys Belgium,FNC-00034,Final consumers (BE) (Fluxys) Industrial clients L-zone,21Y000000000045A,entry,kWh/h,No injection in transmission network from Industiral clients,,,2025-02-20T13:19:03+01:00,,,,,,,,1,2021-10-01T01:00:00+02:00,,,,,
1Physical FlowhourBE-TSO-0001FNC-00034entrykWh/h2021-10-01T01:00:00Z2021-11-01T01:00:00Z_NA28,1,Physical Flow,hour,2021-10-02T07:00:00+02:00,2021-10-02T08:00:00+02:00,BE-TSO-0001,21X-BE-A-A0A0A-Y,Fluxys Belgium,FNC-00034,Final consumers (BE) (Fluxys) Industrial clients L-zone,21Y000000000045A,entry,kWh/h,No injection in transmission network from Industiral clients,,,2025-02-20T13:19:03+01:00,,,,,,,,1,2021-10-01T01:00:00+02:00,,,,,
1Physical FlowhourBE-TSO-0001FNC-00034entrykWh/h2021-10-01T01:00:00Z2021-11-01T01:00:00Z_NA29,1,Physical Flow,hour,2021-10-02T08:00:00+02:00,2021-10-02T09:00:00+02:00,BE-TSO-0001,21X-BE-A-A0A0A-Y,Fluxys Belgium,FNC-00034,Final consumers (BE) (Fluxys) Industrial clients L-zone,21Y000000000045A,entry,kWh/h,No injection in transmission network from Industiral clients,,,2025-02-20T13:19:03+01:00,,,,,,,,1,2021-10-01T01:00:00+02:00,,,,,
1Physical FlowhourBE-TSO-0001FNC-00034entrykWh/h2021-10-01T01:00:00Z2021-11-01T01:00:00Z_NA30,1,Physical Flow,hour,2021-10-02T09:00:00+02:00,2021-10-02T10:00:00+02:00,BE-TSO-0001,21X-BE-A-A0A0A-Y,Fluxys Belgium,FNC-00034,Final consumers (BE) (Fluxys) Industrial clients L-zone,21Y000000000045A,entry,kWh/h,No injection in transmission network from Industiral clients,,,2025-02-20T13:19:03+01:00,,,,,,,,1,2021-10-01T01:00:00+02:00,,,,,
1Physical FlowhourBE-TSO-0001FNC-00034entrykWh/h2021-10-01T01:00:00Z2021-11-01T01:00:00Z_NA31,1,Physical Flow,hour,2021-10-02T10:00:00+02:00,2021-10-02T11:00:00+02:00,BE-TSO-0001,21X-BE-A-A0A0A-Y,Fluxys Belgium,FNC-00034,Final consumers (BE) (Fluxys) Industrial clients L-zone,21Y000000000045A,entry,kWh/h,No injection in transmission network from Industiral clients,,,2025-02-20T13:19:03+01:00,,,,,,,,1,2021-10-01T01:00:00+02:00,,,,,
1Physical FlowhourBE-TSO-0001FNC-00034entrykWh/h2021-10-01T01:00:00Z2021-11-01T01:00:00Z_NA32,1,Physical Flow,hour,2021-10-02T11:00:00+02:00,2021-10-02T12:00:00+02:00,BE-TSO-0001,21X-BE-A-A0A0A-Y,Fluxys Belgium,FNC-00034,Final consumers (BE) (Fluxys) Industrial clients L-zone,21Y000000000045A,entry,kWh/h,No injection in transmission network from Industiral clients,,,2025-02-20T13:19:03+01:00,,,,,,,,1,2021-10-01T01:00:00+02:00,,,,,
1Physical FlowhourBE-TSO-0001FNC-00034entrykWh/h2021-10-01T01:00:00Z2021-11-01T01:00:00Z_NA33,1,Physical Flow,hour,2021-10-02T12:00:00+02:00,2021-10-02T13:00:00+02:00,BE-TSO-0001,21X-BE-A-A0A0A-Y,Fluxys Belgium,FNC-00034,Final consumers (BE) (Fluxys) Industrial clients L-zone,21Y000000000045A,entry,kWh/h,No injection in transmission network from Industiral clients,,,2025-02-20T13:19:03+01:00,,,,,,,,1,2021-10-01T01:00:00+02:00,,,,,
1Physical FlowhourBE-TSO-0001FNC-00034entrykWh/h2021-10-01T01:00:00Z2021-11-01T01:00:00Z_NA34,1,Physical Flow,hour,2021-10-02T13:00:00+02:00,2021-10-02T14:00:00+02:00,BE-TSO-0001,21X-BE-A-A0A0A-Y,Fluxys Belgium,FNC-00034,Final consumers (BE) (Fluxys) Industrial clients L-zone,21Y000000000045A,entry,kWh/h,No injection in transmission network from Industiral clients,,,2025-02-20T13:19:03+01:00,,,,,,,,1,2021-10-01T01:00:00+02:00,,,,,
1Physical FlowhourBE-TSO-0001FNC-00034entrykWh/h2021-10-01T01:00:00Z2021-11-01T01:00:00Z_NA35,1,Physical Flow,hour,2021-10-02T14:00:00+02:00,2021-10-02T15:00:00+02:00,BE-TSO-0001,21X-BE-A-A0A0A-Y,Fluxys Belgium,FNC-00034,Final consumers (BE) (Fluxys) Industrial clients L-zone,21Y000000000045A,entry,kWh/h,No injection in transmission network from Industiral clients,,,2025-02-20T13:19:03+01:00,,,,,,,,1,2021-10-01T01:00:00+02:00,,,,,
1Physical FlowhourBE-TSO-0001FNC-00034entrykWh/h2021-10-01T01:00:00Z2021-11-01T01:00:00Z_NA36,1,Physical Flow,hour,2021-10-02T15:00:00+02:00,2021-10-02T16:00:00+02:00,BE-TSO-0001,21X-BE-A-A0A0A-Y,Fluxys Belgium,FNC-00034,Final consumers (BE) (Fluxys) Industrial clients L-zone,21Y000000000045A,entry,kWh/h,No injection in transmission network from Industiral clients,,,2025-02-20T13:19:03+01:00,,,,,,,,1,2021-10-01T01:00:00+02:00,,,,,
1Physical FlowhourBE-TSO-0001FNC-00034entrykWh/h2021-10-01T01:00:00Z2021-11-01T01:00:00Z_NA37,1,Physical Flow,hour,2021-10-02T16:00:00+02:00,2021-10-02T17:00:00+02:00,BE-TSO-0001,21X-BE-A-A0A0A-Y,Fluxys Belgium,FNC-00034,Final consumers (BE) (Fluxys) Industrial clients L-zone,21Y000000000045A,entry,kWh/h,No injection in transmission network from Industiral clients,,,2025-02-20T13:19:03+01:00,,,,,,,,1,2021-10-01T01:00:00+02:00,,,,,
1Physical FlowhourBE-TSO-0001FNC-00034entrykWh/h2021-10-01T01:00:00Z2021-11-01T01:00:00Z_NA38,1,Physical Flow,hour,2021-10-02T17:00:00+02:00,2021-10-02T18:00:00+02:00,BE-TSO-0001,21X-BE-A-A0A0A-Y,Fluxys Belgium,FNC-00034,Final consumers (BE) (Fluxys) Industrial clients L-zone,21Y000000000045A,entry,kWh/h,No injection in transmission network from Industiral clients,,,2025-02-20T13:19:03+01:00,,,,,,,,1,2021-10-01T01:00:00+02:00,,,,,
1Physical FlowhourBE-TSO-0001FNC-00034entrykWh/h2021-10-01T01:00:00Z2021-11-01T01:00:00Z_NA39,1,Physical Flow,hour,2021-10-02T18:00:00+02:00,2021-10-02T19:00:00+02:00,BE-TSO-0001,21X-BE-A-A0A0A-Y,Fluxys Belgium,FNC-00034,Final consumers (BE) (Fluxys) Industrial clients L-zone,21Y000000000045A,entry,kWh/h,No injection in transmission network from Industiral clients,,,2025-02-20T13:19:03+01:00,,,,,,,,1,2021-10-01T01:00:00+02:00,,,,,
1Physical FlowhourBE-TSO-0001FNC-00034entrykWh/h2021-10-01T01:00:00Z2021-11-01T01:00:00Z_NA40,1,Physical Flow,hour,2021-10-02T19:00:00+02:00,2021-10-02T20:00:00+02:00,BE-TSO-0001,21X-BE-A-A0A0A-Y,Fluxys Belgium,FNC-00034,Final consumers (BE) (Fluxys) Industrial clients L-zone,21Y000000000045A,entry,kWh/h,No injection in transmission network from Industiral clients,,,2025-02-20T13:19:03+01:00,,,,,,,,1,2021-10-01T01:00:00+02:00,,,,,
1Physical FlowhourBE-TSO-0001FNC-00034entrykWh/h2021-10-01T01:00:00Z2021-11-01T01:00:00Z_NA41,1,Physical Flow,hour,2021-10-02T20:00:00+02:00,2021-10-02T21:00:00+02:00,BE-TSO-0001,21X-BE-A-A0A0A-Y,Fluxys Belgium,FNC-00034,Final consumers (BE) (Fluxys) Industrial clients L-zone,21Y000000000045A,entry,kWh/h,No injection in transmission network from Industiral clients,,,2025-02-20T13:19:03+01:00,,,,,,,,1,2021-10-01T01:00:00+02:00,,,,,
1Physical FlowhourBE-TSO-0001FNC-00034entrykWh/h2021-10-01T01:00:00Z2021-11-01T01:00:00Z_NA42,1,Physical Flow,hour,2021-10-02T21:00:00+02:00,2021-10-02T22:00:00+02:00,BE-TSO-0001,21X-BE-A-A0A0A-Y,Fluxys Belgium,FNC-00034,Final consumers (BE) (Fluxys) Industrial clients L-zone,21Y000000000045A,entry,kWh/h,No injection in transmission network from Industiral clients,,,2025-02-20T13:19:03+01:00,,,,,,,,1,2021-10-01T01:00:00+02:00,,,,,
1Physical FlowhourBE-TSO-0001FNC-00034entrykWh/h2021-10-01T01:00:00Z2021-11-01T01:00:00Z_NA43,1,Physical Flow,hour,2021-10-02T22:00:00+02:00,2021-10-02T23:00:00+02:00,BE-TSO-0001,21X-BE-A-A0A0A-Y,Fluxys Belgium,FNC-00034,Final consumers (BE) (Fluxys) Industrial clients L-zone,21Y000000000045A,entry,kWh/h,No injection in transmission network from Industiral clients,,,2025-02-20T13:19:03+01:00,,,,,,,,1,2021-10-01T01:00:00+02:00,,,,,
1Physical FlowhourBE-TSO-0001FNC-00034entrykWh/h2021-10-01T01:00:00Z2021-11-01T01:00:00Z_NA44,1,Physical Flow,hour,2021-10-02T23:00:00+02:00,2021-10-03T00:00:00+02:00,BE-TSO-0001,21X-BE-A-A0A0A-Y,Fluxys Belgium,FNC-00034,Final consumers (BE) (Fluxys) Industrial clients L-zone,21Y000000000045A,entry,kWh/h,No injection in transmission network from Industiral clients,,,2025-02-20T13:19:03+01:00,,,,,,,,1,2021-10-01T01:00:00+02:00,,,,,
1Physical FlowhourBE-TSO-0001FNC-00034entrykWh/h2021-10-01T01:00:00Z2021-11-01T01:00:00Z_NA45,1,Physical Flow,hour,2021-10-03T00:00:00+02:00,2021-10-03T01:00:00+02:00,BE-TSO-0001,21X-BE-A-A0A0A-Y,Fluxys Belgium,FNC-00034,Final consumers (BE) (Fluxys) Industrial clients L-zone,21Y000000000045A,entry,kWh/h,No injection in transmission network from Industiral clients,,,2025-02-20T13:19:03+01:00,,,,,,,,1,2021-10-01T01:00:00+02:00,,,,,
1Physical FlowhourBE-TSO-0001FNC-00034entrykWh/h2021-10-01T01:00:00Z2021-11-01T01:00:00Z_NA46,1,Physical Flow,hour,2021-10-03T01:00:00+02:00,2021-10-03T02:00:00+02:00,BE-TSO-0001,21X-BE-A-A0A0A-Y,Fluxys Belgium,FNC-00034,Final consumers (BE) (Fluxys) Industrial clients L-zone,21Y000000000045A,entry,kWh/h,No injection in transmission network from Industiral clients,,,2025-02-20T13:19:03+01:00,,,,,,,,1,2021-10-01T01:00:00+02:00,,,,,
1Physical FlowhourBE-TSO-0001FNC-00034entrykWh/h2021-10-01T01:00:00Z2021-11-01T01:00:00Z_NA47,1,Physical Flow,hour,2021-10-03T02:00:00+02:00,2021-10-03T03:00:00+02:00,BE-TSO-0001,21X-BE-A-A0A0A-Y,Fluxys Belgium,FNC-00034,Final consumers (BE) (Fluxys) Industrial clients L-zone,21Y000000000045A,entry,kWh/h,No injection in transmission network from Industiral clients,,,2025-02-20T13:19:03+01:00,,,,,,,,1,2021-10-01T01:00:00+02:00,,,,,
1Physical FlowhourBE-TSO-0001FNC-00034entrykWh/h2021-10-01T01:00:00Z2021-11-01T01:00:00Z_NA48,1,Physical Flow,hour,2021-10-03T03:00:00+02:00,2021-10-03T04:00:00+02:00,BE-TSO-0001,21X-BE-A-A0A0A-Y,Fluxys Belgium,FNC-00034,Final consumers (BE) (Fluxys) Industrial clients L-zone,21Y000000000045A,entry,kWh/h,No injection in transmission network from Industiral clients,,,2025-02-20T13:19:03+01:00,,,,,,,,1,2021-10-01T01:00:00+02:00,,,,,
1Physical FlowhourBE-TSO-0001FNC-00034entrykWh/h2021-10-01T01:00:00Z2021-11-01T01:00:00Z_NA49,1,Physical Flow,hour,2021-10-03T04:00:00+02:00,2021-10-03T05:00:00+02:00,BE-TSO-0001,21X-BE-A-A0A0A-Y,Fluxys Belgium,FNC-00034,Final consumers (BE) (Fluxys) Industrial clients L-zone,21Y000000000045A,entry,kWh/h,No injection in transmission network from Industiral clients,,,2025-02-20T13:19:03+01:00,,,,,,,,1,2021-10-01T01:00:00+02:00,,,,,
1Physical FlowhourBE-TSO-0001FNC-00034entrykWh/h2021-10-01T01:00:00Z2021-11-01T01:00:00Z_NA50,1,Physical Flow,hour,2021-10-03T05:00:00+02:00,2021-10-03T06:00:00+02:00,BE-TSO-0001,21X-BE-A-A0A0A-Y,Fluxys Belgium,FNC-00034,Final consumers (BE) (Fluxys) Industrial clients L-zone,21Y000000000045A,entry,kWh/h,No injection in transmission network from Industiral clients,,,2025-02-20T13:19:03+01:00,,,,,,,,1,2021-10-01T01:00:00+02:00,,,,,
1Physical FlowhourBE-TSO-0001FNC-00034entrykWh/h2021-10-01T01:00:00Z2021-11-01T01:00:00Z_NA51,1,Physical Flow,hour,2021-10-03T06:00:00+02:00,2021-10-03T07:00:00+02:00,BE-TSO-0001,21X-BE-A-A0A0A-Y,Fluxys Belgium,FNC-00034,Final consumers (BE) (Fluxys) Industrial clients L-zone,21Y000000000045A,entry,kWh/h,No injection in transmission network from Industiral clients,,,2025-02-20T13:19:03+01:00,,,,,,,,1,2021-10-01T01:00:00+02:00,,,,,
1Physical FlowhourBE-TSO-0001FNC-00034entrykWh/h2021-10-01T01:00:00Z2021-11-01T01:00:00Z_NA52,1,Physical Flow,hour,2021-10-03T07:00:00+02:00,2021-10-03T08:00:00+02:00,BE-TSO-0001,21X-BE-A-A0A0A-Y,Fluxys Belgium,FNC-00034,Final consumers (BE) (Fluxys) Industrial clients L-zone,21Y000000000045A,entry,kWh/h,No injection in transmission network from Industiral clients,,,2025-02-20T13:19:03+01:00,,,,,,,,1,2021-10-01T01:00:00+02:00,,,,,
1Physical FlowhourBE-TSO-0001FNC-00034entrykWh/h2021-10-01T01:00:00Z2021-11-01T01:00:00Z_NA53,1,Physical Flow,hour,2021-10-03T08:00:00+02:00,2021-10-03T09:00:00+02:00,BE-TSO-0001,21X-BE-A-A0A0A-Y,Fluxys Belgium,FNC-00034,Final consumers (BE) (Fluxys) Industrial clients L-zone,21Y000000000045A,entry,kWh/h,No injection in transmission network from Industiral clients,,,2025-02-20T13:19:03+01:00,,,,,,,,1,2021-10-01T01:00:00+02:00,,,,,
1Physical FlowhourBE-TSO-0001FNC-00034entrykWh/h2021-10-01T01:00:00Z2021-11-01T01:00:00Z_NA54,1,Physical Flow,hour,2021-10-03T09:00:00+02:00,2021-10-03T10:00:00+02:00,BE-TSO-0001,21X-BE-A-A0A0A-Y,Fluxys Belgium,FNC-00034,Final consumers (BE) (Fluxys) Industrial clients L-zone,21Y000000000045A,entry,kWh/h,No injection in transmission network from Industiral clients,,,2025-02-20T13:19:03+01:00,,,,,,,,1,2021-10-01T01:00:00+02:00,,,,,
1Physical FlowhourBE-TSO-0001FNC-00034entrykWh/h2021-10-01T01:00:00Z2021-11-01T01:00:00Z_NA55,1,Physical Flow,hour,2021-10-03T10:00:00+02:00,2021-10-03T11:00:00+02:00,BE-TSO-0001,21X-BE-A-A0A0A-Y,Fluxys Belgium,FNC-00034,Final consumers (BE) (Fluxys) Industrial clients L-zone,21Y000000000045A,entry,kWh/h,No injection in transmission network from Industiral clients,,,2025-02-20T13:19:03+01:00,,,,,,,,1,2021-10-01T01:00:00+02:00,,,,,
1Physical FlowhourBE-TSO-0001FNC-00034entrykWh/h2021-10-01T01:00:00Z2021-11-01T01:00:00Z_NA56,1,Physical Flow,hour,2021-10-03T11:00:00+02:00,2021-10-03T12:00:00+02:00,BE-TSO-0001,21X-BE-A-A0A0A-Y,Fluxys Belgium,FNC-00034,Final consumers (BE) (Fluxys) Industrial clients L-zone,21Y000000000045A,entry,kWh/h,No injection in transmission network from Industiral clients,,,2025-02-20T13:19:03+01:00,,,,,,,,1,2021-10-01T01:00:00+02:00,,,,,
1Physical FlowhourBE-TSO-0001FNC-00034entrykWh/h2021-10-01T01:00:00Z2021-11-01T01:00:00Z_NA57,1,Physical Flow,hour,2021-10-03T12:00:00+02:00,2021-10-03T13:00:00+02:00,BE-TSO-0001,21X-BE-A-A0A0A-Y,Fluxys Belgium,FNC-00034,Final consumers (BE) (Fluxys) Industrial clients L-zone,21Y000000000045A,entry,kWh/h,No injection in transmission network from Industiral clients,,,2025-02-20T13:19:03+01:00,,,,,,,,1,2021-10-01T01:00:00+02:00,,,,,
1Physical FlowhourBE-TSO-0001FNC-00034entrykWh/h2021-10-01T01:00:00Z2021-11-01T01:00:00Z_NA58,1,Physical Flow,hour,2021-10-03T13:00:00+02:00,2021-10-03T14:00:00+02:00,BE-TSO-0001,21X-BE-A-A0A0A-Y,Fluxys Belgium,FNC-00034,Final consumers (BE) (Fluxys) Industrial clients L-zone,21Y000000000045A,entry,kWh/h,No injection in transmission network from Industiral clients,,,2025-02-20T13:19:03+01:00,,,,,,,,1,2021-10-01T01:00:00+02:00,,,,,
1Physical FlowhourBE-TSO-0001FNC-00034entrykWh/h2021-10-01T01:00:00Z2021-11-01T01:00:00Z_NA59,1,Physical Flow,hour,2021-10-03T14:00:00+02:00,2021-10-03T15:00:00+02:00,BE-TSO-0001,21X-BE-A-A0A0A-Y,Fluxys Belgium,FNC-00034,Final consumers (BE) (Fluxys) Industrial clients L-zone,21Y000000000045A,entry,kWh/h,No injection in transmission network from Industiral clients,,,2025-02-20T13:19:03+01:00,,,,,,,,1,2021-10-01T01:00:00+02:00,,,,,
1Physical FlowhourBE-TSO-0001FNC-00034entrykWh/h2021-10-01T01:00:00Z2021-11-01T01:00:00Z_NA60,1,Physical Flow,hour,2021-10-03T15:00:00+02:00,2021-10-03T16:00:00+02:00,BE-TSO-0001,21X-BE-A-A0A0A-Y,Fluxys Belgium,FNC-00034,Final consumers (BE) (Fluxys) Industrial clients L-zone,21Y000000000045A,entry,kWh/h,No injection in transmission network from Industiral clients,,,2025-02-20T13:19:03+01:00,,,,,,,,1,2021-10-01T01:00:00+02:00,,,,,
1Physical FlowhourBE-TSO-0001FNC-00034entrykWh/h2021-10-01T01:00:00Z2021-11-01T01:00:00Z_NA61,1,Physical Flow,hour,2021-10-03T16:00:00+02:00,2021-10-03T17:00:00+02:00,BE-TSO-0001,21X-BE-A-A0A0A-Y,Fluxys Belgium,FNC-00034,Final consumers (BE) (Fluxys) Industrial clients L-zone,21Y000000000045A,entry,kWh/h,No injection in transmission network from Industiral clients,,,2025-02-20T13:19:03+01:00,,,,,,,,1,2021-10-01T01:00:00+02:00,,,,,
1Physical FlowhourBE-TSO-0001FNC-00034entrykWh/h2021-10-01T01:00:00Z2021-11-01T01:00:00Z_NA62,1,Physical Flow,hour,2021-10-03T17:00:00+02:00,2021-10-03T18:00:00+02:00,BE-TSO-0001,21X-BE-A-A0A0A-Y,Fluxys Belgium,FNC-00034,Final consumers (BE) (Fluxys) Industrial clients L-zone,21Y000000000045A,entry,kWh/h,No injection in transmission network from Industiral clients,,,2025-02-20T13:19:03+01:00,,,,,,,,1,2021-10-01T01:00:00+02:00,,,,,
1Physical FlowhourBE-TSO-0001FNC-00034entrykWh/h2021-10-01T01:00:00Z2021-11-01T01:00:00Z_NA63,1,Physical Flow,hour,2021-10-03T18:00:00+02:00,2021-10-03T19:00:00+02:00,BE-TSO-0001,21X-BE-A-A0A0A-Y,Fluxys Belgium,FNC-00034,Final consumers (BE) (Fluxys) Industrial clients L-zone,21Y000000000045A,entry,kWh/h,No injection in transmission network from Industiral clients,,,2025-02-20T13:19:03+01:00,,,,,,,,1,2021-10-01T01:00:00+02:00,,,,,
1Physical FlowhourBE-TSO-0001FNC-00034entrykWh/h2021-10-01T01:00:00Z2021-11-01T01:00:00Z_NA64,1,Physical Flow,hour,2021-10-03T19:00:00+02:00,2021-10-03T20:00:00+02:00,BE-TSO-0001,21X-BE-A-A0A0A-Y,Fluxys Belgium,FNC-00034,Final consumers (BE) (Fluxys) Industrial clients L-zone,21Y000000000045A,entry,kWh/h,No injection in transmission network from Industiral clients,,,2025-02-20T13:19:03+01:00,,,,,,,,1,2021-10-01T01:00:00+02:00,,,,,
1Physical FlowhourBE-TSO-0001FNC-00034entrykWh/h2021-10-01T01:00:00Z2021-11-01T01:00:00Z_NA65,1,Physical Flow,hour,2021-10-03T20:00:00+02:00,2021-10-03T21:00:00+02:00,BE-TSO-0001,21X-BE-A-A0A0A-Y,Fluxys Belgium,FNC-00034,Final consumers (BE) (Fluxys) Industrial clients L-zone,21Y000000000045A,entry,kWh/h,No injection in transmission network from Industiral clients,,,2025-02-20T13:19:03+01:00,,,,,,,,1,2021-10-01T01:00:00+02:00,,,,,
1Physical FlowhourBE-TSO-0001FNC-00034entrykWh/h2021-10-01T01:00:00Z2021-11-01T01:00:00Z_NA66,1,Physical Flow,hour,2021-10-03T21:00:00+02:00,2021-10-03T22:00:00+02:00,BE-TSO-0001,21X-BE-A-A0A0A-Y,Fluxys Belgium,FNC-00034,Final consumers (BE) (Fluxys) Industrial clients L-zone,21Y000000000045A,entry,kWh/h,No injection in transmission network from Industiral clients,,,2025-02-20T13:19:03+01:00,,,,,,,,1,2021-10-01T01:00:00+02:00,,,,,
1Physical FlowhourBE-TSO-0001FNC-00034entrykWh/h2021-10-01T01:00:00Z2021-11-01T01:00:00Z_NA67,1,Physical Flow,hour,2021-10-03T22:00:00+02:00,2021-10-03T23:00:00+02:00,BE-TSO-0001,21X-BE-A-A0A0A-Y,Fluxys Belgium,FNC-00034,Final consumers (BE) (Fluxys) Industrial clients L-zone,21Y000000000045A,entry,kWh/h,No injection in transmission network from Industiral clients,,,2025-02-20T13:19:03+01:00,,,,,,,,1,2021-10-01T01:00:00+02:00,,,,,
1Physical FlowhourBE-TSO-0001FNC-00034entrykWh/h2021-10-01T01:00:00Z2021-11-01T01:00:00Z_NA68,1,Physical Flow,hour,2021-10-03T23:00:00+02:00,2021-10-04T00:00:00+02:00,BE-TSO-0001,21X-BE-A-A0A0A-Y,Fluxys Belgium,FNC-00034,Final consumers (BE) (Fluxys) Industrial clients L-zone,21Y000000000045A,entry,kWh/h,No injection in transmission network from Industiral clients,,,2025-02-20T13:19:03+01:00,,,,,,,,1,2021-10-01T01:00:00+02:00,,,,,
1Physical FlowhourBE-TSO-0001FNC-00034entrykWh/h2021-10-01T01:00:00Z2021-11-01T01:00:00Z_NA69,1,Physical Flow,hour,2021-10-04T00:00:00+02:00,2021-10-04T01:00:00+02:00,BE-TSO-0001,21X-BE-A-A0A0A-Y,Fluxys Belgium,FNC-00034,Final consumers (BE) (Fluxys) Industrial clients L-zone,21Y000000000045A,entry,kWh/h,No injection in transmission network from Industiral clients,,,2025-02-20T13:19:03+01:00,,,,,,,,1,2021-10-01T01:00:00+02:00,,,,,
1Physical FlowhourBE-TSO-0001FNC-00034entrykWh/h2021-10-01T01:00:00Z2021-11-01T01:00:00Z_NA70,1,Physical Flow,hour,2021-10-04T01:00:00+02:00,2021-10-04T02:00:00+02:00,BE-TSO-0001,21X-BE-A-A0A0A-Y,Fluxys Belgium,FNC-00034,Final consumers (BE) (Fluxys) Industrial clients L-zone,21Y000000000045A,entry,kWh/h,No injection in transmission network from Industiral clients,,,2025-02-20T13:19:03+01:00,,,,,,,,1,2021-10-01T01:00:00+02:00,,,,,
1Physical FlowhourBE-TSO-0001FNC-00034entrykWh/h2021-10-01T01:00:00Z2021-11-01T01:00:00Z_NA71,1,Physical Flow,hour,2021-10-04T02:00:00+02:00,2021-10-04T03:00:00+02:00,BE-TSO-0001,21X-BE-A-A0A0A-Y,Fluxys Belgium,FNC-00034,Final consumers (BE) (Fluxys) Industrial clients L-zone,21Y000000000045A,entry,kWh/h,No injection in transmission network from Industiral clients,,,2025-02-20T13:19:03+01:00,,,,,,,,1,2021-10-01T01:00:00+02:00,,,,,
1Physical FlowhourBE-TSO-0001FNC-00034entrykWh/h2021-10-01T01:00:00Z2021-11-01T01:00:00Z_NA72,1,Physical Flow,hour,2021-10-04T03:00:00+02:00,2021-10-04T04:00:00+02:00,BE-TSO-0001,21X-BE-A-A0A0A-Y,Fluxys Belgium,FNC-00034,Final consumers (BE) (Fluxys) Industrial clients L-zone,21Y000000000045A,entry,kWh/h,No injection in transmission network from Industiral clients,,,2025-02-20T13:19:03+01:00,,,,,,,,1,2021-10-01T01:00:00+02:00,,,,,
1Physical FlowhourBE-TSO-0001FNC-00034entrykWh/h2021-10-01T01:00:00Z2021-11-01T01:00:00Z_NA73,1,Physical Flow,hour,2021-10-04T04:00:00+02:00,2021-10-04T05:00:00+02:00,BE-TSO-0001,21X-BE-A-A0A0A-Y,Fluxys Belgium,FNC-00034,Final consumers (BE) (Fluxys) Industrial clients L-zone,21Y000000000045A,entry,kWh/h,No injection in transmission network from Industiral clients,,,2025-02-20T13:19:03+01:00,,,,,,,,1,2021-10-01T01:00:00+02:00,,,,,
1Physical FlowhourBE-TSO-0001FNC-00034entrykWh/h2021-10-01T01:00:00Z2021-11-01T01:00:00Z_NA74,1,Physical Flow,hour,2021-10-04T05:00:00+02:00,2021-10-04T06:00:00+02:00,BE-TSO-0001,21X-BE-A-A0A0A-Y,Fluxys Belgium,FNC-00034,Final consumers (BE) (Fluxys) Industrial clients L-zone,21Y000000000045A,entry,kWh/h,No injection in transmission network from Industiral clients,,,2025-02-20T13:19:03+01:00,,,,,,,,1,2021-10-01T01:00:00+02:00,,,,,
1Physical FlowhourBE-TSO-0001FNC-00034entrykWh/h2021-10-01T01:00:00Z2021-11-01T01:00:00Z_NA75,1,Physical Flow,hour,2021-10-04T06:00:00+02:00,2021-10-04T07:00:00+02:00,BE-TSO-0001,21X-BE-A-A0A0A-Y,Fluxys Belgium,FNC-00034,Final consumers (BE) (Fluxys) Industrial clients L-zone,21Y000000000045A,entry,kWh/h,No injection in transmission network from Industiral clients,,,2025-02-20T13:19:03+01:00,,,,,,,,1,2021-10-01T01:00:00+02:00,,,,,
1Physical FlowhourBE-TSO-0001FNC-00034entrykWh/h2021-10-01T01:00:00Z2021-11-01T01:00:00Z_NA76,1,Physical Flow,hour,2021-10-04T07:00:00+02:00,2021-10-04T08:00:00+02:00,BE-TSO-0001,21X-BE-A-A0A0A-Y,Fluxys Belgium,FNC-00034,Final consumers (BE) (Fluxys) Industrial clients L-zone,21Y000000000045A,entry,kWh/h,No injection in transmission network from Industiral clients,,,2025-02-20T13:19:03+01:00,,,,,,,,1,2021-10-01T01:00:00+02:00,,,,,
1Physical FlowhourBE-TSO-0001FNC-00034entrykWh/h2021-10-01T01:00:00Z2021-11-01T01:00:00Z_NA77,1,Physical Flow,hour,2021-10-04T08:00:00+02:00,2021-10-04T09:00:00+02:00,BE-TSO-0001,21X-BE-A-A0A0A-Y,Fluxys Belgium,FNC-00034,Final consumers (BE) (Fluxys) Industrial clients L-zone,21Y000000000045A,entry,kWh/h,No injection in transmission network from Industiral clients,,,2025-02-20T13:19:03+01:00,,,,,,,,1,2021-10-01T01:00:00+02:00,,,,,
1Physical FlowhourBE-TSO-0001FNC-00034entrykWh/h2021-10-01T01:00:00Z2021-11-01T01:00:00Z_NA78,1,Physical Flow,hour,2021-10-04T09:00:00+02:00,2021-10-04T10:00:00+02:00,BE-TSO-0001,21X-BE-A-A0A0A-Y,Fluxys Belgium,FNC-00034,Final consumers (BE) (Fluxys) Industrial clients L-zone,21Y000000000045A,entry,kWh/h,No injection in transmission network from Industiral clients,,,2025-02-20T13:19:03+01:00,,,,,,,,1,2021-10-01T01:00:00+02:00,,,,,
1Physical FlowhourBE-TSO-0001FNC-00034entrykWh/h2021-10-01T01:00:00Z2021-11-01T01:00:00Z_NA79,1,Physical Flow,hour,2021-10-04T10:00:00+02:00,2021-10-04T11:00:00+02:00,BE-TSO-0001,21X-BE-A-A0A0A-Y,Fluxys Belgium,FNC-00034,Final consumers (BE) (Fluxys) Industrial clients L-zone,21Y000000000045A,entry,kWh/h,No injection in transmission network from Industiral clients,,,2025-02-20T13:19:03+01:00,,,,,,,,1,2021-10-01T01:00:00+02:00,,,,,
1Physical FlowhourBE-TSO-0001FNC-00034entrykWh/h2021-10-01T01:00:00Z2021-11-01T01:00:00Z_NA80,1,Physical Flow,hour,2021-10-04T11:00:00+02:00,2021-10-04T12:00:00+02:00,BE-TSO-0001,21X-BE-A-A0A0A-Y,Fluxys Belgium,FNC-00034,Final consumers (BE) (Fluxys) Industrial clients L-zone,21Y000000000045A,entry,kWh/h,No injection in transmission network from Industiral clients,,,2025-02-20T13:19:03+01:00,,,,,,,,1,2021-10-01T01:00:00+02:00,,,,,
1Physical FlowhourBE-TSO-0001FNC-00034entrykWh/h2021-10-01T01:00:00Z2021-11-01T01:00:00Z_NA81,1,Physical Flow,hour,2021-10-04T12:00:00+02:00,2021-10-04T13:00:00+02:00,BE-TSO-0001,21X-BE-A-A0A0A-Y,Fluxys Belgium,FNC-00034,Final consumers (BE) (Fluxys) Industrial clients L-zone,21Y000000000045A,entry,kWh/h,No injection in transmission network from Industiral clients,,,2025-02-20T13:19:03+01:00,,,,,,,,1,2021-10-01T01:00:00+02:00,,,,,
1Physical FlowhourBE-TSO-0001FNC-00034entrykWh/h2021-10-01T01:00:00Z2021-11-01T01:00:00Z_NA82,1,Physical Flow,hour,2021-10-04T13:00:00+02:00,2021-10-04T14:00:00+02:00,BE-TSO-0001,21X-BE-A-A0A0A-Y,Fluxys Belgium,FNC-00034,Final consumers (BE) (Fluxys) Industrial clients L-zone,21Y000000000045A,entry,kWh/h,No injection in transmission network from Industiral clients,,,2025-02-20T13:19:03+01:00,,,,,,,,1,2021-10-01T01:00:00+02:00,,,,,
1Physical FlowhourBE-TSO-0001FNC-00034entrykWh/h2021-10-01T01:00:00Z2021-11-01T01:00:00Z_NA83,1,Physical Flow,hour,2021-10-04T14:00:00+02:00,2021-10-04T15:00:00+02:00,BE-TSO-0001,21X-BE-A-A0A0A-Y,Fluxys Belgium,FNC-00034,Final consumers (BE) (Fluxys) Industrial clients L-zone,21Y000000000045A,entry,kWh/h,No injection in transmission network from Industiral clients,,,2025-02-20T13:19:03+01:00,,,,,,,,1,2021-10-01T01:00:00+02:00,,,,,
1Physical FlowhourBE-TSO-0001FNC-00034entrykWh/h2021-10-01T01:00:00Z2021-11-01T01:00:00Z_NA84,1,Physical Flow,hour,2021-10-04T15:00:00+02:00,2021-10-04T16:00:00+02:00,BE-TSO-0001,21X-BE-A-A0A0A-Y,Fluxys Belgium,FNC-00034,Final consumers (BE) (Fluxys) Industrial clients L-zone,21Y000000000045A,entry,kWh/h,No injection in transmission network from Industiral clients,,,2025-02-20T13:19:03+01:00,,,,,,,,1,2021-10-01T01:00:00+02:00,,,,,
1Physical FlowhourBE-TSO-0001FNC-00034entrykWh/h2021-10-01T01:00:00Z2021-11-01T01:00:00Z_NA85,1,Physical Flow,hour,2021-10-04T16:00:00+02:00,2021-10-04T17:00:00+02:00,BE-TSO-0001,21X-BE-A-A0A0A-Y,Fluxys Belgium,FNC-00034,Final consumers (BE) (Fluxys) Industrial clients L-zone,21Y000000000045A,entry,kWh/h,No injection in transmission network from Industiral clients,,,2025-02-20T13:19:03+01:00,,,,,,,,1,2021-10-01T01:00:00+02:00,,,,,
1Physical FlowhourBE-TSO-0001FNC-00034entrykWh/h2021-10-01T01:00:00Z2021-11-01T01:00:00Z_NA86,1,Physical Flow,hour,2021-10-04T17:00:00+02:00,2021-10-04T18:00:00+02:00,BE-TSO-0001,21X-BE-A-A0A0A-Y,Fluxys Belgium,FNC-00034,Final consumers (BE) (Fluxys) Industrial clients L-zone,21Y000000000045A,entry,kWh/h,No injection in transmission network from Industiral clients,,,2025-02-20T13:19:03+01:00,,,,,,,,1,2021-10-01T01:00:00+02:00,,,,,
1Physical FlowhourBE-TSO-0001FNC-00034entrykWh/h2021-10-01T01:00:00Z2021-11-01T01:00:00Z_NA87,1,Physical Flow,hour,2021-10-04T18:00:00+02:00,2021-10-04T19:00:00+02:00,BE-TSO-0001,21X-BE-A-A0A0A-Y,Fluxys Belgium,FNC-00034,Final consumers (BE) (Fluxys) Industrial clients L-zone,21Y000000000045A,entry,kWh/h,No injection in transmission network from Industiral clients,,,2025-02-20T13:19:03+01:00,,,,,,,,1,2021-10-01T01:00:00+02:00,,,,,
1Physical FlowhourBE-TSO-0001FNC-00034entrykWh/h2021-10-01T01:00:00Z2021-11-01T01:00:00Z_NA88,1,Physical Flow,hour,2021-10-04T19:00:00+02:00,2021-10-04T20:00:00+02:00,BE-TSO-0001,21X-BE-A-A0A0A-Y,Fluxys Belgium,FNC-00034,Final consumers (BE) (Fluxys) Industrial clients L-zone,21Y000000000045A,entry,kWh/h,No injection in transmission network from Industiral clients,,,2025-02-20T13:19:03+01:00,,,,,,,,1,2021-10-01T01:00:00+02:00,,,,,
1Physical FlowhourBE-TSO-0001FNC-00034entrykWh/h2021-10-01T01:00:00Z2021-11-01T01:00:00Z_NA89,1,Physical Flow,hour,2021-10-04T20:00:00+02:00,2021-10-04T21:00:00+02:00,BE-TSO-0001,21X-BE-A-A0A0A-Y,Fluxys Belgium,FNC-00034,Final consumers (BE) (Fluxys) Industrial clients L-zone,21Y000000000045A,entry,kWh/h,No injection in transmission network from Industiral clients,,,2025-02-20T13:19:03+01:00,,,,,,,,1,2021-10-01T01:00:00+02:00,,,,,
1Physical FlowhourBE-TSO-0001FNC-00034entrykWh/h2021-10-01T01:00:00Z2021-11-01T01:00:00Z_NA90,1,Physical Flow,hour,2021-10-04T21:00:00+02:00,2021-10-04T22:00:00+02:00,BE-TSO-0001,21X-BE-A-A0A0A-Y,Fluxys Belgium,FNC-00034,Final consumers (BE) (Fluxys) Industrial clients L-zone,21Y000000000045A,entry,kWh/h,No injection in transmission network from Industiral clients,,,2025-02-20T13:19:03+01:00,,,,,,,,1,2021-10-01T01:00:00+02:00,,,,,
1Physical FlowhourBE-TSO-0001FNC-00034entrykWh/h2021-10-01T01:00:00Z2021-11-01T01:00:00Z_NA91,1,Physical Flow,hour,2021-10-04T22:00:00+02:00,2021-10-04T23:00:00+02:00,BE-TSO-0001,21X-BE-A-A0A0A-Y,Fluxys Belgium,FNC-00034,Final consumers (BE) (Fluxys) Industrial clients L-zone,21Y000000000045A,entry,kWh/h,No injection in transmission network from Industiral clients,,,2025-02-20T13:19:03+01:00,,,,,,,,1,2021-10-01T01:00:00+02:00,,,,,
1Physical FlowhourBE-TSO-0001FNC-00034entrykWh/h2021-10-01T01:00:00Z2021-11-01T01:00:00Z_NA92,1,Physical Flow,hour,2021-10-04T23:00:00+02:00,2021-10-05T00:00:00+02:00,BE-TSO-0001,21X-BE-A-A0A0A-Y,Fluxys Belgium,FNC-00034,Final consumers (BE) (Fluxys) Industrial clients L-zone,21Y000000000045A,entry,kWh/h,No injection in transmission network from Industiral clients,,,2025-02-20T13:19:03+01:00,,,,,,,,1,2021-10-01T01:00:00+02:00,,,,,
1Physical FlowhourBE-TSO-0001FNC-00034entrykWh/h2021-10-01T01:00:00Z2021-11-01T01:00:00Z_NA93,1,Physical Flow,hour,2021-10-05T00:00:00+02:00,2021-10-05T01:00:00+02:00,BE-TSO-0001,21X-BE-A-A0A0A-Y,Fluxys Belgium,FNC-00034,Final consumers (BE) (Fluxys) Industrial clients L-zone,21Y000000000045A,entry,kWh/h,No injection in transmission network from Industiral clients,,,2025-02-20T13:19:03+01:00,,,,,,,,1,2021-10-01T01:00:00+02:00,,,,,
1Physical FlowhourBE-TSO-0001FNC-00034entrykWh/h2021-10-01T01:00:00Z2021-11-01T01:00:00Z_NA94,1,Physical Flow,hour,2021-10-05T01:00:00+02:00,2021-10-05T02:00:00+02:00,BE-TSO-0001,21X-BE-A-A0A0A-Y,Fluxys Belgium,FNC-00034,Final consumers (BE) (Fluxys) Industrial clients L-zone,21Y000000000045A,entry,kWh/h,No injection in transmission network from Industiral clients,,,2025-02-20T13:19:03+01:00,,,,,,,,1,2021-10-01T01:00:00+02:00,,,,,
1Physical FlowhourBE-TSO-0001FNC-00034entrykWh/h2021-10-01T01:00:00Z2021-11-01T01:00:00Z_NA95,1,Physical Flow,hour,2021-10-05T02:00:00+02:00,2021-10-05T03:00:00+02:00,BE-TSO-0001,21X-BE-A-A0A0A-Y,Fluxys Belgium,FNC-00034,Final consumers (BE) (Fluxys) Industrial clients L-zone,21Y000000000045A,entry,kWh/h,No injection in transmission network from Industiral clients,,,2025-02-20T13:19:03+01:00,,,,,,,,1,2021-10-01T01:00:00+02:00,,,,,
1Physical FlowhourBE-TSO-0001FNC-00034entrykWh/h2021-10-01T01:00:00Z2021-11-01T01:00:00Z_NA96,1,Physical Flow,hour,2021-10-05T03:00:00+02:00,2021-10-05T04:00:00+02:00,BE-TSO-0001,21X-BE-A-A0A0A-Y,Fluxys Belgium,FNC-00034,Final consumers (BE) (Fluxys) Industrial clients L-zone,21Y000000000045A,entry,kWh/h,No injection in transmission network from Industiral clients,,,2025-02-20T13:19:03+01:00,,,,,,,,1,2021-10-01T01:00:00+02:00,,,,,
1Physical FlowhourBE-TSO-0001FNC-00034entrykWh/h2021-10-01T01:00:00Z2021-11-01T01:00:00Z_NA97,1,Physical Flow,hour,2021-10-05T04:00:00+02:00,2021-10-05T05:00:00+02:00,BE-TSO-0001,21X-BE-A-A0A0A-Y,Fluxys Belgium,FNC-00034,Final consumers (BE) (Fluxys) Industrial clients L-zone,21Y000000000045A,entry,kWh/h,No injection in transmission network from Industiral clients,,,2025-02-20T13:19:03+01:00,,,,,,,,1,2021-10-01T01:00:00+02:00,,,,,
1Physical FlowhourBE-TSO-0001FNC-00034entrykWh/h2021-10-01T01:00:00Z2021-11-01T01:00:00Z_NA98,1,Physical Flow,hour,2021-10-05T05:00:00+02:00,2021-10-05T06:00:00+02:00,BE-TSO-0001,21X-BE-A-A0A0A-Y,Fluxys Belgium,FNC-00034,Final consumers (BE) (Fluxys) Industrial clients L-zone,21Y000000000045A,entry,kWh/h,No injection in transmission network from Industiral clients,,,2025-02-20T13:19:03+01:00,,,,,,,,1,2021-10-01T01:00:00+02:00,,,,,
1Physical FlowhourBE-TSO-0001FNC-00034entrykWh/h2021-10-01T01:00:00Z2021-11-01T01:00:00Z_NA99,1,Physical Flow,hour,2021-10-05T06:00:00+02:00,2021-10-05T07:00:00+02:00,BE-TSO-0001,21X-BE-A-A0A0A-Y,Fluxys Belgium,FNC-00034,Final consumers (BE) (Fluxys) Industrial clients L-zone,21Y000000000045A,entry,kWh/h,No injection in transmission network from Industiral clients,,,2025-02-20T13:19:03+01:00,,,,,,,,1,2021-10-01T01:00:00+02:00,,,,,
1Physical FlowhourBE-TSO-0001FNC-00034entrykWh/h2021-10-01T01:00:00Z2021-11-01T01:00:00Z_NA100,1,Physical Flow,hour,2021-10-05T07:00:00+02:00,2021-10-05T08:00:00+02:00,BE-TSO-0001,21X-BE-A-A0A0A-Y,Fluxys Belgium,FNC-00034,Final consumers (BE) (Fluxys) Industrial clients L-zone,21Y000000000045A,entry,kWh/h,No injection in transmission network from Industiral clients,,,2025-02-20T13:19:03+01:00,,,,,,,,1,2021-10-01T01:00:00+02:00,,,,,
1Physical FlowhourBE-TSO-0001FNC-00034entrykWh/h2021-10-01T01:00:00Z2021-11-01T01:00:00Z_NA101,1,Physical Flow,hour,2021-10-05T08:00:00+02:00,2021-10-05T09:00:00+02:00,BE-TSO-0001,21X-BE-A-A0A0A-Y,Fluxys Belgium,FNC-00034,Final consumers (BE) (Fluxys) Industrial clients L-zone,21Y000000000045A,entry,kWh/h,No injection in transmission network from Industiral clients,,,2025-02-20T13:19:03+01:00,,,,,,,,1,2021-10-01T01:00:00+02:00,,,,,
1Physical FlowhourBE-TSO-0001FNC-00034entrykWh/h2021-10-01T01:00:00Z2021-11-01T01:00:00Z_NA102,1,Physical Flow,hour,2021-10-05T09:00:00+02:00,2021-10-05T10:00:00+02:00,BE-TSO-0001,21X-BE-A-A0A0A-Y,Fluxys Belgium,FNC-00034,Final consumers (BE) (Fluxys) Industrial clients L-zone,21Y000000000045A,entry,kWh/h,No injection in transmission network from Industiral clients,,,2025-02-20T13:19:03+01:00,,,,,,,,1,2021-10-01T01:00:00+02:00,,,,,
1Physical FlowhourBE-TSO-0001FNC-00034entrykWh/h2021-10-01T01:00:00Z2021-11-01T01:00:00Z_NA103,1,Physical Flow,hour,2021-10-05T10:00:00+02:00,2021-10-05T11:00:00+02:00,BE-TSO-0001,21X-BE-A-A0A0A-Y,Fluxys Belgium,FNC-00034,Final consumers (BE) (Fluxys) Industrial clients L-zone,21Y000000000045A,entry,kWh/h,No injection in transmission network from Industiral clients,,,2025-02-20T13:19:03+01:00,,,,,,,,1,2021-10-01T01:00:00+02:00,,,,,
1Physical FlowhourBE-TSO-0001FNC-00034entrykWh/h2021-10-01T01:00:00Z2021-11-01T01:00:00Z_NA104,1,Physical Flow,hour,2021-10-05T11:00:00+02:00,2021-10-05T12:00:00+02:00,BE-TSO-0001,21X-BE-A-A0A0A-Y,Fluxys Belgium,FNC-00034,Final consumers (BE) (Fluxys) Industrial clients L-zone,21Y000000000045A,entry,kWh/h,No injection in transmission network from Industiral clients,,,2025-02-20T13:19:03+01:00,,,,,,,,1,2021-10-01T01:00:00+02:00,,,,,
1Physical FlowhourBE-TSO-0001FNC-00034entrykWh/h2021-10-01T01:00:00Z2021-11-01T01:00:00Z_NA105,1,Physical Flow,hour,2021-10-05T12:00:00+02:00,2021-10-05T13:00:00+02:00,BE-TSO-0001,21X-BE-A-A0A0A-Y,Fluxys Belgium,FNC-00034,Final consumers (BE) (Fluxys) Industrial clients L-zone,21Y000000000045A,entry,kWh/h,No injection in transmission network from Industiral clients,,,2025-02-20T13:19:03+01:00,,,,,,,,1,2021-10-01T01:00:00+02:00,,,,,
1Physical FlowhourBE-TSO-0001FNC-00034entrykWh/h2021-10-01T01:00:00Z2021-11-01T01:00:00Z_NA106,1,Physical Flow,hour,2021-10-05T13:00:00+02:00,2021-10-05T14:00:00+02:00,BE-TSO-0001,21X-BE-A-A0A0A-Y,Fluxys Belgium,FNC-00034,Final consumers (BE) (Fluxys) Industrial clients L-zone,21Y000000000045A,entry,kWh/h,No injection in transmission network from Industiral clients,,,2025-02-20T13:19:03+01:00,,,,,,,,1,2021-10-01T01:00:00+02:00,,,,,
1Physical FlowhourBE-TSO-0001FNC-00034entrykWh/h2021-10-01T01:00:00Z2021-11-01T01:00:00Z_NA107,1,Physical Flow,hour,2021-10-05T14:00:00+02:00,2021-10-05T15:00:00+02:00,BE-TSO-0001,21X-BE-A-A0A0A-Y,Fluxys Belgium,FNC-00034,Final consumers (BE) (Fluxys) Industrial clients L-zone,21Y000000000045A,entry,kWh/h,No injection in transmission network from Industiral clients,,,2025-02-20T13:19:03+01:00,,,,,,,,1,2021-10-01T01:00:00+02:00,,,,,
1Physical FlowhourBE-TSO-0001FNC-00034entrykWh/h2021-10-01T01:00:00Z2021-11-01T01:00:00Z_NA108,1,Physical Flow,hour,2021-10-05T15:00:00+02:00,2021-10-05T16:00:00+02:00,BE-TSO-0001,21X-BE-A-A0A0A-Y,Fluxys Belgium,FNC-00034,Final consumers (BE) (Fluxys) Industrial clients L-zone,21Y000000000045A,entry,kWh/h,No injection in transmission network from Industiral clients,,,2025-02-20T13:19:03+01:00,,,,,,,,1,2021-10-01T01:00:00+02:00,,,,,
1Physical FlowhourBE-TSO-0001FNC-00034entrykWh/h2021-10-01T01:00:00Z2021-11-01T01:00:00Z_NA109,1,Physical Flow,hour,2021-10-05T16:00:00+02:00,2021-10-05T17:00:00+02:00,BE-TSO-0001,21X-BE-A-A0A0A-Y,Fluxys Belgium,FNC-00034,Final consumers (BE) (Fluxys) Industrial clients L-zone,21Y000000000045A,entry,kWh/h,No injection in transmission network from Industiral clients,,,2025-02-20T13:19:03+01:00,,,,,,,,1,2021-10-01T01:00:00+02:00,,,,,
1Physical FlowhourBE-TSO-0001FNC-00034entrykWh/h2021-10-01T01:00:00Z2021-11-01T01:00:00Z_NA110,1,Physical Flow,hour,2021-10-05T17:00:00+02:00,2021-10-05T18:00:00+02:00,BE-TSO-0001,21X-BE-A-A0A0A-Y,Fluxys Belgium,FNC-00034,Final consumers (BE) (Fluxys) Industrial clients L-zone,21Y000000000045A,entry,kWh/h,No injection in transmission network from Industiral clients,,,2025-02-20T13:19:03+01:00,,,,,,,,1,2021-10-01T01:00:00+02:00,,,,,
1Physical FlowhourBE-TSO-0001FNC-00034entrykWh/h2021-10-01T01:00:00Z2021-11-01T01:00:00Z_NA111,1,Physical Flow,hour,2021-10-05T18:00:00+02:00,2021-10-05T19:00:00+02:00,BE-TSO-0001,21X-BE-A-A0A0A-Y,Fluxys Belgium,FNC-00034,Final consumers (BE) (Fluxys) Industrial clients L-zone,21Y000000000045A,entry,kWh/h,No injection in transmission network from Industiral clients,,,2025-02-20T13:19:03+01:00,,,,,,,,1,2021-10-01T01:00:00+02:00,,,,,
1Physical FlowhourBE-TSO-0001FNC-00034entrykWh/h2021-10-01T01:00:00Z2021-11-01T01:00:00Z_NA112,1,Physical Flow,hour,2021-10-05T19:00:00+02:00,2021-10-05T20:00:00+02:00,BE-TSO-0001,21X-BE-A-A0A0A-Y,Fluxys Belgium,FNC-00034,Final consumers (BE) (Fluxys) Industrial clients L-zone,21Y000000000045A,entry,kWh/h,No injection in transmission network from Industiral clients,,,2025-02-20T13:19:03+01:00,,,,,,,,1,2021-10-01T01:00:00+02:00,,,,,
1Physical FlowhourBE-TSO-0001FNC-00034entrykWh/h2021-10-01T01:00:00Z2021-11-01T01:00:00Z_NA113,1,Physical Flow,hour,2021-10-05T20:00:00+02:00,2021-10-05T21:00:00+02:00,BE-TSO-0001,21X-BE-A-A0A0A-Y,Fluxys Belgium,FNC-00034,Final consumers (BE) (Fluxys) Industrial clients L-zone,21Y000000000045A,entry,kWh/h,No injection in transmission network from Industiral clients,,,2025-02-20T13:19:03+01:00,,,,,,,,1,2021-10-01T01:00:00+02:00,,,,,
1Physical FlowhourBE-TSO-0001FNC-00034entrykWh/h2021-10-01T01:00:00Z2021-11-01T01:00:00Z_NA114,1,Physical Flow,hour,2021-10-05T21:00:00+02:00,2021-10-05T22:00:00+02:00,BE-TSO-0001,21X-BE-A-A0A0A-Y,Fluxys Belgium,FNC-00034,Final consumers (BE) (Fluxys) Industrial clients L-zone,21Y000000000045A,entry,kWh/h,No injection in transmission network from Industiral clients,,,2025-02-20T13:19:03+01:00,,,,,,,,1,2021-10-01T01:00:00+02:00,,,,,
1Physical FlowhourBE-TSO-0001FNC-00034entrykWh/h2021-10-01T01:00:00Z2021-11-01T01:00:00Z_NA115,1,Physical Flow,hour,2021-10-05T22:00:00+02:00,2021-10-05T23:00:00+02:00,BE-TSO-0001,21X-BE-A-A0A0A-Y,Fluxys Belgium,FNC-00034,Final consumers (BE) (Fluxys) Industrial clients L-zone,21Y000000000045A,entry,kWh/h,No injection in transmission network from Industiral clients,,,2025-02-20T13:19:03+01:00,,,,,,,,1,2021-10-01T01:00:00+02:00,,,,,
1Physical FlowhourBE-TSO-0001FNC-00034entrykWh/h2021-10-01T01:00:00Z2021-11-01T01:00:00Z_NA116,1,Physical Flow,hour,2021-10-05T23:00:00+02:00,2021-10-06T00:00:00+02:00,BE-TSO-0001,21X-BE-A-A0A0A-Y,Fluxys Belgium,FNC-00034,Final consumers (BE) (Fluxys) Industrial clients L-zone,21Y000000000045A,entry,kWh/h,No injection in transmission network from Industiral clients,,,2025-02-20T13:19:03+01:00,,,,,,,,1,2021-10-01T01:00:00+02:00,,,,,
1Physical FlowhourBE-TSO-0001FNC-00034entrykWh/h2021-10-01T01:00:00Z2021-11-01T01:00:00Z_NA117,1,Physical Flow,hour,2021-10-06T00:00:00+02:00,2021-10-06T01:00:00+02:00,BE-TSO-0001,21X-BE-A-A0A0A-Y,Fluxys Belgium,FNC-00034,Final consumers (BE) (Fluxys) Industrial clients L-zone,21Y000000000045A,entry,kWh/h,No injection in transmission network from Industiral clients,,,2025-02-20T13:19:03+01:00,,,,,,,,1,2021-10-01T01:00:00+02:00,,,,,
1Physical FlowhourBE-TSO-0001FNC-00034entrykWh/h2021-10-01T01:00:00Z2021-11-01T01:00:00Z_NA118,1,Physical Flow,hour,2021-10-06T01:00:00+02:00,2021-10-06T02:00:00+02:00,BE-TSO-0001,21X-BE-A-A0A0A-Y,Fluxys Belgium,FNC-00034,Final consumers (BE) (Fluxys) Industrial clients L-zone,21Y000000000045A,entry,kWh/h,No injection in transmission network from Industiral clients,,,2025-02-20T13:19:03+01:00,,,,,,,,1,2021-10-01T01:00:00+02:00,,,,,
1Physical FlowhourBE-TSO-0001FNC-00034entrykWh/h2021-10-01T01:00:00Z2021-11-01T01:00:00Z_NA119,1,Physical Flow,hour,2021-10-06T02:00:00+02:00,2021-10-06T03:00:00+02:00,BE-TSO-0001,21X-BE-A-A0A0A-Y,Fluxys Belgium,FNC-00034,Final consumers (BE) (Fluxys) Industrial clients L-zone,21Y000000000045A,entry,kWh/h,No injection in transmission network from Industiral clients,,,2025-02-20T13:19:03+01:00,,,,,,,,1,2021-10-01T01:00:00+02:00,,,,,
1Physical FlowhourBE-TSO-0001FNC-00034entrykWh/h2021-10-01T01:00:00Z2021-11-01T01:00:00Z_NA120,1,Physical Flow,hour,2021-10-06T03:00:00+02:00,2021-10-06T04:00:00+02:00,BE-TSO-0001,21X-BE-A-A0A0A-Y,Fluxys Belgium,FNC-00034,Final consumers (BE) (Fluxys) Industrial clients L-zone,21Y000000000045A,entry,kWh/h,No injection in transmission network from Industiral clients,,,2025-02-20T13:19:03+01:00,,,,,,,,1,2021-10-01T01:00:00+02:00,,,,,
1Physical FlowhourBE-TSO-0001FNC-00034entrykWh/h2021-10-01T01:00:00Z2021-11-01T01:00:00Z_NA121,1,Physical Flow,hour,2021-10-06T04:00:00+02:00,2021-10-06T05:00:00+02:00,BE-TSO-0001,21X-BE-A-A0A0A-Y,Fluxys Belgium,FNC-00034,Final consumers (BE) (Fluxys) Industrial clients L-zone,21Y000000000045A,entry,kWh/h,No injection in transmission network from Industiral clients,,,2025-02-20T13:19:03+01:00,,,,,,,,1,2021-10-01T01:00:00+02:00,,,,,
1Physical FlowhourBE-TSO-0001FNC-00034entrykWh/h2021-10-01T01:00:00Z2021-11-01T01:00:00Z_NA122,1,Physical Flow,hour,2021-10-06T05:00:00+02:00,2021-10-06T06:00:00+02:00,BE-TSO-0001,21X-BE-A-A0A0A-Y,Fluxys Belgium,FNC-00034,Final consumers (BE) (Fluxys) Industrial clients L-zone,21Y000000000045A,entry,kWh/h,No injection in transmission network from Industiral clients,,,2025-02-20T13:19:03+01:00,,,,,,,,1,2021-10-01T01:00:00+02:00,,,,,
1Physical FlowhourBE-TSO-0001FNC-00034entrykWh/h2021-10-01T01:00:00Z2021-11-01T01:00:00Z_NA123,1,Physical Flow,hour,2021-10-06T06:00:00+02:00,2021-10-06T07:00:00+02:00,BE-TSO-0001,21X-BE-A-A0A0A-Y,Fluxys Belgium,FNC-00034,Final consumers (BE) (Fluxys) Industrial clients L-zone,21Y000000000045A,entry,kWh/h,No injection in transmission network from Industiral clients,,,2025-02-20T13:19:03+01:00,,,,,,,,1,2021-10-01T01:00:00+02:00,,,,,
1Physical FlowhourBE-TSO-0001FNC-00034entrykWh/h2021-10-01T01:00:00Z2021-11-01T01:00:00Z_NA124,1,Physical Flow,hour,2021-10-06T07:00:00+02:00,2021-10-06T08:00:00+02:00,BE-TSO-0001,21X-BE-A-A0A0A-Y,Fluxys Belgium,FNC-00034,Final consumers (BE) (Fluxys) Industrial clients L-zone,21Y000000000045A,entry,kWh/h,No injection in transmission network from Industiral clients,,,2025-02-20T13:19:03+01:00,,,,,,,,1,2021-10-01T01:00:00+02:00,,,,,
1Physical FlowhourBE-TSO-0001FNC-00034entrykWh/h2021-10-01T01:00:00Z2021-11-01T01:00:00Z_NA125,1,Physical Flow,hour,2021-10-06T08:00:00+02:00,2021-10-06T09:00:00+02:00,BE-TSO-0001,21X-BE-A-A0A0A-Y,Fluxys Belgium,FNC-00034,Final consumers (BE) (Fluxys) Industrial clients L-zone,21Y000000000045A,entry,kWh/h,No injection in transmission network from Industiral clients,,,2025-02-20T13:19:03+01:00,,,,,,,,1,2021-10-01T01:00:00+02:00,,,,,
1Physical FlowhourBE-TSO-0001FNC-00034entrykWh/h2021-10-01T01:00:00Z2021-11-01T01:00:00Z_NA126,1,Physical Flow,hour,2021-10-06T09:00:00+02:00,2021-10-06T10:00:00+02:00,BE-TSO-0001,21X-BE-A-A0A0A-Y,Fluxys Belgium,FNC-00034,Final consumers (BE) (Fluxys) Industrial clients L-zone,21Y000000000045A,entry,kWh/h,No injection in transmission network from Industiral clients,,,2025-02-20T13:19:03+01:00,,,,,,,,1,2021-10-01T01:00:00+02:00,,,,,
1Physical FlowhourBE-TSO-0001FNC-00034entrykWh/h2021-10-01T01:00:00Z2021-11-01T01:00:00Z_NA127,1,Physical Flow,hour,2021-10-06T10:00:00+02:00,2021-10-06T11:00:00+02:00,BE-TSO-0001,21X-BE-A-A0A0A-Y,Fluxys Belgium,FNC-00034,Final consumers (BE) (Fluxys) Industrial clients L-zone,21Y000000000045A,entry,kWh/h,No injection in transmission network from Industiral clients,,,2025-02-20T13:19:03+01:00,,,,,,,,1,2021-10-01T01:00:00+02:00,,,,,
1Physical FlowhourBE-TSO-0001FNC-00034entrykWh/h2021-10-01T01:00:00Z2021-11-01T01:00:00Z_NA128,1,Physical Flow,hour,2021-10-06T11:00:00+02:00,2021-10-06T12:00:00+02:00,BE-TSO-0001,21X-BE-A-A0A0A-Y,Fluxys Belgium,FNC-00034,Final consumers (BE) (Fluxys) Industrial clients L-zone,21Y000000000045A,entry,kWh/h,No injection in transmission network from Industiral clients,,,2025-02-20T13:19:03+01:00,,,,,,,,1,2021-10-01T01:00:00+02:00,,,,,
1Physical FlowhourBE-TSO-0001FNC-00034entrykWh/h2021-10-01T01:00:00Z2021-11-01T01:00:00Z_NA129,1,Physical Flow,hour,2021-10-06T12:00:00+02:00,2021-10-06T13:00:00+02:00,BE-TSO-0001,21X-BE-A-A0A0A-Y,Fluxys Belgium,FNC-00034,Final consumers (BE) (Fluxys) Industrial clients L-zone,21Y000000000045A,entry,kWh/h,No injection in transmission network from Industiral clients,,,2025-02-20T13:19:03+01:00,,,,,,,,1,2021-10-01T01:00:00+02:00,,,,,
1Physical FlowhourBE-TSO-0001FNC-00034entrykWh/h2021-10-01T01:00:00Z2021-11-01T01:00:00Z_NA130,1,Physical Flow,hour,2021-10-06T13:00:00+02:00,2021-10-06T14:00:00+02:00,BE-TSO-0001,21X-BE-A-A0A0A-Y,Fluxys Belgium,FNC-00034,Final consumers (BE) (Fluxys) Industrial clients L-zone,21Y000000000045A,entry,kWh/h,No injection in transmission network from Industiral clients,,,2025-02-20T13:19:03+01:00,,,,,,,,1,2021-10-01T01:00:00+02:00,,,,,
1Physical FlowhourBE-TSO-0001FNC-00034entrykWh/h2021-10-01T01:00:00Z2021-11-01T01:00:00Z_NA131,1,Physical Flow,hour,2021-10-06T14:00:00+02:00,2021-10-06T15:00:00+02:00,BE-TSO-0001,21X-BE-A-A0A0A-Y,Fluxys Belgium,FNC-00034,Final consumers (BE) (Fluxys) Industrial clients L-zone,21Y000000000045A,entry,kWh/h,No injection in transmission network from Industiral clients,,,2025-02-20T13:19:03+01:00,,,,,,,,1,2021-10-01T01:00:00+02:00,,,,,
1Physical FlowhourBE-TSO-0001FNC-00034entrykWh/h2021-10-01T01:00:00Z2021-11-01T01:00:00Z_NA132,1,Physical Flow,hour,2021-10-06T15:00:00+02:00,2021-10-06T16:00:00+02:00,BE-TSO-0001,21X-BE-A-A0A0A-Y,Fluxys Belgium,FNC-00034,Final consumers (BE) (Fluxys) Industrial clients L-zone,21Y000000000045A,entry,kWh/h,No injection in transmission network from Industiral clients,,,2025-02-20T13:19:03+01:00,,,,,,,,1,2021-10-01T01:00:00+02:00,,,,,
1Physical FlowhourBE-TSO-0001FNC-00034entrykWh/h2021-10-01T01:00:00Z2021-11-01T01:00:00Z_NA133,1,Physical Flow,hour,2021-10-06T16:00:00+02:00,2021-10-06T17:00:00+02:00,BE-TSO-0001,21X-BE-A-A0A0A-Y,Fluxys Belgium,FNC-00034,Final consumers (BE) (Fluxys) Industrial clients L-zone,21Y000000000045A,entry,kWh/h,No injection in transmission network from Industiral clients,,,2025-02-20T13:19:03+01:00,,,,,,,,1,2021-10-01T01:00:00+02:00,,,,,
1Physical FlowhourBE-TSO-0001FNC-00034entrykWh/h2021-10-01T01:00:00Z2021-11-01T01:00:00Z_NA134,1,Physical Flow,hour,2021-10-06T17:00:00+02:00,2021-10-06T18:00:00+02:00,BE-TSO-0001,21X-BE-A-A0A0A-Y,Fluxys Belgium,FNC-00034,Final consumers (BE) (Fluxys) Industrial clients L-zone,21Y000000000045A,entry,kWh/h,No injection in transmission network from Industiral clients,,,2025-02-20T13:19:03+01:00,,,,,,,,1,2021-10-01T01:00:00+02:00,,,,,
1Physical FlowhourBE-TSO-0001FNC-00034entrykWh/h2021-10-01T01:00:00Z2021-11-01T01:00:00Z_NA135,1,Physical Flow,hour,2021-10-06T18:00:00+02:00,2021-10-06T19:00:00+02:00,BE-TSO-0001,21X-BE-A-A0A0A-Y,Fluxys Belgium,FNC-00034,Final consumers (BE) (Fluxys) Industrial clients L-zone,21Y000000000045A,entry,kWh/h,No injection in transmission network from Industiral clients,,,2025-02-20T13:19:03+01:00,,,,,,,,1,2021-10-01T01:00:00+02:00,,,,,
1Physical FlowhourBE-TSO-0001FNC-00034entrykWh/h2021-10-01T01:00:00Z2021-11-01T01:00:00Z_NA136,1,Physical Flow,hour,2021-10-06T19:00:00+02:00,2021-10-06T20:00:00+02:00,BE-TSO-0001,21X-BE-A-A0A0A-Y,Fluxys Belgium,FNC-00034,Final consumers (BE) (Fluxys) Industrial clients L-zone,21Y000000000045A,entry,kWh/h,No injection in transmission network from Industiral clients,,,2025-02-20T13:19:03+01:00,,,,,,,,1,2021-10-01T01:00:00+02:00,,,,,
1Physical FlowhourBE-TSO-0001FNC-00034entrykWh/h2021-10-01T01:00:00Z2021-11-01T01:00:00Z_NA137,1,Physical Flow,hour,2021-10-06T20:00:00+02:00,2021-10-06T21:00:00+02:00,BE-TSO-0001,21X-BE-A-A0A0A-Y,Fluxys Belgium,FNC-00034,Final consumers (BE) (Fluxys) Industrial clients L-zone,21Y000000000045A,entry,kWh/h,No injection in transmission network from Industiral clients,,,2025-02-20T13:19:03+01:00,,,,,,,,1,2021-10-01T01:00:00+02:00,,,,,
1Physical FlowhourBE-TSO-0001FNC-00034entrykWh/h2021-10-01T01:00:00Z2021-11-01T01:00:00Z_NA138,1,Physical Flow,hour,2021-10-06T21:00:00+02:00,2021-10-06T22:00:00+02:00,BE-TSO-0001,21X-BE-A-A0A0A-Y,Fluxys Belgium,FNC-00034,Final consumers (BE) (Fluxys) Industrial clients L-zone,21Y000000000045A,entry,kWh/h,No injection in transmission network from Industiral clients,,,2025-02-20T13:19:03+01:00,,,,,,,,1,2021-10-01T01:00:00+02:00,,,,,
1Physical FlowhourBE-TSO-0001FNC-00034entrykWh/h2021-10-01T01:00:00Z2021-11-01T01:00:00Z_NA139,1,Physical Flow,hour,2021-10-06T22:00:00+02:00,2021-10-06T23:00:00+02:00,BE-TSO-0001,21X-BE-A-A0A0A-Y,Fluxys Belgium,FNC-00034,Final consumers (BE) (Fluxys) Industrial clients L-zone,21Y000000000045A,entry,kWh/h,No injection in transmission network from Industiral clients,,,2025-02-20T13:19:03+01:00,,,,,,,,1,2021-10-01T01:00:00+02:00,,,,,
1Physical FlowhourBE-TSO-0001FNC-00034entrykWh/h2021-10-01T01:00:00Z2021-11-01T01:00:00Z_NA140,1,Physical Flow,hour,2021-10-06T23:00:00+02:00,2021-10-07T00:00:00+02:00,BE-TSO-0001,21X-BE-A-A0A0A-Y,Fluxys Belgium,FNC-00034,Final consumers (BE) (Fluxys) Industrial clients L-zone,21Y000000000045A,entry,kWh/h,No injection in transmission network from Industiral clients,,,2025-02-20T13:19:03+01:00,,,,,,,,1,2021-10-01T01:00:00+02:00,,,,,
1Physical FlowhourBE-TSO-0001FNC-00034entrykWh/h2021-10-01T01:00:00Z2021-11-01T01:00:00Z_NA141,1,Physical Flow,hour,2021-10-07T00:00:00+02:00,2021-10-07T01:00:00+02:00,BE-TSO-0001,21X-BE-A-A0A0A-Y,Fluxys Belgium,FNC-00034,Final consumers (BE) (Fluxys) Industrial clients L-zone,21Y000000000045A,entry,kWh/h,No injection in transmission network from Industiral clients,,,2025-02-20T13:19:03+01:00,,,,,,,,1,2021-10-01T01:00:00+02:00,,,,,
1Physical FlowhourBE-TSO-0001FNC-00034entrykWh/h2021-10-01T01:00:00Z2021-11-01T01:00:00Z_NA142,1,Physical Flow,hour,2021-10-07T01:00:00+02:00,2021-10-07T02:00:00+02:00,BE-TSO-0001,21X-BE-A-A0A0A-Y,Fluxys Belgium,FNC-00034,Final consumers (BE) (Fluxys) Industrial clients L-zone,21Y000000000045A,entry,kWh/h,No injection in transmission network from Industiral clients,,,2025-02-20T13:19:03+01:00,,,,,,,,1,2021-10-01T01:00:00+02:00,,,,,
1Physical FlowhourBE-TSO-0001FNC-00034entrykWh/h2021-10-01T01:00:00Z2021-11-01T01:00:00Z_NA143,1,Physical Flow,hour,2021-10-07T02:00:00+02:00,2021-10-07T03:00:00+02:00,BE-TSO-0001,21X-BE-A-A0A0A-Y,Fluxys Belgium,FNC-00034,Final consumers (BE) (Fluxys) Industrial clients L-zone,21Y000000000045A,entry,kWh/h,No injection in transmission network from Industiral clients,,,2025-02-20T13:19:03+01:00,,,,,,,,1,2021-10-01T01:00:00+02:00,,,,,
1Physical FlowhourBE-TSO-0001FNC-00034entrykWh/h2021-10-01T01:00:00Z2021-11-01T01:00:00Z_NA144,1,Physical Flow,hour,2021-10-07T03:00:00+02:00,2021-10-07T04:00:00+02:00,BE-TSO-0001,21X-BE-A-A0A0A-Y,Fluxys Belgium,FNC-00034,Final consumers (BE) (Fluxys) Industrial clients L-zone,21Y000000000045A,entry,kWh/h,No injection in transmission network from Industiral clients,,,2025-02-20T13:19:03+01:00,,,,,,,,1,2021-10-01T01:00:00+02:00,,,,,
1Physical FlowhourBE-TSO-0001FNC-00034entrykWh/h2021-10-01T01:00:00Z2021-11-01T01:00:00Z_NA145,1,Physical Flow,hour,2021-10-07T04:00:00+02:00,2021-10-07T05:00:00+02:00,BE-TSO-0001,21X-BE-A-A0A0A-Y,Fluxys Belgium,FNC-00034,Final consumers (BE) (Fluxys) Industrial clients L-zone,21Y000000000045A,entry,kWh/h,No injection in transmission network from Industiral clients,,,2025-02-20T13:19:03+01:00,,,,,,,,1,2021-10-01T01:00:00+02:00,,,,,
1Physical FlowhourBE-TSO-0001FNC-00034entrykWh/h2021-10-01T01:00:00Z2021-11-01T01:00:00Z_NA146,1,Physical Flow,hour,2021-10-07T05:00:00+02:00,2021-10-07T06:00:00+02:00,BE-TSO-0001,21X-BE-A-A0A0A-Y,Fluxys Belgium,FNC-00034,Final consumers (BE) (Fluxys) Industrial clients L-zone,21Y000000000045A,entry,kWh/h,No injection in transmission network from Industiral clients,,,2025-02-20T13:19:03+01:00,,,,,,,,1,2021-10-01T01:00:00+02:00,,,,,
1Physical FlowhourBE-TSO-0001FNC-00034entrykWh/h2021-10-01T01:00:00Z2021-11-01T01:00:00Z_NA147,1,Physical Flow,hour,2021-10-07T06:00:00+02:00,2021-10-07T07:00:00+02:00,BE-TSO-0001,21X-BE-A-A0A0A-Y,Fluxys Belgium,FNC-00034,Final consumers (BE) (Fluxys) Industrial clients L-zone,21Y000000000045A,entry,kWh/h,No injection in transmission network from Industiral clients,,,2025-02-20T13:19:03+01:00,,,,,,,,1,2021-10-01T01:00:00+02:00,,,,,
1Physical FlowhourBE-TSO-0001FNC-00034entrykWh/h2021-10-01T01:00:00Z2021-11-01T01:00:00Z_NA148,1,Physical Flow,hour,2021-10-07T07:00:00+02:00,2021-10-07T08:00:00+02:00,BE-TSO-0001,21X-BE-A-A0A0A-Y,Fluxys Belgium,FNC-00034,Final consumers (BE) (Fluxys) Industrial clients L-zone,21Y000000000045A,entry,kWh/h,No injection in transmission network from Industiral clients,,,2025-02-20T13:19:03+01:00,,,,,,,,1,2021-10-01T01:00:00+02:00,,,,,
1Physical FlowhourBE-TSO-0001FNC-00034entrykWh/h2021-10-01T01:00:00Z2021-11-01T01:00:00Z_NA149,1,Physical Flow,hour,2021-10-07T08:00:00+02:00,2021-10-07T09:00:00+02:00,BE-TSO-0001,21X-BE-A-A0A0A-Y,Fluxys Belgium,FNC-00034,Final consumers (BE) (Fluxys) Industrial clients L-zone,21Y000000000045A,entry,kWh/h,No injection in transmission network from Industiral clients,,,2025-02-20T13:19:03+01:00,,,,,,,,1,2021-10-01T01:00:00+02:00,,,,,
1Physical FlowhourBE-TSO-0001FNC-00034entrykWh/h2021-10-01T01:00:00Z2021-11-01T01:00:00Z_NA150,1,Physical Flow,hour,2021-10-07T09:00:00+02:00,2021-10-07T10:00:00+02:00,BE-TSO-0001,21X-BE-A-A0A0A-Y,Fluxys Belgium,FNC-00034,Final consumers (BE) (Fluxys) Industrial clients L-zone,21Y000000000045A,entry,kWh/h,No injection in transmission network from Industiral clients,,,2025-02-20T13:19:03+01:00,,,,,,,,1,2021-10-01T01:00:00+02:00,,,,,
1Physical FlowhourBE-TSO-0001FNC-00034entrykWh/h2021-10-01T01:00:00Z2021-11-01T01:00:00Z_NA151,1,Physical Flow,hour,2021-10-07T10:00:00+02:00,2021-10-07T11:00:00+02:00,BE-TSO-0001,21X-BE-A-A0A0A-Y,Fluxys Belgium,FNC-00034,Final consumers (BE) (Fluxys) Industrial clients L-zone,21Y000000000045A,entry,kWh/h,No injection in transmission network from Industiral clients,,,2025-02-20T13:19:03+01:00,,,,,,,,1,2021-10-01T01:00:00+02:00,,,,,
1Physical FlowhourBE-TSO-0001FNC-00034entrykWh/h2021-10-01T01:00:00Z2021-11-01T01:00:00Z_NA152,1,Physical Flow,hour,2021-10-07T11:00:00+02:00,2021-10-07T12:00:00+02:00,BE-TSO-0001,21X-BE-A-A0A0A-Y,Fluxys Belgium,FNC-00034,Final consumers (BE) (Fluxys) Industrial clients L-zone,21Y000000000045A,entry,kWh/h,No injection in transmission network from Industiral clients,,,2025-02-20T13:19:03+01:00,,,,,,,,1,2021-10-01T01:00:00+02:00,,,,,
1Physical FlowhourBE-TSO-0001FNC-00034entrykWh/h2021-10-01T01:00:00Z2021-11-01T01:00:00Z_NA153,1,Physical Flow,hour,2021-10-07T12:00:00+02:00,2021-10-07T13:00:00+02:00,BE-TSO-0001,21X-BE-A-A0A0A-Y,Fluxys Belgium,FNC-00034,Final consumers (BE) (Fluxys) Industrial clients L-zone,21Y000000000045A,entry,kWh/h,No injection in transmission network from Industiral clients,,,2025-02-20T13:19:03+01:00,,,,,,,,1,2021-10-01T01:00:00+02:00,,,,,
1Physical FlowhourBE-TSO-0001FNC-00034entrykWh/h2021-10-01T01:00:00Z2021-11-01T01:00:00Z_NA154,1,Physical Flow,hour,2021-10-07T13:00:00+02:00,2021-10-07T14:00:00+02:00,BE-TSO-0001,21X-BE-A-A0A0A-Y,Fluxys Belgium,FNC-00034,Final consumers (BE) (Fluxys) Industrial clients L-zone,21Y000000000045A,entry,kWh/h,No injection in transmission network from Industiral clients,,,2025-02-20T13:19:03+01:00,,,,,,,,1,2021-10-01T01:00:00+02:00,,,,,
1Physical FlowhourBE-TSO-0001FNC-00034entrykWh/h2021-10-01T01:00:00Z2021-11-01T01:00:00Z_NA155,1,Physical Flow,hour,2021-10-07T14:00:00+02:00,2021-10-07T15:00:00+02:00,BE-TSO-0001,21X-BE-A-A0A0A-Y,Fluxys Belgium,FNC-00034,Final consumers (BE) (Fluxys) Industrial clients L-zone,21Y000000000045A,entry,kWh/h,No injection in transmission network from Industiral clients,,,2025-02-20T13:19:03+01:00,,,,,,,,1,2021-10-01T01:00:00+02:00,,,,,
1Physical FlowhourBE-TSO-0001FNC-00034entrykWh/h2021-10-01T01:00:00Z2021-11-01T01:00:00Z_NA156,1,Physical Flow,hour,2021-10-07T15:00:00+02:00,2021-10-07T16:00:00+02:00,BE-TSO-0001,21X-BE-A-A0A0A-Y,Fluxys Belgium,FNC-00034,Final consumers (BE) (Fluxys) Industrial clients L-zone,21Y000000000045A,entry,kWh/h,No injection in transmission network from Industiral clients,,,2025-02-20T13:19:03+01:00,,,,,,,,1,2021-10-01T01:00:00+02:00,,,,,
1Physical FlowhourBE-TSO-0001FNC-00034entrykWh/h2021-10-01T01:00:00Z2021-11-01T01:00:00Z_NA157,1,Physical Flow,hour,2021-10-07T16:00:00+02:00,2021-10-07T17:00:00+02:00,BE-TSO-0001,21X-BE-A-A0A0A-Y,Fluxys Belgium,FNC-00034,Final consumers (BE) (Fluxys) Industrial clients L-zone,21Y000000000045A,entry,kWh/h,No injection in transmission network from Industiral clients,,,2025-02-20T13:19:03+01:00,,,,,,,,1,2021-10-01T01:00:00+02:00,,,,,
1Physical FlowhourBE-TSO-0001FNC-00034entrykWh/h2021-10-01T01:00:00Z2021-11-01T01:00:00Z_NA158,1,Physical Flow,hour,2021-10-07T17:00:00+02:00,2021-10-07T18:00:00+02:00,BE-TSO-0001,21X-BE-A-A0A0A-Y,Fluxys Belgium,FNC-00034,Final consumers (BE) (Fluxys) Industrial clients L-zone,21Y000000000045A,entry,kWh/h,No injection in transmission network from Industiral clients,,,2025-02-20T13:19:03+01:00,,,,,,,,1,2021-10-01T01:00:00+02:00,,,,,
1Physical FlowhourBE-TSO-0001FNC-00034entrykWh/h2021-10-01T01:00:00Z2021-11-01T01:00:00Z_NA159,1,Physical Flow,hour,2021-10-07T18:00:00+02:00,2021-10-07T19:00:00+02:00,BE-TSO-0001,21X-BE-A-A0A0A-Y,Fluxys Belgium,FNC-00034,Final consumers (BE) (Fluxys) Industrial clients L-zone,21Y000000000045A,entry,kWh/h,No injection in transmission network from Industiral clients,,,2025-02-20T13:19:03+01:00,,,,,,,,1,2021-10-01T01:00:00+02:00,,,,,
1Physical FlowhourBE-TSO-0001FNC-00034entrykWh/h2021-10-01T01:00:00Z2021-11-01T01:00:00Z_NA160,1,Physical Flow,hour,2021-10-07T19:00:00+02:00,2021-10-07T20:00:00+02:00,BE-TSO-0001,21X-BE-A-A0A0A-Y,Fluxys Belgium,FNC-00034,Final consumers (BE) (Fluxys) Industrial clients L-zone,21Y000000000045A,entry,kWh/h,No injection in transmission network from Industiral clients,,,2025-02-20T13:19:03+01:00,,,,,,,,1,2021-10-01T01:00:00+02:00,,,,,
1Physical FlowhourBE-TSO-0001FNC-00034entrykWh/h2021-10-01T01:00:00Z2021-11-01T01:00:00Z_NA161,1,Physical Flow,hour,2021-10-07T20:00:00+02:00,2021-10-07T21:00:00+02:00,BE-TSO-0001,21X-BE-A-A0A0A-Y,Fluxys Belgium,FNC-00034,Final consumers (BE) (Fluxys) Industrial clients L-zone,21Y000000000045A,entry,kWh/h,No injection in transmission network from Industiral clients,,,2025-02-20T13:19:03+01:00,,,,,,,,1,2021-10-01T01:00:00+02:00,,,,,
1Physical FlowhourBE-TSO-0001FNC-00034entrykWh/h2021-10-01T01:00:00Z2021-11-01T01:00:00Z_NA162,1,Physical Flow,hour,2021-10-07T21:00:00+02:00,2021-10-07T22:00:00+02:00,BE-TSO-0001,21X-BE-A-A0A0A-Y,Fluxys Belgium,FNC-00034,Final consumers (BE) (Fluxys) Industrial clients L-zone,21Y000000000045A,entry,kWh/h,No injection in transmission network from Industiral clients,,,2025-02-20T13:19:03+01:00,,,,,,,,1,2021-10-01T01:00:00+02:00,,,,,
1Physical FlowhourBE-TSO-0001FNC-00034entrykWh/h2021-10-01T01:00:00Z2021-11-01T01:00:00Z_NA163,1,Physical Flow,hour,2021-10-07T22:00:00+02:00,2021-10-07T23:00:00+02:00,BE-TSO-0001,21X-BE-A-A0A0A-Y,Fluxys Belgium,FNC-00034,Final consumers (BE) (Fluxys) Industrial clients L-zone,21Y000000000045A,entry,kWh/h,No injection in transmission network from Industiral clients,,,2025-02-20T13:19:03+01:00,,,,,,,,1,2021-10-01T01:00:00+02:00,,,,,
1Physical FlowhourBE-TSO-0001FNC-00034entrykWh/h2021-10-01T01:00:00Z2021-11-01T01:00:00Z_NA164,1,Physical Flow,hour,2021-10-07T23:00:00+02:00,2021-10-08T00:00:00+02:00,BE-TSO-0001,21X-BE-A-A0A0A-Y,Fluxys Belgium,FNC-00034,Final consumers (BE) (Fluxys) Industrial clients L-zone,21Y000000000045A,entry,kWh/h,No injection in transmission network from Industiral clients,,,2025-02-20T13:19:03+01:00,,,,,,,,1,2021-10-01T01:00:00+02:00,,,,,
1Physical FlowhourBE-TSO-0001FNC-00034entrykWh/h2021-10-01T01:00:00Z2021-11-01T01:00:00Z_NA165,1,Physical Flow,hour,2021-10-08T00:00:00+02:00,2021-10-08T01:00:00+02:00,BE-TSO-0001,21X-BE-A-A0A0A-Y,Fluxys Belgium,FNC-00034,Final consumers (BE) (Fluxys) Industrial clients L-zone,21Y000000000045A,entry,kWh/h,No injection in transmission network from Industiral clients,,,2025-02-20T13:19:03+01:00,,,,,,,,1,2021-10-01T01:00:00+02:00,,,,,
1Physical FlowhourBE-TSO-0001FNC-00034entrykWh/h2021-10-01T01:00:00Z2021-11-01T01:00:00Z_NA166,1,Physical Flow,hour,2021-10-08T01:00:00+02:00,2021-10-08T02:00:00+02:00,BE-TSO-0001,21X-BE-A-A0A0A-Y,Fluxys Belgium,FNC-00034,Final consumers (BE) (Fluxys) Industrial clients L-zone,21Y000000000045A,entry,kWh/h,No injection in transmission network from Industiral clients,,,2025-02-20T13:19:03+01:00,,,,,,,,1,2021-10-01T01:00:00+02:00,,,,,
1Physical FlowhourBE-TSO-0001FNC-00034entrykWh/h2021-10-01T01:00:00Z2021-11-01T01:00:00Z_NA167,1,Physical Flow,hour,2021-10-08T02:00:00+02:00,2021-10-08T03:00:00+02:00,BE-TSO-0001,21X-BE-A-A0A0A-Y,Fluxys Belgium,FNC-00034,Final consumers (BE) (Fluxys) Industrial clients L-zone,21Y000000000045A,entry,kWh/h,No injection in transmission network from Industiral clients,,,2025-02-20T13:19:03+01:00,,,,,,,,1,2021-10-01T01:00:00+02:00,,,,,
1Physical FlowhourBE-TSO-0001FNC-00034entrykWh/h2021-10-01T01:00:00Z2021-11-01T01:00:00Z_NA168,1,Physical Flow,hour,2021-10-08T03:00:00+02:00,2021-10-08T04:00:00+02:00,BE-TSO-0001,21X-BE-A-A0A0A-Y,Fluxys Belgium,FNC-00034,Final consumers (BE) (Fluxys) Industrial clients L-zone,21Y000000000045A,entry,kWh/h,No injection in transmission network from Industiral clients,,,2025-02-20T13:19:03+01:00,,,,,,,,1,2021-10-01T01:00:00+02:00,,,,,
1Physical FlowhourBE-TSO-0001FNC-00034entrykWh/h2021-10-01T01:00:00Z2021-11-01T01:00:00Z_NA169,1,Physical Flow,hour,2021-10-08T04:00:00+02:00,2021-10-08T05:00:00+02:00,BE-TSO-0001,21X-BE-A-A0A0A-Y,Fluxys Belgium,FNC-00034,Final consumers (BE) (Fluxys) Industrial clients L-zone,21Y000000000045A,entry,kWh/h,No injection in transmission network from Industiral clients,,,2025-02-20T13:19:03+01:00,,,,,,,,1,2021-10-01T01:00:00+02:00,,,,,
1Physical FlowhourBE-TSO-0001FNC-00034entrykWh/h2021-10-01T01:00:00Z2021-11-01T01:00:00Z_NA170,1,Physical Flow,hour,2021-10-08T05:00:00+02:00,2021-10-08T06:00:00+02:00,BE-TSO-0001,21X-BE-A-A0A0A-Y,Fluxys Belgium,FNC-00034,Final consumers (BE) (Fluxys) Industrial clients L-zone,21Y000000000045A,entry,kWh/h,No injection in transmission network from Industiral clients,,,2025-02-20T13:19:03+01:00,,,,,,,,1,2021-10-01T01:00:00+02:00,,,,,
1Physical FlowhourBE-TSO-0001FNC-00034entrykWh/h2021-10-01T01:00:00Z2021-11-01T01:00:00Z_NA171,1,Physical Flow,hour,2021-10-08T06:00:00+02:00,2021-10-08T07:00:00+02:00,BE-TSO-0001,21X-BE-A-A0A0A-Y,Fluxys Belgium,FNC-00034,Final consumers (BE) (Fluxys) Industrial clients L-zone,21Y000000000045A,entry,kWh/h,No injection in transmission network from Industiral clients,,,2025-02-20T13:19:03+01:00,,,,,,,,1,2021-10-01T01:00:00+02:00,,,,,
1Physical FlowhourBE-TSO-0001FNC-00034entrykWh/h2021-10-01T01:00:00Z2021-11-01T01:00:00Z_NA172,1,Physical Flow,hour,2021-10-08T07:00:00+02:00,2021-10-08T08:00:00+02:00,BE-TSO-0001,21X-BE-A-A0A0A-Y,Fluxys Belgium,FNC-00034,Final consumers (BE) (Fluxys) Industrial clients L-zone,21Y000000000045A,entry,kWh/h,No injection in transmission network from Industiral clients,,,2025-02-20T13:19:03+01:00,,,,,,,,1,2021-10-01T01:00:00+02:00,,,,,
1Physical FlowhourBE-TSO-0001FNC-00034entrykWh/h2021-10-01T01:00:00Z2021-11-01T01:00:00Z_NA173,1,Physical Flow,hour,2021-10-08T08:00:00+02:00,2021-10-08T09:00:00+02:00,BE-TSO-0001,21X-BE-A-A0A0A-Y,Fluxys Belgium,FNC-00034,Final consumers (BE) (Fluxys) Industrial clients L-zone,21Y000000000045A,entry,kWh/h,No injection in transmission network from Industiral clients,,,2025-02-20T13:19:03+01:00,,,,,,,,1,2021-10-01T01:00:00+02:00,,,,,
1Physical FlowhourBE-TSO-0001FNC-00034entrykWh/h2021-10-01T01:00:00Z2021-11-01T01:00:00Z_NA174,1,Physical Flow,hour,2021-10-08T09:00:00+02:00,2021-10-08T10:00:00+02:00,BE-TSO-0001,21X-BE-A-A0A0A-Y,Fluxys Belgium,FNC-00034,Final consumers (BE) (Fluxys) Industrial clients L-zone,21Y000000000045A,entry,kWh/h,No injection in transmission network from Industiral clients,,,2025-02-20T13:19:03+01:00,,,,,,,,1,2021-10-01T01:00:00+02:00,,,,,
1Physical FlowhourBE-TSO-0001FNC-00034entrykWh/h2021-10-01T01:00:00Z2021-11-01T01:00:00Z_NA175,1,Physical Flow,hour,2021-10-08T10:00:00+02:00,2021-10-08T11:00:00+02:00,BE-TSO-0001,21X-BE-A-A0A0A-Y,Fluxys Belgium,FNC-00034,Final consumers (BE) (Fluxys) Industrial clients L-zone,21Y000000000045A,entry,kWh/h,No injection in transmission network from Industiral clients,,,2025-02-20T13:19:03+01:00,,,,,,,,1,2021-10-01T01:00:00+02:00,,,,,
1Physical FlowhourBE-TSO-0001FNC-00034entrykWh/h2021-10-01T01:00:00Z2021-11-01T01:00:00Z_NA176,1,Physical Flow,hour,2021-10-08T11:00:00+02:00,2021-10-08T12:00:00+02:00,BE-TSO-0001,21X-BE-A-A0A0A-Y,Fluxys Belgium,FNC-00034,Final consumers (BE) (Fluxys) Industrial clients L-zone,21Y000000000045A,entry,kWh/h,No injection in transmission network from Industiral clients,,,2025-02-20T13:19:03+01:00,,,,,,,,1,2021-10-01T01:00:00+02:00,,,,,
1Physical FlowhourBE-TSO-0001FNC-00034entrykWh/h2021-10-01T01:00:00Z2021-11-01T01:00:00Z_NA177,1,Physical Flow,hour,2021-10-08T12:00:00+02:00,2021-10-08T13:00:00+02:00,BE-TSO-0001,21X-BE-A-A0A0A-Y,Fluxys Belgium,FNC-00034,Final consumers (BE) (Fluxys) Industrial clients L-zone,21Y000000000045A,entry,kWh/h,No injection in transmission network from Industiral clients,,,2025-02-20T13:19:03+01:00,,,,,,,,1,2021-10-01T01:00:00+02:00,,,,,
1Physical FlowhourBE-TSO-0001FNC-00034entrykWh/h2021-10-01T01:00:00Z2021-11-01T01:00:00Z_NA178,1,Physical Flow,hour,2021-10-08T13:00:00+02:00,2021-10-08T14:00:00+02:00,BE-TSO-0001,21X-BE-A-A0A0A-Y,Fluxys Belgium,FNC-00034,Final consumers (BE) (Fluxys) Industrial clients L-zone,21Y000000000045A,entry,kWh/h,No injection in transmission network from Industiral clients,,,2025-02-20T13:19:03+01:00,,,,,,,,1,2021-10-01T01:00:00+02:00,,,,,
1Physical FlowhourBE-TSO-0001FNC-00034entrykWh/h2021-10-01T01:00:00Z2021-11-01T01:00:00Z_NA179,1,Physical Flow,hour,2021-10-08T14:00:00+02:00,2021-10-08T15:00:00+02:00,BE-TSO-0001,21X-BE-A-A0A0A-Y,Fluxys Belgium,FNC-00034,Final consumers (BE) (Fluxys) Industrial clients L-zone,21Y000000000045A,entry,kWh/h,No injection in transmission network from Industiral clients,,,2025-02-20T13:19:03+01:00,,,,,,,,1,2021-10-01T01:00:00+02:00,,,,,
1Physical FlowhourBE-TSO-0001FNC-00034entrykWh/h2021-10-01T01:00:00Z2021-11-01T01:00:00Z_NA180,1,Physical Flow,hour,2021-10-08T15:00:00+02:00,2021-10-08T16:00:00+02:00,BE-TSO-0001,21X-BE-A-A0A0A-Y,Fluxys Belgium,FNC-00034,Final consumers (BE) (Fluxys) Industrial clients L-zone,21Y000000000045A,entry,kWh/h,No injection in transmission network from Industiral clients,,,2025-02-20T13:19:03+01:00,,,,,,,,1,2021-10-01T01:00:00+02:00,,,,,
1Physical FlowhourBE-TSO-0001FNC-00034entrykWh/h2021-10-01T01:00:00Z2021-11-01T01:00:00Z_NA181,1,Physical Flow,hour,2021-10-08T16:00:00+02:00,2021-10-08T17:00:00+02:00,BE-TSO-0001,21X-BE-A-A0A0A-Y,Fluxys Belgium,FNC-00034,Final consumers (BE) (Fluxys) Industrial clients L-zone,21Y000000000045A,entry,kWh/h,No injection in transmission network from Industiral clients,,,2025-02-20T13:19:03+01:00,,,,,,,,1,2021-10-01T01:00:00+02:00,,,,,
1Physical FlowhourBE-TSO-0001FNC-00034entrykWh/h2021-10-01T01:00:00Z2021-11-01T01:00:00Z_NA182,1,Physical Flow,hour,2021-10-08T17:00:00+02:00,2021-10-08T18:00:00+02:00,BE-TSO-0001,21X-BE-A-A0A0A-Y,Fluxys Belgium,FNC-00034,Final consumers (BE) (Fluxys) Industrial clients L-zone,21Y000000000045A,entry,kWh/h,No injection in transmission network from Industiral clients,,,2025-02-20T13:19:03+01:00,,,,,,,,1,2021-10-01T01:00:00+02:00,,,,,
1Physical FlowhourBE-TSO-0001FNC-00034entrykWh/h2021-10-01T01:00:00Z2021-11-01T01:00:00Z_NA183,1,Physical Flow,hour,2021-10-08T18:00:00+02:00,2021-10-08T19:00:00+02:00,BE-TSO-0001,21X-BE-A-A0A0A-Y,Fluxys Belgium,FNC-00034,Final consumers (BE) (Fluxys) Industrial clients L-zone,21Y000000000045A,entry,kWh/h,No injection in transmission network from Industiral clients,,,2025-02-20T13:19:03+01:00,,,,,,,,1,2021-10-01T01:00:00+02:00,,,,,
1Physical FlowhourBE-TSO-0001FNC-00034entrykWh/h2021-10-01T01:00:00Z2021-11-01T01:00:00Z_NA184,1,Physical Flow,hour,2021-10-08T19:00:00+02:00,2021-10-08T20:00:00+02:00,BE-TSO-0001,21X-BE-A-A0A0A-Y,Fluxys Belgium,FNC-00034,Final consumers (BE) (Fluxys) Industrial clients L-zone,21Y000000000045A,entry,kWh/h,No injection in transmission network from Industiral clients,,,2025-02-20T13:19:03+01:00,,,,,,,,1,2021-10-01T01:00:00+02:00,,,,,
1Physical FlowhourBE-TSO-0001FNC-00034entrykWh/h2021-10-01T01:00:00Z2021-11-01T01:00:00Z_NA185,1,Physical Flow,hour,2021-10-08T20:00:00+02:00,2021-10-08T21:00:00+02:00,BE-TSO-0001,21X-BE-A-A0A0A-Y,Fluxys Belgium,FNC-00034,Final consumers (BE) (Fluxys) Industrial clients L-zone,21Y000000000045A,entry,kWh/h,No injection in transmission network from Industiral clients,,,2025-02-20T13:19:03+01:00,,,,,,,,1,2021-10-01T01:00:00+02:00,,,,,
1Physical FlowhourBE-TSO-0001FNC-00034entrykWh/h2021-10-01T01:00:00Z2021-11-01T01:00:00Z_NA186,1,Physical Flow,hour,2021-10-08T21:00:00+02:00,2021-10-08T22:00:00+02:00,BE-TSO-0001,21X-BE-A-A0A0A-Y,Fluxys Belgium,FNC-00034,Final consumers (BE) (Fluxys) Industrial clients L-zone,21Y000000000045A,entry,kWh/h,No injection in transmission network from Industiral clients,,,2025-02-20T13:19:03+01:00,,,,,,,,1,2021-10-01T01:00:00+02:00,,,,,
1Physical FlowhourBE-TSO-0001FNC-00034entrykWh/h2021-10-01T01:00:00Z2021-11-01T01:00:00Z_NA187,1,Physical Flow,hour,2021-10-08T22:00:00+02:00,2021-10-08T23:00:00+02:00,BE-TSO-0001,21X-BE-A-A0A0A-Y,Fluxys Belgium,FNC-00034,Final consumers (BE) (Fluxys) Industrial clients L-zone,21Y000000000045A,entry,kWh/h,No injection in transmission network from Industiral clients,,,2025-02-20T13:19:03+01:00,,,,,,,,1,2021-10-01T01:00:00+02:00,,,,,
1Physical FlowhourBE-TSO-0001FNC-00034entrykWh/h2021-10-01T01:00:00Z2021-11-01T01:00:00Z_NA188,1,Physical Flow,hour,2021-10-08T23:00:00+02:00,2021-10-09T00:00:00+02:00,BE-TSO-0001,21X-BE-A-A0A0A-Y,Fluxys Belgium,FNC-00034,Final consumers (BE) (Fluxys) Industrial clients L-zone,21Y000000000045A,entry,kWh/h,No injection in transmission network from Industiral clients,,,2025-02-20T13:19:03+01:00,,,,,,,,1,2021-10-01T01:00:00+02:00,,,,,
1Physical FlowhourBE-TSO-0001FNC-00034entrykWh/h2021-10-01T01:00:00Z2021-11-01T01:00:00Z_NA189,1,Physical Flow,hour,2021-10-09T00:00:00+02:00,2021-10-09T01:00:00+02:00,BE-TSO-0001,21X-BE-A-A0A0A-Y,Fluxys Belgium,FNC-00034,Final consumers (BE) (Fluxys) Industrial clients L-zone,21Y000000000045A,entry,kWh/h,No injection in transmission network from Industiral clients,,,2025-02-20T13:19:03+01:00,,,,,,,,1,2021-10-01T01:00:00+02:00,,,,,
1Physical FlowhourBE-TSO-0001FNC-00034entrykWh/h2021-10-01T01:00:00Z2021-11-01T01:00:00Z_NA190,1,Physical Flow,hour,2021-10-09T01:00:00+02:00,2021-10-09T02:00:00+02:00,BE-TSO-0001,21X-BE-A-A0A0A-Y,Fluxys Belgium,FNC-00034,Final consumers (BE) (Fluxys) Industrial clients L-zone,21Y000000000045A,entry,kWh/h,No injection in transmission network from Industiral clients,,,2025-02-20T13:19:03+01:00,,,,,,,,1,2021-10-01T01:00:00+02:00,,,,,
1Physical FlowhourBE-TSO-0001FNC-00034entrykWh/h2021-10-01T01:00:00Z2021-11-01T01:00:00Z_NA191,1,Physical Flow,hour,2021-10-09T02:00:00+02:00,2021-10-09T03:00:00+02:00,BE-TSO-0001,21X-BE-A-A0A0A-Y,Fluxys Belgium,FNC-00034,Final consumers (BE) (Fluxys) Industrial clients L-zone,21Y000000000045A,entry,kWh/h,No injection in transmission network from Industiral clients,,,2025-02-20T13:19:03+01:00,,,,,,,,1,2021-10-01T01:00:00+02:00,,,,,
1Physical FlowhourBE-TSO-0001FNC-00034entrykWh/h2021-10-01T01:00:00Z2021-11-01T01:00:00Z_NA192,1,Physical Flow,hour,2021-10-09T03:00:00+02:00,2021-10-09T04:00:00+02:00,BE-TSO-0001,21X-BE-A-A0A0A-Y,Fluxys Belgium,FNC-00034,Final consumers (BE) (Fluxys) Industrial clients L-zone,21Y000000000045A,entry,kWh/h,No injection in transmission network from Industiral clients,,,2025-02-20T13:19:03+01:00,,,,,,,,1,2021-10-01T01:00:00+02:00,,,,,
1Physical FlowhourBE-TSO-0001FNC-00034entrykWh/h2021-10-01T01:00:00Z2021-11-01T01:00:00Z_NA193,1,Physical Flow,hour,2021-10-09T04:00:00+02:00,2021-10-09T05:00:00+02:00,BE-TSO-0001,21X-BE-A-A0A0A-Y,Fluxys Belgium,FNC-00034,Final consumers (BE) (Fluxys) Industrial clients L-zone,21Y000000000045A,entry,kWh/h,No injection in transmission network from Industiral clients,,,2025-02-20T13:19:03+01:00,,,,,,,,1,2021-10-01T01:00:00+02:00,,,,,
1Physical FlowhourBE-TSO-0001FNC-00034entrykWh/h2021-10-01T01:00:00Z2021-11-01T01:00:00Z_NA194,1,Physical Flow,hour,2021-10-09T05:00:00+02:00,2021-10-09T06:00:00+02:00,BE-TSO-0001,21X-BE-A-A0A0A-Y,Fluxys Belgium,FNC-00034,Final consumers (BE) (Fluxys) Industrial clients L-zone,21Y000000000045A,entry,kWh/h,No injection in transmission network from Industiral clients,,,2025-02-20T13:19:03+01:00,,,,,,,,1,2021-10-01T01:00:00+02:00,,,,,
1Physical FlowhourBE-TSO-0001FNC-00034entrykWh/h2021-10-01T01:00:00Z2021-11-01T01:00:00Z_NA195,1,Physical Flow,hour,2021-10-09T06:00:00+02:00,2021-10-09T07:00:00+02:00,BE-TSO-0001,21X-BE-A-A0A0A-Y,Fluxys Belgium,FNC-00034,Final consumers (BE) (Fluxys) Industrial clients L-zone,21Y000000000045A,entry,kWh/h,No injection in transmission network from Industiral clients,,,2025-02-20T13:19:03+01:00,,,,,,,,1,2021-10-01T01:00:00+02:00,,,,,
1Physical FlowhourBE-TSO-0001FNC-00034entrykWh/h2021-10-01T01:00:00Z2021-11-01T01:00:00Z_NA196,1,Physical Flow,hour,2021-10-09T07:00:00+02:00,2021-10-09T08:00:00+02:00,BE-TSO-0001,21X-BE-A-A0A0A-Y,Fluxys Belgium,FNC-00034,Final consumers (BE) (Fluxys) Industrial clients L-zone,21Y000000000045A,entry,kWh/h,No injection in transmission network from Industiral clients,,,2025-02-20T13:19:03+01:00,,,,,,,,1,2021-10-01T01:00:00+02:00,,,,,
1Physical FlowhourBE-TSO-0001FNC-00034entrykWh/h2021-10-01T01:00:00Z2021-11-01T01:00:00Z_NA197,1,Physical Flow,hour,2021-10-09T08:00:00+02:00,2021-10-09T09:00:00+02:00,BE-TSO-0001,21X-BE-A-A0A0A-Y,Fluxys Belgium,FNC-00034,Final consumers (BE) (Fluxys) Industrial clients L-zone,21Y000000000045A,entry,kWh/h,No injection in transmission network from Industiral clients,,,2025-02-20T13:19:03+01:00,,,,,,,,1,2021-10-01T01:00:00+02:00,,,,,
1Physical FlowhourBE-TSO-0001FNC-00034entrykWh/h2021-10-01T01:00:00Z2021-11-01T01:00:00Z_NA198,1,Physical Flow,hour,2021-10-09T09:00:00+02:00,2021-10-09T10:00:00+02:00,BE-TSO-0001,21X-BE-A-A0A0A-Y,Fluxys Belgium,FNC-00034,Final consumers (BE) (Fluxys) Industrial clients L-zone,21Y000000000045A,entry,kWh/h,No injection in transmission network from Industiral clients,,,2025-02-20T13:19:03+01:00,,,,,,,,1,2021-10-01T01:00:00+02:00,,,,,
1Physical FlowhourBE-TSO-0001FNC-00034entrykWh/h2021-10-01T01:00:00Z2021-11-01T01:00:00Z_NA199,1,Physical Flow,hour,2021-10-09T10:00:00+02:00,2021-10-09T11:00:00+02:00,BE-TSO-0001,21X-BE-A-A0A0A-Y,Fluxys Belgium,FNC-00034,Final consumers (BE) (Fluxys) Industrial clients L-zone,21Y000000000045A,entry,kWh/h,No injection in transmission network from Industiral clients,,,2025-02-20T13:19:03+01:00,,,,,,,,1,2021-10-01T01:00:00+02:00,,,,,
1Physical FlowhourBE-TSO-0001FNC-00034entrykWh/h2021-10-01T01:00:00Z2021-11-01T01:00:00Z_NA200,1,Physical Flow,hour,2021-10-09T11:00:00+02:00,2021-10-09T12:00:00+02:00,BE-TSO-0001,21X-BE-A-A0A0A-Y,Fluxys Belgium,FNC-00034,Final consumers (BE) (Fluxys) Industrial clients L-zone,21Y000000000045A,entry,kWh/h,No injection in transmission network from Industiral clients,,,2025-02-20T13:19:03+01:00,,,,,,,,1,2021-10-01T01:00:00+02:00,,,,,
1Physical FlowhourBE-TSO-0001FNC-00034entrykWh/h2021-10-01T01:00:00Z2021-11-01T01:00:00Z_NA201,1,Physical Flow,hour,2021-10-09T12:00:00+02:00,2021-10-09T13:00:00+02:00,BE-TSO-0001,21X-BE-A-A0A0A-Y,Fluxys Belgium,FNC-00034,Final consumers (BE) (Fluxys) Industrial clients L-zone,21Y000000000045A,entry,kWh/h,No injection in transmission network from Industiral clients,,,2025-02-20T13:19:03+01:00,,,,,,,,1,2021-10-01T01:00:00+02:00,,,,,
1Physical FlowhourBE-TSO-0001FNC-00034entrykWh/h2021-10-01T01:00:00Z2021-11-01T01:00:00Z_NA202,1,Physical Flow,hour,2021-10-09T13:00:00+02:00,2021-10-09T14:00:00+02:00,BE-TSO-0001,21X-BE-A-A0A0A-Y,Fluxys Belgium,FNC-00034,Final consumers (BE) (Fluxys) Industrial clients L-zone,21Y000000000045A,entry,kWh/h,No injection in transmission network from Industiral clients,,,2025-02-20T13:19:03+01:00,,,,,,,,1,2021-10-01T01:00:00+02:00,,,,,
1Physical FlowhourBE-TSO-0001FNC-00034entrykWh/h2021-10-01T01:00:00Z2021-11-01T01:00:00Z_NA203,1,Physical Flow,hour,2021-10-09T14:00:00+02:00,2021-10-09T15:00:00+02:00,BE-TSO-0001,21X-BE-A-A0A0A-Y,Fluxys Belgium,FNC-00034,Final consumers (BE) (Fluxys) Industrial clients L-zone,21Y000000000045A,entry,kWh/h,No injection in transmission network from Industiral clients,,,2025-02-20T13:19:03+01:00,,,,,,,,1,2021-10-01T01:00:00+02:00,,,,,
1Physical FlowhourBE-TSO-0001FNC-00034entrykWh/h2021-10-01T01:00:00Z2021-11-01T01:00:00Z_NA204,1,Physical Flow,hour,2021-10-09T15:00:00+02:00,2021-10-09T16:00:00+02:00,BE-TSO-0001,21X-BE-A-A0A0A-Y,Fluxys Belgium,FNC-00034,Final consumers (BE) (Fluxys) Industrial clients L-zone,21Y000000000045A,entry,kWh/h,No injection in transmission network from Industiral clients,,,2025-02-20T13:19:03+01:00,,,,,,,,1,2021-10-01T01:00:00+02:00,,,,,
1Physical FlowhourBE-TSO-0001FNC-00034entrykWh/h2021-10-01T01:00:00Z2021-11-01T01:00:00Z_NA205,1,Physical Flow,hour,2021-10-09T16:00:00+02:00,2021-10-09T17:00:00+02:00,BE-TSO-0001,21X-BE-A-A0A0A-Y,Fluxys Belgium,FNC-00034,Final consumers (BE) (Fluxys) Industrial clients L-zone,21Y000000000045A,entry,kWh/h,No injection in transmission network from Industiral clients,,,2025-02-20T13:19:03+01:00,,,,,,,,1,2021-10-01T01:00:00+02:00,,,,,
1Physical FlowhourBE-TSO-0001FNC-00034entrykWh/h2021-10-01T01:00:00Z2021-11-01T01:00:00Z_NA206,1,Physical Flow,hour,2021-10-09T17:00:00+02:00,2021-10-09T18:00:00+02:00,BE-TSO-0001,21X-BE-A-A0A0A-Y,Fluxys Belgium,FNC-00034,Final consumers (BE) (Fluxys) Industrial clients L-zone,21Y000000000045A,entry,kWh/h,No injection in transmission network from Industiral clients,,,2025-02-20T13:19:03+01:00,,,,,,,,1,2021-10-01T01:00:00+02:00,,,,,
1Physical FlowhourBE-TSO-0001FNC-00034entrykWh/h2021-10-01T01:00:00Z2021-11-01T01:00:00Z_NA207,1,Physical Flow,hour,2021-10-09T18:00:00+02:00,2021-10-09T19:00:00+02:00,BE-TSO-0001,21X-BE-A-A0A0A-Y,Fluxys Belgium,FNC-00034,Final consumers (BE) (Fluxys) Industrial clients L-zone,21Y000000000045A,entry,kWh/h,No injection in transmission network from Industiral clients,,,2025-02-20T13:19:03+01:00,,,,,,,,1,2021-10-01T01:00:00+02:00,,,,,
1Physical FlowhourBE-TSO-0001FNC-00034entrykWh/h2021-10-01T01:00:00Z2021-11-01T01:00:00Z_NA208,1,Physical Flow,hour,2021-10-09T19:00:00+02:00,2021-10-09T20:00:00+02:00,BE-TSO-0001,21X-BE-A-A0A0A-Y,Fluxys Belgium,FNC-00034,Final consumers (BE) (Fluxys) Industrial clients L-zone,21Y000000000045A,entry,kWh/h,No injection in transmission network from Industiral clients,,,2025-02-20T13:19:03+01:00,,,,,,,,1,2021-10-01T01:00:00+02:00,,,,,
1Physical FlowhourBE-TSO-0001FNC-00034entrykWh/h2021-10-01T01:00:00Z2021-11-01T01:00:00Z_NA209,1,Physical Flow,hour,2021-10-09T20:00:00+02:00,2021-10-09T21:00:00+02:00,BE-TSO-0001,21X-BE-A-A0A0A-Y,Fluxys Belgium,FNC-00034,Final consumers (BE) (Fluxys) Industrial clients L-zone,21Y000000000045A,entry,kWh/h,No injection in transmission network from Industiral clients,,,2025-02-20T13:19:03+01:00,,,,,,,,1,2021-10-01T01:00:00+02:00,,,,,
1Physical FlowhourBE-TSO-0001FNC-00034entrykWh/h2021-10-01T01:00:00Z2021-11-01T01:00:00Z_NA210,1,Physical Flow,hour,2021-10-09T21:00:00+02:00,2021-10-09T22:00:00+02:00,BE-TSO-0001,21X-BE-A-A0A0A-Y,Fluxys Belgium,FNC-00034,Final consumers (BE) (Fluxys) Industrial clients L-zone,21Y000000000045A,entry,kWh/h,No injection in transmission network from Industiral clients,,,2025-02-20T13:19:03+01:00,,,,,,,,1,2021-10-01T01:00:00+02:00,,,,,
1Physical FlowhourBE-TSO-0001FNC-00034entrykWh/h2021-10-01T01:00:00Z2021-11-01T01:00:00Z_NA211,1,Physical Flow,hour,2021-10-09T22:00:00+02:00,2021-10-09T23:00:00+02:00,BE-TSO-0001,21X-BE-A-A0A0A-Y,Fluxys Belgium,FNC-00034,Final consumers (BE) (Fluxys) Industrial clients L-zone,21Y000000000045A,entry,kWh/h,No injection in transmission network from Industiral clients,,,2025-02-20T13:19:03+01:00,,,,,,,,1,2021-10-01T01:00:00+02:00,,,,,
1Physical FlowhourBE-TSO-0001FNC-00034entrykWh/h2021-10-01T01:00:00Z2021-11-01T01:00:00Z_NA212,1,Physical Flow,hour,2021-10-09T23:00:00+02:00,2021-10-10T00:00:00+02:00,BE-TSO-0001,21X-BE-A-A0A0A-Y,Fluxys Belgium,FNC-00034,Final consumers (BE) (Fluxys) Industrial clients L-zone,21Y000000000045A,entry,kWh/h,No injection in transmission network from Industiral clients,,,2025-02-20T13:19:03+01:00,,,,,,,,1,2021-10-01T01:00:00+02:00,,,,,
1Physical FlowhourBE-TSO-0001FNC-00034entrykWh/h2021-10-01T01:00:00Z2021-11-01T01:00:00Z_NA213,1,Physical Flow,hour,2021-10-10T00:00:00+02:00,2021-10-10T01:00:00+02:00,BE-TSO-0001,21X-BE-A-A0A0A-Y,Fluxys Belgium,FNC-00034,Final consumers (BE) (Fluxys) Industrial clients L-zone,21Y000000000045A,entry,kWh/h,No injection in transmission network from Industiral clients,,,2025-02-20T13:19:03+01:00,,,,,,,,1,2021-10-01T01:00:00+02:00,,,,,
1Physical FlowhourBE-TSO-0001FNC-00034entrykWh/h2021-10-01T01:00:00Z2021-11-01T01:00:00Z_NA214,1,Physical Flow,hour,2021-10-10T01:00:00+02:00,2021-10-10T02:00:00+02:00,BE-TSO-0001,21X-BE-A-A0A0A-Y,Fluxys Belgium,FNC-00034,Final consumers (BE) (Fluxys) Industrial clients L-zone,21Y000000000045A,entry,kWh/h,No injection in transmission network from Industiral clients,,,2025-02-20T13:19:03+01:00,,,,,,,,1,2021-10-01T01:00:00+02:00,,,,,
1Physical FlowhourBE-TSO-0001FNC-00034entrykWh/h2021-10-01T01:00:00Z2021-11-01T01:00:00Z_NA215,1,Physical Flow,hour,2021-10-10T02:00:00+02:00,2021-10-10T03:00:00+02:00,BE-TSO-0001,21X-BE-A-A0A0A-Y,Fluxys Belgium,FNC-00034,Final consumers (BE) (Fluxys) Industrial clients L-zone,21Y000000000045A,entry,kWh/h,No injection in transmission network from Industiral clients,,,2025-02-20T13:19:03+01:00,,,,,,,,1,2021-10-01T01:00:00+02:00,,,,,
1Physical FlowhourBE-TSO-0001FNC-00034entrykWh/h2021-10-01T01:00:00Z2021-11-01T01:00:00Z_NA216,1,Physical Flow,hour,2021-10-10T03:00:00+02:00,2021-10-10T04:00:00+02:00,BE-TSO-0001,21X-BE-A-A0A0A-Y,Fluxys Belgium,FNC-00034,Final consumers (BE) (Fluxys) Industrial clients L-zone,21Y000000000045A,entry,kWh/h,No injection in transmission network from Industiral clients,,,2025-02-20T13:19:03+01:00,,,,,,,,1,2021-10-01T01:00:00+02:00,,,,,
1Physical FlowhourBE-TSO-0001FNC-00034entrykWh/h2021-10-01T01:00:00Z2021-11-01T01:00:00Z_NA217,1,Physical Flow,hour,2021-10-10T04:00:00+02:00,2021-10-10T05:00:00+02:00,BE-TSO-0001,21X-BE-A-A0A0A-Y,Fluxys Belgium,FNC-00034,Final consumers (BE) (Fluxys) Industrial clients L-zone,21Y000000000045A,entry,kWh/h,No injection in transmission network from Industiral clients,,,2025-02-20T13:19:03+01:00,,,,,,,,1,2021-10-01T01:00:00+02:00,,,,,
1Physical FlowhourBE-TSO-0001FNC-00034entrykWh/h2021-10-01T01:00:00Z2021-11-01T01:00:00Z_NA218,1,Physical Flow,hour,2021-10-10T05:00:00+02:00,2021-10-10T06:00:00+02:00,BE-TSO-0001,21X-BE-A-A0A0A-Y,Fluxys Belgium,FNC-00034,Final consumers (BE) (Fluxys) Industrial clients L-zone,21Y000000000045A,entry,kWh/h,No injection in transmission network from Industiral clients,,,2025-02-20T13:19:03+01:00,,,,,,,,1,2021-10-01T01:00:00+02:00,,,,,
1Physical FlowhourBE-TSO-0001FNC-00034entrykWh/h2021-10-01T01:00:00Z2021-11-01T01:00:00Z_NA219,1,Physical Flow,hour,2021-10-10T06:00:00+02:00,2021-10-10T07:00:00+02:00,BE-TSO-0001,21X-BE-A-A0A0A-Y,Fluxys Belgium,FNC-00034,Final consumers (BE) (Fluxys) Industrial clients L-zone,21Y000000000045A,entry,kWh/h,No injection in transmission network from Industiral clients,,,2025-02-20T13:19:03+01:00,,,,,,,,1,2021-10-01T01:00:00+02:00,,,,,
1Physical FlowhourBE-TSO-0001FNC-00034entrykWh/h2021-10-01T01:00:00Z2021-11-01T01:00:00Z_NA220,1,Physical Flow,hour,2021-10-10T07:00:00+02:00,2021-10-10T08:00:00+02:00,BE-TSO-0001,21X-BE-A-A0A0A-Y,Fluxys Belgium,FNC-00034,Final consumers (BE) (Fluxys) Industrial clients L-zone,21Y000000000045A,entry,kWh/h,No injection in transmission network from Industiral clients,,,2025-02-20T13:19:03+01:00,,,,,,,,1,2021-10-01T01:00:00+02:00,,,,,
1Physical FlowhourBE-TSO-0001FNC-00034entrykWh/h2021-10-01T01:00:00Z2021-11-01T01:00:00Z_NA221,1,Physical Flow,hour,2021-10-10T08:00:00+02:00,2021-10-10T09:00:00+02:00,BE-TSO-0001,21X-BE-A-A0A0A-Y,Fluxys Belgium,FNC-00034,Final consumers (BE) (Fluxys) Industrial clients L-zone,21Y000000000045A,entry,kWh/h,No injection in transmission network from Industiral clients,,,2025-02-20T13:19:03+01:00,,,,,,,,1,2021-10-01T01:00:00+02:00,,,,,
1Physical FlowhourBE-TSO-0001FNC-00034entrykWh/h2021-10-01T01:00:00Z2021-11-01T01:00:00Z_NA222,1,Physical Flow,hour,2021-10-10T09:00:00+02:00,2021-10-10T10:00:00+02:00,BE-TSO-0001,21X-BE-A-A0A0A-Y,Fluxys Belgium,FNC-00034,Final consumers (BE) (Fluxys) Industrial clients L-zone,21Y000000000045A,entry,kWh/h,No injection in transmission network from Industiral clients,,,2025-02-20T13:19:03+01:00,,,,,,,,1,2021-10-01T01:00:00+02:00,,,,,
1Physical FlowhourBE-TSO-0001FNC-00034entrykWh/h2021-10-01T01:00:00Z2021-11-01T01:00:00Z_NA223,1,Physical Flow,hour,2021-10-10T10:00:00+02:00,2021-10-10T11:00:00+02:00,BE-TSO-0001,21X-BE-A-A0A0A-Y,Fluxys Belgium,FNC-00034,Final consumers (BE) (Fluxys) Industrial clients L-zone,21Y000000000045A,entry,kWh/h,No injection in transmission network from Industiral clients,,,2025-02-20T13:19:03+01:00,,,,,,,,1,2021-10-01T01:00:00+02:00,,,,,
1Physical FlowhourBE-TSO-0001FNC-00034entrykWh/h2021-10-01T01:00:00Z2021-11-01T01:00:00Z_NA224,1,Physical Flow,hour,2021-10-10T11:00:00+02:00,2021-10-10T12:00:00+02:00,BE-TSO-0001,21X-BE-A-A0A0A-Y,Fluxys Belgium,FNC-00034,Final consumers (BE) (Fluxys) Industrial clients L-zone,21Y000000000045A,entry,kWh/h,No injection in transmission network from Industiral clients,,,2025-02-20T13:19:03+01:00,,,,,,,,1,2021-10-01T01:00:00+02:00,,,,,
1Physical FlowhourBE-TSO-0001FNC-00034entrykWh/h2021-10-01T01:00:00Z2021-11-01T01:00:00Z_NA225,1,Physical Flow,hour,2021-10-10T12:00:00+02:00,2021-10-10T13:00:00+02:00,BE-TSO-0001,21X-BE-A-A0A0A-Y,Fluxys Belgium,FNC-00034,Final consumers (BE) (Fluxys) Industrial clients L-zone,21Y000000000045A,entry,kWh/h,No injection in transmission network from Industiral clients,,,2025-02-20T13:19:03+01:00,,,,,,,,1,2021-10-01T01:00:00+02:00,,,,,
1Physical FlowhourBE-TSO-0001FNC-00034entrykWh/h2021-10-01T01:00:00Z2021-11-01T01:00:00Z_NA226,1,Physical Flow,hour,2021-10-10T13:00:00+02:00,2021-10-10T14:00:00+02:00,BE-TSO-0001,21X-BE-A-A0A0A-Y,Fluxys Belgium,FNC-00034,Final consumers (BE) (Fluxys) Industrial clients L-zone,21Y000000000045A,entry,kWh/h,No injection in transmission network from Industiral clients,,,2025-02-20T13:19:03+01:00,,,,,,,,1,2021-10-01T01:00:00+02:00,,,,,
1Physical FlowhourBE-TSO-0001FNC-00034entrykWh/h2021-10-01T01:00:00Z2021-11-01T01:00:00Z_NA227,1,Physical Flow,hour,2021-10-10T14:00:00+02:00,2021-10-10T15:00:00+02:00,BE-TSO-0001,21X-BE-A-A0A0A-Y,Fluxys Belgium,FNC-00034,Final consumers (BE) (Fluxys) Industrial clients L-zone,21Y000000000045A,entry,kWh/h,No injection in transmission network from Industiral clients,,,2025-02-20T13:19:03+01:00,,,,,,,,1,2021-10-01T01:00:00+02:00,,,,,
1Physical FlowhourBE-TSO-0001FNC-00034entrykWh/h2021-10-01T01:00:00Z2021-11-01T01:00:00Z_NA228,1,Physical Flow,hour,2021-10-10T15:00:00+02:00,2021-10-10T16:00:00+02:00,BE-TSO-0001,21X-BE-A-A0A0A-Y,Fluxys Belgium,FNC-00034,Final consumers (BE) (Fluxys) Industrial clients L-zone,21Y000000000045A,entry,kWh/h,No injection in transmission network from Industiral clients,,,2025-02-20T13:19:03+01:00,,,,,,,,1,2021-10-01T01:00:00+02:00,,,,,
1Physical FlowhourBE-TSO-0001FNC-00034entrykWh/h2021-10-01T01:00:00Z2021-11-01T01:00:00Z_NA229,1,Physical Flow,hour,2021-10-10T16:00:00+02:00,2021-10-10T17:00:00+02:00,BE-TSO-0001,21X-BE-A-A0A0A-Y,Fluxys Belgium,FNC-00034,Final consumers (BE) (Fluxys) Industrial clients L-zone,21Y000000000045A,entry,kWh/h,No injection in transmission network from Industiral clients,,,2025-02-20T13:19:03+01:00,,,,,,,,1,2021-10-01T01:00:00+02:00,,,,,
1Physical FlowhourBE-TSO-0001FNC-00034entrykWh/h2021-10-01T01:00:00Z2021-11-01T01:00:00Z_NA230,1,Physical Flow,hour,2021-10-10T17:00:00+02:00,2021-10-10T18:00:00+02:00,BE-TSO-0001,21X-BE-A-A0A0A-Y,Fluxys Belgium,FNC-00034,Final consumers (BE) (Fluxys) Industrial clients L-zone,21Y000000000045A,entry,kWh/h,No injection in transmission network from Industiral clients,,,2025-02-20T13:19:03+01:00,,,,,,,,1,2021-10-01T01:00:00+02:00,,,,,
1Physical FlowhourBE-TSO-0001FNC-00034entrykWh/h2021-10-01T01:00:00Z2021-11-01T01:00:00Z_NA231,1,Physical Flow,hour,2021-10-10T18:00:00+02:00,2021-10-10T19:00:00+02:00,BE-TSO-0001,21X-BE-A-A0A0A-Y,Fluxys Belgium,FNC-00034,Final consumers (BE) (Fluxys) Industrial clients L-zone,21Y000000000045A,entry,kWh/h,No injection in transmission network from Industiral clients,,,2025-02-20T13:19:03+01:00,,,,,,,,1,2021-10-01T01:00:00+02:00,,,,,
1Physical FlowhourBE-TSO-0001FNC-00034entrykWh/h2021-10-01T01:00:00Z2021-11-01T01:00:00Z_NA232,1,Physical Flow,hour,2021-10-10T19:00:00+02:00,2021-10-10T20:00:00+02:00,BE-TSO-0001,21X-BE-A-A0A0A-Y,Fluxys Belgium,FNC-00034,Final consumers (BE) (Fluxys) Industrial clients L-zone,21Y000000000045A,entry,kWh/h,No injection in transmission network from Industiral clients,,,2025-02-20T13:19:03+01:00,,,,,,,,1,2021-10-01T01:00:00+02:00,,,,,
1Physical FlowhourBE-TSO-0001FNC-00034entrykWh/h2021-10-01T01:00:00Z2021-11-01T01:00:00Z_NA233,1,Physical Flow,hour,2021-10-10T20:00:00+02:00,2021-10-10T21:00:00+02:00,BE-TSO-0001,21X-BE-A-A0A0A-Y,Fluxys Belgium,FNC-00034,Final consumers (BE) (Fluxys) Industrial clients L-zone,21Y000000000045A,entry,kWh/h,No injection in transmission network from Industiral clients,,,2025-02-20T13:19:03+01:00,,,,,,,,1,2021-10-01T01:00:00+02:00,,,,,
1Physical FlowhourBE-TSO-0001FNC-00034entrykWh/h2021-10-01T01:00:00Z2021-11-01T01:00:00Z_NA234,1,Physical Flow,hour,2021-10-10T21:00:00+02:00,2021-10-10T22:00:00+02:00,BE-TSO-0001,21X-BE-A-A0A0A-Y,Fluxys Belgium,FNC-00034,Final consumers (BE) (Fluxys) Industrial clients L-zone,21Y000000000045A,entry,kWh/h,No injection in transmission network from Industiral clients,,,2025-02-20T13:19:03+01:00,,,,,,,,1,2021-10-01T01:00:00+02:00,,,,,
1Physical FlowhourBE-TSO-0001FNC-00034entrykWh/h2021-10-01T01:00:00Z2021-11-01T01:00:00Z_NA235,1,Physical Flow,hour,2021-10-10T22:00:00+02:00,2021-10-10T23:00:00+02:00,BE-TSO-0001,21X-BE-A-A0A0A-Y,Fluxys Belgium,FNC-00034,Final consumers (BE) (Fluxys) Industrial clients L-zone,21Y000000000045A,entry,kWh/h,No injection in transmission network from Industiral clients,,,2025-02-20T13:19:03+01:00,,,,,,,,1,2021-10-01T01:00:00+02:00,,,,,
1Physical FlowhourBE-TSO-0001FNC-00034entrykWh/h2021-10-01T01:00:00Z2021-11-01T01:00:00Z_NA236,1,Physical Flow,hour,2021-10-10T23:00:00+02:00,2021-10-11T00:00:00+02:00,BE-TSO-0001,21X-BE-A-A0A0A-Y,Fluxys Belgium,FNC-00034,Final consumers (BE) (Fluxys) Industrial clients L-zone,21Y000000000045A,entry,kWh/h,No injection in transmission network from Industiral clients,,,2025-02-20T13:19:03+01:00,,,,,,,,1,2021-10-01T01:00:00+02:00,,,,,
1Physical FlowhourBE-TSO-0001FNC-00034entrykWh/h2021-10-01T01:00:00Z2021-11-01T01:00:00Z_NA237,1,Physical Flow,hour,2021-10-11T00:00:00+02:00,2021-10-11T01:00:00+02:00,BE-TSO-0001,21X-BE-A-A0A0A-Y,Fluxys Belgium,FNC-00034,Final consumers (BE) (Fluxys) Industrial clients L-zone,21Y000000000045A,entry,kWh/h,No injection in transmission network from Industiral clients,,,2025-02-20T13:19:03+01:00,,,,,,,,1,2021-10-01T01:00:00+02:00,,,,,
1Physical FlowhourBE-TSO-0001FNC-00034entrykWh/h2021-10-01T01:00:00Z2021-11-01T01:00:00Z_NA238,1,Physical Flow,hour,2021-10-11T01:00:00+02:00,2021-10-11T02:00:00+02:00,BE-TSO-0001,21X-BE-A-A0A0A-Y,Fluxys Belgium,FNC-00034,Final consumers (BE) (Fluxys) Industrial clients L-zone,21Y000000000045A,entry,kWh/h,No injection in transmission network from Industiral clients,,,2025-02-20T13:19:03+01:00,,,,,,,,1,2021-10-01T01:00:00+02:00,,,,,
1Physical FlowhourBE-TSO-0001FNC-00034entrykWh/h2021-10-01T01:00:00Z2021-11-01T01:00:00Z_NA239,1,Physical Flow,hour,2021-10-11T02:00:00+02:00,2021-10-11T03:00:00+02:00,BE-TSO-0001,21X-BE-A-A0A0A-Y,Fluxys Belgium,FNC-00034,Final consumers (BE) (Fluxys) Industrial clients L-zone,21Y000000000045A,entry,kWh/h,No injection in transmission network from Industiral clients,,,2025-02-20T13:19:03+01:00,,,,,,,,1,2021-10-01T01:00:00+02:00,,,,,
1Physical FlowhourBE-TSO-0001FNC-00034entrykWh/h2021-10-01T01:00:00Z2021-11-01T01:00:00Z_NA240,1,Physical Flow,hour,2021-10-11T03:00:00+02:00,2021-10-11T04:00:00+02:00,BE-TSO-0001,21X-BE-A-A0A0A-Y,Fluxys Belgium,FNC-00034,Final consumers (BE) (Fluxys) Industrial clients L-zone,21Y000000000045A,entry,kWh/h,No injection in transmission network from Industiral clients,,,2025-02-20T13:19:03+01:00,,,,,,,,1,2021-10-01T01:00:00+02:00,,,,,
1Physical FlowhourBE-TSO-0001FNC-00034entrykWh/h2021-10-01T01:00:00Z2021-11-01T01:00:00Z_NA241,1,Physical Flow,hour,2021-10-11T04:00:00+02:00,2021-10-11T05:00:00+02:00,BE-TSO-0001,21X-BE-A-A0A0A-Y,Fluxys Belgium,FNC-00034,Final consumers (BE) (Fluxys) Industrial clients L-zone,21Y000000000045A,entry,kWh/h,No injection in transmission network from Industiral clients,,,2025-02-20T13:19:03+01:00,,,,,,,,1,2021-10-01T01:00:00+02:00,,,,,
1Physical FlowhourBE-TSO-0001FNC-00034entrykWh/h2021-10-01T01:00:00Z2021-11-01T01:00:00Z_NA242,1,Physical Flow,hour,2021-10-11T05:00:00+02:00,2021-10-11T06:00:00+02:00,BE-TSO-0001,21X-BE-A-A0A0A-Y,Fluxys Belgium,FNC-00034,Final consumers (BE) (Fluxys) Industrial clients L-zone,21Y000000000045A,entry,kWh/h,No injection in transmission network from Industiral clients,,,2025-02-20T13:19:03+01:00,,,,,,,,1,2021-10-01T01:00:00+02:00,,,,,
1Physical FlowhourBE-TSO-0001FNC-00034entrykWh/h2021-10-01T01:00:00Z2021-11-01T01:00:00Z_NA243,1,Physical Flow,hour,2021-10-11T06:00:00+02:00,2021-10-11T07:00:00+02:00,BE-TSO-0001,21X-BE-A-A0A0A-Y,Fluxys Belgium,FNC-00034,Final consumers (BE) (Fluxys) Industrial clients L-zone,21Y000000000045A,entry,kWh/h,No injection in transmission network from Industiral clients,,,2025-02-20T13:19:03+01:00,,,,,,,,1,2021-10-01T01:00:00+02:00,,,,,
1Physical FlowhourBE-TSO-0001FNC-00034entrykWh/h2021-10-01T01:00:00Z2021-11-01T01:00:00Z_NA244,1,Physical Flow,hour,2021-10-11T07:00:00+02:00,2021-10-11T08:00:00+02:00,BE-TSO-0001,21X-BE-A-A0A0A-Y,Fluxys Belgium,FNC-00034,Final consumers (BE) (Fluxys) Industrial clients L-zone,21Y000000000045A,entry,kWh/h,No injection in transmission network from Industiral clients,,,2025-02-20T13:19:03+01:00,,,,,,,,1,2021-10-01T01:00:00+02:00,,,,,
1Physical FlowhourBE-TSO-0001FNC-00034entrykWh/h2021-10-01T01:00:00Z2021-11-01T01:00:00Z_NA245,1,Physical Flow,hour,2021-10-11T08:00:00+02:00,2021-10-11T09:00:00+02:00,BE-TSO-0001,21X-BE-A-A0A0A-Y,Fluxys Belgium,FNC-00034,Final consumers (BE) (Fluxys) Industrial clients L-zone,21Y000000000045A,entry,kWh/h,No injection in transmission network from Industiral clients,,,2025-02-20T13:19:03+01:00,,,,,,,,1,2021-10-01T01:00:00+02:00,,,,,
1Physical FlowhourBE-TSO-0001FNC-00034entrykWh/h2021-10-01T01:00:00Z2021-11-01T01:00:00Z_NA246,1,Physical Flow,hour,2021-10-11T09:00:00+02:00,2021-10-11T10:00:00+02:00,BE-TSO-0001,21X-BE-A-A0A0A-Y,Fluxys Belgium,FNC-00034,Final consumers (BE) (Fluxys) Industrial clients L-zone,21Y000000000045A,entry,kWh/h,No injection in transmission network from Industiral clients,,,2025-02-20T13:19:03+01:00,,,,,,,,1,2021-10-01T01:00:00+02:00,,,,,
1Physical FlowhourBE-TSO-0001FNC-00034entrykWh/h2021-10-01T01:00:00Z2021-11-01T01:00:00Z_NA247,1,Physical Flow,hour,2021-10-11T10:00:00+02:00,2021-10-11T11:00:00+02:00,BE-TSO-0001,21X-BE-A-A0A0A-Y,Fluxys Belgium,FNC-00034,Final consumers (BE) (Fluxys) Industrial clients L-zone,21Y000000000045A,entry,kWh/h,No injection in transmission network from Industiral clients,,,2025-02-20T13:19:03+01:00,,,,,,,,1,2021-10-01T01:00:00+02:00,,,,,
1Physical FlowhourBE-TSO-0001FNC-00034entrykWh/h2021-10-01T01:00:00Z2021-11-01T01:00:00Z_NA248,1,Physical Flow,hour,2021-10-11T11:00:00+02:00,2021-10-11T12:00:00+02:00,BE-TSO-0001,21X-BE-A-A0A0A-Y,Fluxys Belgium,FNC-00034,Final consumers (BE) (Fluxys) Industrial clients L-zone,21Y000000000045A,entry,kWh/h,No injection in transmission network from Industiral clients,,,2025-02-20T13:19:03+01:00,,,,,,,,1,2021-10-01T01:00:00+02:00,,,,,
1Physical FlowhourBE-TSO-0001FNC-00034entrykWh/h2021-10-01T01:00:00Z2021-11-01T01:00:00Z_NA249,1,Physical Flow,hour,2021-10-11T12:00:00+02:00,2021-10-11T13:00:00+02:00,BE-TSO-0001,21X-BE-A-A0A0A-Y,Fluxys Belgium,FNC-00034,Final consumers (BE) (Fluxys) Industrial clients L-zone,21Y000000000045A,entry,kWh/h,No injection in transmission network from Industiral clients,,,2025-02-20T13:19:03+01:00,,,,,,,,1,2021-10-01T01:00:00+02:00,,,,,
1Physical FlowhourBE-TSO-0001FNC-00034entrykWh/h2021-10-01T01:00:00Z2021-11-01T01:00:00Z_NA250,1,Physical Flow,hour,2021-10-11T13:00:00+02:00,2021-10-11T14:00:00+02:00,BE-TSO-0001,21X-BE-A-A0A0A-Y,Fluxys Belgium,FNC-00034,Final consumers (BE) (Fluxys) Industrial clients L-zone,21Y000000000045A,entry,kWh/h,No injection in transmission network from Industiral clients,,,2025-02-20T13:19:03+01:00,,,,,,,,1,2021-10-01T01:00:00+02:00,,,,,
1Physical FlowhourBE-TSO-0001FNC-00034entrykWh/h2021-10-01T01:00:00Z2021-11-01T01:00:00Z_NA251,1,Physical Flow,hour,2021-10-11T14:00:00+02:00,2021-10-11T15:00:00+02:00,BE-TSO-0001,21X-BE-A-A0A0A-Y,Fluxys Belgium,FNC-00034,Final consumers (BE) (Fluxys) Industrial clients L-zone,21Y000000000045A,entry,kWh/h,No injection in transmission network from Industiral clients,,,2025-02-20T13:19:03+01:00,,,,,,,,1,2021-10-01T01:00:00+02:00,,,,,
1Physical FlowhourBE-TSO-0001FNC-00034entrykWh/h2021-10-01T01:00:00Z2021-11-01T01:00:00Z_NA252,1,Physical Flow,hour,2021-10-11T15:00:00+02:00,2021-10-11T16:00:00+02:00,BE-TSO-0001,21X-BE-A-A0A0A-Y,Fluxys Belgium,FNC-00034,Final consumers (BE) (Fluxys) Industrial clients L-zone,21Y000000000045A,entry,kWh/h,No injection in transmission network from Industiral clients,,,2025-02-20T13:19:03+01:00,,,,,,,,1,2021-10-01T01:00:00+02:00,,,,,
1Physical FlowhourBE-TSO-0001FNC-00034entrykWh/h2021-10-01T01:00:00Z2021-11-01T01:00:00Z_NA253,1,Physical Flow,hour,2021-10-11T16:00:00+02:00,2021-10-11T17:00:00+02:00,BE-TSO-0001,21X-BE-A-A0A0A-Y,Fluxys Belgium,FNC-00034,Final consumers (BE) (Fluxys) Industrial clients L-zone,21Y000000000045A,entry,kWh/h,No injection in transmission network from Industiral clients,,,2025-02-20T13:19:03+01:00,,,,,,,,1,2021-10-01T01:00:00+02:00,,,,,
1Physical FlowhourBE-TSO-0001FNC-00034entrykWh/h2021-10-01T01:00:00Z2021-11-01T01:00:00Z_NA254,1,Physical Flow,hour,2021-10-11T17:00:00+02:00,2021-10-11T18:00:00+02:00,BE-TSO-0001,21X-BE-A-A0A0A-Y,Fluxys Belgium,FNC-00034,Final consumers (BE) (Fluxys) Industrial clients L-zone,21Y000000000045A,entry,kWh/h,No injection in transmission network from Industiral clients,,,2025-02-20T13:19:03+01:00,,,,,,,,1,2021-10-01T01:00:00+02:00,,,,,
1Physical FlowhourBE-TSO-0001FNC-00034entrykWh/h2021-10-01T01:00:00Z2021-11-01T01:00:00Z_NA255,1,Physical Flow,hour,2021-10-11T18:00:00+02:00,2021-10-11T19:00:00+02:00,BE-TSO-0001,21X-BE-A-A0A0A-Y,Fluxys Belgium,FNC-00034,Final consumers (BE) (Fluxys) Industrial clients L-zone,21Y000000000045A,entry,kWh/h,No injection in transmission network from Industiral clients,,,2025-02-20T13:19:03+01:00,,,,,,,,1,2021-10-01T01:00:00+02:00,,,,,
1Physical FlowhourBE-TSO-0001FNC-00034entrykWh/h2021-10-01T01:00:00Z2021-11-01T01:00:00Z_NA256,1,Physical Flow,hour,2021-10-11T19:00:00+02:00,2021-10-11T20:00:00+02:00,BE-TSO-0001,21X-BE-A-A0A0A-Y,Fluxys Belgium,FNC-00034,Final consumers (BE) (Fluxys) Industrial clients L-zone,21Y000000000045A,entry,kWh/h,No injection in transmission network from Industiral clients,,,2025-02-20T13:19:03+01:00,,,,,,,,1,2021-10-01T01:00:00+02:00,,,,,
1Physical FlowhourBE-TSO-0001FNC-00034entrykWh/h2021-10-01T01:00:00Z2021-11-01T01:00:00Z_NA257,1,Physical Flow,hour,2021-10-11T20:00:00+02:00,2021-10-11T21:00:00+02:00,BE-TSO-0001,21X-BE-A-A0A0A-Y,Fluxys Belgium,FNC-00034,Final consumers (BE) (Fluxys) Industrial clients L-zone,21Y000000000045A,entry,kWh/h,No injection in transmission network from Industiral clients,,,2025-02-20T13:19:03+01:00,,,,,,,,1,2021-10-01T01:00:00+02:00,,,,,
1Physical FlowhourBE-TSO-0001FNC-00034entrykWh/h2021-10-01T01:00:00Z2021-11-01T01:00:00Z_NA258,1,Physical Flow,hour,2021-10-11T21:00:00+02:00,2021-10-11T22:00:00+02:00,BE-TSO-0001,21X-BE-A-A0A0A-Y,Fluxys Belgium,FNC-00034,Final consumers (BE) (Fluxys) Industrial clients L-zone,21Y000000000045A,entry,kWh/h,No injection in transmission network from Industiral clients,,,2025-02-20T13:19:03+01:00,,,,,,,,1,2021-10-01T01:00:00+02:00,,,,,
1Physical FlowhourBE-TSO-0001FNC-00034entrykWh/h2021-10-01T01:00:00Z2021-11-01T01:00:00Z_NA259,1,Physical Flow,hour,2021-10-11T22:00:00+02:00,2021-10-11T23:00:00+02:00,BE-TSO-0001,21X-BE-A-A0A0A-Y,Fluxys Belgium,FNC-00034,Final consumers (BE) (Fluxys) Industrial clients L-zone,21Y000000000045A,entry,kWh/h,No injection in transmission network from Industiral clients,,,2025-02-20T13:19:03+01:00,,,,,,,,1,2021-10-01T01:00:00+02:00,,,,,
1Physical FlowhourBE-TSO-0001FNC-00034entrykWh/h2021-10-01T01:00:00Z2021-11-01T01:00:00Z_NA260,1,Physical Flow,hour,2021-10-11T23:00:00+02:00,2021-10-12T00:00:00+02:00,BE-TSO-0001,21X-BE-A-A0A0A-Y,Fluxys Belgium,FNC-00034,Final consumers (BE) (Fluxys) Industrial clients L-zone,21Y000000000045A,entry,kWh/h,No injection in transmission network from Industiral clients,,,2025-02-20T13:19:03+01:00,,,,,,,,1,2021-10-01T01:00:00+02:00,,,,,
1Physical FlowhourBE-TSO-0001FNC-00034entrykWh/h2021-10-01T01:00:00Z2021-11-01T01:00:00Z_NA261,1,Physical Flow,hour,2021-10-12T00:00:00+02:00,2021-10-12T01:00:00+02:00,BE-TSO-0001,21X-BE-A-A0A0A-Y,Fluxys Belgium,FNC-00034,Final consumers (BE) (Fluxys) Industrial clients L-zone,21Y000000000045A,entry,kWh/h,No injection in transmission network from Industiral clients,,,2025-02-20T13:19:03+01:00,,,,,,,,1,2021-10-01T01:00:00+02:00,,,,,
1Physical FlowhourBE-TSO-0001FNC-00034entrykWh/h2021-10-01T01:00:00Z2021-11-01T01:00:00Z_NA262,1,Physical Flow,hour,2021-10-12T01:00:00+02:00,2021-10-12T02:00:00+02:00,BE-TSO-0001,21X-BE-A-A0A0A-Y,Fluxys Belgium,FNC-00034,Final consumers (BE) (Fluxys) Industrial clients L-zone,21Y000000000045A,entry,kWh/h,No injection in transmission network from Industiral clients,,,2025-02-20T13:19:03+01:00,,,,,,,,1,2021-10-01T01:00:00+02:00,,,,,
1Physical FlowhourBE-TSO-0001FNC-00034entrykWh/h2021-10-01T01:00:00Z2021-11-01T01:00:00Z_NA263,1,Physical Flow,hour,2021-10-12T02:00:00+02:00,2021-10-12T03:00:00+02:00,BE-TSO-0001,21X-BE-A-A0A0A-Y,Fluxys Belgium,FNC-00034,Final consumers (BE) (Fluxys) Industrial clients L-zone,21Y000000000045A,entry,kWh/h,No injection in transmission network from Industiral clients,,,2025-02-20T13:19:03+01:00,,,,,,,,1,2021-10-01T01:00:00+02:00,,,,,
1Physical FlowhourBE-TSO-0001FNC-00034entrykWh/h2021-10-01T01:00:00Z2021-11-01T01:00:00Z_NA264,1,Physical Flow,hour,2021-10-12T03:00:00+02:00,2021-10-12T04:00:00+02:00,BE-TSO-0001,21X-BE-A-A0A0A-Y,Fluxys Belgium,FNC-00034,Final consumers (BE) (Fluxys) Industrial clients L-zone,21Y000000000045A,entry,kWh/h,No injection in transmission network from Industiral clients,,,2025-02-20T13:19:03+01:00,,,,,,,,1,2021-10-01T01:00:00+02:00,,,,,
1Physical FlowhourBE-TSO-0001FNC-00034entrykWh/h2021-10-01T01:00:00Z2021-11-01T01:00:00Z_NA265,1,Physical Flow,hour,2021-10-12T04:00:00+02:00,2021-10-12T05:00:00+02:00,BE-TSO-0001,21X-BE-A-A0A0A-Y,Fluxys Belgium,FNC-00034,Final consumers (BE) (Fluxys) Industrial clients L-zone,21Y000000000045A,entry,kWh/h,No injection in transmission network from Industiral clients,,,2025-02-20T13:19:03+01:00,,,,,,,,1,2021-10-01T01:00:00+02:00,,,,,
1Physical FlowhourBE-TSO-0001FNC-00034entrykWh/h2021-10-01T01:00:00Z2021-11-01T01:00:00Z_NA266,1,Physical Flow,hour,2021-10-12T05:00:00+02:00,2021-10-12T06:00:00+02:00,BE-TSO-0001,21X-BE-A-A0A0A-Y,Fluxys Belgium,FNC-00034,Final consumers (BE) (Fluxys) Industrial clients L-zone,21Y000000000045A,entry,kWh/h,No injection in transmission network from Industiral clients,,,2025-02-20T13:19:03+01:00,,,,,,,,1,2021-10-01T01:00:00+02:00,,,,,
1Physical FlowhourBE-TSO-0001FNC-00034entrykWh/h2021-10-01T01:00:00Z2021-11-01T01:00:00Z_NA267,1,Physical Flow,hour,2021-10-12T06:00:00+02:00,2021-10-12T07:00:00+02:00,BE-TSO-0001,21X-BE-A-A0A0A-Y,Fluxys Belgium,FNC-00034,Final consumers (BE) (Fluxys) Industrial clients L-zone,21Y000000000045A,entry,kWh/h,No injection in transmission network from Industiral clients,,,2025-02-20T13:19:03+01:00,,,,,,,,1,2021-10-01T01:00:00+02:00,,,,,
1Physical FlowhourBE-TSO-0001FNC-00034entrykWh/h2021-10-01T01:00:00Z2021-11-01T01:00:00Z_NA268,1,Physical Flow,hour,2021-10-12T07:00:00+02:00,2021-10-12T08:00:00+02:00,BE-TSO-0001,21X-BE-A-A0A0A-Y,Fluxys Belgium,FNC-00034,Final consumers (BE) (Fluxys) Industrial clients L-zone,21Y000000000045A,entry,kWh/h,No injection in transmission network from Industiral clients,,,2025-02-20T13:19:03+01:00,,,,,,,,1,2021-10-01T01:00:00+02:00,,,,,
1Physical FlowhourBE-TSO-0001FNC-00034entrykWh/h2021-10-01T01:00:00Z2021-11-01T01:00:00Z_NA269,1,Physical Flow,hour,2021-10-12T08:00:00+02:00,2021-10-12T09:00:00+02:00,BE-TSO-0001,21X-BE-A-A0A0A-Y,Fluxys Belgium,FNC-00034,Final consumers (BE) (Fluxys) Industrial clients L-zone,21Y000000000045A,entry,kWh/h,No injection in transmission network from Industiral clients,,,2025-02-20T13:19:03+01:00,,,,,,,,1,2021-10-01T01:00:00+02:00,,,,,
1Physical FlowhourBE-TSO-0001FNC-00034entrykWh/h2021-10-01T01:00:00Z2021-11-01T01:00:00Z_NA270,1,Physical Flow,hour,2021-10-12T09:00:00+02:00,2021-10-12T10:00:00+02:00,BE-TSO-0001,21X-BE-A-A0A0A-Y,Fluxys Belgium,FNC-00034,Final consumers (BE) (Fluxys) Industrial clients L-zone,21Y000000000045A,entry,kWh/h,No injection in transmission network from Industiral clients,,,2025-02-20T13:19:03+01:00,,,,,,,,1,2021-10-01T01:00:00+02:00,,,,,
1Physical FlowhourBE-TSO-0001FNC-00034entrykWh/h2021-10-01T01:00:00Z2021-11-01T01:00:00Z_NA271,1,Physical Flow,hour,2021-10-12T10:00:00+02:00,2021-10-12T11:00:00+02:00,BE-TSO-0001,21X-BE-A-A0A0A-Y,Fluxys Belgium,FNC-00034,Final consumers (BE) (Fluxys) Industrial clients L-zone,21Y000000000045A,entry,kWh/h,No injection in transmission network from Industiral clients,,,2025-02-20T13:19:03+01:00,,,,,,,,1,2021-10-01T01:00:00+02:00,,,,,
1Physical FlowhourBE-TSO-0001FNC-00034entrykWh/h2021-10-01T01:00:00Z2021-11-01T01:00:00Z_NA272,1,Physical Flow,hour,2021-10-12T11:00:00+02:00,2021-10-12T12:00:00+02:00,BE-TSO-0001,21X-BE-A-A0A0A-Y,Fluxys Belgium,FNC-00034,Final consumers (BE) (Fluxys) Industrial clients L-zone,21Y000000000045A,entry,kWh/h,No injection in transmission network from Industiral clients,,,2025-02-20T13:19:03+01:00,,,,,,,,1,2021-10-01T01:00:00+02:00,,,,,
1Physical FlowhourBE-TSO-0001FNC-00034entrykWh/h2021-10-01T01:00:00Z2021-11-01T01:00:00Z_NA273,1,Physical Flow,hour,2021-10-12T12:00:00+02:00,2021-10-12T13:00:00+02:00,BE-TSO-0001,21X-BE-A-A0A0A-Y,Fluxys Belgium,FNC-00034,Final consumers (BE) (Fluxys) Industrial clients L-zone,21Y000000000045A,entry,kWh/h,No injection in transmission network from Industiral clients,,,2025-02-20T13:19:03+01:00,,,,,,,,1,2021-10-01T01:00:00+02:00,,,,,
1Physical FlowhourBE-TSO-0001FNC-00034entrykWh/h2021-10-01T01:00:00Z2021-11-01T01:00:00Z_NA274,1,Physical Flow,hour,2021-10-12T13:00:00+02:00,2021-10-12T14:00:00+02:00,BE-TSO-0001,21X-BE-A-A0A0A-Y,Fluxys Belgium,FNC-00034,Final consumers (BE) (Fluxys) Industrial clients L-zone,21Y000000000045A,entry,kWh/h,No injection in transmission network from Industiral clients,,,2025-02-20T13:19:03+01:00,,,,,,,,1,2021-10-01T01:00:00+02:00,,,,,
1Physical FlowhourBE-TSO-0001FNC-00034entrykWh/h2021-10-01T01:00:00Z2021-11-01T01:00:00Z_NA275,1,Physical Flow,hour,2021-10-12T14:00:00+02:00,2021-10-12T15:00:00+02:00,BE-TSO-0001,21X-BE-A-A0A0A-Y,Fluxys Belgium,FNC-00034,Final consumers (BE) (Fluxys) Industrial clients L-zone,21Y000000000045A,entry,kWh/h,No injection in transmission network from Industiral clients,,,2025-02-20T13:19:03+01:00,,,,,,,,1,2021-10-01T01:00:00+02:00,,,,,
1Physical FlowhourBE-TSO-0001FNC-00034entrykWh/h2021-10-01T01:00:00Z2021-11-01T01:00:00Z_NA276,1,Physical Flow,hour,2021-10-12T15:00:00+02:00,2021-10-12T16:00:00+02:00,BE-TSO-0001,21X-BE-A-A0A0A-Y,Fluxys Belgium,FNC-00034,Final consumers (BE) (Fluxys) Industrial clients L-zone,21Y000000000045A,entry,kWh/h,No injection in transmission network from Industiral clients,,,2025-02-20T13:19:03+01:00,,,,,,,,1,2021-10-01T01:00:00+02:00,,,,,
1Physical FlowhourBE-TSO-0001FNC-00034entrykWh/h2021-10-01T01:00:00Z2021-11-01T01:00:00Z_NA277,1,Physical Flow,hour,2021-10-12T16:00:00+02:00,2021-10-12T17:00:00+02:00,BE-TSO-0001,21X-BE-A-A0A0A-Y,Fluxys Belgium,FNC-00034,Final consumers (BE) (Fluxys) Industrial clients L-zone,21Y000000000045A,entry,kWh/h,No injection in transmission network from Industiral clients,,,2025-02-20T13:19:03+01:00,,,,,,,,1,2021-10-01T01:00:00+02:00,,,,,
1Physical FlowhourBE-TSO-0001FNC-00034entrykWh/h2021-10-01T01:00:00Z2021-11-01T01:00:00Z_NA278,1,Physical Flow,hour,2021-10-12T17:00:00+02:00,2021-10-12T18:00:00+02:00,BE-TSO-0001,21X-BE-A-A0A0A-Y,Fluxys Belgium,FNC-00034,Final consumers (BE) (Fluxys) Industrial clients L-zone,21Y000000000045A,entry,kWh/h,No injection in transmission network from Industiral clients,,,2025-02-20T13:19:03+01:00,,,,,,,,1,2021-10-01T01:00:00+02:00,,,,,
1Physical FlowhourBE-TSO-0001FNC-00034entrykWh/h2021-10-01T01:00:00Z2021-11-01T01:00:00Z_NA279,1,Physical Flow,hour,2021-10-12T18:00:00+02:00,2021-10-12T19:00:00+02:00,BE-TSO-0001,21X-BE-A-A0A0A-Y,Fluxys Belgium,FNC-00034,Final consumers (BE) (Fluxys) Industrial clients L-zone,21Y000000000045A,entry,kWh/h,No injection in transmission network from Industiral clients,,,2025-02-20T13:19:03+01:00,,,,,,,,1,2021-10-01T01:00:00+02:00,,,,,
1Physical FlowhourBE-TSO-0001FNC-00034entrykWh/h2021-10-01T01:00:00Z2021-11-01T01:00:00Z_NA280,1,Physical Flow,hour,2021-10-12T19:00:00+02:00,2021-10-12T20:00:00+02:00,BE-TSO-0001,21X-BE-A-A0A0A-Y,Fluxys Belgium,FNC-00034,Final consumers (BE) (Fluxys) Industrial clients L-zone,21Y000000000045A,entry,kWh/h,No injection in transmission network from Industiral clients,,,2025-02-20T13:19:03+01:00,,,,,,,,1,2021-10-01T01:00:00+02:00,,,,,
1Physical FlowhourBE-TSO-0001FNC-00034entrykWh/h2021-10-01T01:00:00Z2021-11-01T01:00:00Z_NA281,1,Physical Flow,hour,2021-10-12T20:00:00+02:00,2021-10-12T21:00:00+02:00,BE-TSO-0001,21X-BE-A-A0A0A-Y,Fluxys Belgium,FNC-00034,Final consumers (BE) (Fluxys) Industrial clients L-zone,21Y000000000045A,entry,kWh/h,No injection in transmission network from Industiral clients,,,2025-02-20T13:19:03+01:00,,,,,,,,1,2021-10-01T01:00:00+02:00,,,,,
1Physical FlowhourBE-TSO-0001FNC-00034entrykWh/h2021-10-01T01:00:00Z2021-11-01T01:00:00Z_NA282,1,Physical Flow,hour,2021-10-12T21:00:00+02:00,2021-10-12T22:00:00+02:00,BE-TSO-0001,21X-BE-A-A0A0A-Y,Fluxys Belgium,FNC-00034,Final consumers (BE) (Fluxys) Industrial clients L-zone,21Y000000000045A,entry,kWh/h,No injection in transmission network from Industiral clients,,,2025-02-20T13:19:03+01:00,,,,,,,,1,2021-10-01T01:00:00+02:00,,,,,
1Physical FlowhourBE-TSO-0001FNC-00034entrykWh/h2021-10-01T01:00:00Z2021-11-01T01:00:00Z_NA283,1,Physical Flow,hour,2021-10-12T22:00:00+02:00,2021-10-12T23:00:00+02:00,BE-TSO-0001,21X-BE-A-A0A0A-Y,Fluxys Belgium,FNC-00034,Final consumers (BE) (Fluxys) Industrial clients L-zone,21Y000000000045A,entry,kWh/h,No injection in transmission network from Industiral clients,,,2025-02-20T13:19:03+01:00,,,,,,,,1,2021-10-01T01:00:00+02:00,,,,,
1Physical FlowhourBE-TSO-0001FNC-00034entrykWh/h2021-10-01T01:00:00Z2021-11-01T01:00:00Z_NA284,1,Physical Flow,hour,2021-10-12T23:00:00+02:00,2021-10-13T00:00:00+02:00,BE-TSO-0001,21X-BE-A-A0A0A-Y,Fluxys Belgium,FNC-00034,Final consumers (BE) (Fluxys) Industrial clients L-zone,21Y000000000045A,entry,kWh/h,No injection in transmission network from Industiral clients,,,2025-02-20T13:19:03+01:00,,,,,,,,1,2021-10-01T01:00:00+02:00,,,,,
1Physical FlowhourBE-TSO-0001FNC-00034entrykWh/h2021-10-01T01:00:00Z2021-11-01T01:00:00Z_NA285,1,Physical Flow,hour,2021-10-13T00:00:00+02:00,2021-10-13T01:00:00+02:00,BE-TSO-0001,21X-BE-A-A0A0A-Y,Fluxys Belgium,FNC-00034,Final consumers (BE) (Fluxys) Industrial clients L-zone,21Y000000000045A,entry,kWh/h,No injection in transmission network from Industiral clients,,,2025-02-20T13:19:03+01:00,,,,,,,,1,2021-10-01T01:00:00+02:00,,,,,
1Physical FlowhourBE-TSO-0001FNC-00034entrykWh/h2021-10-01T01:00:00Z2021-11-01T01:00:00Z_NA286,1,Physical Flow,hour,2021-10-13T01:00:00+02:00,2021-10-13T02:00:00+02:00,BE-TSO-0001,21X-BE-A-A0A0A-Y,Fluxys Belgium,FNC-00034,Final consumers (BE) (Fluxys) Industrial clients L-zone,21Y000000000045A,entry,kWh/h,No injection in transmission network from Industiral clients,,,2025-02-20T13:19:03+01:00,,,,,,,,1,2021-10-01T01:00:00+02:00,,,,,
1Physical FlowhourBE-TSO-0001FNC-00034entrykWh/h2021-10-01T01:00:00Z2021-11-01T01:00:00Z_NA287,1,Physical Flow,hour,2021-10-13T02:00:00+02:00,2021-10-13T03:00:00+02:00,BE-TSO-0001,21X-BE-A-A0A0A-Y,Fluxys Belgium,FNC-00034,Final consumers (BE) (Fluxys) Industrial clients L-zone,21Y000000000045A,entry,kWh/h,No injection in transmission network from Industiral clients,,,2025-02-20T13:19:03+01:00,,,,,,,,1,2021-10-01T01:00:00+02:00,,,,,
1Physical FlowhourBE-TSO-0001FNC-00034entrykWh/h2021-10-01T01:00:00Z2021-11-01T01:00:00Z_NA288,1,Physical Flow,hour,2021-10-13T03:00:00+02:00,2021-10-13T04:00:00+02:00,BE-TSO-0001,21X-BE-A-A0A0A-Y,Fluxys Belgium,FNC-00034,Final consumers (BE) (Fluxys) Industrial clients L-zone,21Y000000000045A,entry,kWh/h,No injection in transmission network from Industiral clients,,,2025-02-20T13:19:03+01:00,,,,,,,,1,2021-10-01T01:00:00+02:00,,,,,
1Physical FlowhourBE-TSO-0001FNC-00034entrykWh/h2021-10-01T01:00:00Z2021-11-01T01:00:00Z_NA289,1,Physical Flow,hour,2021-10-13T04:00:00+02:00,2021-10-13T05:00:00+02:00,BE-TSO-0001,21X-BE-A-A0A0A-Y,Fluxys Belgium,FNC-00034,Final consumers (BE) (Fluxys) Industrial clients L-zone,21Y000000000045A,entry,kWh/h,No injection in transmission network from Industiral clients,,,2025-02-20T13:19:03+01:00,,,,,,,,1,2021-10-01T01:00:00+02:00,,,,,
1Physical FlowhourBE-TSO-0001FNC-00034entrykWh/h2021-10-01T01:00:00Z2021-11-01T01:00:00Z_NA290,1,Physical Flow,hour,2021-10-13T05:00:00+02:00,2021-10-13T06:00:00+02:00,BE-TSO-0001,21X-BE-A-A0A0A-Y,Fluxys Belgium,FNC-00034,Final consumers (BE) (Fluxys) Industrial clients L-zone,21Y000000000045A,entry,kWh/h,No injection in transmission network from Industiral clients,,,2025-02-20T13:19:03+01:00,,,,,,,,1,2021-10-01T01:00:00+02:00,,,,,
1Physical FlowhourBE-TSO-0001FNC-00034entrykWh/h2021-10-01T01:00:00Z2021-11-01T01:00:00Z_NA291,1,Physical Flow,hour,2021-10-13T06:00:00+02:00,2021-10-13T07:00:00+02:00,BE-TSO-0001,21X-BE-A-A0A0A-Y,Fluxys Belgium,FNC-00034,Final consumers (BE) (Fluxys) Industrial clients L-zone,21Y000000000045A,entry,kWh/h,No injection in transmission network from Industiral clients,,,2025-02-20T13:19:03+01:00,,,,,,,,1,2021-10-01T01:00:00+02:00,,,,,
1Physical FlowhourBE-TSO-0001FNC-00034entrykWh/h2021-10-01T01:00:00Z2021-11-01T01:00:00Z_NA292,1,Physical Flow,hour,2021-10-13T07:00:00+02:00,2021-10-13T08:00:00+02:00,BE-TSO-0001,21X-BE-A-A0A0A-Y,Fluxys Belgium,FNC-00034,Final consumers (BE) (Fluxys) Industrial clients L-zone,21Y000000000045A,entry,kWh/h,No injection in transmission network from Industiral clients,,,2025-02-20T13:19:03+01:00,,,,,,,,1,2021-10-01T01:00:00+02:00,,,,,
1Physical FlowhourBE-TSO-0001FNC-00034entrykWh/h2021-10-01T01:00:00Z2021-11-01T01:00:00Z_NA293,1,Physical Flow,hour,2021-10-13T08:00:00+02:00,2021-10-13T09:00:00+02:00,BE-TSO-0001,21X-BE-A-A0A0A-Y,Fluxys Belgium,FNC-00034,Final consumers (BE) (Fluxys) Industrial clients L-zone,21Y000000000045A,entry,kWh/h,No injection in transmission network from Industiral clients,,,2025-02-20T13:19:03+01:00,,,,,,,,1,2021-10-01T01:00:00+02:00,,,,,
1Physical FlowhourBE-TSO-0001FNC-00034entrykWh/h2021-10-01T01:00:00Z2021-11-01T01:00:00Z_NA294,1,Physical Flow,hour,2021-10-13T09:00:00+02:00,2021-10-13T10:00:00+02:00,BE-TSO-0001,21X-BE-A-A0A0A-Y,Fluxys Belgium,FNC-00034,Final consumers (BE) (Fluxys) Industrial clients L-zone,21Y000000000045A,entry,kWh/h,No injection in transmission network from Industiral clients,,,2025-02-20T13:19:03+01:00,,,,,,,,1,2021-10-01T01:00:00+02:00,,,,,
1Physical FlowhourBE-TSO-0001FNC-00034entrykWh/h2021-10-01T01:00:00Z2021-11-01T01:00:00Z_NA295,1,Physical Flow,hour,2021-10-13T10:00:00+02:00,2021-10-13T11:00:00+02:00,BE-TSO-0001,21X-BE-A-A0A0A-Y,Fluxys Belgium,FNC-00034,Final consumers (BE) (Fluxys) Industrial clients L-zone,21Y000000000045A,entry,kWh/h,No injection in transmission network from Industiral clients,,,2025-02-20T13:19:03+01:00,,,,,,,,1,2021-10-01T01:00:00+02:00,,,,,
1Physical FlowhourBE-TSO-0001FNC-00034entrykWh/h2021-10-01T01:00:00Z2021-11-01T01:00:00Z_NA296,1,Physical Flow,hour,2021-10-13T11:00:00+02:00,2021-10-13T12:00:00+02:00,BE-TSO-0001,21X-BE-A-A0A0A-Y,Fluxys Belgium,FNC-00034,Final consumers (BE) (Fluxys) Industrial clients L-zone,21Y000000000045A,entry,kWh/h,No injection in transmission network from Industiral clients,,,2025-02-20T13:19:03+01:00,,,,,,,,1,2021-10-01T01:00:00+02:00,,,,,
1Physical FlowhourBE-TSO-0001FNC-00034entrykWh/h2021-10-01T01:00:00Z2021-11-01T01:00:00Z_NA297,1,Physical Flow,hour,2021-10-13T12:00:00+02:00,2021-10-13T13:00:00+02:00,BE-TSO-0001,21X-BE-A-A0A0A-Y,Fluxys Belgium,FNC-00034,Final consumers (BE) (Fluxys) Industrial clients L-zone,21Y000000000045A,entry,kWh/h,No injection in transmission network from Industiral clients,,,2025-02-20T13:19:03+01:00,,,,,,,,1,2021-10-01T01:00:00+02:00,,,,,
1Physical FlowhourBE-TSO-0001FNC-00034entrykWh/h2021-10-01T01:00:00Z2021-11-01T01:00:00Z_NA298,1,Physical Flow,hour,2021-10-13T13:00:00+02:00,2021-10-13T14:00:00+02:00,BE-TSO-0001,21X-BE-A-A0A0A-Y,Fluxys Belgium,FNC-00034,Final consumers (BE) (Fluxys) Industrial clients L-zone,21Y000000000045A,entry,kWh/h,No injection in transmission network from Industiral clients,,,2025-02-20T13:19:03+01:00,,,,,,,,1,2021-10-01T01:00:00+02:00,,,,,
1Physical FlowhourBE-TSO-0001FNC-00034entrykWh/h2021-10-01T01:00:00Z2021-11-01T01:00:00Z_NA299,1,Physical Flow,hour,2021-10-13T14:00:00+02:00,2021-10-13T15:00:00+02:00,BE-TSO-0001,21X-BE-A-A0A0A-Y,Fluxys Belgium,FNC-00034,Final consumers (BE) (Fluxys) Industrial clients L-zone,21Y000000000045A,entry,kWh/h,No injection in transmission network from Industiral clients,,,2025-02-20T13:19:03+01:00,,,,,,,,1,2021-10-01T01:00:00+02:00,,,,,
1Physical FlowhourBE-TSO-0001FNC-00034entrykWh/h2021-10-01T01:00:00Z2021-11-01T01:00:00Z_NA300,1,Physical Flow,hour,2021-10-13T15:00:00+02:00,2021-10-13T16:00:00+02:00,BE-TSO-0001,21X-BE-A-A0A0A-Y,Fluxys Belgium,FNC-00034,Final consumers (BE) (Fluxys) Industrial clients L-zone,21Y000000000045A,entry,kWh/h,No injection in transmission network from Industiral clients,,,2025-02-20T13:19:03+01:00,,,,,,,,1,2021-10-01T01:00:00+02:00,,,,,
1Physical FlowhourBE-TSO-0001FNC-00034entrykWh/h2021-10-01T01:00:00Z2021-11-01T01:00:00Z_NA301,1,Physical Flow,hour,2021-10-13T16:00:00+02:00,2021-10-13T17:00:00+02:00,BE-TSO-0001,21X-BE-A-A0A0A-Y,Fluxys Belgium,FNC-00034,Final consumers (BE) (Fluxys) Industrial clients L-zone,21Y000000000045A,entry,kWh/h,No injection in transmission network from Industiral clients,,,2025-02-20T13:19:03+01:00,,,,,,,,1,2021-10-01T01:00:00+02:00,,,,,
1Physical FlowhourBE-TSO-0001FNC-00034entrykWh/h2021-10-01T01:00:00Z2021-11-01T01:00:00Z_NA302,1,Physical Flow,hour,2021-10-13T17:00:00+02:00,2021-10-13T18:00:00+02:00,BE-TSO-0001,21X-BE-A-A0A0A-Y,Fluxys Belgium,FNC-00034,Final consumers (BE) (Fluxys) Industrial clients L-zone,21Y000000000045A,entry,kWh/h,No injection in transmission network from Industiral clients,,,2025-02-20T13:19:03+01:00,,,,,,,,1,2021-10-01T01:00:00+02:00,,,,,
1Physical FlowhourBE-TSO-0001FNC-00034entrykWh/h2021-10-01T01:00:00Z2021-11-01T01:00:00Z_NA303,1,Physical Flow,hour,2021-10-13T18:00:00+02:00,2021-10-13T19:00:00+02:00,BE-TSO-0001,21X-BE-A-A0A0A-Y,Fluxys Belgium,FNC-00034,Final consumers (BE) (Fluxys) Industrial clients L-zone,21Y000000000045A,entry,kWh/h,No injection in transmission network from Industiral clients,,,2025-02-20T13:19:03+01:00,,,,,,,,1,2021-10-01T01:00:00+02:00,,,,,
1Physical FlowhourBE-TSO-0001FNC-00034entrykWh/h2021-10-01T01:00:00Z2021-11-01T01:00:00Z_NA304,1,Physical Flow,hour,2021-10-13T19:00:00+02:00,2021-10-13T20:00:00+02:00,BE-TSO-0001,21X-BE-A-A0A0A-Y,Fluxys Belgium,FNC-00034,Final consumers (BE) (Fluxys) Industrial clients L-zone,21Y000000000045A,entry,kWh/h,No injection in transmission network from Industiral clients,,,2025-02-20T13:19:03+01:00,,,,,,,,1,2021-10-01T01:00:00+02:00,,,,,
1Physical FlowhourBE-TSO-0001FNC-00034entrykWh/h2021-10-01T01:00:00Z2021-11-01T01:00:00Z_NA305,1,Physical Flow,hour,2021-10-13T20:00:00+02:00,2021-10-13T21:00:00+02:00,BE-TSO-0001,21X-BE-A-A0A0A-Y,Fluxys Belgium,FNC-00034,Final consumers (BE) (Fluxys) Industrial clients L-zone,21Y000000000045A,entry,kWh/h,No injection in transmission network from Industiral clients,,,2025-02-20T13:19:03+01:00,,,,,,,,1,2021-10-01T01:00:00+02:00,,,,,
1Physical FlowhourBE-TSO-0001FNC-00034entrykWh/h2021-10-01T01:00:00Z2021-11-01T01:00:00Z_NA306,1,Physical Flow,hour,2021-10-13T21:00:00+02:00,2021-10-13T22:00:00+02:00,BE-TSO-0001,21X-BE-A-A0A0A-Y,Fluxys Belgium,FNC-00034,Final consumers (BE) (Fluxys) Industrial clients L-zone,21Y000000000045A,entry,kWh/h,No injection in transmission network from Industiral clients,,,2025-02-20T13:19:03+01:00,,,,,,,,1,2021-10-01T01:00:00+02:00,,,,,
1Physical FlowhourBE-TSO-0001FNC-00034entrykWh/h2021-10-01T01:00:00Z2021-11-01T01:00:00Z_NA307,1,Physical Flow,hour,2021-10-13T22:00:00+02:00,2021-10-13T23:00:00+02:00,BE-TSO-0001,21X-BE-A-A0A0A-Y,Fluxys Belgium,FNC-00034,Final consumers (BE) (Fluxys) Industrial clients L-zone,21Y000000000045A,entry,kWh/h,No injection in transmission network from Industiral clients,,,2025-02-20T13:19:03+01:00,,,,,,,,1,2021-10-01T01:00:00+02:00,,,,,
1Physical FlowhourBE-TSO-0001FNC-00034entrykWh/h2021-10-01T01:00:00Z2021-11-01T01:00:00Z_NA308,1,Physical Flow,hour,2021-10-13T23:00:00+02:00,2021-10-14T00:00:00+02:00,BE-TSO-0001,21X-BE-A-A0A0A-Y,Fluxys Belgium,FNC-00034,Final consumers (BE) (Fluxys) Industrial clients L-zone,21Y000000000045A,entry,kWh/h,No injection in transmission network from Industiral clients,,,2025-02-20T13:19:03+01:00,,,,,,,,1,2021-10-01T01:00:00+02:00,,,,,
1Physical FlowhourBE-TSO-0001FNC-00034entrykWh/h2021-10-01T01:00:00Z2021-11-01T01:00:00Z_NA309,1,Physical Flow,hour,2021-10-14T00:00:00+02:00,2021-10-14T01:00:00+02:00,BE-TSO-0001,21X-BE-A-A0A0A-Y,Fluxys Belgium,FNC-00034,Final consumers (BE) (Fluxys) Industrial clients L-zone,21Y000000000045A,entry,kWh/h,No injection in transmission network from Industiral clients,,,2025-02-20T13:19:03+01:00,,,,,,,,1,2021-10-01T01:00:00+02:00,,,,,
1Physical FlowhourBE-TSO-0001FNC-00034entrykWh/h2021-10-01T01:00:00Z2021-11-01T01:00:00Z_NA310,1,Physical Flow,hour,2021-10-14T01:00:00+02:00,2021-10-14T02:00:00+02:00,BE-TSO-0001,21X-BE-A-A0A0A-Y,Fluxys Belgium,FNC-00034,Final consumers (BE) (Fluxys) Industrial clients L-zone,21Y000000000045A,entry,kWh/h,No injection in transmission network from Industiral clients,,,2025-02-20T13:19:03+01:00,,,,,,,,1,2021-10-01T01:00:00+02:00,,,,,
1Physical FlowhourBE-TSO-0001FNC-00034entrykWh/h2021-10-01T01:00:00Z2021-11-01T01:00:00Z_NA311,1,Physical Flow,hour,2021-10-14T02:00:00+02:00,2021-10-14T03:00:00+02:00,BE-TSO-0001,21X-BE-A-A0A0A-Y,Fluxys Belgium,FNC-00034,Final consumers (BE) (Fluxys) Industrial clients L-zone,21Y000000000045A,entry,kWh/h,No injection in transmission network from Industiral clients,,,2025-02-20T13:19:03+01:00,,,,,,,,1,2021-10-01T01:00:00+02:00,,,,,
1Physical FlowhourBE-TSO-0001FNC-00034entrykWh/h2021-10-01T01:00:00Z2021-11-01T01:00:00Z_NA312,1,Physical Flow,hour,2021-10-14T03:00:00+02:00,2021-10-14T04:00:00+02:00,BE-TSO-0001,21X-BE-A-A0A0A-Y,Fluxys Belgium,FNC-00034,Final consumers (BE) (Fluxys) Industrial clients L-zone,21Y000000000045A,entry,kWh/h,No injection in transmission network from Industiral clients,,,2025-02-20T13:19:03+01:00,,,,,,,,1,2021-10-01T01:00:00+02:00,,,,,
1Physical FlowhourBE-TSO-0001FNC-00034entrykWh/h2021-10-01T01:00:00Z2021-11-01T01:00:00Z_NA313,1,Physical Flow,hour,2021-10-14T04:00:00+02:00,2021-10-14T05:00:00+02:00,BE-TSO-0001,21X-BE-A-A0A0A-Y,Fluxys Belgium,FNC-00034,Final consumers (BE) (Fluxys) Industrial clients L-zone,21Y000000000045A,entry,kWh/h,No injection in transmission network from Industiral clients,,,2025-02-20T13:19:03+01:00,,,,,,,,1,2021-10-01T01:00:00+02:00,,,,,
1Physical FlowhourBE-TSO-0001FNC-00034entrykWh/h2021-10-01T01:00:00Z2021-11-01T01:00:00Z_NA314,1,Physical Flow,hour,2021-10-14T05:00:00+02:00,2021-10-14T06:00:00+02:00,BE-TSO-0001,21X-BE-A-A0A0A-Y,Fluxys Belgium,FNC-00034,Final consumers (BE) (Fluxys) Industrial clients L-zone,21Y000000000045A,entry,kWh/h,No injection in transmission network from Industiral clients,,,2025-02-20T13:19:03+01:00,,,,,,,,1,2021-10-01T01:00:00+02:00,,,,,
1Physical FlowhourBE-TSO-0001FNC-00034entrykWh/h2021-10-01T01:00:00Z2021-11-01T01:00:00Z_NA315,1,Physical Flow,hour,2021-10-14T06:00:00+02:00,2021-10-14T07:00:00+02:00,BE-TSO-0001,21X-BE-A-A0A0A-Y,Fluxys Belgium,FNC-00034,Final consumers (BE) (Fluxys) Industrial clients L-zone,21Y000000000045A,entry,kWh/h,No injection in transmission network from Industiral clients,,,2025-02-20T13:19:03+01:00,,,,,,,,1,2021-10-01T01:00:00+02:00,,,,,
1Physical FlowhourBE-TSO-0001FNC-00034entrykWh/h2021-10-01T01:00:00Z2021-11-01T01:00:00Z_NA316,1,Physical Flow,hour,2021-10-14T07:00:00+02:00,2021-10-14T08:00:00+02:00,BE-TSO-0001,21X-BE-A-A0A0A-Y,Fluxys Belgium,FNC-00034,Final consumers (BE) (Fluxys) Industrial clients L-zone,21Y000000000045A,entry,kWh/h,No injection in transmission network from Industiral clients,,,2025-02-20T13:19:03+01:00,,,,,,,,1,2021-10-01T01:00:00+02:00,,,,,
1Physical FlowhourBE-TSO-0001FNC-00034entrykWh/h2021-10-01T01:00:00Z2021-11-01T01:00:00Z_NA317,1,Physical Flow,hour,2021-10-14T08:00:00+02:00,2021-10-14T09:00:00+02:00,BE-TSO-0001,21X-BE-A-A0A0A-Y,Fluxys Belgium,FNC-00034,Final consumers (BE) (Fluxys) Industrial clients L-zone,21Y000000000045A,entry,kWh/h,No injection in transmission network from Industiral clients,,,2025-02-20T13:19:03+01:00,,,,,,,,1,2021-10-01T01:00:00+02:00,,,,,
1Physical FlowhourBE-TSO-0001FNC-00034entrykWh/h2021-10-01T01:00:00Z2021-11-01T01:00:00Z_NA318,1,Physical Flow,hour,2021-10-14T09:00:00+02:00,2021-10-14T10:00:00+02:00,BE-TSO-0001,21X-BE-A-A0A0A-Y,Fluxys Belgium,FNC-00034,Final consumers (BE) (Fluxys) Industrial clients L-zone,21Y000000000045A,entry,kWh/h,No injection in transmission network from Industiral clients,,,2025-02-20T13:19:03+01:00,,,,,,,,1,2021-10-01T01:00:00+02:00,,,,,
1Physical FlowhourBE-TSO-0001FNC-00034entrykWh/h2021-10-01T01:00:00Z2021-11-01T01:00:00Z_NA319,1,Physical Flow,hour,2021-10-14T10:00:00+02:00,2021-10-14T11:00:00+02:00,BE-TSO-0001,21X-BE-A-A0A0A-Y,Fluxys Belgium,FNC-00034,Final consumers (BE) (Fluxys) Industrial clients L-zone,21Y000000000045A,entry,kWh/h,No injection in transmission network from Industiral clients,,,2025-02-20T13:19:03+01:00,,,,,,,,1,2021-10-01T01:00:00+02:00,,,,,
1Physical FlowhourBE-TSO-0001FNC-00034entrykWh/h2021-10-01T01:00:00Z2021-11-01T01:00:00Z_NA320,1,Physical Flow,hour,2021-10-14T11:00:00+02:00,2021-10-14T12:00:00+02:00,BE-TSO-0001,21X-BE-A-A0A0A-Y,Fluxys Belgium,FNC-00034,Final consumers (BE) (Fluxys) Industrial clients L-zone,21Y000000000045A,entry,kWh/h,No injection in transmission network from Industiral clients,,,2025-02-20T13:19:03+01:00,,,,,,,,1,2021-10-01T01:00:00+02:00,,,,,
1Physical FlowhourBE-TSO-0001FNC-00034entrykWh/h2021-10-01T01:00:00Z2021-11-01T01:00:00Z_NA321,1,Physical Flow,hour,2021-10-14T12:00:00+02:00,2021-10-14T13:00:00+02:00,BE-TSO-0001,21X-BE-A-A0A0A-Y,Fluxys Belgium,FNC-00034,Final consumers (BE) (Fluxys) Industrial clients L-zone,21Y000000000045A,entry,kWh/h,No injection in transmission network from Industiral clients,,,2025-02-20T13:19:03+01:00,,,,,,,,1,2021-10-01T01:00:00+02:00,,,,,
1Physical FlowhourBE-TSO-0001FNC-00034entrykWh/h2021-10-01T01:00:00Z2021-11-01T01:00:00Z_NA322,1,Physical Flow,hour,2021-10-14T13:00:00+02:00,2021-10-14T14:00:00+02:00,BE-TSO-0001,21X-BE-A-A0A0A-Y,Fluxys Belgium,FNC-00034,Final consumers (BE) (Fluxys) Industrial clients L-zone,21Y000000000045A,entry,kWh/h,No injection in transmission network from Industiral clients,,,2025-02-20T13:19:03+01:00,,,,,,,,1,2021-10-01T01:00:00+02:00,,,,,
1Physical FlowhourBE-TSO-0001FNC-00034entrykWh/h2021-10-01T01:00:00Z2021-11-01T01:00:00Z_NA323,1,Physical Flow,hour,2021-10-14T14:00:00+02:00,2021-10-14T15:00:00+02:00,BE-TSO-0001,21X-BE-A-A0A0A-Y,Fluxys Belgium,FNC-00034,Final consumers (BE) (Fluxys) Industrial clients L-zone,21Y000000000045A,entry,kWh/h,No injection in transmission network from Industiral clients,,,2025-02-20T13:19:03+01:00,,,,,,,,1,2021-10-01T01:00:00+02:00,,,,,
1Physical FlowhourBE-TSO-0001FNC-00034entrykWh/h2021-10-01T01:00:00Z2021-11-01T01:00:00Z_NA324,1,Physical Flow,hour,2021-10-14T15:00:00+02:00,2021-10-14T16:00:00+02:00,BE-TSO-0001,21X-BE-A-A0A0A-Y,Fluxys Belgium,FNC-00034,Final consumers (BE) (Fluxys) Industrial clients L-zone,21Y000000000045A,entry,kWh/h,No injection in transmission network from Industiral clients,,,2025-02-20T13:19:03+01:00,,,,,,,,1,2021-10-01T01:00:00+02:00,,,,,
1Physical FlowhourBE-TSO-0001FNC-00034entrykWh/h2021-10-01T01:00:00Z2021-11-01T01:00:00Z_NA325,1,Physical Flow,hour,2021-10-14T16:00:00+02:00,2021-10-14T17:00:00+02:00,BE-TSO-0001,21X-BE-A-A0A0A-Y,Fluxys Belgium,FNC-00034,Final consumers (BE) (Fluxys) Industrial clients L-zone,21Y000000000045A,entry,kWh/h,No injection in transmission network from Industiral clients,,,2025-02-20T13:19:03+01:00,,,,,,,,1,2021-10-01T01:00:00+02:00,,,,,
1Physical FlowhourBE-TSO-0001FNC-00034entrykWh/h2021-10-01T01:00:00Z2021-11-01T01:00:00Z_NA326,1,Physical Flow,hour,2021-10-14T17:00:00+02:00,2021-10-14T18:00:00+02:00,BE-TSO-0001,21X-BE-A-A0A0A-Y,Fluxys Belgium,FNC-00034,Final consumers (BE) (Fluxys) Industrial clients L-zone,21Y000000000045A,entry,kWh/h,No injection in transmission network from Industiral clients,,,2025-02-20T13:19:03+01:00,,,,,,,,1,2021-10-01T01:00:00+02:00,,,,,
1Physical FlowhourBE-TSO-0001FNC-00034entrykWh/h2021-10-01T01:00:00Z2021-11-01T01:00:00Z_NA327,1,Physical Flow,hour,2021-10-14T18:00:00+02:00,2021-10-14T19:00:00+02:00,BE-TSO-0001,21X-BE-A-A0A0A-Y,Fluxys Belgium,FNC-00034,Final consumers (BE) (Fluxys) Industrial clients L-zone,21Y000000000045A,entry,kWh/h,No injection in transmission network from Industiral clients,,,2025-02-20T13:19:03+01:00,,,,,,,,1,2021-10-01T01:00:00+02:00,,,,,
1Physical FlowhourBE-TSO-0001FNC-00034entrykWh/h2021-10-01T01:00:00Z2021-11-01T01:00:00Z_NA328,1,Physical Flow,hour,2021-10-14T19:00:00+02:00,2021-10-14T20:00:00+02:00,BE-TSO-0001,21X-BE-A-A0A0A-Y,Fluxys Belgium,FNC-00034,Final consumers (BE) (Fluxys) Industrial clients L-zone,21Y000000000045A,entry,kWh/h,No injection in transmission network from Industiral clients,,,2025-02-20T13:19:03+01:00,,,,,,,,1,2021-10-01T01:00:00+02:00,,,,,
1Physical FlowhourBE-TSO-0001FNC-00034entrykWh/h2021-10-01T01:00:00Z2021-11-01T01:00:00Z_NA329,1,Physical Flow,hour,2021-10-14T20:00:00+02:00,2021-10-14T21:00:00+02:00,BE-TSO-0001,21X-BE-A-A0A0A-Y,Fluxys Belgium,FNC-00034,Final consumers (BE) (Fluxys) Industrial clients L-zone,21Y000000000045A,entry,kWh/h,No injection in transmission network from Industiral clients,,,2025-02-20T13:19:03+01:00,,,,,,,,1,2021-10-01T01:00:00+02:00,,,,,
1Physical FlowhourBE-TSO-0001FNC-00034entrykWh/h2021-10-01T01:00:00Z2021-11-01T01:00:00Z_NA330,1,Physical Flow,hour,2021-10-14T21:00:00+02:00,2021-10-14T22:00:00+02:00,BE-TSO-0001,21X-BE-A-A0A0A-Y,Fluxys Belgium,FNC-00034,Final consumers (BE) (Fluxys) Industrial clients L-zone,21Y000000000045A,entry,kWh/h,No injection in transmission network from Industiral clients,,,2025-02-20T13:19:03+01:00,,,,,,,,1,2021-10-01T01:00:00+02:00,,,,,
1Physical FlowhourBE-TSO-0001FNC-00034entrykWh/h2021-10-01T01:00:00Z2021-11-01T01:00:00Z_NA331,1,Physical Flow,hour,2021-10-14T22:00:00+02:00,2021-10-14T23:00:00+02:00,BE-TSO-0001,21X-BE-A-A0A0A-Y,Fluxys Belgium,FNC-00034,Final consumers (BE) (Fluxys) Industrial clients L-zone,21Y000000000045A,entry,kWh/h,No injection in transmission network from Industiral clients,,,2025-02-20T13:19:03+01:00,,,,,,,,1,2021-10-01T01:00:00+02:00,,,,,
1Physical FlowhourBE-TSO-0001FNC-00034entrykWh/h2021-10-01T01:00:00Z2021-11-01T01:00:00Z_NA332,1,Physical Flow,hour,2021-10-14T23:00:00+02:00,2021-10-15T00:00:00+02:00,BE-TSO-0001,21X-BE-A-A0A0A-Y,Fluxys Belgium,FNC-00034,Final consumers (BE) (Fluxys) Industrial clients L-zone,21Y000000000045A,entry,kWh/h,No injection in transmission network from Industiral clients,,,2025-02-20T13:19:03+01:00,,,,,,,,1,2021-10-01T01:00:00+02:00,,,,,
1Physical FlowhourBE-TSO-0001FNC-00034entrykWh/h2021-10-01T01:00:00Z2021-11-01T01:00:00Z_NA333,1,Physical Flow,hour,2021-10-15T00:00:00+02:00,2021-10-15T01:00:00+02:00,BE-TSO-0001,21X-BE-A-A0A0A-Y,Fluxys Belgium,FNC-00034,Final consumers (BE) (Fluxys) Industrial clients L-zone,21Y000000000045A,entry,kWh/h,No injection in transmission network from Industiral clients,,,2025-02-20T13:19:03+01:00,,,,,,,,1,2021-10-01T01:00:00+02:00,,,,,
1Physical FlowhourBE-TSO-0001FNC-00034entrykWh/h2021-10-01T01:00:00Z2021-11-01T01:00:00Z_NA334,1,Physical Flow,hour,2021-10-15T01:00:00+02:00,2021-10-15T02:00:00+02:00,BE-TSO-0001,21X-BE-A-A0A0A-Y,Fluxys Belgium,FNC-00034,Final consumers (BE) (Fluxys) Industrial clients L-zone,21Y000000000045A,entry,kWh/h,No injection in transmission network from Industiral clients,,,2025-02-20T13:19:03+01:00,,,,,,,,1,2021-10-01T01:00:00+02:00,,,,,
1Physical FlowhourBE-TSO-0001FNC-00034entrykWh/h2021-10-01T01:00:00Z2021-11-01T01:00:00Z_NA335,1,Physical Flow,hour,2021-10-15T02:00:00+02:00,2021-10-15T03:00:00+02:00,BE-TSO-0001,21X-BE-A-A0A0A-Y,Fluxys Belgium,FNC-00034,Final consumers (BE) (Fluxys) Industrial clients L-zone,21Y000000000045A,entry,kWh/h,No injection in transmission network from Industiral clients,,,2025-02-20T13:19:03+01:00,,,,,,,,1,2021-10-01T01:00:00+02:00,,,,,
1Physical FlowhourBE-TSO-0001FNC-00034entrykWh/h2021-10-01T01:00:00Z2021-11-01T01:00:00Z_NA336,1,Physical Flow,hour,2021-10-15T03:00:00+02:00,2021-10-15T04:00:00+02:00,BE-TSO-0001,21X-BE-A-A0A0A-Y,Fluxys Belgium,FNC-00034,Final consumers (BE) (Fluxys) Industrial clients L-zone,21Y000000000045A,entry,kWh/h,No injection in transmission network from Industiral clients,,,2025-02-20T13:19:03+01:00,,,,,,,,1,2021-10-01T01:00:00+02:00,,,,,
1Physical FlowhourBE-TSO-0001FNC-00034entrykWh/h2021-10-01T01:00:00Z2021-11-01T01:00:00Z_NA337,1,Physical Flow,hour,2021-10-15T04:00:00+02:00,2021-10-15T05:00:00+02:00,BE-TSO-0001,21X-BE-A-A0A0A-Y,Fluxys Belgium,FNC-00034,Final consumers (BE) (Fluxys) Industrial clients L-zone,21Y000000000045A,entry,kWh/h,No injection in transmission network from Industiral clients,,,2025-02-20T13:19:03+01:00,,,,,,,,1,2021-10-01T01:00:00+02:00,,,,,
1Physical FlowhourBE-TSO-0001FNC-00034entrykWh/h2021-10-01T01:00:00Z2021-11-01T01:00:00Z_NA338,1,Physical Flow,hour,2021-10-15T05:00:00+02:00,2021-10-15T06:00:00+02:00,BE-TSO-0001,21X-BE-A-A0A0A-Y,Fluxys Belgium,FNC-00034,Final consumers (BE) (Fluxys) Industrial clients L-zone,21Y000000000045A,entry,kWh/h,No injection in transmission network from Industiral clients,,,2025-02-20T13:19:03+01:00,,,,,,,,1,2021-10-01T01:00:00+02:00,,,,,
1Physical FlowhourBE-TSO-0001FNC-00034entrykWh/h2021-10-01T01:00:00Z2021-11-01T01:00:00Z_NA339,1,Physical Flow,hour,2021-10-15T06:00:00+02:00,2021-10-15T07:00:00+02:00,BE-TSO-0001,21X-BE-A-A0A0A-Y,Fluxys Belgium,FNC-00034,Final consumers (BE) (Fluxys) Industrial clients L-zone,21Y000000000045A,entry,kWh/h,No injection in transmission network from Industiral clients,,,2025-02-20T13:19:03+01:00,,,,,,,,1,2021-10-01T01:00:00+02:00,,,,,
1Physical FlowhourBE-TSO-0001FNC-00034entrykWh/h2021-10-01T01:00:00Z2021-11-01T01:00:00Z_NA340,1,Physical Flow,hour,2021-10-15T07:00:00+02:00,2021-10-15T08:00:00+02:00,BE-TSO-0001,21X-BE-A-A0A0A-Y,Fluxys Belgium,FNC-00034,Final consumers (BE) (Fluxys) Industrial clients L-zone,21Y000000000045A,entry,kWh/h,No injection in transmission network from Industiral clients,,,2025-02-20T13:19:03+01:00,,,,,,,,1,2021-10-01T01:00:00+02:00,,,,,
1Physical FlowhourBE-TSO-0001FNC-00034entrykWh/h2021-10-01T01:00:00Z2021-11-01T01:00:00Z_NA341,1,Physical Flow,hour,2021-10-15T08:00:00+02:00,2021-10-15T09:00:00+02:00,BE-TSO-0001,21X-BE-A-A0A0A-Y,Fluxys Belgium,FNC-00034,Final consumers (BE) (Fluxys) Industrial clients L-zone,21Y000000000045A,entry,kWh/h,No injection in transmission network from Industiral clients,,,2025-02-20T13:19:03+01:00,,,,,,,,1,2021-10-01T01:00:00+02:00,,,,,
1Physical FlowhourBE-TSO-0001FNC-00034entrykWh/h2021-10-01T01:00:00Z2021-11-01T01:00:00Z_NA342,1,Physical Flow,hour,2021-10-15T09:00:00+02:00,2021-10-15T10:00:00+02:00,BE-TSO-0001,21X-BE-A-A0A0A-Y,Fluxys Belgium,FNC-00034,Final consumers (BE) (Fluxys) Industrial clients L-zone,21Y000000000045A,entry,kWh/h,No injection in transmission network from Industiral clients,,,2025-02-20T13:19:03+01:00,,,,,,,,1,2021-10-01T01:00:00+02:00,,,,,
1Physical FlowhourBE-TSO-0001FNC-00034entrykWh/h2021-10-01T01:00:00Z2021-11-01T01:00:00Z_NA343,1,Physical Flow,hour,2021-10-15T10:00:00+02:00,2021-10-15T11:00:00+02:00,BE-TSO-0001,21X-BE-A-A0A0A-Y,Fluxys Belgium,FNC-00034,Final consumers (BE) (Fluxys) Industrial clients L-zone,21Y000000000045A,entry,kWh/h,No injection in transmission network from Industiral clients,,,2025-02-20T13:19:03+01:00,,,,,,,,1,2021-10-01T01:00:00+02:00,,,,,
1Physical FlowhourBE-TSO-0001FNC-00034entrykWh/h2021-10-01T01:00:00Z2021-11-01T01:00:00Z_NA344,1,Physical Flow,hour,2021-10-15T11:00:00+02:00,2021-10-15T12:00:00+02:00,BE-TSO-0001,21X-BE-A-A0A0A-Y,Fluxys Belgium,FNC-00034,Final consumers (BE) (Fluxys) Industrial clients L-zone,21Y000000000045A,entry,kWh/h,No injection in transmission network from Industiral clients,,,2025-02-20T13:19:03+01:00,,,,,,,,1,2021-10-01T01:00:00+02:00,,,,,
1Physical FlowhourBE-TSO-0001FNC-00034entrykWh/h2021-10-01T01:00:00Z2021-11-01T01:00:00Z_NA345,1,Physical Flow,hour,2021-10-15T12:00:00+02:00,2021-10-15T13:00:00+02:00,BE-TSO-0001,21X-BE-A-A0A0A-Y,Fluxys Belgium,FNC-00034,Final consumers (BE) (Fluxys) Industrial clients L-zone,21Y000000000045A,entry,kWh/h,No injection in transmission network from Industiral clients,,,2025-02-20T13:19:03+01:00,,,,,,,,1,2021-10-01T01:00:00+02:00,,,,,
1Physical FlowhourBE-TSO-0001FNC-00034entrykWh/h2021-10-01T01:00:00Z2021-11-01T01:00:00Z_NA346,1,Physical Flow,hour,2021-10-15T13:00:00+02:00,2021-10-15T14:00:00+02:00,BE-TSO-0001,21X-BE-A-A0A0A-Y,Fluxys Belgium,FNC-00034,Final consumers (BE) (Fluxys) Industrial clients L-zone,21Y000000000045A,entry,kWh/h,No injection in transmission network from Industiral clients,,,2025-02-20T13:19:03+01:00,,,,,,,,1,2021-10-01T01:00:00+02:00,,,,,
1Physical FlowhourBE-TSO-0001FNC-00034entrykWh/h2021-10-01T01:00:00Z2021-11-01T01:00:00Z_NA347,1,Physical Flow,hour,2021-10-15T14:00:00+02:00,2021-10-15T15:00:00+02:00,BE-TSO-0001,21X-BE-A-A0A0A-Y,Fluxys Belgium,FNC-00034,Final consumers (BE) (Fluxys) Industrial clients L-zone,21Y000000000045A,entry,kWh/h,No injection in transmission network from Industiral clients,,,2025-02-20T13:19:03+01:00,,,,,,,,1,2021-10-01T01:00:00+02:00,,,,,
1Physical FlowhourBE-TSO-0001FNC-00034entrykWh/h2021-10-01T01:00:00Z2021-11-01T01:00:00Z_NA348,1,Physical Flow,hour,2021-10-15T15:00:00+02:00,2021-10-15T16:00:00+02:00,BE-TSO-0001,21X-BE-A-A0A0A-Y,Fluxys Belgium,FNC-00034,Final consumers (BE) (Fluxys) Industrial clients L-zone,21Y000000000045A,entry,kWh/h,No injection in transmission network from Industiral clients,,,2025-02-20T13:19:03+01:00,,,,,,,,1,2021-10-01T01:00:00+02:00,,,,,
1Physical FlowhourBE-TSO-0001FNC-00034entrykWh/h2021-10-01T01:00:00Z2021-11-01T01:00:00Z_NA349,1,Physical Flow,hour,2021-10-15T16:00:00+02:00,2021-10-15T17:00:00+02:00,BE-TSO-0001,21X-BE-A-A0A0A-Y,Fluxys Belgium,FNC-00034,Final consumers (BE) (Fluxys) Industrial clients L-zone,21Y000000000045A,entry,kWh/h,No injection in transmission network from Industiral clients,,,2025-02-20T13:19:03+01:00,,,,,,,,1,2021-10-01T01:00:00+02:00,,,,,
1Physical FlowhourBE-TSO-0001FNC-00034entrykWh/h2021-10-01T01:00:00Z2021-11-01T01:00:00Z_NA350,1,Physical Flow,hour,2021-10-15T17:00:00+02:00,2021-10-15T18:00:00+02:00,BE-TSO-0001,21X-BE-A-A0A0A-Y,Fluxys Belgium,FNC-00034,Final consumers (BE) (Fluxys) Industrial clients L-zone,21Y000000000045A,entry,kWh/h,No injection in transmission network from Industiral clients,,,2025-02-20T13:19:03+01:00,,,,,,,,1,2021-10-01T01:00:00+02:00,,,,,
1Physical FlowhourBE-TSO-0001FNC-00034entrykWh/h2021-10-01T01:00:00Z2021-11-01T01:00:00Z_NA351,1,Physical Flow,hour,2021-10-15T18:00:00+02:00,2021-10-15T19:00:00+02:00,BE-TSO-0001,21X-BE-A-A0A0A-Y,Fluxys Belgium,FNC-00034,Final consumers (BE) (Fluxys) Industrial clients L-zone,21Y000000000045A,entry,kWh/h,No injection in transmission network from Industiral clients,,,2025-02-20T13:19:03+01:00,,,,,,,,1,2021-10-01T01:00:00+02:00,,,,,
1Physical FlowhourBE-TSO-0001FNC-00034entrykWh/h2021-10-01T01:00:00Z2021-11-01T01:00:00Z_NA352,1,Physical Flow,hour,2021-10-15T19:00:00+02:00,2021-10-15T20:00:00+02:00,BE-TSO-0001,21X-BE-A-A0A0A-Y,Fluxys Belgium,FNC-00034,Final consumers (BE) (Fluxys) Industrial clients L-zone,21Y000000000045A,entry,kWh/h,No injection in transmission network from Industiral clients,,,2025-02-20T13:19:03+01:00,,,,,,,,1,2021-10-01T01:00:00+02:00,,,,,
1Physical FlowhourBE-TSO-0001FNC-00034entrykWh/h2021-10-01T01:00:00Z2021-11-01T01:00:00Z_NA353,1,Physical Flow,hour,2021-10-15T20:00:00+02:00,2021-10-15T21:00:00+02:00,BE-TSO-0001,21X-BE-A-A0A0A-Y,Fluxys Belgium,FNC-00034,Final consumers (BE) (Fluxys) Industrial clients L-zone,21Y000000000045A,entry,kWh/h,No injection in transmission network from Industiral clients,,,2025-02-20T13:19:03+01:00,,,,,,,,1,2021-10-01T01:00:00+02:00,,,,,
1Physical FlowhourBE-TSO-0001FNC-00034entrykWh/h2021-10-01T01:00:00Z2021-11-01T01:00:00Z_NA354,1,Physical Flow,hour,2021-10-15T21:00:00+02:00,2021-10-15T22:00:00+02:00,BE-TSO-0001,21X-BE-A-A0A0A-Y,Fluxys Belgium,FNC-00034,Final consumers (BE) (Fluxys) Industrial clients L-zone,21Y000000000045A,entry,kWh/h,No injection in transmission network from Industiral clients,,,2025-02-20T13:19:03+01:00,,,,,,,,1,2021-10-01T01:00:00+02:00,,,,,
1Physical FlowhourBE-TSO-0001FNC-00034entrykWh/h2021-10-01T01:00:00Z2021-11-01T01:00:00Z_NA355,1,Physical Flow,hour,2021-10-15T22:00:00+02:00,2021-10-15T23:00:00+02:00,BE-TSO-0001,21X-BE-A-A0A0A-Y,Fluxys Belgium,FNC-00034,Final consumers (BE) (Fluxys) Industrial clients L-zone,21Y000000000045A,entry,kWh/h,No injection in transmission network from Industiral clients,,,2025-02-20T13:19:03+01:00,,,,,,,,1,2021-10-01T01:00:00+02:00,,,,,
1Physical FlowhourBE-TSO-0001FNC-00034entrykWh/h2021-10-01T01:00:00Z2021-11-01T01:00:00Z_NA356,1,Physical Flow,hour,2021-10-15T23:00:00+02:00,2021-10-16T00:00:00+02:00,BE-TSO-0001,21X-BE-A-A0A0A-Y,Fluxys Belgium,FNC-00034,Final consumers (BE) (Fluxys) Industrial clients L-zone,21Y000000000045A,entry,kWh/h,No injection in transmission network from Industiral clients,,,2025-02-20T13:19:03+01:00,,,,,,,,1,2021-10-01T01:00:00+02:00,,,,,
1Physical FlowhourBE-TSO-0001FNC-00034entrykWh/h2021-10-01T01:00:00Z2021-11-01T01:00:00Z_NA357,1,Physical Flow,hour,2021-10-16T00:00:00+02:00,2021-10-16T01:00:00+02:00,BE-TSO-0001,21X-BE-A-A0A0A-Y,Fluxys Belgium,FNC-00034,Final consumers (BE) (Fluxys) Industrial clients L-zone,21Y000000000045A,entry,kWh/h,No injection in transmission network from Industiral clients,,,2025-02-20T13:19:03+01:00,,,,,,,,1,2021-10-01T01:00:00+02:00,,,,,
1Physical FlowhourBE-TSO-0001FNC-00034entrykWh/h2021-10-01T01:00:00Z2021-11-01T01:00:00Z_NA358,1,Physical Flow,hour,2021-10-16T01:00:00+02:00,2021-10-16T02:00:00+02:00,BE-TSO-0001,21X-BE-A-A0A0A-Y,Fluxys Belgium,FNC-00034,Final consumers (BE) (Fluxys) Industrial clients L-zone,21Y000000000045A,entry,kWh/h,No injection in transmission network from Industiral clients,,,2025-02-20T13:19:03+01:00,,,,,,,,1,2021-10-01T01:00:00+02:00,,,,,
1Physical FlowhourBE-TSO-0001FNC-00034entrykWh/h2021-10-01T01:00:00Z2021-11-01T01:00:00Z_NA359,1,Physical Flow,hour,2021-10-16T02:00:00+02:00,2021-10-16T03:00:00+02:00,BE-TSO-0001,21X-BE-A-A0A0A-Y,Fluxys Belgium,FNC-00034,Final consumers (BE) (Fluxys) Industrial clients L-zone,21Y000000000045A,entry,kWh/h,No injection in transmission network from Industiral clients,,,2025-02-20T13:19:03+01:00,,,,,,,,1,2021-10-01T01:00:00+02:00,,,,,
1Physical FlowhourBE-TSO-0001FNC-00034entrykWh/h2021-10-01T01:00:00Z2021-11-01T01:00:00Z_NA360,1,Physical Flow,hour,2021-10-16T03:00:00+02:00,2021-10-16T04:00:00+02:00,BE-TSO-0001,21X-BE-A-A0A0A-Y,Fluxys Belgium,FNC-00034,Final consumers (BE) (Fluxys) Industrial clients L-zone,21Y000000000045A,entry,kWh/h,No injection in transmission network from Industiral clients,,,2025-02-20T13:19:03+01:00,,,,,,,,1,2021-10-01T01:00:00+02:00,,,,,
1Physical FlowhourBE-TSO-0001FNC-00034entrykWh/h2021-10-01T01:00:00Z2021-11-01T01:00:00Z_NA361,1,Physical Flow,hour,2021-10-16T04:00:00+02:00,2021-10-16T05:00:00+02:00,BE-TSO-0001,21X-BE-A-A0A0A-Y,Fluxys Belgium,FNC-00034,Final consumers (BE) (Fluxys) Industrial clients L-zone,21Y000000000045A,entry,kWh/h,No injection in transmission network from Industiral clients,,,2025-02-20T13:19:03+01:00,,,,,,,,1,2021-10-01T01:00:00+02:00,,,,,
1Physical FlowhourBE-TSO-0001FNC-00034entrykWh/h2021-10-01T01:00:00Z2021-11-01T01:00:00Z_NA362,1,Physical Flow,hour,2021-10-16T05:00:00+02:00,2021-10-16T06:00:00+02:00,BE-TSO-0001,21X-BE-A-A0A0A-Y,Fluxys Belgium,FNC-00034,Final consumers (BE) (Fluxys) Industrial clients L-zone,21Y000000000045A,entry,kWh/h,No injection in transmission network from Industiral clients,,,2025-02-20T13:19:03+01:00,,,,,,,,1,2021-10-01T01:00:00+02:00,,,,,
1Physical FlowhourBE-TSO-0001FNC-00034entrykWh/h2021-10-01T01:00:00Z2021-11-01T01:00:00Z_NA363,1,Physical Flow,hour,2021-10-16T06:00:00+02:00,2021-10-16T07:00:00+02:00,BE-TSO-0001,21X-BE-A-A0A0A-Y,Fluxys Belgium,FNC-00034,Final consumers (BE) (Fluxys) Industrial clients L-zone,21Y000000000045A,entry,kWh/h,No injection in transmission network from Industiral clients,,,2025-02-20T13:19:03+01:00,,,,,,,,1,2021-10-01T01:00:00+02:00,,,,,
1Physical FlowhourBE-TSO-0001FNC-00034entrykWh/h2021-10-01T01:00:00Z2021-11-01T01:00:00Z_NA364,1,Physical Flow,hour,2021-10-16T07:00:00+02:00,2021-10-16T08:00:00+02:00,BE-TSO-0001,21X-BE-A-A0A0A-Y,Fluxys Belgium,FNC-00034,Final consumers (BE) (Fluxys) Industrial clients L-zone,21Y000000000045A,entry,kWh/h,No injection in transmission network from Industiral clients,,,2025-02-20T13:19:03+01:00,,,,,,,,1,2021-10-01T01:00:00+02:00,,,,,
1Physical FlowhourBE-TSO-0001FNC-00034entrykWh/h2021-10-01T01:00:00Z2021-11-01T01:00:00Z_NA365,1,Physical Flow,hour,2021-10-16T08:00:00+02:00,2021-10-16T09:00:00+02:00,BE-TSO-0001,21X-BE-A-A0A0A-Y,Fluxys Belgium,FNC-00034,Final consumers (BE) (Fluxys) Industrial clients L-zone,21Y000000000045A,entry,kWh/h,No injection in transmission network from Industiral clients,,,2025-02-20T13:19:03+01:00,,,,,,,,1,2021-10-01T01:00:00+02:00,,,,,
1Physical FlowhourBE-TSO-0001FNC-00034entrykWh/h2021-10-01T01:00:00Z2021-11-01T01:00:00Z_NA366,1,Physical Flow,hour,2021-10-16T09:00:00+02:00,2021-10-16T10:00:00+02:00,BE-TSO-0001,21X-BE-A-A0A0A-Y,Fluxys Belgium,FNC-00034,Final consumers (BE) (Fluxys) Industrial clients L-zone,21Y000000000045A,entry,kWh/h,No injection in transmission network from Industiral clients,,,2025-02-20T13:19:03+01:00,,,,,,,,1,2021-10-01T01:00:00+02:00,,,,,
1Physical FlowhourBE-TSO-0001FNC-00034entrykWh/h2021-10-01T01:00:00Z2021-11-01T01:00:00Z_NA367,1,Physical Flow,hour,2021-10-16T10:00:00+02:00,2021-10-16T11:00:00+02:00,BE-TSO-0001,21X-BE-A-A0A0A-Y,Fluxys Belgium,FNC-00034,Final consumers (BE) (Fluxys) Industrial clients L-zone,21Y000000000045A,entry,kWh/h,No injection in transmission network from Industiral clients,,,2025-02-20T13:19:03+01:00,,,,,,,,1,2021-10-01T01:00:00+02:00,,,,,
1Physical FlowhourBE-TSO-0001FNC-00034entrykWh/h2021-10-01T01:00:00Z2021-11-01T01:00:00Z_NA368,1,Physical Flow,hour,2021-10-16T11:00:00+02:00,2021-10-16T12:00:00+02:00,BE-TSO-0001,21X-BE-A-A0A0A-Y,Fluxys Belgium,FNC-00034,Final consumers (BE) (Fluxys) Industrial clients L-zone,21Y000000000045A,entry,kWh/h,No injection in transmission network from Industiral clients,,,2025-02-20T13:19:03+01:00,,,,,,,,1,2021-10-01T01:00:00+02:00,,,,,
1Physical FlowhourBE-TSO-0001FNC-00034entrykWh/h2021-10-01T01:00:00Z2021-11-01T01:00:00Z_NA369,1,Physical Flow,hour,2021-10-16T12:00:00+02:00,2021-10-16T13:00:00+02:00,BE-TSO-0001,21X-BE-A-A0A0A-Y,Fluxys Belgium,FNC-00034,Final consumers (BE) (Fluxys) Industrial clients L-zone,21Y000000000045A,entry,kWh/h,No injection in transmission network from Industiral clients,,,2025-02-20T13:19:03+01:00,,,,,,,,1,2021-10-01T01:00:00+02:00,,,,,
1Physical FlowhourBE-TSO-0001FNC-00034entrykWh/h2021-10-01T01:00:00Z2021-11-01T01:00:00Z_NA370,1,Physical Flow,hour,2021-10-16T13:00:00+02:00,2021-10-16T14:00:00+02:00,BE-TSO-0001,21X-BE-A-A0A0A-Y,Fluxys Belgium,FNC-00034,Final consumers (BE) (Fluxys) Industrial clients L-zone,21Y000000000045A,entry,kWh/h,No injection in transmission network from Industiral clients,,,2025-02-20T13:19:03+01:00,,,,,,,,1,2021-10-01T01:00:00+02:00,,,,,
1Physical FlowhourBE-TSO-0001FNC-00034entrykWh/h2021-10-01T01:00:00Z2021-11-01T01:00:00Z_NA371,1,Physical Flow,hour,2021-10-16T14:00:00+02:00,2021-10-16T15:00:00+02:00,BE-TSO-0001,21X-BE-A-A0A0A-Y,Fluxys Belgium,FNC-00034,Final consumers (BE) (Fluxys) Industrial clients L-zone,21Y000000000045A,entry,kWh/h,No injection in transmission network from Industiral clients,,,2025-02-20T13:19:03+01:00,,,,,,,,1,2021-10-01T01:00:00+02:00,,,,,
1Physical FlowhourBE-TSO-0001FNC-00034entrykWh/h2021-10-01T01:00:00Z2021-11-01T01:00:00Z_NA372,1,Physical Flow,hour,2021-10-16T15:00:00+02:00,2021-10-16T16:00:00+02:00,BE-TSO-0001,21X-BE-A-A0A0A-Y,Fluxys Belgium,FNC-00034,Final consumers (BE) (Fluxys) Industrial clients L-zone,21Y000000000045A,entry,kWh/h,No injection in transmission network from Industiral clients,,,2025-02-20T13:19:03+01:00,,,,,,,,1,2021-10-01T01:00:00+02:00,,,,,
1Physical FlowhourBE-TSO-0001FNC-00034entrykWh/h2021-10-01T01:00:00Z2021-11-01T01:00:00Z_NA373,1,Physical Flow,hour,2021-10-16T16:00:00+02:00,2021-10-16T17:00:00+02:00,BE-TSO-0001,21X-BE-A-A0A0A-Y,Fluxys Belgium,FNC-00034,Final consumers (BE) (Fluxys) Industrial clients L-zone,21Y000000000045A,entry,kWh/h,No injection in transmission network from Industiral clients,,,2025-02-20T13:19:03+01:00,,,,,,,,1,2021-10-01T01:00:00+02:00,,,,,
1Physical FlowhourBE-TSO-0001FNC-00034entrykWh/h2021-10-01T01:00:00Z2021-11-01T01:00:00Z_NA374,1,Physical Flow,hour,2021-10-16T17:00:00+02:00,2021-10-16T18:00:00+02:00,BE-TSO-0001,21X-BE-A-A0A0A-Y,Fluxys Belgium,FNC-00034,Final consumers (BE) (Fluxys) Industrial clients L-zone,21Y000000000045A,entry,kWh/h,No injection in transmission network from Industiral clients,,,2025-02-20T13:19:03+01:00,,,,,,,,1,2021-10-01T01:00:00+02:00,,,,,
1Physical FlowhourBE-TSO-0001FNC-00034entrykWh/h2021-10-01T01:00:00Z2021-11-01T01:00:00Z_NA375,1,Physical Flow,hour,2021-10-16T18:00:00+02:00,2021-10-16T19:00:00+02:00,BE-TSO-0001,21X-BE-A-A0A0A-Y,Fluxys Belgium,FNC-00034,Final consumers (BE) (Fluxys) Industrial clients L-zone,21Y000000000045A,entry,kWh/h,No injection in transmission network from Industiral clients,,,2025-02-20T13:19:03+01:00,,,,,,,,1,2021-10-01T01:00:00+02:00,,,,,
1Physical FlowhourBE-TSO-0001FNC-00034entrykWh/h2021-10-01T01:00:00Z2021-11-01T01:00:00Z_NA376,1,Physical Flow,hour,2021-10-16T19:00:00+02:00,2021-10-16T20:00:00+02:00,BE-TSO-0001,21X-BE-A-A0A0A-Y,Fluxys Belgium,FNC-00034,Final consumers (BE) (Fluxys) Industrial clients L-zone,21Y000000000045A,entry,kWh/h,No injection in transmission network from Industiral clients,,,2025-02-20T13:19:03+01:00,,,,,,,,1,2021-10-01T01:00:00+02:00,,,,,
1Physical FlowhourBE-TSO-0001FNC-00034entrykWh/h2021-10-01T01:00:00Z2021-11-01T01:00:00Z_NA377,1,Physical Flow,hour,2021-10-16T20:00:00+02:00,2021-10-16T21:00:00+02:00,BE-TSO-0001,21X-BE-A-A0A0A-Y,Fluxys Belgium,FNC-00034,Final consumers (BE) (Fluxys) Industrial clients L-zone,21Y000000000045A,entry,kWh/h,No injection in transmission network from Industiral clients,,,2025-02-20T13:19:03+01:00,,,,,,,,1,2021-10-01T01:00:00+02:00,,,,,
1Physical FlowhourBE-TSO-0001FNC-00034entrykWh/h2021-10-01T01:00:00Z2021-11-01T01:00:00Z_NA378,1,Physical Flow,hour,2021-10-16T21:00:00+02:00,2021-10-16T22:00:00+02:00,BE-TSO-0001,21X-BE-A-A0A0A-Y,Fluxys Belgium,FNC-00034,Final consumers (BE) (Fluxys) Industrial clients L-zone,21Y000000000045A,entry,kWh/h,No injection in transmission network from Industiral clients,,,2025-02-20T13:19:03+01:00,,,,,,,,1,2021-10-01T01:00:00+02:00,,,,,
1Physical FlowhourBE-TSO-0001FNC-00034entrykWh/h2021-10-01T01:00:00Z2021-11-01T01:00:00Z_NA379,1,Physical Flow,hour,2021-10-16T22:00:00+02:00,2021-10-16T23:00:00+02:00,BE-TSO-0001,21X-BE-A-A0A0A-Y,Fluxys Belgium,FNC-00034,Final consumers (BE) (Fluxys) Industrial clients L-zone,21Y000000000045A,entry,kWh/h,No injection in transmission network from Industiral clients,,,2025-02-20T13:19:03+01:00,,,,,,,,1,2021-10-01T01:00:00+02:00,,,,,
1Physical FlowhourBE-TSO-0001FNC-00034entrykWh/h2021-10-01T01:00:00Z2021-11-01T01:00:00Z_NA380,1,Physical Flow,hour,2021-10-16T23:00:00+02:00,2021-10-17T00:00:00+02:00,BE-TSO-0001,21X-BE-A-A0A0A-Y,Fluxys Belgium,FNC-00034,Final consumers (BE) (Fluxys) Industrial clients L-zone,21Y000000000045A,entry,kWh/h,No injection in transmission network from Industiral clients,,,2025-02-20T13:19:03+01:00,,,,,,,,1,2021-10-01T01:00:00+02:00,,,,,
1Physical FlowhourBE-TSO-0001FNC-00034entrykWh/h2021-10-01T01:00:00Z2021-11-01T01:00:00Z_NA381,1,Physical Flow,hour,2021-10-17T00:00:00+02:00,2021-10-17T01:00:00+02:00,BE-TSO-0001,21X-BE-A-A0A0A-Y,Fluxys Belgium,FNC-00034,Final consumers (BE) (Fluxys) Industrial clients L-zone,21Y000000000045A,entry,kWh/h,No injection in transmission network from Industiral clients,,,2025-02-20T13:19:03+01:00,,,,,,,,1,2021-10-01T01:00:00+02:00,,,,,
1Physical FlowhourBE-TSO-0001FNC-00034entrykWh/h2021-10-01T01:00:00Z2021-11-01T01:00:00Z_NA382,1,Physical Flow,hour,2021-10-17T01:00:00+02:00,2021-10-17T02:00:00+02:00,BE-TSO-0001,21X-BE-A-A0A0A-Y,Fluxys Belgium,FNC-00034,Final consumers (BE) (Fluxys) Industrial clients L-zone,21Y000000000045A,entry,kWh/h,No injection in transmission network from Industiral clients,,,2025-02-20T13:19:03+01:00,,,,,,,,1,2021-10-01T01:00:00+02:00,,,,,
1Physical FlowhourBE-TSO-0001FNC-00034entrykWh/h2021-10-01T01:00:00Z2021-11-01T01:00:00Z_NA383,1,Physical Flow,hour,2021-10-17T02:00:00+02:00,2021-10-17T03:00:00+02:00,BE-TSO-0001,21X-BE-A-A0A0A-Y,Fluxys Belgium,FNC-00034,Final consumers (BE) (Fluxys) Industrial clients L-zone,21Y000000000045A,entry,kWh/h,No injection in transmission network from Industiral clients,,,2025-02-20T13:19:03+01:00,,,,,,,,1,2021-10-01T01:00:00+02:00,,,,,
1Physical FlowhourBE-TSO-0001FNC-00034entrykWh/h2021-10-01T01:00:00Z2021-11-01T01:00:00Z_NA384,1,Physical Flow,hour,2021-10-17T03:00:00+02:00,2021-10-17T04:00:00+02:00,BE-TSO-0001,21X-BE-A-A0A0A-Y,Fluxys Belgium,FNC-00034,Final consumers (BE) (Fluxys) Industrial clients L-zone,21Y000000000045A,entry,kWh/h,No injection in transmission network from Industiral clients,,,2025-02-20T13:19:03+01:00,,,,,,,,1,2021-10-01T01:00:00+02:00,,,,,
1Physical FlowhourBE-TSO-0001FNC-00034entrykWh/h2021-10-01T01:00:00Z2021-11-01T01:00:00Z_NA385,1,Physical Flow,hour,2021-10-17T04:00:00+02:00,2021-10-17T05:00:00+02:00,BE-TSO-0001,21X-BE-A-A0A0A-Y,Fluxys Belgium,FNC-00034,Final consumers (BE) (Fluxys) Industrial clients L-zone,21Y000000000045A,entry,kWh/h,No injection in transmission network from Industiral clients,,,2025-02-20T13:19:03+01:00,,,,,,,,1,2021-10-01T01:00:00+02:00,,,,,
1Physical FlowhourBE-TSO-0001FNC-00034entrykWh/h2021-10-01T01:00:00Z2021-11-01T01:00:00Z_NA386,1,Physical Flow,hour,2021-10-17T05:00:00+02:00,2021-10-17T06:00:00+02:00,BE-TSO-0001,21X-BE-A-A0A0A-Y,Fluxys Belgium,FNC-00034,Final consumers (BE) (Fluxys) Industrial clients L-zone,21Y000000000045A,entry,kWh/h,No injection in transmission network from Industiral clients,,,2025-02-20T13:19:03+01:00,,,,,,,,1,2021-10-01T01:00:00+02:00,,,,,
1Physical FlowhourBE-TSO-0001FNC-00034entrykWh/h2021-10-01T01:00:00Z2021-11-01T01:00:00Z_NA387,1,Physical Flow,hour,2021-10-17T06:00:00+02:00,2021-10-17T07:00:00+02:00,BE-TSO-0001,21X-BE-A-A0A0A-Y,Fluxys Belgium,FNC-00034,Final consumers (BE) (Fluxys) Industrial clients L-zone,21Y000000000045A,entry,kWh/h,No injection in transmission network from Industiral clients,,,2025-02-20T13:19:03+01:00,,,,,,,,1,2021-10-01T01:00:00+02:00,,,,,
1Physical FlowhourBE-TSO-0001FNC-00034entrykWh/h2021-10-01T01:00:00Z2021-11-01T01:00:00Z_NA388,1,Physical Flow,hour,2021-10-17T07:00:00+02:00,2021-10-17T08:00:00+02:00,BE-TSO-0001,21X-BE-A-A0A0A-Y,Fluxys Belgium,FNC-00034,Final consumers (BE) (Fluxys) Industrial clients L-zone,21Y000000000045A,entry,kWh/h,No injection in transmission network from Industiral clients,,,2025-02-20T13:19:03+01:00,,,,,,,,1,2021-10-01T01:00:00+02:00,,,,,
1Physical FlowhourBE-TSO-0001FNC-00034entrykWh/h2021-10-01T01:00:00Z2021-11-01T01:00:00Z_NA389,1,Physical Flow,hour,2021-10-17T08:00:00+02:00,2021-10-17T09:00:00+02:00,BE-TSO-0001,21X-BE-A-A0A0A-Y,Fluxys Belgium,FNC-00034,Final consumers (BE) (Fluxys) Industrial clients L-zone,21Y000000000045A,entry,kWh/h,No injection in transmission network from Industiral clients,,,2025-02-20T13:19:03+01:00,,,,,,,,1,2021-10-01T01:00:00+02:00,,,,,
1Physical FlowhourBE-TSO-0001FNC-00034entrykWh/h2021-10-01T01:00:00Z2021-11-01T01:00:00Z_NA390,1,Physical Flow,hour,2021-10-17T09:00:00+02:00,2021-10-17T10:00:00+02:00,BE-TSO-0001,21X-BE-A-A0A0A-Y,Fluxys Belgium,FNC-00034,Final consumers (BE) (Fluxys) Industrial clients L-zone,21Y000000000045A,entry,kWh/h,No injection in transmission network from Industiral clients,,,2025-02-20T13:19:03+01:00,,,,,,,,1,2021-10-01T01:00:00+02:00,,,,,
1Physical FlowhourBE-TSO-0001FNC-00034entrykWh/h2021-10-01T01:00:00Z2021-11-01T01:00:00Z_NA391,1,Physical Flow,hour,2021-10-17T10:00:00+02:00,2021-10-17T11:00:00+02:00,BE-TSO-0001,21X-BE-A-A0A0A-Y,Fluxys Belgium,FNC-00034,Final consumers (BE) (Fluxys) Industrial clients L-zone,21Y000000000045A,entry,kWh/h,No injection in transmission network from Industiral clients,,,2025-02-20T13:19:03+01:00,,,,,,,,1,2021-10-01T01:00:00+02:00,,,,,
1Physical FlowhourBE-TSO-0001FNC-00034entrykWh/h2021-10-01T01:00:00Z2021-11-01T01:00:00Z_NA392,1,Physical Flow,hour,2021-10-17T11:00:00+02:00,2021-10-17T12:00:00+02:00,BE-TSO-0001,21X-BE-A-A0A0A-Y,Fluxys Belgium,FNC-00034,Final consumers (BE) (Fluxys) Industrial clients L-zone,21Y000000000045A,entry,kWh/h,No injection in transmission network from Industiral clients,,,2025-02-20T13:19:03+01:00,,,,,,,,1,2021-10-01T01:00:00+02:00,,,,,
1Physical FlowhourBE-TSO-0001FNC-00034entrykWh/h2021-10-01T01:00:00Z2021-11-01T01:00:00Z_NA393,1,Physical Flow,hour,2021-10-17T12:00:00+02:00,2021-10-17T13:00:00+02:00,BE-TSO-0001,21X-BE-A-A0A0A-Y,Fluxys Belgium,FNC-00034,Final consumers (BE) (Fluxys) Industrial clients L-zone,21Y000000000045A,entry,kWh/h,No injection in transmission network from Industiral clients,,,2025-02-20T13:19:03+01:00,,,,,,,,1,2021-10-01T01:00:00+02:00,,,,,
1Physical FlowhourBE-TSO-0001FNC-00034entrykWh/h2021-10-01T01:00:00Z2021-11-01T01:00:00Z_NA394,1,Physical Flow,hour,2021-10-17T13:00:00+02:00,2021-10-17T14:00:00+02:00,BE-TSO-0001,21X-BE-A-A0A0A-Y,Fluxys Belgium,FNC-00034,Final consumers (BE) (Fluxys) Industrial clients L-zone,21Y000000000045A,entry,kWh/h,No injection in transmission network from Industiral clients,,,2025-02-20T13:19:03+01:00,,,,,,,,1,2021-10-01T01:00:00+02:00,,,,,
1Physical FlowhourBE-TSO-0001FNC-00034entrykWh/h2021-10-01T01:00:00Z2021-11-01T01:00:00Z_NA395,1,Physical Flow,hour,2021-10-17T14:00:00+02:00,2021-10-17T15:00:00+02:00,BE-TSO-0001,21X-BE-A-A0A0A-Y,Fluxys Belgium,FNC-00034,Final consumers (BE) (Fluxys) Industrial clients L-zone,21Y000000000045A,entry,kWh/h,No injection in transmission network from Industiral clients,,,2025-02-20T13:19:03+01:00,,,,,,,,1,2021-10-01T01:00:00+02:00,,,,,
1Physical FlowhourBE-TSO-0001FNC-00034entrykWh/h2021-10-01T01:00:00Z2021-11-01T01:00:00Z_NA396,1,Physical Flow,hour,2021-10-17T15:00:00+02:00,2021-10-17T16:00:00+02:00,BE-TSO-0001,21X-BE-A-A0A0A-Y,Fluxys Belgium,FNC-00034,Final consumers (BE) (Fluxys) Industrial clients L-zone,21Y000000000045A,entry,kWh/h,No injection in transmission network from Industiral clients,,,2025-02-20T13:19:03+01:00,,,,,,,,1,2021-10-01T01:00:00+02:00,,,,,
1Physical FlowhourBE-TSO-0001FNC-00034entrykWh/h2021-10-01T01:00:00Z2021-11-01T01:00:00Z_NA397,1,Physical Flow,hour,2021-10-17T16:00:00+02:00,2021-10-17T17:00:00+02:00,BE-TSO-0001,21X-BE-A-A0A0A-Y,Fluxys Belgium,FNC-00034,Final consumers (BE) (Fluxys) Industrial clients L-zone,21Y000000000045A,entry,kWh/h,No injection in transmission network from Industiral clients,,,2025-02-20T13:19:03+01:00,,,,,,,,1,2021-10-01T01:00:00+02:00,,,,,
1Physical FlowhourBE-TSO-0001FNC-00034entrykWh/h2021-10-01T01:00:00Z2021-11-01T01:00:00Z_NA398,1,Physical Flow,hour,2021-10-17T17:00:00+02:00,2021-10-17T18:00:00+02:00,BE-TSO-0001,21X-BE-A-A0A0A-Y,Fluxys Belgium,FNC-00034,Final consumers (BE) (Fluxys) Industrial clients L-zone,21Y000000000045A,entry,kWh/h,No injection in transmission network from Industiral clients,,,2025-02-20T13:19:03+01:00,,,,,,,,1,2021-10-01T01:00:00+02:00,,,,,
1Physical FlowhourBE-TSO-0001FNC-00034entrykWh/h2021-10-01T01:00:00Z2021-11-01T01:00:00Z_NA399,1,Physical Flow,hour,2021-10-17T18:00:00+02:00,2021-10-17T19:00:00+02:00,BE-TSO-0001,21X-BE-A-A0A0A-Y,Fluxys Belgium,FNC-00034,Final consumers (BE) (Fluxys) Industrial clients L-zone,21Y000000000045A,entry,kWh/h,No injection in transmission network from Industiral clients,,,2025-02-20T13:19:03+01:00,,,,,,,,1,2021-10-01T01:00:00+02:00,,,,,
1Physical FlowhourBE-TSO-0001FNC-00034entrykWh/h2021-10-01T01:00:00Z2021-11-01T01:00:00Z_NA400,1,Physical Flow,hour,2021-10-17T19:00:00+02:00,2021-10-17T20:00:00+02:00,BE-TSO-0001,21X-BE-A-A0A0A-Y,Fluxys Belgium,FNC-00034,Final consumers (BE) (Fluxys) Industrial clients L-zone,21Y000000000045A,entry,kWh/h,No injection in transmission network from Industiral clients,,,2025-02-20T13:19:03+01:00,,,,,,,,1,2021-10-01T01:00:00+02:00,,,,,
1Physical FlowhourBE-TSO-0001FNC-00034entrykWh/h2021-10-01T01:00:00Z2021-11-01T01:00:00Z_NA401,1,Physical Flow,hour,2021-10-17T20:00:00+02:00,2021-10-17T21:00:00+02:00,BE-TSO-0001,21X-BE-A-A0A0A-Y,Fluxys Belgium,FNC-00034,Final consumers (BE) (Fluxys) Industrial clients L-zone,21Y000000000045A,entry,kWh/h,No injection in transmission network from Industiral clients,,,2025-02-20T13:19:03+01:00,,,,,,,,1,2021-10-01T01:00:00+02:00,,,,,
1Physical FlowhourBE-TSO-0001FNC-00034entrykWh/h2021-10-01T01:00:00Z2021-11-01T01:00:00Z_NA402,1,Physical Flow,hour,2021-10-17T21:00:00+02:00,2021-10-17T22:00:00+02:00,BE-TSO-0001,21X-BE-A-A0A0A-Y,Fluxys Belgium,FNC-00034,Final consumers (BE) (Fluxys) Industrial clients L-zone,21Y000000000045A,entry,kWh/h,No injection in transmission network from Industiral clients,,,2025-02-20T13:19:03+01:00,,,,,,,,1,2021-10-01T01:00:00+02:00,,,,,
1Physical FlowhourBE-TSO-0001FNC-00034entrykWh/h2021-10-01T01:00:00Z2021-11-01T01:00:00Z_NA403,1,Physical Flow,hour,2021-10-17T22:00:00+02:00,2021-10-17T23:00:00+02:00,BE-TSO-0001,21X-BE-A-A0A0A-Y,Fluxys Belgium,FNC-00034,Final consumers (BE) (Fluxys) Industrial clients L-zone,21Y000000000045A,entry,kWh/h,No injection in transmission network from Industiral clients,,,2025-02-20T13:19:03+01:00,,,,,,,,1,2021-10-01T01:00:00+02:00,,,,,
1Physical FlowhourBE-TSO-0001FNC-00034entrykWh/h2021-10-01T01:00:00Z2021-11-01T01:00:00Z_NA404,1,Physical Flow,hour,2021-10-17T23:00:00+02:00,2021-10-18T00:00:00+02:00,BE-TSO-0001,21X-BE-A-A0A0A-Y,Fluxys Belgium,FNC-00034,Final consumers (BE) (Fluxys) Industrial clients L-zone,21Y000000000045A,entry,kWh/h,No injection in transmission network from Industiral clients,,,2025-02-20T13:19:03+01:00,,,,,,,,1,2021-10-01T01:00:00+02:00,,,,,
1Physical FlowhourBE-TSO-0001FNC-00034entrykWh/h2021-10-01T01:00:00Z2021-11-01T01:00:00Z_NA405,1,Physical Flow,hour,2021-10-18T00:00:00+02:00,2021-10-18T01:00:00+02:00,BE-TSO-0001,21X-BE-A-A0A0A-Y,Fluxys Belgium,FNC-00034,Final consumers (BE) (Fluxys) Industrial clients L-zone,21Y000000000045A,entry,kWh/h,No injection in transmission network from Industiral clients,,,2025-02-20T13:19:03+01:00,,,,,,,,1,2021-10-01T01:00:00+02:00,,,,,
1Physical FlowhourBE-TSO-0001FNC-00034entrykWh/h2021-10-01T01:00:00Z2021-11-01T01:00:00Z_NA406,1,Physical Flow,hour,2021-10-18T01:00:00+02:00,2021-10-18T02:00:00+02:00,BE-TSO-0001,21X-BE-A-A0A0A-Y,Fluxys Belgium,FNC-00034,Final consumers (BE) (Fluxys) Industrial clients L-zone,21Y000000000045A,entry,kWh/h,No injection in transmission network from Industiral clients,,,2025-02-20T13:19:03+01:00,,,,,,,,1,2021-10-01T01:00:00+02:00,,,,,
1Physical FlowhourBE-TSO-0001FNC-00034entrykWh/h2021-10-01T01:00:00Z2021-11-01T01:00:00Z_NA407,1,Physical Flow,hour,2021-10-18T02:00:00+02:00,2021-10-18T03:00:00+02:00,BE-TSO-0001,21X-BE-A-A0A0A-Y,Fluxys Belgium,FNC-00034,Final consumers (BE) (Fluxys) Industrial clients L-zone,21Y000000000045A,entry,kWh/h,No injection in transmission network from Industiral clients,,,2025-02-20T13:19:03+01:00,,,,,,,,1,2021-10-01T01:00:00+02:00,,,,,
1Physical FlowhourBE-TSO-0001FNC-00034entrykWh/h2021-10-01T01:00:00Z2021-11-01T01:00:00Z_NA408,1,Physical Flow,hour,2021-10-18T03:00:00+02:00,2021-10-18T04:00:00+02:00,BE-TSO-0001,21X-BE-A-A0A0A-Y,Fluxys Belgium,FNC-00034,Final consumers (BE) (Fluxys) Industrial clients L-zone,21Y000000000045A,entry,kWh/h,No injection in transmission network from Industiral clients,,,2025-02-20T13:19:03+01:00,,,,,,,,1,2021-10-01T01:00:00+02:00,,,,,
1Physical FlowhourBE-TSO-0001FNC-00034entrykWh/h2021-10-01T01:00:00Z2021-11-01T01:00:00Z_NA409,1,Physical Flow,hour,2021-10-18T04:00:00+02:00,2021-10-18T05:00:00+02:00,BE-TSO-0001,21X-BE-A-A0A0A-Y,Fluxys Belgium,FNC-00034,Final consumers (BE) (Fluxys) Industrial clients L-zone,21Y000000000045A,entry,kWh/h,No injection in transmission network from Industiral clients,,,2025-02-20T13:19:03+01:00,,,,,,,,1,2021-10-01T01:00:00+02:00,,,,,
1Physical FlowhourBE-TSO-0001FNC-00034entrykWh/h2021-10-01T01:00:00Z2021-11-01T01:00:00Z_NA410,1,Physical Flow,hour,2021-10-18T05:00:00+02:00,2021-10-18T06:00:00+02:00,BE-TSO-0001,21X-BE-A-A0A0A-Y,Fluxys Belgium,FNC-00034,Final consumers (BE) (Fluxys) Industrial clients L-zone,21Y000000000045A,entry,kWh/h,No injection in transmission network from Industiral clients,,,2025-02-20T13:19:03+01:00,,,,,,,,1,2021-10-01T01:00:00+02:00,,,,,
1Physical FlowhourBE-TSO-0001FNC-00034entrykWh/h2021-10-01T01:00:00Z2021-11-01T01:00:00Z_NA411,1,Physical Flow,hour,2021-10-18T06:00:00+02:00,2021-10-18T07:00:00+02:00,BE-TSO-0001,21X-BE-A-A0A0A-Y,Fluxys Belgium,FNC-00034,Final consumers (BE) (Fluxys) Industrial clients L-zone,21Y000000000045A,entry,kWh/h,No injection in transmission network from Industiral clients,,,2025-02-20T13:19:03+01:00,,,,,,,,1,2021-10-01T01:00:00+02:00,,,,,
1Physical FlowhourBE-TSO-0001FNC-00034entrykWh/h2021-10-01T01:00:00Z2021-11-01T01:00:00Z_NA412,1,Physical Flow,hour,2021-10-18T07:00:00+02:00,2021-10-18T08:00:00+02:00,BE-TSO-0001,21X-BE-A-A0A0A-Y,Fluxys Belgium,FNC-00034,Final consumers (BE) (Fluxys) Industrial clients L-zone,21Y000000000045A,entry,kWh/h,No injection in transmission network from Industiral clients,,,2025-02-20T13:19:03+01:00,,,,,,,,1,2021-10-01T01:00:00+02:00,,,,,
1Physical FlowhourBE-TSO-0001FNC-00034entrykWh/h2021-10-01T01:00:00Z2021-11-01T01:00:00Z_NA413,1,Physical Flow,hour,2021-10-18T08:00:00+02:00,2021-10-18T09:00:00+02:00,BE-TSO-0001,21X-BE-A-A0A0A-Y,Fluxys Belgium,FNC-00034,Final consumers (BE) (Fluxys) Industrial clients L-zone,21Y000000000045A,entry,kWh/h,No injection in transmission network from Industiral clients,,,2025-02-20T13:19:03+01:00,,,,,,,,1,2021-10-01T01:00:00+02:00,,,,,
1Physical FlowhourBE-TSO-0001FNC-00034entrykWh/h2021-10-01T01:00:00Z2021-11-01T01:00:00Z_NA414,1,Physical Flow,hour,2021-10-18T09:00:00+02:00,2021-10-18T10:00:00+02:00,BE-TSO-0001,21X-BE-A-A0A0A-Y,Fluxys Belgium,FNC-00034,Final consumers (BE) (Fluxys) Industrial clients L-zone,21Y000000000045A,entry,kWh/h,No injection in transmission network from Industiral clients,,,2025-02-20T13:19:03+01:00,,,,,,,,1,2021-10-01T01:00:00+02:00,,,,,
1Physical FlowhourBE-TSO-0001FNC-00034entrykWh/h2021-10-01T01:00:00Z2021-11-01T01:00:00Z_NA415,1,Physical Flow,hour,2021-10-18T10:00:00+02:00,2021-10-18T11:00:00+02:00,BE-TSO-0001,21X-BE-A-A0A0A-Y,Fluxys Belgium,FNC-00034,Final consumers (BE) (Fluxys) Industrial clients L-zone,21Y000000000045A,entry,kWh/h,No injection in transmission network from Industiral clients,,,2025-02-20T13:19:03+01:00,,,,,,,,1,2021-10-01T01:00:00+02:00,,,,,
1Physical FlowhourBE-TSO-0001FNC-00034entrykWh/h2021-10-01T01:00:00Z2021-11-01T01:00:00Z_NA416,1,Physical Flow,hour,2021-10-18T11:00:00+02:00,2021-10-18T12:00:00+02:00,BE-TSO-0001,21X-BE-A-A0A0A-Y,Fluxys Belgium,FNC-00034,Final consumers (BE) (Fluxys) Industrial clients L-zone,21Y000000000045A,entry,kWh/h,No injection in transmission network from Industiral clients,,,2025-02-20T13:19:03+01:00,,,,,,,,1,2021-10-01T01:00:00+02:00,,,,,
1Physical FlowhourBE-TSO-0001FNC-00034entrykWh/h2021-10-01T01:00:00Z2021-11-01T01:00:00Z_NA417,1,Physical Flow,hour,2021-10-18T12:00:00+02:00,2021-10-18T13:00:00+02:00,BE-TSO-0001,21X-BE-A-A0A0A-Y,Fluxys Belgium,FNC-00034,Final consumers (BE) (Fluxys) Industrial clients L-zone,21Y000000000045A,entry,kWh/h,No injection in transmission network from Industiral clients,,,2025-02-20T13:19:03+01:00,,,,,,,,1,2021-10-01T01:00:00+02:00,,,,,
1Physical FlowhourBE-TSO-0001FNC-00034entrykWh/h2021-10-01T01:00:00Z2021-11-01T01:00:00Z_NA418,1,Physical Flow,hour,2021-10-18T13:00:00+02:00,2021-10-18T14:00:00+02:00,BE-TSO-0001,21X-BE-A-A0A0A-Y,Fluxys Belgium,FNC-00034,Final consumers (BE) (Fluxys) Industrial clients L-zone,21Y000000000045A,entry,kWh/h,No injection in transmission network from Industiral clients,,,2025-02-20T13:19:03+01:00,,,,,,,,1,2021-10-01T01:00:00+02:00,,,,,
1Physical FlowhourBE-TSO-0001FNC-00034entrykWh/h2021-10-01T01:00:00Z2021-11-01T01:00:00Z_NA419,1,Physical Flow,hour,2021-10-18T14:00:00+02:00,2021-10-18T15:00:00+02:00,BE-TSO-0001,21X-BE-A-A0A0A-Y,Fluxys Belgium,FNC-00034,Final consumers (BE) (Fluxys) Industrial clients L-zone,21Y000000000045A,entry,kWh/h,No injection in transmission network from Industiral clients,,,2025-02-20T13:19:03+01:00,,,,,,,,1,2021-10-01T01:00:00+02:00,,,,,
1Physical FlowhourBE-TSO-0001FNC-00034entrykWh/h2021-10-01T01:00:00Z2021-11-01T01:00:00Z_NA420,1,Physical Flow,hour,2021-10-18T15:00:00+02:00,2021-10-18T16:00:00+02:00,BE-TSO-0001,21X-BE-A-A0A0A-Y,Fluxys Belgium,FNC-00034,Final consumers (BE) (Fluxys) Industrial clients L-zone,21Y000000000045A,entry,kWh/h,No injection in transmission network from Industiral clients,,,2025-02-20T13:19:03+01:00,,,,,,,,1,2021-10-01T01:00:00+02:00,,,,,
1Physical FlowhourBE-TSO-0001FNC-00034entrykWh/h2021-10-01T01:00:00Z2021-11-01T01:00:00Z_NA421,1,Physical Flow,hour,2021-10-18T16:00:00+02:00,2021-10-18T17:00:00+02:00,BE-TSO-0001,21X-BE-A-A0A0A-Y,Fluxys Belgium,FNC-00034,Final consumers (BE) (Fluxys) Industrial clients L-zone,21Y000000000045A,entry,kWh/h,No injection in transmission network from Industiral clients,,,2025-02-20T13:19:03+01:00,,,,,,,,1,2021-10-01T01:00:00+02:00,,,,,
1Physical FlowhourBE-TSO-0001FNC-00034entrykWh/h2021-10-01T01:00:00Z2021-11-01T01:00:00Z_NA422,1,Physical Flow,hour,2021-10-18T17:00:00+02:00,2021-10-18T18:00:00+02:00,BE-TSO-0001,21X-BE-A-A0A0A-Y,Fluxys Belgium,FNC-00034,Final consumers (BE) (Fluxys) Industrial clients L-zone,21Y000000000045A,entry,kWh/h,No injection in transmission network from Industiral clients,,,2025-02-20T13:19:03+01:00,,,,,,,,1,2021-10-01T01:00:00+02:00,,,,,
1Physical FlowhourBE-TSO-0001FNC-00034entrykWh/h2021-10-01T01:00:00Z2021-11-01T01:00:00Z_NA423,1,Physical Flow,hour,2021-10-18T18:00:00+02:00,2021-10-18T19:00:00+02:00,BE-TSO-0001,21X-BE-A-A0A0A-Y,Fluxys Belgium,FNC-00034,Final consumers (BE) (Fluxys) Industrial clients L-zone,21Y000000000045A,entry,kWh/h,No injection in transmission network from Industiral clients,,,2025-02-20T13:19:03+01:00,,,,,,,,1,2021-10-01T01:00:00+02:00,,,,,
1Physical FlowhourBE-TSO-0001FNC-00034entrykWh/h2021-10-01T01:00:00Z2021-11-01T01:00:00Z_NA424,1,Physical Flow,hour,2021-10-18T19:00:00+02:00,2021-10-18T20:00:00+02:00,BE-TSO-0001,21X-BE-A-A0A0A-Y,Fluxys Belgium,FNC-00034,Final consumers (BE) (Fluxys) Industrial clients L-zone,21Y000000000045A,entry,kWh/h,No injection in transmission network from Industiral clients,,,2025-02-20T13:19:03+01:00,,,,,,,,1,2021-10-01T01:00:00+02:00,,,,,
1Physical FlowhourBE-TSO-0001FNC-00034entrykWh/h2021-10-01T01:00:00Z2021-11-01T01:00:00Z_NA425,1,Physical Flow,hour,2021-10-18T20:00:00+02:00,2021-10-18T21:00:00+02:00,BE-TSO-0001,21X-BE-A-A0A0A-Y,Fluxys Belgium,FNC-00034,Final consumers (BE) (Fluxys) Industrial clients L-zone,21Y000000000045A,entry,kWh/h,No injection in transmission network from Industiral clients,,,2025-02-20T13:19:03+01:00,,,,,,,,1,2021-10-01T01:00:00+02:00,,,,,
1Physical FlowhourBE-TSO-0001FNC-00034entrykWh/h2021-10-01T01:00:00Z2021-11-01T01:00:00Z_NA426,1,Physical Flow,hour,2021-10-18T21:00:00+02:00,2021-10-18T22:00:00+02:00,BE-TSO-0001,21X-BE-A-A0A0A-Y,Fluxys Belgium,FNC-00034,Final consumers (BE) (Fluxys) Industrial clients L-zone,21Y000000000045A,entry,kWh/h,No injection in transmission network from Industiral clients,,,2025-02-20T13:19:03+01:00,,,,,,,,1,2021-10-01T01:00:00+02:00,,,,,
1Physical FlowhourBE-TSO-0001FNC-00034entrykWh/h2021-10-01T01:00:00Z2021-11-01T01:00:00Z_NA427,1,Physical Flow,hour,2021-10-18T22:00:00+02:00,2021-10-18T23:00:00+02:00,BE-TSO-0001,21X-BE-A-A0A0A-Y,Fluxys Belgium,FNC-00034,Final consumers (BE) (Fluxys) Industrial clients L-zone,21Y000000000045A,entry,kWh/h,No injection in transmission network from Industiral clients,,,2025-02-20T13:19:03+01:00,,,,,,,,1,2021-10-01T01:00:00+02:00,,,,,
1Physical FlowhourBE-TSO-0001FNC-00034entrykWh/h2021-10-01T01:00:00Z2021-11-01T01:00:00Z_NA428,1,Physical Flow,hour,2021-10-18T23:00:00+02:00,2021-10-19T00:00:00+02:00,BE-TSO-0001,21X-BE-A-A0A0A-Y,Fluxys Belgium,FNC-00034,Final consumers (BE) (Fluxys) Industrial clients L-zone,21Y000000000045A,entry,kWh/h,No injection in transmission network from Industiral clients,,,2025-02-20T13:19:03+01:00,,,,,,,,1,2021-10-01T01:00:00+02:00,,,,,
1Physical FlowhourBE-TSO-0001FNC-00034entrykWh/h2021-10-01T01:00:00Z2021-11-01T01:00:00Z_NA429,1,Physical Flow,hour,2021-10-19T00:00:00+02:00,2021-10-19T01:00:00+02:00,BE-TSO-0001,21X-BE-A-A0A0A-Y,Fluxys Belgium,FNC-00034,Final consumers (BE) (Fluxys) Industrial clients L-zone,21Y000000000045A,entry,kWh/h,No injection in transmission network from Industiral clients,,,2025-02-20T13:19:03+01:00,,,,,,,,1,2021-10-01T01:00:00+02:00,,,,,
1Physical FlowhourBE-TSO-0001FNC-00034entrykWh/h2021-10-01T01:00:00Z2021-11-01T01:00:00Z_NA430,1,Physical Flow,hour,2021-10-19T01:00:00+02:00,2021-10-19T02:00:00+02:00,BE-TSO-0001,21X-BE-A-A0A0A-Y,Fluxys Belgium,FNC-00034,Final consumers (BE) (Fluxys) Industrial clients L-zone,21Y000000000045A,entry,kWh/h,No injection in transmission network from Industiral clients,,,2025-02-20T13:19:03+01:00,,,,,,,,1,2021-10-01T01:00:00+02:00,,,,,
1Physical FlowhourBE-TSO-0001FNC-00034entrykWh/h2021-10-01T01:00:00Z2021-11-01T01:00:00Z_NA431,1,Physical Flow,hour,2021-10-19T02:00:00+02:00,2021-10-19T03:00:00+02:00,BE-TSO-0001,21X-BE-A-A0A0A-Y,Fluxys Belgium,FNC-00034,Final consumers (BE) (Fluxys) Industrial clients L-zone,21Y000000000045A,entry,kWh/h,No injection in transmission network from Industiral clients,,,2025-02-20T13:19:03+01:00,,,,,,,,1,2021-10-01T01:00:00+02:00,,,,,
1Physical FlowhourBE-TSO-0001FNC-00034entrykWh/h2021-10-01T01:00:00Z2021-11-01T01:00:00Z_NA432,1,Physical Flow,hour,2021-10-19T03:00:00+02:00,2021-10-19T04:00:00+02:00,BE-TSO-0001,21X-BE-A-A0A0A-Y,Fluxys Belgium,FNC-00034,Final consumers (BE) (Fluxys) Industrial clients L-zone,21Y000000000045A,entry,kWh/h,No injection in transmission network from Industiral clients,,,2025-02-20T13:19:03+01:00,,,,,,,,1,2021-10-01T01:00:00+02:00,,,,,
1Physical FlowhourBE-TSO-0001FNC-00034entrykWh/h2021-10-01T01:00:00Z2021-11-01T01:00:00Z_NA433,1,Physical Flow,hour,2021-10-19T04:00:00+02:00,2021-10-19T05:00:00+02:00,BE-TSO-0001,21X-BE-A-A0A0A-Y,Fluxys Belgium,FNC-00034,Final consumers (BE) (Fluxys) Industrial clients L-zone,21Y000000000045A,entry,kWh/h,No injection in transmission network from Industiral clients,,,2025-02-20T13:19:03+01:00,,,,,,,,1,2021-10-01T01:00:00+02:00,,,,,
1Physical FlowhourBE-TSO-0001FNC-00034entrykWh/h2021-10-01T01:00:00Z2021-11-01T01:00:00Z_NA434,1,Physical Flow,hour,2021-10-19T05:00:00+02:00,2021-10-19T06:00:00+02:00,BE-TSO-0001,21X-BE-A-A0A0A-Y,Fluxys Belgium,FNC-00034,Final consumers (BE) (Fluxys) Industrial clients L-zone,21Y000000000045A,entry,kWh/h,No injection in transmission network from Industiral clients,,,2025-02-20T13:19:03+01:00,,,,,,,,1,2021-10-01T01:00:00+02:00,,,,,
1Physical FlowhourBE-TSO-0001FNC-00034entrykWh/h2021-10-01T01:00:00Z2021-11-01T01:00:00Z_NA435,1,Physical Flow,hour,2021-10-19T06:00:00+02:00,2021-10-19T07:00:00+02:00,BE-TSO-0001,21X-BE-A-A0A0A-Y,Fluxys Belgium,FNC-00034,Final consumers (BE) (Fluxys) Industrial clients L-zone,21Y000000000045A,entry,kWh/h,No injection in transmission network from Industiral clients,,,2025-02-20T13:19:03+01:00,,,,,,,,1,2021-10-01T01:00:00+02:00,,,,,
1Physical FlowhourBE-TSO-0001FNC-00034entrykWh/h2021-10-01T01:00:00Z2021-11-01T01:00:00Z_NA436,1,Physical Flow,hour,2021-10-19T07:00:00+02:00,2021-10-19T08:00:00+02:00,BE-TSO-0001,21X-BE-A-A0A0A-Y,Fluxys Belgium,FNC-00034,Final consumers (BE) (Fluxys) Industrial clients L-zone,21Y000000000045A,entry,kWh/h,No injection in transmission network from Industiral clients,,,2025-02-20T13:19:03+01:00,,,,,,,,1,2021-10-01T01:00:00+02:00,,,,,
1Physical FlowhourBE-TSO-0001FNC-00034entrykWh/h2021-10-01T01:00:00Z2021-11-01T01:00:00Z_NA437,1,Physical Flow,hour,2021-10-19T08:00:00+02:00,2021-10-19T09:00:00+02:00,BE-TSO-0001,21X-BE-A-A0A0A-Y,Fluxys Belgium,FNC-00034,Final consumers (BE) (Fluxys) Industrial clients L-zone,21Y000000000045A,entry,kWh/h,No injection in transmission network from Industiral clients,,,2025-02-20T13:19:03+01:00,,,,,,,,1,2021-10-01T01:00:00+02:00,,,,,
1Physical FlowhourBE-TSO-0001FNC-00034entrykWh/h2021-10-01T01:00:00Z2021-11-01T01:00:00Z_NA438,1,Physical Flow,hour,2021-10-19T09:00:00+02:00,2021-10-19T10:00:00+02:00,BE-TSO-0001,21X-BE-A-A0A0A-Y,Fluxys Belgium,FNC-00034,Final consumers (BE) (Fluxys) Industrial clients L-zone,21Y000000000045A,entry,kWh/h,No injection in transmission network from Industiral clients,,,2025-02-20T13:19:03+01:00,,,,,,,,1,2021-10-01T01:00:00+02:00,,,,,
1Physical FlowhourBE-TSO-0001FNC-00034entrykWh/h2021-10-01T01:00:00Z2021-11-01T01:00:00Z_NA439,1,Physical Flow,hour,2021-10-19T10:00:00+02:00,2021-10-19T11:00:00+02:00,BE-TSO-0001,21X-BE-A-A0A0A-Y,Fluxys Belgium,FNC-00034,Final consumers (BE) (Fluxys) Industrial clients L-zone,21Y000000000045A,entry,kWh/h,No injection in transmission network from Industiral clients,,,2025-02-20T13:19:03+01:00,,,,,,,,1,2021-10-01T01:00:00+02:00,,,,,
1Physical FlowhourBE-TSO-0001FNC-00034entrykWh/h2021-10-01T01:00:00Z2021-11-01T01:00:00Z_NA440,1,Physical Flow,hour,2021-10-19T11:00:00+02:00,2021-10-19T12:00:00+02:00,BE-TSO-0001,21X-BE-A-A0A0A-Y,Fluxys Belgium,FNC-00034,Final consumers (BE) (Fluxys) Industrial clients L-zone,21Y000000000045A,entry,kWh/h,No injection in transmission network from Industiral clients,,,2025-02-20T13:19:03+01:00,,,,,,,,1,2021-10-01T01:00:00+02:00,,,,,
1Physical FlowhourBE-TSO-0001FNC-00034entrykWh/h2021-10-01T01:00:00Z2021-11-01T01:00:00Z_NA441,1,Physical Flow,hour,2021-10-19T12:00:00+02:00,2021-10-19T13:00:00+02:00,BE-TSO-0001,21X-BE-A-A0A0A-Y,Fluxys Belgium,FNC-00034,Final consumers (BE) (Fluxys) Industrial clients L-zone,21Y000000000045A,entry,kWh/h,No injection in transmission network from Industiral clients,,,2025-02-20T13:19:03+01:00,,,,,,,,1,2021-10-01T01:00:00+02:00,,,,,
1Physical FlowhourBE-TSO-0001FNC-00034entrykWh/h2021-10-01T01:00:00Z2021-11-01T01:00:00Z_NA442,1,Physical Flow,hour,2021-10-19T13:00:00+02:00,2021-10-19T14:00:00+02:00,BE-TSO-0001,21X-BE-A-A0A0A-Y,Fluxys Belgium,FNC-00034,Final consumers (BE) (Fluxys) Industrial clients L-zone,21Y000000000045A,entry,kWh/h,No injection in transmission network from Industiral clients,,,2025-02-20T13:19:03+01:00,,,,,,,,1,2021-10-01T01:00:00+02:00,,,,,
1Physical FlowhourBE-TSO-0001FNC-00034entrykWh/h2021-10-01T01:00:00Z2021-11-01T01:00:00Z_NA443,1,Physical Flow,hour,2021-10-19T14:00:00+02:00,2021-10-19T15:00:00+02:00,BE-TSO-0001,21X-BE-A-A0A0A-Y,Fluxys Belgium,FNC-00034,Final consumers (BE) (Fluxys) Industrial clients L-zone,21Y000000000045A,entry,kWh/h,No injection in transmission network from Industiral clients,,,2025-02-20T13:19:03+01:00,,,,,,,,1,2021-10-01T01:00:00+02:00,,,,,
1Physical FlowhourBE-TSO-0001FNC-00034entrykWh/h2021-10-01T01:00:00Z2021-11-01T01:00:00Z_NA444,1,Physical Flow,hour,2021-10-19T15:00:00+02:00,2021-10-19T16:00:00+02:00,BE-TSO-0001,21X-BE-A-A0A0A-Y,Fluxys Belgium,FNC-00034,Final consumers (BE) (Fluxys) Industrial clients L-zone,21Y000000000045A,entry,kWh/h,No injection in transmission network from Industiral clients,,,2025-02-20T13:19:03+01:00,,,,,,,,1,2021-10-01T01:00:00+02:00,,,,,
1Physical FlowhourBE-TSO-0001FNC-00034entrykWh/h2021-10-01T01:00:00Z2021-11-01T01:00:00Z_NA445,1,Physical Flow,hour,2021-10-19T16:00:00+02:00,2021-10-19T17:00:00+02:00,BE-TSO-0001,21X-BE-A-A0A0A-Y,Fluxys Belgium,FNC-00034,Final consumers (BE) (Fluxys) Industrial clients L-zone,21Y000000000045A,entry,kWh/h,No injection in transmission network from Industiral clients,,,2025-02-20T13:19:03+01:00,,,,,,,,1,2021-10-01T01:00:00+02:00,,,,,
1Physical FlowhourBE-TSO-0001FNC-00034entrykWh/h2021-10-01T01:00:00Z2021-11-01T01:00:00Z_NA446,1,Physical Flow,hour,2021-10-19T17:00:00+02:00,2021-10-19T18:00:00+02:00,BE-TSO-0001,21X-BE-A-A0A0A-Y,Fluxys Belgium,FNC-00034,Final consumers (BE) (Fluxys) Industrial clients L-zone,21Y000000000045A,entry,kWh/h,No injection in transmission network from Industiral clients,,,2025-02-20T13:19:03+01:00,,,,,,,,1,2021-10-01T01:00:00+02:00,,,,,
1Physical FlowhourBE-TSO-0001FNC-00034entrykWh/h2021-10-01T01:00:00Z2021-11-01T01:00:00Z_NA447,1,Physical Flow,hour,2021-10-19T18:00:00+02:00,2021-10-19T19:00:00+02:00,BE-TSO-0001,21X-BE-A-A0A0A-Y,Fluxys Belgium,FNC-00034,Final consumers (BE) (Fluxys) Industrial clients L-zone,21Y000000000045A,entry,kWh/h,No injection in transmission network from Industiral clients,,,2025-02-20T13:19:03+01:00,,,,,,,,1,2021-10-01T01:00:00+02:00,,,,,
1Physical FlowhourBE-TSO-0001FNC-00034entrykWh/h2021-10-01T01:00:00Z2021-11-01T01:00:00Z_NA448,1,Physical Flow,hour,2021-10-19T19:00:00+02:00,2021-10-19T20:00:00+02:00,BE-TSO-0001,21X-BE-A-A0A0A-Y,Fluxys Belgium,FNC-00034,Final consumers (BE) (Fluxys) Industrial clients L-zone,21Y000000000045A,entry,kWh/h,No injection in transmission network from Industiral clients,,,2025-02-20T13:19:03+01:00,,,,,,,,1,2021-10-01T01:00:00+02:00,,,,,
1Physical FlowhourBE-TSO-0001FNC-00034entrykWh/h2021-10-01T01:00:00Z2021-11-01T01:00:00Z_NA449,1,Physical Flow,hour,2021-10-19T20:00:00+02:00,2021-10-19T21:00:00+02:00,BE-TSO-0001,21X-BE-A-A0A0A-Y,Fluxys Belgium,FNC-00034,Final consumers (BE) (Fluxys) Industrial clients L-zone,21Y000000000045A,entry,kWh/h,No injection in transmission network from Industiral clients,,,2025-02-20T13:19:03+01:00,,,,,,,,1,2021-10-01T01:00:00+02:00,,,,,
1Physical FlowhourBE-TSO-0001FNC-00034entrykWh/h2021-10-01T01:00:00Z2021-11-01T01:00:00Z_NA450,1,Physical Flow,hour,2021-10-19T21:00:00+02:00,2021-10-19T22:00:00+02:00,BE-TSO-0001,21X-BE-A-A0A0A-Y,Fluxys Belgium,FNC-00034,Final consumers (BE) (Fluxys) Industrial clients L-zone,21Y000000000045A,entry,kWh/h,No injection in transmission network from Industiral clients,,,2025-02-20T13:19:03+01:00,,,,,,,,1,2021-10-01T01:00:00+02:00,,,,,
1Physical FlowhourBE-TSO-0001FNC-00034entrykWh/h2021-10-01T01:00:00Z2021-11-01T01:00:00Z_NA451,1,Physical Flow,hour,2021-10-19T22:00:00+02:00,2021-10-19T23:00:00+02:00,BE-TSO-0001,21X-BE-A-A0A0A-Y,Fluxys Belgium,FNC-00034,Final consumers (BE) (Fluxys) Industrial clients L-zone,21Y000000000045A,entry,kWh/h,No injection in transmission network from Industiral clients,,,2025-02-20T13:19:03+01:00,,,,,,,,1,2021-10-01T01:00:00+02:00,,,,,
1Physical FlowhourBE-TSO-0001FNC-00034entrykWh/h2021-10-01T01:00:00Z2021-11-01T01:00:00Z_NA452,1,Physical Flow,hour,2021-10-19T23:00:00+02:00,2021-10-20T00:00:00+02:00,BE-TSO-0001,21X-BE-A-A0A0A-Y,Fluxys Belgium,FNC-00034,Final consumers (BE) (Fluxys) Industrial clients L-zone,21Y000000000045A,entry,kWh/h,No injection in transmission network from Industiral clients,,,2025-02-20T13:19:03+01:00,,,,,,,,1,2021-10-01T01:00:00+02:00,,,,,
1Physical FlowhourBE-TSO-0001FNC-00034entrykWh/h2021-10-01T01:00:00Z2021-11-01T01:00:00Z_NA453,1,Physical Flow,hour,2021-10-20T00:00:00+02:00,2021-10-20T01:00:00+02:00,BE-TSO-0001,21X-BE-A-A0A0A-Y,Fluxys Belgium,FNC-00034,Final consumers (BE) (Fluxys) Industrial clients L-zone,21Y000000000045A,entry,kWh/h,No injection in transmission network from Industiral clients,,,2025-02-20T13:19:03+01:00,,,,,,,,1,2021-10-01T01:00:00+02:00,,,,,
1Physical FlowhourBE-TSO-0001FNC-00034entrykWh/h2021-10-01T01:00:00Z2021-11-01T01:00:00Z_NA454,1,Physical Flow,hour,2021-10-20T01:00:00+02:00,2021-10-20T02:00:00+02:00,BE-TSO-0001,21X-BE-A-A0A0A-Y,Fluxys Belgium,FNC-00034,Final consumers (BE) (Fluxys) Industrial clients L-zone,21Y000000000045A,entry,kWh/h,No injection in transmission network from Industiral clients,,,2025-02-20T13:19:03+01:00,,,,,,,,1,2021-10-01T01:00:00+02:00,,,,,
1Physical FlowhourBE-TSO-0001FNC-00034entrykWh/h2021-10-01T01:00:00Z2021-11-01T01:00:00Z_NA455,1,Physical Flow,hour,2021-10-20T02:00:00+02:00,2021-10-20T03:00:00+02:00,BE-TSO-0001,21X-BE-A-A0A0A-Y,Fluxys Belgium,FNC-00034,Final consumers (BE) (Fluxys) Industrial clients L-zone,21Y000000000045A,entry,kWh/h,No injection in transmission network from Industiral clients,,,2025-02-20T13:19:03+01:00,,,,,,,,1,2021-10-01T01:00:00+02:00,,,,,
1Physical FlowhourBE-TSO-0001FNC-00034entrykWh/h2021-10-01T01:00:00Z2021-11-01T01:00:00Z_NA456,1,Physical Flow,hour,2021-10-20T03:00:00+02:00,2021-10-20T04:00:00+02:00,BE-TSO-0001,21X-BE-A-A0A0A-Y,Fluxys Belgium,FNC-00034,Final consumers (BE) (Fluxys) Industrial clients L-zone,21Y000000000045A,entry,kWh/h,No injection in transmission network from Industiral clients,,,2025-02-20T13:19:03+01:00,,,,,,,,1,2021-10-01T01:00:00+02:00,,,,,
1Physical FlowhourBE-TSO-0001FNC-00034entrykWh/h2021-10-01T01:00:00Z2021-11-01T01:00:00Z_NA457,1,Physical Flow,hour,2021-10-20T04:00:00+02:00,2021-10-20T05:00:00+02:00,BE-TSO-0001,21X-BE-A-A0A0A-Y,Fluxys Belgium,FNC-00034,Final consumers (BE) (Fluxys) Industrial clients L-zone,21Y000000000045A,entry,kWh/h,No injection in transmission network from Industiral clients,,,2025-02-20T13:19:03+01:00,,,,,,,,1,2021-10-01T01:00:00+02:00,,,,,
1Physical FlowhourBE-TSO-0001FNC-00034entrykWh/h2021-10-01T01:00:00Z2021-11-01T01:00:00Z_NA458,1,Physical Flow,hour,2021-10-20T05:00:00+02:00,2021-10-20T06:00:00+02:00,BE-TSO-0001,21X-BE-A-A0A0A-Y,Fluxys Belgium,FNC-00034,Final consumers (BE) (Fluxys) Industrial clients L-zone,21Y000000000045A,entry,kWh/h,No injection in transmission network from Industiral clients,,,2025-02-20T13:19:03+01:00,,,,,,,,1,2021-10-01T01:00:00+02:00,,,,,
1Physical FlowhourBE-TSO-0001FNC-00034entrykWh/h2021-10-01T01:00:00Z2021-11-01T01:00:00Z_NA459,1,Physical Flow,hour,2021-10-20T06:00:00+02:00,2021-10-20T07:00:00+02:00,BE-TSO-0001,21X-BE-A-A0A0A-Y,Fluxys Belgium,FNC-00034,Final consumers (BE) (Fluxys) Industrial clients L-zone,21Y000000000045A,entry,kWh/h,No injection in transmission network from Industiral clients,,,2025-02-20T13:19:03+01:00,,,,,,,,1,2021-10-01T01:00:00+02:00,,,,,
1Physical FlowhourBE-TSO-0001FNC-00034entrykWh/h2021-10-01T01:00:00Z2021-11-01T01:00:00Z_NA460,1,Physical Flow,hour,2021-10-20T07:00:00+02:00,2021-10-20T08:00:00+02:00,BE-TSO-0001,21X-BE-A-A0A0A-Y,Fluxys Belgium,FNC-00034,Final consumers (BE) (Fluxys) Industrial clients L-zone,21Y000000000045A,entry,kWh/h,No injection in transmission network from Industiral clients,,,2025-02-20T13:19:03+01:00,,,,,,,,1,2021-10-01T01:00:00+02:00,,,,,
1Physical FlowhourBE-TSO-0001FNC-00034entrykWh/h2021-10-01T01:00:00Z2021-11-01T01:00:00Z_NA461,1,Physical Flow,hour,2021-10-20T08:00:00+02:00,2021-10-20T09:00:00+02:00,BE-TSO-0001,21X-BE-A-A0A0A-Y,Fluxys Belgium,FNC-00034,Final consumers (BE) (Fluxys) Industrial clients L-zone,21Y000000000045A,entry,kWh/h,No injection in transmission network from Industiral clients,,,2025-02-20T13:19:03+01:00,,,,,,,,1,2021-10-01T01:00:00+02:00,,,,,
1Physical FlowhourBE-TSO-0001FNC-00034entrykWh/h2021-10-01T01:00:00Z2021-11-01T01:00:00Z_NA462,1,Physical Flow,hour,2021-10-20T09:00:00+02:00,2021-10-20T10:00:00+02:00,BE-TSO-0001,21X-BE-A-A0A0A-Y,Fluxys Belgium,FNC-00034,Final consumers (BE) (Fluxys) Industrial clients L-zone,21Y000000000045A,entry,kWh/h,No injection in transmission network from Industiral clients,,,2025-02-20T13:19:03+01:00,,,,,,,,1,2021-10-01T01:00:00+02:00,,,,,
1Physical FlowhourBE-TSO-0001FNC-00034entrykWh/h2021-10-01T01:00:00Z2021-11-01T01:00:00Z_NA463,1,Physical Flow,hour,2021-10-20T10:00:00+02:00,2021-10-20T11:00:00+02:00,BE-TSO-0001,21X-BE-A-A0A0A-Y,Fluxys Belgium,FNC-00034,Final consumers (BE) (Fluxys) Industrial clients L-zone,21Y000000000045A,entry,kWh/h,No injection in transmission network from Industiral clients,,,2025-02-20T13:19:03+01:00,,,,,,,,1,2021-10-01T01:00:00+02:00,,,,,
1Physical FlowhourBE-TSO-0001FNC-00034entrykWh/h2021-10-01T01:00:00Z2021-11-01T01:00:00Z_NA464,1,Physical Flow,hour,2021-10-20T11:00:00+02:00,2021-10-20T12:00:00+02:00,BE-TSO-0001,21X-BE-A-A0A0A-Y,Fluxys Belgium,FNC-00034,Final consumers (BE) (Fluxys) Industrial clients L-zone,21Y000000000045A,entry,kWh/h,No injection in transmission network from Industiral clients,,,2025-02-20T13:19:03+01:00,,,,,,,,1,2021-10-01T01:00:00+02:00,,,,,
1Physical FlowhourBE-TSO-0001FNC-00034entrykWh/h2021-10-01T01:00:00Z2021-11-01T01:00:00Z_NA465,1,Physical Flow,hour,2021-10-20T12:00:00+02:00,2021-10-20T13:00:00+02:00,BE-TSO-0001,21X-BE-A-A0A0A-Y,Fluxys Belgium,FNC-00034,Final consumers (BE) (Fluxys) Industrial clients L-zone,21Y000000000045A,entry,kWh/h,No injection in transmission network from Industiral clients,,,2025-02-20T13:19:03+01:00,,,,,,,,1,2021-10-01T01:00:00+02:00,,,,,
1Physical FlowhourBE-TSO-0001FNC-00034entrykWh/h2021-10-01T01:00:00Z2021-11-01T01:00:00Z_NA466,1,Physical Flow,hour,2021-10-20T13:00:00+02:00,2021-10-20T14:00:00+02:00,BE-TSO-0001,21X-BE-A-A0A0A-Y,Fluxys Belgium,FNC-00034,Final consumers (BE) (Fluxys) Industrial clients L-zone,21Y000000000045A,entry,kWh/h,No injection in transmission network from Industiral clients,,,2025-02-20T13:19:03+01:00,,,,,,,,1,2021-10-01T01:00:00+02:00,,,,,
1Physical FlowhourBE-TSO-0001FNC-00034entrykWh/h2021-10-01T01:00:00Z2021-11-01T01:00:00Z_NA467,1,Physical Flow,hour,2021-10-20T14:00:00+02:00,2021-10-20T15:00:00+02:00,BE-TSO-0001,21X-BE-A-A0A0A-Y,Fluxys Belgium,FNC-00034,Final consumers (BE) (Fluxys) Industrial clients L-zone,21Y000000000045A,entry,kWh/h,No injection in transmission network from Industiral clients,,,2025-02-20T13:19:03+01:00,,,,,,,,1,2021-10-01T01:00:00+02:00,,,,,
1Physical FlowhourBE-TSO-0001FNC-00034entrykWh/h2021-10-01T01:00:00Z2021-11-01T01:00:00Z_NA468,1,Physical Flow,hour,2021-10-20T15:00:00+02:00,2021-10-20T16:00:00+02:00,BE-TSO-0001,21X-BE-A-A0A0A-Y,Fluxys Belgium,FNC-00034,Final consumers (BE) (Fluxys) Industrial clients L-zone,21Y000000000045A,entry,kWh/h,No injection in transmission network from Industiral clients,,,2025-02-20T13:19:03+01:00,,,,,,,,1,2021-10-01T01:00:00+02:00,,,,,
1Physical FlowhourBE-TSO-0001FNC-00034entrykWh/h2021-10-01T01:00:00Z2021-11-01T01:00:00Z_NA469,1,Physical Flow,hour,2021-10-20T16:00:00+02:00,2021-10-20T17:00:00+02:00,BE-TSO-0001,21X-BE-A-A0A0A-Y,Fluxys Belgium,FNC-00034,Final consumers (BE) (Fluxys) Industrial clients L-zone,21Y000000000045A,entry,kWh/h,No injection in transmission network from Industiral clients,,,2025-02-20T13:19:03+01:00,,,,,,,,1,2021-10-01T01:00:00+02:00,,,,,
1Physical FlowhourBE-TSO-0001FNC-00034entrykWh/h2021-10-01T01:00:00Z2021-11-01T01:00:00Z_NA470,1,Physical Flow,hour,2021-10-20T17:00:00+02:00,2021-10-20T18:00:00+02:00,BE-TSO-0001,21X-BE-A-A0A0A-Y,Fluxys Belgium,FNC-00034,Final consumers (BE) (Fluxys) Industrial clients L-zone,21Y000000000045A,entry,kWh/h,No injection in transmission network from Industiral clients,,,2025-02-20T13:19:03+01:00,,,,,,,,1,2021-10-01T01:00:00+02:00,,,,,
1Physical FlowhourBE-TSO-0001FNC-00034entrykWh/h2021-10-01T01:00:00Z2021-11-01T01:00:00Z_NA471,1,Physical Flow,hour,2021-10-20T18:00:00+02:00,2021-10-20T19:00:00+02:00,BE-TSO-0001,21X-BE-A-A0A0A-Y,Fluxys Belgium,FNC-00034,Final consumers (BE) (Fluxys) Industrial clients L-zone,21Y000000000045A,entry,kWh/h,No injection in transmission network from Industiral clients,,,2025-02-20T13:19:03+01:00,,,,,,,,1,2021-10-01T01:00:00+02:00,,,,,
1Physical FlowhourBE-TSO-0001FNC-00034entrykWh/h2021-10-01T01:00:00Z2021-11-01T01:00:00Z_NA472,1,Physical Flow,hour,2021-10-20T19:00:00+02:00,2021-10-20T20:00:00+02:00,BE-TSO-0001,21X-BE-A-A0A0A-Y,Fluxys Belgium,FNC-00034,Final consumers (BE) (Fluxys) Industrial clients L-zone,21Y000000000045A,entry,kWh/h,No injection in transmission network from Industiral clients,,,2025-02-20T13:19:03+01:00,,,,,,,,1,2021-10-01T01:00:00+02:00,,,,,
1Physical FlowhourBE-TSO-0001FNC-00034entrykWh/h2021-10-01T01:00:00Z2021-11-01T01:00:00Z_NA473,1,Physical Flow,hour,2021-10-20T20:00:00+02:00,2021-10-20T21:00:00+02:00,BE-TSO-0001,21X-BE-A-A0A0A-Y,Fluxys Belgium,FNC-00034,Final consumers (BE) (Fluxys) Industrial clients L-zone,21Y000000000045A,entry,kWh/h,No injection in transmission network from Industiral clients,,,2025-02-20T13:19:03+01:00,,,,,,,,1,2021-10-01T01:00:00+02:00,,,,,
1Physical FlowhourBE-TSO-0001FNC-00034entrykWh/h2021-10-01T01:00:00Z2021-11-01T01:00:00Z_NA474,1,Physical Flow,hour,2021-10-20T21:00:00+02:00,2021-10-20T22:00:00+02:00,BE-TSO-0001,21X-BE-A-A0A0A-Y,Fluxys Belgium,FNC-00034,Final consumers (BE) (Fluxys) Industrial clients L-zone,21Y000000000045A,entry,kWh/h,No injection in transmission network from Industiral clients,,,2025-02-20T13:19:03+01:00,,,,,,,,1,2021-10-01T01:00:00+02:00,,,,,
1Physical FlowhourBE-TSO-0001FNC-00034entrykWh/h2021-10-01T01:00:00Z2021-11-01T01:00:00Z_NA475,1,Physical Flow,hour,2021-10-20T22:00:00+02:00,2021-10-20T23:00:00+02:00,BE-TSO-0001,21X-BE-A-A0A0A-Y,Fluxys Belgium,FNC-00034,Final consumers (BE) (Fluxys) Industrial clients L-zone,21Y000000000045A,entry,kWh/h,No injection in transmission network from Industiral clients,,,2025-02-20T13:19:03+01:00,,,,,,,,1,2021-10-01T01:00:00+02:00,,,,,
1Physical FlowhourBE-TSO-0001FNC-00034entrykWh/h2021-10-01T01:00:00Z2021-11-01T01:00:00Z_NA476,1,Physical Flow,hour,2021-10-20T23:00:00+02:00,2021-10-21T00:00:00+02:00,BE-TSO-0001,21X-BE-A-A0A0A-Y,Fluxys Belgium,FNC-00034,Final consumers (BE) (Fluxys) Industrial clients L-zone,21Y000000000045A,entry,kWh/h,No injection in transmission network from Industiral clients,,,2025-02-20T13:19:03+01:00,,,,,,,,1,2021-10-01T01:00:00+02:00,,,,,
1Physical FlowhourBE-TSO-0001FNC-00034entrykWh/h2021-10-01T01:00:00Z2021-11-01T01:00:00Z_NA477,1,Physical Flow,hour,2021-10-21T00:00:00+02:00,2021-10-21T01:00:00+02:00,BE-TSO-0001,21X-BE-A-A0A0A-Y,Fluxys Belgium,FNC-00034,Final consumers (BE) (Fluxys) Industrial clients L-zone,21Y000000000045A,entry,kWh/h,No injection in transmission network from Industiral clients,,,2025-02-20T13:19:03+01:00,,,,,,,,1,2021-10-01T01:00:00+02:00,,,,,
1Physical FlowhourBE-TSO-0001FNC-00034entrykWh/h2021-10-01T01:00:00Z2021-11-01T01:00:00Z_NA478,1,Physical Flow,hour,2021-10-21T01:00:00+02:00,2021-10-21T02:00:00+02:00,BE-TSO-0001,21X-BE-A-A0A0A-Y,Fluxys Belgium,FNC-00034,Final consumers (BE) (Fluxys) Industrial clients L-zone,21Y000000000045A,entry,kWh/h,No injection in transmission network from Industiral clients,,,2025-02-20T13:19:03+01:00,,,,,,,,1,2021-10-01T01:00:00+02:00,,,,,
1Physical FlowhourBE-TSO-0001FNC-00034entrykWh/h2021-10-01T01:00:00Z2021-11-01T01:00:00Z_NA479,1,Physical Flow,hour,2021-10-21T02:00:00+02:00,2021-10-21T03:00:00+02:00,BE-TSO-0001,21X-BE-A-A0A0A-Y,Fluxys Belgium,FNC-00034,Final consumers (BE) (Fluxys) Industrial clients L-zone,21Y000000000045A,entry,kWh/h,No injection in transmission network from Industiral clients,,,2025-02-20T13:19:03+01:00,,,,,,,,1,2021-10-01T01:00:00+02:00,,,,,
1Physical FlowhourBE-TSO-0001FNC-00034entrykWh/h2021-10-01T01:00:00Z2021-11-01T01:00:00Z_NA480,1,Physical Flow,hour,2021-10-21T03:00:00+02:00,2021-10-21T04:00:00+02:00,BE-TSO-0001,21X-BE-A-A0A0A-Y,Fluxys Belgium,FNC-00034,Final consumers (BE) (Fluxys) Industrial clients L-zone,21Y000000000045A,entry,kWh/h,No injection in transmission network from Industiral clients,,,2025-02-20T13:19:03+01:00,,,,,,,,1,2021-10-01T01:00:00+02:00,,,,,
1Physical FlowhourBE-TSO-0001FNC-00034entrykWh/h2021-10-01T01:00:00Z2021-11-01T01:00:00Z_NA481,1,Physical Flow,hour,2021-10-21T04:00:00+02:00,2021-10-21T05:00:00+02:00,BE-TSO-0001,21X-BE-A-A0A0A-Y,Fluxys Belgium,FNC-00034,Final consumers (BE) (Fluxys) Industrial clients L-zone,21Y000000000045A,entry,kWh/h,No injection in transmission network from Industiral clients,,,2025-02-20T13:19:03+01:00,,,,,,,,1,2021-10-01T01:00:00+02:00,,,,,
1Physical FlowhourBE-TSO-0001FNC-00034entrykWh/h2021-10-01T01:00:00Z2021-11-01T01:00:00Z_NA482,1,Physical Flow,hour,2021-10-21T05:00:00+02:00,2021-10-21T06:00:00+02:00,BE-TSO-0001,21X-BE-A-A0A0A-Y,Fluxys Belgium,FNC-00034,Final consumers (BE) (Fluxys) Industrial clients L-zone,21Y000000000045A,entry,kWh/h,No injection in transmission network from Industiral clients,,,2025-02-20T13:19:03+01:00,,,,,,,,1,2021-10-01T01:00:00+02:00,,,,,
1Physical FlowhourBE-TSO-0001FNC-00034entrykWh/h2021-10-01T01:00:00Z2021-11-01T01:00:00Z_NA483,1,Physical Flow,hour,2021-10-21T06:00:00+02:00,2021-10-21T07:00:00+02:00,BE-TSO-0001,21X-BE-A-A0A0A-Y,Fluxys Belgium,FNC-00034,Final consumers (BE) (Fluxys) Industrial clients L-zone,21Y000000000045A,entry,kWh/h,No injection in transmission network from Industiral clients,,,2025-02-20T13:19:03+01:00,,,,,,,,1,2021-10-01T01:00:00+02:00,,,,,
1Physical FlowhourBE-TSO-0001FNC-00034entrykWh/h2021-10-01T01:00:00Z2021-11-01T01:00:00Z_NA484,1,Physical Flow,hour,2021-10-21T07:00:00+02:00,2021-10-21T08:00:00+02:00,BE-TSO-0001,21X-BE-A-A0A0A-Y,Fluxys Belgium,FNC-00034,Final consumers (BE) (Fluxys) Industrial clients L-zone,21Y000000000045A,entry,kWh/h,No injection in transmission network from Industiral clients,,,2025-02-20T13:19:03+01:00,,,,,,,,1,2021-10-01T01:00:00+02:00,,,,,
1Physical FlowhourBE-TSO-0001FNC-00034entrykWh/h2021-10-01T01:00:00Z2021-11-01T01:00:00Z_NA485,1,Physical Flow,hour,2021-10-21T08:00:00+02:00,2021-10-21T09:00:00+02:00,BE-TSO-0001,21X-BE-A-A0A0A-Y,Fluxys Belgium,FNC-00034,Final consumers (BE) (Fluxys) Industrial clients L-zone,21Y000000000045A,entry,kWh/h,No injection in transmission network from Industiral clients,,,2025-02-20T13:19:03+01:00,,,,,,,,1,2021-10-01T01:00:00+02:00,,,,,
1Physical FlowhourBE-TSO-0001FNC-00034entrykWh/h2021-10-01T01:00:00Z2021-11-01T01:00:00Z_NA486,1,Physical Flow,hour,2021-10-21T09:00:00+02:00,2021-10-21T10:00:00+02:00,BE-TSO-0001,21X-BE-A-A0A0A-Y,Fluxys Belgium,FNC-00034,Final consumers (BE) (Fluxys) Industrial clients L-zone,21Y000000000045A,entry,kWh/h,No injection in transmission network from Industiral clients,,,2025-02-20T13:19:03+01:00,,,,,,,,1,2021-10-01T01:00:00+02:00,,,,,
1Physical FlowhourBE-TSO-0001FNC-00034entrykWh/h2021-10-01T01:00:00Z2021-11-01T01:00:00Z_NA487,1,Physical Flow,hour,2021-10-21T10:00:00+02:00,2021-10-21T11:00:00+02:00,BE-TSO-0001,21X-BE-A-A0A0A-Y,Fluxys Belgium,FNC-00034,Final consumers (BE) (Fluxys) Industrial clients L-zone,21Y000000000045A,entry,kWh/h,No injection in transmission network from Industiral clients,,,2025-02-20T13:19:03+01:00,,,,,,,,1,2021-10-01T01:00:00+02:00,,,,,
1Physical FlowhourBE-TSO-0001FNC-00034entrykWh/h2021-10-01T01:00:00Z2021-11-01T01:00:00Z_NA488,1,Physical Flow,hour,2021-10-21T11:00:00+02:00,2021-10-21T12:00:00+02:00,BE-TSO-0001,21X-BE-A-A0A0A-Y,Fluxys Belgium,FNC-00034,Final consumers (BE) (Fluxys) Industrial clients L-zone,21Y000000000045A,entry,kWh/h,No injection in transmission network from Industiral clients,,,2025-02-20T13:19:03+01:00,,,,,,,,1,2021-10-01T01:00:00+02:00,,,,,
1Physical FlowhourBE-TSO-0001FNC-00034entrykWh/h2021-10-01T01:00:00Z2021-11-01T01:00:00Z_NA489,1,Physical Flow,hour,2021-10-21T12:00:00+02:00,2021-10-21T13:00:00+02:00,BE-TSO-0001,21X-BE-A-A0A0A-Y,Fluxys Belgium,FNC-00034,Final consumers (BE) (Fluxys) Industrial clients L-zone,21Y000000000045A,entry,kWh/h,No injection in transmission network from Industiral clients,,,2025-02-20T13:19:03+01:00,,,,,,,,1,2021-10-01T01:00:00+02:00,,,,,
1Physical FlowhourBE-TSO-0001FNC-00034entrykWh/h2021-10-01T01:00:00Z2021-11-01T01:00:00Z_NA490,1,Physical Flow,hour,2021-10-21T13:00:00+02:00,2021-10-21T14:00:00+02:00,BE-TSO-0001,21X-BE-A-A0A0A-Y,Fluxys Belgium,FNC-00034,Final consumers (BE) (Fluxys) Industrial clients L-zone,21Y000000000045A,entry,kWh/h,No injection in transmission network from Industiral clients,,,2025-02-20T13:19:03+01:00,,,,,,,,1,2021-10-01T01:00:00+02:00,,,,,
1Physical FlowhourBE-TSO-0001FNC-00034entrykWh/h2021-10-01T01:00:00Z2021-11-01T01:00:00Z_NA491,1,Physical Flow,hour,2021-10-21T14:00:00+02:00,2021-10-21T15:00:00+02:00,BE-TSO-0001,21X-BE-A-A0A0A-Y,Fluxys Belgium,FNC-00034,Final consumers (BE) (Fluxys) Industrial clients L-zone,21Y000000000045A,entry,kWh/h,No injection in transmission network from Industiral clients,,,2025-02-20T13:19:03+01:00,,,,,,,,1,2021-10-01T01:00:00+02:00,,,,,
1Physical FlowhourBE-TSO-0001FNC-00034entrykWh/h2021-10-01T01:00:00Z2021-11-01T01:00:00Z_NA492,1,Physical Flow,hour,2021-10-21T15:00:00+02:00,2021-10-21T16:00:00+02:00,BE-TSO-0001,21X-BE-A-A0A0A-Y,Fluxys Belgium,FNC-00034,Final consumers (BE) (Fluxys) Industrial clients L-zone,21Y000000000045A,entry,kWh/h,No injection in transmission network from Industiral clients,,,2025-02-20T13:19:03+01:00,,,,,,,,1,2021-10-01T01:00:00+02:00,,,,,
1Physical FlowhourBE-TSO-0001FNC-00034entrykWh/h2021-10-01T01:00:00Z2021-11-01T01:00:00Z_NA493,1,Physical Flow,hour,2021-10-21T16:00:00+02:00,2021-10-21T17:00:00+02:00,BE-TSO-0001,21X-BE-A-A0A0A-Y,Fluxys Belgium,FNC-00034,Final consumers (BE) (Fluxys) Industrial clients L-zone,21Y000000000045A,entry,kWh/h,No injection in transmission network from Industiral clients,,,2025-02-20T13:19:03+01:00,,,,,,,,1,2021-10-01T01:00:00+02:00,,,,,
1Physical FlowhourBE-TSO-0001FNC-00034entrykWh/h2021-10-01T01:00:00Z2021-11-01T01:00:00Z_NA494,1,Physical Flow,hour,2021-10-21T17:00:00+02:00,2021-10-21T18:00:00+02:00,BE-TSO-0001,21X-BE-A-A0A0A-Y,Fluxys Belgium,FNC-00034,Final consumers (BE) (Fluxys) Industrial clients L-zone,21Y000000000045A,entry,kWh/h,No injection in transmission network from Industiral clients,,,2025-02-20T13:19:03+01:00,,,,,,,,1,2021-10-01T01:00:00+02:00,,,,,
1Physical FlowhourBE-TSO-0001FNC-00034entrykWh/h2021-10-01T01:00:00Z2021-11-01T01:00:00Z_NA495,1,Physical Flow,hour,2021-10-21T18:00:00+02:00,2021-10-21T19:00:00+02:00,BE-TSO-0001,21X-BE-A-A0A0A-Y,Fluxys Belgium,FNC-00034,Final consumers (BE) (Fluxys) Industrial clients L-zone,21Y000000000045A,entry,kWh/h,No injection in transmission network from Industiral clients,,,2025-02-20T13:19:03+01:00,,,,,,,,1,2021-10-01T01:00:00+02:00,,,,,
1Physical FlowhourBE-TSO-0001FNC-00034entrykWh/h2021-10-01T01:00:00Z2021-11-01T01:00:00Z_NA496,1,Physical Flow,hour,2021-10-21T19:00:00+02:00,2021-10-21T20:00:00+02:00,BE-TSO-0001,21X-BE-A-A0A0A-Y,Fluxys Belgium,FNC-00034,Final consumers (BE) (Fluxys) Industrial clients L-zone,21Y000000000045A,entry,kWh/h,No injection in transmission network from Industiral clients,,,2025-02-20T13:19:03+01:00,,,,,,,,1,2021-10-01T01:00:00+02:00,,,,,
1Physical FlowhourBE-TSO-0001FNC-00034entrykWh/h2021-10-01T01:00:00Z2021-11-01T01:00:00Z_NA497,1,Physical Flow,hour,2021-10-21T20:00:00+02:00,2021-10-21T21:00:00+02:00,BE-TSO-0001,21X-BE-A-A0A0A-Y,Fluxys Belgium,FNC-00034,Final consumers (BE) (Fluxys) Industrial clients L-zone,21Y000000000045A,entry,kWh/h,No injection in transmission network from Industiral clients,,,2025-02-20T13:19:03+01:00,,,,,,,,1,2021-10-01T01:00:00+02:00,,,,,
1Physical FlowhourBE-TSO-0001FNC-00034entrykWh/h2021-10-01T01:00:00Z2021-11-01T01:00:00Z_NA498,1,Physical Flow,hour,2021-10-21T21:00:00+02:00,2021-10-21T22:00:00+02:00,BE-TSO-0001,21X-BE-A-A0A0A-Y,Fluxys Belgium,FNC-00034,Final consumers (BE) (Fluxys) Industrial clients L-zone,21Y000000000045A,entry,kWh/h,No injection in transmission network from Industiral clients,,,2025-02-20T13:19:03+01:00,,,,,,,,1,2021-10-01T01:00:00+02:00,,,,,
1Physical FlowhourBE-TSO-0001FNC-00034entrykWh/h2021-10-01T01:00:00Z2021-11-01T01:00:00Z_NA499,1,Physical Flow,hour,2021-10-21T22:00:00+02:00,2021-10-21T23:00:00+02:00,BE-TSO-0001,21X-BE-A-A0A0A-Y,Fluxys Belgium,FNC-00034,Final consumers (BE) (Fluxys) Industrial clients L-zone,21Y000000000045A,entry,kWh/h,No injection in transmission network from Industiral clients,,,2025-02-20T13:19:03+01:00,,,,,,,,1,2021-10-01T01:00:00+02:00,,,,,
1Physical FlowhourBE-TSO-0001FNC-00034entrykWh/h2021-10-01T01:00:00Z2021-11-01T01:00:00Z_NA500,1,Physical Flow,hour,2021-10-21T23:00:00+02:00,2021-10-22T00:00:00+02:00,BE-TSO-0001,21X-BE-A-A0A0A-Y,Fluxys Belgium,FNC-00034,Final consumers (BE) (Fluxys) Industrial clients L-zone,21Y000000000045A,entry,kWh/h,No injection in transmission network from Industiral clients,,,2025-02-20T13:19:03+01:00,,,,,,,,1,2021-10-01T01:00:00+02:00,,,,,
1Physical FlowhourBE-TSO-0001FNC-00034entrykWh/h2021-10-01T01:00:00Z2021-11-01T01:00:00Z_NA501,1,Physical Flow,hour,2021-10-22T00:00:00+02:00,2021-10-22T01:00:00+02:00,BE-TSO-0001,21X-BE-A-A0A0A-Y,Fluxys Belgium,FNC-00034,Final consumers (BE) (Fluxys) Industrial clients L-zone,21Y000000000045A,entry,kWh/h,No injection in transmission network from Industiral clients,,,2025-02-20T13:19:03+01:00,,,,,,,,1,2021-10-01T01:00:00+02:00,,,,,
1Physical FlowhourBE-TSO-0001FNC-00034entrykWh/h2021-10-01T01:00:00Z2021-11-01T01:00:00Z_NA502,1,Physical Flow,hour,2021-10-22T01:00:00+02:00,2021-10-22T02:00:00+02:00,BE-TSO-0001,21X-BE-A-A0A0A-Y,Fluxys Belgium,FNC-00034,Final consumers (BE) (Fluxys) Industrial clients L-zone,21Y000000000045A,entry,kWh/h,No injection in transmission network from Industiral clients,,,2025-02-20T13:19:03+01:00,,,,,,,,1,2021-10-01T01:00:00+02:00,,,,,
1Physical FlowhourBE-TSO-0001FNC-00034entrykWh/h2021-10-01T01:00:00Z2021-11-01T01:00:00Z_NA503,1,Physical Flow,hour,2021-10-22T02:00:00+02:00,2021-10-22T03:00:00+02:00,BE-TSO-0001,21X-BE-A-A0A0A-Y,Fluxys Belgium,FNC-00034,Final consumers (BE) (Fluxys) Industrial clients L-zone,21Y000000000045A,entry,kWh/h,No injection in transmission network from Industiral clients,,,2025-02-20T13:19:03+01:00,,,,,,,,1,2021-10-01T01:00:00+02:00,,,,,
1Physical FlowhourBE-TSO-0001FNC-00034entrykWh/h2021-10-01T01:00:00Z2021-11-01T01:00:00Z_NA504,1,Physical Flow,hour,2021-10-22T03:00:00+02:00,2021-10-22T04:00:00+02:00,BE-TSO-0001,21X-BE-A-A0A0A-Y,Fluxys Belgium,FNC-00034,Final consumers (BE) (Fluxys) Industrial clients L-zone,21Y000000000045A,entry,kWh/h,No injection in transmission network from Industiral clients,,,2025-02-20T13:19:03+01:00,,,,,,,,1,2021-10-01T01:00:00+02:00,,,,,
1Physical FlowhourBE-TSO-0001FNC-00034entrykWh/h2021-10-01T01:00:00Z2021-11-01T01:00:00Z_NA505,1,Physical Flow,hour,2021-10-22T04:00:00+02:00,2021-10-22T05:00:00+02:00,BE-TSO-0001,21X-BE-A-A0A0A-Y,Fluxys Belgium,FNC-00034,Final consumers (BE) (Fluxys) Industrial clients L-zone,21Y000000000045A,entry,kWh/h,No injection in transmission network from Industiral clients,,,2025-02-20T13:19:03+01:00,,,,,,,,1,2021-10-01T01:00:00+02:00,,,,,
1Physical FlowhourBE-TSO-0001FNC-00034entrykWh/h2021-10-01T01:00:00Z2021-11-01T01:00:00Z_NA506,1,Physical Flow,hour,2021-10-22T05:00:00+02:00,2021-10-22T06:00:00+02:00,BE-TSO-0001,21X-BE-A-A0A0A-Y,Fluxys Belgium,FNC-00034,Final consumers (BE) (Fluxys) Industrial clients L-zone,21Y000000000045A,entry,kWh/h,No injection in transmission network from Industiral clients,,,2025-02-20T13:19:03+01:00,,,,,,,,1,2021-10-01T01:00:00+02:00,,,,,
1Physical FlowhourBE-TSO-0001FNC-00034entrykWh/h2021-10-01T01:00:00Z2021-11-01T01:00:00Z_NA507,1,Physical Flow,hour,2021-10-22T06:00:00+02:00,2021-10-22T07:00:00+02:00,BE-TSO-0001,21X-BE-A-A0A0A-Y,Fluxys Belgium,FNC-00034,Final consumers (BE) (Fluxys) Industrial clients L-zone,21Y000000000045A,entry,kWh/h,No injection in transmission network from Industiral clients,,,2025-02-20T13:19:03+01:00,,,,,,,,1,2021-10-01T01:00:00+02:00,,,,,
1Physical FlowhourBE-TSO-0001FNC-00034entrykWh/h2021-10-01T01:00:00Z2021-11-01T01:00:00Z_NA508,1,Physical Flow,hour,2021-10-22T07:00:00+02:00,2021-10-22T08:00:00+02:00,BE-TSO-0001,21X-BE-A-A0A0A-Y,Fluxys Belgium,FNC-00034,Final consumers (BE) (Fluxys) Industrial clients L-zone,21Y000000000045A,entry,kWh/h,No injection in transmission network from Industiral clients,,,2025-02-20T13:19:03+01:00,,,,,,,,1,2021-10-01T01:00:00+02:00,,,,,
1Physical FlowhourBE-TSO-0001FNC-00034entrykWh/h2021-10-01T01:00:00Z2021-11-01T01:00:00Z_NA509,1,Physical Flow,hour,2021-10-22T08:00:00+02:00,2021-10-22T09:00:00+02:00,BE-TSO-0001,21X-BE-A-A0A0A-Y,Fluxys Belgium,FNC-00034,Final consumers (BE) (Fluxys) Industrial clients L-zone,21Y000000000045A,entry,kWh/h,No injection in transmission network from Industiral clients,,,2025-02-20T13:19:03+01:00,,,,,,,,1,2021-10-01T01:00:00+02:00,,,,,
1Physical FlowhourBE-TSO-0001FNC-00034entrykWh/h2021-10-01T01:00:00Z2021-11-01T01:00:00Z_NA510,1,Physical Flow,hour,2021-10-22T09:00:00+02:00,2021-10-22T10:00:00+02:00,BE-TSO-0001,21X-BE-A-A0A0A-Y,Fluxys Belgium,FNC-00034,Final consumers (BE) (Fluxys) Industrial clients L-zone,21Y000000000045A,entry,kWh/h,No injection in transmission network from Industiral clients,,,2025-02-20T13:19:03+01:00,,,,,,,,1,2021-10-01T01:00:00+02:00,,,,,
1Physical FlowhourBE-TSO-0001FNC-00034entrykWh/h2021-10-01T01:00:00Z2021-11-01T01:00:00Z_NA511,1,Physical Flow,hour,2021-10-22T10:00:00+02:00,2021-10-22T11:00:00+02:00,BE-TSO-0001,21X-BE-A-A0A0A-Y,Fluxys Belgium,FNC-00034,Final consumers (BE) (Fluxys) Industrial clients L-zone,21Y000000000045A,entry,kWh/h,No injection in transmission network from Industiral clients,,,2025-02-20T13:19:03+01:00,,,,,,,,1,2021-10-01T01:00:00+02:00,,,,,
1Physical FlowhourBE-TSO-0001FNC-00034entrykWh/h2021-10-01T01:00:00Z2021-11-01T01:00:00Z_NA512,1,Physical Flow,hour,2021-10-22T11:00:00+02:00,2021-10-22T12:00:00+02:00,BE-TSO-0001,21X-BE-A-A0A0A-Y,Fluxys Belgium,FNC-00034,Final consumers (BE) (Fluxys) Industrial clients L-zone,21Y000000000045A,entry,kWh/h,No injection in transmission network from Industiral clients,,,2025-02-20T13:19:03+01:00,,,,,,,,1,2021-10-01T01:00:00+02:00,,,,,
1Physical FlowhourBE-TSO-0001FNC-00034entrykWh/h2021-10-01T01:00:00Z2021-11-01T01:00:00Z_NA513,1,Physical Flow,hour,2021-10-22T12:00:00+02:00,2021-10-22T13:00:00+02:00,BE-TSO-0001,21X-BE-A-A0A0A-Y,Fluxys Belgium,FNC-00034,Final consumers (BE) (Fluxys) Industrial clients L-zone,21Y000000000045A,entry,kWh/h,No injection in transmission network from Industiral clients,,,2025-02-20T13:19:03+01:00,,,,,,,,1,2021-10-01T01:00:00+02:00,,,,,
1Physical FlowhourBE-TSO-0001FNC-00034entrykWh/h2021-10-01T01:00:00Z2021-11-01T01:00:00Z_NA514,1,Physical Flow,hour,2021-10-22T13:00:00+02:00,2021-10-22T14:00:00+02:00,BE-TSO-0001,21X-BE-A-A0A0A-Y,Fluxys Belgium,FNC-00034,Final consumers (BE) (Fluxys) Industrial clients L-zone,21Y000000000045A,entry,kWh/h,No injection in transmission network from Industiral clients,,,2025-02-20T13:19:03+01:00,,,,,,,,1,2021-10-01T01:00:00+02:00,,,,,
1Physical FlowhourBE-TSO-0001FNC-00034entrykWh/h2021-10-01T01:00:00Z2021-11-01T01:00:00Z_NA515,1,Physical Flow,hour,2021-10-22T14:00:00+02:00,2021-10-22T15:00:00+02:00,BE-TSO-0001,21X-BE-A-A0A0A-Y,Fluxys Belgium,FNC-00034,Final consumers (BE) (Fluxys) Industrial clients L-zone,21Y000000000045A,entry,kWh/h,No injection in transmission network from Industiral clients,,,2025-02-20T13:19:03+01:00,,,,,,,,1,2021-10-01T01:00:00+02:00,,,,,
1Physical FlowhourBE-TSO-0001FNC-00034entrykWh/h2021-10-01T01:00:00Z2021-11-01T01:00:00Z_NA516,1,Physical Flow,hour,2021-10-22T15:00:00+02:00,2021-10-22T16:00:00+02:00,BE-TSO-0001,21X-BE-A-A0A0A-Y,Fluxys Belgium,FNC-00034,Final consumers (BE) (Fluxys) Industrial clients L-zone,21Y000000000045A,entry,kWh/h,No injection in transmission network from Industiral clients,,,2025-02-20T13:19:03+01:00,,,,,,,,1,2021-10-01T01:00:00+02:00,,,,,
1Physical FlowhourBE-TSO-0001FNC-00034entrykWh/h2021-10-01T01:00:00Z2021-11-01T01:00:00Z_NA517,1,Physical Flow,hour,2021-10-22T16:00:00+02:00,2021-10-22T17:00:00+02:00,BE-TSO-0001,21X-BE-A-A0A0A-Y,Fluxys Belgium,FNC-00034,Final consumers (BE) (Fluxys) Industrial clients L-zone,21Y000000000045A,entry,kWh/h,No injection in transmission network from Industiral clients,,,2025-02-20T13:19:03+01:00,,,,,,,,1,2021-10-01T01:00:00+02:00,,,,,
1Physical FlowhourBE-TSO-0001FNC-00034entrykWh/h2021-10-01T01:00:00Z2021-11-01T01:00:00Z_NA518,1,Physical Flow,hour,2021-10-22T17:00:00+02:00,2021-10-22T18:00:00+02:00,BE-TSO-0001,21X-BE-A-A0A0A-Y,Fluxys Belgium,FNC-00034,Final consumers (BE) (Fluxys) Industrial clients L-zone,21Y000000000045A,entry,kWh/h,No injection in transmission network from Industiral clients,,,2025-02-20T13:19:03+01:00,,,,,,,,1,2021-10-01T01:00:00+02:00,,,,,
1Physical FlowhourBE-TSO-0001FNC-00034entrykWh/h2021-10-01T01:00:00Z2021-11-01T01:00:00Z_NA519,1,Physical Flow,hour,2021-10-22T18:00:00+02:00,2021-10-22T19:00:00+02:00,BE-TSO-0001,21X-BE-A-A0A0A-Y,Fluxys Belgium,FNC-00034,Final consumers (BE) (Fluxys) Industrial clients L-zone,21Y000000000045A,entry,kWh/h,No injection in transmission network from Industiral clients,,,2025-02-20T13:19:03+01:00,,,,,,,,1,2021-10-01T01:00:00+02:00,,,,,
1Physical FlowhourBE-TSO-0001FNC-00034entrykWh/h2021-10-01T01:00:00Z2021-11-01T01:00:00Z_NA520,1,Physical Flow,hour,2021-10-22T19:00:00+02:00,2021-10-22T20:00:00+02:00,BE-TSO-0001,21X-BE-A-A0A0A-Y,Fluxys Belgium,FNC-00034,Final consumers (BE) (Fluxys) Industrial clients L-zone,21Y000000000045A,entry,kWh/h,No injection in transmission network from Industiral clients,,,2025-02-20T13:19:03+01:00,,,,,,,,1,2021-10-01T01:00:00+02:00,,,,,
1Physical FlowhourBE-TSO-0001FNC-00034entrykWh/h2021-10-01T01:00:00Z2021-11-01T01:00:00Z_NA521,1,Physical Flow,hour,2021-10-22T20:00:00+02:00,2021-10-22T21:00:00+02:00,BE-TSO-0001,21X-BE-A-A0A0A-Y,Fluxys Belgium,FNC-00034,Final consumers (BE) (Fluxys) Industrial clients L-zone,21Y000000000045A,entry,kWh/h,No injection in transmission network from Industiral clients,,,2025-02-20T13:19:03+01:00,,,,,,,,1,2021-10-01T01:00:00+02:00,,,,,
1Physical FlowhourBE-TSO-0001FNC-00034entrykWh/h2021-10-01T01:00:00Z2021-11-01T01:00:00Z_NA522,1,Physical Flow,hour,2021-10-22T21:00:00+02:00,2021-10-22T22:00:00+02:00,BE-TSO-0001,21X-BE-A-A0A0A-Y,Fluxys Belgium,FNC-00034,Final consumers (BE) (Fluxys) Industrial clients L-zone,21Y000000000045A,entry,kWh/h,No injection in transmission network from Industiral clients,,,2025-02-20T13:19:03+01:00,,,,,,,,1,2021-10-01T01:00:00+02:00,,,,,
1Physical FlowhourBE-TSO-0001FNC-00034entrykWh/h2021-10-01T01:00:00Z2021-11-01T01:00:00Z_NA523,1,Physical Flow,hour,2021-10-22T22:00:00+02:00,2021-10-22T23:00:00+02:00,BE-TSO-0001,21X-BE-A-A0A0A-Y,Fluxys Belgium,FNC-00034,Final consumers (BE) (Fluxys) Industrial clients L-zone,21Y000000000045A,entry,kWh/h,No injection in transmission network from Industiral clients,,,2025-02-20T13:19:03+01:00,,,,,,,,1,2021-10-01T01:00:00+02:00,,,,,
1Physical FlowhourBE-TSO-0001FNC-00034entrykWh/h2021-10-01T01:00:00Z2021-11-01T01:00:00Z_NA524,1,Physical Flow,hour,2021-10-22T23:00:00+02:00,2021-10-23T00:00:00+02:00,BE-TSO-0001,21X-BE-A-A0A0A-Y,Fluxys Belgium,FNC-00034,Final consumers (BE) (Fluxys) Industrial clients L-zone,21Y000000000045A,entry,kWh/h,No injection in transmission network from Industiral clients,,,2025-02-20T13:19:03+01:00,,,,,,,,1,2021-10-01T01:00:00+02:00,,,,,
1Physical FlowhourBE-TSO-0001FNC-00034entrykWh/h2021-10-01T01:00:00Z2021-11-01T01:00:00Z_NA525,1,Physical Flow,hour,2021-10-23T00:00:00+02:00,2021-10-23T01:00:00+02:00,BE-TSO-0001,21X-BE-A-A0A0A-Y,Fluxys Belgium,FNC-00034,Final consumers (BE) (Fluxys) Industrial clients L-zone,21Y000000000045A,entry,kWh/h,No injection in transmission network from Industiral clients,,,2025-02-20T13:19:03+01:00,,,,,,,,1,2021-10-01T01:00:00+02:00,,,,,
1Physical FlowhourBE-TSO-0001FNC-00034entrykWh/h2021-10-01T01:00:00Z2021-11-01T01:00:00Z_NA526,1,Physical Flow,hour,2021-10-23T01:00:00+02:00,2021-10-23T02:00:00+02:00,BE-TSO-0001,21X-BE-A-A0A0A-Y,Fluxys Belgium,FNC-00034,Final consumers (BE) (Fluxys) Industrial clients L-zone,21Y000000000045A,entry,kWh/h,No injection in transmission network from Industiral clients,,,2025-02-20T13:19:03+01:00,,,,,,,,1,2021-10-01T01:00:00+02:00,,,,,
1Physical FlowhourBE-TSO-0001FNC-00034entrykWh/h2021-10-01T01:00:00Z2021-11-01T01:00:00Z_NA527,1,Physical Flow,hour,2021-10-23T02:00:00+02:00,2021-10-23T03:00:00+02:00,BE-TSO-0001,21X-BE-A-A0A0A-Y,Fluxys Belgium,FNC-00034,Final consumers (BE) (Fluxys) Industrial clients L-zone,21Y000000000045A,entry,kWh/h,No injection in transmission network from Industiral clients,,,2025-02-20T13:19:03+01:00,,,,,,,,1,2021-10-01T01:00:00+02:00,,,,,
1Physical FlowhourBE-TSO-0001FNC-00034entrykWh/h2021-10-01T01:00:00Z2021-11-01T01:00:00Z_NA528,1,Physical Flow,hour,2021-10-23T03:00:00+02:00,2021-10-23T04:00:00+02:00,BE-TSO-0001,21X-BE-A-A0A0A-Y,Fluxys Belgium,FNC-00034,Final consumers (BE) (Fluxys) Industrial clients L-zone,21Y000000000045A,entry,kWh/h,No injection in transmission network from Industiral clients,,,2025-02-20T13:19:03+01:00,,,,,,,,1,2021-10-01T01:00:00+02:00,,,,,
1Physical FlowhourBE-TSO-0001FNC-00034entrykWh/h2021-10-01T01:00:00Z2021-11-01T01:00:00Z_NA529,1,Physical Flow,hour,2021-10-23T04:00:00+02:00,2021-10-23T05:00:00+02:00,BE-TSO-0001,21X-BE-A-A0A0A-Y,Fluxys Belgium,FNC-00034,Final consumers (BE) (Fluxys) Industrial clients L-zone,21Y000000000045A,entry,kWh/h,No injection in transmission network from Industiral clients,,,2025-02-20T13:19:03+01:00,,,,,,,,1,2021-10-01T01:00:00+02:00,,,,,
1Physical FlowhourBE-TSO-0001FNC-00034entrykWh/h2021-10-01T01:00:00Z2021-11-01T01:00:00Z_NA530,1,Physical Flow,hour,2021-10-23T05:00:00+02:00,2021-10-23T06:00:00+02:00,BE-TSO-0001,21X-BE-A-A0A0A-Y,Fluxys Belgium,FNC-00034,Final consumers (BE) (Fluxys) Industrial clients L-zone,21Y000000000045A,entry,kWh/h,No injection in transmission network from Industiral clients,,,2025-02-20T13:19:03+01:00,,,,,,,,1,2021-10-01T01:00:00+02:00,,,,,
1Physical FlowhourBE-TSO-0001FNC-00034entrykWh/h2021-10-01T01:00:00Z2021-11-01T01:00:00Z_NA531,1,Physical Flow,hour,2021-10-23T06:00:00+02:00,2021-10-23T07:00:00+02:00,BE-TSO-0001,21X-BE-A-A0A0A-Y,Fluxys Belgium,FNC-00034,Final consumers (BE) (Fluxys) Industrial clients L-zone,21Y000000000045A,entry,kWh/h,No injection in transmission network from Industiral clients,,,2025-02-20T13:19:03+01:00,,,,,,,,1,2021-10-01T01:00:00+02:00,,,,,
1Physical FlowhourBE-TSO-0001FNC-00034entrykWh/h2021-10-01T01:00:00Z2021-11-01T01:00:00Z_NA532,1,Physical Flow,hour,2021-10-23T07:00:00+02:00,2021-10-23T08:00:00+02:00,BE-TSO-0001,21X-BE-A-A0A0A-Y,Fluxys Belgium,FNC-00034,Final consumers (BE) (Fluxys) Industrial clients L-zone,21Y000000000045A,entry,kWh/h,No injection in transmission network from Industiral clients,,,2025-02-20T13:19:03+01:00,,,,,,,,1,2021-10-01T01:00:00+02:00,,,,,
1Physical FlowhourBE-TSO-0001FNC-00034entrykWh/h2021-10-01T01:00:00Z2021-11-01T01:00:00Z_NA533,1,Physical Flow,hour,2021-10-23T08:00:00+02:00,2021-10-23T09:00:00+02:00,BE-TSO-0001,21X-BE-A-A0A0A-Y,Fluxys Belgium,FNC-00034,Final consumers (BE) (Fluxys) Industrial clients L-zone,21Y000000000045A,entry,kWh/h,No injection in transmission network from Industiral clients,,,2025-02-20T13:19:03+01:00,,,,,,,,1,2021-10-01T01:00:00+02:00,,,,,
1Physical FlowhourBE-TSO-0001FNC-00034entrykWh/h2021-10-01T01:00:00Z2021-11-01T01:00:00Z_NA534,1,Physical Flow,hour,2021-10-23T09:00:00+02:00,2021-10-23T10:00:00+02:00,BE-TSO-0001,21X-BE-A-A0A0A-Y,Fluxys Belgium,FNC-00034,Final consumers (BE) (Fluxys) Industrial clients L-zone,21Y000000000045A,entry,kWh/h,No injection in transmission network from Industiral clients,,,2025-02-20T13:19:03+01:00,,,,,,,,1,2021-10-01T01:00:00+02:00,,,,,
1Physical FlowhourBE-TSO-0001FNC-00034entrykWh/h2021-10-01T01:00:00Z2021-11-01T01:00:00Z_NA535,1,Physical Flow,hour,2021-10-23T10:00:00+02:00,2021-10-23T11:00:00+02:00,BE-TSO-0001,21X-BE-A-A0A0A-Y,Fluxys Belgium,FNC-00034,Final consumers (BE) (Fluxys) Industrial clients L-zone,21Y000000000045A,entry,kWh/h,No injection in transmission network from Industiral clients,,,2025-02-20T13:19:03+01:00,,,,,,,,1,2021-10-01T01:00:00+02:00,,,,,
1Physical FlowhourBE-TSO-0001FNC-00034entrykWh/h2021-10-01T01:00:00Z2021-11-01T01:00:00Z_NA536,1,Physical Flow,hour,2021-10-23T11:00:00+02:00,2021-10-23T12:00:00+02:00,BE-TSO-0001,21X-BE-A-A0A0A-Y,Fluxys Belgium,FNC-00034,Final consumers (BE) (Fluxys) Industrial clients L-zone,21Y000000000045A,entry,kWh/h,No injection in transmission network from Industiral clients,,,2025-02-20T13:19:03+01:00,,,,,,,,1,2021-10-01T01:00:00+02:00,,,,,
1Physical FlowhourBE-TSO-0001FNC-00034entrykWh/h2021-10-01T01:00:00Z2021-11-01T01:00:00Z_NA537,1,Physical Flow,hour,2021-10-23T12:00:00+02:00,2021-10-23T13:00:00+02:00,BE-TSO-0001,21X-BE-A-A0A0A-Y,Fluxys Belgium,FNC-00034,Final consumers (BE) (Fluxys) Industrial clients L-zone,21Y000000000045A,entry,kWh/h,No injection in transmission network from Industiral clients,,,2025-02-20T13:19:03+01:00,,,,,,,,1,2021-10-01T01:00:00+02:00,,,,,
1Physical FlowhourBE-TSO-0001FNC-00034entrykWh/h2021-10-01T01:00:00Z2021-11-01T01:00:00Z_NA538,1,Physical Flow,hour,2021-10-23T13:00:00+02:00,2021-10-23T14:00:00+02:00,BE-TSO-0001,21X-BE-A-A0A0A-Y,Fluxys Belgium,FNC-00034,Final consumers (BE) (Fluxys) Industrial clients L-zone,21Y000000000045A,entry,kWh/h,No injection in transmission network from Industiral clients,,,2025-02-20T13:19:03+01:00,,,,,,,,1,2021-10-01T01:00:00+02:00,,,,,
1Physical FlowhourBE-TSO-0001FNC-00034entrykWh/h2021-10-01T01:00:00Z2021-11-01T01:00:00Z_NA539,1,Physical Flow,hour,2021-10-23T14:00:00+02:00,2021-10-23T15:00:00+02:00,BE-TSO-0001,21X-BE-A-A0A0A-Y,Fluxys Belgium,FNC-00034,Final consumers (BE) (Fluxys) Industrial clients L-zone,21Y000000000045A,entry,kWh/h,No injection in transmission network from Industiral clients,,,2025-02-20T13:19:03+01:00,,,,,,,,1,2021-10-01T01:00:00+02:00,,,,,
1Physical FlowhourBE-TSO-0001FNC-00034entrykWh/h2021-10-01T01:00:00Z2021-11-01T01:00:00Z_NA540,1,Physical Flow,hour,2021-10-23T15:00:00+02:00,2021-10-23T16:00:00+02:00,BE-TSO-0001,21X-BE-A-A0A0A-Y,Fluxys Belgium,FNC-00034,Final consumers (BE) (Fluxys) Industrial clients L-zone,21Y000000000045A,entry,kWh/h,No injection in transmission network from Industiral clients,,,2025-02-20T13:19:03+01:00,,,,,,,,1,2021-10-01T01:00:00+02:00,,,,,
1Physical FlowhourBE-TSO-0001FNC-00034entrykWh/h2021-10-01T01:00:00Z2021-11-01T01:00:00Z_NA541,1,Physical Flow,hour,2021-10-23T16:00:00+02:00,2021-10-23T17:00:00+02:00,BE-TSO-0001,21X-BE-A-A0A0A-Y,Fluxys Belgium,FNC-00034,Final consumers (BE) (Fluxys) Industrial clients L-zone,21Y000000000045A,entry,kWh/h,No injection in transmission network from Industiral clients,,,2025-02-20T13:19:03+01:00,,,,,,,,1,2021-10-01T01:00:00+02:00,,,,,
1Physical FlowhourBE-TSO-0001FNC-00034entrykWh/h2021-10-01T01:00:00Z2021-11-01T01:00:00Z_NA542,1,Physical Flow,hour,2021-10-23T17:00:00+02:00,2021-10-23T18:00:00+02:00,BE-TSO-0001,21X-BE-A-A0A0A-Y,Fluxys Belgium,FNC-00034,Final consumers (BE) (Fluxys) Industrial clients L-zone,21Y000000000045A,entry,kWh/h,No injection in transmission network from Industiral clients,,,2025-02-20T13:19:03+01:00,,,,,,,,1,2021-10-01T01:00:00+02:00,,,,,
1Physical FlowhourBE-TSO-0001FNC-00034entrykWh/h2021-10-01T01:00:00Z2021-11-01T01:00:00Z_NA543,1,Physical Flow,hour,2021-10-23T18:00:00+02:00,2021-10-23T19:00:00+02:00,BE-TSO-0001,21X-BE-A-A0A0A-Y,Fluxys Belgium,FNC-00034,Final consumers (BE) (Fluxys) Industrial clients L-zone,21Y000000000045A,entry,kWh/h,No injection in transmission network from Industiral clients,,,2025-02-20T13:19:03+01:00,,,,,,,,1,2021-10-01T01:00:00+02:00,,,,,
1Physical FlowhourBE-TSO-0001FNC-00034entrykWh/h2021-10-01T01:00:00Z2021-11-01T01:00:00Z_NA544,1,Physical Flow,hour,2021-10-23T19:00:00+02:00,2021-10-23T20:00:00+02:00,BE-TSO-0001,21X-BE-A-A0A0A-Y,Fluxys Belgium,FNC-00034,Final consumers (BE) (Fluxys) Industrial clients L-zone,21Y000000000045A,entry,kWh/h,No injection in transmission network from Industiral clients,,,2025-02-20T13:19:03+01:00,,,,,,,,1,2021-10-01T01:00:00+02:00,,,,,
1Physical FlowhourBE-TSO-0001FNC-00034entrykWh/h2021-10-01T01:00:00Z2021-11-01T01:00:00Z_NA545,1,Physical Flow,hour,2021-10-23T20:00:00+02:00,2021-10-23T21:00:00+02:00,BE-TSO-0001,21X-BE-A-A0A0A-Y,Fluxys Belgium,FNC-00034,Final consumers (BE) (Fluxys) Industrial clients L-zone,21Y000000000045A,entry,kWh/h,No injection in transmission network from Industiral clients,,,2025-02-20T13:19:03+01:00,,,,,,,,1,2021-10-01T01:00:00+02:00,,,,,
1Physical FlowhourBE-TSO-0001FNC-00034entrykWh/h2021-10-01T01:00:00Z2021-11-01T01:00:00Z_NA546,1,Physical Flow,hour,2021-10-23T21:00:00+02:00,2021-10-23T22:00:00+02:00,BE-TSO-0001,21X-BE-A-A0A0A-Y,Fluxys Belgium,FNC-00034,Final consumers (BE) (Fluxys) Industrial clients L-zone,21Y000000000045A,entry,kWh/h,No injection in transmission network from Industiral clients,,,2025-02-20T13:19:03+01:00,,,,,,,,1,2021-10-01T01:00:00+02:00,,,,,
1Physical FlowhourBE-TSO-0001FNC-00034entrykWh/h2021-10-01T01:00:00Z2021-11-01T01:00:00Z_NA547,1,Physical Flow,hour,2021-10-23T22:00:00+02:00,2021-10-23T23:00:00+02:00,BE-TSO-0001,21X-BE-A-A0A0A-Y,Fluxys Belgium,FNC-00034,Final consumers (BE) (Fluxys) Industrial clients L-zone,21Y000000000045A,entry,kWh/h,No injection in transmission network from Industiral clients,,,2025-02-20T13:19:03+01:00,,,,,,,,1,2021-10-01T01:00:00+02:00,,,,,
1Physical FlowhourBE-TSO-0001FNC-00034entrykWh/h2021-10-01T01:00:00Z2021-11-01T01:00:00Z_NA548,1,Physical Flow,hour,2021-10-23T23:00:00+02:00,2021-10-24T00:00:00+02:00,BE-TSO-0001,21X-BE-A-A0A0A-Y,Fluxys Belgium,FNC-00034,Final consumers (BE) (Fluxys) Industrial clients L-zone,21Y000000000045A,entry,kWh/h,No injection in transmission network from Industiral clients,,,2025-02-20T13:19:03+01:00,,,,,,,,1,2021-10-01T01:00:00+02:00,,,,,
1Physical FlowhourBE-TSO-0001FNC-00034entrykWh/h2021-10-01T01:00:00Z2021-11-01T01:00:00Z_NA549,1,Physical Flow,hour,2021-10-24T00:00:00+02:00,2021-10-24T01:00:00+02:00,BE-TSO-0001,21X-BE-A-A0A0A-Y,Fluxys Belgium,FNC-00034,Final consumers (BE) (Fluxys) Industrial clients L-zone,21Y000000000045A,entry,kWh/h,No injection in transmission network from Industiral clients,,,2025-02-20T13:19:03+01:00,,,,,,,,1,2021-10-01T01:00:00+02:00,,,,,
1Physical FlowhourBE-TSO-0001FNC-00034entrykWh/h2021-10-01T01:00:00Z2021-11-01T01:00:00Z_NA550,1,Physical Flow,hour,2021-10-24T01:00:00+02:00,2021-10-24T02:00:00+02:00,BE-TSO-0001,21X-BE-A-A0A0A-Y,Fluxys Belgium,FNC-00034,Final consumers (BE) (Fluxys) Industrial clients L-zone,21Y000000000045A,entry,kWh/h,No injection in transmission network from Industiral clients,,,2025-02-20T13:19:03+01:00,,,,,,,,1,2021-10-01T01:00:00+02:00,,,,,
1Physical FlowhourBE-TSO-0001FNC-00034entrykWh/h2021-10-01T01:00:00Z2021-11-01T01:00:00Z_NA551,1,Physical Flow,hour,2021-10-24T02:00:00+02:00,2021-10-24T03:00:00+02:00,BE-TSO-0001,21X-BE-A-A0A0A-Y,Fluxys Belgium,FNC-00034,Final consumers (BE) (Fluxys) Industrial clients L-zone,21Y000000000045A,entry,kWh/h,No injection in transmission network from Industiral clients,,,2025-02-20T13:19:03+01:00,,,,,,,,1,2021-10-01T01:00:00+02:00,,,,,
1Physical FlowhourBE-TSO-0001FNC-00034entrykWh/h2021-10-01T01:00:00Z2021-11-01T01:00:00Z_NA552,1,Physical Flow,hour,2021-10-24T03:00:00+02:00,2021-10-24T04:00:00+02:00,BE-TSO-0001,21X-BE-A-A0A0A-Y,Fluxys Belgium,FNC-00034,Final consumers (BE) (Fluxys) Industrial clients L-zone,21Y000000000045A,entry,kWh/h,No injection in transmission network from Industiral clients,,,2025-02-20T13:19:03+01:00,,,,,,,,1,2021-10-01T01:00:00+02:00,,,,,
1Physical FlowhourBE-TSO-0001FNC-00034entrykWh/h2021-10-01T01:00:00Z2021-11-01T01:00:00Z_NA553,1,Physical Flow,hour,2021-10-24T04:00:00+02:00,2021-10-24T05:00:00+02:00,BE-TSO-0001,21X-BE-A-A0A0A-Y,Fluxys Belgium,FNC-00034,Final consumers (BE) (Fluxys) Industrial clients L-zone,21Y000000000045A,entry,kWh/h,No injection in transmission network from Industiral clients,,,2025-02-20T13:19:03+01:00,,,,,,,,1,2021-10-01T01:00:00+02:00,,,,,
1Physical FlowhourBE-TSO-0001FNC-00034entrykWh/h2021-10-01T01:00:00Z2021-11-01T01:00:00Z_NA554,1,Physical Flow,hour,2021-10-24T05:00:00+02:00,2021-10-24T06:00:00+02:00,BE-TSO-0001,21X-BE-A-A0A0A-Y,Fluxys Belgium,FNC-00034,Final consumers (BE) (Fluxys) Industrial clients L-zone,21Y000000000045A,entry,kWh/h,No injection in transmission network from Industiral clients,,,2025-02-20T13:19:03+01:00,,,,,,,,1,2021-10-01T01:00:00+02:00,,,,,
1Physical FlowhourBE-TSO-0001FNC-00034entrykWh/h2021-10-01T01:00:00Z2021-11-01T01:00:00Z_NA555,1,Physical Flow,hour,2021-10-24T06:00:00+02:00,2021-10-24T07:00:00+02:00,BE-TSO-0001,21X-BE-A-A0A0A-Y,Fluxys Belgium,FNC-00034,Final consumers (BE) (Fluxys) Industrial clients L-zone,21Y000000000045A,entry,kWh/h,No injection in transmission network from Industiral clients,,,2025-02-20T13:19:03+01:00,,,,,,,,1,2021-10-01T01:00:00+02:00,,,,,
1Physical FlowhourBE-TSO-0001FNC-00034entrykWh/h2021-10-01T01:00:00Z2021-11-01T01:00:00Z_NA556,1,Physical Flow,hour,2021-10-24T07:00:00+02:00,2021-10-24T08:00:00+02:00,BE-TSO-0001,21X-BE-A-A0A0A-Y,Fluxys Belgium,FNC-00034,Final consumers (BE) (Fluxys) Industrial clients L-zone,21Y000000000045A,entry,kWh/h,No injection in transmission network from Industiral clients,,,2025-02-20T13:19:03+01:00,,,,,,,,1,2021-10-01T01:00:00+02:00,,,,,
1Physical FlowhourBE-TSO-0001FNC-00034entrykWh/h2021-10-01T01:00:00Z2021-11-01T01:00:00Z_NA557,1,Physical Flow,hour,2021-10-24T08:00:00+02:00,2021-10-24T09:00:00+02:00,BE-TSO-0001,21X-BE-A-A0A0A-Y,Fluxys Belgium,FNC-00034,Final consumers (BE) (Fluxys) Industrial clients L-zone,21Y000000000045A,entry,kWh/h,No injection in transmission network from Industiral clients,,,2025-02-20T13:19:03+01:00,,,,,,,,1,2021-10-01T01:00:00+02:00,,,,,
1Physical FlowhourBE-TSO-0001FNC-00034entrykWh/h2021-10-01T01:00:00Z2021-11-01T01:00:00Z_NA558,1,Physical Flow,hour,2021-10-24T09:00:00+02:00,2021-10-24T10:00:00+02:00,BE-TSO-0001,21X-BE-A-A0A0A-Y,Fluxys Belgium,FNC-00034,Final consumers (BE) (Fluxys) Industrial clients L-zone,21Y000000000045A,entry,kWh/h,No injection in transmission network from Industiral clients,,,2025-02-20T13:19:03+01:00,,,,,,,,1,2021-10-01T01:00:00+02:00,,,,,
1Physical FlowhourBE-TSO-0001FNC-00034entrykWh/h2021-10-01T01:00:00Z2021-11-01T01:00:00Z_NA559,1,Physical Flow,hour,2021-10-24T10:00:00+02:00,2021-10-24T11:00:00+02:00,BE-TSO-0001,21X-BE-A-A0A0A-Y,Fluxys Belgium,FNC-00034,Final consumers (BE) (Fluxys) Industrial clients L-zone,21Y000000000045A,entry,kWh/h,No injection in transmission network from Industiral clients,,,2025-02-20T13:19:03+01:00,,,,,,,,1,2021-10-01T01:00:00+02:00,,,,,
1Physical FlowhourBE-TSO-0001FNC-00034entrykWh/h2021-10-01T01:00:00Z2021-11-01T01:00:00Z_NA560,1,Physical Flow,hour,2021-10-24T11:00:00+02:00,2021-10-24T12:00:00+02:00,BE-TSO-0001,21X-BE-A-A0A0A-Y,Fluxys Belgium,FNC-00034,Final consumers (BE) (Fluxys) Industrial clients L-zone,21Y000000000045A,entry,kWh/h,No injection in transmission network from Industiral clients,,,2025-02-20T13:19:03+01:00,,,,,,,,1,2021-10-01T01:00:00+02:00,,,,,
1Physical FlowhourBE-TSO-0001FNC-00034entrykWh/h2021-10-01T01:00:00Z2021-11-01T01:00:00Z_NA561,1,Physical Flow,hour,2021-10-24T12:00:00+02:00,2021-10-24T13:00:00+02:00,BE-TSO-0001,21X-BE-A-A0A0A-Y,Fluxys Belgium,FNC-00034,Final consumers (BE) (Fluxys) Industrial clients L-zone,21Y000000000045A,entry,kWh/h,No injection in transmission network from Industiral clients,,,2025-02-20T13:19:03+01:00,,,,,,,,1,2021-10-01T01:00:00+02:00,,,,,
1Physical FlowhourBE-TSO-0001FNC-00034entrykWh/h2021-10-01T01:00:00Z2021-11-01T01:00:00Z_NA562,1,Physical Flow,hour,2021-10-24T13:00:00+02:00,2021-10-24T14:00:00+02:00,BE-TSO-0001,21X-BE-A-A0A0A-Y,Fluxys Belgium,FNC-00034,Final consumers (BE) (Fluxys) Industrial clients L-zone,21Y000000000045A,entry,kWh/h,No injection in transmission network from Industiral clients,,,2025-02-20T13:19:03+01:00,,,,,,,,1,2021-10-01T01:00:00+02:00,,,,,
1Physical FlowhourBE-TSO-0001FNC-00034entrykWh/h2021-10-01T01:00:00Z2021-11-01T01:00:00Z_NA563,1,Physical Flow,hour,2021-10-24T14:00:00+02:00,2021-10-24T15:00:00+02:00,BE-TSO-0001,21X-BE-A-A0A0A-Y,Fluxys Belgium,FNC-00034,Final consumers (BE) (Fluxys) Industrial clients L-zone,21Y000000000045A,entry,kWh/h,No injection in transmission network from Industiral clients,,,2025-02-20T13:19:03+01:00,,,,,,,,1,2021-10-01T01:00:00+02:00,,,,,
1Physical FlowhourBE-TSO-0001FNC-00034entrykWh/h2021-10-01T01:00:00Z2021-11-01T01:00:00Z_NA564,1,Physical Flow,hour,2021-10-24T15:00:00+02:00,2021-10-24T16:00:00+02:00,BE-TSO-0001,21X-BE-A-A0A0A-Y,Fluxys Belgium,FNC-00034,Final consumers (BE) (Fluxys) Industrial clients L-zone,21Y000000000045A,entry,kWh/h,No injection in transmission network from Industiral clients,,,2025-02-20T13:19:03+01:00,,,,,,,,1,2021-10-01T01:00:00+02:00,,,,,
1Physical FlowhourBE-TSO-0001FNC-00034entrykWh/h2021-10-01T01:00:00Z2021-11-01T01:00:00Z_NA565,1,Physical Flow,hour,2021-10-24T16:00:00+02:00,2021-10-24T17:00:00+02:00,BE-TSO-0001,21X-BE-A-A0A0A-Y,Fluxys Belgium,FNC-00034,Final consumers (BE) (Fluxys) Industrial clients L-zone,21Y000000000045A,entry,kWh/h,No injection in transmission network from Industiral clients,,,2025-02-20T13:19:03+01:00,,,,,,,,1,2021-10-01T01:00:00+02:00,,,,,
1Physical FlowhourBE-TSO-0001FNC-00034entrykWh/h2021-10-01T01:00:00Z2021-11-01T01:00:00Z_NA566,1,Physical Flow,hour,2021-10-24T17:00:00+02:00,2021-10-24T18:00:00+02:00,BE-TSO-0001,21X-BE-A-A0A0A-Y,Fluxys Belgium,FNC-00034,Final consumers (BE) (Fluxys) Industrial clients L-zone,21Y000000000045A,entry,kWh/h,No injection in transmission network from Industiral clients,,,2025-02-20T13:19:03+01:00,,,,,,,,1,2021-10-01T01:00:00+02:00,,,,,
1Physical FlowhourBE-TSO-0001FNC-00034entrykWh/h2021-10-01T01:00:00Z2021-11-01T01:00:00Z_NA567,1,Physical Flow,hour,2021-10-24T18:00:00+02:00,2021-10-24T19:00:00+02:00,BE-TSO-0001,21X-BE-A-A0A0A-Y,Fluxys Belgium,FNC-00034,Final consumers (BE) (Fluxys) Industrial clients L-zone,21Y000000000045A,entry,kWh/h,No injection in transmission network from Industiral clients,,,2025-02-20T13:19:03+01:00,,,,,,,,1,2021-10-01T01:00:00+02:00,,,,,
1Physical FlowhourBE-TSO-0001FNC-00034entrykWh/h2021-10-01T01:00:00Z2021-11-01T01:00:00Z_NA568,1,Physical Flow,hour,2021-10-24T19:00:00+02:00,2021-10-24T20:00:00+02:00,BE-TSO-0001,21X-BE-A-A0A0A-Y,Fluxys Belgium,FNC-00034,Final consumers (BE) (Fluxys) Industrial clients L-zone,21Y000000000045A,entry,kWh/h,No injection in transmission network from Industiral clients,,,2025-02-20T13:19:03+01:00,,,,,,,,1,2021-10-01T01:00:00+02:00,,,,,
1Physical FlowhourBE-TSO-0001FNC-00034entrykWh/h2021-10-01T01:00:00Z2021-11-01T01:00:00Z_NA569,1,Physical Flow,hour,2021-10-24T20:00:00+02:00,2021-10-24T21:00:00+02:00,BE-TSO-0001,21X-BE-A-A0A0A-Y,Fluxys Belgium,FNC-00034,Final consumers (BE) (Fluxys) Industrial clients L-zone,21Y000000000045A,entry,kWh/h,No injection in transmission network from Industiral clients,,,2025-02-20T13:19:03+01:00,,,,,,,,1,2021-10-01T01:00:00+02:00,,,,,
1Physical FlowhourBE-TSO-0001FNC-00034entrykWh/h2021-10-01T01:00:00Z2021-11-01T01:00:00Z_NA570,1,Physical Flow,hour,2021-10-24T21:00:00+02:00,2021-10-24T22:00:00+02:00,BE-TSO-0001,21X-BE-A-A0A0A-Y,Fluxys Belgium,FNC-00034,Final consumers (BE) (Fluxys) Industrial clients L-zone,21Y000000000045A,entry,kWh/h,No injection in transmission network from Industiral clients,,,2025-02-20T13:19:03+01:00,,,,,,,,1,2021-10-01T01:00:00+02:00,,,,,
1Physical FlowhourBE-TSO-0001FNC-00034entrykWh/h2021-10-01T01:00:00Z2021-11-01T01:00:00Z_NA571,1,Physical Flow,hour,2021-10-24T22:00:00+02:00,2021-10-24T23:00:00+02:00,BE-TSO-0001,21X-BE-A-A0A0A-Y,Fluxys Belgium,FNC-00034,Final consumers (BE) (Fluxys) Industrial clients L-zone,21Y000000000045A,entry,kWh/h,No injection in transmission network from Industiral clients,,,2025-02-20T13:19:03+01:00,,,,,,,,1,2021-10-01T01:00:00+02:00,,,,,
1Physical FlowhourBE-TSO-0001FNC-00034entrykWh/h2021-10-01T01:00:00Z2021-11-01T01:00:00Z_NA572,1,Physical Flow,hour,2021-10-24T23:00:00+02:00,2021-10-25T00:00:00+02:00,BE-TSO-0001,21X-BE-A-A0A0A-Y,Fluxys Belgium,FNC-00034,Final consumers (BE) (Fluxys) Industrial clients L-zone,21Y000000000045A,entry,kWh/h,No injection in transmission network from Industiral clients,,,2025-02-20T13:19:03+01:00,,,,,,,,1,2021-10-01T01:00:00+02:00,,,,,
1Physical FlowhourBE-TSO-0001FNC-00034entrykWh/h2021-10-01T01:00:00Z2021-11-01T01:00:00Z_NA573,1,Physical Flow,hour,2021-10-25T00:00:00+02:00,2021-10-25T01:00:00+02:00,BE-TSO-0001,21X-BE-A-A0A0A-Y,Fluxys Belgium,FNC-00034,Final consumers (BE) (Fluxys) Industrial clients L-zone,21Y000000000045A,entry,kWh/h,No injection in transmission network from Industiral clients,,,2025-02-20T13:19:03+01:00,,,,,,,,1,2021-10-01T01:00:00+02:00,,,,,
1Physical FlowhourBE-TSO-0001FNC-00034entrykWh/h2021-10-01T01:00:00Z2021-11-01T01:00:00Z_NA574,1,Physical Flow,hour,2021-10-25T01:00:00+02:00,2021-10-25T02:00:00+02:00,BE-TSO-0001,21X-BE-A-A0A0A-Y,Fluxys Belgium,FNC-00034,Final consumers (BE) (Fluxys) Industrial clients L-zone,21Y000000000045A,entry,kWh/h,No injection in transmission network from Industiral clients,,,2025-02-20T13:19:03+01:00,,,,,,,,1,2021-10-01T01:00:00+02:00,,,,,
1Physical FlowhourBE-TSO-0001FNC-00034entrykWh/h2021-10-01T01:00:00Z2021-11-01T01:00:00Z_NA575,1,Physical Flow,hour,2021-10-25T02:00:00+02:00,2021-10-25T03:00:00+02:00,BE-TSO-0001,21X-BE-A-A0A0A-Y,Fluxys Belgium,FNC-00034,Final consumers (BE) (Fluxys) Industrial clients L-zone,21Y000000000045A,entry,kWh/h,No injection in transmission network from Industiral clients,,,2025-02-20T13:19:03+01:00,,,,,,,,1,2021-10-01T01:00:00+02:00,,,,,
1Physical FlowhourBE-TSO-0001FNC-00034entrykWh/h2021-10-01T01:00:00Z2021-11-01T01:00:00Z_NA576,1,Physical Flow,hour,2021-10-25T03:00:00+02:00,2021-10-25T04:00:00+02:00,BE-TSO-0001,21X-BE-A-A0A0A-Y,Fluxys Belgium,FNC-00034,Final consumers (BE) (Fluxys) Industrial clients L-zone,21Y000000000045A,entry,kWh/h,No injection in transmission network from Industiral clients,,,2025-02-20T13:19:03+01:00,,,,,,,,1,2021-10-01T01:00:00+02:00,,,,,
1Physical FlowhourBE-TSO-0001FNC-00034entrykWh/h2021-10-01T01:00:00Z2021-11-01T01:00:00Z_NA577,1,Physical Flow,hour,2021-10-25T04:00:00+02:00,2021-10-25T05:00:00+02:00,BE-TSO-0001,21X-BE-A-A0A0A-Y,Fluxys Belgium,FNC-00034,Final consumers (BE) (Fluxys) Industrial clients L-zone,21Y000000000045A,entry,kWh/h,No injection in transmission network from Industiral clients,,,2025-02-20T13:19:03+01:00,,,,,,,,1,2021-10-01T01:00:00+02:00,,,,,
1Physical FlowhourBE-TSO-0001FNC-00034entrykWh/h2021-10-01T01:00:00Z2021-11-01T01:00:00Z_NA578,1,Physical Flow,hour,2021-10-25T05:00:00+02:00,2021-10-25T06:00:00+02:00,BE-TSO-0001,21X-BE-A-A0A0A-Y,Fluxys Belgium,FNC-00034,Final consumers (BE) (Fluxys) Industrial clients L-zone,21Y000000000045A,entry,kWh/h,No injection in transmission network from Industiral clients,,,2025-02-20T13:19:03+01:00,,,,,,,,1,2021-10-01T01:00:00+02:00,,,,,
1Physical FlowhourBE-TSO-0001FNC-00034entrykWh/h2021-10-01T01:00:00Z2021-11-01T01:00:00Z_NA579,1,Physical Flow,hour,2021-10-25T06:00:00+02:00,2021-10-25T07:00:00+02:00,BE-TSO-0001,21X-BE-A-A0A0A-Y,Fluxys Belgium,FNC-00034,Final consumers (BE) (Fluxys) Industrial clients L-zone,21Y000000000045A,entry,kWh/h,No injection in transmission network from Industiral clients,,,2025-02-20T13:19:03+01:00,,,,,,,,1,2021-10-01T01:00:00+02:00,,,,,
1Physical FlowhourBE-TSO-0001FNC-00034entrykWh/h2021-10-01T01:00:00Z2021-11-01T01:00:00Z_NA580,1,Physical Flow,hour,2021-10-25T07:00:00+02:00,2021-10-25T08:00:00+02:00,BE-TSO-0001,21X-BE-A-A0A0A-Y,Fluxys Belgium,FNC-00034,Final consumers (BE) (Fluxys) Industrial clients L-zone,21Y000000000045A,entry,kWh/h,No injection in transmission network from Industiral clients,,,2025-02-20T13:19:03+01:00,,,,,,,,1,2021-10-01T01:00:00+02:00,,,,,
1Physical FlowhourBE-TSO-0001FNC-00034entrykWh/h2021-10-01T01:00:00Z2021-11-01T01:00:00Z_NA581,1,Physical Flow,hour,2021-10-25T08:00:00+02:00,2021-10-25T09:00:00+02:00,BE-TSO-0001,21X-BE-A-A0A0A-Y,Fluxys Belgium,FNC-00034,Final consumers (BE) (Fluxys) Industrial clients L-zone,21Y000000000045A,entry,kWh/h,No injection in transmission network from Industiral clients,,,2025-02-20T13:19:03+01:00,,,,,,,,1,2021-10-01T01:00:00+02:00,,,,,
1Physical FlowhourBE-TSO-0001FNC-00034entrykWh/h2021-10-01T01:00:00Z2021-11-01T01:00:00Z_NA582,1,Physical Flow,hour,2021-10-25T09:00:00+02:00,2021-10-25T10:00:00+02:00,BE-TSO-0001,21X-BE-A-A0A0A-Y,Fluxys Belgium,FNC-00034,Final consumers (BE) (Fluxys) Industrial clients L-zone,21Y000000000045A,entry,kWh/h,No injection in transmission network from Industiral clients,,,2025-02-20T13:19:03+01:00,,,,,,,,1,2021-10-01T01:00:00+02:00,,,,,
1Physical FlowhourBE-TSO-0001FNC-00034entrykWh/h2021-10-01T01:00:00Z2021-11-01T01:00:00Z_NA583,1,Physical Flow,hour,2021-10-25T10:00:00+02:00,2021-10-25T11:00:00+02:00,BE-TSO-0001,21X-BE-A-A0A0A-Y,Fluxys Belgium,FNC-00034,Final consumers (BE) (Fluxys) Industrial clients L-zone,21Y000000000045A,entry,kWh/h,No injection in transmission network from Industiral clients,,,2025-02-20T13:19:03+01:00,,,,,,,,1,2021-10-01T01:00:00+02:00,,,,,
1Physical FlowhourBE-TSO-0001FNC-00034entrykWh/h2021-10-01T01:00:00Z2021-11-01T01:00:00Z_NA584,1,Physical Flow,hour,2021-10-25T11:00:00+02:00,2021-10-25T12:00:00+02:00,BE-TSO-0001,21X-BE-A-A0A0A-Y,Fluxys Belgium,FNC-00034,Final consumers (BE) (Fluxys) Industrial clients L-zone,21Y000000000045A,entry,kWh/h,No injection in transmission network from Industiral clients,,,2025-02-20T13:19:03+01:00,,,,,,,,1,2021-10-01T01:00:00+02:00,,,,,
1Physical FlowhourBE-TSO-0001FNC-00034entrykWh/h2021-10-01T01:00:00Z2021-11-01T01:00:00Z_NA585,1,Physical Flow,hour,2021-10-25T12:00:00+02:00,2021-10-25T13:00:00+02:00,BE-TSO-0001,21X-BE-A-A0A0A-Y,Fluxys Belgium,FNC-00034,Final consumers (BE) (Fluxys) Industrial clients L-zone,21Y000000000045A,entry,kWh/h,No injection in transmission network from Industiral clients,,,2025-02-20T13:19:03+01:00,,,,,,,,1,2021-10-01T01:00:00+02:00,,,,,
1Physical FlowhourBE-TSO-0001FNC-00034entrykWh/h2021-10-01T01:00:00Z2021-11-01T01:00:00Z_NA586,1,Physical Flow,hour,2021-10-25T13:00:00+02:00,2021-10-25T14:00:00+02:00,BE-TSO-0001,21X-BE-A-A0A0A-Y,Fluxys Belgium,FNC-00034,Final consumers (BE) (Fluxys) Industrial clients L-zone,21Y000000000045A,entry,kWh/h,No injection in transmission network from Industiral clients,,,2025-02-20T13:19:03+01:00,,,,,,,,1,2021-10-01T01:00:00+02:00,,,,,
1Physical FlowhourBE-TSO-0001FNC-00034entrykWh/h2021-10-01T01:00:00Z2021-11-01T01:00:00Z_NA587,1,Physical Flow,hour,2021-10-25T14:00:00+02:00,2021-10-25T15:00:00+02:00,BE-TSO-0001,21X-BE-A-A0A0A-Y,Fluxys Belgium,FNC-00034,Final consumers (BE) (Fluxys) Industrial clients L-zone,21Y000000000045A,entry,kWh/h,No injection in transmission network from Industiral clients,,,2025-02-20T13:19:03+01:00,,,,,,,,1,2021-10-01T01:00:00+02:00,,,,,
1Physical FlowhourBE-TSO-0001FNC-00034entrykWh/h2021-10-01T01:00:00Z2021-11-01T01:00:00Z_NA588,1,Physical Flow,hour,2021-10-25T15:00:00+02:00,2021-10-25T16:00:00+02:00,BE-TSO-0001,21X-BE-A-A0A0A-Y,Fluxys Belgium,FNC-00034,Final consumers (BE) (Fluxys) Industrial clients L-zone,21Y000000000045A,entry,kWh/h,No injection in transmission network from Industiral clients,,,2025-02-20T13:19:03+01:00,,,,,,,,1,2021-10-01T01:00:00+02:00,,,,,
1Physical FlowhourBE-TSO-0001FNC-00034entrykWh/h2021-10-01T01:00:00Z2021-11-01T01:00:00Z_NA589,1,Physical Flow,hour,2021-10-25T16:00:00+02:00,2021-10-25T17:00:00+02:00,BE-TSO-0001,21X-BE-A-A0A0A-Y,Fluxys Belgium,FNC-00034,Final consumers (BE) (Fluxys) Industrial clients L-zone,21Y000000000045A,entry,kWh/h,No injection in transmission network from Industiral clients,,,2025-02-20T13:19:03+01:00,,,,,,,,1,2021-10-01T01:00:00+02:00,,,,,
1Physical FlowhourBE-TSO-0001FNC-00034entrykWh/h2021-10-01T01:00:00Z2021-11-01T01:00:00Z_NA590,1,Physical Flow,hour,2021-10-25T17:00:00+02:00,2021-10-25T18:00:00+02:00,BE-TSO-0001,21X-BE-A-A0A0A-Y,Fluxys Belgium,FNC-00034,Final consumers (BE) (Fluxys) Industrial clients L-zone,21Y000000000045A,entry,kWh/h,No injection in transmission network from Industiral clients,,,2025-02-20T13:19:03+01:00,,,,,,,,1,2021-10-01T01:00:00+02:00,,,,,
1Physical FlowhourBE-TSO-0001FNC-00034entrykWh/h2021-10-01T01:00:00Z2021-11-01T01:00:00Z_NA591,1,Physical Flow,hour,2021-10-25T18:00:00+02:00,2021-10-25T19:00:00+02:00,BE-TSO-0001,21X-BE-A-A0A0A-Y,Fluxys Belgium,FNC-00034,Final consumers (BE) (Fluxys) Industrial clients L-zone,21Y000000000045A,entry,kWh/h,No injection in transmission network from Industiral clients,,,2025-02-20T13:19:03+01:00,,,,,,,,1,2021-10-01T01:00:00+02:00,,,,,
1Physical FlowhourBE-TSO-0001FNC-00034entrykWh/h2021-10-01T01:00:00Z2021-11-01T01:00:00Z_NA592,1,Physical Flow,hour,2021-10-25T19:00:00+02:00,2021-10-25T20:00:00+02:00,BE-TSO-0001,21X-BE-A-A0A0A-Y,Fluxys Belgium,FNC-00034,Final consumers (BE) (Fluxys) Industrial clients L-zone,21Y000000000045A,entry,kWh/h,No injection in transmission network from Industiral clients,,,2025-02-20T13:19:03+01:00,,,,,,,,1,2021-10-01T01:00:00+02:00,,,,,
1Physical FlowhourBE-TSO-0001FNC-00034entrykWh/h2021-10-01T01:00:00Z2021-11-01T01:00:00Z_NA593,1,Physical Flow,hour,2021-10-25T20:00:00+02:00,2021-10-25T21:00:00+02:00,BE-TSO-0001,21X-BE-A-A0A0A-Y,Fluxys Belgium,FNC-00034,Final consumers (BE) (Fluxys) Industrial clients L-zone,21Y000000000045A,entry,kWh/h,No injection in transmission network from Industiral clients,,,2025-02-20T13:19:03+01:00,,,,,,,,1,2021-10-01T01:00:00+02:00,,,,,
1Physical FlowhourBE-TSO-0001FNC-00034entrykWh/h2021-10-01T01:00:00Z2021-11-01T01:00:00Z_NA594,1,Physical Flow,hour,2021-10-25T21:00:00+02:00,2021-10-25T22:00:00+02:00,BE-TSO-0001,21X-BE-A-A0A0A-Y,Fluxys Belgium,FNC-00034,Final consumers (BE) (Fluxys) Industrial clients L-zone,21Y000000000045A,entry,kWh/h,No injection in transmission network from Industiral clients,,,2025-02-20T13:19:03+01:00,,,,,,,,1,2021-10-01T01:00:00+02:00,,,,,
1Physical FlowhourBE-TSO-0001FNC-00034entrykWh/h2021-10-01T01:00:00Z2021-11-01T01:00:00Z_NA595,1,Physical Flow,hour,2021-10-25T22:00:00+02:00,2021-10-25T23:00:00+02:00,BE-TSO-0001,21X-BE-A-A0A0A-Y,Fluxys Belgium,FNC-00034,Final consumers (BE) (Fluxys) Industrial clients L-zone,21Y000000000045A,entry,kWh/h,No injection in transmission network from Industiral clients,,,2025-02-20T13:19:03+01:00,,,,,,,,1,2021-10-01T01:00:00+02:00,,,,,
1Physical FlowhourBE-TSO-0001FNC-00034entrykWh/h2021-10-01T01:00:00Z2021-11-01T01:00:00Z_NA596,1,Physical Flow,hour,2021-10-25T23:00:00+02:00,2021-10-26T00:00:00+02:00,BE-TSO-0001,21X-BE-A-A0A0A-Y,Fluxys Belgium,FNC-00034,Final consumers (BE) (Fluxys) Industrial clients L-zone,21Y000000000045A,entry,kWh/h,No injection in transmission network from Industiral clients,,,2025-02-20T13:19:03+01:00,,,,,,,,1,2021-10-01T01:00:00+02:00,,,,,
1Physical FlowhourBE-TSO-0001FNC-00034entrykWh/h2021-10-01T01:00:00Z2021-11-01T01:00:00Z_NA597,1,Physical Flow,hour,2021-10-26T00:00:00+02:00,2021-10-26T01:00:00+02:00,BE-TSO-0001,21X-BE-A-A0A0A-Y,Fluxys Belgium,FNC-00034,Final consumers (BE) (Fluxys) Industrial clients L-zone,21Y000000000045A,entry,kWh/h,No injection in transmission network from Industiral clients,,,2025-02-20T13:19:03+01:00,,,,,,,,1,2021-10-01T01:00:00+02:00,,,,,
1Physical FlowhourBE-TSO-0001FNC-00034entrykWh/h2021-10-01T01:00:00Z2021-11-01T01:00:00Z_NA598,1,Physical Flow,hour,2021-10-26T01:00:00+02:00,2021-10-26T02:00:00+02:00,BE-TSO-0001,21X-BE-A-A0A0A-Y,Fluxys Belgium,FNC-00034,Final consumers (BE) (Fluxys) Industrial clients L-zone,21Y000000000045A,entry,kWh/h,No injection in transmission network from Industiral clients,,,2025-02-20T13:19:03+01:00,,,,,,,,1,2021-10-01T01:00:00+02:00,,,,,
1Physical FlowhourBE-TSO-0001FNC-00034entrykWh/h2021-10-01T01:00:00Z2021-11-01T01:00:00Z_NA599,1,Physical Flow,hour,2021-10-26T02:00:00+02:00,2021-10-26T03:00:00+02:00,BE-TSO-0001,21X-BE-A-A0A0A-Y,Fluxys Belgium,FNC-00034,Final consumers (BE) (Fluxys) Industrial clients L-zone,21Y000000000045A,entry,kWh/h,No injection in transmission network from Industiral clients,,,2025-02-20T13:19:03+01:00,,,,,,,,1,2021-10-01T01:00:00+02:00,,,,,
1Physical FlowhourBE-TSO-0001FNC-00034entrykWh/h2021-10-01T01:00:00Z2021-11-01T01:00:00Z_NA600,1,Physical Flow,hour,2021-10-26T03:00:00+02:00,2021-10-26T04:00:00+02:00,BE-TSO-0001,21X-BE-A-A0A0A-Y,Fluxys Belgium,FNC-00034,Final consumers (BE) (Fluxys) Industrial clients L-zone,21Y000000000045A,entry,kWh/h,No injection in transmission network from Industiral clients,,,2025-02-20T13:19:03+01:00,,,,,,,,1,2021-10-01T01:00:00+02:00,,,,,
1Physical FlowhourBE-TSO-0001FNC-00034entrykWh/h2021-10-01T01:00:00Z2021-11-01T01:00:00Z_NA601,1,Physical Flow,hour,2021-10-26T04:00:00+02:00,2021-10-26T05:00:00+02:00,BE-TSO-0001,21X-BE-A-A0A0A-Y,Fluxys Belgium,FNC-00034,Final consumers (BE) (Fluxys) Industrial clients L-zone,21Y000000000045A,entry,kWh/h,No injection in transmission network from Industiral clients,,,2025-02-20T13:19:03+01:00,,,,,,,,1,2021-10-01T01:00:00+02:00,,,,,
1Physical FlowhourBE-TSO-0001FNC-00034entrykWh/h2021-10-01T01:00:00Z2021-11-01T01:00:00Z_NA602,1,Physical Flow,hour,2021-10-26T05:00:00+02:00,2021-10-26T06:00:00+02:00,BE-TSO-0001,21X-BE-A-A0A0A-Y,Fluxys Belgium,FNC-00034,Final consumers (BE) (Fluxys) Industrial clients L-zone,21Y000000000045A,entry,kWh/h,No injection in transmission network from Industiral clients,,,2025-02-20T13:19:03+01:00,,,,,,,,1,2021-10-01T01:00:00+02:00,,,,,
1Physical FlowhourBE-TSO-0001FNC-00034entrykWh/h2021-10-01T01:00:00Z2021-11-01T01:00:00Z_NA603,1,Physical Flow,hour,2021-10-26T06:00:00+02:00,2021-10-26T07:00:00+02:00,BE-TSO-0001,21X-BE-A-A0A0A-Y,Fluxys Belgium,FNC-00034,Final consumers (BE) (Fluxys) Industrial clients L-zone,21Y000000000045A,entry,kWh/h,No injection in transmission network from Industiral clients,,,2025-02-20T13:19:03+01:00,,,,,,,,1,2021-10-01T01:00:00+02:00,,,,,
1Physical FlowhourBE-TSO-0001FNC-00034entrykWh/h2021-10-01T01:00:00Z2021-11-01T01:00:00Z_NA604,1,Physical Flow,hour,2021-10-26T07:00:00+02:00,2021-10-26T08:00:00+02:00,BE-TSO-0001,21X-BE-A-A0A0A-Y,Fluxys Belgium,FNC-00034,Final consumers (BE) (Fluxys) Industrial clients L-zone,21Y000000000045A,entry,kWh/h,No injection in transmission network from Industiral clients,,,2025-02-20T13:19:03+01:00,,,,,,,,1,2021-10-01T01:00:00+02:00,,,,,
1Physical FlowhourBE-TSO-0001FNC-00034entrykWh/h2021-10-01T01:00:00Z2021-11-01T01:00:00Z_NA605,1,Physical Flow,hour,2021-10-26T08:00:00+02:00,2021-10-26T09:00:00+02:00,BE-TSO-0001,21X-BE-A-A0A0A-Y,Fluxys Belgium,FNC-00034,Final consumers (BE) (Fluxys) Industrial clients L-zone,21Y000000000045A,entry,kWh/h,No injection in transmission network from Industiral clients,,,2025-02-20T13:19:03+01:00,,,,,,,,1,2021-10-01T01:00:00+02:00,,,,,
1Physical FlowhourBE-TSO-0001FNC-00034entrykWh/h2021-10-01T01:00:00Z2021-11-01T01:00:00Z_NA606,1,Physical Flow,hour,2021-10-26T09:00:00+02:00,2021-10-26T10:00:00+02:00,BE-TSO-0001,21X-BE-A-A0A0A-Y,Fluxys Belgium,FNC-00034,Final consumers (BE) (Fluxys) Industrial clients L-zone,21Y000000000045A,entry,kWh/h,No injection in transmission network from Industiral clients,,,2025-02-20T13:19:03+01:00,,,,,,,,1,2021-10-01T01:00:00+02:00,,,,,
1Physical FlowhourBE-TSO-0001FNC-00034entrykWh/h2021-10-01T01:00:00Z2021-11-01T01:00:00Z_NA607,1,Physical Flow,hour,2021-10-26T10:00:00+02:00,2021-10-26T11:00:00+02:00,BE-TSO-0001,21X-BE-A-A0A0A-Y,Fluxys Belgium,FNC-00034,Final consumers (BE) (Fluxys) Industrial clients L-zone,21Y000000000045A,entry,kWh/h,No injection in transmission network from Industiral clients,,,2025-02-20T13:19:03+01:00,,,,,,,,1,2021-10-01T01:00:00+02:00,,,,,
1Physical FlowhourBE-TSO-0001FNC-00034entrykWh/h2021-10-01T01:00:00Z2021-11-01T01:00:00Z_NA608,1,Physical Flow,hour,2021-10-26T11:00:00+02:00,2021-10-26T12:00:00+02:00,BE-TSO-0001,21X-BE-A-A0A0A-Y,Fluxys Belgium,FNC-00034,Final consumers (BE) (Fluxys) Industrial clients L-zone,21Y000000000045A,entry,kWh/h,No injection in transmission network from Industiral clients,,,2025-02-20T13:19:03+01:00,,,,,,,,1,2021-10-01T01:00:00+02:00,,,,,
1Physical FlowhourBE-TSO-0001FNC-00034entrykWh/h2021-10-01T01:00:00Z2021-11-01T01:00:00Z_NA609,1,Physical Flow,hour,2021-10-26T12:00:00+02:00,2021-10-26T13:00:00+02:00,BE-TSO-0001,21X-BE-A-A0A0A-Y,Fluxys Belgium,FNC-00034,Final consumers (BE) (Fluxys) Industrial clients L-zone,21Y000000000045A,entry,kWh/h,No injection in transmission network from Industiral clients,,,2025-02-20T13:19:03+01:00,,,,,,,,1,2021-10-01T01:00:00+02:00,,,,,
1Physical FlowhourBE-TSO-0001FNC-00034entrykWh/h2021-10-01T01:00:00Z2021-11-01T01:00:00Z_NA610,1,Physical Flow,hour,2021-10-26T13:00:00+02:00,2021-10-26T14:00:00+02:00,BE-TSO-0001,21X-BE-A-A0A0A-Y,Fluxys Belgium,FNC-00034,Final consumers (BE) (Fluxys) Industrial clients L-zone,21Y000000000045A,entry,kWh/h,No injection in transmission network from Industiral clients,,,2025-02-20T13:19:03+01:00,,,,,,,,1,2021-10-01T01:00:00+02:00,,,,,
1Physical FlowhourBE-TSO-0001FNC-00034entrykWh/h2021-10-01T01:00:00Z2021-11-01T01:00:00Z_NA611,1,Physical Flow,hour,2021-10-26T14:00:00+02:00,2021-10-26T15:00:00+02:00,BE-TSO-0001,21X-BE-A-A0A0A-Y,Fluxys Belgium,FNC-00034,Final consumers (BE) (Fluxys) Industrial clients L-zone,21Y000000000045A,entry,kWh/h,No injection in transmission network from Industiral clients,,,2025-02-20T13:19:03+01:00,,,,,,,,1,2021-10-01T01:00:00+02:00,,,,,
1Physical FlowhourBE-TSO-0001FNC-00034entrykWh/h2021-10-01T01:00:00Z2021-11-01T01:00:00Z_NA612,1,Physical Flow,hour,2021-10-26T15:00:00+02:00,2021-10-26T16:00:00+02:00,BE-TSO-0001,21X-BE-A-A0A0A-Y,Fluxys Belgium,FNC-00034,Final consumers (BE) (Fluxys) Industrial clients L-zone,21Y000000000045A,entry,kWh/h,No injection in transmission network from Industiral clients,,,2025-02-20T13:19:03+01:00,,,,,,,,1,2021-10-01T01:00:00+02:00,,,,,
1Physical FlowhourBE-TSO-0001FNC-00034entrykWh/h2021-10-01T01:00:00Z2021-11-01T01:00:00Z_NA613,1,Physical Flow,hour,2021-10-26T16:00:00+02:00,2021-10-26T17:00:00+02:00,BE-TSO-0001,21X-BE-A-A0A0A-Y,Fluxys Belgium,FNC-00034,Final consumers (BE) (Fluxys) Industrial clients L-zone,21Y000000000045A,entry,kWh/h,No injection in transmission network from Industiral clients,,,2025-02-20T13:19:03+01:00,,,,,,,,1,2021-10-01T01:00:00+02:00,,,,,
1Physical FlowhourBE-TSO-0001FNC-00034entrykWh/h2021-10-01T01:00:00Z2021-11-01T01:00:00Z_NA614,1,Physical Flow,hour,2021-10-26T17:00:00+02:00,2021-10-26T18:00:00+02:00,BE-TSO-0001,21X-BE-A-A0A0A-Y,Fluxys Belgium,FNC-00034,Final consumers (BE) (Fluxys) Industrial clients L-zone,21Y000000000045A,entry,kWh/h,No injection in transmission network from Industiral clients,,,2025-02-20T13:19:03+01:00,,,,,,,,1,2021-10-01T01:00:00+02:00,,,,,
1Physical FlowhourBE-TSO-0001FNC-00034entrykWh/h2021-10-01T01:00:00Z2021-11-01T01:00:00Z_NA615,1,Physical Flow,hour,2021-10-26T18:00:00+02:00,2021-10-26T19:00:00+02:00,BE-TSO-0001,21X-BE-A-A0A0A-Y,Fluxys Belgium,FNC-00034,Final consumers (BE) (Fluxys) Industrial clients L-zone,21Y000000000045A,entry,kWh/h,No injection in transmission network from Industiral clients,,,2025-02-20T13:19:03+01:00,,,,,,,,1,2021-10-01T01:00:00+02:00,,,,,
1Physical FlowhourBE-TSO-0001FNC-00034entrykWh/h2021-10-01T01:00:00Z2021-11-01T01:00:00Z_NA616,1,Physical Flow,hour,2021-10-26T19:00:00+02:00,2021-10-26T20:00:00+02:00,BE-TSO-0001,21X-BE-A-A0A0A-Y,Fluxys Belgium,FNC-00034,Final consumers (BE) (Fluxys) Industrial clients L-zone,21Y000000000045A,entry,kWh/h,No injection in transmission network from Industiral clients,,,2025-02-20T13:19:03+01:00,,,,,,,,1,2021-10-01T01:00:00+02:00,,,,,
1Physical FlowhourBE-TSO-0001FNC-00034entrykWh/h2021-10-01T01:00:00Z2021-11-01T01:00:00Z_NA617,1,Physical Flow,hour,2021-10-26T20:00:00+02:00,2021-10-26T21:00:00+02:00,BE-TSO-0001,21X-BE-A-A0A0A-Y,Fluxys Belgium,FNC-00034,Final consumers (BE) (Fluxys) Industrial clients L-zone,21Y000000000045A,entry,kWh/h,No injection in transmission network from Industiral clients,,,2025-02-20T13:19:03+01:00,,,,,,,,1,2021-10-01T01:00:00+02:00,,,,,
1Physical FlowhourBE-TSO-0001FNC-00034entrykWh/h2021-10-01T01:00:00Z2021-11-01T01:00:00Z_NA618,1,Physical Flow,hour,2021-10-26T21:00:00+02:00,2021-10-26T22:00:00+02:00,BE-TSO-0001,21X-BE-A-A0A0A-Y,Fluxys Belgium,FNC-00034,Final consumers (BE) (Fluxys) Industrial clients L-zone,21Y000000000045A,entry,kWh/h,No injection in transmission network from Industiral clients,,,2025-02-20T13:19:03+01:00,,,,,,,,1,2021-10-01T01:00:00+02:00,,,,,
1Physical FlowhourBE-TSO-0001FNC-00034entrykWh/h2021-10-01T01:00:00Z2021-11-01T01:00:00Z_NA619,1,Physical Flow,hour,2021-10-26T22:00:00+02:00,2021-10-26T23:00:00+02:00,BE-TSO-0001,21X-BE-A-A0A0A-Y,Fluxys Belgium,FNC-00034,Final consumers (BE) (Fluxys) Industrial clients L-zone,21Y000000000045A,entry,kWh/h,No injection in transmission network from Industiral clients,,,2025-02-20T13:19:03+01:00,,,,,,,,1,2021-10-01T01:00:00+02:00,,,,,
1Physical FlowhourBE-TSO-0001FNC-00034entrykWh/h2021-10-01T01:00:00Z2021-11-01T01:00:00Z_NA620,1,Physical Flow,hour,2021-10-26T23:00:00+02:00,2021-10-27T00:00:00+02:00,BE-TSO-0001,21X-BE-A-A0A0A-Y,Fluxys Belgium,FNC-00034,Final consumers (BE) (Fluxys) Industrial clients L-zone,21Y000000000045A,entry,kWh/h,No injection in transmission network from Industiral clients,,,2025-02-20T13:19:03+01:00,,,,,,,,1,2021-10-01T01:00:00+02:00,,,,,
1Physical FlowhourBE-TSO-0001FNC-00034entrykWh/h2021-10-01T01:00:00Z2021-11-01T01:00:00Z_NA621,1,Physical Flow,hour,2021-10-27T00:00:00+02:00,2021-10-27T01:00:00+02:00,BE-TSO-0001,21X-BE-A-A0A0A-Y,Fluxys Belgium,FNC-00034,Final consumers (BE) (Fluxys) Industrial clients L-zone,21Y000000000045A,entry,kWh/h,No injection in transmission network from Industiral clients,,,2025-02-20T13:19:03+01:00,,,,,,,,1,2021-10-01T01:00:00+02:00,,,,,
1Physical FlowhourBE-TSO-0001FNC-00034entrykWh/h2021-10-01T01:00:00Z2021-11-01T01:00:00Z_NA622,1,Physical Flow,hour,2021-10-27T01:00:00+02:00,2021-10-27T02:00:00+02:00,BE-TSO-0001,21X-BE-A-A0A0A-Y,Fluxys Belgium,FNC-00034,Final consumers (BE) (Fluxys) Industrial clients L-zone,21Y000000000045A,entry,kWh/h,No injection in transmission network from Industiral clients,,,2025-02-20T13:19:03+01:00,,,,,,,,1,2021-10-01T01:00:00+02:00,,,,,
1Physical FlowhourBE-TSO-0001FNC-00034entrykWh/h2021-10-01T01:00:00Z2021-11-01T01:00:00Z_NA623,1,Physical Flow,hour,2021-10-27T02:00:00+02:00,2021-10-27T03:00:00+02:00,BE-TSO-0001,21X-BE-A-A0A0A-Y,Fluxys Belgium,FNC-00034,Final consumers (BE) (Fluxys) Industrial clients L-zone,21Y000000000045A,entry,kWh/h,No injection in transmission network from Industiral clients,,,2025-02-20T13:19:03+01:00,,,,,,,,1,2021-10-01T01:00:00+02:00,,,,,
1Physical FlowhourBE-TSO-0001FNC-00034entrykWh/h2021-10-01T01:00:00Z2021-11-01T01:00:00Z_NA624,1,Physical Flow,hour,2021-10-27T03:00:00+02:00,2021-10-27T04:00:00+02:00,BE-TSO-0001,21X-BE-A-A0A0A-Y,Fluxys Belgium,FNC-00034,Final consumers (BE) (Fluxys) Industrial clients L-zone,21Y000000000045A,entry,kWh/h,No injection in transmission network from Industiral clients,,,2025-02-20T13:19:03+01:00,,,,,,,,1,2021-10-01T01:00:00+02:00,,,,,
1Physical FlowhourBE-TSO-0001FNC-00034entrykWh/h2021-10-01T01:00:00Z2021-11-01T01:00:00Z_NA625,1,Physical Flow,hour,2021-10-27T04:00:00+02:00,2021-10-27T05:00:00+02:00,BE-TSO-0001,21X-BE-A-A0A0A-Y,Fluxys Belgium,FNC-00034,Final consumers (BE) (Fluxys) Industrial clients L-zone,21Y000000000045A,entry,kWh/h,No injection in transmission network from Industiral clients,,,2025-02-20T13:19:03+01:00,,,,,,,,1,2021-10-01T01:00:00+02:00,,,,,
1Physical FlowhourBE-TSO-0001FNC-00034entrykWh/h2021-10-01T01:00:00Z2021-11-01T01:00:00Z_NA626,1,Physical Flow,hour,2021-10-27T05:00:00+02:00,2021-10-27T06:00:00+02:00,BE-TSO-0001,21X-BE-A-A0A0A-Y,Fluxys Belgium,FNC-00034,Final consumers (BE) (Fluxys) Industrial clients L-zone,21Y000000000045A,entry,kWh/h,No injection in transmission network from Industiral clients,,,2025-02-20T13:19:03+01:00,,,,,,,,1,2021-10-01T01:00:00+02:00,,,,,
1Physical FlowhourBE-TSO-0001FNC-00034entrykWh/h2021-10-01T01:00:00Z2021-11-01T01:00:00Z_NA627,1,Physical Flow,hour,2021-10-27T06:00:00+02:00,2021-10-27T07:00:00+02:00,BE-TSO-0001,21X-BE-A-A0A0A-Y,Fluxys Belgium,FNC-00034,Final consumers (BE) (Fluxys) Industrial clients L-zone,21Y000000000045A,entry,kWh/h,No injection in transmission network from Industiral clients,,,2025-02-20T13:19:03+01:00,,,,,,,,1,2021-10-01T01:00:00+02:00,,,,,
1Physical FlowhourBE-TSO-0001FNC-00034entrykWh/h2021-10-01T01:00:00Z2021-11-01T01:00:00Z_NA628,1,Physical Flow,hour,2021-10-27T07:00:00+02:00,2021-10-27T08:00:00+02:00,BE-TSO-0001,21X-BE-A-A0A0A-Y,Fluxys Belgium,FNC-00034,Final consumers (BE) (Fluxys) Industrial clients L-zone,21Y000000000045A,entry,kWh/h,No injection in transmission network from Industiral clients,,,2025-02-20T13:19:03+01:00,,,,,,,,1,2021-10-01T01:00:00+02:00,,,,,
1Physical FlowhourBE-TSO-0001FNC-00034entrykWh/h2021-10-01T01:00:00Z2021-11-01T01:00:00Z_NA629,1,Physical Flow,hour,2021-10-27T08:00:00+02:00,2021-10-27T09:00:00+02:00,BE-TSO-0001,21X-BE-A-A0A0A-Y,Fluxys Belgium,FNC-00034,Final consumers (BE) (Fluxys) Industrial clients L-zone,21Y000000000045A,entry,kWh/h,No injection in transmission network from Industiral clients,,,2025-02-20T13:19:03+01:00,,,,,,,,1,2021-10-01T01:00:00+02:00,,,,,
1Physical FlowhourBE-TSO-0001FNC-00034entrykWh/h2021-10-01T01:00:00Z2021-11-01T01:00:00Z_NA630,1,Physical Flow,hour,2021-10-27T09:00:00+02:00,2021-10-27T10:00:00+02:00,BE-TSO-0001,21X-BE-A-A0A0A-Y,Fluxys Belgium,FNC-00034,Final consumers (BE) (Fluxys) Industrial clients L-zone,21Y000000000045A,entry,kWh/h,No injection in transmission network from Industiral clients,,,2025-02-20T13:19:03+01:00,,,,,,,,1,2021-10-01T01:00:00+02:00,,,,,
1Physical FlowhourBE-TSO-0001FNC-00034entrykWh/h2021-10-01T01:00:00Z2021-11-01T01:00:00Z_NA631,1,Physical Flow,hour,2021-10-27T10:00:00+02:00,2021-10-27T11:00:00+02:00,BE-TSO-0001,21X-BE-A-A0A0A-Y,Fluxys Belgium,FNC-00034,Final consumers (BE) (Fluxys) Industrial clients L-zone,21Y000000000045A,entry,kWh/h,No injection in transmission network from Industiral clients,,,2025-02-20T13:19:03+01:00,,,,,,,,1,2021-10-01T01:00:00+02:00,,,,,
1Physical FlowhourBE-TSO-0001FNC-00034entrykWh/h2021-10-01T01:00:00Z2021-11-01T01:00:00Z_NA632,1,Physical Flow,hour,2021-10-27T11:00:00+02:00,2021-10-27T12:00:00+02:00,BE-TSO-0001,21X-BE-A-A0A0A-Y,Fluxys Belgium,FNC-00034,Final consumers (BE) (Fluxys) Industrial clients L-zone,21Y000000000045A,entry,kWh/h,No injection in transmission network from Industiral clients,,,2025-02-20T13:19:03+01:00,,,,,,,,1,2021-10-01T01:00:00+02:00,,,,,
1Physical FlowhourBE-TSO-0001FNC-00034entrykWh/h2021-10-01T01:00:00Z2021-11-01T01:00:00Z_NA633,1,Physical Flow,hour,2021-10-27T12:00:00+02:00,2021-10-27T13:00:00+02:00,BE-TSO-0001,21X-BE-A-A0A0A-Y,Fluxys Belgium,FNC-00034,Final consumers (BE) (Fluxys) Industrial clients L-zone,21Y000000000045A,entry,kWh/h,No injection in transmission network from Industiral clients,,,2025-02-20T13:19:03+01:00,,,,,,,,1,2021-10-01T01:00:00+02:00,,,,,
1Physical FlowhourBE-TSO-0001FNC-00034entrykWh/h2021-10-01T01:00:00Z2021-11-01T01:00:00Z_NA634,1,Physical Flow,hour,2021-10-27T13:00:00+02:00,2021-10-27T14:00:00+02:00,BE-TSO-0001,21X-BE-A-A0A0A-Y,Fluxys Belgium,FNC-00034,Final consumers (BE) (Fluxys) Industrial clients L-zone,21Y000000000045A,entry,kWh/h,No injection in transmission network from Industiral clients,,,2025-02-20T13:19:03+01:00,,,,,,,,1,2021-10-01T01:00:00+02:00,,,,,
1Physical FlowhourBE-TSO-0001FNC-00034entrykWh/h2021-10-01T01:00:00Z2021-11-01T01:00:00Z_NA635,1,Physical Flow,hour,2021-10-27T14:00:00+02:00,2021-10-27T15:00:00+02:00,BE-TSO-0001,21X-BE-A-A0A0A-Y,Fluxys Belgium,FNC-00034,Final consumers (BE) (Fluxys) Industrial clients L-zone,21Y000000000045A,entry,kWh/h,No injection in transmission network from Industiral clients,,,2025-02-20T13:19:03+01:00,,,,,,,,1,2021-10-01T01:00:00+02:00,,,,,
1Physical FlowhourBE-TSO-0001FNC-00034entrykWh/h2021-10-01T01:00:00Z2021-11-01T01:00:00Z_NA636,1,Physical Flow,hour,2021-10-27T15:00:00+02:00,2021-10-27T16:00:00+02:00,BE-TSO-0001,21X-BE-A-A0A0A-Y,Fluxys Belgium,FNC-00034,Final consumers (BE) (Fluxys) Industrial clients L-zone,21Y000000000045A,entry,kWh/h,No injection in transmission network from Industiral clients,,,2025-02-20T13:19:03+01:00,,,,,,,,1,2021-10-01T01:00:00+02:00,,,,,
1Physical FlowhourBE-TSO-0001FNC-00034entrykWh/h2021-10-01T01:00:00Z2021-11-01T01:00:00Z_NA637,1,Physical Flow,hour,2021-10-27T16:00:00+02:00,2021-10-27T17:00:00+02:00,BE-TSO-0001,21X-BE-A-A0A0A-Y,Fluxys Belgium,FNC-00034,Final consumers (BE) (Fluxys) Industrial clients L-zone,21Y000000000045A,entry,kWh/h,No injection in transmission network from Industiral clients,,,2025-02-20T13:19:03+01:00,,,,,,,,1,2021-10-01T01:00:00+02:00,,,,,
1Physical FlowhourBE-TSO-0001FNC-00034entrykWh/h2021-10-01T01:00:00Z2021-11-01T01:00:00Z_NA638,1,Physical Flow,hour,2021-10-27T17:00:00+02:00,2021-10-27T18:00:00+02:00,BE-TSO-0001,21X-BE-A-A0A0A-Y,Fluxys Belgium,FNC-00034,Final consumers (BE) (Fluxys) Industrial clients L-zone,21Y000000000045A,entry,kWh/h,No injection in transmission network from Industiral clients,,,2025-02-20T13:19:03+01:00,,,,,,,,1,2021-10-01T01:00:00+02:00,,,,,
1Physical FlowhourBE-TSO-0001FNC-00034entrykWh/h2021-10-01T01:00:00Z2021-11-01T01:00:00Z_NA639,1,Physical Flow,hour,2021-10-27T18:00:00+02:00,2021-10-27T19:00:00+02:00,BE-TSO-0001,21X-BE-A-A0A0A-Y,Fluxys Belgium,FNC-00034,Final consumers (BE) (Fluxys) Industrial clients L-zone,21Y000000000045A,entry,kWh/h,No injection in transmission network from Industiral clients,,,2025-02-20T13:19:03+01:00,,,,,,,,1,2021-10-01T01:00:00+02:00,,,,,
1Physical FlowhourBE-TSO-0001FNC-00034entrykWh/h2021-10-01T01:00:00Z2021-11-01T01:00:00Z_NA640,1,Physical Flow,hour,2021-10-27T19:00:00+02:00,2021-10-27T20:00:00+02:00,BE-TSO-0001,21X-BE-A-A0A0A-Y,Fluxys Belgium,FNC-00034,Final consumers (BE) (Fluxys) Industrial clients L-zone,21Y000000000045A,entry,kWh/h,No injection in transmission network from Industiral clients,,,2025-02-20T13:19:03+01:00,,,,,,,,1,2021-10-01T01:00:00+02:00,,,,,
1Physical FlowhourBE-TSO-0001FNC-00034entrykWh/h2021-10-01T01:00:00Z2021-11-01T01:00:00Z_NA641,1,Physical Flow,hour,2021-10-27T20:00:00+02:00,2021-10-27T21:00:00+02:00,BE-TSO-0001,21X-BE-A-A0A0A-Y,Fluxys Belgium,FNC-00034,Final consumers (BE) (Fluxys) Industrial clients L-zone,21Y000000000045A,entry,kWh/h,No injection in transmission network from Industiral clients,,,2025-02-20T13:19:03+01:00,,,,,,,,1,2021-10-01T01:00:00+02:00,,,,,
1Physical FlowhourBE-TSO-0001FNC-00034entrykWh/h2021-10-01T01:00:00Z2021-11-01T01:00:00Z_NA642,1,Physical Flow,hour,2021-10-27T21:00:00+02:00,2021-10-27T22:00:00+02:00,BE-TSO-0001,21X-BE-A-A0A0A-Y,Fluxys Belgium,FNC-00034,Final consumers (BE) (Fluxys) Industrial clients L-zone,21Y000000000045A,entry,kWh/h,No injection in transmission network from Industiral clients,,,2025-02-20T13:19:03+01:00,,,,,,,,1,2021-10-01T01:00:00+02:00,,,,,
1Physical FlowhourBE-TSO-0001FNC-00034entrykWh/h2021-10-01T01:00:00Z2021-11-01T01:00:00Z_NA643,1,Physical Flow,hour,2021-10-27T22:00:00+02:00,2021-10-27T23:00:00+02:00,BE-TSO-0001,21X-BE-A-A0A0A-Y,Fluxys Belgium,FNC-00034,Final consumers (BE) (Fluxys) Industrial clients L-zone,21Y000000000045A,entry,kWh/h,No injection in transmission network from Industiral clients,,,2025-02-20T13:19:03+01:00,,,,,,,,1,2021-10-01T01:00:00+02:00,,,,,
1Physical FlowhourBE-TSO-0001FNC-00034entrykWh/h2021-10-01T01:00:00Z2021-11-01T01:00:00Z_NA644,1,Physical Flow,hour,2021-10-27T23:00:00+02:00,2021-10-28T00:00:00+02:00,BE-TSO-0001,21X-BE-A-A0A0A-Y,Fluxys Belgium,FNC-00034,Final consumers (BE) (Fluxys) Industrial clients L-zone,21Y000000000045A,entry,kWh/h,No injection in transmission network from Industiral clients,,,2025-02-20T13:19:03+01:00,,,,,,,,1,2021-10-01T01:00:00+02:00,,,,,
1Physical FlowhourBE-TSO-0001FNC-00034entrykWh/h2021-10-01T01:00:00Z2021-11-01T01:00:00Z_NA645,1,Physical Flow,hour,2021-10-28T00:00:00+02:00,2021-10-28T01:00:00+02:00,BE-TSO-0001,21X-BE-A-A0A0A-Y,Fluxys Belgium,FNC-00034,Final consumers (BE) (Fluxys) Industrial clients L-zone,21Y000000000045A,entry,kWh/h,No injection in transmission network from Industiral clients,,,2025-02-20T13:19:03+01:00,,,,,,,,1,2021-10-01T01:00:00+02:00,,,,,
1Physical FlowhourBE-TSO-0001FNC-00034entrykWh/h2021-10-01T01:00:00Z2021-11-01T01:00:00Z_NA646,1,Physical Flow,hour,2021-10-28T01:00:00+02:00,2021-10-28T02:00:00+02:00,BE-TSO-0001,21X-BE-A-A0A0A-Y,Fluxys Belgium,FNC-00034,Final consumers (BE) (Fluxys) Industrial clients L-zone,21Y000000000045A,entry,kWh/h,No injection in transmission network from Industiral clients,,,2025-02-20T13:19:03+01:00,,,,,,,,1,2021-10-01T01:00:00+02:00,,,,,
1Physical FlowhourBE-TSO-0001FNC-00034entrykWh/h2021-10-01T01:00:00Z2021-11-01T01:00:00Z_NA647,1,Physical Flow,hour,2021-10-28T02:00:00+02:00,2021-10-28T03:00:00+02:00,BE-TSO-0001,21X-BE-A-A0A0A-Y,Fluxys Belgium,FNC-00034,Final consumers (BE) (Fluxys) Industrial clients L-zone,21Y000000000045A,entry,kWh/h,No injection in transmission network from Industiral clients,,,2025-02-20T13:19:03+01:00,,,,,,,,1,2021-10-01T01:00:00+02:00,,,,,
1Physical FlowhourBE-TSO-0001FNC-00034entrykWh/h2021-10-01T01:00:00Z2021-11-01T01:00:00Z_NA648,1,Physical Flow,hour,2021-10-28T03:00:00+02:00,2021-10-28T04:00:00+02:00,BE-TSO-0001,21X-BE-A-A0A0A-Y,Fluxys Belgium,FNC-00034,Final consumers (BE) (Fluxys) Industrial clients L-zone,21Y000000000045A,entry,kWh/h,No injection in transmission network from Industiral clients,,,2025-02-20T13:19:03+01:00,,,,,,,,1,2021-10-01T01:00:00+02:00,,,,,
1Physical FlowhourBE-TSO-0001FNC-00034entrykWh/h2021-10-01T01:00:00Z2021-11-01T01:00:00Z_NA649,1,Physical Flow,hour,2021-10-28T04:00:00+02:00,2021-10-28T05:00:00+02:00,BE-TSO-0001,21X-BE-A-A0A0A-Y,Fluxys Belgium,FNC-00034,Final consumers (BE) (Fluxys) Industrial clients L-zone,21Y000000000045A,entry,kWh/h,No injection in transmission network from Industiral clients,,,2025-02-20T13:19:03+01:00,,,,,,,,1,2021-10-01T01:00:00+02:00,,,,,
1Physical FlowhourBE-TSO-0001FNC-00034entrykWh/h2021-10-01T01:00:00Z2021-11-01T01:00:00Z_NA650,1,Physical Flow,hour,2021-10-28T05:00:00+02:00,2021-10-28T06:00:00+02:00,BE-TSO-0001,21X-BE-A-A0A0A-Y,Fluxys Belgium,FNC-00034,Final consumers (BE) (Fluxys) Industrial clients L-zone,21Y000000000045A,entry,kWh/h,No injection in transmission network from Industiral clients,,,2025-02-20T13:19:03+01:00,,,,,,,,1,2021-10-01T01:00:00+02:00,,,,,
1Physical FlowhourBE-TSO-0001FNC-00034entrykWh/h2021-10-01T01:00:00Z2021-11-01T01:00:00Z_NA651,1,Physical Flow,hour,2021-10-28T06:00:00+02:00,2021-10-28T07:00:00+02:00,BE-TSO-0001,21X-BE-A-A0A0A-Y,Fluxys Belgium,FNC-00034,Final consumers (BE) (Fluxys) Industrial clients L-zone,21Y000000000045A,entry,kWh/h,No injection in transmission network from Industiral clients,,,2025-02-20T13:19:03+01:00,,,,,,,,1,2021-10-01T01:00:00+02:00,,,,,
1Physical FlowhourBE-TSO-0001FNC-00034entrykWh/h2021-10-01T01:00:00Z2021-11-01T01:00:00Z_NA652,1,Physical Flow,hour,2021-10-28T07:00:00+02:00,2021-10-28T08:00:00+02:00,BE-TSO-0001,21X-BE-A-A0A0A-Y,Fluxys Belgium,FNC-00034,Final consumers (BE) (Fluxys) Industrial clients L-zone,21Y000000000045A,entry,kWh/h,No injection in transmission network from Industiral clients,,,2025-02-20T13:19:03+01:00,,,,,,,,1,2021-10-01T01:00:00+02:00,,,,,
1Physical FlowhourBE-TSO-0001FNC-00034entrykWh/h2021-10-01T01:00:00Z2021-11-01T01:00:00Z_NA653,1,Physical Flow,hour,2021-10-28T08:00:00+02:00,2021-10-28T09:00:00+02:00,BE-TSO-0001,21X-BE-A-A0A0A-Y,Fluxys Belgium,FNC-00034,Final consumers (BE) (Fluxys) Industrial clients L-zone,21Y000000000045A,entry,kWh/h,No injection in transmission network from Industiral clients,,,2025-02-20T13:19:03+01:00,,,,,,,,1,2021-10-01T01:00:00+02:00,,,,,
1Physical FlowhourBE-TSO-0001FNC-00034entrykWh/h2021-10-01T01:00:00Z2021-11-01T01:00:00Z_NA654,1,Physical Flow,hour,2021-10-28T09:00:00+02:00,2021-10-28T10:00:00+02:00,BE-TSO-0001,21X-BE-A-A0A0A-Y,Fluxys Belgium,FNC-00034,Final consumers (BE) (Fluxys) Industrial clients L-zone,21Y000000000045A,entry,kWh/h,No injection in transmission network from Industiral clients,,,2025-02-20T13:19:03+01:00,,,,,,,,1,2021-10-01T01:00:00+02:00,,,,,
1Physical FlowhourBE-TSO-0001FNC-00034entrykWh/h2021-10-01T01:00:00Z2021-11-01T01:00:00Z_NA655,1,Physical Flow,hour,2021-10-28T10:00:00+02:00,2021-10-28T11:00:00+02:00,BE-TSO-0001,21X-BE-A-A0A0A-Y,Fluxys Belgium,FNC-00034,Final consumers (BE) (Fluxys) Industrial clients L-zone,21Y000000000045A,entry,kWh/h,No injection in transmission network from Industiral clients,,,2025-02-20T13:19:03+01:00,,,,,,,,1,2021-10-01T01:00:00+02:00,,,,,
1Physical FlowhourBE-TSO-0001FNC-00034entrykWh/h2021-10-01T01:00:00Z2021-11-01T01:00:00Z_NA656,1,Physical Flow,hour,2021-10-28T11:00:00+02:00,2021-10-28T12:00:00+02:00,BE-TSO-0001,21X-BE-A-A0A0A-Y,Fluxys Belgium,FNC-00034,Final consumers (BE) (Fluxys) Industrial clients L-zone,21Y000000000045A,entry,kWh/h,No injection in transmission network from Industiral clients,,,2025-02-20T13:19:03+01:00,,,,,,,,1,2021-10-01T01:00:00+02:00,,,,,
1Physical FlowhourBE-TSO-0001FNC-00034entrykWh/h2021-10-01T01:00:00Z2021-11-01T01:00:00Z_NA657,1,Physical Flow,hour,2021-10-28T12:00:00+02:00,2021-10-28T13:00:00+02:00,BE-TSO-0001,21X-BE-A-A0A0A-Y,Fluxys Belgium,FNC-00034,Final consumers (BE) (Fluxys) Industrial clients L-zone,21Y000000000045A,entry,kWh/h,No injection in transmission network from Industiral clients,,,2025-02-20T13:19:03+01:00,,,,,,,,1,2021-10-01T01:00:00+02:00,,,,,
1Physical FlowhourBE-TSO-0001FNC-00034entrykWh/h2021-10-01T01:00:00Z2021-11-01T01:00:00Z_NA658,1,Physical Flow,hour,2021-10-28T13:00:00+02:00,2021-10-28T14:00:00+02:00,BE-TSO-0001,21X-BE-A-A0A0A-Y,Fluxys Belgium,FNC-00034,Final consumers (BE) (Fluxys) Industrial clients L-zone,21Y000000000045A,entry,kWh/h,No injection in transmission network from Industiral clients,,,2025-02-20T13:19:03+01:00,,,,,,,,1,2021-10-01T01:00:00+02:00,,,,,
1Physical FlowhourBE-TSO-0001FNC-00034entrykWh/h2021-10-01T01:00:00Z2021-11-01T01:00:00Z_NA659,1,Physical Flow,hour,2021-10-28T14:00:00+02:00,2021-10-28T15:00:00+02:00,BE-TSO-0001,21X-BE-A-A0A0A-Y,Fluxys Belgium,FNC-00034,Final consumers (BE) (Fluxys) Industrial clients L-zone,21Y000000000045A,entry,kWh/h,No injection in transmission network from Industiral clients,,,2025-02-20T13:19:03+01:00,,,,,,,,1,2021-10-01T01:00:00+02:00,,,,,
1Physical FlowhourBE-TSO-0001FNC-00034entrykWh/h2021-10-01T01:00:00Z2021-11-01T01:00:00Z_NA660,1,Physical Flow,hour,2021-10-28T15:00:00+02:00,2021-10-28T16:00:00+02:00,BE-TSO-0001,21X-BE-A-A0A0A-Y,Fluxys Belgium,FNC-00034,Final consumers (BE) (Fluxys) Industrial clients L-zone,21Y000000000045A,entry,kWh/h,No injection in transmission network from Industiral clients,,,2025-02-20T13:19:03+01:00,,,,,,,,1,2021-10-01T01:00:00+02:00,,,,,
1Physical FlowhourBE-TSO-0001FNC-00034entrykWh/h2021-10-01T01:00:00Z2021-11-01T01:00:00Z_NA661,1,Physical Flow,hour,2021-10-28T16:00:00+02:00,2021-10-28T17:00:00+02:00,BE-TSO-0001,21X-BE-A-A0A0A-Y,Fluxys Belgium,FNC-00034,Final consumers (BE) (Fluxys) Industrial clients L-zone,21Y000000000045A,entry,kWh/h,No injection in transmission network from Industiral clients,,,2025-02-20T13:19:03+01:00,,,,,,,,1,2021-10-01T01:00:00+02:00,,,,,
1Physical FlowhourBE-TSO-0001FNC-00034entrykWh/h2021-10-01T01:00:00Z2021-11-01T01:00:00Z_NA662,1,Physical Flow,hour,2021-10-28T17:00:00+02:00,2021-10-28T18:00:00+02:00,BE-TSO-0001,21X-BE-A-A0A0A-Y,Fluxys Belgium,FNC-00034,Final consumers (BE) (Fluxys) Industrial clients L-zone,21Y000000000045A,entry,kWh/h,No injection in transmission network from Industiral clients,,,2025-02-20T13:19:03+01:00,,,,,,,,1,2021-10-01T01:00:00+02:00,,,,,
1Physical FlowhourBE-TSO-0001FNC-00034entrykWh/h2021-10-01T01:00:00Z2021-11-01T01:00:00Z_NA663,1,Physical Flow,hour,2021-10-28T18:00:00+02:00,2021-10-28T19:00:00+02:00,BE-TSO-0001,21X-BE-A-A0A0A-Y,Fluxys Belgium,FNC-00034,Final consumers (BE) (Fluxys) Industrial clients L-zone,21Y000000000045A,entry,kWh/h,No injection in transmission network from Industiral clients,,,2025-02-20T13:19:03+01:00,,,,,,,,1,2021-10-01T01:00:00+02:00,,,,,
1Physical FlowhourBE-TSO-0001FNC-00034entrykWh/h2021-10-01T01:00:00Z2021-11-01T01:00:00Z_NA664,1,Physical Flow,hour,2021-10-28T19:00:00+02:00,2021-10-28T20:00:00+02:00,BE-TSO-0001,21X-BE-A-A0A0A-Y,Fluxys Belgium,FNC-00034,Final consumers (BE) (Fluxys) Industrial clients L-zone,21Y000000000045A,entry,kWh/h,No injection in transmission network from Industiral clients,,,2025-02-20T13:19:03+01:00,,,,,,,,1,2021-10-01T01:00:00+02:00,,,,,
1Physical FlowhourBE-TSO-0001FNC-00034entrykWh/h2021-10-01T01:00:00Z2021-11-01T01:00:00Z_NA665,1,Physical Flow,hour,2021-10-28T20:00:00+02:00,2021-10-28T21:00:00+02:00,BE-TSO-0001,21X-BE-A-A0A0A-Y,Fluxys Belgium,FNC-00034,Final consumers (BE) (Fluxys) Industrial clients L-zone,21Y000000000045A,entry,kWh/h,No injection in transmission network from Industiral clients,,,2025-02-20T13:19:03+01:00,,,,,,,,1,2021-10-01T01:00:00+02:00,,,,,
1Physical FlowhourBE-TSO-0001FNC-00034entrykWh/h2021-10-01T01:00:00Z2021-11-01T01:00:00Z_NA666,1,Physical Flow,hour,2021-10-28T21:00:00+02:00,2021-10-28T22:00:00+02:00,BE-TSO-0001,21X-BE-A-A0A0A-Y,Fluxys Belgium,FNC-00034,Final consumers (BE) (Fluxys) Industrial clients L-zone,21Y000000000045A,entry,kWh/h,No injection in transmission network from Industiral clients,,,2025-02-20T13:19:03+01:00,,,,,,,,1,2021-10-01T01:00:00+02:00,,,,,
1Physical FlowhourBE-TSO-0001FNC-00034entrykWh/h2021-10-01T01:00:00Z2021-11-01T01:00:00Z_NA667,1,Physical Flow,hour,2021-10-28T22:00:00+02:00,2021-10-28T23:00:00+02:00,BE-TSO-0001,21X-BE-A-A0A0A-Y,Fluxys Belgium,FNC-00034,Final consumers (BE) (Fluxys) Industrial clients L-zone,21Y000000000045A,entry,kWh/h,No injection in transmission network from Industiral clients,,,2025-02-20T13:19:03+01:00,,,,,,,,1,2021-10-01T01:00:00+02:00,,,,,
1Physical FlowhourBE-TSO-0001FNC-00034entrykWh/h2021-10-01T01:00:00Z2021-11-01T01:00:00Z_NA668,1,Physical Flow,hour,2021-10-28T23:00:00+02:00,2021-10-29T00:00:00+02:00,BE-TSO-0001,21X-BE-A-A0A0A-Y,Fluxys Belgium,FNC-00034,Final consumers (BE) (Fluxys) Industrial clients L-zone,21Y000000000045A,entry,kWh/h,No injection in transmission network from Industiral clients,,,2025-02-20T13:19:03+01:00,,,,,,,,1,2021-10-01T01:00:00+02:00,,,,,
1Physical FlowhourBE-TSO-0001FNC-00034entrykWh/h2021-10-01T01:00:00Z2021-11-01T01:00:00Z_NA669,1,Physical Flow,hour,2021-10-29T00:00:00+02:00,2021-10-29T01:00:00+02:00,BE-TSO-0001,21X-BE-A-A0A0A-Y,Fluxys Belgium,FNC-00034,Final consumers (BE) (Fluxys) Industrial clients L-zone,21Y000000000045A,entry,kWh/h,No injection in transmission network from Industiral clients,,,2025-02-20T13:19:03+01:00,,,,,,,,1,2021-10-01T01:00:00+02:00,,,,,
1Physical FlowhourBE-TSO-0001FNC-00034entrykWh/h2021-10-01T01:00:00Z2021-11-01T01:00:00Z_NA670,1,Physical Flow,hour,2021-10-29T01:00:00+02:00,2021-10-29T02:00:00+02:00,BE-TSO-0001,21X-BE-A-A0A0A-Y,Fluxys Belgium,FNC-00034,Final consumers (BE) (Fluxys) Industrial clients L-zone,21Y000000000045A,entry,kWh/h,No injection in transmission network from Industiral clients,,,2025-02-20T13:19:03+01:00,,,,,,,,1,2021-10-01T01:00:00+02:00,,,,,
1Physical FlowhourBE-TSO-0001FNC-00034entrykWh/h2021-10-01T01:00:00Z2021-11-01T01:00:00Z_NA671,1,Physical Flow,hour,2021-10-29T02:00:00+02:00,2021-10-29T03:00:00+02:00,BE-TSO-0001,21X-BE-A-A0A0A-Y,Fluxys Belgium,FNC-00034,Final consumers (BE) (Fluxys) Industrial clients L-zone,21Y000000000045A,entry,kWh/h,No injection in transmission network from Industiral clients,,,2025-02-20T13:19:03+01:00,,,,,,,,1,2021-10-01T01:00:00+02:00,,,,,
1Physical FlowhourBE-TSO-0001FNC-00034entrykWh/h2021-10-01T01:00:00Z2021-11-01T01:00:00Z_NA672,1,Physical Flow,hour,2021-10-29T03:00:00+02:00,2021-10-29T04:00:00+02:00,BE-TSO-0001,21X-BE-A-A0A0A-Y,Fluxys Belgium,FNC-00034,Final consumers (BE) (Fluxys) Industrial clients L-zone,21Y000000000045A,entry,kWh/h,No injection in transmission network from Industiral clients,,,2025-02-20T13:19:03+01:00,,,,,,,,1,2021-10-01T01:00:00+02:00,,,,,
1Physical FlowhourBE-TSO-0001FNC-00034entrykWh/h2021-10-01T01:00:00Z2021-11-01T01:00:00Z_NA673,1,Physical Flow,hour,2021-10-29T04:00:00+02:00,2021-10-29T05:00:00+02:00,BE-TSO-0001,21X-BE-A-A0A0A-Y,Fluxys Belgium,FNC-00034,Final consumers (BE) (Fluxys) Industrial clients L-zone,21Y000000000045A,entry,kWh/h,No injection in transmission network from Industiral clients,,,2025-02-20T13:19:03+01:00,,,,,,,,1,2021-10-01T01:00:00+02:00,,,,,
1Physical FlowhourBE-TSO-0001FNC-00034entrykWh/h2021-10-01T01:00:00Z2021-11-01T01:00:00Z_NA674,1,Physical Flow,hour,2021-10-29T05:00:00+02:00,2021-10-29T06:00:00+02:00,BE-TSO-0001,21X-BE-A-A0A0A-Y,Fluxys Belgium,FNC-00034,Final consumers (BE) (Fluxys) Industrial clients L-zone,21Y000000000045A,entry,kWh/h,No injection in transmission network from Industiral clients,,,2025-02-20T13:19:03+01:00,,,,,,,,1,2021-10-01T01:00:00+02:00,,,,,
1Physical FlowhourBE-TSO-0001FNC-00034entrykWh/h2021-10-01T01:00:00Z2021-11-01T01:00:00Z_NA675,1,Physical Flow,hour,2021-10-29T06:00:00+02:00,2021-10-29T07:00:00+02:00,BE-TSO-0001,21X-BE-A-A0A0A-Y,Fluxys Belgium,FNC-00034,Final consumers (BE) (Fluxys) Industrial clients L-zone,21Y000000000045A,entry,kWh/h,No injection in transmission network from Industiral clients,,,2025-02-20T13:19:03+01:00,,,,,,,,1,2021-10-01T01:00:00+02:00,,,,,
1Physical FlowhourBE-TSO-0001FNC-00034entrykWh/h2021-10-01T01:00:00Z2021-11-01T01:00:00Z_NA676,1,Physical Flow,hour,2021-10-29T07:00:00+02:00,2021-10-29T08:00:00+02:00,BE-TSO-0001,21X-BE-A-A0A0A-Y,Fluxys Belgium,FNC-00034,Final consumers (BE) (Fluxys) Industrial clients L-zone,21Y000000000045A,entry,kWh/h,No injection in transmission network from Industiral clients,,,2025-02-20T13:19:03+01:00,,,,,,,,1,2021-10-01T01:00:00+02:00,,,,,
1Physical FlowhourBE-TSO-0001FNC-00034entrykWh/h2021-10-01T01:00:00Z2021-11-01T01:00:00Z_NA677,1,Physical Flow,hour,2021-10-29T08:00:00+02:00,2021-10-29T09:00:00+02:00,BE-TSO-0001,21X-BE-A-A0A0A-Y,Fluxys Belgium,FNC-00034,Final consumers (BE) (Fluxys) Industrial clients L-zone,21Y000000000045A,entry,kWh/h,No injection in transmission network from Industiral clients,,,2025-02-20T13:19:03+01:00,,,,,,,,1,2021-10-01T01:00:00+02:00,,,,,
1Physical FlowhourBE-TSO-0001FNC-00034entrykWh/h2021-10-01T01:00:00Z2021-11-01T01:00:00Z_NA678,1,Physical Flow,hour,2021-10-29T09:00:00+02:00,2021-10-29T10:00:00+02:00,BE-TSO-0001,21X-BE-A-A0A0A-Y,Fluxys Belgium,FNC-00034,Final consumers (BE) (Fluxys) Industrial clients L-zone,21Y000000000045A,entry,kWh/h,No injection in transmission network from Industiral clients,,,2025-02-20T13:19:03+01:00,,,,,,,,1,2021-10-01T01:00:00+02:00,,,,,
1Physical FlowhourBE-TSO-0001FNC-00034entrykWh/h2021-10-01T01:00:00Z2021-11-01T01:00:00Z_NA679,1,Physical Flow,hour,2021-10-29T10:00:00+02:00,2021-10-29T11:00:00+02:00,BE-TSO-0001,21X-BE-A-A0A0A-Y,Fluxys Belgium,FNC-00034,Final consumers (BE) (Fluxys) Industrial clients L-zone,21Y000000000045A,entry,kWh/h,No injection in transmission network from Industiral clients,,,2025-02-20T13:19:03+01:00,,,,,,,,1,2021-10-01T01:00:00+02:00,,,,,
1Physical FlowhourBE-TSO-0001FNC-00034entrykWh/h2021-10-01T01:00:00Z2021-11-01T01:00:00Z_NA680,1,Physical Flow,hour,2021-10-29T11:00:00+02:00,2021-10-29T12:00:00+02:00,BE-TSO-0001,21X-BE-A-A0A0A-Y,Fluxys Belgium,FNC-00034,Final consumers (BE) (Fluxys) Industrial clients L-zone,21Y000000000045A,entry,kWh/h,No injection in transmission network from Industiral clients,,,2025-02-20T13:19:03+01:00,,,,,,,,1,2021-10-01T01:00:00+02:00,,,,,
1Physical FlowhourBE-TSO-0001FNC-00034entrykWh/h2021-10-01T01:00:00Z2021-11-01T01:00:00Z_NA681,1,Physical Flow,hour,2021-10-29T12:00:00+02:00,2021-10-29T13:00:00+02:00,BE-TSO-0001,21X-BE-A-A0A0A-Y,Fluxys Belgium,FNC-00034,Final consumers (BE) (Fluxys) Industrial clients L-zone,21Y000000000045A,entry,kWh/h,No injection in transmission network from Industiral clients,,,2025-02-20T13:19:03+01:00,,,,,,,,1,2021-10-01T01:00:00+02:00,,,,,
1Physical FlowhourBE-TSO-0001FNC-00034entrykWh/h2021-10-01T01:00:00Z2021-11-01T01:00:00Z_NA682,1,Physical Flow,hour,2021-10-29T13:00:00+02:00,2021-10-29T14:00:00+02:00,BE-TSO-0001,21X-BE-A-A0A0A-Y,Fluxys Belgium,FNC-00034,Final consumers (BE) (Fluxys) Industrial clients L-zone,21Y000000000045A,entry,kWh/h,No injection in transmission network from Industiral clients,,,2025-02-20T13:19:03+01:00,,,,,,,,1,2021-10-01T01:00:00+02:00,,,,,
1Physical FlowhourBE-TSO-0001FNC-00034entrykWh/h2021-10-01T01:00:00Z2021-11-01T01:00:00Z_NA683,1,Physical Flow,hour,2021-10-29T14:00:00+02:00,2021-10-29T15:00:00+02:00,BE-TSO-0001,21X-BE-A-A0A0A-Y,Fluxys Belgium,FNC-00034,Final consumers (BE) (Fluxys) Industrial clients L-zone,21Y000000000045A,entry,kWh/h,No injection in transmission network from Industiral clients,,,2025-02-20T13:19:03+01:00,,,,,,,,1,2021-10-01T01:00:00+02:00,,,,,
1Physical FlowhourBE-TSO-0001FNC-00034entrykWh/h2021-10-01T01:00:00Z2021-11-01T01:00:00Z_NA684,1,Physical Flow,hour,2021-10-29T15:00:00+02:00,2021-10-29T16:00:00+02:00,BE-TSO-0001,21X-BE-A-A0A0A-Y,Fluxys Belgium,FNC-00034,Final consumers (BE) (Fluxys) Industrial clients L-zone,21Y000000000045A,entry,kWh/h,No injection in transmission network from Industiral clients,,,2025-02-20T13:19:03+01:00,,,,,,,,1,2021-10-01T01:00:00+02:00,,,,,
1Physical FlowhourBE-TSO-0001FNC-00034entrykWh/h2021-10-01T01:00:00Z2021-11-01T01:00:00Z_NA685,1,Physical Flow,hour,2021-10-29T16:00:00+02:00,2021-10-29T17:00:00+02:00,BE-TSO-0001,21X-BE-A-A0A0A-Y,Fluxys Belgium,FNC-00034,Final consumers (BE) (Fluxys) Industrial clients L-zone,21Y000000000045A,entry,kWh/h,No injection in transmission network from Industiral clients,,,2025-02-20T13:19:03+01:00,,,,,,,,1,2021-10-01T01:00:00+02:00,,,,,
1Physical FlowhourBE-TSO-0001FNC-00034entrykWh/h2021-10-01T01:00:00Z2021-11-01T01:00:00Z_NA686,1,Physical Flow,hour,2021-10-29T17:00:00+02:00,2021-10-29T18:00:00+02:00,BE-TSO-0001,21X-BE-A-A0A0A-Y,Fluxys Belgium,FNC-00034,Final consumers (BE) (Fluxys) Industrial clients L-zone,21Y000000000045A,entry,kWh/h,No injection in transmission network from Industiral clients,,,2025-02-20T13:19:03+01:00,,,,,,,,1,2021-10-01T01:00:00+02:00,,,,,
1Physical FlowhourBE-TSO-0001FNC-00034entrykWh/h2021-10-01T01:00:00Z2021-11-01T01:00:00Z_NA687,1,Physical Flow,hour,2021-10-29T18:00:00+02:00,2021-10-29T19:00:00+02:00,BE-TSO-0001,21X-BE-A-A0A0A-Y,Fluxys Belgium,FNC-00034,Final consumers (BE) (Fluxys) Industrial clients L-zone,21Y000000000045A,entry,kWh/h,No injection in transmission network from Industiral clients,,,2025-02-20T13:19:03+01:00,,,,,,,,1,2021-10-01T01:00:00+02:00,,,,,
1Physical FlowhourBE-TSO-0001FNC-00034entrykWh/h2021-10-01T01:00:00Z2021-11-01T01:00:00Z_NA688,1,Physical Flow,hour,2021-10-29T19:00:00+02:00,2021-10-29T20:00:00+02:00,BE-TSO-0001,21X-BE-A-A0A0A-Y,Fluxys Belgium,FNC-00034,Final consumers (BE) (Fluxys) Industrial clients L-zone,21Y000000000045A,entry,kWh/h,No injection in transmission network from Industiral clients,,,2025-02-20T13:19:03+01:00,,,,,,,,1,2021-10-01T01:00:00+02:00,,,,,
1Physical FlowhourBE-TSO-0001FNC-00034entrykWh/h2021-10-01T01:00:00Z2021-11-01T01:00:00Z_NA689,1,Physical Flow,hour,2021-10-29T20:00:00+02:00,2021-10-29T21:00:00+02:00,BE-TSO-0001,21X-BE-A-A0A0A-Y,Fluxys Belgium,FNC-00034,Final consumers (BE) (Fluxys) Industrial clients L-zone,21Y000000000045A,entry,kWh/h,No injection in transmission network from Industiral clients,,,2025-02-20T13:19:03+01:00,,,,,,,,1,2021-10-01T01:00:00+02:00,,,,,
1Physical FlowhourBE-TSO-0001FNC-00034entrykWh/h2021-10-01T01:00:00Z2021-11-01T01:00:00Z_NA690,1,Physical Flow,hour,2021-10-29T21:00:00+02:00,2021-10-29T22:00:00+02:00,BE-TSO-0001,21X-BE-A-A0A0A-Y,Fluxys Belgium,FNC-00034,Final consumers (BE) (Fluxys) Industrial clients L-zone,21Y000000000045A,entry,kWh/h,No injection in transmission network from Industiral clients,,,2025-02-20T13:19:03+01:00,,,,,,,,1,2021-10-01T01:00:00+02:00,,,,,
1Physical FlowhourBE-TSO-0001FNC-00034entrykWh/h2021-10-01T01:00:00Z2021-11-01T01:00:00Z_NA691,1,Physical Flow,hour,2021-10-29T22:00:00+02:00,2021-10-29T23:00:00+02:00,BE-TSO-0001,21X-BE-A-A0A0A-Y,Fluxys Belgium,FNC-00034,Final consumers (BE) (Fluxys) Industrial clients L-zone,21Y000000000045A,entry,kWh/h,No injection in transmission network from Industiral clients,,,2025-02-20T13:19:03+01:00,,,,,,,,1,2021-10-01T01:00:00+02:00,,,,,
1Physical FlowhourBE-TSO-0001FNC-00034entrykWh/h2021-10-01T01:00:00Z2021-11-01T01:00:00Z_NA692,1,Physical Flow,hour,2021-10-29T23:00:00+02:00,2021-10-30T00:00:00+02:00,BE-TSO-0001,21X-BE-A-A0A0A-Y,Fluxys Belgium,FNC-00034,Final consumers (BE) (Fluxys) Industrial clients L-zone,21Y000000000045A,entry,kWh/h,No injection in transmission network from Industiral clients,,,2025-02-20T13:19:03+01:00,,,,,,,,1,2021-10-01T01:00:00+02:00,,,,,
1Physical FlowhourBE-TSO-0001FNC-00034entrykWh/h2021-10-01T01:00:00Z2021-11-01T01:00:00Z_NA693,1,Physical Flow,hour,2021-10-30T00:00:00+02:00,2021-10-30T01:00:00+02:00,BE-TSO-0001,21X-BE-A-A0A0A-Y,Fluxys Belgium,FNC-00034,Final consumers (BE) (Fluxys) Industrial clients L-zone,21Y000000000045A,entry,kWh/h,No injection in transmission network from Industiral clients,,,2025-02-20T13:19:03+01:00,,,,,,,,1,2021-10-01T01:00:00+02:00,,,,,
1Physical FlowhourBE-TSO-0001FNC-00034entrykWh/h2021-10-01T01:00:00Z2021-11-01T01:00:00Z_NA694,1,Physical Flow,hour,2021-10-30T01:00:00+02:00,2021-10-30T02:00:00+02:00,BE-TSO-0001,21X-BE-A-A0A0A-Y,Fluxys Belgium,FNC-00034,Final consumers (BE) (Fluxys) Industrial clients L-zone,21Y000000000045A,entry,kWh/h,No injection in transmission network from Industiral clients,,,2025-02-20T13:19:03+01:00,,,,,,,,1,2021-10-01T01:00:00+02:00,,,,,
1Physical FlowhourBE-TSO-0001FNC-00034entrykWh/h2021-10-01T01:00:00Z2021-11-01T01:00:00Z_NA695,1,Physical Flow,hour,2021-10-30T02:00:00+02:00,2021-10-30T03:00:00+02:00,BE-TSO-0001,21X-BE-A-A0A0A-Y,Fluxys Belgium,FNC-00034,Final consumers (BE) (Fluxys) Industrial clients L-zone,21Y000000000045A,entry,kWh/h,No injection in transmission network from Industiral clients,,,2025-02-20T13:19:03+01:00,,,,,,,,1,2021-10-01T01:00:00+02:00,,,,,
1Physical FlowhourBE-TSO-0001FNC-00034entrykWh/h2021-10-01T01:00:00Z2021-11-01T01:00:00Z_NA696,1,Physical Flow,hour,2021-10-30T03:00:00+02:00,2021-10-30T04:00:00+02:00,BE-TSO-0001,21X-BE-A-A0A0A-Y,Fluxys Belgium,FNC-00034,Final consumers (BE) (Fluxys) Industrial clients L-zone,21Y000000000045A,entry,kWh/h,No injection in transmission network from Industiral clients,,,2025-02-20T13:19:03+01:00,,,,,,,,1,2021-10-01T01:00:00+02:00,,,,,
1Physical FlowhourBE-TSO-0001FNC-00034entrykWh/h2021-10-01T01:00:00Z2021-11-01T01:00:00Z_NA697,1,Physical Flow,hour,2021-10-30T04:00:00+02:00,2021-10-30T05:00:00+02:00,BE-TSO-0001,21X-BE-A-A0A0A-Y,Fluxys Belgium,FNC-00034,Final consumers (BE) (Fluxys) Industrial clients L-zone,21Y000000000045A,entry,kWh/h,No injection in transmission network from Industiral clients,,,2025-02-20T13:19:03+01:00,,,,,,,,1,2021-10-01T01:00:00+02:00,,,,,
1Physical FlowhourBE-TSO-0001FNC-00034entrykWh/h2021-10-01T01:00:00Z2021-11-01T01:00:00Z_NA698,1,Physical Flow,hour,2021-10-30T05:00:00+02:00,2021-10-30T06:00:00+02:00,BE-TSO-0001,21X-BE-A-A0A0A-Y,Fluxys Belgium,FNC-00034,Final consumers (BE) (Fluxys) Industrial clients L-zone,21Y000000000045A,entry,kWh/h,No injection in transmission network from Industiral clients,,,2025-02-20T13:19:03+01:00,,,,,,,,1,2021-10-01T01:00:00+02:00,,,,,
1Physical FlowhourBE-TSO-0001FNC-00034entrykWh/h2021-10-01T01:00:00Z2021-11-01T01:00:00Z_NA699,1,Physical Flow,hour,2021-10-30T06:00:00+02:00,2021-10-30T07:00:00+02:00,BE-TSO-0001,21X-BE-A-A0A0A-Y,Fluxys Belgium,FNC-00034,Final consumers (BE) (Fluxys) Industrial clients L-zone,21Y000000000045A,entry,kWh/h,No injection in transmission network from Industiral clients,,,2025-02-20T13:19:03+01:00,,,,,,,,1,2021-10-01T01:00:00+02:00,,,,,
1Physical FlowhourBE-TSO-0001FNC-00034entrykWh/h2021-10-01T01:00:00Z2021-11-01T01:00:00Z_NA700,1,Physical Flow,hour,2021-10-30T07:00:00+02:00,2021-10-30T08:00:00+02:00,BE-TSO-0001,21X-BE-A-A0A0A-Y,Fluxys Belgium,FNC-00034,Final consumers (BE) (Fluxys) Industrial clients L-zone,21Y000000000045A,entry,kWh/h,No injection in transmission network from Industiral clients,,,2025-02-20T13:19:03+01:00,,,,,,,,1,2021-10-01T01:00:00+02:00,,,,,
1Physical FlowhourBE-TSO-0001FNC-00034entrykWh/h2021-10-01T01:00:00Z2021-11-01T01:00:00Z_NA701,1,Physical Flow,hour,2021-10-30T08:00:00+02:00,2021-10-30T09:00:00+02:00,BE-TSO-0001,21X-BE-A-A0A0A-Y,Fluxys Belgium,FNC-00034,Final consumers (BE) (Fluxys) Industrial clients L-zone,21Y000000000045A,entry,kWh/h,No injection in transmission network from Industiral clients,,,2025-02-20T13:19:03+01:00,,,,,,,,1,2021-10-01T01:00:00+02:00,,,,,
1Physical FlowhourBE-TSO-0001FNC-00034entrykWh/h2021-10-01T01:00:00Z2021-11-01T01:00:00Z_NA702,1,Physical Flow,hour,2021-10-30T09:00:00+02:00,2021-10-30T10:00:00+02:00,BE-TSO-0001,21X-BE-A-A0A0A-Y,Fluxys Belgium,FNC-00034,Final consumers (BE) (Fluxys) Industrial clients L-zone,21Y000000000045A,entry,kWh/h,No injection in transmission network from Industiral clients,,,2025-02-20T13:19:03+01:00,,,,,,,,1,2021-10-01T01:00:00+02:00,,,,,
1Physical FlowhourBE-TSO-0001FNC-00034entrykWh/h2021-10-01T01:00:00Z2021-11-01T01:00:00Z_NA703,1,Physical Flow,hour,2021-10-30T10:00:00+02:00,2021-10-30T11:00:00+02:00,BE-TSO-0001,21X-BE-A-A0A0A-Y,Fluxys Belgium,FNC-00034,Final consumers (BE) (Fluxys) Industrial clients L-zone,21Y000000000045A,entry,kWh/h,No injection in transmission network from Industiral clients,,,2025-02-20T13:19:03+01:00,,,,,,,,1,2021-10-01T01:00:00+02:00,,,,,
1Physical FlowhourBE-TSO-0001FNC-00034entrykWh/h2021-10-01T01:00:00Z2021-11-01T01:00:00Z_NA704,1,Physical Flow,hour,2021-10-30T11:00:00+02:00,2021-10-30T12:00:00+02:00,BE-TSO-0001,21X-BE-A-A0A0A-Y,Fluxys Belgium,FNC-00034,Final consumers (BE) (Fluxys) Industrial clients L-zone,21Y000000000045A,entry,kWh/h,No injection in transmission network from Industiral clients,,,2025-02-20T13:19:03+01:00,,,,,,,,1,2021-10-01T01:00:00+02:00,,,,,
1Physical FlowhourBE-TSO-0001FNC-00034entrykWh/h2021-10-01T01:00:00Z2021-11-01T01:00:00Z_NA705,1,Physical Flow,hour,2021-10-30T12:00:00+02:00,2021-10-30T13:00:00+02:00,BE-TSO-0001,21X-BE-A-A0A0A-Y,Fluxys Belgium,FNC-00034,Final consumers (BE) (Fluxys) Industrial clients L-zone,21Y000000000045A,entry,kWh/h,No injection in transmission network from Industiral clients,,,2025-02-20T13:19:03+01:00,,,,,,,,1,2021-10-01T01:00:00+02:00,,,,,
1Physical FlowhourBE-TSO-0001FNC-00034entrykWh/h2021-10-01T01:00:00Z2021-11-01T01:00:00Z_NA706,1,Physical Flow,hour,2021-10-30T13:00:00+02:00,2021-10-30T14:00:00+02:00,BE-TSO-0001,21X-BE-A-A0A0A-Y,Fluxys Belgium,FNC-00034,Final consumers (BE) (Fluxys) Industrial clients L-zone,21Y000000000045A,entry,kWh/h,No injection in transmission network from Industiral clients,,,2025-02-20T13:19:03+01:00,,,,,,,,1,2021-10-01T01:00:00+02:00,,,,,
1Physical FlowhourBE-TSO-0001FNC-00034entrykWh/h2021-10-01T01:00:00Z2021-11-01T01:00:00Z_NA707,1,Physical Flow,hour,2021-10-30T14:00:00+02:00,2021-10-30T15:00:00+02:00,BE-TSO-0001,21X-BE-A-A0A0A-Y,Fluxys Belgium,FNC-00034,Final consumers (BE) (Fluxys) Industrial clients L-zone,21Y000000000045A,entry,kWh/h,No injection in transmission network from Industiral clients,,,2025-02-20T13:19:03+01:00,,,,,,,,1,2021-10-01T01:00:00+02:00,,,,,
1Physical FlowhourBE-TSO-0001FNC-00034entrykWh/h2021-10-01T01:00:00Z2021-11-01T01:00:00Z_NA708,1,Physical Flow,hour,2021-10-30T15:00:00+02:00,2021-10-30T16:00:00+02:00,BE-TSO-0001,21X-BE-A-A0A0A-Y,Fluxys Belgium,FNC-00034,Final consumers (BE) (Fluxys) Industrial clients L-zone,21Y000000000045A,entry,kWh/h,No injection in transmission network from Industiral clients,,,2025-02-20T13:19:03+01:00,,,,,,,,1,2021-10-01T01:00:00+02:00,,,,,
1Physical FlowhourBE-TSO-0001FNC-00034entrykWh/h2021-10-01T01:00:00Z2021-11-01T01:00:00Z_NA709,1,Physical Flow,hour,2021-10-30T16:00:00+02:00,2021-10-30T17:00:00+02:00,BE-TSO-0001,21X-BE-A-A0A0A-Y,Fluxys Belgium,FNC-00034,Final consumers (BE) (Fluxys) Industrial clients L-zone,21Y000000000045A,entry,kWh/h,No injection in transmission network from Industiral clients,,,2025-02-20T13:19:03+01:00,,,,,,,,1,2021-10-01T01:00:00+02:00,,,,,
1Physical FlowhourBE-TSO-0001FNC-00034entrykWh/h2021-10-01T01:00:00Z2021-11-01T01:00:00Z_NA710,1,Physical Flow,hour,2021-10-30T17:00:00+02:00,2021-10-30T18:00:00+02:00,BE-TSO-0001,21X-BE-A-A0A0A-Y,Fluxys Belgium,FNC-00034,Final consumers (BE) (Fluxys) Industrial clients L-zone,21Y000000000045A,entry,kWh/h,No injection in transmission network from Industiral clients,,,2025-02-20T13:19:03+01:00,,,,,,,,1,2021-10-01T01:00:00+02:00,,,,,
1Physical FlowhourBE-TSO-0001FNC-00034entrykWh/h2021-10-01T01:00:00Z2021-11-01T01:00:00Z_NA711,1,Physical Flow,hour,2021-10-30T18:00:00+02:00,2021-10-30T19:00:00+02:00,BE-TSO-0001,21X-BE-A-A0A0A-Y,Fluxys Belgium,FNC-00034,Final consumers (BE) (Fluxys) Industrial clients L-zone,21Y000000000045A,entry,kWh/h,No injection in transmission network from Industiral clients,,,2025-02-20T13:19:03+01:00,,,,,,,,1,2021-10-01T01:00:00+02:00,,,,,
1Physical FlowhourBE-TSO-0001FNC-00034entrykWh/h2021-10-01T01:00:00Z2021-11-01T01:00:00Z_NA712,1,Physical Flow,hour,2021-10-30T19:00:00+02:00,2021-10-30T20:00:00+02:00,BE-TSO-0001,21X-BE-A-A0A0A-Y,Fluxys Belgium,FNC-00034,Final consumers (BE) (Fluxys) Industrial clients L-zone,21Y000000000045A,entry,kWh/h,No injection in transmission network from Industiral clients,,,2025-02-20T13:19:03+01:00,,,,,,,,1,2021-10-01T01:00:00+02:00,,,,,
1Physical FlowhourBE-TSO-0001FNC-00034entrykWh/h2021-10-01T01:00:00Z2021-11-01T01:00:00Z_NA713,1,Physical Flow,hour,2021-10-30T20:00:00+02:00,2021-10-30T21:00:00+02:00,BE-TSO-0001,21X-BE-A-A0A0A-Y,Fluxys Belgium,FNC-00034,Final consumers (BE) (Fluxys) Industrial clients L-zone,21Y000000000045A,entry,kWh/h,No injection in transmission network from Industiral clients,,,2025-02-20T13:19:03+01:00,,,,,,,,1,2021-10-01T01:00:00+02:00,,,,,
1Physical FlowhourBE-TSO-0001FNC-00034entrykWh/h2021-10-01T01:00:00Z2021-11-01T01:00:00Z_NA714,1,Physical Flow,hour,2021-10-30T21:00:00+02:00,2021-10-30T22:00:00+02:00,BE-TSO-0001,21X-BE-A-A0A0A-Y,Fluxys Belgium,FNC-00034,Final consumers (BE) (Fluxys) Industrial clients L-zone,21Y000000000045A,entry,kWh/h,No injection in transmission network from Industiral clients,,,2025-02-20T13:19:03+01:00,,,,,,,,1,2021-10-01T01:00:00+02:00,,,,,
1Physical FlowhourBE-TSO-0001FNC-00034entrykWh/h2021-10-01T01:00:00Z2021-11-01T01:00:00Z_NA715,1,Physical Flow,hour,2021-10-30T22:00:00+02:00,2021-10-30T23:00:00+02:00,BE-TSO-0001,21X-BE-A-A0A0A-Y,Fluxys Belgium,FNC-00034,Final consumers (BE) (Fluxys) Industrial clients L-zone,21Y000000000045A,entry,kWh/h,No injection in transmission network from Industiral clients,,,2025-02-20T13:19:03+01:00,,,,,,,,1,2021-10-01T01:00:00+02:00,,,,,
1Physical FlowhourBE-TSO-0001FNC-00034entrykWh/h2021-10-01T01:00:00Z2021-11-01T01:00:00Z_NA716,1,Physical Flow,hour,2021-10-30T23:00:00+02:00,2021-10-31T00:00:00+02:00,BE-TSO-0001,21X-BE-A-A0A0A-Y,Fluxys Belgium,FNC-00034,Final consumers (BE) (Fluxys) Industrial clients L-zone,21Y000000000045A,entry,kWh/h,No injection in transmission network from Industiral clients,,,2025-02-20T13:19:03+01:00,,,,,,,,1,2021-10-01T01:00:00+02:00,,,,,
1Physical FlowhourBE-TSO-0001FNC-00034entrykWh/h2021-10-01T01:00:00Z2021-11-01T01:00:00Z_NA717,1,Physical Flow,hour,2021-10-31T00:00:00+02:00,2021-10-31T01:00:00+02:00,BE-TSO-0001,21X-BE-A-A0A0A-Y,Fluxys Belgium,FNC-00034,Final consumers (BE) (Fluxys) Industrial clients L-zone,21Y000000000045A,entry,kWh/h,No injection in transmission network from Industiral clients,,,2025-02-20T13:19:03+01:00,,,,,,,,1,2021-10-01T01:00:00+02:00,,,,,
1Physical FlowhourBE-TSO-0001FNC-00034entrykWh/h2021-10-01T01:00:00Z2021-11-01T01:00:00Z_NA718,1,Physical Flow,hour,2021-10-31T01:00:00+02:00,2021-10-31T02:00:00+01:00,BE-TSO-0001,21X-BE-A-A0A0A-Y,Fluxys Belgium,FNC-00034,Final consumers (BE) (Fluxys) Industrial clients L-zone,21Y000000000045A,entry,kWh/h,No injection in transmission network from Industiral clients,,,2025-02-20T13:19:03+01:00,,,,,,,,1,2021-10-01T01:00:00+02:00,,,,,
1Physical FlowhourBE-TSO-0001FNC-00034entrykWh/h2021-10-01T01:00:00Z2021-11-01T01:00:00Z_NA719,1,Physical Flow,hour,2021-10-31T02:00:00+01:00,2021-10-31T02:00:00+01:00,BE-TSO-0001,21X-BE-A-A0A0A-Y,Fluxys Belgium,FNC-00034,Final consumers (BE) (Fluxys) Industrial clients L-zone,21Y000000000045A,entry,kWh/h,No injection in transmission network from Industiral clients,,,2025-02-20T13:19:03+01:00,,,,,,,,1,2021-10-01T01:00:00+02:00,,,,,
1Physical FlowhourBE-TSO-0001FNC-00034entrykWh/h2021-10-01T01:00:00Z2021-11-01T01:00:00Z_NA720,1,Physical Flow,hour,2021-10-31T03:00:00+01:00,2021-10-31T04:00:00+01:00,BE-TSO-0001,21X-BE-A-A0A0A-Y,Fluxys Belgium,FNC-00034,Final consumers (BE) (Fluxys) Industrial clients L-zone,21Y000000000045A,entry,kWh/h,No injection in transmission network from Industiral clients,,,2025-02-20T13:19:03+01:00,,,,,,,,1,2021-10-01T01:00:00+02:00,,,,,
1Physical FlowhourBE-TSO-0001FNC-00034entrykWh/h2021-10-01T01:00:00Z2021-11-01T01:00:00Z_NA721,1,Physical Flow,hour,2021-10-31T04:00:00+01:00,2021-10-31T05:00:00+01:00,BE-TSO-0001,21X-BE-A-A0A0A-Y,Fluxys Belgium,FNC-00034,Final consumers (BE) (Fluxys) Industrial clients L-zone,21Y000000000045A,entry,kWh/h,No injection in transmission network from Industiral clients,,,2025-02-20T13:19:03+01:00,,,,,,,,1,2021-10-01T01:00:00+02:00,,,,,
1Physical FlowhourBE-TSO-0001FNC-00034entrykWh/h2021-10-01T01:00:00Z2021-11-01T01:00:00Z_NA722,1,Physical Flow,hour,2021-10-31T05:00:00+01:00,2021-10-31T06:00:00+01:00,BE-TSO-0001,21X-BE-A-A0A0A-Y,Fluxys Belgium,FNC-00034,Final consumers (BE) (Fluxys) Industrial clients L-zone,21Y000000000045A,entry,kWh/h,No injection in transmission network from Industiral clients,,,2025-02-20T13:19:03+01:00,,,,,,,,1,2021-10-01T01:00:00+02:00,,,,,
1Physical FlowhourBE-TSO-0001FNC-00034entrykWh/h2021-10-01T01:00:00Z2021-11-01T01:00:00Z_NA723,1,Physical Flow,hour,2021-10-31T06:00:00+01:00,2021-10-31T07:00:00+01:00,BE-TSO-0001,21X-BE-A-A0A0A-Y,Fluxys Belgium,FNC-00034,Final consumers (BE) (Fluxys) Industrial clients L-zone,21Y000000000045A,entry,kWh/h,No injection in transmission network from Industiral clients,,,2025-02-20T13:19:03+01:00,,,,,,,,1,2021-10-01T01:00:00+02:00,,,,,
1Physical FlowhourBE-TSO-0001FNC-00034entrykWh/h2021-10-01T01:00:00Z2021-11-01T01:00:00Z_NA724,1,Physical Flow,hour,2021-10-31T07:00:00+01:00,2021-10-31T08:00:00+01:00,BE-TSO-0001,21X-BE-A-A0A0A-Y,Fluxys Belgium,FNC-00034,Final consumers (BE) (Fluxys) Industrial clients L-zone,21Y000000000045A,entry,kWh/h,No injection in transmission network from Industiral clients,,,2025-02-20T13:19:03+01:00,,,,,,,,1,2021-10-01T01:00:00+02:00,,,,,
1Physical FlowhourBE-TSO-0001FNC-00034entrykWh/h2021-10-01T01:00:00Z2021-11-01T01:00:00Z_NA725,1,Physical Flow,hour,2021-10-31T08:00:00+01:00,2021-10-31T09:00:00+01:00,BE-TSO-0001,21X-BE-A-A0A0A-Y,Fluxys Belgium,FNC-00034,Final consumers (BE) (Fluxys) Industrial clients L-zone,21Y000000000045A,entry,kWh/h,No injection in transmission network from Industiral clients,,,2025-02-20T13:19:03+01:00,,,,,,,,1,2021-10-01T01:00:00+02:00,,,,,
1Physical FlowhourBE-TSO-0001FNC-00034entrykWh/h2021-10-01T01:00:00Z2021-11-01T01:00:00Z_NA726,1,Physical Flow,hour,2021-10-31T09:00:00+01:00,2021-10-31T10:00:00+01:00,BE-TSO-0001,21X-BE-A-A0A0A-Y,Fluxys Belgium,FNC-00034,Final consumers (BE) (Fluxys) Industrial clients L-zone,21Y000000000045A,entry,kWh/h,No injection in transmission network from Industiral clients,,,2025-02-20T13:19:03+01:00,,,,,,,,1,2021-10-01T01:00:00+02:00,,,,,
1Physical FlowhourBE-TSO-0001FNC-00034entrykWh/h2021-10-01T01:00:00Z2021-11-01T01:00:00Z_NA727,1,Physical Flow,hour,2021-10-31T10:00:00+01:00,2021-10-31T11:00:00+01:00,BE-TSO-0001,21X-BE-A-A0A0A-Y,Fluxys Belgium,FNC-00034,Final consumers (BE) (Fluxys) Industrial clients L-zone,21Y000000000045A,entry,kWh/h,No injection in transmission network from Industiral clients,,,2025-02-20T13:19:03+01:00,,,,,,,,1,2021-10-01T01:00:00+02:00,,,,,
1Physical FlowhourBE-TSO-0001FNC-00034entrykWh/h2021-10-01T01:00:00Z2021-11-01T01:00:00Z_NA728,1,Physical Flow,hour,2021-10-31T11:00:00+01:00,2021-10-31T12:00:00+01:00,BE-TSO-0001,21X-BE-A-A0A0A-Y,Fluxys Belgium,FNC-00034,Final consumers (BE) (Fluxys) Industrial clients L-zone,21Y000000000045A,entry,kWh/h,No injection in transmission network from Industiral clients,,,2025-02-20T13:19:03+01:00,,,,,,,,1,2021-10-01T01:00:00+02:00,,,,,
1Physical FlowhourBE-TSO-0001FNC-00034entrykWh/h2021-10-01T01:00:00Z2021-11-01T01:00:00Z_NA729,1,Physical Flow,hour,2021-10-31T12:00:00+01:00,2021-10-31T13:00:00+01:00,BE-TSO-0001,21X-BE-A-A0A0A-Y,Fluxys Belgium,FNC-00034,Final consumers (BE) (Fluxys) Industrial clients L-zone,21Y000000000045A,entry,kWh/h,No injection in transmission network from Industiral clients,,,2025-02-20T13:19:03+01:00,,,,,,,,1,2021-10-01T01:00:00+02:00,,,,,
1Physical FlowhourBE-TSO-0001FNC-00034entrykWh/h2021-10-01T01:00:00Z2021-11-01T01:00:00Z_NA730,1,Physical Flow,hour,2021-10-31T13:00:00+01:00,2021-10-31T14:00:00+01:00,BE-TSO-0001,21X-BE-A-A0A0A-Y,Fluxys Belgium,FNC-00034,Final consumers (BE) (Fluxys) Industrial clients L-zone,21Y000000000045A,entry,kWh/h,No injection in transmission network from Industiral clients,,,2025-02-20T13:19:03+01:00,,,,,,,,1,2021-10-01T01:00:00+02:00,,,,,
1Physical FlowhourBE-TSO-0001FNC-00034entrykWh/h2021-10-01T01:00:00Z2021-11-01T01:00:00Z_NA731,1,Physical Flow,hour,2021-10-31T14:00:00+01:00,2021-10-31T15:00:00+01:00,BE-TSO-0001,21X-BE-A-A0A0A-Y,Fluxys Belgium,FNC-00034,Final consumers (BE) (Fluxys) Industrial clients L-zone,21Y000000000045A,entry,kWh/h,No injection in transmission network from Industiral clients,,,2025-02-20T13:19:03+01:00,,,,,,,,1,2021-10-01T01:00:00+02:00,,,,,
1Physical FlowhourBE-TSO-0001FNC-00034entrykWh/h2021-10-01T01:00:00Z2021-11-01T01:00:00Z_NA732,1,Physical Flow,hour,2021-10-31T15:00:00+01:00,2021-10-31T16:00:00+01:00,BE-TSO-0001,21X-BE-A-A0A0A-Y,Fluxys Belgium,FNC-00034,Final consumers (BE) (Fluxys) Industrial clients L-zone,21Y000000000045A,entry,kWh/h,No injection in transmission network from Industiral clients,,,2025-02-20T13:19:03+01:00,,,,,,,,1,2021-10-01T01:00:00+02:00,,,,,
1Physical FlowhourBE-TSO-0001FNC-00034entrykWh/h2021-10-01T01:00:00Z2021-11-01T01:00:00Z_NA733,1,Physical Flow,hour,2021-10-31T16:00:00+01:00,2021-10-31T17:00:00+01:00,BE-TSO-0001,21X-BE-A-A0A0A-Y,Fluxys Belgium,FNC-00034,Final consumers (BE) (Fluxys) Industrial clients L-zone,21Y000000000045A,entry,kWh/h,No injection in transmission network from Industiral clients,,,2025-02-20T13:19:03+01:00,,,,,,,,1,2021-10-01T01:00:00+02:00,,,,,
1Physical FlowhourBE-TSO-0001FNC-00034entrykWh/h2021-10-01T01:00:00Z2021-11-01T01:00:00Z_NA734,1,Physical Flow,hour,2021-10-31T17:00:00+01:00,2021-10-31T18:00:00+01:00,BE-TSO-0001,21X-BE-A-A0A0A-Y,Fluxys Belgium,FNC-00034,Final consumers (BE) (Fluxys) Industrial clients L-zone,21Y000000000045A,entry,kWh/h,No injection in transmission network from Industiral clients,,,2025-02-20T13:19:03+01:00,,,,,,,,1,2021-10-01T01:00:00+02:00,,,,,
1Physical FlowhourBE-TSO-0001FNC-00034entrykWh/h2021-10-01T01:00:00Z2021-11-01T01:00:00Z_NA735,1,Physical Flow,hour,2021-10-31T18:00:00+01:00,2021-10-31T19:00:00+01:00,BE-TSO-0001,21X-BE-A-A0A0A-Y,Fluxys Belgium,FNC-00034,Final consumers (BE) (Fluxys) Industrial clients L-zone,21Y000000000045A,entry,kWh/h,No injection in transmission network from Industiral clients,,,2025-02-20T13:19:03+01:00,,,,,,,,1,2021-10-01T01:00:00+02:00,,,,,
1Physical FlowhourBE-TSO-0001FNC-00034entrykWh/h2021-10-01T01:00:00Z2021-11-01T01:00:00Z_NA736,1,Physical Flow,hour,2021-10-31T19:00:00+01:00,2021-10-31T20:00:00+01:00,BE-TSO-0001,21X-BE-A-A0A0A-Y,Fluxys Belgium,FNC-00034,Final consumers (BE) (Fluxys) Industrial clients L-zone,21Y000000000045A,entry,kWh/h,No injection in transmission network from Industiral clients,,,2025-02-20T13:19:03+01:00,,,,,,,,1,2021-10-01T01:00:00+02:00,,,,,
1Physical FlowhourBE-TSO-0001FNC-00034entrykWh/h2021-10-01T01:00:00Z2021-11-01T01:00:00Z_NA737,1,Physical Flow,hour,2021-10-31T20:00:00+01:00,2021-10-31T21:00:00+01:00,BE-TSO-0001,21X-BE-A-A0A0A-Y,Fluxys Belgium,FNC-00034,Final consumers (BE) (Fluxys) Industrial clients L-zone,21Y000000000045A,entry,kWh/h,No injection in transmission network from Industiral clients,,,2025-02-20T13:19:03+01:00,,,,,,,,1,2021-10-01T01:00:00+02:00,,,,,
1Physical FlowhourBE-TSO-0001FNC-00034entrykWh/h2021-10-01T01:00:00Z2021-11-01T01:00:00Z_NA738,1,Physical Flow,hour,2021-10-31T21:00:00+01:00,2021-10-31T22:00:00+01:00,BE-TSO-0001,21X-BE-A-A0A0A-Y,Fluxys Belgium,FNC-00034,Final consumers (BE) (Fluxys) Industrial clients L-zone,21Y000000000045A,entry,kWh/h,No injection in transmission network from Industiral clients,,,2025-02-20T13:19:03+01:00,,,,,,,,1,2021-10-01T01:00:00+02:00,,,,,
1Physical FlowhourBE-TSO-0001FNC-00034entrykWh/h2021-10-01T01:00:00Z2021-11-01T01:00:00Z_NA739,1,Physical Flow,hour,2021-10-31T22:00:00+01:00,2021-10-31T23:00:00+01:00,BE-TSO-0001,21X-BE-A-A0A0A-Y,Fluxys Belgium,FNC-00034,Final consumers (BE) (Fluxys) Industrial clients L-zone,21Y000000000045A,entry,kWh/h,No injection in transmission network from Industiral clients,,,2025-02-20T13:19:03+01:00,,,,,,,,1,2021-10-01T01:00:00+02:00,,,,,
1Physical FlowhourBE-TSO-0001FNC-00034entrykWh/h2021-10-01T01:00:00Z2021-11-01T01:00:00Z_NA740,1,Physical Flow,hour,2021-10-31T23:00:00+01:00,2021-11-01T00:00:00+01:00,BE-TSO-0001,21X-BE-A-A0A0A-Y,Fluxys Belgium,FNC-00034,Final consumers (BE) (Fluxys) Industrial clients L-zone,21Y000000000045A,entry,kWh/h,No injection in transmission network from Industiral clients,,,2025-02-20T13:19:03+01:00,,,,,,,,1,2021-10-01T01:00:00+02:00,,,,,
1Physical FlowhourBE-TSO-0001FNC-00034entrykWh/h2021-10-01T01:00:00Z2021-11-01T01:00:00Z_NA741,1,Physical Flow,hour,2021-11-01T00:00:00+01:00,2021-11-01T01:00:00+01:00,BE-TSO-0001,21X-BE-A-A0A0A-Y,Fluxys Belgium,FNC-00034,Final consumers (BE) (Fluxys) Industrial clients L-zone,21Y000000000045A,entry,kWh/h,No injection in transmission network from Industiral clients,,,2025-02-20T13:19:03+01:00,,,,,,,,1,2021-10-01T01:00:00+02:00,,,,,
1Physical FlowhourBE-TSO-0001FNC-00034entrykWh/h2021-10-01T01:00:00Z2021-11-01T01:00:00Z_NA742,1,Physical Flow,hour,2021-11-01T01:00:00+01:00,2021-11-01T02:00:00+01:00,BE-TSO-0001,21X-BE-A-A0A0A-Y,Fluxys Belgium,FNC-00034,Final consumers (BE) (Fluxys) Industrial clients L-zone,21Y000000000045A,entry,kWh/h,No injection in transmission network from Industiral clients,,,2025-02-20T13:19:03+01:00,,,,,,,,1,2021-10-01T01:00:00+02:00,,,,,
1Physical FlowhourBE-TSO-0001FNC-00034entrykWh/h2021-10-01T01:00:00Z2021-11-01T01:00:00Z_NA743,1,Physical Flow,hour,2021-11-01T02:00:00+01:00,2021-11-01T03:00:00+01:00,BE-TSO-0001,21X-BE-A-A0A0A-Y,Fluxys Belgium,FNC-00034,Final consumers (BE) (Fluxys) Industrial clients L-zone,21Y000000000045A,entry,kWh/h,No injection in transmission network from Industiral clients,,,2025-02-20T13:19:03+01:00,,,,,,,,1,2021-10-01T01:00:00+02:00,,,,,
1Physical FlowhourBE-TSO-0001FNC-00034entrykWh/h2021-11-01T01:00:00Z2021-12-01T01:00:00Z_NA744,1,Physical Flow,hour,2021-11-01T03:00:00+01:00,2021-11-01T04:00:00+01:00,BE-TSO-0001,21X-BE-A-A0A0A-Y,Fluxys Belgium,FNC-00034,Final consumers (BE) (Fluxys) Industrial clients L-zone,21Y000000000045A,entry,kWh/h,No injection in transmission network from Industiral clients,,,2025-02-20T13:19:03+01:00,,,,,,,,1,2021-10-01T01:00:00+02:00,,,,,
1Physical FlowhourBE-TSO-0001FNC-00034entrykWh/h2021-11-01T01:00:00Z2021-12-01T01:00:00Z_NA745,1,Physical Flow,hour,2021-11-01T04:00:00+01:00,2021-11-01T05:00:00+01:00,BE-TSO-0001,21X-BE-A-A0A0A-Y,Fluxys Belgium,FNC-00034,Final consumers (BE) (Fluxys) Industrial clients L-zone,21Y000000000045A,entry,kWh/h,No injection in transmission network from Industiral clients,,,2025-02-20T13:19:03+01:00,,,,,,,,1,2021-10-01T01:00:00+02:00,,,,,
1Physical FlowhourBE-TSO-0001FNC-00034entrykWh/h2021-11-01T01:00:00Z2021-12-01T01:00:00Z_NA746,1,Physical Flow,hour,2021-11-01T05:00:00+01:00,2021-11-01T06:00:00+01:00,BE-TSO-0001,21X-BE-A-A0A0A-Y,Fluxys Belgium,FNC-00034,Final consumers (BE) (Fluxys) Industrial clients L-zone,21Y000000000045A,entry,kWh/h,No injection in transmission network from Industiral clients,,,2025-02-20T13:19:03+01:00,,,,,,,,1,2021-10-01T01:00:00+02:00,,,,,
1Physical FlowhourBE-TSO-0001FNC-00034entrykWh/h2021-11-01T01:00:00Z2021-12-01T01:00:00Z_NA747,1,Physical Flow,hour,2021-11-01T06:00:00+01:00,2021-11-01T07:00:00+01:00,BE-TSO-0001,21X-BE-A-A0A0A-Y,Fluxys Belgium,FNC-00034,Final consumers (BE) (Fluxys) Industrial clients L-zone,21Y000000000045A,entry,kWh/h,No injection in transmission network from Industiral clients,,,2025-02-20T13:19:03+01:00,,,,,,,,1,2021-10-01T01:00:00+02:00,,,,,
1Physical FlowhourBE-TSO-0001FNC-00034entrykWh/h2021-11-01T01:00:00Z2021-12-01T01:00:00Z_NA748,1,Physical Flow,hour,2021-11-01T07:00:00+01:00,2021-11-01T08:00:00+01:00,BE-TSO-0001,21X-BE-A-A0A0A-Y,Fluxys Belgium,FNC-00034,Final consumers (BE) (Fluxys) Industrial clients L-zone,21Y000000000045A,entry,kWh/h,No injection in transmission network from Industiral clients,,,2025-02-20T13:19:03+01:00,,,,,,,,1,2021-10-01T01:00:00+02:00,,,,,
1Physical FlowhourBE-TSO-0001FNC-00034entrykWh/h2021-11-01T01:00:00Z2021-12-01T01:00:00Z_NA749,1,Physical Flow,hour,2021-11-01T08:00:00+01:00,2021-11-01T09:00:00+01:00,BE-TSO-0001,21X-BE-A-A0A0A-Y,Fluxys Belgium,FNC-00034,Final consumers (BE) (Fluxys) Industrial clients L-zone,21Y000000000045A,entry,kWh/h,No injection in transmission network from Industiral clients,,,2025-02-20T13:19:03+01:00,,,,,,,,1,2021-10-01T01:00:00+02:00,,,,,
1Physical FlowhourBE-TSO-0001FNC-00034entrykWh/h2021-11-01T01:00:00Z2021-12-01T01:00:00Z_NA750,1,Physical Flow,hour,2021-11-01T09:00:00+01:00,2021-11-01T10:00:00+01:00,BE-TSO-0001,21X-BE-A-A0A0A-Y,Fluxys Belgium,FNC-00034,Final consumers (BE) (Fluxys) Industrial clients L-zone,21Y000000000045A,entry,kWh/h,No injection in transmission network from Industiral clients,,,2025-02-20T13:19:03+01:00,,,,,,,,1,2021-10-01T01:00:00+02:00,,,,,
1Physical FlowhourBE-TSO-0001FNC-00034entrykWh/h2021-11-01T01:00:00Z2021-12-01T01:00:00Z_NA751,1,Physical Flow,hour,2021-11-01T10:00:00+01:00,2021-11-01T11:00:00+01:00,BE-TSO-0001,21X-BE-A-A0A0A-Y,Fluxys Belgium,FNC-00034,Final consumers (BE) (Fluxys) Industrial clients L-zone,21Y000000000045A,entry,kWh/h,No injection in transmission network from Industiral clients,,,2025-02-20T13:19:03+01:00,,,,,,,,1,2021-10-01T01:00:00+02:00,,,,,
1Physical FlowhourBE-TSO-0001FNC-00034entrykWh/h2021-11-01T01:00:00Z2021-12-01T01:00:00Z_NA752,1,Physical Flow,hour,2021-11-01T11:00:00+01:00,2021-11-01T12:00:00+01:00,BE-TSO-0001,21X-BE-A-A0A0A-Y,Fluxys Belgium,FNC-00034,Final consumers (BE) (Fluxys) Industrial clients L-zone,21Y000000000045A,entry,kWh/h,No injection in transmission network from Industiral clients,,,2025-02-20T13:19:03+01:00,,,,,,,,1,2021-10-01T01:00:00+02:00,,,,,
1Physical FlowhourBE-TSO-0001FNC-00034entrykWh/h2021-11-01T01:00:00Z2021-12-01T01:00:00Z_NA753,1,Physical Flow,hour,2021-11-01T12:00:00+01:00,2021-11-01T13:00:00+01:00,BE-TSO-0001,21X-BE-A-A0A0A-Y,Fluxys Belgium,FNC-00034,Final consumers (BE) (Fluxys) Industrial clients L-zone,21Y000000000045A,entry,kWh/h,No injection in transmission network from Industiral clients,,,2025-02-20T13:19:03+01:00,,,,,,,,1,2021-10-01T01:00:00+02:00,,,,,
1Physical FlowhourBE-TSO-0001FNC-00034entrykWh/h2021-11-01T01:00:00Z2021-12-01T01:00:00Z_NA754,1,Physical Flow,hour,2021-11-01T13:00:00+01:00,2021-11-01T14:00:00+01:00,BE-TSO-0001,21X-BE-A-A0A0A-Y,Fluxys Belgium,FNC-00034,Final consumers (BE) (Fluxys) Industrial clients L-zone,21Y000000000045A,entry,kWh/h,No injection in transmission network from Industiral clients,,,2025-02-20T13:19:03+01:00,,,,,,,,1,2021-10-01T01:00:00+02:00,,,,,
1Physical FlowhourBE-TSO-0001FNC-00034entrykWh/h2021-11-01T01:00:00Z2021-12-01T01:00:00Z_NA755,1,Physical Flow,hour,2021-11-01T14:00:00+01:00,2021-11-01T15:00:00+01:00,BE-TSO-0001,21X-BE-A-A0A0A-Y,Fluxys Belgium,FNC-00034,Final consumers (BE) (Fluxys) Industrial clients L-zone,21Y000000000045A,entry,kWh/h,No injection in transmission network from Industiral clients,,,2025-02-20T13:19:03+01:00,,,,,,,,1,2021-10-01T01:00:00+02:00,,,,,
1Physical FlowhourBE-TSO-0001FNC-00034entrykWh/h2021-11-01T01:00:00Z2021-12-01T01:00:00Z_NA756,1,Physical Flow,hour,2021-11-01T15:00:00+01:00,2021-11-01T16:00:00+01:00,BE-TSO-0001,21X-BE-A-A0A0A-Y,Fluxys Belgium,FNC-00034,Final consumers (BE) (Fluxys) Industrial clients L-zone,21Y000000000045A,entry,kWh/h,No injection in transmission network from Industiral clients,,,2025-02-20T13:19:03+01:00,,,,,,,,1,2021-10-01T01:00:00+02:00,,,,,
1Physical FlowhourBE-TSO-0001FNC-00034entrykWh/h2021-11-01T01:00:00Z2021-12-01T01:00:00Z_NA757,1,Physical Flow,hour,2021-11-01T16:00:00+01:00,2021-11-01T17:00:00+01:00,BE-TSO-0001,21X-BE-A-A0A0A-Y,Fluxys Belgium,FNC-00034,Final consumers (BE) (Fluxys) Industrial clients L-zone,21Y000000000045A,entry,kWh/h,No injection in transmission network from Industiral clients,,,2025-02-20T13:19:03+01:00,,,,,,,,1,2021-10-01T01:00:00+02:00,,,,,
1Physical FlowhourBE-TSO-0001FNC-00034entrykWh/h2021-11-01T01:00:00Z2021-12-01T01:00:00Z_NA758,1,Physical Flow,hour,2021-11-01T17:00:00+01:00,2021-11-01T18:00:00+01:00,BE-TSO-0001,21X-BE-A-A0A0A-Y,Fluxys Belgium,FNC-00034,Final consumers (BE) (Fluxys) Industrial clients L-zone,21Y000000000045A,entry,kWh/h,No injection in transmission network from Industiral clients,,,2025-02-20T13:19:03+01:00,,,,,,,,1,2021-10-01T01:00:00+02:00,,,,,
1Physical FlowhourBE-TSO-0001FNC-00034entrykWh/h2021-11-01T01:00:00Z2021-12-01T01:00:00Z_NA759,1,Physical Flow,hour,2021-11-01T18:00:00+01:00,2021-11-01T19:00:00+01:00,BE-TSO-0001,21X-BE-A-A0A0A-Y,Fluxys Belgium,FNC-00034,Final consumers (BE) (Fluxys) Industrial clients L-zone,21Y000000000045A,entry,kWh/h,No injection in transmission network from Industiral clients,,,2025-02-20T13:19:03+01:00,,,,,,,,1,2021-10-01T01:00:00+02:00,,,,,
1Physical FlowhourBE-TSO-0001FNC-00034entrykWh/h2021-11-01T01:00:00Z2021-12-01T01:00:00Z_NA760,1,Physical Flow,hour,2021-11-01T19:00:00+01:00,2021-11-01T20:00:00+01:00,BE-TSO-0001,21X-BE-A-A0A0A-Y,Fluxys Belgium,FNC-00034,Final consumers (BE) (Fluxys) Industrial clients L-zone,21Y000000000045A,entry,kWh/h,No injection in transmission network from Industiral clients,,,2025-02-20T13:19:03+01:00,,,,,,,,1,2021-10-01T01:00:00+02:00,,,,,
1Physical FlowhourBE-TSO-0001FNC-00034entrykWh/h2021-11-01T01:00:00Z2021-12-01T01:00:00Z_NA761,1,Physical Flow,hour,2021-11-01T20:00:00+01:00,2021-11-01T21:00:00+01:00,BE-TSO-0001,21X-BE-A-A0A0A-Y,Fluxys Belgium,FNC-00034,Final consumers (BE) (Fluxys) Industrial clients L-zone,21Y000000000045A,entry,kWh/h,No injection in transmission network from Industiral clients,,,2025-02-20T13:19:03+01:00,,,,,,,,1,2021-10-01T01:00:00+02:00,,,,,
1Physical FlowhourBE-TSO-0001FNC-00034entrykWh/h2021-11-01T01:00:00Z2021-12-01T01:00:00Z_NA762,1,Physical Flow,hour,2021-11-01T21:00:00+01:00,2021-11-01T22:00:00+01:00,BE-TSO-0001,21X-BE-A-A0A0A-Y,Fluxys Belgium,FNC-00034,Final consumers (BE) (Fluxys) Industrial clients L-zone,21Y000000000045A,entry,kWh/h,No injection in transmission network from Industiral clients,,,2025-02-20T13:19:03+01:00,,,,,,,,1,2021-10-01T01:00:00+02:00,,,,,
1Physical FlowhourBE-TSO-0001FNC-00034entrykWh/h2021-11-01T01:00:00Z2021-12-01T01:00:00Z_NA763,1,Physical Flow,hour,2021-11-01T22:00:00+01:00,2021-11-01T23:00:00+01:00,BE-TSO-0001,21X-BE-A-A0A0A-Y,Fluxys Belgium,FNC-00034,Final consumers (BE) (Fluxys) Industrial clients L-zone,21Y000000000045A,entry,kWh/h,No injection in transmission network from Industiral clients,,,2025-02-20T13:19:03+01:00,,,,,,,,1,2021-10-01T01:00:00+02:00,,,,,
1Physical FlowhourBE-TSO-0001FNC-00034entrykWh/h2021-11-01T01:00:00Z2021-12-01T01:00:00Z_NA764,1,Physical Flow,hour,2021-11-01T23:00:00+01:00,2021-11-02T00:00:00+01:00,BE-TSO-0001,21X-BE-A-A0A0A-Y,Fluxys Belgium,FNC-00034,Final consumers (BE) (Fluxys) Industrial clients L-zone,21Y000000000045A,entry,kWh/h,No injection in transmission network from Industiral clients,,,2025-02-20T13:19:03+01:00,,,,,,,,1,2021-10-01T01:00:00+02:00,,,,,
1Physical FlowhourBE-TSO-0001FNC-00034entrykWh/h2021-11-01T01:00:00Z2021-12-01T01:00:00Z_NA765,1,Physical Flow,hour,2021-11-02T00:00:00+01:00,2021-11-02T01:00:00+01:00,BE-TSO-0001,21X-BE-A-A0A0A-Y,Fluxys Belgium,FNC-00034,Final consumers (BE) (Fluxys) Industrial clients L-zone,21Y000000000045A,entry,kWh/h,No injection in transmission network from Industiral clients,,,2025-02-20T13:19:03+01:00,,,,,,,,1,2021-10-01T01:00:00+02:00,,,,,
1Physical FlowhourBE-TSO-0001FNC-00034entrykWh/h2021-11-01T01:00:00Z2021-12-01T01:00:00Z_NA766,1,Physical Flow,hour,2021-11-02T01:00:00+01:00,2021-11-02T02:00:00+01:00,BE-TSO-0001,21X-BE-A-A0A0A-Y,Fluxys Belgium,FNC-00034,Final consumers (BE) (Fluxys) Industrial clients L-zone,21Y000000000045A,entry,kWh/h,No injection in transmission network from Industiral clients,,,2025-02-20T13:19:03+01:00,,,,,,,,1,2021-10-01T01:00:00+02:00,,,,,
1Physical FlowhourBE-TSO-0001FNC-00034entrykWh/h2021-11-01T01:00:00Z2021-12-01T01:00:00Z_NA767,1,Physical Flow,hour,2021-11-02T02:00:00+01:00,2021-11-02T03:00:00+01:00,BE-TSO-0001,21X-BE-A-A0A0A-Y,Fluxys Belgium,FNC-00034,Final consumers (BE) (Fluxys) Industrial clients L-zone,21Y000000000045A,entry,kWh/h,No injection in transmission network from Industiral clients,,,2025-02-20T13:19:03+01:00,,,,,,,,1,2021-10-01T01:00:00+02:00,,,,,
1Physical FlowhourBE-TSO-0001FNC-00034entrykWh/h2021-11-01T01:00:00Z2021-12-01T01:00:00Z_NA768,1,Physical Flow,hour,2021-11-02T03:00:00+01:00,2021-11-02T04:00:00+01:00,BE-TSO-0001,21X-BE-A-A0A0A-Y,Fluxys Belgium,FNC-00034,Final consumers (BE) (Fluxys) Industrial clients L-zone,21Y000000000045A,entry,kWh/h,No injection in transmission network from Industiral clients,,,2025-02-20T13:19:03+01:00,,,,,,,,1,2021-10-01T01:00:00+02:00,,,,,
1Physical FlowhourBE-TSO-0001FNC-00034entrykWh/h2021-11-01T01:00:00Z2021-12-01T01:00:00Z_NA769,1,Physical Flow,hour,2021-11-02T04:00:00+01:00,2021-11-02T05:00:00+01:00,BE-TSO-0001,21X-BE-A-A0A0A-Y,Fluxys Belgium,FNC-00034,Final consumers (BE) (Fluxys) Industrial clients L-zone,21Y000000000045A,entry,kWh/h,No injection in transmission network from Industiral clients,,,2025-02-20T13:19:03+01:00,,,,,,,,1,2021-10-01T01:00:00+02:00,,,,,
1Physical FlowhourBE-TSO-0001FNC-00034entrykWh/h2021-11-01T01:00:00Z2021-12-01T01:00:00Z_NA770,1,Physical Flow,hour,2021-11-02T05:00:00+01:00,2021-11-02T06:00:00+01:00,BE-TSO-0001,21X-BE-A-A0A0A-Y,Fluxys Belgium,FNC-00034,Final consumers (BE) (Fluxys) Industrial clients L-zone,21Y000000000045A,entry,kWh/h,No injection in transmission network from Industiral clients,,,2025-02-20T13:19:03+01:00,,,,,,,,1,2021-10-01T01:00:00+02:00,,,,,
1Physical FlowhourBE-TSO-0001FNC-00034entrykWh/h2021-11-01T01:00:00Z2021-12-01T01:00:00Z_NA771,1,Physical Flow,hour,2021-11-02T06:00:00+01:00,2021-11-02T07:00:00+01:00,BE-TSO-0001,21X-BE-A-A0A0A-Y,Fluxys Belgium,FNC-00034,Final consumers (BE) (Fluxys) Industrial clients L-zone,21Y000000000045A,entry,kWh/h,No injection in transmission network from Industiral clients,,,2025-02-20T13:19:03+01:00,,,,,,,,1,2021-10-01T01:00:00+02:00,,,,,
1Physical FlowhourBE-TSO-0001FNC-00034entrykWh/h2021-11-01T01:00:00Z2021-12-01T01:00:00Z_NA772,1,Physical Flow,hour,2021-11-02T07:00:00+01:00,2021-11-02T08:00:00+01:00,BE-TSO-0001,21X-BE-A-A0A0A-Y,Fluxys Belgium,FNC-00034,Final consumers (BE) (Fluxys) Industrial clients L-zone,21Y000000000045A,entry,kWh/h,No injection in transmission network from Industiral clients,,,2025-02-20T13:19:03+01:00,,,,,,,,1,2021-10-01T01:00:00+02:00,,,,,
1Physical FlowhourBE-TSO-0001FNC-00034entrykWh/h2021-11-01T01:00:00Z2021-12-01T01:00:00Z_NA773,1,Physical Flow,hour,2021-11-02T08:00:00+01:00,2021-11-02T09:00:00+01:00,BE-TSO-0001,21X-BE-A-A0A0A-Y,Fluxys Belgium,FNC-00034,Final consumers (BE) (Fluxys) Industrial clients L-zone,21Y000000000045A,entry,kWh/h,No injection in transmission network from Industiral clients,,,2025-02-20T13:19:03+01:00,,,,,,,,1,2021-10-01T01:00:00+02:00,,,,,
1Physical FlowhourBE-TSO-0001FNC-00034entrykWh/h2021-11-01T01:00:00Z2021-12-01T01:00:00Z_NA774,1,Physical Flow,hour,2021-11-02T09:00:00+01:00,2021-11-02T10:00:00+01:00,BE-TSO-0001,21X-BE-A-A0A0A-Y,Fluxys Belgium,FNC-00034,Final consumers (BE) (Fluxys) Industrial clients L-zone,21Y000000000045A,entry,kWh/h,No injection in transmission network from Industiral clients,,,2025-02-20T13:19:03+01:00,,,,,,,,1,2021-10-01T01:00:00+02:00,,,,,
1Physical FlowhourBE-TSO-0001FNC-00034entrykWh/h2021-11-01T01:00:00Z2021-12-01T01:00:00Z_NA775,1,Physical Flow,hour,2021-11-02T10:00:00+01:00,2021-11-02T11:00:00+01:00,BE-TSO-0001,21X-BE-A-A0A0A-Y,Fluxys Belgium,FNC-00034,Final consumers (BE) (Fluxys) Industrial clients L-zone,21Y000000000045A,entry,kWh/h,No injection in transmission network from Industiral clients,,,2025-02-20T13:19:03+01:00,,,,,,,,1,2021-10-01T01:00:00+02:00,,,,,
1Physical FlowhourBE-TSO-0001FNC-00034entrykWh/h2021-11-01T01:00:00Z2021-12-01T01:00:00Z_NA776,1,Physical Flow,hour,2021-11-02T11:00:00+01:00,2021-11-02T12:00:00+01:00,BE-TSO-0001,21X-BE-A-A0A0A-Y,Fluxys Belgium,FNC-00034,Final consumers (BE) (Fluxys) Industrial clients L-zone,21Y000000000045A,entry,kWh/h,No injection in transmission network from Industiral clients,,,2025-02-20T13:19:03+01:00,,,,,,,,1,2021-10-01T01:00:00+02:00,,,,,
1Physical FlowhourBE-TSO-0001FNC-00034entrykWh/h2021-11-01T01:00:00Z2021-12-01T01:00:00Z_NA777,1,Physical Flow,hour,2021-11-02T12:00:00+01:00,2021-11-02T13:00:00+01:00,BE-TSO-0001,21X-BE-A-A0A0A-Y,Fluxys Belgium,FNC-00034,Final consumers (BE) (Fluxys) Industrial clients L-zone,21Y000000000045A,entry,kWh/h,No injection in transmission network from Industiral clients,,,2025-02-20T13:19:03+01:00,,,,,,,,1,2021-10-01T01:00:00+02:00,,,,,
1Physical FlowhourBE-TSO-0001FNC-00034entrykWh/h2021-11-01T01:00:00Z2021-12-01T01:00:00Z_NA778,1,Physical Flow,hour,2021-11-02T13:00:00+01:00,2021-11-02T14:00:00+01:00,BE-TSO-0001,21X-BE-A-A0A0A-Y,Fluxys Belgium,FNC-00034,Final consumers (BE) (Fluxys) Industrial clients L-zone,21Y000000000045A,entry,kWh/h,No injection in transmission network from Industiral clients,,,2025-02-20T13:19:03+01:00,,,,,,,,1,2021-10-01T01:00:00+02:00,,,,,
1Physical FlowhourBE-TSO-0001FNC-00034entrykWh/h2021-11-01T01:00:00Z2021-12-01T01:00:00Z_NA779,1,Physical Flow,hour,2021-11-02T14:00:00+01:00,2021-11-02T15:00:00+01:00,BE-TSO-0001,21X-BE-A-A0A0A-Y,Fluxys Belgium,FNC-00034,Final consumers (BE) (Fluxys) Industrial clients L-zone,21Y000000000045A,entry,kWh/h,No injection in transmission network from Industiral clients,,,2025-02-20T13:19:03+01:00,,,,,,,,1,2021-10-01T01:00:00+02:00,,,,,
1Physical FlowhourBE-TSO-0001FNC-00034entrykWh/h2021-11-01T01:00:00Z2021-12-01T01:00:00Z_NA780,1,Physical Flow,hour,2021-11-02T15:00:00+01:00,2021-11-02T16:00:00+01:00,BE-TSO-0001,21X-BE-A-A0A0A-Y,Fluxys Belgium,FNC-00034,Final consumers (BE) (Fluxys) Industrial clients L-zone,21Y000000000045A,entry,kWh/h,No injection in transmission network from Industiral clients,,,2025-02-20T13:19:03+01:00,,,,,,,,1,2021-10-01T01:00:00+02:00,,,,,
1Physical FlowhourBE-TSO-0001FNC-00034entrykWh/h2021-11-01T01:00:00Z2021-12-01T01:00:00Z_NA781,1,Physical Flow,hour,2021-11-02T16:00:00+01:00,2021-11-02T17:00:00+01:00,BE-TSO-0001,21X-BE-A-A0A0A-Y,Fluxys Belgium,FNC-00034,Final consumers (BE) (Fluxys) Industrial clients L-zone,21Y000000000045A,entry,kWh/h,No injection in transmission network from Industiral clients,,,2025-02-20T13:19:03+01:00,,,,,,,,1,2021-10-01T01:00:00+02:00,,,,,
1Physical FlowhourBE-TSO-0001FNC-00034entrykWh/h2021-11-01T01:00:00Z2021-12-01T01:00:00Z_NA782,1,Physical Flow,hour,2021-11-02T17:00:00+01:00,2021-11-02T18:00:00+01:00,BE-TSO-0001,21X-BE-A-A0A0A-Y,Fluxys Belgium,FNC-00034,Final consumers (BE) (Fluxys) Industrial clients L-zone,21Y000000000045A,entry,kWh/h,No injection in transmission network from Industiral clients,,,2025-02-20T13:19:03+01:00,,,,,,,,1,2021-10-01T01:00:00+02:00,,,,,
1Physical FlowhourBE-TSO-0001FNC-00034entrykWh/h2021-11-01T01:00:00Z2021-12-01T01:00:00Z_NA783,1,Physical Flow,hour,2021-11-02T18:00:00+01:00,2021-11-02T19:00:00+01:00,BE-TSO-0001,21X-BE-A-A0A0A-Y,Fluxys Belgium,FNC-00034,Final consumers (BE) (Fluxys) Industrial clients L-zone,21Y000000000045A,entry,kWh/h,No injection in transmission network from Industiral clients,,,2025-02-20T13:19:03+01:00,,,,,,,,1,2021-10-01T01:00:00+02:00,,,,,
1Physical FlowhourBE-TSO-0001FNC-00034entrykWh/h2021-11-01T01:00:00Z2021-12-01T01:00:00Z_NA784,1,Physical Flow,hour,2021-11-02T19:00:00+01:00,2021-11-02T20:00:00+01:00,BE-TSO-0001,21X-BE-A-A0A0A-Y,Fluxys Belgium,FNC-00034,Final consumers (BE) (Fluxys) Industrial clients L-zone,21Y000000000045A,entry,kWh/h,No injection in transmission network from Industiral clients,,,2025-02-20T13:19:03+01:00,,,,,,,,1,2021-10-01T01:00:00+02:00,,,,,
1Physical FlowhourBE-TSO-0001FNC-00034entrykWh/h2021-11-01T01:00:00Z2021-12-01T01:00:00Z_NA785,1,Physical Flow,hour,2021-11-02T20:00:00+01:00,2021-11-02T21:00:00+01:00,BE-TSO-0001,21X-BE-A-A0A0A-Y,Fluxys Belgium,FNC-00034,Final consumers (BE) (Fluxys) Industrial clients L-zone,21Y000000000045A,entry,kWh/h,No injection in transmission network from Industiral clients,,,2025-02-20T13:19:03+01:00,,,,,,,,1,2021-10-01T01:00:00+02:00,,,,,
1Physical FlowhourBE-TSO-0001FNC-00034entrykWh/h2021-11-01T01:00:00Z2021-12-01T01:00:00Z_NA786,1,Physical Flow,hour,2021-11-02T21:00:00+01:00,2021-11-02T22:00:00+01:00,BE-TSO-0001,21X-BE-A-A0A0A-Y,Fluxys Belgium,FNC-00034,Final consumers (BE) (Fluxys) Industrial clients L-zone,21Y000000000045A,entry,kWh/h,No injection in transmission network from Industiral clients,,,2025-02-20T13:19:03+01:00,,,,,,,,1,2021-10-01T01:00:00+02:00,,,,,
1Physical FlowhourBE-TSO-0001FNC-00034entrykWh/h2021-11-01T01:00:00Z2021-12-01T01:00:00Z_NA787,1,Physical Flow,hour,2021-11-02T22:00:00+01:00,2021-11-02T23:00:00+01:00,BE-TSO-0001,21X-BE-A-A0A0A-Y,Fluxys Belgium,FNC-00034,Final consumers (BE) (Fluxys) Industrial clients L-zone,21Y000000000045A,entry,kWh/h,No injection in transmission network from Industiral clients,,,2025-02-20T13:19:03+01:00,,,,,,,,1,2021-10-01T01:00:00+02:00,,,,,
1Physical FlowhourBE-TSO-0001FNC-00034entrykWh/h2021-11-01T01:00:00Z2021-12-01T01:00:00Z_NA788,1,Physical Flow,hour,2021-11-02T23:00:00+01:00,2021-11-03T00:00:00+01:00,BE-TSO-0001,21X-BE-A-A0A0A-Y,Fluxys Belgium,FNC-00034,Final consumers (BE) (Fluxys) Industrial clients L-zone,21Y000000000045A,entry,kWh/h,No injection in transmission network from Industiral clients,,,2025-02-20T13:19:03+01:00,,,,,,,,1,2021-10-01T01:00:00+02:00,,,,,
1Physical FlowhourBE-TSO-0001FNC-00034entrykWh/h2021-11-01T01:00:00Z2021-12-01T01:00:00Z_NA789,1,Physical Flow,hour,2021-11-03T00:00:00+01:00,2021-11-03T01:00:00+01:00,BE-TSO-0001,21X-BE-A-A0A0A-Y,Fluxys Belgium,FNC-00034,Final consumers (BE) (Fluxys) Industrial clients L-zone,21Y000000000045A,entry,kWh/h,No injection in transmission network from Industiral clients,,,2025-02-20T13:19:03+01:00,,,,,,,,1,2021-10-01T01:00:00+02:00,,,,,
1Physical FlowhourBE-TSO-0001FNC-00034entrykWh/h2021-11-01T01:00:00Z2021-12-01T01:00:00Z_NA790,1,Physical Flow,hour,2021-11-03T01:00:00+01:00,2021-11-03T02:00:00+01:00,BE-TSO-0001,21X-BE-A-A0A0A-Y,Fluxys Belgium,FNC-00034,Final consumers (BE) (Fluxys) Industrial clients L-zone,21Y000000000045A,entry,kWh/h,No injection in transmission network from Industiral clients,,,2025-02-20T13:19:03+01:00,,,,,,,,1,2021-10-01T01:00:00+02:00,,,,,
1Physical FlowhourBE-TSO-0001FNC-00034entrykWh/h2021-11-01T01:00:00Z2021-12-01T01:00:00Z_NA791,1,Physical Flow,hour,2021-11-03T02:00:00+01:00,2021-11-03T03:00:00+01:00,BE-TSO-0001,21X-BE-A-A0A0A-Y,Fluxys Belgium,FNC-00034,Final consumers (BE) (Fluxys) Industrial clients L-zone,21Y000000000045A,entry,kWh/h,No injection in transmission network from Industiral clients,,,2025-02-20T13:19:03+01:00,,,,,,,,1,2021-10-01T01:00:00+02:00,,,,,
1Physical FlowhourBE-TSO-0001FNC-00034entrykWh/h2021-11-01T01:00:00Z2021-12-01T01:00:00Z_NA792,1,Physical Flow,hour,2021-11-03T03:00:00+01:00,2021-11-03T04:00:00+01:00,BE-TSO-0001,21X-BE-A-A0A0A-Y,Fluxys Belgium,FNC-00034,Final consumers (BE) (Fluxys) Industrial clients L-zone,21Y000000000045A,entry,kWh/h,No injection in transmission network from Industiral clients,,,2025-02-20T13:19:03+01:00,,,,,,,,1,2021-10-01T01:00:00+02:00,,,,,
1Physical FlowhourBE-TSO-0001FNC-00034entrykWh/h2021-11-01T01:00:00Z2021-12-01T01:00:00Z_NA793,1,Physical Flow,hour,2021-11-03T04:00:00+01:00,2021-11-03T05:00:00+01:00,BE-TSO-0001,21X-BE-A-A0A0A-Y,Fluxys Belgium,FNC-00034,Final consumers (BE) (Fluxys) Industrial clients L-zone,21Y000000000045A,entry,kWh/h,No injection in transmission network from Industiral clients,,,2025-02-20T13:19:03+01:00,,,,,,,,1,2021-10-01T01:00:00+02:00,,,,,
1Physical FlowhourBE-TSO-0001FNC-00034entrykWh/h2021-11-01T01:00:00Z2021-12-01T01:00:00Z_NA794,1,Physical Flow,hour,2021-11-03T05:00:00+01:00,2021-11-03T06:00:00+01:00,BE-TSO-0001,21X-BE-A-A0A0A-Y,Fluxys Belgium,FNC-00034,Final consumers (BE) (Fluxys) Industrial clients L-zone,21Y000000000045A,entry,kWh/h,No injection in transmission network from Industiral clients,,,2025-02-20T13:19:03+01:00,,,,,,,,1,2021-10-01T01:00:00+02:00,,,,,
1Physical FlowhourBE-TSO-0001FNC-00034entrykWh/h2021-11-01T01:00:00Z2021-12-01T01:00:00Z_NA795,1,Physical Flow,hour,2021-11-03T06:00:00+01:00,2021-11-03T07:00:00+01:00,BE-TSO-0001,21X-BE-A-A0A0A-Y,Fluxys Belgium,FNC-00034,Final consumers (BE) (Fluxys) Industrial clients L-zone,21Y000000000045A,entry,kWh/h,No injection in transmission network from Industiral clients,,,2025-02-20T13:19:03+01:00,,,,,,,,1,2021-10-01T01:00:00+02:00,,,,,
1Physical FlowhourBE-TSO-0001FNC-00034entrykWh/h2021-11-01T01:00:00Z2021-12-01T01:00:00Z_NA796,1,Physical Flow,hour,2021-11-03T07:00:00+01:00,2021-11-03T08:00:00+01:00,BE-TSO-0001,21X-BE-A-A0A0A-Y,Fluxys Belgium,FNC-00034,Final consumers (BE) (Fluxys) Industrial clients L-zone,21Y000000000045A,entry,kWh/h,No injection in transmission network from Industiral clients,,,2025-02-20T13:19:03+01:00,,,,,,,,1,2021-10-01T01:00:00+02:00,,,,,
1Physical FlowhourBE-TSO-0001FNC-00034entrykWh/h2021-11-01T01:00:00Z2021-12-01T01:00:00Z_NA797,1,Physical Flow,hour,2021-11-03T08:00:00+01:00,2021-11-03T09:00:00+01:00,BE-TSO-0001,21X-BE-A-A0A0A-Y,Fluxys Belgium,FNC-00034,Final consumers (BE) (Fluxys) Industrial clients L-zone,21Y000000000045A,entry,kWh/h,No injection in transmission network from Industiral clients,,,2025-02-20T13:19:03+01:00,,,,,,,,1,2021-10-01T01:00:00+02:00,,,,,
1Physical FlowhourBE-TSO-0001FNC-00034entrykWh/h2021-11-01T01:00:00Z2021-12-01T01:00:00Z_NA798,1,Physical Flow,hour,2021-11-03T09:00:00+01:00,2021-11-03T10:00:00+01:00,BE-TSO-0001,21X-BE-A-A0A0A-Y,Fluxys Belgium,FNC-00034,Final consumers (BE) (Fluxys) Industrial clients L-zone,21Y000000000045A,entry,kWh/h,No injection in transmission network from Industiral clients,,,2025-02-20T13:19:03+01:00,,,,,,,,1,2021-10-01T01:00:00+02:00,,,,,
1Physical FlowhourBE-TSO-0001FNC-00034entrykWh/h2021-11-01T01:00:00Z2021-12-01T01:00:00Z_NA799,1,Physical Flow,hour,2021-11-03T10:00:00+01:00,2021-11-03T11:00:00+01:00,BE-TSO-0001,21X-BE-A-A0A0A-Y,Fluxys Belgium,FNC-00034,Final consumers (BE) (Fluxys) Industrial clients L-zone,21Y000000000045A,entry,kWh/h,No injection in transmission network from Industiral clients,,,2025-02-20T13:19:03+01:00,,,,,,,,1,2021-10-01T01:00:00+02:00,,,,,
1Physical FlowhourBE-TSO-0001FNC-00034entrykWh/h2021-11-01T01:00:00Z2021-12-01T01:00:00Z_NA800,1,Physical Flow,hour,2021-11-03T11:00:00+01:00,2021-11-03T12:00:00+01:00,BE-TSO-0001,21X-BE-A-A0A0A-Y,Fluxys Belgium,FNC-00034,Final consumers (BE) (Fluxys) Industrial clients L-zone,21Y000000000045A,entry,kWh/h,No injection in transmission network from Industiral clients,,,2025-02-20T13:19:03+01:00,,,,,,,,1,2021-10-01T01:00:00+02:00,,,,,
1Physical FlowhourBE-TSO-0001FNC-00034entrykWh/h2021-11-01T01:00:00Z2021-12-01T01:00:00Z_NA801,1,Physical Flow,hour,2021-11-03T12:00:00+01:00,2021-11-03T13:00:00+01:00,BE-TSO-0001,21X-BE-A-A0A0A-Y,Fluxys Belgium,FNC-00034,Final consumers (BE) (Fluxys) Industrial clients L-zone,21Y000000000045A,entry,kWh/h,No injection in transmission network from Industiral clients,,,2025-02-20T13:19:03+01:00,,,,,,,,1,2021-10-01T01:00:00+02:00,,,,,
1Physical FlowhourBE-TSO-0001FNC-00034entrykWh/h2021-11-01T01:00:00Z2021-12-01T01:00:00Z_NA802,1,Physical Flow,hour,2021-11-03T13:00:00+01:00,2021-11-03T14:00:00+01:00,BE-TSO-0001,21X-BE-A-A0A0A-Y,Fluxys Belgium,FNC-00034,Final consumers (BE) (Fluxys) Industrial clients L-zone,21Y000000000045A,entry,kWh/h,No injection in transmission network from Industiral clients,,,2025-02-20T13:19:03+01:00,,,,,,,,1,2021-10-01T01:00:00+02:00,,,,,
1Physical FlowhourBE-TSO-0001FNC-00034entrykWh/h2021-11-01T01:00:00Z2021-12-01T01:00:00Z_NA803,1,Physical Flow,hour,2021-11-03T14:00:00+01:00,2021-11-03T15:00:00+01:00,BE-TSO-0001,21X-BE-A-A0A0A-Y,Fluxys Belgium,FNC-00034,Final consumers (BE) (Fluxys) Industrial clients L-zone,21Y000000000045A,entry,kWh/h,No injection in transmission network from Industiral clients,,,2025-02-20T13:19:03+01:00,,,,,,,,1,2021-10-01T01:00:00+02:00,,,,,
1Physical FlowhourBE-TSO-0001FNC-00034entrykWh/h2021-11-01T01:00:00Z2021-12-01T01:00:00Z_NA804,1,Physical Flow,hour,2021-11-03T15:00:00+01:00,2021-11-03T16:00:00+01:00,BE-TSO-0001,21X-BE-A-A0A0A-Y,Fluxys Belgium,FNC-00034,Final consumers (BE) (Fluxys) Industrial clients L-zone,21Y000000000045A,entry,kWh/h,No injection in transmission network from Industiral clients,,,2025-02-20T13:19:03+01:00,,,,,,,,1,2021-10-01T01:00:00+02:00,,,,,
1Physical FlowhourBE-TSO-0001FNC-00034entrykWh/h2021-11-01T01:00:00Z2021-12-01T01:00:00Z_NA805,1,Physical Flow,hour,2021-11-03T16:00:00+01:00,2021-11-03T17:00:00+01:00,BE-TSO-0001,21X-BE-A-A0A0A-Y,Fluxys Belgium,FNC-00034,Final consumers (BE) (Fluxys) Industrial clients L-zone,21Y000000000045A,entry,kWh/h,No injection in transmission network from Industiral clients,,,2025-02-20T13:19:03+01:00,,,,,,,,1,2021-10-01T01:00:00+02:00,,,,,
1Physical FlowhourBE-TSO-0001FNC-00034entrykWh/h2021-11-01T01:00:00Z2021-12-01T01:00:00Z_NA806,1,Physical Flow,hour,2021-11-03T17:00:00+01:00,2021-11-03T18:00:00+01:00,BE-TSO-0001,21X-BE-A-A0A0A-Y,Fluxys Belgium,FNC-00034,Final consumers (BE) (Fluxys) Industrial clients L-zone,21Y000000000045A,entry,kWh/h,No injection in transmission network from Industiral clients,,,2025-02-20T13:19:03+01:00,,,,,,,,1,2021-10-01T01:00:00+02:00,,,,,
1Physical FlowhourBE-TSO-0001FNC-00034entrykWh/h2021-11-01T01:00:00Z2021-12-01T01:00:00Z_NA807,1,Physical Flow,hour,2021-11-03T18:00:00+01:00,2021-11-03T19:00:00+01:00,BE-TSO-0001,21X-BE-A-A0A0A-Y,Fluxys Belgium,FNC-00034,Final consumers (BE) (Fluxys) Industrial clients L-zone,21Y000000000045A,entry,kWh/h,No injection in transmission network from Industiral clients,,,2025-02-20T13:19:03+01:00,,,,,,,,1,2021-10-01T01:00:00+02:00,,,,,
1Physical FlowhourBE-TSO-0001FNC-00034entrykWh/h2021-11-01T01:00:00Z2021-12-01T01:00:00Z_NA808,1,Physical Flow,hour,2021-11-03T19:00:00+01:00,2021-11-03T20:00:00+01:00,BE-TSO-0001,21X-BE-A-A0A0A-Y,Fluxys Belgium,FNC-00034,Final consumers (BE) (Fluxys) Industrial clients L-zone,21Y000000000045A,entry,kWh/h,No injection in transmission network from Industiral clients,,,2025-02-20T13:19:03+01:00,,,,,,,,1,2021-10-01T01:00:00+02:00,,,,,
1Physical FlowhourBE-TSO-0001FNC-00034entrykWh/h2021-11-01T01:00:00Z2021-12-01T01:00:00Z_NA809,1,Physical Flow,hour,2021-11-03T20:00:00+01:00,2021-11-03T21:00:00+01:00,BE-TSO-0001,21X-BE-A-A0A0A-Y,Fluxys Belgium,FNC-00034,Final consumers (BE) (Fluxys) Industrial clients L-zone,21Y000000000045A,entry,kWh/h,No injection in transmission network from Industiral clients,,,2025-02-20T13:19:03+01:00,,,,,,,,1,2021-10-01T01:00:00+02:00,,,,,
1Physical FlowhourBE-TSO-0001FNC-00034entrykWh/h2021-11-01T01:00:00Z2021-12-01T01:00:00Z_NA810,1,Physical Flow,hour,2021-11-03T21:00:00+01:00,2021-11-03T22:00:00+01:00,BE-TSO-0001,21X-BE-A-A0A0A-Y,Fluxys Belgium,FNC-00034,Final consumers (BE) (Fluxys) Industrial clients L-zone,21Y000000000045A,entry,kWh/h,No injection in transmission network from Industiral clients,,,2025-02-20T13:19:03+01:00,,,,,,,,1,2021-10-01T01:00:00+02:00,,,,,
1Physical FlowhourBE-TSO-0001FNC-00034entrykWh/h2021-11-01T01:00:00Z2021-12-01T01:00:00Z_NA811,1,Physical Flow,hour,2021-11-03T22:00:00+01:00,2021-11-03T23:00:00+01:00,BE-TSO-0001,21X-BE-A-A0A0A-Y,Fluxys Belgium,FNC-00034,Final consumers (BE) (Fluxys) Industrial clients L-zone,21Y000000000045A,entry,kWh/h,No injection in transmission network from Industiral clients,,,2025-02-20T13:19:03+01:00,,,,,,,,1,2021-10-01T01:00:00+02:00,,,,,
1Physical FlowhourBE-TSO-0001FNC-00034entrykWh/h2021-11-01T01:00:00Z2021-12-01T01:00:00Z_NA812,1,Physical Flow,hour,2021-11-03T23:00:00+01:00,2021-11-04T00:00:00+01:00,BE-TSO-0001,21X-BE-A-A0A0A-Y,Fluxys Belgium,FNC-00034,Final consumers (BE) (Fluxys) Industrial clients L-zone,21Y000000000045A,entry,kWh/h,No injection in transmission network from Industiral clients,,,2025-02-20T13:19:03+01:00,,,,,,,,1,2021-10-01T01:00:00+02:00,,,,,
1Physical FlowhourBE-TSO-0001FNC-00034entrykWh/h2021-11-01T01:00:00Z2021-12-01T01:00:00Z_NA813,1,Physical Flow,hour,2021-11-04T00:00:00+01:00,2021-11-04T01:00:00+01:00,BE-TSO-0001,21X-BE-A-A0A0A-Y,Fluxys Belgium,FNC-00034,Final consumers (BE) (Fluxys) Industrial clients L-zone,21Y000000000045A,entry,kWh/h,No injection in transmission network from Industiral clients,,,2025-02-20T13:19:03+01:00,,,,,,,,1,2021-10-01T01:00:00+02:00,,,,,
1Physical FlowhourBE-TSO-0001FNC-00034entrykWh/h2021-11-01T01:00:00Z2021-12-01T01:00:00Z_NA814,1,Physical Flow,hour,2021-11-04T01:00:00+01:00,2021-11-04T02:00:00+01:00,BE-TSO-0001,21X-BE-A-A0A0A-Y,Fluxys Belgium,FNC-00034,Final consumers (BE) (Fluxys) Industrial clients L-zone,21Y000000000045A,entry,kWh/h,No injection in transmission network from Industiral clients,,,2025-02-20T13:19:03+01:00,,,,,,,,1,2021-10-01T01:00:00+02:00,,,,,
1Physical FlowhourBE-TSO-0001FNC-00034entrykWh/h2021-11-01T01:00:00Z2021-12-01T01:00:00Z_NA815,1,Physical Flow,hour,2021-11-04T02:00:00+01:00,2021-11-04T03:00:00+01:00,BE-TSO-0001,21X-BE-A-A0A0A-Y,Fluxys Belgium,FNC-00034,Final consumers (BE) (Fluxys) Industrial clients L-zone,21Y000000000045A,entry,kWh/h,No injection in transmission network from Industiral clients,,,2025-02-20T13:19:03+01:00,,,,,,,,1,2021-10-01T01:00:00+02:00,,,,,
1Physical FlowhourBE-TSO-0001FNC-00034entrykWh/h2021-11-01T01:00:00Z2021-12-01T01:00:00Z_NA816,1,Physical Flow,hour,2021-11-04T03:00:00+01:00,2021-11-04T04:00:00+01:00,BE-TSO-0001,21X-BE-A-A0A0A-Y,Fluxys Belgium,FNC-00034,Final consumers (BE) (Fluxys) Industrial clients L-zone,21Y000000000045A,entry,kWh/h,No injection in transmission network from Industiral clients,,,2025-02-20T13:19:03+01:00,,,,,,,,1,2021-10-01T01:00:00+02:00,,,,,
1Physical FlowhourBE-TSO-0001FNC-00034entrykWh/h2021-11-01T01:00:00Z2021-12-01T01:00:00Z_NA817,1,Physical Flow,hour,2021-11-04T04:00:00+01:00,2021-11-04T05:00:00+01:00,BE-TSO-0001,21X-BE-A-A0A0A-Y,Fluxys Belgium,FNC-00034,Final consumers (BE) (Fluxys) Industrial clients L-zone,21Y000000000045A,entry,kWh/h,No injection in transmission network from Industiral clients,,,2025-02-20T13:19:03+01:00,,,,,,,,1,2021-10-01T01:00:00+02:00,,,,,
1Physical FlowhourBE-TSO-0001FNC-00034entrykWh/h2021-11-01T01:00:00Z2021-12-01T01:00:00Z_NA818,1,Physical Flow,hour,2021-11-04T05:00:00+01:00,2021-11-04T06:00:00+01:00,BE-TSO-0001,21X-BE-A-A0A0A-Y,Fluxys Belgium,FNC-00034,Final consumers (BE) (Fluxys) Industrial clients L-zone,21Y000000000045A,entry,kWh/h,No injection in transmission network from Industiral clients,,,2025-02-20T13:19:03+01:00,,,,,,,,1,2021-10-01T01:00:00+02:00,,,,,
1Physical FlowhourBE-TSO-0001FNC-00034entrykWh/h2021-11-01T01:00:00Z2021-12-01T01:00:00Z_NA819,1,Physical Flow,hour,2021-11-04T06:00:00+01:00,2021-11-04T07:00:00+01:00,BE-TSO-0001,21X-BE-A-A0A0A-Y,Fluxys Belgium,FNC-00034,Final consumers (BE) (Fluxys) Industrial clients L-zone,21Y000000000045A,entry,kWh/h,No injection in transmission network from Industiral clients,,,2025-02-20T13:19:03+01:00,,,,,,,,1,2021-10-01T01:00:00+02:00,,,,,
1Physical FlowhourBE-TSO-0001FNC-00034entrykWh/h2021-11-01T01:00:00Z2021-12-01T01:00:00Z_NA820,1,Physical Flow,hour,2021-11-04T07:00:00+01:00,2021-11-04T08:00:00+01:00,BE-TSO-0001,21X-BE-A-A0A0A-Y,Fluxys Belgium,FNC-00034,Final consumers (BE) (Fluxys) Industrial clients L-zone,21Y000000000045A,entry,kWh/h,No injection in transmission network from Industiral clients,,,2025-02-20T13:19:03+01:00,,,,,,,,1,2021-10-01T01:00:00+02:00,,,,,
1Physical FlowhourBE-TSO-0001FNC-00034entrykWh/h2021-11-01T01:00:00Z2021-12-01T01:00:00Z_NA821,1,Physical Flow,hour,2021-11-04T08:00:00+01:00,2021-11-04T09:00:00+01:00,BE-TSO-0001,21X-BE-A-A0A0A-Y,Fluxys Belgium,FNC-00034,Final consumers (BE) (Fluxys) Industrial clients L-zone,21Y000000000045A,entry,kWh/h,No injection in transmission network from Industiral clients,,,2025-02-20T13:19:03+01:00,,,,,,,,1,2021-10-01T01:00:00+02:00,,,,,
1Physical FlowhourBE-TSO-0001FNC-00034entrykWh/h2021-11-01T01:00:00Z2021-12-01T01:00:00Z_NA822,1,Physical Flow,hour,2021-11-04T09:00:00+01:00,2021-11-04T10:00:00+01:00,BE-TSO-0001,21X-BE-A-A0A0A-Y,Fluxys Belgium,FNC-00034,Final consumers (BE) (Fluxys) Industrial clients L-zone,21Y000000000045A,entry,kWh/h,No injection in transmission network from Industiral clients,,,2025-02-20T13:19:03+01:00,,,,,,,,1,2021-10-01T01:00:00+02:00,,,,,
1Physical FlowhourBE-TSO-0001FNC-00034entrykWh/h2021-11-01T01:00:00Z2021-12-01T01:00:00Z_NA823,1,Physical Flow,hour,2021-11-04T10:00:00+01:00,2021-11-04T11:00:00+01:00,BE-TSO-0001,21X-BE-A-A0A0A-Y,Fluxys Belgium,FNC-00034,Final consumers (BE) (Fluxys) Industrial clients L-zone,21Y000000000045A,entry,kWh/h,No injection in transmission network from Industiral clients,,,2025-02-20T13:19:03+01:00,,,,,,,,1,2021-10-01T01:00:00+02:00,,,,,
1Physical FlowhourBE-TSO-0001FNC-00034entrykWh/h2021-11-01T01:00:00Z2021-12-01T01:00:00Z_NA824,1,Physical Flow,hour,2021-11-04T11:00:00+01:00,2021-11-04T12:00:00+01:00,BE-TSO-0001,21X-BE-A-A0A0A-Y,Fluxys Belgium,FNC-00034,Final consumers (BE) (Fluxys) Industrial clients L-zone,21Y000000000045A,entry,kWh/h,No injection in transmission network from Industiral clients,,,2025-02-20T13:19:03+01:00,,,,,,,,1,2021-10-01T01:00:00+02:00,,,,,
1Physical FlowhourBE-TSO-0001FNC-00034entrykWh/h2021-11-01T01:00:00Z2021-12-01T01:00:00Z_NA825,1,Physical Flow,hour,2021-11-04T12:00:00+01:00,2021-11-04T13:00:00+01:00,BE-TSO-0001,21X-BE-A-A0A0A-Y,Fluxys Belgium,FNC-00034,Final consumers (BE) (Fluxys) Industrial clients L-zone,21Y000000000045A,entry,kWh/h,No injection in transmission network from Industiral clients,,,2025-02-20T13:19:03+01:00,,,,,,,,1,2021-10-01T01:00:00+02:00,,,,,
1Physical FlowhourBE-TSO-0001FNC-00034entrykWh/h2021-11-01T01:00:00Z2021-12-01T01:00:00Z_NA826,1,Physical Flow,hour,2021-11-04T13:00:00+01:00,2021-11-04T14:00:00+01:00,BE-TSO-0001,21X-BE-A-A0A0A-Y,Fluxys Belgium,FNC-00034,Final consumers (BE) (Fluxys) Industrial clients L-zone,21Y000000000045A,entry,kWh/h,No injection in transmission network from Industiral clients,,,2025-02-20T13:19:03+01:00,,,,,,,,1,2021-10-01T01:00:00+02:00,,,,,
1Physical FlowhourBE-TSO-0001FNC-00034entrykWh/h2021-11-01T01:00:00Z2021-12-01T01:00:00Z_NA827,1,Physical Flow,hour,2021-11-04T14:00:00+01:00,2021-11-04T15:00:00+01:00,BE-TSO-0001,21X-BE-A-A0A0A-Y,Fluxys Belgium,FNC-00034,Final consumers (BE) (Fluxys) Industrial clients L-zone,21Y000000000045A,entry,kWh/h,No injection in transmission network from Industiral clients,,,2025-02-20T13:19:03+01:00,,,,,,,,1,2021-10-01T01:00:00+02:00,,,,,
1Physical FlowhourBE-TSO-0001FNC-00034entrykWh/h2021-11-01T01:00:00Z2021-12-01T01:00:00Z_NA828,1,Physical Flow,hour,2021-11-04T15:00:00+01:00,2021-11-04T16:00:00+01:00,BE-TSO-0001,21X-BE-A-A0A0A-Y,Fluxys Belgium,FNC-00034,Final consumers (BE) (Fluxys) Industrial clients L-zone,21Y000000000045A,entry,kWh/h,No injection in transmission network from Industiral clients,,,2025-02-20T13:19:03+01:00,,,,,,,,1,2021-10-01T01:00:00+02:00,,,,,
1Physical FlowhourBE-TSO-0001FNC-00034entrykWh/h2021-11-01T01:00:00Z2021-12-01T01:00:00Z_NA829,1,Physical Flow,hour,2021-11-04T16:00:00+01:00,2021-11-04T17:00:00+01:00,BE-TSO-0001,21X-BE-A-A0A0A-Y,Fluxys Belgium,FNC-00034,Final consumers (BE) (Fluxys) Industrial clients L-zone,21Y000000000045A,entry,kWh/h,No injection in transmission network from Industiral clients,,,2025-02-20T13:19:03+01:00,,,,,,,,1,2021-10-01T01:00:00+02:00,,,,,
1Physical FlowhourBE-TSO-0001FNC-00034entrykWh/h2021-11-01T01:00:00Z2021-12-01T01:00:00Z_NA830,1,Physical Flow,hour,2021-11-04T17:00:00+01:00,2021-11-04T18:00:00+01:00,BE-TSO-0001,21X-BE-A-A0A0A-Y,Fluxys Belgium,FNC-00034,Final consumers (BE) (Fluxys) Industrial clients L-zone,21Y000000000045A,entry,kWh/h,No injection in transmission network from Industiral clients,,,2025-02-20T13:19:03+01:00,,,,,,,,1,2021-10-01T01:00:00+02:00,,,,,
1Physical FlowhourBE-TSO-0001FNC-00034entrykWh/h2021-11-01T01:00:00Z2021-12-01T01:00:00Z_NA831,1,Physical Flow,hour,2021-11-04T18:00:00+01:00,2021-11-04T19:00:00+01:00,BE-TSO-0001,21X-BE-A-A0A0A-Y,Fluxys Belgium,FNC-00034,Final consumers (BE) (Fluxys) Industrial clients L-zone,21Y000000000045A,entry,kWh/h,No injection in transmission network from Industiral clients,,,2025-02-20T13:19:03+01:00,,,,,,,,1,2021-10-01T01:00:00+02:00,,,,,
1Physical FlowhourBE-TSO-0001FNC-00034entrykWh/h2021-11-01T01:00:00Z2021-12-01T01:00:00Z_NA832,1,Physical Flow,hour,2021-11-04T19:00:00+01:00,2021-11-04T20:00:00+01:00,BE-TSO-0001,21X-BE-A-A0A0A-Y,Fluxys Belgium,FNC-00034,Final consumers (BE) (Fluxys) Industrial clients L-zone,21Y000000000045A,entry,kWh/h,No injection in transmission network from Industiral clients,,,2025-02-20T13:19:03+01:00,,,,,,,,1,2021-10-01T01:00:00+02:00,,,,,
1Physical FlowhourBE-TSO-0001FNC-00034entrykWh/h2021-11-01T01:00:00Z2021-12-01T01:00:00Z_NA833,1,Physical Flow,hour,2021-11-04T20:00:00+01:00,2021-11-04T21:00:00+01:00,BE-TSO-0001,21X-BE-A-A0A0A-Y,Fluxys Belgium,FNC-00034,Final consumers (BE) (Fluxys) Industrial clients L-zone,21Y000000000045A,entry,kWh/h,No injection in transmission network from Industiral clients,,,2025-02-20T13:19:03+01:00,,,,,,,,1,2021-10-01T01:00:00+02:00,,,,,
1Physical FlowhourBE-TSO-0001FNC-00034entrykWh/h2021-11-01T01:00:00Z2021-12-01T01:00:00Z_NA834,1,Physical Flow,hour,2021-11-04T21:00:00+01:00,2021-11-04T22:00:00+01:00,BE-TSO-0001,21X-BE-A-A0A0A-Y,Fluxys Belgium,FNC-00034,Final consumers (BE) (Fluxys) Industrial clients L-zone,21Y000000000045A,entry,kWh/h,No injection in transmission network from Industiral clients,,,2025-02-20T13:19:03+01:00,,,,,,,,1,2021-10-01T01:00:00+02:00,,,,,
1Physical FlowhourBE-TSO-0001FNC-00034entrykWh/h2021-11-01T01:00:00Z2021-12-01T01:00:00Z_NA835,1,Physical Flow,hour,2021-11-04T22:00:00+01:00,2021-11-04T23:00:00+01:00,BE-TSO-0001,21X-BE-A-A0A0A-Y,Fluxys Belgium,FNC-00034,Final consumers (BE) (Fluxys) Industrial clients L-zone,21Y000000000045A,entry,kWh/h,No injection in transmission network from Industiral clients,,,2025-02-20T13:19:03+01:00,,,,,,,,1,2021-10-01T01:00:00+02:00,,,,,
1Physical FlowhourBE-TSO-0001FNC-00034entrykWh/h2021-11-01T01:00:00Z2021-12-01T01:00:00Z_NA836,1,Physical Flow,hour,2021-11-04T23:00:00+01:00,2021-11-05T00:00:00+01:00,BE-TSO-0001,21X-BE-A-A0A0A-Y,Fluxys Belgium,FNC-00034,Final consumers (BE) (Fluxys) Industrial clients L-zone,21Y000000000045A,entry,kWh/h,No injection in transmission network from Industiral clients,,,2025-02-20T13:19:03+01:00,,,,,,,,1,2021-10-01T01:00:00+02:00,,,,,
1Physical FlowhourBE-TSO-0001FNC-00034entrykWh/h2021-11-01T01:00:00Z2021-12-01T01:00:00Z_NA837,1,Physical Flow,hour,2021-11-05T00:00:00+01:00,2021-11-05T01:00:00+01:00,BE-TSO-0001,21X-BE-A-A0A0A-Y,Fluxys Belgium,FNC-00034,Final consumers (BE) (Fluxys) Industrial clients L-zone,21Y000000000045A,entry,kWh/h,No injection in transmission network from Industiral clients,,,2025-02-20T13:19:03+01:00,,,,,,,,1,2021-10-01T01:00:00+02:00,,,,,
1Physical FlowhourBE-TSO-0001FNC-00034entrykWh/h2021-11-01T01:00:00Z2021-12-01T01:00:00Z_NA838,1,Physical Flow,hour,2021-11-05T01:00:00+01:00,2021-11-05T02:00:00+01:00,BE-TSO-0001,21X-BE-A-A0A0A-Y,Fluxys Belgium,FNC-00034,Final consumers (BE) (Fluxys) Industrial clients L-zone,21Y000000000045A,entry,kWh/h,No injection in transmission network from Industiral clients,,,2025-02-20T13:19:03+01:00,,,,,,,,1,2021-10-01T01:00:00+02:00,,,,,
1Physical FlowhourBE-TSO-0001FNC-00034entrykWh/h2021-11-01T01:00:00Z2021-12-01T01:00:00Z_NA839,1,Physical Flow,hour,2021-11-05T02:00:00+01:00,2021-11-05T03:00:00+01:00,BE-TSO-0001,21X-BE-A-A0A0A-Y,Fluxys Belgium,FNC-00034,Final consumers (BE) (Fluxys) Industrial clients L-zone,21Y000000000045A,entry,kWh/h,No injection in transmission network from Industiral clients,,,2025-02-20T13:19:03+01:00,,,,,,,,1,2021-10-01T01:00:00+02:00,,,,,
1Physical FlowhourBE-TSO-0001FNC-00034entrykWh/h2021-11-01T01:00:00Z2021-12-01T01:00:00Z_NA840,1,Physical Flow,hour,2021-11-05T03:00:00+01:00,2021-11-05T04:00:00+01:00,BE-TSO-0001,21X-BE-A-A0A0A-Y,Fluxys Belgium,FNC-00034,Final consumers (BE) (Fluxys) Industrial clients L-zone,21Y000000000045A,entry,kWh/h,No injection in transmission network from Industiral clients,,,2025-02-20T13:19:03+01:00,,,,,,,,1,2021-10-01T01:00:00+02:00,,,,,
1Physical FlowhourBE-TSO-0001FNC-00034entrykWh/h2021-11-01T01:00:00Z2021-12-01T01:00:00Z_NA841,1,Physical Flow,hour,2021-11-05T04:00:00+01:00,2021-11-05T05:00:00+01:00,BE-TSO-0001,21X-BE-A-A0A0A-Y,Fluxys Belgium,FNC-00034,Final consumers (BE) (Fluxys) Industrial clients L-zone,21Y000000000045A,entry,kWh/h,No injection in transmission network from Industiral clients,,,2025-02-20T13:19:03+01:00,,,,,,,,1,2021-10-01T01:00:00+02:00,,,,,
1Physical FlowhourBE-TSO-0001FNC-00034entrykWh/h2021-11-01T01:00:00Z2021-12-01T01:00:00Z_NA842,1,Physical Flow,hour,2021-11-05T05:00:00+01:00,2021-11-05T06:00:00+01:00,BE-TSO-0001,21X-BE-A-A0A0A-Y,Fluxys Belgium,FNC-00034,Final consumers (BE) (Fluxys) Industrial clients L-zone,21Y000000000045A,entry,kWh/h,No injection in transmission network from Industiral clients,,,2025-02-20T13:19:03+01:00,,,,,,,,1,2021-10-01T01:00:00+02:00,,,,,
1Physical FlowhourBE-TSO-0001FNC-00034entrykWh/h2021-11-01T01:00:00Z2021-12-01T01:00:00Z_NA843,1,Physical Flow,hour,2021-11-05T06:00:00+01:00,2021-11-05T07:00:00+01:00,BE-TSO-0001,21X-BE-A-A0A0A-Y,Fluxys Belgium,FNC-00034,Final consumers (BE) (Fluxys) Industrial clients L-zone,21Y000000000045A,entry,kWh/h,No injection in transmission network from Industiral clients,,,2025-02-20T13:19:03+01:00,,,,,,,,1,2021-10-01T01:00:00+02:00,,,,,
1Physical FlowhourBE-TSO-0001FNC-00034entrykWh/h2021-11-01T01:00:00Z2021-12-01T01:00:00Z_NA844,1,Physical Flow,hour,2021-11-05T07:00:00+01:00,2021-11-05T08:00:00+01:00,BE-TSO-0001,21X-BE-A-A0A0A-Y,Fluxys Belgium,FNC-00034,Final consumers (BE) (Fluxys) Industrial clients L-zone,21Y000000000045A,entry,kWh/h,No injection in transmission network from Industiral clients,,,2025-02-20T13:19:03+01:00,,,,,,,,1,2021-10-01T01:00:00+02:00,,,,,
1Physical FlowhourBE-TSO-0001FNC-00034entrykWh/h2021-11-01T01:00:00Z2021-12-01T01:00:00Z_NA845,1,Physical Flow,hour,2021-11-05T08:00:00+01:00,2021-11-05T09:00:00+01:00,BE-TSO-0001,21X-BE-A-A0A0A-Y,Fluxys Belgium,FNC-00034,Final consumers (BE) (Fluxys) Industrial clients L-zone,21Y000000000045A,entry,kWh/h,No injection in transmission network from Industiral clients,,,2025-02-20T13:19:03+01:00,,,,,,,,1,2021-10-01T01:00:00+02:00,,,,,
1Physical FlowhourBE-TSO-0001FNC-00034entrykWh/h2021-11-01T01:00:00Z2021-12-01T01:00:00Z_NA846,1,Physical Flow,hour,2021-11-05T09:00:00+01:00,2021-11-05T10:00:00+01:00,BE-TSO-0001,21X-BE-A-A0A0A-Y,Fluxys Belgium,FNC-00034,Final consumers (BE) (Fluxys) Industrial clients L-zone,21Y000000000045A,entry,kWh/h,No injection in transmission network from Industiral clients,,,2025-02-20T13:19:03+01:00,,,,,,,,1,2021-10-01T01:00:00+02:00,,,,,
1Physical FlowhourBE-TSO-0001FNC-00034entrykWh/h2021-11-01T01:00:00Z2021-12-01T01:00:00Z_NA847,1,Physical Flow,hour,2021-11-05T10:00:00+01:00,2021-11-05T11:00:00+01:00,BE-TSO-0001,21X-BE-A-A0A0A-Y,Fluxys Belgium,FNC-00034,Final consumers (BE) (Fluxys) Industrial clients L-zone,21Y000000000045A,entry,kWh/h,No injection in transmission network from Industiral clients,,,2025-02-20T13:19:03+01:00,,,,,,,,1,2021-10-01T01:00:00+02:00,,,,,
1Physical FlowhourBE-TSO-0001FNC-00034entrykWh/h2021-11-01T01:00:00Z2021-12-01T01:00:00Z_NA848,1,Physical Flow,hour,2021-11-05T11:00:00+01:00,2021-11-05T12:00:00+01:00,BE-TSO-0001,21X-BE-A-A0A0A-Y,Fluxys Belgium,FNC-00034,Final consumers (BE) (Fluxys) Industrial clients L-zone,21Y000000000045A,entry,kWh/h,No injection in transmission network from Industiral clients,,,2025-02-20T13:19:03+01:00,,,,,,,,1,2021-10-01T01:00:00+02:00,,,,,
1Physical FlowhourBE-TSO-0001FNC-00034entrykWh/h2021-11-01T01:00:00Z2021-12-01T01:00:00Z_NA849,1,Physical Flow,hour,2021-11-05T12:00:00+01:00,2021-11-05T13:00:00+01:00,BE-TSO-0001,21X-BE-A-A0A0A-Y,Fluxys Belgium,FNC-00034,Final consumers (BE) (Fluxys) Industrial clients L-zone,21Y000000000045A,entry,kWh/h,No injection in transmission network from Industiral clients,,,2025-02-20T13:19:03+01:00,,,,,,,,1,2021-10-01T01:00:00+02:00,,,,,
1Physical FlowhourBE-TSO-0001FNC-00034entrykWh/h2021-11-01T01:00:00Z2021-12-01T01:00:00Z_NA850,1,Physical Flow,hour,2021-11-05T13:00:00+01:00,2021-11-05T14:00:00+01:00,BE-TSO-0001,21X-BE-A-A0A0A-Y,Fluxys Belgium,FNC-00034,Final consumers (BE) (Fluxys) Industrial clients L-zone,21Y000000000045A,entry,kWh/h,No injection in transmission network from Industiral clients,,,2025-02-20T13:19:03+01:00,,,,,,,,1,2021-10-01T01:00:00+02:00,,,,,
1Physical FlowhourBE-TSO-0001FNC-00034entrykWh/h2021-11-01T01:00:00Z2021-12-01T01:00:00Z_NA851,1,Physical Flow,hour,2021-11-05T14:00:00+01:00,2021-11-05T15:00:00+01:00,BE-TSO-0001,21X-BE-A-A0A0A-Y,Fluxys Belgium,FNC-00034,Final consumers (BE) (Fluxys) Industrial clients L-zone,21Y000000000045A,entry,kWh/h,No injection in transmission network from Industiral clients,,,2025-02-20T13:19:03+01:00,,,,,,,,1,2021-10-01T01:00:00+02:00,,,,,
1Physical FlowhourBE-TSO-0001FNC-00034entrykWh/h2021-11-01T01:00:00Z2021-12-01T01:00:00Z_NA852,1,Physical Flow,hour,2021-11-05T15:00:00+01:00,2021-11-05T16:00:00+01:00,BE-TSO-0001,21X-BE-A-A0A0A-Y,Fluxys Belgium,FNC-00034,Final consumers (BE) (Fluxys) Industrial clients L-zone,21Y000000000045A,entry,kWh/h,No injection in transmission network from Industiral clients,,,2025-02-20T13:19:03+01:00,,,,,,,,1,2021-10-01T01:00:00+02:00,,,,,
1Physical FlowhourBE-TSO-0001FNC-00034entrykWh/h2021-11-01T01:00:00Z2021-12-01T01:00:00Z_NA853,1,Physical Flow,hour,2021-11-05T16:00:00+01:00,2021-11-05T17:00:00+01:00,BE-TSO-0001,21X-BE-A-A0A0A-Y,Fluxys Belgium,FNC-00034,Final consumers (BE) (Fluxys) Industrial clients L-zone,21Y000000000045A,entry,kWh/h,No injection in transmission network from Industiral clients,,,2025-02-20T13:19:03+01:00,,,,,,,,1,2021-10-01T01:00:00+02:00,,,,,
1Physical FlowhourBE-TSO-0001FNC-00034entrykWh/h2021-11-01T01:00:00Z2021-12-01T01:00:00Z_NA854,1,Physical Flow,hour,2021-11-05T17:00:00+01:00,2021-11-05T18:00:00+01:00,BE-TSO-0001,21X-BE-A-A0A0A-Y,Fluxys Belgium,FNC-00034,Final consumers (BE) (Fluxys) Industrial clients L-zone,21Y000000000045A,entry,kWh/h,No injection in transmission network from Industiral clients,,,2025-02-20T13:19:03+01:00,,,,,,,,1,2021-10-01T01:00:00+02:00,,,,,
1Physical FlowhourBE-TSO-0001FNC-00034entrykWh/h2021-11-01T01:00:00Z2021-12-01T01:00:00Z_NA855,1,Physical Flow,hour,2021-11-05T18:00:00+01:00,2021-11-05T19:00:00+01:00,BE-TSO-0001,21X-BE-A-A0A0A-Y,Fluxys Belgium,FNC-00034,Final consumers (BE) (Fluxys) Industrial clients L-zone,21Y000000000045A,entry,kWh/h,No injection in transmission network from Industiral clients,,,2025-02-20T13:19:03+01:00,,,,,,,,1,2021-10-01T01:00:00+02:00,,,,,
1Physical FlowhourBE-TSO-0001FNC-00034entrykWh/h2021-11-01T01:00:00Z2021-12-01T01:00:00Z_NA856,1,Physical Flow,hour,2021-11-05T19:00:00+01:00,2021-11-05T20:00:00+01:00,BE-TSO-0001,21X-BE-A-A0A0A-Y,Fluxys Belgium,FNC-00034,Final consumers (BE) (Fluxys) Industrial clients L-zone,21Y000000000045A,entry,kWh/h,No injection in transmission network from Industiral clients,,,2025-02-20T13:19:03+01:00,,,,,,,,1,2021-10-01T01:00:00+02:00,,,,,
1Physical FlowhourBE-TSO-0001FNC-00034entrykWh/h2021-11-01T01:00:00Z2021-12-01T01:00:00Z_NA857,1,Physical Flow,hour,2021-11-05T20:00:00+01:00,2021-11-05T21:00:00+01:00,BE-TSO-0001,21X-BE-A-A0A0A-Y,Fluxys Belgium,FNC-00034,Final consumers (BE) (Fluxys) Industrial clients L-zone,21Y000000000045A,entry,kWh/h,No injection in transmission network from Industiral clients,,,2025-02-20T13:19:03+01:00,,,,,,,,1,2021-10-01T01:00:00+02:00,,,,,
1Physical FlowhourBE-TSO-0001FNC-00034entrykWh/h2021-11-01T01:00:00Z2021-12-01T01:00:00Z_NA858,1,Physical Flow,hour,2021-11-05T21:00:00+01:00,2021-11-05T22:00:00+01:00,BE-TSO-0001,21X-BE-A-A0A0A-Y,Fluxys Belgium,FNC-00034,Final consumers (BE) (Fluxys) Industrial clients L-zone,21Y000000000045A,entry,kWh/h,No injection in transmission network from Industiral clients,,,2025-02-20T13:19:03+01:00,,,,,,,,1,2021-10-01T01:00:00+02:00,,,,,
1Physical FlowhourBE-TSO-0001FNC-00034entrykWh/h2021-11-01T01:00:00Z2021-12-01T01:00:00Z_NA859,1,Physical Flow,hour,2021-11-05T22:00:00+01:00,2021-11-05T23:00:00+01:00,BE-TSO-0001,21X-BE-A-A0A0A-Y,Fluxys Belgium,FNC-00034,Final consumers (BE) (Fluxys) Industrial clients L-zone,21Y000000000045A,entry,kWh/h,No injection in transmission network from Industiral clients,,,2025-02-20T13:19:03+01:00,,,,,,,,1,2021-10-01T01:00:00+02:00,,,,,
1Physical FlowhourBE-TSO-0001FNC-00034entrykWh/h2021-11-01T01:00:00Z2021-12-01T01:00:00Z_NA860,1,Physical Flow,hour,2021-11-05T23:00:00+01:00,2021-11-06T00:00:00+01:00,BE-TSO-0001,21X-BE-A-A0A0A-Y,Fluxys Belgium,FNC-00034,Final consumers (BE) (Fluxys) Industrial clients L-zone,21Y000000000045A,entry,kWh/h,No injection in transmission network from Industiral clients,,,2025-02-20T13:19:03+01:00,,,,,,,,1,2021-10-01T01:00:00+02:00,,,,,
1Physical FlowhourBE-TSO-0001FNC-00034entrykWh/h2021-11-01T01:00:00Z2021-12-01T01:00:00Z_NA861,1,Physical Flow,hour,2021-11-06T00:00:00+01:00,2021-11-06T01:00:00+01:00,BE-TSO-0001,21X-BE-A-A0A0A-Y,Fluxys Belgium,FNC-00034,Final consumers (BE) (Fluxys) Industrial clients L-zone,21Y000000000045A,entry,kWh/h,No injection in transmission network from Industiral clients,,,2025-02-20T13:19:03+01:00,,,,,,,,1,2021-10-01T01:00:00+02:00,,,,,
1Physical FlowhourBE-TSO-0001FNC-00034entrykWh/h2021-11-01T01:00:00Z2021-12-01T01:00:00Z_NA862,1,Physical Flow,hour,2021-11-06T01:00:00+01:00,2021-11-06T02:00:00+01:00,BE-TSO-0001,21X-BE-A-A0A0A-Y,Fluxys Belgium,FNC-00034,Final consumers (BE) (Fluxys) Industrial clients L-zone,21Y000000000045A,entry,kWh/h,No injection in transmission network from Industiral clients,,,2025-02-20T13:19:03+01:00,,,,,,,,1,2021-10-01T01:00:00+02:00,,,,,
1Physical FlowhourBE-TSO-0001FNC-00034entrykWh/h2021-11-01T01:00:00Z2021-12-01T01:00:00Z_NA863,1,Physical Flow,hour,2021-11-06T02:00:00+01:00,2021-11-06T03:00:00+01:00,BE-TSO-0001,21X-BE-A-A0A0A-Y,Fluxys Belgium,FNC-00034,Final consumers (BE) (Fluxys) Industrial clients L-zone,21Y000000000045A,entry,kWh/h,No injection in transmission network from Industiral clients,,,2025-02-20T13:19:03+01:00,,,,,,,,1,2021-10-01T01:00:00+02:00,,,,,
1Physical FlowhourBE-TSO-0001FNC-00034entrykWh/h2021-11-01T01:00:00Z2021-12-01T01:00:00Z_NA864,1,Physical Flow,hour,2021-11-06T03:00:00+01:00,2021-11-06T04:00:00+01:00,BE-TSO-0001,21X-BE-A-A0A0A-Y,Fluxys Belgium,FNC-00034,Final consumers (BE) (Fluxys) Industrial clients L-zone,21Y000000000045A,entry,kWh/h,No injection in transmission network from Industiral clients,,,2025-02-20T13:19:03+01:00,,,,,,,,1,2021-10-01T01:00:00+02:00,,,,,
1Physical FlowhourBE-TSO-0001FNC-00034entrykWh/h2021-11-01T01:00:00Z2021-12-01T01:00:00Z_NA865,1,Physical Flow,hour,2021-11-06T04:00:00+01:00,2021-11-06T05:00:00+01:00,BE-TSO-0001,21X-BE-A-A0A0A-Y,Fluxys Belgium,FNC-00034,Final consumers (BE) (Fluxys) Industrial clients L-zone,21Y000000000045A,entry,kWh/h,No injection in transmission network from Industiral clients,,,2025-02-20T13:19:03+01:00,,,,,,,,1,2021-10-01T01:00:00+02:00,,,,,
1Physical FlowhourBE-TSO-0001FNC-00034entrykWh/h2021-11-01T01:00:00Z2021-12-01T01:00:00Z_NA866,1,Physical Flow,hour,2021-11-06T05:00:00+01:00,2021-11-06T06:00:00+01:00,BE-TSO-0001,21X-BE-A-A0A0A-Y,Fluxys Belgium,FNC-00034,Final consumers (BE) (Fluxys) Industrial clients L-zone,21Y000000000045A,entry,kWh/h,No injection in transmission network from Industiral clients,,,2025-02-20T13:19:03+01:00,,,,,,,,1,2021-10-01T01:00:00+02:00,,,,,
1Physical FlowhourBE-TSO-0001FNC-00034entrykWh/h2021-11-01T01:00:00Z2021-12-01T01:00:00Z_NA867,1,Physical Flow,hour,2021-11-06T06:00:00+01:00,2021-11-06T07:00:00+01:00,BE-TSO-0001,21X-BE-A-A0A0A-Y,Fluxys Belgium,FNC-00034,Final consumers (BE) (Fluxys) Industrial clients L-zone,21Y000000000045A,entry,kWh/h,No injection in transmission network from Industiral clients,,,2025-02-20T13:19:03+01:00,,,,,,,,1,2021-10-01T01:00:00+02:00,,,,,
1Physical FlowhourBE-TSO-0001FNC-00034entrykWh/h2021-11-01T01:00:00Z2021-12-01T01:00:00Z_NA868,1,Physical Flow,hour,2021-11-06T07:00:00+01:00,2021-11-06T08:00:00+01:00,BE-TSO-0001,21X-BE-A-A0A0A-Y,Fluxys Belgium,FNC-00034,Final consumers (BE) (Fluxys) Industrial clients L-zone,21Y000000000045A,entry,kWh/h,No injection in transmission network from Industiral clients,,,2025-02-20T13:19:03+01:00,,,,,,,,1,2021-10-01T01:00:00+02:00,,,,,
1Physical FlowhourBE-TSO-0001FNC-00034entrykWh/h2021-11-01T01:00:00Z2021-12-01T01:00:00Z_NA869,1,Physical Flow,hour,2021-11-06T08:00:00+01:00,2021-11-06T09:00:00+01:00,BE-TSO-0001,21X-BE-A-A0A0A-Y,Fluxys Belgium,FNC-00034,Final consumers (BE) (Fluxys) Industrial clients L-zone,21Y000000000045A,entry,kWh/h,No injection in transmission network from Industiral clients,,,2025-02-20T13:19:03+01:00,,,,,,,,1,2021-10-01T01:00:00+02:00,,,,,
1Physical FlowhourBE-TSO-0001FNC-00034entrykWh/h2021-11-01T01:00:00Z2021-12-01T01:00:00Z_NA870,1,Physical Flow,hour,2021-11-06T09:00:00+01:00,2021-11-06T10:00:00+01:00,BE-TSO-0001,21X-BE-A-A0A0A-Y,Fluxys Belgium,FNC-00034,Final consumers (BE) (Fluxys) Industrial clients L-zone,21Y000000000045A,entry,kWh/h,No injection in transmission network from Industiral clients,,,2025-02-20T13:19:03+01:00,,,,,,,,1,2021-10-01T01:00:00+02:00,,,,,
1Physical FlowhourBE-TSO-0001FNC-00034entrykWh/h2021-11-01T01:00:00Z2021-12-01T01:00:00Z_NA871,1,Physical Flow,hour,2021-11-06T10:00:00+01:00,2021-11-06T11:00:00+01:00,BE-TSO-0001,21X-BE-A-A0A0A-Y,Fluxys Belgium,FNC-00034,Final consumers (BE) (Fluxys) Industrial clients L-zone,21Y000000000045A,entry,kWh/h,No injection in transmission network from Industiral clients,,,2025-02-20T13:19:03+01:00,,,,,,,,1,2021-10-01T01:00:00+02:00,,,,,
1Physical FlowhourBE-TSO-0001FNC-00034entrykWh/h2021-11-01T01:00:00Z2021-12-01T01:00:00Z_NA872,1,Physical Flow,hour,2021-11-06T11:00:00+01:00,2021-11-06T12:00:00+01:00,BE-TSO-0001,21X-BE-A-A0A0A-Y,Fluxys Belgium,FNC-00034,Final consumers (BE) (Fluxys) Industrial clients L-zone,21Y000000000045A,entry,kWh/h,No injection in transmission network from Industiral clients,,,2025-02-20T13:19:03+01:00,,,,,,,,1,2021-10-01T01:00:00+02:00,,,,,
1Physical FlowhourBE-TSO-0001FNC-00034entrykWh/h2021-11-01T01:00:00Z2021-12-01T01:00:00Z_NA873,1,Physical Flow,hour,2021-11-06T12:00:00+01:00,2021-11-06T13:00:00+01:00,BE-TSO-0001,21X-BE-A-A0A0A-Y,Fluxys Belgium,FNC-00034,Final consumers (BE) (Fluxys) Industrial clients L-zone,21Y000000000045A,entry,kWh/h,No injection in transmission network from Industiral clients,,,2025-02-20T13:19:03+01:00,,,,,,,,1,2021-10-01T01:00:00+02:00,,,,,
1Physical FlowhourBE-TSO-0001FNC-00034entrykWh/h2021-11-01T01:00:00Z2021-12-01T01:00:00Z_NA874,1,Physical Flow,hour,2021-11-06T13:00:00+01:00,2021-11-06T14:00:00+01:00,BE-TSO-0001,21X-BE-A-A0A0A-Y,Fluxys Belgium,FNC-00034,Final consumers (BE) (Fluxys) Industrial clients L-zone,21Y000000000045A,entry,kWh/h,No injection in transmission network from Industiral clients,,,2025-02-20T13:19:03+01:00,,,,,,,,1,2021-10-01T01:00:00+02:00,,,,,
1Physical FlowhourBE-TSO-0001FNC-00034entrykWh/h2021-11-01T01:00:00Z2021-12-01T01:00:00Z_NA875,1,Physical Flow,hour,2021-11-06T14:00:00+01:00,2021-11-06T15:00:00+01:00,BE-TSO-0001,21X-BE-A-A0A0A-Y,Fluxys Belgium,FNC-00034,Final consumers (BE) (Fluxys) Industrial clients L-zone,21Y000000000045A,entry,kWh/h,No injection in transmission network from Industiral clients,,,2025-02-20T13:19:03+01:00,,,,,,,,1,2021-10-01T01:00:00+02:00,,,,,
1Physical FlowhourBE-TSO-0001FNC-00034entrykWh/h2021-11-01T01:00:00Z2021-12-01T01:00:00Z_NA876,1,Physical Flow,hour,2021-11-06T15:00:00+01:00,2021-11-06T16:00:00+01:00,BE-TSO-0001,21X-BE-A-A0A0A-Y,Fluxys Belgium,FNC-00034,Final consumers (BE) (Fluxys) Industrial clients L-zone,21Y000000000045A,entry,kWh/h,No injection in transmission network from Industiral clients,,,2025-02-20T13:19:03+01:00,,,,,,,,1,2021-10-01T01:00:00+02:00,,,,,
1Physical FlowhourBE-TSO-0001FNC-00034entrykWh/h2021-11-01T01:00:00Z2021-12-01T01:00:00Z_NA877,1,Physical Flow,hour,2021-11-06T16:00:00+01:00,2021-11-06T17:00:00+01:00,BE-TSO-0001,21X-BE-A-A0A0A-Y,Fluxys Belgium,FNC-00034,Final consumers (BE) (Fluxys) Industrial clients L-zone,21Y000000000045A,entry,kWh/h,No injection in transmission network from Industiral clients,,,2025-02-20T13:19:03+01:00,,,,,,,,1,2021-10-01T01:00:00+02:00,,,,,
1Physical FlowhourBE-TSO-0001FNC-00034entrykWh/h2021-11-01T01:00:00Z2021-12-01T01:00:00Z_NA878,1,Physical Flow,hour,2021-11-06T17:00:00+01:00,2021-11-06T18:00:00+01:00,BE-TSO-0001,21X-BE-A-A0A0A-Y,Fluxys Belgium,FNC-00034,Final consumers (BE) (Fluxys) Industrial clients L-zone,21Y000000000045A,entry,kWh/h,No injection in transmission network from Industiral clients,,,2025-02-20T13:19:03+01:00,,,,,,,,1,2021-10-01T01:00:00+02:00,,,,,
1Physical FlowhourBE-TSO-0001FNC-00034entrykWh/h2021-11-01T01:00:00Z2021-12-01T01:00:00Z_NA879,1,Physical Flow,hour,2021-11-06T18:00:00+01:00,2021-11-06T19:00:00+01:00,BE-TSO-0001,21X-BE-A-A0A0A-Y,Fluxys Belgium,FNC-00034,Final consumers (BE) (Fluxys) Industrial clients L-zone,21Y000000000045A,entry,kWh/h,No injection in transmission network from Industiral clients,,,2025-02-20T13:19:03+01:00,,,,,,,,1,2021-10-01T01:00:00+02:00,,,,,
1Physical FlowhourBE-TSO-0001FNC-00034entrykWh/h2021-11-01T01:00:00Z2021-12-01T01:00:00Z_NA880,1,Physical Flow,hour,2021-11-06T19:00:00+01:00,2021-11-06T20:00:00+01:00,BE-TSO-0001,21X-BE-A-A0A0A-Y,Fluxys Belgium,FNC-00034,Final consumers (BE) (Fluxys) Industrial clients L-zone,21Y000000000045A,entry,kWh/h,No injection in transmission network from Industiral clients,,,2025-02-20T13:19:03+01:00,,,,,,,,1,2021-10-01T01:00:00+02:00,,,,,
1Physical FlowhourBE-TSO-0001FNC-00034entrykWh/h2021-11-01T01:00:00Z2021-12-01T01:00:00Z_NA881,1,Physical Flow,hour,2021-11-06T20:00:00+01:00,2021-11-06T21:00:00+01:00,BE-TSO-0001,21X-BE-A-A0A0A-Y,Fluxys Belgium,FNC-00034,Final consumers (BE) (Fluxys) Industrial clients L-zone,21Y000000000045A,entry,kWh/h,No injection in transmission network from Industiral clients,,,2025-02-20T13:19:03+01:00,,,,,,,,1,2021-10-01T01:00:00+02:00,,,,,
1Physical FlowhourBE-TSO-0001FNC-00034entrykWh/h2021-11-01T01:00:00Z2021-12-01T01:00:00Z_NA882,1,Physical Flow,hour,2021-11-06T21:00:00+01:00,2021-11-06T22:00:00+01:00,BE-TSO-0001,21X-BE-A-A0A0A-Y,Fluxys Belgium,FNC-00034,Final consumers (BE) (Fluxys) Industrial clients L-zone,21Y000000000045A,entry,kWh/h,No injection in transmission network from Industiral clients,,,2025-02-20T13:19:03+01:00,,,,,,,,1,2021-10-01T01:00:00+02:00,,,,,
1Physical FlowhourBE-TSO-0001FNC-00034entrykWh/h2021-11-01T01:00:00Z2021-12-01T01:00:00Z_NA883,1,Physical Flow,hour,2021-11-06T22:00:00+01:00,2021-11-06T23:00:00+01:00,BE-TSO-0001,21X-BE-A-A0A0A-Y,Fluxys Belgium,FNC-00034,Final consumers (BE) (Fluxys) Industrial clients L-zone,21Y000000000045A,entry,kWh/h,No injection in transmission network from Industiral clients,,,2025-02-20T13:19:03+01:00,,,,,,,,1,2021-10-01T01:00:00+02:00,,,,,
1Physical FlowhourBE-TSO-0001FNC-00034entrykWh/h2021-11-01T01:00:00Z2021-12-01T01:00:00Z_NA884,1,Physical Flow,hour,2021-11-06T23:00:00+01:00,2021-11-07T00:00:00+01:00,BE-TSO-0001,21X-BE-A-A0A0A-Y,Fluxys Belgium,FNC-00034,Final consumers (BE) (Fluxys) Industrial clients L-zone,21Y000000000045A,entry,kWh/h,No injection in transmission network from Industiral clients,,,2025-02-20T13:19:03+01:00,,,,,,,,1,2021-10-01T01:00:00+02:00,,,,,
1Physical FlowhourBE-TSO-0001FNC-00034entrykWh/h2021-11-01T01:00:00Z2021-12-01T01:00:00Z_NA885,1,Physical Flow,hour,2021-11-07T00:00:00+01:00,2021-11-07T01:00:00+01:00,BE-TSO-0001,21X-BE-A-A0A0A-Y,Fluxys Belgium,FNC-00034,Final consumers (BE) (Fluxys) Industrial clients L-zone,21Y000000000045A,entry,kWh/h,No injection in transmission network from Industiral clients,,,2025-02-20T13:19:03+01:00,,,,,,,,1,2021-10-01T01:00:00+02:00,,,,,
1Physical FlowhourBE-TSO-0001FNC-00034entrykWh/h2021-11-01T01:00:00Z2021-12-01T01:00:00Z_NA886,1,Physical Flow,hour,2021-11-07T01:00:00+01:00,2021-11-07T02:00:00+01:00,BE-TSO-0001,21X-BE-A-A0A0A-Y,Fluxys Belgium,FNC-00034,Final consumers (BE) (Fluxys) Industrial clients L-zone,21Y000000000045A,entry,kWh/h,No injection in transmission network from Industiral clients,,,2025-02-20T13:19:03+01:00,,,,,,,,1,2021-10-01T01:00:00+02:00,,,,,
1Physical FlowhourBE-TSO-0001FNC-00034entrykWh/h2021-11-01T01:00:00Z2021-12-01T01:00:00Z_NA887,1,Physical Flow,hour,2021-11-07T02:00:00+01:00,2021-11-07T03:00:00+01:00,BE-TSO-0001,21X-BE-A-A0A0A-Y,Fluxys Belgium,FNC-00034,Final consumers (BE) (Fluxys) Industrial clients L-zone,21Y000000000045A,entry,kWh/h,No injection in transmission network from Industiral clients,,,2025-02-20T13:19:03+01:00,,,,,,,,1,2021-10-01T01:00:00+02:00,,,,,
1Physical FlowhourBE-TSO-0001FNC-00034entrykWh/h2021-11-01T01:00:00Z2021-12-01T01:00:00Z_NA888,1,Physical Flow,hour,2021-11-07T03:00:00+01:00,2021-11-07T04:00:00+01:00,BE-TSO-0001,21X-BE-A-A0A0A-Y,Fluxys Belgium,FNC-00034,Final consumers (BE) (Fluxys) Industrial clients L-zone,21Y000000000045A,entry,kWh/h,No injection in transmission network from Industiral clients,,,2025-02-20T13:19:03+01:00,,,,,,,,1,2021-10-01T01:00:00+02:00,,,,,
1Physical FlowhourBE-TSO-0001FNC-00034entrykWh/h2021-11-01T01:00:00Z2021-12-01T01:00:00Z_NA889,1,Physical Flow,hour,2021-11-07T04:00:00+01:00,2021-11-07T05:00:00+01:00,BE-TSO-0001,21X-BE-A-A0A0A-Y,Fluxys Belgium,FNC-00034,Final consumers (BE) (Fluxys) Industrial clients L-zone,21Y000000000045A,entry,kWh/h,No injection in transmission network from Industiral clients,,,2025-02-20T13:19:03+01:00,,,,,,,,1,2021-10-01T01:00:00+02:00,,,,,
1Physical FlowhourBE-TSO-0001FNC-00034entrykWh/h2021-11-01T01:00:00Z2021-12-01T01:00:00Z_NA890,1,Physical Flow,hour,2021-11-07T05:00:00+01:00,2021-11-07T06:00:00+01:00,BE-TSO-0001,21X-BE-A-A0A0A-Y,Fluxys Belgium,FNC-00034,Final consumers (BE) (Fluxys) Industrial clients L-zone,21Y000000000045A,entry,kWh/h,No injection in transmission network from Industiral clients,,,2025-02-20T13:19:03+01:00,,,,,,,,1,2021-10-01T01:00:00+02:00,,,,,
1Physical FlowhourBE-TSO-0001FNC-00034entrykWh/h2021-11-01T01:00:00Z2021-12-01T01:00:00Z_NA891,1,Physical Flow,hour,2021-11-07T06:00:00+01:00,2021-11-07T07:00:00+01:00,BE-TSO-0001,21X-BE-A-A0A0A-Y,Fluxys Belgium,FNC-00034,Final consumers (BE) (Fluxys) Industrial clients L-zone,21Y000000000045A,entry,kWh/h,No injection in transmission network from Industiral clients,,,2025-02-20T13:19:03+01:00,,,,,,,,1,2021-10-01T01:00:00+02:00,,,,,
1Physical FlowhourBE-TSO-0001FNC-00034entrykWh/h2021-11-01T01:00:00Z2021-12-01T01:00:00Z_NA892,1,Physical Flow,hour,2021-11-07T07:00:00+01:00,2021-11-07T08:00:00+01:00,BE-TSO-0001,21X-BE-A-A0A0A-Y,Fluxys Belgium,FNC-00034,Final consumers (BE) (Fluxys) Industrial clients L-zone,21Y000000000045A,entry,kWh/h,No injection in transmission network from Industiral clients,,,2025-02-20T13:19:03+01:00,,,,,,,,1,2021-10-01T01:00:00+02:00,,,,,
1Physical FlowhourBE-TSO-0001FNC-00034entrykWh/h2021-11-01T01:00:00Z2021-12-01T01:00:00Z_NA893,1,Physical Flow,hour,2021-11-07T08:00:00+01:00,2021-11-07T09:00:00+01:00,BE-TSO-0001,21X-BE-A-A0A0A-Y,Fluxys Belgium,FNC-00034,Final consumers (BE) (Fluxys) Industrial clients L-zone,21Y000000000045A,entry,kWh/h,No injection in transmission network from Industiral clients,,,2025-02-20T13:19:03+01:00,,,,,,,,1,2021-10-01T01:00:00+02:00,,,,,
1Physical FlowhourBE-TSO-0001FNC-00034entrykWh/h2021-11-01T01:00:00Z2021-12-01T01:00:00Z_NA894,1,Physical Flow,hour,2021-11-07T09:00:00+01:00,2021-11-07T10:00:00+01:00,BE-TSO-0001,21X-BE-A-A0A0A-Y,Fluxys Belgium,FNC-00034,Final consumers (BE) (Fluxys) Industrial clients L-zone,21Y000000000045A,entry,kWh/h,No injection in transmission network from Industiral clients,,,2025-02-20T13:19:03+01:00,,,,,,,,1,2021-10-01T01:00:00+02:00,,,,,
1Physical FlowhourBE-TSO-0001FNC-00034entrykWh/h2021-11-01T01:00:00Z2021-12-01T01:00:00Z_NA895,1,Physical Flow,hour,2021-11-07T10:00:00+01:00,2021-11-07T11:00:00+01:00,BE-TSO-0001,21X-BE-A-A0A0A-Y,Fluxys Belgium,FNC-00034,Final consumers (BE) (Fluxys) Industrial clients L-zone,21Y000000000045A,entry,kWh/h,No injection in transmission network from Industiral clients,,,2025-02-20T13:19:03+01:00,,,,,,,,1,2021-10-01T01:00:00+02:00,,,,,
1Physical FlowhourBE-TSO-0001FNC-00034entrykWh/h2021-11-01T01:00:00Z2021-12-01T01:00:00Z_NA896,1,Physical Flow,hour,2021-11-07T11:00:00+01:00,2021-11-07T12:00:00+01:00,BE-TSO-0001,21X-BE-A-A0A0A-Y,Fluxys Belgium,FNC-00034,Final consumers (BE) (Fluxys) Industrial clients L-zone,21Y000000000045A,entry,kWh/h,No injection in transmission network from Industiral clients,,,2025-02-20T13:19:03+01:00,,,,,,,,1,2021-10-01T01:00:00+02:00,,,,,
1Physical FlowhourBE-TSO-0001FNC-00034entrykWh/h2021-11-01T01:00:00Z2021-12-01T01:00:00Z_NA897,1,Physical Flow,hour,2021-11-07T12:00:00+01:00,2021-11-07T13:00:00+01:00,BE-TSO-0001,21X-BE-A-A0A0A-Y,Fluxys Belgium,FNC-00034,Final consumers (BE) (Fluxys) Industrial clients L-zone,21Y000000000045A,entry,kWh/h,No injection in transmission network from Industiral clients,,,2025-02-20T13:19:03+01:00,,,,,,,,1,2021-10-01T01:00:00+02:00,,,,,
1Physical FlowhourBE-TSO-0001FNC-00034entrykWh/h2021-11-01T01:00:00Z2021-12-01T01:00:00Z_NA898,1,Physical Flow,hour,2021-11-07T13:00:00+01:00,2021-11-07T14:00:00+01:00,BE-TSO-0001,21X-BE-A-A0A0A-Y,Fluxys Belgium,FNC-00034,Final consumers (BE) (Fluxys) Industrial clients L-zone,21Y000000000045A,entry,kWh/h,No injection in transmission network from Industiral clients,,,2025-02-20T13:19:03+01:00,,,,,,,,1,2021-10-01T01:00:00+02:00,,,,,
1Physical FlowhourBE-TSO-0001FNC-00034entrykWh/h2021-11-01T01:00:00Z2021-12-01T01:00:00Z_NA899,1,Physical Flow,hour,2021-11-07T14:00:00+01:00,2021-11-07T15:00:00+01:00,BE-TSO-0001,21X-BE-A-A0A0A-Y,Fluxys Belgium,FNC-00034,Final consumers (BE) (Fluxys) Industrial clients L-zone,21Y000000000045A,entry,kWh/h,No injection in transmission network from Industiral clients,,,2025-02-20T13:19:03+01:00,,,,,,,,1,2021-10-01T01:00:00+02:00,,,,,
1Physical FlowhourBE-TSO-0001FNC-00034entrykWh/h2021-11-01T01:00:00Z2021-12-01T01:00:00Z_NA900,1,Physical Flow,hour,2021-11-07T15:00:00+01:00,2021-11-07T16:00:00+01:00,BE-TSO-0001,21X-BE-A-A0A0A-Y,Fluxys Belgium,FNC-00034,Final consumers (BE) (Fluxys) Industrial clients L-zone,21Y000000000045A,entry,kWh/h,No injection in transmission network from Industiral clients,,,2025-02-20T13:19:03+01:00,,,,,,,,1,2021-10-01T01:00:00+02:00,,,,,
1Physical FlowhourBE-TSO-0001FNC-00034entrykWh/h2021-11-01T01:00:00Z2021-12-01T01:00:00Z_NA901,1,Physical Flow,hour,2021-11-07T16:00:00+01:00,2021-11-07T17:00:00+01:00,BE-TSO-0001,21X-BE-A-A0A0A-Y,Fluxys Belgium,FNC-00034,Final consumers (BE) (Fluxys) Industrial clients L-zone,21Y000000000045A,entry,kWh/h,No injection in transmission network from Industiral clients,,,2025-02-20T13:19:03+01:00,,,,,,,,1,2021-10-01T01:00:00+02:00,,,,,
1Physical FlowhourBE-TSO-0001FNC-00034entrykWh/h2021-11-01T01:00:00Z2021-12-01T01:00:00Z_NA902,1,Physical Flow,hour,2021-11-07T17:00:00+01:00,2021-11-07T18:00:00+01:00,BE-TSO-0001,21X-BE-A-A0A0A-Y,Fluxys Belgium,FNC-00034,Final consumers (BE) (Fluxys) Industrial clients L-zone,21Y000000000045A,entry,kWh/h,No injection in transmission network from Industiral clients,,,2025-02-20T13:19:03+01:00,,,,,,,,1,2021-10-01T01:00:00+02:00,,,,,
1Physical FlowhourBE-TSO-0001FNC-00034entrykWh/h2021-11-01T01:00:00Z2021-12-01T01:00:00Z_NA903,1,Physical Flow,hour,2021-11-07T18:00:00+01:00,2021-11-07T19:00:00+01:00,BE-TSO-0001,21X-BE-A-A0A0A-Y,Fluxys Belgium,FNC-00034,Final consumers (BE) (Fluxys) Industrial clients L-zone,21Y000000000045A,entry,kWh/h,No injection in transmission network from Industiral clients,,,2025-02-20T13:19:03+01:00,,,,,,,,1,2021-10-01T01:00:00+02:00,,,,,
1Physical FlowhourBE-TSO-0001FNC-00034entrykWh/h2021-11-01T01:00:00Z2021-12-01T01:00:00Z_NA904,1,Physical Flow,hour,2021-11-07T19:00:00+01:00,2021-11-07T20:00:00+01:00,BE-TSO-0001,21X-BE-A-A0A0A-Y,Fluxys Belgium,FNC-00034,Final consumers (BE) (Fluxys) Industrial clients L-zone,21Y000000000045A,entry,kWh/h,No injection in transmission network from Industiral clients,,,2025-02-20T13:19:03+01:00,,,,,,,,1,2021-10-01T01:00:00+02:00,,,,,
1Physical FlowhourBE-TSO-0001FNC-00034entrykWh/h2021-11-01T01:00:00Z2021-12-01T01:00:00Z_NA905,1,Physical Flow,hour,2021-11-07T20:00:00+01:00,2021-11-07T21:00:00+01:00,BE-TSO-0001,21X-BE-A-A0A0A-Y,Fluxys Belgium,FNC-00034,Final consumers (BE) (Fluxys) Industrial clients L-zone,21Y000000000045A,entry,kWh/h,No injection in transmission network from Industiral clients,,,2025-02-20T13:19:03+01:00,,,,,,,,1,2021-10-01T01:00:00+02:00,,,,,
1Physical FlowhourBE-TSO-0001FNC-00034entrykWh/h2021-11-01T01:00:00Z2021-12-01T01:00:00Z_NA906,1,Physical Flow,hour,2021-11-07T21:00:00+01:00,2021-11-07T22:00:00+01:00,BE-TSO-0001,21X-BE-A-A0A0A-Y,Fluxys Belgium,FNC-00034,Final consumers (BE) (Fluxys) Industrial clients L-zone,21Y000000000045A,entry,kWh/h,No injection in transmission network from Industiral clients,,,2025-02-20T13:19:03+01:00,,,,,,,,1,2021-10-01T01:00:00+02:00,,,,,
1Physical FlowhourBE-TSO-0001FNC-00034entrykWh/h2021-11-01T01:00:00Z2021-12-01T01:00:00Z_NA907,1,Physical Flow,hour,2021-11-07T22:00:00+01:00,2021-11-07T23:00:00+01:00,BE-TSO-0001,21X-BE-A-A0A0A-Y,Fluxys Belgium,FNC-00034,Final consumers (BE) (Fluxys) Industrial clients L-zone,21Y000000000045A,entry,kWh/h,No injection in transmission network from Industiral clients,,,2025-02-20T13:19:03+01:00,,,,,,,,1,2021-10-01T01:00:00+02:00,,,,,
1Physical FlowhourBE-TSO-0001FNC-00034entrykWh/h2021-11-01T01:00:00Z2021-12-01T01:00:00Z_NA908,1,Physical Flow,hour,2021-11-07T23:00:00+01:00,2021-11-08T00:00:00+01:00,BE-TSO-0001,21X-BE-A-A0A0A-Y,Fluxys Belgium,FNC-00034,Final consumers (BE) (Fluxys) Industrial clients L-zone,21Y000000000045A,entry,kWh/h,No injection in transmission network from Industiral clients,,,2025-02-20T13:19:03+01:00,,,,,,,,1,2021-10-01T01:00:00+02:00,,,,,
1Physical FlowhourBE-TSO-0001FNC-00034entrykWh/h2021-11-01T01:00:00Z2021-12-01T01:00:00Z_NA909,1,Physical Flow,hour,2021-11-08T00:00:00+01:00,2021-11-08T01:00:00+01:00,BE-TSO-0001,21X-BE-A-A0A0A-Y,Fluxys Belgium,FNC-00034,Final consumers (BE) (Fluxys) Industrial clients L-zone,21Y000000000045A,entry,kWh/h,No injection in transmission network from Industiral clients,,,2025-02-20T13:19:03+01:00,,,,,,,,1,2021-10-01T01:00:00+02:00,,,,,
1Physical FlowhourBE-TSO-0001FNC-00034entrykWh/h2021-11-01T01:00:00Z2021-12-01T01:00:00Z_NA910,1,Physical Flow,hour,2021-11-08T01:00:00+01:00,2021-11-08T02:00:00+01:00,BE-TSO-0001,21X-BE-A-A0A0A-Y,Fluxys Belgium,FNC-00034,Final consumers (BE) (Fluxys) Industrial clients L-zone,21Y000000000045A,entry,kWh/h,No injection in transmission network from Industiral clients,,,2025-02-20T13:19:03+01:00,,,,,,,,1,2021-10-01T01:00:00+02:00,,,,,
1Physical FlowhourBE-TSO-0001FNC-00034entrykWh/h2021-11-01T01:00:00Z2021-12-01T01:00:00Z_NA911,1,Physical Flow,hour,2021-11-08T02:00:00+01:00,2021-11-08T03:00:00+01:00,BE-TSO-0001,21X-BE-A-A0A0A-Y,Fluxys Belgium,FNC-00034,Final consumers (BE) (Fluxys) Industrial clients L-zone,21Y000000000045A,entry,kWh/h,No injection in transmission network from Industiral clients,,,2025-02-20T13:19:03+01:00,,,,,,,,1,2021-10-01T01:00:00+02:00,,,,,
1Physical FlowhourBE-TSO-0001FNC-00034entrykWh/h2021-11-01T01:00:00Z2021-12-01T01:00:00Z_NA912,1,Physical Flow,hour,2021-11-08T03:00:00+01:00,2021-11-08T04:00:00+01:00,BE-TSO-0001,21X-BE-A-A0A0A-Y,Fluxys Belgium,FNC-00034,Final consumers (BE) (Fluxys) Industrial clients L-zone,21Y000000000045A,entry,kWh/h,No injection in transmission network from Industiral clients,,,2025-02-20T13:19:03+01:00,,,,,,,,1,2021-10-01T01:00:00+02:00,,,,,
1Physical FlowhourBE-TSO-0001FNC-00034entrykWh/h2021-11-01T01:00:00Z2021-12-01T01:00:00Z_NA913,1,Physical Flow,hour,2021-11-08T04:00:00+01:00,2021-11-08T05:00:00+01:00,BE-TSO-0001,21X-BE-A-A0A0A-Y,Fluxys Belgium,FNC-00034,Final consumers (BE) (Fluxys) Industrial clients L-zone,21Y000000000045A,entry,kWh/h,No injection in transmission network from Industiral clients,,,2025-02-20T13:19:03+01:00,,,,,,,,1,2021-10-01T01:00:00+02:00,,,,,
1Physical FlowhourBE-TSO-0001FNC-00034entrykWh/h2021-11-01T01:00:00Z2021-12-01T01:00:00Z_NA914,1,Physical Flow,hour,2021-11-08T05:00:00+01:00,2021-11-08T06:00:00+01:00,BE-TSO-0001,21X-BE-A-A0A0A-Y,Fluxys Belgium,FNC-00034,Final consumers (BE) (Fluxys) Industrial clients L-zone,21Y000000000045A,entry,kWh/h,No injection in transmission network from Industiral clients,,,2025-02-20T13:19:03+01:00,,,,,,,,1,2021-10-01T01:00:00+02:00,,,,,
1Physical FlowhourBE-TSO-0001FNC-00034entrykWh/h2021-11-01T01:00:00Z2021-12-01T01:00:00Z_NA915,1,Physical Flow,hour,2021-11-08T06:00:00+01:00,2021-11-08T07:00:00+01:00,BE-TSO-0001,21X-BE-A-A0A0A-Y,Fluxys Belgium,FNC-00034,Final consumers (BE) (Fluxys) Industrial clients L-zone,21Y000000000045A,entry,kWh/h,No injection in transmission network from Industiral clients,,,2025-02-20T13:19:03+01:00,,,,,,,,1,2021-10-01T01:00:00+02:00,,,,,
1Physical FlowhourBE-TSO-0001FNC-00034entrykWh/h2021-11-01T01:00:00Z2021-12-01T01:00:00Z_NA916,1,Physical Flow,hour,2021-11-08T07:00:00+01:00,2021-11-08T08:00:00+01:00,BE-TSO-0001,21X-BE-A-A0A0A-Y,Fluxys Belgium,FNC-00034,Final consumers (BE) (Fluxys) Industrial clients L-zone,21Y000000000045A,entry,kWh/h,No injection in transmission network from Industiral clients,,,2025-02-20T13:19:03+01:00,,,,,,,,1,2021-10-01T01:00:00+02:00,,,,,
1Physical FlowhourBE-TSO-0001FNC-00034entrykWh/h2021-11-01T01:00:00Z2021-12-01T01:00:00Z_NA917,1,Physical Flow,hour,2021-11-08T08:00:00+01:00,2021-11-08T09:00:00+01:00,BE-TSO-0001,21X-BE-A-A0A0A-Y,Fluxys Belgium,FNC-00034,Final consumers (BE) (Fluxys) Industrial clients L-zone,21Y000000000045A,entry,kWh/h,No injection in transmission network from Industiral clients,,,2025-02-20T13:19:03+01:00,,,,,,,,1,2021-10-01T01:00:00+02:00,,,,,
1Physical FlowhourBE-TSO-0001FNC-00034entrykWh/h2021-11-01T01:00:00Z2021-12-01T01:00:00Z_NA918,1,Physical Flow,hour,2021-11-08T09:00:00+01:00,2021-11-08T10:00:00+01:00,BE-TSO-0001,21X-BE-A-A0A0A-Y,Fluxys Belgium,FNC-00034,Final consumers (BE) (Fluxys) Industrial clients L-zone,21Y000000000045A,entry,kWh/h,No injection in transmission network from Industiral clients,,,2025-02-20T13:19:03+01:00,,,,,,,,1,2021-10-01T01:00:00+02:00,,,,,
1Physical FlowhourBE-TSO-0001FNC-00034entrykWh/h2021-11-01T01:00:00Z2021-12-01T01:00:00Z_NA919,1,Physical Flow,hour,2021-11-08T10:00:00+01:00,2021-11-08T11:00:00+01:00,BE-TSO-0001,21X-BE-A-A0A0A-Y,Fluxys Belgium,FNC-00034,Final consumers (BE) (Fluxys) Industrial clients L-zone,21Y000000000045A,entry,kWh/h,No injection in transmission network from Industiral clients,,,2025-02-20T13:19:03+01:00,,,,,,,,1,2021-10-01T01:00:00+02:00,,,,,
1Physical FlowhourBE-TSO-0001FNC-00034entrykWh/h2021-11-01T01:00:00Z2021-12-01T01:00:00Z_NA920,1,Physical Flow,hour,2021-11-08T11:00:00+01:00,2021-11-08T12:00:00+01:00,BE-TSO-0001,21X-BE-A-A0A0A-Y,Fluxys Belgium,FNC-00034,Final consumers (BE) (Fluxys) Industrial clients L-zone,21Y000000000045A,entry,kWh/h,No injection in transmission network from Industiral clients,,,2025-02-20T13:19:03+01:00,,,,,,,,1,2021-10-01T01:00:00+02:00,,,,,
1Physical FlowhourBE-TSO-0001FNC-00034entrykWh/h2021-11-01T01:00:00Z2021-12-01T01:00:00Z_NA921,1,Physical Flow,hour,2021-11-08T12:00:00+01:00,2021-11-08T13:00:00+01:00,BE-TSO-0001,21X-BE-A-A0A0A-Y,Fluxys Belgium,FNC-00034,Final consumers (BE) (Fluxys) Industrial clients L-zone,21Y000000000045A,entry,kWh/h,No injection in transmission network from Industiral clients,,,2025-02-20T13:19:03+01:00,,,,,,,,1,2021-10-01T01:00:00+02:00,,,,,
1Physical FlowhourBE-TSO-0001FNC-00034entrykWh/h2021-11-01T01:00:00Z2021-12-01T01:00:00Z_NA922,1,Physical Flow,hour,2021-11-08T13:00:00+01:00,2021-11-08T14:00:00+01:00,BE-TSO-0001,21X-BE-A-A0A0A-Y,Fluxys Belgium,FNC-00034,Final consumers (BE) (Fluxys) Industrial clients L-zone,21Y000000000045A,entry,kWh/h,No injection in transmission network from Industiral clients,,,2025-02-20T13:19:03+01:00,,,,,,,,1,2021-10-01T01:00:00+02:00,,,,,
1Physical FlowhourBE-TSO-0001FNC-00034entrykWh/h2021-11-01T01:00:00Z2021-12-01T01:00:00Z_NA923,1,Physical Flow,hour,2021-11-08T14:00:00+01:00,2021-11-08T15:00:00+01:00,BE-TSO-0001,21X-BE-A-A0A0A-Y,Fluxys Belgium,FNC-00034,Final consumers (BE) (Fluxys) Industrial clients L-zone,21Y000000000045A,entry,kWh/h,No injection in transmission network from Industiral clients,,,2025-02-20T13:19:03+01:00,,,,,,,,1,2021-10-01T01:00:00+02:00,,,,,
1Physical FlowhourBE-TSO-0001FNC-00034entrykWh/h2021-11-01T01:00:00Z2021-12-01T01:00:00Z_NA924,1,Physical Flow,hour,2021-11-08T15:00:00+01:00,2021-11-08T16:00:00+01:00,BE-TSO-0001,21X-BE-A-A0A0A-Y,Fluxys Belgium,FNC-00034,Final consumers (BE) (Fluxys) Industrial clients L-zone,21Y000000000045A,entry,kWh/h,No injection in transmission network from Industiral clients,,,2025-02-20T13:19:03+01:00,,,,,,,,1,2021-10-01T01:00:00+02:00,,,,,
1Physical FlowhourBE-TSO-0001FNC-00034entrykWh/h2021-11-01T01:00:00Z2021-12-01T01:00:00Z_NA925,1,Physical Flow,hour,2021-11-08T16:00:00+01:00,2021-11-08T17:00:00+01:00,BE-TSO-0001,21X-BE-A-A0A0A-Y,Fluxys Belgium,FNC-00034,Final consumers (BE) (Fluxys) Industrial clients L-zone,21Y000000000045A,entry,kWh/h,No injection in transmission network from Industiral clients,,,2025-02-20T13:19:03+01:00,,,,,,,,1,2021-10-01T01:00:00+02:00,,,,,
1Physical FlowhourBE-TSO-0001FNC-00034entrykWh/h2021-11-01T01:00:00Z2021-12-01T01:00:00Z_NA926,1,Physical Flow,hour,2021-11-08T17:00:00+01:00,2021-11-08T18:00:00+01:00,BE-TSO-0001,21X-BE-A-A0A0A-Y,Fluxys Belgium,FNC-00034,Final consumers (BE) (Fluxys) Industrial clients L-zone,21Y000000000045A,entry,kWh/h,No injection in transmission network from Industiral clients,,,2025-02-20T13:19:03+01:00,,,,,,,,1,2021-10-01T01:00:00+02:00,,,,,
1Physical FlowhourBE-TSO-0001FNC-00034entrykWh/h2021-11-01T01:00:00Z2021-12-01T01:00:00Z_NA927,1,Physical Flow,hour,2021-11-08T18:00:00+01:00,2021-11-08T19:00:00+01:00,BE-TSO-0001,21X-BE-A-A0A0A-Y,Fluxys Belgium,FNC-00034,Final consumers (BE) (Fluxys) Industrial clients L-zone,21Y000000000045A,entry,kWh/h,No injection in transmission network from Industiral clients,,,2025-02-20T13:19:03+01:00,,,,,,,,1,2021-10-01T01:00:00+02:00,,,,,
1Physical FlowhourBE-TSO-0001FNC-00034entrykWh/h2021-11-01T01:00:00Z2021-12-01T01:00:00Z_NA928,1,Physical Flow,hour,2021-11-08T19:00:00+01:00,2021-11-08T20:00:00+01:00,BE-TSO-0001,21X-BE-A-A0A0A-Y,Fluxys Belgium,FNC-00034,Final consumers (BE) (Fluxys) Industrial clients L-zone,21Y000000000045A,entry,kWh/h,No injection in transmission network from Industiral clients,,,2025-02-20T13:19:03+01:00,,,,,,,,1,2021-10-01T01:00:00+02:00,,,,,
1Physical FlowhourBE-TSO-0001FNC-00034entrykWh/h2021-11-01T01:00:00Z2021-12-01T01:00:00Z_NA929,1,Physical Flow,hour,2021-11-08T20:00:00+01:00,2021-11-08T21:00:00+01:00,BE-TSO-0001,21X-BE-A-A0A0A-Y,Fluxys Belgium,FNC-00034,Final consumers (BE) (Fluxys) Industrial clients L-zone,21Y000000000045A,entry,kWh/h,No injection in transmission network from Industiral clients,,,2025-02-20T13:19:03+01:00,,,,,,,,1,2021-10-01T01:00:00+02:00,,,,,
1Physical FlowhourBE-TSO-0001FNC-00034entrykWh/h2021-11-01T01:00:00Z2021-12-01T01:00:00Z_NA930,1,Physical Flow,hour,2021-11-08T21:00:00+01:00,2021-11-08T22:00:00+01:00,BE-TSO-0001,21X-BE-A-A0A0A-Y,Fluxys Belgium,FNC-00034,Final consumers (BE) (Fluxys) Industrial clients L-zone,21Y000000000045A,entry,kWh/h,No injection in transmission network from Industiral clients,,,2025-02-20T13:19:03+01:00,,,,,,,,1,2021-10-01T01:00:00+02:00,,,,,
1Physical FlowhourBE-TSO-0001FNC-00034entrykWh/h2021-11-01T01:00:00Z2021-12-01T01:00:00Z_NA931,1,Physical Flow,hour,2021-11-08T22:00:00+01:00,2021-11-08T23:00:00+01:00,BE-TSO-0001,21X-BE-A-A0A0A-Y,Fluxys Belgium,FNC-00034,Final consumers (BE) (Fluxys) Industrial clients L-zone,21Y000000000045A,entry,kWh/h,No injection in transmission network from Industiral clients,,,2025-02-20T13:19:03+01:00,,,,,,,,1,2021-10-01T01:00:00+02:00,,,,,
1Physical FlowhourBE-TSO-0001FNC-00034entrykWh/h2021-11-01T01:00:00Z2021-12-01T01:00:00Z_NA932,1,Physical Flow,hour,2021-11-08T23:00:00+01:00,2021-11-09T00:00:00+01:00,BE-TSO-0001,21X-BE-A-A0A0A-Y,Fluxys Belgium,FNC-00034,Final consumers (BE) (Fluxys) Industrial clients L-zone,21Y000000000045A,entry,kWh/h,No injection in transmission network from Industiral clients,,,2025-02-20T13:19:03+01:00,,,,,,,,1,2021-10-01T01:00:00+02:00,,,,,
1Physical FlowhourBE-TSO-0001FNC-00034entrykWh/h2021-11-01T01:00:00Z2021-12-01T01:00:00Z_NA933,1,Physical Flow,hour,2021-11-09T00:00:00+01:00,2021-11-09T01:00:00+01:00,BE-TSO-0001,21X-BE-A-A0A0A-Y,Fluxys Belgium,FNC-00034,Final consumers (BE) (Fluxys) Industrial clients L-zone,21Y000000000045A,entry,kWh/h,No injection in transmission network from Industiral clients,,,2025-02-20T13:19:03+01:00,,,,,,,,1,2021-10-01T01:00:00+02:00,,,,,
1Physical FlowhourBE-TSO-0001FNC-00034entrykWh/h2021-11-01T01:00:00Z2021-12-01T01:00:00Z_NA934,1,Physical Flow,hour,2021-11-09T01:00:00+01:00,2021-11-09T02:00:00+01:00,BE-TSO-0001,21X-BE-A-A0A0A-Y,Fluxys Belgium,FNC-00034,Final consumers (BE) (Fluxys) Industrial clients L-zone,21Y000000000045A,entry,kWh/h,No injection in transmission network from Industiral clients,,,2025-02-20T13:19:03+01:00,,,,,,,,1,2021-10-01T01:00:00+02:00,,,,,
1Physical FlowhourBE-TSO-0001FNC-00034entrykWh/h2021-11-01T01:00:00Z2021-12-01T01:00:00Z_NA935,1,Physical Flow,hour,2021-11-09T02:00:00+01:00,2021-11-09T03:00:00+01:00,BE-TSO-0001,21X-BE-A-A0A0A-Y,Fluxys Belgium,FNC-00034,Final consumers (BE) (Fluxys) Industrial clients L-zone,21Y000000000045A,entry,kWh/h,No injection in transmission network from Industiral clients,,,2025-02-20T13:19:03+01:00,,,,,,,,1,2021-10-01T01:00:00+02:00,,,,,
1Physical FlowhourBE-TSO-0001FNC-00034entrykWh/h2021-11-01T01:00:00Z2021-12-01T01:00:00Z_NA936,1,Physical Flow,hour,2021-11-09T03:00:00+01:00,2021-11-09T04:00:00+01:00,BE-TSO-0001,21X-BE-A-A0A0A-Y,Fluxys Belgium,FNC-00034,Final consumers (BE) (Fluxys) Industrial clients L-zone,21Y000000000045A,entry,kWh/h,No injection in transmission network from Industiral clients,,,2025-02-20T13:19:03+01:00,,,,,,,,1,2021-10-01T01:00:00+02:00,,,,,
1Physical FlowhourBE-TSO-0001FNC-00034entrykWh/h2021-11-01T01:00:00Z2021-12-01T01:00:00Z_NA937,1,Physical Flow,hour,2021-11-09T04:00:00+01:00,2021-11-09T05:00:00+01:00,BE-TSO-0001,21X-BE-A-A0A0A-Y,Fluxys Belgium,FNC-00034,Final consumers (BE) (Fluxys) Industrial clients L-zone,21Y000000000045A,entry,kWh/h,No injection in transmission network from Industiral clients,,,2025-02-20T13:19:03+01:00,,,,,,,,1,2021-10-01T01:00:00+02:00,,,,,
1Physical FlowhourBE-TSO-0001FNC-00034entrykWh/h2021-11-01T01:00:00Z2021-12-01T01:00:00Z_NA938,1,Physical Flow,hour,2021-11-09T05:00:00+01:00,2021-11-09T06:00:00+01:00,BE-TSO-0001,21X-BE-A-A0A0A-Y,Fluxys Belgium,FNC-00034,Final consumers (BE) (Fluxys) Industrial clients L-zone,21Y000000000045A,entry,kWh/h,No injection in transmission network from Industiral clients,,,2025-02-20T13:19:03+01:00,,,,,,,,1,2021-10-01T01:00:00+02:00,,,,,
1Physical FlowhourBE-TSO-0001FNC-00034entrykWh/h2021-11-01T01:00:00Z2021-12-01T01:00:00Z_NA939,1,Physical Flow,hour,2021-11-09T06:00:00+01:00,2021-11-09T07:00:00+01:00,BE-TSO-0001,21X-BE-A-A0A0A-Y,Fluxys Belgium,FNC-00034,Final consumers (BE) (Fluxys) Industrial clients L-zone,21Y000000000045A,entry,kWh/h,No injection in transmission network from Industiral clients,,,2025-02-20T13:19:03+01:00,,,,,,,,1,2021-10-01T01:00:00+02:00,,,,,
1Physical FlowhourBE-TSO-0001FNC-00034entrykWh/h2021-11-01T01:00:00Z2021-12-01T01:00:00Z_NA940,1,Physical Flow,hour,2021-11-09T07:00:00+01:00,2021-11-09T08:00:00+01:00,BE-TSO-0001,21X-BE-A-A0A0A-Y,Fluxys Belgium,FNC-00034,Final consumers (BE) (Fluxys) Industrial clients L-zone,21Y000000000045A,entry,kWh/h,No injection in transmission network from Industiral clients,,,2025-02-20T13:19:03+01:00,,,,,,,,1,2021-10-01T01:00:00+02:00,,,,,
1Physical FlowhourBE-TSO-0001FNC-00034entrykWh/h2021-11-01T01:00:00Z2021-12-01T01:00:00Z_NA941,1,Physical Flow,hour,2021-11-09T08:00:00+01:00,2021-11-09T09:00:00+01:00,BE-TSO-0001,21X-BE-A-A0A0A-Y,Fluxys Belgium,FNC-00034,Final consumers (BE) (Fluxys) Industrial clients L-zone,21Y000000000045A,entry,kWh/h,No injection in transmission network from Industiral clients,,,2025-02-20T13:19:03+01:00,,,,,,,,1,2021-10-01T01:00:00+02:00,,,,,
1Physical FlowhourBE-TSO-0001FNC-00034entrykWh/h2021-11-01T01:00:00Z2021-12-01T01:00:00Z_NA942,1,Physical Flow,hour,2021-11-09T09:00:00+01:00,2021-11-09T10:00:00+01:00,BE-TSO-0001,21X-BE-A-A0A0A-Y,Fluxys Belgium,FNC-00034,Final consumers (BE) (Fluxys) Industrial clients L-zone,21Y000000000045A,entry,kWh/h,No injection in transmission network from Industiral clients,,,2025-02-20T13:19:03+01:00,,,,,,,,1,2021-10-01T01:00:00+02:00,,,,,
1Physical FlowhourBE-TSO-0001FNC-00034entrykWh/h2021-11-01T01:00:00Z2021-12-01T01:00:00Z_NA943,1,Physical Flow,hour,2021-11-09T10:00:00+01:00,2021-11-09T11:00:00+01:00,BE-TSO-0001,21X-BE-A-A0A0A-Y,Fluxys Belgium,FNC-00034,Final consumers (BE) (Fluxys) Industrial clients L-zone,21Y000000000045A,entry,kWh/h,No injection in transmission network from Industiral clients,,,2025-02-20T13:19:03+01:00,,,,,,,,1,2021-10-01T01:00:00+02:00,,,,,
1Physical FlowhourBE-TSO-0001FNC-00034entrykWh/h2021-11-01T01:00:00Z2021-12-01T01:00:00Z_NA944,1,Physical Flow,hour,2021-11-09T11:00:00+01:00,2021-11-09T12:00:00+01:00,BE-TSO-0001,21X-BE-A-A0A0A-Y,Fluxys Belgium,FNC-00034,Final consumers (BE) (Fluxys) Industrial clients L-zone,21Y000000000045A,entry,kWh/h,No injection in transmission network from Industiral clients,,,2025-02-20T13:19:03+01:00,,,,,,,,1,2021-10-01T01:00:00+02:00,,,,,
1Physical FlowhourBE-TSO-0001FNC-00034entrykWh/h2021-11-01T01:00:00Z2021-12-01T01:00:00Z_NA945,1,Physical Flow,hour,2021-11-09T12:00:00+01:00,2021-11-09T13:00:00+01:00,BE-TSO-0001,21X-BE-A-A0A0A-Y,Fluxys Belgium,FNC-00034,Final consumers (BE) (Fluxys) Industrial clients L-zone,21Y000000000045A,entry,kWh/h,No injection in transmission network from Industiral clients,,,2025-02-20T13:19:03+01:00,,,,,,,,1,2021-10-01T01:00:00+02:00,,,,,
1Physical FlowhourBE-TSO-0001FNC-00034entrykWh/h2021-11-01T01:00:00Z2021-12-01T01:00:00Z_NA946,1,Physical Flow,hour,2021-11-09T13:00:00+01:00,2021-11-09T14:00:00+01:00,BE-TSO-0001,21X-BE-A-A0A0A-Y,Fluxys Belgium,FNC-00034,Final consumers (BE) (Fluxys) Industrial clients L-zone,21Y000000000045A,entry,kWh/h,No injection in transmission network from Industiral clients,,,2025-02-20T13:19:03+01:00,,,,,,,,1,2021-10-01T01:00:00+02:00,,,,,
1Physical FlowhourBE-TSO-0001FNC-00034entrykWh/h2021-11-01T01:00:00Z2021-12-01T01:00:00Z_NA947,1,Physical Flow,hour,2021-11-09T14:00:00+01:00,2021-11-09T15:00:00+01:00,BE-TSO-0001,21X-BE-A-A0A0A-Y,Fluxys Belgium,FNC-00034,Final consumers (BE) (Fluxys) Industrial clients L-zone,21Y000000000045A,entry,kWh/h,No injection in transmission network from Industiral clients,,,2025-02-20T13:19:03+01:00,,,,,,,,1,2021-10-01T01:00:00+02:00,,,,,
1Physical FlowhourBE-TSO-0001FNC-00034entrykWh/h2021-11-01T01:00:00Z2021-12-01T01:00:00Z_NA948,1,Physical Flow,hour,2021-11-09T15:00:00+01:00,2021-11-09T16:00:00+01:00,BE-TSO-0001,21X-BE-A-A0A0A-Y,Fluxys Belgium,FNC-00034,Final consumers (BE) (Fluxys) Industrial clients L-zone,21Y000000000045A,entry,kWh/h,No injection in transmission network from Industiral clients,,,2025-02-20T13:19:03+01:00,,,,,,,,1,2021-10-01T01:00:00+02:00,,,,,
1Physical FlowhourBE-TSO-0001FNC-00034entrykWh/h2021-11-01T01:00:00Z2021-12-01T01:00:00Z_NA949,1,Physical Flow,hour,2021-11-09T16:00:00+01:00,2021-11-09T17:00:00+01:00,BE-TSO-0001,21X-BE-A-A0A0A-Y,Fluxys Belgium,FNC-00034,Final consumers (BE) (Fluxys) Industrial clients L-zone,21Y000000000045A,entry,kWh/h,No injection in transmission network from Industiral clients,,,2025-02-20T13:19:03+01:00,,,,,,,,1,2021-10-01T01:00:00+02:00,,,,,
1Physical FlowhourBE-TSO-0001FNC-00034entrykWh/h2021-11-01T01:00:00Z2021-12-01T01:00:00Z_NA950,1,Physical Flow,hour,2021-11-09T17:00:00+01:00,2021-11-09T18:00:00+01:00,BE-TSO-0001,21X-BE-A-A0A0A-Y,Fluxys Belgium,FNC-00034,Final consumers (BE) (Fluxys) Industrial clients L-zone,21Y000000000045A,entry,kWh/h,No injection in transmission network from Industiral clients,,,2025-02-20T13:19:03+01:00,,,,,,,,1,2021-10-01T01:00:00+02:00,,,,,
1Physical FlowhourBE-TSO-0001FNC-00034entrykWh/h2021-11-01T01:00:00Z2021-12-01T01:00:00Z_NA951,1,Physical Flow,hour,2021-11-09T18:00:00+01:00,2021-11-09T19:00:00+01:00,BE-TSO-0001,21X-BE-A-A0A0A-Y,Fluxys Belgium,FNC-00034,Final consumers (BE) (Fluxys) Industrial clients L-zone,21Y000000000045A,entry,kWh/h,No injection in transmission network from Industiral clients,,,2025-02-20T13:19:03+01:00,,,,,,,,1,2021-10-01T01:00:00+02:00,,,,,
1Physical FlowhourBE-TSO-0001FNC-00034entrykWh/h2021-11-01T01:00:00Z2021-12-01T01:00:00Z_NA952,1,Physical Flow,hour,2021-11-09T19:00:00+01:00,2021-11-09T20:00:00+01:00,BE-TSO-0001,21X-BE-A-A0A0A-Y,Fluxys Belgium,FNC-00034,Final consumers (BE) (Fluxys) Industrial clients L-zone,21Y000000000045A,entry,kWh/h,No injection in transmission network from Industiral clients,,,2025-02-20T13:19:03+01:00,,,,,,,,1,2021-10-01T01:00:00+02:00,,,,,
1Physical FlowhourBE-TSO-0001FNC-00034entrykWh/h2021-11-01T01:00:00Z2021-12-01T01:00:00Z_NA953,1,Physical Flow,hour,2021-11-09T20:00:00+01:00,2021-11-09T21:00:00+01:00,BE-TSO-0001,21X-BE-A-A0A0A-Y,Fluxys Belgium,FNC-00034,Final consumers (BE) (Fluxys) Industrial clients L-zone,21Y000000000045A,entry,kWh/h,No injection in transmission network from Industiral clients,,,2025-02-20T13:19:03+01:00,,,,,,,,1,2021-10-01T01:00:00+02:00,,,,,
1Physical FlowhourBE-TSO-0001FNC-00034entrykWh/h2021-11-01T01:00:00Z2021-12-01T01:00:00Z_NA954,1,Physical Flow,hour,2021-11-09T21:00:00+01:00,2021-11-09T22:00:00+01:00,BE-TSO-0001,21X-BE-A-A0A0A-Y,Fluxys Belgium,FNC-00034,Final consumers (BE) (Fluxys) Industrial clients L-zone,21Y000000000045A,entry,kWh/h,No injection in transmission network from Industiral clients,,,2025-02-20T13:19:03+01:00,,,,,,,,1,2021-10-01T01:00:00+02:00,,,,,
1Physical FlowhourBE-TSO-0001FNC-00034entrykWh/h2021-11-01T01:00:00Z2021-12-01T01:00:00Z_NA955,1,Physical Flow,hour,2021-11-09T22:00:00+01:00,2021-11-09T23:00:00+01:00,BE-TSO-0001,21X-BE-A-A0A0A-Y,Fluxys Belgium,FNC-00034,Final consumers (BE) (Fluxys) Industrial clients L-zone,21Y000000000045A,entry,kWh/h,No injection in transmission network from Industiral clients,,,2025-02-20T13:19:03+01:00,,,,,,,,1,2021-10-01T01:00:00+02:00,,,,,
1Physical FlowhourBE-TSO-0001FNC-00034entrykWh/h2021-11-01T01:00:00Z2021-12-01T01:00:00Z_NA956,1,Physical Flow,hour,2021-11-09T23:00:00+01:00,2021-11-10T00:00:00+01:00,BE-TSO-0001,21X-BE-A-A0A0A-Y,Fluxys Belgium,FNC-00034,Final consumers (BE) (Fluxys) Industrial clients L-zone,21Y000000000045A,entry,kWh/h,No injection in transmission network from Industiral clients,,,2025-02-20T13:19:03+01:00,,,,,,,,1,2021-10-01T01:00:00+02:00,,,,,
1Physical FlowhourBE-TSO-0001FNC-00034entrykWh/h2021-11-01T01:00:00Z2021-12-01T01:00:00Z_NA957,1,Physical Flow,hour,2021-11-10T00:00:00+01:00,2021-11-10T01:00:00+01:00,BE-TSO-0001,21X-BE-A-A0A0A-Y,Fluxys Belgium,FNC-00034,Final consumers (BE) (Fluxys) Industrial clients L-zone,21Y000000000045A,entry,kWh/h,No injection in transmission network from Industiral clients,,,2025-02-20T13:19:03+01:00,,,,,,,,1,2021-10-01T01:00:00+02:00,,,,,
1Physical FlowhourBE-TSO-0001FNC-00034entrykWh/h2021-11-01T01:00:00Z2021-12-01T01:00:00Z_NA958,1,Physical Flow,hour,2021-11-10T01:00:00+01:00,2021-11-10T02:00:00+01:00,BE-TSO-0001,21X-BE-A-A0A0A-Y,Fluxys Belgium,FNC-00034,Final consumers (BE) (Fluxys) Industrial clients L-zone,21Y000000000045A,entry,kWh/h,No injection in transmission network from Industiral clients,,,2025-02-20T13:19:03+01:00,,,,,,,,1,2021-10-01T01:00:00+02:00,,,,,
1Physical FlowhourBE-TSO-0001FNC-00034entrykWh/h2021-11-01T01:00:00Z2021-12-01T01:00:00Z_NA959,1,Physical Flow,hour,2021-11-10T02:00:00+01:00,2021-11-10T03:00:00+01:00,BE-TSO-0001,21X-BE-A-A0A0A-Y,Fluxys Belgium,FNC-00034,Final consumers (BE) (Fluxys) Industrial clients L-zone,21Y000000000045A,entry,kWh/h,No injection in transmission network from Industiral clients,,,2025-02-20T13:19:03+01:00,,,,,,,,1,2021-10-01T01:00:00+02:00,,,,,
1Physical FlowhourBE-TSO-0001FNC-00034entrykWh/h2021-11-01T01:00:00Z2021-12-01T01:00:00Z_NA960,1,Physical Flow,hour,2021-11-10T03:00:00+01:00,2021-11-10T04:00:00+01:00,BE-TSO-0001,21X-BE-A-A0A0A-Y,Fluxys Belgium,FNC-00034,Final consumers (BE) (Fluxys) Industrial clients L-zone,21Y000000000045A,entry,kWh/h,No injection in transmission network from Industiral clients,,,2025-02-20T13:19:03+01:00,,,,,,,,1,2021-10-01T01:00:00+02:00,,,,,
1Physical FlowhourBE-TSO-0001FNC-00034entrykWh/h2021-11-01T01:00:00Z2021-12-01T01:00:00Z_NA961,1,Physical Flow,hour,2021-11-10T04:00:00+01:00,2021-11-10T05:00:00+01:00,BE-TSO-0001,21X-BE-A-A0A0A-Y,Fluxys Belgium,FNC-00034,Final consumers (BE) (Fluxys) Industrial clients L-zone,21Y000000000045A,entry,kWh/h,No injection in transmission network from Industiral clients,,,2025-02-20T13:19:03+01:00,,,,,,,,1,2021-10-01T01:00:00+02:00,,,,,
1Physical FlowhourBE-TSO-0001FNC-00034entrykWh/h2021-11-01T01:00:00Z2021-12-01T01:00:00Z_NA962,1,Physical Flow,hour,2021-11-10T05:00:00+01:00,2021-11-10T06:00:00+01:00,BE-TSO-0001,21X-BE-A-A0A0A-Y,Fluxys Belgium,FNC-00034,Final consumers (BE) (Fluxys) Industrial clients L-zone,21Y000000000045A,entry,kWh/h,No injection in transmission network from Industiral clients,,,2025-02-20T13:19:03+01:00,,,,,,,,1,2021-10-01T01:00:00+02:00,,,,,
1Physical FlowhourBE-TSO-0001FNC-00034entrykWh/h2021-11-01T01:00:00Z2021-12-01T01:00:00Z_NA963,1,Physical Flow,hour,2021-11-10T06:00:00+01:00,2021-11-10T07:00:00+01:00,BE-TSO-0001,21X-BE-A-A0A0A-Y,Fluxys Belgium,FNC-00034,Final consumers (BE) (Fluxys) Industrial clients L-zone,21Y000000000045A,entry,kWh/h,No injection in transmission network from Industiral clients,,,2025-02-20T13:19:03+01:00,,,,,,,,1,2021-10-01T01:00:00+02:00,,,,,
1Physical FlowhourBE-TSO-0001FNC-00034entrykWh/h2021-11-01T01:00:00Z2021-12-01T01:00:00Z_NA964,1,Physical Flow,hour,2021-11-10T07:00:00+01:00,2021-11-10T08:00:00+01:00,BE-TSO-0001,21X-BE-A-A0A0A-Y,Fluxys Belgium,FNC-00034,Final consumers (BE) (Fluxys) Industrial clients L-zone,21Y000000000045A,entry,kWh/h,No injection in transmission network from Industiral clients,,,2025-02-20T13:19:03+01:00,,,,,,,,1,2021-10-01T01:00:00+02:00,,,,,
1Physical FlowhourBE-TSO-0001FNC-00034entrykWh/h2021-11-01T01:00:00Z2021-12-01T01:00:00Z_NA965,1,Physical Flow,hour,2021-11-10T08:00:00+01:00,2021-11-10T09:00:00+01:00,BE-TSO-0001,21X-BE-A-A0A0A-Y,Fluxys Belgium,FNC-00034,Final consumers (BE) (Fluxys) Industrial clients L-zone,21Y000000000045A,entry,kWh/h,No injection in transmission network from Industiral clients,,,2025-02-20T13:19:03+01:00,,,,,,,,1,2021-10-01T01:00:00+02:00,,,,,
1Physical FlowhourBE-TSO-0001FNC-00034entrykWh/h2021-11-01T01:00:00Z2021-12-01T01:00:00Z_NA966,1,Physical Flow,hour,2021-11-10T09:00:00+01:00,2021-11-10T10:00:00+01:00,BE-TSO-0001,21X-BE-A-A0A0A-Y,Fluxys Belgium,FNC-00034,Final consumers (BE) (Fluxys) Industrial clients L-zone,21Y000000000045A,entry,kWh/h,No injection in transmission network from Industiral clients,,,2025-02-20T13:19:03+01:00,,,,,,,,1,2021-10-01T01:00:00+02:00,,,,,
1Physical FlowhourBE-TSO-0001FNC-00034entrykWh/h2021-11-01T01:00:00Z2021-12-01T01:00:00Z_NA967,1,Physical Flow,hour,2021-11-10T10:00:00+01:00,2021-11-10T11:00:00+01:00,BE-TSO-0001,21X-BE-A-A0A0A-Y,Fluxys Belgium,FNC-00034,Final consumers (BE) (Fluxys) Industrial clients L-zone,21Y000000000045A,entry,kWh/h,No injection in transmission network from Industiral clients,,,2025-02-20T13:19:03+01:00,,,,,,,,1,2021-10-01T01:00:00+02:00,,,,,
1Physical FlowhourBE-TSO-0001FNC-00034entrykWh/h2021-11-01T01:00:00Z2021-12-01T01:00:00Z_NA968,1,Physical Flow,hour,2021-11-10T11:00:00+01:00,2021-11-10T12:00:00+01:00,BE-TSO-0001,21X-BE-A-A0A0A-Y,Fluxys Belgium,FNC-00034,Final consumers (BE) (Fluxys) Industrial clients L-zone,21Y000000000045A,entry,kWh/h,No injection in transmission network from Industiral clients,,,2025-02-20T13:19:03+01:00,,,,,,,,1,2021-10-01T01:00:00+02:00,,,,,
1Physical FlowhourBE-TSO-0001FNC-00034entrykWh/h2021-11-01T01:00:00Z2021-12-01T01:00:00Z_NA969,1,Physical Flow,hour,2021-11-10T12:00:00+01:00,2021-11-10T13:00:00+01:00,BE-TSO-0001,21X-BE-A-A0A0A-Y,Fluxys Belgium,FNC-00034,Final consumers (BE) (Fluxys) Industrial clients L-zone,21Y000000000045A,entry,kWh/h,No injection in transmission network from Industiral clients,,,2025-02-20T13:19:03+01:00,,,,,,,,1,2021-10-01T01:00:00+02:00,,,,,
1Physical FlowhourBE-TSO-0001FNC-00034entrykWh/h2021-11-01T01:00:00Z2021-12-01T01:00:00Z_NA970,1,Physical Flow,hour,2021-11-10T13:00:00+01:00,2021-11-10T14:00:00+01:00,BE-TSO-0001,21X-BE-A-A0A0A-Y,Fluxys Belgium,FNC-00034,Final consumers (BE) (Fluxys) Industrial clients L-zone,21Y000000000045A,entry,kWh/h,No injection in transmission network from Industiral clients,,,2025-02-20T13:19:03+01:00,,,,,,,,1,2021-10-01T01:00:00+02:00,,,,,
1Physical FlowhourBE-TSO-0001FNC-00034entrykWh/h2021-11-01T01:00:00Z2021-12-01T01:00:00Z_NA971,1,Physical Flow,hour,2021-11-10T14:00:00+01:00,2021-11-10T15:00:00+01:00,BE-TSO-0001,21X-BE-A-A0A0A-Y,Fluxys Belgium,FNC-00034,Final consumers (BE) (Fluxys) Industrial clients L-zone,21Y000000000045A,entry,kWh/h,No injection in transmission network from Industiral clients,,,2025-02-20T13:19:03+01:00,,,,,,,,1,2021-10-01T01:00:00+02:00,,,,,
1Physical FlowhourBE-TSO-0001FNC-00034entrykWh/h2021-11-01T01:00:00Z2021-12-01T01:00:00Z_NA972,1,Physical Flow,hour,2021-11-10T15:00:00+01:00,2021-11-10T16:00:00+01:00,BE-TSO-0001,21X-BE-A-A0A0A-Y,Fluxys Belgium,FNC-00034,Final consumers (BE) (Fluxys) Industrial clients L-zone,21Y000000000045A,entry,kWh/h,No injection in transmission network from Industiral clients,,,2025-02-20T13:19:03+01:00,,,,,,,,1,2021-10-01T01:00:00+02:00,,,,,
1Physical FlowhourBE-TSO-0001FNC-00034entrykWh/h2021-11-01T01:00:00Z2021-12-01T01:00:00Z_NA973,1,Physical Flow,hour,2021-11-10T16:00:00+01:00,2021-11-10T17:00:00+01:00,BE-TSO-0001,21X-BE-A-A0A0A-Y,Fluxys Belgium,FNC-00034,Final consumers (BE) (Fluxys) Industrial clients L-zone,21Y000000000045A,entry,kWh/h,No injection in transmission network from Industiral clients,,,2025-02-20T13:19:03+01:00,,,,,,,,1,2021-10-01T01:00:00+02:00,,,,,
1Physical FlowhourBE-TSO-0001FNC-00034entrykWh/h2021-11-01T01:00:00Z2021-12-01T01:00:00Z_NA974,1,Physical Flow,hour,2021-11-10T17:00:00+01:00,2021-11-10T18:00:00+01:00,BE-TSO-0001,21X-BE-A-A0A0A-Y,Fluxys Belgium,FNC-00034,Final consumers (BE) (Fluxys) Industrial clients L-zone,21Y000000000045A,entry,kWh/h,No injection in transmission network from Industiral clients,,,2025-02-20T13:19:03+01:00,,,,,,,,1,2021-10-01T01:00:00+02:00,,,,,
1Physical FlowhourBE-TSO-0001FNC-00034entrykWh/h2021-11-01T01:00:00Z2021-12-01T01:00:00Z_NA975,1,Physical Flow,hour,2021-11-10T18:00:00+01:00,2021-11-10T19:00:00+01:00,BE-TSO-0001,21X-BE-A-A0A0A-Y,Fluxys Belgium,FNC-00034,Final consumers (BE) (Fluxys) Industrial clients L-zone,21Y000000000045A,entry,kWh/h,No injection in transmission network from Industiral clients,,,2025-02-20T13:19:03+01:00,,,,,,,,1,2021-10-01T01:00:00+02:00,,,,,
1Physical FlowhourBE-TSO-0001FNC-00034entrykWh/h2021-11-01T01:00:00Z2021-12-01T01:00:00Z_NA976,1,Physical Flow,hour,2021-11-10T19:00:00+01:00,2021-11-10T20:00:00+01:00,BE-TSO-0001,21X-BE-A-A0A0A-Y,Fluxys Belgium,FNC-00034,Final consumers (BE) (Fluxys) Industrial clients L-zone,21Y000000000045A,entry,kWh/h,No injection in transmission network from Industiral clients,,,2025-02-20T13:19:03+01:00,,,,,,,,1,2021-10-01T01:00:00+02:00,,,,,
1Physical FlowhourBE-TSO-0001FNC-00034entrykWh/h2021-11-01T01:00:00Z2021-12-01T01:00:00Z_NA977,1,Physical Flow,hour,2021-11-10T20:00:00+01:00,2021-11-10T21:00:00+01:00,BE-TSO-0001,21X-BE-A-A0A0A-Y,Fluxys Belgium,FNC-00034,Final consumers (BE) (Fluxys) Industrial clients L-zone,21Y000000000045A,entry,kWh/h,No injection in transmission network from Industiral clients,,,2025-02-20T13:19:03+01:00,,,,,,,,1,2021-10-01T01:00:00+02:00,,,,,
1Physical FlowhourBE-TSO-0001FNC-00034entrykWh/h2021-11-01T01:00:00Z2021-12-01T01:00:00Z_NA978,1,Physical Flow,hour,2021-11-10T21:00:00+01:00,2021-11-10T22:00:00+01:00,BE-TSO-0001,21X-BE-A-A0A0A-Y,Fluxys Belgium,FNC-00034,Final consumers (BE) (Fluxys) Industrial clients L-zone,21Y000000000045A,entry,kWh/h,No injection in transmission network from Industiral clients,,,2025-02-20T13:19:03+01:00,,,,,,,,1,2021-10-01T01:00:00+02:00,,,,,
1Physical FlowhourBE-TSO-0001FNC-00034entrykWh/h2021-11-01T01:00:00Z2021-12-01T01:00:00Z_NA979,1,Physical Flow,hour,2021-11-10T22:00:00+01:00,2021-11-10T23:00:00+01:00,BE-TSO-0001,21X-BE-A-A0A0A-Y,Fluxys Belgium,FNC-00034,Final consumers (BE) (Fluxys) Industrial clients L-zone,21Y000000000045A,entry,kWh/h,No injection in transmission network from Industiral clients,,,2025-02-20T13:19:03+01:00,,,,,,,,1,2021-10-01T01:00:00+02:00,,,,,
1Physical FlowhourBE-TSO-0001FNC-00034entrykWh/h2021-11-01T01:00:00Z2021-12-01T01:00:00Z_NA980,1,Physical Flow,hour,2021-11-10T23:00:00+01:00,2021-11-11T00:00:00+01:00,BE-TSO-0001,21X-BE-A-A0A0A-Y,Fluxys Belgium,FNC-00034,Final consumers (BE) (Fluxys) Industrial clients L-zone,21Y000000000045A,entry,kWh/h,No injection in transmission network from Industiral clients,,,2025-02-20T13:19:03+01:00,,,,,,,,1,2021-10-01T01:00:00+02:00,,,,,
1Physical FlowhourBE-TSO-0001FNC-00034entrykWh/h2021-11-01T01:00:00Z2021-12-01T01:00:00Z_NA981,1,Physical Flow,hour,2021-11-11T00:00:00+01:00,2021-11-11T01:00:00+01:00,BE-TSO-0001,21X-BE-A-A0A0A-Y,Fluxys Belgium,FNC-00034,Final consumers (BE) (Fluxys) Industrial clients L-zone,21Y000000000045A,entry,kWh/h,No injection in transmission network from Industiral clients,,,2025-02-20T13:19:03+01:00,,,,,,,,1,2021-10-01T01:00:00+02:00,,,,,
1Physical FlowhourBE-TSO-0001FNC-00034entrykWh/h2021-11-01T01:00:00Z2021-12-01T01:00:00Z_NA982,1,Physical Flow,hour,2021-11-11T01:00:00+01:00,2021-11-11T02:00:00+01:00,BE-TSO-0001,21X-BE-A-A0A0A-Y,Fluxys Belgium,FNC-00034,Final consumers (BE) (Fluxys) Industrial clients L-zone,21Y000000000045A,entry,kWh/h,No injection in transmission network from Industiral clients,,,2025-02-20T13:19:03+01:00,,,,,,,,1,2021-10-01T01:00:00+02:00,,,,,
1Physical FlowhourBE-TSO-0001FNC-00034entrykWh/h2021-11-01T01:00:00Z2021-12-01T01:00:00Z_NA983,1,Physical Flow,hour,2021-11-11T02:00:00+01:00,2021-11-11T03:00:00+01:00,BE-TSO-0001,21X-BE-A-A0A0A-Y,Fluxys Belgium,FNC-00034,Final consumers (BE) (Fluxys) Industrial clients L-zone,21Y000000000045A,entry,kWh/h,No injection in transmission network from Industiral clients,,,2025-02-20T13:19:03+01:00,,,,,,,,1,2021-10-01T01:00:00+02:00,,,,,
1Physical FlowhourBE-TSO-0001FNC-00034entrykWh/h2021-11-01T01:00:00Z2021-12-01T01:00:00Z_NA984,1,Physical Flow,hour,2021-11-11T03:00:00+01:00,2021-11-11T04:00:00+01:00,BE-TSO-0001,21X-BE-A-A0A0A-Y,Fluxys Belgium,FNC-00034,Final consumers (BE) (Fluxys) Industrial clients L-zone,21Y000000000045A,entry,kWh/h,No injection in transmission network from Industiral clients,,,2025-02-20T13:19:03+01:00,,,,,,,,1,2021-10-01T01:00:00+02:00,,,,,
1Physical FlowhourBE-TSO-0001FNC-00034entrykWh/h2021-11-01T01:00:00Z2021-12-01T01:00:00Z_NA985,1,Physical Flow,hour,2021-11-11T04:00:00+01:00,2021-11-11T05:00:00+01:00,BE-TSO-0001,21X-BE-A-A0A0A-Y,Fluxys Belgium,FNC-00034,Final consumers (BE) (Fluxys) Industrial clients L-zone,21Y000000000045A,entry,kWh/h,No injection in transmission network from Industiral clients,,,2025-02-20T13:19:03+01:00,,,,,,,,1,2021-10-01T01:00:00+02:00,,,,,
1Physical FlowhourBE-TSO-0001FNC-00034entrykWh/h2021-11-01T01:00:00Z2021-12-01T01:00:00Z_NA986,1,Physical Flow,hour,2021-11-11T05:00:00+01:00,2021-11-11T06:00:00+01:00,BE-TSO-0001,21X-BE-A-A0A0A-Y,Fluxys Belgium,FNC-00034,Final consumers (BE) (Fluxys) Industrial clients L-zone,21Y000000000045A,entry,kWh/h,No injection in transmission network from Industiral clients,,,2025-02-20T13:19:03+01:00,,,,,,,,1,2021-10-01T01:00:00+02:00,,,,,
1Physical FlowhourBE-TSO-0001FNC-00034entrykWh/h2021-11-01T01:00:00Z2021-12-01T01:00:00Z_NA987,1,Physical Flow,hour,2021-11-11T06:00:00+01:00,2021-11-11T07:00:00+01:00,BE-TSO-0001,21X-BE-A-A0A0A-Y,Fluxys Belgium,FNC-00034,Final consumers (BE) (Fluxys) Industrial clients L-zone,21Y000000000045A,entry,kWh/h,No injection in transmission network from Industiral clients,,,2025-02-20T13:19:03+01:00,,,,,,,,1,2021-10-01T01:00:00+02:00,,,,,
1Physical FlowhourBE-TSO-0001FNC-00034entrykWh/h2021-11-01T01:00:00Z2021-12-01T01:00:00Z_NA988,1,Physical Flow,hour,2021-11-11T07:00:00+01:00,2021-11-11T08:00:00+01:00,BE-TSO-0001,21X-BE-A-A0A0A-Y,Fluxys Belgium,FNC-00034,Final consumers (BE) (Fluxys) Industrial clients L-zone,21Y000000000045A,entry,kWh/h,No injection in transmission network from Industiral clients,,,2025-02-20T13:19:03+01:00,,,,,,,,1,2021-10-01T01:00:00+02:00,,,,,
1Physical FlowhourBE-TSO-0001FNC-00034entrykWh/h2021-11-01T01:00:00Z2021-12-01T01:00:00Z_NA989,1,Physical Flow,hour,2021-11-11T08:00:00+01:00,2021-11-11T09:00:00+01:00,BE-TSO-0001,21X-BE-A-A0A0A-Y,Fluxys Belgium,FNC-00034,Final consumers (BE) (Fluxys) Industrial clients L-zone,21Y000000000045A,entry,kWh/h,No injection in transmission network from Industiral clients,,,2025-02-20T13:19:03+01:00,,,,,,,,1,2021-10-01T01:00:00+02:00,,,,,
1Physical FlowhourBE-TSO-0001FNC-00034entrykWh/h2021-11-01T01:00:00Z2021-12-01T01:00:00Z_NA990,1,Physical Flow,hour,2021-11-11T09:00:00+01:00,2021-11-11T10:00:00+01:00,BE-TSO-0001,21X-BE-A-A0A0A-Y,Fluxys Belgium,FNC-00034,Final consumers (BE) (Fluxys) Industrial clients L-zone,21Y000000000045A,entry,kWh/h,No injection in transmission network from Industiral clients,,,2025-02-20T13:19:03+01:00,,,,,,,,1,2021-10-01T01:00:00+02:00,,,,,
1Physical FlowhourBE-TSO-0001FNC-00034entrykWh/h2021-11-01T01:00:00Z2021-12-01T01:00:00Z_NA991,1,Physical Flow,hour,2021-11-11T10:00:00+01:00,2021-11-11T11:00:00+01:00,BE-TSO-0001,21X-BE-A-A0A0A-Y,Fluxys Belgium,FNC-00034,Final consumers (BE) (Fluxys) Industrial clients L-zone,21Y000000000045A,entry,kWh/h,No injection in transmission network from Industiral clients,,,2025-02-20T13:19:03+01:00,,,,,,,,1,2021-10-01T01:00:00+02:00,,,,,
1Physical FlowhourBE-TSO-0001FNC-00034entrykWh/h2021-11-01T01:00:00Z2021-12-01T01:00:00Z_NA992,1,Physical Flow,hour,2021-11-11T11:00:00+01:00,2021-11-11T12:00:00+01:00,BE-TSO-0001,21X-BE-A-A0A0A-Y,Fluxys Belgium,FNC-00034,Final consumers (BE) (Fluxys) Industrial clients L-zone,21Y000000000045A,entry,kWh/h,No injection in transmission network from Industiral clients,,,2025-02-20T13:19:03+01:00,,,,,,,,1,2021-10-01T01:00:00+02:00,,,,,
1Physical FlowhourBE-TSO-0001FNC-00034entrykWh/h2021-11-01T01:00:00Z2021-12-01T01:00:00Z_NA993,1,Physical Flow,hour,2021-11-11T12:00:00+01:00,2021-11-11T13:00:00+01:00,BE-TSO-0001,21X-BE-A-A0A0A-Y,Fluxys Belgium,FNC-00034,Final consumers (BE) (Fluxys) Industrial clients L-zone,21Y000000000045A,entry,kWh/h,No injection in transmission network from Industiral clients,,,2025-02-20T13:19:03+01:00,,,,,,,,1,2021-10-01T01:00:00+02:00,,,,,
1Physical FlowhourBE-TSO-0001FNC-00034entrykWh/h2021-11-01T01:00:00Z2021-12-01T01:00:00Z_NA994,1,Physical Flow,hour,2021-11-11T13:00:00+01:00,2021-11-11T14:00:00+01:00,BE-TSO-0001,21X-BE-A-A0A0A-Y,Fluxys Belgium,FNC-00034,Final consumers (BE) (Fluxys) Industrial clients L-zone,21Y000000000045A,entry,kWh/h,No injection in transmission network from Industiral clients,,,2025-02-20T13:19:03+01:00,,,,,,,,1,2021-10-01T01:00:00+02:00,,,,,
1Physical FlowhourBE-TSO-0001FNC-00034entrykWh/h2021-11-01T01:00:00Z2021-12-01T01:00:00Z_NA995,1,Physical Flow,hour,2021-11-11T14:00:00+01:00,2021-11-11T15:00:00+01:00,BE-TSO-0001,21X-BE-A-A0A0A-Y,Fluxys Belgium,FNC-00034,Final consumers (BE) (Fluxys) Industrial clients L-zone,21Y000000000045A,entry,kWh/h,No injection in transmission network from Industiral clients,,,2025-02-20T13:19:03+01:00,,,,,,,,1,2021-10-01T01:00:00+02:00,,,,,
1Physical FlowhourBE-TSO-0001FNC-00034entrykWh/h2021-11-01T01:00:00Z2021-12-01T01:00:00Z_NA996,1,Physical Flow,hour,2021-11-11T15:00:00+01:00,2021-11-11T16:00:00+01:00,BE-TSO-0001,21X-BE-A-A0A0A-Y,Fluxys Belgium,FNC-00034,Final consumers (BE) (Fluxys) Industrial clients L-zone,21Y000000000045A,entry,kWh/h,No injection in transmission network from Industiral clients,,,2025-02-20T13:19:03+01:00,,,,,,,,1,2021-10-01T01:00:00+02:00,,,,,
1Physical FlowhourBE-TSO-0001FNC-00034entrykWh/h2021-11-01T01:00:00Z2021-12-01T01:00:00Z_NA997,1,Physical Flow,hour,2021-11-11T16:00:00+01:00,2021-11-11T17:00:00+01:00,BE-TSO-0001,21X-BE-A-A0A0A-Y,Fluxys Belgium,FNC-00034,Final consumers (BE) (Fluxys) Industrial clients L-zone,21Y000000000045A,entry,kWh/h,No injection in transmission network from Industiral clients,,,2025-02-20T13:19:03+01:00,,,,,,,,1,2021-10-01T01:00:00+02:00,,,,,
1Physical FlowhourBE-TSO-0001FNC-00034entrykWh/h2021-11-01T01:00:00Z2021-12-01T01:00:00Z_NA998,1,Physical Flow,hour,2021-11-11T17:00:00+01:00,2021-11-11T18:00:00+01:00,BE-TSO-0001,21X-BE-A-A0A0A-Y,Fluxys Belgium,FNC-00034,Final consumers (BE) (Fluxys) Industrial clients L-zone,21Y000000000045A,entry,kWh/h,No injection in transmission network from Industiral clients,,,2025-02-20T13:19:03+01:00,,,,,,,,1,2021-10-01T01:00:00+02:00,,,,,
1Physical FlowhourBE-TSO-0001FNC-00034entrykWh/h2021-11-01T01:00:00Z2021-12-01T01:00:00Z_NA999,1,Physical Flow,hour,2021-11-11T18:00:00+01:00,2021-11-11T19:00:00+01:00,BE-TSO-0001,21X-BE-A-A0A0A-Y,Fluxys Belgium,FNC-00034,Final consumers (BE) (Fluxys) Industrial clients L-zone,21Y000000000045A,entry,kWh/h,No injection in transmission network from Industiral clients,,,2025-02-20T13:19:03+01:00,,,,,,,,1,2021-10-01T01:00:00+02:00,,,,,
1Physical FlowhourBE-TSO-0001FNC-00034entrykWh/h2021-11-01T01:00:00Z2021-12-01T01:00:00Z_NA1000,1,Physical Flow,hour,2021-11-11T19:00:00+01:00,2021-11-11T20:00:00+01:00,BE-TSO-0001,21X-BE-A-A0A0A-Y,Fluxys Belgium,FNC-00034,Final consumers (BE) (Fluxys) Industrial clients L-zone,21Y000000000045A,entry,kWh/h,No injection in transmission network from Industiral clients,,,2025-02-20T13:19:03+01:00,,,,,,,,1,2021-10-01T01:00:00+02:00,,,,,
1Physical FlowhourBE-TSO-0001FNC-00034entrykWh/h2021-11-01T01:00:00Z2021-12-01T01:00:00Z_NA1001,1,Physical Flow,hour,2021-11-11T20:00:00+01:00,2021-11-11T21:00:00+01:00,BE-TSO-0001,21X-BE-A-A0A0A-Y,Fluxys Belgium,FNC-00034,Final consumers (BE) (Fluxys) Industrial clients L-zone,21Y000000000045A,entry,kWh/h,No injection in transmission network from Industiral clients,,,2025-02-20T13:19:03+01:00,,,,,,,,1,2021-10-01T01:00:00+02:00,,,,,
1Physical FlowhourBE-TSO-0001FNC-00034entrykWh/h2021-11-01T01:00:00Z2021-12-01T01:00:00Z_NA1002,1,Physical Flow,hour,2021-11-11T21:00:00+01:00,2021-11-11T22:00:00+01:00,BE-TSO-0001,21X-BE-A-A0A0A-Y,Fluxys Belgium,FNC-00034,Final consumers (BE) (Fluxys) Industrial clients L-zone,21Y000000000045A,entry,kWh/h,No injection in transmission network from Industiral clients,,,2025-02-20T13:19:03+01:00,,,,,,,,1,2021-10-01T01:00:00+02:00,,,,,
1Physical FlowhourBE-TSO-0001FNC-00034entrykWh/h2021-11-01T01:00:00Z2021-12-01T01:00:00Z_NA1003,1,Physical Flow,hour,2021-11-11T22:00:00+01:00,2021-11-11T23:00:00+01:00,BE-TSO-0001,21X-BE-A-A0A0A-Y,Fluxys Belgium,FNC-00034,Final consumers (BE) (Fluxys) Industrial clients L-zone,21Y000000000045A,entry,kWh/h,No injection in transmission network from Industiral clients,,,2025-02-20T13:19:03+01:00,,,,,,,,1,2021-10-01T01:00:00+02:00,,,,,
1Physical FlowhourBE-TSO-0001FNC-00034entrykWh/h2021-11-01T01:00:00Z2021-12-01T01:00:00Z_NA1004,1,Physical Flow,hour,2021-11-11T23:00:00+01:00,2021-11-12T00:00:00+01:00,BE-TSO-0001,21X-BE-A-A0A0A-Y,Fluxys Belgium,FNC-00034,Final consumers (BE) (Fluxys) Industrial clients L-zone,21Y000000000045A,entry,kWh/h,No injection in transmission network from Industiral clients,,,2025-02-20T13:19:03+01:00,,,,,,,,1,2021-10-01T01:00:00+02:00,,,,,
1Physical FlowhourBE-TSO-0001FNC-00034entrykWh/h2021-11-01T01:00:00Z2021-12-01T01:00:00Z_NA1005,1,Physical Flow,hour,2021-11-12T00:00:00+01:00,2021-11-12T01:00:00+01:00,BE-TSO-0001,21X-BE-A-A0A0A-Y,Fluxys Belgium,FNC-00034,Final consumers (BE) (Fluxys) Industrial clients L-zone,21Y000000000045A,entry,kWh/h,No injection in transmission network from Industiral clients,,,2025-02-20T13:19:03+01:00,,,,,,,,1,2021-10-01T01:00:00+02:00,,,,,
1Physical FlowhourBE-TSO-0001FNC-00034entrykWh/h2021-11-01T01:00:00Z2021-12-01T01:00:00Z_NA1006,1,Physical Flow,hour,2021-11-12T01:00:00+01:00,2021-11-12T02:00:00+01:00,BE-TSO-0001,21X-BE-A-A0A0A-Y,Fluxys Belgium,FNC-00034,Final consumers (BE) (Fluxys) Industrial clients L-zone,21Y000000000045A,entry,kWh/h,No injection in transmission network from Industiral clients,,,2025-02-20T13:19:03+01:00,,,,,,,,1,2021-10-01T01:00:00+02:00,,,,,
1Physical FlowhourBE-TSO-0001FNC-00034entrykWh/h2021-11-01T01:00:00Z2021-12-01T01:00:00Z_NA1007,1,Physical Flow,hour,2021-11-12T02:00:00+01:00,2021-11-12T03:00:00+01:00,BE-TSO-0001,21X-BE-A-A0A0A-Y,Fluxys Belgium,FNC-00034,Final consumers (BE) (Fluxys) Industrial clients L-zone,21Y000000000045A,entry,kWh/h,No injection in transmission network from Industiral clients,,,2025-02-20T13:19:03+01:00,,,,,,,,1,2021-10-01T01:00:00+02:00,,,,,
1Physical FlowhourBE-TSO-0001FNC-00034entrykWh/h2021-11-01T01:00:00Z2021-12-01T01:00:00Z_NA1008,1,Physical Flow,hour,2021-11-12T03:00:00+01:00,2021-11-12T04:00:00+01:00,BE-TSO-0001,21X-BE-A-A0A0A-Y,Fluxys Belgium,FNC-00034,Final consumers (BE) (Fluxys) Industrial clients L-zone,21Y000000000045A,entry,kWh/h,No injection in transmission network from Industiral clients,,,2025-02-20T13:19:03+01:00,,,,,,,,1,2021-10-01T01:00:00+02:00,,,,,
1Physical FlowhourBE-TSO-0001FNC-00034entrykWh/h2021-11-01T01:00:00Z2021-12-01T01:00:00Z_NA1009,1,Physical Flow,hour,2021-11-12T04:00:00+01:00,2021-11-12T05:00:00+01:00,BE-TSO-0001,21X-BE-A-A0A0A-Y,Fluxys Belgium,FNC-00034,Final consumers (BE) (Fluxys) Industrial clients L-zone,21Y000000000045A,entry,kWh/h,No injection in transmission network from Industiral clients,,,2025-02-20T13:19:03+01:00,,,,,,,,1,2021-10-01T01:00:00+02:00,,,,,
1Physical FlowhourBE-TSO-0001FNC-00034entrykWh/h2021-11-01T01:00:00Z2021-12-01T01:00:00Z_NA1010,1,Physical Flow,hour,2021-11-12T05:00:00+01:00,2021-11-12T06:00:00+01:00,BE-TSO-0001,21X-BE-A-A0A0A-Y,Fluxys Belgium,FNC-00034,Final consumers (BE) (Fluxys) Industrial clients L-zone,21Y000000000045A,entry,kWh/h,No injection in transmission network from Industiral clients,,,2025-02-20T13:19:03+01:00,,,,,,,,1,2021-10-01T01:00:00+02:00,,,,,
1Physical FlowhourBE-TSO-0001FNC-00034entrykWh/h2021-11-01T01:00:00Z2021-12-01T01:00:00Z_NA1011,1,Physical Flow,hour,2021-11-12T06:00:00+01:00,2021-11-12T07:00:00+01:00,BE-TSO-0001,21X-BE-A-A0A0A-Y,Fluxys Belgium,FNC-00034,Final consumers (BE) (Fluxys) Industrial clients L-zone,21Y000000000045A,entry,kWh/h,No injection in transmission network from Industiral clients,,,2025-02-20T13:19:03+01:00,,,,,,,,1,2021-10-01T01:00:00+02:00,,,,,
1Physical FlowhourBE-TSO-0001FNC-00034entrykWh/h2021-11-01T01:00:00Z2021-12-01T01:00:00Z_NA1012,1,Physical Flow,hour,2021-11-12T07:00:00+01:00,2021-11-12T08:00:00+01:00,BE-TSO-0001,21X-BE-A-A0A0A-Y,Fluxys Belgium,FNC-00034,Final consumers (BE) (Fluxys) Industrial clients L-zone,21Y000000000045A,entry,kWh/h,No injection in transmission network from Industiral clients,,,2025-02-20T13:19:03+01:00,,,,,,,,1,2021-10-01T01:00:00+02:00,,,,,
1Physical FlowhourBE-TSO-0001FNC-00034entrykWh/h2021-11-01T01:00:00Z2021-12-01T01:00:00Z_NA1013,1,Physical Flow,hour,2021-11-12T08:00:00+01:00,2021-11-12T09:00:00+01:00,BE-TSO-0001,21X-BE-A-A0A0A-Y,Fluxys Belgium,FNC-00034,Final consumers (BE) (Fluxys) Industrial clients L-zone,21Y000000000045A,entry,kWh/h,No injection in transmission network from Industiral clients,,,2025-02-20T13:19:03+01:00,,,,,,,,1,2021-10-01T01:00:00+02:00,,,,,
1Physical FlowhourBE-TSO-0001FNC-00034entrykWh/h2021-11-01T01:00:00Z2021-12-01T01:00:00Z_NA1014,1,Physical Flow,hour,2021-11-12T09:00:00+01:00,2021-11-12T10:00:00+01:00,BE-TSO-0001,21X-BE-A-A0A0A-Y,Fluxys Belgium,FNC-00034,Final consumers (BE) (Fluxys) Industrial clients L-zone,21Y000000000045A,entry,kWh/h,No injection in transmission network from Industiral clients,,,2025-02-20T13:19:03+01:00,,,,,,,,1,2021-10-01T01:00:00+02:00,,,,,
1Physical FlowhourBE-TSO-0001FNC-00034entrykWh/h2021-11-01T01:00:00Z2021-12-01T01:00:00Z_NA1015,1,Physical Flow,hour,2021-11-12T10:00:00+01:00,2021-11-12T11:00:00+01:00,BE-TSO-0001,21X-BE-A-A0A0A-Y,Fluxys Belgium,FNC-00034,Final consumers (BE) (Fluxys) Industrial clients L-zone,21Y000000000045A,entry,kWh/h,No injection in transmission network from Industiral clients,,,2025-02-20T13:19:03+01:00,,,,,,,,1,2021-10-01T01:00:00+02:00,,,,,
1Physical FlowhourBE-TSO-0001FNC-00034entrykWh/h2021-11-01T01:00:00Z2021-12-01T01:00:00Z_NA1016,1,Physical Flow,hour,2021-11-12T11:00:00+01:00,2021-11-12T12:00:00+01:00,BE-TSO-0001,21X-BE-A-A0A0A-Y,Fluxys Belgium,FNC-00034,Final consumers (BE) (Fluxys) Industrial clients L-zone,21Y000000000045A,entry,kWh/h,No injection in transmission network from Industiral clients,,,2025-02-20T13:19:03+01:00,,,,,,,,1,2021-10-01T01:00:00+02:00,,,,,
1Physical FlowhourBE-TSO-0001FNC-00034entrykWh/h2021-11-01T01:00:00Z2021-12-01T01:00:00Z_NA1017,1,Physical Flow,hour,2021-11-12T12:00:00+01:00,2021-11-12T13:00:00+01:00,BE-TSO-0001,21X-BE-A-A0A0A-Y,Fluxys Belgium,FNC-00034,Final consumers (BE) (Fluxys) Industrial clients L-zone,21Y000000000045A,entry,kWh/h,No injection in transmission network from Industiral clients,,,2025-02-20T13:19:03+01:00,,,,,,,,1,2021-10-01T01:00:00+02:00,,,,,
1Physical FlowhourBE-TSO-0001FNC-00034entrykWh/h2021-11-01T01:00:00Z2021-12-01T01:00:00Z_NA1018,1,Physical Flow,hour,2021-11-12T13:00:00+01:00,2021-11-12T14:00:00+01:00,BE-TSO-0001,21X-BE-A-A0A0A-Y,Fluxys Belgium,FNC-00034,Final consumers (BE) (Fluxys) Industrial clients L-zone,21Y000000000045A,entry,kWh/h,No injection in transmission network from Industiral clients,,,2025-02-20T13:19:03+01:00,,,,,,,,1,2021-10-01T01:00:00+02:00,,,,,
1Physical FlowhourBE-TSO-0001FNC-00034entrykWh/h2021-11-01T01:00:00Z2021-12-01T01:00:00Z_NA1019,1,Physical Flow,hour,2021-11-12T14:00:00+01:00,2021-11-12T15:00:00+01:00,BE-TSO-0001,21X-BE-A-A0A0A-Y,Fluxys Belgium,FNC-00034,Final consumers (BE) (Fluxys) Industrial clients L-zone,21Y000000000045A,entry,kWh/h,No injection in transmission network from Industiral clients,,,2025-02-20T13:19:03+01:00,,,,,,,,1,2021-10-01T01:00:00+02:00,,,,,
1Physical FlowhourBE-TSO-0001FNC-00034entrykWh/h2021-11-01T01:00:00Z2021-12-01T01:00:00Z_NA1020,1,Physical Flow,hour,2021-11-12T15:00:00+01:00,2021-11-12T16:00:00+01:00,BE-TSO-0001,21X-BE-A-A0A0A-Y,Fluxys Belgium,FNC-00034,Final consumers (BE) (Fluxys) Industrial clients L-zone,21Y000000000045A,entry,kWh/h,No injection in transmission network from Industiral clients,,,2025-02-20T13:19:03+01:00,,,,,,,,1,2021-10-01T01:00:00+02:00,,,,,
1Physical FlowhourBE-TSO-0001FNC-00034entrykWh/h2021-11-01T01:00:00Z2021-12-01T01:00:00Z_NA1021,1,Physical Flow,hour,2021-11-12T16:00:00+01:00,2021-11-12T17:00:00+01:00,BE-TSO-0001,21X-BE-A-A0A0A-Y,Fluxys Belgium,FNC-00034,Final consumers (BE) (Fluxys) Industrial clients L-zone,21Y000000000045A,entry,kWh/h,No injection in transmission network from Industiral clients,,,2025-02-20T13:19:03+01:00,,,,,,,,1,2021-10-01T01:00:00+02:00,,,,,
1Physical FlowhourBE-TSO-0001FNC-00034entrykWh/h2021-11-01T01:00:00Z2021-12-01T01:00:00Z_NA1022,1,Physical Flow,hour,2021-11-12T17:00:00+01:00,2021-11-12T18:00:00+01:00,BE-TSO-0001,21X-BE-A-A0A0A-Y,Fluxys Belgium,FNC-00034,Final consumers (BE) (Fluxys) Industrial clients L-zone,21Y000000000045A,entry,kWh/h,No injection in transmission network from Industiral clients,,,2025-02-20T13:19:03+01:00,,,,,,,,1,2021-10-01T01:00:00+02:00,,,,,
1Physical FlowhourBE-TSO-0001FNC-00034entrykWh/h2021-11-01T01:00:00Z2021-12-01T01:00:00Z_NA1023,1,Physical Flow,hour,2021-11-12T18:00:00+01:00,2021-11-12T19:00:00+01:00,BE-TSO-0001,21X-BE-A-A0A0A-Y,Fluxys Belgium,FNC-00034,Final consumers (BE) (Fluxys) Industrial clients L-zone,21Y000000000045A,entry,kWh/h,No injection in transmission network from Industiral clients,,,2025-02-20T13:19:03+01:00,,,,,,,,1,2021-10-01T01:00:00+02:00,,,,,
1Physical FlowhourBE-TSO-0001FNC-00034entrykWh/h2021-11-01T01:00:00Z2021-12-01T01:00:00Z_NA1024,1,Physical Flow,hour,2021-11-12T19:00:00+01:00,2021-11-12T20:00:00+01:00,BE-TSO-0001,21X-BE-A-A0A0A-Y,Fluxys Belgium,FNC-00034,Final consumers (BE) (Fluxys) Industrial clients L-zone,21Y000000000045A,entry,kWh/h,No injection in transmission network from Industiral clients,,,2025-02-20T13:19:03+01:00,,,,,,,,1,2021-10-01T01:00:00+02:00,,,,,
1Physical FlowhourBE-TSO-0001FNC-00034entrykWh/h2021-11-01T01:00:00Z2021-12-01T01:00:00Z_NA1025,1,Physical Flow,hour,2021-11-12T20:00:00+01:00,2021-11-12T21:00:00+01:00,BE-TSO-0001,21X-BE-A-A0A0A-Y,Fluxys Belgium,FNC-00034,Final consumers (BE) (Fluxys) Industrial clients L-zone,21Y000000000045A,entry,kWh/h,No injection in transmission network from Industiral clients,,,2025-02-20T13:19:03+01:00,,,,,,,,1,2021-10-01T01:00:00+02:00,,,,,
1Physical FlowhourBE-TSO-0001FNC-00034entrykWh/h2021-11-01T01:00:00Z2021-12-01T01:00:00Z_NA1026,1,Physical Flow,hour,2021-11-12T21:00:00+01:00,2021-11-12T22:00:00+01:00,BE-TSO-0001,21X-BE-A-A0A0A-Y,Fluxys Belgium,FNC-00034,Final consumers (BE) (Fluxys) Industrial clients L-zone,21Y000000000045A,entry,kWh/h,No injection in transmission network from Industiral clients,,,2025-02-20T13:19:03+01:00,,,,,,,,1,2021-10-01T01:00:00+02:00,,,,,
1Physical FlowhourBE-TSO-0001FNC-00034entrykWh/h2021-11-01T01:00:00Z2021-12-01T01:00:00Z_NA1027,1,Physical Flow,hour,2021-11-12T22:00:00+01:00,2021-11-12T23:00:00+01:00,BE-TSO-0001,21X-BE-A-A0A0A-Y,Fluxys Belgium,FNC-00034,Final consumers (BE) (Fluxys) Industrial clients L-zone,21Y000000000045A,entry,kWh/h,No injection in transmission network from Industiral clients,,,2025-02-20T13:19:03+01:00,,,,,,,,1,2021-10-01T01:00:00+02:00,,,,,
1Physical FlowhourBE-TSO-0001FNC-00034entrykWh/h2021-11-01T01:00:00Z2021-12-01T01:00:00Z_NA1028,1,Physical Flow,hour,2021-11-12T23:00:00+01:00,2021-11-13T00:00:00+01:00,BE-TSO-0001,21X-BE-A-A0A0A-Y,Fluxys Belgium,FNC-00034,Final consumers (BE) (Fluxys) Industrial clients L-zone,21Y000000000045A,entry,kWh/h,No injection in transmission network from Industiral clients,,,2025-02-20T13:19:03+01:00,,,,,,,,1,2021-10-01T01:00:00+02:00,,,,,
1Physical FlowhourBE-TSO-0001FNC-00034entrykWh/h2021-11-01T01:00:00Z2021-12-01T01:00:00Z_NA1029,1,Physical Flow,hour,2021-11-13T00:00:00+01:00,2021-11-13T01:00:00+01:00,BE-TSO-0001,21X-BE-A-A0A0A-Y,Fluxys Belgium,FNC-00034,Final consumers (BE) (Fluxys) Industrial clients L-zone,21Y000000000045A,entry,kWh/h,No injection in transmission network from Industiral clients,,,2025-02-20T13:19:03+01:00,,,,,,,,1,2021-10-01T01:00:00+02:00,,,,,
1Physical FlowhourBE-TSO-0001FNC-00034entrykWh/h2021-11-01T01:00:00Z2021-12-01T01:00:00Z_NA1030,1,Physical Flow,hour,2021-11-13T01:00:00+01:00,2021-11-13T02:00:00+01:00,BE-TSO-0001,21X-BE-A-A0A0A-Y,Fluxys Belgium,FNC-00034,Final consumers (BE) (Fluxys) Industrial clients L-zone,21Y000000000045A,entry,kWh/h,No injection in transmission network from Industiral clients,,,2025-02-20T13:19:03+01:00,,,,,,,,1,2021-10-01T01:00:00+02:00,,,,,
1Physical FlowhourBE-TSO-0001FNC-00034entrykWh/h2021-11-01T01:00:00Z2021-12-01T01:00:00Z_NA1031,1,Physical Flow,hour,2021-11-13T02:00:00+01:00,2021-11-13T03:00:00+01:00,BE-TSO-0001,21X-BE-A-A0A0A-Y,Fluxys Belgium,FNC-00034,Final consumers (BE) (Fluxys) Industrial clients L-zone,21Y000000000045A,entry,kWh/h,No injection in transmission network from Industiral clients,,,2025-02-20T13:19:03+01:00,,,,,,,,1,2021-10-01T01:00:00+02:00,,,,,
1Physical FlowhourBE-TSO-0001FNC-00034entrykWh/h2021-11-01T01:00:00Z2021-12-01T01:00:00Z_NA1032,1,Physical Flow,hour,2021-11-13T03:00:00+01:00,2021-11-13T04:00:00+01:00,BE-TSO-0001,21X-BE-A-A0A0A-Y,Fluxys Belgium,FNC-00034,Final consumers (BE) (Fluxys) Industrial clients L-zone,21Y000000000045A,entry,kWh/h,No injection in transmission network from Industiral clients,,,2025-02-20T13:19:03+01:00,,,,,,,,1,2021-10-01T01:00:00+02:00,,,,,
1Physical FlowhourBE-TSO-0001FNC-00034entrykWh/h2021-11-01T01:00:00Z2021-12-01T01:00:00Z_NA1033,1,Physical Flow,hour,2021-11-13T04:00:00+01:00,2021-11-13T05:00:00+01:00,BE-TSO-0001,21X-BE-A-A0A0A-Y,Fluxys Belgium,FNC-00034,Final consumers (BE) (Fluxys) Industrial clients L-zone,21Y000000000045A,entry,kWh/h,No injection in transmission network from Industiral clients,,,2025-02-20T13:19:03+01:00,,,,,,,,1,2021-10-01T01:00:00+02:00,,,,,
1Physical FlowhourBE-TSO-0001FNC-00034entrykWh/h2021-11-01T01:00:00Z2021-12-01T01:00:00Z_NA1034,1,Physical Flow,hour,2021-11-13T05:00:00+01:00,2021-11-13T06:00:00+01:00,BE-TSO-0001,21X-BE-A-A0A0A-Y,Fluxys Belgium,FNC-00034,Final consumers (BE) (Fluxys) Industrial clients L-zone,21Y000000000045A,entry,kWh/h,No injection in transmission network from Industiral clients,,,2025-02-20T13:19:03+01:00,,,,,,,,1,2021-10-01T01:00:00+02:00,,,,,
1Physical FlowhourBE-TSO-0001FNC-00034entrykWh/h2021-11-01T01:00:00Z2021-12-01T01:00:00Z_NA1035,1,Physical Flow,hour,2021-11-13T06:00:00+01:00,2021-11-13T07:00:00+01:00,BE-TSO-0001,21X-BE-A-A0A0A-Y,Fluxys Belgium,FNC-00034,Final consumers (BE) (Fluxys) Industrial clients L-zone,21Y000000000045A,entry,kWh/h,No injection in transmission network from Industiral clients,,,2025-02-20T13:19:03+01:00,,,,,,,,1,2021-10-01T01:00:00+02:00,,,,,
1Physical FlowhourBE-TSO-0001FNC-00034entrykWh/h2021-11-01T01:00:00Z2021-12-01T01:00:00Z_NA1036,1,Physical Flow,hour,2021-11-13T07:00:00+01:00,2021-11-13T08:00:00+01:00,BE-TSO-0001,21X-BE-A-A0A0A-Y,Fluxys Belgium,FNC-00034,Final consumers (BE) (Fluxys) Industrial clients L-zone,21Y000000000045A,entry,kWh/h,No injection in transmission network from Industiral clients,,,2025-02-20T13:19:03+01:00,,,,,,,,1,2021-10-01T01:00:00+02:00,,,,,
1Physical FlowhourBE-TSO-0001FNC-00034entrykWh/h2021-11-01T01:00:00Z2021-12-01T01:00:00Z_NA1037,1,Physical Flow,hour,2021-11-13T08:00:00+01:00,2021-11-13T09:00:00+01:00,BE-TSO-0001,21X-BE-A-A0A0A-Y,Fluxys Belgium,FNC-00034,Final consumers (BE) (Fluxys) Industrial clients L-zone,21Y000000000045A,entry,kWh/h,No injection in transmission network from Industiral clients,,,2025-02-20T13:19:03+01:00,,,,,,,,1,2021-10-01T01:00:00+02:00,,,,,
1Physical FlowhourBE-TSO-0001FNC-00034entrykWh/h2021-11-01T01:00:00Z2021-12-01T01:00:00Z_NA1038,1,Physical Flow,hour,2021-11-13T09:00:00+01:00,2021-11-13T10:00:00+01:00,BE-TSO-0001,21X-BE-A-A0A0A-Y,Fluxys Belgium,FNC-00034,Final consumers (BE) (Fluxys) Industrial clients L-zone,21Y000000000045A,entry,kWh/h,No injection in transmission network from Industiral clients,,,2025-02-20T13:19:03+01:00,,,,,,,,1,2021-10-01T01:00:00+02:00,,,,,
1Physical FlowhourBE-TSO-0001FNC-00034entrykWh/h2021-11-01T01:00:00Z2021-12-01T01:00:00Z_NA1039,1,Physical Flow,hour,2021-11-13T10:00:00+01:00,2021-11-13T11:00:00+01:00,BE-TSO-0001,21X-BE-A-A0A0A-Y,Fluxys Belgium,FNC-00034,Final consumers (BE) (Fluxys) Industrial clients L-zone,21Y000000000045A,entry,kWh/h,No injection in transmission network from Industiral clients,,,2025-02-20T13:19:03+01:00,,,,,,,,1,2021-10-01T01:00:00+02:00,,,,,
1Physical FlowhourBE-TSO-0001FNC-00034entrykWh/h2021-11-01T01:00:00Z2021-12-01T01:00:00Z_NA1040,1,Physical Flow,hour,2021-11-13T11:00:00+01:00,2021-11-13T12:00:00+01:00,BE-TSO-0001,21X-BE-A-A0A0A-Y,Fluxys Belgium,FNC-00034,Final consumers (BE) (Fluxys) Industrial clients L-zone,21Y000000000045A,entry,kWh/h,No injection in transmission network from Industiral clients,,,2025-02-20T13:19:03+01:00,,,,,,,,1,2021-10-01T01:00:00+02:00,,,,,
1Physical FlowhourBE-TSO-0001FNC-00034entrykWh/h2021-11-01T01:00:00Z2021-12-01T01:00:00Z_NA1041,1,Physical Flow,hour,2021-11-13T12:00:00+01:00,2021-11-13T13:00:00+01:00,BE-TSO-0001,21X-BE-A-A0A0A-Y,Fluxys Belgium,FNC-00034,Final consumers (BE) (Fluxys) Industrial clients L-zone,21Y000000000045A,entry,kWh/h,No injection in transmission network from Industiral clients,,,2025-02-20T13:19:03+01:00,,,,,,,,1,2021-10-01T01:00:00+02:00,,,,,
1Physical FlowhourBE-TSO-0001FNC-00034entrykWh/h2021-11-01T01:00:00Z2021-12-01T01:00:00Z_NA1042,1,Physical Flow,hour,2021-11-13T13:00:00+01:00,2021-11-13T14:00:00+01:00,BE-TSO-0001,21X-BE-A-A0A0A-Y,Fluxys Belgium,FNC-00034,Final consumers (BE) (Fluxys) Industrial clients L-zone,21Y000000000045A,entry,kWh/h,No injection in transmission network from Industiral clients,,,2025-02-20T13:19:03+01:00,,,,,,,,1,2021-10-01T01:00:00+02:00,,,,,
1Physical FlowhourBE-TSO-0001FNC-00034entrykWh/h2021-11-01T01:00:00Z2021-12-01T01:00:00Z_NA1043,1,Physical Flow,hour,2021-11-13T14:00:00+01:00,2021-11-13T15:00:00+01:00,BE-TSO-0001,21X-BE-A-A0A0A-Y,Fluxys Belgium,FNC-00034,Final consumers (BE) (Fluxys) Industrial clients L-zone,21Y000000000045A,entry,kWh/h,No injection in transmission network from Industiral clients,,,2025-02-20T13:19:03+01:00,,,,,,,,1,2021-10-01T01:00:00+02:00,,,,,
1Physical FlowhourBE-TSO-0001FNC-00034entrykWh/h2021-11-01T01:00:00Z2021-12-01T01:00:00Z_NA1044,1,Physical Flow,hour,2021-11-13T15:00:00+01:00,2021-11-13T16:00:00+01:00,BE-TSO-0001,21X-BE-A-A0A0A-Y,Fluxys Belgium,FNC-00034,Final consumers (BE) (Fluxys) Industrial clients L-zone,21Y000000000045A,entry,kWh/h,No injection in transmission network from Industiral clients,,,2025-02-20T13:19:03+01:00,,,,,,,,1,2021-10-01T01:00:00+02:00,,,,,
1Physical FlowhourBE-TSO-0001FNC-00034entrykWh/h2021-11-01T01:00:00Z2021-12-01T01:00:00Z_NA1045,1,Physical Flow,hour,2021-11-13T16:00:00+01:00,2021-11-13T17:00:00+01:00,BE-TSO-0001,21X-BE-A-A0A0A-Y,Fluxys Belgium,FNC-00034,Final consumers (BE) (Fluxys) Industrial clients L-zone,21Y000000000045A,entry,kWh/h,No injection in transmission network from Industiral clients,,,2025-02-20T13:19:03+01:00,,,,,,,,1,2021-10-01T01:00:00+02:00,,,,,
1Physical FlowhourBE-TSO-0001FNC-00034entrykWh/h2021-11-01T01:00:00Z2021-12-01T01:00:00Z_NA1046,1,Physical Flow,hour,2021-11-13T17:00:00+01:00,2021-11-13T18:00:00+01:00,BE-TSO-0001,21X-BE-A-A0A0A-Y,Fluxys Belgium,FNC-00034,Final consumers (BE) (Fluxys) Industrial clients L-zone,21Y000000000045A,entry,kWh/h,No injection in transmission network from Industiral clients,,,2025-02-20T13:19:03+01:00,,,,,,,,1,2021-10-01T01:00:00+02:00,,,,,
1Physical FlowhourBE-TSO-0001FNC-00034entrykWh/h2021-11-01T01:00:00Z2021-12-01T01:00:00Z_NA1047,1,Physical Flow,hour,2021-11-13T18:00:00+01:00,2021-11-13T19:00:00+01:00,BE-TSO-0001,21X-BE-A-A0A0A-Y,Fluxys Belgium,FNC-00034,Final consumers (BE) (Fluxys) Industrial clients L-zone,21Y000000000045A,entry,kWh/h,No injection in transmission network from Industiral clients,,,2025-02-20T13:19:03+01:00,,,,,,,,1,2021-10-01T01:00:00+02:00,,,,,
1Physical FlowhourBE-TSO-0001FNC-00034entrykWh/h2021-11-01T01:00:00Z2021-12-01T01:00:00Z_NA1048,1,Physical Flow,hour,2021-11-13T19:00:00+01:00,2021-11-13T20:00:00+01:00,BE-TSO-0001,21X-BE-A-A0A0A-Y,Fluxys Belgium,FNC-00034,Final consumers (BE) (Fluxys) Industrial clients L-zone,21Y000000000045A,entry,kWh/h,No injection in transmission network from Industiral clients,,,2025-02-20T13:19:03+01:00,,,,,,,,1,2021-10-01T01:00:00+02:00,,,,,
1Physical FlowhourBE-TSO-0001FNC-00034entrykWh/h2021-11-01T01:00:00Z2021-12-01T01:00:00Z_NA1049,1,Physical Flow,hour,2021-11-13T20:00:00+01:00,2021-11-13T21:00:00+01:00,BE-TSO-0001,21X-BE-A-A0A0A-Y,Fluxys Belgium,FNC-00034,Final consumers (BE) (Fluxys) Industrial clients L-zone,21Y000000000045A,entry,kWh/h,No injection in transmission network from Industiral clients,,,2025-02-20T13:19:03+01:00,,,,,,,,1,2021-10-01T01:00:00+02:00,,,,,
1Physical FlowhourBE-TSO-0001FNC-00034entrykWh/h2021-11-01T01:00:00Z2021-12-01T01:00:00Z_NA1050,1,Physical Flow,hour,2021-11-13T21:00:00+01:00,2021-11-13T22:00:00+01:00,BE-TSO-0001,21X-BE-A-A0A0A-Y,Fluxys Belgium,FNC-00034,Final consumers (BE) (Fluxys) Industrial clients L-zone,21Y000000000045A,entry,kWh/h,No injection in transmission network from Industiral clients,,,2025-02-20T13:19:03+01:00,,,,,,,,1,2021-10-01T01:00:00+02:00,,,,,
1Physical FlowhourBE-TSO-0001FNC-00034entrykWh/h2021-11-01T01:00:00Z2021-12-01T01:00:00Z_NA1051,1,Physical Flow,hour,2021-11-13T22:00:00+01:00,2021-11-13T23:00:00+01:00,BE-TSO-0001,21X-BE-A-A0A0A-Y,Fluxys Belgium,FNC-00034,Final consumers (BE) (Fluxys) Industrial clients L-zone,21Y000000000045A,entry,kWh/h,No injection in transmission network from Industiral clients,,,2025-02-20T13:19:03+01:00,,,,,,,,1,2021-10-01T01:00:00+02:00,,,,,
1Physical FlowhourBE-TSO-0001FNC-00034entrykWh/h2021-11-01T01:00:00Z2021-12-01T01:00:00Z_NA1052,1,Physical Flow,hour,2021-11-13T23:00:00+01:00,2021-11-14T00:00:00+01:00,BE-TSO-0001,21X-BE-A-A0A0A-Y,Fluxys Belgium,FNC-00034,Final consumers (BE) (Fluxys) Industrial clients L-zone,21Y000000000045A,entry,kWh/h,No injection in transmission network from Industiral clients,,,2025-02-20T13:19:03+01:00,,,,,,,,1,2021-10-01T01:00:00+02:00,,,,,
1Physical FlowhourBE-TSO-0001FNC-00034entrykWh/h2021-11-01T01:00:00Z2021-12-01T01:00:00Z_NA1053,1,Physical Flow,hour,2021-11-14T00:00:00+01:00,2021-11-14T01:00:00+01:00,BE-TSO-0001,21X-BE-A-A0A0A-Y,Fluxys Belgium,FNC-00034,Final consumers (BE) (Fluxys) Industrial clients L-zone,21Y000000000045A,entry,kWh/h,No injection in transmission network from Industiral clients,,,2025-02-20T13:19:03+01:00,,,,,,,,1,2021-10-01T01:00:00+02:00,,,,,
1Physical FlowhourBE-TSO-0001FNC-00034entrykWh/h2021-11-01T01:00:00Z2021-12-01T01:00:00Z_NA1054,1,Physical Flow,hour,2021-11-14T01:00:00+01:00,2021-11-14T02:00:00+01:00,BE-TSO-0001,21X-BE-A-A0A0A-Y,Fluxys Belgium,FNC-00034,Final consumers (BE) (Fluxys) Industrial clients L-zone,21Y000000000045A,entry,kWh/h,No injection in transmission network from Industiral clients,,,2025-02-20T13:19:03+01:00,,,,,,,,1,2021-10-01T01:00:00+02:00,,,,,
1Physical FlowhourBE-TSO-0001FNC-00034entrykWh/h2021-11-01T01:00:00Z2021-12-01T01:00:00Z_NA1055,1,Physical Flow,hour,2021-11-14T02:00:00+01:00,2021-11-14T03:00:00+01:00,BE-TSO-0001,21X-BE-A-A0A0A-Y,Fluxys Belgium,FNC-00034,Final consumers (BE) (Fluxys) Industrial clients L-zone,21Y000000000045A,entry,kWh/h,No injection in transmission network from Industiral clients,,,2025-02-20T13:19:03+01:00,,,,,,,,1,2021-10-01T01:00:00+02:00,,,,,
1Physical FlowhourBE-TSO-0001FNC-00034entrykWh/h2021-11-01T01:00:00Z2021-12-01T01:00:00Z_NA1056,1,Physical Flow,hour,2021-11-14T03:00:00+01:00,2021-11-14T04:00:00+01:00,BE-TSO-0001,21X-BE-A-A0A0A-Y,Fluxys Belgium,FNC-00034,Final consumers (BE) (Fluxys) Industrial clients L-zone,21Y000000000045A,entry,kWh/h,No injection in transmission network from Industiral clients,,,2025-02-20T13:19:03+01:00,,,,,,,,1,2021-10-01T01:00:00+02:00,,,,,
1Physical FlowhourBE-TSO-0001FNC-00034entrykWh/h2021-11-01T01:00:00Z2021-12-01T01:00:00Z_NA1057,1,Physical Flow,hour,2021-11-14T04:00:00+01:00,2021-11-14T05:00:00+01:00,BE-TSO-0001,21X-BE-A-A0A0A-Y,Fluxys Belgium,FNC-00034,Final consumers (BE) (Fluxys) Industrial clients L-zone,21Y000000000045A,entry,kWh/h,No injection in transmission network from Industiral clients,,,2025-02-20T13:19:03+01:00,,,,,,,,1,2021-10-01T01:00:00+02:00,,,,,
1Physical FlowhourBE-TSO-0001FNC-00034entrykWh/h2021-11-01T01:00:00Z2021-12-01T01:00:00Z_NA1058,1,Physical Flow,hour,2021-11-14T05:00:00+01:00,2021-11-14T06:00:00+01:00,BE-TSO-0001,21X-BE-A-A0A0A-Y,Fluxys Belgium,FNC-00034,Final consumers (BE) (Fluxys) Industrial clients L-zone,21Y000000000045A,entry,kWh/h,No injection in transmission network from Industiral clients,,,2025-02-20T13:19:03+01:00,,,,,,,,1,2021-10-01T01:00:00+02:00,,,,,
1Physical FlowhourBE-TSO-0001FNC-00034entrykWh/h2021-11-01T01:00:00Z2021-12-01T01:00:00Z_NA1059,1,Physical Flow,hour,2021-11-14T06:00:00+01:00,2021-11-14T07:00:00+01:00,BE-TSO-0001,21X-BE-A-A0A0A-Y,Fluxys Belgium,FNC-00034,Final consumers (BE) (Fluxys) Industrial clients L-zone,21Y000000000045A,entry,kWh/h,No injection in transmission network from Industiral clients,,,2025-02-20T13:19:03+01:00,,,,,,,,1,2021-10-01T01:00:00+02:00,,,,,
1Physical FlowhourBE-TSO-0001FNC-00034entrykWh/h2021-11-01T01:00:00Z2021-12-01T01:00:00Z_NA1060,1,Physical Flow,hour,2021-11-14T07:00:00+01:00,2021-11-14T08:00:00+01:00,BE-TSO-0001,21X-BE-A-A0A0A-Y,Fluxys Belgium,FNC-00034,Final consumers (BE) (Fluxys) Industrial clients L-zone,21Y000000000045A,entry,kWh/h,No injection in transmission network from Industiral clients,,,2025-02-20T13:19:03+01:00,,,,,,,,1,2021-10-01T01:00:00+02:00,,,,,
1Physical FlowhourBE-TSO-0001FNC-00034entrykWh/h2021-11-01T01:00:00Z2021-12-01T01:00:00Z_NA1061,1,Physical Flow,hour,2021-11-14T08:00:00+01:00,2021-11-14T09:00:00+01:00,BE-TSO-0001,21X-BE-A-A0A0A-Y,Fluxys Belgium,FNC-00034,Final consumers (BE) (Fluxys) Industrial clients L-zone,21Y000000000045A,entry,kWh/h,No injection in transmission network from Industiral clients,,,2025-02-20T13:19:03+01:00,,,,,,,,1,2021-10-01T01:00:00+02:00,,,,,
1Physical FlowhourBE-TSO-0001FNC-00034entrykWh/h2021-11-01T01:00:00Z2021-12-01T01:00:00Z_NA1062,1,Physical Flow,hour,2021-11-14T09:00:00+01:00,2021-11-14T10:00:00+01:00,BE-TSO-0001,21X-BE-A-A0A0A-Y,Fluxys Belgium,FNC-00034,Final consumers (BE) (Fluxys) Industrial clients L-zone,21Y000000000045A,entry,kWh/h,No injection in transmission network from Industiral clients,,,2025-02-20T13:19:03+01:00,,,,,,,,1,2021-10-01T01:00:00+02:00,,,,,
1Physical FlowhourBE-TSO-0001FNC-00034entrykWh/h2021-11-01T01:00:00Z2021-12-01T01:00:00Z_NA1063,1,Physical Flow,hour,2021-11-14T10:00:00+01:00,2021-11-14T11:00:00+01:00,BE-TSO-0001,21X-BE-A-A0A0A-Y,Fluxys Belgium,FNC-00034,Final consumers (BE) (Fluxys) Industrial clients L-zone,21Y000000000045A,entry,kWh/h,No injection in transmission network from Industiral clients,,,2025-02-20T13:19:03+01:00,,,,,,,,1,2021-10-01T01:00:00+02:00,,,,,
1Physical FlowhourBE-TSO-0001FNC-00034entrykWh/h2021-11-01T01:00:00Z2021-12-01T01:00:00Z_NA1064,1,Physical Flow,hour,2021-11-14T11:00:00+01:00,2021-11-14T12:00:00+01:00,BE-TSO-0001,21X-BE-A-A0A0A-Y,Fluxys Belgium,FNC-00034,Final consumers (BE) (Fluxys) Industrial clients L-zone,21Y000000000045A,entry,kWh/h,No injection in transmission network from Industiral clients,,,2025-02-20T13:19:03+01:00,,,,,,,,1,2021-10-01T01:00:00+02:00,,,,,
1Physical FlowhourBE-TSO-0001FNC-00034entrykWh/h2021-11-01T01:00:00Z2021-12-01T01:00:00Z_NA1065,1,Physical Flow,hour,2021-11-14T12:00:00+01:00,2021-11-14T13:00:00+01:00,BE-TSO-0001,21X-BE-A-A0A0A-Y,Fluxys Belgium,FNC-00034,Final consumers (BE) (Fluxys) Industrial clients L-zone,21Y000000000045A,entry,kWh/h,No injection in transmission network from Industiral clients,,,2025-02-20T13:19:03+01:00,,,,,,,,1,2021-10-01T01:00:00+02:00,,,,,
1Physical FlowhourBE-TSO-0001FNC-00034entrykWh/h2021-11-01T01:00:00Z2021-12-01T01:00:00Z_NA1066,1,Physical Flow,hour,2021-11-14T13:00:00+01:00,2021-11-14T14:00:00+01:00,BE-TSO-0001,21X-BE-A-A0A0A-Y,Fluxys Belgium,FNC-00034,Final consumers (BE) (Fluxys) Industrial clients L-zone,21Y000000000045A,entry,kWh/h,No injection in transmission network from Industiral clients,,,2025-02-20T13:19:03+01:00,,,,,,,,1,2021-10-01T01:00:00+02:00,,,,,
1Physical FlowhourBE-TSO-0001FNC-00034entrykWh/h2021-11-01T01:00:00Z2021-12-01T01:00:00Z_NA1067,1,Physical Flow,hour,2021-11-14T14:00:00+01:00,2021-11-14T15:00:00+01:00,BE-TSO-0001,21X-BE-A-A0A0A-Y,Fluxys Belgium,FNC-00034,Final consumers (BE) (Fluxys) Industrial clients L-zone,21Y000000000045A,entry,kWh/h,No injection in transmission network from Industiral clients,,,2025-02-20T13:19:03+01:00,,,,,,,,1,2021-10-01T01:00:00+02:00,,,,,
1Physical FlowhourBE-TSO-0001FNC-00034entrykWh/h2021-11-01T01:00:00Z2021-12-01T01:00:00Z_NA1068,1,Physical Flow,hour,2021-11-14T15:00:00+01:00,2021-11-14T16:00:00+01:00,BE-TSO-0001,21X-BE-A-A0A0A-Y,Fluxys Belgium,FNC-00034,Final consumers (BE) (Fluxys) Industrial clients L-zone,21Y000000000045A,entry,kWh/h,No injection in transmission network from Industiral clients,,,2025-02-20T13:19:03+01:00,,,,,,,,1,2021-10-01T01:00:00+02:00,,,,,
1Physical FlowhourBE-TSO-0001FNC-00034entrykWh/h2021-11-01T01:00:00Z2021-12-01T01:00:00Z_NA1069,1,Physical Flow,hour,2021-11-14T16:00:00+01:00,2021-11-14T17:00:00+01:00,BE-TSO-0001,21X-BE-A-A0A0A-Y,Fluxys Belgium,FNC-00034,Final consumers (BE) (Fluxys) Industrial clients L-zone,21Y000000000045A,entry,kWh/h,No injection in transmission network from Industiral clients,,,2025-02-20T13:19:03+01:00,,,,,,,,1,2021-10-01T01:00:00+02:00,,,,,
1Physical FlowhourBE-TSO-0001FNC-00034entrykWh/h2021-11-01T01:00:00Z2021-12-01T01:00:00Z_NA1070,1,Physical Flow,hour,2021-11-14T17:00:00+01:00,2021-11-14T18:00:00+01:00,BE-TSO-0001,21X-BE-A-A0A0A-Y,Fluxys Belgium,FNC-00034,Final consumers (BE) (Fluxys) Industrial clients L-zone,21Y000000000045A,entry,kWh/h,No injection in transmission network from Industiral clients,,,2025-02-20T13:19:03+01:00,,,,,,,,1,2021-10-01T01:00:00+02:00,,,,,
1Physical FlowhourBE-TSO-0001FNC-00034entrykWh/h2021-11-01T01:00:00Z2021-12-01T01:00:00Z_NA1071,1,Physical Flow,hour,2021-11-14T18:00:00+01:00,2021-11-14T19:00:00+01:00,BE-TSO-0001,21X-BE-A-A0A0A-Y,Fluxys Belgium,FNC-00034,Final consumers (BE) (Fluxys) Industrial clients L-zone,21Y000000000045A,entry,kWh/h,No injection in transmission network from Industiral clients,,,2025-02-20T13:19:03+01:00,,,,,,,,1,2021-10-01T01:00:00+02:00,,,,,
1Physical FlowhourBE-TSO-0001FNC-00034entrykWh/h2021-11-01T01:00:00Z2021-12-01T01:00:00Z_NA1072,1,Physical Flow,hour,2021-11-14T19:00:00+01:00,2021-11-14T20:00:00+01:00,BE-TSO-0001,21X-BE-A-A0A0A-Y,Fluxys Belgium,FNC-00034,Final consumers (BE) (Fluxys) Industrial clients L-zone,21Y000000000045A,entry,kWh/h,No injection in transmission network from Industiral clients,,,2025-02-20T13:19:03+01:00,,,,,,,,1,2021-10-01T01:00:00+02:00,,,,,
1Physical FlowhourBE-TSO-0001FNC-00034entrykWh/h2021-11-01T01:00:00Z2021-12-01T01:00:00Z_NA1073,1,Physical Flow,hour,2021-11-14T20:00:00+01:00,2021-11-14T21:00:00+01:00,BE-TSO-0001,21X-BE-A-A0A0A-Y,Fluxys Belgium,FNC-00034,Final consumers (BE) (Fluxys) Industrial clients L-zone,21Y000000000045A,entry,kWh/h,No injection in transmission network from Industiral clients,,,2025-02-20T13:19:03+01:00,,,,,,,,1,2021-10-01T01:00:00+02:00,,,,,
1Physical FlowhourBE-TSO-0001FNC-00034entrykWh/h2021-11-01T01:00:00Z2021-12-01T01:00:00Z_NA1074,1,Physical Flow,hour,2021-11-14T21:00:00+01:00,2021-11-14T22:00:00+01:00,BE-TSO-0001,21X-BE-A-A0A0A-Y,Fluxys Belgium,FNC-00034,Final consumers (BE) (Fluxys) Industrial clients L-zone,21Y000000000045A,entry,kWh/h,No injection in transmission network from Industiral clients,,,2025-02-20T13:19:03+01:00,,,,,,,,1,2021-10-01T01:00:00+02:00,,,,,
1Physical FlowhourBE-TSO-0001FNC-00034entrykWh/h2021-11-01T01:00:00Z2021-12-01T01:00:00Z_NA1075,1,Physical Flow,hour,2021-11-14T22:00:00+01:00,2021-11-14T23:00:00+01:00,BE-TSO-0001,21X-BE-A-A0A0A-Y,Fluxys Belgium,FNC-00034,Final consumers (BE) (Fluxys) Industrial clients L-zone,21Y000000000045A,entry,kWh/h,No injection in transmission network from Industiral clients,,,2025-02-20T13:19:03+01:00,,,,,,,,1,2021-10-01T01:00:00+02:00,,,,,
1Physical FlowhourBE-TSO-0001FNC-00034entrykWh/h2021-11-01T01:00:00Z2021-12-01T01:00:00Z_NA1076,1,Physical Flow,hour,2021-11-14T23:00:00+01:00,2021-11-15T00:00:00+01:00,BE-TSO-0001,21X-BE-A-A0A0A-Y,Fluxys Belgium,FNC-00034,Final consumers (BE) (Fluxys) Industrial clients L-zone,21Y000000000045A,entry,kWh/h,No injection in transmission network from Industiral clients,,,2025-02-20T13:19:03+01:00,,,,,,,,1,2021-10-01T01:00:00+02:00,,,,,
1Physical FlowhourBE-TSO-0001FNC-00034entrykWh/h2021-11-01T01:00:00Z2021-12-01T01:00:00Z_NA1077,1,Physical Flow,hour,2021-11-15T00:00:00+01:00,2021-11-15T01:00:00+01:00,BE-TSO-0001,21X-BE-A-A0A0A-Y,Fluxys Belgium,FNC-00034,Final consumers (BE) (Fluxys) Industrial clients L-zone,21Y000000000045A,entry,kWh/h,No injection in transmission network from Industiral clients,,,2025-02-20T13:19:03+01:00,,,,,,,,1,2021-10-01T01:00:00+02:00,,,,,
1Physical FlowhourBE-TSO-0001FNC-00034entrykWh/h2021-11-01T01:00:00Z2021-12-01T01:00:00Z_NA1078,1,Physical Flow,hour,2021-11-15T01:00:00+01:00,2021-11-15T02:00:00+01:00,BE-TSO-0001,21X-BE-A-A0A0A-Y,Fluxys Belgium,FNC-00034,Final consumers (BE) (Fluxys) Industrial clients L-zone,21Y000000000045A,entry,kWh/h,No injection in transmission network from Industiral clients,,,2025-02-20T13:19:03+01:00,,,,,,,,1,2021-10-01T01:00:00+02:00,,,,,
1Physical FlowhourBE-TSO-0001FNC-00034entrykWh/h2021-11-01T01:00:00Z2021-12-01T01:00:00Z_NA1079,1,Physical Flow,hour,2021-11-15T02:00:00+01:00,2021-11-15T03:00:00+01:00,BE-TSO-0001,21X-BE-A-A0A0A-Y,Fluxys Belgium,FNC-00034,Final consumers (BE) (Fluxys) Industrial clients L-zone,21Y000000000045A,entry,kWh/h,No injection in transmission network from Industiral clients,,,2025-02-20T13:19:03+01:00,,,,,,,,1,2021-10-01T01:00:00+02:00,,,,,
1Physical FlowhourBE-TSO-0001FNC-00034entrykWh/h2021-11-01T01:00:00Z2021-12-01T01:00:00Z_NA1080,1,Physical Flow,hour,2021-11-15T03:00:00+01:00,2021-11-15T04:00:00+01:00,BE-TSO-0001,21X-BE-A-A0A0A-Y,Fluxys Belgium,FNC-00034,Final consumers (BE) (Fluxys) Industrial clients L-zone,21Y000000000045A,entry,kWh/h,No injection in transmission network from Industiral clients,,,2025-02-20T13:19:03+01:00,,,,,,,,1,2021-10-01T01:00:00+02:00,,,,,
1Physical FlowhourBE-TSO-0001FNC-00034entrykWh/h2021-11-01T01:00:00Z2021-12-01T01:00:00Z_NA1081,1,Physical Flow,hour,2021-11-15T04:00:00+01:00,2021-11-15T05:00:00+01:00,BE-TSO-0001,21X-BE-A-A0A0A-Y,Fluxys Belgium,FNC-00034,Final consumers (BE) (Fluxys) Industrial clients L-zone,21Y000000000045A,entry,kWh/h,No injection in transmission network from Industiral clients,,,2025-02-20T13:19:03+01:00,,,,,,,,1,2021-10-01T01:00:00+02:00,,,,,
1Physical FlowhourBE-TSO-0001FNC-00034entrykWh/h2021-11-01T01:00:00Z2021-12-01T01:00:00Z_NA1082,1,Physical Flow,hour,2021-11-15T05:00:00+01:00,2021-11-15T06:00:00+01:00,BE-TSO-0001,21X-BE-A-A0A0A-Y,Fluxys Belgium,FNC-00034,Final consumers (BE) (Fluxys) Industrial clients L-zone,21Y000000000045A,entry,kWh/h,No injection in transmission network from Industiral clients,,,2025-02-20T13:19:03+01:00,,,,,,,,1,2021-10-01T01:00:00+02:00,,,,,
1Physical FlowhourBE-TSO-0001FNC-00034entrykWh/h2021-11-01T01:00:00Z2021-12-01T01:00:00Z_NA1083,1,Physical Flow,hour,2021-11-15T06:00:00+01:00,2021-11-15T07:00:00+01:00,BE-TSO-0001,21X-BE-A-A0A0A-Y,Fluxys Belgium,FNC-00034,Final consumers (BE) (Fluxys) Industrial clients L-zone,21Y000000000045A,entry,kWh/h,No injection in transmission network from Industiral clients,,,2025-02-20T13:19:03+01:00,,,,,,,,1,2021-10-01T01:00:00+02:00,,,,,
1Physical FlowhourBE-TSO-0001FNC-00034entrykWh/h2021-11-01T01:00:00Z2021-12-01T01:00:00Z_NA1084,1,Physical Flow,hour,2021-11-15T07:00:00+01:00,2021-11-15T08:00:00+01:00,BE-TSO-0001,21X-BE-A-A0A0A-Y,Fluxys Belgium,FNC-00034,Final consumers (BE) (Fluxys) Industrial clients L-zone,21Y000000000045A,entry,kWh/h,No injection in transmission network from Industiral clients,,,2025-02-20T13:19:03+01:00,,,,,,,,1,2021-10-01T01:00:00+02:00,,,,,
1Physical FlowhourBE-TSO-0001FNC-00034entrykWh/h2021-11-01T01:00:00Z2021-12-01T01:00:00Z_NA1085,1,Physical Flow,hour,2021-11-15T08:00:00+01:00,2021-11-15T09:00:00+01:00,BE-TSO-0001,21X-BE-A-A0A0A-Y,Fluxys Belgium,FNC-00034,Final consumers (BE) (Fluxys) Industrial clients L-zone,21Y000000000045A,entry,kWh/h,No injection in transmission network from Industiral clients,,,2025-02-20T13:19:03+01:00,,,,,,,,1,2021-10-01T01:00:00+02:00,,,,,
1Physical FlowhourBE-TSO-0001FNC-00034entrykWh/h2021-11-01T01:00:00Z2021-12-01T01:00:00Z_NA1086,1,Physical Flow,hour,2021-11-15T09:00:00+01:00,2021-11-15T10:00:00+01:00,BE-TSO-0001,21X-BE-A-A0A0A-Y,Fluxys Belgium,FNC-00034,Final consumers (BE) (Fluxys) Industrial clients L-zone,21Y000000000045A,entry,kWh/h,No injection in transmission network from Industiral clients,,,2025-02-20T13:19:03+01:00,,,,,,,,1,2021-10-01T01:00:00+02:00,,,,,
1Physical FlowhourBE-TSO-0001FNC-00034entrykWh/h2021-11-01T01:00:00Z2021-12-01T01:00:00Z_NA1087,1,Physical Flow,hour,2021-11-15T10:00:00+01:00,2021-11-15T11:00:00+01:00,BE-TSO-0001,21X-BE-A-A0A0A-Y,Fluxys Belgium,FNC-00034,Final consumers (BE) (Fluxys) Industrial clients L-zone,21Y000000000045A,entry,kWh/h,No injection in transmission network from Industiral clients,,,2025-02-20T13:19:03+01:00,,,,,,,,1,2021-10-01T01:00:00+02:00,,,,,
1Physical FlowhourBE-TSO-0001FNC-00034entrykWh/h2021-11-01T01:00:00Z2021-12-01T01:00:00Z_NA1088,1,Physical Flow,hour,2021-11-15T11:00:00+01:00,2021-11-15T12:00:00+01:00,BE-TSO-0001,21X-BE-A-A0A0A-Y,Fluxys Belgium,FNC-00034,Final consumers (BE) (Fluxys) Industrial clients L-zone,21Y000000000045A,entry,kWh/h,No injection in transmission network from Industiral clients,,,2025-02-20T13:19:03+01:00,,,,,,,,1,2021-10-01T01:00:00+02:00,,,,,
1Physical FlowhourBE-TSO-0001FNC-00034entrykWh/h2021-11-01T01:00:00Z2021-12-01T01:00:00Z_NA1089,1,Physical Flow,hour,2021-11-15T12:00:00+01:00,2021-11-15T13:00:00+01:00,BE-TSO-0001,21X-BE-A-A0A0A-Y,Fluxys Belgium,FNC-00034,Final consumers (BE) (Fluxys) Industrial clients L-zone,21Y000000000045A,entry,kWh/h,No injection in transmission network from Industiral clients,,,2025-02-20T13:19:03+01:00,,,,,,,,1,2021-10-01T01:00:00+02:00,,,,,
1Physical FlowhourBE-TSO-0001FNC-00034entrykWh/h2021-11-01T01:00:00Z2021-12-01T01:00:00Z_NA1090,1,Physical Flow,hour,2021-11-15T13:00:00+01:00,2021-11-15T14:00:00+01:00,BE-TSO-0001,21X-BE-A-A0A0A-Y,Fluxys Belgium,FNC-00034,Final consumers (BE) (Fluxys) Industrial clients L-zone,21Y000000000045A,entry,kWh/h,No injection in transmission network from Industiral clients,,,2025-02-20T13:19:03+01:00,,,,,,,,1,2021-10-01T01:00:00+02:00,,,,,
1Physical FlowhourBE-TSO-0001FNC-00034entrykWh/h2021-11-01T01:00:00Z2021-12-01T01:00:00Z_NA1091,1,Physical Flow,hour,2021-11-15T14:00:00+01:00,2021-11-15T15:00:00+01:00,BE-TSO-0001,21X-BE-A-A0A0A-Y,Fluxys Belgium,FNC-00034,Final consumers (BE) (Fluxys) Industrial clients L-zone,21Y000000000045A,entry,kWh/h,No injection in transmission network from Industiral clients,,,2025-02-20T13:19:03+01:00,,,,,,,,1,2021-10-01T01:00:00+02:00,,,,,
1Physical FlowhourBE-TSO-0001FNC-00034entrykWh/h2021-11-01T01:00:00Z2021-12-01T01:00:00Z_NA1092,1,Physical Flow,hour,2021-11-15T15:00:00+01:00,2021-11-15T16:00:00+01:00,BE-TSO-0001,21X-BE-A-A0A0A-Y,Fluxys Belgium,FNC-00034,Final consumers (BE) (Fluxys) Industrial clients L-zone,21Y000000000045A,entry,kWh/h,No injection in transmission network from Industiral clients,,,2025-02-20T13:19:03+01:00,,,,,,,,1,2021-10-01T01:00:00+02:00,,,,,
1Physical FlowhourBE-TSO-0001FNC-00034entrykWh/h2021-11-01T01:00:00Z2021-12-01T01:00:00Z_NA1093,1,Physical Flow,hour,2021-11-15T16:00:00+01:00,2021-11-15T17:00:00+01:00,BE-TSO-0001,21X-BE-A-A0A0A-Y,Fluxys Belgium,FNC-00034,Final consumers (BE) (Fluxys) Industrial clients L-zone,21Y000000000045A,entry,kWh/h,No injection in transmission network from Industiral clients,,,2025-02-20T13:19:03+01:00,,,,,,,,1,2021-10-01T01:00:00+02:00,,,,,
1Physical FlowhourBE-TSO-0001FNC-00034entrykWh/h2021-11-01T01:00:00Z2021-12-01T01:00:00Z_NA1094,1,Physical Flow,hour,2021-11-15T17:00:00+01:00,2021-11-15T18:00:00+01:00,BE-TSO-0001,21X-BE-A-A0A0A-Y,Fluxys Belgium,FNC-00034,Final consumers (BE) (Fluxys) Industrial clients L-zone,21Y000000000045A,entry,kWh/h,No injection in transmission network from Industiral clients,,,2025-02-20T13:19:03+01:00,,,,,,,,1,2021-10-01T01:00:00+02:00,,,,,
1Physical FlowhourBE-TSO-0001FNC-00034entrykWh/h2021-11-01T01:00:00Z2021-12-01T01:00:00Z_NA1095,1,Physical Flow,hour,2021-11-15T18:00:00+01:00,2021-11-15T19:00:00+01:00,BE-TSO-0001,21X-BE-A-A0A0A-Y,Fluxys Belgium,FNC-00034,Final consumers (BE) (Fluxys) Industrial clients L-zone,21Y000000000045A,entry,kWh/h,No injection in transmission network from Industiral clients,,,2025-02-20T13:19:03+01:00,,,,,,,,1,2021-10-01T01:00:00+02:00,,,,,
1Physical FlowhourBE-TSO-0001FNC-00034entrykWh/h2021-11-01T01:00:00Z2021-12-01T01:00:00Z_NA1096,1,Physical Flow,hour,2021-11-15T19:00:00+01:00,2021-11-15T20:00:00+01:00,BE-TSO-0001,21X-BE-A-A0A0A-Y,Fluxys Belgium,FNC-00034,Final consumers (BE) (Fluxys) Industrial clients L-zone,21Y000000000045A,entry,kWh/h,No injection in transmission network from Industiral clients,,,2025-02-20T13:19:03+01:00,,,,,,,,1,2021-10-01T01:00:00+02:00,,,,,
1Physical FlowhourBE-TSO-0001FNC-00034entrykWh/h2021-11-01T01:00:00Z2021-12-01T01:00:00Z_NA1097,1,Physical Flow,hour,2021-11-15T20:00:00+01:00,2021-11-15T21:00:00+01:00,BE-TSO-0001,21X-BE-A-A0A0A-Y,Fluxys Belgium,FNC-00034,Final consumers (BE) (Fluxys) Industrial clients L-zone,21Y000000000045A,entry,kWh/h,No injection in transmission network from Industiral clients,,,2025-02-20T13:19:03+01:00,,,,,,,,1,2021-10-01T01:00:00+02:00,,,,,
1Physical FlowhourBE-TSO-0001FNC-00034entrykWh/h2021-11-01T01:00:00Z2021-12-01T01:00:00Z_NA1098,1,Physical Flow,hour,2021-11-15T21:00:00+01:00,2021-11-15T22:00:00+01:00,BE-TSO-0001,21X-BE-A-A0A0A-Y,Fluxys Belgium,FNC-00034,Final consumers (BE) (Fluxys) Industrial clients L-zone,21Y000000000045A,entry,kWh/h,No injection in transmission network from Industiral clients,,,2025-02-20T13:19:03+01:00,,,,,,,,1,2021-10-01T01:00:00+02:00,,,,,
1Physical FlowhourBE-TSO-0001FNC-00034entrykWh/h2021-11-01T01:00:00Z2021-12-01T01:00:00Z_NA1099,1,Physical Flow,hour,2021-11-15T22:00:00+01:00,2021-11-15T23:00:00+01:00,BE-TSO-0001,21X-BE-A-A0A0A-Y,Fluxys Belgium,FNC-00034,Final consumers (BE) (Fluxys) Industrial clients L-zone,21Y000000000045A,entry,kWh/h,No injection in transmission network from Industiral clients,,,2025-02-20T13:19:03+01:00,,,,,,,,1,2021-10-01T01:00:00+02:00,,,,,
1Physical FlowhourBE-TSO-0001FNC-00034entrykWh/h2021-11-01T01:00:00Z2021-12-01T01:00:00Z_NA1100,1,Physical Flow,hour,2021-11-15T23:00:00+01:00,2021-11-16T00:00:00+01:00,BE-TSO-0001,21X-BE-A-A0A0A-Y,Fluxys Belgium,FNC-00034,Final consumers (BE) (Fluxys) Industrial clients L-zone,21Y000000000045A,entry,kWh/h,No injection in transmission network from Industiral clients,,,2025-02-20T13:19:03+01:00,,,,,,,,1,2021-10-01T01:00:00+02:00,,,,,
1Physical FlowhourBE-TSO-0001FNC-00034entrykWh/h2021-11-01T01:00:00Z2021-12-01T01:00:00Z_NA1101,1,Physical Flow,hour,2021-11-16T00:00:00+01:00,2021-11-16T01:00:00+01:00,BE-TSO-0001,21X-BE-A-A0A0A-Y,Fluxys Belgium,FNC-00034,Final consumers (BE) (Fluxys) Industrial clients L-zone,21Y000000000045A,entry,kWh/h,No injection in transmission network from Industiral clients,,,2025-02-20T13:19:03+01:00,,,,,,,,1,2021-10-01T01:00:00+02:00,,,,,
1Physical FlowhourBE-TSO-0001FNC-00034entrykWh/h2021-11-01T01:00:00Z2021-12-01T01:00:00Z_NA1102,1,Physical Flow,hour,2021-11-16T01:00:00+01:00,2021-11-16T02:00:00+01:00,BE-TSO-0001,21X-BE-A-A0A0A-Y,Fluxys Belgium,FNC-00034,Final consumers (BE) (Fluxys) Industrial clients L-zone,21Y000000000045A,entry,kWh/h,No injection in transmission network from Industiral clients,,,2025-02-20T13:19:03+01:00,,,,,,,,1,2021-10-01T01:00:00+02:00,,,,,
1Physical FlowhourBE-TSO-0001FNC-00034entrykWh/h2021-11-01T01:00:00Z2021-12-01T01:00:00Z_NA1103,1,Physical Flow,hour,2021-11-16T02:00:00+01:00,2021-11-16T03:00:00+01:00,BE-TSO-0001,21X-BE-A-A0A0A-Y,Fluxys Belgium,FNC-00034,Final consumers (BE) (Fluxys) Industrial clients L-zone,21Y000000000045A,entry,kWh/h,No injection in transmission network from Industiral clients,,,2025-02-20T13:19:03+01:00,,,,,,,,1,2021-10-01T01:00:00+02:00,,,,,
1Physical FlowhourBE-TSO-0001FNC-00034entrykWh/h2021-11-01T01:00:00Z2021-12-01T01:00:00Z_NA1104,1,Physical Flow,hour,2021-11-16T03:00:00+01:00,2021-11-16T04:00:00+01:00,BE-TSO-0001,21X-BE-A-A0A0A-Y,Fluxys Belgium,FNC-00034,Final consumers (BE) (Fluxys) Industrial clients L-zone,21Y000000000045A,entry,kWh/h,No injection in transmission network from Industiral clients,,,2025-02-20T13:19:03+01:00,,,,,,,,1,2021-10-01T01:00:00+02:00,,,,,
1Physical FlowhourBE-TSO-0001FNC-00034entrykWh/h2021-11-01T01:00:00Z2021-12-01T01:00:00Z_NA1105,1,Physical Flow,hour,2021-11-16T04:00:00+01:00,2021-11-16T05:00:00+01:00,BE-TSO-0001,21X-BE-A-A0A0A-Y,Fluxys Belgium,FNC-00034,Final consumers (BE) (Fluxys) Industrial clients L-zone,21Y000000000045A,entry,kWh/h,No injection in transmission network from Industiral clients,,,2025-02-20T13:19:03+01:00,,,,,,,,1,2021-10-01T01:00:00+02:00,,,,,
1Physical FlowhourBE-TSO-0001FNC-00034entrykWh/h2021-11-01T01:00:00Z2021-12-01T01:00:00Z_NA1106,1,Physical Flow,hour,2021-11-16T05:00:00+01:00,2021-11-16T06:00:00+01:00,BE-TSO-0001,21X-BE-A-A0A0A-Y,Fluxys Belgium,FNC-00034,Final consumers (BE) (Fluxys) Industrial clients L-zone,21Y000000000045A,entry,kWh/h,No injection in transmission network from Industiral clients,,,2025-02-20T13:19:03+01:00,,,,,,,,1,2021-10-01T01:00:00+02:00,,,,,
1Physical FlowhourBE-TSO-0001FNC-00034entrykWh/h2021-11-01T01:00:00Z2021-12-01T01:00:00Z_NA1107,1,Physical Flow,hour,2021-11-16T06:00:00+01:00,2021-11-16T07:00:00+01:00,BE-TSO-0001,21X-BE-A-A0A0A-Y,Fluxys Belgium,FNC-00034,Final consumers (BE) (Fluxys) Industrial clients L-zone,21Y000000000045A,entry,kWh/h,No injection in transmission network from Industiral clients,,,2025-02-20T13:19:03+01:00,,,,,,,,1,2021-10-01T01:00:00+02:00,,,,,
1Physical FlowhourBE-TSO-0001FNC-00034entrykWh/h2021-11-01T01:00:00Z2021-12-01T01:00:00Z_NA1108,1,Physical Flow,hour,2021-11-16T07:00:00+01:00,2021-11-16T08:00:00+01:00,BE-TSO-0001,21X-BE-A-A0A0A-Y,Fluxys Belgium,FNC-00034,Final consumers (BE) (Fluxys) Industrial clients L-zone,21Y000000000045A,entry,kWh/h,No injection in transmission network from Industiral clients,,,2025-02-20T13:19:03+01:00,,,,,,,,1,2021-10-01T01:00:00+02:00,,,,,
1Physical FlowhourBE-TSO-0001FNC-00034entrykWh/h2021-11-01T01:00:00Z2021-12-01T01:00:00Z_NA1109,1,Physical Flow,hour,2021-11-16T08:00:00+01:00,2021-11-16T09:00:00+01:00,BE-TSO-0001,21X-BE-A-A0A0A-Y,Fluxys Belgium,FNC-00034,Final consumers (BE) (Fluxys) Industrial clients L-zone,21Y000000000045A,entry,kWh/h,No injection in transmission network from Industiral clients,,,2025-02-20T13:19:03+01:00,,,,,,,,1,2021-10-01T01:00:00+02:00,,,,,
1Physical FlowhourBE-TSO-0001FNC-00034entrykWh/h2021-11-01T01:00:00Z2021-12-01T01:00:00Z_NA1110,1,Physical Flow,hour,2021-11-16T09:00:00+01:00,2021-11-16T10:00:00+01:00,BE-TSO-0001,21X-BE-A-A0A0A-Y,Fluxys Belgium,FNC-00034,Final consumers (BE) (Fluxys) Industrial clients L-zone,21Y000000000045A,entry,kWh/h,No injection in transmission network from Industiral clients,,,2025-02-20T13:19:03+01:00,,,,,,,,1,2021-10-01T01:00:00+02:00,,,,,
1Physical FlowhourBE-TSO-0001FNC-00034entrykWh/h2021-11-01T01:00:00Z2021-12-01T01:00:00Z_NA1111,1,Physical Flow,hour,2021-11-16T10:00:00+01:00,2021-11-16T11:00:00+01:00,BE-TSO-0001,21X-BE-A-A0A0A-Y,Fluxys Belgium,FNC-00034,Final consumers (BE) (Fluxys) Industrial clients L-zone,21Y000000000045A,entry,kWh/h,No injection in transmission network from Industiral clients,,,2025-02-20T13:19:03+01:00,,,,,,,,1,2021-10-01T01:00:00+02:00,,,,,
1Physical FlowhourBE-TSO-0001FNC-00034entrykWh/h2021-11-01T01:00:00Z2021-12-01T01:00:00Z_NA1112,1,Physical Flow,hour,2021-11-16T11:00:00+01:00,2021-11-16T12:00:00+01:00,BE-TSO-0001,21X-BE-A-A0A0A-Y,Fluxys Belgium,FNC-00034,Final consumers (BE) (Fluxys) Industrial clients L-zone,21Y000000000045A,entry,kWh/h,No injection in transmission network from Industiral clients,,,2025-02-20T13:19:03+01:00,,,,,,,,1,2021-10-01T01:00:00+02:00,,,,,
1Physical FlowhourBE-TSO-0001FNC-00034entrykWh/h2021-11-01T01:00:00Z2021-12-01T01:00:00Z_NA1113,1,Physical Flow,hour,2021-11-16T12:00:00+01:00,2021-11-16T13:00:00+01:00,BE-TSO-0001,21X-BE-A-A0A0A-Y,Fluxys Belgium,FNC-00034,Final consumers (BE) (Fluxys) Industrial clients L-zone,21Y000000000045A,entry,kWh/h,No injection in transmission network from Industiral clients,,,2025-02-20T13:19:03+01:00,,,,,,,,1,2021-10-01T01:00:00+02:00,,,,,
1Physical FlowhourBE-TSO-0001FNC-00034entrykWh/h2021-11-01T01:00:00Z2021-12-01T01:00:00Z_NA1114,1,Physical Flow,hour,2021-11-16T13:00:00+01:00,2021-11-16T14:00:00+01:00,BE-TSO-0001,21X-BE-A-A0A0A-Y,Fluxys Belgium,FNC-00034,Final consumers (BE) (Fluxys) Industrial clients L-zone,21Y000000000045A,entry,kWh/h,No injection in transmission network from Industiral clients,,,2025-02-20T13:19:03+01:00,,,,,,,,1,2021-10-01T01:00:00+02:00,,,,,
1Physical FlowhourBE-TSO-0001FNC-00034entrykWh/h2021-11-01T01:00:00Z2021-12-01T01:00:00Z_NA1115,1,Physical Flow,hour,2021-11-16T14:00:00+01:00,2021-11-16T15:00:00+01:00,BE-TSO-0001,21X-BE-A-A0A0A-Y,Fluxys Belgium,FNC-00034,Final consumers (BE) (Fluxys) Industrial clients L-zone,21Y000000000045A,entry,kWh/h,No injection in transmission network from Industiral clients,,,2025-02-20T13:19:03+01:00,,,,,,,,1,2021-10-01T01:00:00+02:00,,,,,
1Physical FlowhourBE-TSO-0001FNC-00034entrykWh/h2021-11-01T01:00:00Z2021-12-01T01:00:00Z_NA1116,1,Physical Flow,hour,2021-11-16T15:00:00+01:00,2021-11-16T16:00:00+01:00,BE-TSO-0001,21X-BE-A-A0A0A-Y,Fluxys Belgium,FNC-00034,Final consumers (BE) (Fluxys) Industrial clients L-zone,21Y000000000045A,entry,kWh/h,No injection in transmission network from Industiral clients,,,2025-02-20T13:19:03+01:00,,,,,,,,1,2021-10-01T01:00:00+02:00,,,,,
1Physical FlowhourBE-TSO-0001FNC-00034entrykWh/h2021-11-01T01:00:00Z2021-12-01T01:00:00Z_NA1117,1,Physical Flow,hour,2021-11-16T16:00:00+01:00,2021-11-16T17:00:00+01:00,BE-TSO-0001,21X-BE-A-A0A0A-Y,Fluxys Belgium,FNC-00034,Final consumers (BE) (Fluxys) Industrial clients L-zone,21Y000000000045A,entry,kWh/h,No injection in transmission network from Industiral clients,,,2025-02-20T13:19:03+01:00,,,,,,,,1,2021-10-01T01:00:00+02:00,,,,,
1Physical FlowhourBE-TSO-0001FNC-00034entrykWh/h2021-11-01T01:00:00Z2021-12-01T01:00:00Z_NA1118,1,Physical Flow,hour,2021-11-16T17:00:00+01:00,2021-11-16T18:00:00+01:00,BE-TSO-0001,21X-BE-A-A0A0A-Y,Fluxys Belgium,FNC-00034,Final consumers (BE) (Fluxys) Industrial clients L-zone,21Y000000000045A,entry,kWh/h,No injection in transmission network from Industiral clients,,,2025-02-20T13:19:03+01:00,,,,,,,,1,2021-10-01T01:00:00+02:00,,,,,
1Physical FlowhourBE-TSO-0001FNC-00034entrykWh/h2021-11-01T01:00:00Z2021-12-01T01:00:00Z_NA1119,1,Physical Flow,hour,2021-11-16T18:00:00+01:00,2021-11-16T19:00:00+01:00,BE-TSO-0001,21X-BE-A-A0A0A-Y,Fluxys Belgium,FNC-00034,Final consumers (BE) (Fluxys) Industrial clients L-zone,21Y000000000045A,entry,kWh/h,No injection in transmission network from Industiral clients,,,2025-02-20T13:19:03+01:00,,,,,,,,1,2021-10-01T01:00:00+02:00,,,,,
1Physical FlowhourBE-TSO-0001FNC-00034entrykWh/h2021-11-01T01:00:00Z2021-12-01T01:00:00Z_NA1120,1,Physical Flow,hour,2021-11-16T19:00:00+01:00,2021-11-16T20:00:00+01:00,BE-TSO-0001,21X-BE-A-A0A0A-Y,Fluxys Belgium,FNC-00034,Final consumers (BE) (Fluxys) Industrial clients L-zone,21Y000000000045A,entry,kWh/h,No injection in transmission network from Industiral clients,,,2025-02-20T13:19:03+01:00,,,,,,,,1,2021-10-01T01:00:00+02:00,,,,,
1Physical FlowhourBE-TSO-0001FNC-00034entrykWh/h2021-11-01T01:00:00Z2021-12-01T01:00:00Z_NA1121,1,Physical Flow,hour,2021-11-16T20:00:00+01:00,2021-11-16T21:00:00+01:00,BE-TSO-0001,21X-BE-A-A0A0A-Y,Fluxys Belgium,FNC-00034,Final consumers (BE) (Fluxys) Industrial clients L-zone,21Y000000000045A,entry,kWh/h,No injection in transmission network from Industiral clients,,,2025-02-20T13:19:03+01:00,,,,,,,,1,2021-10-01T01:00:00+02:00,,,,,
1Physical FlowhourBE-TSO-0001FNC-00034entrykWh/h2021-11-01T01:00:00Z2021-12-01T01:00:00Z_NA1122,1,Physical Flow,hour,2021-11-16T21:00:00+01:00,2021-11-16T22:00:00+01:00,BE-TSO-0001,21X-BE-A-A0A0A-Y,Fluxys Belgium,FNC-00034,Final consumers (BE) (Fluxys) Industrial clients L-zone,21Y000000000045A,entry,kWh/h,No injection in transmission network from Industiral clients,,,2025-02-20T13:19:03+01:00,,,,,,,,1,2021-10-01T01:00:00+02:00,,,,,
1Physical FlowhourBE-TSO-0001FNC-00034entrykWh/h2021-11-01T01:00:00Z2021-12-01T01:00:00Z_NA1123,1,Physical Flow,hour,2021-11-16T22:00:00+01:00,2021-11-16T23:00:00+01:00,BE-TSO-0001,21X-BE-A-A0A0A-Y,Fluxys Belgium,FNC-00034,Final consumers (BE) (Fluxys) Industrial clients L-zone,21Y000000000045A,entry,kWh/h,No injection in transmission network from Industiral clients,,,2025-02-20T13:19:03+01:00,,,,,,,,1,2021-10-01T01:00:00+02:00,,,,,
1Physical FlowhourBE-TSO-0001FNC-00034entrykWh/h2021-11-01T01:00:00Z2021-12-01T01:00:00Z_NA1124,1,Physical Flow,hour,2021-11-16T23:00:00+01:00,2021-11-17T00:00:00+01:00,BE-TSO-0001,21X-BE-A-A0A0A-Y,Fluxys Belgium,FNC-00034,Final consumers (BE) (Fluxys) Industrial clients L-zone,21Y000000000045A,entry,kWh/h,No injection in transmission network from Industiral clients,,,2025-02-20T13:19:03+01:00,,,,,,,,1,2021-10-01T01:00:00+02:00,,,,,
1Physical FlowhourBE-TSO-0001FNC-00034entrykWh/h2021-11-01T01:00:00Z2021-12-01T01:00:00Z_NA1125,1,Physical Flow,hour,2021-11-17T00:00:00+01:00,2021-11-17T01:00:00+01:00,BE-TSO-0001,21X-BE-A-A0A0A-Y,Fluxys Belgium,FNC-00034,Final consumers (BE) (Fluxys) Industrial clients L-zone,21Y000000000045A,entry,kWh/h,No injection in transmission network from Industiral clients,,,2025-02-20T13:19:03+01:00,,,,,,,,1,2021-10-01T01:00:00+02:00,,,,,
1Physical FlowhourBE-TSO-0001FNC-00034entrykWh/h2021-11-01T01:00:00Z2021-12-01T01:00:00Z_NA1126,1,Physical Flow,hour,2021-11-17T01:00:00+01:00,2021-11-17T02:00:00+01:00,BE-TSO-0001,21X-BE-A-A0A0A-Y,Fluxys Belgium,FNC-00034,Final consumers (BE) (Fluxys) Industrial clients L-zone,21Y000000000045A,entry,kWh/h,No injection in transmission network from Industiral clients,,,2025-02-20T13:19:03+01:00,,,,,,,,1,2021-10-01T01:00:00+02:00,,,,,
1Physical FlowhourBE-TSO-0001FNC-00034entrykWh/h2021-11-01T01:00:00Z2021-12-01T01:00:00Z_NA1127,1,Physical Flow,hour,2021-11-17T02:00:00+01:00,2021-11-17T03:00:00+01:00,BE-TSO-0001,21X-BE-A-A0A0A-Y,Fluxys Belgium,FNC-00034,Final consumers (BE) (Fluxys) Industrial clients L-zone,21Y000000000045A,entry,kWh/h,No injection in transmission network from Industiral clients,,,2025-02-20T13:19:03+01:00,,,,,,,,1,2021-10-01T01:00:00+02:00,,,,,
1Physical FlowhourBE-TSO-0001FNC-00034entrykWh/h2021-11-01T01:00:00Z2021-12-01T01:00:00Z_NA1128,1,Physical Flow,hour,2021-11-17T03:00:00+01:00,2021-11-17T04:00:00+01:00,BE-TSO-0001,21X-BE-A-A0A0A-Y,Fluxys Belgium,FNC-00034,Final consumers (BE) (Fluxys) Industrial clients L-zone,21Y000000000045A,entry,kWh/h,No injection in transmission network from Industiral clients,,,2025-02-20T13:19:03+01:00,,,,,,,,1,2021-10-01T01:00:00+02:00,,,,,
1Physical FlowhourBE-TSO-0001FNC-00034entrykWh/h2021-11-01T01:00:00Z2021-12-01T01:00:00Z_NA1129,1,Physical Flow,hour,2021-11-17T04:00:00+01:00,2021-11-17T05:00:00+01:00,BE-TSO-0001,21X-BE-A-A0A0A-Y,Fluxys Belgium,FNC-00034,Final consumers (BE) (Fluxys) Industrial clients L-zone,21Y000000000045A,entry,kWh/h,No injection in transmission network from Industiral clients,,,2025-02-20T13:19:03+01:00,,,,,,,,1,2021-10-01T01:00:00+02:00,,,,,
1Physical FlowhourBE-TSO-0001FNC-00034entrykWh/h2021-11-01T01:00:00Z2021-12-01T01:00:00Z_NA1130,1,Physical Flow,hour,2021-11-17T05:00:00+01:00,2021-11-17T06:00:00+01:00,BE-TSO-0001,21X-BE-A-A0A0A-Y,Fluxys Belgium,FNC-00034,Final consumers (BE) (Fluxys) Industrial clients L-zone,21Y000000000045A,entry,kWh/h,No injection in transmission network from Industiral clients,,,2025-02-20T13:19:03+01:00,,,,,,,,1,2021-10-01T01:00:00+02:00,,,,,
1Physical FlowhourBE-TSO-0001FNC-00034entrykWh/h2021-11-01T01:00:00Z2021-12-01T01:00:00Z_NA1131,1,Physical Flow,hour,2021-11-17T06:00:00+01:00,2021-11-17T07:00:00+01:00,BE-TSO-0001,21X-BE-A-A0A0A-Y,Fluxys Belgium,FNC-00034,Final consumers (BE) (Fluxys) Industrial clients L-zone,21Y000000000045A,entry,kWh/h,No injection in transmission network from Industiral clients,,,2025-02-20T13:19:03+01:00,,,,,,,,1,2021-10-01T01:00:00+02:00,,,,,
1Physical FlowhourBE-TSO-0001FNC-00034entrykWh/h2021-11-01T01:00:00Z2021-12-01T01:00:00Z_NA1132,1,Physical Flow,hour,2021-11-17T07:00:00+01:00,2021-11-17T08:00:00+01:00,BE-TSO-0001,21X-BE-A-A0A0A-Y,Fluxys Belgium,FNC-00034,Final consumers (BE) (Fluxys) Industrial clients L-zone,21Y000000000045A,entry,kWh/h,No injection in transmission network from Industiral clients,,,2025-02-20T13:19:03+01:00,,,,,,,,1,2021-10-01T01:00:00+02:00,,,,,
1Physical FlowhourBE-TSO-0001FNC-00034entrykWh/h2021-11-01T01:00:00Z2021-12-01T01:00:00Z_NA1133,1,Physical Flow,hour,2021-11-17T08:00:00+01:00,2021-11-17T09:00:00+01:00,BE-TSO-0001,21X-BE-A-A0A0A-Y,Fluxys Belgium,FNC-00034,Final consumers (BE) (Fluxys) Industrial clients L-zone,21Y000000000045A,entry,kWh/h,No injection in transmission network from Industiral clients,,,2025-02-20T13:19:03+01:00,,,,,,,,1,2021-10-01T01:00:00+02:00,,,,,
1Physical FlowhourBE-TSO-0001FNC-00034entrykWh/h2021-11-01T01:00:00Z2021-12-01T01:00:00Z_NA1134,1,Physical Flow,hour,2021-11-17T09:00:00+01:00,2021-11-17T10:00:00+01:00,BE-TSO-0001,21X-BE-A-A0A0A-Y,Fluxys Belgium,FNC-00034,Final consumers (BE) (Fluxys) Industrial clients L-zone,21Y000000000045A,entry,kWh/h,No injection in transmission network from Industiral clients,,,2025-02-20T13:19:03+01:00,,,,,,,,1,2021-10-01T01:00:00+02:00,,,,,
1Physical FlowhourBE-TSO-0001FNC-00034entrykWh/h2021-11-01T01:00:00Z2021-12-01T01:00:00Z_NA1135,1,Physical Flow,hour,2021-11-17T10:00:00+01:00,2021-11-17T11:00:00+01:00,BE-TSO-0001,21X-BE-A-A0A0A-Y,Fluxys Belgium,FNC-00034,Final consumers (BE) (Fluxys) Industrial clients L-zone,21Y000000000045A,entry,kWh/h,No injection in transmission network from Industiral clients,,,2025-02-20T13:19:03+01:00,,,,,,,,1,2021-10-01T01:00:00+02:00,,,,,
1Physical FlowhourBE-TSO-0001FNC-00034entrykWh/h2021-11-01T01:00:00Z2021-12-01T01:00:00Z_NA1136,1,Physical Flow,hour,2021-11-17T11:00:00+01:00,2021-11-17T12:00:00+01:00,BE-TSO-0001,21X-BE-A-A0A0A-Y,Fluxys Belgium,FNC-00034,Final consumers (BE) (Fluxys) Industrial clients L-zone,21Y000000000045A,entry,kWh/h,No injection in transmission network from Industiral clients,,,2025-02-20T13:19:03+01:00,,,,,,,,1,2021-10-01T01:00:00+02:00,,,,,
1Physical FlowhourBE-TSO-0001FNC-00034entrykWh/h2021-11-01T01:00:00Z2021-12-01T01:00:00Z_NA1137,1,Physical Flow,hour,2021-11-17T12:00:00+01:00,2021-11-17T13:00:00+01:00,BE-TSO-0001,21X-BE-A-A0A0A-Y,Fluxys Belgium,FNC-00034,Final consumers (BE) (Fluxys) Industrial clients L-zone,21Y000000000045A,entry,kWh/h,No injection in transmission network from Industiral clients,,,2025-02-20T13:19:03+01:00,,,,,,,,1,2021-10-01T01:00:00+02:00,,,,,
1Physical FlowhourBE-TSO-0001FNC-00034entrykWh/h2021-11-01T01:00:00Z2021-12-01T01:00:00Z_NA1138,1,Physical Flow,hour,2021-11-17T13:00:00+01:00,2021-11-17T14:00:00+01:00,BE-TSO-0001,21X-BE-A-A0A0A-Y,Fluxys Belgium,FNC-00034,Final consumers (BE) (Fluxys) Industrial clients L-zone,21Y000000000045A,entry,kWh/h,No injection in transmission network from Industiral clients,,,2025-02-20T13:19:03+01:00,,,,,,,,1,2021-10-01T01:00:00+02:00,,,,,
1Physical FlowhourBE-TSO-0001FNC-00034entrykWh/h2021-11-01T01:00:00Z2021-12-01T01:00:00Z_NA1139,1,Physical Flow,hour,2021-11-17T14:00:00+01:00,2021-11-17T15:00:00+01:00,BE-TSO-0001,21X-BE-A-A0A0A-Y,Fluxys Belgium,FNC-00034,Final consumers (BE) (Fluxys) Industrial clients L-zone,21Y000000000045A,entry,kWh/h,No injection in transmission network from Industiral clients,,,2025-02-20T13:19:03+01:00,,,,,,,,1,2021-10-01T01:00:00+02:00,,,,,
1Physical FlowhourBE-TSO-0001FNC-00034entrykWh/h2021-11-01T01:00:00Z2021-12-01T01:00:00Z_NA1140,1,Physical Flow,hour,2021-11-17T15:00:00+01:00,2021-11-17T16:00:00+01:00,BE-TSO-0001,21X-BE-A-A0A0A-Y,Fluxys Belgium,FNC-00034,Final consumers (BE) (Fluxys) Industrial clients L-zone,21Y000000000045A,entry,kWh/h,No injection in transmission network from Industiral clients,,,2025-02-20T13:19:03+01:00,,,,,,,,1,2021-10-01T01:00:00+02:00,,,,,
1Physical FlowhourBE-TSO-0001FNC-00034entrykWh/h2021-11-01T01:00:00Z2021-12-01T01:00:00Z_NA1141,1,Physical Flow,hour,2021-11-17T16:00:00+01:00,2021-11-17T17:00:00+01:00,BE-TSO-0001,21X-BE-A-A0A0A-Y,Fluxys Belgium,FNC-00034,Final consumers (BE) (Fluxys) Industrial clients L-zone,21Y000000000045A,entry,kWh/h,No injection in transmission network from Industiral clients,,,2025-02-20T13:19:03+01:00,,,,,,,,1,2021-10-01T01:00:00+02:00,,,,,
1Physical FlowhourBE-TSO-0001FNC-00034entrykWh/h2021-11-01T01:00:00Z2021-12-01T01:00:00Z_NA1142,1,Physical Flow,hour,2021-11-17T17:00:00+01:00,2021-11-17T18:00:00+01:00,BE-TSO-0001,21X-BE-A-A0A0A-Y,Fluxys Belgium,FNC-00034,Final consumers (BE) (Fluxys) Industrial clients L-zone,21Y000000000045A,entry,kWh/h,No injection in transmission network from Industiral clients,,,2025-02-20T13:19:03+01:00,,,,,,,,1,2021-10-01T01:00:00+02:00,,,,,
1Physical FlowhourBE-TSO-0001FNC-00034entrykWh/h2021-11-01T01:00:00Z2021-12-01T01:00:00Z_NA1143,1,Physical Flow,hour,2021-11-17T18:00:00+01:00,2021-11-17T19:00:00+01:00,BE-TSO-0001,21X-BE-A-A0A0A-Y,Fluxys Belgium,FNC-00034,Final consumers (BE) (Fluxys) Industrial clients L-zone,21Y000000000045A,entry,kWh/h,No injection in transmission network from Industiral clients,,,2025-02-20T13:19:03+01:00,,,,,,,,1,2021-10-01T01:00:00+02:00,,,,,
1Physical FlowhourBE-TSO-0001FNC-00034entrykWh/h2021-11-01T01:00:00Z2021-12-01T01:00:00Z_NA1144,1,Physical Flow,hour,2021-11-17T19:00:00+01:00,2021-11-17T20:00:00+01:00,BE-TSO-0001,21X-BE-A-A0A0A-Y,Fluxys Belgium,FNC-00034,Final consumers (BE) (Fluxys) Industrial clients L-zone,21Y000000000045A,entry,kWh/h,No injection in transmission network from Industiral clients,,,2025-02-20T13:19:03+01:00,,,,,,,,1,2021-10-01T01:00:00+02:00,,,,,
1Physical FlowhourBE-TSO-0001FNC-00034entrykWh/h2021-11-01T01:00:00Z2021-12-01T01:00:00Z_NA1145,1,Physical Flow,hour,2021-11-17T20:00:00+01:00,2021-11-17T21:00:00+01:00,BE-TSO-0001,21X-BE-A-A0A0A-Y,Fluxys Belgium,FNC-00034,Final consumers (BE) (Fluxys) Industrial clients L-zone,21Y000000000045A,entry,kWh/h,No injection in transmission network from Industiral clients,,,2025-02-20T13:19:03+01:00,,,,,,,,1,2021-10-01T01:00:00+02:00,,,,,
1Physical FlowhourBE-TSO-0001FNC-00034entrykWh/h2021-11-01T01:00:00Z2021-12-01T01:00:00Z_NA1146,1,Physical Flow,hour,2021-11-17T21:00:00+01:00,2021-11-17T22:00:00+01:00,BE-TSO-0001,21X-BE-A-A0A0A-Y,Fluxys Belgium,FNC-00034,Final consumers (BE) (Fluxys) Industrial clients L-zone,21Y000000000045A,entry,kWh/h,No injection in transmission network from Industiral clients,,,2025-02-20T13:19:03+01:00,,,,,,,,1,2021-10-01T01:00:00+02:00,,,,,
1Physical FlowhourBE-TSO-0001FNC-00034entrykWh/h2021-11-01T01:00:00Z2021-12-01T01:00:00Z_NA1147,1,Physical Flow,hour,2021-11-17T22:00:00+01:00,2021-11-17T23:00:00+01:00,BE-TSO-0001,21X-BE-A-A0A0A-Y,Fluxys Belgium,FNC-00034,Final consumers (BE) (Fluxys) Industrial clients L-zone,21Y000000000045A,entry,kWh/h,No injection in transmission network from Industiral clients,,,2025-02-20T13:19:03+01:00,,,,,,,,1,2021-10-01T01:00:00+02:00,,,,,
1Physical FlowhourBE-TSO-0001FNC-00034entrykWh/h2021-11-01T01:00:00Z2021-12-01T01:00:00Z_NA1148,1,Physical Flow,hour,2021-11-17T23:00:00+01:00,2021-11-18T00:00:00+01:00,BE-TSO-0001,21X-BE-A-A0A0A-Y,Fluxys Belgium,FNC-00034,Final consumers (BE) (Fluxys) Industrial clients L-zone,21Y000000000045A,entry,kWh/h,No injection in transmission network from Industiral clients,,,2025-02-20T13:19:03+01:00,,,,,,,,1,2021-10-01T01:00:00+02:00,,,,,
1Physical FlowhourBE-TSO-0001FNC-00034entrykWh/h2021-11-01T01:00:00Z2021-12-01T01:00:00Z_NA1149,1,Physical Flow,hour,2021-11-18T00:00:00+01:00,2021-11-18T01:00:00+01:00,BE-TSO-0001,21X-BE-A-A0A0A-Y,Fluxys Belgium,FNC-00034,Final consumers (BE) (Fluxys) Industrial clients L-zone,21Y000000000045A,entry,kWh/h,No injection in transmission network from Industiral clients,,,2025-02-20T13:19:03+01:00,,,,,,,,1,2021-10-01T01:00:00+02:00,,,,,
1Physical FlowhourBE-TSO-0001FNC-00034entrykWh/h2021-11-01T01:00:00Z2021-12-01T01:00:00Z_NA1150,1,Physical Flow,hour,2021-11-18T01:00:00+01:00,2021-11-18T02:00:00+01:00,BE-TSO-0001,21X-BE-A-A0A0A-Y,Fluxys Belgium,FNC-00034,Final consumers (BE) (Fluxys) Industrial clients L-zone,21Y000000000045A,entry,kWh/h,No injection in transmission network from Industiral clients,,,2025-02-20T13:19:03+01:00,,,,,,,,1,2021-10-01T01:00:00+02:00,,,,,
1Physical FlowhourBE-TSO-0001FNC-00034entrykWh/h2021-11-01T01:00:00Z2021-12-01T01:00:00Z_NA1151,1,Physical Flow,hour,2021-11-18T02:00:00+01:00,2021-11-18T03:00:00+01:00,BE-TSO-0001,21X-BE-A-A0A0A-Y,Fluxys Belgium,FNC-00034,Final consumers (BE) (Fluxys) Industrial clients L-zone,21Y000000000045A,entry,kWh/h,No injection in transmission network from Industiral clients,,,2025-02-20T13:19:03+01:00,,,,,,,,1,2021-10-01T01:00:00+02:00,,,,,
1Physical FlowhourBE-TSO-0001FNC-00034entrykWh/h2021-11-01T01:00:00Z2021-12-01T01:00:00Z_NA1152,1,Physical Flow,hour,2021-11-18T03:00:00+01:00,2021-11-18T04:00:00+01:00,BE-TSO-0001,21X-BE-A-A0A0A-Y,Fluxys Belgium,FNC-00034,Final consumers (BE) (Fluxys) Industrial clients L-zone,21Y000000000045A,entry,kWh/h,No injection in transmission network from Industiral clients,,,2025-02-20T13:19:03+01:00,,,,,,,,1,2021-10-01T01:00:00+02:00,,,,,
1Physical FlowhourBE-TSO-0001FNC-00034entrykWh/h2021-11-01T01:00:00Z2021-12-01T01:00:00Z_NA1153,1,Physical Flow,hour,2021-11-18T04:00:00+01:00,2021-11-18T05:00:00+01:00,BE-TSO-0001,21X-BE-A-A0A0A-Y,Fluxys Belgium,FNC-00034,Final consumers (BE) (Fluxys) Industrial clients L-zone,21Y000000000045A,entry,kWh/h,No injection in transmission network from Industiral clients,,,2025-02-20T13:19:03+01:00,,,,,,,,1,2021-10-01T01:00:00+02:00,,,,,
1Physical FlowhourBE-TSO-0001FNC-00034entrykWh/h2021-11-01T01:00:00Z2021-12-01T01:00:00Z_NA1154,1,Physical Flow,hour,2021-11-18T05:00:00+01:00,2021-11-18T06:00:00+01:00,BE-TSO-0001,21X-BE-A-A0A0A-Y,Fluxys Belgium,FNC-00034,Final consumers (BE) (Fluxys) Industrial clients L-zone,21Y000000000045A,entry,kWh/h,No injection in transmission network from Industiral clients,,,2025-02-20T13:19:03+01:00,,,,,,,,1,2021-10-01T01:00:00+02:00,,,,,
1Physical FlowhourBE-TSO-0001FNC-00034entrykWh/h2021-11-01T01:00:00Z2021-12-01T01:00:00Z_NA1155,1,Physical Flow,hour,2021-11-18T06:00:00+01:00,2021-11-18T07:00:00+01:00,BE-TSO-0001,21X-BE-A-A0A0A-Y,Fluxys Belgium,FNC-00034,Final consumers (BE) (Fluxys) Industrial clients L-zone,21Y000000000045A,entry,kWh/h,No injection in transmission network from Industiral clients,,,2025-02-20T13:19:03+01:00,,,,,,,,1,2021-10-01T01:00:00+02:00,,,,,
1Physical FlowhourBE-TSO-0001FNC-00034entrykWh/h2021-11-01T01:00:00Z2021-12-01T01:00:00Z_NA1156,1,Physical Flow,hour,2021-11-18T07:00:00+01:00,2021-11-18T08:00:00+01:00,BE-TSO-0001,21X-BE-A-A0A0A-Y,Fluxys Belgium,FNC-00034,Final consumers (BE) (Fluxys) Industrial clients L-zone,21Y000000000045A,entry,kWh/h,No injection in transmission network from Industiral clients,,,2025-02-20T13:19:03+01:00,,,,,,,,1,2021-10-01T01:00:00+02:00,,,,,
1Physical FlowhourBE-TSO-0001FNC-00034entrykWh/h2021-11-01T01:00:00Z2021-12-01T01:00:00Z_NA1157,1,Physical Flow,hour,2021-11-18T08:00:00+01:00,2021-11-18T09:00:00+01:00,BE-TSO-0001,21X-BE-A-A0A0A-Y,Fluxys Belgium,FNC-00034,Final consumers (BE) (Fluxys) Industrial clients L-zone,21Y000000000045A,entry,kWh/h,No injection in transmission network from Industiral clients,,,2025-02-20T13:19:03+01:00,,,,,,,,1,2021-10-01T01:00:00+02:00,,,,,
1Physical FlowhourBE-TSO-0001FNC-00034entrykWh/h2021-11-01T01:00:00Z2021-12-01T01:00:00Z_NA1158,1,Physical Flow,hour,2021-11-18T09:00:00+01:00,2021-11-18T10:00:00+01:00,BE-TSO-0001,21X-BE-A-A0A0A-Y,Fluxys Belgium,FNC-00034,Final consumers (BE) (Fluxys) Industrial clients L-zone,21Y000000000045A,entry,kWh/h,No injection in transmission network from Industiral clients,,,2025-02-20T13:19:03+01:00,,,,,,,,1,2021-10-01T01:00:00+02:00,,,,,
1Physical FlowhourBE-TSO-0001FNC-00034entrykWh/h2021-11-01T01:00:00Z2021-12-01T01:00:00Z_NA1159,1,Physical Flow,hour,2021-11-18T10:00:00+01:00,2021-11-18T11:00:00+01:00,BE-TSO-0001,21X-BE-A-A0A0A-Y,Fluxys Belgium,FNC-00034,Final consumers (BE) (Fluxys) Industrial clients L-zone,21Y000000000045A,entry,kWh/h,No injection in transmission network from Industiral clients,,,2025-02-20T13:19:03+01:00,,,,,,,,1,2021-10-01T01:00:00+02:00,,,,,
1Physical FlowhourBE-TSO-0001FNC-00034entrykWh/h2021-11-01T01:00:00Z2021-12-01T01:00:00Z_NA1160,1,Physical Flow,hour,2021-11-18T11:00:00+01:00,2021-11-18T12:00:00+01:00,BE-TSO-0001,21X-BE-A-A0A0A-Y,Fluxys Belgium,FNC-00034,Final consumers (BE) (Fluxys) Industrial clients L-zone,21Y000000000045A,entry,kWh/h,No injection in transmission network from Industiral clients,,,2025-02-20T13:19:03+01:00,,,,,,,,1,2021-10-01T01:00:00+02:00,,,,,
1Physical FlowhourBE-TSO-0001FNC-00034entrykWh/h2021-11-01T01:00:00Z2021-12-01T01:00:00Z_NA1161,1,Physical Flow,hour,2021-11-18T12:00:00+01:00,2021-11-18T13:00:00+01:00,BE-TSO-0001,21X-BE-A-A0A0A-Y,Fluxys Belgium,FNC-00034,Final consumers (BE) (Fluxys) Industrial clients L-zone,21Y000000000045A,entry,kWh/h,No injection in transmission network from Industiral clients,,,2025-02-20T13:19:03+01:00,,,,,,,,1,2021-10-01T01:00:00+02:00,,,,,
1Physical FlowhourBE-TSO-0001FNC-00034entrykWh/h2021-11-01T01:00:00Z2021-12-01T01:00:00Z_NA1162,1,Physical Flow,hour,2021-11-18T13:00:00+01:00,2021-11-18T14:00:00+01:00,BE-TSO-0001,21X-BE-A-A0A0A-Y,Fluxys Belgium,FNC-00034,Final consumers (BE) (Fluxys) Industrial clients L-zone,21Y000000000045A,entry,kWh/h,No injection in transmission network from Industiral clients,,,2025-02-20T13:19:03+01:00,,,,,,,,1,2021-10-01T01:00:00+02:00,,,,,
1Physical FlowhourBE-TSO-0001FNC-00034entrykWh/h2021-11-01T01:00:00Z2021-12-01T01:00:00Z_NA1163,1,Physical Flow,hour,2021-11-18T14:00:00+01:00,2021-11-18T15:00:00+01:00,BE-TSO-0001,21X-BE-A-A0A0A-Y,Fluxys Belgium,FNC-00034,Final consumers (BE) (Fluxys) Industrial clients L-zone,21Y000000000045A,entry,kWh/h,No injection in transmission network from Industiral clients,,,2025-02-20T13:19:03+01:00,,,,,,,,1,2021-10-01T01:00:00+02:00,,,,,
1Physical FlowhourBE-TSO-0001FNC-00034entrykWh/h2021-11-01T01:00:00Z2021-12-01T01:00:00Z_NA1164,1,Physical Flow,hour,2021-11-18T15:00:00+01:00,2021-11-18T16:00:00+01:00,BE-TSO-0001,21X-BE-A-A0A0A-Y,Fluxys Belgium,FNC-00034,Final consumers (BE) (Fluxys) Industrial clients L-zone,21Y000000000045A,entry,kWh/h,No injection in transmission network from Industiral clients,,,2025-02-20T13:19:03+01:00,,,,,,,,1,2021-10-01T01:00:00+02:00,,,,,
1Physical FlowhourBE-TSO-0001FNC-00034entrykWh/h2021-11-01T01:00:00Z2021-12-01T01:00:00Z_NA1165,1,Physical Flow,hour,2021-11-18T16:00:00+01:00,2021-11-18T17:00:00+01:00,BE-TSO-0001,21X-BE-A-A0A0A-Y,Fluxys Belgium,FNC-00034,Final consumers (BE) (Fluxys) Industrial clients L-zone,21Y000000000045A,entry,kWh/h,No injection in transmission network from Industiral clients,,,2025-02-20T13:19:03+01:00,,,,,,,,1,2021-10-01T01:00:00+02:00,,,,,
1Physical FlowhourBE-TSO-0001FNC-00034entrykWh/h2021-11-01T01:00:00Z2021-12-01T01:00:00Z_NA1166,1,Physical Flow,hour,2021-11-18T17:00:00+01:00,2021-11-18T18:00:00+01:00,BE-TSO-0001,21X-BE-A-A0A0A-Y,Fluxys Belgium,FNC-00034,Final consumers (BE) (Fluxys) Industrial clients L-zone,21Y000000000045A,entry,kWh/h,No injection in transmission network from Industiral clients,,,2025-02-20T13:19:03+01:00,,,,,,,,1,2021-10-01T01:00:00+02:00,,,,,
1Physical FlowhourBE-TSO-0001FNC-00034entrykWh/h2021-11-01T01:00:00Z2021-12-01T01:00:00Z_NA1167,1,Physical Flow,hour,2021-11-18T18:00:00+01:00,2021-11-18T19:00:00+01:00,BE-TSO-0001,21X-BE-A-A0A0A-Y,Fluxys Belgium,FNC-00034,Final consumers (BE) (Fluxys) Industrial clients L-zone,21Y000000000045A,entry,kWh/h,No injection in transmission network from Industiral clients,,,2025-02-20T13:19:03+01:00,,,,,,,,1,2021-10-01T01:00:00+02:00,,,,,
1Physical FlowhourBE-TSO-0001FNC-00034entrykWh/h2021-11-01T01:00:00Z2021-12-01T01:00:00Z_NA1168,1,Physical Flow,hour,2021-11-18T19:00:00+01:00,2021-11-18T20:00:00+01:00,BE-TSO-0001,21X-BE-A-A0A0A-Y,Fluxys Belgium,FNC-00034,Final consumers (BE) (Fluxys) Industrial clients L-zone,21Y000000000045A,entry,kWh/h,No injection in transmission network from Industiral clients,,,2025-02-20T13:19:03+01:00,,,,,,,,1,2021-10-01T01:00:00+02:00,,,,,
1Physical FlowhourBE-TSO-0001FNC-00034entrykWh/h2021-11-01T01:00:00Z2021-12-01T01:00:00Z_NA1169,1,Physical Flow,hour,2021-11-18T20:00:00+01:00,2021-11-18T21:00:00+01:00,BE-TSO-0001,21X-BE-A-A0A0A-Y,Fluxys Belgium,FNC-00034,Final consumers (BE) (Fluxys) Industrial clients L-zone,21Y000000000045A,entry,kWh/h,No injection in transmission network from Industiral clients,,,2025-02-20T13:19:03+01:00,,,,,,,,1,2021-10-01T01:00:00+02:00,,,,,
1Physical FlowhourBE-TSO-0001FNC-00034entrykWh/h2021-11-01T01:00:00Z2021-12-01T01:00:00Z_NA1170,1,Physical Flow,hour,2021-11-18T21:00:00+01:00,2021-11-18T22:00:00+01:00,BE-TSO-0001,21X-BE-A-A0A0A-Y,Fluxys Belgium,FNC-00034,Final consumers (BE) (Fluxys) Industrial clients L-zone,21Y000000000045A,entry,kWh/h,No injection in transmission network from Industiral clients,,,2025-02-20T13:19:03+01:00,,,,,,,,1,2021-10-01T01:00:00+02:00,,,,,
1Physical FlowhourBE-TSO-0001FNC-00034entrykWh/h2021-11-01T01:00:00Z2021-12-01T01:00:00Z_NA1171,1,Physical Flow,hour,2021-11-18T22:00:00+01:00,2021-11-18T23:00:00+01:00,BE-TSO-0001,21X-BE-A-A0A0A-Y,Fluxys Belgium,FNC-00034,Final consumers (BE) (Fluxys) Industrial clients L-zone,21Y000000000045A,entry,kWh/h,No injection in transmission network from Industiral clients,,,2025-02-20T13:19:03+01:00,,,,,,,,1,2021-10-01T01:00:00+02:00,,,,,
1Physical FlowhourBE-TSO-0001FNC-00034entrykWh/h2021-11-01T01:00:00Z2021-12-01T01:00:00Z_NA1172,1,Physical Flow,hour,2021-11-18T23:00:00+01:00,2021-11-19T00:00:00+01:00,BE-TSO-0001,21X-BE-A-A0A0A-Y,Fluxys Belgium,FNC-00034,Final consumers (BE) (Fluxys) Industrial clients L-zone,21Y000000000045A,entry,kWh/h,No injection in transmission network from Industiral clients,,,2025-02-20T13:19:03+01:00,,,,,,,,1,2021-10-01T01:00:00+02:00,,,,,
1Physical FlowhourBE-TSO-0001FNC-00034entrykWh/h2021-11-01T01:00:00Z2021-12-01T01:00:00Z_NA1173,1,Physical Flow,hour,2021-11-19T00:00:00+01:00,2021-11-19T01:00:00+01:00,BE-TSO-0001,21X-BE-A-A0A0A-Y,Fluxys Belgium,FNC-00034,Final consumers (BE) (Fluxys) Industrial clients L-zone,21Y000000000045A,entry,kWh/h,No injection in transmission network from Industiral clients,,,2025-02-20T13:19:03+01:00,,,,,,,,1,2021-10-01T01:00:00+02:00,,,,,
1Physical FlowhourBE-TSO-0001FNC-00034entrykWh/h2021-11-01T01:00:00Z2021-12-01T01:00:00Z_NA1174,1,Physical Flow,hour,2021-11-19T01:00:00+01:00,2021-11-19T02:00:00+01:00,BE-TSO-0001,21X-BE-A-A0A0A-Y,Fluxys Belgium,FNC-00034,Final consumers (BE) (Fluxys) Industrial clients L-zone,21Y000000000045A,entry,kWh/h,No injection in transmission network from Industiral clients,,,2025-02-20T13:19:03+01:00,,,,,,,,1,2021-10-01T01:00:00+02:00,,,,,
1Physical FlowhourBE-TSO-0001FNC-00034entrykWh/h2021-11-01T01:00:00Z2021-12-01T01:00:00Z_NA1175,1,Physical Flow,hour,2021-11-19T02:00:00+01:00,2021-11-19T03:00:00+01:00,BE-TSO-0001,21X-BE-A-A0A0A-Y,Fluxys Belgium,FNC-00034,Final consumers (BE) (Fluxys) Industrial clients L-zone,21Y000000000045A,entry,kWh/h,No injection in transmission network from Industiral clients,,,2025-02-20T13:19:03+01:00,,,,,,,,1,2021-10-01T01:00:00+02:00,,,,,
1Physical FlowhourBE-TSO-0001FNC-00034entrykWh/h2021-11-01T01:00:00Z2021-12-01T01:00:00Z_NA1176,1,Physical Flow,hour,2021-11-19T03:00:00+01:00,2021-11-19T04:00:00+01:00,BE-TSO-0001,21X-BE-A-A0A0A-Y,Fluxys Belgium,FNC-00034,Final consumers (BE) (Fluxys) Industrial clients L-zone,21Y000000000045A,entry,kWh/h,No injection in transmission network from Industiral clients,,,2025-02-20T13:19:03+01:00,,,,,,,,1,2021-10-01T01:00:00+02:00,,,,,
1Physical FlowhourBE-TSO-0001FNC-00034entrykWh/h2021-11-01T01:00:00Z2021-12-01T01:00:00Z_NA1177,1,Physical Flow,hour,2021-11-19T04:00:00+01:00,2021-11-19T05:00:00+01:00,BE-TSO-0001,21X-BE-A-A0A0A-Y,Fluxys Belgium,FNC-00034,Final consumers (BE) (Fluxys) Industrial clients L-zone,21Y000000000045A,entry,kWh/h,No injection in transmission network from Industiral clients,,,2025-02-20T13:19:03+01:00,,,,,,,,1,2021-10-01T01:00:00+02:00,,,,,
1Physical FlowhourBE-TSO-0001FNC-00034entrykWh/h2021-11-01T01:00:00Z2021-12-01T01:00:00Z_NA1178,1,Physical Flow,hour,2021-11-19T05:00:00+01:00,2021-11-19T06:00:00+01:00,BE-TSO-0001,21X-BE-A-A0A0A-Y,Fluxys Belgium,FNC-00034,Final consumers (BE) (Fluxys) Industrial clients L-zone,21Y000000000045A,entry,kWh/h,No injection in transmission network from Industiral clients,,,2025-02-20T13:19:03+01:00,,,,,,,,1,2021-10-01T01:00:00+02:00,,,,,
1Physical FlowhourBE-TSO-0001FNC-00034entrykWh/h2021-11-01T01:00:00Z2021-12-01T01:00:00Z_NA1179,1,Physical Flow,hour,2021-11-19T06:00:00+01:00,2021-11-19T07:00:00+01:00,BE-TSO-0001,21X-BE-A-A0A0A-Y,Fluxys Belgium,FNC-00034,Final consumers (BE) (Fluxys) Industrial clients L-zone,21Y000000000045A,entry,kWh/h,No injection in transmission network from Industiral clients,,,2025-02-20T13:19:03+01:00,,,,,,,,1,2021-10-01T01:00:00+02:00,,,,,
1Physical FlowhourBE-TSO-0001FNC-00034entrykWh/h2021-11-01T01:00:00Z2021-12-01T01:00:00Z_NA1180,1,Physical Flow,hour,2021-11-19T07:00:00+01:00,2021-11-19T08:00:00+01:00,BE-TSO-0001,21X-BE-A-A0A0A-Y,Fluxys Belgium,FNC-00034,Final consumers (BE) (Fluxys) Industrial clients L-zone,21Y000000000045A,entry,kWh/h,No injection in transmission network from Industiral clients,,,2025-02-20T13:19:03+01:00,,,,,,,,1,2021-10-01T01:00:00+02:00,,,,,
1Physical FlowhourBE-TSO-0001FNC-00034entrykWh/h2021-11-01T01:00:00Z2021-12-01T01:00:00Z_NA1181,1,Physical Flow,hour,2021-11-19T08:00:00+01:00,2021-11-19T09:00:00+01:00,BE-TSO-0001,21X-BE-A-A0A0A-Y,Fluxys Belgium,FNC-00034,Final consumers (BE) (Fluxys) Industrial clients L-zone,21Y000000000045A,entry,kWh/h,No injection in transmission network from Industiral clients,,,2025-02-20T13:19:03+01:00,,,,,,,,1,2021-10-01T01:00:00+02:00,,,,,
1Physical FlowhourBE-TSO-0001FNC-00034entrykWh/h2021-11-01T01:00:00Z2021-12-01T01:00:00Z_NA1182,1,Physical Flow,hour,2021-11-19T09:00:00+01:00,2021-11-19T10:00:00+01:00,BE-TSO-0001,21X-BE-A-A0A0A-Y,Fluxys Belgium,FNC-00034,Final consumers (BE) (Fluxys) Industrial clients L-zone,21Y000000000045A,entry,kWh/h,No injection in transmission network from Industiral clients,,,2025-02-20T13:19:03+01:00,,,,,,,,1,2021-10-01T01:00:00+02:00,,,,,
1Physical FlowhourBE-TSO-0001FNC-00034entrykWh/h2021-11-01T01:00:00Z2021-12-01T01:00:00Z_NA1183,1,Physical Flow,hour,2021-11-19T10:00:00+01:00,2021-11-19T11:00:00+01:00,BE-TSO-0001,21X-BE-A-A0A0A-Y,Fluxys Belgium,FNC-00034,Final consumers (BE) (Fluxys) Industrial clients L-zone,21Y000000000045A,entry,kWh/h,No injection in transmission network from Industiral clients,,,2025-02-20T13:19:03+01:00,,,,,,,,1,2021-10-01T01:00:00+02:00,,,,,
1Physical FlowhourBE-TSO-0001FNC-00034entrykWh/h2021-11-01T01:00:00Z2021-12-01T01:00:00Z_NA1184,1,Physical Flow,hour,2021-11-19T11:00:00+01:00,2021-11-19T12:00:00+01:00,BE-TSO-0001,21X-BE-A-A0A0A-Y,Fluxys Belgium,FNC-00034,Final consumers (BE) (Fluxys) Industrial clients L-zone,21Y000000000045A,entry,kWh/h,No injection in transmission network from Industiral clients,,,2025-02-20T13:19:03+01:00,,,,,,,,1,2021-10-01T01:00:00+02:00,,,,,
1Physical FlowhourBE-TSO-0001FNC-00034entrykWh/h2021-11-01T01:00:00Z2021-12-01T01:00:00Z_NA1185,1,Physical Flow,hour,2021-11-19T12:00:00+01:00,2021-11-19T13:00:00+01:00,BE-TSO-0001,21X-BE-A-A0A0A-Y,Fluxys Belgium,FNC-00034,Final consumers (BE) (Fluxys) Industrial clients L-zone,21Y000000000045A,entry,kWh/h,No injection in transmission network from Industiral clients,,,2025-02-20T13:19:03+01:00,,,,,,,,1,2021-10-01T01:00:00+02:00,,,,,
1Physical FlowhourBE-TSO-0001FNC-00034entrykWh/h2021-11-01T01:00:00Z2021-12-01T01:00:00Z_NA1186,1,Physical Flow,hour,2021-11-19T13:00:00+01:00,2021-11-19T14:00:00+01:00,BE-TSO-0001,21X-BE-A-A0A0A-Y,Fluxys Belgium,FNC-00034,Final consumers (BE) (Fluxys) Industrial clients L-zone,21Y000000000045A,entry,kWh/h,No injection in transmission network from Industiral clients,,,2025-02-20T13:19:03+01:00,,,,,,,,1,2021-10-01T01:00:00+02:00,,,,,
1Physical FlowhourBE-TSO-0001FNC-00034entrykWh/h2021-11-01T01:00:00Z2021-12-01T01:00:00Z_NA1187,1,Physical Flow,hour,2021-11-19T14:00:00+01:00,2021-11-19T15:00:00+01:00,BE-TSO-0001,21X-BE-A-A0A0A-Y,Fluxys Belgium,FNC-00034,Final consumers (BE) (Fluxys) Industrial clients L-zone,21Y000000000045A,entry,kWh/h,No injection in transmission network from Industiral clients,,,2025-02-20T13:19:03+01:00,,,,,,,,1,2021-10-01T01:00:00+02:00,,,,,
1Physical FlowhourBE-TSO-0001FNC-00034entrykWh/h2021-11-01T01:00:00Z2021-12-01T01:00:00Z_NA1188,1,Physical Flow,hour,2021-11-19T15:00:00+01:00,2021-11-19T16:00:00+01:00,BE-TSO-0001,21X-BE-A-A0A0A-Y,Fluxys Belgium,FNC-00034,Final consumers (BE) (Fluxys) Industrial clients L-zone,21Y000000000045A,entry,kWh/h,No injection in transmission network from Industiral clients,,,2025-02-20T13:19:03+01:00,,,,,,,,1,2021-10-01T01:00:00+02:00,,,,,
1Physical FlowhourBE-TSO-0001FNC-00034entrykWh/h2021-11-01T01:00:00Z2021-12-01T01:00:00Z_NA1189,1,Physical Flow,hour,2021-11-19T16:00:00+01:00,2021-11-19T17:00:00+01:00,BE-TSO-0001,21X-BE-A-A0A0A-Y,Fluxys Belgium,FNC-00034,Final consumers (BE) (Fluxys) Industrial clients L-zone,21Y000000000045A,entry,kWh/h,No injection in transmission network from Industiral clients,,,2025-02-20T13:19:03+01:00,,,,,,,,1,2021-10-01T01:00:00+02:00,,,,,
1Physical FlowhourBE-TSO-0001FNC-00034entrykWh/h2021-11-01T01:00:00Z2021-12-01T01:00:00Z_NA1190,1,Physical Flow,hour,2021-11-19T17:00:00+01:00,2021-11-19T18:00:00+01:00,BE-TSO-0001,21X-BE-A-A0A0A-Y,Fluxys Belgium,FNC-00034,Final consumers (BE) (Fluxys) Industrial clients L-zone,21Y000000000045A,entry,kWh/h,No injection in transmission network from Industiral clients,,,2025-02-20T13:19:03+01:00,,,,,,,,1,2021-10-01T01:00:00+02:00,,,,,
1Physical FlowhourBE-TSO-0001FNC-00034entrykWh/h2021-11-01T01:00:00Z2021-12-01T01:00:00Z_NA1191,1,Physical Flow,hour,2021-11-19T18:00:00+01:00,2021-11-19T19:00:00+01:00,BE-TSO-0001,21X-BE-A-A0A0A-Y,Fluxys Belgium,FNC-00034,Final consumers (BE) (Fluxys) Industrial clients L-zone,21Y000000000045A,entry,kWh/h,No injection in transmission network from Industiral clients,,,2025-02-20T13:19:03+01:00,,,,,,,,1,2021-10-01T01:00:00+02:00,,,,,
1Physical FlowhourBE-TSO-0001FNC-00034entrykWh/h2021-11-01T01:00:00Z2021-12-01T01:00:00Z_NA1192,1,Physical Flow,hour,2021-11-19T19:00:00+01:00,2021-11-19T20:00:00+01:00,BE-TSO-0001,21X-BE-A-A0A0A-Y,Fluxys Belgium,FNC-00034,Final consumers (BE) (Fluxys) Industrial clients L-zone,21Y000000000045A,entry,kWh/h,No injection in transmission network from Industiral clients,,,2025-02-20T13:19:03+01:00,,,,,,,,1,2021-10-01T01:00:00+02:00,,,,,
1Physical FlowhourBE-TSO-0001FNC-00034entrykWh/h2021-11-01T01:00:00Z2021-12-01T01:00:00Z_NA1193,1,Physical Flow,hour,2021-11-19T20:00:00+01:00,2021-11-19T21:00:00+01:00,BE-TSO-0001,21X-BE-A-A0A0A-Y,Fluxys Belgium,FNC-00034,Final consumers (BE) (Fluxys) Industrial clients L-zone,21Y000000000045A,entry,kWh/h,No injection in transmission network from Industiral clients,,,2025-02-20T13:19:03+01:00,,,,,,,,1,2021-10-01T01:00:00+02:00,,,,,
1Physical FlowhourBE-TSO-0001FNC-00034entrykWh/h2021-11-01T01:00:00Z2021-12-01T01:00:00Z_NA1194,1,Physical Flow,hour,2021-11-19T21:00:00+01:00,2021-11-19T22:00:00+01:00,BE-TSO-0001,21X-BE-A-A0A0A-Y,Fluxys Belgium,FNC-00034,Final consumers (BE) (Fluxys) Industrial clients L-zone,21Y000000000045A,entry,kWh/h,No injection in transmission network from Industiral clients,,,2025-02-20T13:19:03+01:00,,,,,,,,1,2021-10-01T01:00:00+02:00,,,,,
1Physical FlowhourBE-TSO-0001FNC-00034entrykWh/h2021-11-01T01:00:00Z2021-12-01T01:00:00Z_NA1195,1,Physical Flow,hour,2021-11-19T22:00:00+01:00,2021-11-19T23:00:00+01:00,BE-TSO-0001,21X-BE-A-A0A0A-Y,Fluxys Belgium,FNC-00034,Final consumers (BE) (Fluxys) Industrial clients L-zone,21Y000000000045A,entry,kWh/h,No injection in transmission network from Industiral clients,,,2025-02-20T13:19:03+01:00,,,,,,,,1,2021-10-01T01:00:00+02:00,,,,,
1Physical FlowhourBE-TSO-0001FNC-00034entrykWh/h2021-11-01T01:00:00Z2021-12-01T01:00:00Z_NA1196,1,Physical Flow,hour,2021-11-19T23:00:00+01:00,2021-11-20T00:00:00+01:00,BE-TSO-0001,21X-BE-A-A0A0A-Y,Fluxys Belgium,FNC-00034,Final consumers (BE) (Fluxys) Industrial clients L-zone,21Y000000000045A,entry,kWh/h,No injection in transmission network from Industiral clients,,,2025-02-20T13:19:03+01:00,,,,,,,,1,2021-10-01T01:00:00+02:00,,,,,
1Physical FlowhourBE-TSO-0001FNC-00034entrykWh/h2021-11-01T01:00:00Z2021-12-01T01:00:00Z_NA1197,1,Physical Flow,hour,2021-11-20T00:00:00+01:00,2021-11-20T01:00:00+01:00,BE-TSO-0001,21X-BE-A-A0A0A-Y,Fluxys Belgium,FNC-00034,Final consumers (BE) (Fluxys) Industrial clients L-zone,21Y000000000045A,entry,kWh/h,No injection in transmission network from Industiral clients,,,2025-02-20T13:19:03+01:00,,,,,,,,1,2021-10-01T01:00:00+02:00,,,,,
1Physical FlowhourBE-TSO-0001FNC-00034entrykWh/h2021-11-01T01:00:00Z2021-12-01T01:00:00Z_NA1198,1,Physical Flow,hour,2021-11-20T01:00:00+01:00,2021-11-20T02:00:00+01:00,BE-TSO-0001,21X-BE-A-A0A0A-Y,Fluxys Belgium,FNC-00034,Final consumers (BE) (Fluxys) Industrial clients L-zone,21Y000000000045A,entry,kWh/h,No injection in transmission network from Industiral clients,,,2025-02-20T13:19:03+01:00,,,,,,,,1,2021-10-01T01:00:00+02:00,,,,,
1Physical FlowhourBE-TSO-0001FNC-00034entrykWh/h2021-11-01T01:00:00Z2021-12-01T01:00:00Z_NA1199,1,Physical Flow,hour,2021-11-20T02:00:00+01:00,2021-11-20T03:00:00+01:00,BE-TSO-0001,21X-BE-A-A0A0A-Y,Fluxys Belgium,FNC-00034,Final consumers (BE) (Fluxys) Industrial clients L-zone,21Y000000000045A,entry,kWh/h,No injection in transmission network from Industiral clients,,,2025-02-20T13:19:03+01:00,,,,,,,,1,2021-10-01T01:00:00+02:00,,,,,
1Physical FlowhourBE-TSO-0001FNC-00034entrykWh/h2021-11-01T01:00:00Z2021-12-01T01:00:00Z_NA1200,1,Physical Flow,hour,2021-11-20T03:00:00+01:00,2021-11-20T04:00:00+01:00,BE-TSO-0001,21X-BE-A-A0A0A-Y,Fluxys Belgium,FNC-00034,Final consumers (BE) (Fluxys) Industrial clients L-zone,21Y000000000045A,entry,kWh/h,No injection in transmission network from Industiral clients,,,2025-02-20T13:19:03+01:00,,,,,,,,1,2021-10-01T01:00:00+02:00,,,,,
1Physical FlowhourBE-TSO-0001FNC-00034entrykWh/h2021-11-01T01:00:00Z2021-12-01T01:00:00Z_NA1201,1,Physical Flow,hour,2021-11-20T04:00:00+01:00,2021-11-20T05:00:00+01:00,BE-TSO-0001,21X-BE-A-A0A0A-Y,Fluxys Belgium,FNC-00034,Final consumers (BE) (Fluxys) Industrial clients L-zone,21Y000000000045A,entry,kWh/h,No injection in transmission network from Industiral clients,,,2025-02-20T13:19:03+01:00,,,,,,,,1,2021-10-01T01:00:00+02:00,,,,,
1Physical FlowhourBE-TSO-0001FNC-00034entrykWh/h2021-11-01T01:00:00Z2021-12-01T01:00:00Z_NA1202,1,Physical Flow,hour,2021-11-20T05:00:00+01:00,2021-11-20T06:00:00+01:00,BE-TSO-0001,21X-BE-A-A0A0A-Y,Fluxys Belgium,FNC-00034,Final consumers (BE) (Fluxys) Industrial clients L-zone,21Y000000000045A,entry,kWh/h,No injection in transmission network from Industiral clients,,,2025-02-20T13:19:03+01:00,,,,,,,,1,2021-10-01T01:00:00+02:00,,,,,
1Physical FlowhourBE-TSO-0001FNC-00034entrykWh/h2021-11-01T01:00:00Z2021-12-01T01:00:00Z_NA1203,1,Physical Flow,hour,2021-11-20T06:00:00+01:00,2021-11-20T07:00:00+01:00,BE-TSO-0001,21X-BE-A-A0A0A-Y,Fluxys Belgium,FNC-00034,Final consumers (BE) (Fluxys) Industrial clients L-zone,21Y000000000045A,entry,kWh/h,No injection in transmission network from Industiral clients,,,2025-02-20T13:19:03+01:00,,,,,,,,1,2021-10-01T01:00:00+02:00,,,,,
1Physical FlowhourBE-TSO-0001FNC-00034entrykWh/h2021-11-01T01:00:00Z2021-12-01T01:00:00Z_NA1204,1,Physical Flow,hour,2021-11-20T07:00:00+01:00,2021-11-20T08:00:00+01:00,BE-TSO-0001,21X-BE-A-A0A0A-Y,Fluxys Belgium,FNC-00034,Final consumers (BE) (Fluxys) Industrial clients L-zone,21Y000000000045A,entry,kWh/h,No injection in transmission network from Industiral clients,,,2025-02-20T13:19:03+01:00,,,,,,,,1,2021-10-01T01:00:00+02:00,,,,,
1Physical FlowhourBE-TSO-0001FNC-00034entrykWh/h2021-11-01T01:00:00Z2021-12-01T01:00:00Z_NA1205,1,Physical Flow,hour,2021-11-20T08:00:00+01:00,2021-11-20T09:00:00+01:00,BE-TSO-0001,21X-BE-A-A0A0A-Y,Fluxys Belgium,FNC-00034,Final consumers (BE) (Fluxys) Industrial clients L-zone,21Y000000000045A,entry,kWh/h,No injection in transmission network from Industiral clients,,,2025-02-20T13:19:03+01:00,,,,,,,,1,2021-10-01T01:00:00+02:00,,,,,
1Physical FlowhourBE-TSO-0001FNC-00034entrykWh/h2021-11-01T01:00:00Z2021-12-01T01:00:00Z_NA1206,1,Physical Flow,hour,2021-11-20T09:00:00+01:00,2021-11-20T10:00:00+01:00,BE-TSO-0001,21X-BE-A-A0A0A-Y,Fluxys Belgium,FNC-00034,Final consumers (BE) (Fluxys) Industrial clients L-zone,21Y000000000045A,entry,kWh/h,No injection in transmission network from Industiral clients,,,2025-02-20T13:19:03+01:00,,,,,,,,1,2021-10-01T01:00:00+02:00,,,,,
1Physical FlowhourBE-TSO-0001FNC-00034entrykWh/h2021-11-01T01:00:00Z2021-12-01T01:00:00Z_NA1207,1,Physical Flow,hour,2021-11-20T10:00:00+01:00,2021-11-20T11:00:00+01:00,BE-TSO-0001,21X-BE-A-A0A0A-Y,Fluxys Belgium,FNC-00034,Final consumers (BE) (Fluxys) Industrial clients L-zone,21Y000000000045A,entry,kWh/h,No injection in transmission network from Industiral clients,,,2025-02-20T13:19:03+01:00,,,,,,,,1,2021-10-01T01:00:00+02:00,,,,,
1Physical FlowhourBE-TSO-0001FNC-00034entrykWh/h2021-11-01T01:00:00Z2021-12-01T01:00:00Z_NA1208,1,Physical Flow,hour,2021-11-20T11:00:00+01:00,2021-11-20T12:00:00+01:00,BE-TSO-0001,21X-BE-A-A0A0A-Y,Fluxys Belgium,FNC-00034,Final consumers (BE) (Fluxys) Industrial clients L-zone,21Y000000000045A,entry,kWh/h,No injection in transmission network from Industiral clients,,,2025-02-20T13:19:03+01:00,,,,,,,,1,2021-10-01T01:00:00+02:00,,,,,
1Physical FlowhourBE-TSO-0001FNC-00034entrykWh/h2021-11-01T01:00:00Z2021-12-01T01:00:00Z_NA1209,1,Physical Flow,hour,2021-11-20T12:00:00+01:00,2021-11-20T13:00:00+01:00,BE-TSO-0001,21X-BE-A-A0A0A-Y,Fluxys Belgium,FNC-00034,Final consumers (BE) (Fluxys) Industrial clients L-zone,21Y000000000045A,entry,kWh/h,No injection in transmission network from Industiral clients,,,2025-02-20T13:19:03+01:00,,,,,,,,1,2021-10-01T01:00:00+02:00,,,,,
1Physical FlowhourBE-TSO-0001FNC-00034entrykWh/h2021-11-01T01:00:00Z2021-12-01T01:00:00Z_NA1210,1,Physical Flow,hour,2021-11-20T13:00:00+01:00,2021-11-20T14:00:00+01:00,BE-TSO-0001,21X-BE-A-A0A0A-Y,Fluxys Belgium,FNC-00034,Final consumers (BE) (Fluxys) Industrial clients L-zone,21Y000000000045A,entry,kWh/h,No injection in transmission network from Industiral clients,,,2025-02-20T13:19:03+01:00,,,,,,,,1,2021-10-01T01:00:00+02:00,,,,,
1Physical FlowhourBE-TSO-0001FNC-00034entrykWh/h2021-11-01T01:00:00Z2021-12-01T01:00:00Z_NA1211,1,Physical Flow,hour,2021-11-20T14:00:00+01:00,2021-11-20T15:00:00+01:00,BE-TSO-0001,21X-BE-A-A0A0A-Y,Fluxys Belgium,FNC-00034,Final consumers (BE) (Fluxys) Industrial clients L-zone,21Y000000000045A,entry,kWh/h,No injection in transmission network from Industiral clients,,,2025-02-20T13:19:03+01:00,,,,,,,,1,2021-10-01T01:00:00+02:00,,,,,
1Physical FlowhourBE-TSO-0001FNC-00034entrykWh/h2021-11-01T01:00:00Z2021-12-01T01:00:00Z_NA1212,1,Physical Flow,hour,2021-11-20T15:00:00+01:00,2021-11-20T16:00:00+01:00,BE-TSO-0001,21X-BE-A-A0A0A-Y,Fluxys Belgium,FNC-00034,Final consumers (BE) (Fluxys) Industrial clients L-zone,21Y000000000045A,entry,kWh/h,No injection in transmission network from Industiral clients,,,2025-02-20T13:19:03+01:00,,,,,,,,1,2021-10-01T01:00:00+02:00,,,,,
1Physical FlowhourBE-TSO-0001FNC-00034entrykWh/h2021-11-01T01:00:00Z2021-12-01T01:00:00Z_NA1213,1,Physical Flow,hour,2021-11-20T16:00:00+01:00,2021-11-20T17:00:00+01:00,BE-TSO-0001,21X-BE-A-A0A0A-Y,Fluxys Belgium,FNC-00034,Final consumers (BE) (Fluxys) Industrial clients L-zone,21Y000000000045A,entry,kWh/h,No injection in transmission network from Industiral clients,,,2025-02-20T13:19:03+01:00,,,,,,,,1,2021-10-01T01:00:00+02:00,,,,,
1Physical FlowhourBE-TSO-0001FNC-00034entrykWh/h2021-11-01T01:00:00Z2021-12-01T01:00:00Z_NA1214,1,Physical Flow,hour,2021-11-20T17:00:00+01:00,2021-11-20T18:00:00+01:00,BE-TSO-0001,21X-BE-A-A0A0A-Y,Fluxys Belgium,FNC-00034,Final consumers (BE) (Fluxys) Industrial clients L-zone,21Y000000000045A,entry,kWh/h,No injection in transmission network from Industiral clients,,,2025-02-20T13:19:03+01:00,,,,,,,,1,2021-10-01T01:00:00+02:00,,,,,
1Physical FlowhourBE-TSO-0001FNC-00034entrykWh/h2021-11-01T01:00:00Z2021-12-01T01:00:00Z_NA1215,1,Physical Flow,hour,2021-11-20T18:00:00+01:00,2021-11-20T19:00:00+01:00,BE-TSO-0001,21X-BE-A-A0A0A-Y,Fluxys Belgium,FNC-00034,Final consumers (BE) (Fluxys) Industrial clients L-zone,21Y000000000045A,entry,kWh/h,No injection in transmission network from Industiral clients,,,2025-02-20T13:19:03+01:00,,,,,,,,1,2021-10-01T01:00:00+02:00,,,,,
1Physical FlowhourBE-TSO-0001FNC-00034entrykWh/h2021-11-01T01:00:00Z2021-12-01T01:00:00Z_NA1216,1,Physical Flow,hour,2021-11-20T19:00:00+01:00,2021-11-20T20:00:00+01:00,BE-TSO-0001,21X-BE-A-A0A0A-Y,Fluxys Belgium,FNC-00034,Final consumers (BE) (Fluxys) Industrial clients L-zone,21Y000000000045A,entry,kWh/h,No injection in transmission network from Industiral clients,,,2025-02-20T13:19:03+01:00,,,,,,,,1,2021-10-01T01:00:00+02:00,,,,,
1Physical FlowhourBE-TSO-0001FNC-00034entrykWh/h2021-11-01T01:00:00Z2021-12-01T01:00:00Z_NA1217,1,Physical Flow,hour,2021-11-20T20:00:00+01:00,2021-11-20T21:00:00+01:00,BE-TSO-0001,21X-BE-A-A0A0A-Y,Fluxys Belgium,FNC-00034,Final consumers (BE) (Fluxys) Industrial clients L-zone,21Y000000000045A,entry,kWh/h,No injection in transmission network from Industiral clients,,,2025-02-20T13:19:03+01:00,,,,,,,,1,2021-10-01T01:00:00+02:00,,,,,
1Physical FlowhourBE-TSO-0001FNC-00034entrykWh/h2021-11-01T01:00:00Z2021-12-01T01:00:00Z_NA1218,1,Physical Flow,hour,2021-11-20T21:00:00+01:00,2021-11-20T22:00:00+01:00,BE-TSO-0001,21X-BE-A-A0A0A-Y,Fluxys Belgium,FNC-00034,Final consumers (BE) (Fluxys) Industrial clients L-zone,21Y000000000045A,entry,kWh/h,No injection in transmission network from Industiral clients,,,2025-02-20T13:19:03+01:00,,,,,,,,1,2021-10-01T01:00:00+02:00,,,,,
1Physical FlowhourBE-TSO-0001FNC-00034entrykWh/h2021-11-01T01:00:00Z2021-12-01T01:00:00Z_NA1219,1,Physical Flow,hour,2021-11-20T22:00:00+01:00,2021-11-20T23:00:00+01:00,BE-TSO-0001,21X-BE-A-A0A0A-Y,Fluxys Belgium,FNC-00034,Final consumers (BE) (Fluxys) Industrial clients L-zone,21Y000000000045A,entry,kWh/h,No injection in transmission network from Industiral clients,,,2025-02-20T13:19:03+01:00,,,,,,,,1,2021-10-01T01:00:00+02:00,,,,,
1Physical FlowhourBE-TSO-0001FNC-00034entrykWh/h2021-11-01T01:00:00Z2021-12-01T01:00:00Z_NA1220,1,Physical Flow,hour,2021-11-20T23:00:00+01:00,2021-11-21T00:00:00+01:00,BE-TSO-0001,21X-BE-A-A0A0A-Y,Fluxys Belgium,FNC-00034,Final consumers (BE) (Fluxys) Industrial clients L-zone,21Y000000000045A,entry,kWh/h,No injection in transmission network from Industiral clients,,,2025-02-20T13:19:03+01:00,,,,,,,,1,2021-10-01T01:00:00+02:00,,,,,
1Physical FlowhourBE-TSO-0001FNC-00034entrykWh/h2021-11-01T01:00:00Z2021-12-01T01:00:00Z_NA1221,1,Physical Flow,hour,2021-11-21T00:00:00+01:00,2021-11-21T01:00:00+01:00,BE-TSO-0001,21X-BE-A-A0A0A-Y,Fluxys Belgium,FNC-00034,Final consumers (BE) (Fluxys) Industrial clients L-zone,21Y000000000045A,entry,kWh/h,No injection in transmission network from Industiral clients,,,2025-02-20T13:19:03+01:00,,,,,,,,1,2021-10-01T01:00:00+02:00,,,,,
1Physical FlowhourBE-TSO-0001FNC-00034entrykWh/h2021-11-01T01:00:00Z2021-12-01T01:00:00Z_NA1222,1,Physical Flow,hour,2021-11-21T01:00:00+01:00,2021-11-21T02:00:00+01:00,BE-TSO-0001,21X-BE-A-A0A0A-Y,Fluxys Belgium,FNC-00034,Final consumers (BE) (Fluxys) Industrial clients L-zone,21Y000000000045A,entry,kWh/h,No injection in transmission network from Industiral clients,,,2025-02-20T13:19:03+01:00,,,,,,,,1,2021-10-01T01:00:00+02:00,,,,,
1Physical FlowhourBE-TSO-0001FNC-00034entrykWh/h2021-11-01T01:00:00Z2021-12-01T01:00:00Z_NA1223,1,Physical Flow,hour,2021-11-21T02:00:00+01:00,2021-11-21T03:00:00+01:00,BE-TSO-0001,21X-BE-A-A0A0A-Y,Fluxys Belgium,FNC-00034,Final consumers (BE) (Fluxys) Industrial clients L-zone,21Y000000000045A,entry,kWh/h,No injection in transmission network from Industiral clients,,,2025-02-20T13:19:03+01:00,,,,,,,,1,2021-10-01T01:00:00+02:00,,,,,
1Physical FlowhourBE-TSO-0001FNC-00034entrykWh/h2021-11-01T01:00:00Z2021-12-01T01:00:00Z_NA1224,1,Physical Flow,hour,2021-11-21T03:00:00+01:00,2021-11-21T04:00:00+01:00,BE-TSO-0001,21X-BE-A-A0A0A-Y,Fluxys Belgium,FNC-00034,Final consumers (BE) (Fluxys) Industrial clients L-zone,21Y000000000045A,entry,kWh/h,No injection in transmission network from Industiral clients,,,2025-02-20T13:19:03+01:00,,,,,,,,1,2021-10-01T01:00:00+02:00,,,,,
1Physical FlowhourBE-TSO-0001FNC-00034entrykWh/h2021-11-01T01:00:00Z2021-12-01T01:00:00Z_NA1225,1,Physical Flow,hour,2021-11-21T04:00:00+01:00,2021-11-21T05:00:00+01:00,BE-TSO-0001,21X-BE-A-A0A0A-Y,Fluxys Belgium,FNC-00034,Final consumers (BE) (Fluxys) Industrial clients L-zone,21Y000000000045A,entry,kWh/h,No injection in transmission network from Industiral clients,,,2025-02-20T13:19:03+01:00,,,,,,,,1,2021-10-01T01:00:00+02:00,,,,,
1Physical FlowhourBE-TSO-0001FNC-00034entrykWh/h2021-11-01T01:00:00Z2021-12-01T01:00:00Z_NA1226,1,Physical Flow,hour,2021-11-21T05:00:00+01:00,2021-11-21T06:00:00+01:00,BE-TSO-0001,21X-BE-A-A0A0A-Y,Fluxys Belgium,FNC-00034,Final consumers (BE) (Fluxys) Industrial clients L-zone,21Y000000000045A,entry,kWh/h,No injection in transmission network from Industiral clients,,,2025-02-20T13:19:03+01:00,,,,,,,,1,2021-10-01T01:00:00+02:00,,,,,
1Physical FlowhourBE-TSO-0001FNC-00034entrykWh/h2021-11-01T01:00:00Z2021-12-01T01:00:00Z_NA1227,1,Physical Flow,hour,2021-11-21T06:00:00+01:00,2021-11-21T07:00:00+01:00,BE-TSO-0001,21X-BE-A-A0A0A-Y,Fluxys Belgium,FNC-00034,Final consumers (BE) (Fluxys) Industrial clients L-zone,21Y000000000045A,entry,kWh/h,No injection in transmission network from Industiral clients,,,2025-02-20T13:19:03+01:00,,,,,,,,1,2021-10-01T01:00:00+02:00,,,,,
1Physical FlowhourBE-TSO-0001FNC-00034entrykWh/h2021-11-01T01:00:00Z2021-12-01T01:00:00Z_NA1228,1,Physical Flow,hour,2021-11-21T07:00:00+01:00,2021-11-21T08:00:00+01:00,BE-TSO-0001,21X-BE-A-A0A0A-Y,Fluxys Belgium,FNC-00034,Final consumers (BE) (Fluxys) Industrial clients L-zone,21Y000000000045A,entry,kWh/h,No injection in transmission network from Industiral clients,,,2025-02-20T13:19:03+01:00,,,,,,,,1,2021-10-01T01:00:00+02:00,,,,,
1Physical FlowhourBE-TSO-0001FNC-00034entrykWh/h2021-11-01T01:00:00Z2021-12-01T01:00:00Z_NA1229,1,Physical Flow,hour,2021-11-21T08:00:00+01:00,2021-11-21T09:00:00+01:00,BE-TSO-0001,21X-BE-A-A0A0A-Y,Fluxys Belgium,FNC-00034,Final consumers (BE) (Fluxys) Industrial clients L-zone,21Y000000000045A,entry,kWh/h,No injection in transmission network from Industiral clients,,,2025-02-20T13:19:03+01:00,,,,,,,,1,2021-10-01T01:00:00+02:00,,,,,
1Physical FlowhourBE-TSO-0001FNC-00034entrykWh/h2021-11-01T01:00:00Z2021-12-01T01:00:00Z_NA1230,1,Physical Flow,hour,2021-11-21T09:00:00+01:00,2021-11-21T10:00:00+01:00,BE-TSO-0001,21X-BE-A-A0A0A-Y,Fluxys Belgium,FNC-00034,Final consumers (BE) (Fluxys) Industrial clients L-zone,21Y000000000045A,entry,kWh/h,No injection in transmission network from Industiral clients,,,2025-02-20T13:19:03+01:00,,,,,,,,1,2021-10-01T01:00:00+02:00,,,,,
1Physical FlowhourBE-TSO-0001FNC-00034entrykWh/h2021-11-01T01:00:00Z2021-12-01T01:00:00Z_NA1231,1,Physical Flow,hour,2021-11-21T10:00:00+01:00,2021-11-21T11:00:00+01:00,BE-TSO-0001,21X-BE-A-A0A0A-Y,Fluxys Belgium,FNC-00034,Final consumers (BE) (Fluxys) Industrial clients L-zone,21Y000000000045A,entry,kWh/h,No injection in transmission network from Industiral clients,,,2025-02-20T13:19:03+01:00,,,,,,,,1,2021-10-01T01:00:00+02:00,,,,,
1Physical FlowhourBE-TSO-0001FNC-00034entrykWh/h2021-11-01T01:00:00Z2021-12-01T01:00:00Z_NA1232,1,Physical Flow,hour,2021-11-21T11:00:00+01:00,2021-11-21T12:00:00+01:00,BE-TSO-0001,21X-BE-A-A0A0A-Y,Fluxys Belgium,FNC-00034,Final consumers (BE) (Fluxys) Industrial clients L-zone,21Y000000000045A,entry,kWh/h,No injection in transmission network from Industiral clients,,,2025-02-20T13:19:03+01:00,,,,,,,,1,2021-10-01T01:00:00+02:00,,,,,
1Physical FlowhourBE-TSO-0001FNC-00034entrykWh/h2021-11-01T01:00:00Z2021-12-01T01:00:00Z_NA1233,1,Physical Flow,hour,2021-11-21T12:00:00+01:00,2021-11-21T13:00:00+01:00,BE-TSO-0001,21X-BE-A-A0A0A-Y,Fluxys Belgium,FNC-00034,Final consumers (BE) (Fluxys) Industrial clients L-zone,21Y000000000045A,entry,kWh/h,No injection in transmission network from Industiral clients,,,2025-02-20T13:19:03+01:00,,,,,,,,1,2021-10-01T01:00:00+02:00,,,,,
1Physical FlowhourBE-TSO-0001FNC-00034entrykWh/h2021-11-01T01:00:00Z2021-12-01T01:00:00Z_NA1234,1,Physical Flow,hour,2021-11-21T13:00:00+01:00,2021-11-21T14:00:00+01:00,BE-TSO-0001,21X-BE-A-A0A0A-Y,Fluxys Belgium,FNC-00034,Final consumers (BE) (Fluxys) Industrial clients L-zone,21Y000000000045A,entry,kWh/h,No injection in transmission network from Industiral clients,,,2025-02-20T13:19:03+01:00,,,,,,,,1,2021-10-01T01:00:00+02:00,,,,,
1Physical FlowhourBE-TSO-0001FNC-00034entrykWh/h2021-11-01T01:00:00Z2021-12-01T01:00:00Z_NA1235,1,Physical Flow,hour,2021-11-21T14:00:00+01:00,2021-11-21T15:00:00+01:00,BE-TSO-0001,21X-BE-A-A0A0A-Y,Fluxys Belgium,FNC-00034,Final consumers (BE) (Fluxys) Industrial clients L-zone,21Y000000000045A,entry,kWh/h,No injection in transmission network from Industiral clients,,,2025-02-20T13:19:03+01:00,,,,,,,,1,2021-10-01T01:00:00+02:00,,,,,
1Physical FlowhourBE-TSO-0001FNC-00034entrykWh/h2021-11-01T01:00:00Z2021-12-01T01:00:00Z_NA1236,1,Physical Flow,hour,2021-11-21T15:00:00+01:00,2021-11-21T16:00:00+01:00,BE-TSO-0001,21X-BE-A-A0A0A-Y,Fluxys Belgium,FNC-00034,Final consumers (BE) (Fluxys) Industrial clients L-zone,21Y000000000045A,entry,kWh/h,No injection in transmission network from Industiral clients,,,2025-02-20T13:19:03+01:00,,,,,,,,1,2021-10-01T01:00:00+02:00,,,,,
1Physical FlowhourBE-TSO-0001FNC-00034entrykWh/h2021-11-01T01:00:00Z2021-12-01T01:00:00Z_NA1237,1,Physical Flow,hour,2021-11-21T16:00:00+01:00,2021-11-21T17:00:00+01:00,BE-TSO-0001,21X-BE-A-A0A0A-Y,Fluxys Belgium,FNC-00034,Final consumers (BE) (Fluxys) Industrial clients L-zone,21Y000000000045A,entry,kWh/h,No injection in transmission network from Industiral clients,,,2025-02-20T13:19:03+01:00,,,,,,,,1,2021-10-01T01:00:00+02:00,,,,,
1Physical FlowhourBE-TSO-0001FNC-00034entrykWh/h2021-11-01T01:00:00Z2021-12-01T01:00:00Z_NA1238,1,Physical Flow,hour,2021-11-21T17:00:00+01:00,2021-11-21T18:00:00+01:00,BE-TSO-0001,21X-BE-A-A0A0A-Y,Fluxys Belgium,FNC-00034,Final consumers (BE) (Fluxys) Industrial clients L-zone,21Y000000000045A,entry,kWh/h,No injection in transmission network from Industiral clients,,,2025-02-20T13:19:03+01:00,,,,,,,,1,2021-10-01T01:00:00+02:00,,,,,
1Physical FlowhourBE-TSO-0001FNC-00034entrykWh/h2021-11-01T01:00:00Z2021-12-01T01:00:00Z_NA1239,1,Physical Flow,hour,2021-11-21T18:00:00+01:00,2021-11-21T19:00:00+01:00,BE-TSO-0001,21X-BE-A-A0A0A-Y,Fluxys Belgium,FNC-00034,Final consumers (BE) (Fluxys) Industrial clients L-zone,21Y000000000045A,entry,kWh/h,No injection in transmission network from Industiral clients,,,2025-02-20T13:19:03+01:00,,,,,,,,1,2021-10-01T01:00:00+02:00,,,,,
1Physical FlowhourBE-TSO-0001FNC-00034entrykWh/h2021-11-01T01:00:00Z2021-12-01T01:00:00Z_NA1240,1,Physical Flow,hour,2021-11-21T19:00:00+01:00,2021-11-21T20:00:00+01:00,BE-TSO-0001,21X-BE-A-A0A0A-Y,Fluxys Belgium,FNC-00034,Final consumers (BE) (Fluxys) Industrial clients L-zone,21Y000000000045A,entry,kWh/h,No injection in transmission network from Industiral clients,,,2025-02-20T13:19:03+01:00,,,,,,,,1,2021-10-01T01:00:00+02:00,,,,,
1Physical FlowhourBE-TSO-0001FNC-00034entrykWh/h2021-11-01T01:00:00Z2021-12-01T01:00:00Z_NA1241,1,Physical Flow,hour,2021-11-21T20:00:00+01:00,2021-11-21T21:00:00+01:00,BE-TSO-0001,21X-BE-A-A0A0A-Y,Fluxys Belgium,FNC-00034,Final consumers (BE) (Fluxys) Industrial clients L-zone,21Y000000000045A,entry,kWh/h,No injection in transmission network from Industiral clients,,,2025-02-20T13:19:03+01:00,,,,,,,,1,2021-10-01T01:00:00+02:00,,,,,
1Physical FlowhourBE-TSO-0001FNC-00034entrykWh/h2021-11-01T01:00:00Z2021-12-01T01:00:00Z_NA1242,1,Physical Flow,hour,2021-11-21T21:00:00+01:00,2021-11-21T22:00:00+01:00,BE-TSO-0001,21X-BE-A-A0A0A-Y,Fluxys Belgium,FNC-00034,Final consumers (BE) (Fluxys) Industrial clients L-zone,21Y000000000045A,entry,kWh/h,No injection in transmission network from Industiral clients,,,2025-02-20T13:19:03+01:00,,,,,,,,1,2021-10-01T01:00:00+02:00,,,,,
1Physical FlowhourBE-TSO-0001FNC-00034entrykWh/h2021-11-01T01:00:00Z2021-12-01T01:00:00Z_NA1243,1,Physical Flow,hour,2021-11-21T22:00:00+01:00,2021-11-21T23:00:00+01:00,BE-TSO-0001,21X-BE-A-A0A0A-Y,Fluxys Belgium,FNC-00034,Final consumers (BE) (Fluxys) Industrial clients L-zone,21Y000000000045A,entry,kWh/h,No injection in transmission network from Industiral clients,,,2025-02-20T13:19:03+01:00,,,,,,,,1,2021-10-01T01:00:00+02:00,,,,,
1Physical FlowhourBE-TSO-0001FNC-00034entrykWh/h2021-11-01T01:00:00Z2021-12-01T01:00:00Z_NA1244,1,Physical Flow,hour,2021-11-21T23:00:00+01:00,2021-11-22T00:00:00+01:00,BE-TSO-0001,21X-BE-A-A0A0A-Y,Fluxys Belgium,FNC-00034,Final consumers (BE) (Fluxys) Industrial clients L-zone,21Y000000000045A,entry,kWh/h,No injection in transmission network from Industiral clients,,,2025-02-20T13:19:03+01:00,,,,,,,,1,2021-10-01T01:00:00+02:00,,,,,
1Physical FlowhourBE-TSO-0001FNC-00034entrykWh/h2021-11-01T01:00:00Z2021-12-01T01:00:00Z_NA1245,1,Physical Flow,hour,2021-11-22T00:00:00+01:00,2021-11-22T01:00:00+01:00,BE-TSO-0001,21X-BE-A-A0A0A-Y,Fluxys Belgium,FNC-00034,Final consumers (BE) (Fluxys) Industrial clients L-zone,21Y000000000045A,entry,kWh/h,No injection in transmission network from Industiral clients,,,2025-02-20T13:19:03+01:00,,,,,,,,1,2021-10-01T01:00:00+02:00,,,,,
1Physical FlowhourBE-TSO-0001FNC-00034entrykWh/h2021-11-01T01:00:00Z2021-12-01T01:00:00Z_NA1246,1,Physical Flow,hour,2021-11-22T01:00:00+01:00,2021-11-22T02:00:00+01:00,BE-TSO-0001,21X-BE-A-A0A0A-Y,Fluxys Belgium,FNC-00034,Final consumers (BE) (Fluxys) Industrial clients L-zone,21Y000000000045A,entry,kWh/h,No injection in transmission network from Industiral clients,,,2025-02-20T13:19:03+01:00,,,,,,,,1,2021-10-01T01:00:00+02:00,,,,,
1Physical FlowhourBE-TSO-0001FNC-00034entrykWh/h2021-11-01T01:00:00Z2021-12-01T01:00:00Z_NA1247,1,Physical Flow,hour,2021-11-22T02:00:00+01:00,2021-11-22T03:00:00+01:00,BE-TSO-0001,21X-BE-A-A0A0A-Y,Fluxys Belgium,FNC-00034,Final consumers (BE) (Fluxys) Industrial clients L-zone,21Y000000000045A,entry,kWh/h,No injection in transmission network from Industiral clients,,,2025-02-20T13:19:03+01:00,,,,,,,,1,2021-10-01T01:00:00+02:00,,,,,
1Physical FlowhourBE-TSO-0001FNC-00034entrykWh/h2021-11-01T01:00:00Z2021-12-01T01:00:00Z_NA1248,1,Physical Flow,hour,2021-11-22T03:00:00+01:00,2021-11-22T04:00:00+01:00,BE-TSO-0001,21X-BE-A-A0A0A-Y,Fluxys Belgium,FNC-00034,Final consumers (BE) (Fluxys) Industrial clients L-zone,21Y000000000045A,entry,kWh/h,No injection in transmission network from Industiral clients,,,2025-02-20T13:19:03+01:00,,,,,,,,1,2021-10-01T01:00:00+02:00,,,,,
1Physical FlowhourBE-TSO-0001FNC-00034entrykWh/h2021-11-01T01:00:00Z2021-12-01T01:00:00Z_NA1249,1,Physical Flow,hour,2021-11-22T04:00:00+01:00,2021-11-22T05:00:00+01:00,BE-TSO-0001,21X-BE-A-A0A0A-Y,Fluxys Belgium,FNC-00034,Final consumers (BE) (Fluxys) Industrial clients L-zone,21Y000000000045A,entry,kWh/h,No injection in transmission network from Industiral clients,,,2025-02-20T13:19:03+01:00,,,,,,,,1,2021-10-01T01:00:00+02:00,,,,,
1Physical FlowhourBE-TSO-0001FNC-00034entrykWh/h2021-11-01T01:00:00Z2021-12-01T01:00:00Z_NA1250,1,Physical Flow,hour,2021-11-22T05:00:00+01:00,2021-11-22T06:00:00+01:00,BE-TSO-0001,21X-BE-A-A0A0A-Y,Fluxys Belgium,FNC-00034,Final consumers (BE) (Fluxys) Industrial clients L-zone,21Y000000000045A,entry,kWh/h,No injection in transmission network from Industiral clients,,,2025-02-20T13:19:03+01:00,,,,,,,,1,2021-10-01T01:00:00+02:00,,,,,
1Physical FlowhourBE-TSO-0001FNC-00034entrykWh/h2021-11-01T01:00:00Z2021-12-01T01:00:00Z_NA1251,1,Physical Flow,hour,2021-11-22T06:00:00+01:00,2021-11-22T07:00:00+01:00,BE-TSO-0001,21X-BE-A-A0A0A-Y,Fluxys Belgium,FNC-00034,Final consumers (BE) (Fluxys) Industrial clients L-zone,21Y000000000045A,entry,kWh/h,No injection in transmission network from Industiral clients,,,2025-02-20T13:19:03+01:00,,,,,,,,1,2021-10-01T01:00:00+02:00,,,,,
1Physical FlowhourBE-TSO-0001FNC-00034entrykWh/h2021-11-01T01:00:00Z2021-12-01T01:00:00Z_NA1252,1,Physical Flow,hour,2021-11-22T07:00:00+01:00,2021-11-22T08:00:00+01:00,BE-TSO-0001,21X-BE-A-A0A0A-Y,Fluxys Belgium,FNC-00034,Final consumers (BE) (Fluxys) Industrial clients L-zone,21Y000000000045A,entry,kWh/h,No injection in transmission network from Industiral clients,,,2025-02-20T13:19:03+01:00,,,,,,,,1,2021-10-01T01:00:00+02:00,,,,,
1Physical FlowhourBE-TSO-0001FNC-00034entrykWh/h2021-11-01T01:00:00Z2021-12-01T01:00:00Z_NA1253,1,Physical Flow,hour,2021-11-22T08:00:00+01:00,2021-11-22T09:00:00+01:00,BE-TSO-0001,21X-BE-A-A0A0A-Y,Fluxys Belgium,FNC-00034,Final consumers (BE) (Fluxys) Industrial clients L-zone,21Y000000000045A,entry,kWh/h,No injection in transmission network from Industiral clients,,,2025-02-20T13:19:03+01:00,,,,,,,,1,2021-10-01T01:00:00+02:00,,,,,
1Physical FlowhourBE-TSO-0001FNC-00034entrykWh/h2021-11-01T01:00:00Z2021-12-01T01:00:00Z_NA1254,1,Physical Flow,hour,2021-11-22T09:00:00+01:00,2021-11-22T10:00:00+01:00,BE-TSO-0001,21X-BE-A-A0A0A-Y,Fluxys Belgium,FNC-00034,Final consumers (BE) (Fluxys) Industrial clients L-zone,21Y000000000045A,entry,kWh/h,No injection in transmission network from Industiral clients,,,2025-02-20T13:19:03+01:00,,,,,,,,1,2021-10-01T01:00:00+02:00,,,,,
1Physical FlowhourBE-TSO-0001FNC-00034entrykWh/h2021-11-01T01:00:00Z2021-12-01T01:00:00Z_NA1255,1,Physical Flow,hour,2021-11-22T10:00:00+01:00,2021-11-22T11:00:00+01:00,BE-TSO-0001,21X-BE-A-A0A0A-Y,Fluxys Belgium,FNC-00034,Final consumers (BE) (Fluxys) Industrial clients L-zone,21Y000000000045A,entry,kWh/h,No injection in transmission network from Industiral clients,,,2025-02-20T13:19:03+01:00,,,,,,,,1,2021-10-01T01:00:00+02:00,,,,,
1Physical FlowhourBE-TSO-0001FNC-00034entrykWh/h2021-11-01T01:00:00Z2021-12-01T01:00:00Z_NA1256,1,Physical Flow,hour,2021-11-22T11:00:00+01:00,2021-11-22T12:00:00+01:00,BE-TSO-0001,21X-BE-A-A0A0A-Y,Fluxys Belgium,FNC-00034,Final consumers (BE) (Fluxys) Industrial clients L-zone,21Y000000000045A,entry,kWh/h,No injection in transmission network from Industiral clients,,,2025-02-20T13:19:03+01:00,,,,,,,,1,2021-10-01T01:00:00+02:00,,,,,
1Physical FlowhourBE-TSO-0001FNC-00034entrykWh/h2021-11-01T01:00:00Z2021-12-01T01:00:00Z_NA1257,1,Physical Flow,hour,2021-11-22T12:00:00+01:00,2021-11-22T13:00:00+01:00,BE-TSO-0001,21X-BE-A-A0A0A-Y,Fluxys Belgium,FNC-00034,Final consumers (BE) (Fluxys) Industrial clients L-zone,21Y000000000045A,entry,kWh/h,No injection in transmission network from Industiral clients,,,2025-02-20T13:19:03+01:00,,,,,,,,1,2021-10-01T01:00:00+02:00,,,,,
1Physical FlowhourBE-TSO-0001FNC-00034entrykWh/h2021-11-01T01:00:00Z2021-12-01T01:00:00Z_NA1258,1,Physical Flow,hour,2021-11-22T13:00:00+01:00,2021-11-22T14:00:00+01:00,BE-TSO-0001,21X-BE-A-A0A0A-Y,Fluxys Belgium,FNC-00034,Final consumers (BE) (Fluxys) Industrial clients L-zone,21Y000000000045A,entry,kWh/h,No injection in transmission network from Industiral clients,,,2025-02-20T13:19:03+01:00,,,,,,,,1,2021-10-01T01:00:00+02:00,,,,,
1Physical FlowhourBE-TSO-0001FNC-00034entrykWh/h2021-11-01T01:00:00Z2021-12-01T01:00:00Z_NA1259,1,Physical Flow,hour,2021-11-22T14:00:00+01:00,2021-11-22T15:00:00+01:00,BE-TSO-0001,21X-BE-A-A0A0A-Y,Fluxys Belgium,FNC-00034,Final consumers (BE) (Fluxys) Industrial clients L-zone,21Y000000000045A,entry,kWh/h,No injection in transmission network from Industiral clients,,,2025-02-20T13:19:03+01:00,,,,,,,,1,2021-10-01T01:00:00+02:00,,,,,
1Physical FlowhourBE-TSO-0001FNC-00034entrykWh/h2021-11-01T01:00:00Z2021-12-01T01:00:00Z_NA1260,1,Physical Flow,hour,2021-11-22T15:00:00+01:00,2021-11-22T16:00:00+01:00,BE-TSO-0001,21X-BE-A-A0A0A-Y,Fluxys Belgium,FNC-00034,Final consumers (BE) (Fluxys) Industrial clients L-zone,21Y000000000045A,entry,kWh/h,No injection in transmission network from Industiral clients,,,2025-02-20T13:19:03+01:00,,,,,,,,1,2021-10-01T01:00:00+02:00,,,,,
1Physical FlowhourBE-TSO-0001FNC-00034entrykWh/h2021-11-01T01:00:00Z2021-12-01T01:00:00Z_NA1261,1,Physical Flow,hour,2021-11-22T16:00:00+01:00,2021-11-22T17:00:00+01:00,BE-TSO-0001,21X-BE-A-A0A0A-Y,Fluxys Belgium,FNC-00034,Final consumers (BE) (Fluxys) Industrial clients L-zone,21Y000000000045A,entry,kWh/h,No injection in transmission network from Industiral clients,,,2025-02-20T13:19:03+01:00,,,,,,,,1,2021-10-01T01:00:00+02:00,,,,,
1Physical FlowhourBE-TSO-0001FNC-00034entrykWh/h2021-11-01T01:00:00Z2021-12-01T01:00:00Z_NA1262,1,Physical Flow,hour,2021-11-22T17:00:00+01:00,2021-11-22T18:00:00+01:00,BE-TSO-0001,21X-BE-A-A0A0A-Y,Fluxys Belgium,FNC-00034,Final consumers (BE) (Fluxys) Industrial clients L-zone,21Y000000000045A,entry,kWh/h,No injection in transmission network from Industiral clients,,,2025-02-20T13:19:03+01:00,,,,,,,,1,2021-10-01T01:00:00+02:00,,,,,
1Physical FlowhourBE-TSO-0001FNC-00034entrykWh/h2021-11-01T01:00:00Z2021-12-01T01:00:00Z_NA1263,1,Physical Flow,hour,2021-11-22T18:00:00+01:00,2021-11-22T19:00:00+01:00,BE-TSO-0001,21X-BE-A-A0A0A-Y,Fluxys Belgium,FNC-00034,Final consumers (BE) (Fluxys) Industrial clients L-zone,21Y000000000045A,entry,kWh/h,No injection in transmission network from Industiral clients,,,2025-02-20T13:19:03+01:00,,,,,,,,1,2021-10-01T01:00:00+02:00,,,,,
1Physical FlowhourBE-TSO-0001FNC-00034entrykWh/h2021-11-01T01:00:00Z2021-12-01T01:00:00Z_NA1264,1,Physical Flow,hour,2021-11-22T19:00:00+01:00,2021-11-22T20:00:00+01:00,BE-TSO-0001,21X-BE-A-A0A0A-Y,Fluxys Belgium,FNC-00034,Final consumers (BE) (Fluxys) Industrial clients L-zone,21Y000000000045A,entry,kWh/h,No injection in transmission network from Industiral clients,,,2025-02-20T13:19:03+01:00,,,,,,,,1,2021-10-01T01:00:00+02:00,,,,,
1Physical FlowhourBE-TSO-0001FNC-00034entrykWh/h2021-11-01T01:00:00Z2021-12-01T01:00:00Z_NA1265,1,Physical Flow,hour,2021-11-22T20:00:00+01:00,2021-11-22T21:00:00+01:00,BE-TSO-0001,21X-BE-A-A0A0A-Y,Fluxys Belgium,FNC-00034,Final consumers (BE) (Fluxys) Industrial clients L-zone,21Y000000000045A,entry,kWh/h,No injection in transmission network from Industiral clients,,,2025-02-20T13:19:03+01:00,,,,,,,,1,2021-10-01T01:00:00+02:00,,,,,
1Physical FlowhourBE-TSO-0001FNC-00034entrykWh/h2021-11-01T01:00:00Z2021-12-01T01:00:00Z_NA1266,1,Physical Flow,hour,2021-11-22T21:00:00+01:00,2021-11-22T22:00:00+01:00,BE-TSO-0001,21X-BE-A-A0A0A-Y,Fluxys Belgium,FNC-00034,Final consumers (BE) (Fluxys) Industrial clients L-zone,21Y000000000045A,entry,kWh/h,No injection in transmission network from Industiral clients,,,2025-02-20T13:19:03+01:00,,,,,,,,1,2021-10-01T01:00:00+02:00,,,,,
1Physical FlowhourBE-TSO-0001FNC-00034entrykWh/h2021-11-01T01:00:00Z2021-12-01T01:00:00Z_NA1267,1,Physical Flow,hour,2021-11-22T22:00:00+01:00,2021-11-22T23:00:00+01:00,BE-TSO-0001,21X-BE-A-A0A0A-Y,Fluxys Belgium,FNC-00034,Final consumers (BE) (Fluxys) Industrial clients L-zone,21Y000000000045A,entry,kWh/h,No injection in transmission network from Industiral clients,,,2025-02-20T13:19:03+01:00,,,,,,,,1,2021-10-01T01:00:00+02:00,,,,,
1Physical FlowhourBE-TSO-0001FNC-00034entrykWh/h2021-11-01T01:00:00Z2021-12-01T01:00:00Z_NA1268,1,Physical Flow,hour,2021-11-22T23:00:00+01:00,2021-11-23T00:00:00+01:00,BE-TSO-0001,21X-BE-A-A0A0A-Y,Fluxys Belgium,FNC-00034,Final consumers (BE) (Fluxys) Industrial clients L-zone,21Y000000000045A,entry,kWh/h,No injection in transmission network from Industiral clients,,,2025-02-20T13:19:03+01:00,,,,,,,,1,2021-10-01T01:00:00+02:00,,,,,
1Physical FlowhourBE-TSO-0001FNC-00034entrykWh/h2021-11-01T01:00:00Z2021-12-01T01:00:00Z_NA1269,1,Physical Flow,hour,2021-11-23T00:00:00+01:00,2021-11-23T01:00:00+01:00,BE-TSO-0001,21X-BE-A-A0A0A-Y,Fluxys Belgium,FNC-00034,Final consumers (BE) (Fluxys) Industrial clients L-zone,21Y000000000045A,entry,kWh/h,No injection in transmission network from Industiral clients,,,2025-02-20T13:19:03+01:00,,,,,,,,1,2021-10-01T01:00:00+02:00,,,,,
1Physical FlowhourBE-TSO-0001FNC-00034entrykWh/h2021-11-01T01:00:00Z2021-12-01T01:00:00Z_NA1270,1,Physical Flow,hour,2021-11-23T01:00:00+01:00,2021-11-23T02:00:00+01:00,BE-TSO-0001,21X-BE-A-A0A0A-Y,Fluxys Belgium,FNC-00034,Final consumers (BE) (Fluxys) Industrial clients L-zone,21Y000000000045A,entry,kWh/h,No injection in transmission network from Industiral clients,,,2025-02-20T13:19:03+01:00,,,,,,,,1,2021-10-01T01:00:00+02:00,,,,,
1Physical FlowhourBE-TSO-0001FNC-00034entrykWh/h2021-11-01T01:00:00Z2021-12-01T01:00:00Z_NA1271,1,Physical Flow,hour,2021-11-23T02:00:00+01:00,2021-11-23T03:00:00+01:00,BE-TSO-0001,21X-BE-A-A0A0A-Y,Fluxys Belgium,FNC-00034,Final consumers (BE) (Fluxys) Industrial clients L-zone,21Y000000000045A,entry,kWh/h,No injection in transmission network from Industiral clients,,,2025-02-20T13:19:03+01:00,,,,,,,,1,2021-10-01T01:00:00+02:00,,,,,
1Physical FlowhourBE-TSO-0001FNC-00034entrykWh/h2021-11-01T01:00:00Z2021-12-01T01:00:00Z_NA1272,1,Physical Flow,hour,2021-11-23T03:00:00+01:00,2021-11-23T04:00:00+01:00,BE-TSO-0001,21X-BE-A-A0A0A-Y,Fluxys Belgium,FNC-00034,Final consumers (BE) (Fluxys) Industrial clients L-zone,21Y000000000045A,entry,kWh/h,No injection in transmission network from Industiral clients,,,2025-02-20T13:19:03+01:00,,,,,,,,1,2021-10-01T01:00:00+02:00,,,,,
1Physical FlowhourBE-TSO-0001FNC-00034entrykWh/h2021-11-01T01:00:00Z2021-12-01T01:00:00Z_NA1273,1,Physical Flow,hour,2021-11-23T04:00:00+01:00,2021-11-23T05:00:00+01:00,BE-TSO-0001,21X-BE-A-A0A0A-Y,Fluxys Belgium,FNC-00034,Final consumers (BE) (Fluxys) Industrial clients L-zone,21Y000000000045A,entry,kWh/h,No injection in transmission network from Industiral clients,,,2025-02-20T13:19:03+01:00,,,,,,,,1,2021-10-01T01:00:00+02:00,,,,,
1Physical FlowhourBE-TSO-0001FNC-00034entrykWh/h2021-11-01T01:00:00Z2021-12-01T01:00:00Z_NA1274,1,Physical Flow,hour,2021-11-23T05:00:00+01:00,2021-11-23T06:00:00+01:00,BE-TSO-0001,21X-BE-A-A0A0A-Y,Fluxys Belgium,FNC-00034,Final consumers (BE) (Fluxys) Industrial clients L-zone,21Y000000000045A,entry,kWh/h,No injection in transmission network from Industiral clients,,,2025-02-20T13:19:03+01:00,,,,,,,,1,2021-10-01T01:00:00+02:00,,,,,
1Physical FlowhourBE-TSO-0001FNC-00034entrykWh/h2021-11-01T01:00:00Z2021-12-01T01:00:00Z_NA1275,1,Physical Flow,hour,2021-11-23T06:00:00+01:00,2021-11-23T07:00:00+01:00,BE-TSO-0001,21X-BE-A-A0A0A-Y,Fluxys Belgium,FNC-00034,Final consumers (BE) (Fluxys) Industrial clients L-zone,21Y000000000045A,entry,kWh/h,No injection in transmission network from Industiral clients,,,2025-02-20T13:19:03+01:00,,,,,,,,1,2021-10-01T01:00:00+02:00,,,,,
1Physical FlowhourBE-TSO-0001FNC-00034entrykWh/h2021-11-01T01:00:00Z2021-12-01T01:00:00Z_NA1276,1,Physical Flow,hour,2021-11-23T07:00:00+01:00,2021-11-23T08:00:00+01:00,BE-TSO-0001,21X-BE-A-A0A0A-Y,Fluxys Belgium,FNC-00034,Final consumers (BE) (Fluxys) Industrial clients L-zone,21Y000000000045A,entry,kWh/h,No injection in transmission network from Industiral clients,,,2025-02-20T13:19:03+01:00,,,,,,,,1,2021-10-01T01:00:00+02:00,,,,,
1Physical FlowhourBE-TSO-0001FNC-00034entrykWh/h2021-11-01T01:00:00Z2021-12-01T01:00:00Z_NA1277,1,Physical Flow,hour,2021-11-23T08:00:00+01:00,2021-11-23T09:00:00+01:00,BE-TSO-0001,21X-BE-A-A0A0A-Y,Fluxys Belgium,FNC-00034,Final consumers (BE) (Fluxys) Industrial clients L-zone,21Y000000000045A,entry,kWh/h,No injection in transmission network from Industiral clients,,,2025-02-20T13:19:03+01:00,,,,,,,,1,2021-10-01T01:00:00+02:00,,,,,
1Physical FlowhourBE-TSO-0001FNC-00034entrykWh/h2021-11-01T01:00:00Z2021-12-01T01:00:00Z_NA1278,1,Physical Flow,hour,2021-11-23T09:00:00+01:00,2021-11-23T10:00:00+01:00,BE-TSO-0001,21X-BE-A-A0A0A-Y,Fluxys Belgium,FNC-00034,Final consumers (BE) (Fluxys) Industrial clients L-zone,21Y000000000045A,entry,kWh/h,No injection in transmission network from Industiral clients,,,2025-02-20T13:19:03+01:00,,,,,,,,1,2021-10-01T01:00:00+02:00,,,,,
1Physical FlowhourBE-TSO-0001FNC-00034entrykWh/h2021-11-01T01:00:00Z2021-12-01T01:00:00Z_NA1279,1,Physical Flow,hour,2021-11-23T10:00:00+01:00,2021-11-23T11:00:00+01:00,BE-TSO-0001,21X-BE-A-A0A0A-Y,Fluxys Belgium,FNC-00034,Final consumers (BE) (Fluxys) Industrial clients L-zone,21Y000000000045A,entry,kWh/h,No injection in transmission network from Industiral clients,,,2025-02-20T13:19:03+01:00,,,,,,,,1,2021-10-01T01:00:00+02:00,,,,,
1Physical FlowhourBE-TSO-0001FNC-00034entrykWh/h2021-11-01T01:00:00Z2021-12-01T01:00:00Z_NA1280,1,Physical Flow,hour,2021-11-23T11:00:00+01:00,2021-11-23T12:00:00+01:00,BE-TSO-0001,21X-BE-A-A0A0A-Y,Fluxys Belgium,FNC-00034,Final consumers (BE) (Fluxys) Industrial clients L-zone,21Y000000000045A,entry,kWh/h,No injection in transmission network from Industiral clients,,,2025-02-20T13:19:03+01:00,,,,,,,,1,2021-10-01T01:00:00+02:00,,,,,
1Physical FlowhourBE-TSO-0001FNC-00034entrykWh/h2021-11-01T01:00:00Z2021-12-01T01:00:00Z_NA1281,1,Physical Flow,hour,2021-11-23T12:00:00+01:00,2021-11-23T13:00:00+01:00,BE-TSO-0001,21X-BE-A-A0A0A-Y,Fluxys Belgium,FNC-00034,Final consumers (BE) (Fluxys) Industrial clients L-zone,21Y000000000045A,entry,kWh/h,No injection in transmission network from Industiral clients,,,2025-02-20T13:19:03+01:00,,,,,,,,1,2021-10-01T01:00:00+02:00,,,,,
1Physical FlowhourBE-TSO-0001FNC-00034entrykWh/h2021-11-01T01:00:00Z2021-12-01T01:00:00Z_NA1282,1,Physical Flow,hour,2021-11-23T13:00:00+01:00,2021-11-23T14:00:00+01:00,BE-TSO-0001,21X-BE-A-A0A0A-Y,Fluxys Belgium,FNC-00034,Final consumers (BE) (Fluxys) Industrial clients L-zone,21Y000000000045A,entry,kWh/h,No injection in transmission network from Industiral clients,,,2025-02-20T13:19:03+01:00,,,,,,,,1,2021-10-01T01:00:00+02:00,,,,,
1Physical FlowhourBE-TSO-0001FNC-00034entrykWh/h2021-11-01T01:00:00Z2021-12-01T01:00:00Z_NA1283,1,Physical Flow,hour,2021-11-23T14:00:00+01:00,2021-11-23T15:00:00+01:00,BE-TSO-0001,21X-BE-A-A0A0A-Y,Fluxys Belgium,FNC-00034,Final consumers (BE) (Fluxys) Industrial clients L-zone,21Y000000000045A,entry,kWh/h,No injection in transmission network from Industiral clients,,,2025-02-20T13:19:03+01:00,,,,,,,,1,2021-10-01T01:00:00+02:00,,,,,
1Physical FlowhourBE-TSO-0001FNC-00034entrykWh/h2021-11-01T01:00:00Z2021-12-01T01:00:00Z_NA1284,1,Physical Flow,hour,2021-11-23T15:00:00+01:00,2021-11-23T16:00:00+01:00,BE-TSO-0001,21X-BE-A-A0A0A-Y,Fluxys Belgium,FNC-00034,Final consumers (BE) (Fluxys) Industrial clients L-zone,21Y000000000045A,entry,kWh/h,No injection in transmission network from Industiral clients,,,2025-02-20T13:19:03+01:00,,,,,,,,1,2021-10-01T01:00:00+02:00,,,,,
1Physical FlowhourBE-TSO-0001FNC-00034entrykWh/h2021-11-01T01:00:00Z2021-12-01T01:00:00Z_NA1285,1,Physical Flow,hour,2021-11-23T16:00:00+01:00,2021-11-23T17:00:00+01:00,BE-TSO-0001,21X-BE-A-A0A0A-Y,Fluxys Belgium,FNC-00034,Final consumers (BE) (Fluxys) Industrial clients L-zone,21Y000000000045A,entry,kWh/h,No injection in transmission network from Industiral clients,,,2025-02-20T13:19:03+01:00,,,,,,,,1,2021-10-01T01:00:00+02:00,,,,,
1Physical FlowhourBE-TSO-0001FNC-00034entrykWh/h2021-11-01T01:00:00Z2021-12-01T01:00:00Z_NA1286,1,Physical Flow,hour,2021-11-23T17:00:00+01:00,2021-11-23T18:00:00+01:00,BE-TSO-0001,21X-BE-A-A0A0A-Y,Fluxys Belgium,FNC-00034,Final consumers (BE) (Fluxys) Industrial clients L-zone,21Y000000000045A,entry,kWh/h,No injection in transmission network from Industiral clients,,,2025-02-20T13:19:03+01:00,,,,,,,,1,2021-10-01T01:00:00+02:00,,,,,
1Physical FlowhourBE-TSO-0001FNC-00034entrykWh/h2021-11-01T01:00:00Z2021-12-01T01:00:00Z_NA1287,1,Physical Flow,hour,2021-11-23T18:00:00+01:00,2021-11-23T19:00:00+01:00,BE-TSO-0001,21X-BE-A-A0A0A-Y,Fluxys Belgium,FNC-00034,Final consumers (BE) (Fluxys) Industrial clients L-zone,21Y000000000045A,entry,kWh/h,No injection in transmission network from Industiral clients,,,2025-02-20T13:19:03+01:00,,,,,,,,1,2021-10-01T01:00:00+02:00,,,,,
1Physical FlowhourBE-TSO-0001FNC-00034entrykWh/h2021-11-01T01:00:00Z2021-12-01T01:00:00Z_NA1288,1,Physical Flow,hour,2021-11-23T19:00:00+01:00,2021-11-23T20:00:00+01:00,BE-TSO-0001,21X-BE-A-A0A0A-Y,Fluxys Belgium,FNC-00034,Final consumers (BE) (Fluxys) Industrial clients L-zone,21Y000000000045A,entry,kWh/h,No injection in transmission network from Industiral clients,,,2025-02-20T13:19:03+01:00,,,,,,,,1,2021-10-01T01:00:00+02:00,,,,,
1Physical FlowhourBE-TSO-0001FNC-00034entrykWh/h2021-11-01T01:00:00Z2021-12-01T01:00:00Z_NA1289,1,Physical Flow,hour,2021-11-23T20:00:00+01:00,2021-11-23T21:00:00+01:00,BE-TSO-0001,21X-BE-A-A0A0A-Y,Fluxys Belgium,FNC-00034,Final consumers (BE) (Fluxys) Industrial clients L-zone,21Y000000000045A,entry,kWh/h,No injection in transmission network from Industiral clients,,,2025-02-20T13:19:03+01:00,,,,,,,,1,2021-10-01T01:00:00+02:00,,,,,
1Physical FlowhourBE-TSO-0001FNC-00034entrykWh/h2021-11-01T01:00:00Z2021-12-01T01:00:00Z_NA1290,1,Physical Flow,hour,2021-11-23T21:00:00+01:00,2021-11-23T22:00:00+01:00,BE-TSO-0001,21X-BE-A-A0A0A-Y,Fluxys Belgium,FNC-00034,Final consumers (BE) (Fluxys) Industrial clients L-zone,21Y000000000045A,entry,kWh/h,No injection in transmission network from Industiral clients,,,2025-02-20T13:19:03+01:00,,,,,,,,1,2021-10-01T01:00:00+02:00,,,,,
1Physical FlowhourBE-TSO-0001FNC-00034entrykWh/h2021-11-01T01:00:00Z2021-12-01T01:00:00Z_NA1291,1,Physical Flow,hour,2021-11-23T22:00:00+01:00,2021-11-23T23:00:00+01:00,BE-TSO-0001,21X-BE-A-A0A0A-Y,Fluxys Belgium,FNC-00034,Final consumers (BE) (Fluxys) Industrial clients L-zone,21Y000000000045A,entry,kWh/h,No injection in transmission network from Industiral clients,,,2025-02-20T13:19:03+01:00,,,,,,,,1,2021-10-01T01:00:00+02:00,,,,,
1Physical FlowhourBE-TSO-0001FNC-00034entrykWh/h2021-11-01T01:00:00Z2021-12-01T01:00:00Z_NA1292,1,Physical Flow,hour,2021-11-23T23:00:00+01:00,2021-11-24T00:00:00+01:00,BE-TSO-0001,21X-BE-A-A0A0A-Y,Fluxys Belgium,FNC-00034,Final consumers (BE) (Fluxys) Industrial clients L-zone,21Y000000000045A,entry,kWh/h,No injection in transmission network from Industiral clients,,,2025-02-20T13:19:03+01:00,,,,,,,,1,2021-10-01T01:00:00+02:00,,,,,
1Physical FlowhourBE-TSO-0001FNC-00034entrykWh/h2021-11-01T01:00:00Z2021-12-01T01:00:00Z_NA1293,1,Physical Flow,hour,2021-11-24T00:00:00+01:00,2021-11-24T01:00:00+01:00,BE-TSO-0001,21X-BE-A-A0A0A-Y,Fluxys Belgium,FNC-00034,Final consumers (BE) (Fluxys) Industrial clients L-zone,21Y000000000045A,entry,kWh/h,No injection in transmission network from Industiral clients,,,2025-02-20T13:19:03+01:00,,,,,,,,1,2021-10-01T01:00:00+02:00,,,,,
1Physical FlowhourBE-TSO-0001FNC-00034entrykWh/h2021-11-01T01:00:00Z2021-12-01T01:00:00Z_NA1294,1,Physical Flow,hour,2021-11-24T01:00:00+01:00,2021-11-24T02:00:00+01:00,BE-TSO-0001,21X-BE-A-A0A0A-Y,Fluxys Belgium,FNC-00034,Final consumers (BE) (Fluxys) Industrial clients L-zone,21Y000000000045A,entry,kWh/h,No injection in transmission network from Industiral clients,,,2025-02-20T13:19:03+01:00,,,,,,,,1,2021-10-01T01:00:00+02:00,,,,,
1Physical FlowhourBE-TSO-0001FNC-00034entrykWh/h2021-11-01T01:00:00Z2021-12-01T01:00:00Z_NA1295,1,Physical Flow,hour,2021-11-24T02:00:00+01:00,2021-11-24T03:00:00+01:00,BE-TSO-0001,21X-BE-A-A0A0A-Y,Fluxys Belgium,FNC-00034,Final consumers (BE) (Fluxys) Industrial clients L-zone,21Y000000000045A,entry,kWh/h,No injection in transmission network from Industiral clients,,,2025-02-20T13:19:03+01:00,,,,,,,,1,2021-10-01T01:00:00+02:00,,,,,
1Physical FlowhourBE-TSO-0001FNC-00034entrykWh/h2021-11-01T01:00:00Z2021-12-01T01:00:00Z_NA1296,1,Physical Flow,hour,2021-11-24T03:00:00+01:00,2021-11-24T04:00:00+01:00,BE-TSO-0001,21X-BE-A-A0A0A-Y,Fluxys Belgium,FNC-00034,Final consumers (BE) (Fluxys) Industrial clients L-zone,21Y000000000045A,entry,kWh/h,No injection in transmission network from Industiral clients,,,2025-02-20T13:19:03+01:00,,,,,,,,1,2021-10-01T01:00:00+02:00,,,,,
1Physical FlowhourBE-TSO-0001FNC-00034entrykWh/h2021-11-01T01:00:00Z2021-12-01T01:00:00Z_NA1297,1,Physical Flow,hour,2021-11-24T04:00:00+01:00,2021-11-24T05:00:00+01:00,BE-TSO-0001,21X-BE-A-A0A0A-Y,Fluxys Belgium,FNC-00034,Final consumers (BE) (Fluxys) Industrial clients L-zone,21Y000000000045A,entry,kWh/h,No injection in transmission network from Industiral clients,,,2025-02-20T13:19:03+01:00,,,,,,,,1,2021-10-01T01:00:00+02:00,,,,,
1Physical FlowhourBE-TSO-0001FNC-00034entrykWh/h2021-11-01T01:00:00Z2021-12-01T01:00:00Z_NA1298,1,Physical Flow,hour,2021-11-24T05:00:00+01:00,2021-11-24T06:00:00+01:00,BE-TSO-0001,21X-BE-A-A0A0A-Y,Fluxys Belgium,FNC-00034,Final consumers (BE) (Fluxys) Industrial clients L-zone,21Y000000000045A,entry,kWh/h,No injection in transmission network from Industiral clients,,,2025-02-20T13:19:03+01:00,,,,,,,,1,2021-10-01T01:00:00+02:00,,,,,
1Physical FlowhourBE-TSO-0001FNC-00034entrykWh/h2021-11-01T01:00:00Z2021-12-01T01:00:00Z_NA1299,1,Physical Flow,hour,2021-11-24T06:00:00+01:00,2021-11-24T07:00:00+01:00,BE-TSO-0001,21X-BE-A-A0A0A-Y,Fluxys Belgium,FNC-00034,Final consumers (BE) (Fluxys) Industrial clients L-zone,21Y000000000045A,entry,kWh/h,No injection in transmission network from Industiral clients,,,2025-02-20T13:19:03+01:00,,,,,,,,1,2021-10-01T01:00:00+02:00,,,,,
1Physical FlowhourBE-TSO-0001FNC-00034entrykWh/h2021-11-01T01:00:00Z2021-12-01T01:00:00Z_NA1300,1,Physical Flow,hour,2021-11-24T07:00:00+01:00,2021-11-24T08:00:00+01:00,BE-TSO-0001,21X-BE-A-A0A0A-Y,Fluxys Belgium,FNC-00034,Final consumers (BE) (Fluxys) Industrial clients L-zone,21Y000000000045A,entry,kWh/h,No injection in transmission network from Industiral clients,,,2025-02-20T13:19:03+01:00,,,,,,,,1,2021-10-01T01:00:00+02:00,,,,,
1Physical FlowhourBE-TSO-0001FNC-00034entrykWh/h2021-11-01T01:00:00Z2021-12-01T01:00:00Z_NA1301,1,Physical Flow,hour,2021-11-24T08:00:00+01:00,2021-11-24T09:00:00+01:00,BE-TSO-0001,21X-BE-A-A0A0A-Y,Fluxys Belgium,FNC-00034,Final consumers (BE) (Fluxys) Industrial clients L-zone,21Y000000000045A,entry,kWh/h,No injection in transmission network from Industiral clients,,,2025-02-20T13:19:03+01:00,,,,,,,,1,2021-10-01T01:00:00+02:00,,,,,
1Physical FlowhourBE-TSO-0001FNC-00034entrykWh/h2021-11-01T01:00:00Z2021-12-01T01:00:00Z_NA1302,1,Physical Flow,hour,2021-11-24T09:00:00+01:00,2021-11-24T10:00:00+01:00,BE-TSO-0001,21X-BE-A-A0A0A-Y,Fluxys Belgium,FNC-00034,Final consumers (BE) (Fluxys) Industrial clients L-zone,21Y000000000045A,entry,kWh/h,No injection in transmission network from Industiral clients,,,2025-02-20T13:19:03+01:00,,,,,,,,1,2021-10-01T01:00:00+02:00,,,,,
1Physical FlowhourBE-TSO-0001FNC-00034entrykWh/h2021-11-01T01:00:00Z2021-12-01T01:00:00Z_NA1303,1,Physical Flow,hour,2021-11-24T10:00:00+01:00,2021-11-24T11:00:00+01:00,BE-TSO-0001,21X-BE-A-A0A0A-Y,Fluxys Belgium,FNC-00034,Final consumers (BE) (Fluxys) Industrial clients L-zone,21Y000000000045A,entry,kWh/h,No injection in transmission network from Industiral clients,,,2025-02-20T13:19:03+01:00,,,,,,,,1,2021-10-01T01:00:00+02:00,,,,,
1Physical FlowhourBE-TSO-0001FNC-00034entrykWh/h2021-11-01T01:00:00Z2021-12-01T01:00:00Z_NA1304,1,Physical Flow,hour,2021-11-24T11:00:00+01:00,2021-11-24T12:00:00+01:00,BE-TSO-0001,21X-BE-A-A0A0A-Y,Fluxys Belgium,FNC-00034,Final consumers (BE) (Fluxys) Industrial clients L-zone,21Y000000000045A,entry,kWh/h,No injection in transmission network from Industiral clients,,,2025-02-20T13:19:03+01:00,,,,,,,,1,2021-10-01T01:00:00+02:00,,,,,
1Physical FlowhourBE-TSO-0001FNC-00034entrykWh/h2021-11-01T01:00:00Z2021-12-01T01:00:00Z_NA1305,1,Physical Flow,hour,2021-11-24T12:00:00+01:00,2021-11-24T13:00:00+01:00,BE-TSO-0001,21X-BE-A-A0A0A-Y,Fluxys Belgium,FNC-00034,Final consumers (BE) (Fluxys) Industrial clients L-zone,21Y000000000045A,entry,kWh/h,No injection in transmission network from Industiral clients,,,2025-02-20T13:19:03+01:00,,,,,,,,1,2021-10-01T01:00:00+02:00,,,,,
1Physical FlowhourBE-TSO-0001FNC-00034entrykWh/h2021-11-01T01:00:00Z2021-12-01T01:00:00Z_NA1306,1,Physical Flow,hour,2021-11-24T13:00:00+01:00,2021-11-24T14:00:00+01:00,BE-TSO-0001,21X-BE-A-A0A0A-Y,Fluxys Belgium,FNC-00034,Final consumers (BE) (Fluxys) Industrial clients L-zone,21Y000000000045A,entry,kWh/h,No injection in transmission network from Industiral clients,,,2025-02-20T13:19:03+01:00,,,,,,,,1,2021-10-01T01:00:00+02:00,,,,,
1Physical FlowhourBE-TSO-0001FNC-00034entrykWh/h2021-11-01T01:00:00Z2021-12-01T01:00:00Z_NA1307,1,Physical Flow,hour,2021-11-24T14:00:00+01:00,2021-11-24T15:00:00+01:00,BE-TSO-0001,21X-BE-A-A0A0A-Y,Fluxys Belgium,FNC-00034,Final consumers (BE) (Fluxys) Industrial clients L-zone,21Y000000000045A,entry,kWh/h,No injection in transmission network from Industiral clients,,,2025-02-20T13:19:03+01:00,,,,,,,,1,2021-10-01T01:00:00+02:00,,,,,
1Physical FlowhourBE-TSO-0001FNC-00034entrykWh/h2021-11-01T01:00:00Z2021-12-01T01:00:00Z_NA1308,1,Physical Flow,hour,2021-11-24T15:00:00+01:00,2021-11-24T16:00:00+01:00,BE-TSO-0001,21X-BE-A-A0A0A-Y,Fluxys Belgium,FNC-00034,Final consumers (BE) (Fluxys) Industrial clients L-zone,21Y000000000045A,entry,kWh/h,No injection in transmission network from Industiral clients,,,2025-02-20T13:19:03+01:00,,,,,,,,1,2021-10-01T01:00:00+02:00,,,,,
1Physical FlowhourBE-TSO-0001FNC-00034entrykWh/h2021-11-01T01:00:00Z2021-12-01T01:00:00Z_NA1309,1,Physical Flow,hour,2021-11-24T16:00:00+01:00,2021-11-24T17:00:00+01:00,BE-TSO-0001,21X-BE-A-A0A0A-Y,Fluxys Belgium,FNC-00034,Final consumers (BE) (Fluxys) Industrial clients L-zone,21Y000000000045A,entry,kWh/h,No injection in transmission network from Industiral clients,,,2025-02-20T13:19:03+01:00,,,,,,,,1,2021-10-01T01:00:00+02:00,,,,,
1Physical FlowhourBE-TSO-0001FNC-00034entrykWh/h2021-11-01T01:00:00Z2021-12-01T01:00:00Z_NA1310,1,Physical Flow,hour,2021-11-24T17:00:00+01:00,2021-11-24T18:00:00+01:00,BE-TSO-0001,21X-BE-A-A0A0A-Y,Fluxys Belgium,FNC-00034,Final consumers (BE) (Fluxys) Industrial clients L-zone,21Y000000000045A,entry,kWh/h,No injection in transmission network from Industiral clients,,,2025-02-20T13:19:03+01:00,,,,,,,,1,2021-10-01T01:00:00+02:00,,,,,
1Physical FlowhourBE-TSO-0001FNC-00034entrykWh/h2021-11-01T01:00:00Z2021-12-01T01:00:00Z_NA1311,1,Physical Flow,hour,2021-11-24T18:00:00+01:00,2021-11-24T19:00:00+01:00,BE-TSO-0001,21X-BE-A-A0A0A-Y,Fluxys Belgium,FNC-00034,Final consumers (BE) (Fluxys) Industrial clients L-zone,21Y000000000045A,entry,kWh/h,No injection in transmission network from Industiral clients,,,2025-02-20T13:19:03+01:00,,,,,,,,1,2021-10-01T01:00:00+02:00,,,,,
1Physical FlowhourBE-TSO-0001FNC-00034entrykWh/h2021-11-01T01:00:00Z2021-12-01T01:00:00Z_NA1312,1,Physical Flow,hour,2021-11-24T19:00:00+01:00,2021-11-24T20:00:00+01:00,BE-TSO-0001,21X-BE-A-A0A0A-Y,Fluxys Belgium,FNC-00034,Final consumers (BE) (Fluxys) Industrial clients L-zone,21Y000000000045A,entry,kWh/h,No injection in transmission network from Industiral clients,,,2025-02-20T13:19:03+01:00,,,,,,,,1,2021-10-01T01:00:00+02:00,,,,,
1Physical FlowhourBE-TSO-0001FNC-00034entrykWh/h2021-11-01T01:00:00Z2021-12-01T01:00:00Z_NA1313,1,Physical Flow,hour,2021-11-24T20:00:00+01:00,2021-11-24T21:00:00+01:00,BE-TSO-0001,21X-BE-A-A0A0A-Y,Fluxys Belgium,FNC-00034,Final consumers (BE) (Fluxys) Industrial clients L-zone,21Y000000000045A,entry,kWh/h,No injection in transmission network from Industiral clients,,,2025-02-20T13:19:03+01:00,,,,,,,,1,2021-10-01T01:00:00+02:00,,,,,
1Physical FlowhourBE-TSO-0001FNC-00034entrykWh/h2021-11-01T01:00:00Z2021-12-01T01:00:00Z_NA1314,1,Physical Flow,hour,2021-11-24T21:00:00+01:00,2021-11-24T22:00:00+01:00,BE-TSO-0001,21X-BE-A-A0A0A-Y,Fluxys Belgium,FNC-00034,Final consumers (BE) (Fluxys) Industrial clients L-zone,21Y000000000045A,entry,kWh/h,No injection in transmission network from Industiral clients,,,2025-02-20T13:19:03+01:00,,,,,,,,1,2021-10-01T01:00:00+02:00,,,,,
1Physical FlowhourBE-TSO-0001FNC-00034entrykWh/h2021-11-01T01:00:00Z2021-12-01T01:00:00Z_NA1315,1,Physical Flow,hour,2021-11-24T22:00:00+01:00,2021-11-24T23:00:00+01:00,BE-TSO-0001,21X-BE-A-A0A0A-Y,Fluxys Belgium,FNC-00034,Final consumers (BE) (Fluxys) Industrial clients L-zone,21Y000000000045A,entry,kWh/h,No injection in transmission network from Industiral clients,,,2025-02-20T13:19:03+01:00,,,,,,,,1,2021-10-01T01:00:00+02:00,,,,,
1Physical FlowhourBE-TSO-0001FNC-00034entrykWh/h2021-11-01T01:00:00Z2021-12-01T01:00:00Z_NA1316,1,Physical Flow,hour,2021-11-24T23:00:00+01:00,2021-11-25T00:00:00+01:00,BE-TSO-0001,21X-BE-A-A0A0A-Y,Fluxys Belgium,FNC-00034,Final consumers (BE) (Fluxys) Industrial clients L-zone,21Y000000000045A,entry,kWh/h,No injection in transmission network from Industiral clients,,,2025-02-20T13:19:03+01:00,,,,,,,,1,2021-10-01T01:00:00+02:00,,,,,
1Physical FlowhourBE-TSO-0001FNC-00034entrykWh/h2021-11-01T01:00:00Z2021-12-01T01:00:00Z_NA1317,1,Physical Flow,hour,2021-11-25T00:00:00+01:00,2021-11-25T01:00:00+01:00,BE-TSO-0001,21X-BE-A-A0A0A-Y,Fluxys Belgium,FNC-00034,Final consumers (BE) (Fluxys) Industrial clients L-zone,21Y000000000045A,entry,kWh/h,No injection in transmission network from Industiral clients,,,2025-02-20T13:19:03+01:00,,,,,,,,1,2021-10-01T01:00:00+02:00,,,,,
1Physical FlowhourBE-TSO-0001FNC-00034entrykWh/h2021-11-01T01:00:00Z2021-12-01T01:00:00Z_NA1318,1,Physical Flow,hour,2021-11-25T01:00:00+01:00,2021-11-25T02:00:00+01:00,BE-TSO-0001,21X-BE-A-A0A0A-Y,Fluxys Belgium,FNC-00034,Final consumers (BE) (Fluxys) Industrial clients L-zone,21Y000000000045A,entry,kWh/h,No injection in transmission network from Industiral clients,,,2025-02-20T13:19:03+01:00,,,,,,,,1,2021-10-01T01:00:00+02:00,,,,,
1Physical FlowhourBE-TSO-0001FNC-00034entrykWh/h2021-11-01T01:00:00Z2021-12-01T01:00:00Z_NA1319,1,Physical Flow,hour,2021-11-25T02:00:00+01:00,2021-11-25T03:00:00+01:00,BE-TSO-0001,21X-BE-A-A0A0A-Y,Fluxys Belgium,FNC-00034,Final consumers (BE) (Fluxys) Industrial clients L-zone,21Y000000000045A,entry,kWh/h,No injection in transmission network from Industiral clients,,,2025-02-20T13:19:03+01:00,,,,,,,,1,2021-10-01T01:00:00+02:00,,,,,
1Physical FlowhourBE-TSO-0001FNC-00034entrykWh/h2021-11-01T01:00:00Z2021-12-01T01:00:00Z_NA1320,1,Physical Flow,hour,2021-11-25T03:00:00+01:00,2021-11-25T04:00:00+01:00,BE-TSO-0001,21X-BE-A-A0A0A-Y,Fluxys Belgium,FNC-00034,Final consumers (BE) (Fluxys) Industrial clients L-zone,21Y000000000045A,entry,kWh/h,No injection in transmission network from Industiral clients,,,2025-02-20T13:19:03+01:00,,,,,,,,1,2021-10-01T01:00:00+02:00,,,,,
1Physical FlowhourBE-TSO-0001FNC-00034entrykWh/h2021-11-01T01:00:00Z2021-12-01T01:00:00Z_NA1321,1,Physical Flow,hour,2021-11-25T04:00:00+01:00,2021-11-25T05:00:00+01:00,BE-TSO-0001,21X-BE-A-A0A0A-Y,Fluxys Belgium,FNC-00034,Final consumers (BE) (Fluxys) Industrial clients L-zone,21Y000000000045A,entry,kWh/h,No injection in transmission network from Industiral clients,,,2025-02-20T13:19:03+01:00,,,,,,,,1,2021-10-01T01:00:00+02:00,,,,,
1Physical FlowhourBE-TSO-0001FNC-00034entrykWh/h2021-11-01T01:00:00Z2021-12-01T01:00:00Z_NA1322,1,Physical Flow,hour,2021-11-25T05:00:00+01:00,2021-11-25T06:00:00+01:00,BE-TSO-0001,21X-BE-A-A0A0A-Y,Fluxys Belgium,FNC-00034,Final consumers (BE) (Fluxys) Industrial clients L-zone,21Y000000000045A,entry,kWh/h,No injection in transmission network from Industiral clients,,,2025-02-20T13:19:03+01:00,,,,,,,,1,2021-10-01T01:00:00+02:00,,,,,
1Physical FlowhourBE-TSO-0001FNC-00034entrykWh/h2021-11-01T01:00:00Z2021-12-01T01:00:00Z_NA1323,1,Physical Flow,hour,2021-11-25T06:00:00+01:00,2021-11-25T07:00:00+01:00,BE-TSO-0001,21X-BE-A-A0A0A-Y,Fluxys Belgium,FNC-00034,Final consumers (BE) (Fluxys) Industrial clients L-zone,21Y000000000045A,entry,kWh/h,No injection in transmission network from Industiral clients,,,2025-02-20T13:19:03+01:00,,,,,,,,1,2021-10-01T01:00:00+02:00,,,,,
1Physical FlowhourBE-TSO-0001FNC-00034entrykWh/h2021-11-01T01:00:00Z2021-12-01T01:00:00Z_NA1324,1,Physical Flow,hour,2021-11-25T07:00:00+01:00,2021-11-25T08:00:00+01:00,BE-TSO-0001,21X-BE-A-A0A0A-Y,Fluxys Belgium,FNC-00034,Final consumers (BE) (Fluxys) Industrial clients L-zone,21Y000000000045A,entry,kWh/h,No injection in transmission network from Industiral clients,,,2025-02-20T13:19:03+01:00,,,,,,,,1,2021-10-01T01:00:00+02:00,,,,,
1Physical FlowhourBE-TSO-0001FNC-00034entrykWh/h2021-11-01T01:00:00Z2021-12-01T01:00:00Z_NA1325,1,Physical Flow,hour,2021-11-25T08:00:00+01:00,2021-11-25T09:00:00+01:00,BE-TSO-0001,21X-BE-A-A0A0A-Y,Fluxys Belgium,FNC-00034,Final consumers (BE) (Fluxys) Industrial clients L-zone,21Y000000000045A,entry,kWh/h,No injection in transmission network from Industiral clients,,,2025-02-20T13:19:03+01:00,,,,,,,,1,2021-10-01T01:00:00+02:00,,,,,
1Physical FlowhourBE-TSO-0001FNC-00034entrykWh/h2021-11-01T01:00:00Z2021-12-01T01:00:00Z_NA1326,1,Physical Flow,hour,2021-11-25T09:00:00+01:00,2021-11-25T10:00:00+01:00,BE-TSO-0001,21X-BE-A-A0A0A-Y,Fluxys Belgium,FNC-00034,Final consumers (BE) (Fluxys) Industrial clients L-zone,21Y000000000045A,entry,kWh/h,No injection in transmission network from Industiral clients,,,2025-02-20T13:19:03+01:00,,,,,,,,1,2021-10-01T01:00:00+02:00,,,,,
1Physical FlowhourBE-TSO-0001FNC-00034entrykWh/h2021-11-01T01:00:00Z2021-12-01T01:00:00Z_NA1327,1,Physical Flow,hour,2021-11-25T10:00:00+01:00,2021-11-25T11:00:00+01:00,BE-TSO-0001,21X-BE-A-A0A0A-Y,Fluxys Belgium,FNC-00034,Final consumers (BE) (Fluxys) Industrial clients L-zone,21Y000000000045A,entry,kWh/h,No injection in transmission network from Industiral clients,,,2025-02-20T13:19:03+01:00,,,,,,,,1,2021-10-01T01:00:00+02:00,,,,,
1Physical FlowhourBE-TSO-0001FNC-00034entrykWh/h2021-11-01T01:00:00Z2021-12-01T01:00:00Z_NA1328,1,Physical Flow,hour,2021-11-25T11:00:00+01:00,2021-11-25T12:00:00+01:00,BE-TSO-0001,21X-BE-A-A0A0A-Y,Fluxys Belgium,FNC-00034,Final consumers (BE) (Fluxys) Industrial clients L-zone,21Y000000000045A,entry,kWh/h,No injection in transmission network from Industiral clients,,,2025-02-20T13:19:03+01:00,,,,,,,,1,2021-10-01T01:00:00+02:00,,,,,
1Physical FlowhourBE-TSO-0001FNC-00034entrykWh/h2021-11-01T01:00:00Z2021-12-01T01:00:00Z_NA1329,1,Physical Flow,hour,2021-11-25T12:00:00+01:00,2021-11-25T13:00:00+01:00,BE-TSO-0001,21X-BE-A-A0A0A-Y,Fluxys Belgium,FNC-00034,Final consumers (BE) (Fluxys) Industrial clients L-zone,21Y000000000045A,entry,kWh/h,No injection in transmission network from Industiral clients,,,2025-02-20T13:19:03+01:00,,,,,,,,1,2021-10-01T01:00:00+02:00,,,,,
1Physical FlowhourBE-TSO-0001FNC-00034entrykWh/h2021-11-01T01:00:00Z2021-12-01T01:00:00Z_NA1330,1,Physical Flow,hour,2021-11-25T13:00:00+01:00,2021-11-25T14:00:00+01:00,BE-TSO-0001,21X-BE-A-A0A0A-Y,Fluxys Belgium,FNC-00034,Final consumers (BE) (Fluxys) Industrial clients L-zone,21Y000000000045A,entry,kWh/h,No injection in transmission network from Industiral clients,,,2025-02-20T13:19:03+01:00,,,,,,,,1,2021-10-01T01:00:00+02:00,,,,,
1Physical FlowhourBE-TSO-0001FNC-00034entrykWh/h2021-11-01T01:00:00Z2021-12-01T01:00:00Z_NA1331,1,Physical Flow,hour,2021-11-25T14:00:00+01:00,2021-11-25T15:00:00+01:00,BE-TSO-0001,21X-BE-A-A0A0A-Y,Fluxys Belgium,FNC-00034,Final consumers (BE) (Fluxys) Industrial clients L-zone,21Y000000000045A,entry,kWh/h,No injection in transmission network from Industiral clients,,,2025-02-20T13:19:03+01:00,,,,,,,,1,2021-10-01T01:00:00+02:00,,,,,
1Physical FlowhourBE-TSO-0001FNC-00034entrykWh/h2021-11-01T01:00:00Z2021-12-01T01:00:00Z_NA1332,1,Physical Flow,hour,2021-11-25T15:00:00+01:00,2021-11-25T16:00:00+01:00,BE-TSO-0001,21X-BE-A-A0A0A-Y,Fluxys Belgium,FNC-00034,Final consumers (BE) (Fluxys) Industrial clients L-zone,21Y000000000045A,entry,kWh/h,No injection in transmission network from Industiral clients,,,2025-02-20T13:19:03+01:00,,,,,,,,1,2021-10-01T01:00:00+02:00,,,,,
1Physical FlowhourBE-TSO-0001FNC-00034entrykWh/h2021-11-01T01:00:00Z2021-12-01T01:00:00Z_NA1333,1,Physical Flow,hour,2021-11-25T16:00:00+01:00,2021-11-25T17:00:00+01:00,BE-TSO-0001,21X-BE-A-A0A0A-Y,Fluxys Belgium,FNC-00034,Final consumers (BE) (Fluxys) Industrial clients L-zone,21Y000000000045A,entry,kWh/h,No injection in transmission network from Industiral clients,,,2025-02-20T13:19:03+01:00,,,,,,,,1,2021-10-01T01:00:00+02:00,,,,,
1Physical FlowhourBE-TSO-0001FNC-00034entrykWh/h2021-11-01T01:00:00Z2021-12-01T01:00:00Z_NA1334,1,Physical Flow,hour,2021-11-25T17:00:00+01:00,2021-11-25T18:00:00+01:00,BE-TSO-0001,21X-BE-A-A0A0A-Y,Fluxys Belgium,FNC-00034,Final consumers (BE) (Fluxys) Industrial clients L-zone,21Y000000000045A,entry,kWh/h,No injection in transmission network from Industiral clients,,,2025-02-20T13:19:03+01:00,,,,,,,,1,2021-10-01T01:00:00+02:00,,,,,
1Physical FlowhourBE-TSO-0001FNC-00034entrykWh/h2021-11-01T01:00:00Z2021-12-01T01:00:00Z_NA1335,1,Physical Flow,hour,2021-11-25T18:00:00+01:00,2021-11-25T19:00:00+01:00,BE-TSO-0001,21X-BE-A-A0A0A-Y,Fluxys Belgium,FNC-00034,Final consumers (BE) (Fluxys) Industrial clients L-zone,21Y000000000045A,entry,kWh/h,No injection in transmission network from Industiral clients,,,2025-02-20T13:19:03+01:00,,,,,,,,1,2021-10-01T01:00:00+02:00,,,,,
1Physical FlowhourBE-TSO-0001FNC-00034entrykWh/h2021-11-01T01:00:00Z2021-12-01T01:00:00Z_NA1336,1,Physical Flow,hour,2021-11-25T19:00:00+01:00,2021-11-25T20:00:00+01:00,BE-TSO-0001,21X-BE-A-A0A0A-Y,Fluxys Belgium,FNC-00034,Final consumers (BE) (Fluxys) Industrial clients L-zone,21Y000000000045A,entry,kWh/h,No injection in transmission network from Industiral clients,,,2025-02-20T13:19:03+01:00,,,,,,,,1,2021-10-01T01:00:00+02:00,,,,,
1Physical FlowhourBE-TSO-0001FNC-00034entrykWh/h2021-11-01T01:00:00Z2021-12-01T01:00:00Z_NA1337,1,Physical Flow,hour,2021-11-25T20:00:00+01:00,2021-11-25T21:00:00+01:00,BE-TSO-0001,21X-BE-A-A0A0A-Y,Fluxys Belgium,FNC-00034,Final consumers (BE) (Fluxys) Industrial clients L-zone,21Y000000000045A,entry,kWh/h,No injection in transmission network from Industiral clients,,,2025-02-20T13:19:03+01:00,,,,,,,,1,2021-10-01T01:00:00+02:00,,,,,
1Physical FlowhourBE-TSO-0001FNC-00034entrykWh/h2021-11-01T01:00:00Z2021-12-01T01:00:00Z_NA1338,1,Physical Flow,hour,2021-11-25T21:00:00+01:00,2021-11-25T22:00:00+01:00,BE-TSO-0001,21X-BE-A-A0A0A-Y,Fluxys Belgium,FNC-00034,Final consumers (BE) (Fluxys) Industrial clients L-zone,21Y000000000045A,entry,kWh/h,No injection in transmission network from Industiral clients,,,2025-02-20T13:19:03+01:00,,,,,,,,1,2021-10-01T01:00:00+02:00,,,,,
1Physical FlowhourBE-TSO-0001FNC-00034entrykWh/h2021-11-01T01:00:00Z2021-12-01T01:00:00Z_NA1339,1,Physical Flow,hour,2021-11-25T22:00:00+01:00,2021-11-25T23:00:00+01:00,BE-TSO-0001,21X-BE-A-A0A0A-Y,Fluxys Belgium,FNC-00034,Final consumers (BE) (Fluxys) Industrial clients L-zone,21Y000000000045A,entry,kWh/h,No injection in transmission network from Industiral clients,,,2025-02-20T13:19:03+01:00,,,,,,,,1,2021-10-01T01:00:00+02:00,,,,,
1Physical FlowhourBE-TSO-0001FNC-00034entrykWh/h2021-11-01T01:00:00Z2021-12-01T01:00:00Z_NA1340,1,Physical Flow,hour,2021-11-25T23:00:00+01:00,2021-11-26T00:00:00+01:00,BE-TSO-0001,21X-BE-A-A0A0A-Y,Fluxys Belgium,FNC-00034,Final consumers (BE) (Fluxys) Industrial clients L-zone,21Y000000000045A,entry,kWh/h,No injection in transmission network from Industiral clients,,,2025-02-20T13:19:03+01:00,,,,,,,,1,2021-10-01T01:00:00+02:00,,,,,
1Physical FlowhourBE-TSO-0001FNC-00034entrykWh/h2021-11-01T01:00:00Z2021-12-01T01:00:00Z_NA1341,1,Physical Flow,hour,2021-11-26T00:00:00+01:00,2021-11-26T01:00:00+01:00,BE-TSO-0001,21X-BE-A-A0A0A-Y,Fluxys Belgium,FNC-00034,Final consumers (BE) (Fluxys) Industrial clients L-zone,21Y000000000045A,entry,kWh/h,No injection in transmission network from Industiral clients,,,2025-02-20T13:19:03+01:00,,,,,,,,1,2021-10-01T01:00:00+02:00,,,,,
1Physical FlowhourBE-TSO-0001FNC-00034entrykWh/h2021-11-01T01:00:00Z2021-12-01T01:00:00Z_NA1342,1,Physical Flow,hour,2021-11-26T01:00:00+01:00,2021-11-26T02:00:00+01:00,BE-TSO-0001,21X-BE-A-A0A0A-Y,Fluxys Belgium,FNC-00034,Final consumers (BE) (Fluxys) Industrial clients L-zone,21Y000000000045A,entry,kWh/h,No injection in transmission network from Industiral clients,,,2025-02-20T13:19:03+01:00,,,,,,,,1,2021-10-01T01:00:00+02:00,,,,,
1Physical FlowhourBE-TSO-0001FNC-00034entrykWh/h2021-11-01T01:00:00Z2021-12-01T01:00:00Z_NA1343,1,Physical Flow,hour,2021-11-26T02:00:00+01:00,2021-11-26T03:00:00+01:00,BE-TSO-0001,21X-BE-A-A0A0A-Y,Fluxys Belgium,FNC-00034,Final consumers (BE) (Fluxys) Industrial clients L-zone,21Y000000000045A,entry,kWh/h,No injection in transmission network from Industiral clients,,,2025-02-20T13:19:03+01:00,,,,,,,,1,2021-10-01T01:00:00+02:00,,,,,
1Physical FlowhourBE-TSO-0001FNC-00034entrykWh/h2021-11-01T01:00:00Z2021-12-01T01:00:00Z_NA1344,1,Physical Flow,hour,2021-11-26T03:00:00+01:00,2021-11-26T04:00:00+01:00,BE-TSO-0001,21X-BE-A-A0A0A-Y,Fluxys Belgium,FNC-00034,Final consumers (BE) (Fluxys) Industrial clients L-zone,21Y000000000045A,entry,kWh/h,No injection in transmission network from Industiral clients,,,2025-02-20T13:19:03+01:00,,,,,,,,1,2021-10-01T01:00:00+02:00,,,,,
1Physical FlowhourBE-TSO-0001FNC-00034entrykWh/h2021-11-01T01:00:00Z2021-12-01T01:00:00Z_NA1345,1,Physical Flow,hour,2021-11-26T04:00:00+01:00,2021-11-26T05:00:00+01:00,BE-TSO-0001,21X-BE-A-A0A0A-Y,Fluxys Belgium,FNC-00034,Final consumers (BE) (Fluxys) Industrial clients L-zone,21Y000000000045A,entry,kWh/h,No injection in transmission network from Industiral clients,,,2025-02-20T13:19:03+01:00,,,,,,,,1,2021-10-01T01:00:00+02:00,,,,,
1Physical FlowhourBE-TSO-0001FNC-00034entrykWh/h2021-11-01T01:00:00Z2021-12-01T01:00:00Z_NA1346,1,Physical Flow,hour,2021-11-26T05:00:00+01:00,2021-11-26T06:00:00+01:00,BE-TSO-0001,21X-BE-A-A0A0A-Y,Fluxys Belgium,FNC-00034,Final consumers (BE) (Fluxys) Industrial clients L-zone,21Y000000000045A,entry,kWh/h,No injection in transmission network from Industiral clients,,,2025-02-20T13:19:03+01:00,,,,,,,,1,2021-10-01T01:00:00+02:00,,,,,
1Physical FlowhourBE-TSO-0001FNC-00034entrykWh/h2021-11-01T01:00:00Z2021-12-01T01:00:00Z_NA1347,1,Physical Flow,hour,2021-11-26T06:00:00+01:00,2021-11-26T07:00:00+01:00,BE-TSO-0001,21X-BE-A-A0A0A-Y,Fluxys Belgium,FNC-00034,Final consumers (BE) (Fluxys) Industrial clients L-zone,21Y000000000045A,entry,kWh/h,No injection in transmission network from Industiral clients,,,2025-02-20T13:19:03+01:00,,,,,,,,1,2021-10-01T01:00:00+02:00,,,,,
1Physical FlowhourBE-TSO-0001FNC-00034entrykWh/h2021-11-01T01:00:00Z2021-12-01T01:00:00Z_NA1348,1,Physical Flow,hour,2021-11-26T07:00:00+01:00,2021-11-26T08:00:00+01:00,BE-TSO-0001,21X-BE-A-A0A0A-Y,Fluxys Belgium,FNC-00034,Final consumers (BE) (Fluxys) Industrial clients L-zone,21Y000000000045A,entry,kWh/h,No injection in transmission network from Industiral clients,,,2025-02-20T13:19:03+01:00,,,,,,,,1,2021-10-01T01:00:00+02:00,,,,,
1Physical FlowhourBE-TSO-0001FNC-00034entrykWh/h2021-11-01T01:00:00Z2021-12-01T01:00:00Z_NA1349,1,Physical Flow,hour,2021-11-26T08:00:00+01:00,2021-11-26T09:00:00+01:00,BE-TSO-0001,21X-BE-A-A0A0A-Y,Fluxys Belgium,FNC-00034,Final consumers (BE) (Fluxys) Industrial clients L-zone,21Y000000000045A,entry,kWh/h,No injection in transmission network from Industiral clients,,,2025-02-20T13:19:03+01:00,,,,,,,,1,2021-10-01T01:00:00+02:00,,,,,
1Physical FlowhourBE-TSO-0001FNC-00034entrykWh/h2021-11-01T01:00:00Z2021-12-01T01:00:00Z_NA1350,1,Physical Flow,hour,2021-11-26T09:00:00+01:00,2021-11-26T10:00:00+01:00,BE-TSO-0001,21X-BE-A-A0A0A-Y,Fluxys Belgium,FNC-00034,Final consumers (BE) (Fluxys) Industrial clients L-zone,21Y000000000045A,entry,kWh/h,No injection in transmission network from Industiral clients,,,2025-02-20T13:19:03+01:00,,,,,,,,1,2021-10-01T01:00:00+02:00,,,,,
1Physical FlowhourBE-TSO-0001FNC-00034entrykWh/h2021-11-01T01:00:00Z2021-12-01T01:00:00Z_NA1351,1,Physical Flow,hour,2021-11-26T10:00:00+01:00,2021-11-26T11:00:00+01:00,BE-TSO-0001,21X-BE-A-A0A0A-Y,Fluxys Belgium,FNC-00034,Final consumers (BE) (Fluxys) Industrial clients L-zone,21Y000000000045A,entry,kWh/h,No injection in transmission network from Industiral clients,,,2025-02-20T13:19:03+01:00,,,,,,,,1,2021-10-01T01:00:00+02:00,,,,,
1Physical FlowhourBE-TSO-0001FNC-00034entrykWh/h2021-11-01T01:00:00Z2021-12-01T01:00:00Z_NA1352,1,Physical Flow,hour,2021-11-26T11:00:00+01:00,2021-11-26T12:00:00+01:00,BE-TSO-0001,21X-BE-A-A0A0A-Y,Fluxys Belgium,FNC-00034,Final consumers (BE) (Fluxys) Industrial clients L-zone,21Y000000000045A,entry,kWh/h,No injection in transmission network from Industiral clients,,,2025-02-20T13:19:03+01:00,,,,,,,,1,2021-10-01T01:00:00+02:00,,,,,
1Physical FlowhourBE-TSO-0001FNC-00034entrykWh/h2021-11-01T01:00:00Z2021-12-01T01:00:00Z_NA1353,1,Physical Flow,hour,2021-11-26T12:00:00+01:00,2021-11-26T13:00:00+01:00,BE-TSO-0001,21X-BE-A-A0A0A-Y,Fluxys Belgium,FNC-00034,Final consumers (BE) (Fluxys) Industrial clients L-zone,21Y000000000045A,entry,kWh/h,No injection in transmission network from Industiral clients,,,2025-02-20T13:19:03+01:00,,,,,,,,1,2021-10-01T01:00:00+02:00,,,,,
1Physical FlowhourBE-TSO-0001FNC-00034entrykWh/h2021-11-01T01:00:00Z2021-12-01T01:00:00Z_NA1354,1,Physical Flow,hour,2021-11-26T13:00:00+01:00,2021-11-26T14:00:00+01:00,BE-TSO-0001,21X-BE-A-A0A0A-Y,Fluxys Belgium,FNC-00034,Final consumers (BE) (Fluxys) Industrial clients L-zone,21Y000000000045A,entry,kWh/h,No injection in transmission network from Industiral clients,,,2025-02-20T13:19:03+01:00,,,,,,,,1,2021-10-01T01:00:00+02:00,,,,,
1Physical FlowhourBE-TSO-0001FNC-00034entrykWh/h2021-11-01T01:00:00Z2021-12-01T01:00:00Z_NA1355,1,Physical Flow,hour,2021-11-26T14:00:00+01:00,2021-11-26T15:00:00+01:00,BE-TSO-0001,21X-BE-A-A0A0A-Y,Fluxys Belgium,FNC-00034,Final consumers (BE) (Fluxys) Industrial clients L-zone,21Y000000000045A,entry,kWh/h,No injection in transmission network from Industiral clients,,,2025-02-20T13:19:03+01:00,,,,,,,,1,2021-10-01T01:00:00+02:00,,,,,
1Physical FlowhourBE-TSO-0001FNC-00034entrykWh/h2021-11-01T01:00:00Z2021-12-01T01:00:00Z_NA1356,1,Physical Flow,hour,2021-11-26T15:00:00+01:00,2021-11-26T16:00:00+01:00,BE-TSO-0001,21X-BE-A-A0A0A-Y,Fluxys Belgium,FNC-00034,Final consumers (BE) (Fluxys) Industrial clients L-zone,21Y000000000045A,entry,kWh/h,No injection in transmission network from Industiral clients,,,2025-02-20T13:19:03+01:00,,,,,,,,1,2021-10-01T01:00:00+02:00,,,,,
1Physical FlowhourBE-TSO-0001FNC-00034entrykWh/h2021-11-01T01:00:00Z2021-12-01T01:00:00Z_NA1357,1,Physical Flow,hour,2021-11-26T16:00:00+01:00,2021-11-26T17:00:00+01:00,BE-TSO-0001,21X-BE-A-A0A0A-Y,Fluxys Belgium,FNC-00034,Final consumers (BE) (Fluxys) Industrial clients L-zone,21Y000000000045A,entry,kWh/h,No injection in transmission network from Industiral clients,,,2025-02-20T13:19:03+01:00,,,,,,,,1,2021-10-01T01:00:00+02:00,,,,,
1Physical FlowhourBE-TSO-0001FNC-00034entrykWh/h2021-11-01T01:00:00Z2021-12-01T01:00:00Z_NA1358,1,Physical Flow,hour,2021-11-26T17:00:00+01:00,2021-11-26T18:00:00+01:00,BE-TSO-0001,21X-BE-A-A0A0A-Y,Fluxys Belgium,FNC-00034,Final consumers (BE) (Fluxys) Industrial clients L-zone,21Y000000000045A,entry,kWh/h,No injection in transmission network from Industiral clients,,,2025-02-20T13:19:03+01:00,,,,,,,,1,2021-10-01T01:00:00+02:00,,,,,
1Physical FlowhourBE-TSO-0001FNC-00034entrykWh/h2021-11-01T01:00:00Z2021-12-01T01:00:00Z_NA1359,1,Physical Flow,hour,2021-11-26T18:00:00+01:00,2021-11-26T19:00:00+01:00,BE-TSO-0001,21X-BE-A-A0A0A-Y,Fluxys Belgium,FNC-00034,Final consumers (BE) (Fluxys) Industrial clients L-zone,21Y000000000045A,entry,kWh/h,No injection in transmission network from Industiral clients,,,2025-02-20T13:19:03+01:00,,,,,,,,1,2021-10-01T01:00:00+02:00,,,,,
1Physical FlowhourBE-TSO-0001FNC-00034entrykWh/h2021-11-01T01:00:00Z2021-12-01T01:00:00Z_NA1360,1,Physical Flow,hour,2021-11-26T19:00:00+01:00,2021-11-26T20:00:00+01:00,BE-TSO-0001,21X-BE-A-A0A0A-Y,Fluxys Belgium,FNC-00034,Final consumers (BE) (Fluxys) Industrial clients L-zone,21Y000000000045A,entry,kWh/h,No injection in transmission network from Industiral clients,,,2025-02-20T13:19:03+01:00,,,,,,,,1,2021-10-01T01:00:00+02:00,,,,,
1Physical FlowhourBE-TSO-0001FNC-00034entrykWh/h2021-11-01T01:00:00Z2021-12-01T01:00:00Z_NA1361,1,Physical Flow,hour,2021-11-26T20:00:00+01:00,2021-11-26T21:00:00+01:00,BE-TSO-0001,21X-BE-A-A0A0A-Y,Fluxys Belgium,FNC-00034,Final consumers (BE) (Fluxys) Industrial clients L-zone,21Y000000000045A,entry,kWh/h,No injection in transmission network from Industiral clients,,,2025-02-20T13:19:03+01:00,,,,,,,,1,2021-10-01T01:00:00+02:00,,,,,
1Physical FlowhourBE-TSO-0001FNC-00034entrykWh/h2021-11-01T01:00:00Z2021-12-01T01:00:00Z_NA1362,1,Physical Flow,hour,2021-11-26T21:00:00+01:00,2021-11-26T22:00:00+01:00,BE-TSO-0001,21X-BE-A-A0A0A-Y,Fluxys Belgium,FNC-00034,Final consumers (BE) (Fluxys) Industrial clients L-zone,21Y000000000045A,entry,kWh/h,No injection in transmission network from Industiral clients,,,2025-02-20T13:19:03+01:00,,,,,,,,1,2021-10-01T01:00:00+02:00,,,,,
1Physical FlowhourBE-TSO-0001FNC-00034entrykWh/h2021-11-01T01:00:00Z2021-12-01T01:00:00Z_NA1363,1,Physical Flow,hour,2021-11-26T22:00:00+01:00,2021-11-26T23:00:00+01:00,BE-TSO-0001,21X-BE-A-A0A0A-Y,Fluxys Belgium,FNC-00034,Final consumers (BE) (Fluxys) Industrial clients L-zone,21Y000000000045A,entry,kWh/h,No injection in transmission network from Industiral clients,,,2025-02-20T13:19:03+01:00,,,,,,,,1,2021-10-01T01:00:00+02:00,,,,,
1Physical FlowhourBE-TSO-0001FNC-00034entrykWh/h2021-11-01T01:00:00Z2021-12-01T01:00:00Z_NA1364,1,Physical Flow,hour,2021-11-26T23:00:00+01:00,2021-11-27T00:00:00+01:00,BE-TSO-0001,21X-BE-A-A0A0A-Y,Fluxys Belgium,FNC-00034,Final consumers (BE) (Fluxys) Industrial clients L-zone,21Y000000000045A,entry,kWh/h,No injection in transmission network from Industiral clients,,,2025-02-20T13:19:03+01:00,,,,,,,,1,2021-10-01T01:00:00+02:00,,,,,
1Physical FlowhourBE-TSO-0001FNC-00034entrykWh/h2021-11-01T01:00:00Z2021-12-01T01:00:00Z_NA1365,1,Physical Flow,hour,2021-11-27T00:00:00+01:00,2021-11-27T01:00:00+01:00,BE-TSO-0001,21X-BE-A-A0A0A-Y,Fluxys Belgium,FNC-00034,Final consumers (BE) (Fluxys) Industrial clients L-zone,21Y000000000045A,entry,kWh/h,No injection in transmission network from Industiral clients,,,2025-02-20T13:19:03+01:00,,,,,,,,1,2021-10-01T01:00:00+02:00,,,,,
1Physical FlowhourBE-TSO-0001FNC-00034entrykWh/h2021-11-01T01:00:00Z2021-12-01T01:00:00Z_NA1366,1,Physical Flow,hour,2021-11-27T01:00:00+01:00,2021-11-27T02:00:00+01:00,BE-TSO-0001,21X-BE-A-A0A0A-Y,Fluxys Belgium,FNC-00034,Final consumers (BE) (Fluxys) Industrial clients L-zone,21Y000000000045A,entry,kWh/h,No injection in transmission network from Industiral clients,,,2025-02-20T13:19:03+01:00,,,,,,,,1,2021-10-01T01:00:00+02:00,,,,,
1Physical FlowhourBE-TSO-0001FNC-00034entrykWh/h2021-11-01T01:00:00Z2021-12-01T01:00:00Z_NA1367,1,Physical Flow,hour,2021-11-27T02:00:00+01:00,2021-11-27T03:00:00+01:00,BE-TSO-0001,21X-BE-A-A0A0A-Y,Fluxys Belgium,FNC-00034,Final consumers (BE) (Fluxys) Industrial clients L-zone,21Y000000000045A,entry,kWh/h,No injection in transmission network from Industiral clients,,,2025-02-20T13:19:03+01:00,,,,,,,,1,2021-10-01T01:00:00+02:00,,,,,
1Physical FlowhourBE-TSO-0001FNC-00034entrykWh/h2021-11-01T01:00:00Z2021-12-01T01:00:00Z_NA1368,1,Physical Flow,hour,2021-11-27T03:00:00+01:00,2021-11-27T04:00:00+01:00,BE-TSO-0001,21X-BE-A-A0A0A-Y,Fluxys Belgium,FNC-00034,Final consumers (BE) (Fluxys) Industrial clients L-zone,21Y000000000045A,entry,kWh/h,No injection in transmission network from Industiral clients,,,2025-02-20T13:19:03+01:00,,,,,,,,1,2021-10-01T01:00:00+02:00,,,,,
1Physical FlowhourBE-TSO-0001FNC-00034entrykWh/h2021-11-01T01:00:00Z2021-12-01T01:00:00Z_NA1369,1,Physical Flow,hour,2021-11-27T04:00:00+01:00,2021-11-27T05:00:00+01:00,BE-TSO-0001,21X-BE-A-A0A0A-Y,Fluxys Belgium,FNC-00034,Final consumers (BE) (Fluxys) Industrial clients L-zone,21Y000000000045A,entry,kWh/h,No injection in transmission network from Industiral clients,,,2025-02-20T13:19:03+01:00,,,,,,,,1,2021-10-01T01:00:00+02:00,,,,,
1Physical FlowhourBE-TSO-0001FNC-00034entrykWh/h2021-11-01T01:00:00Z2021-12-01T01:00:00Z_NA1370,1,Physical Flow,hour,2021-11-27T05:00:00+01:00,2021-11-27T06:00:00+01:00,BE-TSO-0001,21X-BE-A-A0A0A-Y,Fluxys Belgium,FNC-00034,Final consumers (BE) (Fluxys) Industrial clients L-zone,21Y000000000045A,entry,kWh/h,No injection in transmission network from Industiral clients,,,2025-02-20T13:19:03+01:00,,,,,,,,1,2021-10-01T01:00:00+02:00,,,,,
1Physical FlowhourBE-TSO-0001FNC-00034entrykWh/h2021-11-01T01:00:00Z2021-12-01T01:00:00Z_NA1371,1,Physical Flow,hour,2021-11-27T06:00:00+01:00,2021-11-27T07:00:00+01:00,BE-TSO-0001,21X-BE-A-A0A0A-Y,Fluxys Belgium,FNC-00034,Final consumers (BE) (Fluxys) Industrial clients L-zone,21Y000000000045A,entry,kWh/h,No injection in transmission network from Industiral clients,,,2025-02-20T13:19:03+01:00,,,,,,,,1,2021-10-01T01:00:00+02:00,,,,,
1Physical FlowhourBE-TSO-0001FNC-00034entrykWh/h2021-11-01T01:00:00Z2021-12-01T01:00:00Z_NA1372,1,Physical Flow,hour,2021-11-27T07:00:00+01:00,2021-11-27T08:00:00+01:00,BE-TSO-0001,21X-BE-A-A0A0A-Y,Fluxys Belgium,FNC-00034,Final consumers (BE) (Fluxys) Industrial clients L-zone,21Y000000000045A,entry,kWh/h,No injection in transmission network from Industiral clients,,,2025-02-20T13:19:03+01:00,,,,,,,,1,2021-10-01T01:00:00+02:00,,,,,
1Physical FlowhourBE-TSO-0001FNC-00034entrykWh/h2021-11-01T01:00:00Z2021-12-01T01:00:00Z_NA1373,1,Physical Flow,hour,2021-11-27T08:00:00+01:00,2021-11-27T09:00:00+01:00,BE-TSO-0001,21X-BE-A-A0A0A-Y,Fluxys Belgium,FNC-00034,Final consumers (BE) (Fluxys) Industrial clients L-zone,21Y000000000045A,entry,kWh/h,No injection in transmission network from Industiral clients,,,2025-02-20T13:19:03+01:00,,,,,,,,1,2021-10-01T01:00:00+02:00,,,,,
1Physical FlowhourBE-TSO-0001FNC-00034entrykWh/h2021-11-01T01:00:00Z2021-12-01T01:00:00Z_NA1374,1,Physical Flow,hour,2021-11-27T09:00:00+01:00,2021-11-27T10:00:00+01:00,BE-TSO-0001,21X-BE-A-A0A0A-Y,Fluxys Belgium,FNC-00034,Final consumers (BE) (Fluxys) Industrial clients L-zone,21Y000000000045A,entry,kWh/h,No injection in transmission network from Industiral clients,,,2025-02-20T13:19:03+01:00,,,,,,,,1,2021-10-01T01:00:00+02:00,,,,,
1Physical FlowhourBE-TSO-0001FNC-00034entrykWh/h2021-11-01T01:00:00Z2021-12-01T01:00:00Z_NA1375,1,Physical Flow,hour,2021-11-27T10:00:00+01:00,2021-11-27T11:00:00+01:00,BE-TSO-0001,21X-BE-A-A0A0A-Y,Fluxys Belgium,FNC-00034,Final consumers (BE) (Fluxys) Industrial clients L-zone,21Y000000000045A,entry,kWh/h,No injection in transmission network from Industiral clients,,,2025-02-20T13:19:03+01:00,,,,,,,,1,2021-10-01T01:00:00+02:00,,,,,
1Physical FlowhourBE-TSO-0001FNC-00034entrykWh/h2021-11-01T01:00:00Z2021-12-01T01:00:00Z_NA1376,1,Physical Flow,hour,2021-11-27T11:00:00+01:00,2021-11-27T12:00:00+01:00,BE-TSO-0001,21X-BE-A-A0A0A-Y,Fluxys Belgium,FNC-00034,Final consumers (BE) (Fluxys) Industrial clients L-zone,21Y000000000045A,entry,kWh/h,No injection in transmission network from Industiral clients,,,2025-02-20T13:19:03+01:00,,,,,,,,1,2021-10-01T01:00:00+02:00,,,,,
1Physical FlowhourBE-TSO-0001FNC-00034entrykWh/h2021-11-01T01:00:00Z2021-12-01T01:00:00Z_NA1377,1,Physical Flow,hour,2021-11-27T12:00:00+01:00,2021-11-27T13:00:00+01:00,BE-TSO-0001,21X-BE-A-A0A0A-Y,Fluxys Belgium,FNC-00034,Final consumers (BE) (Fluxys) Industrial clients L-zone,21Y000000000045A,entry,kWh/h,No injection in transmission network from Industiral clients,,,2025-02-20T13:19:03+01:00,,,,,,,,1,2021-10-01T01:00:00+02:00,,,,,
1Physical FlowhourBE-TSO-0001FNC-00034entrykWh/h2021-11-01T01:00:00Z2021-12-01T01:00:00Z_NA1378,1,Physical Flow,hour,2021-11-27T13:00:00+01:00,2021-11-27T14:00:00+01:00,BE-TSO-0001,21X-BE-A-A0A0A-Y,Fluxys Belgium,FNC-00034,Final consumers (BE) (Fluxys) Industrial clients L-zone,21Y000000000045A,entry,kWh/h,No injection in transmission network from Industiral clients,,,2025-02-20T13:19:03+01:00,,,,,,,,1,2021-10-01T01:00:00+02:00,,,,,
1Physical FlowhourBE-TSO-0001FNC-00034entrykWh/h2021-11-01T01:00:00Z2021-12-01T01:00:00Z_NA1379,1,Physical Flow,hour,2021-11-27T14:00:00+01:00,2021-11-27T15:00:00+01:00,BE-TSO-0001,21X-BE-A-A0A0A-Y,Fluxys Belgium,FNC-00034,Final consumers (BE) (Fluxys) Industrial clients L-zone,21Y000000000045A,entry,kWh/h,No injection in transmission network from Industiral clients,,,2025-02-20T13:19:03+01:00,,,,,,,,1,2021-10-01T01:00:00+02:00,,,,,
1Physical FlowhourBE-TSO-0001FNC-00034entrykWh/h2021-11-01T01:00:00Z2021-12-01T01:00:00Z_NA1380,1,Physical Flow,hour,2021-11-27T15:00:00+01:00,2021-11-27T16:00:00+01:00,BE-TSO-0001,21X-BE-A-A0A0A-Y,Fluxys Belgium,FNC-00034,Final consumers (BE) (Fluxys) Industrial clients L-zone,21Y000000000045A,entry,kWh/h,No injection in transmission network from Industiral clients,,,2025-02-20T13:19:03+01:00,,,,,,,,1,2021-10-01T01:00:00+02:00,,,,,
1Physical FlowhourBE-TSO-0001FNC-00034entrykWh/h2021-11-01T01:00:00Z2021-12-01T01:00:00Z_NA1381,1,Physical Flow,hour,2021-11-27T16:00:00+01:00,2021-11-27T17:00:00+01:00,BE-TSO-0001,21X-BE-A-A0A0A-Y,Fluxys Belgium,FNC-00034,Final consumers (BE) (Fluxys) Industrial clients L-zone,21Y000000000045A,entry,kWh/h,No injection in transmission network from Industiral clients,,,2025-02-20T13:19:03+01:00,,,,,,,,1,2021-10-01T01:00:00+02:00,,,,,
1Physical FlowhourBE-TSO-0001FNC-00034entrykWh/h2021-11-01T01:00:00Z2021-12-01T01:00:00Z_NA1382,1,Physical Flow,hour,2021-11-27T17:00:00+01:00,2021-11-27T18:00:00+01:00,BE-TSO-0001,21X-BE-A-A0A0A-Y,Fluxys Belgium,FNC-00034,Final consumers (BE) (Fluxys) Industrial clients L-zone,21Y000000000045A,entry,kWh/h,No injection in transmission network from Industiral clients,,,2025-02-20T13:19:03+01:00,,,,,,,,1,2021-10-01T01:00:00+02:00,,,,,
1Physical FlowhourBE-TSO-0001FNC-00034entrykWh/h2021-11-01T01:00:00Z2021-12-01T01:00:00Z_NA1383,1,Physical Flow,hour,2021-11-27T18:00:00+01:00,2021-11-27T19:00:00+01:00,BE-TSO-0001,21X-BE-A-A0A0A-Y,Fluxys Belgium,FNC-00034,Final consumers (BE) (Fluxys) Industrial clients L-zone,21Y000000000045A,entry,kWh/h,No injection in transmission network from Industiral clients,,,2025-02-20T13:19:03+01:00,,,,,,,,1,2021-10-01T01:00:00+02:00,,,,,
1Physical FlowhourBE-TSO-0001FNC-00034entrykWh/h2021-11-01T01:00:00Z2021-12-01T01:00:00Z_NA1384,1,Physical Flow,hour,2021-11-27T19:00:00+01:00,2021-11-27T20:00:00+01:00,BE-TSO-0001,21X-BE-A-A0A0A-Y,Fluxys Belgium,FNC-00034,Final consumers (BE) (Fluxys) Industrial clients L-zone,21Y000000000045A,entry,kWh/h,No injection in transmission network from Industiral clients,,,2025-02-20T13:19:03+01:00,,,,,,,,1,2021-10-01T01:00:00+02:00,,,,,
1Physical FlowhourBE-TSO-0001FNC-00034entrykWh/h2021-11-01T01:00:00Z2021-12-01T01:00:00Z_NA1385,1,Physical Flow,hour,2021-11-27T20:00:00+01:00,2021-11-27T21:00:00+01:00,BE-TSO-0001,21X-BE-A-A0A0A-Y,Fluxys Belgium,FNC-00034,Final consumers (BE) (Fluxys) Industrial clients L-zone,21Y000000000045A,entry,kWh/h,No injection in transmission network from Industiral clients,,,2025-02-20T13:19:03+01:00,,,,,,,,1,2021-10-01T01:00:00+02:00,,,,,
1Physical FlowhourBE-TSO-0001FNC-00034entrykWh/h2021-11-01T01:00:00Z2021-12-01T01:00:00Z_NA1386,1,Physical Flow,hour,2021-11-27T21:00:00+01:00,2021-11-27T22:00:00+01:00,BE-TSO-0001,21X-BE-A-A0A0A-Y,Fluxys Belgium,FNC-00034,Final consumers (BE) (Fluxys) Industrial clients L-zone,21Y000000000045A,entry,kWh/h,No injection in transmission network from Industiral clients,,,2025-02-20T13:19:03+01:00,,,,,,,,1,2021-10-01T01:00:00+02:00,,,,,
1Physical FlowhourBE-TSO-0001FNC-00034entrykWh/h2021-11-01T01:00:00Z2021-12-01T01:00:00Z_NA1387,1,Physical Flow,hour,2021-11-27T22:00:00+01:00,2021-11-27T23:00:00+01:00,BE-TSO-0001,21X-BE-A-A0A0A-Y,Fluxys Belgium,FNC-00034,Final consumers (BE) (Fluxys) Industrial clients L-zone,21Y000000000045A,entry,kWh/h,No injection in transmission network from Industiral clients,,,2025-02-20T13:19:03+01:00,,,,,,,,1,2021-10-01T01:00:00+02:00,,,,,
1Physical FlowhourBE-TSO-0001FNC-00034entrykWh/h2021-11-01T01:00:00Z2021-12-01T01:00:00Z_NA1388,1,Physical Flow,hour,2021-11-27T23:00:00+01:00,2021-11-28T00:00:00+01:00,BE-TSO-0001,21X-BE-A-A0A0A-Y,Fluxys Belgium,FNC-00034,Final consumers (BE) (Fluxys) Industrial clients L-zone,21Y000000000045A,entry,kWh/h,No injection in transmission network from Industiral clients,,,2025-02-20T13:19:03+01:00,,,,,,,,1,2021-10-01T01:00:00+02:00,,,,,
1Physical FlowhourBE-TSO-0001FNC-00034entrykWh/h2021-11-01T01:00:00Z2021-12-01T01:00:00Z_NA1389,1,Physical Flow,hour,2021-11-28T00:00:00+01:00,2021-11-28T01:00:00+01:00,BE-TSO-0001,21X-BE-A-A0A0A-Y,Fluxys Belgium,FNC-00034,Final consumers (BE) (Fluxys) Industrial clients L-zone,21Y000000000045A,entry,kWh/h,No injection in transmission network from Industiral clients,,,2025-02-20T13:19:03+01:00,,,,,,,,1,2021-10-01T01:00:00+02:00,,,,,
1Physical FlowhourBE-TSO-0001FNC-00034entrykWh/h2021-11-01T01:00:00Z2021-12-01T01:00:00Z_NA1390,1,Physical Flow,hour,2021-11-28T01:00:00+01:00,2021-11-28T02:00:00+01:00,BE-TSO-0001,21X-BE-A-A0A0A-Y,Fluxys Belgium,FNC-00034,Final consumers (BE) (Fluxys) Industrial clients L-zone,21Y000000000045A,entry,kWh/h,No injection in transmission network from Industiral clients,,,2025-02-20T13:19:03+01:00,,,,,,,,1,2021-10-01T01:00:00+02:00,,,,,
1Physical FlowhourBE-TSO-0001FNC-00034entrykWh/h2021-11-01T01:00:00Z2021-12-01T01:00:00Z_NA1391,1,Physical Flow,hour,2021-11-28T02:00:00+01:00,2021-11-28T03:00:00+01:00,BE-TSO-0001,21X-BE-A-A0A0A-Y,Fluxys Belgium,FNC-00034,Final consumers (BE) (Fluxys) Industrial clients L-zone,21Y000000000045A,entry,kWh/h,No injection in transmission network from Industiral clients,,,2025-02-20T13:19:03+01:00,,,,,,,,1,2021-10-01T01:00:00+02:00,,,,,
1Physical FlowhourBE-TSO-0001FNC-00034entrykWh/h2021-11-01T01:00:00Z2021-12-01T01:00:00Z_NA1392,1,Physical Flow,hour,2021-11-28T03:00:00+01:00,2021-11-28T04:00:00+01:00,BE-TSO-0001,21X-BE-A-A0A0A-Y,Fluxys Belgium,FNC-00034,Final consumers (BE) (Fluxys) Industrial clients L-zone,21Y000000000045A,entry,kWh/h,No injection in transmission network from Industiral clients,,,2025-02-20T13:19:03+01:00,,,,,,,,1,2021-10-01T01:00:00+02:00,,,,,
1Physical FlowhourBE-TSO-0001FNC-00034entrykWh/h2021-11-01T01:00:00Z2021-12-01T01:00:00Z_NA1393,1,Physical Flow,hour,2021-11-28T04:00:00+01:00,2021-11-28T05:00:00+01:00,BE-TSO-0001,21X-BE-A-A0A0A-Y,Fluxys Belgium,FNC-00034,Final consumers (BE) (Fluxys) Industrial clients L-zone,21Y000000000045A,entry,kWh/h,No injection in transmission network from Industiral clients,,,2025-02-20T13:19:03+01:00,,,,,,,,1,2021-10-01T01:00:00+02:00,,,,,
1Physical FlowhourBE-TSO-0001FNC-00034entrykWh/h2021-11-01T01:00:00Z2021-12-01T01:00:00Z_NA1394,1,Physical Flow,hour,2021-11-28T05:00:00+01:00,2021-11-28T06:00:00+01:00,BE-TSO-0001,21X-BE-A-A0A0A-Y,Fluxys Belgium,FNC-00034,Final consumers (BE) (Fluxys) Industrial clients L-zone,21Y000000000045A,entry,kWh/h,No injection in transmission network from Industiral clients,,,2025-02-20T13:19:03+01:00,,,,,,,,1,2021-10-01T01:00:00+02:00,,,,,
1Physical FlowhourBE-TSO-0001FNC-00034entrykWh/h2021-11-01T01:00:00Z2021-12-01T01:00:00Z_NA1395,1,Physical Flow,hour,2021-11-28T06:00:00+01:00,2021-11-28T07:00:00+01:00,BE-TSO-0001,21X-BE-A-A0A0A-Y,Fluxys Belgium,FNC-00034,Final consumers (BE) (Fluxys) Industrial clients L-zone,21Y000000000045A,entry,kWh/h,No injection in transmission network from Industiral clients,,,2025-02-20T13:19:03+01:00,,,,,,,,1,2021-10-01T01:00:00+02:00,,,,,
1Physical FlowhourBE-TSO-0001FNC-00034entrykWh/h2021-11-01T01:00:00Z2021-12-01T01:00:00Z_NA1396,1,Physical Flow,hour,2021-11-28T07:00:00+01:00,2021-11-28T08:00:00+01:00,BE-TSO-0001,21X-BE-A-A0A0A-Y,Fluxys Belgium,FNC-00034,Final consumers (BE) (Fluxys) Industrial clients L-zone,21Y000000000045A,entry,kWh/h,No injection in transmission network from Industiral clients,,,2025-02-20T13:19:03+01:00,,,,,,,,1,2021-10-01T01:00:00+02:00,,,,,
1Physical FlowhourBE-TSO-0001FNC-00034entrykWh/h2021-11-01T01:00:00Z2021-12-01T01:00:00Z_NA1397,1,Physical Flow,hour,2021-11-28T08:00:00+01:00,2021-11-28T09:00:00+01:00,BE-TSO-0001,21X-BE-A-A0A0A-Y,Fluxys Belgium,FNC-00034,Final consumers (BE) (Fluxys) Industrial clients L-zone,21Y000000000045A,entry,kWh/h,No injection in transmission network from Industiral clients,,,2025-02-20T13:19:03+01:00,,,,,,,,1,2021-10-01T01:00:00+02:00,,,,,
1Physical FlowhourBE-TSO-0001FNC-00034entrykWh/h2021-11-01T01:00:00Z2021-12-01T01:00:00Z_NA1398,1,Physical Flow,hour,2021-11-28T09:00:00+01:00,2021-11-28T10:00:00+01:00,BE-TSO-0001,21X-BE-A-A0A0A-Y,Fluxys Belgium,FNC-00034,Final consumers (BE) (Fluxys) Industrial clients L-zone,21Y000000000045A,entry,kWh/h,No injection in transmission network from Industiral clients,,,2025-02-20T13:19:03+01:00,,,,,,,,1,2021-10-01T01:00:00+02:00,,,,,
1Physical FlowhourBE-TSO-0001FNC-00034entrykWh/h2021-11-01T01:00:00Z2021-12-01T01:00:00Z_NA1399,1,Physical Flow,hour,2021-11-28T10:00:00+01:00,2021-11-28T11:00:00+01:00,BE-TSO-0001,21X-BE-A-A0A0A-Y,Fluxys Belgium,FNC-00034,Final consumers (BE) (Fluxys) Industrial clients L-zone,21Y000000000045A,entry,kWh/h,No injection in transmission network from Industiral clients,,,2025-02-20T13:19:03+01:00,,,,,,,,1,2021-10-01T01:00:00+02:00,,,,,
1Physical FlowhourBE-TSO-0001FNC-00034entrykWh/h2021-11-01T01:00:00Z2021-12-01T01:00:00Z_NA1400,1,Physical Flow,hour,2021-11-28T11:00:00+01:00,2021-11-28T12:00:00+01:00,BE-TSO-0001,21X-BE-A-A0A0A-Y,Fluxys Belgium,FNC-00034,Final consumers (BE) (Fluxys) Industrial clients L-zone,21Y000000000045A,entry,kWh/h,No injection in transmission network from Industiral clients,,,2025-02-20T13:19:03+01:00,,,,,,,,1,2021-10-01T01:00:00+02:00,,,,,
1Physical FlowhourBE-TSO-0001FNC-00034entrykWh/h2021-11-01T01:00:00Z2021-12-01T01:00:00Z_NA1401,1,Physical Flow,hour,2021-11-28T12:00:00+01:00,2021-11-28T13:00:00+01:00,BE-TSO-0001,21X-BE-A-A0A0A-Y,Fluxys Belgium,FNC-00034,Final consumers (BE) (Fluxys) Industrial clients L-zone,21Y000000000045A,entry,kWh/h,No injection in transmission network from Industiral clients,,,2025-02-20T13:19:03+01:00,,,,,,,,1,2021-10-01T01:00:00+02:00,,,,,
1Physical FlowhourBE-TSO-0001FNC-00034entrykWh/h2021-11-01T01:00:00Z2021-12-01T01:00:00Z_NA1402,1,Physical Flow,hour,2021-11-28T13:00:00+01:00,2021-11-28T14:00:00+01:00,BE-TSO-0001,21X-BE-A-A0A0A-Y,Fluxys Belgium,FNC-00034,Final consumers (BE) (Fluxys) Industrial clients L-zone,21Y000000000045A,entry,kWh/h,No injection in transmission network from Industiral clients,,,2025-02-20T13:19:03+01:00,,,,,,,,1,2021-10-01T01:00:00+02:00,,,,,
1Physical FlowhourBE-TSO-0001FNC-00034entrykWh/h2021-11-01T01:00:00Z2021-12-01T01:00:00Z_NA1403,1,Physical Flow,hour,2021-11-28T14:00:00+01:00,2021-11-28T15:00:00+01:00,BE-TSO-0001,21X-BE-A-A0A0A-Y,Fluxys Belgium,FNC-00034,Final consumers (BE) (Fluxys) Industrial clients L-zone,21Y000000000045A,entry,kWh/h,No injection in transmission network from Industiral clients,,,2025-02-20T13:19:03+01:00,,,,,,,,1,2021-10-01T01:00:00+02:00,,,,,
1Physical FlowhourBE-TSO-0001FNC-00034entrykWh/h2021-11-01T01:00:00Z2021-12-01T01:00:00Z_NA1404,1,Physical Flow,hour,2021-11-28T15:00:00+01:00,2021-11-28T16:00:00+01:00,BE-TSO-0001,21X-BE-A-A0A0A-Y,Fluxys Belgium,FNC-00034,Final consumers (BE) (Fluxys) Industrial clients L-zone,21Y000000000045A,entry,kWh/h,No injection in transmission network from Industiral clients,,,2025-02-20T13:19:03+01:00,,,,,,,,1,2021-10-01T01:00:00+02:00,,,,,
1Physical FlowhourBE-TSO-0001FNC-00034entrykWh/h2021-11-01T01:00:00Z2021-12-01T01:00:00Z_NA1405,1,Physical Flow,hour,2021-11-28T16:00:00+01:00,2021-11-28T17:00:00+01:00,BE-TSO-0001,21X-BE-A-A0A0A-Y,Fluxys Belgium,FNC-00034,Final consumers (BE) (Fluxys) Industrial clients L-zone,21Y000000000045A,entry,kWh/h,No injection in transmission network from Industiral clients,,,2025-02-20T13:19:03+01:00,,,,,,,,1,2021-10-01T01:00:00+02:00,,,,,
1Physical FlowhourBE-TSO-0001FNC-00034entrykWh/h2021-11-01T01:00:00Z2021-12-01T01:00:00Z_NA1406,1,Physical Flow,hour,2021-11-28T17:00:00+01:00,2021-11-28T18:00:00+01:00,BE-TSO-0001,21X-BE-A-A0A0A-Y,Fluxys Belgium,FNC-00034,Final consumers (BE) (Fluxys) Industrial clients L-zone,21Y000000000045A,entry,kWh/h,No injection in transmission network from Industiral clients,,,2025-02-20T13:19:03+01:00,,,,,,,,1,2021-10-01T01:00:00+02:00,,,,,
1Physical FlowhourBE-TSO-0001FNC-00034entrykWh/h2021-11-01T01:00:00Z2021-12-01T01:00:00Z_NA1407,1,Physical Flow,hour,2021-11-28T18:00:00+01:00,2021-11-28T19:00:00+01:00,BE-TSO-0001,21X-BE-A-A0A0A-Y,Fluxys Belgium,FNC-00034,Final consumers (BE) (Fluxys) Industrial clients L-zone,21Y000000000045A,entry,kWh/h,No injection in transmission network from Industiral clients,,,2025-02-20T13:19:03+01:00,,,,,,,,1,2021-10-01T01:00:00+02:00,,,,,
1Physical FlowhourBE-TSO-0001FNC-00034entrykWh/h2021-11-01T01:00:00Z2021-12-01T01:00:00Z_NA1408,1,Physical Flow,hour,2021-11-28T19:00:00+01:00,2021-11-28T20:00:00+01:00,BE-TSO-0001,21X-BE-A-A0A0A-Y,Fluxys Belgium,FNC-00034,Final consumers (BE) (Fluxys) Industrial clients L-zone,21Y000000000045A,entry,kWh/h,No injection in transmission network from Industiral clients,,,2025-02-20T13:19:03+01:00,,,,,,,,1,2021-10-01T01:00:00+02:00,,,,,
1Physical FlowhourBE-TSO-0001FNC-00034entrykWh/h2021-11-01T01:00:00Z2021-12-01T01:00:00Z_NA1409,1,Physical Flow,hour,2021-11-28T20:00:00+01:00,2021-11-28T21:00:00+01:00,BE-TSO-0001,21X-BE-A-A0A0A-Y,Fluxys Belgium,FNC-00034,Final consumers (BE) (Fluxys) Industrial clients L-zone,21Y000000000045A,entry,kWh/h,No injection in transmission network from Industiral clients,,,2025-02-20T13:19:03+01:00,,,,,,,,1,2021-10-01T01:00:00+02:00,,,,,
1Physical FlowhourBE-TSO-0001FNC-00034entrykWh/h2021-11-01T01:00:00Z2021-12-01T01:00:00Z_NA1410,1,Physical Flow,hour,2021-11-28T21:00:00+01:00,2021-11-28T22:00:00+01:00,BE-TSO-0001,21X-BE-A-A0A0A-Y,Fluxys Belgium,FNC-00034,Final consumers (BE) (Fluxys) Industrial clients L-zone,21Y000000000045A,entry,kWh/h,No injection in transmission network from Industiral clients,,,2025-02-20T13:19:03+01:00,,,,,,,,1,2021-10-01T01:00:00+02:00,,,,,
1Physical FlowhourBE-TSO-0001FNC-00034entrykWh/h2021-11-01T01:00:00Z2021-12-01T01:00:00Z_NA1411,1,Physical Flow,hour,2021-11-28T22:00:00+01:00,2021-11-28T23:00:00+01:00,BE-TSO-0001,21X-BE-A-A0A0A-Y,Fluxys Belgium,FNC-00034,Final consumers (BE) (Fluxys) Industrial clients L-zone,21Y000000000045A,entry,kWh/h,No injection in transmission network from Industiral clients,,,2025-02-20T13:19:03+01:00,,,,,,,,1,2021-10-01T01:00:00+02:00,,,,,
1Physical FlowhourBE-TSO-0001FNC-00034entrykWh/h2021-11-01T01:00:00Z2021-12-01T01:00:00Z_NA1412,1,Physical Flow,hour,2021-11-28T23:00:00+01:00,2021-11-29T00:00:00+01:00,BE-TSO-0001,21X-BE-A-A0A0A-Y,Fluxys Belgium,FNC-00034,Final consumers (BE) (Fluxys) Industrial clients L-zone,21Y000000000045A,entry,kWh/h,No injection in transmission network from Industiral clients,,,2025-02-20T13:19:03+01:00,,,,,,,,1,2021-10-01T01:00:00+02:00,,,,,
1Physical FlowhourBE-TSO-0001FNC-00034entrykWh/h2021-11-01T01:00:00Z2021-12-01T01:00:00Z_NA1413,1,Physical Flow,hour,2021-11-29T00:00:00+01:00,2021-11-29T01:00:00+01:00,BE-TSO-0001,21X-BE-A-A0A0A-Y,Fluxys Belgium,FNC-00034,Final consumers (BE) (Fluxys) Industrial clients L-zone,21Y000000000045A,entry,kWh/h,No injection in transmission network from Industiral clients,,,2025-02-20T13:19:03+01:00,,,,,,,,1,2021-10-01T01:00:00+02:00,,,,,
1Physical FlowhourBE-TSO-0001FNC-00034entrykWh/h2021-11-01T01:00:00Z2021-12-01T01:00:00Z_NA1414,1,Physical Flow,hour,2021-11-29T01:00:00+01:00,2021-11-29T02:00:00+01:00,BE-TSO-0001,21X-BE-A-A0A0A-Y,Fluxys Belgium,FNC-00034,Final consumers (BE) (Fluxys) Industrial clients L-zone,21Y000000000045A,entry,kWh/h,No injection in transmission network from Industiral clients,,,2025-02-20T13:19:03+01:00,,,,,,,,1,2021-10-01T01:00:00+02:00,,,,,
1Physical FlowhourBE-TSO-0001FNC-00034entrykWh/h2021-11-01T01:00:00Z2021-12-01T01:00:00Z_NA1415,1,Physical Flow,hour,2021-11-29T02:00:00+01:00,2021-11-29T03:00:00+01:00,BE-TSO-0001,21X-BE-A-A0A0A-Y,Fluxys Belgium,FNC-00034,Final consumers (BE) (Fluxys) Industrial clients L-zone,21Y000000000045A,entry,kWh/h,No injection in transmission network from Industiral clients,,,2025-02-20T13:19:03+01:00,,,,,,,,1,2021-10-01T01:00:00+02:00,,,,,
1Physical FlowhourBE-TSO-0001FNC-00034entrykWh/h2021-11-01T01:00:00Z2021-12-01T01:00:00Z_NA1416,1,Physical Flow,hour,2021-11-29T03:00:00+01:00,2021-11-29T04:00:00+01:00,BE-TSO-0001,21X-BE-A-A0A0A-Y,Fluxys Belgium,FNC-00034,Final consumers (BE) (Fluxys) Industrial clients L-zone,21Y000000000045A,entry,kWh/h,No injection in transmission network from Industiral clients,,,2025-02-20T13:19:03+01:00,,,,,,,,1,2021-10-01T01:00:00+02:00,,,,,
1Physical FlowhourBE-TSO-0001FNC-00034entrykWh/h2021-11-01T01:00:00Z2021-12-01T01:00:00Z_NA1417,1,Physical Flow,hour,2021-11-29T04:00:00+01:00,2021-11-29T05:00:00+01:00,BE-TSO-0001,21X-BE-A-A0A0A-Y,Fluxys Belgium,FNC-00034,Final consumers (BE) (Fluxys) Industrial clients L-zone,21Y000000000045A,entry,kWh/h,No injection in transmission network from Industiral clients,,,2025-02-20T13:19:03+01:00,,,,,,,,1,2021-10-01T01:00:00+02:00,,,,,
1Physical FlowhourBE-TSO-0001FNC-00034entrykWh/h2021-11-01T01:00:00Z2021-12-01T01:00:00Z_NA1418,1,Physical Flow,hour,2021-11-29T05:00:00+01:00,2021-11-29T06:00:00+01:00,BE-TSO-0001,21X-BE-A-A0A0A-Y,Fluxys Belgium,FNC-00034,Final consumers (BE) (Fluxys) Industrial clients L-zone,21Y000000000045A,entry,kWh/h,No injection in transmission network from Industiral clients,,,2025-02-20T13:19:03+01:00,,,,,,,,1,2021-10-01T01:00:00+02:00,,,,,
1Physical FlowhourBE-TSO-0001FNC-00034entrykWh/h2021-11-01T01:00:00Z2021-12-01T01:00:00Z_NA1419,1,Physical Flow,hour,2021-11-29T06:00:00+01:00,2021-11-29T07:00:00+01:00,BE-TSO-0001,21X-BE-A-A0A0A-Y,Fluxys Belgium,FNC-00034,Final consumers (BE) (Fluxys) Industrial clients L-zone,21Y000000000045A,entry,kWh/h,No injection in transmission network from Industiral clients,,,2025-02-20T13:19:03+01:00,,,,,,,,1,2021-10-01T01:00:00+02:00,,,,,
1Physical FlowhourBE-TSO-0001FNC-00034entrykWh/h2021-11-01T01:00:00Z2021-12-01T01:00:00Z_NA1420,1,Physical Flow,hour,2021-11-29T07:00:00+01:00,2021-11-29T08:00:00+01:00,BE-TSO-0001,21X-BE-A-A0A0A-Y,Fluxys Belgium,FNC-00034,Final consumers (BE) (Fluxys) Industrial clients L-zone,21Y000000000045A,entry,kWh/h,No injection in transmission network from Industiral clients,,,2025-02-20T13:19:03+01:00,,,,,,,,1,2021-10-01T01:00:00+02:00,,,,,
1Physical FlowhourBE-TSO-0001FNC-00034entrykWh/h2021-11-01T01:00:00Z2021-12-01T01:00:00Z_NA1421,1,Physical Flow,hour,2021-11-29T08:00:00+01:00,2021-11-29T09:00:00+01:00,BE-TSO-0001,21X-BE-A-A0A0A-Y,Fluxys Belgium,FNC-00034,Final consumers (BE) (Fluxys) Industrial clients L-zone,21Y000000000045A,entry,kWh/h,No injection in transmission network from Industiral clients,,,2025-02-20T13:19:03+01:00,,,,,,,,1,2021-10-01T01:00:00+02:00,,,,,
1Physical FlowhourBE-TSO-0001FNC-00034entrykWh/h2021-11-01T01:00:00Z2021-12-01T01:00:00Z_NA1422,1,Physical Flow,hour,2021-11-29T09:00:00+01:00,2021-11-29T10:00:00+01:00,BE-TSO-0001,21X-BE-A-A0A0A-Y,Fluxys Belgium,FNC-00034,Final consumers (BE) (Fluxys) Industrial clients L-zone,21Y000000000045A,entry,kWh/h,No injection in transmission network from Industiral clients,,,2025-02-20T13:19:03+01:00,,,,,,,,1,2021-10-01T01:00:00+02:00,,,,,
1Physical FlowhourBE-TSO-0001FNC-00034entrykWh/h2021-11-01T01:00:00Z2021-12-01T01:00:00Z_NA1423,1,Physical Flow,hour,2021-11-29T10:00:00+01:00,2021-11-29T11:00:00+01:00,BE-TSO-0001,21X-BE-A-A0A0A-Y,Fluxys Belgium,FNC-00034,Final consumers (BE) (Fluxys) Industrial clients L-zone,21Y000000000045A,entry,kWh/h,No injection in transmission network from Industiral clients,,,2025-02-20T13:19:03+01:00,,,,,,,,1,2021-10-01T01:00:00+02:00,,,,,
1Physical FlowhourBE-TSO-0001FNC-00034entrykWh/h2021-11-01T01:00:00Z2021-12-01T01:00:00Z_NA1424,1,Physical Flow,hour,2021-11-29T11:00:00+01:00,2021-11-29T12:00:00+01:00,BE-TSO-0001,21X-BE-A-A0A0A-Y,Fluxys Belgium,FNC-00034,Final consumers (BE) (Fluxys) Industrial clients L-zone,21Y000000000045A,entry,kWh/h,No injection in transmission network from Industiral clients,,,2025-02-20T13:19:03+01:00,,,,,,,,1,2021-10-01T01:00:00+02:00,,,,,
1Physical FlowhourBE-TSO-0001FNC-00034entrykWh/h2021-11-01T01:00:00Z2021-12-01T01:00:00Z_NA1425,1,Physical Flow,hour,2021-11-29T12:00:00+01:00,2021-11-29T13:00:00+01:00,BE-TSO-0001,21X-BE-A-A0A0A-Y,Fluxys Belgium,FNC-00034,Final consumers (BE) (Fluxys) Industrial clients L-zone,21Y000000000045A,entry,kWh/h,No injection in transmission network from Industiral clients,,,2025-02-20T13:19:03+01:00,,,,,,,,1,2021-10-01T01:00:00+02:00,,,,,
1Physical FlowhourBE-TSO-0001FNC-00034entrykWh/h2021-11-01T01:00:00Z2021-12-01T01:00:00Z_NA1426,1,Physical Flow,hour,2021-11-29T13:00:00+01:00,2021-11-29T14:00:00+01:00,BE-TSO-0001,21X-BE-A-A0A0A-Y,Fluxys Belgium,FNC-00034,Final consumers (BE) (Fluxys) Industrial clients L-zone,21Y000000000045A,entry,kWh/h,No injection in transmission network from Industiral clients,,,2025-02-20T13:19:03+01:00,,,,,,,,1,2021-10-01T01:00:00+02:00,,,,,
1Physical FlowhourBE-TSO-0001FNC-00034entrykWh/h2021-11-01T01:00:00Z2021-12-01T01:00:00Z_NA1427,1,Physical Flow,hour,2021-11-29T14:00:00+01:00,2021-11-29T15:00:00+01:00,BE-TSO-0001,21X-BE-A-A0A0A-Y,Fluxys Belgium,FNC-00034,Final consumers (BE) (Fluxys) Industrial clients L-zone,21Y000000000045A,entry,kWh/h,No injection in transmission network from Industiral clients,,,2025-02-20T13:19:03+01:00,,,,,,,,1,2021-10-01T01:00:00+02:00,,,,,
1Physical FlowhourBE-TSO-0001FNC-00034entrykWh/h2021-11-01T01:00:00Z2021-12-01T01:00:00Z_NA1428,1,Physical Flow,hour,2021-11-29T15:00:00+01:00,2021-11-29T16:00:00+01:00,BE-TSO-0001,21X-BE-A-A0A0A-Y,Fluxys Belgium,FNC-00034,Final consumers (BE) (Fluxys) Industrial clients L-zone,21Y000000000045A,entry,kWh/h,No injection in transmission network from Industiral clients,,,2025-02-20T13:19:03+01:00,,,,,,,,1,2021-10-01T01:00:00+02:00,,,,,
1Physical FlowhourBE-TSO-0001FNC-00034entrykWh/h2021-11-01T01:00:00Z2021-12-01T01:00:00Z_NA1429,1,Physical Flow,hour,2021-11-29T16:00:00+01:00,2021-11-29T17:00:00+01:00,BE-TSO-0001,21X-BE-A-A0A0A-Y,Fluxys Belgium,FNC-00034,Final consumers (BE) (Fluxys) Industrial clients L-zone,21Y000000000045A,entry,kWh/h,No injection in transmission network from Industiral clients,,,2025-02-20T13:19:03+01:00,,,,,,,,1,2021-10-01T01:00:00+02:00,,,,,
1Physical FlowhourBE-TSO-0001FNC-00034entrykWh/h2021-11-01T01:00:00Z2021-12-01T01:00:00Z_NA1430,1,Physical Flow,hour,2021-11-29T17:00:00+01:00,2021-11-29T18:00:00+01:00,BE-TSO-0001,21X-BE-A-A0A0A-Y,Fluxys Belgium,FNC-00034,Final consumers (BE) (Fluxys) Industrial clients L-zone,21Y000000000045A,entry,kWh/h,No injection in transmission network from Industiral clients,,,2025-02-20T13:19:03+01:00,,,,,,,,1,2021-10-01T01:00:00+02:00,,,,,
1Physical FlowhourBE-TSO-0001FNC-00034entrykWh/h2021-11-01T01:00:00Z2021-12-01T01:00:00Z_NA1431,1,Physical Flow,hour,2021-11-29T18:00:00+01:00,2021-11-29T19:00:00+01:00,BE-TSO-0001,21X-BE-A-A0A0A-Y,Fluxys Belgium,FNC-00034,Final consumers (BE) (Fluxys) Industrial clients L-zone,21Y000000000045A,entry,kWh/h,No injection in transmission network from Industiral clients,,,2025-02-20T13:19:03+01:00,,,,,,,,1,2021-10-01T01:00:00+02:00,,,,,
1Physical FlowhourBE-TSO-0001FNC-00034entrykWh/h2021-11-01T01:00:00Z2021-12-01T01:00:00Z_NA1432,1,Physical Flow,hour,2021-11-29T19:00:00+01:00,2021-11-29T20:00:00+01:00,BE-TSO-0001,21X-BE-A-A0A0A-Y,Fluxys Belgium,FNC-00034,Final consumers (BE) (Fluxys) Industrial clients L-zone,21Y000000000045A,entry,kWh/h,No injection in transmission network from Industiral clients,,,2025-02-20T13:19:03+01:00,,,,,,,,1,2021-10-01T01:00:00+02:00,,,,,
1Physical FlowhourBE-TSO-0001FNC-00034entrykWh/h2021-11-01T01:00:00Z2021-12-01T01:00:00Z_NA1433,1,Physical Flow,hour,2021-11-29T20:00:00+01:00,2021-11-29T21:00:00+01:00,BE-TSO-0001,21X-BE-A-A0A0A-Y,Fluxys Belgium,FNC-00034,Final consumers (BE) (Fluxys) Industrial clients L-zone,21Y000000000045A,entry,kWh/h,No injection in transmission network from Industiral clients,,,2025-02-20T13:19:03+01:00,,,,,,,,1,2021-10-01T01:00:00+02:00,,,,,
1Physical FlowhourBE-TSO-0001FNC-00034entrykWh/h2021-11-01T01:00:00Z2021-12-01T01:00:00Z_NA1434,1,Physical Flow,hour,2021-11-29T21:00:00+01:00,2021-11-29T22:00:00+01:00,BE-TSO-0001,21X-BE-A-A0A0A-Y,Fluxys Belgium,FNC-00034,Final consumers (BE) (Fluxys) Industrial clients L-zone,21Y000000000045A,entry,kWh/h,No injection in transmission network from Industiral clients,,,2025-02-20T13:19:03+01:00,,,,,,,,1,2021-10-01T01:00:00+02:00,,,,,
1Physical FlowhourBE-TSO-0001FNC-00034entrykWh/h2021-11-01T01:00:00Z2021-12-01T01:00:00Z_NA1435,1,Physical Flow,hour,2021-11-29T22:00:00+01:00,2021-11-29T23:00:00+01:00,BE-TSO-0001,21X-BE-A-A0A0A-Y,Fluxys Belgium,FNC-00034,Final consumers (BE) (Fluxys) Industrial clients L-zone,21Y000000000045A,entry,kWh/h,No injection in transmission network from Industiral clients,,,2025-02-20T13:19:03+01:00,,,,,,,,1,2021-10-01T01:00:00+02:00,,,,,
1Physical FlowhourBE-TSO-0001FNC-00034entrykWh/h2021-11-01T01:00:00Z2021-12-01T01:00:00Z_NA1436,1,Physical Flow,hour,2021-11-29T23:00:00+01:00,2021-11-30T00:00:00+01:00,BE-TSO-0001,21X-BE-A-A0A0A-Y,Fluxys Belgium,FNC-00034,Final consumers (BE) (Fluxys) Industrial clients L-zone,21Y000000000045A,entry,kWh/h,No injection in transmission network from Industiral clients,,,2025-02-20T13:19:03+01:00,,,,,,,,1,2021-10-01T01:00:00+02:00,,,,,
1Physical FlowhourBE-TSO-0001FNC-00034entrykWh/h2021-11-01T01:00:00Z2021-12-01T01:00:00Z_NA1437,1,Physical Flow,hour,2021-11-30T00:00:00+01:00,2021-11-30T01:00:00+01:00,BE-TSO-0001,21X-BE-A-A0A0A-Y,Fluxys Belgium,FNC-00034,Final consumers (BE) (Fluxys) Industrial clients L-zone,21Y000000000045A,entry,kWh/h,No injection in transmission network from Industiral clients,,,2025-02-20T13:19:03+01:00,,,,,,,,1,2021-10-01T01:00:00+02:00,,,,,
1Physical FlowhourBE-TSO-0001FNC-00034entrykWh/h2021-11-01T01:00:00Z2021-12-01T01:00:00Z_NA1438,1,Physical Flow,hour,2021-11-30T01:00:00+01:00,2021-11-30T02:00:00+01:00,BE-TSO-0001,21X-BE-A-A0A0A-Y,Fluxys Belgium,FNC-00034,Final consumers (BE) (Fluxys) Industrial clients L-zone,21Y000000000045A,entry,kWh/h,No injection in transmission network from Industiral clients,,,2025-02-20T13:19:03+01:00,,,,,,,,1,2021-10-01T01:00:00+02:00,,,,,
1Physical FlowhourBE-TSO-0001FNC-00034entrykWh/h2021-11-01T01:00:00Z2021-12-01T01:00:00Z_NA1439,1,Physical Flow,hour,2021-11-30T02:00:00+01:00,2021-11-30T03:00:00+01:00,BE-TSO-0001,21X-BE-A-A0A0A-Y,Fluxys Belgium,FNC-00034,Final consumers (BE) (Fluxys) Industrial clients L-zone,21Y000000000045A,entry,kWh/h,No injection in transmission network from Industiral clients,,,2025-02-20T13:19:03+01:00,,,,,,,,1,2021-10-01T01:00:00+02:00,,,,,
1Physical FlowhourBE-TSO-0001FNC-00034entrykWh/h2021-11-01T01:00:00Z2021-12-01T01:00:00Z_NA1440,1,Physical Flow,hour,2021-11-30T03:00:00+01:00,2021-11-30T04:00:00+01:00,BE-TSO-0001,21X-BE-A-A0A0A-Y,Fluxys Belgium,FNC-00034,Final consumers (BE) (Fluxys) Industrial clients L-zone,21Y000000000045A,entry,kWh/h,No injection in transmission network from Industiral clients,,,2025-02-20T13:19:03+01:00,,,,,,,,1,2021-10-01T01:00:00+02:00,,,,,
1Physical FlowhourBE-TSO-0001FNC-00034entrykWh/h2021-11-01T01:00:00Z2021-12-01T01:00:00Z_NA1441,1,Physical Flow,hour,2021-11-30T04:00:00+01:00,2021-11-30T05:00:00+01:00,BE-TSO-0001,21X-BE-A-A0A0A-Y,Fluxys Belgium,FNC-00034,Final consumers (BE) (Fluxys) Industrial clients L-zone,21Y000000000045A,entry,kWh/h,No injection in transmission network from Industiral clients,,,2025-02-20T13:19:03+01:00,,,,,,,,1,2021-10-01T01:00:00+02:00,,,,,
1Physical FlowhourBE-TSO-0001FNC-00034entrykWh/h2021-11-01T01:00:00Z2021-12-01T01:00:00Z_NA1442,1,Physical Flow,hour,2021-11-30T05:00:00+01:00,2021-11-30T06:00:00+01:00,BE-TSO-0001,21X-BE-A-A0A0A-Y,Fluxys Belgium,FNC-00034,Final consumers (BE) (Fluxys) Industrial clients L-zone,21Y000000000045A,entry,kWh/h,No injection in transmission network from Industiral clients,,,2025-02-20T13:19:03+01:00,,,,,,,,1,2021-10-01T01:00:00+02:00,,,,,
1Physical FlowhourBE-TSO-0001FNC-00034entrykWh/h2021-11-01T01:00:00Z2021-12-01T01:00:00Z_NA1443,1,Physical Flow,hour,2021-11-30T06:00:00+01:00,2021-11-30T07:00:00+01:00,BE-TSO-0001,21X-BE-A-A0A0A-Y,Fluxys Belgium,FNC-00034,Final consumers (BE) (Fluxys) Industrial clients L-zone,21Y000000000045A,entry,kWh/h,No injection in transmission network from Industiral clients,,,2025-02-20T13:19:03+01:00,,,,,,,,1,2021-10-01T01:00:00+02:00,,,,,
1Physical FlowhourBE-TSO-0001FNC-00034entrykWh/h2021-11-01T01:00:00Z2021-12-01T01:00:00Z_NA1444,1,Physical Flow,hour,2021-11-30T07:00:00+01:00,2021-11-30T08:00:00+01:00,BE-TSO-0001,21X-BE-A-A0A0A-Y,Fluxys Belgium,FNC-00034,Final consumers (BE) (Fluxys) Industrial clients L-zone,21Y000000000045A,entry,kWh/h,No injection in transmission network from Industiral clients,,,2025-02-20T13:19:03+01:00,,,,,,,,1,2021-10-01T01:00:00+02:00,,,,,
1Physical FlowhourBE-TSO-0001FNC-00034entrykWh/h2021-11-01T01:00:00Z2021-12-01T01:00:00Z_NA1445,1,Physical Flow,hour,2021-11-30T08:00:00+01:00,2021-11-30T09:00:00+01:00,BE-TSO-0001,21X-BE-A-A0A0A-Y,Fluxys Belgium,FNC-00034,Final consumers (BE) (Fluxys) Industrial clients L-zone,21Y000000000045A,entry,kWh/h,No injection in transmission network from Industiral clients,,,2025-02-20T13:19:03+01:00,,,,,,,,1,2021-10-01T01:00:00+02:00,,,,,
1Physical FlowhourBE-TSO-0001FNC-00034entrykWh/h2021-11-01T01:00:00Z2021-12-01T01:00:00Z_NA1446,1,Physical Flow,hour,2021-11-30T09:00:00+01:00,2021-11-30T10:00:00+01:00,BE-TSO-0001,21X-BE-A-A0A0A-Y,Fluxys Belgium,FNC-00034,Final consumers (BE) (Fluxys) Industrial clients L-zone,21Y000000000045A,entry,kWh/h,No injection in transmission network from Industiral clients,,,2025-02-20T13:19:03+01:00,,,,,,,,1,2021-10-01T01:00:00+02:00,,,,,
1Physical FlowhourBE-TSO-0001FNC-00034entrykWh/h2021-11-01T01:00:00Z2021-12-01T01:00:00Z_NA1447,1,Physical Flow,hour,2021-11-30T10:00:00+01:00,2021-11-30T11:00:00+01:00,BE-TSO-0001,21X-BE-A-A0A0A-Y,Fluxys Belgium,FNC-00034,Final consumers (BE) (Fluxys) Industrial clients L-zone,21Y000000000045A,entry,kWh/h,No injection in transmission network from Industiral clients,,,2025-02-20T13:19:03+01:00,,,,,,,,1,2021-10-01T01:00:00+02:00,,,,,
1Physical FlowhourBE-TSO-0001FNC-00034entrykWh/h2021-11-01T01:00:00Z2021-12-01T01:00:00Z_NA1448,1,Physical Flow,hour,2021-11-30T11:00:00+01:00,2021-11-30T12:00:00+01:00,BE-TSO-0001,21X-BE-A-A0A0A-Y,Fluxys Belgium,FNC-00034,Final consumers (BE) (Fluxys) Industrial clients L-zone,21Y000000000045A,entry,kWh/h,No injection in transmission network from Industiral clients,,,2025-02-20T13:19:03+01:00,,,,,,,,1,2021-10-01T01:00:00+02:00,,,,,
1Physical FlowhourBE-TSO-0001FNC-00034entrykWh/h2021-11-01T01:00:00Z2021-12-01T01:00:00Z_NA1449,1,Physical Flow,hour,2021-11-30T12:00:00+01:00,2021-11-30T13:00:00+01:00,BE-TSO-0001,21X-BE-A-A0A0A-Y,Fluxys Belgium,FNC-00034,Final consumers (BE) (Fluxys) Industrial clients L-zone,21Y000000000045A,entry,kWh/h,No injection in transmission network from Industiral clients,,,2025-02-20T13:19:03+01:00,,,,,,,,1,2021-10-01T01:00:00+02:00,,,,,
1Physical FlowhourBE-TSO-0001FNC-00034entrykWh/h2021-11-01T01:00:00Z2021-12-01T01:00:00Z_NA1450,1,Physical Flow,hour,2021-11-30T13:00:00+01:00,2021-11-30T14:00:00+01:00,BE-TSO-0001,21X-BE-A-A0A0A-Y,Fluxys Belgium,FNC-00034,Final consumers (BE) (Fluxys) Industrial clients L-zone,21Y000000000045A,entry,kWh/h,No injection in transmission network from Industiral clients,,,2025-02-20T13:19:03+01:00,,,,,,,,1,2021-10-01T01:00:00+02:00,,,,,
1Physical FlowhourBE-TSO-0001FNC-00034entrykWh/h2021-11-01T01:00:00Z2021-12-01T01:00:00Z_NA1451,1,Physical Flow,hour,2021-11-30T14:00:00+01:00,2021-11-30T15:00:00+01:00,BE-TSO-0001,21X-BE-A-A0A0A-Y,Fluxys Belgium,FNC-00034,Final consumers (BE) (Fluxys) Industrial clients L-zone,21Y000000000045A,entry,kWh/h,No injection in transmission network from Industiral clients,,,2025-02-20T13:19:03+01:00,,,,,,,,1,2021-10-01T01:00:00+02:00,,,,,
1Physical FlowhourBE-TSO-0001FNC-00034entrykWh/h2021-11-01T01:00:00Z2021-12-01T01:00:00Z_NA1452,1,Physical Flow,hour,2021-11-30T15:00:00+01:00,2021-11-30T16:00:00+01:00,BE-TSO-0001,21X-BE-A-A0A0A-Y,Fluxys Belgium,FNC-00034,Final consumers (BE) (Fluxys) Industrial clients L-zone,21Y000000000045A,entry,kWh/h,No injection in transmission network from Industiral clients,,,2025-02-20T13:19:03+01:00,,,,,,,,1,2021-10-01T01:00:00+02:00,,,,,
1Physical FlowhourBE-TSO-0001FNC-00034entrykWh/h2021-11-01T01:00:00Z2021-12-01T01:00:00Z_NA1453,1,Physical Flow,hour,2021-11-30T16:00:00+01:00,2021-11-30T17:00:00+01:00,BE-TSO-0001,21X-BE-A-A0A0A-Y,Fluxys Belgium,FNC-00034,Final consumers (BE) (Fluxys) Industrial clients L-zone,21Y000000000045A,entry,kWh/h,No injection in transmission network from Industiral clients,,,2025-02-20T13:19:03+01:00,,,,,,,,1,2021-10-01T01:00:00+02:00,,,,,
1Physical FlowhourBE-TSO-0001FNC-00034entrykWh/h2021-11-01T01:00:00Z2021-12-01T01:00:00Z_NA1454,1,Physical Flow,hour,2021-11-30T17:00:00+01:00,2021-11-30T18:00:00+01:00,BE-TSO-0001,21X-BE-A-A0A0A-Y,Fluxys Belgium,FNC-00034,Final consumers (BE) (Fluxys) Industrial clients L-zone,21Y000000000045A,entry,kWh/h,No injection in transmission network from Industiral clients,,,2025-02-20T13:19:03+01:00,,,,,,,,1,2021-10-01T01:00:00+02:00,,,,,
1Physical FlowhourBE-TSO-0001FNC-00034entrykWh/h2021-11-01T01:00:00Z2021-12-01T01:00:00Z_NA1455,1,Physical Flow,hour,2021-11-30T18:00:00+01:00,2021-11-30T19:00:00+01:00,BE-TSO-0001,21X-BE-A-A0A0A-Y,Fluxys Belgium,FNC-00034,Final consumers (BE) (Fluxys) Industrial clients L-zone,21Y000000000045A,entry,kWh/h,No injection in transmission network from Industiral clients,,,2025-02-20T13:19:03+01:00,,,,,,,,1,2021-10-01T01:00:00+02:00,,,,,
1Physical FlowhourBE-TSO-0001FNC-00034entrykWh/h2021-11-01T01:00:00Z2021-12-01T01:00:00Z_NA1456,1,Physical Flow,hour,2021-11-30T19:00:00+01:00,2021-11-30T20:00:00+01:00,BE-TSO-0001,21X-BE-A-A0A0A-Y,Fluxys Belgium,FNC-00034,Final consumers (BE) (Fluxys) Industrial clients L-zone,21Y000000000045A,entry,kWh/h,No injection in transmission network from Industiral clients,,,2025-02-20T13:19:03+01:00,,,,,,,,1,2021-10-01T01:00:00+02:00,,,,,
1Physical FlowhourBE-TSO-0001FNC-00034entrykWh/h2021-11-01T01:00:00Z2021-12-01T01:00:00Z_NA1457,1,Physical Flow,hour,2021-11-30T20:00:00+01:00,2021-11-30T21:00:00+01:00,BE-TSO-0001,21X-BE-A-A0A0A-Y,Fluxys Belgium,FNC-00034,Final consumers (BE) (Fluxys) Industrial clients L-zone,21Y000000000045A,entry,kWh/h,No injection in transmission network from Industiral clients,,,2025-02-20T13:19:03+01:00,,,,,,,,1,2021-10-01T01:00:00+02:00,,,,,
1Physical FlowhourBE-TSO-0001FNC-00034entrykWh/h2021-11-01T01:00:00Z2021-12-01T01:00:00Z_NA1458,1,Physical Flow,hour,2021-11-30T21:00:00+01:00,2021-11-30T22:00:00+01:00,BE-TSO-0001,21X-BE-A-A0A0A-Y,Fluxys Belgium,FNC-00034,Final consumers (BE) (Fluxys) Industrial clients L-zone,21Y000000000045A,entry,kWh/h,No injection in transmission network from Industiral clients,,,2025-02-20T13:19:03+01:00,,,,,,,,1,2021-10-01T01:00:00+02:00,,,,,
1Physical FlowhourBE-TSO-0001FNC-00034entrykWh/h2021-11-01T01:00:00Z2021-12-01T01:00:00Z_NA1459,1,Physical Flow,hour,2021-11-30T22:00:00+01:00,2021-11-30T23:00:00+01:00,BE-TSO-0001,21X-BE-A-A0A0A-Y,Fluxys Belgium,FNC-00034,Final consumers (BE) (Fluxys) Industrial clients L-zone,21Y000000000045A,entry,kWh/h,No injection in transmission network from Industiral clients,,,2025-02-20T13:19:03+01:00,,,,,,,,1,2021-10-01T01:00:00+02:00,,,,,
1Physical FlowhourBE-TSO-0001FNC-00034entrykWh/h2021-11-01T01:00:00Z2021-12-01T01:00:00Z_NA1460,1,Physical Flow,hour,2021-11-30T23:00:00+01:00,2021-12-01T00:00:00+01:00,BE-TSO-0001,21X-BE-A-A0A0A-Y,Fluxys Belgium,FNC-00034,Final consumers (BE) (Fluxys) Industrial clients L-zone,21Y000000000045A,entry,kWh/h,No injection in transmission network from Industiral clients,,,2025-02-20T13:19:03+01:00,,,,,,,,1,2021-10-01T01:00:00+02:00,,,,,
1Physical FlowhourBE-TSO-0001FNC-00034entrykWh/h2021-11-01T01:00:00Z2021-12-01T01:00:00Z_NA1461,1,Physical Flow,hour,2021-12-01T00:00:00+01:00,2021-12-01T01:00:00+01:00,BE-TSO-0001,21X-BE-A-A0A0A-Y,Fluxys Belgium,FNC-00034,Final consumers (BE) (Fluxys) Industrial clients L-zone,21Y000000000045A,entry,kWh/h,No injection in transmission network from Industiral clients,,,2025-02-20T13:19:03+01:00,,,,,,,,1,2021-10-01T01:00:00+02:00,,,,,
1Physical FlowhourBE-TSO-0001FNC-00034entrykWh/h2021-11-01T01:00:00Z2021-12-01T01:00:00Z_NA1462,1,Physical Flow,hour,2021-12-01T01:00:00+01:00,2021-12-01T02:00:00+01:00,BE-TSO-0001,21X-BE-A-A0A0A-Y,Fluxys Belgium,FNC-00034,Final consumers (BE) (Fluxys) Industrial clients L-zone,21Y000000000045A,entry,kWh/h,No injection in transmission network from Industiral clients,,,2025-02-20T13:19:03+01:00,,,,,,,,1,2021-10-01T01:00:00+02:00,,,,,
1Physical FlowhourBE-TSO-0001FNC-00034entrykWh/h2021-11-01T01:00:00Z2021-12-01T01:00:00Z_NA1463,1,Physical Flow,hour,2021-12-01T02:00:00+01:00,2021-12-01T03:00:00+01:00,BE-TSO-0001,21X-BE-A-A0A0A-Y,Fluxys Belgium,FNC-00034,Final consumers (BE) (Fluxys) Industrial clients L-zone,21Y000000000045A,entry,kWh/h,No injection in transmission network from Industiral clients,,,2025-02-20T13:19:03+01:00,,,,,,,,1,2021-10-01T01:00:00+02:00,,,,,
1Physical FlowhourBE-TSO-0001FNC-00034entrykWh/h2021-12-01T01:00:00Z2022-01-01T00:00:00Z_NA1464,1,Physical Flow,hour,2021-12-01T03:00:00+01:00,2021-12-01T04:00:00+01:00,BE-TSO-0001,21X-BE-A-A0A0A-Y,Fluxys Belgium,FNC-00034,Final consumers (BE) (Fluxys) Industrial clients L-zone,21Y000000000045A,entry,kWh/h,No injection in transmission network from Industiral clients,,,2025-02-20T13:19:03+01:00,,,,,,,,1,2021-10-01T01:00:00+02:00,,,,,
1Physical FlowhourBE-TSO-0001FNC-00034entrykWh/h2021-12-01T01:00:00Z2022-01-01T00:00:00Z_NA1465,1,Physical Flow,hour,2021-12-01T04:00:00+01:00,2021-12-01T05:00:00+01:00,BE-TSO-0001,21X-BE-A-A0A0A-Y,Fluxys Belgium,FNC-00034,Final consumers (BE) (Fluxys) Industrial clients L-zone,21Y000000000045A,entry,kWh/h,No injection in transmission network from Industiral clients,,,2025-02-20T13:19:03+01:00,,,,,,,,1,2021-10-01T01:00:00+02:00,,,,,
1Physical FlowhourBE-TSO-0001FNC-00034entrykWh/h2021-12-01T01:00:00Z2022-01-01T00:00:00Z_NA1466,1,Physical Flow,hour,2021-12-01T05:00:00+01:00,2021-12-01T06:00:00+01:00,BE-TSO-0001,21X-BE-A-A0A0A-Y,Fluxys Belgium,FNC-00034,Final consumers (BE) (Fluxys) Industrial clients L-zone,21Y000000000045A,entry,kWh/h,No injection in transmission network from Industiral clients,,,2025-02-20T13:19:03+01:00,,,,,,,,1,2021-10-01T01:00:00+02:00,,,,,
1Physical FlowhourBE-TSO-0001FNC-00034entrykWh/h2021-12-01T01:00:00Z2022-01-01T00:00:00Z_NA1467,1,Physical Flow,hour,2021-12-01T06:00:00+01:00,2021-12-01T07:00:00+01:00,BE-TSO-0001,21X-BE-A-A0A0A-Y,Fluxys Belgium,FNC-00034,Final consumers (BE) (Fluxys) Industrial clients L-zone,21Y000000000045A,entry,kWh/h,No injection in transmission network from Industiral clients,,,2025-02-20T13:19:03+01:00,,,,,,,,1,2021-10-01T01:00:00+02:00,,,,,
1Physical FlowhourBE-TSO-0001FNC-00034entrykWh/h2021-12-01T01:00:00Z2022-01-01T00:00:00Z_NA1468,1,Physical Flow,hour,2021-12-01T07:00:00+01:00,2021-12-01T08:00:00+01:00,BE-TSO-0001,21X-BE-A-A0A0A-Y,Fluxys Belgium,FNC-00034,Final consumers (BE) (Fluxys) Industrial clients L-zone,21Y000000000045A,entry,kWh/h,No injection in transmission network from Industiral clients,,,2025-02-20T13:19:03+01:00,,,,,,,,1,2021-10-01T01:00:00+02:00,,,,,
1Physical FlowhourBE-TSO-0001FNC-00034entrykWh/h2021-12-01T01:00:00Z2022-01-01T00:00:00Z_NA1469,1,Physical Flow,hour,2021-12-01T08:00:00+01:00,2021-12-01T09:00:00+01:00,BE-TSO-0001,21X-BE-A-A0A0A-Y,Fluxys Belgium,FNC-00034,Final consumers (BE) (Fluxys) Industrial clients L-zone,21Y000000000045A,entry,kWh/h,No injection in transmission network from Industiral clients,,,2025-02-20T13:19:03+01:00,,,,,,,,1,2021-10-01T01:00:00+02:00,,,,,
1Physical FlowhourBE-TSO-0001FNC-00034entrykWh/h2021-12-01T01:00:00Z2022-01-01T00:00:00Z_NA1470,1,Physical Flow,hour,2021-12-01T09:00:00+01:00,2021-12-01T10:00:00+01:00,BE-TSO-0001,21X-BE-A-A0A0A-Y,Fluxys Belgium,FNC-00034,Final consumers (BE) (Fluxys) Industrial clients L-zone,21Y000000000045A,entry,kWh/h,No injection in transmission network from Industiral clients,,,2025-02-20T13:19:03+01:00,,,,,,,,1,2021-10-01T01:00:00+02:00,,,,,
1Physical FlowhourBE-TSO-0001FNC-00034entrykWh/h2021-12-01T01:00:00Z2022-01-01T00:00:00Z_NA1471,1,Physical Flow,hour,2021-12-01T10:00:00+01:00,2021-12-01T11:00:00+01:00,BE-TSO-0001,21X-BE-A-A0A0A-Y,Fluxys Belgium,FNC-00034,Final consumers (BE) (Fluxys) Industrial clients L-zone,21Y000000000045A,entry,kWh/h,No injection in transmission network from Industiral clients,,,2025-02-20T13:19:03+01:00,,,,,,,,1,2021-10-01T01:00:00+02:00,,,,,
1Physical FlowhourBE-TSO-0001FNC-00034entrykWh/h2021-12-01T01:00:00Z2022-01-01T00:00:00Z_NA1472,1,Physical Flow,hour,2021-12-01T11:00:00+01:00,2021-12-01T12:00:00+01:00,BE-TSO-0001,21X-BE-A-A0A0A-Y,Fluxys Belgium,FNC-00034,Final consumers (BE) (Fluxys) Industrial clients L-zone,21Y000000000045A,entry,kWh/h,No injection in transmission network from Industiral clients,,,2025-02-20T13:19:03+01:00,,,,,,,,1,2021-10-01T01:00:00+02:00,,,,,
1Physical FlowhourBE-TSO-0001FNC-00034entrykWh/h2021-12-01T01:00:00Z2022-01-01T00:00:00Z_NA1473,1,Physical Flow,hour,2021-12-01T12:00:00+01:00,2021-12-01T13:00:00+01:00,BE-TSO-0001,21X-BE-A-A0A0A-Y,Fluxys Belgium,FNC-00034,Final consumers (BE) (Fluxys) Industrial clients L-zone,21Y000000000045A,entry,kWh/h,No injection in transmission network from Industiral clients,,,2025-02-20T13:19:03+01:00,,,,,,,,1,2021-10-01T01:00:00+02:00,,,,,
1Physical FlowhourBE-TSO-0001FNC-00034entrykWh/h2021-12-01T01:00:00Z2022-01-01T00:00:00Z_NA1474,1,Physical Flow,hour,2021-12-01T13:00:00+01:00,2021-12-01T14:00:00+01:00,BE-TSO-0001,21X-BE-A-A0A0A-Y,Fluxys Belgium,FNC-00034,Final consumers (BE) (Fluxys) Industrial clients L-zone,21Y000000000045A,entry,kWh/h,No injection in transmission network from Industiral clients,,,2025-02-20T13:19:03+01:00,,,,,,,,1,2021-10-01T01:00:00+02:00,,,,,
1Physical FlowhourBE-TSO-0001FNC-00034entrykWh/h2021-12-01T01:00:00Z2022-01-01T00:00:00Z_NA1475,1,Physical Flow,hour,2021-12-01T14:00:00+01:00,2021-12-01T15:00:00+01:00,BE-TSO-0001,21X-BE-A-A0A0A-Y,Fluxys Belgium,FNC-00034,Final consumers (BE) (Fluxys) Industrial clients L-zone,21Y000000000045A,entry,kWh/h,No injection in transmission network from Industiral clients,,,2025-02-20T13:19:03+01:00,,,,,,,,1,2021-10-01T01:00:00+02:00,,,,,
1Physical FlowhourBE-TSO-0001FNC-00034entrykWh/h2021-12-01T01:00:00Z2022-01-01T00:00:00Z_NA1476,1,Physical Flow,hour,2021-12-01T15:00:00+01:00,2021-12-01T16:00:00+01:00,BE-TSO-0001,21X-BE-A-A0A0A-Y,Fluxys Belgium,FNC-00034,Final consumers (BE) (Fluxys) Industrial clients L-zone,21Y000000000045A,entry,kWh/h,No injection in transmission network from Industiral clients,,,2025-02-20T13:19:03+01:00,,,,,,,,1,2021-10-01T01:00:00+02:00,,,,,
1Physical FlowhourBE-TSO-0001FNC-00034entrykWh/h2021-12-01T01:00:00Z2022-01-01T00:00:00Z_NA1477,1,Physical Flow,hour,2021-12-01T16:00:00+01:00,2021-12-01T17:00:00+01:00,BE-TSO-0001,21X-BE-A-A0A0A-Y,Fluxys Belgium,FNC-00034,Final consumers (BE) (Fluxys) Industrial clients L-zone,21Y000000000045A,entry,kWh/h,No injection in transmission network from Industiral clients,,,2025-02-20T13:19:03+01:00,,,,,,,,1,2021-10-01T01:00:00+02:00,,,,,
1Physical FlowhourBE-TSO-0001FNC-00034entrykWh/h2021-12-01T01:00:00Z2022-01-01T00:00:00Z_NA1478,1,Physical Flow,hour,2021-12-01T17:00:00+01:00,2021-12-01T18:00:00+01:00,BE-TSO-0001,21X-BE-A-A0A0A-Y,Fluxys Belgium,FNC-00034,Final consumers (BE) (Fluxys) Industrial clients L-zone,21Y000000000045A,entry,kWh/h,No injection in transmission network from Industiral clients,,,2025-02-20T13:19:03+01:00,,,,,,,,1,2021-10-01T01:00:00+02:00,,,,,
1Physical FlowhourBE-TSO-0001FNC-00034entrykWh/h2021-12-01T01:00:00Z2022-01-01T00:00:00Z_NA1479,1,Physical Flow,hour,2021-12-01T18:00:00+01:00,2021-12-01T19:00:00+01:00,BE-TSO-0001,21X-BE-A-A0A0A-Y,Fluxys Belgium,FNC-00034,Final consumers (BE) (Fluxys) Industrial clients L-zone,21Y000000000045A,entry,kWh/h,No injection in transmission network from Industiral clients,,,2025-02-20T13:19:03+01:00,,,,,,,,1,2021-10-01T01:00:00+02:00,,,,,
1Physical FlowhourBE-TSO-0001FNC-00034entrykWh/h2021-12-01T01:00:00Z2022-01-01T00:00:00Z_NA1480,1,Physical Flow,hour,2021-12-01T19:00:00+01:00,2021-12-01T20:00:00+01:00,BE-TSO-0001,21X-BE-A-A0A0A-Y,Fluxys Belgium,FNC-00034,Final consumers (BE) (Fluxys) Industrial clients L-zone,21Y000000000045A,entry,kWh/h,No injection in transmission network from Industiral clients,,,2025-02-20T13:19:03+01:00,,,,,,,,1,2021-10-01T01:00:00+02:00,,,,,
1Physical FlowhourBE-TSO-0001FNC-00034entrykWh/h2021-12-01T01:00:00Z2022-01-01T00:00:00Z_NA1481,1,Physical Flow,hour,2021-12-01T20:00:00+01:00,2021-12-01T21:00:00+01:00,BE-TSO-0001,21X-BE-A-A0A0A-Y,Fluxys Belgium,FNC-00034,Final consumers (BE) (Fluxys) Industrial clients L-zone,21Y000000000045A,entry,kWh/h,No injection in transmission network from Industiral clients,,,2025-02-20T13:19:03+01:00,,,,,,,,1,2021-10-01T01:00:00+02:00,,,,,
1Physical FlowhourBE-TSO-0001FNC-00034entrykWh/h2021-12-01T01:00:00Z2022-01-01T00:00:00Z_NA1482,1,Physical Flow,hour,2021-12-01T21:00:00+01:00,2021-12-01T22:00:00+01:00,BE-TSO-0001,21X-BE-A-A0A0A-Y,Fluxys Belgium,FNC-00034,Final consumers (BE) (Fluxys) Industrial clients L-zone,21Y000000000045A,entry,kWh/h,No injection in transmission network from Industiral clients,,,2025-02-20T13:19:03+01:00,,,,,,,,1,2021-10-01T01:00:00+02:00,,,,,
1Physical FlowhourBE-TSO-0001FNC-00034entrykWh/h2021-12-01T01:00:00Z2022-01-01T00:00:00Z_NA1483,1,Physical Flow,hour,2021-12-01T22:00:00+01:00,2021-12-01T23:00:00+01:00,BE-TSO-0001,21X-BE-A-A0A0A-Y,Fluxys Belgium,FNC-00034,Final consumers (BE) (Fluxys) Industrial clients L-zone,21Y000000000045A,entry,kWh/h,No injection in transmission network from Industiral clients,,,2025-02-20T13:19:03+01:00,,,,,,,,1,2021-10-01T01:00:00+02:00,,,,,
1Physical FlowhourBE-TSO-0001FNC-00034entrykWh/h2021-12-01T01:00:00Z2022-01-01T00:00:00Z_NA1484,1,Physical Flow,hour,2021-12-01T23:00:00+01:00,2021-12-02T00:00:00+01:00,BE-TSO-0001,21X-BE-A-A0A0A-Y,Fluxys Belgium,FNC-00034,Final consumers (BE) (Fluxys) Industrial clients L-zone,21Y000000000045A,entry,kWh/h,No injection in transmission network from Industiral clients,,,2025-02-20T13:19:03+01:00,,,,,,,,1,2021-10-01T01:00:00+02:00,,,,,
1Physical FlowhourBE-TSO-0001FNC-00034entrykWh/h2021-12-01T01:00:00Z2022-01-01T00:00:00Z_NA1485,1,Physical Flow,hour,2021-12-02T00:00:00+01:00,2021-12-02T01:00:00+01:00,BE-TSO-0001,21X-BE-A-A0A0A-Y,Fluxys Belgium,FNC-00034,Final consumers (BE) (Fluxys) Industrial clients L-zone,21Y000000000045A,entry,kWh/h,No injection in transmission network from Industiral clients,,,2025-02-20T13:19:03+01:00,,,,,,,,1,2021-10-01T01:00:00+02:00,,,,,
1Physical FlowhourBE-TSO-0001FNC-00034entrykWh/h2021-12-01T01:00:00Z2022-01-01T00:00:00Z_NA1486,1,Physical Flow,hour,2021-12-02T01:00:00+01:00,2021-12-02T02:00:00+01:00,BE-TSO-0001,21X-BE-A-A0A0A-Y,Fluxys Belgium,FNC-00034,Final consumers (BE) (Fluxys) Industrial clients L-zone,21Y000000000045A,entry,kWh/h,No injection in transmission network from Industiral clients,,,2025-02-20T13:19:03+01:00,,,,,,,,1,2021-10-01T01:00:00+02:00,,,,,
1Physical FlowhourBE-TSO-0001FNC-00034entrykWh/h2021-12-01T01:00:00Z2022-01-01T00:00:00Z_NA1487,1,Physical Flow,hour,2021-12-02T02:00:00+01:00,2021-12-02T03:00:00+01:00,BE-TSO-0001,21X-BE-A-A0A0A-Y,Fluxys Belgium,FNC-00034,Final consumers (BE) (Fluxys) Industrial clients L-zone,21Y000000000045A,entry,kWh/h,No injection in transmission network from Industiral clients,,,2025-02-20T13:19:03+01:00,,,,,,,,1,2021-10-01T01:00:00+02:00,,,,,
1Physical FlowhourBE-TSO-0001FNC-00034entrykWh/h2021-12-01T01:00:00Z2022-01-01T00:00:00Z_NA1488,1,Physical Flow,hour,2021-12-02T03:00:00+01:00,2021-12-02T04:00:00+01:00,BE-TSO-0001,21X-BE-A-A0A0A-Y,Fluxys Belgium,FNC-00034,Final consumers (BE) (Fluxys) Industrial clients L-zone,21Y000000000045A,entry,kWh/h,No injection in transmission network from Industiral clients,,,2025-02-20T13:19:03+01:00,,,,,,,,1,2021-10-01T01:00:00+02:00,,,,,
1Physical FlowhourBE-TSO-0001FNC-00034entrykWh/h2021-12-01T01:00:00Z2022-01-01T00:00:00Z_NA1489,1,Physical Flow,hour,2021-12-02T04:00:00+01:00,2021-12-02T05:00:00+01:00,BE-TSO-0001,21X-BE-A-A0A0A-Y,Fluxys Belgium,FNC-00034,Final consumers (BE) (Fluxys) Industrial clients L-zone,21Y000000000045A,entry,kWh/h,No injection in transmission network from Industiral clients,,,2025-02-20T13:19:03+01:00,,,,,,,,1,2021-10-01T01:00:00+02:00,,,,,
1Physical FlowhourBE-TSO-0001FNC-00034entrykWh/h2021-12-01T01:00:00Z2022-01-01T00:00:00Z_NA1490,1,Physical Flow,hour,2021-12-02T05:00:00+01:00,2021-12-02T06:00:00+01:00,BE-TSO-0001,21X-BE-A-A0A0A-Y,Fluxys Belgium,FNC-00034,Final consumers (BE) (Fluxys) Industrial clients L-zone,21Y000000000045A,entry,kWh/h,No injection in transmission network from Industiral clients,,,2025-02-20T13:19:03+01:00,,,,,,,,1,2021-10-01T01:00:00+02:00,,,,,
1Physical FlowhourBE-TSO-0001FNC-00034entrykWh/h2021-12-01T01:00:00Z2022-01-01T00:00:00Z_NA1491,1,Physical Flow,hour,2021-12-02T06:00:00+01:00,2021-12-02T07:00:00+01:00,BE-TSO-0001,21X-BE-A-A0A0A-Y,Fluxys Belgium,FNC-00034,Final consumers (BE) (Fluxys) Industrial clients L-zone,21Y000000000045A,entry,kWh/h,No injection in transmission network from Industiral clients,,,2025-02-20T13:19:03+01:00,,,,,,,,1,2021-10-01T01:00:00+02:00,,,,,
1Physical FlowhourBE-TSO-0001FNC-00034entrykWh/h2021-12-01T01:00:00Z2022-01-01T00:00:00Z_NA1492,1,Physical Flow,hour,2021-12-02T07:00:00+01:00,2021-12-02T08:00:00+01:00,BE-TSO-0001,21X-BE-A-A0A0A-Y,Fluxys Belgium,FNC-00034,Final consumers (BE) (Fluxys) Industrial clients L-zone,21Y000000000045A,entry,kWh/h,No injection in transmission network from Industiral clients,,,2025-02-20T13:19:03+01:00,,,,,,,,1,2021-10-01T01:00:00+02:00,,,,,
1Physical FlowhourBE-TSO-0001FNC-00034entrykWh/h2021-12-01T01:00:00Z2022-01-01T00:00:00Z_NA1493,1,Physical Flow,hour,2021-12-02T08:00:00+01:00,2021-12-02T09:00:00+01:00,BE-TSO-0001,21X-BE-A-A0A0A-Y,Fluxys Belgium,FNC-00034,Final consumers (BE) (Fluxys) Industrial clients L-zone,21Y000000000045A,entry,kWh/h,No injection in transmission network from Industiral clients,,,2025-02-20T13:19:03+01:00,,,,,,,,1,2021-10-01T01:00:00+02:00,,,,,
1Physical FlowhourBE-TSO-0001FNC-00034entrykWh/h2021-12-01T01:00:00Z2022-01-01T00:00:00Z_NA1494,1,Physical Flow,hour,2021-12-02T09:00:00+01:00,2021-12-02T10:00:00+01:00,BE-TSO-0001,21X-BE-A-A0A0A-Y,Fluxys Belgium,FNC-00034,Final consumers (BE) (Fluxys) Industrial clients L-zone,21Y000000000045A,entry,kWh/h,No injection in transmission network from Industiral clients,,,2025-02-20T13:19:03+01:00,,,,,,,,1,2021-10-01T01:00:00+02:00,,,,,
1Physical FlowhourBE-TSO-0001FNC-00034entrykWh/h2021-12-01T01:00:00Z2022-01-01T00:00:00Z_NA1495,1,Physical Flow,hour,2021-12-02T10:00:00+01:00,2021-12-02T11:00:00+01:00,BE-TSO-0001,21X-BE-A-A0A0A-Y,Fluxys Belgium,FNC-00034,Final consumers (BE) (Fluxys) Industrial clients L-zone,21Y000000000045A,entry,kWh/h,No injection in transmission network from Industiral clients,,,2025-02-20T13:19:03+01:00,,,,,,,,1,2021-10-01T01:00:00+02:00,,,,,
1Physical FlowhourBE-TSO-0001FNC-00034entrykWh/h2021-12-01T01:00:00Z2022-01-01T00:00:00Z_NA1496,1,Physical Flow,hour,2021-12-02T11:00:00+01:00,2021-12-02T12:00:00+01:00,BE-TSO-0001,21X-BE-A-A0A0A-Y,Fluxys Belgium,FNC-00034,Final consumers (BE) (Fluxys) Industrial clients L-zone,21Y000000000045A,entry,kWh/h,No injection in transmission network from Industiral clients,,,2025-02-20T13:19:03+01:00,,,,,,,,1,2021-10-01T01:00:00+02:00,,,,,
1Physical FlowhourBE-TSO-0001FNC-00034entrykWh/h2021-12-01T01:00:00Z2022-01-01T00:00:00Z_NA1497,1,Physical Flow,hour,2021-12-02T12:00:00+01:00,2021-12-02T13:00:00+01:00,BE-TSO-0001,21X-BE-A-A0A0A-Y,Fluxys Belgium,FNC-00034,Final consumers (BE) (Fluxys) Industrial clients L-zone,21Y000000000045A,entry,kWh/h,No injection in transmission network from Industiral clients,,,2025-02-20T13:19:03+01:00,,,,,,,,1,2021-10-01T01:00:00+02:00,,,,,
1Physical FlowhourBE-TSO-0001FNC-00034entrykWh/h2021-12-01T01:00:00Z2022-01-01T00:00:00Z_NA1498,1,Physical Flow,hour,2021-12-02T13:00:00+01:00,2021-12-02T14:00:00+01:00,BE-TSO-0001,21X-BE-A-A0A0A-Y,Fluxys Belgium,FNC-00034,Final consumers (BE) (Fluxys) Industrial clients L-zone,21Y000000000045A,entry,kWh/h,No injection in transmission network from Industiral clients,,,2025-02-20T13:19:03+01:00,,,,,,,,1,2021-10-01T01:00:00+02:00,,,,,
1Physical FlowhourBE-TSO-0001FNC-00034entrykWh/h2021-12-01T01:00:00Z2022-01-01T00:00:00Z_NA1499,1,Physical Flow,hour,2021-12-02T14:00:00+01:00,2021-12-02T15:00:00+01:00,BE-TSO-0001,21X-BE-A-A0A0A-Y,Fluxys Belgium,FNC-00034,Final consumers (BE) (Fluxys) Industrial clients L-zone,21Y000000000045A,entry,kWh/h,No injection in transmission network from Industiral clients,,,2025-02-20T13:19:03+01:00,,,,,,,,1,2021-10-01T01:00:00+02:00,,,,,
1Physical FlowhourBE-TSO-0001FNC-00034entrykWh/h2021-12-01T01:00:00Z2022-01-01T00:00:00Z_NA1500,1,Physical Flow,hour,2021-12-02T15:00:00+01:00,2021-12-02T16:00:00+01:00,BE-TSO-0001,21X-BE-A-A0A0A-Y,Fluxys Belgium,FNC-00034,Final consumers (BE) (Fluxys) Industrial clients L-zone,21Y000000000045A,entry,kWh/h,No injection in transmission network from Industiral clients,,,2025-02-20T13:19:03+01:00,,,,,,,,1,2021-10-01T01:00:00+02:00,,,,,
1Physical FlowhourBE-TSO-0001FNC-00034entrykWh/h2021-12-01T01:00:00Z2022-01-01T00:00:00Z_NA1501,1,Physical Flow,hour,2021-12-02T16:00:00+01:00,2021-12-02T17:00:00+01:00,BE-TSO-0001,21X-BE-A-A0A0A-Y,Fluxys Belgium,FNC-00034,Final consumers (BE) (Fluxys) Industrial clients L-zone,21Y000000000045A,entry,kWh/h,No injection in transmission network from Industiral clients,,,2025-02-20T13:19:03+01:00,,,,,,,,1,2021-10-01T01:00:00+02:00,,,,,
1Physical FlowhourBE-TSO-0001FNC-00034entrykWh/h2021-12-01T01:00:00Z2022-01-01T00:00:00Z_NA1502,1,Physical Flow,hour,2021-12-02T17:00:00+01:00,2021-12-02T18:00:00+01:00,BE-TSO-0001,21X-BE-A-A0A0A-Y,Fluxys Belgium,FNC-00034,Final consumers (BE) (Fluxys) Industrial clients L-zone,21Y000000000045A,entry,kWh/h,No injection in transmission network from Industiral clients,,,2025-02-20T13:19:03+01:00,,,,,,,,1,2021-10-01T01:00:00+02:00,,,,,
1Physical FlowhourBE-TSO-0001FNC-00034entrykWh/h2021-12-01T01:00:00Z2022-01-01T00:00:00Z_NA1503,1,Physical Flow,hour,2021-12-02T18:00:00+01:00,2021-12-02T19:00:00+01:00,BE-TSO-0001,21X-BE-A-A0A0A-Y,Fluxys Belgium,FNC-00034,Final consumers (BE) (Fluxys) Industrial clients L-zone,21Y000000000045A,entry,kWh/h,No injection in transmission network from Industiral clients,,,2025-02-20T13:19:03+01:00,,,,,,,,1,2021-10-01T01:00:00+02:00,,,,,
1Physical FlowhourBE-TSO-0001FNC-00034entrykWh/h2021-12-01T01:00:00Z2022-01-01T00:00:00Z_NA1504,1,Physical Flow,hour,2021-12-02T19:00:00+01:00,2021-12-02T20:00:00+01:00,BE-TSO-0001,21X-BE-A-A0A0A-Y,Fluxys Belgium,FNC-00034,Final consumers (BE) (Fluxys) Industrial clients L-zone,21Y000000000045A,entry,kWh/h,No injection in transmission network from Industiral clients,,,2025-02-20T13:19:03+01:00,,,,,,,,1,2021-10-01T01:00:00+02:00,,,,,
1Physical FlowhourBE-TSO-0001FNC-00034entrykWh/h2021-12-01T01:00:00Z2022-01-01T00:00:00Z_NA1505,1,Physical Flow,hour,2021-12-02T20:00:00+01:00,2021-12-02T21:00:00+01:00,BE-TSO-0001,21X-BE-A-A0A0A-Y,Fluxys Belgium,FNC-00034,Final consumers (BE) (Fluxys) Industrial clients L-zone,21Y000000000045A,entry,kWh/h,No injection in transmission network from Industiral clients,,,2025-02-20T13:19:03+01:00,,,,,,,,1,2021-10-01T01:00:00+02:00,,,,,
1Physical FlowhourBE-TSO-0001FNC-00034entrykWh/h2021-12-01T01:00:00Z2022-01-01T00:00:00Z_NA1506,1,Physical Flow,hour,2021-12-02T21:00:00+01:00,2021-12-02T22:00:00+01:00,BE-TSO-0001,21X-BE-A-A0A0A-Y,Fluxys Belgium,FNC-00034,Final consumers (BE) (Fluxys) Industrial clients L-zone,21Y000000000045A,entry,kWh/h,No injection in transmission network from Industiral clients,,,2025-02-20T13:19:03+01:00,,,,,,,,1,2021-10-01T01:00:00+02:00,,,,,
1Physical FlowhourBE-TSO-0001FNC-00034entrykWh/h2021-12-01T01:00:00Z2022-01-01T00:00:00Z_NA1507,1,Physical Flow,hour,2021-12-02T22:00:00+01:00,2021-12-02T23:00:00+01:00,BE-TSO-0001,21X-BE-A-A0A0A-Y,Fluxys Belgium,FNC-00034,Final consumers (BE) (Fluxys) Industrial clients L-zone,21Y000000000045A,entry,kWh/h,No injection in transmission network from Industiral clients,,,2025-02-20T13:19:03+01:00,,,,,,,,1,2021-10-01T01:00:00+02:00,,,,,
1Physical FlowhourBE-TSO-0001FNC-00034entrykWh/h2021-12-01T01:00:00Z2022-01-01T00:00:00Z_NA1508,1,Physical Flow,hour,2021-12-02T23:00:00+01:00,2021-12-03T00:00:00+01:00,BE-TSO-0001,21X-BE-A-A0A0A-Y,Fluxys Belgium,FNC-00034,Final consumers (BE) (Fluxys) Industrial clients L-zone,21Y000000000045A,entry,kWh/h,No injection in transmission network from Industiral clients,,,2025-02-20T13:19:03+01:00,,,,,,,,1,2021-10-01T01:00:00+02:00,,,,,
1Physical FlowhourBE-TSO-0001FNC-00034entrykWh/h2021-12-01T01:00:00Z2022-01-01T00:00:00Z_NA1509,1,Physical Flow,hour,2021-12-03T00:00:00+01:00,2021-12-03T01:00:00+01:00,BE-TSO-0001,21X-BE-A-A0A0A-Y,Fluxys Belgium,FNC-00034,Final consumers (BE) (Fluxys) Industrial clients L-zone,21Y000000000045A,entry,kWh/h,No injection in transmission network from Industiral clients,,,2025-02-20T13:19:03+01:00,,,,,,,,1,2021-10-01T01:00:00+02:00,,,,,
1Physical FlowhourBE-TSO-0001FNC-00034entrykWh/h2021-12-01T01:00:00Z2022-01-01T00:00:00Z_NA1510,1,Physical Flow,hour,2021-12-03T01:00:00+01:00,2021-12-03T02:00:00+01:00,BE-TSO-0001,21X-BE-A-A0A0A-Y,Fluxys Belgium,FNC-00034,Final consumers (BE) (Fluxys) Industrial clients L-zone,21Y000000000045A,entry,kWh/h,No injection in transmission network from Industiral clients,,,2025-02-20T13:19:03+01:00,,,,,,,,1,2021-10-01T01:00:00+02:00,,,,,
1Physical FlowhourBE-TSO-0001FNC-00034entrykWh/h2021-12-01T01:00:00Z2022-01-01T00:00:00Z_NA1511,1,Physical Flow,hour,2021-12-03T02:00:00+01:00,2021-12-03T03:00:00+01:00,BE-TSO-0001,21X-BE-A-A0A0A-Y,Fluxys Belgium,FNC-00034,Final consumers (BE) (Fluxys) Industrial clients L-zone,21Y000000000045A,entry,kWh/h,No injection in transmission network from Industiral clients,,,2025-02-20T13:19:03+01:00,,,,,,,,1,2021-10-01T01:00:00+02:00,,,,,
1Physical FlowhourBE-TSO-0001FNC-00034entrykWh/h2021-12-01T01:00:00Z2022-01-01T00:00:00Z_NA1512,1,Physical Flow,hour,2021-12-03T03:00:00+01:00,2021-12-03T04:00:00+01:00,BE-TSO-0001,21X-BE-A-A0A0A-Y,Fluxys Belgium,FNC-00034,Final consumers (BE) (Fluxys) Industrial clients L-zone,21Y000000000045A,entry,kWh/h,No injection in transmission network from Industiral clients,,,2025-02-20T13:19:03+01:00,,,,,,,,1,2021-10-01T01:00:00+02:00,,,,,
1Physical FlowhourBE-TSO-0001FNC-00034entrykWh/h2021-12-01T01:00:00Z2022-01-01T00:00:00Z_NA1513,1,Physical Flow,hour,2021-12-03T04:00:00+01:00,2021-12-03T05:00:00+01:00,BE-TSO-0001,21X-BE-A-A0A0A-Y,Fluxys Belgium,FNC-00034,Final consumers (BE) (Fluxys) Industrial clients L-zone,21Y000000000045A,entry,kWh/h,No injection in transmission network from Industiral clients,,,2025-02-20T13:19:03+01:00,,,,,,,,1,2021-10-01T01:00:00+02:00,,,,,
1Physical FlowhourBE-TSO-0001FNC-00034entrykWh/h2021-12-01T01:00:00Z2022-01-01T00:00:00Z_NA1514,1,Physical Flow,hour,2021-12-03T05:00:00+01:00,2021-12-03T06:00:00+01:00,BE-TSO-0001,21X-BE-A-A0A0A-Y,Fluxys Belgium,FNC-00034,Final consumers (BE) (Fluxys) Industrial clients L-zone,21Y000000000045A,entry,kWh/h,No injection in transmission network from Industiral clients,,,2025-02-20T13:19:03+01:00,,,,,,,,1,2021-10-01T01:00:00+02:00,,,,,
1Physical FlowhourBE-TSO-0001FNC-00034entrykWh/h2021-12-01T01:00:00Z2022-01-01T00:00:00Z_NA1515,1,Physical Flow,hour,2021-12-03T06:00:00+01:00,2021-12-03T07:00:00+01:00,BE-TSO-0001,21X-BE-A-A0A0A-Y,Fluxys Belgium,FNC-00034,Final consumers (BE) (Fluxys) Industrial clients L-zone,21Y000000000045A,entry,kWh/h,No injection in transmission network from Industiral clients,,,2025-02-20T13:19:03+01:00,,,,,,,,1,2021-10-01T01:00:00+02:00,,,,,
1Physical FlowhourBE-TSO-0001FNC-00034entrykWh/h2021-12-01T01:00:00Z2022-01-01T00:00:00Z_NA1516,1,Physical Flow,hour,2021-12-03T07:00:00+01:00,2021-12-03T08:00:00+01:00,BE-TSO-0001,21X-BE-A-A0A0A-Y,Fluxys Belgium,FNC-00034,Final consumers (BE) (Fluxys) Industrial clients L-zone,21Y000000000045A,entry,kWh/h,No injection in transmission network from Industiral clients,,,2025-02-20T13:19:03+01:00,,,,,,,,1,2021-10-01T01:00:00+02:00,,,,,
1Physical FlowhourBE-TSO-0001FNC-00034entrykWh/h2021-12-01T01:00:00Z2022-01-01T00:00:00Z_NA1517,1,Physical Flow,hour,2021-12-03T08:00:00+01:00,2021-12-03T09:00:00+01:00,BE-TSO-0001,21X-BE-A-A0A0A-Y,Fluxys Belgium,FNC-00034,Final consumers (BE) (Fluxys) Industrial clients L-zone,21Y000000000045A,entry,kWh/h,No injection in transmission network from Industiral clients,,,2025-02-20T13:19:03+01:00,,,,,,,,1,2021-10-01T01:00:00+02:00,,,,,
1Physical FlowhourBE-TSO-0001FNC-00034entrykWh/h2021-12-01T01:00:00Z2022-01-01T00:00:00Z_NA1518,1,Physical Flow,hour,2021-12-03T09:00:00+01:00,2021-12-03T10:00:00+01:00,BE-TSO-0001,21X-BE-A-A0A0A-Y,Fluxys Belgium,FNC-00034,Final consumers (BE) (Fluxys) Industrial clients L-zone,21Y000000000045A,entry,kWh/h,No injection in transmission network from Industiral clients,,,2025-02-20T13:19:03+01:00,,,,,,,,1,2021-10-01T01:00:00+02:00,,,,,
1Physical FlowhourBE-TSO-0001FNC-00034entrykWh/h2021-12-01T01:00:00Z2022-01-01T00:00:00Z_NA1519,1,Physical Flow,hour,2021-12-03T10:00:00+01:00,2021-12-03T11:00:00+01:00,BE-TSO-0001,21X-BE-A-A0A0A-Y,Fluxys Belgium,FNC-00034,Final consumers (BE) (Fluxys) Industrial clients L-zone,21Y000000000045A,entry,kWh/h,No injection in transmission network from Industiral clients,,,2025-02-20T13:19:03+01:00,,,,,,,,1,2021-10-01T01:00:00+02:00,,,,,
1Physical FlowhourBE-TSO-0001FNC-00034entrykWh/h2021-12-01T01:00:00Z2022-01-01T00:00:00Z_NA1520,1,Physical Flow,hour,2021-12-03T11:00:00+01:00,2021-12-03T12:00:00+01:00,BE-TSO-0001,21X-BE-A-A0A0A-Y,Fluxys Belgium,FNC-00034,Final consumers (BE) (Fluxys) Industrial clients L-zone,21Y000000000045A,entry,kWh/h,No injection in transmission network from Industiral clients,,,2025-02-20T13:19:03+01:00,,,,,,,,1,2021-10-01T01:00:00+02:00,,,,,
1Physical FlowhourBE-TSO-0001FNC-00034entrykWh/h2021-12-01T01:00:00Z2022-01-01T00:00:00Z_NA1521,1,Physical Flow,hour,2021-12-03T12:00:00+01:00,2021-12-03T13:00:00+01:00,BE-TSO-0001,21X-BE-A-A0A0A-Y,Fluxys Belgium,FNC-00034,Final consumers (BE) (Fluxys) Industrial clients L-zone,21Y000000000045A,entry,kWh/h,No injection in transmission network from Industiral clients,,,2025-02-20T13:19:03+01:00,,,,,,,,1,2021-10-01T01:00:00+02:00,,,,,
1Physical FlowhourBE-TSO-0001FNC-00034entrykWh/h2021-12-01T01:00:00Z2022-01-01T00:00:00Z_NA1522,1,Physical Flow,hour,2021-12-03T13:00:00+01:00,2021-12-03T14:00:00+01:00,BE-TSO-0001,21X-BE-A-A0A0A-Y,Fluxys Belgium,FNC-00034,Final consumers (BE) (Fluxys) Industrial clients L-zone,21Y000000000045A,entry,kWh/h,No injection in transmission network from Industiral clients,,,2025-02-20T13:19:03+01:00,,,,,,,,1,2021-10-01T01:00:00+02:00,,,,,
1Physical FlowhourBE-TSO-0001FNC-00034entrykWh/h2021-12-01T01:00:00Z2022-01-01T00:00:00Z_NA1523,1,Physical Flow,hour,2021-12-03T14:00:00+01:00,2021-12-03T15:00:00+01:00,BE-TSO-0001,21X-BE-A-A0A0A-Y,Fluxys Belgium,FNC-00034,Final consumers (BE) (Fluxys) Industrial clients L-zone,21Y000000000045A,entry,kWh/h,No injection in transmission network from Industiral clients,,,2025-02-20T13:19:03+01:00,,,,,,,,1,2021-10-01T01:00:00+02:00,,,,,
1Physical FlowhourBE-TSO-0001FNC-00034entrykWh/h2021-12-01T01:00:00Z2022-01-01T00:00:00Z_NA1524,1,Physical Flow,hour,2021-12-03T15:00:00+01:00,2021-12-03T16:00:00+01:00,BE-TSO-0001,21X-BE-A-A0A0A-Y,Fluxys Belgium,FNC-00034,Final consumers (BE) (Fluxys) Industrial clients L-zone,21Y000000000045A,entry,kWh/h,No injection in transmission network from Industiral clients,,,2025-02-20T13:19:03+01:00,,,,,,,,1,2021-10-01T01:00:00+02:00,,,,,
1Physical FlowhourBE-TSO-0001FNC-00034entrykWh/h2021-12-01T01:00:00Z2022-01-01T00:00:00Z_NA1525,1,Physical Flow,hour,2021-12-03T16:00:00+01:00,2021-12-03T17:00:00+01:00,BE-TSO-0001,21X-BE-A-A0A0A-Y,Fluxys Belgium,FNC-00034,Final consumers (BE) (Fluxys) Industrial clients L-zone,21Y000000000045A,entry,kWh/h,No injection in transmission network from Industiral clients,,,2025-02-20T13:19:03+01:00,,,,,,,,1,2021-10-01T01:00:00+02:00,,,,,
1Physical FlowhourBE-TSO-0001FNC-00034entrykWh/h2021-12-01T01:00:00Z2022-01-01T00:00:00Z_NA1526,1,Physical Flow,hour,2021-12-03T17:00:00+01:00,2021-12-03T18:00:00+01:00,BE-TSO-0001,21X-BE-A-A0A0A-Y,Fluxys Belgium,FNC-00034,Final consumers (BE) (Fluxys) Industrial clients L-zone,21Y000000000045A,entry,kWh/h,No injection in transmission network from Industiral clients,,,2025-02-20T13:19:03+01:00,,,,,,,,1,2021-10-01T01:00:00+02:00,,,,,
1Physical FlowhourBE-TSO-0001FNC-00034entrykWh/h2021-12-01T01:00:00Z2022-01-01T00:00:00Z_NA1527,1,Physical Flow,hour,2021-12-03T18:00:00+01:00,2021-12-03T19:00:00+01:00,BE-TSO-0001,21X-BE-A-A0A0A-Y,Fluxys Belgium,FNC-00034,Final consumers (BE) (Fluxys) Industrial clients L-zone,21Y000000000045A,entry,kWh/h,No injection in transmission network from Industiral clients,,,2025-02-20T13:19:03+01:00,,,,,,,,1,2021-10-01T01:00:00+02:00,,,,,
1Physical FlowhourBE-TSO-0001FNC-00034entrykWh/h2021-12-01T01:00:00Z2022-01-01T00:00:00Z_NA1528,1,Physical Flow,hour,2021-12-03T19:00:00+01:00,2021-12-03T20:00:00+01:00,BE-TSO-0001,21X-BE-A-A0A0A-Y,Fluxys Belgium,FNC-00034,Final consumers (BE) (Fluxys) Industrial clients L-zone,21Y000000000045A,entry,kWh/h,No injection in transmission network from Industiral clients,,,2025-02-20T13:19:03+01:00,,,,,,,,1,2021-10-01T01:00:00+02:00,,,,,
1Physical FlowhourBE-TSO-0001FNC-00034entrykWh/h2021-12-01T01:00:00Z2022-01-01T00:00:00Z_NA1529,1,Physical Flow,hour,2021-12-03T20:00:00+01:00,2021-12-03T21:00:00+01:00,BE-TSO-0001,21X-BE-A-A0A0A-Y,Fluxys Belgium,FNC-00034,Final consumers (BE) (Fluxys) Industrial clients L-zone,21Y000000000045A,entry,kWh/h,No injection in transmission network from Industiral clients,,,2025-02-20T13:19:03+01:00,,,,,,,,1,2021-10-01T01:00:00+02:00,,,,,
1Physical FlowhourBE-TSO-0001FNC-00034entrykWh/h2021-12-01T01:00:00Z2022-01-01T00:00:00Z_NA1530,1,Physical Flow,hour,2021-12-03T21:00:00+01:00,2021-12-03T22:00:00+01:00,BE-TSO-0001,21X-BE-A-A0A0A-Y,Fluxys Belgium,FNC-00034,Final consumers (BE) (Fluxys) Industrial clients L-zone,21Y000000000045A,entry,kWh/h,No injection in transmission network from Industiral clients,,,2025-02-20T13:19:03+01:00,,,,,,,,1,2021-10-01T01:00:00+02:00,,,,,
1Physical FlowhourBE-TSO-0001FNC-00034entrykWh/h2021-12-01T01:00:00Z2022-01-01T00:00:00Z_NA1531,1,Physical Flow,hour,2021-12-03T22:00:00+01:00,2021-12-03T23:00:00+01:00,BE-TSO-0001,21X-BE-A-A0A0A-Y,Fluxys Belgium,FNC-00034,Final consumers (BE) (Fluxys) Industrial clients L-zone,21Y000000000045A,entry,kWh/h,No injection in transmission network from Industiral clients,,,2025-02-20T13:19:03+01:00,,,,,,,,1,2021-10-01T01:00:00+02:00,,,,,
1Physical FlowhourBE-TSO-0001FNC-00034entrykWh/h2021-12-01T01:00:00Z2022-01-01T00:00:00Z_NA1532,1,Physical Flow,hour,2021-12-03T23:00:00+01:00,2021-12-04T00:00:00+01:00,BE-TSO-0001,21X-BE-A-A0A0A-Y,Fluxys Belgium,FNC-00034,Final consumers (BE) (Fluxys) Industrial clients L-zone,21Y000000000045A,entry,kWh/h,No injection in transmission network from Industiral clients,,,2025-02-20T13:19:03+01:00,,,,,,,,1,2021-10-01T01:00:00+02:00,,,,,
1Physical FlowhourBE-TSO-0001FNC-00034entrykWh/h2021-12-01T01:00:00Z2022-01-01T00:00:00Z_NA1533,1,Physical Flow,hour,2021-12-04T00:00:00+01:00,2021-12-04T01:00:00+01:00,BE-TSO-0001,21X-BE-A-A0A0A-Y,Fluxys Belgium,FNC-00034,Final consumers (BE) (Fluxys) Industrial clients L-zone,21Y000000000045A,entry,kWh/h,No injection in transmission network from Industiral clients,,,2025-02-20T13:19:03+01:00,,,,,,,,1,2021-10-01T01:00:00+02:00,,,,,
1Physical FlowhourBE-TSO-0001FNC-00034entrykWh/h2021-12-01T01:00:00Z2022-01-01T00:00:00Z_NA1534,1,Physical Flow,hour,2021-12-04T01:00:00+01:00,2021-12-04T02:00:00+01:00,BE-TSO-0001,21X-BE-A-A0A0A-Y,Fluxys Belgium,FNC-00034,Final consumers (BE) (Fluxys) Industrial clients L-zone,21Y000000000045A,entry,kWh/h,No injection in transmission network from Industiral clients,,,2025-02-20T13:19:03+01:00,,,,,,,,1,2021-10-01T01:00:00+02:00,,,,,
1Physical FlowhourBE-TSO-0001FNC-00034entrykWh/h2021-12-01T01:00:00Z2022-01-01T00:00:00Z_NA1535,1,Physical Flow,hour,2021-12-04T02:00:00+01:00,2021-12-04T03:00:00+01:00,BE-TSO-0001,21X-BE-A-A0A0A-Y,Fluxys Belgium,FNC-00034,Final consumers (BE) (Fluxys) Industrial clients L-zone,21Y000000000045A,entry,kWh/h,No injection in transmission network from Industiral clients,,,2025-02-20T13:19:03+01:00,,,,,,,,1,2021-10-01T01:00:00+02:00,,,,,
1Physical FlowhourBE-TSO-0001FNC-00034entrykWh/h2021-12-01T01:00:00Z2022-01-01T00:00:00Z_NA1536,1,Physical Flow,hour,2021-12-04T03:00:00+01:00,2021-12-04T04:00:00+01:00,BE-TSO-0001,21X-BE-A-A0A0A-Y,Fluxys Belgium,FNC-00034,Final consumers (BE) (Fluxys) Industrial clients L-zone,21Y000000000045A,entry,kWh/h,No injection in transmission network from Industiral clients,,,2025-02-20T13:19:03+01:00,,,,,,,,1,2021-10-01T01:00:00+02:00,,,,,
1Physical FlowhourBE-TSO-0001FNC-00034entrykWh/h2021-12-01T01:00:00Z2022-01-01T00:00:00Z_NA1537,1,Physical Flow,hour,2021-12-04T04:00:00+01:00,2021-12-04T05:00:00+01:00,BE-TSO-0001,21X-BE-A-A0A0A-Y,Fluxys Belgium,FNC-00034,Final consumers (BE) (Fluxys) Industrial clients L-zone,21Y000000000045A,entry,kWh/h,No injection in transmission network from Industiral clients,,,2025-02-20T13:19:03+01:00,,,,,,,,1,2021-10-01T01:00:00+02:00,,,,,
1Physical FlowhourBE-TSO-0001FNC-00034entrykWh/h2021-12-01T01:00:00Z2022-01-01T00:00:00Z_NA1538,1,Physical Flow,hour,2021-12-04T05:00:00+01:00,2021-12-04T06:00:00+01:00,BE-TSO-0001,21X-BE-A-A0A0A-Y,Fluxys Belgium,FNC-00034,Final consumers (BE) (Fluxys) Industrial clients L-zone,21Y000000000045A,entry,kWh/h,No injection in transmission network from Industiral clients,,,2025-02-20T13:19:03+01:00,,,,,,,,1,2021-10-01T01:00:00+02:00,,,,,
1Physical FlowhourBE-TSO-0001FNC-00034entrykWh/h2021-12-01T01:00:00Z2022-01-01T00:00:00Z_NA1539,1,Physical Flow,hour,2021-12-04T06:00:00+01:00,2021-12-04T07:00:00+01:00,BE-TSO-0001,21X-BE-A-A0A0A-Y,Fluxys Belgium,FNC-00034,Final consumers (BE) (Fluxys) Industrial clients L-zone,21Y000000000045A,entry,kWh/h,No injection in transmission network from Industiral clients,,,2025-02-20T13:19:03+01:00,,,,,,,,1,2021-10-01T01:00:00+02:00,,,,,
1Physical FlowhourBE-TSO-0001FNC-00034entrykWh/h2021-12-01T01:00:00Z2022-01-01T00:00:00Z_NA1540,1,Physical Flow,hour,2021-12-04T07:00:00+01:00,2021-12-04T08:00:00+01:00,BE-TSO-0001,21X-BE-A-A0A0A-Y,Fluxys Belgium,FNC-00034,Final consumers (BE) (Fluxys) Industrial clients L-zone,21Y000000000045A,entry,kWh/h,No injection in transmission network from Industiral clients,,,2025-02-20T13:19:03+01:00,,,,,,,,1,2021-10-01T01:00:00+02:00,,,,,
1Physical FlowhourBE-TSO-0001FNC-00034entrykWh/h2021-12-01T01:00:00Z2022-01-01T00:00:00Z_NA1541,1,Physical Flow,hour,2021-12-04T08:00:00+01:00,2021-12-04T09:00:00+01:00,BE-TSO-0001,21X-BE-A-A0A0A-Y,Fluxys Belgium,FNC-00034,Final consumers (BE) (Fluxys) Industrial clients L-zone,21Y000000000045A,entry,kWh/h,No injection in transmission network from Industiral clients,,,2025-02-20T13:19:03+01:00,,,,,,,,1,2021-10-01T01:00:00+02:00,,,,,
1Physical FlowhourBE-TSO-0001FNC-00034entrykWh/h2021-12-01T01:00:00Z2022-01-01T00:00:00Z_NA1542,1,Physical Flow,hour,2021-12-04T09:00:00+01:00,2021-12-04T10:00:00+01:00,BE-TSO-0001,21X-BE-A-A0A0A-Y,Fluxys Belgium,FNC-00034,Final consumers (BE) (Fluxys) Industrial clients L-zone,21Y000000000045A,entry,kWh/h,No injection in transmission network from Industiral clients,,,2025-02-20T13:19:03+01:00,,,,,,,,1,2021-10-01T01:00:00+02:00,,,,,
1Physical FlowhourBE-TSO-0001FNC-00034entrykWh/h2021-12-01T01:00:00Z2022-01-01T00:00:00Z_NA1543,1,Physical Flow,hour,2021-12-04T10:00:00+01:00,2021-12-04T11:00:00+01:00,BE-TSO-0001,21X-BE-A-A0A0A-Y,Fluxys Belgium,FNC-00034,Final consumers (BE) (Fluxys) Industrial clients L-zone,21Y000000000045A,entry,kWh/h,No injection in transmission network from Industiral clients,,,2025-02-20T13:19:03+01:00,,,,,,,,1,2021-10-01T01:00:00+02:00,,,,,
1Physical FlowhourBE-TSO-0001FNC-00034entrykWh/h2021-12-01T01:00:00Z2022-01-01T00:00:00Z_NA1544,1,Physical Flow,hour,2021-12-04T11:00:00+01:00,2021-12-04T12:00:00+01:00,BE-TSO-0001,21X-BE-A-A0A0A-Y,Fluxys Belgium,FNC-00034,Final consumers (BE) (Fluxys) Industrial clients L-zone,21Y000000000045A,entry,kWh/h,No injection in transmission network from Industiral clients,,,2025-02-20T13:19:03+01:00,,,,,,,,1,2021-10-01T01:00:00+02:00,,,,,
1Physical FlowhourBE-TSO-0001FNC-00034entrykWh/h2021-12-01T01:00:00Z2022-01-01T00:00:00Z_NA1545,1,Physical Flow,hour,2021-12-04T12:00:00+01:00,2021-12-04T13:00:00+01:00,BE-TSO-0001,21X-BE-A-A0A0A-Y,Fluxys Belgium,FNC-00034,Final consumers (BE) (Fluxys) Industrial clients L-zone,21Y000000000045A,entry,kWh/h,No injection in transmission network from Industiral clients,,,2025-02-20T13:19:03+01:00,,,,,,,,1,2021-10-01T01:00:00+02:00,,,,,
1Physical FlowhourBE-TSO-0001FNC-00034entrykWh/h2021-12-01T01:00:00Z2022-01-01T00:00:00Z_NA1546,1,Physical Flow,hour,2021-12-04T13:00:00+01:00,2021-12-04T14:00:00+01:00,BE-TSO-0001,21X-BE-A-A0A0A-Y,Fluxys Belgium,FNC-00034,Final consumers (BE) (Fluxys) Industrial clients L-zone,21Y000000000045A,entry,kWh/h,No injection in transmission network from Industiral clients,,,2025-02-20T13:19:03+01:00,,,,,,,,1,2021-10-01T01:00:00+02:00,,,,,
1Physical FlowhourBE-TSO-0001FNC-00034entrykWh/h2021-12-01T01:00:00Z2022-01-01T00:00:00Z_NA1547,1,Physical Flow,hour,2021-12-04T14:00:00+01:00,2021-12-04T15:00:00+01:00,BE-TSO-0001,21X-BE-A-A0A0A-Y,Fluxys Belgium,FNC-00034,Final consumers (BE) (Fluxys) Industrial clients L-zone,21Y000000000045A,entry,kWh/h,No injection in transmission network from Industiral clients,,,2025-02-20T13:19:03+01:00,,,,,,,,1,2021-10-01T01:00:00+02:00,,,,,
1Physical FlowhourBE-TSO-0001FNC-00034entrykWh/h2021-12-01T01:00:00Z2022-01-01T00:00:00Z_NA1548,1,Physical Flow,hour,2021-12-04T15:00:00+01:00,2021-12-04T16:00:00+01:00,BE-TSO-0001,21X-BE-A-A0A0A-Y,Fluxys Belgium,FNC-00034,Final consumers (BE) (Fluxys) Industrial clients L-zone,21Y000000000045A,entry,kWh/h,No injection in transmission network from Industiral clients,,,2025-02-20T13:19:03+01:00,,,,,,,,1,2021-10-01T01:00:00+02:00,,,,,
1Physical FlowhourBE-TSO-0001FNC-00034entrykWh/h2021-12-01T01:00:00Z2022-01-01T00:00:00Z_NA1549,1,Physical Flow,hour,2021-12-04T16:00:00+01:00,2021-12-04T17:00:00+01:00,BE-TSO-0001,21X-BE-A-A0A0A-Y,Fluxys Belgium,FNC-00034,Final consumers (BE) (Fluxys) Industrial clients L-zone,21Y000000000045A,entry,kWh/h,No injection in transmission network from Industiral clients,,,2025-02-20T13:19:03+01:00,,,,,,,,1,2021-10-01T01:00:00+02:00,,,,,
1Physical FlowhourBE-TSO-0001FNC-00034entrykWh/h2021-12-01T01:00:00Z2022-01-01T00:00:00Z_NA1550,1,Physical Flow,hour,2021-12-04T17:00:00+01:00,2021-12-04T18:00:00+01:00,BE-TSO-0001,21X-BE-A-A0A0A-Y,Fluxys Belgium,FNC-00034,Final consumers (BE) (Fluxys) Industrial clients L-zone,21Y000000000045A,entry,kWh/h,No injection in transmission network from Industiral clients,,,2025-02-20T13:19:03+01:00,,,,,,,,1,2021-10-01T01:00:00+02:00,,,,,
1Physical FlowhourBE-TSO-0001FNC-00034entrykWh/h2021-12-01T01:00:00Z2022-01-01T00:00:00Z_NA1551,1,Physical Flow,hour,2021-12-04T18:00:00+01:00,2021-12-04T19:00:00+01:00,BE-TSO-0001,21X-BE-A-A0A0A-Y,Fluxys Belgium,FNC-00034,Final consumers (BE) (Fluxys) Industrial clients L-zone,21Y000000000045A,entry,kWh/h,No injection in transmission network from Industiral clients,,,2025-02-20T13:19:03+01:00,,,,,,,,1,2021-10-01T01:00:00+02:00,,,,,
1Physical FlowhourBE-TSO-0001FNC-00034entrykWh/h2021-12-01T01:00:00Z2022-01-01T00:00:00Z_NA1552,1,Physical Flow,hour,2021-12-04T19:00:00+01:00,2021-12-04T20:00:00+01:00,BE-TSO-0001,21X-BE-A-A0A0A-Y,Fluxys Belgium,FNC-00034,Final consumers (BE) (Fluxys) Industrial clients L-zone,21Y000000000045A,entry,kWh/h,No injection in transmission network from Industiral clients,,,2025-02-20T13:19:03+01:00,,,,,,,,1,2021-10-01T01:00:00+02:00,,,,,
1Physical FlowhourBE-TSO-0001FNC-00034entrykWh/h2021-12-01T01:00:00Z2022-01-01T00:00:00Z_NA1553,1,Physical Flow,hour,2021-12-04T20:00:00+01:00,2021-12-04T21:00:00+01:00,BE-TSO-0001,21X-BE-A-A0A0A-Y,Fluxys Belgium,FNC-00034,Final consumers (BE) (Fluxys) Industrial clients L-zone,21Y000000000045A,entry,kWh/h,No injection in transmission network from Industiral clients,,,2025-02-20T13:19:03+01:00,,,,,,,,1,2021-10-01T01:00:00+02:00,,,,,
1Physical FlowhourBE-TSO-0001FNC-00034entrykWh/h2021-12-01T01:00:00Z2022-01-01T00:00:00Z_NA1554,1,Physical Flow,hour,2021-12-04T21:00:00+01:00,2021-12-04T22:00:00+01:00,BE-TSO-0001,21X-BE-A-A0A0A-Y,Fluxys Belgium,FNC-00034,Final consumers (BE) (Fluxys) Industrial clients L-zone,21Y000000000045A,entry,kWh/h,No injection in transmission network from Industiral clients,,,2025-02-20T13:19:03+01:00,,,,,,,,1,2021-10-01T01:00:00+02:00,,,,,
1Physical FlowhourBE-TSO-0001FNC-00034entrykWh/h2021-12-01T01:00:00Z2022-01-01T00:00:00Z_NA1555,1,Physical Flow,hour,2021-12-04T22:00:00+01:00,2021-12-04T23:00:00+01:00,BE-TSO-0001,21X-BE-A-A0A0A-Y,Fluxys Belgium,FNC-00034,Final consumers (BE) (Fluxys) Industrial clients L-zone,21Y000000000045A,entry,kWh/h,No injection in transmission network from Industiral clients,,,2025-02-20T13:19:03+01:00,,,,,,,,1,2021-10-01T01:00:00+02:00,,,,,
1Physical FlowhourBE-TSO-0001FNC-00034entrykWh/h2021-12-01T01:00:00Z2022-01-01T00:00:00Z_NA1556,1,Physical Flow,hour,2021-12-04T23:00:00+01:00,2021-12-05T00:00:00+01:00,BE-TSO-0001,21X-BE-A-A0A0A-Y,Fluxys Belgium,FNC-00034,Final consumers (BE) (Fluxys) Industrial clients L-zone,21Y000000000045A,entry,kWh/h,No injection in transmission network from Industiral clients,,,2025-02-20T13:19:03+01:00,,,,,,,,1,2021-10-01T01:00:00+02:00,,,,,
1Physical FlowhourBE-TSO-0001FNC-00034entrykWh/h2021-12-01T01:00:00Z2022-01-01T00:00:00Z_NA1557,1,Physical Flow,hour,2021-12-05T00:00:00+01:00,2021-12-05T01:00:00+01:00,BE-TSO-0001,21X-BE-A-A0A0A-Y,Fluxys Belgium,FNC-00034,Final consumers (BE) (Fluxys) Industrial clients L-zone,21Y000000000045A,entry,kWh/h,No injection in transmission network from Industiral clients,,,2025-02-20T13:19:03+01:00,,,,,,,,1,2021-10-01T01:00:00+02:00,,,,,
1Physical FlowhourBE-TSO-0001FNC-00034entrykWh/h2021-12-01T01:00:00Z2022-01-01T00:00:00Z_NA1558,1,Physical Flow,hour,2021-12-05T01:00:00+01:00,2021-12-05T02:00:00+01:00,BE-TSO-0001,21X-BE-A-A0A0A-Y,Fluxys Belgium,FNC-00034,Final consumers (BE) (Fluxys) Industrial clients L-zone,21Y000000000045A,entry,kWh/h,No injection in transmission network from Industiral clients,,,2025-02-20T13:19:03+01:00,,,,,,,,1,2021-10-01T01:00:00+02:00,,,,,
1Physical FlowhourBE-TSO-0001FNC-00034entrykWh/h2021-12-01T01:00:00Z2022-01-01T00:00:00Z_NA1559,1,Physical Flow,hour,2021-12-05T02:00:00+01:00,2021-12-05T03:00:00+01:00,BE-TSO-0001,21X-BE-A-A0A0A-Y,Fluxys Belgium,FNC-00034,Final consumers (BE) (Fluxys) Industrial clients L-zone,21Y000000000045A,entry,kWh/h,No injection in transmission network from Industiral clients,,,2025-02-20T13:19:03+01:00,,,,,,,,1,2021-10-01T01:00:00+02:00,,,,,
1Physical FlowhourBE-TSO-0001FNC-00034entrykWh/h2021-12-01T01:00:00Z2022-01-01T00:00:00Z_NA1560,1,Physical Flow,hour,2021-12-05T03:00:00+01:00,2021-12-05T04:00:00+01:00,BE-TSO-0001,21X-BE-A-A0A0A-Y,Fluxys Belgium,FNC-00034,Final consumers (BE) (Fluxys) Industrial clients L-zone,21Y000000000045A,entry,kWh/h,No injection in transmission network from Industiral clients,,,2025-02-20T13:19:03+01:00,,,,,,,,1,2021-10-01T01:00:00+02:00,,,,,
1Physical FlowhourBE-TSO-0001FNC-00034entrykWh/h2021-12-01T01:00:00Z2022-01-01T00:00:00Z_NA1561,1,Physical Flow,hour,2021-12-05T04:00:00+01:00,2021-12-05T05:00:00+01:00,BE-TSO-0001,21X-BE-A-A0A0A-Y,Fluxys Belgium,FNC-00034,Final consumers (BE) (Fluxys) Industrial clients L-zone,21Y000000000045A,entry,kWh/h,No injection in transmission network from Industiral clients,,,2025-02-20T13:19:03+01:00,,,,,,,,1,2021-10-01T01:00:00+02:00,,,,,
1Physical FlowhourBE-TSO-0001FNC-00034entrykWh/h2021-12-01T01:00:00Z2022-01-01T00:00:00Z_NA1562,1,Physical Flow,hour,2021-12-05T05:00:00+01:00,2021-12-05T06:00:00+01:00,BE-TSO-0001,21X-BE-A-A0A0A-Y,Fluxys Belgium,FNC-00034,Final consumers (BE) (Fluxys) Industrial clients L-zone,21Y000000000045A,entry,kWh/h,No injection in transmission network from Industiral clients,,,2025-02-20T13:19:03+01:00,,,,,,,,1,2021-10-01T01:00:00+02:00,,,,,
1Physical FlowhourBE-TSO-0001FNC-00034entrykWh/h2021-12-01T01:00:00Z2022-01-01T00:00:00Z_NA1563,1,Physical Flow,hour,2021-12-05T06:00:00+01:00,2021-12-05T07:00:00+01:00,BE-TSO-0001,21X-BE-A-A0A0A-Y,Fluxys Belgium,FNC-00034,Final consumers (BE) (Fluxys) Industrial clients L-zone,21Y000000000045A,entry,kWh/h,No injection in transmission network from Industiral clients,,,2025-02-20T13:19:03+01:00,,,,,,,,1,2021-10-01T01:00:00+02:00,,,,,
1Physical FlowhourBE-TSO-0001FNC-00034entrykWh/h2021-12-01T01:00:00Z2022-01-01T00:00:00Z_NA1564,1,Physical Flow,hour,2021-12-05T07:00:00+01:00,2021-12-05T08:00:00+01:00,BE-TSO-0001,21X-BE-A-A0A0A-Y,Fluxys Belgium,FNC-00034,Final consumers (BE) (Fluxys) Industrial clients L-zone,21Y000000000045A,entry,kWh/h,No injection in transmission network from Industiral clients,,,2025-02-20T13:19:03+01:00,,,,,,,,1,2021-10-01T01:00:00+02:00,,,,,
1Physical FlowhourBE-TSO-0001FNC-00034entrykWh/h2021-12-01T01:00:00Z2022-01-01T00:00:00Z_NA1565,1,Physical Flow,hour,2021-12-05T08:00:00+01:00,2021-12-05T09:00:00+01:00,BE-TSO-0001,21X-BE-A-A0A0A-Y,Fluxys Belgium,FNC-00034,Final consumers (BE) (Fluxys) Industrial clients L-zone,21Y000000000045A,entry,kWh/h,No injection in transmission network from Industiral clients,,,2025-02-20T13:19:03+01:00,,,,,,,,1,2021-10-01T01:00:00+02:00,,,,,
1Physical FlowhourBE-TSO-0001FNC-00034entrykWh/h2021-12-01T01:00:00Z2022-01-01T00:00:00Z_NA1566,1,Physical Flow,hour,2021-12-05T09:00:00+01:00,2021-12-05T10:00:00+01:00,BE-TSO-0001,21X-BE-A-A0A0A-Y,Fluxys Belgium,FNC-00034,Final consumers (BE) (Fluxys) Industrial clients L-zone,21Y000000000045A,entry,kWh/h,No injection in transmission network from Industiral clients,,,2025-02-20T13:19:03+01:00,,,,,,,,1,2021-10-01T01:00:00+02:00,,,,,
1Physical FlowhourBE-TSO-0001FNC-00034entrykWh/h2021-12-01T01:00:00Z2022-01-01T00:00:00Z_NA1567,1,Physical Flow,hour,2021-12-05T10:00:00+01:00,2021-12-05T11:00:00+01:00,BE-TSO-0001,21X-BE-A-A0A0A-Y,Fluxys Belgium,FNC-00034,Final consumers (BE) (Fluxys) Industrial clients L-zone,21Y000000000045A,entry,kWh/h,No injection in transmission network from Industiral clients,,,2025-02-20T13:19:03+01:00,,,,,,,,1,2021-10-01T01:00:00+02:00,,,,,
1Physical FlowhourBE-TSO-0001FNC-00034entrykWh/h2021-12-01T01:00:00Z2022-01-01T00:00:00Z_NA1568,1,Physical Flow,hour,2021-12-05T11:00:00+01:00,2021-12-05T12:00:00+01:00,BE-TSO-0001,21X-BE-A-A0A0A-Y,Fluxys Belgium,FNC-00034,Final consumers (BE) (Fluxys) Industrial clients L-zone,21Y000000000045A,entry,kWh/h,No injection in transmission network from Industiral clients,,,2025-02-20T13:19:03+01:00,,,,,,,,1,2021-10-01T01:00:00+02:00,,,,,
1Physical FlowhourBE-TSO-0001FNC-00034entrykWh/h2021-12-01T01:00:00Z2022-01-01T00:00:00Z_NA1569,1,Physical Flow,hour,2021-12-05T12:00:00+01:00,2021-12-05T13:00:00+01:00,BE-TSO-0001,21X-BE-A-A0A0A-Y,Fluxys Belgium,FNC-00034,Final consumers (BE) (Fluxys) Industrial clients L-zone,21Y000000000045A,entry,kWh/h,No injection in transmission network from Industiral clients,,,2025-02-20T13:19:03+01:00,,,,,,,,1,2021-10-01T01:00:00+02:00,,,,,
1Physical FlowhourBE-TSO-0001FNC-00034entrykWh/h2021-12-01T01:00:00Z2022-01-01T00:00:00Z_NA1570,1,Physical Flow,hour,2021-12-05T13:00:00+01:00,2021-12-05T14:00:00+01:00,BE-TSO-0001,21X-BE-A-A0A0A-Y,Fluxys Belgium,FNC-00034,Final consumers (BE) (Fluxys) Industrial clients L-zone,21Y000000000045A,entry,kWh/h,No injection in transmission network from Industiral clients,,,2025-02-20T13:19:03+01:00,,,,,,,,1,2021-10-01T01:00:00+02:00,,,,,
1Physical FlowhourBE-TSO-0001FNC-00034entrykWh/h2021-12-01T01:00:00Z2022-01-01T00:00:00Z_NA1571,1,Physical Flow,hour,2021-12-05T14:00:00+01:00,2021-12-05T15:00:00+01:00,BE-TSO-0001,21X-BE-A-A0A0A-Y,Fluxys Belgium,FNC-00034,Final consumers (BE) (Fluxys) Industrial clients L-zone,21Y000000000045A,entry,kWh/h,No injection in transmission network from Industiral clients,,,2025-02-20T13:19:03+01:00,,,,,,,,1,2021-10-01T01:00:00+02:00,,,,,
1Physical FlowhourBE-TSO-0001FNC-00034entrykWh/h2021-12-01T01:00:00Z2022-01-01T00:00:00Z_NA1572,1,Physical Flow,hour,2021-12-05T15:00:00+01:00,2021-12-05T16:00:00+01:00,BE-TSO-0001,21X-BE-A-A0A0A-Y,Fluxys Belgium,FNC-00034,Final consumers (BE) (Fluxys) Industrial clients L-zone,21Y000000000045A,entry,kWh/h,No injection in transmission network from Industiral clients,,,2025-02-20T13:19:03+01:00,,,,,,,,1,2021-10-01T01:00:00+02:00,,,,,
1Physical FlowhourBE-TSO-0001FNC-00034entrykWh/h2021-12-01T01:00:00Z2022-01-01T00:00:00Z_NA1573,1,Physical Flow,hour,2021-12-05T16:00:00+01:00,2021-12-05T17:00:00+01:00,BE-TSO-0001,21X-BE-A-A0A0A-Y,Fluxys Belgium,FNC-00034,Final consumers (BE) (Fluxys) Industrial clients L-zone,21Y000000000045A,entry,kWh/h,No injection in transmission network from Industiral clients,,,2025-02-20T13:19:03+01:00,,,,,,,,1,2021-10-01T01:00:00+02:00,,,,,
1Physical FlowhourBE-TSO-0001FNC-00034entrykWh/h2021-12-01T01:00:00Z2022-01-01T00:00:00Z_NA1574,1,Physical Flow,hour,2021-12-05T17:00:00+01:00,2021-12-05T18:00:00+01:00,BE-TSO-0001,21X-BE-A-A0A0A-Y,Fluxys Belgium,FNC-00034,Final consumers (BE) (Fluxys) Industrial clients L-zone,21Y000000000045A,entry,kWh/h,No injection in transmission network from Industiral clients,,,2025-02-20T13:19:03+01:00,,,,,,,,1,2021-10-01T01:00:00+02:00,,,,,
1Physical FlowhourBE-TSO-0001FNC-00034entrykWh/h2021-12-01T01:00:00Z2022-01-01T00:00:00Z_NA1575,1,Physical Flow,hour,2021-12-05T18:00:00+01:00,2021-12-05T19:00:00+01:00,BE-TSO-0001,21X-BE-A-A0A0A-Y,Fluxys Belgium,FNC-00034,Final consumers (BE) (Fluxys) Industrial clients L-zone,21Y000000000045A,entry,kWh/h,No injection in transmission network from Industiral clients,,,2025-02-20T13:19:03+01:00,,,,,,,,1,2021-10-01T01:00:00+02:00,,,,,
1Physical FlowhourBE-TSO-0001FNC-00034entrykWh/h2021-12-01T01:00:00Z2022-01-01T00:00:00Z_NA1576,1,Physical Flow,hour,2021-12-05T19:00:00+01:00,2021-12-05T20:00:00+01:00,BE-TSO-0001,21X-BE-A-A0A0A-Y,Fluxys Belgium,FNC-00034,Final consumers (BE) (Fluxys) Industrial clients L-zone,21Y000000000045A,entry,kWh/h,No injection in transmission network from Industiral clients,,,2025-02-20T13:19:03+01:00,,,,,,,,1,2021-10-01T01:00:00+02:00,,,,,
1Physical FlowhourBE-TSO-0001FNC-00034entrykWh/h2021-12-01T01:00:00Z2022-01-01T00:00:00Z_NA1577,1,Physical Flow,hour,2021-12-05T20:00:00+01:00,2021-12-05T21:00:00+01:00,BE-TSO-0001,21X-BE-A-A0A0A-Y,Fluxys Belgium,FNC-00034,Final consumers (BE) (Fluxys) Industrial clients L-zone,21Y000000000045A,entry,kWh/h,No injection in transmission network from Industiral clients,,,2025-02-20T13:19:03+01:00,,,,,,,,1,2021-10-01T01:00:00+02:00,,,,,
1Physical FlowhourBE-TSO-0001FNC-00034entrykWh/h2021-12-01T01:00:00Z2022-01-01T00:00:00Z_NA1578,1,Physical Flow,hour,2021-12-05T21:00:00+01:00,2021-12-05T22:00:00+01:00,BE-TSO-0001,21X-BE-A-A0A0A-Y,Fluxys Belgium,FNC-00034,Final consumers (BE) (Fluxys) Industrial clients L-zone,21Y000000000045A,entry,kWh/h,No injection in transmission network from Industiral clients,,,2025-02-20T13:19:03+01:00,,,,,,,,1,2021-10-01T01:00:00+02:00,,,,,
1Physical FlowhourBE-TSO-0001FNC-00034entrykWh/h2021-12-01T01:00:00Z2022-01-01T00:00:00Z_NA1579,1,Physical Flow,hour,2021-12-05T22:00:00+01:00,2021-12-05T23:00:00+01:00,BE-TSO-0001,21X-BE-A-A0A0A-Y,Fluxys Belgium,FNC-00034,Final consumers (BE) (Fluxys) Industrial clients L-zone,21Y000000000045A,entry,kWh/h,No injection in transmission network from Industiral clients,,,2025-02-20T13:19:03+01:00,,,,,,,,1,2021-10-01T01:00:00+02:00,,,,,
1Physical FlowhourBE-TSO-0001FNC-00034entrykWh/h2021-12-01T01:00:00Z2022-01-01T00:00:00Z_NA1580,1,Physical Flow,hour,2021-12-05T23:00:00+01:00,2021-12-06T00:00:00+01:00,BE-TSO-0001,21X-BE-A-A0A0A-Y,Fluxys Belgium,FNC-00034,Final consumers (BE) (Fluxys) Industrial clients L-zone,21Y000000000045A,entry,kWh/h,No injection in transmission network from Industiral clients,,,2025-02-20T13:19:03+01:00,,,,,,,,1,2021-10-01T01:00:00+02:00,,,,,
1Physical FlowhourBE-TSO-0001FNC-00034entrykWh/h2021-12-01T01:00:00Z2022-01-01T00:00:00Z_NA1581,1,Physical Flow,hour,2021-12-06T00:00:00+01:00,2021-12-06T01:00:00+01:00,BE-TSO-0001,21X-BE-A-A0A0A-Y,Fluxys Belgium,FNC-00034,Final consumers (BE) (Fluxys) Industrial clients L-zone,21Y000000000045A,entry,kWh/h,No injection in transmission network from Industiral clients,,,2025-02-20T13:19:03+01:00,,,,,,,,1,2021-10-01T01:00:00+02:00,,,,,
1Physical FlowhourBE-TSO-0001FNC-00034entrykWh/h2021-12-01T01:00:00Z2022-01-01T00:00:00Z_NA1582,1,Physical Flow,hour,2021-12-06T01:00:00+01:00,2021-12-06T02:00:00+01:00,BE-TSO-0001,21X-BE-A-A0A0A-Y,Fluxys Belgium,FNC-00034,Final consumers (BE) (Fluxys) Industrial clients L-zone,21Y000000000045A,entry,kWh/h,No injection in transmission network from Industiral clients,,,2025-02-20T13:19:03+01:00,,,,,,,,1,2021-10-01T01:00:00+02:00,,,,,
1Physical FlowhourBE-TSO-0001FNC-00034entrykWh/h2021-12-01T01:00:00Z2022-01-01T00:00:00Z_NA1583,1,Physical Flow,hour,2021-12-06T02:00:00+01:00,2021-12-06T03:00:00+01:00,BE-TSO-0001,21X-BE-A-A0A0A-Y,Fluxys Belgium,FNC-00034,Final consumers (BE) (Fluxys) Industrial clients L-zone,21Y000000000045A,entry,kWh/h,No injection in transmission network from Industiral clients,,,2025-02-20T13:19:03+01:00,,,,,,,,1,2021-10-01T01:00:00+02:00,,,,,
1Physical FlowhourBE-TSO-0001FNC-00034entrykWh/h2021-12-01T01:00:00Z2022-01-01T00:00:00Z_NA1584,1,Physical Flow,hour,2021-12-06T03:00:00+01:00,2021-12-06T04:00:00+01:00,BE-TSO-0001,21X-BE-A-A0A0A-Y,Fluxys Belgium,FNC-00034,Final consumers (BE) (Fluxys) Industrial clients L-zone,21Y000000000045A,entry,kWh/h,No injection in transmission network from Industiral clients,,,2025-02-20T13:19:03+01:00,,,,,,,,1,2021-10-01T01:00:00+02:00,,,,,
1Physical FlowhourBE-TSO-0001FNC-00034entrykWh/h2021-12-01T01:00:00Z2022-01-01T00:00:00Z_NA1585,1,Physical Flow,hour,2021-12-06T04:00:00+01:00,2021-12-06T05:00:00+01:00,BE-TSO-0001,21X-BE-A-A0A0A-Y,Fluxys Belgium,FNC-00034,Final consumers (BE) (Fluxys) Industrial clients L-zone,21Y000000000045A,entry,kWh/h,No injection in transmission network from Industiral clients,,,2025-02-20T13:19:03+01:00,,,,,,,,1,2021-10-01T01:00:00+02:00,,,,,
1Physical FlowhourBE-TSO-0001FNC-00034entrykWh/h2021-12-01T01:00:00Z2022-01-01T00:00:00Z_NA1586,1,Physical Flow,hour,2021-12-06T05:00:00+01:00,2021-12-06T06:00:00+01:00,BE-TSO-0001,21X-BE-A-A0A0A-Y,Fluxys Belgium,FNC-00034,Final consumers (BE) (Fluxys) Industrial clients L-zone,21Y000000000045A,entry,kWh/h,No injection in transmission network from Industiral clients,,,2025-02-20T13:19:03+01:00,,,,,,,,1,2021-10-01T01:00:00+02:00,,,,,
1Physical FlowhourBE-TSO-0001FNC-00034entrykWh/h2021-12-01T01:00:00Z2022-01-01T00:00:00Z_NA1587,1,Physical Flow,hour,2021-12-06T06:00:00+01:00,2021-12-06T07:00:00+01:00,BE-TSO-0001,21X-BE-A-A0A0A-Y,Fluxys Belgium,FNC-00034,Final consumers (BE) (Fluxys) Industrial clients L-zone,21Y000000000045A,entry,kWh/h,No injection in transmission network from Industiral clients,,,2025-02-20T13:19:03+01:00,,,,,,,,1,2021-10-01T01:00:00+02:00,,,,,
1Physical FlowhourBE-TSO-0001FNC-00034entrykWh/h2021-12-01T01:00:00Z2022-01-01T00:00:00Z_NA1588,1,Physical Flow,hour,2021-12-06T07:00:00+01:00,2021-12-06T08:00:00+01:00,BE-TSO-0001,21X-BE-A-A0A0A-Y,Fluxys Belgium,FNC-00034,Final consumers (BE) (Fluxys) Industrial clients L-zone,21Y000000000045A,entry,kWh/h,No injection in transmission network from Industiral clients,,,2025-02-20T13:19:03+01:00,,,,,,,,1,2021-10-01T01:00:00+02:00,,,,,
1Physical FlowhourBE-TSO-0001FNC-00034entrykWh/h2021-12-01T01:00:00Z2022-01-01T00:00:00Z_NA1589,1,Physical Flow,hour,2021-12-06T08:00:00+01:00,2021-12-06T09:00:00+01:00,BE-TSO-0001,21X-BE-A-A0A0A-Y,Fluxys Belgium,FNC-00034,Final consumers (BE) (Fluxys) Industrial clients L-zone,21Y000000000045A,entry,kWh/h,No injection in transmission network from Industiral clients,,,2025-02-20T13:19:03+01:00,,,,,,,,1,2021-10-01T01:00:00+02:00,,,,,
1Physical FlowhourBE-TSO-0001FNC-00034entrykWh/h2021-12-01T01:00:00Z2022-01-01T00:00:00Z_NA1590,1,Physical Flow,hour,2021-12-06T09:00:00+01:00,2021-12-06T10:00:00+01:00,BE-TSO-0001,21X-BE-A-A0A0A-Y,Fluxys Belgium,FNC-00034,Final consumers (BE) (Fluxys) Industrial clients L-zone,21Y000000000045A,entry,kWh/h,No injection in transmission network from Industiral clients,,,2025-02-20T13:19:03+01:00,,,,,,,,1,2021-10-01T01:00:00+02:00,,,,,
1Physical FlowhourBE-TSO-0001FNC-00034entrykWh/h2021-12-01T01:00:00Z2022-01-01T00:00:00Z_NA1591,1,Physical Flow,hour,2021-12-06T10:00:00+01:00,2021-12-06T11:00:00+01:00,BE-TSO-0001,21X-BE-A-A0A0A-Y,Fluxys Belgium,FNC-00034,Final consumers (BE) (Fluxys) Industrial clients L-zone,21Y000000000045A,entry,kWh/h,No injection in transmission network from Industiral clients,,,2025-02-20T13:19:03+01:00,,,,,,,,1,2021-10-01T01:00:00+02:00,,,,,
1Physical FlowhourBE-TSO-0001FNC-00034entrykWh/h2021-12-01T01:00:00Z2022-01-01T00:00:00Z_NA1592,1,Physical Flow,hour,2021-12-06T11:00:00+01:00,2021-12-06T12:00:00+01:00,BE-TSO-0001,21X-BE-A-A0A0A-Y,Fluxys Belgium,FNC-00034,Final consumers (BE) (Fluxys) Industrial clients L-zone,21Y000000000045A,entry,kWh/h,No injection in transmission network from Industiral clients,,,2025-02-20T13:19:03+01:00,,,,,,,,1,2021-10-01T01:00:00+02:00,,,,,
1Physical FlowhourBE-TSO-0001FNC-00034entrykWh/h2021-12-01T01:00:00Z2022-01-01T00:00:00Z_NA1593,1,Physical Flow,hour,2021-12-06T12:00:00+01:00,2021-12-06T13:00:00+01:00,BE-TSO-0001,21X-BE-A-A0A0A-Y,Fluxys Belgium,FNC-00034,Final consumers (BE) (Fluxys) Industrial clients L-zone,21Y000000000045A,entry,kWh/h,No injection in transmission network from Industiral clients,,,2025-02-20T13:19:03+01:00,,,,,,,,1,2021-10-01T01:00:00+02:00,,,,,
1Physical FlowhourBE-TSO-0001FNC-00034entrykWh/h2021-12-01T01:00:00Z2022-01-01T00:00:00Z_NA1594,1,Physical Flow,hour,2021-12-06T13:00:00+01:00,2021-12-06T14:00:00+01:00,BE-TSO-0001,21X-BE-A-A0A0A-Y,Fluxys Belgium,FNC-00034,Final consumers (BE) (Fluxys) Industrial clients L-zone,21Y000000000045A,entry,kWh/h,No injection in transmission network from Industiral clients,,,2025-02-20T13:19:03+01:00,,,,,,,,1,2021-10-01T01:00:00+02:00,,,,,
1Physical FlowhourBE-TSO-0001FNC-00034entrykWh/h2021-12-01T01:00:00Z2022-01-01T00:00:00Z_NA1595,1,Physical Flow,hour,2021-12-06T14:00:00+01:00,2021-12-06T15:00:00+01:00,BE-TSO-0001,21X-BE-A-A0A0A-Y,Fluxys Belgium,FNC-00034,Final consumers (BE) (Fluxys) Industrial clients L-zone,21Y000000000045A,entry,kWh/h,No injection in transmission network from Industiral clients,,,2025-02-20T13:19:03+01:00,,,,,,,,1,2021-10-01T01:00:00+02:00,,,,,
1Physical FlowhourBE-TSO-0001FNC-00034entrykWh/h2021-12-01T01:00:00Z2022-01-01T00:00:00Z_NA1596,1,Physical Flow,hour,2021-12-06T15:00:00+01:00,2021-12-06T16:00:00+01:00,BE-TSO-0001,21X-BE-A-A0A0A-Y,Fluxys Belgium,FNC-00034,Final consumers (BE) (Fluxys) Industrial clients L-zone,21Y000000000045A,entry,kWh/h,No injection in transmission network from Industiral clients,,,2025-02-20T13:19:03+01:00,,,,,,,,1,2021-10-01T01:00:00+02:00,,,,,
1Physical FlowhourBE-TSO-0001FNC-00034entrykWh/h2021-12-01T01:00:00Z2022-01-01T00:00:00Z_NA1597,1,Physical Flow,hour,2021-12-06T16:00:00+01:00,2021-12-06T17:00:00+01:00,BE-TSO-0001,21X-BE-A-A0A0A-Y,Fluxys Belgium,FNC-00034,Final consumers (BE) (Fluxys) Industrial clients L-zone,21Y000000000045A,entry,kWh/h,No injection in transmission network from Industiral clients,,,2025-02-20T13:19:03+01:00,,,,,,,,1,2021-10-01T01:00:00+02:00,,,,,
1Physical FlowhourBE-TSO-0001FNC-00034entrykWh/h2021-12-01T01:00:00Z2022-01-01T00:00:00Z_NA1598,1,Physical Flow,hour,2021-12-06T17:00:00+01:00,2021-12-06T18:00:00+01:00,BE-TSO-0001,21X-BE-A-A0A0A-Y,Fluxys Belgium,FNC-00034,Final consumers (BE) (Fluxys) Industrial clients L-zone,21Y000000000045A,entry,kWh/h,No injection in transmission network from Industiral clients,,,2025-02-20T13:19:03+01:00,,,,,,,,1,2021-10-01T01:00:00+02:00,,,,,
1Physical FlowhourBE-TSO-0001FNC-00034entrykWh/h2021-12-01T01:00:00Z2022-01-01T00:00:00Z_NA1599,1,Physical Flow,hour,2021-12-06T18:00:00+01:00,2021-12-06T19:00:00+01:00,BE-TSO-0001,21X-BE-A-A0A0A-Y,Fluxys Belgium,FNC-00034,Final consumers (BE) (Fluxys) Industrial clients L-zone,21Y000000000045A,entry,kWh/h,No injection in transmission network from Industiral clients,,,2025-02-20T13:19:03+01:00,,,,,,,,1,2021-10-01T01:00:00+02:00,,,,,
1Physical FlowhourBE-TSO-0001FNC-00034entrykWh/h2021-12-01T01:00:00Z2022-01-01T00:00:00Z_NA1600,1,Physical Flow,hour,2021-12-06T19:00:00+01:00,2021-12-06T20:00:00+01:00,BE-TSO-0001,21X-BE-A-A0A0A-Y,Fluxys Belgium,FNC-00034,Final consumers (BE) (Fluxys) Industrial clients L-zone,21Y000000000045A,entry,kWh/h,No injection in transmission network from Industiral clients,,,2025-02-20T13:19:03+01:00,,,,,,,,1,2021-10-01T01:00:00+02:00,,,,,
1Physical FlowhourBE-TSO-0001FNC-00034entrykWh/h2021-12-01T01:00:00Z2022-01-01T00:00:00Z_NA1601,1,Physical Flow,hour,2021-12-06T20:00:00+01:00,2021-12-06T21:00:00+01:00,BE-TSO-0001,21X-BE-A-A0A0A-Y,Fluxys Belgium,FNC-00034,Final consumers (BE) (Fluxys) Industrial clients L-zone,21Y000000000045A,entry,kWh/h,No injection in transmission network from Industiral clients,,,2025-02-20T13:19:03+01:00,,,,,,,,1,2021-10-01T01:00:00+02:00,,,,,
1Physical FlowhourBE-TSO-0001FNC-00034entrykWh/h2021-12-01T01:00:00Z2022-01-01T00:00:00Z_NA1602,1,Physical Flow,hour,2021-12-06T21:00:00+01:00,2021-12-06T22:00:00+01:00,BE-TSO-0001,21X-BE-A-A0A0A-Y,Fluxys Belgium,FNC-00034,Final consumers (BE) (Fluxys) Industrial clients L-zone,21Y000000000045A,entry,kWh/h,No injection in transmission network from Industiral clients,,,2025-02-20T13:19:03+01:00,,,,,,,,1,2021-10-01T01:00:00+02:00,,,,,
1Physical FlowhourBE-TSO-0001FNC-00034entrykWh/h2021-12-01T01:00:00Z2022-01-01T00:00:00Z_NA1603,1,Physical Flow,hour,2021-12-06T22:00:00+01:00,2021-12-06T23:00:00+01:00,BE-TSO-0001,21X-BE-A-A0A0A-Y,Fluxys Belgium,FNC-00034,Final consumers (BE) (Fluxys) Industrial clients L-zone,21Y000000000045A,entry,kWh/h,No injection in transmission network from Industiral clients,,,2025-02-20T13:19:03+01:00,,,,,,,,1,2021-10-01T01:00:00+02:00,,,,,
1Physical FlowhourBE-TSO-0001FNC-00034entrykWh/h2021-12-01T01:00:00Z2022-01-01T00:00:00Z_NA1604,1,Physical Flow,hour,2021-12-06T23:00:00+01:00,2021-12-07T00:00:00+01:00,BE-TSO-0001,21X-BE-A-A0A0A-Y,Fluxys Belgium,FNC-00034,Final consumers (BE) (Fluxys) Industrial clients L-zone,21Y000000000045A,entry,kWh/h,No injection in transmission network from Industiral clients,,,2025-02-20T13:19:03+01:00,,,,,,,,1,2021-10-01T01:00:00+02:00,,,,,
1Physical FlowhourBE-TSO-0001FNC-00034entrykWh/h2021-12-01T01:00:00Z2022-01-01T00:00:00Z_NA1605,1,Physical Flow,hour,2021-12-07T00:00:00+01:00,2021-12-07T01:00:00+01:00,BE-TSO-0001,21X-BE-A-A0A0A-Y,Fluxys Belgium,FNC-00034,Final consumers (BE) (Fluxys) Industrial clients L-zone,21Y000000000045A,entry,kWh/h,No injection in transmission network from Industiral clients,,,2025-02-20T13:19:03+01:00,,,,,,,,1,2021-10-01T01:00:00+02:00,,,,,
1Physical FlowhourBE-TSO-0001FNC-00034entrykWh/h2021-12-01T01:00:00Z2022-01-01T00:00:00Z_NA1606,1,Physical Flow,hour,2021-12-07T01:00:00+01:00,2021-12-07T02:00:00+01:00,BE-TSO-0001,21X-BE-A-A0A0A-Y,Fluxys Belgium,FNC-00034,Final consumers (BE) (Fluxys) Industrial clients L-zone,21Y000000000045A,entry,kWh/h,No injection in transmission network from Industiral clients,,,2025-02-20T13:19:03+01:00,,,,,,,,1,2021-10-01T01:00:00+02:00,,,,,
1Physical FlowhourBE-TSO-0001FNC-00034entrykWh/h2021-12-01T01:00:00Z2022-01-01T00:00:00Z_NA1607,1,Physical Flow,hour,2021-12-07T02:00:00+01:00,2021-12-07T03:00:00+01:00,BE-TSO-0001,21X-BE-A-A0A0A-Y,Fluxys Belgium,FNC-00034,Final consumers (BE) (Fluxys) Industrial clients L-zone,21Y000000000045A,entry,kWh/h,No injection in transmission network from Industiral clients,,,2025-02-20T13:19:03+01:00,,,,,,,,1,2021-10-01T01:00:00+02:00,,,,,
1Physical FlowhourBE-TSO-0001FNC-00034entrykWh/h2021-12-01T01:00:00Z2022-01-01T00:00:00Z_NA1608,1,Physical Flow,hour,2021-12-07T03:00:00+01:00,2021-12-07T04:00:00+01:00,BE-TSO-0001,21X-BE-A-A0A0A-Y,Fluxys Belgium,FNC-00034,Final consumers (BE) (Fluxys) Industrial clients L-zone,21Y000000000045A,entry,kWh/h,No injection in transmission network from Industiral clients,,,2025-02-20T13:19:03+01:00,,,,,,,,1,2021-10-01T01:00:00+02:00,,,,,
1Physical FlowhourBE-TSO-0001FNC-00034entrykWh/h2021-12-01T01:00:00Z2022-01-01T00:00:00Z_NA1609,1,Physical Flow,hour,2021-12-07T04:00:00+01:00,2021-12-07T05:00:00+01:00,BE-TSO-0001,21X-BE-A-A0A0A-Y,Fluxys Belgium,FNC-00034,Final consumers (BE) (Fluxys) Industrial clients L-zone,21Y000000000045A,entry,kWh/h,No injection in transmission network from Industiral clients,,,2025-02-20T13:19:03+01:00,,,,,,,,1,2021-10-01T01:00:00+02:00,,,,,
1Physical FlowhourBE-TSO-0001FNC-00034entrykWh/h2021-12-01T01:00:00Z2022-01-01T00:00:00Z_NA1610,1,Physical Flow,hour,2021-12-07T05:00:00+01:00,2021-12-07T06:00:00+01:00,BE-TSO-0001,21X-BE-A-A0A0A-Y,Fluxys Belgium,FNC-00034,Final consumers (BE) (Fluxys) Industrial clients L-zone,21Y000000000045A,entry,kWh/h,No injection in transmission network from Industiral clients,,,2025-02-20T13:19:03+01:00,,,,,,,,1,2021-10-01T01:00:00+02:00,,,,,
1Physical FlowhourBE-TSO-0001FNC-00034entrykWh/h2021-12-01T01:00:00Z2022-01-01T00:00:00Z_NA1611,1,Physical Flow,hour,2021-12-07T06:00:00+01:00,2021-12-07T07:00:00+01:00,BE-TSO-0001,21X-BE-A-A0A0A-Y,Fluxys Belgium,FNC-00034,Final consumers (BE) (Fluxys) Industrial clients L-zone,21Y000000000045A,entry,kWh/h,No injection in transmission network from Industiral clients,,,2025-02-20T13:19:03+01:00,,,,,,,,1,2021-10-01T01:00:00+02:00,,,,,
1Physical FlowhourBE-TSO-0001FNC-00034entrykWh/h2021-12-01T01:00:00Z2022-01-01T00:00:00Z_NA1612,1,Physical Flow,hour,2021-12-07T07:00:00+01:00,2021-12-07T08:00:00+01:00,BE-TSO-0001,21X-BE-A-A0A0A-Y,Fluxys Belgium,FNC-00034,Final consumers (BE) (Fluxys) Industrial clients L-zone,21Y000000000045A,entry,kWh/h,No injection in transmission network from Industiral clients,,,2025-02-20T13:19:03+01:00,,,,,,,,1,2021-10-01T01:00:00+02:00,,,,,
1Physical FlowhourBE-TSO-0001FNC-00034entrykWh/h2021-12-01T01:00:00Z2022-01-01T00:00:00Z_NA1613,1,Physical Flow,hour,2021-12-07T08:00:00+01:00,2021-12-07T09:00:00+01:00,BE-TSO-0001,21X-BE-A-A0A0A-Y,Fluxys Belgium,FNC-00034,Final consumers (BE) (Fluxys) Industrial clients L-zone,21Y000000000045A,entry,kWh/h,No injection in transmission network from Industiral clients,,,2025-02-20T13:19:03+01:00,,,,,,,,1,2021-10-01T01:00:00+02:00,,,,,
1Physical FlowhourBE-TSO-0001FNC-00034entrykWh/h2021-12-01T01:00:00Z2022-01-01T00:00:00Z_NA1614,1,Physical Flow,hour,2021-12-07T09:00:00+01:00,2021-12-07T10:00:00+01:00,BE-TSO-0001,21X-BE-A-A0A0A-Y,Fluxys Belgium,FNC-00034,Final consumers (BE) (Fluxys) Industrial clients L-zone,21Y000000000045A,entry,kWh/h,No injection in transmission network from Industiral clients,,,2025-02-20T13:19:03+01:00,,,,,,,,1,2021-10-01T01:00:00+02:00,,,,,
1Physical FlowhourBE-TSO-0001FNC-00034entrykWh/h2021-12-01T01:00:00Z2022-01-01T00:00:00Z_NA1615,1,Physical Flow,hour,2021-12-07T10:00:00+01:00,2021-12-07T11:00:00+01:00,BE-TSO-0001,21X-BE-A-A0A0A-Y,Fluxys Belgium,FNC-00034,Final consumers (BE) (Fluxys) Industrial clients L-zone,21Y000000000045A,entry,kWh/h,No injection in transmission network from Industiral clients,,,2025-02-20T13:19:03+01:00,,,,,,,,1,2021-10-01T01:00:00+02:00,,,,,
1Physical FlowhourBE-TSO-0001FNC-00034entrykWh/h2021-12-01T01:00:00Z2022-01-01T00:00:00Z_NA1616,1,Physical Flow,hour,2021-12-07T11:00:00+01:00,2021-12-07T12:00:00+01:00,BE-TSO-0001,21X-BE-A-A0A0A-Y,Fluxys Belgium,FNC-00034,Final consumers (BE) (Fluxys) Industrial clients L-zone,21Y000000000045A,entry,kWh/h,No injection in transmission network from Industiral clients,,,2025-02-20T13:19:03+01:00,,,,,,,,1,2021-10-01T01:00:00+02:00,,,,,
1Physical FlowhourBE-TSO-0001FNC-00034entrykWh/h2021-12-01T01:00:00Z2022-01-01T00:00:00Z_NA1617,1,Physical Flow,hour,2021-12-07T12:00:00+01:00,2021-12-07T13:00:00+01:00,BE-TSO-0001,21X-BE-A-A0A0A-Y,Fluxys Belgium,FNC-00034,Final consumers (BE) (Fluxys) Industrial clients L-zone,21Y000000000045A,entry,kWh/h,No injection in transmission network from Industiral clients,,,2025-02-20T13:19:03+01:00,,,,,,,,1,2021-10-01T01:00:00+02:00,,,,,
1Physical FlowhourBE-TSO-0001FNC-00034entrykWh/h2021-12-01T01:00:00Z2022-01-01T00:00:00Z_NA1618,1,Physical Flow,hour,2021-12-07T13:00:00+01:00,2021-12-07T14:00:00+01:00,BE-TSO-0001,21X-BE-A-A0A0A-Y,Fluxys Belgium,FNC-00034,Final consumers (BE) (Fluxys) Industrial clients L-zone,21Y000000000045A,entry,kWh/h,No injection in transmission network from Industiral clients,,,2025-02-20T13:19:03+01:00,,,,,,,,1,2021-10-01T01:00:00+02:00,,,,,
1Physical FlowhourBE-TSO-0001FNC-00034entrykWh/h2021-12-01T01:00:00Z2022-01-01T00:00:00Z_NA1619,1,Physical Flow,hour,2021-12-07T14:00:00+01:00,2021-12-07T15:00:00+01:00,BE-TSO-0001,21X-BE-A-A0A0A-Y,Fluxys Belgium,FNC-00034,Final consumers (BE) (Fluxys) Industrial clients L-zone,21Y000000000045A,entry,kWh/h,No injection in transmission network from Industiral clients,,,2025-02-20T13:19:03+01:00,,,,,,,,1,2021-10-01T01:00:00+02:00,,,,,
1Physical FlowhourBE-TSO-0001FNC-00034entrykWh/h2021-12-01T01:00:00Z2022-01-01T00:00:00Z_NA1620,1,Physical Flow,hour,2021-12-07T15:00:00+01:00,2021-12-07T16:00:00+01:00,BE-TSO-0001,21X-BE-A-A0A0A-Y,Fluxys Belgium,FNC-00034,Final consumers (BE) (Fluxys) Industrial clients L-zone,21Y000000000045A,entry,kWh/h,No injection in transmission network from Industiral clients,,,2025-02-20T13:19:03+01:00,,,,,,,,1,2021-10-01T01:00:00+02:00,,,,,
1Physical FlowhourBE-TSO-0001FNC-00034entrykWh/h2021-12-01T01:00:00Z2022-01-01T00:00:00Z_NA1621,1,Physical Flow,hour,2021-12-07T16:00:00+01:00,2021-12-07T17:00:00+01:00,BE-TSO-0001,21X-BE-A-A0A0A-Y,Fluxys Belgium,FNC-00034,Final consumers (BE) (Fluxys) Industrial clients L-zone,21Y000000000045A,entry,kWh/h,No injection in transmission network from Industiral clients,,,2025-02-20T13:19:03+01:00,,,,,,,,1,2021-10-01T01:00:00+02:00,,,,,
1Physical FlowhourBE-TSO-0001FNC-00034entrykWh/h2021-12-01T01:00:00Z2022-01-01T00:00:00Z_NA1622,1,Physical Flow,hour,2021-12-07T17:00:00+01:00,2021-12-07T18:00:00+01:00,BE-TSO-0001,21X-BE-A-A0A0A-Y,Fluxys Belgium,FNC-00034,Final consumers (BE) (Fluxys) Industrial clients L-zone,21Y000000000045A,entry,kWh/h,No injection in transmission network from Industiral clients,,,2025-02-20T13:19:03+01:00,,,,,,,,1,2021-10-01T01:00:00+02:00,,,,,
1Physical FlowhourBE-TSO-0001FNC-00034entrykWh/h2021-12-01T01:00:00Z2022-01-01T00:00:00Z_NA1623,1,Physical Flow,hour,2021-12-07T18:00:00+01:00,2021-12-07T19:00:00+01:00,BE-TSO-0001,21X-BE-A-A0A0A-Y,Fluxys Belgium,FNC-00034,Final consumers (BE) (Fluxys) Industrial clients L-zone,21Y000000000045A,entry,kWh/h,No injection in transmission network from Industiral clients,,,2025-02-20T13:19:03+01:00,,,,,,,,1,2021-10-01T01:00:00+02:00,,,,,
1Physical FlowhourBE-TSO-0001FNC-00034entrykWh/h2021-12-01T01:00:00Z2022-01-01T00:00:00Z_NA1624,1,Physical Flow,hour,2021-12-07T19:00:00+01:00,2021-12-07T20:00:00+01:00,BE-TSO-0001,21X-BE-A-A0A0A-Y,Fluxys Belgium,FNC-00034,Final consumers (BE) (Fluxys) Industrial clients L-zone,21Y000000000045A,entry,kWh/h,No injection in transmission network from Industiral clients,,,2025-02-20T13:19:03+01:00,,,,,,,,1,2021-10-01T01:00:00+02:00,,,,,
1Physical FlowhourBE-TSO-0001FNC-00034entrykWh/h2021-12-01T01:00:00Z2022-01-01T00:00:00Z_NA1625,1,Physical Flow,hour,2021-12-07T20:00:00+01:00,2021-12-07T21:00:00+01:00,BE-TSO-0001,21X-BE-A-A0A0A-Y,Fluxys Belgium,FNC-00034,Final consumers (BE) (Fluxys) Industrial clients L-zone,21Y000000000045A,entry,kWh/h,No injection in transmission network from Industiral clients,,,2025-02-20T13:19:03+01:00,,,,,,,,1,2021-10-01T01:00:00+02:00,,,,,
1Physical FlowhourBE-TSO-0001FNC-00034entrykWh/h2021-12-01T01:00:00Z2022-01-01T00:00:00Z_NA1626,1,Physical Flow,hour,2021-12-07T21:00:00+01:00,2021-12-07T22:00:00+01:00,BE-TSO-0001,21X-BE-A-A0A0A-Y,Fluxys Belgium,FNC-00034,Final consumers (BE) (Fluxys) Industrial clients L-zone,21Y000000000045A,entry,kWh/h,No injection in transmission network from Industiral clients,,,2025-02-20T13:19:03+01:00,,,,,,,,1,2021-10-01T01:00:00+02:00,,,,,
1Physical FlowhourBE-TSO-0001FNC-00034entrykWh/h2021-12-01T01:00:00Z2022-01-01T00:00:00Z_NA1627,1,Physical Flow,hour,2021-12-07T22:00:00+01:00,2021-12-07T23:00:00+01:00,BE-TSO-0001,21X-BE-A-A0A0A-Y,Fluxys Belgium,FNC-00034,Final consumers (BE) (Fluxys) Industrial clients L-zone,21Y000000000045A,entry,kWh/h,No injection in transmission network from Industiral clients,,,2025-02-20T13:19:03+01:00,,,,,,,,1,2021-10-01T01:00:00+02:00,,,,,
1Physical FlowhourBE-TSO-0001FNC-00034entrykWh/h2021-12-01T01:00:00Z2022-01-01T00:00:00Z_NA1628,1,Physical Flow,hour,2021-12-07T23:00:00+01:00,2021-12-08T00:00:00+01:00,BE-TSO-0001,21X-BE-A-A0A0A-Y,Fluxys Belgium,FNC-00034,Final consumers (BE) (Fluxys) Industrial clients L-zone,21Y000000000045A,entry,kWh/h,No injection in transmission network from Industiral clients,,,2025-02-20T13:19:03+01:00,,,,,,,,1,2021-10-01T01:00:00+02:00,,,,,
1Physical FlowhourBE-TSO-0001FNC-00034entrykWh/h2021-12-01T01:00:00Z2022-01-01T00:00:00Z_NA1629,1,Physical Flow,hour,2021-12-08T00:00:00+01:00,2021-12-08T01:00:00+01:00,BE-TSO-0001,21X-BE-A-A0A0A-Y,Fluxys Belgium,FNC-00034,Final consumers (BE) (Fluxys) Industrial clients L-zone,21Y000000000045A,entry,kWh/h,No injection in transmission network from Industiral clients,,,2025-02-20T13:19:03+01:00,,,,,,,,1,2021-10-01T01:00:00+02:00,,,,,
1Physical FlowhourBE-TSO-0001FNC-00034entrykWh/h2021-12-01T01:00:00Z2022-01-01T00:00:00Z_NA1630,1,Physical Flow,hour,2021-12-08T01:00:00+01:00,2021-12-08T02:00:00+01:00,BE-TSO-0001,21X-BE-A-A0A0A-Y,Fluxys Belgium,FNC-00034,Final consumers (BE) (Fluxys) Industrial clients L-zone,21Y000000000045A,entry,kWh/h,No injection in transmission network from Industiral clients,,,2025-02-20T13:19:03+01:00,,,,,,,,1,2021-10-01T01:00:00+02:00,,,,,
1Physical FlowhourBE-TSO-0001FNC-00034entrykWh/h2021-12-01T01:00:00Z2022-01-01T00:00:00Z_NA1631,1,Physical Flow,hour,2021-12-08T02:00:00+01:00,2021-12-08T03:00:00+01:00,BE-TSO-0001,21X-BE-A-A0A0A-Y,Fluxys Belgium,FNC-00034,Final consumers (BE) (Fluxys) Industrial clients L-zone,21Y000000000045A,entry,kWh/h,No injection in transmission network from Industiral clients,,,2025-02-20T13:19:03+01:00,,,,,,,,1,2021-10-01T01:00:00+02:00,,,,,
1Physical FlowhourBE-TSO-0001FNC-00034entrykWh/h2021-12-01T01:00:00Z2022-01-01T00:00:00Z_NA1632,1,Physical Flow,hour,2021-12-08T03:00:00+01:00,2021-12-08T04:00:00+01:00,BE-TSO-0001,21X-BE-A-A0A0A-Y,Fluxys Belgium,FNC-00034,Final consumers (BE) (Fluxys) Industrial clients L-zone,21Y000000000045A,entry,kWh/h,No injection in transmission network from Industiral clients,,,2025-02-20T13:19:03+01:00,,,,,,,,1,2021-10-01T01:00:00+02:00,,,,,
1Physical FlowhourBE-TSO-0001FNC-00034entrykWh/h2021-12-01T01:00:00Z2022-01-01T00:00:00Z_NA1633,1,Physical Flow,hour,2021-12-08T04:00:00+01:00,2021-12-08T05:00:00+01:00,BE-TSO-0001,21X-BE-A-A0A0A-Y,Fluxys Belgium,FNC-00034,Final consumers (BE) (Fluxys) Industrial clients L-zone,21Y000000000045A,entry,kWh/h,No injection in transmission network from Industiral clients,,,2025-02-20T13:19:03+01:00,,,,,,,,1,2021-10-01T01:00:00+02:00,,,,,
1Physical FlowhourBE-TSO-0001FNC-00034entrykWh/h2021-12-01T01:00:00Z2022-01-01T00:00:00Z_NA1634,1,Physical Flow,hour,2021-12-08T05:00:00+01:00,2021-12-08T06:00:00+01:00,BE-TSO-0001,21X-BE-A-A0A0A-Y,Fluxys Belgium,FNC-00034,Final consumers (BE) (Fluxys) Industrial clients L-zone,21Y000000000045A,entry,kWh/h,No injection in transmission network from Industiral clients,,,2025-02-20T13:19:03+01:00,,,,,,,,1,2021-10-01T01:00:00+02:00,,,,,
1Physical FlowhourBE-TSO-0001FNC-00034entrykWh/h2021-12-01T01:00:00Z2022-01-01T00:00:00Z_NA1635,1,Physical Flow,hour,2021-12-08T06:00:00+01:00,2021-12-08T07:00:00+01:00,BE-TSO-0001,21X-BE-A-A0A0A-Y,Fluxys Belgium,FNC-00034,Final consumers (BE) (Fluxys) Industrial clients L-zone,21Y000000000045A,entry,kWh/h,No injection in transmission network from Industiral clients,,,2025-02-20T13:19:03+01:00,,,,,,,,1,2021-10-01T01:00:00+02:00,,,,,
1Physical FlowhourBE-TSO-0001FNC-00034entrykWh/h2021-12-01T01:00:00Z2022-01-01T00:00:00Z_NA1636,1,Physical Flow,hour,2021-12-08T07:00:00+01:00,2021-12-08T08:00:00+01:00,BE-TSO-0001,21X-BE-A-A0A0A-Y,Fluxys Belgium,FNC-00034,Final consumers (BE) (Fluxys) Industrial clients L-zone,21Y000000000045A,entry,kWh/h,No injection in transmission network from Industiral clients,,,2025-02-20T13:19:03+01:00,,,,,,,,1,2021-10-01T01:00:00+02:00,,,,,
1Physical FlowhourBE-TSO-0001FNC-00034entrykWh/h2021-12-01T01:00:00Z2022-01-01T00:00:00Z_NA1637,1,Physical Flow,hour,2021-12-08T08:00:00+01:00,2021-12-08T09:00:00+01:00,BE-TSO-0001,21X-BE-A-A0A0A-Y,Fluxys Belgium,FNC-00034,Final consumers (BE) (Fluxys) Industrial clients L-zone,21Y000000000045A,entry,kWh/h,No injection in transmission network from Industiral clients,,,2025-02-20T13:19:03+01:00,,,,,,,,1,2021-10-01T01:00:00+02:00,,,,,
1Physical FlowhourBE-TSO-0001FNC-00034entrykWh/h2021-12-01T01:00:00Z2022-01-01T00:00:00Z_NA1638,1,Physical Flow,hour,2021-12-08T09:00:00+01:00,2021-12-08T10:00:00+01:00,BE-TSO-0001,21X-BE-A-A0A0A-Y,Fluxys Belgium,FNC-00034,Final consumers (BE) (Fluxys) Industrial clients L-zone,21Y000000000045A,entry,kWh/h,No injection in transmission network from Industiral clients,,,2025-02-20T13:19:03+01:00,,,,,,,,1,2021-10-01T01:00:00+02:00,,,,,
1Physical FlowhourBE-TSO-0001FNC-00034entrykWh/h2021-12-01T01:00:00Z2022-01-01T00:00:00Z_NA1639,1,Physical Flow,hour,2021-12-08T10:00:00+01:00,2021-12-08T11:00:00+01:00,BE-TSO-0001,21X-BE-A-A0A0A-Y,Fluxys Belgium,FNC-00034,Final consumers (BE) (Fluxys) Industrial clients L-zone,21Y000000000045A,entry,kWh/h,No injection in transmission network from Industiral clients,,,2025-02-20T13:19:03+01:00,,,,,,,,1,2021-10-01T01:00:00+02:00,,,,,
1Physical FlowhourBE-TSO-0001FNC-00034entrykWh/h2021-12-01T01:00:00Z2022-01-01T00:00:00Z_NA1640,1,Physical Flow,hour,2021-12-08T11:00:00+01:00,2021-12-08T12:00:00+01:00,BE-TSO-0001,21X-BE-A-A0A0A-Y,Fluxys Belgium,FNC-00034,Final consumers (BE) (Fluxys) Industrial clients L-zone,21Y000000000045A,entry,kWh/h,No injection in transmission network from Industiral clients,,,2025-02-20T13:19:03+01:00,,,,,,,,1,2021-10-01T01:00:00+02:00,,,,,
1Physical FlowhourBE-TSO-0001FNC-00034entrykWh/h2021-12-01T01:00:00Z2022-01-01T00:00:00Z_NA1641,1,Physical Flow,hour,2021-12-08T12:00:00+01:00,2021-12-08T13:00:00+01:00,BE-TSO-0001,21X-BE-A-A0A0A-Y,Fluxys Belgium,FNC-00034,Final consumers (BE) (Fluxys) Industrial clients L-zone,21Y000000000045A,entry,kWh/h,No injection in transmission network from Industiral clients,,,2025-02-20T13:19:03+01:00,,,,,,,,1,2021-10-01T01:00:00+02:00,,,,,
1Physical FlowhourBE-TSO-0001FNC-00034entrykWh/h2021-12-01T01:00:00Z2022-01-01T00:00:00Z_NA1642,1,Physical Flow,hour,2021-12-08T13:00:00+01:00,2021-12-08T14:00:00+01:00,BE-TSO-0001,21X-BE-A-A0A0A-Y,Fluxys Belgium,FNC-00034,Final consumers (BE) (Fluxys) Industrial clients L-zone,21Y000000000045A,entry,kWh/h,No injection in transmission network from Industiral clients,,,2025-02-20T13:19:03+01:00,,,,,,,,1,2021-10-01T01:00:00+02:00,,,,,
1Physical FlowhourBE-TSO-0001FNC-00034entrykWh/h2021-12-01T01:00:00Z2022-01-01T00:00:00Z_NA1643,1,Physical Flow,hour,2021-12-08T14:00:00+01:00,2021-12-08T15:00:00+01:00,BE-TSO-0001,21X-BE-A-A0A0A-Y,Fluxys Belgium,FNC-00034,Final consumers (BE) (Fluxys) Industrial clients L-zone,21Y000000000045A,entry,kWh/h,No injection in transmission network from Industiral clients,,,2025-02-20T13:19:03+01:00,,,,,,,,1,2021-10-01T01:00:00+02:00,,,,,
1Physical FlowhourBE-TSO-0001FNC-00034entrykWh/h2021-12-01T01:00:00Z2022-01-01T00:00:00Z_NA1644,1,Physical Flow,hour,2021-12-08T15:00:00+01:00,2021-12-08T16:00:00+01:00,BE-TSO-0001,21X-BE-A-A0A0A-Y,Fluxys Belgium,FNC-00034,Final consumers (BE) (Fluxys) Industrial clients L-zone,21Y000000000045A,entry,kWh/h,No injection in transmission network from Industiral clients,,,2025-02-20T13:19:03+01:00,,,,,,,,1,2021-10-01T01:00:00+02:00,,,,,
1Physical FlowhourBE-TSO-0001FNC-00034entrykWh/h2021-12-01T01:00:00Z2022-01-01T00:00:00Z_NA1645,1,Physical Flow,hour,2021-12-08T16:00:00+01:00,2021-12-08T17:00:00+01:00,BE-TSO-0001,21X-BE-A-A0A0A-Y,Fluxys Belgium,FNC-00034,Final consumers (BE) (Fluxys) Industrial clients L-zone,21Y000000000045A,entry,kWh/h,No injection in transmission network from Industiral clients,,,2025-02-20T13:19:03+01:00,,,,,,,,1,2021-10-01T01:00:00+02:00,,,,,
1Physical FlowhourBE-TSO-0001FNC-00034entrykWh/h2021-12-01T01:00:00Z2022-01-01T00:00:00Z_NA1646,1,Physical Flow,hour,2021-12-08T17:00:00+01:00,2021-12-08T18:00:00+01:00,BE-TSO-0001,21X-BE-A-A0A0A-Y,Fluxys Belgium,FNC-00034,Final consumers (BE) (Fluxys) Industrial clients L-zone,21Y000000000045A,entry,kWh/h,No injection in transmission network from Industiral clients,,,2025-02-20T13:19:03+01:00,,,,,,,,1,2021-10-01T01:00:00+02:00,,,,,
1Physical FlowhourBE-TSO-0001FNC-00034entrykWh/h2021-12-01T01:00:00Z2022-01-01T00:00:00Z_NA1647,1,Physical Flow,hour,2021-12-08T18:00:00+01:00,2021-12-08T19:00:00+01:00,BE-TSO-0001,21X-BE-A-A0A0A-Y,Fluxys Belgium,FNC-00034,Final consumers (BE) (Fluxys) Industrial clients L-zone,21Y000000000045A,entry,kWh/h,No injection in transmission network from Industiral clients,,,2025-02-20T13:19:03+01:00,,,,,,,,1,2021-10-01T01:00:00+02:00,,,,,
1Physical FlowhourBE-TSO-0001FNC-00034entrykWh/h2021-12-01T01:00:00Z2022-01-01T00:00:00Z_NA1648,1,Physical Flow,hour,2021-12-08T19:00:00+01:00,2021-12-08T20:00:00+01:00,BE-TSO-0001,21X-BE-A-A0A0A-Y,Fluxys Belgium,FNC-00034,Final consumers (BE) (Fluxys) Industrial clients L-zone,21Y000000000045A,entry,kWh/h,No injection in transmission network from Industiral clients,,,2025-02-20T13:19:03+01:00,,,,,,,,1,2021-10-01T01:00:00+02:00,,,,,
1Physical FlowhourBE-TSO-0001FNC-00034entrykWh/h2021-12-01T01:00:00Z2022-01-01T00:00:00Z_NA1649,1,Physical Flow,hour,2021-12-08T20:00:00+01:00,2021-12-08T21:00:00+01:00,BE-TSO-0001,21X-BE-A-A0A0A-Y,Fluxys Belgium,FNC-00034,Final consumers (BE) (Fluxys) Industrial clients L-zone,21Y000000000045A,entry,kWh/h,No injection in transmission network from Industiral clients,,,2025-02-20T13:19:03+01:00,,,,,,,,1,2021-10-01T01:00:00+02:00,,,,,
1Physical FlowhourBE-TSO-0001FNC-00034entrykWh/h2021-12-01T01:00:00Z2022-01-01T00:00:00Z_NA1650,1,Physical Flow,hour,2021-12-08T21:00:00+01:00,2021-12-08T22:00:00+01:00,BE-TSO-0001,21X-BE-A-A0A0A-Y,Fluxys Belgium,FNC-00034,Final consumers (BE) (Fluxys) Industrial clients L-zone,21Y000000000045A,entry,kWh/h,No injection in transmission network from Industiral clients,,,2025-02-20T13:19:03+01:00,,,,,,,,1,2021-10-01T01:00:00+02:00,,,,,
1Physical FlowhourBE-TSO-0001FNC-00034entrykWh/h2021-12-01T01:00:00Z2022-01-01T00:00:00Z_NA1651,1,Physical Flow,hour,2021-12-08T22:00:00+01:00,2021-12-08T23:00:00+01:00,BE-TSO-0001,21X-BE-A-A0A0A-Y,Fluxys Belgium,FNC-00034,Final consumers (BE) (Fluxys) Industrial clients L-zone,21Y000000000045A,entry,kWh/h,No injection in transmission network from Industiral clients,,,2025-02-20T13:19:03+01:00,,,,,,,,1,2021-10-01T01:00:00+02:00,,,,,
1Physical FlowhourBE-TSO-0001FNC-00034entrykWh/h2021-12-01T01:00:00Z2022-01-01T00:00:00Z_NA1652,1,Physical Flow,hour,2021-12-08T23:00:00+01:00,2021-12-09T00:00:00+01:00,BE-TSO-0001,21X-BE-A-A0A0A-Y,Fluxys Belgium,FNC-00034,Final consumers (BE) (Fluxys) Industrial clients L-zone,21Y000000000045A,entry,kWh/h,No injection in transmission network from Industiral clients,,,2025-02-20T13:19:03+01:00,,,,,,,,1,2021-10-01T01:00:00+02:00,,,,,
1Physical FlowhourBE-TSO-0001FNC-00034entrykWh/h2021-12-01T01:00:00Z2022-01-01T00:00:00Z_NA1653,1,Physical Flow,hour,2021-12-09T00:00:00+01:00,2021-12-09T01:00:00+01:00,BE-TSO-0001,21X-BE-A-A0A0A-Y,Fluxys Belgium,FNC-00034,Final consumers (BE) (Fluxys) Industrial clients L-zone,21Y000000000045A,entry,kWh/h,No injection in transmission network from Industiral clients,,,2025-02-20T13:19:03+01:00,,,,,,,,1,2021-10-01T01:00:00+02:00,,,,,
1Physical FlowhourBE-TSO-0001FNC-00034entrykWh/h2021-12-01T01:00:00Z2022-01-01T00:00:00Z_NA1654,1,Physical Flow,hour,2021-12-09T01:00:00+01:00,2021-12-09T02:00:00+01:00,BE-TSO-0001,21X-BE-A-A0A0A-Y,Fluxys Belgium,FNC-00034,Final consumers (BE) (Fluxys) Industrial clients L-zone,21Y000000000045A,entry,kWh/h,No injection in transmission network from Industiral clients,,,2025-02-20T13:19:03+01:00,,,,,,,,1,2021-10-01T01:00:00+02:00,,,,,
1Physical FlowhourBE-TSO-0001FNC-00034entrykWh/h2021-12-01T01:00:00Z2022-01-01T00:00:00Z_NA1655,1,Physical Flow,hour,2021-12-09T02:00:00+01:00,2021-12-09T03:00:00+01:00,BE-TSO-0001,21X-BE-A-A0A0A-Y,Fluxys Belgium,FNC-00034,Final consumers (BE) (Fluxys) Industrial clients L-zone,21Y000000000045A,entry,kWh/h,No injection in transmission network from Industiral clients,,,2025-02-20T13:19:03+01:00,,,,,,,,1,2021-10-01T01:00:00+02:00,,,,,
1Physical FlowhourBE-TSO-0001FNC-00034entrykWh/h2021-12-01T01:00:00Z2022-01-01T00:00:00Z_NA1656,1,Physical Flow,hour,2021-12-09T03:00:00+01:00,2021-12-09T04:00:00+01:00,BE-TSO-0001,21X-BE-A-A0A0A-Y,Fluxys Belgium,FNC-00034,Final consumers (BE) (Fluxys) Industrial clients L-zone,21Y000000000045A,entry,kWh/h,No injection in transmission network from Industiral clients,,,2025-02-20T13:19:03+01:00,,,,,,,,1,2021-10-01T01:00:00+02:00,,,,,
1Physical FlowhourBE-TSO-0001FNC-00034entrykWh/h2021-12-01T01:00:00Z2022-01-01T00:00:00Z_NA1657,1,Physical Flow,hour,2021-12-09T04:00:00+01:00,2021-12-09T05:00:00+01:00,BE-TSO-0001,21X-BE-A-A0A0A-Y,Fluxys Belgium,FNC-00034,Final consumers (BE) (Fluxys) Industrial clients L-zone,21Y000000000045A,entry,kWh/h,No injection in transmission network from Industiral clients,,,2025-02-20T13:19:03+01:00,,,,,,,,1,2021-10-01T01:00:00+02:00,,,,,
1Physical FlowhourBE-TSO-0001FNC-00034entrykWh/h2021-12-01T01:00:00Z2022-01-01T00:00:00Z_NA1658,1,Physical Flow,hour,2021-12-09T05:00:00+01:00,2021-12-09T06:00:00+01:00,BE-TSO-0001,21X-BE-A-A0A0A-Y,Fluxys Belgium,FNC-00034,Final consumers (BE) (Fluxys) Industrial clients L-zone,21Y000000000045A,entry,kWh/h,No injection in transmission network from Industiral clients,,,2025-02-20T13:19:03+01:00,,,,,,,,1,2021-10-01T01:00:00+02:00,,,,,
1Physical FlowhourBE-TSO-0001FNC-00034entrykWh/h2021-12-01T01:00:00Z2022-01-01T00:00:00Z_NA1659,1,Physical Flow,hour,2021-12-09T06:00:00+01:00,2021-12-09T07:00:00+01:00,BE-TSO-0001,21X-BE-A-A0A0A-Y,Fluxys Belgium,FNC-00034,Final consumers (BE) (Fluxys) Industrial clients L-zone,21Y000000000045A,entry,kWh/h,No injection in transmission network from Industiral clients,,,2025-02-20T13:19:03+01:00,,,,,,,,1,2021-10-01T01:00:00+02:00,,,,,
1Physical FlowhourBE-TSO-0001FNC-00034entrykWh/h2021-12-01T01:00:00Z2022-01-01T00:00:00Z_NA1660,1,Physical Flow,hour,2021-12-09T07:00:00+01:00,2021-12-09T08:00:00+01:00,BE-TSO-0001,21X-BE-A-A0A0A-Y,Fluxys Belgium,FNC-00034,Final consumers (BE) (Fluxys) Industrial clients L-zone,21Y000000000045A,entry,kWh/h,No injection in transmission network from Industiral clients,,,2025-02-20T13:19:03+01:00,,,,,,,,1,2021-10-01T01:00:00+02:00,,,,,
1Physical FlowhourBE-TSO-0001FNC-00034entrykWh/h2021-12-01T01:00:00Z2022-01-01T00:00:00Z_NA1661,1,Physical Flow,hour,2021-12-09T08:00:00+01:00,2021-12-09T09:00:00+01:00,BE-TSO-0001,21X-BE-A-A0A0A-Y,Fluxys Belgium,FNC-00034,Final consumers (BE) (Fluxys) Industrial clients L-zone,21Y000000000045A,entry,kWh/h,No injection in transmission network from Industiral clients,,,2025-02-20T13:19:03+01:00,,,,,,,,1,2021-10-01T01:00:00+02:00,,,,,
1Physical FlowhourBE-TSO-0001FNC-00034entrykWh/h2021-12-01T01:00:00Z2022-01-01T00:00:00Z_NA1662,1,Physical Flow,hour,2021-12-09T09:00:00+01:00,2021-12-09T10:00:00+01:00,BE-TSO-0001,21X-BE-A-A0A0A-Y,Fluxys Belgium,FNC-00034,Final consumers (BE) (Fluxys) Industrial clients L-zone,21Y000000000045A,entry,kWh/h,No injection in transmission network from Industiral clients,,,2025-02-20T13:19:03+01:00,,,,,,,,1,2021-10-01T01:00:00+02:00,,,,,
1Physical FlowhourBE-TSO-0001FNC-00034entrykWh/h2021-12-01T01:00:00Z2022-01-01T00:00:00Z_NA1663,1,Physical Flow,hour,2021-12-09T10:00:00+01:00,2021-12-09T11:00:00+01:00,BE-TSO-0001,21X-BE-A-A0A0A-Y,Fluxys Belgium,FNC-00034,Final consumers (BE) (Fluxys) Industrial clients L-zone,21Y000000000045A,entry,kWh/h,No injection in transmission network from Industiral clients,,,2025-02-20T13:19:03+01:00,,,,,,,,1,2021-10-01T01:00:00+02:00,,,,,
1Physical FlowhourBE-TSO-0001FNC-00034entrykWh/h2021-12-01T01:00:00Z2022-01-01T00:00:00Z_NA1664,1,Physical Flow,hour,2021-12-09T11:00:00+01:00,2021-12-09T12:00:00+01:00,BE-TSO-0001,21X-BE-A-A0A0A-Y,Fluxys Belgium,FNC-00034,Final consumers (BE) (Fluxys) Industrial clients L-zone,21Y000000000045A,entry,kWh/h,No injection in transmission network from Industiral clients,,,2025-02-20T13:19:03+01:00,,,,,,,,1,2021-10-01T01:00:00+02:00,,,,,
1Physical FlowhourBE-TSO-0001FNC-00034entrykWh/h2021-12-01T01:00:00Z2022-01-01T00:00:00Z_NA1665,1,Physical Flow,hour,2021-12-09T12:00:00+01:00,2021-12-09T13:00:00+01:00,BE-TSO-0001,21X-BE-A-A0A0A-Y,Fluxys Belgium,FNC-00034,Final consumers (BE) (Fluxys) Industrial clients L-zone,21Y000000000045A,entry,kWh/h,No injection in transmission network from Industiral clients,,,2025-02-20T13:19:03+01:00,,,,,,,,1,2021-10-01T01:00:00+02:00,,,,,
1Physical FlowhourBE-TSO-0001FNC-00034entrykWh/h2021-12-01T01:00:00Z2022-01-01T00:00:00Z_NA1666,1,Physical Flow,hour,2021-12-09T13:00:00+01:00,2021-12-09T14:00:00+01:00,BE-TSO-0001,21X-BE-A-A0A0A-Y,Fluxys Belgium,FNC-00034,Final consumers (BE) (Fluxys) Industrial clients L-zone,21Y000000000045A,entry,kWh/h,No injection in transmission network from Industiral clients,,,2025-02-20T13:19:03+01:00,,,,,,,,1,2021-10-01T01:00:00+02:00,,,,,
1Physical FlowhourBE-TSO-0001FNC-00034entrykWh/h2021-12-01T01:00:00Z2022-01-01T00:00:00Z_NA1667,1,Physical Flow,hour,2021-12-09T14:00:00+01:00,2021-12-09T15:00:00+01:00,BE-TSO-0001,21X-BE-A-A0A0A-Y,Fluxys Belgium,FNC-00034,Final consumers (BE) (Fluxys) Industrial clients L-zone,21Y000000000045A,entry,kWh/h,No injection in transmission network from Industiral clients,,,2025-02-20T13:19:03+01:00,,,,,,,,1,2021-10-01T01:00:00+02:00,,,,,
1Physical FlowhourBE-TSO-0001FNC-00034entrykWh/h2021-12-01T01:00:00Z2022-01-01T00:00:00Z_NA1668,1,Physical Flow,hour,2021-12-09T15:00:00+01:00,2021-12-09T16:00:00+01:00,BE-TSO-0001,21X-BE-A-A0A0A-Y,Fluxys Belgium,FNC-00034,Final consumers (BE) (Fluxys) Industrial clients L-zone,21Y000000000045A,entry,kWh/h,No injection in transmission network from Industiral clients,,,2025-02-20T13:19:03+01:00,,,,,,,,1,2021-10-01T01:00:00+02:00,,,,,
1Physical FlowhourBE-TSO-0001FNC-00034entrykWh/h2021-12-01T01:00:00Z2022-01-01T00:00:00Z_NA1669,1,Physical Flow,hour,2021-12-09T16:00:00+01:00,2021-12-09T17:00:00+01:00,BE-TSO-0001,21X-BE-A-A0A0A-Y,Fluxys Belgium,FNC-00034,Final consumers (BE) (Fluxys) Industrial clients L-zone,21Y000000000045A,entry,kWh/h,No injection in transmission network from Industiral clients,,,2025-02-20T13:19:03+01:00,,,,,,,,1,2021-10-01T01:00:00+02:00,,,,,
1Physical FlowhourBE-TSO-0001FNC-00034entrykWh/h2021-12-01T01:00:00Z2022-01-01T00:00:00Z_NA1670,1,Physical Flow,hour,2021-12-09T17:00:00+01:00,2021-12-09T18:00:00+01:00,BE-TSO-0001,21X-BE-A-A0A0A-Y,Fluxys Belgium,FNC-00034,Final consumers (BE) (Fluxys) Industrial clients L-zone,21Y000000000045A,entry,kWh/h,No injection in transmission network from Industiral clients,,,2025-02-20T13:19:03+01:00,,,,,,,,1,2021-10-01T01:00:00+02:00,,,,,
1Physical FlowhourBE-TSO-0001FNC-00034entrykWh/h2021-12-01T01:00:00Z2022-01-01T00:00:00Z_NA1671,1,Physical Flow,hour,2021-12-09T18:00:00+01:00,2021-12-09T19:00:00+01:00,BE-TSO-0001,21X-BE-A-A0A0A-Y,Fluxys Belgium,FNC-00034,Final consumers (BE) (Fluxys) Industrial clients L-zone,21Y000000000045A,entry,kWh/h,No injection in transmission network from Industiral clients,,,2025-02-20T13:19:03+01:00,,,,,,,,1,2021-10-01T01:00:00+02:00,,,,,
1Physical FlowhourBE-TSO-0001FNC-00034entrykWh/h2021-12-01T01:00:00Z2022-01-01T00:00:00Z_NA1672,1,Physical Flow,hour,2021-12-09T19:00:00+01:00,2021-12-09T20:00:00+01:00,BE-TSO-0001,21X-BE-A-A0A0A-Y,Fluxys Belgium,FNC-00034,Final consumers (BE) (Fluxys) Industrial clients L-zone,21Y000000000045A,entry,kWh/h,No injection in transmission network from Industiral clients,,,2025-02-20T13:19:03+01:00,,,,,,,,1,2021-10-01T01:00:00+02:00,,,,,
1Physical FlowhourBE-TSO-0001FNC-00034entrykWh/h2021-12-01T01:00:00Z2022-01-01T00:00:00Z_NA1673,1,Physical Flow,hour,2021-12-09T20:00:00+01:00,2021-12-09T21:00:00+01:00,BE-TSO-0001,21X-BE-A-A0A0A-Y,Fluxys Belgium,FNC-00034,Final consumers (BE) (Fluxys) Industrial clients L-zone,21Y000000000045A,entry,kWh/h,No injection in transmission network from Industiral clients,,,2025-02-20T13:19:03+01:00,,,,,,,,1,2021-10-01T01:00:00+02:00,,,,,
1Physical FlowhourBE-TSO-0001FNC-00034entrykWh/h2021-12-01T01:00:00Z2022-01-01T00:00:00Z_NA1674,1,Physical Flow,hour,2021-12-09T21:00:00+01:00,2021-12-09T22:00:00+01:00,BE-TSO-0001,21X-BE-A-A0A0A-Y,Fluxys Belgium,FNC-00034,Final consumers (BE) (Fluxys) Industrial clients L-zone,21Y000000000045A,entry,kWh/h,No injection in transmission network from Industiral clients,,,2025-02-20T13:19:03+01:00,,,,,,,,1,2021-10-01T01:00:00+02:00,,,,,
1Physical FlowhourBE-TSO-0001FNC-00034entrykWh/h2021-12-01T01:00:00Z2022-01-01T00:00:00Z_NA1675,1,Physical Flow,hour,2021-12-09T22:00:00+01:00,2021-12-09T23:00:00+01:00,BE-TSO-0001,21X-BE-A-A0A0A-Y,Fluxys Belgium,FNC-00034,Final consumers (BE) (Fluxys) Industrial clients L-zone,21Y000000000045A,entry,kWh/h,No injection in transmission network from Industiral clients,,,2025-02-20T13:19:03+01:00,,,,,,,,1,2021-10-01T01:00:00+02:00,,,,,
1Physical FlowhourBE-TSO-0001FNC-00034entrykWh/h2021-12-01T01:00:00Z2022-01-01T00:00:00Z_NA1676,1,Physical Flow,hour,2021-12-09T23:00:00+01:00,2021-12-10T00:00:00+01:00,BE-TSO-0001,21X-BE-A-A0A0A-Y,Fluxys Belgium,FNC-00034,Final consumers (BE) (Fluxys) Industrial clients L-zone,21Y000000000045A,entry,kWh/h,No injection in transmission network from Industiral clients,,,2025-02-20T13:19:03+01:00,,,,,,,,1,2021-10-01T01:00:00+02:00,,,,,
1Physical FlowhourBE-TSO-0001FNC-00034entrykWh/h2021-12-01T01:00:00Z2022-01-01T00:00:00Z_NA1677,1,Physical Flow,hour,2021-12-10T00:00:00+01:00,2021-12-10T01:00:00+01:00,BE-TSO-0001,21X-BE-A-A0A0A-Y,Fluxys Belgium,FNC-00034,Final consumers (BE) (Fluxys) Industrial clients L-zone,21Y000000000045A,entry,kWh/h,No injection in transmission network from Industiral clients,,,2025-02-20T13:19:03+01:00,,,,,,,,1,2021-10-01T01:00:00+02:00,,,,,
1Physical FlowhourBE-TSO-0001FNC-00034entrykWh/h2021-12-01T01:00:00Z2022-01-01T00:00:00Z_NA1678,1,Physical Flow,hour,2021-12-10T01:00:00+01:00,2021-12-10T02:00:00+01:00,BE-TSO-0001,21X-BE-A-A0A0A-Y,Fluxys Belgium,FNC-00034,Final consumers (BE) (Fluxys) Industrial clients L-zone,21Y000000000045A,entry,kWh/h,No injection in transmission network from Industiral clients,,,2025-02-20T13:19:03+01:00,,,,,,,,1,2021-10-01T01:00:00+02:00,,,,,
1Physical FlowhourBE-TSO-0001FNC-00034entrykWh/h2021-12-01T01:00:00Z2022-01-01T00:00:00Z_NA1679,1,Physical Flow,hour,2021-12-10T02:00:00+01:00,2021-12-10T03:00:00+01:00,BE-TSO-0001,21X-BE-A-A0A0A-Y,Fluxys Belgium,FNC-00034,Final consumers (BE) (Fluxys) Industrial clients L-zone,21Y000000000045A,entry,kWh/h,No injection in transmission network from Industiral clients,,,2025-02-20T13:19:03+01:00,,,,,,,,1,2021-10-01T01:00:00+02:00,,,,,
1Physical FlowhourBE-TSO-0001FNC-00034entrykWh/h2021-12-01T01:00:00Z2022-01-01T00:00:00Z_NA1680,1,Physical Flow,hour,2021-12-10T03:00:00+01:00,2021-12-10T04:00:00+01:00,BE-TSO-0001,21X-BE-A-A0A0A-Y,Fluxys Belgium,FNC-00034,Final consumers (BE) (Fluxys) Industrial clients L-zone,21Y000000000045A,entry,kWh/h,No injection in transmission network from Industiral clients,,,2025-02-20T13:19:03+01:00,,,,,,,,1,2021-10-01T01:00:00+02:00,,,,,
1Physical FlowhourBE-TSO-0001FNC-00034entrykWh/h2021-12-01T01:00:00Z2022-01-01T00:00:00Z_NA1681,1,Physical Flow,hour,2021-12-10T04:00:00+01:00,2021-12-10T05:00:00+01:00,BE-TSO-0001,21X-BE-A-A0A0A-Y,Fluxys Belgium,FNC-00034,Final consumers (BE) (Fluxys) Industrial clients L-zone,21Y000000000045A,entry,kWh/h,No injection in transmission network from Industiral clients,,,2025-02-20T13:19:03+01:00,,,,,,,,1,2021-10-01T01:00:00+02:00,,,,,
1Physical FlowhourBE-TSO-0001FNC-00034entrykWh/h2021-12-01T01:00:00Z2022-01-01T00:00:00Z_NA1682,1,Physical Flow,hour,2021-12-10T05:00:00+01:00,2021-12-10T06:00:00+01:00,BE-TSO-0001,21X-BE-A-A0A0A-Y,Fluxys Belgium,FNC-00034,Final consumers (BE) (Fluxys) Industrial clients L-zone,21Y000000000045A,entry,kWh/h,No injection in transmission network from Industiral clients,,,2025-02-20T13:19:03+01:00,,,,,,,,1,2021-10-01T01:00:00+02:00,,,,,
1Physical FlowhourBE-TSO-0001FNC-00034entrykWh/h2021-12-01T01:00:00Z2022-01-01T00:00:00Z_NA1683,1,Physical Flow,hour,2021-12-10T06:00:00+01:00,2021-12-10T07:00:00+01:00,BE-TSO-0001,21X-BE-A-A0A0A-Y,Fluxys Belgium,FNC-00034,Final consumers (BE) (Fluxys) Industrial clients L-zone,21Y000000000045A,entry,kWh/h,No injection in transmission network from Industiral clients,,,2025-02-20T13:19:03+01:00,,,,,,,,1,2021-10-01T01:00:00+02:00,,,,,
1Physical FlowhourBE-TSO-0001FNC-00034entrykWh/h2021-12-01T01:00:00Z2022-01-01T00:00:00Z_NA1684,1,Physical Flow,hour,2021-12-10T07:00:00+01:00,2021-12-10T08:00:00+01:00,BE-TSO-0001,21X-BE-A-A0A0A-Y,Fluxys Belgium,FNC-00034,Final consumers (BE) (Fluxys) Industrial clients L-zone,21Y000000000045A,entry,kWh/h,No injection in transmission network from Industiral clients,,,2025-02-20T13:19:03+01:00,,,,,,,,1,2021-10-01T01:00:00+02:00,,,,,
1Physical FlowhourBE-TSO-0001FNC-00034entrykWh/h2021-12-01T01:00:00Z2022-01-01T00:00:00Z_NA1685,1,Physical Flow,hour,2021-12-10T08:00:00+01:00,2021-12-10T09:00:00+01:00,BE-TSO-0001,21X-BE-A-A0A0A-Y,Fluxys Belgium,FNC-00034,Final consumers (BE) (Fluxys) Industrial clients L-zone,21Y000000000045A,entry,kWh/h,No injection in transmission network from Industiral clients,,,2025-02-20T13:19:03+01:00,,,,,,,,1,2021-10-01T01:00:00+02:00,,,,,
1Physical FlowhourBE-TSO-0001FNC-00034entrykWh/h2021-12-01T01:00:00Z2022-01-01T00:00:00Z_NA1686,1,Physical Flow,hour,2021-12-10T09:00:00+01:00,2021-12-10T10:00:00+01:00,BE-TSO-0001,21X-BE-A-A0A0A-Y,Fluxys Belgium,FNC-00034,Final consumers (BE) (Fluxys) Industrial clients L-zone,21Y000000000045A,entry,kWh/h,No injection in transmission network from Industiral clients,,,2025-02-20T13:19:03+01:00,,,,,,,,1,2021-10-01T01:00:00+02:00,,,,,
1Physical FlowhourBE-TSO-0001FNC-00034entrykWh/h2021-12-01T01:00:00Z2022-01-01T00:00:00Z_NA1687,1,Physical Flow,hour,2021-12-10T10:00:00+01:00,2021-12-10T11:00:00+01:00,BE-TSO-0001,21X-BE-A-A0A0A-Y,Fluxys Belgium,FNC-00034,Final consumers (BE) (Fluxys) Industrial clients L-zone,21Y000000000045A,entry,kWh/h,No injection in transmission network from Industiral clients,,,2025-02-20T13:19:03+01:00,,,,,,,,1,2021-10-01T01:00:00+02:00,,,,,
1Physical FlowhourBE-TSO-0001FNC-00034entrykWh/h2021-12-01T01:00:00Z2022-01-01T00:00:00Z_NA1688,1,Physical Flow,hour,2021-12-10T11:00:00+01:00,2021-12-10T12:00:00+01:00,BE-TSO-0001,21X-BE-A-A0A0A-Y,Fluxys Belgium,FNC-00034,Final consumers (BE) (Fluxys) Industrial clients L-zone,21Y000000000045A,entry,kWh/h,No injection in transmission network from Industiral clients,,,2025-02-20T13:19:03+01:00,,,,,,,,1,2021-10-01T01:00:00+02:00,,,,,
1Physical FlowhourBE-TSO-0001FNC-00034entrykWh/h2021-12-01T01:00:00Z2022-01-01T00:00:00Z_NA1689,1,Physical Flow,hour,2021-12-10T12:00:00+01:00,2021-12-10T13:00:00+01:00,BE-TSO-0001,21X-BE-A-A0A0A-Y,Fluxys Belgium,FNC-00034,Final consumers (BE) (Fluxys) Industrial clients L-zone,21Y000000000045A,entry,kWh/h,No injection in transmission network from Industiral clients,,,2025-02-20T13:19:03+01:00,,,,,,,,1,2021-10-01T01:00:00+02:00,,,,,
1Physical FlowhourBE-TSO-0001FNC-00034entrykWh/h2021-12-01T01:00:00Z2022-01-01T00:00:00Z_NA1690,1,Physical Flow,hour,2021-12-10T13:00:00+01:00,2021-12-10T14:00:00+01:00,BE-TSO-0001,21X-BE-A-A0A0A-Y,Fluxys Belgium,FNC-00034,Final consumers (BE) (Fluxys) Industrial clients L-zone,21Y000000000045A,entry,kWh/h,No injection in transmission network from Industiral clients,,,2025-02-20T13:19:03+01:00,,,,,,,,1,2021-10-01T01:00:00+02:00,,,,,
1Physical FlowhourBE-TSO-0001FNC-00034entrykWh/h2021-12-01T01:00:00Z2022-01-01T00:00:00Z_NA1691,1,Physical Flow,hour,2021-12-10T14:00:00+01:00,2021-12-10T15:00:00+01:00,BE-TSO-0001,21X-BE-A-A0A0A-Y,Fluxys Belgium,FNC-00034,Final consumers (BE) (Fluxys) Industrial clients L-zone,21Y000000000045A,entry,kWh/h,No injection in transmission network from Industiral clients,,,2025-02-20T13:19:03+01:00,,,,,,,,1,2021-10-01T01:00:00+02:00,,,,,
1Physical FlowhourBE-TSO-0001FNC-00034entrykWh/h2021-12-01T01:00:00Z2022-01-01T00:00:00Z_NA1692,1,Physical Flow,hour,2021-12-10T15:00:00+01:00,2021-12-10T16:00:00+01:00,BE-TSO-0001,21X-BE-A-A0A0A-Y,Fluxys Belgium,FNC-00034,Final consumers (BE) (Fluxys) Industrial clients L-zone,21Y000000000045A,entry,kWh/h,No injection in transmission network from Industiral clients,,,2025-02-20T13:19:03+01:00,,,,,,,,1,2021-10-01T01:00:00+02:00,,,,,
1Physical FlowhourBE-TSO-0001FNC-00034entrykWh/h2021-12-01T01:00:00Z2022-01-01T00:00:00Z_NA1693,1,Physical Flow,hour,2021-12-10T16:00:00+01:00,2021-12-10T17:00:00+01:00,BE-TSO-0001,21X-BE-A-A0A0A-Y,Fluxys Belgium,FNC-00034,Final consumers (BE) (Fluxys) Industrial clients L-zone,21Y000000000045A,entry,kWh/h,No injection in transmission network from Industiral clients,,,2025-02-20T13:19:03+01:00,,,,,,,,1,2021-10-01T01:00:00+02:00,,,,,
1Physical FlowhourBE-TSO-0001FNC-00034entrykWh/h2021-12-01T01:00:00Z2022-01-01T00:00:00Z_NA1694,1,Physical Flow,hour,2021-12-10T17:00:00+01:00,2021-12-10T18:00:00+01:00,BE-TSO-0001,21X-BE-A-A0A0A-Y,Fluxys Belgium,FNC-00034,Final consumers (BE) (Fluxys) Industrial clients L-zone,21Y000000000045A,entry,kWh/h,No injection in transmission network from Industiral clients,,,2025-02-20T13:19:03+01:00,,,,,,,,1,2021-10-01T01:00:00+02:00,,,,,
1Physical FlowhourBE-TSO-0001FNC-00034entrykWh/h2021-12-01T01:00:00Z2022-01-01T00:00:00Z_NA1695,1,Physical Flow,hour,2021-12-10T18:00:00+01:00,2021-12-10T19:00:00+01:00,BE-TSO-0001,21X-BE-A-A0A0A-Y,Fluxys Belgium,FNC-00034,Final consumers (BE) (Fluxys) Industrial clients L-zone,21Y000000000045A,entry,kWh/h,No injection in transmission network from Industiral clients,,,2025-02-20T13:19:03+01:00,,,,,,,,1,2021-10-01T01:00:00+02:00,,,,,
1Physical FlowhourBE-TSO-0001FNC-00034entrykWh/h2021-12-01T01:00:00Z2022-01-01T00:00:00Z_NA1696,1,Physical Flow,hour,2021-12-10T19:00:00+01:00,2021-12-10T20:00:00+01:00,BE-TSO-0001,21X-BE-A-A0A0A-Y,Fluxys Belgium,FNC-00034,Final consumers (BE) (Fluxys) Industrial clients L-zone,21Y000000000045A,entry,kWh/h,No injection in transmission network from Industiral clients,,,2025-02-20T13:19:03+01:00,,,,,,,,1,2021-10-01T01:00:00+02:00,,,,,
1Physical FlowhourBE-TSO-0001FNC-00034entrykWh/h2021-12-01T01:00:00Z2022-01-01T00:00:00Z_NA1697,1,Physical Flow,hour,2021-12-10T20:00:00+01:00,2021-12-10T21:00:00+01:00,BE-TSO-0001,21X-BE-A-A0A0A-Y,Fluxys Belgium,FNC-00034,Final consumers (BE) (Fluxys) Industrial clients L-zone,21Y000000000045A,entry,kWh/h,No injection in transmission network from Industiral clients,,,2025-02-20T13:19:03+01:00,,,,,,,,1,2021-10-01T01:00:00+02:00,,,,,
1Physical FlowhourBE-TSO-0001FNC-00034entrykWh/h2021-12-01T01:00:00Z2022-01-01T00:00:00Z_NA1698,1,Physical Flow,hour,2021-12-10T21:00:00+01:00,2021-12-10T22:00:00+01:00,BE-TSO-0001,21X-BE-A-A0A0A-Y,Fluxys Belgium,FNC-00034,Final consumers (BE) (Fluxys) Industrial clients L-zone,21Y000000000045A,entry,kWh/h,No injection in transmission network from Industiral clients,,,2025-02-20T13:19:03+01:00,,,,,,,,1,2021-10-01T01:00:00+02:00,,,,,
1Physical FlowhourBE-TSO-0001FNC-00034entrykWh/h2021-12-01T01:00:00Z2022-01-01T00:00:00Z_NA1699,1,Physical Flow,hour,2021-12-10T22:00:00+01:00,2021-12-10T23:00:00+01:00,BE-TSO-0001,21X-BE-A-A0A0A-Y,Fluxys Belgium,FNC-00034,Final consumers (BE) (Fluxys) Industrial clients L-zone,21Y000000000045A,entry,kWh/h,No injection in transmission network from Industiral clients,,,2025-02-20T13:19:03+01:00,,,,,,,,1,2021-10-01T01:00:00+02:00,,,,,
1Physical FlowhourBE-TSO-0001FNC-00034entrykWh/h2021-12-01T01:00:00Z2022-01-01T00:00:00Z_NA1700,1,Physical Flow,hour,2021-12-10T23:00:00+01:00,2021-12-11T00:00:00+01:00,BE-TSO-0001,21X-BE-A-A0A0A-Y,Fluxys Belgium,FNC-00034,Final consumers (BE) (Fluxys) Industrial clients L-zone,21Y000000000045A,entry,kWh/h,No injection in transmission network from Industiral clients,,,2025-02-20T13:19:03+01:00,,,,,,,,1,2021-10-01T01:00:00+02:00,,,,,
1Physical FlowhourBE-TSO-0001FNC-00034entrykWh/h2021-12-01T01:00:00Z2022-01-01T00:00:00Z_NA1701,1,Physical Flow,hour,2021-12-11T00:00:00+01:00,2021-12-11T01:00:00+01:00,BE-TSO-0001,21X-BE-A-A0A0A-Y,Fluxys Belgium,FNC-00034,Final consumers (BE) (Fluxys) Industrial clients L-zone,21Y000000000045A,entry,kWh/h,No injection in transmission network from Industiral clients,,,2025-02-20T13:19:03+01:00,,,,,,,,1,2021-10-01T01:00:00+02:00,,,,,
1Physical FlowhourBE-TSO-0001FNC-00034entrykWh/h2021-12-01T01:00:00Z2022-01-01T00:00:00Z_NA1702,1,Physical Flow,hour,2021-12-11T01:00:00+01:00,2021-12-11T02:00:00+01:00,BE-TSO-0001,21X-BE-A-A0A0A-Y,Fluxys Belgium,FNC-00034,Final consumers (BE) (Fluxys) Industrial clients L-zone,21Y000000000045A,entry,kWh/h,No injection in transmission network from Industiral clients,,,2025-02-20T13:19:03+01:00,,,,,,,,1,2021-10-01T01:00:00+02:00,,,,,
1Physical FlowhourBE-TSO-0001FNC-00034entrykWh/h2021-12-01T01:00:00Z2022-01-01T00:00:00Z_NA1703,1,Physical Flow,hour,2021-12-11T02:00:00+01:00,2021-12-11T03:00:00+01:00,BE-TSO-0001,21X-BE-A-A0A0A-Y,Fluxys Belgium,FNC-00034,Final consumers (BE) (Fluxys) Industrial clients L-zone,21Y000000000045A,entry,kWh/h,No injection in transmission network from Industiral clients,,,2025-02-20T13:19:03+01:00,,,,,,,,1,2021-10-01T01:00:00+02:00,,,,,
1Physical FlowhourBE-TSO-0001FNC-00034entrykWh/h2021-12-01T01:00:00Z2022-01-01T00:00:00Z_NA1704,1,Physical Flow,hour,2021-12-11T03:00:00+01:00,2021-12-11T04:00:00+01:00,BE-TSO-0001,21X-BE-A-A0A0A-Y,Fluxys Belgium,FNC-00034,Final consumers (BE) (Fluxys) Industrial clients L-zone,21Y000000000045A,entry,kWh/h,No injection in transmission network from Industiral clients,,,2025-02-20T13:19:03+01:00,,,,,,,,1,2021-10-01T01:00:00+02:00,,,,,
1Physical FlowhourBE-TSO-0001FNC-00034entrykWh/h2021-12-01T01:00:00Z2022-01-01T00:00:00Z_NA1705,1,Physical Flow,hour,2021-12-11T04:00:00+01:00,2021-12-11T05:00:00+01:00,BE-TSO-0001,21X-BE-A-A0A0A-Y,Fluxys Belgium,FNC-00034,Final consumers (BE) (Fluxys) Industrial clients L-zone,21Y000000000045A,entry,kWh/h,No injection in transmission network from Industiral clients,,,2025-02-20T13:19:03+01:00,,,,,,,,1,2021-10-01T01:00:00+02:00,,,,,
1Physical FlowhourBE-TSO-0001FNC-00034entrykWh/h2021-12-01T01:00:00Z2022-01-01T00:00:00Z_NA1706,1,Physical Flow,hour,2021-12-11T05:00:00+01:00,2021-12-11T06:00:00+01:00,BE-TSO-0001,21X-BE-A-A0A0A-Y,Fluxys Belgium,FNC-00034,Final consumers (BE) (Fluxys) Industrial clients L-zone,21Y000000000045A,entry,kWh/h,No injection in transmission network from Industiral clients,,,2025-02-20T13:19:03+01:00,,,,,,,,1,2021-10-01T01:00:00+02:00,,,,,
1Physical FlowhourBE-TSO-0001FNC-00034entrykWh/h2021-12-01T01:00:00Z2022-01-01T00:00:00Z_NA1707,1,Physical Flow,hour,2021-12-11T06:00:00+01:00,2021-12-11T07:00:00+01:00,BE-TSO-0001,21X-BE-A-A0A0A-Y,Fluxys Belgium,FNC-00034,Final consumers (BE) (Fluxys) Industrial clients L-zone,21Y000000000045A,entry,kWh/h,No injection in transmission network from Industiral clients,,,2025-02-20T13:19:03+01:00,,,,,,,,1,2021-10-01T01:00:00+02:00,,,,,
1Physical FlowhourBE-TSO-0001FNC-00034entrykWh/h2021-12-01T01:00:00Z2022-01-01T00:00:00Z_NA1708,1,Physical Flow,hour,2021-12-11T07:00:00+01:00,2021-12-11T08:00:00+01:00,BE-TSO-0001,21X-BE-A-A0A0A-Y,Fluxys Belgium,FNC-00034,Final consumers (BE) (Fluxys) Industrial clients L-zone,21Y000000000045A,entry,kWh/h,No injection in transmission network from Industiral clients,,,2025-02-20T13:19:03+01:00,,,,,,,,1,2021-10-01T01:00:00+02:00,,,,,
1Physical FlowhourBE-TSO-0001FNC-00034entrykWh/h2021-12-01T01:00:00Z2022-01-01T00:00:00Z_NA1709,1,Physical Flow,hour,2021-12-11T08:00:00+01:00,2021-12-11T09:00:00+01:00,BE-TSO-0001,21X-BE-A-A0A0A-Y,Fluxys Belgium,FNC-00034,Final consumers (BE) (Fluxys) Industrial clients L-zone,21Y000000000045A,entry,kWh/h,No injection in transmission network from Industiral clients,,,2025-02-20T13:19:03+01:00,,,,,,,,1,2021-10-01T01:00:00+02:00,,,,,
1Physical FlowhourBE-TSO-0001FNC-00034entrykWh/h2021-12-01T01:00:00Z2022-01-01T00:00:00Z_NA1710,1,Physical Flow,hour,2021-12-11T09:00:00+01:00,2021-12-11T10:00:00+01:00,BE-TSO-0001,21X-BE-A-A0A0A-Y,Fluxys Belgium,FNC-00034,Final consumers (BE) (Fluxys) Industrial clients L-zone,21Y000000000045A,entry,kWh/h,No injection in transmission network from Industiral clients,,,2025-02-20T13:19:03+01:00,,,,,,,,1,2021-10-01T01:00:00+02:00,,,,,
1Physical FlowhourBE-TSO-0001FNC-00034entrykWh/h2021-12-01T01:00:00Z2022-01-01T00:00:00Z_NA1711,1,Physical Flow,hour,2021-12-11T10:00:00+01:00,2021-12-11T11:00:00+01:00,BE-TSO-0001,21X-BE-A-A0A0A-Y,Fluxys Belgium,FNC-00034,Final consumers (BE) (Fluxys) Industrial clients L-zone,21Y000000000045A,entry,kWh/h,No injection in transmission network from Industiral clients,,,2025-02-20T13:19:03+01:00,,,,,,,,1,2021-10-01T01:00:00+02:00,,,,,
1Physical FlowhourBE-TSO-0001FNC-00034entrykWh/h2021-12-01T01:00:00Z2022-01-01T00:00:00Z_NA1712,1,Physical Flow,hour,2021-12-11T11:00:00+01:00,2021-12-11T12:00:00+01:00,BE-TSO-0001,21X-BE-A-A0A0A-Y,Fluxys Belgium,FNC-00034,Final consumers (BE) (Fluxys) Industrial clients L-zone,21Y000000000045A,entry,kWh/h,No injection in transmission network from Industiral clients,,,2025-02-20T13:19:03+01:00,,,,,,,,1,2021-10-01T01:00:00+02:00,,,,,
1Physical FlowhourBE-TSO-0001FNC-00034entrykWh/h2021-12-01T01:00:00Z2022-01-01T00:00:00Z_NA1713,1,Physical Flow,hour,2021-12-11T12:00:00+01:00,2021-12-11T13:00:00+01:00,BE-TSO-0001,21X-BE-A-A0A0A-Y,Fluxys Belgium,FNC-00034,Final consumers (BE) (Fluxys) Industrial clients L-zone,21Y000000000045A,entry,kWh/h,No injection in transmission network from Industiral clients,,,2025-02-20T13:19:03+01:00,,,,,,,,1,2021-10-01T01:00:00+02:00,,,,,
1Physical FlowhourBE-TSO-0001FNC-00034entrykWh/h2021-12-01T01:00:00Z2022-01-01T00:00:00Z_NA1714,1,Physical Flow,hour,2021-12-11T13:00:00+01:00,2021-12-11T14:00:00+01:00,BE-TSO-0001,21X-BE-A-A0A0A-Y,Fluxys Belgium,FNC-00034,Final consumers (BE) (Fluxys) Industrial clients L-zone,21Y000000000045A,entry,kWh/h,No injection in transmission network from Industiral clients,,,2025-02-20T13:19:03+01:00,,,,,,,,1,2021-10-01T01:00:00+02:00,,,,,
1Physical FlowhourBE-TSO-0001FNC-00034entrykWh/h2021-12-01T01:00:00Z2022-01-01T00:00:00Z_NA1715,1,Physical Flow,hour,2021-12-11T14:00:00+01:00,2021-12-11T15:00:00+01:00,BE-TSO-0001,21X-BE-A-A0A0A-Y,Fluxys Belgium,FNC-00034,Final consumers (BE) (Fluxys) Industrial clients L-zone,21Y000000000045A,entry,kWh/h,No injection in transmission network from Industiral clients,,,2025-02-20T13:19:03+01:00,,,,,,,,1,2021-10-01T01:00:00+02:00,,,,,
1Physical FlowhourBE-TSO-0001FNC-00034entrykWh/h2021-12-01T01:00:00Z2022-01-01T00:00:00Z_NA1716,1,Physical Flow,hour,2021-12-11T15:00:00+01:00,2021-12-11T16:00:00+01:00,BE-TSO-0001,21X-BE-A-A0A0A-Y,Fluxys Belgium,FNC-00034,Final consumers (BE) (Fluxys) Industrial clients L-zone,21Y000000000045A,entry,kWh/h,No injection in transmission network from Industiral clients,,,2025-02-20T13:19:03+01:00,,,,,,,,1,2021-10-01T01:00:00+02:00,,,,,
1Physical FlowhourBE-TSO-0001FNC-00034entrykWh/h2021-12-01T01:00:00Z2022-01-01T00:00:00Z_NA1717,1,Physical Flow,hour,2021-12-11T16:00:00+01:00,2021-12-11T17:00:00+01:00,BE-TSO-0001,21X-BE-A-A0A0A-Y,Fluxys Belgium,FNC-00034,Final consumers (BE) (Fluxys) Industrial clients L-zone,21Y000000000045A,entry,kWh/h,No injection in transmission network from Industiral clients,,,2025-02-20T13:19:03+01:00,,,,,,,,1,2021-10-01T01:00:00+02:00,,,,,
1Physical FlowhourBE-TSO-0001FNC-00034entrykWh/h2021-12-01T01:00:00Z2022-01-01T00:00:00Z_NA1718,1,Physical Flow,hour,2021-12-11T17:00:00+01:00,2021-12-11T18:00:00+01:00,BE-TSO-0001,21X-BE-A-A0A0A-Y,Fluxys Belgium,FNC-00034,Final consumers (BE) (Fluxys) Industrial clients L-zone,21Y000000000045A,entry,kWh/h,No injection in transmission network from Industiral clients,,,2025-02-20T13:19:03+01:00,,,,,,,,1,2021-10-01T01:00:00+02:00,,,,,
1Physical FlowhourBE-TSO-0001FNC-00034entrykWh/h2021-12-01T01:00:00Z2022-01-01T00:00:00Z_NA1719,1,Physical Flow,hour,2021-12-11T18:00:00+01:00,2021-12-11T19:00:00+01:00,BE-TSO-0001,21X-BE-A-A0A0A-Y,Fluxys Belgium,FNC-00034,Final consumers (BE) (Fluxys) Industrial clients L-zone,21Y000000000045A,entry,kWh/h,No injection in transmission network from Industiral clients,,,2025-02-20T13:19:03+01:00,,,,,,,,1,2021-10-01T01:00:00+02:00,,,,,
1Physical FlowhourBE-TSO-0001FNC-00034entrykWh/h2021-12-01T01:00:00Z2022-01-01T00:00:00Z_NA1720,1,Physical Flow,hour,2021-12-11T19:00:00+01:00,2021-12-11T20:00:00+01:00,BE-TSO-0001,21X-BE-A-A0A0A-Y,Fluxys Belgium,FNC-00034,Final consumers (BE) (Fluxys) Industrial clients L-zone,21Y000000000045A,entry,kWh/h,No injection in transmission network from Industiral clients,,,2025-02-20T13:19:03+01:00,,,,,,,,1,2021-10-01T01:00:00+02:00,,,,,
1Physical FlowhourBE-TSO-0001FNC-00034entrykWh/h2021-12-01T01:00:00Z2022-01-01T00:00:00Z_NA1721,1,Physical Flow,hour,2021-12-11T20:00:00+01:00,2021-12-11T21:00:00+01:00,BE-TSO-0001,21X-BE-A-A0A0A-Y,Fluxys Belgium,FNC-00034,Final consumers (BE) (Fluxys) Industrial clients L-zone,21Y000000000045A,entry,kWh/h,No injection in transmission network from Industiral clients,,,2025-02-20T13:19:03+01:00,,,,,,,,1,2021-10-01T01:00:00+02:00,,,,,
1Physical FlowhourBE-TSO-0001FNC-00034entrykWh/h2021-12-01T01:00:00Z2022-01-01T00:00:00Z_NA1722,1,Physical Flow,hour,2021-12-11T21:00:00+01:00,2021-12-11T22:00:00+01:00,BE-TSO-0001,21X-BE-A-A0A0A-Y,Fluxys Belgium,FNC-00034,Final consumers (BE) (Fluxys) Industrial clients L-zone,21Y000000000045A,entry,kWh/h,No injection in transmission network from Industiral clients,,,2025-02-20T13:19:03+01:00,,,,,,,,1,2021-10-01T01:00:00+02:00,,,,,
1Physical FlowhourBE-TSO-0001FNC-00034entrykWh/h2021-12-01T01:00:00Z2022-01-01T00:00:00Z_NA1723,1,Physical Flow,hour,2021-12-11T22:00:00+01:00,2021-12-11T23:00:00+01:00,BE-TSO-0001,21X-BE-A-A0A0A-Y,Fluxys Belgium,FNC-00034,Final consumers (BE) (Fluxys) Industrial clients L-zone,21Y000000000045A,entry,kWh/h,No injection in transmission network from Industiral clients,,,2025-02-20T13:19:03+01:00,,,,,,,,1,2021-10-01T01:00:00+02:00,,,,,
1Physical FlowhourBE-TSO-0001FNC-00034entrykWh/h2021-12-01T01:00:00Z2022-01-01T00:00:00Z_NA1724,1,Physical Flow,hour,2021-12-11T23:00:00+01:00,2021-12-12T00:00:00+01:00,BE-TSO-0001,21X-BE-A-A0A0A-Y,Fluxys Belgium,FNC-00034,Final consumers (BE) (Fluxys) Industrial clients L-zone,21Y000000000045A,entry,kWh/h,No injection in transmission network from Industiral clients,,,2025-02-20T13:19:03+01:00,,,,,,,,1,2021-10-01T01:00:00+02:00,,,,,
1Physical FlowhourBE-TSO-0001FNC-00034entrykWh/h2021-12-01T01:00:00Z2022-01-01T00:00:00Z_NA1725,1,Physical Flow,hour,2021-12-12T00:00:00+01:00,2021-12-12T01:00:00+01:00,BE-TSO-0001,21X-BE-A-A0A0A-Y,Fluxys Belgium,FNC-00034,Final consumers (BE) (Fluxys) Industrial clients L-zone,21Y000000000045A,entry,kWh/h,No injection in transmission network from Industiral clients,,,2025-02-20T13:19:03+01:00,,,,,,,,1,2021-10-01T01:00:00+02:00,,,,,
1Physical FlowhourBE-TSO-0001FNC-00034entrykWh/h2021-12-01T01:00:00Z2022-01-01T00:00:00Z_NA1726,1,Physical Flow,hour,2021-12-12T01:00:00+01:00,2021-12-12T02:00:00+01:00,BE-TSO-0001,21X-BE-A-A0A0A-Y,Fluxys Belgium,FNC-00034,Final consumers (BE) (Fluxys) Industrial clients L-zone,21Y000000000045A,entry,kWh/h,No injection in transmission network from Industiral clients,,,2025-02-20T13:19:03+01:00,,,,,,,,1,2021-10-01T01:00:00+02:00,,,,,
1Physical FlowhourBE-TSO-0001FNC-00034entrykWh/h2021-12-01T01:00:00Z2022-01-01T00:00:00Z_NA1727,1,Physical Flow,hour,2021-12-12T02:00:00+01:00,2021-12-12T03:00:00+01:00,BE-TSO-0001,21X-BE-A-A0A0A-Y,Fluxys Belgium,FNC-00034,Final consumers (BE) (Fluxys) Industrial clients L-zone,21Y000000000045A,entry,kWh/h,No injection in transmission network from Industiral clients,,,2025-02-20T13:19:03+01:00,,,,,,,,1,2021-10-01T01:00:00+02:00,,,,,
1Physical FlowhourBE-TSO-0001FNC-00034entrykWh/h2021-12-01T01:00:00Z2022-01-01T00:00:00Z_NA1728,1,Physical Flow,hour,2021-12-12T03:00:00+01:00,2021-12-12T04:00:00+01:00,BE-TSO-0001,21X-BE-A-A0A0A-Y,Fluxys Belgium,FNC-00034,Final consumers (BE) (Fluxys) Industrial clients L-zone,21Y000000000045A,entry,kWh/h,No injection in transmission network from Industiral clients,,,2025-02-20T13:19:03+01:00,,,,,,,,1,2021-10-01T01:00:00+02:00,,,,,
1Physical FlowhourBE-TSO-0001FNC-00034entrykWh/h2021-12-01T01:00:00Z2022-01-01T00:00:00Z_NA1729,1,Physical Flow,hour,2021-12-12T04:00:00+01:00,2021-12-12T05:00:00+01:00,BE-TSO-0001,21X-BE-A-A0A0A-Y,Fluxys Belgium,FNC-00034,Final consumers (BE) (Fluxys) Industrial clients L-zone,21Y000000000045A,entry,kWh/h,No injection in transmission network from Industiral clients,,,2025-02-20T13:19:03+01:00,,,,,,,,1,2021-10-01T01:00:00+02:00,,,,,
1Physical FlowhourBE-TSO-0001FNC-00034entrykWh/h2021-12-01T01:00:00Z2022-01-01T00:00:00Z_NA1730,1,Physical Flow,hour,2021-12-12T05:00:00+01:00,2021-12-12T06:00:00+01:00,BE-TSO-0001,21X-BE-A-A0A0A-Y,Fluxys Belgium,FNC-00034,Final consumers (BE) (Fluxys) Industrial clients L-zone,21Y000000000045A,entry,kWh/h,No injection in transmission network from Industiral clients,,,2025-02-20T13:19:03+01:00,,,,,,,,1,2021-10-01T01:00:00+02:00,,,,,
1Physical FlowhourBE-TSO-0001FNC-00034entrykWh/h2021-12-01T01:00:00Z2022-01-01T00:00:00Z_NA1731,1,Physical Flow,hour,2021-12-12T06:00:00+01:00,2021-12-12T07:00:00+01:00,BE-TSO-0001,21X-BE-A-A0A0A-Y,Fluxys Belgium,FNC-00034,Final consumers (BE) (Fluxys) Industrial clients L-zone,21Y000000000045A,entry,kWh/h,No injection in transmission network from Industiral clients,,,2025-02-20T13:19:03+01:00,,,,,,,,1,2021-10-01T01:00:00+02:00,,,,,
1Physical FlowhourBE-TSO-0001FNC-00034entrykWh/h2021-12-01T01:00:00Z2022-01-01T00:00:00Z_NA1732,1,Physical Flow,hour,2021-12-12T07:00:00+01:00,2021-12-12T08:00:00+01:00,BE-TSO-0001,21X-BE-A-A0A0A-Y,Fluxys Belgium,FNC-00034,Final consumers (BE) (Fluxys) Industrial clients L-zone,21Y000000000045A,entry,kWh/h,No injection in transmission network from Industiral clients,,,2025-02-20T13:19:03+01:00,,,,,,,,1,2021-10-01T01:00:00+02:00,,,,,
1Physical FlowhourBE-TSO-0001FNC-00034entrykWh/h2021-12-01T01:00:00Z2022-01-01T00:00:00Z_NA1733,1,Physical Flow,hour,2021-12-12T08:00:00+01:00,2021-12-12T09:00:00+01:00,BE-TSO-0001,21X-BE-A-A0A0A-Y,Fluxys Belgium,FNC-00034,Final consumers (BE) (Fluxys) Industrial clients L-zone,21Y000000000045A,entry,kWh/h,No injection in transmission network from Industiral clients,,,2025-02-20T13:19:03+01:00,,,,,,,,1,2021-10-01T01:00:00+02:00,,,,,
1Physical FlowhourBE-TSO-0001FNC-00034entrykWh/h2021-12-01T01:00:00Z2022-01-01T00:00:00Z_NA1734,1,Physical Flow,hour,2021-12-12T09:00:00+01:00,2021-12-12T10:00:00+01:00,BE-TSO-0001,21X-BE-A-A0A0A-Y,Fluxys Belgium,FNC-00034,Final consumers (BE) (Fluxys) Industrial clients L-zone,21Y000000000045A,entry,kWh/h,No injection in transmission network from Industiral clients,,,2025-02-20T13:19:03+01:00,,,,,,,,1,2021-10-01T01:00:00+02:00,,,,,
1Physical FlowhourBE-TSO-0001FNC-00034entrykWh/h2021-12-01T01:00:00Z2022-01-01T00:00:00Z_NA1735,1,Physical Flow,hour,2021-12-12T10:00:00+01:00,2021-12-12T11:00:00+01:00,BE-TSO-0001,21X-BE-A-A0A0A-Y,Fluxys Belgium,FNC-00034,Final consumers (BE) (Fluxys) Industrial clients L-zone,21Y000000000045A,entry,kWh/h,No injection in transmission network from Industiral clients,,,2025-02-20T13:19:03+01:00,,,,,,,,1,2021-10-01T01:00:00+02:00,,,,,
1Physical FlowhourBE-TSO-0001FNC-00034entrykWh/h2021-12-01T01:00:00Z2022-01-01T00:00:00Z_NA1736,1,Physical Flow,hour,2021-12-12T11:00:00+01:00,2021-12-12T12:00:00+01:00,BE-TSO-0001,21X-BE-A-A0A0A-Y,Fluxys Belgium,FNC-00034,Final consumers (BE) (Fluxys) Industrial clients L-zone,21Y000000000045A,entry,kWh/h,No injection in transmission network from Industiral clients,,,2025-02-20T13:19:03+01:00,,,,,,,,1,2021-10-01T01:00:00+02:00,,,,,
1Physical FlowhourBE-TSO-0001FNC-00034entrykWh/h2021-12-01T01:00:00Z2022-01-01T00:00:00Z_NA1737,1,Physical Flow,hour,2021-12-12T12:00:00+01:00,2021-12-12T13:00:00+01:00,BE-TSO-0001,21X-BE-A-A0A0A-Y,Fluxys Belgium,FNC-00034,Final consumers (BE) (Fluxys) Industrial clients L-zone,21Y000000000045A,entry,kWh/h,No injection in transmission network from Industiral clients,,,2025-02-20T13:19:03+01:00,,,,,,,,1,2021-10-01T01:00:00+02:00,,,,,
1Physical FlowhourBE-TSO-0001FNC-00034entrykWh/h2021-12-01T01:00:00Z2022-01-01T00:00:00Z_NA1738,1,Physical Flow,hour,2021-12-12T13:00:00+01:00,2021-12-12T14:00:00+01:00,BE-TSO-0001,21X-BE-A-A0A0A-Y,Fluxys Belgium,FNC-00034,Final consumers (BE) (Fluxys) Industrial clients L-zone,21Y000000000045A,entry,kWh/h,No injection in transmission network from Industiral clients,,,2025-02-20T13:19:03+01:00,,,,,,,,1,2021-10-01T01:00:00+02:00,,,,,
1Physical FlowhourBE-TSO-0001FNC-00034entrykWh/h2021-12-01T01:00:00Z2022-01-01T00:00:00Z_NA1739,1,Physical Flow,hour,2021-12-12T14:00:00+01:00,2021-12-12T15:00:00+01:00,BE-TSO-0001,21X-BE-A-A0A0A-Y,Fluxys Belgium,FNC-00034,Final consumers (BE) (Fluxys) Industrial clients L-zone,21Y000000000045A,entry,kWh/h,No injection in transmission network from Industiral clients,,,2025-02-20T13:19:03+01:00,,,,,,,,1,2021-10-01T01:00:00+02:00,,,,,
1Physical FlowhourBE-TSO-0001FNC-00034entrykWh/h2021-12-01T01:00:00Z2022-01-01T00:00:00Z_NA1740,1,Physical Flow,hour,2021-12-12T15:00:00+01:00,2021-12-12T16:00:00+01:00,BE-TSO-0001,21X-BE-A-A0A0A-Y,Fluxys Belgium,FNC-00034,Final consumers (BE) (Fluxys) Industrial clients L-zone,21Y000000000045A,entry,kWh/h,No injection in transmission network from Industiral clients,,,2025-02-20T13:19:03+01:00,,,,,,,,1,2021-10-01T01:00:00+02:00,,,,,
1Physical FlowhourBE-TSO-0001FNC-00034entrykWh/h2021-12-01T01:00:00Z2022-01-01T00:00:00Z_NA1741,1,Physical Flow,hour,2021-12-12T16:00:00+01:00,2021-12-12T17:00:00+01:00,BE-TSO-0001,21X-BE-A-A0A0A-Y,Fluxys Belgium,FNC-00034,Final consumers (BE) (Fluxys) Industrial clients L-zone,21Y000000000045A,entry,kWh/h,No injection in transmission network from Industiral clients,,,2025-02-20T13:19:03+01:00,,,,,,,,1,2021-10-01T01:00:00+02:00,,,,,
1Physical FlowhourBE-TSO-0001FNC-00034entrykWh/h2021-12-01T01:00:00Z2022-01-01T00:00:00Z_NA1742,1,Physical Flow,hour,2021-12-12T17:00:00+01:00,2021-12-12T18:00:00+01:00,BE-TSO-0001,21X-BE-A-A0A0A-Y,Fluxys Belgium,FNC-00034,Final consumers (BE) (Fluxys) Industrial clients L-zone,21Y000000000045A,entry,kWh/h,No injection in transmission network from Industiral clients,,,2025-02-20T13:19:03+01:00,,,,,,,,1,2021-10-01T01:00:00+02:00,,,,,
1Physical FlowhourBE-TSO-0001FNC-00034entrykWh/h2021-12-01T01:00:00Z2022-01-01T00:00:00Z_NA1743,1,Physical Flow,hour,2021-12-12T18:00:00+01:00,2021-12-12T19:00:00+01:00,BE-TSO-0001,21X-BE-A-A0A0A-Y,Fluxys Belgium,FNC-00034,Final consumers (BE) (Fluxys) Industrial clients L-zone,21Y000000000045A,entry,kWh/h,No injection in transmission network from Industiral clients,,,2025-02-20T13:19:03+01:00,,,,,,,,1,2021-10-01T01:00:00+02:00,,,,,
1Physical FlowhourBE-TSO-0001FNC-00034entrykWh/h2021-12-01T01:00:00Z2022-01-01T00:00:00Z_NA1744,1,Physical Flow,hour,2021-12-12T19:00:00+01:00,2021-12-12T20:00:00+01:00,BE-TSO-0001,21X-BE-A-A0A0A-Y,Fluxys Belgium,FNC-00034,Final consumers (BE) (Fluxys) Industrial clients L-zone,21Y000000000045A,entry,kWh/h,No injection in transmission network from Industiral clients,,,2025-02-20T13:19:03+01:00,,,,,,,,1,2021-10-01T01:00:00+02:00,,,,,
1Physical FlowhourBE-TSO-0001FNC-00034entrykWh/h2021-12-01T01:00:00Z2022-01-01T00:00:00Z_NA1745,1,Physical Flow,hour,2021-12-12T20:00:00+01:00,2021-12-12T21:00:00+01:00,BE-TSO-0001,21X-BE-A-A0A0A-Y,Fluxys Belgium,FNC-00034,Final consumers (BE) (Fluxys) Industrial clients L-zone,21Y000000000045A,entry,kWh/h,No injection in transmission network from Industiral clients,,,2025-02-20T13:19:03+01:00,,,,,,,,1,2021-10-01T01:00:00+02:00,,,,,
1Physical FlowhourBE-TSO-0001FNC-00034entrykWh/h2021-12-01T01:00:00Z2022-01-01T00:00:00Z_NA1746,1,Physical Flow,hour,2021-12-12T21:00:00+01:00,2021-12-12T22:00:00+01:00,BE-TSO-0001,21X-BE-A-A0A0A-Y,Fluxys Belgium,FNC-00034,Final consumers (BE) (Fluxys) Industrial clients L-zone,21Y000000000045A,entry,kWh/h,No injection in transmission network from Industiral clients,,,2025-02-20T13:19:03+01:00,,,,,,,,1,2021-10-01T01:00:00+02:00,,,,,
1Physical FlowhourBE-TSO-0001FNC-00034entrykWh/h2021-12-01T01:00:00Z2022-01-01T00:00:00Z_NA1747,1,Physical Flow,hour,2021-12-12T22:00:00+01:00,2021-12-12T23:00:00+01:00,BE-TSO-0001,21X-BE-A-A0A0A-Y,Fluxys Belgium,FNC-00034,Final consumers (BE) (Fluxys) Industrial clients L-zone,21Y000000000045A,entry,kWh/h,No injection in transmission network from Industiral clients,,,2025-02-20T13:19:03+01:00,,,,,,,,1,2021-10-01T01:00:00+02:00,,,,,
1Physical FlowhourBE-TSO-0001FNC-00034entrykWh/h2021-12-01T01:00:00Z2022-01-01T00:00:00Z_NA1748,1,Physical Flow,hour,2021-12-12T23:00:00+01:00,2021-12-13T00:00:00+01:00,BE-TSO-0001,21X-BE-A-A0A0A-Y,Fluxys Belgium,FNC-00034,Final consumers (BE) (Fluxys) Industrial clients L-zone,21Y000000000045A,entry,kWh/h,No injection in transmission network from Industiral clients,,,2025-02-20T13:19:03+01:00,,,,,,,,1,2021-10-01T01:00:00+02:00,,,,,
1Physical FlowhourBE-TSO-0001FNC-00034entrykWh/h2021-12-01T01:00:00Z2022-01-01T00:00:00Z_NA1749,1,Physical Flow,hour,2021-12-13T00:00:00+01:00,2021-12-13T01:00:00+01:00,BE-TSO-0001,21X-BE-A-A0A0A-Y,Fluxys Belgium,FNC-00034,Final consumers (BE) (Fluxys) Industrial clients L-zone,21Y000000000045A,entry,kWh/h,No injection in transmission network from Industiral clients,,,2025-02-20T13:19:03+01:00,,,,,,,,1,2021-10-01T01:00:00+02:00,,,,,
1Physical FlowhourBE-TSO-0001FNC-00034entrykWh/h2021-12-01T01:00:00Z2022-01-01T00:00:00Z_NA1750,1,Physical Flow,hour,2021-12-13T01:00:00+01:00,2021-12-13T02:00:00+01:00,BE-TSO-0001,21X-BE-A-A0A0A-Y,Fluxys Belgium,FNC-00034,Final consumers (BE) (Fluxys) Industrial clients L-zone,21Y000000000045A,entry,kWh/h,No injection in transmission network from Industiral clients,,,2025-02-20T13:19:03+01:00,,,,,,,,1,2021-10-01T01:00:00+02:00,,,,,
1Physical FlowhourBE-TSO-0001FNC-00034entrykWh/h2021-12-01T01:00:00Z2022-01-01T00:00:00Z_NA1751,1,Physical Flow,hour,2021-12-13T02:00:00+01:00,2021-12-13T03:00:00+01:00,BE-TSO-0001,21X-BE-A-A0A0A-Y,Fluxys Belgium,FNC-00034,Final consumers (BE) (Fluxys) Industrial clients L-zone,21Y000000000045A,entry,kWh/h,No injection in transmission network from Industiral clients,,,2025-02-20T13:19:03+01:00,,,,,,,,1,2021-10-01T01:00:00+02:00,,,,,
1Physical FlowhourBE-TSO-0001FNC-00034entrykWh/h2021-12-01T01:00:00Z2022-01-01T00:00:00Z_NA1752,1,Physical Flow,hour,2021-12-13T03:00:00+01:00,2021-12-13T04:00:00+01:00,BE-TSO-0001,21X-BE-A-A0A0A-Y,Fluxys Belgium,FNC-00034,Final consumers (BE) (Fluxys) Industrial clients L-zone,21Y000000000045A,entry,kWh/h,No injection in transmission network from Industiral clients,,,2025-02-20T13:19:03+01:00,,,,,,,,1,2021-10-01T01:00:00+02:00,,,,,
1Physical FlowhourBE-TSO-0001FNC-00034entrykWh/h2021-12-01T01:00:00Z2022-01-01T00:00:00Z_NA1753,1,Physical Flow,hour,2021-12-13T04:00:00+01:00,2021-12-13T05:00:00+01:00,BE-TSO-0001,21X-BE-A-A0A0A-Y,Fluxys Belgium,FNC-00034,Final consumers (BE) (Fluxys) Industrial clients L-zone,21Y000000000045A,entry,kWh/h,No injection in transmission network from Industiral clients,,,2025-02-20T13:19:03+01:00,,,,,,,,1,2021-10-01T01:00:00+02:00,,,,,
1Physical FlowhourBE-TSO-0001FNC-00034entrykWh/h2021-12-01T01:00:00Z2022-01-01T00:00:00Z_NA1754,1,Physical Flow,hour,2021-12-13T05:00:00+01:00,2021-12-13T06:00:00+01:00,BE-TSO-0001,21X-BE-A-A0A0A-Y,Fluxys Belgium,FNC-00034,Final consumers (BE) (Fluxys) Industrial clients L-zone,21Y000000000045A,entry,kWh/h,No injection in transmission network from Industiral clients,,,2025-02-20T13:19:03+01:00,,,,,,,,1,2021-10-01T01:00:00+02:00,,,,,
1Physical FlowhourBE-TSO-0001FNC-00034entrykWh/h2021-12-01T01:00:00Z2022-01-01T00:00:00Z_NA1755,1,Physical Flow,hour,2021-12-13T06:00:00+01:00,2021-12-13T07:00:00+01:00,BE-TSO-0001,21X-BE-A-A0A0A-Y,Fluxys Belgium,FNC-00034,Final consumers (BE) (Fluxys) Industrial clients L-zone,21Y000000000045A,entry,kWh/h,No injection in transmission network from Industiral clients,,,2025-02-20T13:19:03+01:00,,,,,,,,1,2021-10-01T01:00:00+02:00,,,,,
1Physical FlowhourBE-TSO-0001FNC-00034entrykWh/h2021-12-01T01:00:00Z2022-01-01T00:00:00Z_NA1756,1,Physical Flow,hour,2021-12-13T07:00:00+01:00,2021-12-13T08:00:00+01:00,BE-TSO-0001,21X-BE-A-A0A0A-Y,Fluxys Belgium,FNC-00034,Final consumers (BE) (Fluxys) Industrial clients L-zone,21Y000000000045A,entry,kWh/h,No injection in transmission network from Industiral clients,,,2025-02-20T13:19:03+01:00,,,,,,,,1,2021-10-01T01:00:00+02:00,,,,,
1Physical FlowhourBE-TSO-0001FNC-00034entrykWh/h2021-12-01T01:00:00Z2022-01-01T00:00:00Z_NA1757,1,Physical Flow,hour,2021-12-13T08:00:00+01:00,2021-12-13T09:00:00+01:00,BE-TSO-0001,21X-BE-A-A0A0A-Y,Fluxys Belgium,FNC-00034,Final consumers (BE) (Fluxys) Industrial clients L-zone,21Y000000000045A,entry,kWh/h,No injection in transmission network from Industiral clients,,,2025-02-20T13:19:03+01:00,,,,,,,,1,2021-10-01T01:00:00+02:00,,,,,
1Physical FlowhourBE-TSO-0001FNC-00034entrykWh/h2021-12-01T01:00:00Z2022-01-01T00:00:00Z_NA1758,1,Physical Flow,hour,2021-12-13T09:00:00+01:00,2021-12-13T10:00:00+01:00,BE-TSO-0001,21X-BE-A-A0A0A-Y,Fluxys Belgium,FNC-00034,Final consumers (BE) (Fluxys) Industrial clients L-zone,21Y000000000045A,entry,kWh/h,No injection in transmission network from Industiral clients,,,2025-02-20T13:19:03+01:00,,,,,,,,1,2021-10-01T01:00:00+02:00,,,,,
1Physical FlowhourBE-TSO-0001FNC-00034entrykWh/h2021-12-01T01:00:00Z2022-01-01T00:00:00Z_NA1759,1,Physical Flow,hour,2021-12-13T10:00:00+01:00,2021-12-13T11:00:00+01:00,BE-TSO-0001,21X-BE-A-A0A0A-Y,Fluxys Belgium,FNC-00034,Final consumers (BE) (Fluxys) Industrial clients L-zone,21Y000000000045A,entry,kWh/h,No injection in transmission network from Industiral clients,,,2025-02-20T13:19:03+01:00,,,,,,,,1,2021-10-01T01:00:00+02:00,,,,,
1Physical FlowhourBE-TSO-0001FNC-00034entrykWh/h2021-12-01T01:00:00Z2022-01-01T00:00:00Z_NA1760,1,Physical Flow,hour,2021-12-13T11:00:00+01:00,2021-12-13T12:00:00+01:00,BE-TSO-0001,21X-BE-A-A0A0A-Y,Fluxys Belgium,FNC-00034,Final consumers (BE) (Fluxys) Industrial clients L-zone,21Y000000000045A,entry,kWh/h,No injection in transmission network from Industiral clients,,,2025-02-20T13:19:03+01:00,,,,,,,,1,2021-10-01T01:00:00+02:00,,,,,
1Physical FlowhourBE-TSO-0001FNC-00034entrykWh/h2021-12-01T01:00:00Z2022-01-01T00:00:00Z_NA1761,1,Physical Flow,hour,2021-12-13T12:00:00+01:00,2021-12-13T13:00:00+01:00,BE-TSO-0001,21X-BE-A-A0A0A-Y,Fluxys Belgium,FNC-00034,Final consumers (BE) (Fluxys) Industrial clients L-zone,21Y000000000045A,entry,kWh/h,No injection in transmission network from Industiral clients,,,2025-02-20T13:19:03+01:00,,,,,,,,1,2021-10-01T01:00:00+02:00,,,,,
1Physical FlowhourBE-TSO-0001FNC-00034entrykWh/h2021-12-01T01:00:00Z2022-01-01T00:00:00Z_NA1762,1,Physical Flow,hour,2021-12-13T13:00:00+01:00,2021-12-13T14:00:00+01:00,BE-TSO-0001,21X-BE-A-A0A0A-Y,Fluxys Belgium,FNC-00034,Final consumers (BE) (Fluxys) Industrial clients L-zone,21Y000000000045A,entry,kWh/h,No injection in transmission network from Industiral clients,,,2025-02-20T13:19:03+01:00,,,,,,,,1,2021-10-01T01:00:00+02:00,,,,,
1Physical FlowhourBE-TSO-0001FNC-00034entrykWh/h2021-12-01T01:00:00Z2022-01-01T00:00:00Z_NA1763,1,Physical Flow,hour,2021-12-13T14:00:00+01:00,2021-12-13T15:00:00+01:00,BE-TSO-0001,21X-BE-A-A0A0A-Y,Fluxys Belgium,FNC-00034,Final consumers (BE) (Fluxys) Industrial clients L-zone,21Y000000000045A,entry,kWh/h,No injection in transmission network from Industiral clients,,,2025-02-20T13:19:03+01:00,,,,,,,,1,2021-10-01T01:00:00+02:00,,,,,
1Physical FlowhourBE-TSO-0001FNC-00034entrykWh/h2021-12-01T01:00:00Z2022-01-01T00:00:00Z_NA1764,1,Physical Flow,hour,2021-12-13T15:00:00+01:00,2021-12-13T16:00:00+01:00,BE-TSO-0001,21X-BE-A-A0A0A-Y,Fluxys Belgium,FNC-00034,Final consumers (BE) (Fluxys) Industrial clients L-zone,21Y000000000045A,entry,kWh/h,No injection in transmission network from Industiral clients,,,2025-02-20T13:19:03+01:00,,,,,,,,1,2021-10-01T01:00:00+02:00,,,,,
1Physical FlowhourBE-TSO-0001FNC-00034entrykWh/h2021-12-01T01:00:00Z2022-01-01T00:00:00Z_NA1765,1,Physical Flow,hour,2021-12-13T16:00:00+01:00,2021-12-13T17:00:00+01:00,BE-TSO-0001,21X-BE-A-A0A0A-Y,Fluxys Belgium,FNC-00034,Final consumers (BE) (Fluxys) Industrial clients L-zone,21Y000000000045A,entry,kWh/h,No injection in transmission network from Industiral clients,,,2025-02-20T13:19:03+01:00,,,,,,,,1,2021-10-01T01:00:00+02:00,,,,,
1Physical FlowhourBE-TSO-0001FNC-00034entrykWh/h2021-12-01T01:00:00Z2022-01-01T00:00:00Z_NA1766,1,Physical Flow,hour,2021-12-13T17:00:00+01:00,2021-12-13T18:00:00+01:00,BE-TSO-0001,21X-BE-A-A0A0A-Y,Fluxys Belgium,FNC-00034,Final consumers (BE) (Fluxys) Industrial clients L-zone,21Y000000000045A,entry,kWh/h,No injection in transmission network from Industiral clients,,,2025-02-20T13:19:03+01:00,,,,,,,,1,2021-10-01T01:00:00+02:00,,,,,
1Physical FlowhourBE-TSO-0001FNC-00034entrykWh/h2021-12-01T01:00:00Z2022-01-01T00:00:00Z_NA1767,1,Physical Flow,hour,2021-12-13T18:00:00+01:00,2021-12-13T19:00:00+01:00,BE-TSO-0001,21X-BE-A-A0A0A-Y,Fluxys Belgium,FNC-00034,Final consumers (BE) (Fluxys) Industrial clients L-zone,21Y000000000045A,entry,kWh/h,No injection in transmission network from Industiral clients,,,2025-02-20T13:19:03+01:00,,,,,,,,1,2021-10-01T01:00:00+02:00,,,,,
1Physical FlowhourBE-TSO-0001FNC-00034entrykWh/h2021-12-01T01:00:00Z2022-01-01T00:00:00Z_NA1768,1,Physical Flow,hour,2021-12-13T19:00:00+01:00,2021-12-13T20:00:00+01:00,BE-TSO-0001,21X-BE-A-A0A0A-Y,Fluxys Belgium,FNC-00034,Final consumers (BE) (Fluxys) Industrial clients L-zone,21Y000000000045A,entry,kWh/h,No injection in transmission network from Industiral clients,,,2025-02-20T13:19:03+01:00,,,,,,,,1,2021-10-01T01:00:00+02:00,,,,,
1Physical FlowhourBE-TSO-0001FNC-00034entrykWh/h2021-12-01T01:00:00Z2022-01-01T00:00:00Z_NA1769,1,Physical Flow,hour,2021-12-13T20:00:00+01:00,2021-12-13T21:00:00+01:00,BE-TSO-0001,21X-BE-A-A0A0A-Y,Fluxys Belgium,FNC-00034,Final consumers (BE) (Fluxys) Industrial clients L-zone,21Y000000000045A,entry,kWh/h,No injection in transmission network from Industiral clients,,,2025-02-20T13:19:03+01:00,,,,,,,,1,2021-10-01T01:00:00+02:00,,,,,
1Physical FlowhourBE-TSO-0001FNC-00034entrykWh/h2021-12-01T01:00:00Z2022-01-01T00:00:00Z_NA1770,1,Physical Flow,hour,2021-12-13T21:00:00+01:00,2021-12-13T22:00:00+01:00,BE-TSO-0001,21X-BE-A-A0A0A-Y,Fluxys Belgium,FNC-00034,Final consumers (BE) (Fluxys) Industrial clients L-zone,21Y000000000045A,entry,kWh/h,No injection in transmission network from Industiral clients,,,2025-02-20T13:19:03+01:00,,,,,,,,1,2021-10-01T01:00:00+02:00,,,,,
1Physical FlowhourBE-TSO-0001FNC-00034entrykWh/h2021-12-01T01:00:00Z2022-01-01T00:00:00Z_NA1771,1,Physical Flow,hour,2021-12-13T22:00:00+01:00,2021-12-13T23:00:00+01:00,BE-TSO-0001,21X-BE-A-A0A0A-Y,Fluxys Belgium,FNC-00034,Final consumers (BE) (Fluxys) Industrial clients L-zone,21Y000000000045A,entry,kWh/h,No injection in transmission network from Industiral clients,,,2025-02-20T13:19:03+01:00,,,,,,,,1,2021-10-01T01:00:00+02:00,,,,,
1Physical FlowhourBE-TSO-0001FNC-00034entrykWh/h2021-12-01T01:00:00Z2022-01-01T00:00:00Z_NA1772,1,Physical Flow,hour,2021-12-13T23:00:00+01:00,2021-12-14T00:00:00+01:00,BE-TSO-0001,21X-BE-A-A0A0A-Y,Fluxys Belgium,FNC-00034,Final consumers (BE) (Fluxys) Industrial clients L-zone,21Y000000000045A,entry,kWh/h,No injection in transmission network from Industiral clients,,,2025-02-20T13:19:03+01:00,,,,,,,,1,2021-10-01T01:00:00+02:00,,,,,
1Physical FlowhourBE-TSO-0001FNC-00034entrykWh/h2021-12-01T01:00:00Z2022-01-01T00:00:00Z_NA1773,1,Physical Flow,hour,2021-12-14T00:00:00+01:00,2021-12-14T01:00:00+01:00,BE-TSO-0001,21X-BE-A-A0A0A-Y,Fluxys Belgium,FNC-00034,Final consumers (BE) (Fluxys) Industrial clients L-zone,21Y000000000045A,entry,kWh/h,No injection in transmission network from Industiral clients,,,2025-02-20T13:19:03+01:00,,,,,,,,1,2021-10-01T01:00:00+02:00,,,,,
1Physical FlowhourBE-TSO-0001FNC-00034entrykWh/h2021-12-01T01:00:00Z2022-01-01T00:00:00Z_NA1774,1,Physical Flow,hour,2021-12-14T01:00:00+01:00,2021-12-14T02:00:00+01:00,BE-TSO-0001,21X-BE-A-A0A0A-Y,Fluxys Belgium,FNC-00034,Final consumers (BE) (Fluxys) Industrial clients L-zone,21Y000000000045A,entry,kWh/h,No injection in transmission network from Industiral clients,,,2025-02-20T13:19:03+01:00,,,,,,,,1,2021-10-01T01:00:00+02:00,,,,,
1Physical FlowhourBE-TSO-0001FNC-00034entrykWh/h2021-12-01T01:00:00Z2022-01-01T00:00:00Z_NA1775,1,Physical Flow,hour,2021-12-14T02:00:00+01:00,2021-12-14T03:00:00+01:00,BE-TSO-0001,21X-BE-A-A0A0A-Y,Fluxys Belgium,FNC-00034,Final consumers (BE) (Fluxys) Industrial clients L-zone,21Y000000000045A,entry,kWh/h,No injection in transmission network from Industiral clients,,,2025-02-20T13:19:03+01:00,,,,,,,,1,2021-10-01T01:00:00+02:00,,,,,
1Physical FlowhourBE-TSO-0001FNC-00034entrykWh/h2021-12-01T01:00:00Z2022-01-01T00:00:00Z_NA1776,1,Physical Flow,hour,2021-12-14T03:00:00+01:00,2021-12-14T04:00:00+01:00,BE-TSO-0001,21X-BE-A-A0A0A-Y,Fluxys Belgium,FNC-00034,Final consumers (BE) (Fluxys) Industrial clients L-zone,21Y000000000045A,entry,kWh/h,No injection in transmission network from Industiral clients,,,2025-02-20T13:19:03+01:00,,,,,,,,1,2021-10-01T01:00:00+02:00,,,,,
1Physical FlowhourBE-TSO-0001FNC-00034entrykWh/h2021-12-01T01:00:00Z2022-01-01T00:00:00Z_NA1777,1,Physical Flow,hour,2021-12-14T04:00:00+01:00,2021-12-14T05:00:00+01:00,BE-TSO-0001,21X-BE-A-A0A0A-Y,Fluxys Belgium,FNC-00034,Final consumers (BE) (Fluxys) Industrial clients L-zone,21Y000000000045A,entry,kWh/h,No injection in transmission network from Industiral clients,,,2025-02-20T13:19:03+01:00,,,,,,,,1,2021-10-01T01:00:00+02:00,,,,,
1Physical FlowhourBE-TSO-0001FNC-00034entrykWh/h2021-12-01T01:00:00Z2022-01-01T00:00:00Z_NA1778,1,Physical Flow,hour,2021-12-14T05:00:00+01:00,2021-12-14T06:00:00+01:00,BE-TSO-0001,21X-BE-A-A0A0A-Y,Fluxys Belgium,FNC-00034,Final consumers (BE) (Fluxys) Industrial clients L-zone,21Y000000000045A,entry,kWh/h,No injection in transmission network from Industiral clients,,,2025-02-20T13:19:03+01:00,,,,,,,,1,2021-10-01T01:00:00+02:00,,,,,
1Physical FlowhourBE-TSO-0001FNC-00034entrykWh/h2021-12-01T01:00:00Z2022-01-01T00:00:00Z_NA1779,1,Physical Flow,hour,2021-12-14T06:00:00+01:00,2021-12-14T07:00:00+01:00,BE-TSO-0001,21X-BE-A-A0A0A-Y,Fluxys Belgium,FNC-00034,Final consumers (BE) (Fluxys) Industrial clients L-zone,21Y000000000045A,entry,kWh/h,No injection in transmission network from Industiral clients,,,2025-02-20T13:19:03+01:00,,,,,,,,1,2021-10-01T01:00:00+02:00,,,,,
1Physical FlowhourBE-TSO-0001FNC-00034entrykWh/h2021-12-01T01:00:00Z2022-01-01T00:00:00Z_NA1780,1,Physical Flow,hour,2021-12-14T07:00:00+01:00,2021-12-14T08:00:00+01:00,BE-TSO-0001,21X-BE-A-A0A0A-Y,Fluxys Belgium,FNC-00034,Final consumers (BE) (Fluxys) Industrial clients L-zone,21Y000000000045A,entry,kWh/h,No injection in transmission network from Industiral clients,,,2025-02-20T13:19:03+01:00,,,,,,,,1,2021-10-01T01:00:00+02:00,,,,,
1Physical FlowhourBE-TSO-0001FNC-00034entrykWh/h2021-12-01T01:00:00Z2022-01-01T00:00:00Z_NA1781,1,Physical Flow,hour,2021-12-14T08:00:00+01:00,2021-12-14T09:00:00+01:00,BE-TSO-0001,21X-BE-A-A0A0A-Y,Fluxys Belgium,FNC-00034,Final consumers (BE) (Fluxys) Industrial clients L-zone,21Y000000000045A,entry,kWh/h,No injection in transmission network from Industiral clients,,,2025-02-20T13:19:03+01:00,,,,,,,,1,2021-10-01T01:00:00+02:00,,,,,
1Physical FlowhourBE-TSO-0001FNC-00034entrykWh/h2021-12-01T01:00:00Z2022-01-01T00:00:00Z_NA1782,1,Physical Flow,hour,2021-12-14T09:00:00+01:00,2021-12-14T10:00:00+01:00,BE-TSO-0001,21X-BE-A-A0A0A-Y,Fluxys Belgium,FNC-00034,Final consumers (BE) (Fluxys) Industrial clients L-zone,21Y000000000045A,entry,kWh/h,No injection in transmission network from Industiral clients,,,2025-02-20T13:19:03+01:00,,,,,,,,1,2021-10-01T01:00:00+02:00,,,,,
1Physical FlowhourBE-TSO-0001FNC-00034entrykWh/h2021-12-01T01:00:00Z2022-01-01T00:00:00Z_NA1783,1,Physical Flow,hour,2021-12-14T10:00:00+01:00,2021-12-14T11:00:00+01:00,BE-TSO-0001,21X-BE-A-A0A0A-Y,Fluxys Belgium,FNC-00034,Final consumers (BE) (Fluxys) Industrial clients L-zone,21Y000000000045A,entry,kWh/h,No injection in transmission network from Industiral clients,,,2025-02-20T13:19:03+01:00,,,,,,,,1,2021-10-01T01:00:00+02:00,,,,,
1Physical FlowhourBE-TSO-0001FNC-00034entrykWh/h2021-12-01T01:00:00Z2022-01-01T00:00:00Z_NA1784,1,Physical Flow,hour,2021-12-14T11:00:00+01:00,2021-12-14T12:00:00+01:00,BE-TSO-0001,21X-BE-A-A0A0A-Y,Fluxys Belgium,FNC-00034,Final consumers (BE) (Fluxys) Industrial clients L-zone,21Y000000000045A,entry,kWh/h,No injection in transmission network from Industiral clients,,,2025-02-20T13:19:03+01:00,,,,,,,,1,2021-10-01T01:00:00+02:00,,,,,
1Physical FlowhourBE-TSO-0001FNC-00034entrykWh/h2021-12-01T01:00:00Z2022-01-01T00:00:00Z_NA1785,1,Physical Flow,hour,2021-12-14T12:00:00+01:00,2021-12-14T13:00:00+01:00,BE-TSO-0001,21X-BE-A-A0A0A-Y,Fluxys Belgium,FNC-00034,Final consumers (BE) (Fluxys) Industrial clients L-zone,21Y000000000045A,entry,kWh/h,No injection in transmission network from Industiral clients,,,2025-02-20T13:19:03+01:00,,,,,,,,1,2021-10-01T01:00:00+02:00,,,,,
1Physical FlowhourBE-TSO-0001FNC-00034entrykWh/h2021-12-01T01:00:00Z2022-01-01T00:00:00Z_NA1786,1,Physical Flow,hour,2021-12-14T13:00:00+01:00,2021-12-14T14:00:00+01:00,BE-TSO-0001,21X-BE-A-A0A0A-Y,Fluxys Belgium,FNC-00034,Final consumers (BE) (Fluxys) Industrial clients L-zone,21Y000000000045A,entry,kWh/h,No injection in transmission network from Industiral clients,,,2025-02-20T13:19:03+01:00,,,,,,,,1,2021-10-01T01:00:00+02:00,,,,,
1Physical FlowhourBE-TSO-0001FNC-00034entrykWh/h2021-12-01T01:00:00Z2022-01-01T00:00:00Z_NA1787,1,Physical Flow,hour,2021-12-14T14:00:00+01:00,2021-12-14T15:00:00+01:00,BE-TSO-0001,21X-BE-A-A0A0A-Y,Fluxys Belgium,FNC-00034,Final consumers (BE) (Fluxys) Industrial clients L-zone,21Y000000000045A,entry,kWh/h,No injection in transmission network from Industiral clients,,,2025-02-20T13:19:03+01:00,,,,,,,,1,2021-10-01T01:00:00+02:00,,,,,
1Physical FlowhourBE-TSO-0001FNC-00034entrykWh/h2021-12-01T01:00:00Z2022-01-01T00:00:00Z_NA1788,1,Physical Flow,hour,2021-12-14T15:00:00+01:00,2021-12-14T16:00:00+01:00,BE-TSO-0001,21X-BE-A-A0A0A-Y,Fluxys Belgium,FNC-00034,Final consumers (BE) (Fluxys) Industrial clients L-zone,21Y000000000045A,entry,kWh/h,No injection in transmission network from Industiral clients,,,2025-02-20T13:19:03+01:00,,,,,,,,1,2021-10-01T01:00:00+02:00,,,,,
1Physical FlowhourBE-TSO-0001FNC-00034entrykWh/h2021-12-01T01:00:00Z2022-01-01T00:00:00Z_NA1789,1,Physical Flow,hour,2021-12-14T16:00:00+01:00,2021-12-14T17:00:00+01:00,BE-TSO-0001,21X-BE-A-A0A0A-Y,Fluxys Belgium,FNC-00034,Final consumers (BE) (Fluxys) Industrial clients L-zone,21Y000000000045A,entry,kWh/h,No injection in transmission network from Industiral clients,,,2025-02-20T13:19:03+01:00,,,,,,,,1,2021-10-01T01:00:00+02:00,,,,,
1Physical FlowhourBE-TSO-0001FNC-00034entrykWh/h2021-12-01T01:00:00Z2022-01-01T00:00:00Z_NA1790,1,Physical Flow,hour,2021-12-14T17:00:00+01:00,2021-12-14T18:00:00+01:00,BE-TSO-0001,21X-BE-A-A0A0A-Y,Fluxys Belgium,FNC-00034,Final consumers (BE) (Fluxys) Industrial clients L-zone,21Y000000000045A,entry,kWh/h,No injection in transmission network from Industiral clients,,,2025-02-20T13:19:03+01:00,,,,,,,,1,2021-10-01T01:00:00+02:00,,,,,
1Physical FlowhourBE-TSO-0001FNC-00034entrykWh/h2021-12-01T01:00:00Z2022-01-01T00:00:00Z_NA1791,1,Physical Flow,hour,2021-12-14T18:00:00+01:00,2021-12-14T19:00:00+01:00,BE-TSO-0001,21X-BE-A-A0A0A-Y,Fluxys Belgium,FNC-00034,Final consumers (BE) (Fluxys) Industrial clients L-zone,21Y000000000045A,entry,kWh/h,No injection in transmission network from Industiral clients,,,2025-02-20T13:19:03+01:00,,,,,,,,1,2021-10-01T01:00:00+02:00,,,,,
1Physical FlowhourBE-TSO-0001FNC-00034entrykWh/h2021-12-01T01:00:00Z2022-01-01T00:00:00Z_NA1792,1,Physical Flow,hour,2021-12-14T19:00:00+01:00,2021-12-14T20:00:00+01:00,BE-TSO-0001,21X-BE-A-A0A0A-Y,Fluxys Belgium,FNC-00034,Final consumers (BE) (Fluxys) Industrial clients L-zone,21Y000000000045A,entry,kWh/h,No injection in transmission network from Industiral clients,,,2025-02-20T13:19:03+01:00,,,,,,,,1,2021-10-01T01:00:00+02:00,,,,,
1Physical FlowhourBE-TSO-0001FNC-00034entrykWh/h2021-12-01T01:00:00Z2022-01-01T00:00:00Z_NA1793,1,Physical Flow,hour,2021-12-14T20:00:00+01:00,2021-12-14T21:00:00+01:00,BE-TSO-0001,21X-BE-A-A0A0A-Y,Fluxys Belgium,FNC-00034,Final consumers (BE) (Fluxys) Industrial clients L-zone,21Y000000000045A,entry,kWh/h,No injection in transmission network from Industiral clients,,,2025-02-20T13:19:03+01:00,,,,,,,,1,2021-10-01T01:00:00+02:00,,,,,
1Physical FlowhourBE-TSO-0001FNC-00034entrykWh/h2021-12-01T01:00:00Z2022-01-01T00:00:00Z_NA1794,1,Physical Flow,hour,2021-12-14T21:00:00+01:00,2021-12-14T22:00:00+01:00,BE-TSO-0001,21X-BE-A-A0A0A-Y,Fluxys Belgium,FNC-00034,Final consumers (BE) (Fluxys) Industrial clients L-zone,21Y000000000045A,entry,kWh/h,No injection in transmission network from Industiral clients,,,2025-02-20T13:19:03+01:00,,,,,,,,1,2021-10-01T01:00:00+02:00,,,,,
1Physical FlowhourBE-TSO-0001FNC-00034entrykWh/h2021-12-01T01:00:00Z2022-01-01T00:00:00Z_NA1795,1,Physical Flow,hour,2021-12-14T22:00:00+01:00,2021-12-14T23:00:00+01:00,BE-TSO-0001,21X-BE-A-A0A0A-Y,Fluxys Belgium,FNC-00034,Final consumers (BE) (Fluxys) Industrial clients L-zone,21Y000000000045A,entry,kWh/h,No injection in transmission network from Industiral clients,,,2025-02-20T13:19:03+01:00,,,,,,,,1,2021-10-01T01:00:00+02:00,,,,,
1Physical FlowhourBE-TSO-0001FNC-00034entrykWh/h2021-12-01T01:00:00Z2022-01-01T00:00:00Z_NA1796,1,Physical Flow,hour,2021-12-14T23:00:00+01:00,2021-12-15T00:00:00+01:00,BE-TSO-0001,21X-BE-A-A0A0A-Y,Fluxys Belgium,FNC-00034,Final consumers (BE) (Fluxys) Industrial clients L-zone,21Y000000000045A,entry,kWh/h,No injection in transmission network from Industiral clients,,,2025-02-20T13:19:03+01:00,,,,,,,,1,2021-10-01T01:00:00+02:00,,,,,
1Physical FlowhourBE-TSO-0001FNC-00034entrykWh/h2021-12-01T01:00:00Z2022-01-01T00:00:00Z_NA1797,1,Physical Flow,hour,2021-12-15T00:00:00+01:00,2021-12-15T01:00:00+01:00,BE-TSO-0001,21X-BE-A-A0A0A-Y,Fluxys Belgium,FNC-00034,Final consumers (BE) (Fluxys) Industrial clients L-zone,21Y000000000045A,entry,kWh/h,No injection in transmission network from Industiral clients,,,2025-02-20T13:19:03+01:00,,,,,,,,1,2021-10-01T01:00:00+02:00,,,,,
1Physical FlowhourBE-TSO-0001FNC-00034entrykWh/h2021-12-01T01:00:00Z2022-01-01T00:00:00Z_NA1798,1,Physical Flow,hour,2021-12-15T01:00:00+01:00,2021-12-15T02:00:00+01:00,BE-TSO-0001,21X-BE-A-A0A0A-Y,Fluxys Belgium,FNC-00034,Final consumers (BE) (Fluxys) Industrial clients L-zone,21Y000000000045A,entry,kWh/h,No injection in transmission network from Industiral clients,,,2025-02-20T13:19:03+01:00,,,,,,,,1,2021-10-01T01:00:00+02:00,,,,,
1Physical FlowhourBE-TSO-0001FNC-00034entrykWh/h2021-12-01T01:00:00Z2022-01-01T00:00:00Z_NA1799,1,Physical Flow,hour,2021-12-15T02:00:00+01:00,2021-12-15T03:00:00+01:00,BE-TSO-0001,21X-BE-A-A0A0A-Y,Fluxys Belgium,FNC-00034,Final consumers (BE) (Fluxys) Industrial clients L-zone,21Y000000000045A,entry,kWh/h,No injection in transmission network from Industiral clients,,,2025-02-20T13:19:03+01:00,,,,,,,,1,2021-10-01T01:00:00+02:00,,,,,
1Physical FlowhourBE-TSO-0001FNC-00034entrykWh/h2021-12-01T01:00:00Z2022-01-01T00:00:00Z_NA1800,1,Physical Flow,hour,2021-12-15T03:00:00+01:00,2021-12-15T04:00:00+01:00,BE-TSO-0001,21X-BE-A-A0A0A-Y,Fluxys Belgium,FNC-00034,Final consumers (BE) (Fluxys) Industrial clients L-zone,21Y000000000045A,entry,kWh/h,No injection in transmission network from Industiral clients,,,2025-02-20T13:19:03+01:00,,,,,,,,1,2021-10-01T01:00:00+02:00,,,,,
1Physical FlowhourBE-TSO-0001FNC-00034entrykWh/h2021-12-01T01:00:00Z2022-01-01T00:00:00Z_NA1801,1,Physical Flow,hour,2021-12-15T04:00:00+01:00,2021-12-15T05:00:00+01:00,BE-TSO-0001,21X-BE-A-A0A0A-Y,Fluxys Belgium,FNC-00034,Final consumers (BE) (Fluxys) Industrial clients L-zone,21Y000000000045A,entry,kWh/h,No injection in transmission network from Industiral clients,,,2025-02-20T13:19:03+01:00,,,,,,,,1,2021-10-01T01:00:00+02:00,,,,,
1Physical FlowhourBE-TSO-0001FNC-00034entrykWh/h2021-12-01T01:00:00Z2022-01-01T00:00:00Z_NA1802,1,Physical Flow,hour,2021-12-15T05:00:00+01:00,2021-12-15T06:00:00+01:00,BE-TSO-0001,21X-BE-A-A0A0A-Y,Fluxys Belgium,FNC-00034,Final consumers (BE) (Fluxys) Industrial clients L-zone,21Y000000000045A,entry,kWh/h,No injection in transmission network from Industiral clients,,,2025-02-20T13:19:03+01:00,,,,,,,,1,2021-10-01T01:00:00+02:00,,,,,
1Physical FlowhourBE-TSO-0001FNC-00034entrykWh/h2021-12-01T01:00:00Z2022-01-01T00:00:00Z_NA1803,1,Physical Flow,hour,2021-12-15T06:00:00+01:00,2021-12-15T07:00:00+01:00,BE-TSO-0001,21X-BE-A-A0A0A-Y,Fluxys Belgium,FNC-00034,Final consumers (BE) (Fluxys) Industrial clients L-zone,21Y000000000045A,entry,kWh/h,No injection in transmission network from Industiral clients,,,2025-02-20T13:19:03+01:00,,,,,,,,1,2021-10-01T01:00:00+02:00,,,,,
1Physical FlowhourBE-TSO-0001FNC-00034entrykWh/h2021-12-01T01:00:00Z2022-01-01T00:00:00Z_NA1804,1,Physical Flow,hour,2021-12-15T07:00:00+01:00,2021-12-15T08:00:00+01:00,BE-TSO-0001,21X-BE-A-A0A0A-Y,Fluxys Belgium,FNC-00034,Final consumers (BE) (Fluxys) Industrial clients L-zone,21Y000000000045A,entry,kWh/h,No injection in transmission network from Industiral clients,,,2025-02-20T13:19:03+01:00,,,,,,,,1,2021-10-01T01:00:00+02:00,,,,,
1Physical FlowhourBE-TSO-0001FNC-00034entrykWh/h2021-12-01T01:00:00Z2022-01-01T00:00:00Z_NA1805,1,Physical Flow,hour,2021-12-15T08:00:00+01:00,2021-12-15T09:00:00+01:00,BE-TSO-0001,21X-BE-A-A0A0A-Y,Fluxys Belgium,FNC-00034,Final consumers (BE) (Fluxys) Industrial clients L-zone,21Y000000000045A,entry,kWh/h,No injection in transmission network from Industiral clients,,,2025-02-20T13:19:03+01:00,,,,,,,,1,2021-10-01T01:00:00+02:00,,,,,
1Physical FlowhourBE-TSO-0001FNC-00034entrykWh/h2021-12-01T01:00:00Z2022-01-01T00:00:00Z_NA1806,1,Physical Flow,hour,2021-12-15T09:00:00+01:00,2021-12-15T10:00:00+01:00,BE-TSO-0001,21X-BE-A-A0A0A-Y,Fluxys Belgium,FNC-00034,Final consumers (BE) (Fluxys) Industrial clients L-zone,21Y000000000045A,entry,kWh/h,No injection in transmission network from Industiral clients,,,2025-02-20T13:19:03+01:00,,,,,,,,1,2021-10-01T01:00:00+02:00,,,,,
1Physical FlowhourBE-TSO-0001FNC-00034entrykWh/h2021-12-01T01:00:00Z2022-01-01T00:00:00Z_NA1807,1,Physical Flow,hour,2021-12-15T10:00:00+01:00,2021-12-15T11:00:00+01:00,BE-TSO-0001,21X-BE-A-A0A0A-Y,Fluxys Belgium,FNC-00034,Final consumers (BE) (Fluxys) Industrial clients L-zone,21Y000000000045A,entry,kWh/h,No injection in transmission network from Industiral clients,,,2025-02-20T13:19:03+01:00,,,,,,,,1,2021-10-01T01:00:00+02:00,,,,,
1Physical FlowhourBE-TSO-0001FNC-00034entrykWh/h2021-12-01T01:00:00Z2022-01-01T00:00:00Z_NA1808,1,Physical Flow,hour,2021-12-15T11:00:00+01:00,2021-12-15T12:00:00+01:00,BE-TSO-0001,21X-BE-A-A0A0A-Y,Fluxys Belgium,FNC-00034,Final consumers (BE) (Fluxys) Industrial clients L-zone,21Y000000000045A,entry,kWh/h,No injection in transmission network from Industiral clients,,,2025-02-20T13:19:03+01:00,,,,,,,,1,2021-10-01T01:00:00+02:00,,,,,
1Physical FlowhourBE-TSO-0001FNC-00034entrykWh/h2021-12-01T01:00:00Z2022-01-01T00:00:00Z_NA1809,1,Physical Flow,hour,2021-12-15T12:00:00+01:00,2021-12-15T13:00:00+01:00,BE-TSO-0001,21X-BE-A-A0A0A-Y,Fluxys Belgium,FNC-00034,Final consumers (BE) (Fluxys) Industrial clients L-zone,21Y000000000045A,entry,kWh/h,No injection in transmission network from Industiral clients,,,2025-02-20T13:19:03+01:00,,,,,,,,1,2021-10-01T01:00:00+02:00,,,,,
1Physical FlowhourBE-TSO-0001FNC-00034entrykWh/h2021-12-01T01:00:00Z2022-01-01T00:00:00Z_NA1810,1,Physical Flow,hour,2021-12-15T13:00:00+01:00,2021-12-15T14:00:00+01:00,BE-TSO-0001,21X-BE-A-A0A0A-Y,Fluxys Belgium,FNC-00034,Final consumers (BE) (Fluxys) Industrial clients L-zone,21Y000000000045A,entry,kWh/h,No injection in transmission network from Industiral clients,,,2025-02-20T13:19:03+01:00,,,,,,,,1,2021-10-01T01:00:00+02:00,,,,,
1Physical FlowhourBE-TSO-0001FNC-00034entrykWh/h2021-12-01T01:00:00Z2022-01-01T00:00:00Z_NA1811,1,Physical Flow,hour,2021-12-15T14:00:00+01:00,2021-12-15T15:00:00+01:00,BE-TSO-0001,21X-BE-A-A0A0A-Y,Fluxys Belgium,FNC-00034,Final consumers (BE) (Fluxys) Industrial clients L-zone,21Y000000000045A,entry,kWh/h,No injection in transmission network from Industiral clients,,,2025-02-20T13:19:03+01:00,,,,,,,,1,2021-10-01T01:00:00+02:00,,,,,
1Physical FlowhourBE-TSO-0001FNC-00034entrykWh/h2021-12-01T01:00:00Z2022-01-01T00:00:00Z_NA1812,1,Physical Flow,hour,2021-12-15T15:00:00+01:00,2021-12-15T16:00:00+01:00,BE-TSO-0001,21X-BE-A-A0A0A-Y,Fluxys Belgium,FNC-00034,Final consumers (BE) (Fluxys) Industrial clients L-zone,21Y000000000045A,entry,kWh/h,No injection in transmission network from Industiral clients,,,2025-02-20T13:19:03+01:00,,,,,,,,1,2021-10-01T01:00:00+02:00,,,,,
1Physical FlowhourBE-TSO-0001FNC-00034entrykWh/h2021-12-01T01:00:00Z2022-01-01T00:00:00Z_NA1813,1,Physical Flow,hour,2021-12-15T16:00:00+01:00,2021-12-15T17:00:00+01:00,BE-TSO-0001,21X-BE-A-A0A0A-Y,Fluxys Belgium,FNC-00034,Final consumers (BE) (Fluxys) Industrial clients L-zone,21Y000000000045A,entry,kWh/h,No injection in transmission network from Industiral clients,,,2025-02-20T13:19:03+01:00,,,,,,,,1,2021-10-01T01:00:00+02:00,,,,,
1Physical FlowhourBE-TSO-0001FNC-00034entrykWh/h2021-12-01T01:00:00Z2022-01-01T00:00:00Z_NA1814,1,Physical Flow,hour,2021-12-15T17:00:00+01:00,2021-12-15T18:00:00+01:00,BE-TSO-0001,21X-BE-A-A0A0A-Y,Fluxys Belgium,FNC-00034,Final consumers (BE) (Fluxys) Industrial clients L-zone,21Y000000000045A,entry,kWh/h,No injection in transmission network from Industiral clients,,,2025-02-20T13:19:03+01:00,,,,,,,,1,2021-10-01T01:00:00+02:00,,,,,
1Physical FlowhourBE-TSO-0001FNC-00034entrykWh/h2021-12-01T01:00:00Z2022-01-01T00:00:00Z_NA1815,1,Physical Flow,hour,2021-12-15T18:00:00+01:00,2021-12-15T19:00:00+01:00,BE-TSO-0001,21X-BE-A-A0A0A-Y,Fluxys Belgium,FNC-00034,Final consumers (BE) (Fluxys) Industrial clients L-zone,21Y000000000045A,entry,kWh/h,No injection in transmission network from Industiral clients,,,2025-02-20T13:19:03+01:00,,,,,,,,1,2021-10-01T01:00:00+02:00,,,,,
1Physical FlowhourBE-TSO-0001FNC-00034entrykWh/h2021-12-01T01:00:00Z2022-01-01T00:00:00Z_NA1816,1,Physical Flow,hour,2021-12-15T19:00:00+01:00,2021-12-15T20:00:00+01:00,BE-TSO-0001,21X-BE-A-A0A0A-Y,Fluxys Belgium,FNC-00034,Final consumers (BE) (Fluxys) Industrial clients L-zone,21Y000000000045A,entry,kWh/h,No injection in transmission network from Industiral clients,,,2025-02-20T13:19:03+01:00,,,,,,,,1,2021-10-01T01:00:00+02:00,,,,,
1Physical FlowhourBE-TSO-0001FNC-00034entrykWh/h2021-12-01T01:00:00Z2022-01-01T00:00:00Z_NA1817,1,Physical Flow,hour,2021-12-15T20:00:00+01:00,2021-12-15T21:00:00+01:00,BE-TSO-0001,21X-BE-A-A0A0A-Y,Fluxys Belgium,FNC-00034,Final consumers (BE) (Fluxys) Industrial clients L-zone,21Y000000000045A,entry,kWh/h,No injection in transmission network from Industiral clients,,,2025-02-20T13:19:03+01:00,,,,,,,,1,2021-10-01T01:00:00+02:00,,,,,
1Physical FlowhourBE-TSO-0001FNC-00034entrykWh/h2021-12-01T01:00:00Z2022-01-01T00:00:00Z_NA1818,1,Physical Flow,hour,2021-12-15T21:00:00+01:00,2021-12-15T22:00:00+01:00,BE-TSO-0001,21X-BE-A-A0A0A-Y,Fluxys Belgium,FNC-00034,Final consumers (BE) (Fluxys) Industrial clients L-zone,21Y000000000045A,entry,kWh/h,No injection in transmission network from Industiral clients,,,2025-02-20T13:19:03+01:00,,,,,,,,1,2021-10-01T01:00:00+02:00,,,,,
1Physical FlowhourBE-TSO-0001FNC-00034entrykWh/h2021-12-01T01:00:00Z2022-01-01T00:00:00Z_NA1819,1,Physical Flow,hour,2021-12-15T22:00:00+01:00,2021-12-15T23:00:00+01:00,BE-TSO-0001,21X-BE-A-A0A0A-Y,Fluxys Belgium,FNC-00034,Final consumers (BE) (Fluxys) Industrial clients L-zone,21Y000000000045A,entry,kWh/h,No injection in transmission network from Industiral clients,,,2025-02-20T13:19:03+01:00,,,,,,,,1,2021-10-01T01:00:00+02:00,,,,,
1Physical FlowhourBE-TSO-0001FNC-00034entrykWh/h2021-12-01T01:00:00Z2022-01-01T00:00:00Z_NA1820,1,Physical Flow,hour,2021-12-15T23:00:00+01:00,2021-12-16T00:00:00+01:00,BE-TSO-0001,21X-BE-A-A0A0A-Y,Fluxys Belgium,FNC-00034,Final consumers (BE) (Fluxys) Industrial clients L-zone,21Y000000000045A,entry,kWh/h,No injection in transmission network from Industiral clients,,,2025-02-20T13:19:03+01:00,,,,,,,,1,2021-10-01T01:00:00+02:00,,,,,
1Physical FlowhourBE-TSO-0001FNC-00034entrykWh/h2021-12-01T01:00:00Z2022-01-01T00:00:00Z_NA1821,1,Physical Flow,hour,2021-12-16T00:00:00+01:00,2021-12-16T01:00:00+01:00,BE-TSO-0001,21X-BE-A-A0A0A-Y,Fluxys Belgium,FNC-00034,Final consumers (BE) (Fluxys) Industrial clients L-zone,21Y000000000045A,entry,kWh/h,No injection in transmission network from Industiral clients,,,2025-02-20T13:19:03+01:00,,,,,,,,1,2021-10-01T01:00:00+02:00,,,,,
1Physical FlowhourBE-TSO-0001FNC-00034entrykWh/h2021-12-01T01:00:00Z2022-01-01T00:00:00Z_NA1822,1,Physical Flow,hour,2021-12-16T01:00:00+01:00,2021-12-16T02:00:00+01:00,BE-TSO-0001,21X-BE-A-A0A0A-Y,Fluxys Belgium,FNC-00034,Final consumers (BE) (Fluxys) Industrial clients L-zone,21Y000000000045A,entry,kWh/h,No injection in transmission network from Industiral clients,,,2025-02-20T13:19:03+01:00,,,,,,,,1,2021-10-01T01:00:00+02:00,,,,,
1Physical FlowhourBE-TSO-0001FNC-00034entrykWh/h2021-12-01T01:00:00Z2022-01-01T00:00:00Z_NA1823,1,Physical Flow,hour,2021-12-16T02:00:00+01:00,2021-12-16T03:00:00+01:00,BE-TSO-0001,21X-BE-A-A0A0A-Y,Fluxys Belgium,FNC-00034,Final consumers (BE) (Fluxys) Industrial clients L-zone,21Y000000000045A,entry,kWh/h,No injection in transmission network from Industiral clients,,,2025-02-20T13:19:03+01:00,,,,,,,,1,2021-10-01T01:00:00+02:00,,,,,
1Physical FlowhourBE-TSO-0001FNC-00034entrykWh/h2021-12-01T01:00:00Z2022-01-01T00:00:00Z_NA1824,1,Physical Flow,hour,2021-12-16T03:00:00+01:00,2021-12-16T04:00:00+01:00,BE-TSO-0001,21X-BE-A-A0A0A-Y,Fluxys Belgium,FNC-00034,Final consumers (BE) (Fluxys) Industrial clients L-zone,21Y000000000045A,entry,kWh/h,No injection in transmission network from Industiral clients,,,2025-02-20T13:19:03+01:00,,,,,,,,1,2021-10-01T01:00:00+02:00,,,,,
1Physical FlowhourBE-TSO-0001FNC-00034entrykWh/h2021-12-01T01:00:00Z2022-01-01T00:00:00Z_NA1825,1,Physical Flow,hour,2021-12-16T04:00:00+01:00,2021-12-16T05:00:00+01:00,BE-TSO-0001,21X-BE-A-A0A0A-Y,Fluxys Belgium,FNC-00034,Final consumers (BE) (Fluxys) Industrial clients L-zone,21Y000000000045A,entry,kWh/h,No injection in transmission network from Industiral clients,,,2025-02-20T13:19:03+01:00,,,,,,,,1,2021-10-01T01:00:00+02:00,,,,,
1Physical FlowhourBE-TSO-0001FNC-00034entrykWh/h2021-12-01T01:00:00Z2022-01-01T00:00:00Z_NA1826,1,Physical Flow,hour,2021-12-16T05:00:00+01:00,2021-12-16T06:00:00+01:00,BE-TSO-0001,21X-BE-A-A0A0A-Y,Fluxys Belgium,FNC-00034,Final consumers (BE) (Fluxys) Industrial clients L-zone,21Y000000000045A,entry,kWh/h,No injection in transmission network from Industiral clients,,,2025-02-20T13:19:03+01:00,,,,,,,,1,2021-10-01T01:00:00+02:00,,,,,
1Physical FlowhourBE-TSO-0001FNC-00034entrykWh/h2021-12-01T01:00:00Z2022-01-01T00:00:00Z_NA1827,1,Physical Flow,hour,2021-12-16T06:00:00+01:00,2021-12-16T07:00:00+01:00,BE-TSO-0001,21X-BE-A-A0A0A-Y,Fluxys Belgium,FNC-00034,Final consumers (BE) (Fluxys) Industrial clients L-zone,21Y000000000045A,entry,kWh/h,No injection in transmission network from Industiral clients,,,2025-02-20T13:19:03+01:00,,,,,,,,1,2021-10-01T01:00:00+02:00,,,,,
1Physical FlowhourBE-TSO-0001FNC-00034entrykWh/h2021-12-01T01:00:00Z2022-01-01T00:00:00Z_NA1828,1,Physical Flow,hour,2021-12-16T07:00:00+01:00,2021-12-16T08:00:00+01:00,BE-TSO-0001,21X-BE-A-A0A0A-Y,Fluxys Belgium,FNC-00034,Final consumers (BE) (Fluxys) Industrial clients L-zone,21Y000000000045A,entry,kWh/h,No injection in transmission network from Industiral clients,,,2025-02-20T13:19:03+01:00,,,,,,,,1,2021-10-01T01:00:00+02:00,,,,,
1Physical FlowhourBE-TSO-0001FNC-00034entrykWh/h2021-12-01T01:00:00Z2022-01-01T00:00:00Z_NA1829,1,Physical Flow,hour,2021-12-16T08:00:00+01:00,2021-12-16T09:00:00+01:00,BE-TSO-0001,21X-BE-A-A0A0A-Y,Fluxys Belgium,FNC-00034,Final consumers (BE) (Fluxys) Industrial clients L-zone,21Y000000000045A,entry,kWh/h,No injection in transmission network from Industiral clients,,,2025-02-20T13:19:03+01:00,,,,,,,,1,2021-10-01T01:00:00+02:00,,,,,
1Physical FlowhourBE-TSO-0001FNC-00034entrykWh/h2021-12-01T01:00:00Z2022-01-01T00:00:00Z_NA1830,1,Physical Flow,hour,2021-12-16T09:00:00+01:00,2021-12-16T10:00:00+01:00,BE-TSO-0001,21X-BE-A-A0A0A-Y,Fluxys Belgium,FNC-00034,Final consumers (BE) (Fluxys) Industrial clients L-zone,21Y000000000045A,entry,kWh/h,No injection in transmission network from Industiral clients,,,2025-02-20T13:19:03+01:00,,,,,,,,1,2021-10-01T01:00:00+02:00,,,,,
1Physical FlowhourBE-TSO-0001FNC-00034entrykWh/h2021-12-01T01:00:00Z2022-01-01T00:00:00Z_NA1831,1,Physical Flow,hour,2021-12-16T10:00:00+01:00,2021-12-16T11:00:00+01:00,BE-TSO-0001,21X-BE-A-A0A0A-Y,Fluxys Belgium,FNC-00034,Final consumers (BE) (Fluxys) Industrial clients L-zone,21Y000000000045A,entry,kWh/h,No injection in transmission network from Industiral clients,,,2025-02-20T13:19:03+01:00,,,,,,,,1,2021-10-01T01:00:00+02:00,,,,,
1Physical FlowhourBE-TSO-0001FNC-00034entrykWh/h2021-12-01T01:00:00Z2022-01-01T00:00:00Z_NA1832,1,Physical Flow,hour,2021-12-16T11:00:00+01:00,2021-12-16T12:00:00+01:00,BE-TSO-0001,21X-BE-A-A0A0A-Y,Fluxys Belgium,FNC-00034,Final consumers (BE) (Fluxys) Industrial clients L-zone,21Y000000000045A,entry,kWh/h,No injection in transmission network from Industiral clients,,,2025-02-20T13:19:03+01:00,,,,,,,,1,2021-10-01T01:00:00+02:00,,,,,
1Physical FlowhourBE-TSO-0001FNC-00034entrykWh/h2021-12-01T01:00:00Z2022-01-01T00:00:00Z_NA1833,1,Physical Flow,hour,2021-12-16T12:00:00+01:00,2021-12-16T13:00:00+01:00,BE-TSO-0001,21X-BE-A-A0A0A-Y,Fluxys Belgium,FNC-00034,Final consumers (BE) (Fluxys) Industrial clients L-zone,21Y000000000045A,entry,kWh/h,No injection in transmission network from Industiral clients,,,2025-02-20T13:19:03+01:00,,,,,,,,1,2021-10-01T01:00:00+02:00,,,,,
1Physical FlowhourBE-TSO-0001FNC-00034entrykWh/h2021-12-01T01:00:00Z2022-01-01T00:00:00Z_NA1834,1,Physical Flow,hour,2021-12-16T13:00:00+01:00,2021-12-16T14:00:00+01:00,BE-TSO-0001,21X-BE-A-A0A0A-Y,Fluxys Belgium,FNC-00034,Final consumers (BE) (Fluxys) Industrial clients L-zone,21Y000000000045A,entry,kWh/h,No injection in transmission network from Industiral clients,,,2025-02-20T13:19:03+01:00,,,,,,,,1,2021-10-01T01:00:00+02:00,,,,,
1Physical FlowhourBE-TSO-0001FNC-00034entrykWh/h2021-12-01T01:00:00Z2022-01-01T00:00:00Z_NA1835,1,Physical Flow,hour,2021-12-16T14:00:00+01:00,2021-12-16T15:00:00+01:00,BE-TSO-0001,21X-BE-A-A0A0A-Y,Fluxys Belgium,FNC-00034,Final consumers (BE) (Fluxys) Industrial clients L-zone,21Y000000000045A,entry,kWh/h,No injection in transmission network from Industiral clients,,,2025-02-20T13:19:03+01:00,,,,,,,,1,2021-10-01T01:00:00+02:00,,,,,
1Physical FlowhourBE-TSO-0001FNC-00034entrykWh/h2021-12-01T01:00:00Z2022-01-01T00:00:00Z_NA1836,1,Physical Flow,hour,2021-12-16T15:00:00+01:00,2021-12-16T16:00:00+01:00,BE-TSO-0001,21X-BE-A-A0A0A-Y,Fluxys Belgium,FNC-00034,Final consumers (BE) (Fluxys) Industrial clients L-zone,21Y000000000045A,entry,kWh/h,No injection in transmission network from Industiral clients,,,2025-02-20T13:19:03+01:00,,,,,,,,1,2021-10-01T01:00:00+02:00,,,,,
1Physical FlowhourBE-TSO-0001FNC-00034entrykWh/h2021-12-01T01:00:00Z2022-01-01T00:00:00Z_NA1837,1,Physical Flow,hour,2021-12-16T16:00:00+01:00,2021-12-16T17:00:00+01:00,BE-TSO-0001,21X-BE-A-A0A0A-Y,Fluxys Belgium,FNC-00034,Final consumers (BE) (Fluxys) Industrial clients L-zone,21Y000000000045A,entry,kWh/h,No injection in transmission network from Industiral clients,,,2025-02-20T13:19:03+01:00,,,,,,,,1,2021-10-01T01:00:00+02:00,,,,,
1Physical FlowhourBE-TSO-0001FNC-00034entrykWh/h2021-12-01T01:00:00Z2022-01-01T00:00:00Z_NA1838,1,Physical Flow,hour,2021-12-16T17:00:00+01:00,2021-12-16T18:00:00+01:00,BE-TSO-0001,21X-BE-A-A0A0A-Y,Fluxys Belgium,FNC-00034,Final consumers (BE) (Fluxys) Industrial clients L-zone,21Y000000000045A,entry,kWh/h,No injection in transmission network from Industiral clients,,,2025-02-20T13:19:03+01:00,,,,,,,,1,2021-10-01T01:00:00+02:00,,,,,
1Physical FlowhourBE-TSO-0001FNC-00034entrykWh/h2021-12-01T01:00:00Z2022-01-01T00:00:00Z_NA1839,1,Physical Flow,hour,2021-12-16T18:00:00+01:00,2021-12-16T19:00:00+01:00,BE-TSO-0001,21X-BE-A-A0A0A-Y,Fluxys Belgium,FNC-00034,Final consumers (BE) (Fluxys) Industrial clients L-zone,21Y000000000045A,entry,kWh/h,No injection in transmission network from Industiral clients,,,2025-02-20T13:19:03+01:00,,,,,,,,1,2021-10-01T01:00:00+02:00,,,,,
1Physical FlowhourBE-TSO-0001FNC-00034entrykWh/h2021-12-01T01:00:00Z2022-01-01T00:00:00Z_NA1840,1,Physical Flow,hour,2021-12-16T19:00:00+01:00,2021-12-16T20:00:00+01:00,BE-TSO-0001,21X-BE-A-A0A0A-Y,Fluxys Belgium,FNC-00034,Final consumers (BE) (Fluxys) Industrial clients L-zone,21Y000000000045A,entry,kWh/h,No injection in transmission network from Industiral clients,,,2025-02-20T13:19:03+01:00,,,,,,,,1,2021-10-01T01:00:00+02:00,,,,,
1Physical FlowhourBE-TSO-0001FNC-00034entrykWh/h2021-12-01T01:00:00Z2022-01-01T00:00:00Z_NA1841,1,Physical Flow,hour,2021-12-16T20:00:00+01:00,2021-12-16T21:00:00+01:00,BE-TSO-0001,21X-BE-A-A0A0A-Y,Fluxys Belgium,FNC-00034,Final consumers (BE) (Fluxys) Industrial clients L-zone,21Y000000000045A,entry,kWh/h,No injection in transmission network from Industiral clients,,,2025-02-20T13:19:03+01:00,,,,,,,,1,2021-10-01T01:00:00+02:00,,,,,
1Physical FlowhourBE-TSO-0001FNC-00034entrykWh/h2021-12-01T01:00:00Z2022-01-01T00:00:00Z_NA1842,1,Physical Flow,hour,2021-12-16T21:00:00+01:00,2021-12-16T22:00:00+01:00,BE-TSO-0001,21X-BE-A-A0A0A-Y,Fluxys Belgium,FNC-00034,Final consumers (BE) (Fluxys) Industrial clients L-zone,21Y000000000045A,entry,kWh/h,No injection in transmission network from Industiral clients,,,2025-02-20T13:19:03+01:00,,,,,,,,1,2021-10-01T01:00:00+02:00,,,,,
1Physical FlowhourBE-TSO-0001FNC-00034entrykWh/h2021-12-01T01:00:00Z2022-01-01T00:00:00Z_NA1843,1,Physical Flow,hour,2021-12-16T22:00:00+01:00,2021-12-16T23:00:00+01:00,BE-TSO-0001,21X-BE-A-A0A0A-Y,Fluxys Belgium,FNC-00034,Final consumers (BE) (Fluxys) Industrial clients L-zone,21Y000000000045A,entry,kWh/h,No injection in transmission network from Industiral clients,,,2025-02-20T13:19:03+01:00,,,,,,,,1,2021-10-01T01:00:00+02:00,,,,,
1Physical FlowhourBE-TSO-0001FNC-00034entrykWh/h2021-12-01T01:00:00Z2022-01-01T00:00:00Z_NA1844,1,Physical Flow,hour,2021-12-16T23:00:00+01:00,2021-12-17T00:00:00+01:00,BE-TSO-0001,21X-BE-A-A0A0A-Y,Fluxys Belgium,FNC-00034,Final consumers (BE) (Fluxys) Industrial clients L-zone,21Y000000000045A,entry,kWh/h,No injection in transmission network from Industiral clients,,,2025-02-20T13:19:03+01:00,,,,,,,,1,2021-10-01T01:00:00+02:00,,,,,
1Physical FlowhourBE-TSO-0001FNC-00034entrykWh/h2021-12-01T01:00:00Z2022-01-01T00:00:00Z_NA1845,1,Physical Flow,hour,2021-12-17T00:00:00+01:00,2021-12-17T01:00:00+01:00,BE-TSO-0001,21X-BE-A-A0A0A-Y,Fluxys Belgium,FNC-00034,Final consumers (BE) (Fluxys) Industrial clients L-zone,21Y000000000045A,entry,kWh/h,No injection in transmission network from Industiral clients,,,2025-02-20T13:19:03+01:00,,,,,,,,1,2021-10-01T01:00:00+02:00,,,,,
1Physical FlowhourBE-TSO-0001FNC-00034entrykWh/h2021-12-01T01:00:00Z2022-01-01T00:00:00Z_NA1846,1,Physical Flow,hour,2021-12-17T01:00:00+01:00,2021-12-17T02:00:00+01:00,BE-TSO-0001,21X-BE-A-A0A0A-Y,Fluxys Belgium,FNC-00034,Final consumers (BE) (Fluxys) Industrial clients L-zone,21Y000000000045A,entry,kWh/h,No injection in transmission network from Industiral clients,,,2025-02-20T13:19:03+01:00,,,,,,,,1,2021-10-01T01:00:00+02:00,,,,,
1Physical FlowhourBE-TSO-0001FNC-00034entrykWh/h2021-12-01T01:00:00Z2022-01-01T00:00:00Z_NA1847,1,Physical Flow,hour,2021-12-17T02:00:00+01:00,2021-12-17T03:00:00+01:00,BE-TSO-0001,21X-BE-A-A0A0A-Y,Fluxys Belgium,FNC-00034,Final consumers (BE) (Fluxys) Industrial clients L-zone,21Y000000000045A,entry,kWh/h,No injection in transmission network from Industiral clients,,,2025-02-20T13:19:03+01:00,,,,,,,,1,2021-10-01T01:00:00+02:00,,,,,
1Physical FlowhourBE-TSO-0001FNC-00034entrykWh/h2021-12-01T01:00:00Z2022-01-01T00:00:00Z_NA1848,1,Physical Flow,hour,2021-12-17T03:00:00+01:00,2021-12-17T04:00:00+01:00,BE-TSO-0001,21X-BE-A-A0A0A-Y,Fluxys Belgium,FNC-00034,Final consumers (BE) (Fluxys) Industrial clients L-zone,21Y000000000045A,entry,kWh/h,No injection in transmission network from Industiral clients,,,2025-02-20T13:19:03+01:00,,,,,,,,1,2021-10-01T01:00:00+02:00,,,,,
1Physical FlowhourBE-TSO-0001FNC-00034entrykWh/h2021-12-01T01:00:00Z2022-01-01T00:00:00Z_NA1849,1,Physical Flow,hour,2021-12-17T04:00:00+01:00,2021-12-17T05:00:00+01:00,BE-TSO-0001,21X-BE-A-A0A0A-Y,Fluxys Belgium,FNC-00034,Final consumers (BE) (Fluxys) Industrial clients L-zone,21Y000000000045A,entry,kWh/h,No injection in transmission network from Industiral clients,,,2025-02-20T13:19:03+01:00,,,,,,,,1,2021-10-01T01:00:00+02:00,,,,,
1Physical FlowhourBE-TSO-0001FNC-00034entrykWh/h2021-12-01T01:00:00Z2022-01-01T00:00:00Z_NA1850,1,Physical Flow,hour,2021-12-17T05:00:00+01:00,2021-12-17T06:00:00+01:00,BE-TSO-0001,21X-BE-A-A0A0A-Y,Fluxys Belgium,FNC-00034,Final consumers (BE) (Fluxys) Industrial clients L-zone,21Y000000000045A,entry,kWh/h,No injection in transmission network from Industiral clients,,,2025-02-20T13:19:03+01:00,,,,,,,,1,2021-10-01T01:00:00+02:00,,,,,
1Physical FlowhourBE-TSO-0001FNC-00034entrykWh/h2021-12-01T01:00:00Z2022-01-01T00:00:00Z_NA1851,1,Physical Flow,hour,2021-12-17T06:00:00+01:00,2021-12-17T07:00:00+01:00,BE-TSO-0001,21X-BE-A-A0A0A-Y,Fluxys Belgium,FNC-00034,Final consumers (BE) (Fluxys) Industrial clients L-zone,21Y000000000045A,entry,kWh/h,No injection in transmission network from Industiral clients,,,2025-02-20T13:19:03+01:00,,,,,,,,1,2021-10-01T01:00:00+02:00,,,,,
1Physical FlowhourBE-TSO-0001FNC-00034entrykWh/h2021-12-01T01:00:00Z2022-01-01T00:00:00Z_NA1852,1,Physical Flow,hour,2021-12-17T07:00:00+01:00,2021-12-17T08:00:00+01:00,BE-TSO-0001,21X-BE-A-A0A0A-Y,Fluxys Belgium,FNC-00034,Final consumers (BE) (Fluxys) Industrial clients L-zone,21Y000000000045A,entry,kWh/h,No injection in transmission network from Industiral clients,,,2025-02-20T13:19:03+01:00,,,,,,,,1,2021-10-01T01:00:00+02:00,,,,,
1Physical FlowhourBE-TSO-0001FNC-00034entrykWh/h2021-12-01T01:00:00Z2022-01-01T00:00:00Z_NA1853,1,Physical Flow,hour,2021-12-17T08:00:00+01:00,2021-12-17T09:00:00+01:00,BE-TSO-0001,21X-BE-A-A0A0A-Y,Fluxys Belgium,FNC-00034,Final consumers (BE) (Fluxys) Industrial clients L-zone,21Y000000000045A,entry,kWh/h,No injection in transmission network from Industiral clients,,,2025-02-20T13:19:03+01:00,,,,,,,,1,2021-10-01T01:00:00+02:00,,,,,
1Physical FlowhourBE-TSO-0001FNC-00034entrykWh/h2021-12-01T01:00:00Z2022-01-01T00:00:00Z_NA1854,1,Physical Flow,hour,2021-12-17T09:00:00+01:00,2021-12-17T10:00:00+01:00,BE-TSO-0001,21X-BE-A-A0A0A-Y,Fluxys Belgium,FNC-00034,Final consumers (BE) (Fluxys) Industrial clients L-zone,21Y000000000045A,entry,kWh/h,No injection in transmission network from Industiral clients,,,2025-02-20T13:19:03+01:00,,,,,,,,1,2021-10-01T01:00:00+02:00,,,,,
1Physical FlowhourBE-TSO-0001FNC-00034entrykWh/h2021-12-01T01:00:00Z2022-01-01T00:00:00Z_NA1855,1,Physical Flow,hour,2021-12-17T10:00:00+01:00,2021-12-17T11:00:00+01:00,BE-TSO-0001,21X-BE-A-A0A0A-Y,Fluxys Belgium,FNC-00034,Final consumers (BE) (Fluxys) Industrial clients L-zone,21Y000000000045A,entry,kWh/h,No injection in transmission network from Industiral clients,,,2025-02-20T13:19:03+01:00,,,,,,,,1,2021-10-01T01:00:00+02:00,,,,,
1Physical FlowhourBE-TSO-0001FNC-00034entrykWh/h2021-12-01T01:00:00Z2022-01-01T00:00:00Z_NA1856,1,Physical Flow,hour,2021-12-17T11:00:00+01:00,2021-12-17T12:00:00+01:00,BE-TSO-0001,21X-BE-A-A0A0A-Y,Fluxys Belgium,FNC-00034,Final consumers (BE) (Fluxys) Industrial clients L-zone,21Y000000000045A,entry,kWh/h,No injection in transmission network from Industiral clients,,,2025-02-20T13:19:03+01:00,,,,,,,,1,2021-10-01T01:00:00+02:00,,,,,
1Physical FlowhourBE-TSO-0001FNC-00034entrykWh/h2021-12-01T01:00:00Z2022-01-01T00:00:00Z_NA1857,1,Physical Flow,hour,2021-12-17T12:00:00+01:00,2021-12-17T13:00:00+01:00,BE-TSO-0001,21X-BE-A-A0A0A-Y,Fluxys Belgium,FNC-00034,Final consumers (BE) (Fluxys) Industrial clients L-zone,21Y000000000045A,entry,kWh/h,No injection in transmission network from Industiral clients,,,2025-02-20T13:19:03+01:00,,,,,,,,1,2021-10-01T01:00:00+02:00,,,,,
1Physical FlowhourBE-TSO-0001FNC-00034entrykWh/h2021-12-01T01:00:00Z2022-01-01T00:00:00Z_NA1858,1,Physical Flow,hour,2021-12-17T13:00:00+01:00,2021-12-17T14:00:00+01:00,BE-TSO-0001,21X-BE-A-A0A0A-Y,Fluxys Belgium,FNC-00034,Final consumers (BE) (Fluxys) Industrial clients L-zone,21Y000000000045A,entry,kWh/h,No injection in transmission network from Industiral clients,,,2025-02-20T13:19:03+01:00,,,,,,,,1,2021-10-01T01:00:00+02:00,,,,,
1Physical FlowhourBE-TSO-0001FNC-00034entrykWh/h2021-12-01T01:00:00Z2022-01-01T00:00:00Z_NA1859,1,Physical Flow,hour,2021-12-17T14:00:00+01:00,2021-12-17T15:00:00+01:00,BE-TSO-0001,21X-BE-A-A0A0A-Y,Fluxys Belgium,FNC-00034,Final consumers (BE) (Fluxys) Industrial clients L-zone,21Y000000000045A,entry,kWh/h,No injection in transmission network from Industiral clients,,,2025-02-20T13:19:03+01:00,,,,,,,,1,2021-10-01T01:00:00+02:00,,,,,
1Physical FlowhourBE-TSO-0001FNC-00034entrykWh/h2021-12-01T01:00:00Z2022-01-01T00:00:00Z_NA1860,1,Physical Flow,hour,2021-12-17T15:00:00+01:00,2021-12-17T16:00:00+01:00,BE-TSO-0001,21X-BE-A-A0A0A-Y,Fluxys Belgium,FNC-00034,Final consumers (BE) (Fluxys) Industrial clients L-zone,21Y000000000045A,entry,kWh/h,No injection in transmission network from Industiral clients,,,2025-02-20T13:19:03+01:00,,,,,,,,1,2021-10-01T01:00:00+02:00,,,,,
1Physical FlowhourBE-TSO-0001FNC-00034entrykWh/h2021-12-01T01:00:00Z2022-01-01T00:00:00Z_NA1861,1,Physical Flow,hour,2021-12-17T16:00:00+01:00,2021-12-17T17:00:00+01:00,BE-TSO-0001,21X-BE-A-A0A0A-Y,Fluxys Belgium,FNC-00034,Final consumers (BE) (Fluxys) Industrial clients L-zone,21Y000000000045A,entry,kWh/h,No injection in transmission network from Industiral clients,,,2025-02-20T13:19:03+01:00,,,,,,,,1,2021-10-01T01:00:00+02:00,,,,,
1Physical FlowhourBE-TSO-0001FNC-00034entrykWh/h2021-12-01T01:00:00Z2022-01-01T00:00:00Z_NA1862,1,Physical Flow,hour,2021-12-17T17:00:00+01:00,2021-12-17T18:00:00+01:00,BE-TSO-0001,21X-BE-A-A0A0A-Y,Fluxys Belgium,FNC-00034,Final consumers (BE) (Fluxys) Industrial clients L-zone,21Y000000000045A,entry,kWh/h,No injection in transmission network from Industiral clients,,,2025-02-20T13:19:03+01:00,,,,,,,,1,2021-10-01T01:00:00+02:00,,,,,
1Physical FlowhourBE-TSO-0001FNC-00034entrykWh/h2021-12-01T01:00:00Z2022-01-01T00:00:00Z_NA1863,1,Physical Flow,hour,2021-12-17T18:00:00+01:00,2021-12-17T19:00:00+01:00,BE-TSO-0001,21X-BE-A-A0A0A-Y,Fluxys Belgium,FNC-00034,Final consumers (BE) (Fluxys) Industrial clients L-zone,21Y000000000045A,entry,kWh/h,No injection in transmission network from Industiral clients,,,2025-02-20T13:19:03+01:00,,,,,,,,1,2021-10-01T01:00:00+02:00,,,,,
1Physical FlowhourBE-TSO-0001FNC-00034entrykWh/h2021-12-01T01:00:00Z2022-01-01T00:00:00Z_NA1864,1,Physical Flow,hour,2021-12-17T19:00:00+01:00,2021-12-17T20:00:00+01:00,BE-TSO-0001,21X-BE-A-A0A0A-Y,Fluxys Belgium,FNC-00034,Final consumers (BE) (Fluxys) Industrial clients L-zone,21Y000000000045A,entry,kWh/h,No injection in transmission network from Industiral clients,,,2025-02-20T13:19:03+01:00,,,,,,,,1,2021-10-01T01:00:00+02:00,,,,,
1Physical FlowhourBE-TSO-0001FNC-00034entrykWh/h2021-12-01T01:00:00Z2022-01-01T00:00:00Z_NA1865,1,Physical Flow,hour,2021-12-17T20:00:00+01:00,2021-12-17T21:00:00+01:00,BE-TSO-0001,21X-BE-A-A0A0A-Y,Fluxys Belgium,FNC-00034,Final consumers (BE) (Fluxys) Industrial clients L-zone,21Y000000000045A,entry,kWh/h,No injection in transmission network from Industiral clients,,,2025-02-20T13:19:03+01:00,,,,,,,,1,2021-10-01T01:00:00+02:00,,,,,
1Physical FlowhourBE-TSO-0001FNC-00034entrykWh/h2021-12-01T01:00:00Z2022-01-01T00:00:00Z_NA1866,1,Physical Flow,hour,2021-12-17T21:00:00+01:00,2021-12-17T22:00:00+01:00,BE-TSO-0001,21X-BE-A-A0A0A-Y,Fluxys Belgium,FNC-00034,Final consumers (BE) (Fluxys) Industrial clients L-zone,21Y000000000045A,entry,kWh/h,No injection in transmission network from Industiral clients,,,2025-02-20T13:19:03+01:00,,,,,,,,1,2021-10-01T01:00:00+02:00,,,,,
1Physical FlowhourBE-TSO-0001FNC-00034entrykWh/h2021-12-01T01:00:00Z2022-01-01T00:00:00Z_NA1867,1,Physical Flow,hour,2021-12-17T22:00:00+01:00,2021-12-17T23:00:00+01:00,BE-TSO-0001,21X-BE-A-A0A0A-Y,Fluxys Belgium,FNC-00034,Final consumers (BE) (Fluxys) Industrial clients L-zone,21Y000000000045A,entry,kWh/h,No injection in transmission network from Industiral clients,,,2025-02-20T13:19:03+01:00,,,,,,,,1,2021-10-01T01:00:00+02:00,,,,,
1Physical FlowhourBE-TSO-0001FNC-00034entrykWh/h2021-12-01T01:00:00Z2022-01-01T00:00:00Z_NA1868,1,Physical Flow,hour,2021-12-17T23:00:00+01:00,2021-12-18T00:00:00+01:00,BE-TSO-0001,21X-BE-A-A0A0A-Y,Fluxys Belgium,FNC-00034,Final consumers (BE) (Fluxys) Industrial clients L-zone,21Y000000000045A,entry,kWh/h,No injection in transmission network from Industiral clients,,,2025-02-20T13:19:03+01:00,,,,,,,,1,2021-10-01T01:00:00+02:00,,,,,
1Physical FlowhourBE-TSO-0001FNC-00034entrykWh/h2021-12-01T01:00:00Z2022-01-01T00:00:00Z_NA1869,1,Physical Flow,hour,2021-12-18T00:00:00+01:00,2021-12-18T01:00:00+01:00,BE-TSO-0001,21X-BE-A-A0A0A-Y,Fluxys Belgium,FNC-00034,Final consumers (BE) (Fluxys) Industrial clients L-zone,21Y000000000045A,entry,kWh/h,No injection in transmission network from Industiral clients,,,2025-02-20T13:19:03+01:00,,,,,,,,1,2021-10-01T01:00:00+02:00,,,,,
1Physical FlowhourBE-TSO-0001FNC-00034entrykWh/h2021-12-01T01:00:00Z2022-01-01T00:00:00Z_NA1870,1,Physical Flow,hour,2021-12-18T01:00:00+01:00,2021-12-18T02:00:00+01:00,BE-TSO-0001,21X-BE-A-A0A0A-Y,Fluxys Belgium,FNC-00034,Final consumers (BE) (Fluxys) Industrial clients L-zone,21Y000000000045A,entry,kWh/h,No injection in transmission network from Industiral clients,,,2025-02-20T13:19:03+01:00,,,,,,,,1,2021-10-01T01:00:00+02:00,,,,,
1Physical FlowhourBE-TSO-0001FNC-00034entrykWh/h2021-12-01T01:00:00Z2022-01-01T00:00:00Z_NA1871,1,Physical Flow,hour,2021-12-18T02:00:00+01:00,2021-12-18T03:00:00+01:00,BE-TSO-0001,21X-BE-A-A0A0A-Y,Fluxys Belgium,FNC-00034,Final consumers (BE) (Fluxys) Industrial clients L-zone,21Y000000000045A,entry,kWh/h,No injection in transmission network from Industiral clients,,,2025-02-20T13:19:03+01:00,,,,,,,,1,2021-10-01T01:00:00+02:00,,,,,
1Physical FlowhourBE-TSO-0001FNC-00034entrykWh/h2021-12-01T01:00:00Z2022-01-01T00:00:00Z_NA1872,1,Physical Flow,hour,2021-12-18T03:00:00+01:00,2021-12-18T04:00:00+01:00,BE-TSO-0001,21X-BE-A-A0A0A-Y,Fluxys Belgium,FNC-00034,Final consumers (BE) (Fluxys) Industrial clients L-zone,21Y000000000045A,entry,kWh/h,No injection in transmission network from Industiral clients,,,2025-02-20T13:19:03+01:00,,,,,,,,1,2021-10-01T01:00:00+02:00,,,,,
1Physical FlowhourBE-TSO-0001FNC-00034entrykWh/h2021-12-01T01:00:00Z2022-01-01T00:00:00Z_NA1873,1,Physical Flow,hour,2021-12-18T04:00:00+01:00,2021-12-18T05:00:00+01:00,BE-TSO-0001,21X-BE-A-A0A0A-Y,Fluxys Belgium,FNC-00034,Final consumers (BE) (Fluxys) Industrial clients L-zone,21Y000000000045A,entry,kWh/h,No injection in transmission network from Industiral clients,,,2025-02-20T13:19:03+01:00,,,,,,,,1,2021-10-01T01:00:00+02:00,,,,,
1Physical FlowhourBE-TSO-0001FNC-00034entrykWh/h2021-12-01T01:00:00Z2022-01-01T00:00:00Z_NA1874,1,Physical Flow,hour,2021-12-18T05:00:00+01:00,2021-12-18T06:00:00+01:00,BE-TSO-0001,21X-BE-A-A0A0A-Y,Fluxys Belgium,FNC-00034,Final consumers (BE) (Fluxys) Industrial clients L-zone,21Y000000000045A,entry,kWh/h,No injection in transmission network from Industiral clients,,,2025-02-20T13:19:03+01:00,,,,,,,,1,2021-10-01T01:00:00+02:00,,,,,
1Physical FlowhourBE-TSO-0001FNC-00034entrykWh/h2021-12-01T01:00:00Z2022-01-01T00:00:00Z_NA1875,1,Physical Flow,hour,2021-12-18T06:00:00+01:00,2021-12-18T07:00:00+01:00,BE-TSO-0001,21X-BE-A-A0A0A-Y,Fluxys Belgium,FNC-00034,Final consumers (BE) (Fluxys) Industrial clients L-zone,21Y000000000045A,entry,kWh/h,No injection in transmission network from Industiral clients,,,2025-02-20T13:19:03+01:00,,,,,,,,1,2021-10-01T01:00:00+02:00,,,,,
1Physical FlowhourBE-TSO-0001FNC-00034entrykWh/h2021-12-01T01:00:00Z2022-01-01T00:00:00Z_NA1876,1,Physical Flow,hour,2021-12-18T07:00:00+01:00,2021-12-18T08:00:00+01:00,BE-TSO-0001,21X-BE-A-A0A0A-Y,Fluxys Belgium,FNC-00034,Final consumers (BE) (Fluxys) Industrial clients L-zone,21Y000000000045A,entry,kWh/h,No injection in transmission network from Industiral clients,,,2025-02-20T13:19:03+01:00,,,,,,,,1,2021-10-01T01:00:00+02:00,,,,,
1Physical FlowhourBE-TSO-0001FNC-00034entrykWh/h2021-12-01T01:00:00Z2022-01-01T00:00:00Z_NA1877,1,Physical Flow,hour,2021-12-18T08:00:00+01:00,2021-12-18T09:00:00+01:00,BE-TSO-0001,21X-BE-A-A0A0A-Y,Fluxys Belgium,FNC-00034,Final consumers (BE) (Fluxys) Industrial clients L-zone,21Y000000000045A,entry,kWh/h,No injection in transmission network from Industiral clients,,,2025-02-20T13:19:03+01:00,,,,,,,,1,2021-10-01T01:00:00+02:00,,,,,
1Physical FlowhourBE-TSO-0001FNC-00034entrykWh/h2021-12-01T01:00:00Z2022-01-01T00:00:00Z_NA1878,1,Physical Flow,hour,2021-12-18T09:00:00+01:00,2021-12-18T10:00:00+01:00,BE-TSO-0001,21X-BE-A-A0A0A-Y,Fluxys Belgium,FNC-00034,Final consumers (BE) (Fluxys) Industrial clients L-zone,21Y000000000045A,entry,kWh/h,No injection in transmission network from Industiral clients,,,2025-02-20T13:19:03+01:00,,,,,,,,1,2021-10-01T01:00:00+02:00,,,,,
1Physical FlowhourBE-TSO-0001FNC-00034entrykWh/h2021-12-01T01:00:00Z2022-01-01T00:00:00Z_NA1879,1,Physical Flow,hour,2021-12-18T10:00:00+01:00,2021-12-18T11:00:00+01:00,BE-TSO-0001,21X-BE-A-A0A0A-Y,Fluxys Belgium,FNC-00034,Final consumers (BE) (Fluxys) Industrial clients L-zone,21Y000000000045A,entry,kWh/h,No injection in transmission network from Industiral clients,,,2025-02-20T13:19:03+01:00,,,,,,,,1,2021-10-01T01:00:00+02:00,,,,,
1Physical FlowhourBE-TSO-0001FNC-00034entrykWh/h2021-12-01T01:00:00Z2022-01-01T00:00:00Z_NA1880,1,Physical Flow,hour,2021-12-18T11:00:00+01:00,2021-12-18T12:00:00+01:00,BE-TSO-0001,21X-BE-A-A0A0A-Y,Fluxys Belgium,FNC-00034,Final consumers (BE) (Fluxys) Industrial clients L-zone,21Y000000000045A,entry,kWh/h,No injection in transmission network from Industiral clients,,,2025-02-20T13:19:03+01:00,,,,,,,,1,2021-10-01T01:00:00+02:00,,,,,
1Physical FlowhourBE-TSO-0001FNC-00034entrykWh/h2021-12-01T01:00:00Z2022-01-01T00:00:00Z_NA1881,1,Physical Flow,hour,2021-12-18T12:00:00+01:00,2021-12-18T13:00:00+01:00,BE-TSO-0001,21X-BE-A-A0A0A-Y,Fluxys Belgium,FNC-00034,Final consumers (BE) (Fluxys) Industrial clients L-zone,21Y000000000045A,entry,kWh/h,No injection in transmission network from Industiral clients,,,2025-02-20T13:19:03+01:00,,,,,,,,1,2021-10-01T01:00:00+02:00,,,,,
1Physical FlowhourBE-TSO-0001FNC-00034entrykWh/h2021-12-01T01:00:00Z2022-01-01T00:00:00Z_NA1882,1,Physical Flow,hour,2021-12-18T13:00:00+01:00,2021-12-18T14:00:00+01:00,BE-TSO-0001,21X-BE-A-A0A0A-Y,Fluxys Belgium,FNC-00034,Final consumers (BE) (Fluxys) Industrial clients L-zone,21Y000000000045A,entry,kWh/h,No injection in transmission network from Industiral clients,,,2025-02-20T13:19:03+01:00,,,,,,,,1,2021-10-01T01:00:00+02:00,,,,,
1Physical FlowhourBE-TSO-0001FNC-00034entrykWh/h2021-12-01T01:00:00Z2022-01-01T00:00:00Z_NA1883,1,Physical Flow,hour,2021-12-18T14:00:00+01:00,2021-12-18T15:00:00+01:00,BE-TSO-0001,21X-BE-A-A0A0A-Y,Fluxys Belgium,FNC-00034,Final consumers (BE) (Fluxys) Industrial clients L-zone,21Y000000000045A,entry,kWh/h,No injection in transmission network from Industiral clients,,,2025-02-20T13:19:03+01:00,,,,,,,,1,2021-10-01T01:00:00+02:00,,,,,
1Physical FlowhourBE-TSO-0001FNC-00034entrykWh/h2021-12-01T01:00:00Z2022-01-01T00:00:00Z_NA1884,1,Physical Flow,hour,2021-12-18T15:00:00+01:00,2021-12-18T16:00:00+01:00,BE-TSO-0001,21X-BE-A-A0A0A-Y,Fluxys Belgium,FNC-00034,Final consumers (BE) (Fluxys) Industrial clients L-zone,21Y000000000045A,entry,kWh/h,No injection in transmission network from Industiral clients,,,2025-02-20T13:19:03+01:00,,,,,,,,1,2021-10-01T01:00:00+02:00,,,,,
1Physical FlowhourBE-TSO-0001FNC-00034entrykWh/h2021-12-01T01:00:00Z2022-01-01T00:00:00Z_NA1885,1,Physical Flow,hour,2021-12-18T16:00:00+01:00,2021-12-18T17:00:00+01:00,BE-TSO-0001,21X-BE-A-A0A0A-Y,Fluxys Belgium,FNC-00034,Final consumers (BE) (Fluxys) Industrial clients L-zone,21Y000000000045A,entry,kWh/h,No injection in transmission network from Industiral clients,,,2025-02-20T13:19:03+01:00,,,,,,,,1,2021-10-01T01:00:00+02:00,,,,,
1Physical FlowhourBE-TSO-0001FNC-00034entrykWh/h2021-12-01T01:00:00Z2022-01-01T00:00:00Z_NA1886,1,Physical Flow,hour,2021-12-18T17:00:00+01:00,2021-12-18T18:00:00+01:00,BE-TSO-0001,21X-BE-A-A0A0A-Y,Fluxys Belgium,FNC-00034,Final consumers (BE) (Fluxys) Industrial clients L-zone,21Y000000000045A,entry,kWh/h,No injection in transmission network from Industiral clients,,,2025-02-20T13:19:03+01:00,,,,,,,,1,2021-10-01T01:00:00+02:00,,,,,
1Physical FlowhourBE-TSO-0001FNC-00034entrykWh/h2021-12-01T01:00:00Z2022-01-01T00:00:00Z_NA1887,1,Physical Flow,hour,2021-12-18T18:00:00+01:00,2021-12-18T19:00:00+01:00,BE-TSO-0001,21X-BE-A-A0A0A-Y,Fluxys Belgium,FNC-00034,Final consumers (BE) (Fluxys) Industrial clients L-zone,21Y000000000045A,entry,kWh/h,No injection in transmission network from Industiral clients,,,2025-02-20T13:19:03+01:00,,,,,,,,1,2021-10-01T01:00:00+02:00,,,,,
1Physical FlowhourBE-TSO-0001FNC-00034entrykWh/h2021-12-01T01:00:00Z2022-01-01T00:00:00Z_NA1888,1,Physical Flow,hour,2021-12-18T19:00:00+01:00,2021-12-18T20:00:00+01:00,BE-TSO-0001,21X-BE-A-A0A0A-Y,Fluxys Belgium,FNC-00034,Final consumers (BE) (Fluxys) Industrial clients L-zone,21Y000000000045A,entry,kWh/h,No injection in transmission network from Industiral clients,,,2025-02-20T13:19:03+01:00,,,,,,,,1,2021-10-01T01:00:00+02:00,,,,,
1Physical FlowhourBE-TSO-0001FNC-00034entrykWh/h2021-12-01T01:00:00Z2022-01-01T00:00:00Z_NA1889,1,Physical Flow,hour,2021-12-18T20:00:00+01:00,2021-12-18T21:00:00+01:00,BE-TSO-0001,21X-BE-A-A0A0A-Y,Fluxys Belgium,FNC-00034,Final consumers (BE) (Fluxys) Industrial clients L-zone,21Y000000000045A,entry,kWh/h,No injection in transmission network from Industiral clients,,,2025-02-20T13:19:03+01:00,,,,,,,,1,2021-10-01T01:00:00+02:00,,,,,
1Physical FlowhourBE-TSO-0001FNC-00034entrykWh/h2021-12-01T01:00:00Z2022-01-01T00:00:00Z_NA1890,1,Physical Flow,hour,2021-12-18T21:00:00+01:00,2021-12-18T22:00:00+01:00,BE-TSO-0001,21X-BE-A-A0A0A-Y,Fluxys Belgium,FNC-00034,Final consumers (BE) (Fluxys) Industrial clients L-zone,21Y000000000045A,entry,kWh/h,No injection in transmission network from Industiral clients,,,2025-02-20T13:19:03+01:00,,,,,,,,1,2021-10-01T01:00:00+02:00,,,,,
1Physical FlowhourBE-TSO-0001FNC-00034entrykWh/h2021-12-01T01:00:00Z2022-01-01T00:00:00Z_NA1891,1,Physical Flow,hour,2021-12-18T22:00:00+01:00,2021-12-18T23:00:00+01:00,BE-TSO-0001,21X-BE-A-A0A0A-Y,Fluxys Belgium,FNC-00034,Final consumers (BE) (Fluxys) Industrial clients L-zone,21Y000000000045A,entry,kWh/h,No injection in transmission network from Industiral clients,,,2025-02-20T13:19:03+01:00,,,,,,,,1,2021-10-01T01:00:00+02:00,,,,,
1Physical FlowhourBE-TSO-0001FNC-00034entrykWh/h2021-12-01T01:00:00Z2022-01-01T00:00:00Z_NA1892,1,Physical Flow,hour,2021-12-18T23:00:00+01:00,2021-12-19T00:00:00+01:00,BE-TSO-0001,21X-BE-A-A0A0A-Y,Fluxys Belgium,FNC-00034,Final consumers (BE) (Fluxys) Industrial clients L-zone,21Y000000000045A,entry,kWh/h,No injection in transmission network from Industiral clients,,,2025-02-20T13:19:03+01:00,,,,,,,,1,2021-10-01T01:00:00+02:00,,,,,
1Physical FlowhourBE-TSO-0001FNC-00034entrykWh/h2021-12-01T01:00:00Z2022-01-01T00:00:00Z_NA1893,1,Physical Flow,hour,2021-12-19T00:00:00+01:00,2021-12-19T01:00:00+01:00,BE-TSO-0001,21X-BE-A-A0A0A-Y,Fluxys Belgium,FNC-00034,Final consumers (BE) (Fluxys) Industrial clients L-zone,21Y000000000045A,entry,kWh/h,No injection in transmission network from Industiral clients,,,2025-02-20T13:19:03+01:00,,,,,,,,1,2021-10-01T01:00:00+02:00,,,,,
1Physical FlowhourBE-TSO-0001FNC-00034entrykWh/h2021-12-01T01:00:00Z2022-01-01T00:00:00Z_NA1894,1,Physical Flow,hour,2021-12-19T01:00:00+01:00,2021-12-19T02:00:00+01:00,BE-TSO-0001,21X-BE-A-A0A0A-Y,Fluxys Belgium,FNC-00034,Final consumers (BE) (Fluxys) Industrial clients L-zone,21Y000000000045A,entry,kWh/h,No injection in transmission network from Industiral clients,,,2025-02-20T13:19:03+01:00,,,,,,,,1,2021-10-01T01:00:00+02:00,,,,,
1Physical FlowhourBE-TSO-0001FNC-00034entrykWh/h2021-12-01T01:00:00Z2022-01-01T00:00:00Z_NA1895,1,Physical Flow,hour,2021-12-19T02:00:00+01:00,2021-12-19T03:00:00+01:00,BE-TSO-0001,21X-BE-A-A0A0A-Y,Fluxys Belgium,FNC-00034,Final consumers (BE) (Fluxys) Industrial clients L-zone,21Y000000000045A,entry,kWh/h,No injection in transmission network from Industiral clients,,,2025-02-20T13:19:03+01:00,,,,,,,,1,2021-10-01T01:00:00+02:00,,,,,
1Physical FlowhourBE-TSO-0001FNC-00034entrykWh/h2021-12-01T01:00:00Z2022-01-01T00:00:00Z_NA1896,1,Physical Flow,hour,2021-12-19T03:00:00+01:00,2021-12-19T04:00:00+01:00,BE-TSO-0001,21X-BE-A-A0A0A-Y,Fluxys Belgium,FNC-00034,Final consumers (BE) (Fluxys) Industrial clients L-zone,21Y000000000045A,entry,kWh/h,No injection in transmission network from Industiral clients,,,2025-02-20T13:19:03+01:00,,,,,,,,1,2021-10-01T01:00:00+02:00,,,,,
1Physical FlowhourBE-TSO-0001FNC-00034entrykWh/h2021-12-01T01:00:00Z2022-01-01T00:00:00Z_NA1897,1,Physical Flow,hour,2021-12-19T04:00:00+01:00,2021-12-19T05:00:00+01:00,BE-TSO-0001,21X-BE-A-A0A0A-Y,Fluxys Belgium,FNC-00034,Final consumers (BE) (Fluxys) Industrial clients L-zone,21Y000000000045A,entry,kWh/h,No injection in transmission network from Industiral clients,,,2025-02-20T13:19:03+01:00,,,,,,,,1,2021-10-01T01:00:00+02:00,,,,,
1Physical FlowhourBE-TSO-0001FNC-00034entrykWh/h2021-12-01T01:00:00Z2022-01-01T00:00:00Z_NA1898,1,Physical Flow,hour,2021-12-19T05:00:00+01:00,2021-12-19T06:00:00+01:00,BE-TSO-0001,21X-BE-A-A0A0A-Y,Fluxys Belgium,FNC-00034,Final consumers (BE) (Fluxys) Industrial clients L-zone,21Y000000000045A,entry,kWh/h,No injection in transmission network from Industiral clients,,,2025-02-20T13:19:03+01:00,,,,,,,,1,2021-10-01T01:00:00+02:00,,,,,
1Physical FlowhourBE-TSO-0001FNC-00034entrykWh/h2021-12-01T01:00:00Z2022-01-01T00:00:00Z_NA1899,1,Physical Flow,hour,2021-12-19T06:00:00+01:00,2021-12-19T07:00:00+01:00,BE-TSO-0001,21X-BE-A-A0A0A-Y,Fluxys Belgium,FNC-00034,Final consumers (BE) (Fluxys) Industrial clients L-zone,21Y000000000045A,entry,kWh/h,No injection in transmission network from Industiral clients,,,2025-02-20T13:19:03+01:00,,,,,,,,1,2021-10-01T01:00:00+02:00,,,,,
1Physical FlowhourBE-TSO-0001FNC-00034entrykWh/h2021-12-01T01:00:00Z2022-01-01T00:00:00Z_NA1900,1,Physical Flow,hour,2021-12-19T07:00:00+01:00,2021-12-19T08:00:00+01:00,BE-TSO-0001,21X-BE-A-A0A0A-Y,Fluxys Belgium,FNC-00034,Final consumers (BE) (Fluxys) Industrial clients L-zone,21Y000000000045A,entry,kWh/h,No injection in transmission network from Industiral clients,,,2025-02-20T13:19:03+01:00,,,,,,,,1,2021-10-01T01:00:00+02:00,,,,,
1Physical FlowhourBE-TSO-0001FNC-00034entrykWh/h2021-12-01T01:00:00Z2022-01-01T00:00:00Z_NA1901,1,Physical Flow,hour,2021-12-19T08:00:00+01:00,2021-12-19T09:00:00+01:00,BE-TSO-0001,21X-BE-A-A0A0A-Y,Fluxys Belgium,FNC-00034,Final consumers (BE) (Fluxys) Industrial clients L-zone,21Y000000000045A,entry,kWh/h,No injection in transmission network from Industiral clients,,,2025-02-20T13:19:03+01:00,,,,,,,,1,2021-10-01T01:00:00+02:00,,,,,
1Physical FlowhourBE-TSO-0001FNC-00034entrykWh/h2021-12-01T01:00:00Z2022-01-01T00:00:00Z_NA1902,1,Physical Flow,hour,2021-12-19T09:00:00+01:00,2021-12-19T10:00:00+01:00,BE-TSO-0001,21X-BE-A-A0A0A-Y,Fluxys Belgium,FNC-00034,Final consumers (BE) (Fluxys) Industrial clients L-zone,21Y000000000045A,entry,kWh/h,No injection in transmission network from Industiral clients,,,2025-02-20T13:19:03+01:00,,,,,,,,1,2021-10-01T01:00:00+02:00,,,,,
1Physical FlowhourBE-TSO-0001FNC-00034entrykWh/h2021-12-01T01:00:00Z2022-01-01T00:00:00Z_NA1903,1,Physical Flow,hour,2021-12-19T10:00:00+01:00,2021-12-19T11:00:00+01:00,BE-TSO-0001,21X-BE-A-A0A0A-Y,Fluxys Belgium,FNC-00034,Final consumers (BE) (Fluxys) Industrial clients L-zone,21Y000000000045A,entry,kWh/h,No injection in transmission network from Industiral clients,,,2025-02-20T13:19:03+01:00,,,,,,,,1,2021-10-01T01:00:00+02:00,,,,,
1Physical FlowhourBE-TSO-0001FNC-00034entrykWh/h2021-12-01T01:00:00Z2022-01-01T00:00:00Z_NA1904,1,Physical Flow,hour,2021-12-19T11:00:00+01:00,2021-12-19T12:00:00+01:00,BE-TSO-0001,21X-BE-A-A0A0A-Y,Fluxys Belgium,FNC-00034,Final consumers (BE) (Fluxys) Industrial clients L-zone,21Y000000000045A,entry,kWh/h,No injection in transmission network from Industiral clients,,,2025-02-20T13:19:03+01:00,,,,,,,,1,2021-10-01T01:00:00+02:00,,,,,
1Physical FlowhourBE-TSO-0001FNC-00034entrykWh/h2021-12-01T01:00:00Z2022-01-01T00:00:00Z_NA1905,1,Physical Flow,hour,2021-12-19T12:00:00+01:00,2021-12-19T13:00:00+01:00,BE-TSO-0001,21X-BE-A-A0A0A-Y,Fluxys Belgium,FNC-00034,Final consumers (BE) (Fluxys) Industrial clients L-zone,21Y000000000045A,entry,kWh/h,No injection in transmission network from Industiral clients,,,2025-02-20T13:19:03+01:00,,,,,,,,1,2021-10-01T01:00:00+02:00,,,,,
1Physical FlowhourBE-TSO-0001FNC-00034entrykWh/h2021-12-01T01:00:00Z2022-01-01T00:00:00Z_NA1906,1,Physical Flow,hour,2021-12-19T13:00:00+01:00,2021-12-19T14:00:00+01:00,BE-TSO-0001,21X-BE-A-A0A0A-Y,Fluxys Belgium,FNC-00034,Final consumers (BE) (Fluxys) Industrial clients L-zone,21Y000000000045A,entry,kWh/h,No injection in transmission network from Industiral clients,,,2025-02-20T13:19:03+01:00,,,,,,,,1,2021-10-01T01:00:00+02:00,,,,,
1Physical FlowhourBE-TSO-0001FNC-00034entrykWh/h2021-12-01T01:00:00Z2022-01-01T00:00:00Z_NA1907,1,Physical Flow,hour,2021-12-19T14:00:00+01:00,2021-12-19T15:00:00+01:00,BE-TSO-0001,21X-BE-A-A0A0A-Y,Fluxys Belgium,FNC-00034,Final consumers (BE) (Fluxys) Industrial clients L-zone,21Y000000000045A,entry,kWh/h,No injection in transmission network from Industiral clients,,,2025-02-20T13:19:03+01:00,,,,,,,,1,2021-10-01T01:00:00+02:00,,,,,
1Physical FlowhourBE-TSO-0001FNC-00034entrykWh/h2021-12-01T01:00:00Z2022-01-01T00:00:00Z_NA1908,1,Physical Flow,hour,2021-12-19T15:00:00+01:00,2021-12-19T16:00:00+01:00,BE-TSO-0001,21X-BE-A-A0A0A-Y,Fluxys Belgium,FNC-00034,Final consumers (BE) (Fluxys) Industrial clients L-zone,21Y000000000045A,entry,kWh/h,No injection in transmission network from Industiral clients,,,2025-02-20T13:19:03+01:00,,,,,,,,1,2021-10-01T01:00:00+02:00,,,,,
1Physical FlowhourBE-TSO-0001FNC-00034entrykWh/h2021-12-01T01:00:00Z2022-01-01T00:00:00Z_NA1909,1,Physical Flow,hour,2021-12-19T16:00:00+01:00,2021-12-19T17:00:00+01:00,BE-TSO-0001,21X-BE-A-A0A0A-Y,Fluxys Belgium,FNC-00034,Final consumers (BE) (Fluxys) Industrial clients L-zone,21Y000000000045A,entry,kWh/h,No injection in transmission network from Industiral clients,,,2025-02-20T13:19:03+01:00,,,,,,,,1,2021-10-01T01:00:00+02:00,,,,,
1Physical FlowhourBE-TSO-0001FNC-00034entrykWh/h2021-12-01T01:00:00Z2022-01-01T00:00:00Z_NA1910,1,Physical Flow,hour,2021-12-19T17:00:00+01:00,2021-12-19T18:00:00+01:00,BE-TSO-0001,21X-BE-A-A0A0A-Y,Fluxys Belgium,FNC-00034,Final consumers (BE) (Fluxys) Industrial clients L-zone,21Y000000000045A,entry,kWh/h,No injection in transmission network from Industiral clients,,,2025-02-20T13:19:03+01:00,,,,,,,,1,2021-10-01T01:00:00+02:00,,,,,
1Physical FlowhourBE-TSO-0001FNC-00034entrykWh/h2021-12-01T01:00:00Z2022-01-01T00:00:00Z_NA1911,1,Physical Flow,hour,2021-12-19T18:00:00+01:00,2021-12-19T19:00:00+01:00,BE-TSO-0001,21X-BE-A-A0A0A-Y,Fluxys Belgium,FNC-00034,Final consumers (BE) (Fluxys) Industrial clients L-zone,21Y000000000045A,entry,kWh/h,No injection in transmission network from Industiral clients,,,2025-02-20T13:19:03+01:00,,,,,,,,1,2021-10-01T01:00:00+02:00,,,,,
1Physical FlowhourBE-TSO-0001FNC-00034entrykWh/h2021-12-01T01:00:00Z2022-01-01T00:00:00Z_NA1912,1,Physical Flow,hour,2021-12-19T19:00:00+01:00,2021-12-19T20:00:00+01:00,BE-TSO-0001,21X-BE-A-A0A0A-Y,Fluxys Belgium,FNC-00034,Final consumers (BE) (Fluxys) Industrial clients L-zone,21Y000000000045A,entry,kWh/h,No injection in transmission network from Industiral clients,,,2025-02-20T13:19:03+01:00,,,,,,,,1,2021-10-01T01:00:00+02:00,,,,,
1Physical FlowhourBE-TSO-0001FNC-00034entrykWh/h2021-12-01T01:00:00Z2022-01-01T00:00:00Z_NA1913,1,Physical Flow,hour,2021-12-19T20:00:00+01:00,2021-12-19T21:00:00+01:00,BE-TSO-0001,21X-BE-A-A0A0A-Y,Fluxys Belgium,FNC-00034,Final consumers (BE) (Fluxys) Industrial clients L-zone,21Y000000000045A,entry,kWh/h,No injection in transmission network from Industiral clients,,,2025-02-20T13:19:03+01:00,,,,,,,,1,2021-10-01T01:00:00+02:00,,,,,
1Physical FlowhourBE-TSO-0001FNC-00034entrykWh/h2021-12-01T01:00:00Z2022-01-01T00:00:00Z_NA1914,1,Physical Flow,hour,2021-12-19T21:00:00+01:00,2021-12-19T22:00:00+01:00,BE-TSO-0001,21X-BE-A-A0A0A-Y,Fluxys Belgium,FNC-00034,Final consumers (BE) (Fluxys) Industrial clients L-zone,21Y000000000045A,entry,kWh/h,No injection in transmission network from Industiral clients,,,2025-02-20T13:19:03+01:00,,,,,,,,1,2021-10-01T01:00:00+02:00,,,,,
1Physical FlowhourBE-TSO-0001FNC-00034entrykWh/h2021-12-01T01:00:00Z2022-01-01T00:00:00Z_NA1915,1,Physical Flow,hour,2021-12-19T22:00:00+01:00,2021-12-19T23:00:00+01:00,BE-TSO-0001,21X-BE-A-A0A0A-Y,Fluxys Belgium,FNC-00034,Final consumers (BE) (Fluxys) Industrial clients L-zone,21Y000000000045A,entry,kWh/h,No injection in transmission network from Industiral clients,,,2025-02-20T13:19:03+01:00,,,,,,,,1,2021-10-01T01:00:00+02:00,,,,,
1Physical FlowhourBE-TSO-0001FNC-00034entrykWh/h2021-12-01T01:00:00Z2022-01-01T00:00:00Z_NA1916,1,Physical Flow,hour,2021-12-19T23:00:00+01:00,2021-12-20T00:00:00+01:00,BE-TSO-0001,21X-BE-A-A0A0A-Y,Fluxys Belgium,FNC-00034,Final consumers (BE) (Fluxys) Industrial clients L-zone,21Y000000000045A,entry,kWh/h,No injection in transmission network from Industiral clients,,,2025-02-20T13:19:03+01:00,,,,,,,,1,2021-10-01T01:00:00+02:00,,,,,
1Physical FlowhourBE-TSO-0001FNC-00034entrykWh/h2021-12-01T01:00:00Z2022-01-01T00:00:00Z_NA1917,1,Physical Flow,hour,2021-12-20T00:00:00+01:00,2021-12-20T01:00:00+01:00,BE-TSO-0001,21X-BE-A-A0A0A-Y,Fluxys Belgium,FNC-00034,Final consumers (BE) (Fluxys) Industrial clients L-zone,21Y000000000045A,entry,kWh/h,No injection in transmission network from Industiral clients,,,2025-02-20T13:19:03+01:00,,,,,,,,1,2021-10-01T01:00:00+02:00,,,,,
1Physical FlowhourBE-TSO-0001FNC-00034entrykWh/h2021-12-01T01:00:00Z2022-01-01T00:00:00Z_NA1918,1,Physical Flow,hour,2021-12-20T01:00:00+01:00,2021-12-20T02:00:00+01:00,BE-TSO-0001,21X-BE-A-A0A0A-Y,Fluxys Belgium,FNC-00034,Final consumers (BE) (Fluxys) Industrial clients L-zone,21Y000000000045A,entry,kWh/h,No injection in transmission network from Industiral clients,,,2025-02-20T13:19:03+01:00,,,,,,,,1,2021-10-01T01:00:00+02:00,,,,,
1Physical FlowhourBE-TSO-0001FNC-00034entrykWh/h2021-12-01T01:00:00Z2022-01-01T00:00:00Z_NA1919,1,Physical Flow,hour,2021-12-20T02:00:00+01:00,2021-12-20T03:00:00+01:00,BE-TSO-0001,21X-BE-A-A0A0A-Y,Fluxys Belgium,FNC-00034,Final consumers (BE) (Fluxys) Industrial clients L-zone,21Y000000000045A,entry,kWh/h,No injection in transmission network from Industiral clients,,,2025-02-20T13:19:03+01:00,,,,,,,,1,2021-10-01T01:00:00+02:00,,,,,
1Physical FlowhourBE-TSO-0001FNC-00034entrykWh/h2021-12-01T01:00:00Z2022-01-01T00:00:00Z_NA1920,1,Physical Flow,hour,2021-12-20T03:00:00+01:00,2021-12-20T04:00:00+01:00,BE-TSO-0001,21X-BE-A-A0A0A-Y,Fluxys Belgium,FNC-00034,Final consumers (BE) (Fluxys) Industrial clients L-zone,21Y000000000045A,entry,kWh/h,No injection in transmission network from Industiral clients,,,2025-02-20T13:19:03+01:00,,,,,,,,1,2021-10-01T01:00:00+02:00,,,,,
1Physical FlowhourBE-TSO-0001FNC-00034entrykWh/h2021-12-01T01:00:00Z2022-01-01T00:00:00Z_NA1921,1,Physical Flow,hour,2021-12-20T04:00:00+01:00,2021-12-20T05:00:00+01:00,BE-TSO-0001,21X-BE-A-A0A0A-Y,Fluxys Belgium,FNC-00034,Final consumers (BE) (Fluxys) Industrial clients L-zone,21Y000000000045A,entry,kWh/h,No injection in transmission network from Industiral clients,,,2025-02-20T13:19:03+01:00,,,,,,,,1,2021-10-01T01:00:00+02:00,,,,,
1Physical FlowhourBE-TSO-0001FNC-00034entrykWh/h2021-12-01T01:00:00Z2022-01-01T00:00:00Z_NA1922,1,Physical Flow,hour,2021-12-20T05:00:00+01:00,2021-12-20T06:00:00+01:00,BE-TSO-0001,21X-BE-A-A0A0A-Y,Fluxys Belgium,FNC-00034,Final consumers (BE) (Fluxys) Industrial clients L-zone,21Y000000000045A,entry,kWh/h,No injection in transmission network from Industiral clients,,,2025-02-20T13:19:03+01:00,,,,,,,,1,2021-10-01T01:00:00+02:00,,,,,
1Physical FlowhourBE-TSO-0001FNC-00034entrykWh/h2021-12-01T01:00:00Z2022-01-01T00:00:00Z_NA1923,1,Physical Flow,hour,2021-12-20T06:00:00+01:00,2021-12-20T07:00:00+01:00,BE-TSO-0001,21X-BE-A-A0A0A-Y,Fluxys Belgium,FNC-00034,Final consumers (BE) (Fluxys) Industrial clients L-zone,21Y000000000045A,entry,kWh/h,No injection in transmission network from Industiral clients,,,2025-02-20T13:19:03+01:00,,,,,,,,1,2021-10-01T01:00:00+02:00,,,,,
1Physical FlowhourBE-TSO-0001FNC-00034entrykWh/h2021-12-01T01:00:00Z2022-01-01T00:00:00Z_NA1924,1,Physical Flow,hour,2021-12-20T07:00:00+01:00,2021-12-20T08:00:00+01:00,BE-TSO-0001,21X-BE-A-A0A0A-Y,Fluxys Belgium,FNC-00034,Final consumers (BE) (Fluxys) Industrial clients L-zone,21Y000000000045A,entry,kWh/h,No injection in transmission network from Industiral clients,,,2025-02-20T13:19:03+01:00,,,,,,,,1,2021-10-01T01:00:00+02:00,,,,,
1Physical FlowhourBE-TSO-0001FNC-00034entrykWh/h2021-12-01T01:00:00Z2022-01-01T00:00:00Z_NA1925,1,Physical Flow,hour,2021-12-20T08:00:00+01:00,2021-12-20T09:00:00+01:00,BE-TSO-0001,21X-BE-A-A0A0A-Y,Fluxys Belgium,FNC-00034,Final consumers (BE) (Fluxys) Industrial clients L-zone,21Y000000000045A,entry,kWh/h,No injection in transmission network from Industiral clients,,,2025-02-20T13:19:03+01:00,,,,,,,,1,2021-10-01T01:00:00+02:00,,,,,
1Physical FlowhourBE-TSO-0001FNC-00034entrykWh/h2021-12-01T01:00:00Z2022-01-01T00:00:00Z_NA1926,1,Physical Flow,hour,2021-12-20T09:00:00+01:00,2021-12-20T10:00:00+01:00,BE-TSO-0001,21X-BE-A-A0A0A-Y,Fluxys Belgium,FNC-00034,Final consumers (BE) (Fluxys) Industrial clients L-zone,21Y000000000045A,entry,kWh/h,No injection in transmission network from Industiral clients,,,2025-02-20T13:19:03+01:00,,,,,,,,1,2021-10-01T01:00:00+02:00,,,,,
1Physical FlowhourBE-TSO-0001FNC-00034entrykWh/h2021-12-01T01:00:00Z2022-01-01T00:00:00Z_NA1927,1,Physical Flow,hour,2021-12-20T10:00:00+01:00,2021-12-20T11:00:00+01:00,BE-TSO-0001,21X-BE-A-A0A0A-Y,Fluxys Belgium,FNC-00034,Final consumers (BE) (Fluxys) Industrial clients L-zone,21Y000000000045A,entry,kWh/h,No injection in transmission network from Industiral clients,,,2025-02-20T13:19:03+01:00,,,,,,,,1,2021-10-01T01:00:00+02:00,,,,,
1Physical FlowhourBE-TSO-0001FNC-00034entrykWh/h2021-12-01T01:00:00Z2022-01-01T00:00:00Z_NA1928,1,Physical Flow,hour,2021-12-20T11:00:00+01:00,2021-12-20T12:00:00+01:00,BE-TSO-0001,21X-BE-A-A0A0A-Y,Fluxys Belgium,FNC-00034,Final consumers (BE) (Fluxys) Industrial clients L-zone,21Y000000000045A,entry,kWh/h,No injection in transmission network from Industiral clients,,,2025-02-20T13:19:03+01:00,,,,,,,,1,2021-10-01T01:00:00+02:00,,,,,
1Physical FlowhourBE-TSO-0001FNC-00034entrykWh/h2021-12-01T01:00:00Z2022-01-01T00:00:00Z_NA1929,1,Physical Flow,hour,2021-12-20T12:00:00+01:00,2021-12-20T13:00:00+01:00,BE-TSO-0001,21X-BE-A-A0A0A-Y,Fluxys Belgium,FNC-00034,Final consumers (BE) (Fluxys) Industrial clients L-zone,21Y000000000045A,entry,kWh/h,No injection in transmission network from Industiral clients,,,2025-02-20T13:19:03+01:00,,,,,,,,1,2021-10-01T01:00:00+02:00,,,,,
1Physical FlowhourBE-TSO-0001FNC-00034entrykWh/h2021-12-01T01:00:00Z2022-01-01T00:00:00Z_NA1930,1,Physical Flow,hour,2021-12-20T13:00:00+01:00,2021-12-20T14:00:00+01:00,BE-TSO-0001,21X-BE-A-A0A0A-Y,Fluxys Belgium,FNC-00034,Final consumers (BE) (Fluxys) Industrial clients L-zone,21Y000000000045A,entry,kWh/h,No injection in transmission network from Industiral clients,,,2025-02-20T13:19:03+01:00,,,,,,,,1,2021-10-01T01:00:00+02:00,,,,,
1Physical FlowhourBE-TSO-0001FNC-00034entrykWh/h2021-12-01T01:00:00Z2022-01-01T00:00:00Z_NA1931,1,Physical Flow,hour,2021-12-20T14:00:00+01:00,2021-12-20T15:00:00+01:00,BE-TSO-0001,21X-BE-A-A0A0A-Y,Fluxys Belgium,FNC-00034,Final consumers (BE) (Fluxys) Industrial clients L-zone,21Y000000000045A,entry,kWh/h,No injection in transmission network from Industiral clients,,,2025-02-20T13:19:03+01:00,,,,,,,,1,2021-10-01T01:00:00+02:00,,,,,
1Physical FlowhourBE-TSO-0001FNC-00034entrykWh/h2021-12-01T01:00:00Z2022-01-01T00:00:00Z_NA1932,1,Physical Flow,hour,2021-12-20T15:00:00+01:00,2021-12-20T16:00:00+01:00,BE-TSO-0001,21X-BE-A-A0A0A-Y,Fluxys Belgium,FNC-00034,Final consumers (BE) (Fluxys) Industrial clients L-zone,21Y000000000045A,entry,kWh/h,No injection in transmission network from Industiral clients,,,2025-02-20T13:19:03+01:00,,,,,,,,1,2021-10-01T01:00:00+02:00,,,,,
1Physical FlowhourBE-TSO-0001FNC-00034entrykWh/h2021-12-01T01:00:00Z2022-01-01T00:00:00Z_NA1933,1,Physical Flow,hour,2021-12-20T16:00:00+01:00,2021-12-20T17:00:00+01:00,BE-TSO-0001,21X-BE-A-A0A0A-Y,Fluxys Belgium,FNC-00034,Final consumers (BE) (Fluxys) Industrial clients L-zone,21Y000000000045A,entry,kWh/h,No injection in transmission network from Industiral clients,,,2025-02-20T13:19:03+01:00,,,,,,,,1,2021-10-01T01:00:00+02:00,,,,,
1Physical FlowhourBE-TSO-0001FNC-00034entrykWh/h2021-12-01T01:00:00Z2022-01-01T00:00:00Z_NA1934,1,Physical Flow,hour,2021-12-20T17:00:00+01:00,2021-12-20T18:00:00+01:00,BE-TSO-0001,21X-BE-A-A0A0A-Y,Fluxys Belgium,FNC-00034,Final consumers (BE) (Fluxys) Industrial clients L-zone,21Y000000000045A,entry,kWh/h,No injection in transmission network from Industiral clients,,,2025-02-20T13:19:03+01:00,,,,,,,,1,2021-10-01T01:00:00+02:00,,,,,
1Physical FlowhourBE-TSO-0001FNC-00034entrykWh/h2021-12-01T01:00:00Z2022-01-01T00:00:00Z_NA1935,1,Physical Flow,hour,2021-12-20T18:00:00+01:00,2021-12-20T19:00:00+01:00,BE-TSO-0001,21X-BE-A-A0A0A-Y,Fluxys Belgium,FNC-00034,Final consumers (BE) (Fluxys) Industrial clients L-zone,21Y000000000045A,entry,kWh/h,No injection in transmission network from Industiral clients,,,2025-02-20T13:19:03+01:00,,,,,,,,1,2021-10-01T01:00:00+02:00,,,,,
1Physical FlowhourBE-TSO-0001FNC-00034entrykWh/h2021-12-01T01:00:00Z2022-01-01T00:00:00Z_NA1936,1,Physical Flow,hour,2021-12-20T19:00:00+01:00,2021-12-20T20:00:00+01:00,BE-TSO-0001,21X-BE-A-A0A0A-Y,Fluxys Belgium,FNC-00034,Final consumers (BE) (Fluxys) Industrial clients L-zone,21Y000000000045A,entry,kWh/h,No injection in transmission network from Industiral clients,,,2025-02-20T13:19:03+01:00,,,,,,,,1,2021-10-01T01:00:00+02:00,,,,,
1Physical FlowhourBE-TSO-0001FNC-00034entrykWh/h2021-12-01T01:00:00Z2022-01-01T00:00:00Z_NA1937,1,Physical Flow,hour,2021-12-20T20:00:00+01:00,2021-12-20T21:00:00+01:00,BE-TSO-0001,21X-BE-A-A0A0A-Y,Fluxys Belgium,FNC-00034,Final consumers (BE) (Fluxys) Industrial clients L-zone,21Y000000000045A,entry,kWh/h,No injection in transmission network from Industiral clients,,,2025-02-20T13:19:03+01:00,,,,,,,,1,2021-10-01T01:00:00+02:00,,,,,
1Physical FlowhourBE-TSO-0001FNC-00034entrykWh/h2021-12-01T01:00:00Z2022-01-01T00:00:00Z_NA1938,1,Physical Flow,hour,2021-12-20T21:00:00+01:00,2021-12-20T22:00:00+01:00,BE-TSO-0001,21X-BE-A-A0A0A-Y,Fluxys Belgium,FNC-00034,Final consumers (BE) (Fluxys) Industrial clients L-zone,21Y000000000045A,entry,kWh/h,No injection in transmission network from Industiral clients,,,2025-02-20T13:19:03+01:00,,,,,,,,1,2021-10-01T01:00:00+02:00,,,,,
1Physical FlowhourBE-TSO-0001FNC-00034entrykWh/h2021-12-01T01:00:00Z2022-01-01T00:00:00Z_NA1939,1,Physical Flow,hour,2021-12-20T22:00:00+01:00,2021-12-20T23:00:00+01:00,BE-TSO-0001,21X-BE-A-A0A0A-Y,Fluxys Belgium,FNC-00034,Final consumers (BE) (Fluxys) Industrial clients L-zone,21Y000000000045A,entry,kWh/h,No injection in transmission network from Industiral clients,,,2025-02-20T13:19:03+01:00,,,,,,,,1,2021-10-01T01:00:00+02:00,,,,,
1Physical FlowhourBE-TSO-0001FNC-00034entrykWh/h2021-12-01T01:00:00Z2022-01-01T00:00:00Z_NA1940,1,Physical Flow,hour,2021-12-20T23:00:00+01:00,2021-12-21T00:00:00+01:00,BE-TSO-0001,21X-BE-A-A0A0A-Y,Fluxys Belgium,FNC-00034,Final consumers (BE) (Fluxys) Industrial clients L-zone,21Y000000000045A,entry,kWh/h,No injection in transmission network from Industiral clients,,,2025-02-20T13:19:03+01:00,,,,,,,,1,2021-10-01T01:00:00+02:00,,,,,
1Physical FlowhourBE-TSO-0001FNC-00034entrykWh/h2021-12-01T01:00:00Z2022-01-01T00:00:00Z_NA1941,1,Physical Flow,hour,2021-12-21T00:00:00+01:00,2021-12-21T01:00:00+01:00,BE-TSO-0001,21X-BE-A-A0A0A-Y,Fluxys Belgium,FNC-00034,Final consumers (BE) (Fluxys) Industrial clients L-zone,21Y000000000045A,entry,kWh/h,No injection in transmission network from Industiral clients,,,2025-02-20T13:19:03+01:00,,,,,,,,1,2021-10-01T01:00:00+02:00,,,,,
1Physical FlowhourBE-TSO-0001FNC-00034entrykWh/h2021-12-01T01:00:00Z2022-01-01T00:00:00Z_NA1942,1,Physical Flow,hour,2021-12-21T01:00:00+01:00,2021-12-21T02:00:00+01:00,BE-TSO-0001,21X-BE-A-A0A0A-Y,Fluxys Belgium,FNC-00034,Final consumers (BE) (Fluxys) Industrial clients L-zone,21Y000000000045A,entry,kWh/h,No injection in transmission network from Industiral clients,,,2025-02-20T13:19:03+01:00,,,,,,,,1,2021-10-01T01:00:00+02:00,,,,,
1Physical FlowhourBE-TSO-0001FNC-00034entrykWh/h2021-12-01T01:00:00Z2022-01-01T00:00:00Z_NA1943,1,Physical Flow,hour,2021-12-21T02:00:00+01:00,2021-12-21T03:00:00+01:00,BE-TSO-0001,21X-BE-A-A0A0A-Y,Fluxys Belgium,FNC-00034,Final consumers (BE) (Fluxys) Industrial clients L-zone,21Y000000000045A,entry,kWh/h,No injection in transmission network from Industiral clients,,,2025-02-20T13:19:03+01:00,,,,,,,,1,2021-10-01T01:00:00+02:00,,,,,
1Physical FlowhourBE-TSO-0001FNC-00034entrykWh/h2021-12-01T01:00:00Z2022-01-01T00:00:00Z_NA1944,1,Physical Flow,hour,2021-12-21T03:00:00+01:00,2021-12-21T04:00:00+01:00,BE-TSO-0001,21X-BE-A-A0A0A-Y,Fluxys Belgium,FNC-00034,Final consumers (BE) (Fluxys) Industrial clients L-zone,21Y000000000045A,entry,kWh/h,No injection in transmission network from Industiral clients,,,2025-02-20T13:19:03+01:00,,,,,,,,1,2021-10-01T01:00:00+02:00,,,,,
1Physical FlowhourBE-TSO-0001FNC-00034entrykWh/h2021-12-01T01:00:00Z2022-01-01T00:00:00Z_NA1945,1,Physical Flow,hour,2021-12-21T04:00:00+01:00,2021-12-21T05:00:00+01:00,BE-TSO-0001,21X-BE-A-A0A0A-Y,Fluxys Belgium,FNC-00034,Final consumers (BE) (Fluxys) Industrial clients L-zone,21Y000000000045A,entry,kWh/h,No injection in transmission network from Industiral clients,,,2025-02-20T13:19:03+01:00,,,,,,,,1,2021-10-01T01:00:00+02:00,,,,,
1Physical FlowhourBE-TSO-0001FNC-00034entrykWh/h2021-12-01T01:00:00Z2022-01-01T00:00:00Z_NA1946,1,Physical Flow,hour,2021-12-21T05:00:00+01:00,2021-12-21T06:00:00+01:00,BE-TSO-0001,21X-BE-A-A0A0A-Y,Fluxys Belgium,FNC-00034,Final consumers (BE) (Fluxys) Industrial clients L-zone,21Y000000000045A,entry,kWh/h,No injection in transmission network from Industiral clients,,,2025-02-20T13:19:03+01:00,,,,,,,,1,2021-10-01T01:00:00+02:00,,,,,
1Physical FlowhourBE-TSO-0001FNC-00034entrykWh/h2021-12-01T01:00:00Z2022-01-01T00:00:00Z_NA1947,1,Physical Flow,hour,2021-12-21T06:00:00+01:00,2021-12-21T07:00:00+01:00,BE-TSO-0001,21X-BE-A-A0A0A-Y,Fluxys Belgium,FNC-00034,Final consumers (BE) (Fluxys) Industrial clients L-zone,21Y000000000045A,entry,kWh/h,No injection in transmission network from Industiral clients,,,2025-02-20T13:19:03+01:00,,,,,,,,1,2021-10-01T01:00:00+02:00,,,,,
1Physical FlowhourBE-TSO-0001FNC-00034entrykWh/h2021-12-01T01:00:00Z2022-01-01T00:00:00Z_NA1948,1,Physical Flow,hour,2021-12-21T07:00:00+01:00,2021-12-21T08:00:00+01:00,BE-TSO-0001,21X-BE-A-A0A0A-Y,Fluxys Belgium,FNC-00034,Final consumers (BE) (Fluxys) Industrial clients L-zone,21Y000000000045A,entry,kWh/h,No injection in transmission network from Industiral clients,,,2025-02-20T13:19:03+01:00,,,,,,,,1,2021-10-01T01:00:00+02:00,,,,,
1Physical FlowhourBE-TSO-0001FNC-00034entrykWh/h2021-12-01T01:00:00Z2022-01-01T00:00:00Z_NA1949,1,Physical Flow,hour,2021-12-21T08:00:00+01:00,2021-12-21T09:00:00+01:00,BE-TSO-0001,21X-BE-A-A0A0A-Y,Fluxys Belgium,FNC-00034,Final consumers (BE) (Fluxys) Industrial clients L-zone,21Y000000000045A,entry,kWh/h,No injection in transmission network from Industiral clients,,,2025-02-20T13:19:03+01:00,,,,,,,,1,2021-10-01T01:00:00+02:00,,,,,
1Physical FlowhourBE-TSO-0001FNC-00034entrykWh/h2021-12-01T01:00:00Z2022-01-01T00:00:00Z_NA1950,1,Physical Flow,hour,2021-12-21T09:00:00+01:00,2021-12-21T10:00:00+01:00,BE-TSO-0001,21X-BE-A-A0A0A-Y,Fluxys Belgium,FNC-00034,Final consumers (BE) (Fluxys) Industrial clients L-zone,21Y000000000045A,entry,kWh/h,No injection in transmission network from Industiral clients,,,2025-02-20T13:19:03+01:00,,,,,,,,1,2021-10-01T01:00:00+02:00,,,,,
1Physical FlowhourBE-TSO-0001FNC-00034entrykWh/h2021-12-01T01:00:00Z2022-01-01T00:00:00Z_NA1951,1,Physical Flow,hour,2021-12-21T10:00:00+01:00,2021-12-21T11:00:00+01:00,BE-TSO-0001,21X-BE-A-A0A0A-Y,Fluxys Belgium,FNC-00034,Final consumers (BE) (Fluxys) Industrial clients L-zone,21Y000000000045A,entry,kWh/h,No injection in transmission network from Industiral clients,,,2025-02-20T13:19:03+01:00,,,,,,,,1,2021-10-01T01:00:00+02:00,,,,,
1Physical FlowhourBE-TSO-0001FNC-00034entrykWh/h2021-12-01T01:00:00Z2022-01-01T00:00:00Z_NA1952,1,Physical Flow,hour,2021-12-21T11:00:00+01:00,2021-12-21T12:00:00+01:00,BE-TSO-0001,21X-BE-A-A0A0A-Y,Fluxys Belgium,FNC-00034,Final consumers (BE) (Fluxys) Industrial clients L-zone,21Y000000000045A,entry,kWh/h,No injection in transmission network from Industiral clients,,,2025-02-20T13:19:03+01:00,,,,,,,,1,2021-10-01T01:00:00+02:00,,,,,
1Physical FlowhourBE-TSO-0001FNC-00034entrykWh/h2021-12-01T01:00:00Z2022-01-01T00:00:00Z_NA1953,1,Physical Flow,hour,2021-12-21T12:00:00+01:00,2021-12-21T13:00:00+01:00,BE-TSO-0001,21X-BE-A-A0A0A-Y,Fluxys Belgium,FNC-00034,Final consumers (BE) (Fluxys) Industrial clients L-zone,21Y000000000045A,entry,kWh/h,No injection in transmission network from Industiral clients,,,2025-02-20T13:19:03+01:00,,,,,,,,1,2021-10-01T01:00:00+02:00,,,,,
1Physical FlowhourBE-TSO-0001FNC-00034entrykWh/h2021-12-01T01:00:00Z2022-01-01T00:00:00Z_NA1954,1,Physical Flow,hour,2021-12-21T13:00:00+01:00,2021-12-21T14:00:00+01:00,BE-TSO-0001,21X-BE-A-A0A0A-Y,Fluxys Belgium,FNC-00034,Final consumers (BE) (Fluxys) Industrial clients L-zone,21Y000000000045A,entry,kWh/h,No injection in transmission network from Industiral clients,,,2025-02-20T13:19:03+01:00,,,,,,,,1,2021-10-01T01:00:00+02:00,,,,,
1Physical FlowhourBE-TSO-0001FNC-00034entrykWh/h2021-12-01T01:00:00Z2022-01-01T00:00:00Z_NA1955,1,Physical Flow,hour,2021-12-21T14:00:00+01:00,2021-12-21T15:00:00+01:00,BE-TSO-0001,21X-BE-A-A0A0A-Y,Fluxys Belgium,FNC-00034,Final consumers (BE) (Fluxys) Industrial clients L-zone,21Y000000000045A,entry,kWh/h,No injection in transmission network from Industiral clients,,,2025-02-20T13:19:03+01:00,,,,,,,,1,2021-10-01T01:00:00+02:00,,,,,
1Physical FlowhourBE-TSO-0001FNC-00034entrykWh/h2021-12-01T01:00:00Z2022-01-01T00:00:00Z_NA1956,1,Physical Flow,hour,2021-12-21T15:00:00+01:00,2021-12-21T16:00:00+01:00,BE-TSO-0001,21X-BE-A-A0A0A-Y,Fluxys Belgium,FNC-00034,Final consumers (BE) (Fluxys) Industrial clients L-zone,21Y000000000045A,entry,kWh/h,No injection in transmission network from Industiral clients,,,2025-02-20T13:19:03+01:00,,,,,,,,1,2021-10-01T01:00:00+02:00,,,,,
1Physical FlowhourBE-TSO-0001FNC-00034entrykWh/h2021-12-01T01:00:00Z2022-01-01T00:00:00Z_NA1957,1,Physical Flow,hour,2021-12-21T16:00:00+01:00,2021-12-21T17:00:00+01:00,BE-TSO-0001,21X-BE-A-A0A0A-Y,Fluxys Belgium,FNC-00034,Final consumers (BE) (Fluxys) Industrial clients L-zone,21Y000000000045A,entry,kWh/h,No injection in transmission network from Industiral clients,,,2025-02-20T13:19:03+01:00,,,,,,,,1,2021-10-01T01:00:00+02:00,,,,,
1Physical FlowhourBE-TSO-0001FNC-00034entrykWh/h2021-12-01T01:00:00Z2022-01-01T00:00:00Z_NA1958,1,Physical Flow,hour,2021-12-21T17:00:00+01:00,2021-12-21T18:00:00+01:00,BE-TSO-0001,21X-BE-A-A0A0A-Y,Fluxys Belgium,FNC-00034,Final consumers (BE) (Fluxys) Industrial clients L-zone,21Y000000000045A,entry,kWh/h,No injection in transmission network from Industiral clients,,,2025-02-20T13:19:03+01:00,,,,,,,,1,2021-10-01T01:00:00+02:00,,,,,
1Physical FlowhourBE-TSO-0001FNC-00034entrykWh/h2021-12-01T01:00:00Z2022-01-01T00:00:00Z_NA1959,1,Physical Flow,hour,2021-12-21T18:00:00+01:00,2021-12-21T19:00:00+01:00,BE-TSO-0001,21X-BE-A-A0A0A-Y,Fluxys Belgium,FNC-00034,Final consumers (BE) (Fluxys) Industrial clients L-zone,21Y000000000045A,entry,kWh/h,No injection in transmission network from Industiral clients,,,2025-02-20T13:19:03+01:00,,,,,,,,1,2021-10-01T01:00:00+02:00,,,,,
1Physical FlowhourBE-TSO-0001FNC-00034entrykWh/h2021-12-01T01:00:00Z2022-01-01T00:00:00Z_NA1960,1,Physical Flow,hour,2021-12-21T19:00:00+01:00,2021-12-21T20:00:00+01:00,BE-TSO-0001,21X-BE-A-A0A0A-Y,Fluxys Belgium,FNC-00034,Final consumers (BE) (Fluxys) Industrial clients L-zone,21Y000000000045A,entry,kWh/h,No injection in transmission network from Industiral clients,,,2025-02-20T13:19:03+01:00,,,,,,,,1,2021-10-01T01:00:00+02:00,,,,,
1Physical FlowhourBE-TSO-0001FNC-00034entrykWh/h2021-12-01T01:00:00Z2022-01-01T00:00:00Z_NA1961,1,Physical Flow,hour,2021-12-21T20:00:00+01:00,2021-12-21T21:00:00+01:00,BE-TSO-0001,21X-BE-A-A0A0A-Y,Fluxys Belgium,FNC-00034,Final consumers (BE) (Fluxys) Industrial clients L-zone,21Y000000000045A,entry,kWh/h,No injection in transmission network from Industiral clients,,,2025-02-20T13:19:03+01:00,,,,,,,,1,2021-10-01T01:00:00+02:00,,,,,
1Physical FlowhourBE-TSO-0001FNC-00034entrykWh/h2021-12-01T01:00:00Z2022-01-01T00:00:00Z_NA1962,1,Physical Flow,hour,2021-12-21T21:00:00+01:00,2021-12-21T22:00:00+01:00,BE-TSO-0001,21X-BE-A-A0A0A-Y,Fluxys Belgium,FNC-00034,Final consumers (BE) (Fluxys) Industrial clients L-zone,21Y000000000045A,entry,kWh/h,No injection in transmission network from Industiral clients,,,2025-02-20T13:19:03+01:00,,,,,,,,1,2021-10-01T01:00:00+02:00,,,,,
1Physical FlowhourBE-TSO-0001FNC-00034entrykWh/h2021-12-01T01:00:00Z2022-01-01T00:00:00Z_NA1963,1,Physical Flow,hour,2021-12-21T22:00:00+01:00,2021-12-21T23:00:00+01:00,BE-TSO-0001,21X-BE-A-A0A0A-Y,Fluxys Belgium,FNC-00034,Final consumers (BE) (Fluxys) Industrial clients L-zone,21Y000000000045A,entry,kWh/h,No injection in transmission network from Industiral clients,,,2025-02-20T13:19:03+01:00,,,,,,,,1,2021-10-01T01:00:00+02:00,,,,,
1Physical FlowhourBE-TSO-0001FNC-00034entrykWh/h2021-12-01T01:00:00Z2022-01-01T00:00:00Z_NA1964,1,Physical Flow,hour,2021-12-21T23:00:00+01:00,2021-12-22T00:00:00+01:00,BE-TSO-0001,21X-BE-A-A0A0A-Y,Fluxys Belgium,FNC-00034,Final consumers (BE) (Fluxys) Industrial clients L-zone,21Y000000000045A,entry,kWh/h,No injection in transmission network from Industiral clients,,,2025-02-20T13:19:03+01:00,,,,,,,,1,2021-10-01T01:00:00+02:00,,,,,
1Physical FlowhourBE-TSO-0001FNC-00034entrykWh/h2021-12-01T01:00:00Z2022-01-01T00:00:00Z_NA1965,1,Physical Flow,hour,2021-12-22T00:00:00+01:00,2021-12-22T01:00:00+01:00,BE-TSO-0001,21X-BE-A-A0A0A-Y,Fluxys Belgium,FNC-00034,Final consumers (BE) (Fluxys) Industrial clients L-zone,21Y000000000045A,entry,kWh/h,No injection in transmission network from Industiral clients,,,2025-02-20T13:19:03+01:00,,,,,,,,1,2021-10-01T01:00:00+02:00,,,,,
1Physical FlowhourBE-TSO-0001FNC-00034entrykWh/h2021-12-01T01:00:00Z2022-01-01T00:00:00Z_NA1966,1,Physical Flow,hour,2021-12-22T01:00:00+01:00,2021-12-22T02:00:00+01:00,BE-TSO-0001,21X-BE-A-A0A0A-Y,Fluxys Belgium,FNC-00034,Final consumers (BE) (Fluxys) Industrial clients L-zone,21Y000000000045A,entry,kWh/h,No injection in transmission network from Industiral clients,,,2025-02-20T13:19:03+01:00,,,,,,,,1,2021-10-01T01:00:00+02:00,,,,,
1Physical FlowhourBE-TSO-0001FNC-00034entrykWh/h2021-12-01T01:00:00Z2022-01-01T00:00:00Z_NA1967,1,Physical Flow,hour,2021-12-22T02:00:00+01:00,2021-12-22T03:00:00+01:00,BE-TSO-0001,21X-BE-A-A0A0A-Y,Fluxys Belgium,FNC-00034,Final consumers (BE) (Fluxys) Industrial clients L-zone,21Y000000000045A,entry,kWh/h,No injection in transmission network from Industiral clients,,,2025-02-20T13:19:03+01:00,,,,,,,,1,2021-10-01T01:00:00+02:00,,,,,
1Physical FlowhourBE-TSO-0001FNC-00034entrykWh/h2021-12-01T01:00:00Z2022-01-01T00:00:00Z_NA1968,1,Physical Flow,hour,2021-12-22T03:00:00+01:00,2021-12-22T04:00:00+01:00,BE-TSO-0001,21X-BE-A-A0A0A-Y,Fluxys Belgium,FNC-00034,Final consumers (BE) (Fluxys) Industrial clients L-zone,21Y000000000045A,entry,kWh/h,No injection in transmission network from Industiral clients,,,2025-02-20T13:19:03+01:00,,,,,,,,1,2021-10-01T01:00:00+02:00,,,,,
1Physical FlowhourBE-TSO-0001FNC-00034entrykWh/h2021-12-01T01:00:00Z2022-01-01T00:00:00Z_NA1969,1,Physical Flow,hour,2021-12-22T04:00:00+01:00,2021-12-22T05:00:00+01:00,BE-TSO-0001,21X-BE-A-A0A0A-Y,Fluxys Belgium,FNC-00034,Final consumers (BE) (Fluxys) Industrial clients L-zone,21Y000000000045A,entry,kWh/h,No injection in transmission network from Industiral clients,,,2025-02-20T13:19:03+01:00,,,,,,,,1,2021-10-01T01:00:00+02:00,,,,,
1Physical FlowhourBE-TSO-0001FNC-00034entrykWh/h2021-12-01T01:00:00Z2022-01-01T00:00:00Z_NA1970,1,Physical Flow,hour,2021-12-22T05:00:00+01:00,2021-12-22T06:00:00+01:00,BE-TSO-0001,21X-BE-A-A0A0A-Y,Fluxys Belgium,FNC-00034,Final consumers (BE) (Fluxys) Industrial clients L-zone,21Y000000000045A,entry,kWh/h,No injection in transmission network from Industiral clients,,,2025-02-20T13:19:03+01:00,,,,,,,,1,2021-10-01T01:00:00+02:00,,,,,
1Physical FlowhourBE-TSO-0001FNC-00034entrykWh/h2021-12-01T01:00:00Z2022-01-01T00:00:00Z_NA1971,1,Physical Flow,hour,2021-12-22T06:00:00+01:00,2021-12-22T07:00:00+01:00,BE-TSO-0001,21X-BE-A-A0A0A-Y,Fluxys Belgium,FNC-00034,Final consumers (BE) (Fluxys) Industrial clients L-zone,21Y000000000045A,entry,kWh/h,No injection in transmission network from Industiral clients,,,2025-02-20T13:19:03+01:00,,,,,,,,1,2021-10-01T01:00:00+02:00,,,,,
1Physical FlowhourBE-TSO-0001FNC-00034entrykWh/h2021-12-01T01:00:00Z2022-01-01T00:00:00Z_NA1972,1,Physical Flow,hour,2021-12-22T07:00:00+01:00,2021-12-22T08:00:00+01:00,BE-TSO-0001,21X-BE-A-A0A0A-Y,Fluxys Belgium,FNC-00034,Final consumers (BE) (Fluxys) Industrial clients L-zone,21Y000000000045A,entry,kWh/h,No injection in transmission network from Industiral clients,,,2025-02-20T13:19:03+01:00,,,,,,,,1,2021-10-01T01:00:00+02:00,,,,,
1Physical FlowhourBE-TSO-0001FNC-00034entrykWh/h2021-12-01T01:00:00Z2022-01-01T00:00:00Z_NA1973,1,Physical Flow,hour,2021-12-22T08:00:00+01:00,2021-12-22T09:00:00+01:00,BE-TSO-0001,21X-BE-A-A0A0A-Y,Fluxys Belgium,FNC-00034,Final consumers (BE) (Fluxys) Industrial clients L-zone,21Y000000000045A,entry,kWh/h,No injection in transmission network from Industiral clients,,,2025-02-20T13:19:03+01:00,,,,,,,,1,2021-10-01T01:00:00+02:00,,,,,
1Physical FlowhourBE-TSO-0001FNC-00034entrykWh/h2021-12-01T01:00:00Z2022-01-01T00:00:00Z_NA1974,1,Physical Flow,hour,2021-12-22T09:00:00+01:00,2021-12-22T10:00:00+01:00,BE-TSO-0001,21X-BE-A-A0A0A-Y,Fluxys Belgium,FNC-00034,Final consumers (BE) (Fluxys) Industrial clients L-zone,21Y000000000045A,entry,kWh/h,No injection in transmission network from Industiral clients,,,2025-02-20T13:19:03+01:00,,,,,,,,1,2021-10-01T01:00:00+02:00,,,,,
1Physical FlowhourBE-TSO-0001FNC-00034entrykWh/h2021-12-01T01:00:00Z2022-01-01T00:00:00Z_NA1975,1,Physical Flow,hour,2021-12-22T10:00:00+01:00,2021-12-22T11:00:00+01:00,BE-TSO-0001,21X-BE-A-A0A0A-Y,Fluxys Belgium,FNC-00034,Final consumers (BE) (Fluxys) Industrial clients L-zone,21Y000000000045A,entry,kWh/h,No injection in transmission network from Industiral clients,,,2025-02-20T13:19:03+01:00,,,,,,,,1,2021-10-01T01:00:00+02:00,,,,,
1Physical FlowhourBE-TSO-0001FNC-00034entrykWh/h2021-12-01T01:00:00Z2022-01-01T00:00:00Z_NA1976,1,Physical Flow,hour,2021-12-22T11:00:00+01:00,2021-12-22T12:00:00+01:00,BE-TSO-0001,21X-BE-A-A0A0A-Y,Fluxys Belgium,FNC-00034,Final consumers (BE) (Fluxys) Industrial clients L-zone,21Y000000000045A,entry,kWh/h,No injection in transmission network from Industiral clients,,,2025-02-20T13:19:03+01:00,,,,,,,,1,2021-10-01T01:00:00+02:00,,,,,
1Physical FlowhourBE-TSO-0001FNC-00034entrykWh/h2021-12-01T01:00:00Z2022-01-01T00:00:00Z_NA1977,1,Physical Flow,hour,2021-12-22T12:00:00+01:00,2021-12-22T13:00:00+01:00,BE-TSO-0001,21X-BE-A-A0A0A-Y,Fluxys Belgium,FNC-00034,Final consumers (BE) (Fluxys) Industrial clients L-zone,21Y000000000045A,entry,kWh/h,No injection in transmission network from Industiral clients,,,2025-02-20T13:19:03+01:00,,,,,,,,1,2021-10-01T01:00:00+02:00,,,,,
1Physical FlowhourBE-TSO-0001FNC-00034entrykWh/h2021-12-01T01:00:00Z2022-01-01T00:00:00Z_NA1978,1,Physical Flow,hour,2021-12-22T13:00:00+01:00,2021-12-22T14:00:00+01:00,BE-TSO-0001,21X-BE-A-A0A0A-Y,Fluxys Belgium,FNC-00034,Final consumers (BE) (Fluxys) Industrial clients L-zone,21Y000000000045A,entry,kWh/h,No injection in transmission network from Industiral clients,,,2025-02-20T13:19:03+01:00,,,,,,,,1,2021-10-01T01:00:00+02:00,,,,,
1Physical FlowhourBE-TSO-0001FNC-00034entrykWh/h2021-12-01T01:00:00Z2022-01-01T00:00:00Z_NA1979,1,Physical Flow,hour,2021-12-22T14:00:00+01:00,2021-12-22T15:00:00+01:00,BE-TSO-0001,21X-BE-A-A0A0A-Y,Fluxys Belgium,FNC-00034,Final consumers (BE) (Fluxys) Industrial clients L-zone,21Y000000000045A,entry,kWh/h,No injection in transmission network from Industiral clients,,,2025-02-20T13:19:03+01:00,,,,,,,,1,2021-10-01T01:00:00+02:00,,,,,
1Physical FlowhourBE-TSO-0001FNC-00034entrykWh/h2021-12-01T01:00:00Z2022-01-01T00:00:00Z_NA1980,1,Physical Flow,hour,2021-12-22T15:00:00+01:00,2021-12-22T16:00:00+01:00,BE-TSO-0001,21X-BE-A-A0A0A-Y,Fluxys Belgium,FNC-00034,Final consumers (BE) (Fluxys) Industrial clients L-zone,21Y000000000045A,entry,kWh/h,No injection in transmission network from Industiral clients,,,2025-02-20T13:19:03+01:00,,,,,,,,1,2021-10-01T01:00:00+02:00,,,,,
1Physical FlowhourBE-TSO-0001FNC-00034entrykWh/h2021-12-01T01:00:00Z2022-01-01T00:00:00Z_NA1981,1,Physical Flow,hour,2021-12-22T16:00:00+01:00,2021-12-22T17:00:00+01:00,BE-TSO-0001,21X-BE-A-A0A0A-Y,Fluxys Belgium,FNC-00034,Final consumers (BE) (Fluxys) Industrial clients L-zone,21Y000000000045A,entry,kWh/h,No injection in transmission network from Industiral clients,,,2025-02-20T13:19:03+01:00,,,,,,,,1,2021-10-01T01:00:00+02:00,,,,,
1Physical FlowhourBE-TSO-0001FNC-00034entrykWh/h2021-12-01T01:00:00Z2022-01-01T00:00:00Z_NA1982,1,Physical Flow,hour,2021-12-22T17:00:00+01:00,2021-12-22T18:00:00+01:00,BE-TSO-0001,21X-BE-A-A0A0A-Y,Fluxys Belgium,FNC-00034,Final consumers (BE) (Fluxys) Industrial clients L-zone,21Y000000000045A,entry,kWh/h,No injection in transmission network from Industiral clients,,,2025-02-20T13:19:03+01:00,,,,,,,,1,2021-10-01T01:00:00+02:00,,,,,
1Physical FlowhourBE-TSO-0001FNC-00034entrykWh/h2021-12-01T01:00:00Z2022-01-01T00:00:00Z_NA1983,1,Physical Flow,hour,2021-12-22T18:00:00+01:00,2021-12-22T19:00:00+01:00,BE-TSO-0001,21X-BE-A-A0A0A-Y,Fluxys Belgium,FNC-00034,Final consumers (BE) (Fluxys) Industrial clients L-zone,21Y000000000045A,entry,kWh/h,No injection in transmission network from Industiral clients,,,2025-02-20T13:19:03+01:00,,,,,,,,1,2021-10-01T01:00:00+02:00,,,,,
1Physical FlowhourBE-TSO-0001FNC-00034entrykWh/h2021-12-01T01:00:00Z2022-01-01T00:00:00Z_NA1984,1,Physical Flow,hour,2021-12-22T19:00:00+01:00,2021-12-22T20:00:00+01:00,BE-TSO-0001,21X-BE-A-A0A0A-Y,Fluxys Belgium,FNC-00034,Final consumers (BE) (Fluxys) Industrial clients L-zone,21Y000000000045A,entry,kWh/h,No injection in transmission network from Industiral clients,,,2025-02-20T13:19:03+01:00,,,,,,,,1,2021-10-01T01:00:00+02:00,,,,,
1Physical FlowhourBE-TSO-0001FNC-00034entrykWh/h2021-12-01T01:00:00Z2022-01-01T00:00:00Z_NA1985,1,Physical Flow,hour,2021-12-22T20:00:00+01:00,2021-12-22T21:00:00+01:00,BE-TSO-0001,21X-BE-A-A0A0A-Y,Fluxys Belgium,FNC-00034,Final consumers (BE) (Fluxys) Industrial clients L-zone,21Y000000000045A,entry,kWh/h,No injection in transmission network from Industiral clients,,,2025-02-20T13:19:03+01:00,,,,,,,,1,2021-10-01T01:00:00+02:00,,,,,
1Physical FlowhourBE-TSO-0001FNC-00034entrykWh/h2021-12-01T01:00:00Z2022-01-01T00:00:00Z_NA1986,1,Physical Flow,hour,2021-12-22T21:00:00+01:00,2021-12-22T22:00:00+01:00,BE-TSO-0001,21X-BE-A-A0A0A-Y,Fluxys Belgium,FNC-00034,Final consumers (BE) (Fluxys) Industrial clients L-zone,21Y000000000045A,entry,kWh/h,No injection in transmission network from Industiral clients,,,2025-02-20T13:19:03+01:00,,,,,,,,1,2021-10-01T01:00:00+02:00,,,,,
1Physical FlowhourBE-TSO-0001FNC-00034entrykWh/h2021-12-01T01:00:00Z2022-01-01T00:00:00Z_NA1987,1,Physical Flow,hour,2021-12-22T22:00:00+01:00,2021-12-22T23:00:00+01:00,BE-TSO-0001,21X-BE-A-A0A0A-Y,Fluxys Belgium,FNC-00034,Final consumers (BE) (Fluxys) Industrial clients L-zone,21Y000000000045A,entry,kWh/h,No injection in transmission network from Industiral clients,,,2025-02-20T13:19:03+01:00,,,,,,,,1,2021-10-01T01:00:00+02:00,,,,,
1Physical FlowhourBE-TSO-0001FNC-00034entrykWh/h2021-12-01T01:00:00Z2022-01-01T00:00:00Z_NA1988,1,Physical Flow,hour,2021-12-22T23:00:00+01:00,2021-12-23T00:00:00+01:00,BE-TSO-0001,21X-BE-A-A0A0A-Y,Fluxys Belgium,FNC-00034,Final consumers (BE) (Fluxys) Industrial clients L-zone,21Y000000000045A,entry,kWh/h,No injection in transmission network from Industiral clients,,,2025-02-20T13:19:03+01:00,,,,,,,,1,2021-10-01T01:00:00+02:00,,,,,
1Physical FlowhourBE-TSO-0001FNC-00034entrykWh/h2021-12-01T01:00:00Z2022-01-01T00:00:00Z_NA1989,1,Physical Flow,hour,2021-12-23T00:00:00+01:00,2021-12-23T01:00:00+01:00,BE-TSO-0001,21X-BE-A-A0A0A-Y,Fluxys Belgium,FNC-00034,Final consumers (BE) (Fluxys) Industrial clients L-zone,21Y000000000045A,entry,kWh/h,No injection in transmission network from Industiral clients,,,2025-02-20T13:19:03+01:00,,,,,,,,1,2021-10-01T01:00:00+02:00,,,,,
1Physical FlowhourBE-TSO-0001FNC-00034entrykWh/h2021-12-01T01:00:00Z2022-01-01T00:00:00Z_NA1990,1,Physical Flow,hour,2021-12-23T01:00:00+01:00,2021-12-23T02:00:00+01:00,BE-TSO-0001,21X-BE-A-A0A0A-Y,Fluxys Belgium,FNC-00034,Final consumers (BE) (Fluxys) Industrial clients L-zone,21Y000000000045A,entry,kWh/h,No injection in transmission network from Industiral clients,,,2025-02-20T13:19:03+01:00,,,,,,,,1,2021-10-01T01:00:00+02:00,,,,,
1Physical FlowhourBE-TSO-0001FNC-00034entrykWh/h2021-12-01T01:00:00Z2022-01-01T00:00:00Z_NA1991,1,Physical Flow,hour,2021-12-23T02:00:00+01:00,2021-12-23T03:00:00+01:00,BE-TSO-0001,21X-BE-A-A0A0A-Y,Fluxys Belgium,FNC-00034,Final consumers (BE) (Fluxys) Industrial clients L-zone,21Y000000000045A,entry,kWh/h,No injection in transmission network from Industiral clients,,,2025-02-20T13:19:03+01:00,,,,,,,,1,2021-10-01T01:00:00+02:00,,,,,
1Physical FlowhourBE-TSO-0001FNC-00034entrykWh/h2021-12-01T01:00:00Z2022-01-01T00:00:00Z_NA1992,1,Physical Flow,hour,2021-12-23T03:00:00+01:00,2021-12-23T04:00:00+01:00,BE-TSO-0001,21X-BE-A-A0A0A-Y,Fluxys Belgium,FNC-00034,Final consumers (BE) (Fluxys) Industrial clients L-zone,21Y000000000045A,entry,kWh/h,No injection in transmission network from Industiral clients,,,2025-02-20T13:19:03+01:00,,,,,,,,1,2021-10-01T01:00:00+02:00,,,,,
1Physical FlowhourBE-TSO-0001FNC-00034entrykWh/h2021-12-01T01:00:00Z2022-01-01T00:00:00Z_NA1993,1,Physical Flow,hour,2021-12-23T04:00:00+01:00,2021-12-23T05:00:00+01:00,BE-TSO-0001,21X-BE-A-A0A0A-Y,Fluxys Belgium,FNC-00034,Final consumers (BE) (Fluxys) Industrial clients L-zone,21Y000000000045A,entry,kWh/h,No injection in transmission network from Industiral clients,,,2025-02-20T13:19:03+01:00,,,,,,,,1,2021-10-01T01:00:00+02:00,,,,,
1Physical FlowhourBE-TSO-0001FNC-00034entrykWh/h2021-12-01T01:00:00Z2022-01-01T00:00:00Z_NA1994,1,Physical Flow,hour,2021-12-23T05:00:00+01:00,2021-12-23T06:00:00+01:00,BE-TSO-0001,21X-BE-A-A0A0A-Y,Fluxys Belgium,FNC-00034,Final consumers (BE) (Fluxys) Industrial clients L-zone,21Y000000000045A,entry,kWh/h,No injection in transmission network from Industiral clients,,,2025-02-20T13:19:03+01:00,,,,,,,,1,2021-10-01T01:00:00+02:00,,,,,
1Physical FlowhourBE-TSO-0001FNC-00034entrykWh/h2021-12-01T01:00:00Z2022-01-01T00:00:00Z_NA1995,1,Physical Flow,hour,2021-12-23T06:00:00+01:00,2021-12-23T07:00:00+01:00,BE-TSO-0001,21X-BE-A-A0A0A-Y,Fluxys Belgium,FNC-00034,Final consumers (BE) (Fluxys) Industrial clients L-zone,21Y000000000045A,entry,kWh/h,No injection in transmission network from Industiral clients,,,2025-02-20T13:19:03+01:00,,,,,,,,1,2021-10-01T01:00:00+02:00,,,,,
1Physical FlowhourBE-TSO-0001FNC-00034entrykWh/h2021-12-01T01:00:00Z2022-01-01T00:00:00Z_NA1996,1,Physical Flow,hour,2021-12-23T07:00:00+01:00,2021-12-23T08:00:00+01:00,BE-TSO-0001,21X-BE-A-A0A0A-Y,Fluxys Belgium,FNC-00034,Final consumers (BE) (Fluxys) Industrial clients L-zone,21Y000000000045A,entry,kWh/h,No injection in transmission network from Industiral clients,,,2025-02-20T13:19:03+01:00,,,,,,,,1,2021-10-01T01:00:00+02:00,,,,,
1Physical FlowhourBE-TSO-0001FNC-00034entrykWh/h2021-12-01T01:00:00Z2022-01-01T00:00:00Z_NA1997,1,Physical Flow,hour,2021-12-23T08:00:00+01:00,2021-12-23T09:00:00+01:00,BE-TSO-0001,21X-BE-A-A0A0A-Y,Fluxys Belgium,FNC-00034,Final consumers (BE) (Fluxys) Industrial clients L-zone,21Y000000000045A,entry,kWh/h,No injection in transmission network from Industiral clients,,,2025-02-20T13:19:03+01:00,,,,,,,,1,2021-10-01T01:00:00+02:00,,,,,
1Physical FlowhourBE-TSO-0001FNC-00034entrykWh/h2021-12-01T01:00:00Z2022-01-01T00:00:00Z_NA1998,1,Physical Flow,hour,2021-12-23T09:00:00+01:00,2021-12-23T10:00:00+01:00,BE-TSO-0001,21X-BE-A-A0A0A-Y,Fluxys Belgium,FNC-00034,Final consumers (BE) (Fluxys) Industrial clients L-zone,21Y000000000045A,entry,kWh/h,No injection in transmission network from Industiral clients,,,2025-02-20T13:19:03+01:00,,,,,,,,1,2021-10-01T01:00:00+02:00,,,,,
1Physical FlowhourBE-TSO-0001FNC-00034entrykWh/h2021-12-01T01:00:00Z2022-01-01T00:00:00Z_NA1999,1,Physical Flow,hour,2021-12-23T10:00:00+01:00,2021-12-23T11:00:00+01:00,BE-TSO-0001,21X-BE-A-A0A0A-Y,Fluxys Belgium,FNC-00034,Final consumers (BE) (Fluxys) Industrial clients L-zone,21Y000000000045A,entry,kWh/h,No injection in transmission network from Industiral clients,,,2025-02-20T13:19:03+01:00,,,,,,,,1,2021-10-01T01:00:00+02:00,,,,,
1Physical FlowhourBE-TSO-0001FNC-00034entrykWh/h2021-12-01T01:00:00Z2022-01-01T00:00:00Z_NA2000,1,Physical Flow,hour,2021-12-23T11:00:00+01:00,2021-12-23T12:00:00+01:00,BE-TSO-0001,21X-BE-A-A0A0A-Y,Fluxys Belgium,FNC-00034,Final consumers (BE) (Fluxys) Industrial clients L-zone,21Y000000000045A,entry,kWh/h,No injection in transmission network from Industiral clients,,,2025-02-20T13:19:03+01:00,,,,,,,,1,2021-10-01T01:00:00+02:00,,,,,
1Physical FlowhourBE-TSO-0001FNC-00034entrykWh/h2021-12-01T01:00:00Z2022-01-01T00:00:00Z_NA2001,1,Physical Flow,hour,2021-12-23T12:00:00+01:00,2021-12-23T13:00:00+01:00,BE-TSO-0001,21X-BE-A-A0A0A-Y,Fluxys Belgium,FNC-00034,Final consumers (BE) (Fluxys) Industrial clients L-zone,21Y000000000045A,entry,kWh/h,No injection in transmission network from Industiral clients,,,2025-02-20T13:19:03+01:00,,,,,,,,1,2021-10-01T01:00:00+02:00,,,,,
1Physical FlowhourBE-TSO-0001FNC-00034entrykWh/h2021-12-01T01:00:00Z2022-01-01T00:00:00Z_NA2002,1,Physical Flow,hour,2021-12-23T13:00:00+01:00,2021-12-23T14:00:00+01:00,BE-TSO-0001,21X-BE-A-A0A0A-Y,Fluxys Belgium,FNC-00034,Final consumers (BE) (Fluxys) Industrial clients L-zone,21Y000000000045A,entry,kWh/h,No injection in transmission network from Industiral clients,,,2025-02-20T13:19:03+01:00,,,,,,,,1,2021-10-01T01:00:00+02:00,,,,,
1Physical FlowhourBE-TSO-0001FNC-00034entrykWh/h2021-12-01T01:00:00Z2022-01-01T00:00:00Z_NA2003,1,Physical Flow,hour,2021-12-23T14:00:00+01:00,2021-12-23T15:00:00+01:00,BE-TSO-0001,21X-BE-A-A0A0A-Y,Fluxys Belgium,FNC-00034,Final consumers (BE) (Fluxys) Industrial clients L-zone,21Y000000000045A,entry,kWh/h,No injection in transmission network from Industiral clients,,,2025-02-20T13:19:03+01:00,,,,,,,,1,2021-10-01T01:00:00+02:00,,,,,
1Physical FlowhourBE-TSO-0001FNC-00034entrykWh/h2021-12-01T01:00:00Z2022-01-01T00:00:00Z_NA2004,1,Physical Flow,hour,2021-12-23T15:00:00+01:00,2021-12-23T16:00:00+01:00,BE-TSO-0001,21X-BE-A-A0A0A-Y,Fluxys Belgium,FNC-00034,Final consumers (BE) (Fluxys) Industrial clients L-zone,21Y000000000045A,entry,kWh/h,No injection in transmission network from Industiral clients,,,2025-02-20T13:19:03+01:00,,,,,,,,1,2021-10-01T01:00:00+02:00,,,,,
1Physical FlowhourBE-TSO-0001FNC-00034entrykWh/h2021-12-01T01:00:00Z2022-01-01T00:00:00Z_NA2005,1,Physical Flow,hour,2021-12-23T16:00:00+01:00,2021-12-23T17:00:00+01:00,BE-TSO-0001,21X-BE-A-A0A0A-Y,Fluxys Belgium,FNC-00034,Final consumers (BE) (Fluxys) Industrial clients L-zone,21Y000000000045A,entry,kWh/h,No injection in transmission network from Industiral clients,,,2025-02-20T13:19:03+01:00,,,,,,,,1,2021-10-01T01:00:00+02:00,,,,,
1Physical FlowhourBE-TSO-0001FNC-00034entrykWh/h2021-12-01T01:00:00Z2022-01-01T00:00:00Z_NA2006,1,Physical Flow,hour,2021-12-23T17:00:00+01:00,2021-12-23T18:00:00+01:00,BE-TSO-0001,21X-BE-A-A0A0A-Y,Fluxys Belgium,FNC-00034,Final consumers (BE) (Fluxys) Industrial clients L-zone,21Y000000000045A,entry,kWh/h,No injection in transmission network from Industiral clients,,,2025-02-20T13:19:03+01:00,,,,,,,,1,2021-10-01T01:00:00+02:00,,,,,
1Physical FlowhourBE-TSO-0001FNC-00034entrykWh/h2021-12-01T01:00:00Z2022-01-01T00:00:00Z_NA2007,1,Physical Flow,hour,2021-12-23T18:00:00+01:00,2021-12-23T19:00:00+01:00,BE-TSO-0001,21X-BE-A-A0A0A-Y,Fluxys Belgium,FNC-00034,Final consumers (BE) (Fluxys) Industrial clients L-zone,21Y000000000045A,entry,kWh/h,No injection in transmission network from Industiral clients,,,2025-02-20T13:19:03+01:00,,,,,,,,1,2021-10-01T01:00:00+02:00,,,,,
1Physical FlowhourBE-TSO-0001FNC-00034entrykWh/h2021-12-01T01:00:00Z2022-01-01T00:00:00Z_NA2008,1,Physical Flow,hour,2021-12-23T19:00:00+01:00,2021-12-23T20:00:00+01:00,BE-TSO-0001,21X-BE-A-A0A0A-Y,Fluxys Belgium,FNC-00034,Final consumers (BE) (Fluxys) Industrial clients L-zone,21Y000000000045A,entry,kWh/h,No injection in transmission network from Industiral clients,,,2025-02-20T13:19:03+01:00,,,,,,,,1,2021-10-01T01:00:00+02:00,,,,,
1Physical FlowhourBE-TSO-0001FNC-00034entrykWh/h2021-12-01T01:00:00Z2022-01-01T00:00:00Z_NA2009,1,Physical Flow,hour,2021-12-23T20:00:00+01:00,2021-12-23T21:00:00+01:00,BE-TSO-0001,21X-BE-A-A0A0A-Y,Fluxys Belgium,FNC-00034,Final consumers (BE) (Fluxys) Industrial clients L-zone,21Y000000000045A,entry,kWh/h,No injection in transmission network from Industiral clients,,,2025-02-20T13:19:03+01:00,,,,,,,,1,2021-10-01T01:00:00+02:00,,,,,
1Physical FlowhourBE-TSO-0001FNC-00034entrykWh/h2021-12-01T01:00:00Z2022-01-01T00:00:00Z_NA2010,1,Physical Flow,hour,2021-12-23T21:00:00+01:00,2021-12-23T22:00:00+01:00,BE-TSO-0001,21X-BE-A-A0A0A-Y,Fluxys Belgium,FNC-00034,Final consumers (BE) (Fluxys) Industrial clients L-zone,21Y000000000045A,entry,kWh/h,No injection in transmission network from Industiral clients,,,2025-02-20T13:19:03+01:00,,,,,,,,1,2021-10-01T01:00:00+02:00,,,,,
1Physical FlowhourBE-TSO-0001FNC-00034entrykWh/h2021-12-01T01:00:00Z2022-01-01T00:00:00Z_NA2011,1,Physical Flow,hour,2021-12-23T22:00:00+01:00,2021-12-23T23:00:00+01:00,BE-TSO-0001,21X-BE-A-A0A0A-Y,Fluxys Belgium,FNC-00034,Final consumers (BE) (Fluxys) Industrial clients L-zone,21Y000000000045A,entry,kWh/h,No injection in transmission network from Industiral clients,,,2025-02-20T13:19:03+01:00,,,,,,,,1,2021-10-01T01:00:00+02:00,,,,,
1Physical FlowhourBE-TSO-0001FNC-00034entrykWh/h2021-12-01T01:00:00Z2022-01-01T00:00:00Z_NA2012,1,Physical Flow,hour,2021-12-23T23:00:00+01:00,2021-12-24T00:00:00+01:00,BE-TSO-0001,21X-BE-A-A0A0A-Y,Fluxys Belgium,FNC-00034,Final consumers (BE) (Fluxys) Industrial clients L-zone,21Y000000000045A,entry,kWh/h,No injection in transmission network from Industiral clients,,,2025-02-20T13:19:03+01:00,,,,,,,,1,2021-10-01T01:00:00+02:00,,,,,
1Physical FlowhourBE-TSO-0001FNC-00034entrykWh/h2021-12-01T01:00:00Z2022-01-01T00:00:00Z_NA2013,1,Physical Flow,hour,2021-12-24T00:00:00+01:00,2021-12-24T01:00:00+01:00,BE-TSO-0001,21X-BE-A-A0A0A-Y,Fluxys Belgium,FNC-00034,Final consumers (BE) (Fluxys) Industrial clients L-zone,21Y000000000045A,entry,kWh/h,No injection in transmission network from Industiral clients,,,2025-02-20T13:19:03+01:00,,,,,,,,1,2021-10-01T01:00:00+02:00,,,,,
1Physical FlowhourBE-TSO-0001FNC-00034entrykWh/h2021-12-01T01:00:00Z2022-01-01T00:00:00Z_NA2014,1,Physical Flow,hour,2021-12-24T01:00:00+01:00,2021-12-24T02:00:00+01:00,BE-TSO-0001,21X-BE-A-A0A0A-Y,Fluxys Belgium,FNC-00034,Final consumers (BE) (Fluxys) Industrial clients L-zone,21Y000000000045A,entry,kWh/h,No injection in transmission network from Industiral clients,,,2025-02-20T13:19:03+01:00,,,,,,,,1,2021-10-01T01:00:00+02:00,,,,,
1Physical FlowhourBE-TSO-0001FNC-00034entrykWh/h2021-12-01T01:00:00Z2022-01-01T00:00:00Z_NA2015,1,Physical Flow,hour,2021-12-24T02:00:00+01:00,2021-12-24T03:00:00+01:00,BE-TSO-0001,21X-BE-A-A0A0A-Y,Fluxys Belgium,FNC-00034,Final consumers (BE) (Fluxys) Industrial clients L-zone,21Y000000000045A,entry,kWh/h,No injection in transmission network from Industiral clients,,,2025-02-20T13:19:03+01:00,,,,,,,,1,2021-10-01T01:00:00+02:00,,,,,
1Physical FlowhourBE-TSO-0001FNC-00034entrykWh/h2021-12-01T01:00:00Z2022-01-01T00:00:00Z_NA2016,1,Physical Flow,hour,2021-12-24T03:00:00+01:00,2021-12-24T04:00:00+01:00,BE-TSO-0001,21X-BE-A-A0A0A-Y,Fluxys Belgium,FNC-00034,Final consumers (BE) (Fluxys) Industrial clients L-zone,21Y000000000045A,entry,kWh/h,No injection in transmission network from Industiral clients,,,2025-02-20T13:19:03+01:00,,,,,,,,1,2021-10-01T01:00:00+02:00,,,,,
1Physical FlowhourBE-TSO-0001FNC-00034entrykWh/h2021-12-01T01:00:00Z2022-01-01T00:00:00Z_NA2017,1,Physical Flow,hour,2021-12-24T04:00:00+01:00,2021-12-24T05:00:00+01:00,BE-TSO-0001,21X-BE-A-A0A0A-Y,Fluxys Belgium,FNC-00034,Final consumers (BE) (Fluxys) Industrial clients L-zone,21Y000000000045A,entry,kWh/h,No injection in transmission network from Industiral clients,,,2025-02-20T13:19:03+01:00,,,,,,,,1,2021-10-01T01:00:00+02:00,,,,,
1Physical FlowhourBE-TSO-0001FNC-00034entrykWh/h2021-12-01T01:00:00Z2022-01-01T00:00:00Z_NA2018,1,Physical Flow,hour,2021-12-24T05:00:00+01:00,2021-12-24T06:00:00+01:00,BE-TSO-0001,21X-BE-A-A0A0A-Y,Fluxys Belgium,FNC-00034,Final consumers (BE) (Fluxys) Industrial clients L-zone,21Y000000000045A,entry,kWh/h,No injection in transmission network from Industiral clients,,,2025-02-20T13:19:03+01:00,,,,,,,,1,2021-10-01T01:00:00+02:00,,,,,
1Physical FlowhourBE-TSO-0001FNC-00034entrykWh/h2021-12-01T01:00:00Z2022-01-01T00:00:00Z_NA2019,1,Physical Flow,hour,2021-12-24T06:00:00+01:00,2021-12-24T07:00:00+01:00,BE-TSO-0001,21X-BE-A-A0A0A-Y,Fluxys Belgium,FNC-00034,Final consumers (BE) (Fluxys) Industrial clients L-zone,21Y000000000045A,entry,kWh/h,No injection in transmission network from Industiral clients,,,2025-02-20T13:19:03+01:00,,,,,,,,1,2021-10-01T01:00:00+02:00,,,,,
1Physical FlowhourBE-TSO-0001FNC-00034entrykWh/h2021-12-01T01:00:00Z2022-01-01T00:00:00Z_NA2020,1,Physical Flow,hour,2021-12-24T07:00:00+01:00,2021-12-24T08:00:00+01:00,BE-TSO-0001,21X-BE-A-A0A0A-Y,Fluxys Belgium,FNC-00034,Final consumers (BE) (Fluxys) Industrial clients L-zone,21Y000000000045A,entry,kWh/h,No injection in transmission network from Industiral clients,,,2025-02-20T13:19:03+01:00,,,,,,,,1,2021-10-01T01:00:00+02:00,,,,,
1Physical FlowhourBE-TSO-0001FNC-00034entrykWh/h2021-12-01T01:00:00Z2022-01-01T00:00:00Z_NA2021,1,Physical Flow,hour,2021-12-24T08:00:00+01:00,2021-12-24T09:00:00+01:00,BE-TSO-0001,21X-BE-A-A0A0A-Y,Fluxys Belgium,FNC-00034,Final consumers (BE) (Fluxys) Industrial clients L-zone,21Y000000000045A,entry,kWh/h,No injection in transmission network from Industiral clients,,,2025-02-20T13:19:03+01:00,,,,,,,,1,2021-10-01T01:00:00+02:00,,,,,
1Physical FlowhourBE-TSO-0001FNC-00034entrykWh/h2021-12-01T01:00:00Z2022-01-01T00:00:00Z_NA2022,1,Physical Flow,hour,2021-12-24T09:00:00+01:00,2021-12-24T10:00:00+01:00,BE-TSO-0001,21X-BE-A-A0A0A-Y,Fluxys Belgium,FNC-00034,Final consumers (BE) (Fluxys) Industrial clients L-zone,21Y000000000045A,entry,kWh/h,No injection in transmission network from Industiral clients,,,2025-02-20T13:19:03+01:00,,,,,,,,1,2021-10-01T01:00:00+02:00,,,,,
1Physical FlowhourBE-TSO-0001FNC-00034entrykWh/h2021-12-01T01:00:00Z2022-01-01T00:00:00Z_NA2023,1,Physical Flow,hour,2021-12-24T10:00:00+01:00,2021-12-24T11:00:00+01:00,BE-TSO-0001,21X-BE-A-A0A0A-Y,Fluxys Belgium,FNC-00034,Final consumers (BE) (Fluxys) Industrial clients L-zone,21Y000000000045A,entry,kWh/h,No injection in transmission network from Industiral clients,,,2025-02-20T13:19:03+01:00,,,,,,,,1,2021-10-01T01:00:00+02:00,,,,,
1Physical FlowhourBE-TSO-0001FNC-00034entrykWh/h2021-12-01T01:00:00Z2022-01-01T00:00:00Z_NA2024,1,Physical Flow,hour,2021-12-24T11:00:00+01:00,2021-12-24T12:00:00+01:00,BE-TSO-0001,21X-BE-A-A0A0A-Y,Fluxys Belgium,FNC-00034,Final consumers (BE) (Fluxys) Industrial clients L-zone,21Y000000000045A,entry,kWh/h,No injection in transmission network from Industiral clients,,,2025-02-20T13:19:03+01:00,,,,,,,,1,2021-10-01T01:00:00+02:00,,,,,
1Physical FlowhourBE-TSO-0001FNC-00034entrykWh/h2021-12-01T01:00:00Z2022-01-01T00:00:00Z_NA2025,1,Physical Flow,hour,2021-12-24T12:00:00+01:00,2021-12-24T13:00:00+01:00,BE-TSO-0001,21X-BE-A-A0A0A-Y,Fluxys Belgium,FNC-00034,Final consumers (BE) (Fluxys) Industrial clients L-zone,21Y000000000045A,entry,kWh/h,No injection in transmission network from Industiral clients,,,2025-02-20T13:19:03+01:00,,,,,,,,1,2021-10-01T01:00:00+02:00,,,,,
1Physical FlowhourBE-TSO-0001FNC-00034entrykWh/h2021-12-01T01:00:00Z2022-01-01T00:00:00Z_NA2026,1,Physical Flow,hour,2021-12-24T13:00:00+01:00,2021-12-24T14:00:00+01:00,BE-TSO-0001,21X-BE-A-A0A0A-Y,Fluxys Belgium,FNC-00034,Final consumers (BE) (Fluxys) Industrial clients L-zone,21Y000000000045A,entry,kWh/h,No injection in transmission network from Industiral clients,,,2025-02-20T13:19:03+01:00,,,,,,,,1,2021-10-01T01:00:00+02:00,,,,,
1Physical FlowhourBE-TSO-0001FNC-00034entrykWh/h2021-12-01T01:00:00Z2022-01-01T00:00:00Z_NA2027,1,Physical Flow,hour,2021-12-24T14:00:00+01:00,2021-12-24T15:00:00+01:00,BE-TSO-0001,21X-BE-A-A0A0A-Y,Fluxys Belgium,FNC-00034,Final consumers (BE) (Fluxys) Industrial clients L-zone,21Y000000000045A,entry,kWh/h,No injection in transmission network from Industiral clients,,,2025-02-20T13:19:03+01:00,,,,,,,,1,2021-10-01T01:00:00+02:00,,,,,
1Physical FlowhourBE-TSO-0001FNC-00034entrykWh/h2021-12-01T01:00:00Z2022-01-01T00:00:00Z_NA2028,1,Physical Flow,hour,2021-12-24T15:00:00+01:00,2021-12-24T16:00:00+01:00,BE-TSO-0001,21X-BE-A-A0A0A-Y,Fluxys Belgium,FNC-00034,Final consumers (BE) (Fluxys) Industrial clients L-zone,21Y000000000045A,entry,kWh/h,No injection in transmission network from Industiral clients,,,2025-02-20T13:19:03+01:00,,,,,,,,1,2021-10-01T01:00:00+02:00,,,,,
1Physical FlowhourBE-TSO-0001FNC-00034entrykWh/h2021-12-01T01:00:00Z2022-01-01T00:00:00Z_NA2029,1,Physical Flow,hour,2021-12-24T16:00:00+01:00,2021-12-24T17:00:00+01:00,BE-TSO-0001,21X-BE-A-A0A0A-Y,Fluxys Belgium,FNC-00034,Final consumers (BE) (Fluxys) Industrial clients L-zone,21Y000000000045A,entry,kWh/h,No injection in transmission network from Industiral clients,,,2025-02-20T13:19:03+01:00,,,,,,,,1,2021-10-01T01:00:00+02:00,,,,,
1Physical FlowhourBE-TSO-0001FNC-00034entrykWh/h2021-12-01T01:00:00Z2022-01-01T00:00:00Z_NA2030,1,Physical Flow,hour,2021-12-24T17:00:00+01:00,2021-12-24T18:00:00+01:00,BE-TSO-0001,21X-BE-A-A0A0A-Y,Fluxys Belgium,FNC-00034,Final consumers (BE) (Fluxys) Industrial clients L-zone,21Y000000000045A,entry,kWh/h,No injection in transmission network from Industiral clients,,,2025-02-20T13:19:03+01:00,,,,,,,,1,2021-10-01T01:00:00+02:00,,,,,
1Physical FlowhourBE-TSO-0001FNC-00034entrykWh/h2021-12-01T01:00:00Z2022-01-01T00:00:00Z_NA2031,1,Physical Flow,hour,2021-12-24T18:00:00+01:00,2021-12-24T19:00:00+01:00,BE-TSO-0001,21X-BE-A-A0A0A-Y,Fluxys Belgium,FNC-00034,Final consumers (BE) (Fluxys) Industrial clients L-zone,21Y000000000045A,entry,kWh/h,No injection in transmission network from Industiral clients,,,2025-02-20T13:19:03+01:00,,,,,,,,1,2021-10-01T01:00:00+02:00,,,,,
1Physical FlowhourBE-TSO-0001FNC-00034entrykWh/h2021-12-01T01:00:00Z2022-01-01T00:00:00Z_NA2032,1,Physical Flow,hour,2021-12-24T19:00:00+01:00,2021-12-24T20:00:00+01:00,BE-TSO-0001,21X-BE-A-A0A0A-Y,Fluxys Belgium,FNC-00034,Final consumers (BE) (Fluxys) Industrial clients L-zone,21Y000000000045A,entry,kWh/h,No injection in transmission network from Industiral clients,,,2025-02-20T13:19:03+01:00,,,,,,,,1,2021-10-01T01:00:00+02:00,,,,,
1Physical FlowhourBE-TSO-0001FNC-00034entrykWh/h2021-12-01T01:00:00Z2022-01-01T00:00:00Z_NA2033,1,Physical Flow,hour,2021-12-24T20:00:00+01:00,2021-12-24T21:00:00+01:00,BE-TSO-0001,21X-BE-A-A0A0A-Y,Fluxys Belgium,FNC-00034,Final consumers (BE) (Fluxys) Industrial clients L-zone,21Y000000000045A,entry,kWh/h,No injection in transmission network from Industiral clients,,,2025-02-20T13:19:03+01:00,,,,,,,,1,2021-10-01T01:00:00+02:00,,,,,
1Physical FlowhourBE-TSO-0001FNC-00034entrykWh/h2021-12-01T01:00:00Z2022-01-01T00:00:00Z_NA2034,1,Physical Flow,hour,2021-12-24T21:00:00+01:00,2021-12-24T22:00:00+01:00,BE-TSO-0001,21X-BE-A-A0A0A-Y,Fluxys Belgium,FNC-00034,Final consumers (BE) (Fluxys) Industrial clients L-zone,21Y000000000045A,entry,kWh/h,No injection in transmission network from Industiral clients,,,2025-02-20T13:19:03+01:00,,,,,,,,1,2021-10-01T01:00:00+02:00,,,,,
1Physical FlowhourBE-TSO-0001FNC-00034entrykWh/h2021-12-01T01:00:00Z2022-01-01T00:00:00Z_NA2035,1,Physical Flow,hour,2021-12-24T22:00:00+01:00,2021-12-24T23:00:00+01:00,BE-TSO-0001,21X-BE-A-A0A0A-Y,Fluxys Belgium,FNC-00034,Final consumers (BE) (Fluxys) Industrial clients L-zone,21Y000000000045A,entry,kWh/h,No injection in transmission network from Industiral clients,,,2025-02-20T13:19:03+01:00,,,,,,,,1,2021-10-01T01:00:00+02:00,,,,,
1Physical FlowhourBE-TSO-0001FNC-00034entrykWh/h2021-12-01T01:00:00Z2022-01-01T00:00:00Z_NA2036,1,Physical Flow,hour,2021-12-24T23:00:00+01:00,2021-12-25T00:00:00+01:00,BE-TSO-0001,21X-BE-A-A0A0A-Y,Fluxys Belgium,FNC-00034,Final consumers (BE) (Fluxys) Industrial clients L-zone,21Y000000000045A,entry,kWh/h,No injection in transmission network from Industiral clients,,,2025-02-20T13:19:03+01:00,,,,,,,,1,2021-10-01T01:00:00+02:00,,,,,
1Physical FlowhourBE-TSO-0001FNC-00034entrykWh/h2021-12-01T01:00:00Z2022-01-01T00:00:00Z_NA2037,1,Physical Flow,hour,2021-12-25T00:00:00+01:00,2021-12-25T01:00:00+01:00,BE-TSO-0001,21X-BE-A-A0A0A-Y,Fluxys Belgium,FNC-00034,Final consumers (BE) (Fluxys) Industrial clients L-zone,21Y000000000045A,entry,kWh/h,No injection in transmission network from Industiral clients,,,2025-02-20T13:19:03+01:00,,,,,,,,1,2021-10-01T01:00:00+02:00,,,,,
1Physical FlowhourBE-TSO-0001FNC-00034entrykWh/h2021-12-01T01:00:00Z2022-01-01T00:00:00Z_NA2038,1,Physical Flow,hour,2021-12-25T01:00:00+01:00,2021-12-25T02:00:00+01:00,BE-TSO-0001,21X-BE-A-A0A0A-Y,Fluxys Belgium,FNC-00034,Final consumers (BE) (Fluxys) Industrial clients L-zone,21Y000000000045A,entry,kWh/h,No injection in transmission network from Industiral clients,,,2025-02-20T13:19:03+01:00,,,,,,,,1,2021-10-01T01:00:00+02:00,,,,,
1Physical FlowhourBE-TSO-0001FNC-00034entrykWh/h2021-12-01T01:00:00Z2022-01-01T00:00:00Z_NA2039,1,Physical Flow,hour,2021-12-25T02:00:00+01:00,2021-12-25T03:00:00+01:00,BE-TSO-0001,21X-BE-A-A0A0A-Y,Fluxys Belgium,FNC-00034,Final consumers (BE) (Fluxys) Industrial clients L-zone,21Y000000000045A,entry,kWh/h,No injection in transmission network from Industiral clients,,,2025-02-20T13:19:03+01:00,,,,,,,,1,2021-10-01T01:00:00+02:00,,,,,
1Physical FlowhourBE-TSO-0001FNC-00034entrykWh/h2021-12-01T01:00:00Z2022-01-01T00:00:00Z_NA2040,1,Physical Flow,hour,2021-12-25T03:00:00+01:00,2021-12-25T04:00:00+01:00,BE-TSO-0001,21X-BE-A-A0A0A-Y,Fluxys Belgium,FNC-00034,Final consumers (BE) (Fluxys) Industrial clients L-zone,21Y000000000045A,entry,kWh/h,No injection in transmission network from Industiral clients,,,2025-02-20T13:19:03+01:00,,,,,,,,1,2021-10-01T01:00:00+02:00,,,,,
1Physical FlowhourBE-TSO-0001FNC-00034entrykWh/h2021-12-01T01:00:00Z2022-01-01T00:00:00Z_NA2041,1,Physical Flow,hour,2021-12-25T04:00:00+01:00,2021-12-25T05:00:00+01:00,BE-TSO-0001,21X-BE-A-A0A0A-Y,Fluxys Belgium,FNC-00034,Final consumers (BE) (Fluxys) Industrial clients L-zone,21Y000000000045A,entry,kWh/h,No injection in transmission network from Industiral clients,,,2025-02-20T13:19:03+01:00,,,,,,,,1,2021-10-01T01:00:00+02:00,,,,,
1Physical FlowhourBE-TSO-0001FNC-00034entrykWh/h2021-12-01T01:00:00Z2022-01-01T00:00:00Z_NA2042,1,Physical Flow,hour,2021-12-25T05:00:00+01:00,2021-12-25T06:00:00+01:00,BE-TSO-0001,21X-BE-A-A0A0A-Y,Fluxys Belgium,FNC-00034,Final consumers (BE) (Fluxys) Industrial clients L-zone,21Y000000000045A,entry,kWh/h,No injection in transmission network from Industiral clients,,,2025-02-20T13:19:03+01:00,,,,,,,,1,2021-10-01T01:00:00+02:00,,,,,
1Physical FlowhourBE-TSO-0001FNC-00034entrykWh/h2021-12-01T01:00:00Z2022-01-01T00:00:00Z_NA2043,1,Physical Flow,hour,2021-12-25T06:00:00+01:00,2021-12-25T07:00:00+01:00,BE-TSO-0001,21X-BE-A-A0A0A-Y,Fluxys Belgium,FNC-00034,Final consumers (BE) (Fluxys) Industrial clients L-zone,21Y000000000045A,entry,kWh/h,No injection in transmission network from Industiral clients,,,2025-02-20T13:19:03+01:00,,,,,,,,1,2021-10-01T01:00:00+02:00,,,,,
1Physical FlowhourBE-TSO-0001FNC-00034entrykWh/h2021-12-01T01:00:00Z2022-01-01T00:00:00Z_NA2044,1,Physical Flow,hour,2021-12-25T07:00:00+01:00,2021-12-25T08:00:00+01:00,BE-TSO-0001,21X-BE-A-A0A0A-Y,Fluxys Belgium,FNC-00034,Final consumers (BE) (Fluxys) Industrial clients L-zone,21Y000000000045A,entry,kWh/h,No injection in transmission network from Industiral clients,,,2025-02-20T13:19:03+01:00,,,,,,,,1,2021-10-01T01:00:00+02:00,,,,,
1Physical FlowhourBE-TSO-0001FNC-00034entrykWh/h2021-12-01T01:00:00Z2022-01-01T00:00:00Z_NA2045,1,Physical Flow,hour,2021-12-25T08:00:00+01:00,2021-12-25T09:00:00+01:00,BE-TSO-0001,21X-BE-A-A0A0A-Y,Fluxys Belgium,FNC-00034,Final consumers (BE) (Fluxys) Industrial clients L-zone,21Y000000000045A,entry,kWh/h,No injection in transmission network from Industiral clients,,,2025-02-20T13:19:03+01:00,,,,,,,,1,2021-10-01T01:00:00+02:00,,,,,
1Physical FlowhourBE-TSO-0001FNC-00034entrykWh/h2021-12-01T01:00:00Z2022-01-01T00:00:00Z_NA2046,1,Physical Flow,hour,2021-12-25T09:00:00+01:00,2021-12-25T10:00:00+01:00,BE-TSO-0001,21X-BE-A-A0A0A-Y,Fluxys Belgium,FNC-00034,Final consumers (BE) (Fluxys) Industrial clients L-zone,21Y000000000045A,entry,kWh/h,No injection in transmission network from Industiral clients,,,2025-02-20T13:19:03+01:00,,,,,,,,1,2021-10-01T01:00:00+02:00,,,,,
1Physical FlowhourBE-TSO-0001FNC-00034entrykWh/h2021-12-01T01:00:00Z2022-01-01T00:00:00Z_NA2047,1,Physical Flow,hour,2021-12-25T10:00:00+01:00,2021-12-25T11:00:00+01:00,BE-TSO-0001,21X-BE-A-A0A0A-Y,Fluxys Belgium,FNC-00034,Final consumers (BE) (Fluxys) Industrial clients L-zone,21Y000000000045A,entry,kWh/h,No injection in transmission network from Industiral clients,,,2025-02-20T13:19:03+01:00,,,,,,,,1,2021-10-01T01:00:00+02:00,,,,,
1Physical FlowhourBE-TSO-0001FNC-00034entrykWh/h2021-12-01T01:00:00Z2022-01-01T00:00:00Z_NA2048,1,Physical Flow,hour,2021-12-25T11:00:00+01:00,2021-12-25T12:00:00+01:00,BE-TSO-0001,21X-BE-A-A0A0A-Y,Fluxys Belgium,FNC-00034,Final consumers (BE) (Fluxys) Industrial clients L-zone,21Y000000000045A,entry,kWh/h,No injection in transmission network from Industiral clients,,,2025-02-20T13:19:03+01:00,,,,,,,,1,2021-10-01T01:00:00+02:00,,,,,
1Physical FlowhourBE-TSO-0001FNC-00034entrykWh/h2021-12-01T01:00:00Z2022-01-01T00:00:00Z_NA2049,1,Physical Flow,hour,2021-12-25T12:00:00+01:00,2021-12-25T13:00:00+01:00,BE-TSO-0001,21X-BE-A-A0A0A-Y,Fluxys Belgium,FNC-00034,Final consumers (BE) (Fluxys) Industrial clients L-zone,21Y000000000045A,entry,kWh/h,No injection in transmission network from Industiral clients,,,2025-02-20T13:19:03+01:00,,,,,,,,1,2021-10-01T01:00:00+02:00,,,,,
1Physical FlowhourBE-TSO-0001FNC-00034entrykWh/h2021-12-01T01:00:00Z2022-01-01T00:00:00Z_NA2050,1,Physical Flow,hour,2021-12-25T13:00:00+01:00,2021-12-25T14:00:00+01:00,BE-TSO-0001,21X-BE-A-A0A0A-Y,Fluxys Belgium,FNC-00034,Final consumers (BE) (Fluxys) Industrial clients L-zone,21Y000000000045A,entry,kWh/h,No injection in transmission network from Industiral clients,,,2025-02-20T13:19:03+01:00,,,,,,,,1,2021-10-01T01:00:00+02:00,,,,,
1Physical FlowhourBE-TSO-0001FNC-00034entrykWh/h2021-12-01T01:00:00Z2022-01-01T00:00:00Z_NA2051,1,Physical Flow,hour,2021-12-25T14:00:00+01:00,2021-12-25T15:00:00+01:00,BE-TSO-0001,21X-BE-A-A0A0A-Y,Fluxys Belgium,FNC-00034,Final consumers (BE) (Fluxys) Industrial clients L-zone,21Y000000000045A,entry,kWh/h,No injection in transmission network from Industiral clients,,,2025-02-20T13:19:03+01:00,,,,,,,,1,2021-10-01T01:00:00+02:00,,,,,
1Physical FlowhourBE-TSO-0001FNC-00034entrykWh/h2021-12-01T01:00:00Z2022-01-01T00:00:00Z_NA2052,1,Physical Flow,hour,2021-12-25T15:00:00+01:00,2021-12-25T16:00:00+01:00,BE-TSO-0001,21X-BE-A-A0A0A-Y,Fluxys Belgium,FNC-00034,Final consumers (BE) (Fluxys) Industrial clients L-zone,21Y000000000045A,entry,kWh/h,No injection in transmission network from Industiral clients,,,2025-02-20T13:19:03+01:00,,,,,,,,1,2021-10-01T01:00:00+02:00,,,,,
1Physical FlowhourBE-TSO-0001FNC-00034entrykWh/h2021-12-01T01:00:00Z2022-01-01T00:00:00Z_NA2053,1,Physical Flow,hour,2021-12-25T16:00:00+01:00,2021-12-25T17:00:00+01:00,BE-TSO-0001,21X-BE-A-A0A0A-Y,Fluxys Belgium,FNC-00034,Final consumers (BE) (Fluxys) Industrial clients L-zone,21Y000000000045A,entry,kWh/h,No injection in transmission network from Industiral clients,,,2025-02-20T13:19:03+01:00,,,,,,,,1,2021-10-01T01:00:00+02:00,,,,,
1Physical FlowhourBE-TSO-0001FNC-00034entrykWh/h2021-12-01T01:00:00Z2022-01-01T00:00:00Z_NA2054,1,Physical Flow,hour,2021-12-25T17:00:00+01:00,2021-12-25T18:00:00+01:00,BE-TSO-0001,21X-BE-A-A0A0A-Y,Fluxys Belgium,FNC-00034,Final consumers (BE) (Fluxys) Industrial clients L-zone,21Y000000000045A,entry,kWh/h,No injection in transmission network from Industiral clients,,,2025-02-20T13:19:03+01:00,,,,,,,,1,2021-10-01T01:00:00+02:00,,,,,
1Physical FlowhourBE-TSO-0001FNC-00034entrykWh/h2021-12-01T01:00:00Z2022-01-01T00:00:00Z_NA2055,1,Physical Flow,hour,2021-12-25T18:00:00+01:00,2021-12-25T19:00:00+01:00,BE-TSO-0001,21X-BE-A-A0A0A-Y,Fluxys Belgium,FNC-00034,Final consumers (BE) (Fluxys) Industrial clients L-zone,21Y000000000045A,entry,kWh/h,No injection in transmission network from Industiral clients,,,2025-02-20T13:19:03+01:00,,,,,,,,1,2021-10-01T01:00:00+02:00,,,,,
1Physical FlowhourBE-TSO-0001FNC-00034entrykWh/h2021-12-01T01:00:00Z2022-01-01T00:00:00Z_NA2056,1,Physical Flow,hour,2021-12-25T19:00:00+01:00,2021-12-25T20:00:00+01:00,BE-TSO-0001,21X-BE-A-A0A0A-Y,Fluxys Belgium,FNC-00034,Final consumers (BE) (Fluxys) Industrial clients L-zone,21Y000000000045A,entry,kWh/h,No injection in transmission network from Industiral clients,,,2025-02-20T13:19:03+01:00,,,,,,,,1,2021-10-01T01:00:00+02:00,,,,,
1Physical FlowhourBE-TSO-0001FNC-00034entrykWh/h2021-12-01T01:00:00Z2022-01-01T00:00:00Z_NA2057,1,Physical Flow,hour,2021-12-25T20:00:00+01:00,2021-12-25T21:00:00+01:00,BE-TSO-0001,21X-BE-A-A0A0A-Y,Fluxys Belgium,FNC-00034,Final consumers (BE) (Fluxys) Industrial clients L-zone,21Y000000000045A,entry,kWh/h,No injection in transmission network from Industiral clients,,,2025-02-20T13:19:03+01:00,,,,,,,,1,2021-10-01T01:00:00+02:00,,,,,
1Physical FlowhourBE-TSO-0001FNC-00034entrykWh/h2021-12-01T01:00:00Z2022-01-01T00:00:00Z_NA2058,1,Physical Flow,hour,2021-12-25T21:00:00+01:00,2021-12-25T22:00:00+01:00,BE-TSO-0001,21X-BE-A-A0A0A-Y,Fluxys Belgium,FNC-00034,Final consumers (BE) (Fluxys) Industrial clients L-zone,21Y000000000045A,entry,kWh/h,No injection in transmission network from Industiral clients,,,2025-02-20T13:19:03+01:00,,,,,,,,1,2021-10-01T01:00:00+02:00,,,,,
1Physical FlowhourBE-TSO-0001FNC-00034entrykWh/h2021-12-01T01:00:00Z2022-01-01T00:00:00Z_NA2059,1,Physical Flow,hour,2021-12-25T22:00:00+01:00,2021-12-25T23:00:00+01:00,BE-TSO-0001,21X-BE-A-A0A0A-Y,Fluxys Belgium,FNC-00034,Final consumers (BE) (Fluxys) Industrial clients L-zone,21Y000000000045A,entry,kWh/h,No injection in transmission network from Industiral clients,,,2025-02-20T13:19:03+01:00,,,,,,,,1,2021-10-01T01:00:00+02:00,,,,,
1Physical FlowhourBE-TSO-0001FNC-00034entrykWh/h2021-12-01T01:00:00Z2022-01-01T00:00:00Z_NA2060,1,Physical Flow,hour,2021-12-25T23:00:00+01:00,2021-12-26T00:00:00+01:00,BE-TSO-0001,21X-BE-A-A0A0A-Y,Fluxys Belgium,FNC-00034,Final consumers (BE) (Fluxys) Industrial clients L-zone,21Y000000000045A,entry,kWh/h,No injection in transmission network from Industiral clients,,,2025-02-20T13:19:03+01:00,,,,,,,,1,2021-10-01T01:00:00+02:00,,,,,
1Physical FlowhourBE-TSO-0001FNC-00034entrykWh/h2021-12-01T01:00:00Z2022-01-01T00:00:00Z_NA2061,1,Physical Flow,hour,2021-12-26T00:00:00+01:00,2021-12-26T01:00:00+01:00,BE-TSO-0001,21X-BE-A-A0A0A-Y,Fluxys Belgium,FNC-00034,Final consumers (BE) (Fluxys) Industrial clients L-zone,21Y000000000045A,entry,kWh/h,No injection in transmission network from Industiral clients,,,2025-02-20T13:19:03+01:00,,,,,,,,1,2021-10-01T01:00:00+02:00,,,,,
1Physical FlowhourBE-TSO-0001FNC-00034entrykWh/h2021-12-01T01:00:00Z2022-01-01T00:00:00Z_NA2062,1,Physical Flow,hour,2021-12-26T01:00:00+01:00,2021-12-26T02:00:00+01:00,BE-TSO-0001,21X-BE-A-A0A0A-Y,Fluxys Belgium,FNC-00034,Final consumers (BE) (Fluxys) Industrial clients L-zone,21Y000000000045A,entry,kWh/h,No injection in transmission network from Industiral clients,,,2025-02-20T13:19:03+01:00,,,,,,,,1,2021-10-01T01:00:00+02:00,,,,,
1Physical FlowhourBE-TSO-0001FNC-00034entrykWh/h2021-12-01T01:00:00Z2022-01-01T00:00:00Z_NA2063,1,Physical Flow,hour,2021-12-26T02:00:00+01:00,2021-12-26T03:00:00+01:00,BE-TSO-0001,21X-BE-A-A0A0A-Y,Fluxys Belgium,FNC-00034,Final consumers (BE) (Fluxys) Industrial clients L-zone,21Y000000000045A,entry,kWh/h,No injection in transmission network from Industiral clients,,,2025-02-20T13:19:03+01:00,,,,,,,,1,2021-10-01T01:00:00+02:00,,,,,
1Physical FlowhourBE-TSO-0001FNC-00034entrykWh/h2021-12-01T01:00:00Z2022-01-01T00:00:00Z_NA2064,1,Physical Flow,hour,2021-12-26T03:00:00+01:00,2021-12-26T04:00:00+01:00,BE-TSO-0001,21X-BE-A-A0A0A-Y,Fluxys Belgium,FNC-00034,Final consumers (BE) (Fluxys) Industrial clients L-zone,21Y000000000045A,entry,kWh/h,No injection in transmission network from Industiral clients,,,2025-02-20T13:19:03+01:00,,,,,,,,1,2021-10-01T01:00:00+02:00,,,,,
1Physical FlowhourBE-TSO-0001FNC-00034entrykWh/h2021-12-01T01:00:00Z2022-01-01T00:00:00Z_NA2065,1,Physical Flow,hour,2021-12-26T04:00:00+01:00,2021-12-26T05:00:00+01:00,BE-TSO-0001,21X-BE-A-A0A0A-Y,Fluxys Belgium,FNC-00034,Final consumers (BE) (Fluxys) Industrial clients L-zone,21Y000000000045A,entry,kWh/h,No injection in transmission network from Industiral clients,,,2025-02-20T13:19:03+01:00,,,,,,,,1,2021-10-01T01:00:00+02:00,,,,,
1Physical FlowhourBE-TSO-0001FNC-00034entrykWh/h2021-12-01T01:00:00Z2022-01-01T00:00:00Z_NA2066,1,Physical Flow,hour,2021-12-26T05:00:00+01:00,2021-12-26T06:00:00+01:00,BE-TSO-0001,21X-BE-A-A0A0A-Y,Fluxys Belgium,FNC-00034,Final consumers (BE) (Fluxys) Industrial clients L-zone,21Y000000000045A,entry,kWh/h,No injection in transmission network from Industiral clients,,,2025-02-20T13:19:03+01:00,,,,,,,,1,2021-10-01T01:00:00+02:00,,,,,
1Physical FlowhourBE-TSO-0001FNC-00034entrykWh/h2021-12-01T01:00:00Z2022-01-01T00:00:00Z_NA2067,1,Physical Flow,hour,2021-12-26T06:00:00+01:00,2021-12-26T07:00:00+01:00,BE-TSO-0001,21X-BE-A-A0A0A-Y,Fluxys Belgium,FNC-00034,Final consumers (BE) (Fluxys) Industrial clients L-zone,21Y000000000045A,entry,kWh/h,No injection in transmission network from Industiral clients,,,2025-02-20T13:19:03+01:00,,,,,,,,1,2021-10-01T01:00:00+02:00,,,,,
1Physical FlowhourBE-TSO-0001FNC-00034entrykWh/h2021-12-01T01:00:00Z2022-01-01T00:00:00Z_NA2068,1,Physical Flow,hour,2021-12-26T07:00:00+01:00,2021-12-26T08:00:00+01:00,BE-TSO-0001,21X-BE-A-A0A0A-Y,Fluxys Belgium,FNC-00034,Final consumers (BE) (Fluxys) Industrial clients L-zone,21Y000000000045A,entry,kWh/h,No injection in transmission network from Industiral clients,,,2025-02-20T13:19:03+01:00,,,,,,,,1,2021-10-01T01:00:00+02:00,,,,,
1Physical FlowhourBE-TSO-0001FNC-00034entrykWh/h2021-12-01T01:00:00Z2022-01-01T00:00:00Z_NA2069,1,Physical Flow,hour,2021-12-26T08:00:00+01:00,2021-12-26T09:00:00+01:00,BE-TSO-0001,21X-BE-A-A0A0A-Y,Fluxys Belgium,FNC-00034,Final consumers (BE) (Fluxys) Industrial clients L-zone,21Y000000000045A,entry,kWh/h,No injection in transmission network from Industiral clients,,,2025-02-20T13:19:03+01:00,,,,,,,,1,2021-10-01T01:00:00+02:00,,,,,
1Physical FlowhourBE-TSO-0001FNC-00034entrykWh/h2021-12-01T01:00:00Z2022-01-01T00:00:00Z_NA2070,1,Physical Flow,hour,2021-12-26T09:00:00+01:00,2021-12-26T10:00:00+01:00,BE-TSO-0001,21X-BE-A-A0A0A-Y,Fluxys Belgium,FNC-00034,Final consumers (BE) (Fluxys) Industrial clients L-zone,21Y000000000045A,entry,kWh/h,No injection in transmission network from Industiral clients,,,2025-02-20T13:19:03+01:00,,,,,,,,1,2021-10-01T01:00:00+02:00,,,,,
1Physical FlowhourBE-TSO-0001FNC-00034entrykWh/h2021-12-01T01:00:00Z2022-01-01T00:00:00Z_NA2071,1,Physical Flow,hour,2021-12-26T10:00:00+01:00,2021-12-26T11:00:00+01:00,BE-TSO-0001,21X-BE-A-A0A0A-Y,Fluxys Belgium,FNC-00034,Final consumers (BE) (Fluxys) Industrial clients L-zone,21Y000000000045A,entry,kWh/h,No injection in transmission network from Industiral clients,,,2025-02-20T13:19:03+01:00,,,,,,,,1,2021-10-01T01:00:00+02:00,,,,,
1Physical FlowhourBE-TSO-0001FNC-00034entrykWh/h2021-12-01T01:00:00Z2022-01-01T00:00:00Z_NA2072,1,Physical Flow,hour,2021-12-26T11:00:00+01:00,2021-12-26T12:00:00+01:00,BE-TSO-0001,21X-BE-A-A0A0A-Y,Fluxys Belgium,FNC-00034,Final consumers (BE) (Fluxys) Industrial clients L-zone,21Y000000000045A,entry,kWh/h,No injection in transmission network from Industiral clients,,,2025-02-20T13:19:03+01:00,,,,,,,,1,2021-10-01T01:00:00+02:00,,,,,
1Physical FlowhourBE-TSO-0001FNC-00034entrykWh/h2021-12-01T01:00:00Z2022-01-01T00:00:00Z_NA2073,1,Physical Flow,hour,2021-12-26T12:00:00+01:00,2021-12-26T13:00:00+01:00,BE-TSO-0001,21X-BE-A-A0A0A-Y,Fluxys Belgium,FNC-00034,Final consumers (BE) (Fluxys) Industrial clients L-zone,21Y000000000045A,entry,kWh/h,No injection in transmission network from Industiral clients,,,2025-02-20T13:19:03+01:00,,,,,,,,1,2021-10-01T01:00:00+02:00,,,,,
1Physical FlowhourBE-TSO-0001FNC-00034entrykWh/h2021-12-01T01:00:00Z2022-01-01T00:00:00Z_NA2074,1,Physical Flow,hour,2021-12-26T13:00:00+01:00,2021-12-26T14:00:00+01:00,BE-TSO-0001,21X-BE-A-A0A0A-Y,Fluxys Belgium,FNC-00034,Final consumers (BE) (Fluxys) Industrial clients L-zone,21Y000000000045A,entry,kWh/h,No injection in transmission network from Industiral clients,,,2025-02-20T13:19:03+01:00,,,,,,,,1,2021-10-01T01:00:00+02:00,,,,,
1Physical FlowhourBE-TSO-0001FNC-00034entrykWh/h2021-12-01T01:00:00Z2022-01-01T00:00:00Z_NA2075,1,Physical Flow,hour,2021-12-26T14:00:00+01:00,2021-12-26T15:00:00+01:00,BE-TSO-0001,21X-BE-A-A0A0A-Y,Fluxys Belgium,FNC-00034,Final consumers (BE) (Fluxys) Industrial clients L-zone,21Y000000000045A,entry,kWh/h,No injection in transmission network from Industiral clients,,,2025-02-20T13:19:03+01:00,,,,,,,,1,2021-10-01T01:00:00+02:00,,,,,
1Physical FlowhourBE-TSO-0001FNC-00034entrykWh/h2021-12-01T01:00:00Z2022-01-01T00:00:00Z_NA2076,1,Physical Flow,hour,2021-12-26T15:00:00+01:00,2021-12-26T16:00:00+01:00,BE-TSO-0001,21X-BE-A-A0A0A-Y,Fluxys Belgium,FNC-00034,Final consumers (BE) (Fluxys) Industrial clients L-zone,21Y000000000045A,entry,kWh/h,No injection in transmission network from Industiral clients,,,2025-02-20T13:19:03+01:00,,,,,,,,1,2021-10-01T01:00:00+02:00,,,,,
1Physical FlowhourBE-TSO-0001FNC-00034entrykWh/h2021-12-01T01:00:00Z2022-01-01T00:00:00Z_NA2077,1,Physical Flow,hour,2021-12-26T16:00:00+01:00,2021-12-26T17:00:00+01:00,BE-TSO-0001,21X-BE-A-A0A0A-Y,Fluxys Belgium,FNC-00034,Final consumers (BE) (Fluxys) Industrial clients L-zone,21Y000000000045A,entry,kWh/h,No injection in transmission network from Industiral clients,,,2025-02-20T13:19:03+01:00,,,,,,,,1,2021-10-01T01:00:00+02:00,,,,,
1Physical FlowhourBE-TSO-0001FNC-00034entrykWh/h2021-12-01T01:00:00Z2022-01-01T00:00:00Z_NA2078,1,Physical Flow,hour,2021-12-26T17:00:00+01:00,2021-12-26T18:00:00+01:00,BE-TSO-0001,21X-BE-A-A0A0A-Y,Fluxys Belgium,FNC-00034,Final consumers (BE) (Fluxys) Industrial clients L-zone,21Y000000000045A,entry,kWh/h,No injection in transmission network from Industiral clients,,,2025-02-20T13:19:03+01:00,,,,,,,,1,2021-10-01T01:00:00+02:00,,,,,
1Physical FlowhourBE-TSO-0001FNC-00034entrykWh/h2021-12-01T01:00:00Z2022-01-01T00:00:00Z_NA2079,1,Physical Flow,hour,2021-12-26T18:00:00+01:00,2021-12-26T19:00:00+01:00,BE-TSO-0001,21X-BE-A-A0A0A-Y,Fluxys Belgium,FNC-00034,Final consumers (BE) (Fluxys) Industrial clients L-zone,21Y000000000045A,entry,kWh/h,No injection in transmission network from Industiral clients,,,2025-02-20T13:19:03+01:00,,,,,,,,1,2021-10-01T01:00:00+02:00,,,,,
1Physical FlowhourBE-TSO-0001FNC-00034entrykWh/h2021-12-01T01:00:00Z2022-01-01T00:00:00Z_NA2080,1,Physical Flow,hour,2021-12-26T19:00:00+01:00,2021-12-26T20:00:00+01:00,BE-TSO-0001,21X-BE-A-A0A0A-Y,Fluxys Belgium,FNC-00034,Final consumers (BE) (Fluxys) Industrial clients L-zone,21Y000000000045A,entry,kWh/h,No injection in transmission network from Industiral clients,,,2025-02-20T13:19:03+01:00,,,,,,,,1,2021-10-01T01:00:00+02:00,,,,,
1Physical FlowhourBE-TSO-0001FNC-00034entrykWh/h2021-12-01T01:00:00Z2022-01-01T00:00:00Z_NA2081,1,Physical Flow,hour,2021-12-26T20:00:00+01:00,2021-12-26T21:00:00+01:00,BE-TSO-0001,21X-BE-A-A0A0A-Y,Fluxys Belgium,FNC-00034,Final consumers (BE) (Fluxys) Industrial clients L-zone,21Y000000000045A,entry,kWh/h,No injection in transmission network from Industiral clients,,,2025-02-20T13:19:03+01:00,,,,,,,,1,2021-10-01T01:00:00+02:00,,,,,
1Physical FlowhourBE-TSO-0001FNC-00034entrykWh/h2021-12-01T01:00:00Z2022-01-01T00:00:00Z_NA2082,1,Physical Flow,hour,2021-12-26T21:00:00+01:00,2021-12-26T22:00:00+01:00,BE-TSO-0001,21X-BE-A-A0A0A-Y,Fluxys Belgium,FNC-00034,Final consumers (BE) (Fluxys) Industrial clients L-zone,21Y000000000045A,entry,kWh/h,No injection in transmission network from Industiral clients,,,2025-02-20T13:19:03+01:00,,,,,,,,1,2021-10-01T01:00:00+02:00,,,,,
1Physical FlowhourBE-TSO-0001FNC-00034entrykWh/h2021-12-01T01:00:00Z2022-01-01T00:00:00Z_NA2083,1,Physical Flow,hour,2021-12-26T22:00:00+01:00,2021-12-26T23:00:00+01:00,BE-TSO-0001,21X-BE-A-A0A0A-Y,Fluxys Belgium,FNC-00034,Final consumers (BE) (Fluxys) Industrial clients L-zone,21Y000000000045A,entry,kWh/h,No injection in transmission network from Industiral clients,,,2025-02-20T13:19:03+01:00,,,,,,,,1,2021-10-01T01:00:00+02:00,,,,,
1Physical FlowhourBE-TSO-0001FNC-00034entrykWh/h2021-12-01T01:00:00Z2022-01-01T00:00:00Z_NA2084,1,Physical Flow,hour,2021-12-26T23:00:00+01:00,2021-12-27T00:00:00+01:00,BE-TSO-0001,21X-BE-A-A0A0A-Y,Fluxys Belgium,FNC-00034,Final consumers (BE) (Fluxys) Industrial clients L-zone,21Y000000000045A,entry,kWh/h,No injection in transmission network from Industiral clients,,,2025-02-20T13:19:03+01:00,,,,,,,,1,2021-10-01T01:00:00+02:00,,,,,
1Physical FlowhourBE-TSO-0001FNC-00034entrykWh/h2021-12-01T01:00:00Z2022-01-01T00:00:00Z_NA2085,1,Physical Flow,hour,2021-12-27T00:00:00+01:00,2021-12-27T01:00:00+01:00,BE-TSO-0001,21X-BE-A-A0A0A-Y,Fluxys Belgium,FNC-00034,Final consumers (BE) (Fluxys) Industrial clients L-zone,21Y000000000045A,entry,kWh/h,No injection in transmission network from Industiral clients,,,2025-02-20T13:19:03+01:00,,,,,,,,1,2021-10-01T01:00:00+02:00,,,,,
1Physical FlowhourBE-TSO-0001FNC-00034entrykWh/h2021-12-01T01:00:00Z2022-01-01T00:00:00Z_NA2086,1,Physical Flow,hour,2021-12-27T01:00:00+01:00,2021-12-27T02:00:00+01:00,BE-TSO-0001,21X-BE-A-A0A0A-Y,Fluxys Belgium,FNC-00034,Final consumers (BE) (Fluxys) Industrial clients L-zone,21Y000000000045A,entry,kWh/h,No injection in transmission network from Industiral clients,,,2025-02-20T13:19:03+01:00,,,,,,,,1,2021-10-01T01:00:00+02:00,,,,,
1Physical FlowhourBE-TSO-0001FNC-00034entrykWh/h2021-12-01T01:00:00Z2022-01-01T00:00:00Z_NA2087,1,Physical Flow,hour,2021-12-27T02:00:00+01:00,2021-12-27T03:00:00+01:00,BE-TSO-0001,21X-BE-A-A0A0A-Y,Fluxys Belgium,FNC-00034,Final consumers (BE) (Fluxys) Industrial clients L-zone,21Y000000000045A,entry,kWh/h,No injection in transmission network from Industiral clients,,,2025-02-20T13:19:03+01:00,,,,,,,,1,2021-10-01T01:00:00+02:00,,,,,
1Physical FlowhourBE-TSO-0001FNC-00034entrykWh/h2021-12-01T01:00:00Z2022-01-01T00:00:00Z_NA2088,1,Physical Flow,hour,2021-12-27T03:00:00+01:00,2021-12-27T04:00:00+01:00,BE-TSO-0001,21X-BE-A-A0A0A-Y,Fluxys Belgium,FNC-00034,Final consumers (BE) (Fluxys) Industrial clients L-zone,21Y000000000045A,entry,kWh/h,No injection in transmission network from Industiral clients,,,2025-02-20T13:19:03+01:00,,,,,,,,1,2021-10-01T01:00:00+02:00,,,,,
1Physical FlowhourBE-TSO-0001FNC-00034entrykWh/h2021-12-01T01:00:00Z2022-01-01T00:00:00Z_NA2089,1,Physical Flow,hour,2021-12-27T04:00:00+01:00,2021-12-27T05:00:00+01:00,BE-TSO-0001,21X-BE-A-A0A0A-Y,Fluxys Belgium,FNC-00034,Final consumers (BE) (Fluxys) Industrial clients L-zone,21Y000000000045A,entry,kWh/h,No injection in transmission network from Industiral clients,,,2025-02-20T13:19:03+01:00,,,,,,,,1,2021-10-01T01:00:00+02:00,,,,,
1Physical FlowhourBE-TSO-0001FNC-00034entrykWh/h2021-12-01T01:00:00Z2022-01-01T00:00:00Z_NA2090,1,Physical Flow,hour,2021-12-27T05:00:00+01:00,2021-12-27T06:00:00+01:00,BE-TSO-0001,21X-BE-A-A0A0A-Y,Fluxys Belgium,FNC-00034,Final consumers (BE) (Fluxys) Industrial clients L-zone,21Y000000000045A,entry,kWh/h,No injection in transmission network from Industiral clients,,,2025-02-20T13:19:03+01:00,,,,,,,,1,2021-10-01T01:00:00+02:00,,,,,
1Physical FlowhourBE-TSO-0001FNC-00034entrykWh/h2021-12-01T01:00:00Z2022-01-01T00:00:00Z_NA2091,1,Physical Flow,hour,2021-12-27T06:00:00+01:00,2021-12-27T07:00:00+01:00,BE-TSO-0001,21X-BE-A-A0A0A-Y,Fluxys Belgium,FNC-00034,Final consumers (BE) (Fluxys) Industrial clients L-zone,21Y000000000045A,entry,kWh/h,No injection in transmission network from Industiral clients,,,2025-02-20T13:19:03+01:00,,,,,,,,1,2021-10-01T01:00:00+02:00,,,,,
1Physical FlowhourBE-TSO-0001FNC-00034entrykWh/h2021-12-01T01:00:00Z2022-01-01T00:00:00Z_NA2092,1,Physical Flow,hour,2021-12-27T07:00:00+01:00,2021-12-27T08:00:00+01:00,BE-TSO-0001,21X-BE-A-A0A0A-Y,Fluxys Belgium,FNC-00034,Final consumers (BE) (Fluxys) Industrial clients L-zone,21Y000000000045A,entry,kWh/h,No injection in transmission network from Industiral clients,,,2025-02-20T13:19:03+01:00,,,,,,,,1,2021-10-01T01:00:00+02:00,,,,,
1Physical FlowhourBE-TSO-0001FNC-00034entrykWh/h2021-12-01T01:00:00Z2022-01-01T00:00:00Z_NA2093,1,Physical Flow,hour,2021-12-27T08:00:00+01:00,2021-12-27T09:00:00+01:00,BE-TSO-0001,21X-BE-A-A0A0A-Y,Fluxys Belgium,FNC-00034,Final consumers (BE) (Fluxys) Industrial clients L-zone,21Y000000000045A,entry,kWh/h,No injection in transmission network from Industiral clients,,,2025-02-20T13:19:03+01:00,,,,,,,,1,2021-10-01T01:00:00+02:00,,,,,
1Physical FlowhourBE-TSO-0001FNC-00034entrykWh/h2021-12-01T01:00:00Z2022-01-01T00:00:00Z_NA2094,1,Physical Flow,hour,2021-12-27T09:00:00+01:00,2021-12-27T10:00:00+01:00,BE-TSO-0001,21X-BE-A-A0A0A-Y,Fluxys Belgium,FNC-00034,Final consumers (BE) (Fluxys) Industrial clients L-zone,21Y000000000045A,entry,kWh/h,No injection in transmission network from Industiral clients,,,2025-02-20T13:19:03+01:00,,,,,,,,1,2021-10-01T01:00:00+02:00,,,,,
1Physical FlowhourBE-TSO-0001FNC-00034entrykWh/h2021-12-01T01:00:00Z2022-01-01T00:00:00Z_NA2095,1,Physical Flow,hour,2021-12-27T10:00:00+01:00,2021-12-27T11:00:00+01:00,BE-TSO-0001,21X-BE-A-A0A0A-Y,Fluxys Belgium,FNC-00034,Final consumers (BE) (Fluxys) Industrial clients L-zone,21Y000000000045A,entry,kWh/h,No injection in transmission network from Industiral clients,,,2025-02-20T13:19:03+01:00,,,,,,,,1,2021-10-01T01:00:00+02:00,,,,,
1Physical FlowhourBE-TSO-0001FNC-00034entrykWh/h2021-12-01T01:00:00Z2022-01-01T00:00:00Z_NA2096,1,Physical Flow,hour,2021-12-27T11:00:00+01:00,2021-12-27T12:00:00+01:00,BE-TSO-0001,21X-BE-A-A0A0A-Y,Fluxys Belgium,FNC-00034,Final consumers (BE) (Fluxys) Industrial clients L-zone,21Y000000000045A,entry,kWh/h,No injection in transmission network from Industiral clients,,,2025-02-20T13:19:03+01:00,,,,,,,,1,2021-10-01T01:00:00+02:00,,,,,
1Physical FlowhourBE-TSO-0001FNC-00034entrykWh/h2021-12-01T01:00:00Z2022-01-01T00:00:00Z_NA2097,1,Physical Flow,hour,2021-12-27T12:00:00+01:00,2021-12-27T13:00:00+01:00,BE-TSO-0001,21X-BE-A-A0A0A-Y,Fluxys Belgium,FNC-00034,Final consumers (BE) (Fluxys) Industrial clients L-zone,21Y000000000045A,entry,kWh/h,No injection in transmission network from Industiral clients,,,2025-02-20T13:19:03+01:00,,,,,,,,1,2021-10-01T01:00:00+02:00,,,,,
1Physical FlowhourBE-TSO-0001FNC-00034entrykWh/h2021-12-01T01:00:00Z2022-01-01T00:00:00Z_NA2098,1,Physical Flow,hour,2021-12-27T13:00:00+01:00,2021-12-27T14:00:00+01:00,BE-TSO-0001,21X-BE-A-A0A0A-Y,Fluxys Belgium,FNC-00034,Final consumers (BE) (Fluxys) Industrial clients L-zone,21Y000000000045A,entry,kWh/h,No injection in transmission network from Industiral clients,,,2025-02-20T13:19:03+01:00,,,,,,,,1,2021-10-01T01:00:00+02:00,,,,,
1Physical FlowhourBE-TSO-0001FNC-00034entrykWh/h2021-12-01T01:00:00Z2022-01-01T00:00:00Z_NA2099,1,Physical Flow,hour,2021-12-27T14:00:00+01:00,2021-12-27T15:00:00+01:00,BE-TSO-0001,21X-BE-A-A0A0A-Y,Fluxys Belgium,FNC-00034,Final consumers (BE) (Fluxys) Industrial clients L-zone,21Y000000000045A,entry,kWh/h,No injection in transmission network from Industiral clients,,,2025-02-20T13:19:03+01:00,,,,,,,,1,2021-10-01T01:00:00+02:00,,,,,
1Physical FlowhourBE-TSO-0001FNC-00034entrykWh/h2021-12-01T01:00:00Z2022-01-01T00:00:00Z_NA2100,1,Physical Flow,hour,2021-12-27T15:00:00+01:00,2021-12-27T16:00:00+01:00,BE-TSO-0001,21X-BE-A-A0A0A-Y,Fluxys Belgium,FNC-00034,Final consumers (BE) (Fluxys) Industrial clients L-zone,21Y000000000045A,entry,kWh/h,No injection in transmission network from Industiral clients,,,2025-02-20T13:19:03+01:00,,,,,,,,1,2021-10-01T01:00:00+02:00,,,,,
1Physical FlowhourBE-TSO-0001FNC-00034entrykWh/h2021-12-01T01:00:00Z2022-01-01T00:00:00Z_NA2101,1,Physical Flow,hour,2021-12-27T16:00:00+01:00,2021-12-27T17:00:00+01:00,BE-TSO-0001,21X-BE-A-A0A0A-Y,Fluxys Belgium,FNC-00034,Final consumers (BE) (Fluxys) Industrial clients L-zone,21Y000000000045A,entry,kWh/h,No injection in transmission network from Industiral clients,,,2025-02-20T13:19:03+01:00,,,,,,,,1,2021-10-01T01:00:00+02:00,,,,,
1Physical FlowhourBE-TSO-0001FNC-00034entrykWh/h2021-12-01T01:00:00Z2022-01-01T00:00:00Z_NA2102,1,Physical Flow,hour,2021-12-27T17:00:00+01:00,2021-12-27T18:00:00+01:00,BE-TSO-0001,21X-BE-A-A0A0A-Y,Fluxys Belgium,FNC-00034,Final consumers (BE) (Fluxys) Industrial clients L-zone,21Y000000000045A,entry,kWh/h,No injection in transmission network from Industiral clients,,,2025-02-20T13:19:03+01:00,,,,,,,,1,2021-10-01T01:00:00+02:00,,,,,
1Physical FlowhourBE-TSO-0001FNC-00034entrykWh/h2021-12-01T01:00:00Z2022-01-01T00:00:00Z_NA2103,1,Physical Flow,hour,2021-12-27T18:00:00+01:00,2021-12-27T19:00:00+01:00,BE-TSO-0001,21X-BE-A-A0A0A-Y,Fluxys Belgium,FNC-00034,Final consumers (BE) (Fluxys) Industrial clients L-zone,21Y000000000045A,entry,kWh/h,No injection in transmission network from Industiral clients,,,2025-02-20T13:19:03+01:00,,,,,,,,1,2021-10-01T01:00:00+02:00,,,,,
1Physical FlowhourBE-TSO-0001FNC-00034entrykWh/h2021-12-01T01:00:00Z2022-01-01T00:00:00Z_NA2104,1,Physical Flow,hour,2021-12-27T19:00:00+01:00,2021-12-27T20:00:00+01:00,BE-TSO-0001,21X-BE-A-A0A0A-Y,Fluxys Belgium,FNC-00034,Final consumers (BE) (Fluxys) Industrial clients L-zone,21Y000000000045A,entry,kWh/h,No injection in transmission network from Industiral clients,,,2025-02-20T13:19:03+01:00,,,,,,,,1,2021-10-01T01:00:00+02:00,,,,,
1Physical FlowhourBE-TSO-0001FNC-00034entrykWh/h2021-12-01T01:00:00Z2022-01-01T00:00:00Z_NA2105,1,Physical Flow,hour,2021-12-27T20:00:00+01:00,2021-12-27T21:00:00+01:00,BE-TSO-0001,21X-BE-A-A0A0A-Y,Fluxys Belgium,FNC-00034,Final consumers (BE) (Fluxys) Industrial clients L-zone,21Y000000000045A,entry,kWh/h,No injection in transmission network from Industiral clients,,,2025-02-20T13:19:03+01:00,,,,,,,,1,2021-10-01T01:00:00+02:00,,,,,
1Physical FlowhourBE-TSO-0001FNC-00034entrykWh/h2021-12-01T01:00:00Z2022-01-01T00:00:00Z_NA2106,1,Physical Flow,hour,2021-12-27T21:00:00+01:00,2021-12-27T22:00:00+01:00,BE-TSO-0001,21X-BE-A-A0A0A-Y,Fluxys Belgium,FNC-00034,Final consumers (BE) (Fluxys) Industrial clients L-zone,21Y000000000045A,entry,kWh/h,No injection in transmission network from Industiral clients,,,2025-02-20T13:19:03+01:00,,,,,,,,1,2021-10-01T01:00:00+02:00,,,,,
1Physical FlowhourBE-TSO-0001FNC-00034entrykWh/h2021-12-01T01:00:00Z2022-01-01T00:00:00Z_NA2107,1,Physical Flow,hour,2021-12-27T22:00:00+01:00,2021-12-27T23:00:00+01:00,BE-TSO-0001,21X-BE-A-A0A0A-Y,Fluxys Belgium,FNC-00034,Final consumers (BE) (Fluxys) Industrial clients L-zone,21Y000000000045A,entry,kWh/h,No injection in transmission network from Industiral clients,,,2025-02-20T13:19:03+01:00,,,,,,,,1,2021-10-01T01:00:00+02:00,,,,,
1Physical FlowhourBE-TSO-0001FNC-00034entrykWh/h2021-12-01T01:00:00Z2022-01-01T00:00:00Z_NA2108,1,Physical Flow,hour,2021-12-27T23:00:00+01:00,2021-12-28T00:00:00+01:00,BE-TSO-0001,21X-BE-A-A0A0A-Y,Fluxys Belgium,FNC-00034,Final consumers (BE) (Fluxys) Industrial clients L-zone,21Y000000000045A,entry,kWh/h,No injection in transmission network from Industiral clients,,,2025-02-20T13:19:03+01:00,,,,,,,,1,2021-10-01T01:00:00+02:00,,,,,
1Physical FlowhourBE-TSO-0001FNC-00034entrykWh/h2021-12-01T01:00:00Z2022-01-01T00:00:00Z_NA2109,1,Physical Flow,hour,2021-12-28T00:00:00+01:00,2021-12-28T01:00:00+01:00,BE-TSO-0001,21X-BE-A-A0A0A-Y,Fluxys Belgium,FNC-00034,Final consumers (BE) (Fluxys) Industrial clients L-zone,21Y000000000045A,entry,kWh/h,No injection in transmission network from Industiral clients,,,2025-02-20T13:19:03+01:00,,,,,,,,1,2021-10-01T01:00:00+02:00,,,,,
1Physical FlowhourBE-TSO-0001FNC-00034entrykWh/h2021-12-01T01:00:00Z2022-01-01T00:00:00Z_NA2110,1,Physical Flow,hour,2021-12-28T01:00:00+01:00,2021-12-28T02:00:00+01:00,BE-TSO-0001,21X-BE-A-A0A0A-Y,Fluxys Belgium,FNC-00034,Final consumers (BE) (Fluxys) Industrial clients L-zone,21Y000000000045A,entry,kWh/h,No injection in transmission network from Industiral clients,,,2025-02-20T13:19:03+01:00,,,,,,,,1,2021-10-01T01:00:00+02:00,,,,,
1Physical FlowhourBE-TSO-0001FNC-00034entrykWh/h2021-12-01T01:00:00Z2022-01-01T00:00:00Z_NA2111,1,Physical Flow,hour,2021-12-28T02:00:00+01:00,2021-12-28T03:00:00+01:00,BE-TSO-0001,21X-BE-A-A0A0A-Y,Fluxys Belgium,FNC-00034,Final consumers (BE) (Fluxys) Industrial clients L-zone,21Y000000000045A,entry,kWh/h,No injection in transmission network from Industiral clients,,,2025-02-20T13:19:03+01:00,,,,,,,,1,2021-10-01T01:00:00+02:00,,,,,
1Physical FlowhourBE-TSO-0001FNC-00034entrykWh/h2021-12-01T01:00:00Z2022-01-01T00:00:00Z_NA2112,1,Physical Flow,hour,2021-12-28T03:00:00+01:00,2021-12-28T04:00:00+01:00,BE-TSO-0001,21X-BE-A-A0A0A-Y,Fluxys Belgium,FNC-00034,Final consumers (BE) (Fluxys) Industrial clients L-zone,21Y000000000045A,entry,kWh/h,No injection in transmission network from Industiral clients,,,2025-02-20T13:19:03+01:00,,,,,,,,1,2021-10-01T01:00:00+02:00,,,,,
1Physical FlowhourBE-TSO-0001FNC-00034entrykWh/h2021-12-01T01:00:00Z2022-01-01T00:00:00Z_NA2113,1,Physical Flow,hour,2021-12-28T04:00:00+01:00,2021-12-28T05:00:00+01:00,BE-TSO-0001,21X-BE-A-A0A0A-Y,Fluxys Belgium,FNC-00034,Final consumers (BE) (Fluxys) Industrial clients L-zone,21Y000000000045A,entry,kWh/h,No injection in transmission network from Industiral clients,,,2025-02-20T13:19:03+01:00,,,,,,,,1,2021-10-01T01:00:00+02:00,,,,,
1Physical FlowhourBE-TSO-0001FNC-00034entrykWh/h2021-12-01T01:00:00Z2022-01-01T00:00:00Z_NA2114,1,Physical Flow,hour,2021-12-28T05:00:00+01:00,2021-12-28T06:00:00+01:00,BE-TSO-0001,21X-BE-A-A0A0A-Y,Fluxys Belgium,FNC-00034,Final consumers (BE) (Fluxys) Industrial clients L-zone,21Y000000000045A,entry,kWh/h,No injection in transmission network from Industiral clients,,,2025-02-20T13:19:03+01:00,,,,,,,,1,2021-10-01T01:00:00+02:00,,,,,
1Physical FlowhourBE-TSO-0001FNC-00034entrykWh/h2021-12-01T01:00:00Z2022-01-01T00:00:00Z_NA2115,1,Physical Flow,hour,2021-12-28T06:00:00+01:00,2021-12-28T07:00:00+01:00,BE-TSO-0001,21X-BE-A-A0A0A-Y,Fluxys Belgium,FNC-00034,Final consumers (BE) (Fluxys) Industrial clients L-zone,21Y000000000045A,entry,kWh/h,No injection in transmission network from Industiral clients,,,2025-02-20T13:19:03+01:00,,,,,,,,1,2021-10-01T01:00:00+02:00,,,,,
1Physical FlowhourBE-TSO-0001FNC-00034entrykWh/h2021-12-01T01:00:00Z2022-01-01T00:00:00Z_NA2116,1,Physical Flow,hour,2021-12-28T07:00:00+01:00,2021-12-28T08:00:00+01:00,BE-TSO-0001,21X-BE-A-A0A0A-Y,Fluxys Belgium,FNC-00034,Final consumers (BE) (Fluxys) Industrial clients L-zone,21Y000000000045A,entry,kWh/h,No injection in transmission network from Industiral clients,,,2025-02-20T13:19:03+01:00,,,,,,,,1,2021-10-01T01:00:00+02:00,,,,,
1Physical FlowhourBE-TSO-0001FNC-00034entrykWh/h2021-12-01T01:00:00Z2022-01-01T00:00:00Z_NA2117,1,Physical Flow,hour,2021-12-28T08:00:00+01:00,2021-12-28T09:00:00+01:00,BE-TSO-0001,21X-BE-A-A0A0A-Y,Fluxys Belgium,FNC-00034,Final consumers (BE) (Fluxys) Industrial clients L-zone,21Y000000000045A,entry,kWh/h,No injection in transmission network from Industiral clients,,,2025-02-20T13:19:03+01:00,,,,,,,,1,2021-10-01T01:00:00+02:00,,,,,
1Physical FlowhourBE-TSO-0001FNC-00034entrykWh/h2021-12-01T01:00:00Z2022-01-01T00:00:00Z_NA2118,1,Physical Flow,hour,2021-12-28T09:00:00+01:00,2021-12-28T10:00:00+01:00,BE-TSO-0001,21X-BE-A-A0A0A-Y,Fluxys Belgium,FNC-00034,Final consumers (BE) (Fluxys) Industrial clients L-zone,21Y000000000045A,entry,kWh/h,No injection in transmission network from Industiral clients,,,2025-02-20T13:19:03+01:00,,,,,,,,1,2021-10-01T01:00:00+02:00,,,,,
1Physical FlowhourBE-TSO-0001FNC-00034entrykWh/h2021-12-01T01:00:00Z2022-01-01T00:00:00Z_NA2119,1,Physical Flow,hour,2021-12-28T10:00:00+01:00,2021-12-28T11:00:00+01:00,BE-TSO-0001,21X-BE-A-A0A0A-Y,Fluxys Belgium,FNC-00034,Final consumers (BE) (Fluxys) Industrial clients L-zone,21Y000000000045A,entry,kWh/h,No injection in transmission network from Industiral clients,,,2025-02-20T13:19:03+01:00,,,,,,,,1,2021-10-01T01:00:00+02:00,,,,,
1Physical FlowhourBE-TSO-0001FNC-00034entrykWh/h2021-12-01T01:00:00Z2022-01-01T00:00:00Z_NA2120,1,Physical Flow,hour,2021-12-28T11:00:00+01:00,2021-12-28T12:00:00+01:00,BE-TSO-0001,21X-BE-A-A0A0A-Y,Fluxys Belgium,FNC-00034,Final consumers (BE) (Fluxys) Industrial clients L-zone,21Y000000000045A,entry,kWh/h,No injection in transmission network from Industiral clients,,,2025-02-20T13:19:03+01:00,,,,,,,,1,2021-10-01T01:00:00+02:00,,,,,
1Physical FlowhourBE-TSO-0001FNC-00034entrykWh/h2021-12-01T01:00:00Z2022-01-01T00:00:00Z_NA2121,1,Physical Flow,hour,2021-12-28T12:00:00+01:00,2021-12-28T13:00:00+01:00,BE-TSO-0001,21X-BE-A-A0A0A-Y,Fluxys Belgium,FNC-00034,Final consumers (BE) (Fluxys) Industrial clients L-zone,21Y000000000045A,entry,kWh/h,No injection in transmission network from Industiral clients,,,2025-02-20T13:19:03+01:00,,,,,,,,1,2021-10-01T01:00:00+02:00,,,,,
1Physical FlowhourBE-TSO-0001FNC-00034entrykWh/h2021-12-01T01:00:00Z2022-01-01T00:00:00Z_NA2122,1,Physical Flow,hour,2021-12-28T13:00:00+01:00,2021-12-28T14:00:00+01:00,BE-TSO-0001,21X-BE-A-A0A0A-Y,Fluxys Belgium,FNC-00034,Final consumers (BE) (Fluxys) Industrial clients L-zone,21Y000000000045A,entry,kWh/h,No injection in transmission network from Industiral clients,,,2025-02-20T13:19:03+01:00,,,,,,,,1,2021-10-01T01:00:00+02:00,,,,,
1Physical FlowhourBE-TSO-0001FNC-00034entrykWh/h2021-12-01T01:00:00Z2022-01-01T00:00:00Z_NA2123,1,Physical Flow,hour,2021-12-28T14:00:00+01:00,2021-12-28T15:00:00+01:00,BE-TSO-0001,21X-BE-A-A0A0A-Y,Fluxys Belgium,FNC-00034,Final consumers (BE) (Fluxys) Industrial clients L-zone,21Y000000000045A,entry,kWh/h,No injection in transmission network from Industiral clients,,,2025-02-20T13:19:03+01:00,,,,,,,,1,2021-10-01T01:00:00+02:00,,,,,
1Physical FlowhourBE-TSO-0001FNC-00034entrykWh/h2021-12-01T01:00:00Z2022-01-01T00:00:00Z_NA2124,1,Physical Flow,hour,2021-12-28T15:00:00+01:00,2021-12-28T16:00:00+01:00,BE-TSO-0001,21X-BE-A-A0A0A-Y,Fluxys Belgium,FNC-00034,Final consumers (BE) (Fluxys) Industrial clients L-zone,21Y000000000045A,entry,kWh/h,No injection in transmission network from Industiral clients,,,2025-02-20T13:19:03+01:00,,,,,,,,1,2021-10-01T01:00:00+02:00,,,,,
1Physical FlowhourBE-TSO-0001FNC-00034entrykWh/h2021-12-01T01:00:00Z2022-01-01T00:00:00Z_NA2125,1,Physical Flow,hour,2021-12-28T16:00:00+01:00,2021-12-28T17:00:00+01:00,BE-TSO-0001,21X-BE-A-A0A0A-Y,Fluxys Belgium,FNC-00034,Final consumers (BE) (Fluxys) Industrial clients L-zone,21Y000000000045A,entry,kWh/h,No injection in transmission network from Industiral clients,,,2025-02-20T13:19:03+01:00,,,,,,,,1,2021-10-01T01:00:00+02:00,,,,,
1Physical FlowhourBE-TSO-0001FNC-00034entrykWh/h2021-12-01T01:00:00Z2022-01-01T00:00:00Z_NA2126,1,Physical Flow,hour,2021-12-28T17:00:00+01:00,2021-12-28T18:00:00+01:00,BE-TSO-0001,21X-BE-A-A0A0A-Y,Fluxys Belgium,FNC-00034,Final consumers (BE) (Fluxys) Industrial clients L-zone,21Y000000000045A,entry,kWh/h,No injection in transmission network from Industiral clients,,,2025-02-20T13:19:03+01:00,,,,,,,,1,2021-10-01T01:00:00+02:00,,,,,
1Physical FlowhourBE-TSO-0001FNC-00034entrykWh/h2021-12-01T01:00:00Z2022-01-01T00:00:00Z_NA2127,1,Physical Flow,hour,2021-12-28T18:00:00+01:00,2021-12-28T19:00:00+01:00,BE-TSO-0001,21X-BE-A-A0A0A-Y,Fluxys Belgium,FNC-00034,Final consumers (BE) (Fluxys) Industrial clients L-zone,21Y000000000045A,entry,kWh/h,No injection in transmission network from Industiral clients,,,2025-02-20T13:19:03+01:00,,,,,,,,1,2021-10-01T01:00:00+02:00,,,,,
1Physical FlowhourBE-TSO-0001FNC-00034entrykWh/h2021-12-01T01:00:00Z2022-01-01T00:00:00Z_NA2128,1,Physical Flow,hour,2021-12-28T19:00:00+01:00,2021-12-28T20:00:00+01:00,BE-TSO-0001,21X-BE-A-A0A0A-Y,Fluxys Belgium,FNC-00034,Final consumers (BE) (Fluxys) Industrial clients L-zone,21Y000000000045A,entry,kWh/h,No injection in transmission network from Industiral clients,,,2025-02-20T13:19:03+01:00,,,,,,,,1,2021-10-01T01:00:00+02:00,,,,,
1Physical FlowhourBE-TSO-0001FNC-00034entrykWh/h2021-12-01T01:00:00Z2022-01-01T00:00:00Z_NA2129,1,Physical Flow,hour,2021-12-28T20:00:00+01:00,2021-12-28T21:00:00+01:00,BE-TSO-0001,21X-BE-A-A0A0A-Y,Fluxys Belgium,FNC-00034,Final consumers (BE) (Fluxys) Industrial clients L-zone,21Y000000000045A,entry,kWh/h,No injection in transmission network from Industiral clients,,,2025-02-20T13:19:03+01:00,,,,,,,,1,2021-10-01T01:00:00+02:00,,,,,
1Physical FlowhourBE-TSO-0001FNC-00034entrykWh/h2021-12-01T01:00:00Z2022-01-01T00:00:00Z_NA2130,1,Physical Flow,hour,2021-12-28T21:00:00+01:00,2021-12-28T22:00:00+01:00,BE-TSO-0001,21X-BE-A-A0A0A-Y,Fluxys Belgium,FNC-00034,Final consumers (BE) (Fluxys) Industrial clients L-zone,21Y000000000045A,entry,kWh/h,No injection in transmission network from Industiral clients,,,2025-02-20T13:19:03+01:00,,,,,,,,1,2021-10-01T01:00:00+02:00,,,,,
1Physical FlowhourBE-TSO-0001FNC-00034entrykWh/h2021-12-01T01:00:00Z2022-01-01T00:00:00Z_NA2131,1,Physical Flow,hour,2021-12-28T22:00:00+01:00,2021-12-28T23:00:00+01:00,BE-TSO-0001,21X-BE-A-A0A0A-Y,Fluxys Belgium,FNC-00034,Final consumers (BE) (Fluxys) Industrial clients L-zone,21Y000000000045A,entry,kWh/h,No injection in transmission network from Industiral clients,,,2025-02-20T13:19:03+01:00,,,,,,,,1,2021-10-01T01:00:00+02:00,,,,,
1Physical FlowhourBE-TSO-0001FNC-00034entrykWh/h2021-12-01T01:00:00Z2022-01-01T00:00:00Z_NA2132,1,Physical Flow,hour,2021-12-28T23:00:00+01:00,2021-12-29T00:00:00+01:00,BE-TSO-0001,21X-BE-A-A0A0A-Y,Fluxys Belgium,FNC-00034,Final consumers (BE) (Fluxys) Industrial clients L-zone,21Y000000000045A,entry,kWh/h,No injection in transmission network from Industiral clients,,,2025-02-20T13:19:03+01:00,,,,,,,,1,2021-10-01T01:00:00+02:00,,,,,
1Physical FlowhourBE-TSO-0001FNC-00034entrykWh/h2021-12-01T01:00:00Z2022-01-01T00:00:00Z_NA2133,1,Physical Flow,hour,2021-12-29T00:00:00+01:00,2021-12-29T01:00:00+01:00,BE-TSO-0001,21X-BE-A-A0A0A-Y,Fluxys Belgium,FNC-00034,Final consumers (BE) (Fluxys) Industrial clients L-zone,21Y000000000045A,entry,kWh/h,No injection in transmission network from Industiral clients,,,2025-02-20T13:19:03+01:00,,,,,,,,1,2021-10-01T01:00:00+02:00,,,,,
1Physical FlowhourBE-TSO-0001FNC-00034entrykWh/h2021-12-01T01:00:00Z2022-01-01T00:00:00Z_NA2134,1,Physical Flow,hour,2021-12-29T01:00:00+01:00,2021-12-29T02:00:00+01:00,BE-TSO-0001,21X-BE-A-A0A0A-Y,Fluxys Belgium,FNC-00034,Final consumers (BE) (Fluxys) Industrial clients L-zone,21Y000000000045A,entry,kWh/h,No injection in transmission network from Industiral clients,,,2025-02-20T13:19:03+01:00,,,,,,,,1,2021-10-01T01:00:00+02:00,,,,,
1Physical FlowhourBE-TSO-0001FNC-00034entrykWh/h2021-12-01T01:00:00Z2022-01-01T00:00:00Z_NA2135,1,Physical Flow,hour,2021-12-29T02:00:00+01:00,2021-12-29T03:00:00+01:00,BE-TSO-0001,21X-BE-A-A0A0A-Y,Fluxys Belgium,FNC-00034,Final consumers (BE) (Fluxys) Industrial clients L-zone,21Y000000000045A,entry,kWh/h,No injection in transmission network from Industiral clients,,,2025-02-20T13:19:03+01:00,,,,,,,,1,2021-10-01T01:00:00+02:00,,,,,
1Physical FlowhourBE-TSO-0001FNC-00034entrykWh/h2021-12-01T01:00:00Z2022-01-01T00:00:00Z_NA2136,1,Physical Flow,hour,2021-12-29T03:00:00+01:00,2021-12-29T04:00:00+01:00,BE-TSO-0001,21X-BE-A-A0A0A-Y,Fluxys Belgium,FNC-00034,Final consumers (BE) (Fluxys) Industrial clients L-zone,21Y000000000045A,entry,kWh/h,No injection in transmission network from Industiral clients,,,2025-02-20T13:19:03+01:00,,,,,,,,1,2021-10-01T01:00:00+02:00,,,,,
1Physical FlowhourBE-TSO-0001FNC-00034entrykWh/h2021-12-01T01:00:00Z2022-01-01T00:00:00Z_NA2137,1,Physical Flow,hour,2021-12-29T04:00:00+01:00,2021-12-29T05:00:00+01:00,BE-TSO-0001,21X-BE-A-A0A0A-Y,Fluxys Belgium,FNC-00034,Final consumers (BE) (Fluxys) Industrial clients L-zone,21Y000000000045A,entry,kWh/h,No injection in transmission network from Industiral clients,,,2025-02-20T13:19:03+01:00,,,,,,,,1,2021-10-01T01:00:00+02:00,,,,,
1Physical FlowhourBE-TSO-0001FNC-00034entrykWh/h2021-12-01T01:00:00Z2022-01-01T00:00:00Z_NA2138,1,Physical Flow,hour,2021-12-29T05:00:00+01:00,2021-12-29T06:00:00+01:00,BE-TSO-0001,21X-BE-A-A0A0A-Y,Fluxys Belgium,FNC-00034,Final consumers (BE) (Fluxys) Industrial clients L-zone,21Y000000000045A,entry,kWh/h,No injection in transmission network from Industiral clients,,,2025-02-20T13:19:03+01:00,,,,,,,,1,2021-10-01T01:00:00+02:00,,,,,
1Physical FlowhourBE-TSO-0001FNC-00034entrykWh/h2021-12-01T01:00:00Z2022-01-01T00:00:00Z_NA2139,1,Physical Flow,hour,2021-12-29T06:00:00+01:00,2021-12-29T07:00:00+01:00,BE-TSO-0001,21X-BE-A-A0A0A-Y,Fluxys Belgium,FNC-00034,Final consumers (BE) (Fluxys) Industrial clients L-zone,21Y000000000045A,entry,kWh/h,No injection in transmission network from Industiral clients,,,2025-02-20T13:19:03+01:00,,,,,,,,1,2021-10-01T01:00:00+02:00,,,,,
1Physical FlowhourBE-TSO-0001FNC-00034entrykWh/h2021-12-01T01:00:00Z2022-01-01T00:00:00Z_NA2140,1,Physical Flow,hour,2021-12-29T07:00:00+01:00,2021-12-29T08:00:00+01:00,BE-TSO-0001,21X-BE-A-A0A0A-Y,Fluxys Belgium,FNC-00034,Final consumers (BE) (Fluxys) Industrial clients L-zone,21Y000000000045A,entry,kWh/h,No injection in transmission network from Industiral clients,,,2025-02-20T13:19:03+01:00,,,,,,,,1,2021-10-01T01:00:00+02:00,,,,,
1Physical FlowhourBE-TSO-0001FNC-00034entrykWh/h2021-12-01T01:00:00Z2022-01-01T00:00:00Z_NA2141,1,Physical Flow,hour,2021-12-29T08:00:00+01:00,2021-12-29T09:00:00+01:00,BE-TSO-0001,21X-BE-A-A0A0A-Y,Fluxys Belgium,FNC-00034,Final consumers (BE) (Fluxys) Industrial clients L-zone,21Y000000000045A,entry,kWh/h,No injection in transmission network from Industiral clients,,,2025-02-20T13:19:03+01:00,,,,,,,,1,2021-10-01T01:00:00+02:00,,,,,
1Physical FlowhourBE-TSO-0001FNC-00034entrykWh/h2021-12-01T01:00:00Z2022-01-01T00:00:00Z_NA2142,1,Physical Flow,hour,2021-12-29T09:00:00+01:00,2021-12-29T10:00:00+01:00,BE-TSO-0001,21X-BE-A-A0A0A-Y,Fluxys Belgium,FNC-00034,Final consumers (BE) (Fluxys) Industrial clients L-zone,21Y000000000045A,entry,kWh/h,No injection in transmission network from Industiral clients,,,2025-02-20T13:19:03+01:00,,,,,,,,1,2021-10-01T01:00:00+02:00,,,,,
1Physical FlowhourBE-TSO-0001FNC-00034entrykWh/h2021-12-01T01:00:00Z2022-01-01T00:00:00Z_NA2143,1,Physical Flow,hour,2021-12-29T10:00:00+01:00,2021-12-29T11:00:00+01:00,BE-TSO-0001,21X-BE-A-A0A0A-Y,Fluxys Belgium,FNC-00034,Final consumers (BE) (Fluxys) Industrial clients L-zone,21Y000000000045A,entry,kWh/h,No injection in transmission network from Industiral clients,,,2025-02-20T13:19:03+01:00,,,,,,,,1,2021-10-01T01:00:00+02:00,,,,,
1Physical FlowhourBE-TSO-0001FNC-00034entrykWh/h2021-12-01T01:00:00Z2022-01-01T00:00:00Z_NA2144,1,Physical Flow,hour,2021-12-29T11:00:00+01:00,2021-12-29T12:00:00+01:00,BE-TSO-0001,21X-BE-A-A0A0A-Y,Fluxys Belgium,FNC-00034,Final consumers (BE) (Fluxys) Industrial clients L-zone,21Y000000000045A,entry,kWh/h,No injection in transmission network from Industiral clients,,,2025-02-20T13:19:03+01:00,,,,,,,,1,2021-10-01T01:00:00+02:00,,,,,
1Physical FlowhourBE-TSO-0001FNC-00034entrykWh/h2021-12-01T01:00:00Z2022-01-01T00:00:00Z_NA2145,1,Physical Flow,hour,2021-12-29T12:00:00+01:00,2021-12-29T13:00:00+01:00,BE-TSO-0001,21X-BE-A-A0A0A-Y,Fluxys Belgium,FNC-00034,Final consumers (BE) (Fluxys) Industrial clients L-zone,21Y000000000045A,entry,kWh/h,No injection in transmission network from Industiral clients,,,2025-02-20T13:19:03+01:00,,,,,,,,1,2021-10-01T01:00:00+02:00,,,,,
1Physical FlowhourBE-TSO-0001FNC-00034entrykWh/h2021-12-01T01:00:00Z2022-01-01T00:00:00Z_NA2146,1,Physical Flow,hour,2021-12-29T13:00:00+01:00,2021-12-29T14:00:00+01:00,BE-TSO-0001,21X-BE-A-A0A0A-Y,Fluxys Belgium,FNC-00034,Final consumers (BE) (Fluxys) Industrial clients L-zone,21Y000000000045A,entry,kWh/h,No injection in transmission network from Industiral clients,,,2025-02-20T13:19:03+01:00,,,,,,,,1,2021-10-01T01:00:00+02:00,,,,,
1Physical FlowhourBE-TSO-0001FNC-00034entrykWh/h2021-12-01T01:00:00Z2022-01-01T00:00:00Z_NA2147,1,Physical Flow,hour,2021-12-29T14:00:00+01:00,2021-12-29T15:00:00+01:00,BE-TSO-0001,21X-BE-A-A0A0A-Y,Fluxys Belgium,FNC-00034,Final consumers (BE) (Fluxys) Industrial clients L-zone,21Y000000000045A,entry,kWh/h,No injection in transmission network from Industiral clients,,,2025-02-20T13:19:03+01:00,,,,,,,,1,2021-10-01T01:00:00+02:00,,,,,
1Physical FlowhourBE-TSO-0001FNC-00034entrykWh/h2021-12-01T01:00:00Z2022-01-01T00:00:00Z_NA2148,1,Physical Flow,hour,2021-12-29T15:00:00+01:00,2021-12-29T16:00:00+01:00,BE-TSO-0001,21X-BE-A-A0A0A-Y,Fluxys Belgium,FNC-00034,Final consumers (BE) (Fluxys) Industrial clients L-zone,21Y000000000045A,entry,kWh/h,No injection in transmission network from Industiral clients,,,2025-02-20T13:19:03+01:00,,,,,,,,1,2021-10-01T01:00:00+02:00,,,,,
1Physical FlowhourBE-TSO-0001FNC-00034entrykWh/h2021-12-01T01:00:00Z2022-01-01T00:00:00Z_NA2149,1,Physical Flow,hour,2021-12-29T16:00:00+01:00,2021-12-29T17:00:00+01:00,BE-TSO-0001,21X-BE-A-A0A0A-Y,Fluxys Belgium,FNC-00034,Final consumers (BE) (Fluxys) Industrial clients L-zone,21Y000000000045A,entry,kWh/h,No injection in transmission network from Industiral clients,,,2025-02-20T13:19:03+01:00,,,,,,,,1,2021-10-01T01:00:00+02:00,,,,,
1Physical FlowhourBE-TSO-0001FNC-00034entrykWh/h2021-12-01T01:00:00Z2022-01-01T00:00:00Z_NA2150,1,Physical Flow,hour,2021-12-29T17:00:00+01:00,2021-12-29T18:00:00+01:00,BE-TSO-0001,21X-BE-A-A0A0A-Y,Fluxys Belgium,FNC-00034,Final consumers (BE) (Fluxys) Industrial clients L-zone,21Y000000000045A,entry,kWh/h,No injection in transmission network from Industiral clients,,,2025-02-20T13:19:03+01:00,,,,,,,,1,2021-10-01T01:00:00+02:00,,,,,
1Physical FlowhourBE-TSO-0001FNC-00034entrykWh/h2021-12-01T01:00:00Z2022-01-01T00:00:00Z_NA2151,1,Physical Flow,hour,2021-12-29T18:00:00+01:00,2021-12-29T19:00:00+01:00,BE-TSO-0001,21X-BE-A-A0A0A-Y,Fluxys Belgium,FNC-00034,Final consumers (BE) (Fluxys) Industrial clients L-zone,21Y000000000045A,entry,kWh/h,No injection in transmission network from Industiral clients,,,2025-02-20T13:19:03+01:00,,,,,,,,1,2021-10-01T01:00:00+02:00,,,,,
1Physical FlowhourBE-TSO-0001FNC-00034entrykWh/h2021-12-01T01:00:00Z2022-01-01T00:00:00Z_NA2152,1,Physical Flow,hour,2021-12-29T19:00:00+01:00,2021-12-29T20:00:00+01:00,BE-TSO-0001,21X-BE-A-A0A0A-Y,Fluxys Belgium,FNC-00034,Final consumers (BE) (Fluxys) Industrial clients L-zone,21Y000000000045A,entry,kWh/h,No injection in transmission network from Industiral clients,,,2025-02-20T13:19:03+01:00,,,,,,,,1,2021-10-01T01:00:00+02:00,,,,,
1Physical FlowhourBE-TSO-0001FNC-00034entrykWh/h2021-12-01T01:00:00Z2022-01-01T00:00:00Z_NA2153,1,Physical Flow,hour,2021-12-29T20:00:00+01:00,2021-12-29T21:00:00+01:00,BE-TSO-0001,21X-BE-A-A0A0A-Y,Fluxys Belgium,FNC-00034,Final consumers (BE) (Fluxys) Industrial clients L-zone,21Y000000000045A,entry,kWh/h,No injection in transmission network from Industiral clients,,,2025-02-20T13:19:03+01:00,,,,,,,,1,2021-10-01T01:00:00+02:00,,,,,
1Physical FlowhourBE-TSO-0001FNC-00034entrykWh/h2021-12-01T01:00:00Z2022-01-01T00:00:00Z_NA2154,1,Physical Flow,hour,2021-12-29T21:00:00+01:00,2021-12-29T22:00:00+01:00,BE-TSO-0001,21X-BE-A-A0A0A-Y,Fluxys Belgium,FNC-00034,Final consumers (BE) (Fluxys) Industrial clients L-zone,21Y000000000045A,entry,kWh/h,No injection in transmission network from Industiral clients,,,2025-02-20T13:19:03+01:00,,,,,,,,1,2021-10-01T01:00:00+02:00,,,,,
1Physical FlowhourBE-TSO-0001FNC-00034entrykWh/h2021-12-01T01:00:00Z2022-01-01T00:00:00Z_NA2155,1,Physical Flow,hour,2021-12-29T22:00:00+01:00,2021-12-29T23:00:00+01:00,BE-TSO-0001,21X-BE-A-A0A0A-Y,Fluxys Belgium,FNC-00034,Final consumers (BE) (Fluxys) Industrial clients L-zone,21Y000000000045A,entry,kWh/h,No injection in transmission network from Industiral clients,,,2025-02-20T13:19:03+01:00,,,,,,,,1,2021-10-01T01:00:00+02:00,,,,,
1Physical FlowhourBE-TSO-0001FNC-00034entrykWh/h2021-12-01T01:00:00Z2022-01-01T00:00:00Z_NA2156,1,Physical Flow,hour,2021-12-29T23:00:00+01:00,2021-12-30T00:00:00+01:00,BE-TSO-0001,21X-BE-A-A0A0A-Y,Fluxys Belgium,FNC-00034,Final consumers (BE) (Fluxys) Industrial clients L-zone,21Y000000000045A,entry,kWh/h,No injection in transmission network from Industiral clients,,,2025-02-20T13:19:03+01:00,,,,,,,,1,2021-10-01T01:00:00+02:00,,,,,
1Physical FlowhourBE-TSO-0001FNC-00034entrykWh/h2021-12-01T01:00:00Z2022-01-01T00:00:00Z_NA2157,1,Physical Flow,hour,2021-12-30T00:00:00+01:00,2021-12-30T01:00:00+01:00,BE-TSO-0001,21X-BE-A-A0A0A-Y,Fluxys Belgium,FNC-00034,Final consumers (BE) (Fluxys) Industrial clients L-zone,21Y000000000045A,entry,kWh/h,No injection in transmission network from Industiral clients,,,2025-02-20T13:19:03+01:00,,,,,,,,1,2021-10-01T01:00:00+02:00,,,,,
1Physical FlowhourBE-TSO-0001FNC-00034entrykWh/h2021-12-01T01:00:00Z2022-01-01T00:00:00Z_NA2158,1,Physical Flow,hour,2021-12-30T01:00:00+01:00,2021-12-30T02:00:00+01:00,BE-TSO-0001,21X-BE-A-A0A0A-Y,Fluxys Belgium,FNC-00034,Final consumers (BE) (Fluxys) Industrial clients L-zone,21Y000000000045A,entry,kWh/h,No injection in transmission network from Industiral clients,,,2025-02-20T13:19:03+01:00,,,,,,,,1,2021-10-01T01:00:00+02:00,,,,,
1Physical FlowhourBE-TSO-0001FNC-00034entrykWh/h2021-12-01T01:00:00Z2022-01-01T00:00:00Z_NA2159,1,Physical Flow,hour,2021-12-30T02:00:00+01:00,2021-12-30T03:00:00+01:00,BE-TSO-0001,21X-BE-A-A0A0A-Y,Fluxys Belgium,FNC-00034,Final consumers (BE) (Fluxys) Industrial clients L-zone,21Y000000000045A,entry,kWh/h,No injection in transmission network from Industiral clients,,,2025-02-20T13:19:03+01:00,,,,,,,,1,2021-10-01T01:00:00+02:00,,,,,
1Physical FlowhourBE-TSO-0001FNC-00034entrykWh/h2021-12-01T01:00:00Z2022-01-01T00:00:00Z_NA2160,1,Physical Flow,hour,2021-12-30T03:00:00+01:00,2021-12-30T04:00:00+01:00,BE-TSO-0001,21X-BE-A-A0A0A-Y,Fluxys Belgium,FNC-00034,Final consumers (BE) (Fluxys) Industrial clients L-zone,21Y000000000045A,entry,kWh/h,No injection in transmission network from Industiral clients,,,2025-02-20T13:19:03+01:00,,,,,,,,1,2021-10-01T01:00:00+02:00,,,,,
1Physical FlowhourBE-TSO-0001FNC-00034entrykWh/h2021-12-01T01:00:00Z2022-01-01T00:00:00Z_NA2161,1,Physical Flow,hour,2021-12-30T04:00:00+01:00,2021-12-30T05:00:00+01:00,BE-TSO-0001,21X-BE-A-A0A0A-Y,Fluxys Belgium,FNC-00034,Final consumers (BE) (Fluxys) Industrial clients L-zone,21Y000000000045A,entry,kWh/h,No injection in transmission network from Industiral clients,,,2025-02-20T13:19:03+01:00,,,,,,,,1,2021-10-01T01:00:00+02:00,,,,,
1Physical FlowhourBE-TSO-0001FNC-00034entrykWh/h2021-12-01T01:00:00Z2022-01-01T00:00:00Z_NA2162,1,Physical Flow,hour,2021-12-30T05:00:00+01:00,2021-12-30T06:00:00+01:00,BE-TSO-0001,21X-BE-A-A0A0A-Y,Fluxys Belgium,FNC-00034,Final consumers (BE) (Fluxys) Industrial clients L-zone,21Y000000000045A,entry,kWh/h,No injection in transmission network from Industiral clients,,,2025-02-20T13:19:03+01:00,,,,,,,,1,2021-10-01T01:00:00+02:00,,,,,
1Physical FlowhourBE-TSO-0001FNC-00034entrykWh/h2021-12-01T01:00:00Z2022-01-01T00:00:00Z_NA2163,1,Physical Flow,hour,2021-12-30T06:00:00+01:00,2021-12-30T07:00:00+01:00,BE-TSO-0001,21X-BE-A-A0A0A-Y,Fluxys Belgium,FNC-00034,Final consumers (BE) (Fluxys) Industrial clients L-zone,21Y000000000045A,entry,kWh/h,No injection in transmission network from Industiral clients,,,2025-02-20T13:19:03+01:00,,,,,,,,1,2021-10-01T01:00:00+02:00,,,,,
1Physical FlowhourBE-TSO-0001FNC-00034entrykWh/h2021-12-01T01:00:00Z2022-01-01T00:00:00Z_NA2164,1,Physical Flow,hour,2021-12-30T07:00:00+01:00,2021-12-30T08:00:00+01:00,BE-TSO-0001,21X-BE-A-A0A0A-Y,Fluxys Belgium,FNC-00034,Final consumers (BE) (Fluxys) Industrial clients L-zone,21Y000000000045A,entry,kWh/h,No injection in transmission network from Industiral clients,,,2025-02-20T13:19:03+01:00,,,,,,,,1,2021-10-01T01:00:00+02:00,,,,,
1Physical FlowhourBE-TSO-0001FNC-00034entrykWh/h2021-12-01T01:00:00Z2022-01-01T00:00:00Z_NA2165,1,Physical Flow,hour,2021-12-30T08:00:00+01:00,2021-12-30T09:00:00+01:00,BE-TSO-0001,21X-BE-A-A0A0A-Y,Fluxys Belgium,FNC-00034,Final consumers (BE) (Fluxys) Industrial clients L-zone,21Y000000000045A,entry,kWh/h,No injection in transmission network from Industiral clients,,,2025-02-20T13:19:03+01:00,,,,,,,,1,2021-10-01T01:00:00+02:00,,,,,
1Physical FlowhourBE-TSO-0001FNC-00034entrykWh/h2021-12-01T01:00:00Z2022-01-01T00:00:00Z_NA2166,1,Physical Flow,hour,2021-12-30T09:00:00+01:00,2021-12-30T10:00:00+01:00,BE-TSO-0001,21X-BE-A-A0A0A-Y,Fluxys Belgium,FNC-00034,Final consumers (BE) (Fluxys) Industrial clients L-zone,21Y000000000045A,entry,kWh/h,No injection in transmission network from Industiral clients,,,2025-02-20T13:19:03+01:00,,,,,,,,1,2021-10-01T01:00:00+02:00,,,,,
1Physical FlowhourBE-TSO-0001FNC-00034entrykWh/h2021-12-01T01:00:00Z2022-01-01T00:00:00Z_NA2167,1,Physical Flow,hour,2021-12-30T10:00:00+01:00,2021-12-30T11:00:00+01:00,BE-TSO-0001,21X-BE-A-A0A0A-Y,Fluxys Belgium,FNC-00034,Final consumers (BE) (Fluxys) Industrial clients L-zone,21Y000000000045A,entry,kWh/h,No injection in transmission network from Industiral clients,,,2025-02-20T13:19:03+01:00,,,,,,,,1,2021-10-01T01:00:00+02:00,,,,,
1Physical FlowhourBE-TSO-0001FNC-00034entrykWh/h2021-12-01T01:00:00Z2022-01-01T00:00:00Z_NA2168,1,Physical Flow,hour,2021-12-30T11:00:00+01:00,2021-12-30T12:00:00+01:00,BE-TSO-0001,21X-BE-A-A0A0A-Y,Fluxys Belgium,FNC-00034,Final consumers (BE) (Fluxys) Industrial clients L-zone,21Y000000000045A,entry,kWh/h,No injection in transmission network from Industiral clients,,,2025-02-20T13:19:03+01:00,,,,,,,,1,2021-10-01T01:00:00+02:00,,,,,
1Physical FlowhourBE-TSO-0001FNC-00034entrykWh/h2021-12-01T01:00:00Z2022-01-01T00:00:00Z_NA2169,1,Physical Flow,hour,2021-12-30T12:00:00+01:00,2021-12-30T13:00:00+01:00,BE-TSO-0001,21X-BE-A-A0A0A-Y,Fluxys Belgium,FNC-00034,Final consumers (BE) (Fluxys) Industrial clients L-zone,21Y000000000045A,entry,kWh/h,No injection in transmission network from Industiral clients,,,2025-02-20T13:19:03+01:00,,,,,,,,1,2021-10-01T01:00:00+02:00,,,,,
1Physical FlowhourBE-TSO-0001FNC-00034entrykWh/h2021-12-01T01:00:00Z2022-01-01T00:00:00Z_NA2170,1,Physical Flow,hour,2021-12-30T13:00:00+01:00,2021-12-30T14:00:00+01:00,BE-TSO-0001,21X-BE-A-A0A0A-Y,Fluxys Belgium,FNC-00034,Final consumers (BE) (Fluxys) Industrial clients L-zone,21Y000000000045A,entry,kWh/h,No injection in transmission network from Industiral clients,,,2025-02-20T13:19:03+01:00,,,,,,,,1,2021-10-01T01:00:00+02:00,,,,,
1Physical FlowhourBE-TSO-0001FNC-00034entrykWh/h2021-12-01T01:00:00Z2022-01-01T00:00:00Z_NA2171,1,Physical Flow,hour,2021-12-30T14:00:00+01:00,2021-12-30T15:00:00+01:00,BE-TSO-0001,21X-BE-A-A0A0A-Y,Fluxys Belgium,FNC-00034,Final consumers (BE) (Fluxys) Industrial clients L-zone,21Y000000000045A,entry,kWh/h,No injection in transmission network from Industiral clients,,,2025-02-20T13:19:03+01:00,,,,,,,,1,2021-10-01T01:00:00+02:00,,,,,
1Physical FlowhourBE-TSO-0001FNC-00034entrykWh/h2021-12-01T01:00:00Z2022-01-01T00:00:00Z_NA2172,1,Physical Flow,hour,2021-12-30T15:00:00+01:00,2021-12-30T16:00:00+01:00,BE-TSO-0001,21X-BE-A-A0A0A-Y,Fluxys Belgium,FNC-00034,Final consumers (BE) (Fluxys) Industrial clients L-zone,21Y000000000045A,entry,kWh/h,No injection in transmission network from Industiral clients,,,2025-02-20T13:19:03+01:00,,,,,,,,1,2021-10-01T01:00:00+02:00,,,,,
1Physical FlowhourBE-TSO-0001FNC-00034entrykWh/h2021-12-01T01:00:00Z2022-01-01T00:00:00Z_NA2173,1,Physical Flow,hour,2021-12-30T16:00:00+01:00,2021-12-30T17:00:00+01:00,BE-TSO-0001,21X-BE-A-A0A0A-Y,Fluxys Belgium,FNC-00034,Final consumers (BE) (Fluxys) Industrial clients L-zone,21Y000000000045A,entry,kWh/h,No injection in transmission network from Industiral clients,,,2025-02-20T13:19:03+01:00,,,,,,,,1,2021-10-01T01:00:00+02:00,,,,,
1Physical FlowhourBE-TSO-0001FNC-00034entrykWh/h2021-12-01T01:00:00Z2022-01-01T00:00:00Z_NA2174,1,Physical Flow,hour,2021-12-30T17:00:00+01:00,2021-12-30T18:00:00+01:00,BE-TSO-0001,21X-BE-A-A0A0A-Y,Fluxys Belgium,FNC-00034,Final consumers (BE) (Fluxys) Industrial clients L-zone,21Y000000000045A,entry,kWh/h,No injection in transmission network from Industiral clients,,,2025-02-20T13:19:03+01:00,,,,,,,,1,2021-10-01T01:00:00+02:00,,,,,
1Physical FlowhourBE-TSO-0001FNC-00034entrykWh/h2021-12-01T01:00:00Z2022-01-01T00:00:00Z_NA2175,1,Physical Flow,hour,2021-12-30T18:00:00+01:00,2021-12-30T19:00:00+01:00,BE-TSO-0001,21X-BE-A-A0A0A-Y,Fluxys Belgium,FNC-00034,Final consumers (BE) (Fluxys) Industrial clients L-zone,21Y000000000045A,entry,kWh/h,No injection in transmission network from Industiral clients,,,2025-02-20T13:19:03+01:00,,,,,,,,1,2021-10-01T01:00:00+02:00,,,,,
1Physical FlowhourBE-TSO-0001FNC-00034entrykWh/h2021-12-01T01:00:00Z2022-01-01T00:00:00Z_NA2176,1,Physical Flow,hour,2021-12-30T19:00:00+01:00,2021-12-30T20:00:00+01:00,BE-TSO-0001,21X-BE-A-A0A0A-Y,Fluxys Belgium,FNC-00034,Final consumers (BE) (Fluxys) Industrial clients L-zone,21Y000000000045A,entry,kWh/h,No injection in transmission network from Industiral clients,,,2025-02-20T13:19:03+01:00,,,,,,,,1,2021-10-01T01:00:00+02:00,,,,,
1Physical FlowhourBE-TSO-0001FNC-00034entrykWh/h2021-12-01T01:00:00Z2022-01-01T00:00:00Z_NA2177,1,Physical Flow,hour,2021-12-30T20:00:00+01:00,2021-12-30T21:00:00+01:00,BE-TSO-0001,21X-BE-A-A0A0A-Y,Fluxys Belgium,FNC-00034,Final consumers (BE) (Fluxys) Industrial clients L-zone,21Y000000000045A,entry,kWh/h,No injection in transmission network from Industiral clients,,,2025-02-20T13:19:03+01:00,,,,,,,,1,2021-10-01T01:00:00+02:00,,,,,
1Physical FlowhourBE-TSO-0001FNC-00034entrykWh/h2021-12-01T01:00:00Z2022-01-01T00:00:00Z_NA2178,1,Physical Flow,hour,2021-12-30T21:00:00+01:00,2021-12-30T22:00:00+01:00,BE-TSO-0001,21X-BE-A-A0A0A-Y,Fluxys Belgium,FNC-00034,Final consumers (BE) (Fluxys) Industrial clients L-zone,21Y000000000045A,entry,kWh/h,No injection in transmission network from Industiral clients,,,2025-02-20T13:19:03+01:00,,,,,,,,1,2021-10-01T01:00:00+02:00,,,,,
1Physical FlowhourBE-TSO-0001FNC-00034entrykWh/h2021-12-01T01:00:00Z2022-01-01T00:00:00Z_NA2179,1,Physical Flow,hour,2021-12-30T22:00:00+01:00,2021-12-30T23:00:00+01:00,BE-TSO-0001,21X-BE-A-A0A0A-Y,Fluxys Belgium,FNC-00034,Final consumers (BE) (Fluxys) Industrial clients L-zone,21Y000000000045A,entry,kWh/h,No injection in transmission network from Industiral clients,,,2025-02-20T13:19:03+01:00,,,,,,,,1,2021-10-01T01:00:00+02:00,,,,,
1Physical FlowhourBE-TSO-0001FNC-00034entrykWh/h2021-12-01T01:00:00Z2022-01-01T00:00:00Z_NA2180,1,Physical Flow,hour,2021-12-30T23:00:00+01:00,2021-12-31T00:00:00+01:00,BE-TSO-0001,21X-BE-A-A0A0A-Y,Fluxys Belgium,FNC-00034,Final consumers (BE) (Fluxys) Industrial clients L-zone,21Y000000000045A,entry,kWh/h,No injection in transmission network from Industiral clients,,,2025-02-20T13:19:03+01:00,,,,,,,,1,2021-10-01T01:00:00+02:00,,,,,
1Physical FlowhourBE-TSO-0001FNC-00034entrykWh/h2021-12-01T01:00:00Z2022-01-01T00:00:00Z_NA2181,1,Physical Flow,hour,2021-12-31T00:00:00+01:00,2021-12-31T01:00:00+01:00,BE-TSO-0001,21X-BE-A-A0A0A-Y,Fluxys Belgium,FNC-00034,Final consumers (BE) (Fluxys) Industrial clients L-zone,21Y000000000045A,entry,kWh/h,No injection in transmission network from Industiral clients,,,2025-02-20T13:19:03+01:00,,,,,,,,1,2021-10-01T01:00:00+02:00,,,,,
1Physical FlowhourBE-TSO-0001FNC-00034entrykWh/h2021-12-01T01:00:00Z2022-01-01T00:00:00Z_NA2182,1,Physical Flow,hour,2021-12-31T01:00:00+01:00,2021-12-31T02:00:00+01:00,BE-TSO-0001,21X-BE-A-A0A0A-Y,Fluxys Belgium,FNC-00034,Final consumers (BE) (Fluxys) Industrial clients L-zone,21Y000000000045A,entry,kWh/h,No injection in transmission network from Industiral clients,,,2025-02-20T13:19:03+01:00,,,,,,,,1,2021-10-01T01:00:00+02:00,,,,,
1Physical FlowhourBE-TSO-0001FNC-00034entrykWh/h2021-12-01T01:00:00Z2022-01-01T00:00:00Z_NA2183,1,Physical Flow,hour,2021-12-31T02:00:00+01:00,2021-12-31T03:00:00+01:00,BE-TSO-0001,21X-BE-A-A0A0A-Y,Fluxys Belgium,FNC-00034,Final consumers (BE) (Fluxys) Industrial clients L-zone,21Y000000000045A,entry,kWh/h,No injection in transmission network from Industiral clients,,,2025-02-20T13:19:03+01:00,,,,,,,,1,2021-10-01T01:00:00+02:00,,,,,
