id,dataSet,indicator,periodType,periodFrom,periodTo,operatorKey,tsoEicCode,operatorLabel,pointKey,pointLabel,tsoItemIdentifier,directionKey,unit,itemRemarks,generalRemarks,value,lastUpdateDateTime,isUnlimited,flowStatus,interruptionType,restorationInformation,capacityType,capacityBookingStatus,isCamRelevant,isNA,originalPeriodFrom,isCmpRelevant,bookingPlatformKey,bookingPlatformLabel,bookingPlatformURL,interruptionCalculationRemark,pointType,idPointType,isArchived
1Physical Flowhour2021-01-01 05:00:00 +00:002021-01-01 06:00:00 +00:00BE-TSO-0001VTP-00029exitkWh/h,1,Physical Flow,hour,2021-01-01T06:00:00+01:00,2021-01-01T07:00:00+01:00,BE-TSO-0001,21X-BE-A-A0A0A-Y,Fluxys Belgium,VTP-00029,Zeebrugge Beach,21Z0000000000090,exit,kWh/h,,,15143329,2021-03-30T00:27:09+02:00,,Confirmed,,,,,False,,,False,PRISMA,,https://platform.prisma-capacity.eu/,,Trading Point,9,False
1Physical Flowhour2021-01-01 06:00:00 +00:002021-01-01 07:00:00 +00:00BE-TSO-0001VTP-00029exitkWh/h,1,Physical Flow,hour,2021-01-01T07:00:00+01:00,2021-01-01T08:00:00+01:00,BE-TSO-0001,21X-BE-A-A0A0A-Y,Fluxys Belgium,VTP-00029,Zeebrugge Beach,21Z0000000000090,exit,kWh/h,,,14998288,2021-03-30T00:27:09+02:00,,Confirmed,,,,,False,,,False,PRISMA,,https://platform.prisma-capacity.eu/,,Trading Point,9,False
1Physical Flowhour2021-01-01 07:00:00 +00:002021-01-01 08:00:00 +00:00BE-TSO-0001VTP-00029exitkWh/h,1,Physical Flow,hour,2021-01-01T08:00:00+01:00,2021-01-01T09:00:00+01:00,BE-TSO-0001,21X-BE-A-A0A0A-Y,Fluxys Belgium,VTP-00029,Zeebrugge Beach,21Z0000000000090,exit,kWh/h,,,14999500,2021-03-30T00:27:09+02:00,,Confirmed,,,,,False,,,False,PRISMA,,https://platform.prisma-capacity.eu/,,Trading Point,9,False
1Physical Flowhour2021-01-01 08:00:00 +00:002021-01-01 09:00:00 +00:00BE-TSO-0001VTP-00029exitkWh/h,1,Physical Flow,hour,2021-01-01T09:00:00+01:00,2021-01-01T10:00:00+01:00,BE-TSO-0001,21X-BE-A-A0A0A-Y,Fluxys Belgium,VTP-00029,Zeebrugge Beach,21Z0000000000090,exit,kWh/h,,,15002453,2021-03-30T00:27:09+02:00,,Confirmed,,,,,False,,,False,PRISMA,,https://platform.prisma-capacity.eu/,,Trading Point,9,False
1Physical Flowhour2021-01-01 09:00:00 +00:002021-01-01 10:00:00 +00:00BE-TSO-0001VTP-00029exitkWh/h,1,Physical Flow,hour,2021-01-01T10:00:00+01:00,2021-01-01T11:00:00+01:00,BE-TSO-0001,21X-BE-A-A0A0A-Y,Fluxys Belgium,VTP-00029,Zeebrugge Beach,21Z0000000000090,exit,kWh/h,,,15001401,2021-03-30T00:27:09+02:00,,Confirmed,,,,,False,,,False,PRISMA,,https://platform.prisma-capacity.eu/,,Trading Point,9,False
1Physical Flowhour2021-01-01 10:00:00 +00:002021-01-01 11:00:00 +00:00BE-TSO-0001VTP-00029exitkWh/h,1,Physical Flow,hour,2021-01-01T11:00:00+01:00,2021-01-01T12:00:00+01:00,BE-TSO-0001,21X-BE-A-A0A0A-Y,Fluxys Belgium,VTP-00029,Zeebrugge Beach,21Z0000000000090,exit,kWh/h,,,14997549,2021-03-30T00:27:09+02:00,,Confirmed,,,,,False,,,False,PRISMA,,https://platform.prisma-capacity.eu/,,Trading Point,9,False
1Physical Flowhour2021-01-01 11:00:00 +00:002021-01-01 12:00:00 +00:00BE-TSO-0001VTP-00029exitkWh/h,1,Physical Flow,hour,2021-01-01T12:00:00+01:00,2021-01-01T13:00:00+01:00,BE-TSO-0001,21X-BE-A-A0A0A-Y,Fluxys Belgium,VTP-00029,Zeebrugge Beach,21Z0000000000090,exit,kWh/h,,,15003103,2021-03-30T00:27:09+02:00,,Confirmed,,,,,False,,,False,PRISMA,,https://platform.prisma-capacity.eu/,,Trading Point,9,False
1Physical Flowhour2021-01-01 12:00:00 +00:002021-01-01 13:00:00 +00:00BE-TSO-0001VTP-00029exitkWh/h,1,Physical Flow,hour,2021-01-01T13:00:00+01:00,2021-01-01T14:00:00+01:00,BE-TSO-0001,21X-BE-A-A0A0A-Y,Fluxys Belgium,VTP-00029,Zeebrugge Beach,21Z0000000000090,exit,kWh/h,,,15001030,2021-03-30T00:27:09+02:00,,Confirmed,,,,,False,,,False,PRISMA,,https://platform.prisma-capacity.eu/,,Trading Point,9,False
1Physical Flowhour2021-01-01 13:00:00 +00:002021-01-01 14:00:00 +00:00BE-TSO-0001VTP-00029exitkWh/h,1,Physical Flow,hour,2021-01-01T14:00:00+01:00,2021-01-01T15:00:00+01:00,BE-TSO-0001,21X-BE-A-A0A0A-Y,Fluxys Belgium,VTP-00029,Zeebrugge Beach,21Z0000000000090,exit,kWh/h,,,15000802,2021-03-30T00:27:09+02:00,,Confirmed,,,,,False,,,False,PRISMA,,https://platform.prisma-capacity.eu/,,Trading Point,9,False
1Physical Flowhour2021-01-01 14:00:00 +00:002021-01-01 15:00:00 +00:00BE-TSO-0001VTP-00029exitkWh/h,1,Physical Flow,hour,2021-01-01T15:00:00+01:00,2021-01-01T16:00:00+01:00,BE-TSO-0001,21X-BE-A-A0A0A-Y,Fluxys Belgium,VTP-00029,Zeebrugge Beach,21Z0000000000090,exit,kWh/h,,,14582565,2021-03-30T00:27:09+02:00,,Confirmed,,,,,False,,,False,PRISMA,,https://platform.prisma-capacity.eu/,,Trading Point,9,False
1Physical Flowhour2021-01-01 15:00:00 +00:002021-01-01 16:00:00 +00:00BE-TSO-0001VTP-00029exitkWh/h,1,Physical Flow,hour,2021-01-01T16:00:00+01:00,2021-01-01T17:00:00+01:00,BE-TSO-0001,21X-BE-A-A0A0A-Y,Fluxys Belgium,VTP-00029,Zeebrugge Beach,21Z0000000000090,exit,kWh/h,,,13276595,2021-03-30T00:27:09+02:00,,Confirmed,,,,,False,,,False,PRISMA,,https://platform.prisma-capacity.eu/,,Trading Point,9,False
1Physical Flowhour2021-01-01 16:00:00 +00:002021-01-01 17:00:00 +00:00BE-TSO-0001VTP-00029exitkWh/h,1,Physical Flow,hour,2021-01-01T17:00:00+01:00,2021-01-01T18:00:00+01:00,BE-TSO-0001,21X-BE-A-A0A0A-Y,Fluxys Belgium,VTP-00029,Zeebrugge Beach,21Z0000000000090,exit,kWh/h,,,37132,2021-03-30T00:27:09+02:00,,Confirmed,,,,,False,,,False,PRISMA,,https://platform.prisma-capacity.eu/,,Trading Point,9,False
1Physical Flowhour2021-01-01 17:00:00 +00:002021-01-01 18:00:00 +00:00BE-TSO-0001VTP-00029exitkWh/h,1,Physical Flow,hour,2021-01-01T18:00:00+01:00,2021-01-01T19:00:00+01:00,BE-TSO-0001,21X-BE-A-A0A0A-Y,Fluxys Belgium,VTP-00029,Zeebrugge Beach,21Z0000000000090,exit,kWh/h,,,25427,2021-03-30T00:27:09+02:00,,Confirmed,,,,,False,,,False,PRISMA,,https://platform.prisma-capacity.eu/,,Trading Point,9,False
1Physical Flowhour2021-01-01 18:00:00 +00:002021-01-01 19:00:00 +00:00BE-TSO-0001VTP-00029exitkWh/h,1,Physical Flow,hour,2021-01-01T19:00:00+01:00,2021-01-01T20:00:00+01:00,BE-TSO-0001,21X-BE-A-A0A0A-Y,Fluxys Belgium,VTP-00029,Zeebrugge Beach,21Z0000000000090,exit,kWh/h,,,27770,2021-03-30T00:27:09+02:00,,Confirmed,,,,,False,,,False,PRISMA,,https://platform.prisma-capacity.eu/,,Trading Point,9,False
1Physical Flowhour2021-01-01 19:00:00 +00:002021-01-01 20:00:00 +00:00BE-TSO-0001VTP-00029exitkWh/h,1,Physical Flow,hour,2021-01-01T20:00:00+01:00,2021-01-01T21:00:00+01:00,BE-TSO-0001,21X-BE-A-A0A0A-Y,Fluxys Belgium,VTP-00029,Zeebrugge Beach,21Z0000000000090,exit,kWh/h,,,16904030,2021-03-30T00:27:09+02:00,,Confirmed,,,,,False,,,False,PRISMA,,https://platform.prisma-capacity.eu/,,Trading Point,9,False
1Physical Flowhour2021-01-01 20:00:00 +00:002021-01-01 21:00:00 +00:00BE-TSO-0001VTP-00029exitkWh/h,1,Physical Flow,hour,2021-01-01T21:00:00+01:00,2021-01-01T22:00:00+01:00,BE-TSO-0001,21X-BE-A-A0A0A-Y,Fluxys Belgium,VTP-00029,Zeebrugge Beach,21Z0000000000090,exit,kWh/h,,,22299209,2021-03-30T00:27:09+02:00,,Confirmed,,,,,False,,,False,PRISMA,,https://platform.prisma-capacity.eu/,,Trading Point,9,False
1Physical Flowhour2021-01-01 21:00:00 +00:002021-01-01 22:00:00 +00:00BE-TSO-0001VTP-00029exitkWh/h,1,Physical Flow,hour,2021-01-01T22:00:00+01:00,2021-01-01T23:00:00+01:00,BE-TSO-0001,21X-BE-A-A0A0A-Y,Fluxys Belgium,VTP-00029,Zeebrugge Beach,21Z0000000000090,exit,kWh/h,,,22154481,2021-03-30T00:27:09+02:00,,Confirmed,,,,,False,,,False,PRISMA,,https://platform.prisma-capacity.eu/,,Trading Point,9,False
1Physical Flowhour2021-01-01 22:00:00 +00:002021-01-01 23:00:00 +00:00BE-TSO-0001VTP-00029exitkWh/h,1,Physical Flow,hour,2021-01-01T23:00:00+01:00,2021-01-02T00:00:00+01:00,BE-TSO-0001,21X-BE-A-A0A0A-Y,Fluxys Belgium,VTP-00029,Zeebrugge Beach,21Z0000000000090,exit,kWh/h,,,21031528,2021-03-30T00:27:09+02:00,,Confirmed,,,,,False,,,False,PRISMA,,https://platform.prisma-capacity.eu/,,Trading Point,9,False
1Physical Flowhour2021-01-01 23:00:00 +00:002021-01-02 00:00:00 +00:00BE-TSO-0001VTP-00029exitkWh/h,1,Physical Flow,hour,2021-01-02T00:00:00+01:00,2021-01-02T01:00:00+01:00,BE-TSO-0001,21X-BE-A-A0A0A-Y,Fluxys Belgium,VTP-00029,Zeebrugge Beach,21Z0000000000090,exit,kWh/h,,,20976187,2021-03-30T00:27:09+02:00,,Confirmed,,,,,False,,,False,PRISMA,,https://platform.prisma-capacity.eu/,,Trading Point,9,False
1Physical Flowhour2021-01-02 00:00:00 +00:002021-01-02 01:00:00 +00:00BE-TSO-0001VTP-00029exitkWh/h,1,Physical Flow,hour,2021-01-02T01:00:00+01:00,2021-01-02T02:00:00+01:00,BE-TSO-0001,21X-BE-A-A0A0A-Y,Fluxys Belgium,VTP-00029,Zeebrugge Beach,21Z0000000000090,exit,kWh/h,,,24555160,2021-03-30T00:27:09+02:00,,Confirmed,,,,,False,,,False,PRISMA,,https://platform.prisma-capacity.eu/,,Trading Point,9,False
1Physical Flowhour2021-01-02 01:00:00 +00:002021-01-02 02:00:00 +00:00BE-TSO-0001VTP-00029exitkWh/h,1,Physical Flow,hour,2021-01-02T02:00:00+01:00,2021-01-02T03:00:00+01:00,BE-TSO-0001,21X-BE-A-A0A0A-Y,Fluxys Belgium,VTP-00029,Zeebrugge Beach,21Z0000000000090,exit,kWh/h,,,25757859,2021-03-30T00:27:09+02:00,,Confirmed,,,,,False,,,False,PRISMA,,https://platform.prisma-capacity.eu/,,Trading Point,9,False
1Physical Flowhour2021-01-02 02:00:00 +00:002021-01-02 03:00:00 +00:00BE-TSO-0001VTP-00029exitkWh/h,1,Physical Flow,hour,2021-01-02T03:00:00+01:00,2021-01-02T04:00:00+01:00,BE-TSO-0001,21X-BE-A-A0A0A-Y,Fluxys Belgium,VTP-00029,Zeebrugge Beach,21Z0000000000090,exit,kWh/h,,,25210601,2021-03-30T00:27:09+02:00,,Confirmed,,,,,False,,,False,PRISMA,,https://platform.prisma-capacity.eu/,,Trading Point,9,False
1Physical Flowhour2021-01-02 03:00:00 +00:002021-01-02 04:00:00 +00:00BE-TSO-0001VTP-00029exitkWh/h,1,Physical Flow,hour,2021-01-02T04:00:00+01:00,2021-01-02T05:00:00+01:00,BE-TSO-0001,21X-BE-A-A0A0A-Y,Fluxys Belgium,VTP-00029,Zeebrugge Beach,21Z0000000000090,exit,kWh/h,,,25382448,2021-03-30T00:27:09+02:00,,Confirmed,,,,,False,,,False,PRISMA,,https://platform.prisma-capacity.eu/,,Trading Point,9,False
1Physical Flowhour2021-01-02 04:00:00 +00:002021-01-02 05:00:00 +00:00BE-TSO-0001VTP-00029exitkWh/h,1,Physical Flow,hour,2021-01-02T05:00:00+01:00,2021-01-02T06:00:00+01:00,BE-TSO-0001,21X-BE-A-A0A0A-Y,Fluxys Belgium,VTP-00029,Zeebrugge Beach,21Z0000000000090,exit,kWh/h,,,24832488,2021-03-30T00:27:09+02:00,,Confirmed,,,,,False,,,False,PRISMA,,https://platform.prisma-capacity.eu/,,Trading Point,9,False
1Physical Flowhour2021-01-02 05:00:00 +00:002021-01-02 06:00:00 +00:00BE-TSO-0001VTP-00029exitkWh/h,1,Physical Flow,hour,2021-01-02T06:00:00+01:00,2021-01-02T07:00:00+01:00,BE-TSO-0001,21X-BE-A-A0A0A-Y,Fluxys Belgium,VTP-00029,Zeebrugge Beach,21Z0000000000090,exit,kWh/h,,,14200882,2021-03-30T00:27:09+02:00,,Confirmed,,,,,False,,,False,PRISMA,,https://platform.prisma-capacity.eu/,,Trading Point,9,False
1Physical Flowhour2021-01-02 06:00:00 +00:002021-01-02 07:00:00 +00:00BE-TSO-0001VTP-00029exitkWh/h,1,Physical Flow,hour,2021-01-02T07:00:00+01:00,2021-01-02T08:00:00+01:00,BE-TSO-0001,21X-BE-A-A0A0A-Y,Fluxys Belgium,VTP-00029,Zeebrugge Beach,21Z0000000000090,exit,kWh/h,,,14028268,2021-03-30T00:27:09+02:00,,Confirmed,,,,,False,,,False,PRISMA,,https://platform.prisma-capacity.eu/,,Trading Point,9,False
1Physical Flowhour2021-01-02 07:00:00 +00:002021-01-02 08:00:00 +00:00BE-TSO-0001VTP-00029exitkWh/h,1,Physical Flow,hour,2021-01-02T08:00:00+01:00,2021-01-02T09:00:00+01:00,BE-TSO-0001,21X-BE-A-A0A0A-Y,Fluxys Belgium,VTP-00029,Zeebrugge Beach,21Z0000000000090,exit,kWh/h,,,14174460,2021-03-30T00:27:09+02:00,,Confirmed,,,,,False,,,False,PRISMA,,https://platform.prisma-capacity.eu/,,Trading Point,9,False
1Physical Flowhour2021-01-02 08:00:00 +00:002021-01-02 09:00:00 +00:00BE-TSO-0001VTP-00029exitkWh/h,1,Physical Flow,hour,2021-01-02T09:00:00+01:00,2021-01-02T10:00:00+01:00,BE-TSO-0001,21X-BE-A-A0A0A-Y,Fluxys Belgium,VTP-00029,Zeebrugge Beach,21Z0000000000090,exit,kWh/h,,,13987818,2021-03-30T00:27:09+02:00,,Confirmed,,,,,False,,,False,PRISMA,,https://platform.prisma-capacity.eu/,,Trading Point,9,False
1Physical Flowhour2021-01-02 09:00:00 +00:002021-01-02 10:00:00 +00:00BE-TSO-0001VTP-00029exitkWh/h,1,Physical Flow,hour,2021-01-02T10:00:00+01:00,2021-01-02T11:00:00+01:00,BE-TSO-0001,21X-BE-A-A0A0A-Y,Fluxys Belgium,VTP-00029,Zeebrugge Beach,21Z0000000000090,exit,kWh/h,,,14043665,2021-03-30T00:27:09+02:00,,Confirmed,,,,,False,,,False,PRISMA,,https://platform.prisma-capacity.eu/,,Trading Point,9,False
1Physical Flowhour2021-01-02 10:00:00 +00:002021-01-02 11:00:00 +00:00BE-TSO-0001VTP-00029exitkWh/h,1,Physical Flow,hour,2021-01-02T11:00:00+01:00,2021-01-02T12:00:00+01:00,BE-TSO-0001,21X-BE-A-A0A0A-Y,Fluxys Belgium,VTP-00029,Zeebrugge Beach,21Z0000000000090,exit,kWh/h,,,14062743,2021-03-30T00:27:09+02:00,,Confirmed,,,,,False,,,False,PRISMA,,https://platform.prisma-capacity.eu/,,Trading Point,9,False
1Physical Flowhour2021-01-02 11:00:00 +00:002021-01-02 12:00:00 +00:00BE-TSO-0001VTP-00029exitkWh/h,1,Physical Flow,hour,2021-01-02T12:00:00+01:00,2021-01-02T13:00:00+01:00,BE-TSO-0001,21X-BE-A-A0A0A-Y,Fluxys Belgium,VTP-00029,Zeebrugge Beach,21Z0000000000090,exit,kWh/h,,,14102198,2021-03-30T00:27:09+02:00,,Confirmed,,,,,False,,,False,PRISMA,,https://platform.prisma-capacity.eu/,,Trading Point,9,False
1Physical Flowhour2021-01-02 12:00:00 +00:002021-01-02 13:00:00 +00:00BE-TSO-0001VTP-00029exitkWh/h,1,Physical Flow,hour,2021-01-02T13:00:00+01:00,2021-01-02T14:00:00+01:00,BE-TSO-0001,21X-BE-A-A0A0A-Y,Fluxys Belgium,VTP-00029,Zeebrugge Beach,21Z0000000000090,exit,kWh/h,,,14014790,2021-03-30T00:27:09+02:00,,Confirmed,,,,,False,,,False,PRISMA,,https://platform.prisma-capacity.eu/,,Trading Point,9,False
1Physical Flowhour2021-01-02 13:00:00 +00:002021-01-02 14:00:00 +00:00BE-TSO-0001VTP-00029exitkWh/h,1,Physical Flow,hour,2021-01-02T14:00:00+01:00,2021-01-02T15:00:00+01:00,BE-TSO-0001,21X-BE-A-A0A0A-Y,Fluxys Belgium,VTP-00029,Zeebrugge Beach,21Z0000000000090,exit,kWh/h,,,15249803,2021-03-30T00:27:09+02:00,,Confirmed,,,,,False,,,False,PRISMA,,https://platform.prisma-capacity.eu/,,Trading Point,9,False
1Physical Flowhour2021-01-02 14:00:00 +00:002021-01-02 15:00:00 +00:00BE-TSO-0001VTP-00029exitkWh/h,1,Physical Flow,hour,2021-01-02T15:00:00+01:00,2021-01-02T16:00:00+01:00,BE-TSO-0001,21X-BE-A-A0A0A-Y,Fluxys Belgium,VTP-00029,Zeebrugge Beach,21Z0000000000090,exit,kWh/h,,,15318932,2021-03-30T00:27:09+02:00,,Confirmed,,,,,False,,,False,PRISMA,,https://platform.prisma-capacity.eu/,,Trading Point,9,False
1Physical Flowhour2021-01-02 15:00:00 +00:002021-01-02 16:00:00 +00:00BE-TSO-0001VTP-00029exitkWh/h,1,Physical Flow,hour,2021-01-02T16:00:00+01:00,2021-01-02T17:00:00+01:00,BE-TSO-0001,21X-BE-A-A0A0A-Y,Fluxys Belgium,VTP-00029,Zeebrugge Beach,21Z0000000000090,exit,kWh/h,,,15252780,2021-03-30T00:27:09+02:00,,Confirmed,,,,,False,,,False,PRISMA,,https://platform.prisma-capacity.eu/,,Trading Point,9,False
1Physical Flowhour2021-01-02 16:00:00 +00:002021-01-02 17:00:00 +00:00BE-TSO-0001VTP-00029exitkWh/h,1,Physical Flow,hour,2021-01-02T17:00:00+01:00,2021-01-02T18:00:00+01:00,BE-TSO-0001,21X-BE-A-A0A0A-Y,Fluxys Belgium,VTP-00029,Zeebrugge Beach,21Z0000000000090,exit,kWh/h,,,14781045,2021-03-30T00:27:09+02:00,,Confirmed,,,,,False,,,False,PRISMA,,https://platform.prisma-capacity.eu/,,Trading Point,9,False
1Physical Flowhour2021-01-02 17:00:00 +00:002021-01-02 18:00:00 +00:00BE-TSO-0001VTP-00029exitkWh/h,1,Physical Flow,hour,2021-01-02T18:00:00+01:00,2021-01-02T19:00:00+01:00,BE-TSO-0001,21X-BE-A-A0A0A-Y,Fluxys Belgium,VTP-00029,Zeebrugge Beach,21Z0000000000090,exit,kWh/h,,,18675912,2021-03-30T00:27:09+02:00,,Confirmed,,,,,False,,,False,PRISMA,,https://platform.prisma-capacity.eu/,,Trading Point,9,False
1Physical Flowhour2021-01-02 18:00:00 +00:002021-01-02 19:00:00 +00:00BE-TSO-0001VTP-00029exitkWh/h,1,Physical Flow,hour,2021-01-02T19:00:00+01:00,2021-01-02T20:00:00+01:00,BE-TSO-0001,21X-BE-A-A0A0A-Y,Fluxys Belgium,VTP-00029,Zeebrugge Beach,21Z0000000000090,exit,kWh/h,,,15830860,2021-03-30T00:27:09+02:00,,Confirmed,,,,,False,,,False,PRISMA,,https://platform.prisma-capacity.eu/,,Trading Point,9,False
1Physical Flowhour2021-01-02 19:00:00 +00:002021-01-02 20:00:00 +00:00BE-TSO-0001VTP-00029exitkWh/h,1,Physical Flow,hour,2021-01-02T20:00:00+01:00,2021-01-02T21:00:00+01:00,BE-TSO-0001,21X-BE-A-A0A0A-Y,Fluxys Belgium,VTP-00029,Zeebrugge Beach,21Z0000000000090,exit,kWh/h,,,17030949,2021-03-30T00:27:09+02:00,,Confirmed,,,,,False,,,False,PRISMA,,https://platform.prisma-capacity.eu/,,Trading Point,9,False
1Physical Flowhour2021-01-02 20:00:00 +00:002021-01-02 21:00:00 +00:00BE-TSO-0001VTP-00029exitkWh/h,1,Physical Flow,hour,2021-01-02T21:00:00+01:00,2021-01-02T22:00:00+01:00,BE-TSO-0001,21X-BE-A-A0A0A-Y,Fluxys Belgium,VTP-00029,Zeebrugge Beach,21Z0000000000090,exit,kWh/h,,,17015274,2021-03-30T00:27:09+02:00,,Confirmed,,,,,False,,,False,PRISMA,,https://platform.prisma-capacity.eu/,,Trading Point,9,False
1Physical Flowhour2021-01-02 21:00:00 +00:002021-01-02 22:00:00 +00:00BE-TSO-0001VTP-00029exitkWh/h,1,Physical Flow,hour,2021-01-02T22:00:00+01:00,2021-01-02T23:00:00+01:00,BE-TSO-0001,21X-BE-A-A0A0A-Y,Fluxys Belgium,VTP-00029,Zeebrugge Beach,21Z0000000000090,exit,kWh/h,,,21013047,2021-03-30T00:27:09+02:00,,Confirmed,,,,,False,,,False,PRISMA,,https://platform.prisma-capacity.eu/,,Trading Point,9,False
1Physical Flowhour2021-01-02 22:00:00 +00:002021-01-02 23:00:00 +00:00BE-TSO-0001VTP-00029exitkWh/h,1,Physical Flow,hour,2021-01-02T23:00:00+01:00,2021-01-03T00:00:00+01:00,BE-TSO-0001,21X-BE-A-A0A0A-Y,Fluxys Belgium,VTP-00029,Zeebrugge Beach,21Z0000000000090,exit,kWh/h,,,20280771,2021-03-30T00:27:09+02:00,,Confirmed,,,,,False,,,False,PRISMA,,https://platform.prisma-capacity.eu/,,Trading Point,9,False
1Physical Flowhour2021-01-02 23:00:00 +00:002021-01-03 00:00:00 +00:00BE-TSO-0001VTP-00029exitkWh/h,1,Physical Flow,hour,2021-01-03T00:00:00+01:00,2021-01-03T01:00:00+01:00,BE-TSO-0001,21X-BE-A-A0A0A-Y,Fluxys Belgium,VTP-00029,Zeebrugge Beach,21Z0000000000090,exit,kWh/h,,,20814406,2021-03-30T00:27:09+02:00,,Confirmed,,,,,False,,,False,PRISMA,,https://platform.prisma-capacity.eu/,,Trading Point,9,False
1Physical Flowhour2021-01-03 00:00:00 +00:002021-01-03 01:00:00 +00:00BE-TSO-0001VTP-00029exitkWh/h,1,Physical Flow,hour,2021-01-03T01:00:00+01:00,2021-01-03T02:00:00+01:00,BE-TSO-0001,21X-BE-A-A0A0A-Y,Fluxys Belgium,VTP-00029,Zeebrugge Beach,21Z0000000000090,exit,kWh/h,,,20963581,2021-03-30T00:27:09+02:00,,Confirmed,,,,,False,,,False,PRISMA,,https://platform.prisma-capacity.eu/,,Trading Point,9,False
1Physical Flowhour2021-01-03 01:00:00 +00:002021-01-03 02:00:00 +00:00BE-TSO-0001VTP-00029exitkWh/h,1,Physical Flow,hour,2021-01-03T02:00:00+01:00,2021-01-03T03:00:00+01:00,BE-TSO-0001,21X-BE-A-A0A0A-Y,Fluxys Belgium,VTP-00029,Zeebrugge Beach,21Z0000000000090,exit,kWh/h,,,20969948,2021-03-30T00:27:09+02:00,,Confirmed,,,,,False,,,False,PRISMA,,https://platform.prisma-capacity.eu/,,Trading Point,9,False
1Physical Flowhour2021-01-03 02:00:00 +00:002021-01-03 03:00:00 +00:00BE-TSO-0001VTP-00029exitkWh/h,1,Physical Flow,hour,2021-01-03T03:00:00+01:00,2021-01-03T04:00:00+01:00,BE-TSO-0001,21X-BE-A-A0A0A-Y,Fluxys Belgium,VTP-00029,Zeebrugge Beach,21Z0000000000090,exit,kWh/h,,,20739687,2021-03-30T00:27:09+02:00,,Confirmed,,,,,False,,,False,PRISMA,,https://platform.prisma-capacity.eu/,,Trading Point,9,False
1Physical Flowhour2021-01-03 03:00:00 +00:002021-01-03 04:00:00 +00:00BE-TSO-0001VTP-00029exitkWh/h,1,Physical Flow,hour,2021-01-03T04:00:00+01:00,2021-01-03T05:00:00+01:00,BE-TSO-0001,21X-BE-A-A0A0A-Y,Fluxys Belgium,VTP-00029,Zeebrugge Beach,21Z0000000000090,exit,kWh/h,,,20697041,2021-03-30T00:27:09+02:00,,Confirmed,,,,,False,,,False,PRISMA,,https://platform.prisma-capacity.eu/,,Trading Point,9,False
1Physical Flowhour2021-01-03 04:00:00 +00:002021-01-03 05:00:00 +00:00BE-TSO-0001VTP-00029exitkWh/h,1,Physical Flow,hour,2021-01-03T05:00:00+01:00,2021-01-03T06:00:00+01:00,BE-TSO-0001,21X-BE-A-A0A0A-Y,Fluxys Belgium,VTP-00029,Zeebrugge Beach,21Z0000000000090,exit,kWh/h,,,20407062,2021-03-30T00:27:09+02:00,,Confirmed,,,,,False,,,False,PRISMA,,https://platform.prisma-capacity.eu/,,Trading Point,9,False
1Physical Flowhour2021-01-03 05:00:00 +00:002021-01-03 06:00:00 +00:00BE-TSO-0001VTP-00029exitkWh/h,1,Physical Flow,hour,2021-01-03T06:00:00+01:00,2021-01-03T07:00:00+01:00,BE-TSO-0001,21X-BE-A-A0A0A-Y,Fluxys Belgium,VTP-00029,Zeebrugge Beach,21Z0000000000090,exit,kWh/h,,,20412795,2021-03-30T00:27:09+02:00,,Confirmed,,,,,False,,,False,PRISMA,,https://platform.prisma-capacity.eu/,,Trading Point,9,False
1Physical Flowhour2021-01-03 06:00:00 +00:002021-01-03 07:00:00 +00:00BE-TSO-0001VTP-00029exitkWh/h,1,Physical Flow,hour,2021-01-03T07:00:00+01:00,2021-01-03T08:00:00+01:00,BE-TSO-0001,21X-BE-A-A0A0A-Y,Fluxys Belgium,VTP-00029,Zeebrugge Beach,21Z0000000000090,exit,kWh/h,,,20411894,2021-03-30T00:27:09+02:00,,Confirmed,,,,,False,,,False,PRISMA,,https://platform.prisma-capacity.eu/,,Trading Point,9,False
1Physical Flowhour2021-01-03 07:00:00 +00:002021-01-03 08:00:00 +00:00BE-TSO-0001VTP-00029exitkWh/h,1,Physical Flow,hour,2021-01-03T08:00:00+01:00,2021-01-03T09:00:00+01:00,BE-TSO-0001,21X-BE-A-A0A0A-Y,Fluxys Belgium,VTP-00029,Zeebrugge Beach,21Z0000000000090,exit,kWh/h,,,20383105,2021-03-30T00:27:09+02:00,,Confirmed,,,,,False,,,False,PRISMA,,https://platform.prisma-capacity.eu/,,Trading Point,9,False
1Physical Flowhour2021-01-03 08:00:00 +00:002021-01-03 09:00:00 +00:00BE-TSO-0001VTP-00029exitkWh/h,1,Physical Flow,hour,2021-01-03T09:00:00+01:00,2021-01-03T10:00:00+01:00,BE-TSO-0001,21X-BE-A-A0A0A-Y,Fluxys Belgium,VTP-00029,Zeebrugge Beach,21Z0000000000090,exit,kWh/h,,,20256008,2021-03-30T00:27:09+02:00,,Confirmed,,,,,False,,,False,PRISMA,,https://platform.prisma-capacity.eu/,,Trading Point,9,False
1Physical Flowhour2021-01-03 09:00:00 +00:002021-01-03 10:00:00 +00:00BE-TSO-0001VTP-00029exitkWh/h,1,Physical Flow,hour,2021-01-03T10:00:00+01:00,2021-01-03T11:00:00+01:00,BE-TSO-0001,21X-BE-A-A0A0A-Y,Fluxys Belgium,VTP-00029,Zeebrugge Beach,21Z0000000000090,exit,kWh/h,,,20257659,2021-03-30T00:27:09+02:00,,Confirmed,,,,,False,,,False,PRISMA,,https://platform.prisma-capacity.eu/,,Trading Point,9,False
1Physical Flowhour2021-01-03 10:00:00 +00:002021-01-03 11:00:00 +00:00BE-TSO-0001VTP-00029exitkWh/h,1,Physical Flow,hour,2021-01-03T11:00:00+01:00,2021-01-03T12:00:00+01:00,BE-TSO-0001,21X-BE-A-A0A0A-Y,Fluxys Belgium,VTP-00029,Zeebrugge Beach,21Z0000000000090,exit,kWh/h,,,19940032,2021-03-30T00:27:09+02:00,,Confirmed,,,,,False,,,False,PRISMA,,https://platform.prisma-capacity.eu/,,Trading Point,9,False
1Physical Flowhour2021-01-03 11:00:00 +00:002021-01-03 12:00:00 +00:00BE-TSO-0001VTP-00029exitkWh/h,1,Physical Flow,hour,2021-01-03T12:00:00+01:00,2021-01-03T13:00:00+01:00,BE-TSO-0001,21X-BE-A-A0A0A-Y,Fluxys Belgium,VTP-00029,Zeebrugge Beach,21Z0000000000090,exit,kWh/h,,,19581338,2021-03-30T00:27:09+02:00,,Confirmed,,,,,False,,,False,PRISMA,,https://platform.prisma-capacity.eu/,,Trading Point,9,False
1Physical Flowhour2021-01-03 12:00:00 +00:002021-01-03 13:00:00 +00:00BE-TSO-0001VTP-00029exitkWh/h,1,Physical Flow,hour,2021-01-03T13:00:00+01:00,2021-01-03T14:00:00+01:00,BE-TSO-0001,21X-BE-A-A0A0A-Y,Fluxys Belgium,VTP-00029,Zeebrugge Beach,21Z0000000000090,exit,kWh/h,,,19550871,2021-03-30T00:27:09+02:00,,Confirmed,,,,,False,,,False,PRISMA,,https://platform.prisma-capacity.eu/,,Trading Point,9,False
1Physical Flowhour2021-01-03 13:00:00 +00:002021-01-03 14:00:00 +00:00BE-TSO-0001VTP-00029exitkWh/h,1,Physical Flow,hour,2021-01-03T14:00:00+01:00,2021-01-03T15:00:00+01:00,BE-TSO-0001,21X-BE-A-A0A0A-Y,Fluxys Belgium,VTP-00029,Zeebrugge Beach,21Z0000000000090,exit,kWh/h,,,19507359,2021-03-30T00:27:09+02:00,,Confirmed,,,,,False,,,False,PRISMA,,https://platform.prisma-capacity.eu/,,Trading Point,9,False
1Physical Flowhour2021-01-03 14:00:00 +00:002021-01-03 15:00:00 +00:00BE-TSO-0001VTP-00029exitkWh/h,1,Physical Flow,hour,2021-01-03T15:00:00+01:00,2021-01-03T16:00:00+01:00,BE-TSO-0001,21X-BE-A-A0A0A-Y,Fluxys Belgium,VTP-00029,Zeebrugge Beach,21Z0000000000090,exit,kWh/h,,,18486262,2021-03-30T00:27:09+02:00,,Confirmed,,,,,False,,,False,PRISMA,,https://platform.prisma-capacity.eu/,,Trading Point,9,False
1Physical Flowhour2021-01-03 15:00:00 +00:002021-01-03 16:00:00 +00:00BE-TSO-0001VTP-00029exitkWh/h,1,Physical Flow,hour,2021-01-03T16:00:00+01:00,2021-01-03T17:00:00+01:00,BE-TSO-0001,21X-BE-A-A0A0A-Y,Fluxys Belgium,VTP-00029,Zeebrugge Beach,21Z0000000000090,exit,kWh/h,,,13420498,2021-03-30T00:27:09+02:00,,Confirmed,,,,,False,,,False,PRISMA,,https://platform.prisma-capacity.eu/,,Trading Point,9,False
1Physical Flowhour2021-01-03 16:00:00 +00:002021-01-03 17:00:00 +00:00BE-TSO-0001VTP-00029exitkWh/h,1,Physical Flow,hour,2021-01-03T17:00:00+01:00,2021-01-03T18:00:00+01:00,BE-TSO-0001,21X-BE-A-A0A0A-Y,Fluxys Belgium,VTP-00029,Zeebrugge Beach,21Z0000000000090,exit,kWh/h,,,13461851,2021-03-30T00:27:09+02:00,,Confirmed,,,,,False,,,False,PRISMA,,https://platform.prisma-capacity.eu/,,Trading Point,9,False
1Physical Flowhour2021-01-03 17:00:00 +00:002021-01-03 18:00:00 +00:00BE-TSO-0001VTP-00029exitkWh/h,1,Physical Flow,hour,2021-01-03T18:00:00+01:00,2021-01-03T19:00:00+01:00,BE-TSO-0001,21X-BE-A-A0A0A-Y,Fluxys Belgium,VTP-00029,Zeebrugge Beach,21Z0000000000090,exit,kWh/h,,,13052997,2021-03-30T00:27:09+02:00,,Confirmed,,,,,False,,,False,PRISMA,,https://platform.prisma-capacity.eu/,,Trading Point,9,False
1Physical Flowhour2021-01-03 18:00:00 +00:002021-01-03 19:00:00 +00:00BE-TSO-0001VTP-00029exitkWh/h,1,Physical Flow,hour,2021-01-03T19:00:00+01:00,2021-01-03T20:00:00+01:00,BE-TSO-0001,21X-BE-A-A0A0A-Y,Fluxys Belgium,VTP-00029,Zeebrugge Beach,21Z0000000000090,exit,kWh/h,,,12397639,2021-03-30T00:27:09+02:00,,Confirmed,,,,,False,,,False,PRISMA,,https://platform.prisma-capacity.eu/,,Trading Point,9,False
1Physical Flowhour2021-01-03 19:00:00 +00:002021-01-03 20:00:00 +00:00BE-TSO-0001VTP-00029exitkWh/h,1,Physical Flow,hour,2021-01-03T20:00:00+01:00,2021-01-03T21:00:00+01:00,BE-TSO-0001,21X-BE-A-A0A0A-Y,Fluxys Belgium,VTP-00029,Zeebrugge Beach,21Z0000000000090,exit,kWh/h,,,13194223,2021-03-30T00:27:09+02:00,,Confirmed,,,,,False,,,False,PRISMA,,https://platform.prisma-capacity.eu/,,Trading Point,9,False
1Physical Flowhour2021-01-03 20:00:00 +00:002021-01-03 21:00:00 +00:00BE-TSO-0001VTP-00029exitkWh/h,1,Physical Flow,hour,2021-01-03T21:00:00+01:00,2021-01-03T22:00:00+01:00,BE-TSO-0001,21X-BE-A-A0A0A-Y,Fluxys Belgium,VTP-00029,Zeebrugge Beach,21Z0000000000090,exit,kWh/h,,,13235017,2021-03-30T00:27:09+02:00,,Confirmed,,,,,False,,,False,PRISMA,,https://platform.prisma-capacity.eu/,,Trading Point,9,False
1Physical Flowhour2021-01-03 21:00:00 +00:002021-01-03 22:00:00 +00:00BE-TSO-0001VTP-00029exitkWh/h,1,Physical Flow,hour,2021-01-03T22:00:00+01:00,2021-01-03T23:00:00+01:00,BE-TSO-0001,21X-BE-A-A0A0A-Y,Fluxys Belgium,VTP-00029,Zeebrugge Beach,21Z0000000000090,exit,kWh/h,,,13226767,2021-03-30T00:27:09+02:00,,Confirmed,,,,,False,,,False,PRISMA,,https://platform.prisma-capacity.eu/,,Trading Point,9,False
1Physical Flowhour2021-01-03 22:00:00 +00:002021-01-03 23:00:00 +00:00BE-TSO-0001VTP-00029exitkWh/h,1,Physical Flow,hour,2021-01-03T23:00:00+01:00,2021-01-04T00:00:00+01:00,BE-TSO-0001,21X-BE-A-A0A0A-Y,Fluxys Belgium,VTP-00029,Zeebrugge Beach,21Z0000000000090,exit,kWh/h,,,13190426,2021-03-30T00:27:09+02:00,,Confirmed,,,,,False,,,False,PRISMA,,https://platform.prisma-capacity.eu/,,Trading Point,9,False
1Physical Flowhour2021-01-03 23:00:00 +00:002021-01-04 00:00:00 +00:00BE-TSO-0001VTP-00029exitkWh/h,1,Physical Flow,hour,2021-01-04T00:00:00+01:00,2021-01-04T01:00:00+01:00,BE-TSO-0001,21X-BE-A-A0A0A-Y,Fluxys Belgium,VTP-00029,Zeebrugge Beach,21Z0000000000090,exit,kWh/h,,,13124488,2021-03-30T00:27:09+02:00,,Confirmed,,,,,False,,,False,PRISMA,,https://platform.prisma-capacity.eu/,,Trading Point,9,False
1Physical Flowhour2021-01-04 00:00:00 +00:002021-01-04 01:00:00 +00:00BE-TSO-0001VTP-00029exitkWh/h,1,Physical Flow,hour,2021-01-04T01:00:00+01:00,2021-01-04T02:00:00+01:00,BE-TSO-0001,21X-BE-A-A0A0A-Y,Fluxys Belgium,VTP-00029,Zeebrugge Beach,21Z0000000000090,exit,kWh/h,,,12994609,2021-03-30T00:27:09+02:00,,Confirmed,,,,,False,,,False,PRISMA,,https://platform.prisma-capacity.eu/,,Trading Point,9,False
1Physical Flowhour2021-01-04 01:00:00 +00:002021-01-04 02:00:00 +00:00BE-TSO-0001VTP-00029exitkWh/h,1,Physical Flow,hour,2021-01-04T02:00:00+01:00,2021-01-04T03:00:00+01:00,BE-TSO-0001,21X-BE-A-A0A0A-Y,Fluxys Belgium,VTP-00029,Zeebrugge Beach,21Z0000000000090,exit,kWh/h,,,12745705,2021-03-30T00:27:09+02:00,,Confirmed,,,,,False,,,False,PRISMA,,https://platform.prisma-capacity.eu/,,Trading Point,9,False
1Physical Flowhour2021-01-04 02:00:00 +00:002021-01-04 03:00:00 +00:00BE-TSO-0001VTP-00029exitkWh/h,1,Physical Flow,hour,2021-01-04T03:00:00+01:00,2021-01-04T04:00:00+01:00,BE-TSO-0001,21X-BE-A-A0A0A-Y,Fluxys Belgium,VTP-00029,Zeebrugge Beach,21Z0000000000090,exit,kWh/h,,,12692971,2021-03-30T00:27:09+02:00,,Confirmed,,,,,False,,,False,PRISMA,,https://platform.prisma-capacity.eu/,,Trading Point,9,False
1Physical Flowhour2021-01-04 03:00:00 +00:002021-01-04 04:00:00 +00:00BE-TSO-0001VTP-00029exitkWh/h,1,Physical Flow,hour,2021-01-04T04:00:00+01:00,2021-01-04T05:00:00+01:00,BE-TSO-0001,21X-BE-A-A0A0A-Y,Fluxys Belgium,VTP-00029,Zeebrugge Beach,21Z0000000000090,exit,kWh/h,,,12954251,2021-03-30T00:27:09+02:00,,Confirmed,,,,,False,,,False,PRISMA,,https://platform.prisma-capacity.eu/,,Trading Point,9,False
1Physical Flowhour2021-01-04 04:00:00 +00:002021-01-04 05:00:00 +00:00BE-TSO-0001VTP-00029exitkWh/h,1,Physical Flow,hour,2021-01-04T05:00:00+01:00,2021-01-04T06:00:00+01:00,BE-TSO-0001,21X-BE-A-A0A0A-Y,Fluxys Belgium,VTP-00029,Zeebrugge Beach,21Z0000000000090,exit,kWh/h,,,12971950,2021-03-30T00:27:09+02:00,,Confirmed,,,,,False,,,False,PRISMA,,https://platform.prisma-capacity.eu/,,Trading Point,9,False
1Physical Flowhour2021-01-04 05:00:00 +00:002021-01-04 06:00:00 +00:00BE-TSO-0001VTP-00029exitkWh/h,1,Physical Flow,hour,2021-01-04T06:00:00+01:00,2021-01-04T07:00:00+01:00,BE-TSO-0001,21X-BE-A-A0A0A-Y,Fluxys Belgium,VTP-00029,Zeebrugge Beach,21Z0000000000090,exit,kWh/h,,,15495180,2021-03-30T00:27:09+02:00,,Confirmed,,,,,False,,,False,PRISMA,,https://platform.prisma-capacity.eu/,,Trading Point,9,False
1Physical Flowhour2021-01-04 06:00:00 +00:002021-01-04 07:00:00 +00:00BE-TSO-0001VTP-00029exitkWh/h,1,Physical Flow,hour,2021-01-04T07:00:00+01:00,2021-01-04T08:00:00+01:00,BE-TSO-0001,21X-BE-A-A0A0A-Y,Fluxys Belgium,VTP-00029,Zeebrugge Beach,21Z0000000000090,exit,kWh/h,,,15205743,2021-03-30T00:27:09+02:00,,Confirmed,,,,,False,,,False,PRISMA,,https://platform.prisma-capacity.eu/,,Trading Point,9,False
1Physical Flowhour2021-01-04 07:00:00 +00:002021-01-04 08:00:00 +00:00BE-TSO-0001VTP-00029exitkWh/h,1,Physical Flow,hour,2021-01-04T08:00:00+01:00,2021-01-04T09:00:00+01:00,BE-TSO-0001,21X-BE-A-A0A0A-Y,Fluxys Belgium,VTP-00029,Zeebrugge Beach,21Z0000000000090,exit,kWh/h,,,15606481,2021-03-30T00:27:09+02:00,,Confirmed,,,,,False,,,False,PRISMA,,https://platform.prisma-capacity.eu/,,Trading Point,9,False
1Physical Flowhour2021-01-04 08:00:00 +00:002021-01-04 09:00:00 +00:00BE-TSO-0001VTP-00029exitkWh/h,1,Physical Flow,hour,2021-01-04T09:00:00+01:00,2021-01-04T10:00:00+01:00,BE-TSO-0001,21X-BE-A-A0A0A-Y,Fluxys Belgium,VTP-00029,Zeebrugge Beach,21Z0000000000090,exit,kWh/h,,,15696427,2021-03-30T00:27:09+02:00,,Confirmed,,,,,False,,,False,PRISMA,,https://platform.prisma-capacity.eu/,,Trading Point,9,False
1Physical Flowhour2021-01-04 09:00:00 +00:002021-01-04 10:00:00 +00:00BE-TSO-0001VTP-00029exitkWh/h,1,Physical Flow,hour,2021-01-04T10:00:00+01:00,2021-01-04T11:00:00+01:00,BE-TSO-0001,21X-BE-A-A0A0A-Y,Fluxys Belgium,VTP-00029,Zeebrugge Beach,21Z0000000000090,exit,kWh/h,,,15437625,2021-03-30T00:27:09+02:00,,Confirmed,,,,,False,,,False,PRISMA,,https://platform.prisma-capacity.eu/,,Trading Point,9,False
1Physical Flowhour2021-01-04 10:00:00 +00:002021-01-04 11:00:00 +00:00BE-TSO-0001VTP-00029exitkWh/h,1,Physical Flow,hour,2021-01-04T11:00:00+01:00,2021-01-04T12:00:00+01:00,BE-TSO-0001,21X-BE-A-A0A0A-Y,Fluxys Belgium,VTP-00029,Zeebrugge Beach,21Z0000000000090,exit,kWh/h,,,15430185,2021-03-30T00:27:09+02:00,,Confirmed,,,,,False,,,False,PRISMA,,https://platform.prisma-capacity.eu/,,Trading Point,9,False
1Physical Flowhour2021-01-04 11:00:00 +00:002021-01-04 12:00:00 +00:00BE-TSO-0001VTP-00029exitkWh/h,1,Physical Flow,hour,2021-01-04T12:00:00+01:00,2021-01-04T13:00:00+01:00,BE-TSO-0001,21X-BE-A-A0A0A-Y,Fluxys Belgium,VTP-00029,Zeebrugge Beach,21Z0000000000090,exit,kWh/h,,,15109296,2021-03-30T00:27:09+02:00,,Confirmed,,,,,False,,,False,PRISMA,,https://platform.prisma-capacity.eu/,,Trading Point,9,False
1Physical Flowhour2021-01-04 12:00:00 +00:002021-01-04 13:00:00 +00:00BE-TSO-0001VTP-00029exitkWh/h,1,Physical Flow,hour,2021-01-04T13:00:00+01:00,2021-01-04T14:00:00+01:00,BE-TSO-0001,21X-BE-A-A0A0A-Y,Fluxys Belgium,VTP-00029,Zeebrugge Beach,21Z0000000000090,exit,kWh/h,,,14926552,2021-03-30T00:27:09+02:00,,Confirmed,,,,,False,,,False,PRISMA,,https://platform.prisma-capacity.eu/,,Trading Point,9,False
1Physical Flowhour2021-01-04 13:00:00 +00:002021-01-04 14:00:00 +00:00BE-TSO-0001VTP-00029exitkWh/h,1,Physical Flow,hour,2021-01-04T14:00:00+01:00,2021-01-04T15:00:00+01:00,BE-TSO-0001,21X-BE-A-A0A0A-Y,Fluxys Belgium,VTP-00029,Zeebrugge Beach,21Z0000000000090,exit,kWh/h,,,14713022,2021-03-30T00:27:09+02:00,,Confirmed,,,,,False,,,False,PRISMA,,https://platform.prisma-capacity.eu/,,Trading Point,9,False
1Physical Flowhour2021-01-04 14:00:00 +00:002021-01-04 15:00:00 +00:00BE-TSO-0001VTP-00029exitkWh/h,1,Physical Flow,hour,2021-01-04T15:00:00+01:00,2021-01-04T16:00:00+01:00,BE-TSO-0001,21X-BE-A-A0A0A-Y,Fluxys Belgium,VTP-00029,Zeebrugge Beach,21Z0000000000090,exit,kWh/h,,,15264022,2021-03-30T00:27:09+02:00,,Confirmed,,,,,False,,,False,PRISMA,,https://platform.prisma-capacity.eu/,,Trading Point,9,False
1Physical Flowhour2021-01-04 15:00:00 +00:002021-01-04 16:00:00 +00:00BE-TSO-0001VTP-00029exitkWh/h,1,Physical Flow,hour,2021-01-04T16:00:00+01:00,2021-01-04T17:00:00+01:00,BE-TSO-0001,21X-BE-A-A0A0A-Y,Fluxys Belgium,VTP-00029,Zeebrugge Beach,21Z0000000000090,exit,kWh/h,,,14236701,2021-03-30T00:27:09+02:00,,Confirmed,,,,,False,,,False,PRISMA,,https://platform.prisma-capacity.eu/,,Trading Point,9,False
1Physical Flowhour2021-01-04 16:00:00 +00:002021-01-04 17:00:00 +00:00BE-TSO-0001VTP-00029exitkWh/h,1,Physical Flow,hour,2021-01-04T17:00:00+01:00,2021-01-04T18:00:00+01:00,BE-TSO-0001,21X-BE-A-A0A0A-Y,Fluxys Belgium,VTP-00029,Zeebrugge Beach,21Z0000000000090,exit,kWh/h,,,40411,2021-03-30T00:27:09+02:00,,Confirmed,,,,,False,,,False,PRISMA,,https://platform.prisma-capacity.eu/,,Trading Point,9,False
1Physical Flowhour2021-01-04 17:00:00 +00:002021-01-04 18:00:00 +00:00BE-TSO-0001VTP-00029exitkWh/h,1,Physical Flow,hour,2021-01-04T18:00:00+01:00,2021-01-04T19:00:00+01:00,BE-TSO-0001,21X-BE-A-A0A0A-Y,Fluxys Belgium,VTP-00029,Zeebrugge Beach,21Z0000000000090,exit,kWh/h,,,25583,2021-03-30T00:27:09+02:00,,Confirmed,,,,,False,,,False,PRISMA,,https://platform.prisma-capacity.eu/,,Trading Point,9,False
1Physical Flowhour2021-01-04 18:00:00 +00:002021-01-04 19:00:00 +00:00BE-TSO-0001VTP-00029exitkWh/h,1,Physical Flow,hour,2021-01-04T19:00:00+01:00,2021-01-04T20:00:00+01:00,BE-TSO-0001,21X-BE-A-A0A0A-Y,Fluxys Belgium,VTP-00029,Zeebrugge Beach,21Z0000000000090,exit,kWh/h,,,34139,2021-03-30T00:27:09+02:00,,Confirmed,,,,,False,,,False,PRISMA,,https://platform.prisma-capacity.eu/,,Trading Point,9,False
1Physical Flowhour2021-01-04 19:00:00 +00:002021-01-04 20:00:00 +00:00BE-TSO-0001VTP-00029exitkWh/h,1,Physical Flow,hour,2021-01-04T20:00:00+01:00,2021-01-04T21:00:00+01:00,BE-TSO-0001,21X-BE-A-A0A0A-Y,Fluxys Belgium,VTP-00029,Zeebrugge Beach,21Z0000000000090,exit,kWh/h,,,20039247,2021-03-30T00:27:09+02:00,,Confirmed,,,,,False,,,False,PRISMA,,https://platform.prisma-capacity.eu/,,Trading Point,9,False
1Physical Flowhour2021-01-04 20:00:00 +00:002021-01-04 21:00:00 +00:00BE-TSO-0001VTP-00029exitkWh/h,1,Physical Flow,hour,2021-01-04T21:00:00+01:00,2021-01-04T22:00:00+01:00,BE-TSO-0001,21X-BE-A-A0A0A-Y,Fluxys Belgium,VTP-00029,Zeebrugge Beach,21Z0000000000090,exit,kWh/h,,,24882416,2021-03-30T00:27:09+02:00,,Confirmed,,,,,False,,,False,PRISMA,,https://platform.prisma-capacity.eu/,,Trading Point,9,False
1Physical Flowhour2021-01-04 21:00:00 +00:002021-01-04 22:00:00 +00:00BE-TSO-0001VTP-00029exitkWh/h,1,Physical Flow,hour,2021-01-04T22:00:00+01:00,2021-01-04T23:00:00+01:00,BE-TSO-0001,21X-BE-A-A0A0A-Y,Fluxys Belgium,VTP-00029,Zeebrugge Beach,21Z0000000000090,exit,kWh/h,,,25063536,2021-03-30T00:27:09+02:00,,Confirmed,,,,,False,,,False,PRISMA,,https://platform.prisma-capacity.eu/,,Trading Point,9,False
1Physical Flowhour2021-01-04 22:00:00 +00:002021-01-04 23:00:00 +00:00BE-TSO-0001VTP-00029exitkWh/h,1,Physical Flow,hour,2021-01-04T23:00:00+01:00,2021-01-05T00:00:00+01:00,BE-TSO-0001,21X-BE-A-A0A0A-Y,Fluxys Belgium,VTP-00029,Zeebrugge Beach,21Z0000000000090,exit,kWh/h,,,25094127,2021-03-30T00:27:09+02:00,,Confirmed,,,,,False,,,False,PRISMA,,https://platform.prisma-capacity.eu/,,Trading Point,9,False
1Physical Flowhour2021-01-04 23:00:00 +00:002021-01-05 00:00:00 +00:00BE-TSO-0001VTP-00029exitkWh/h,1,Physical Flow,hour,2021-01-05T00:00:00+01:00,2021-01-05T01:00:00+01:00,BE-TSO-0001,21X-BE-A-A0A0A-Y,Fluxys Belgium,VTP-00029,Zeebrugge Beach,21Z0000000000090,exit,kWh/h,,,26045318,2021-03-30T00:27:09+02:00,,Confirmed,,,,,False,,,False,PRISMA,,https://platform.prisma-capacity.eu/,,Trading Point,9,False
1Physical Flowhour2021-01-05 00:00:00 +00:002021-01-05 01:00:00 +00:00BE-TSO-0001VTP-00029exitkWh/h,1,Physical Flow,hour,2021-01-05T01:00:00+01:00,2021-01-05T02:00:00+01:00,BE-TSO-0001,21X-BE-A-A0A0A-Y,Fluxys Belgium,VTP-00029,Zeebrugge Beach,21Z0000000000090,exit,kWh/h,,,26074186,2021-03-30T00:27:09+02:00,,Confirmed,,,,,False,,,False,PRISMA,,https://platform.prisma-capacity.eu/,,Trading Point,9,False
1Physical Flowhour2021-01-05 01:00:00 +00:002021-01-05 02:00:00 +00:00BE-TSO-0001VTP-00029exitkWh/h,1,Physical Flow,hour,2021-01-05T02:00:00+01:00,2021-01-05T03:00:00+01:00,BE-TSO-0001,21X-BE-A-A0A0A-Y,Fluxys Belgium,VTP-00029,Zeebrugge Beach,21Z0000000000090,exit,kWh/h,,,26085761,2021-03-30T00:27:09+02:00,,Confirmed,,,,,False,,,False,PRISMA,,https://platform.prisma-capacity.eu/,,Trading Point,9,False
1Physical Flowhour2021-01-05 02:00:00 +00:002021-01-05 03:00:00 +00:00BE-TSO-0001VTP-00029exitkWh/h,1,Physical Flow,hour,2021-01-05T03:00:00+01:00,2021-01-05T04:00:00+01:00,BE-TSO-0001,21X-BE-A-A0A0A-Y,Fluxys Belgium,VTP-00029,Zeebrugge Beach,21Z0000000000090,exit,kWh/h,,,25226444,2021-03-30T00:27:09+02:00,,Confirmed,,,,,False,,,False,PRISMA,,https://platform.prisma-capacity.eu/,,Trading Point,9,False
1Physical Flowhour2021-01-05 03:00:00 +00:002021-01-05 04:00:00 +00:00BE-TSO-0001VTP-00029exitkWh/h,1,Physical Flow,hour,2021-01-05T04:00:00+01:00,2021-01-05T05:00:00+01:00,BE-TSO-0001,21X-BE-A-A0A0A-Y,Fluxys Belgium,VTP-00029,Zeebrugge Beach,21Z0000000000090,exit,kWh/h,,,25178960,2021-03-30T00:27:09+02:00,,Confirmed,,,,,False,,,False,PRISMA,,https://platform.prisma-capacity.eu/,,Trading Point,9,False
1Physical Flowhour2021-01-05 04:00:00 +00:002021-01-05 05:00:00 +00:00BE-TSO-0001VTP-00029exitkWh/h,1,Physical Flow,hour,2021-01-05T05:00:00+01:00,2021-01-05T06:00:00+01:00,BE-TSO-0001,21X-BE-A-A0A0A-Y,Fluxys Belgium,VTP-00029,Zeebrugge Beach,21Z0000000000090,exit,kWh/h,,,25153164,2021-03-30T00:27:09+02:00,,Confirmed,,,,,False,,,False,PRISMA,,https://platform.prisma-capacity.eu/,,Trading Point,9,False
1Physical Flowhour2021-01-05 05:00:00 +00:002021-01-05 06:00:00 +00:00BE-TSO-0001VTP-00029exitkWh/h,1,Physical Flow,hour,2021-01-05T06:00:00+01:00,2021-01-05T07:00:00+01:00,BE-TSO-0001,21X-BE-A-A0A0A-Y,Fluxys Belgium,VTP-00029,Zeebrugge Beach,21Z0000000000090,exit,kWh/h,,,22517658,2021-03-30T00:27:09+02:00,,Confirmed,,,,,False,,,False,PRISMA,,https://platform.prisma-capacity.eu/,,Trading Point,9,False
1Physical Flowhour2021-01-05 06:00:00 +00:002021-01-05 07:00:00 +00:00BE-TSO-0001VTP-00029exitkWh/h,1,Physical Flow,hour,2021-01-05T07:00:00+01:00,2021-01-05T08:00:00+01:00,BE-TSO-0001,21X-BE-A-A0A0A-Y,Fluxys Belgium,VTP-00029,Zeebrugge Beach,21Z0000000000090,exit,kWh/h,,,22139355,2021-03-30T00:27:09+02:00,,Confirmed,,,,,False,,,False,PRISMA,,https://platform.prisma-capacity.eu/,,Trading Point,9,False
1Physical Flowhour2021-01-05 07:00:00 +00:002021-01-05 08:00:00 +00:00BE-TSO-0001VTP-00029exitkWh/h,1,Physical Flow,hour,2021-01-05T08:00:00+01:00,2021-01-05T09:00:00+01:00,BE-TSO-0001,21X-BE-A-A0A0A-Y,Fluxys Belgium,VTP-00029,Zeebrugge Beach,21Z0000000000090,exit,kWh/h,,,22190536,2021-03-30T00:27:09+02:00,,Confirmed,,,,,False,,,False,PRISMA,,https://platform.prisma-capacity.eu/,,Trading Point,9,False
1Physical Flowhour2021-01-05 08:00:00 +00:002021-01-05 09:00:00 +00:00BE-TSO-0001VTP-00029exitkWh/h,1,Physical Flow,hour,2021-01-05T09:00:00+01:00,2021-01-05T10:00:00+01:00,BE-TSO-0001,21X-BE-A-A0A0A-Y,Fluxys Belgium,VTP-00029,Zeebrugge Beach,21Z0000000000090,exit,kWh/h,,,22166021,2021-03-30T00:27:09+02:00,,Confirmed,,,,,False,,,False,PRISMA,,https://platform.prisma-capacity.eu/,,Trading Point,9,False
1Physical Flowhour2021-01-05 09:00:00 +00:002021-01-05 10:00:00 +00:00BE-TSO-0001VTP-00029exitkWh/h,1,Physical Flow,hour,2021-01-05T10:00:00+01:00,2021-01-05T11:00:00+01:00,BE-TSO-0001,21X-BE-A-A0A0A-Y,Fluxys Belgium,VTP-00029,Zeebrugge Beach,21Z0000000000090,exit,kWh/h,,,22564517,2021-03-30T00:27:09+02:00,,Confirmed,,,,,False,,,False,PRISMA,,https://platform.prisma-capacity.eu/,,Trading Point,9,False
1Physical Flowhour2021-01-05 10:00:00 +00:002021-01-05 11:00:00 +00:00BE-TSO-0001VTP-00029exitkWh/h,1,Physical Flow,hour,2021-01-05T11:00:00+01:00,2021-01-05T12:00:00+01:00,BE-TSO-0001,21X-BE-A-A0A0A-Y,Fluxys Belgium,VTP-00029,Zeebrugge Beach,21Z0000000000090,exit,kWh/h,,,22500752,2021-03-30T00:27:09+02:00,,Confirmed,,,,,False,,,False,PRISMA,,https://platform.prisma-capacity.eu/,,Trading Point,9,False
1Physical Flowhour2021-01-05 11:00:00 +00:002021-01-05 12:00:00 +00:00BE-TSO-0001VTP-00029exitkWh/h,1,Physical Flow,hour,2021-01-05T12:00:00+01:00,2021-01-05T13:00:00+01:00,BE-TSO-0001,21X-BE-A-A0A0A-Y,Fluxys Belgium,VTP-00029,Zeebrugge Beach,21Z0000000000090,exit,kWh/h,,,22212163,2021-03-30T00:27:09+02:00,,Confirmed,,,,,False,,,False,PRISMA,,https://platform.prisma-capacity.eu/,,Trading Point,9,False
1Physical Flowhour2021-01-05 12:00:00 +00:002021-01-05 13:00:00 +00:00BE-TSO-0001VTP-00029exitkWh/h,1,Physical Flow,hour,2021-01-05T13:00:00+01:00,2021-01-05T14:00:00+01:00,BE-TSO-0001,21X-BE-A-A0A0A-Y,Fluxys Belgium,VTP-00029,Zeebrugge Beach,21Z0000000000090,exit,kWh/h,,,21970036,2021-03-30T00:27:09+02:00,,Confirmed,,,,,False,,,False,PRISMA,,https://platform.prisma-capacity.eu/,,Trading Point,9,False
1Physical Flowhour2021-01-05 13:00:00 +00:002021-01-05 14:00:00 +00:00BE-TSO-0001VTP-00029exitkWh/h,1,Physical Flow,hour,2021-01-05T14:00:00+01:00,2021-01-05T15:00:00+01:00,BE-TSO-0001,21X-BE-A-A0A0A-Y,Fluxys Belgium,VTP-00029,Zeebrugge Beach,21Z0000000000090,exit,kWh/h,,,21798822,2021-03-30T00:27:09+02:00,,Confirmed,,,,,False,,,False,PRISMA,,https://platform.prisma-capacity.eu/,,Trading Point,9,False
1Physical Flowhour2021-01-05 14:00:00 +00:002021-01-05 15:00:00 +00:00BE-TSO-0001VTP-00029exitkWh/h,1,Physical Flow,hour,2021-01-05T15:00:00+01:00,2021-01-05T16:00:00+01:00,BE-TSO-0001,21X-BE-A-A0A0A-Y,Fluxys Belgium,VTP-00029,Zeebrugge Beach,21Z0000000000090,exit,kWh/h,,,22179956,2021-03-30T00:27:09+02:00,,Confirmed,,,,,False,,,False,PRISMA,,https://platform.prisma-capacity.eu/,,Trading Point,9,False
1Physical Flowhour2021-01-05 15:00:00 +00:002021-01-05 16:00:00 +00:00BE-TSO-0001VTP-00029exitkWh/h,1,Physical Flow,hour,2021-01-05T16:00:00+01:00,2021-01-05T17:00:00+01:00,BE-TSO-0001,21X-BE-A-A0A0A-Y,Fluxys Belgium,VTP-00029,Zeebrugge Beach,21Z0000000000090,exit,kWh/h,,,21097647,2021-03-30T00:27:09+02:00,,Confirmed,,,,,False,,,False,PRISMA,,https://platform.prisma-capacity.eu/,,Trading Point,9,False
1Physical Flowhour2021-01-05 16:00:00 +00:002021-01-05 17:00:00 +00:00BE-TSO-0001VTP-00029exitkWh/h,1,Physical Flow,hour,2021-01-05T17:00:00+01:00,2021-01-05T18:00:00+01:00,BE-TSO-0001,21X-BE-A-A0A0A-Y,Fluxys Belgium,VTP-00029,Zeebrugge Beach,21Z0000000000090,exit,kWh/h,,,64501,2021-03-30T00:27:09+02:00,,Confirmed,,,,,False,,,False,PRISMA,,https://platform.prisma-capacity.eu/,,Trading Point,9,False
1Physical Flowhour2021-01-05 17:00:00 +00:002021-01-05 18:00:00 +00:00BE-TSO-0001VTP-00029exitkWh/h,1,Physical Flow,hour,2021-01-05T18:00:00+01:00,2021-01-05T19:00:00+01:00,BE-TSO-0001,21X-BE-A-A0A0A-Y,Fluxys Belgium,VTP-00029,Zeebrugge Beach,21Z0000000000090,exit,kWh/h,,,47554,2021-03-30T00:27:09+02:00,,Confirmed,,,,,False,,,False,PRISMA,,https://platform.prisma-capacity.eu/,,Trading Point,9,False
1Physical Flowhour2021-01-05 18:00:00 +00:002021-01-05 19:00:00 +00:00BE-TSO-0001VTP-00029exitkWh/h,1,Physical Flow,hour,2021-01-05T19:00:00+01:00,2021-01-05T20:00:00+01:00,BE-TSO-0001,21X-BE-A-A0A0A-Y,Fluxys Belgium,VTP-00029,Zeebrugge Beach,21Z0000000000090,exit,kWh/h,,,49903,2021-03-30T00:27:09+02:00,,Confirmed,,,,,False,,,False,PRISMA,,https://platform.prisma-capacity.eu/,,Trading Point,9,False
1Physical Flowhour2021-01-05 19:00:00 +00:002021-01-05 20:00:00 +00:00BE-TSO-0001VTP-00029exitkWh/h,1,Physical Flow,hour,2021-01-05T20:00:00+01:00,2021-01-05T21:00:00+01:00,BE-TSO-0001,21X-BE-A-A0A0A-Y,Fluxys Belgium,VTP-00029,Zeebrugge Beach,21Z0000000000090,exit,kWh/h,,,17720844,2021-03-30T00:27:09+02:00,,Confirmed,,,,,False,,,False,PRISMA,,https://platform.prisma-capacity.eu/,,Trading Point,9,False
1Physical Flowhour2021-01-05 20:00:00 +00:002021-01-05 21:00:00 +00:00BE-TSO-0001VTP-00029exitkWh/h,1,Physical Flow,hour,2021-01-05T21:00:00+01:00,2021-01-05T22:00:00+01:00,BE-TSO-0001,21X-BE-A-A0A0A-Y,Fluxys Belgium,VTP-00029,Zeebrugge Beach,21Z0000000000090,exit,kWh/h,,,25737936,2021-03-30T00:27:09+02:00,,Confirmed,,,,,False,,,False,PRISMA,,https://platform.prisma-capacity.eu/,,Trading Point,9,False
1Physical Flowhour2021-01-05 21:00:00 +00:002021-01-05 22:00:00 +00:00BE-TSO-0001VTP-00029exitkWh/h,1,Physical Flow,hour,2021-01-05T22:00:00+01:00,2021-01-05T23:00:00+01:00,BE-TSO-0001,21X-BE-A-A0A0A-Y,Fluxys Belgium,VTP-00029,Zeebrugge Beach,21Z0000000000090,exit,kWh/h,,,26636682,2021-03-30T00:27:09+02:00,,Confirmed,,,,,False,,,False,PRISMA,,https://platform.prisma-capacity.eu/,,Trading Point,9,False
1Physical Flowhour2021-01-05 22:00:00 +00:002021-01-05 23:00:00 +00:00BE-TSO-0001VTP-00029exitkWh/h,1,Physical Flow,hour,2021-01-05T23:00:00+01:00,2021-01-06T00:00:00+01:00,BE-TSO-0001,21X-BE-A-A0A0A-Y,Fluxys Belgium,VTP-00029,Zeebrugge Beach,21Z0000000000090,exit,kWh/h,,,26450901,2021-03-30T00:27:09+02:00,,Confirmed,,,,,False,,,False,PRISMA,,https://platform.prisma-capacity.eu/,,Trading Point,9,False
1Physical Flowhour2021-01-05 23:00:00 +00:002021-01-06 00:00:00 +00:00BE-TSO-0001VTP-00029exitkWh/h,1,Physical Flow,hour,2021-01-06T00:00:00+01:00,2021-01-06T01:00:00+01:00,BE-TSO-0001,21X-BE-A-A0A0A-Y,Fluxys Belgium,VTP-00029,Zeebrugge Beach,21Z0000000000090,exit,kWh/h,,,25830446,2021-03-30T00:27:09+02:00,,Confirmed,,,,,False,,,False,PRISMA,,https://platform.prisma-capacity.eu/,,Trading Point,9,False
1Physical Flowhour2021-01-06 00:00:00 +00:002021-01-06 01:00:00 +00:00BE-TSO-0001VTP-00029exitkWh/h,1,Physical Flow,hour,2021-01-06T01:00:00+01:00,2021-01-06T02:00:00+01:00,BE-TSO-0001,21X-BE-A-A0A0A-Y,Fluxys Belgium,VTP-00029,Zeebrugge Beach,21Z0000000000090,exit,kWh/h,,,25137348,2021-03-30T00:27:09+02:00,,Confirmed,,,,,False,,,False,PRISMA,,https://platform.prisma-capacity.eu/,,Trading Point,9,False
1Physical Flowhour2021-01-06 01:00:00 +00:002021-01-06 02:00:00 +00:00BE-TSO-0001VTP-00029exitkWh/h,1,Physical Flow,hour,2021-01-06T02:00:00+01:00,2021-01-06T03:00:00+01:00,BE-TSO-0001,21X-BE-A-A0A0A-Y,Fluxys Belgium,VTP-00029,Zeebrugge Beach,21Z0000000000090,exit,kWh/h,,,25239595,2021-03-30T00:27:09+02:00,,Confirmed,,,,,False,,,False,PRISMA,,https://platform.prisma-capacity.eu/,,Trading Point,9,False
1Physical Flowhour2021-01-06 02:00:00 +00:002021-01-06 03:00:00 +00:00BE-TSO-0001VTP-00029exitkWh/h,1,Physical Flow,hour,2021-01-06T03:00:00+01:00,2021-01-06T04:00:00+01:00,BE-TSO-0001,21X-BE-A-A0A0A-Y,Fluxys Belgium,VTP-00029,Zeebrugge Beach,21Z0000000000090,exit,kWh/h,,,25372813,2021-03-30T00:27:09+02:00,,Confirmed,,,,,False,,,False,PRISMA,,https://platform.prisma-capacity.eu/,,Trading Point,9,False
1Physical Flowhour2021-01-06 03:00:00 +00:002021-01-06 04:00:00 +00:00BE-TSO-0001VTP-00029exitkWh/h,1,Physical Flow,hour,2021-01-06T04:00:00+01:00,2021-01-06T05:00:00+01:00,BE-TSO-0001,21X-BE-A-A0A0A-Y,Fluxys Belgium,VTP-00029,Zeebrugge Beach,21Z0000000000090,exit,kWh/h,,,25128120,2021-03-30T00:27:09+02:00,,Confirmed,,,,,False,,,False,PRISMA,,https://platform.prisma-capacity.eu/,,Trading Point,9,False
1Physical Flowhour2021-01-06 04:00:00 +00:002021-01-06 05:00:00 +00:00BE-TSO-0001VTP-00029exitkWh/h,1,Physical Flow,hour,2021-01-06T05:00:00+01:00,2021-01-06T06:00:00+01:00,BE-TSO-0001,21X-BE-A-A0A0A-Y,Fluxys Belgium,VTP-00029,Zeebrugge Beach,21Z0000000000090,exit,kWh/h,,,24898451,2021-03-30T00:27:09+02:00,,Confirmed,,,,,False,,,False,PRISMA,,https://platform.prisma-capacity.eu/,,Trading Point,9,False
1Physical Flowhour2021-01-06 05:00:00 +00:002021-01-06 06:00:00 +00:00BE-TSO-0001VTP-00029exitkWh/h,1,Physical Flow,hour,2021-01-06T06:00:00+01:00,2021-01-06T07:00:00+01:00,BE-TSO-0001,21X-BE-A-A0A0A-Y,Fluxys Belgium,VTP-00029,Zeebrugge Beach,21Z0000000000090,exit,kWh/h,,,25871180,2021-03-30T00:27:09+02:00,,Confirmed,,,,,False,,,False,PRISMA,,https://platform.prisma-capacity.eu/,,Trading Point,9,False
1Physical Flowhour2021-01-06 06:00:00 +00:002021-01-06 07:00:00 +00:00BE-TSO-0001VTP-00029exitkWh/h,1,Physical Flow,hour,2021-01-06T07:00:00+01:00,2021-01-06T08:00:00+01:00,BE-TSO-0001,21X-BE-A-A0A0A-Y,Fluxys Belgium,VTP-00029,Zeebrugge Beach,21Z0000000000090,exit,kWh/h,,,25925785,2021-03-30T00:27:09+02:00,,Confirmed,,,,,False,,,False,PRISMA,,https://platform.prisma-capacity.eu/,,Trading Point,9,False
1Physical Flowhour2021-01-06 07:00:00 +00:002021-01-06 08:00:00 +00:00BE-TSO-0001VTP-00029exitkWh/h,1,Physical Flow,hour,2021-01-06T08:00:00+01:00,2021-01-06T09:00:00+01:00,BE-TSO-0001,21X-BE-A-A0A0A-Y,Fluxys Belgium,VTP-00029,Zeebrugge Beach,21Z0000000000090,exit,kWh/h,,,25364452,2021-03-30T00:27:09+02:00,,Confirmed,,,,,False,,,False,PRISMA,,https://platform.prisma-capacity.eu/,,Trading Point,9,False
1Physical Flowhour2021-01-06 08:00:00 +00:002021-01-06 09:00:00 +00:00BE-TSO-0001VTP-00029exitkWh/h,1,Physical Flow,hour,2021-01-06T09:00:00+01:00,2021-01-06T10:00:00+01:00,BE-TSO-0001,21X-BE-A-A0A0A-Y,Fluxys Belgium,VTP-00029,Zeebrugge Beach,21Z0000000000090,exit,kWh/h,,,26050648,2021-03-30T00:27:09+02:00,,Confirmed,,,,,False,,,False,PRISMA,,https://platform.prisma-capacity.eu/,,Trading Point,9,False
1Physical Flowhour2021-01-06 09:00:00 +00:002021-01-06 10:00:00 +00:00BE-TSO-0001VTP-00029exitkWh/h,1,Physical Flow,hour,2021-01-06T10:00:00+01:00,2021-01-06T11:00:00+01:00,BE-TSO-0001,21X-BE-A-A0A0A-Y,Fluxys Belgium,VTP-00029,Zeebrugge Beach,21Z0000000000090,exit,kWh/h,,,25802492,2021-03-30T00:27:09+02:00,,Confirmed,,,,,False,,,False,PRISMA,,https://platform.prisma-capacity.eu/,,Trading Point,9,False
1Physical Flowhour2021-01-06 10:00:00 +00:002021-01-06 11:00:00 +00:00BE-TSO-0001VTP-00029exitkWh/h,1,Physical Flow,hour,2021-01-06T11:00:00+01:00,2021-01-06T12:00:00+01:00,BE-TSO-0001,21X-BE-A-A0A0A-Y,Fluxys Belgium,VTP-00029,Zeebrugge Beach,21Z0000000000090,exit,kWh/h,,,25376270,2021-03-30T00:27:09+02:00,,Confirmed,,,,,False,,,False,PRISMA,,https://platform.prisma-capacity.eu/,,Trading Point,9,False
1Physical Flowhour2021-01-06 11:00:00 +00:002021-01-06 12:00:00 +00:00BE-TSO-0001VTP-00029exitkWh/h,1,Physical Flow,hour,2021-01-06T12:00:00+01:00,2021-01-06T13:00:00+01:00,BE-TSO-0001,21X-BE-A-A0A0A-Y,Fluxys Belgium,VTP-00029,Zeebrugge Beach,21Z0000000000090,exit,kWh/h,,,25683427,2021-03-30T00:27:09+02:00,,Confirmed,,,,,False,,,False,PRISMA,,https://platform.prisma-capacity.eu/,,Trading Point,9,False
1Physical Flowhour2021-01-06 12:00:00 +00:002021-01-06 13:00:00 +00:00BE-TSO-0001VTP-00029exitkWh/h,1,Physical Flow,hour,2021-01-06T13:00:00+01:00,2021-01-06T14:00:00+01:00,BE-TSO-0001,21X-BE-A-A0A0A-Y,Fluxys Belgium,VTP-00029,Zeebrugge Beach,21Z0000000000090,exit,kWh/h,,,24838716,2021-03-30T00:27:09+02:00,,Confirmed,,,,,False,,,False,PRISMA,,https://platform.prisma-capacity.eu/,,Trading Point,9,False
1Physical Flowhour2021-01-06 13:00:00 +00:002021-01-06 14:00:00 +00:00BE-TSO-0001VTP-00029exitkWh/h,1,Physical Flow,hour,2021-01-06T14:00:00+01:00,2021-01-06T15:00:00+01:00,BE-TSO-0001,21X-BE-A-A0A0A-Y,Fluxys Belgium,VTP-00029,Zeebrugge Beach,21Z0000000000090,exit,kWh/h,,,25853238,2021-03-30T00:27:09+02:00,,Confirmed,,,,,False,,,False,PRISMA,,https://platform.prisma-capacity.eu/,,Trading Point,9,False
1Physical Flowhour2021-01-06 14:00:00 +00:002021-01-06 15:00:00 +00:00BE-TSO-0001VTP-00029exitkWh/h,1,Physical Flow,hour,2021-01-06T15:00:00+01:00,2021-01-06T16:00:00+01:00,BE-TSO-0001,21X-BE-A-A0A0A-Y,Fluxys Belgium,VTP-00029,Zeebrugge Beach,21Z0000000000090,exit,kWh/h,,,18490709,2021-03-30T00:27:09+02:00,,Confirmed,,,,,False,,,False,PRISMA,,https://platform.prisma-capacity.eu/,,Trading Point,9,False
1Physical Flowhour2021-01-06 15:00:00 +00:002021-01-06 16:00:00 +00:00BE-TSO-0001VTP-00029exitkWh/h,1,Physical Flow,hour,2021-01-06T16:00:00+01:00,2021-01-06T17:00:00+01:00,BE-TSO-0001,21X-BE-A-A0A0A-Y,Fluxys Belgium,VTP-00029,Zeebrugge Beach,21Z0000000000090,exit,kWh/h,,,21975524,2021-03-30T00:27:09+02:00,,Confirmed,,,,,False,,,False,PRISMA,,https://platform.prisma-capacity.eu/,,Trading Point,9,False
1Physical Flowhour2021-01-06 16:00:00 +00:002021-01-06 17:00:00 +00:00BE-TSO-0001VTP-00029exitkWh/h,1,Physical Flow,hour,2021-01-06T17:00:00+01:00,2021-01-06T18:00:00+01:00,BE-TSO-0001,21X-BE-A-A0A0A-Y,Fluxys Belgium,VTP-00029,Zeebrugge Beach,21Z0000000000090,exit,kWh/h,,,62668,2021-03-30T00:27:09+02:00,,Confirmed,,,,,False,,,False,PRISMA,,https://platform.prisma-capacity.eu/,,Trading Point,9,False
1Physical Flowhour2021-01-06 17:00:00 +00:002021-01-06 18:00:00 +00:00BE-TSO-0001VTP-00029exitkWh/h,1,Physical Flow,hour,2021-01-06T18:00:00+01:00,2021-01-06T19:00:00+01:00,BE-TSO-0001,21X-BE-A-A0A0A-Y,Fluxys Belgium,VTP-00029,Zeebrugge Beach,21Z0000000000090,exit,kWh/h,,,40084,2021-03-30T00:27:09+02:00,,Confirmed,,,,,False,,,False,PRISMA,,https://platform.prisma-capacity.eu/,,Trading Point,9,False
1Physical Flowhour2021-01-06 18:00:00 +00:002021-01-06 19:00:00 +00:00BE-TSO-0001VTP-00029exitkWh/h,1,Physical Flow,hour,2021-01-06T19:00:00+01:00,2021-01-06T20:00:00+01:00,BE-TSO-0001,21X-BE-A-A0A0A-Y,Fluxys Belgium,VTP-00029,Zeebrugge Beach,21Z0000000000090,exit,kWh/h,,,46381,2021-03-30T00:27:09+02:00,,Confirmed,,,,,False,,,False,PRISMA,,https://platform.prisma-capacity.eu/,,Trading Point,9,False
1Physical Flowhour2021-01-06 19:00:00 +00:002021-01-06 20:00:00 +00:00BE-TSO-0001VTP-00029exitkWh/h,1,Physical Flow,hour,2021-01-06T20:00:00+01:00,2021-01-06T21:00:00+01:00,BE-TSO-0001,21X-BE-A-A0A0A-Y,Fluxys Belgium,VTP-00029,Zeebrugge Beach,21Z0000000000090,exit,kWh/h,,,20470007,2021-03-30T00:27:09+02:00,,Confirmed,,,,,False,,,False,PRISMA,,https://platform.prisma-capacity.eu/,,Trading Point,9,False
1Physical Flowhour2021-01-06 20:00:00 +00:002021-01-06 21:00:00 +00:00BE-TSO-0001VTP-00029exitkWh/h,1,Physical Flow,hour,2021-01-06T21:00:00+01:00,2021-01-06T22:00:00+01:00,BE-TSO-0001,21X-BE-A-A0A0A-Y,Fluxys Belgium,VTP-00029,Zeebrugge Beach,21Z0000000000090,exit,kWh/h,,,27372165,2021-03-30T00:27:09+02:00,,Confirmed,,,,,False,,,False,PRISMA,,https://platform.prisma-capacity.eu/,,Trading Point,9,False
1Physical Flowhour2021-01-06 21:00:00 +00:002021-01-06 22:00:00 +00:00BE-TSO-0001VTP-00029exitkWh/h,1,Physical Flow,hour,2021-01-06T22:00:00+01:00,2021-01-06T23:00:00+01:00,BE-TSO-0001,21X-BE-A-A0A0A-Y,Fluxys Belgium,VTP-00029,Zeebrugge Beach,21Z0000000000090,exit,kWh/h,,,27652448,2021-03-30T00:27:09+02:00,,Confirmed,,,,,False,,,False,PRISMA,,https://platform.prisma-capacity.eu/,,Trading Point,9,False
1Physical Flowhour2021-01-06 22:00:00 +00:002021-01-06 23:00:00 +00:00BE-TSO-0001VTP-00029exitkWh/h,1,Physical Flow,hour,2021-01-06T23:00:00+01:00,2021-01-07T00:00:00+01:00,BE-TSO-0001,21X-BE-A-A0A0A-Y,Fluxys Belgium,VTP-00029,Zeebrugge Beach,21Z0000000000090,exit,kWh/h,,,27248444,2021-03-30T00:27:09+02:00,,Confirmed,,,,,False,,,False,PRISMA,,https://platform.prisma-capacity.eu/,,Trading Point,9,False
1Physical Flowhour2021-01-06 23:00:00 +00:002021-01-07 00:00:00 +00:00BE-TSO-0001VTP-00029exitkWh/h,1,Physical Flow,hour,2021-01-07T00:00:00+01:00,2021-01-07T01:00:00+01:00,BE-TSO-0001,21X-BE-A-A0A0A-Y,Fluxys Belgium,VTP-00029,Zeebrugge Beach,21Z0000000000090,exit,kWh/h,,,27396807,2021-03-30T00:27:09+02:00,,Confirmed,,,,,False,,,False,PRISMA,,https://platform.prisma-capacity.eu/,,Trading Point,9,False
1Physical Flowhour2021-01-07 00:00:00 +00:002021-01-07 01:00:00 +00:00BE-TSO-0001VTP-00029exitkWh/h,1,Physical Flow,hour,2021-01-07T01:00:00+01:00,2021-01-07T02:00:00+01:00,BE-TSO-0001,21X-BE-A-A0A0A-Y,Fluxys Belgium,VTP-00029,Zeebrugge Beach,21Z0000000000090,exit,kWh/h,,,27548906,2021-03-30T00:27:09+02:00,,Confirmed,,,,,False,,,False,PRISMA,,https://platform.prisma-capacity.eu/,,Trading Point,9,False
1Physical Flowhour2021-01-07 01:00:00 +00:002021-01-07 02:00:00 +00:00BE-TSO-0001VTP-00029exitkWh/h,1,Physical Flow,hour,2021-01-07T02:00:00+01:00,2021-01-07T03:00:00+01:00,BE-TSO-0001,21X-BE-A-A0A0A-Y,Fluxys Belgium,VTP-00029,Zeebrugge Beach,21Z0000000000090,exit,kWh/h,,,26338569,2021-03-30T00:27:09+02:00,,Confirmed,,,,,False,,,False,PRISMA,,https://platform.prisma-capacity.eu/,,Trading Point,9,False
1Physical Flowhour2021-01-07 02:00:00 +00:002021-01-07 03:00:00 +00:00BE-TSO-0001VTP-00029exitkWh/h,1,Physical Flow,hour,2021-01-07T03:00:00+01:00,2021-01-07T04:00:00+01:00,BE-TSO-0001,21X-BE-A-A0A0A-Y,Fluxys Belgium,VTP-00029,Zeebrugge Beach,21Z0000000000090,exit,kWh/h,,,24303082,2021-03-30T00:27:09+02:00,,Confirmed,,,,,False,,,False,PRISMA,,https://platform.prisma-capacity.eu/,,Trading Point,9,False
1Physical Flowhour2021-01-07 03:00:00 +00:002021-01-07 04:00:00 +00:00BE-TSO-0001VTP-00029exitkWh/h,1,Physical Flow,hour,2021-01-07T04:00:00+01:00,2021-01-07T05:00:00+01:00,BE-TSO-0001,21X-BE-A-A0A0A-Y,Fluxys Belgium,VTP-00029,Zeebrugge Beach,21Z0000000000090,exit,kWh/h,,,22532884,2021-03-30T00:27:09+02:00,,Confirmed,,,,,False,,,False,PRISMA,,https://platform.prisma-capacity.eu/,,Trading Point,9,False
1Physical Flowhour2021-01-07 04:00:00 +00:002021-01-07 05:00:00 +00:00BE-TSO-0001VTP-00029exitkWh/h,1,Physical Flow,hour,2021-01-07T05:00:00+01:00,2021-01-07T06:00:00+01:00,BE-TSO-0001,21X-BE-A-A0A0A-Y,Fluxys Belgium,VTP-00029,Zeebrugge Beach,21Z0000000000090,exit,kWh/h,,,22090898,2021-03-30T00:27:09+02:00,,Confirmed,,,,,False,,,False,PRISMA,,https://platform.prisma-capacity.eu/,,Trading Point,9,False
1Physical Flowhour2021-01-07 05:00:00 +00:002021-01-07 06:00:00 +00:00BE-TSO-0001VTP-00029exitkWh/h,1,Physical Flow,hour,2021-01-07T06:00:00+01:00,2021-01-07T07:00:00+01:00,BE-TSO-0001,21X-BE-A-A0A0A-Y,Fluxys Belgium,VTP-00029,Zeebrugge Beach,21Z0000000000090,exit,kWh/h,,,20184899,2021-03-30T00:27:09+02:00,,Confirmed,,,,,False,,,False,PRISMA,,https://platform.prisma-capacity.eu/,,Trading Point,9,False
1Physical Flowhour2021-01-07 06:00:00 +00:002021-01-07 07:00:00 +00:00BE-TSO-0001VTP-00029exitkWh/h,1,Physical Flow,hour,2021-01-07T07:00:00+01:00,2021-01-07T08:00:00+01:00,BE-TSO-0001,21X-BE-A-A0A0A-Y,Fluxys Belgium,VTP-00029,Zeebrugge Beach,21Z0000000000090,exit,kWh/h,,,20099030,2021-03-30T00:27:09+02:00,,Confirmed,,,,,False,,,False,PRISMA,,https://platform.prisma-capacity.eu/,,Trading Point,9,False
1Physical Flowhour2021-01-07 07:00:00 +00:002021-01-07 08:00:00 +00:00BE-TSO-0001VTP-00029exitkWh/h,1,Physical Flow,hour,2021-01-07T08:00:00+01:00,2021-01-07T09:00:00+01:00,BE-TSO-0001,21X-BE-A-A0A0A-Y,Fluxys Belgium,VTP-00029,Zeebrugge Beach,21Z0000000000090,exit,kWh/h,,,20016941,2021-03-30T00:27:09+02:00,,Confirmed,,,,,False,,,False,PRISMA,,https://platform.prisma-capacity.eu/,,Trading Point,9,False
1Physical Flowhour2021-01-07 08:00:00 +00:002021-01-07 09:00:00 +00:00BE-TSO-0001VTP-00029exitkWh/h,1,Physical Flow,hour,2021-01-07T09:00:00+01:00,2021-01-07T10:00:00+01:00,BE-TSO-0001,21X-BE-A-A0A0A-Y,Fluxys Belgium,VTP-00029,Zeebrugge Beach,21Z0000000000090,exit,kWh/h,,,12412298,2021-03-30T00:27:09+02:00,,Confirmed,,,,,False,,,False,PRISMA,,https://platform.prisma-capacity.eu/,,Trading Point,9,False
1Physical Flowhour2021-01-07 09:00:00 +00:002021-01-07 10:00:00 +00:00BE-TSO-0001VTP-00029exitkWh/h,1,Physical Flow,hour,2021-01-07T10:00:00+01:00,2021-01-07T11:00:00+01:00,BE-TSO-0001,21X-BE-A-A0A0A-Y,Fluxys Belgium,VTP-00029,Zeebrugge Beach,21Z0000000000090,exit,kWh/h,,,12035088,2021-03-30T00:27:09+02:00,,Confirmed,,,,,False,,,False,PRISMA,,https://platform.prisma-capacity.eu/,,Trading Point,9,False
1Physical Flowhour2021-01-07 10:00:00 +00:002021-01-07 11:00:00 +00:00BE-TSO-0001VTP-00029exitkWh/h,1,Physical Flow,hour,2021-01-07T11:00:00+01:00,2021-01-07T12:00:00+01:00,BE-TSO-0001,21X-BE-A-A0A0A-Y,Fluxys Belgium,VTP-00029,Zeebrugge Beach,21Z0000000000090,exit,kWh/h,,,12184685,2021-03-30T00:27:09+02:00,,Confirmed,,,,,False,,,False,PRISMA,,https://platform.prisma-capacity.eu/,,Trading Point,9,False
1Physical Flowhour2021-01-07 11:00:00 +00:002021-01-07 12:00:00 +00:00BE-TSO-0001VTP-00029exitkWh/h,1,Physical Flow,hour,2021-01-07T12:00:00+01:00,2021-01-07T13:00:00+01:00,BE-TSO-0001,21X-BE-A-A0A0A-Y,Fluxys Belgium,VTP-00029,Zeebrugge Beach,21Z0000000000090,exit,kWh/h,,,12186775,2021-03-30T00:27:09+02:00,,Confirmed,,,,,False,,,False,PRISMA,,https://platform.prisma-capacity.eu/,,Trading Point,9,False
1Physical Flowhour2021-01-07 12:00:00 +00:002021-01-07 13:00:00 +00:00BE-TSO-0001VTP-00029exitkWh/h,1,Physical Flow,hour,2021-01-07T13:00:00+01:00,2021-01-07T14:00:00+01:00,BE-TSO-0001,21X-BE-A-A0A0A-Y,Fluxys Belgium,VTP-00029,Zeebrugge Beach,21Z0000000000090,exit,kWh/h,,,11950190,2021-03-30T00:27:09+02:00,,Confirmed,,,,,False,,,False,PRISMA,,https://platform.prisma-capacity.eu/,,Trading Point,9,False
1Physical Flowhour2021-01-07 13:00:00 +00:002021-01-07 14:00:00 +00:00BE-TSO-0001VTP-00029exitkWh/h,1,Physical Flow,hour,2021-01-07T14:00:00+01:00,2021-01-07T15:00:00+01:00,BE-TSO-0001,21X-BE-A-A0A0A-Y,Fluxys Belgium,VTP-00029,Zeebrugge Beach,21Z0000000000090,exit,kWh/h,,,11862738,2021-03-30T00:27:09+02:00,,Confirmed,,,,,False,,,False,PRISMA,,https://platform.prisma-capacity.eu/,,Trading Point,9,False
1Physical Flowhour2021-01-07 14:00:00 +00:002021-01-07 15:00:00 +00:00BE-TSO-0001VTP-00029exitkWh/h,1,Physical Flow,hour,2021-01-07T15:00:00+01:00,2021-01-07T16:00:00+01:00,BE-TSO-0001,21X-BE-A-A0A0A-Y,Fluxys Belgium,VTP-00029,Zeebrugge Beach,21Z0000000000090,exit,kWh/h,,,11857453,2021-03-30T00:27:09+02:00,,Confirmed,,,,,False,,,False,PRISMA,,https://platform.prisma-capacity.eu/,,Trading Point,9,False
1Physical Flowhour2021-01-07 15:00:00 +00:002021-01-07 16:00:00 +00:00BE-TSO-0001VTP-00029exitkWh/h,1,Physical Flow,hour,2021-01-07T16:00:00+01:00,2021-01-07T17:00:00+01:00,BE-TSO-0001,21X-BE-A-A0A0A-Y,Fluxys Belgium,VTP-00029,Zeebrugge Beach,21Z0000000000090,exit,kWh/h,,,11316006,2021-03-30T00:27:09+02:00,,Confirmed,,,,,False,,,False,PRISMA,,https://platform.prisma-capacity.eu/,,Trading Point,9,False
1Physical Flowhour2021-01-07 16:00:00 +00:002021-01-07 17:00:00 +00:00BE-TSO-0001VTP-00029exitkWh/h,1,Physical Flow,hour,2021-01-07T17:00:00+01:00,2021-01-07T18:00:00+01:00,BE-TSO-0001,21X-BE-A-A0A0A-Y,Fluxys Belgium,VTP-00029,Zeebrugge Beach,21Z0000000000090,exit,kWh/h,,,33556,2021-03-30T00:27:09+02:00,,Confirmed,,,,,False,,,False,PRISMA,,https://platform.prisma-capacity.eu/,,Trading Point,9,False
1Physical Flowhour2021-01-07 17:00:00 +00:002021-01-07 18:00:00 +00:00BE-TSO-0001VTP-00029exitkWh/h,1,Physical Flow,hour,2021-01-07T18:00:00+01:00,2021-01-07T19:00:00+01:00,BE-TSO-0001,21X-BE-A-A0A0A-Y,Fluxys Belgium,VTP-00029,Zeebrugge Beach,21Z0000000000090,exit,kWh/h,,,22386,2021-03-30T00:27:09+02:00,,Confirmed,,,,,False,,,False,PRISMA,,https://platform.prisma-capacity.eu/,,Trading Point,9,False
1Physical Flowhour2021-01-07 18:00:00 +00:002021-01-07 19:00:00 +00:00BE-TSO-0001VTP-00029exitkWh/h,1,Physical Flow,hour,2021-01-07T19:00:00+01:00,2021-01-07T20:00:00+01:00,BE-TSO-0001,21X-BE-A-A0A0A-Y,Fluxys Belgium,VTP-00029,Zeebrugge Beach,21Z0000000000090,exit,kWh/h,,,24262,2021-03-30T00:27:09+02:00,,Confirmed,,,,,False,,,False,PRISMA,,https://platform.prisma-capacity.eu/,,Trading Point,9,False
1Physical Flowhour2021-01-07 19:00:00 +00:002021-01-07 20:00:00 +00:00BE-TSO-0001VTP-00029exitkWh/h,1,Physical Flow,hour,2021-01-07T20:00:00+01:00,2021-01-07T21:00:00+01:00,BE-TSO-0001,21X-BE-A-A0A0A-Y,Fluxys Belgium,VTP-00029,Zeebrugge Beach,21Z0000000000090,exit,kWh/h,,,12302149,2021-03-30T00:27:09+02:00,,Confirmed,,,,,False,,,False,PRISMA,,https://platform.prisma-capacity.eu/,,Trading Point,9,False
1Physical Flowhour2021-01-07 20:00:00 +00:002021-01-07 21:00:00 +00:00BE-TSO-0001VTP-00029exitkWh/h,1,Physical Flow,hour,2021-01-07T21:00:00+01:00,2021-01-07T22:00:00+01:00,BE-TSO-0001,21X-BE-A-A0A0A-Y,Fluxys Belgium,VTP-00029,Zeebrugge Beach,21Z0000000000090,exit,kWh/h,,,14797938,2021-03-30T00:27:09+02:00,,Confirmed,,,,,False,,,False,PRISMA,,https://platform.prisma-capacity.eu/,,Trading Point,9,False
1Physical Flowhour2021-01-07 21:00:00 +00:002021-01-07 22:00:00 +00:00BE-TSO-0001VTP-00029exitkWh/h,1,Physical Flow,hour,2021-01-07T22:00:00+01:00,2021-01-07T23:00:00+01:00,BE-TSO-0001,21X-BE-A-A0A0A-Y,Fluxys Belgium,VTP-00029,Zeebrugge Beach,21Z0000000000090,exit,kWh/h,,,13909836,2021-03-30T00:27:09+02:00,,Confirmed,,,,,False,,,False,PRISMA,,https://platform.prisma-capacity.eu/,,Trading Point,9,False
1Physical Flowhour2021-01-07 22:00:00 +00:002021-01-07 23:00:00 +00:00BE-TSO-0001VTP-00029exitkWh/h,1,Physical Flow,hour,2021-01-07T23:00:00+01:00,2021-01-08T00:00:00+01:00,BE-TSO-0001,21X-BE-A-A0A0A-Y,Fluxys Belgium,VTP-00029,Zeebrugge Beach,21Z0000000000090,exit,kWh/h,,,13442978,2021-03-30T00:27:09+02:00,,Confirmed,,,,,False,,,False,PRISMA,,https://platform.prisma-capacity.eu/,,Trading Point,9,False
1Physical Flowhour2021-01-07 23:00:00 +00:002021-01-08 00:00:00 +00:00BE-TSO-0001VTP-00029exitkWh/h,1,Physical Flow,hour,2021-01-08T00:00:00+01:00,2021-01-08T01:00:00+01:00,BE-TSO-0001,21X-BE-A-A0A0A-Y,Fluxys Belgium,VTP-00029,Zeebrugge Beach,21Z0000000000090,exit,kWh/h,,,13375883,2021-03-30T00:27:09+02:00,,Confirmed,,,,,False,,,False,PRISMA,,https://platform.prisma-capacity.eu/,,Trading Point,9,False
1Physical Flowhour2021-01-08 00:00:00 +00:002021-01-08 01:00:00 +00:00BE-TSO-0001VTP-00029exitkWh/h,1,Physical Flow,hour,2021-01-08T01:00:00+01:00,2021-01-08T02:00:00+01:00,BE-TSO-0001,21X-BE-A-A0A0A-Y,Fluxys Belgium,VTP-00029,Zeebrugge Beach,21Z0000000000090,exit,kWh/h,,,13398337,2021-03-30T00:27:09+02:00,,Confirmed,,,,,False,,,False,PRISMA,,https://platform.prisma-capacity.eu/,,Trading Point,9,False
1Physical Flowhour2021-01-08 01:00:00 +00:002021-01-08 02:00:00 +00:00BE-TSO-0001VTP-00029exitkWh/h,1,Physical Flow,hour,2021-01-08T02:00:00+01:00,2021-01-08T03:00:00+01:00,BE-TSO-0001,21X-BE-A-A0A0A-Y,Fluxys Belgium,VTP-00029,Zeebrugge Beach,21Z0000000000090,exit,kWh/h,,,14566377,2021-03-30T00:27:09+02:00,,Confirmed,,,,,False,,,False,PRISMA,,https://platform.prisma-capacity.eu/,,Trading Point,9,False
1Physical Flowhour2021-01-08 02:00:00 +00:002021-01-08 03:00:00 +00:00BE-TSO-0001VTP-00029exitkWh/h,1,Physical Flow,hour,2021-01-08T03:00:00+01:00,2021-01-08T04:00:00+01:00,BE-TSO-0001,21X-BE-A-A0A0A-Y,Fluxys Belgium,VTP-00029,Zeebrugge Beach,21Z0000000000090,exit,kWh/h,,,14790943,2021-03-30T00:27:09+02:00,,Confirmed,,,,,False,,,False,PRISMA,,https://platform.prisma-capacity.eu/,,Trading Point,9,False
1Physical Flowhour2021-01-08 03:00:00 +00:002021-01-08 04:00:00 +00:00BE-TSO-0001VTP-00029exitkWh/h,1,Physical Flow,hour,2021-01-08T04:00:00+01:00,2021-01-08T05:00:00+01:00,BE-TSO-0001,21X-BE-A-A0A0A-Y,Fluxys Belgium,VTP-00029,Zeebrugge Beach,21Z0000000000090,exit,kWh/h,,,14757355,2021-03-30T00:27:09+02:00,,Confirmed,,,,,False,,,False,PRISMA,,https://platform.prisma-capacity.eu/,,Trading Point,9,False
1Physical Flowhour2021-01-08 04:00:00 +00:002021-01-08 05:00:00 +00:00BE-TSO-0001VTP-00029exitkWh/h,1,Physical Flow,hour,2021-01-08T05:00:00+01:00,2021-01-08T06:00:00+01:00,BE-TSO-0001,21X-BE-A-A0A0A-Y,Fluxys Belgium,VTP-00029,Zeebrugge Beach,21Z0000000000090,exit,kWh/h,,,14624377,2021-03-30T00:27:09+02:00,,Confirmed,,,,,False,,,False,PRISMA,,https://platform.prisma-capacity.eu/,,Trading Point,9,False
1Physical Flowhour2021-01-08 05:00:00 +00:002021-01-08 06:00:00 +00:00BE-TSO-0001VTP-00029exitkWh/h,1,Physical Flow,hour,2021-01-08T06:00:00+01:00,2021-01-08T07:00:00+01:00,BE-TSO-0001,21X-BE-A-A0A0A-Y,Fluxys Belgium,VTP-00029,Zeebrugge Beach,21Z0000000000090,exit,kWh/h,,,13336725,2021-03-30T00:27:09+02:00,,Confirmed,,,,,False,,,False,PRISMA,,https://platform.prisma-capacity.eu/,,Trading Point,9,False
1Physical Flowhour2021-01-08 06:00:00 +00:002021-01-08 07:00:00 +00:00BE-TSO-0001VTP-00029exitkWh/h,1,Physical Flow,hour,2021-01-08T07:00:00+01:00,2021-01-08T08:00:00+01:00,BE-TSO-0001,21X-BE-A-A0A0A-Y,Fluxys Belgium,VTP-00029,Zeebrugge Beach,21Z0000000000090,exit,kWh/h,,,13285039,2021-03-30T00:27:09+02:00,,Confirmed,,,,,False,,,False,PRISMA,,https://platform.prisma-capacity.eu/,,Trading Point,9,False
1Physical Flowhour2021-01-08 07:00:00 +00:002021-01-08 08:00:00 +00:00BE-TSO-0001VTP-00029exitkWh/h,1,Physical Flow,hour,2021-01-08T08:00:00+01:00,2021-01-08T09:00:00+01:00,BE-TSO-0001,21X-BE-A-A0A0A-Y,Fluxys Belgium,VTP-00029,Zeebrugge Beach,21Z0000000000090,exit,kWh/h,,,13282913,2021-03-30T00:27:09+02:00,,Confirmed,,,,,False,,,False,PRISMA,,https://platform.prisma-capacity.eu/,,Trading Point,9,False
1Physical Flowhour2021-01-08 08:00:00 +00:002021-01-08 09:00:00 +00:00BE-TSO-0001VTP-00029exitkWh/h,1,Physical Flow,hour,2021-01-08T09:00:00+01:00,2021-01-08T10:00:00+01:00,BE-TSO-0001,21X-BE-A-A0A0A-Y,Fluxys Belgium,VTP-00029,Zeebrugge Beach,21Z0000000000090,exit,kWh/h,,,13280748,2021-03-30T00:27:09+02:00,,Confirmed,,,,,False,,,False,PRISMA,,https://platform.prisma-capacity.eu/,,Trading Point,9,False
1Physical Flowhour2021-01-08 09:00:00 +00:002021-01-08 10:00:00 +00:00BE-TSO-0001VTP-00029exitkWh/h,1,Physical Flow,hour,2021-01-08T10:00:00+01:00,2021-01-08T11:00:00+01:00,BE-TSO-0001,21X-BE-A-A0A0A-Y,Fluxys Belgium,VTP-00029,Zeebrugge Beach,21Z0000000000090,exit,kWh/h,,,13281782,2021-03-30T00:27:09+02:00,,Confirmed,,,,,False,,,False,PRISMA,,https://platform.prisma-capacity.eu/,,Trading Point,9,False
1Physical Flowhour2021-01-08 10:00:00 +00:002021-01-08 11:00:00 +00:00BE-TSO-0001VTP-00029exitkWh/h,1,Physical Flow,hour,2021-01-08T11:00:00+01:00,2021-01-08T12:00:00+01:00,BE-TSO-0001,21X-BE-A-A0A0A-Y,Fluxys Belgium,VTP-00029,Zeebrugge Beach,21Z0000000000090,exit,kWh/h,,,13280263,2021-03-30T00:27:09+02:00,,Confirmed,,,,,False,,,False,PRISMA,,https://platform.prisma-capacity.eu/,,Trading Point,9,False
1Physical Flowhour2021-01-08 11:00:00 +00:002021-01-08 12:00:00 +00:00BE-TSO-0001VTP-00029exitkWh/h,1,Physical Flow,hour,2021-01-08T12:00:00+01:00,2021-01-08T13:00:00+01:00,BE-TSO-0001,21X-BE-A-A0A0A-Y,Fluxys Belgium,VTP-00029,Zeebrugge Beach,21Z0000000000090,exit,kWh/h,,,13283638,2021-03-30T00:27:09+02:00,,Confirmed,,,,,False,,,False,PRISMA,,https://platform.prisma-capacity.eu/,,Trading Point,9,False
1Physical Flowhour2021-01-08 12:00:00 +00:002021-01-08 13:00:00 +00:00BE-TSO-0001VTP-00029exitkWh/h,1,Physical Flow,hour,2021-01-08T13:00:00+01:00,2021-01-08T14:00:00+01:00,BE-TSO-0001,21X-BE-A-A0A0A-Y,Fluxys Belgium,VTP-00029,Zeebrugge Beach,21Z0000000000090,exit,kWh/h,,,13208255,2021-03-30T00:27:09+02:00,,Confirmed,,,,,False,,,False,PRISMA,,https://platform.prisma-capacity.eu/,,Trading Point,9,False
1Physical Flowhour2021-01-08 13:00:00 +00:002021-01-08 14:00:00 +00:00BE-TSO-0001VTP-00029exitkWh/h,1,Physical Flow,hour,2021-01-08T14:00:00+01:00,2021-01-08T15:00:00+01:00,BE-TSO-0001,21X-BE-A-A0A0A-Y,Fluxys Belgium,VTP-00029,Zeebrugge Beach,21Z0000000000090,exit,kWh/h,,,13092312,2021-03-30T00:27:09+02:00,,Confirmed,,,,,False,,,False,PRISMA,,https://platform.prisma-capacity.eu/,,Trading Point,9,False
1Physical Flowhour2021-01-08 14:00:00 +00:002021-01-08 15:00:00 +00:00BE-TSO-0001VTP-00029exitkWh/h,1,Physical Flow,hour,2021-01-08T15:00:00+01:00,2021-01-08T16:00:00+01:00,BE-TSO-0001,21X-BE-A-A0A0A-Y,Fluxys Belgium,VTP-00029,Zeebrugge Beach,21Z0000000000090,exit,kWh/h,,,12988393,2021-03-30T00:27:09+02:00,,Confirmed,,,,,False,,,False,PRISMA,,https://platform.prisma-capacity.eu/,,Trading Point,9,False
1Physical Flowhour2021-01-08 15:00:00 +00:002021-01-08 16:00:00 +00:00BE-TSO-0001VTP-00029exitkWh/h,1,Physical Flow,hour,2021-01-08T16:00:00+01:00,2021-01-08T17:00:00+01:00,BE-TSO-0001,21X-BE-A-A0A0A-Y,Fluxys Belgium,VTP-00029,Zeebrugge Beach,21Z0000000000090,exit,kWh/h,,,12002372,2021-03-30T00:27:09+02:00,,Confirmed,,,,,False,,,False,PRISMA,,https://platform.prisma-capacity.eu/,,Trading Point,9,False
1Physical Flowhour2021-01-08 16:00:00 +00:002021-01-08 17:00:00 +00:00BE-TSO-0001VTP-00029exitkWh/h,1,Physical Flow,hour,2021-01-08T17:00:00+01:00,2021-01-08T18:00:00+01:00,BE-TSO-0001,21X-BE-A-A0A0A-Y,Fluxys Belgium,VTP-00029,Zeebrugge Beach,21Z0000000000090,exit,kWh/h,,,45139,2021-03-30T00:27:09+02:00,,Confirmed,,,,,False,,,False,PRISMA,,https://platform.prisma-capacity.eu/,,Trading Point,9,False
1Physical Flowhour2021-01-08 17:00:00 +00:002021-01-08 18:00:00 +00:00BE-TSO-0001VTP-00029exitkWh/h,1,Physical Flow,hour,2021-01-08T18:00:00+01:00,2021-01-08T19:00:00+01:00,BE-TSO-0001,21X-BE-A-A0A0A-Y,Fluxys Belgium,VTP-00029,Zeebrugge Beach,21Z0000000000090,exit,kWh/h,,,31583,2021-03-30T00:27:09+02:00,,Confirmed,,,,,False,,,False,PRISMA,,https://platform.prisma-capacity.eu/,,Trading Point,9,False
1Physical Flowhour2021-01-08 18:00:00 +00:002021-01-08 19:00:00 +00:00BE-TSO-0001VTP-00029exitkWh/h,1,Physical Flow,hour,2021-01-08T19:00:00+01:00,2021-01-08T20:00:00+01:00,BE-TSO-0001,21X-BE-A-A0A0A-Y,Fluxys Belgium,VTP-00029,Zeebrugge Beach,21Z0000000000090,exit,kWh/h,,,32872,2021-03-30T00:27:09+02:00,,Confirmed,,,,,False,,,False,PRISMA,,https://platform.prisma-capacity.eu/,,Trading Point,9,False
1Physical Flowhour2021-01-08 19:00:00 +00:002021-01-08 20:00:00 +00:00BE-TSO-0001VTP-00029exitkWh/h,1,Physical Flow,hour,2021-01-08T20:00:00+01:00,2021-01-08T21:00:00+01:00,BE-TSO-0001,21X-BE-A-A0A0A-Y,Fluxys Belgium,VTP-00029,Zeebrugge Beach,21Z0000000000090,exit,kWh/h,,,13046499,2021-03-30T00:27:09+02:00,,Confirmed,,,,,False,,,False,PRISMA,,https://platform.prisma-capacity.eu/,,Trading Point,9,False
1Physical Flowhour2021-01-08 20:00:00 +00:002021-01-08 21:00:00 +00:00BE-TSO-0001VTP-00029exitkWh/h,1,Physical Flow,hour,2021-01-08T21:00:00+01:00,2021-01-08T22:00:00+01:00,BE-TSO-0001,21X-BE-A-A0A0A-Y,Fluxys Belgium,VTP-00029,Zeebrugge Beach,21Z0000000000090,exit,kWh/h,,,15439131,2021-03-30T00:27:09+02:00,,Confirmed,,,,,False,,,False,PRISMA,,https://platform.prisma-capacity.eu/,,Trading Point,9,False
1Physical Flowhour2021-01-08 21:00:00 +00:002021-01-08 22:00:00 +00:00BE-TSO-0001VTP-00029exitkWh/h,1,Physical Flow,hour,2021-01-08T22:00:00+01:00,2021-01-08T23:00:00+01:00,BE-TSO-0001,21X-BE-A-A0A0A-Y,Fluxys Belgium,VTP-00029,Zeebrugge Beach,21Z0000000000090,exit,kWh/h,,,15424278,2021-03-30T00:27:09+02:00,,Confirmed,,,,,False,,,False,PRISMA,,https://platform.prisma-capacity.eu/,,Trading Point,9,False
1Physical Flowhour2021-01-08 22:00:00 +00:002021-01-08 23:00:00 +00:00BE-TSO-0001VTP-00029exitkWh/h,1,Physical Flow,hour,2021-01-08T23:00:00+01:00,2021-01-09T00:00:00+01:00,BE-TSO-0001,21X-BE-A-A0A0A-Y,Fluxys Belgium,VTP-00029,Zeebrugge Beach,21Z0000000000090,exit,kWh/h,,,15433378,2021-03-30T00:27:09+02:00,,Confirmed,,,,,False,,,False,PRISMA,,https://platform.prisma-capacity.eu/,,Trading Point,9,False
1Physical Flowhour2021-01-08 23:00:00 +00:002021-01-09 00:00:00 +00:00BE-TSO-0001VTP-00029exitkWh/h,1,Physical Flow,hour,2021-01-09T00:00:00+01:00,2021-01-09T01:00:00+01:00,BE-TSO-0001,21X-BE-A-A0A0A-Y,Fluxys Belgium,VTP-00029,Zeebrugge Beach,21Z0000000000090,exit,kWh/h,,,15153070,2021-03-30T00:27:09+02:00,,Confirmed,,,,,False,,,False,PRISMA,,https://platform.prisma-capacity.eu/,,Trading Point,9,False
1Physical Flowhour2021-01-09 00:00:00 +00:002021-01-09 01:00:00 +00:00BE-TSO-0001VTP-00029exitkWh/h,1,Physical Flow,hour,2021-01-09T01:00:00+01:00,2021-01-09T02:00:00+01:00,BE-TSO-0001,21X-BE-A-A0A0A-Y,Fluxys Belgium,VTP-00029,Zeebrugge Beach,21Z0000000000090,exit,kWh/h,,,15769760,2021-03-30T00:27:09+02:00,,Confirmed,,,,,False,,,False,PRISMA,,https://platform.prisma-capacity.eu/,,Trading Point,9,False
1Physical Flowhour2021-01-09 01:00:00 +00:002021-01-09 02:00:00 +00:00BE-TSO-0001VTP-00029exitkWh/h,1,Physical Flow,hour,2021-01-09T02:00:00+01:00,2021-01-09T03:00:00+01:00,BE-TSO-0001,21X-BE-A-A0A0A-Y,Fluxys Belgium,VTP-00029,Zeebrugge Beach,21Z0000000000090,exit,kWh/h,,,16623815,2021-03-30T00:27:09+02:00,,Confirmed,,,,,False,,,False,PRISMA,,https://platform.prisma-capacity.eu/,,Trading Point,9,False
1Physical Flowhour2021-01-09 02:00:00 +00:002021-01-09 03:00:00 +00:00BE-TSO-0001VTP-00029exitkWh/h,1,Physical Flow,hour,2021-01-09T03:00:00+01:00,2021-01-09T04:00:00+01:00,BE-TSO-0001,21X-BE-A-A0A0A-Y,Fluxys Belgium,VTP-00029,Zeebrugge Beach,21Z0000000000090,exit,kWh/h,,,17419364,2021-03-30T00:27:09+02:00,,Confirmed,,,,,False,,,False,PRISMA,,https://platform.prisma-capacity.eu/,,Trading Point,9,False
1Physical Flowhour2021-01-09 03:00:00 +00:002021-01-09 04:00:00 +00:00BE-TSO-0001VTP-00029exitkWh/h,1,Physical Flow,hour,2021-01-09T04:00:00+01:00,2021-01-09T05:00:00+01:00,BE-TSO-0001,21X-BE-A-A0A0A-Y,Fluxys Belgium,VTP-00029,Zeebrugge Beach,21Z0000000000090,exit,kWh/h,,,17554300,2021-03-30T00:27:09+02:00,,Confirmed,,,,,False,,,False,PRISMA,,https://platform.prisma-capacity.eu/,,Trading Point,9,False
1Physical Flowhour2021-01-09 04:00:00 +00:002021-01-09 05:00:00 +00:00BE-TSO-0001VTP-00029exitkWh/h,1,Physical Flow,hour,2021-01-09T05:00:00+01:00,2021-01-09T06:00:00+01:00,BE-TSO-0001,21X-BE-A-A0A0A-Y,Fluxys Belgium,VTP-00029,Zeebrugge Beach,21Z0000000000090,exit,kWh/h,,,17549754,2021-03-30T00:27:09+02:00,,Confirmed,,,,,False,,,False,PRISMA,,https://platform.prisma-capacity.eu/,,Trading Point,9,False
1Physical Flowhour2021-01-09 05:00:00 +00:002021-01-09 06:00:00 +00:00BE-TSO-0001VTP-00029exitkWh/h,1,Physical Flow,hour,2021-01-09T06:00:00+01:00,2021-01-09T07:00:00+01:00,BE-TSO-0001,21X-BE-A-A0A0A-Y,Fluxys Belgium,VTP-00029,Zeebrugge Beach,21Z0000000000090,exit,kWh/h,,,19462547,2021-03-30T00:27:09+02:00,,Confirmed,,,,,False,,,False,PRISMA,,https://platform.prisma-capacity.eu/,,Trading Point,9,False
1Physical Flowhour2021-01-09 06:00:00 +00:002021-01-09 07:00:00 +00:00BE-TSO-0001VTP-00029exitkWh/h,1,Physical Flow,hour,2021-01-09T07:00:00+01:00,2021-01-09T08:00:00+01:00,BE-TSO-0001,21X-BE-A-A0A0A-Y,Fluxys Belgium,VTP-00029,Zeebrugge Beach,21Z0000000000090,exit,kWh/h,,,19579015,2021-03-30T00:27:09+02:00,,Confirmed,,,,,False,,,False,PRISMA,,https://platform.prisma-capacity.eu/,,Trading Point,9,False
1Physical Flowhour2021-01-09 07:00:00 +00:002021-01-09 08:00:00 +00:00BE-TSO-0001VTP-00029exitkWh/h,1,Physical Flow,hour,2021-01-09T08:00:00+01:00,2021-01-09T09:00:00+01:00,BE-TSO-0001,21X-BE-A-A0A0A-Y,Fluxys Belgium,VTP-00029,Zeebrugge Beach,21Z0000000000090,exit,kWh/h,,,19591006,2021-03-30T00:27:09+02:00,,Confirmed,,,,,False,,,False,PRISMA,,https://platform.prisma-capacity.eu/,,Trading Point,9,False
1Physical Flowhour2021-01-09 08:00:00 +00:002021-01-09 09:00:00 +00:00BE-TSO-0001VTP-00029exitkWh/h,1,Physical Flow,hour,2021-01-09T09:00:00+01:00,2021-01-09T10:00:00+01:00,BE-TSO-0001,21X-BE-A-A0A0A-Y,Fluxys Belgium,VTP-00029,Zeebrugge Beach,21Z0000000000090,exit,kWh/h,,,19589390,2021-03-30T00:27:09+02:00,,Confirmed,,,,,False,,,False,PRISMA,,https://platform.prisma-capacity.eu/,,Trading Point,9,False
1Physical Flowhour2021-01-09 09:00:00 +00:002021-01-09 10:00:00 +00:00BE-TSO-0001VTP-00029exitkWh/h,1,Physical Flow,hour,2021-01-09T10:00:00+01:00,2021-01-09T11:00:00+01:00,BE-TSO-0001,21X-BE-A-A0A0A-Y,Fluxys Belgium,VTP-00029,Zeebrugge Beach,21Z0000000000090,exit,kWh/h,,,19588645,2021-03-30T00:27:09+02:00,,Confirmed,,,,,False,,,False,PRISMA,,https://platform.prisma-capacity.eu/,,Trading Point,9,False
1Physical Flowhour2021-01-09 10:00:00 +00:002021-01-09 11:00:00 +00:00BE-TSO-0001VTP-00029exitkWh/h,1,Physical Flow,hour,2021-01-09T11:00:00+01:00,2021-01-09T12:00:00+01:00,BE-TSO-0001,21X-BE-A-A0A0A-Y,Fluxys Belgium,VTP-00029,Zeebrugge Beach,21Z0000000000090,exit,kWh/h,,,19586858,2021-03-30T00:27:09+02:00,,Confirmed,,,,,False,,,False,PRISMA,,https://platform.prisma-capacity.eu/,,Trading Point,9,False
1Physical Flowhour2021-01-09 11:00:00 +00:002021-01-09 12:00:00 +00:00BE-TSO-0001VTP-00029exitkWh/h,1,Physical Flow,hour,2021-01-09T12:00:00+01:00,2021-01-09T13:00:00+01:00,BE-TSO-0001,21X-BE-A-A0A0A-Y,Fluxys Belgium,VTP-00029,Zeebrugge Beach,21Z0000000000090,exit,kWh/h,,,19587423,2021-03-30T00:27:09+02:00,,Confirmed,,,,,False,,,False,PRISMA,,https://platform.prisma-capacity.eu/,,Trading Point,9,False
1Physical Flowhour2021-01-09 12:00:00 +00:002021-01-09 13:00:00 +00:00BE-TSO-0001VTP-00029exitkWh/h,1,Physical Flow,hour,2021-01-09T13:00:00+01:00,2021-01-09T14:00:00+01:00,BE-TSO-0001,21X-BE-A-A0A0A-Y,Fluxys Belgium,VTP-00029,Zeebrugge Beach,21Z0000000000090,exit,kWh/h,,,19587579,2021-03-30T00:27:09+02:00,,Confirmed,,,,,False,,,False,PRISMA,,https://platform.prisma-capacity.eu/,,Trading Point,9,False
1Physical Flowhour2021-01-09 13:00:00 +00:002021-01-09 14:00:00 +00:00BE-TSO-0001VTP-00029exitkWh/h,1,Physical Flow,hour,2021-01-09T14:00:00+01:00,2021-01-09T15:00:00+01:00,BE-TSO-0001,21X-BE-A-A0A0A-Y,Fluxys Belgium,VTP-00029,Zeebrugge Beach,21Z0000000000090,exit,kWh/h,,,19584323,2021-03-30T00:27:09+02:00,,Confirmed,,,,,False,,,False,PRISMA,,https://platform.prisma-capacity.eu/,,Trading Point,9,False
1Physical Flowhour2021-01-09 14:00:00 +00:002021-01-09 15:00:00 +00:00BE-TSO-0001VTP-00029exitkWh/h,1,Physical Flow,hour,2021-01-09T15:00:00+01:00,2021-01-09T16:00:00+01:00,BE-TSO-0001,21X-BE-A-A0A0A-Y,Fluxys Belgium,VTP-00029,Zeebrugge Beach,21Z0000000000090,exit,kWh/h,,,20201170,2021-03-30T00:27:09+02:00,,Confirmed,,,,,False,,,False,PRISMA,,https://platform.prisma-capacity.eu/,,Trading Point,9,False
1Physical Flowhour2021-01-09 15:00:00 +00:002021-01-09 16:00:00 +00:00BE-TSO-0001VTP-00029exitkWh/h,1,Physical Flow,hour,2021-01-09T16:00:00+01:00,2021-01-09T17:00:00+01:00,BE-TSO-0001,21X-BE-A-A0A0A-Y,Fluxys Belgium,VTP-00029,Zeebrugge Beach,21Z0000000000090,exit,kWh/h,,,19929867,2021-03-30T00:27:09+02:00,,Confirmed,,,,,False,,,False,PRISMA,,https://platform.prisma-capacity.eu/,,Trading Point,9,False
1Physical Flowhour2021-01-09 16:00:00 +00:002021-01-09 17:00:00 +00:00BE-TSO-0001VTP-00029exitkWh/h,1,Physical Flow,hour,2021-01-09T17:00:00+01:00,2021-01-09T18:00:00+01:00,BE-TSO-0001,21X-BE-A-A0A0A-Y,Fluxys Belgium,VTP-00029,Zeebrugge Beach,21Z0000000000090,exit,kWh/h,,,19859390,2021-03-30T00:27:09+02:00,,Confirmed,,,,,False,,,False,PRISMA,,https://platform.prisma-capacity.eu/,,Trading Point,9,False
1Physical Flowhour2021-01-09 17:00:00 +00:002021-01-09 18:00:00 +00:00BE-TSO-0001VTP-00029exitkWh/h,1,Physical Flow,hour,2021-01-09T18:00:00+01:00,2021-01-09T19:00:00+01:00,BE-TSO-0001,21X-BE-A-A0A0A-Y,Fluxys Belgium,VTP-00029,Zeebrugge Beach,21Z0000000000090,exit,kWh/h,,,19851603,2021-03-30T00:27:09+02:00,,Confirmed,,,,,False,,,False,PRISMA,,https://platform.prisma-capacity.eu/,,Trading Point,9,False
1Physical Flowhour2021-01-09 18:00:00 +00:002021-01-09 19:00:00 +00:00BE-TSO-0001VTP-00029exitkWh/h,1,Physical Flow,hour,2021-01-09T19:00:00+01:00,2021-01-09T20:00:00+01:00,BE-TSO-0001,21X-BE-A-A0A0A-Y,Fluxys Belgium,VTP-00029,Zeebrugge Beach,21Z0000000000090,exit,kWh/h,,,19930646,2021-03-30T00:27:09+02:00,,Confirmed,,,,,False,,,False,PRISMA,,https://platform.prisma-capacity.eu/,,Trading Point,9,False
1Physical Flowhour2021-01-09 19:00:00 +00:002021-01-09 20:00:00 +00:00BE-TSO-0001VTP-00029exitkWh/h,1,Physical Flow,hour,2021-01-09T20:00:00+01:00,2021-01-09T21:00:00+01:00,BE-TSO-0001,21X-BE-A-A0A0A-Y,Fluxys Belgium,VTP-00029,Zeebrugge Beach,21Z0000000000090,exit,kWh/h,,,20266968,2021-03-30T00:27:09+02:00,,Confirmed,,,,,False,,,False,PRISMA,,https://platform.prisma-capacity.eu/,,Trading Point,9,False
1Physical Flowhour2021-01-09 20:00:00 +00:002021-01-09 21:00:00 +00:00BE-TSO-0001VTP-00029exitkWh/h,1,Physical Flow,hour,2021-01-09T21:00:00+01:00,2021-01-09T22:00:00+01:00,BE-TSO-0001,21X-BE-A-A0A0A-Y,Fluxys Belgium,VTP-00029,Zeebrugge Beach,21Z0000000000090,exit,kWh/h,,,20268798,2021-03-30T00:27:09+02:00,,Confirmed,,,,,False,,,False,PRISMA,,https://platform.prisma-capacity.eu/,,Trading Point,9,False
1Physical Flowhour2021-01-09 21:00:00 +00:002021-01-09 22:00:00 +00:00BE-TSO-0001VTP-00029exitkWh/h,1,Physical Flow,hour,2021-01-09T22:00:00+01:00,2021-01-09T23:00:00+01:00,BE-TSO-0001,21X-BE-A-A0A0A-Y,Fluxys Belgium,VTP-00029,Zeebrugge Beach,21Z0000000000090,exit,kWh/h,,,20296047,2021-03-30T00:27:09+02:00,,Confirmed,,,,,False,,,False,PRISMA,,https://platform.prisma-capacity.eu/,,Trading Point,9,False
1Physical Flowhour2021-01-09 22:00:00 +00:002021-01-09 23:00:00 +00:00BE-TSO-0001VTP-00029exitkWh/h,1,Physical Flow,hour,2021-01-09T23:00:00+01:00,2021-01-10T00:00:00+01:00,BE-TSO-0001,21X-BE-A-A0A0A-Y,Fluxys Belgium,VTP-00029,Zeebrugge Beach,21Z0000000000090,exit,kWh/h,,,20157822,2021-03-30T00:27:09+02:00,,Confirmed,,,,,False,,,False,PRISMA,,https://platform.prisma-capacity.eu/,,Trading Point,9,False
1Physical Flowhour2021-01-09 23:00:00 +00:002021-01-10 00:00:00 +00:00BE-TSO-0001VTP-00029exitkWh/h,1,Physical Flow,hour,2021-01-10T00:00:00+01:00,2021-01-10T01:00:00+01:00,BE-TSO-0001,21X-BE-A-A0A0A-Y,Fluxys Belgium,VTP-00029,Zeebrugge Beach,21Z0000000000090,exit,kWh/h,,,20103447,2021-03-30T00:27:09+02:00,,Confirmed,,,,,False,,,False,PRISMA,,https://platform.prisma-capacity.eu/,,Trading Point,9,False
1Physical Flowhour2021-01-10 00:00:00 +00:002021-01-10 01:00:00 +00:00BE-TSO-0001VTP-00029exitkWh/h,1,Physical Flow,hour,2021-01-10T01:00:00+01:00,2021-01-10T02:00:00+01:00,BE-TSO-0001,21X-BE-A-A0A0A-Y,Fluxys Belgium,VTP-00029,Zeebrugge Beach,21Z0000000000090,exit,kWh/h,,,20151213,2021-03-30T00:27:09+02:00,,Confirmed,,,,,False,,,False,PRISMA,,https://platform.prisma-capacity.eu/,,Trading Point,9,False
1Physical Flowhour2021-01-10 01:00:00 +00:002021-01-10 02:00:00 +00:00BE-TSO-0001VTP-00029exitkWh/h,1,Physical Flow,hour,2021-01-10T02:00:00+01:00,2021-01-10T03:00:00+01:00,BE-TSO-0001,21X-BE-A-A0A0A-Y,Fluxys Belgium,VTP-00029,Zeebrugge Beach,21Z0000000000090,exit,kWh/h,,,20152464,2021-03-30T00:27:09+02:00,,Confirmed,,,,,False,,,False,PRISMA,,https://platform.prisma-capacity.eu/,,Trading Point,9,False
1Physical Flowhour2021-01-10 02:00:00 +00:002021-01-10 03:00:00 +00:00BE-TSO-0001VTP-00029exitkWh/h,1,Physical Flow,hour,2021-01-10T03:00:00+01:00,2021-01-10T04:00:00+01:00,BE-TSO-0001,21X-BE-A-A0A0A-Y,Fluxys Belgium,VTP-00029,Zeebrugge Beach,21Z0000000000090,exit,kWh/h,,,20150438,2021-03-30T00:27:09+02:00,,Confirmed,,,,,False,,,False,PRISMA,,https://platform.prisma-capacity.eu/,,Trading Point,9,False
1Physical Flowhour2021-01-10 03:00:00 +00:002021-01-10 04:00:00 +00:00BE-TSO-0001VTP-00029exitkWh/h,1,Physical Flow,hour,2021-01-10T04:00:00+01:00,2021-01-10T05:00:00+01:00,BE-TSO-0001,21X-BE-A-A0A0A-Y,Fluxys Belgium,VTP-00029,Zeebrugge Beach,21Z0000000000090,exit,kWh/h,,,20399274,2021-03-30T00:27:09+02:00,,Confirmed,,,,,False,,,False,PRISMA,,https://platform.prisma-capacity.eu/,,Trading Point,9,False
1Physical Flowhour2021-01-10 04:00:00 +00:002021-01-10 05:00:00 +00:00BE-TSO-0001VTP-00029exitkWh/h,1,Physical Flow,hour,2021-01-10T05:00:00+01:00,2021-01-10T06:00:00+01:00,BE-TSO-0001,21X-BE-A-A0A0A-Y,Fluxys Belgium,VTP-00029,Zeebrugge Beach,21Z0000000000090,exit,kWh/h,,,20296134,2021-03-30T00:27:09+02:00,,Confirmed,,,,,False,,,False,PRISMA,,https://platform.prisma-capacity.eu/,,Trading Point,9,False
1Physical Flowhour2021-01-10 05:00:00 +00:002021-01-10 06:00:00 +00:00BE-TSO-0001VTP-00029exitkWh/h,1,Physical Flow,hour,2021-01-10T06:00:00+01:00,2021-01-10T07:00:00+01:00,BE-TSO-0001,21X-BE-A-A0A0A-Y,Fluxys Belgium,VTP-00029,Zeebrugge Beach,21Z0000000000090,exit,kWh/h,,,19398546,2021-03-30T00:27:09+02:00,,Confirmed,,,,,False,,,False,PRISMA,,https://platform.prisma-capacity.eu/,,Trading Point,9,False
1Physical Flowhour2021-01-10 06:00:00 +00:002021-01-10 07:00:00 +00:00BE-TSO-0001VTP-00029exitkWh/h,1,Physical Flow,hour,2021-01-10T07:00:00+01:00,2021-01-10T08:00:00+01:00,BE-TSO-0001,21X-BE-A-A0A0A-Y,Fluxys Belgium,VTP-00029,Zeebrugge Beach,21Z0000000000090,exit,kWh/h,,,19359167,2021-03-30T00:27:09+02:00,,Confirmed,,,,,False,,,False,PRISMA,,https://platform.prisma-capacity.eu/,,Trading Point,9,False
1Physical Flowhour2021-01-10 07:00:00 +00:002021-01-10 08:00:00 +00:00BE-TSO-0001VTP-00029exitkWh/h,1,Physical Flow,hour,2021-01-10T08:00:00+01:00,2021-01-10T09:00:00+01:00,BE-TSO-0001,21X-BE-A-A0A0A-Y,Fluxys Belgium,VTP-00029,Zeebrugge Beach,21Z0000000000090,exit,kWh/h,,,19316744,2021-03-30T00:27:09+02:00,,Confirmed,,,,,False,,,False,PRISMA,,https://platform.prisma-capacity.eu/,,Trading Point,9,False
1Physical Flowhour2021-01-10 08:00:00 +00:002021-01-10 09:00:00 +00:00BE-TSO-0001VTP-00029exitkWh/h,1,Physical Flow,hour,2021-01-10T09:00:00+01:00,2021-01-10T10:00:00+01:00,BE-TSO-0001,21X-BE-A-A0A0A-Y,Fluxys Belgium,VTP-00029,Zeebrugge Beach,21Z0000000000090,exit,kWh/h,,,19297328,2021-03-30T00:27:09+02:00,,Confirmed,,,,,False,,,False,PRISMA,,https://platform.prisma-capacity.eu/,,Trading Point,9,False
1Physical Flowhour2021-01-10 09:00:00 +00:002021-01-10 10:00:00 +00:00BE-TSO-0001VTP-00029exitkWh/h,1,Physical Flow,hour,2021-01-10T10:00:00+01:00,2021-01-10T11:00:00+01:00,BE-TSO-0001,21X-BE-A-A0A0A-Y,Fluxys Belgium,VTP-00029,Zeebrugge Beach,21Z0000000000090,exit,kWh/h,,,19295698,2021-03-30T00:27:09+02:00,,Confirmed,,,,,False,,,False,PRISMA,,https://platform.prisma-capacity.eu/,,Trading Point,9,False
1Physical Flowhour2021-01-10 10:00:00 +00:002021-01-10 11:00:00 +00:00BE-TSO-0001VTP-00029exitkWh/h,1,Physical Flow,hour,2021-01-10T11:00:00+01:00,2021-01-10T12:00:00+01:00,BE-TSO-0001,21X-BE-A-A0A0A-Y,Fluxys Belgium,VTP-00029,Zeebrugge Beach,21Z0000000000090,exit,kWh/h,,,19301154,2021-03-30T00:27:09+02:00,,Confirmed,,,,,False,,,False,PRISMA,,https://platform.prisma-capacity.eu/,,Trading Point,9,False
1Physical Flowhour2021-01-10 11:00:00 +00:002021-01-10 12:00:00 +00:00BE-TSO-0001VTP-00029exitkWh/h,1,Physical Flow,hour,2021-01-10T12:00:00+01:00,2021-01-10T13:00:00+01:00,BE-TSO-0001,21X-BE-A-A0A0A-Y,Fluxys Belgium,VTP-00029,Zeebrugge Beach,21Z0000000000090,exit,kWh/h,,,19302421,2021-03-30T00:27:09+02:00,,Confirmed,,,,,False,,,False,PRISMA,,https://platform.prisma-capacity.eu/,,Trading Point,9,False
1Physical Flowhour2021-01-10 12:00:00 +00:002021-01-10 13:00:00 +00:00BE-TSO-0001VTP-00029exitkWh/h,1,Physical Flow,hour,2021-01-10T13:00:00+01:00,2021-01-10T14:00:00+01:00,BE-TSO-0001,21X-BE-A-A0A0A-Y,Fluxys Belgium,VTP-00029,Zeebrugge Beach,21Z0000000000090,exit,kWh/h,,,19278973,2021-03-30T00:27:09+02:00,,Confirmed,,,,,False,,,False,PRISMA,,https://platform.prisma-capacity.eu/,,Trading Point,9,False
1Physical Flowhour2021-01-10 13:00:00 +00:002021-01-10 14:00:00 +00:00BE-TSO-0001VTP-00029exitkWh/h,1,Physical Flow,hour,2021-01-10T14:00:00+01:00,2021-01-10T15:00:00+01:00,BE-TSO-0001,21X-BE-A-A0A0A-Y,Fluxys Belgium,VTP-00029,Zeebrugge Beach,21Z0000000000090,exit,kWh/h,,,19244095,2021-03-30T00:27:09+02:00,,Confirmed,,,,,False,,,False,PRISMA,,https://platform.prisma-capacity.eu/,,Trading Point,9,False
1Physical Flowhour2021-01-10 14:00:00 +00:002021-01-10 15:00:00 +00:00BE-TSO-0001VTP-00029exitkWh/h,1,Physical Flow,hour,2021-01-10T15:00:00+01:00,2021-01-10T16:00:00+01:00,BE-TSO-0001,21X-BE-A-A0A0A-Y,Fluxys Belgium,VTP-00029,Zeebrugge Beach,21Z0000000000090,exit,kWh/h,,,19247309,2021-03-30T00:27:09+02:00,,Confirmed,,,,,False,,,False,PRISMA,,https://platform.prisma-capacity.eu/,,Trading Point,9,False
1Physical Flowhour2021-01-10 15:00:00 +00:002021-01-10 16:00:00 +00:00BE-TSO-0001VTP-00029exitkWh/h,1,Physical Flow,hour,2021-01-10T16:00:00+01:00,2021-01-10T17:00:00+01:00,BE-TSO-0001,21X-BE-A-A0A0A-Y,Fluxys Belgium,VTP-00029,Zeebrugge Beach,21Z0000000000090,exit,kWh/h,,,19250097,2021-03-30T00:27:09+02:00,,Confirmed,,,,,False,,,False,PRISMA,,https://platform.prisma-capacity.eu/,,Trading Point,9,False
1Physical Flowhour2021-01-10 16:00:00 +00:002021-01-10 17:00:00 +00:00BE-TSO-0001VTP-00029exitkWh/h,1,Physical Flow,hour,2021-01-10T17:00:00+01:00,2021-01-10T18:00:00+01:00,BE-TSO-0001,21X-BE-A-A0A0A-Y,Fluxys Belgium,VTP-00029,Zeebrugge Beach,21Z0000000000090,exit,kWh/h,,,19037406,2021-03-30T00:27:09+02:00,,Confirmed,,,,,False,,,False,PRISMA,,https://platform.prisma-capacity.eu/,,Trading Point,9,False
1Physical Flowhour2021-01-10 17:00:00 +00:002021-01-10 18:00:00 +00:00BE-TSO-0001VTP-00029exitkWh/h,1,Physical Flow,hour,2021-01-10T18:00:00+01:00,2021-01-10T19:00:00+01:00,BE-TSO-0001,21X-BE-A-A0A0A-Y,Fluxys Belgium,VTP-00029,Zeebrugge Beach,21Z0000000000090,exit,kWh/h,,,19029591,2021-03-30T00:27:09+02:00,,Confirmed,,,,,False,,,False,PRISMA,,https://platform.prisma-capacity.eu/,,Trading Point,9,False
1Physical Flowhour2021-01-10 18:00:00 +00:002021-01-10 19:00:00 +00:00BE-TSO-0001VTP-00029exitkWh/h,1,Physical Flow,hour,2021-01-10T19:00:00+01:00,2021-01-10T20:00:00+01:00,BE-TSO-0001,21X-BE-A-A0A0A-Y,Fluxys Belgium,VTP-00029,Zeebrugge Beach,21Z0000000000090,exit,kWh/h,,,19031210,2021-03-30T00:27:09+02:00,,Confirmed,,,,,False,,,False,PRISMA,,https://platform.prisma-capacity.eu/,,Trading Point,9,False
1Physical Flowhour2021-01-10 19:00:00 +00:002021-01-10 20:00:00 +00:00BE-TSO-0001VTP-00029exitkWh/h,1,Physical Flow,hour,2021-01-10T20:00:00+01:00,2021-01-10T21:00:00+01:00,BE-TSO-0001,21X-BE-A-A0A0A-Y,Fluxys Belgium,VTP-00029,Zeebrugge Beach,21Z0000000000090,exit,kWh/h,,,19024196,2021-03-30T00:27:09+02:00,,Confirmed,,,,,False,,,False,PRISMA,,https://platform.prisma-capacity.eu/,,Trading Point,9,False
1Physical Flowhour2021-01-10 20:00:00 +00:002021-01-10 21:00:00 +00:00BE-TSO-0001VTP-00029exitkWh/h,1,Physical Flow,hour,2021-01-10T21:00:00+01:00,2021-01-10T22:00:00+01:00,BE-TSO-0001,21X-BE-A-A0A0A-Y,Fluxys Belgium,VTP-00029,Zeebrugge Beach,21Z0000000000090,exit,kWh/h,,,19026614,2021-03-30T00:27:09+02:00,,Confirmed,,,,,False,,,False,PRISMA,,https://platform.prisma-capacity.eu/,,Trading Point,9,False
1Physical Flowhour2021-01-10 21:00:00 +00:002021-01-10 22:00:00 +00:00BE-TSO-0001VTP-00029exitkWh/h,1,Physical Flow,hour,2021-01-10T22:00:00+01:00,2021-01-10T23:00:00+01:00,BE-TSO-0001,21X-BE-A-A0A0A-Y,Fluxys Belgium,VTP-00029,Zeebrugge Beach,21Z0000000000090,exit,kWh/h,,,19029187,2021-03-30T00:27:09+02:00,,Confirmed,,,,,False,,,False,PRISMA,,https://platform.prisma-capacity.eu/,,Trading Point,9,False
1Physical Flowhour2021-01-10 22:00:00 +00:002021-01-10 23:00:00 +00:00BE-TSO-0001VTP-00029exitkWh/h,1,Physical Flow,hour,2021-01-10T23:00:00+01:00,2021-01-11T00:00:00+01:00,BE-TSO-0001,21X-BE-A-A0A0A-Y,Fluxys Belgium,VTP-00029,Zeebrugge Beach,21Z0000000000090,exit,kWh/h,,,19026022,2021-03-30T00:27:09+02:00,,Confirmed,,,,,False,,,False,PRISMA,,https://platform.prisma-capacity.eu/,,Trading Point,9,False
1Physical Flowhour2021-01-10 23:00:00 +00:002021-01-11 00:00:00 +00:00BE-TSO-0001VTP-00029exitkWh/h,1,Physical Flow,hour,2021-01-11T00:00:00+01:00,2021-01-11T01:00:00+01:00,BE-TSO-0001,21X-BE-A-A0A0A-Y,Fluxys Belgium,VTP-00029,Zeebrugge Beach,21Z0000000000090,exit,kWh/h,,,19123093,2021-03-30T00:27:09+02:00,,Confirmed,,,,,False,,,False,PRISMA,,https://platform.prisma-capacity.eu/,,Trading Point,9,False
1Physical Flowhour2021-01-11 00:00:00 +00:002021-01-11 01:00:00 +00:00BE-TSO-0001VTP-00029exitkWh/h,1,Physical Flow,hour,2021-01-11T01:00:00+01:00,2021-01-11T02:00:00+01:00,BE-TSO-0001,21X-BE-A-A0A0A-Y,Fluxys Belgium,VTP-00029,Zeebrugge Beach,21Z0000000000090,exit,kWh/h,,,19167323,2021-03-30T00:27:09+02:00,,Confirmed,,,,,False,,,False,PRISMA,,https://platform.prisma-capacity.eu/,,Trading Point,9,False
1Physical Flowhour2021-01-11 01:00:00 +00:002021-01-11 02:00:00 +00:00BE-TSO-0001VTP-00029exitkWh/h,1,Physical Flow,hour,2021-01-11T02:00:00+01:00,2021-01-11T03:00:00+01:00,BE-TSO-0001,21X-BE-A-A0A0A-Y,Fluxys Belgium,VTP-00029,Zeebrugge Beach,21Z0000000000090,exit,kWh/h,,,19089649,2021-03-30T00:27:09+02:00,,Confirmed,,,,,False,,,False,PRISMA,,https://platform.prisma-capacity.eu/,,Trading Point,9,False
1Physical Flowhour2021-01-11 02:00:00 +00:002021-01-11 03:00:00 +00:00BE-TSO-0001VTP-00029exitkWh/h,1,Physical Flow,hour,2021-01-11T03:00:00+01:00,2021-01-11T04:00:00+01:00,BE-TSO-0001,21X-BE-A-A0A0A-Y,Fluxys Belgium,VTP-00029,Zeebrugge Beach,21Z0000000000090,exit,kWh/h,,,19068935,2021-03-30T00:27:09+02:00,,Confirmed,,,,,False,,,False,PRISMA,,https://platform.prisma-capacity.eu/,,Trading Point,9,False
1Physical Flowhour2021-01-11 03:00:00 +00:002021-01-11 04:00:00 +00:00BE-TSO-0001VTP-00029exitkWh/h,1,Physical Flow,hour,2021-01-11T04:00:00+01:00,2021-01-11T05:00:00+01:00,BE-TSO-0001,21X-BE-A-A0A0A-Y,Fluxys Belgium,VTP-00029,Zeebrugge Beach,21Z0000000000090,exit,kWh/h,,,19094838,2021-03-30T00:27:09+02:00,,Confirmed,,,,,False,,,False,PRISMA,,https://platform.prisma-capacity.eu/,,Trading Point,9,False
1Physical Flowhour2021-01-11 04:00:00 +00:002021-01-11 05:00:00 +00:00BE-TSO-0001VTP-00029exitkWh/h,1,Physical Flow,hour,2021-01-11T05:00:00+01:00,2021-01-11T06:00:00+01:00,BE-TSO-0001,21X-BE-A-A0A0A-Y,Fluxys Belgium,VTP-00029,Zeebrugge Beach,21Z0000000000090,exit,kWh/h,,,19102440,2021-03-30T00:27:09+02:00,,Confirmed,,,,,False,,,False,PRISMA,,https://platform.prisma-capacity.eu/,,Trading Point,9,False
1Physical Flowhour2021-01-11 05:00:00 +00:002021-01-11 06:00:00 +00:00BE-TSO-0001VTP-00029exitkWh/h,1,Physical Flow,hour,2021-01-11T06:00:00+01:00,2021-01-11T07:00:00+01:00,BE-TSO-0001,21X-BE-A-A0A0A-Y,Fluxys Belgium,VTP-00029,Zeebrugge Beach,21Z0000000000090,exit,kWh/h,,,14336248,2021-03-30T00:27:09+02:00,,Confirmed,,,,,False,,,False,PRISMA,,https://platform.prisma-capacity.eu/,,Trading Point,9,False
1Physical Flowhour2021-01-11 06:00:00 +00:002021-01-11 07:00:00 +00:00BE-TSO-0001VTP-00029exitkWh/h,1,Physical Flow,hour,2021-01-11T07:00:00+01:00,2021-01-11T08:00:00+01:00,BE-TSO-0001,21X-BE-A-A0A0A-Y,Fluxys Belgium,VTP-00029,Zeebrugge Beach,21Z0000000000090,exit,kWh/h,,,14173392,2021-03-30T00:27:09+02:00,,Confirmed,,,,,False,,,False,PRISMA,,https://platform.prisma-capacity.eu/,,Trading Point,9,False
1Physical Flowhour2021-01-11 07:00:00 +00:002021-01-11 08:00:00 +00:00BE-TSO-0001VTP-00029exitkWh/h,1,Physical Flow,hour,2021-01-11T08:00:00+01:00,2021-01-11T09:00:00+01:00,BE-TSO-0001,21X-BE-A-A0A0A-Y,Fluxys Belgium,VTP-00029,Zeebrugge Beach,21Z0000000000090,exit,kWh/h,,,14178547,2021-03-30T00:27:09+02:00,,Confirmed,,,,,False,,,False,PRISMA,,https://platform.prisma-capacity.eu/,,Trading Point,9,False
1Physical Flowhour2021-01-11 08:00:00 +00:002021-01-11 09:00:00 +00:00BE-TSO-0001VTP-00029exitkWh/h,1,Physical Flow,hour,2021-01-11T09:00:00+01:00,2021-01-11T10:00:00+01:00,BE-TSO-0001,21X-BE-A-A0A0A-Y,Fluxys Belgium,VTP-00029,Zeebrugge Beach,21Z0000000000090,exit,kWh/h,,,14175322,2021-03-30T00:27:09+02:00,,Confirmed,,,,,False,,,False,PRISMA,,https://platform.prisma-capacity.eu/,,Trading Point,9,False
1Physical Flowhour2021-01-11 09:00:00 +00:002021-01-11 10:00:00 +00:00BE-TSO-0001VTP-00029exitkWh/h,1,Physical Flow,hour,2021-01-11T10:00:00+01:00,2021-01-11T11:00:00+01:00,BE-TSO-0001,21X-BE-A-A0A0A-Y,Fluxys Belgium,VTP-00029,Zeebrugge Beach,21Z0000000000090,exit,kWh/h,,,14172317,2021-03-30T00:27:09+02:00,,Confirmed,,,,,False,,,False,PRISMA,,https://platform.prisma-capacity.eu/,,Trading Point,9,False
1Physical Flowhour2021-01-11 10:00:00 +00:002021-01-11 11:00:00 +00:00BE-TSO-0001VTP-00029exitkWh/h,1,Physical Flow,hour,2021-01-11T11:00:00+01:00,2021-01-11T12:00:00+01:00,BE-TSO-0001,21X-BE-A-A0A0A-Y,Fluxys Belgium,VTP-00029,Zeebrugge Beach,21Z0000000000090,exit,kWh/h,,,14064152,2021-03-30T00:27:09+02:00,,Confirmed,,,,,False,,,False,PRISMA,,https://platform.prisma-capacity.eu/,,Trading Point,9,False
1Physical Flowhour2021-01-11 11:00:00 +00:002021-01-11 12:00:00 +00:00BE-TSO-0001VTP-00029exitkWh/h,1,Physical Flow,hour,2021-01-11T12:00:00+01:00,2021-01-11T13:00:00+01:00,BE-TSO-0001,21X-BE-A-A0A0A-Y,Fluxys Belgium,VTP-00029,Zeebrugge Beach,21Z0000000000090,exit,kWh/h,,,14063548,2021-03-30T00:27:09+02:00,,Confirmed,,,,,False,,,False,PRISMA,,https://platform.prisma-capacity.eu/,,Trading Point,9,False
1Physical Flowhour2021-01-11 12:00:00 +00:002021-01-11 13:00:00 +00:00BE-TSO-0001VTP-00029exitkWh/h,1,Physical Flow,hour,2021-01-11T13:00:00+01:00,2021-01-11T14:00:00+01:00,BE-TSO-0001,21X-BE-A-A0A0A-Y,Fluxys Belgium,VTP-00029,Zeebrugge Beach,21Z0000000000090,exit,kWh/h,,,14062673,2021-03-30T00:27:09+02:00,,Confirmed,,,,,False,,,False,PRISMA,,https://platform.prisma-capacity.eu/,,Trading Point,9,False
1Physical Flowhour2021-01-11 13:00:00 +00:002021-01-11 14:00:00 +00:00BE-TSO-0001VTP-00029exitkWh/h,1,Physical Flow,hour,2021-01-11T14:00:00+01:00,2021-01-11T15:00:00+01:00,BE-TSO-0001,21X-BE-A-A0A0A-Y,Fluxys Belgium,VTP-00029,Zeebrugge Beach,21Z0000000000090,exit,kWh/h,,,14061513,2021-03-30T00:27:09+02:00,,Confirmed,,,,,False,,,False,PRISMA,,https://platform.prisma-capacity.eu/,,Trading Point,9,False
1Physical Flowhour2021-01-11 14:00:00 +00:002021-01-11 15:00:00 +00:00BE-TSO-0001VTP-00029exitkWh/h,1,Physical Flow,hour,2021-01-11T15:00:00+01:00,2021-01-11T16:00:00+01:00,BE-TSO-0001,21X-BE-A-A0A0A-Y,Fluxys Belgium,VTP-00029,Zeebrugge Beach,21Z0000000000090,exit,kWh/h,,,14060534,2021-03-30T00:27:09+02:00,,Confirmed,,,,,False,,,False,PRISMA,,https://platform.prisma-capacity.eu/,,Trading Point,9,False
1Physical Flowhour2021-01-11 15:00:00 +00:002021-01-11 16:00:00 +00:00BE-TSO-0001VTP-00029exitkWh/h,1,Physical Flow,hour,2021-01-11T16:00:00+01:00,2021-01-11T17:00:00+01:00,BE-TSO-0001,21X-BE-A-A0A0A-Y,Fluxys Belgium,VTP-00029,Zeebrugge Beach,21Z0000000000090,exit,kWh/h,,,13606882,2021-03-30T00:27:09+02:00,,Confirmed,,,,,False,,,False,PRISMA,,https://platform.prisma-capacity.eu/,,Trading Point,9,False
1Physical Flowhour2021-01-11 16:00:00 +00:002021-01-11 17:00:00 +00:00BE-TSO-0001VTP-00029exitkWh/h,1,Physical Flow,hour,2021-01-11T17:00:00+01:00,2021-01-11T18:00:00+01:00,BE-TSO-0001,21X-BE-A-A0A0A-Y,Fluxys Belgium,VTP-00029,Zeebrugge Beach,21Z0000000000090,exit,kWh/h,,,36386,2021-03-30T00:27:09+02:00,,Confirmed,,,,,False,,,False,PRISMA,,https://platform.prisma-capacity.eu/,,Trading Point,9,False
1Physical Flowhour2021-01-11 17:00:00 +00:002021-01-11 18:00:00 +00:00BE-TSO-0001VTP-00029exitkWh/h,1,Physical Flow,hour,2021-01-11T18:00:00+01:00,2021-01-11T19:00:00+01:00,BE-TSO-0001,21X-BE-A-A0A0A-Y,Fluxys Belgium,VTP-00029,Zeebrugge Beach,21Z0000000000090,exit,kWh/h,,,6301,2021-03-30T00:27:09+02:00,,Confirmed,,,,,False,,,False,PRISMA,,https://platform.prisma-capacity.eu/,,Trading Point,9,False
1Physical Flowhour2021-01-11 18:00:00 +00:002021-01-11 19:00:00 +00:00BE-TSO-0001VTP-00029exitkWh/h,1,Physical Flow,hour,2021-01-11T19:00:00+01:00,2021-01-11T20:00:00+01:00,BE-TSO-0001,21X-BE-A-A0A0A-Y,Fluxys Belgium,VTP-00029,Zeebrugge Beach,21Z0000000000090,exit,kWh/h,,,83,2021-03-30T00:27:09+02:00,,Confirmed,,,,,False,,,False,PRISMA,,https://platform.prisma-capacity.eu/,,Trading Point,9,False
1Physical Flowhour2021-01-11 19:00:00 +00:002021-01-11 20:00:00 +00:00BE-TSO-0001VTP-00029exitkWh/h,1,Physical Flow,hour,2021-01-11T20:00:00+01:00,2021-01-11T21:00:00+01:00,BE-TSO-0001,21X-BE-A-A0A0A-Y,Fluxys Belgium,VTP-00029,Zeebrugge Beach,21Z0000000000090,exit,kWh/h,,,15514854,2021-03-30T00:27:09+02:00,,Confirmed,,,,,False,,,False,PRISMA,,https://platform.prisma-capacity.eu/,,Trading Point,9,False
1Physical Flowhour2021-01-11 20:00:00 +00:002021-01-11 21:00:00 +00:00BE-TSO-0001VTP-00029exitkWh/h,1,Physical Flow,hour,2021-01-11T21:00:00+01:00,2021-01-11T22:00:00+01:00,BE-TSO-0001,21X-BE-A-A0A0A-Y,Fluxys Belgium,VTP-00029,Zeebrugge Beach,21Z0000000000090,exit,kWh/h,,,17919045,2021-03-30T00:27:09+02:00,,Confirmed,,,,,False,,,False,PRISMA,,https://platform.prisma-capacity.eu/,,Trading Point,9,False
1Physical Flowhour2021-01-11 21:00:00 +00:002021-01-11 22:00:00 +00:00BE-TSO-0001VTP-00029exitkWh/h,1,Physical Flow,hour,2021-01-11T22:00:00+01:00,2021-01-11T23:00:00+01:00,BE-TSO-0001,21X-BE-A-A0A0A-Y,Fluxys Belgium,VTP-00029,Zeebrugge Beach,21Z0000000000090,exit,kWh/h,,,17913021,2021-03-30T00:27:09+02:00,,Confirmed,,,,,False,,,False,PRISMA,,https://platform.prisma-capacity.eu/,,Trading Point,9,False
1Physical Flowhour2021-01-11 22:00:00 +00:002021-01-11 23:00:00 +00:00BE-TSO-0001VTP-00029exitkWh/h,1,Physical Flow,hour,2021-01-11T23:00:00+01:00,2021-01-12T00:00:00+01:00,BE-TSO-0001,21X-BE-A-A0A0A-Y,Fluxys Belgium,VTP-00029,Zeebrugge Beach,21Z0000000000090,exit,kWh/h,,,17839018,2021-03-30T00:27:09+02:00,,Confirmed,,,,,False,,,False,PRISMA,,https://platform.prisma-capacity.eu/,,Trading Point,9,False
1Physical Flowhour2021-01-11 23:00:00 +00:002021-01-12 00:00:00 +00:00BE-TSO-0001VTP-00029exitkWh/h,1,Physical Flow,hour,2021-01-12T00:00:00+01:00,2021-01-12T01:00:00+01:00,BE-TSO-0001,21X-BE-A-A0A0A-Y,Fluxys Belgium,VTP-00029,Zeebrugge Beach,21Z0000000000090,exit,kWh/h,,,17801935,2021-03-30T00:27:09+02:00,,Confirmed,,,,,False,,,False,PRISMA,,https://platform.prisma-capacity.eu/,,Trading Point,9,False
1Physical Flowhour2021-01-12 00:00:00 +00:002021-01-12 01:00:00 +00:00BE-TSO-0001VTP-00029exitkWh/h,1,Physical Flow,hour,2021-01-12T01:00:00+01:00,2021-01-12T02:00:00+01:00,BE-TSO-0001,21X-BE-A-A0A0A-Y,Fluxys Belgium,VTP-00029,Zeebrugge Beach,21Z0000000000090,exit,kWh/h,,,17862230,2021-03-30T00:27:09+02:00,,Confirmed,,,,,False,,,False,PRISMA,,https://platform.prisma-capacity.eu/,,Trading Point,9,False
1Physical Flowhour2021-01-12 01:00:00 +00:002021-01-12 02:00:00 +00:00BE-TSO-0001VTP-00029exitkWh/h,1,Physical Flow,hour,2021-01-12T02:00:00+01:00,2021-01-12T03:00:00+01:00,BE-TSO-0001,21X-BE-A-A0A0A-Y,Fluxys Belgium,VTP-00029,Zeebrugge Beach,21Z0000000000090,exit,kWh/h,,,17886630,2021-03-30T00:27:09+02:00,,Confirmed,,,,,False,,,False,PRISMA,,https://platform.prisma-capacity.eu/,,Trading Point,9,False
1Physical Flowhour2021-01-12 02:00:00 +00:002021-01-12 03:00:00 +00:00BE-TSO-0001VTP-00029exitkWh/h,1,Physical Flow,hour,2021-01-12T03:00:00+01:00,2021-01-12T04:00:00+01:00,BE-TSO-0001,21X-BE-A-A0A0A-Y,Fluxys Belgium,VTP-00029,Zeebrugge Beach,21Z0000000000090,exit,kWh/h,,,17822183,2021-03-30T00:27:09+02:00,,Confirmed,,,,,False,,,False,PRISMA,,https://platform.prisma-capacity.eu/,,Trading Point,9,False
1Physical Flowhour2021-01-12 03:00:00 +00:002021-01-12 04:00:00 +00:00BE-TSO-0001VTP-00029exitkWh/h,1,Physical Flow,hour,2021-01-12T04:00:00+01:00,2021-01-12T05:00:00+01:00,BE-TSO-0001,21X-BE-A-A0A0A-Y,Fluxys Belgium,VTP-00029,Zeebrugge Beach,21Z0000000000090,exit,kWh/h,,,17869109,2021-03-30T00:27:09+02:00,,Confirmed,,,,,False,,,False,PRISMA,,https://platform.prisma-capacity.eu/,,Trading Point,9,False
1Physical Flowhour2021-01-12 04:00:00 +00:002021-01-12 05:00:00 +00:00BE-TSO-0001VTP-00029exitkWh/h,1,Physical Flow,hour,2021-01-12T05:00:00+01:00,2021-01-12T06:00:00+01:00,BE-TSO-0001,21X-BE-A-A0A0A-Y,Fluxys Belgium,VTP-00029,Zeebrugge Beach,21Z0000000000090,exit,kWh/h,,,17849851,2021-03-30T00:27:09+02:00,,Confirmed,,,,,False,,,False,PRISMA,,https://platform.prisma-capacity.eu/,,Trading Point,9,False
1Physical Flowhour2021-01-12 05:00:00 +00:002021-01-12 06:00:00 +00:00BE-TSO-0001VTP-00029exitkWh/h,1,Physical Flow,hour,2021-01-12T06:00:00+01:00,2021-01-12T07:00:00+01:00,BE-TSO-0001,21X-BE-A-A0A0A-Y,Fluxys Belgium,VTP-00029,Zeebrugge Beach,21Z0000000000090,exit,kWh/h,,,20655294,2021-03-30T00:27:09+02:00,,Confirmed,,,,,False,,,False,PRISMA,,https://platform.prisma-capacity.eu/,,Trading Point,9,False
1Physical Flowhour2021-01-12 06:00:00 +00:002021-01-12 07:00:00 +00:00BE-TSO-0001VTP-00029exitkWh/h,1,Physical Flow,hour,2021-01-12T07:00:00+01:00,2021-01-12T08:00:00+01:00,BE-TSO-0001,21X-BE-A-A0A0A-Y,Fluxys Belgium,VTP-00029,Zeebrugge Beach,21Z0000000000090,exit,kWh/h,,,21204905,2021-03-30T00:27:09+02:00,,Confirmed,,,,,False,,,False,PRISMA,,https://platform.prisma-capacity.eu/,,Trading Point,9,False
1Physical Flowhour2021-01-12 07:00:00 +00:002021-01-12 08:00:00 +00:00BE-TSO-0001VTP-00029exitkWh/h,1,Physical Flow,hour,2021-01-12T08:00:00+01:00,2021-01-12T09:00:00+01:00,BE-TSO-0001,21X-BE-A-A0A0A-Y,Fluxys Belgium,VTP-00029,Zeebrugge Beach,21Z0000000000090,exit,kWh/h,,,21447473,2021-03-30T00:27:09+02:00,,Confirmed,,,,,False,,,False,PRISMA,,https://platform.prisma-capacity.eu/,,Trading Point,9,False
1Physical Flowhour2021-01-12 08:00:00 +00:002021-01-12 09:00:00 +00:00BE-TSO-0001VTP-00029exitkWh/h,1,Physical Flow,hour,2021-01-12T09:00:00+01:00,2021-01-12T10:00:00+01:00,BE-TSO-0001,21X-BE-A-A0A0A-Y,Fluxys Belgium,VTP-00029,Zeebrugge Beach,21Z0000000000090,exit,kWh/h,,,21500243,2021-03-30T00:27:09+02:00,,Confirmed,,,,,False,,,False,PRISMA,,https://platform.prisma-capacity.eu/,,Trading Point,9,False
1Physical Flowhour2021-01-12 09:00:00 +00:002021-01-12 10:00:00 +00:00BE-TSO-0001VTP-00029exitkWh/h,1,Physical Flow,hour,2021-01-12T10:00:00+01:00,2021-01-12T11:00:00+01:00,BE-TSO-0001,21X-BE-A-A0A0A-Y,Fluxys Belgium,VTP-00029,Zeebrugge Beach,21Z0000000000090,exit,kWh/h,,,21298449,2021-03-30T00:27:09+02:00,,Confirmed,,,,,False,,,False,PRISMA,,https://platform.prisma-capacity.eu/,,Trading Point,9,False
1Physical Flowhour2021-01-12 10:00:00 +00:002021-01-12 11:00:00 +00:00BE-TSO-0001VTP-00029exitkWh/h,1,Physical Flow,hour,2021-01-12T11:00:00+01:00,2021-01-12T12:00:00+01:00,BE-TSO-0001,21X-BE-A-A0A0A-Y,Fluxys Belgium,VTP-00029,Zeebrugge Beach,21Z0000000000090,exit,kWh/h,,,21736607,2021-03-30T00:27:09+02:00,,Confirmed,,,,,False,,,False,PRISMA,,https://platform.prisma-capacity.eu/,,Trading Point,9,False
1Physical Flowhour2021-01-12 11:00:00 +00:002021-01-12 12:00:00 +00:00BE-TSO-0001VTP-00029exitkWh/h,1,Physical Flow,hour,2021-01-12T12:00:00+01:00,2021-01-12T13:00:00+01:00,BE-TSO-0001,21X-BE-A-A0A0A-Y,Fluxys Belgium,VTP-00029,Zeebrugge Beach,21Z0000000000090,exit,kWh/h,,,22067859,2021-03-30T00:27:09+02:00,,Confirmed,,,,,False,,,False,PRISMA,,https://platform.prisma-capacity.eu/,,Trading Point,9,False
1Physical Flowhour2021-01-12 12:00:00 +00:002021-01-12 13:00:00 +00:00BE-TSO-0001VTP-00029exitkWh/h,1,Physical Flow,hour,2021-01-12T13:00:00+01:00,2021-01-12T14:00:00+01:00,BE-TSO-0001,21X-BE-A-A0A0A-Y,Fluxys Belgium,VTP-00029,Zeebrugge Beach,21Z0000000000090,exit,kWh/h,,,22308799,2021-03-30T00:27:09+02:00,,Confirmed,,,,,False,,,False,PRISMA,,https://platform.prisma-capacity.eu/,,Trading Point,9,False
1Physical Flowhour2021-01-12 13:00:00 +00:002021-01-12 14:00:00 +00:00BE-TSO-0001VTP-00029exitkWh/h,1,Physical Flow,hour,2021-01-12T14:00:00+01:00,2021-01-12T15:00:00+01:00,BE-TSO-0001,21X-BE-A-A0A0A-Y,Fluxys Belgium,VTP-00029,Zeebrugge Beach,21Z0000000000090,exit,kWh/h,,,21700142,2021-03-30T00:27:09+02:00,,Confirmed,,,,,False,,,False,PRISMA,,https://platform.prisma-capacity.eu/,,Trading Point,9,False
1Physical Flowhour2021-01-12 14:00:00 +00:002021-01-12 15:00:00 +00:00BE-TSO-0001VTP-00029exitkWh/h,1,Physical Flow,hour,2021-01-12T15:00:00+01:00,2021-01-12T16:00:00+01:00,BE-TSO-0001,21X-BE-A-A0A0A-Y,Fluxys Belgium,VTP-00029,Zeebrugge Beach,21Z0000000000090,exit,kWh/h,,,21502549,2021-03-30T00:27:09+02:00,,Confirmed,,,,,False,,,False,PRISMA,,https://platform.prisma-capacity.eu/,,Trading Point,9,False
1Physical Flowhour2021-01-12 15:00:00 +00:002021-01-12 16:00:00 +00:00BE-TSO-0001VTP-00029exitkWh/h,1,Physical Flow,hour,2021-01-12T16:00:00+01:00,2021-01-12T17:00:00+01:00,BE-TSO-0001,21X-BE-A-A0A0A-Y,Fluxys Belgium,VTP-00029,Zeebrugge Beach,21Z0000000000090,exit,kWh/h,,,20616138,2021-03-30T00:27:09+02:00,,Confirmed,,,,,False,,,False,PRISMA,,https://platform.prisma-capacity.eu/,,Trading Point,9,False
1Physical Flowhour2021-01-12 16:00:00 +00:002021-01-12 17:00:00 +00:00BE-TSO-0001VTP-00029exitkWh/h,1,Physical Flow,hour,2021-01-12T17:00:00+01:00,2021-01-12T18:00:00+01:00,BE-TSO-0001,21X-BE-A-A0A0A-Y,Fluxys Belgium,VTP-00029,Zeebrugge Beach,21Z0000000000090,exit,kWh/h,,,103983,2021-03-30T00:27:09+02:00,,Confirmed,,,,,False,,,False,PRISMA,,https://platform.prisma-capacity.eu/,,Trading Point,9,False
1Physical Flowhour2021-01-12 17:00:00 +00:002021-01-12 18:00:00 +00:00BE-TSO-0001VTP-00029exitkWh/h,1,Physical Flow,hour,2021-01-12T18:00:00+01:00,2021-01-12T19:00:00+01:00,BE-TSO-0001,21X-BE-A-A0A0A-Y,Fluxys Belgium,VTP-00029,Zeebrugge Beach,21Z0000000000090,exit,kWh/h,,,43725,2021-03-30T00:27:09+02:00,,Confirmed,,,,,False,,,False,PRISMA,,https://platform.prisma-capacity.eu/,,Trading Point,9,False
1Physical Flowhour2021-01-12 18:00:00 +00:002021-01-12 19:00:00 +00:00BE-TSO-0001VTP-00029exitkWh/h,1,Physical Flow,hour,2021-01-12T19:00:00+01:00,2021-01-12T20:00:00+01:00,BE-TSO-0001,21X-BE-A-A0A0A-Y,Fluxys Belgium,VTP-00029,Zeebrugge Beach,21Z0000000000090,exit,kWh/h,,,39569,2021-03-30T00:27:09+02:00,,Confirmed,,,,,False,,,False,PRISMA,,https://platform.prisma-capacity.eu/,,Trading Point,9,False
1Physical Flowhour2021-01-12 19:00:00 +00:002021-01-12 20:00:00 +00:00BE-TSO-0001VTP-00029exitkWh/h,1,Physical Flow,hour,2021-01-12T20:00:00+01:00,2021-01-12T21:00:00+01:00,BE-TSO-0001,21X-BE-A-A0A0A-Y,Fluxys Belgium,VTP-00029,Zeebrugge Beach,21Z0000000000090,exit,kWh/h,,,18571872,2021-03-30T00:27:09+02:00,,Confirmed,,,,,False,,,False,PRISMA,,https://platform.prisma-capacity.eu/,,Trading Point,9,False
1Physical Flowhour2021-01-12 20:00:00 +00:002021-01-12 21:00:00 +00:00BE-TSO-0001VTP-00029exitkWh/h,1,Physical Flow,hour,2021-01-12T21:00:00+01:00,2021-01-12T22:00:00+01:00,BE-TSO-0001,21X-BE-A-A0A0A-Y,Fluxys Belgium,VTP-00029,Zeebrugge Beach,21Z0000000000090,exit,kWh/h,,,22810659,2021-03-30T00:27:09+02:00,,Confirmed,,,,,False,,,False,PRISMA,,https://platform.prisma-capacity.eu/,,Trading Point,9,False
1Physical Flowhour2021-01-12 21:00:00 +00:002021-01-12 22:00:00 +00:00BE-TSO-0001VTP-00029exitkWh/h,1,Physical Flow,hour,2021-01-12T22:00:00+01:00,2021-01-12T23:00:00+01:00,BE-TSO-0001,21X-BE-A-A0A0A-Y,Fluxys Belgium,VTP-00029,Zeebrugge Beach,21Z0000000000090,exit,kWh/h,,,21314409,2021-03-30T00:27:09+02:00,,Confirmed,,,,,False,,,False,PRISMA,,https://platform.prisma-capacity.eu/,,Trading Point,9,False
1Physical Flowhour2021-01-12 22:00:00 +00:002021-01-12 23:00:00 +00:00BE-TSO-0001VTP-00029exitkWh/h,1,Physical Flow,hour,2021-01-12T23:00:00+01:00,2021-01-13T00:00:00+01:00,BE-TSO-0001,21X-BE-A-A0A0A-Y,Fluxys Belgium,VTP-00029,Zeebrugge Beach,21Z0000000000090,exit,kWh/h,,,24443693,2021-03-30T00:27:09+02:00,,Confirmed,,,,,False,,,False,PRISMA,,https://platform.prisma-capacity.eu/,,Trading Point,9,False
1Physical Flowhour2021-01-12 23:00:00 +00:002021-01-13 00:00:00 +00:00BE-TSO-0001VTP-00029exitkWh/h,1,Physical Flow,hour,2021-01-13T00:00:00+01:00,2021-01-13T01:00:00+01:00,BE-TSO-0001,21X-BE-A-A0A0A-Y,Fluxys Belgium,VTP-00029,Zeebrugge Beach,21Z0000000000090,exit,kWh/h,,,24539186,2021-03-30T00:27:09+02:00,,Confirmed,,,,,False,,,False,PRISMA,,https://platform.prisma-capacity.eu/,,Trading Point,9,False
1Physical Flowhour2021-01-13 00:00:00 +00:002021-01-13 01:00:00 +00:00BE-TSO-0001VTP-00029exitkWh/h,1,Physical Flow,hour,2021-01-13T01:00:00+01:00,2021-01-13T02:00:00+01:00,BE-TSO-0001,21X-BE-A-A0A0A-Y,Fluxys Belgium,VTP-00029,Zeebrugge Beach,21Z0000000000090,exit,kWh/h,,,26595940,2021-03-30T00:27:09+02:00,,Confirmed,,,,,False,,,False,PRISMA,,https://platform.prisma-capacity.eu/,,Trading Point,9,False
1Physical Flowhour2021-01-13 01:00:00 +00:002021-01-13 02:00:00 +00:00BE-TSO-0001VTP-00029exitkWh/h,1,Physical Flow,hour,2021-01-13T02:00:00+01:00,2021-01-13T03:00:00+01:00,BE-TSO-0001,21X-BE-A-A0A0A-Y,Fluxys Belgium,VTP-00029,Zeebrugge Beach,21Z0000000000090,exit,kWh/h,,,26528071,2021-03-30T00:27:09+02:00,,Confirmed,,,,,False,,,False,PRISMA,,https://platform.prisma-capacity.eu/,,Trading Point,9,False
1Physical Flowhour2021-01-13 02:00:00 +00:002021-01-13 03:00:00 +00:00BE-TSO-0001VTP-00029exitkWh/h,1,Physical Flow,hour,2021-01-13T03:00:00+01:00,2021-01-13T04:00:00+01:00,BE-TSO-0001,21X-BE-A-A0A0A-Y,Fluxys Belgium,VTP-00029,Zeebrugge Beach,21Z0000000000090,exit,kWh/h,,,25898811,2021-03-30T00:27:09+02:00,,Confirmed,,,,,False,,,False,PRISMA,,https://platform.prisma-capacity.eu/,,Trading Point,9,False
1Physical Flowhour2021-01-13 03:00:00 +00:002021-01-13 04:00:00 +00:00BE-TSO-0001VTP-00029exitkWh/h,1,Physical Flow,hour,2021-01-13T04:00:00+01:00,2021-01-13T05:00:00+01:00,BE-TSO-0001,21X-BE-A-A0A0A-Y,Fluxys Belgium,VTP-00029,Zeebrugge Beach,21Z0000000000090,exit,kWh/h,,,27026305,2021-03-30T00:27:09+02:00,,Confirmed,,,,,False,,,False,PRISMA,,https://platform.prisma-capacity.eu/,,Trading Point,9,False
1Physical Flowhour2021-01-13 04:00:00 +00:002021-01-13 05:00:00 +00:00BE-TSO-0001VTP-00029exitkWh/h,1,Physical Flow,hour,2021-01-13T05:00:00+01:00,2021-01-13T06:00:00+01:00,BE-TSO-0001,21X-BE-A-A0A0A-Y,Fluxys Belgium,VTP-00029,Zeebrugge Beach,21Z0000000000090,exit,kWh/h,,,27019452,2021-03-30T00:27:09+02:00,,Confirmed,,,,,False,,,False,PRISMA,,https://platform.prisma-capacity.eu/,,Trading Point,9,False
1Physical Flowhour2021-01-13 05:00:00 +00:002021-01-13 06:00:00 +00:00BE-TSO-0001VTP-00029exitkWh/h,1,Physical Flow,hour,2021-01-13T06:00:00+01:00,2021-01-13T07:00:00+01:00,BE-TSO-0001,21X-BE-A-A0A0A-Y,Fluxys Belgium,VTP-00029,Zeebrugge Beach,21Z0000000000090,exit,kWh/h,,,25395125,2021-03-30T00:27:09+02:00,,Confirmed,,,,,False,,,False,PRISMA,,https://platform.prisma-capacity.eu/,,Trading Point,9,False
1Physical Flowhour2021-01-13 06:00:00 +00:002021-01-13 07:00:00 +00:00BE-TSO-0001VTP-00029exitkWh/h,1,Physical Flow,hour,2021-01-13T07:00:00+01:00,2021-01-13T08:00:00+01:00,BE-TSO-0001,21X-BE-A-A0A0A-Y,Fluxys Belgium,VTP-00029,Zeebrugge Beach,21Z0000000000090,exit,kWh/h,,,24961798,2021-03-30T00:27:09+02:00,,Confirmed,,,,,False,,,False,PRISMA,,https://platform.prisma-capacity.eu/,,Trading Point,9,False
1Physical Flowhour2021-01-13 07:00:00 +00:002021-01-13 08:00:00 +00:00BE-TSO-0001VTP-00029exitkWh/h,1,Physical Flow,hour,2021-01-13T08:00:00+01:00,2021-01-13T09:00:00+01:00,BE-TSO-0001,21X-BE-A-A0A0A-Y,Fluxys Belgium,VTP-00029,Zeebrugge Beach,21Z0000000000090,exit,kWh/h,,,23992516,2021-03-30T00:27:09+02:00,,Confirmed,,,,,False,,,False,PRISMA,,https://platform.prisma-capacity.eu/,,Trading Point,9,False
1Physical Flowhour2021-01-13 08:00:00 +00:002021-01-13 09:00:00 +00:00BE-TSO-0001VTP-00029exitkWh/h,1,Physical Flow,hour,2021-01-13T09:00:00+01:00,2021-01-13T10:00:00+01:00,BE-TSO-0001,21X-BE-A-A0A0A-Y,Fluxys Belgium,VTP-00029,Zeebrugge Beach,21Z0000000000090,exit,kWh/h,,,23998870,2021-03-30T00:27:09+02:00,,Confirmed,,,,,False,,,False,PRISMA,,https://platform.prisma-capacity.eu/,,Trading Point,9,False
1Physical Flowhour2021-01-13 09:00:00 +00:002021-01-13 10:00:00 +00:00BE-TSO-0001VTP-00029exitkWh/h,1,Physical Flow,hour,2021-01-13T10:00:00+01:00,2021-01-13T11:00:00+01:00,BE-TSO-0001,21X-BE-A-A0A0A-Y,Fluxys Belgium,VTP-00029,Zeebrugge Beach,21Z0000000000090,exit,kWh/h,,,23998444,2021-03-30T00:27:09+02:00,,Confirmed,,,,,False,,,False,PRISMA,,https://platform.prisma-capacity.eu/,,Trading Point,9,False
1Physical Flowhour2021-01-13 10:00:00 +00:002021-01-13 11:00:00 +00:00BE-TSO-0001VTP-00029exitkWh/h,1,Physical Flow,hour,2021-01-13T11:00:00+01:00,2021-01-13T12:00:00+01:00,BE-TSO-0001,21X-BE-A-A0A0A-Y,Fluxys Belgium,VTP-00029,Zeebrugge Beach,21Z0000000000090,exit,kWh/h,,,23994897,2021-03-30T00:27:09+02:00,,Confirmed,,,,,False,,,False,PRISMA,,https://platform.prisma-capacity.eu/,,Trading Point,9,False
1Physical Flowhour2021-01-13 11:00:00 +00:002021-01-13 12:00:00 +00:00BE-TSO-0001VTP-00029exitkWh/h,1,Physical Flow,hour,2021-01-13T12:00:00+01:00,2021-01-13T13:00:00+01:00,BE-TSO-0001,21X-BE-A-A0A0A-Y,Fluxys Belgium,VTP-00029,Zeebrugge Beach,21Z0000000000090,exit,kWh/h,,,23993390,2021-03-30T00:27:09+02:00,,Confirmed,,,,,False,,,False,PRISMA,,https://platform.prisma-capacity.eu/,,Trading Point,9,False
1Physical Flowhour2021-01-13 12:00:00 +00:002021-01-13 13:00:00 +00:00BE-TSO-0001VTP-00029exitkWh/h,1,Physical Flow,hour,2021-01-13T13:00:00+01:00,2021-01-13T14:00:00+01:00,BE-TSO-0001,21X-BE-A-A0A0A-Y,Fluxys Belgium,VTP-00029,Zeebrugge Beach,21Z0000000000090,exit,kWh/h,,,24007072,2021-03-30T00:27:09+02:00,,Confirmed,,,,,False,,,False,PRISMA,,https://platform.prisma-capacity.eu/,,Trading Point,9,False
1Physical Flowhour2021-01-13 13:00:00 +00:002021-01-13 14:00:00 +00:00BE-TSO-0001VTP-00029exitkWh/h,1,Physical Flow,hour,2021-01-13T14:00:00+01:00,2021-01-13T15:00:00+01:00,BE-TSO-0001,21X-BE-A-A0A0A-Y,Fluxys Belgium,VTP-00029,Zeebrugge Beach,21Z0000000000090,exit,kWh/h,,,24004178,2021-03-30T00:27:09+02:00,,Confirmed,,,,,False,,,False,PRISMA,,https://platform.prisma-capacity.eu/,,Trading Point,9,False
1Physical Flowhour2021-01-13 14:00:00 +00:002021-01-13 15:00:00 +00:00BE-TSO-0001VTP-00029exitkWh/h,1,Physical Flow,hour,2021-01-13T15:00:00+01:00,2021-01-13T16:00:00+01:00,BE-TSO-0001,21X-BE-A-A0A0A-Y,Fluxys Belgium,VTP-00029,Zeebrugge Beach,21Z0000000000090,exit,kWh/h,,,24984703,2021-03-30T00:27:09+02:00,,Confirmed,,,,,False,,,False,PRISMA,,https://platform.prisma-capacity.eu/,,Trading Point,9,False
1Physical Flowhour2021-01-13 15:00:00 +00:002021-01-13 16:00:00 +00:00BE-TSO-0001VTP-00029exitkWh/h,1,Physical Flow,hour,2021-01-13T16:00:00+01:00,2021-01-13T17:00:00+01:00,BE-TSO-0001,21X-BE-A-A0A0A-Y,Fluxys Belgium,VTP-00029,Zeebrugge Beach,21Z0000000000090,exit,kWh/h,,,24397979,2021-03-30T00:27:09+02:00,,Confirmed,,,,,False,,,False,PRISMA,,https://platform.prisma-capacity.eu/,,Trading Point,9,False
1Physical Flowhour2021-01-13 16:00:00 +00:002021-01-13 17:00:00 +00:00BE-TSO-0001VTP-00029exitkWh/h,1,Physical Flow,hour,2021-01-13T17:00:00+01:00,2021-01-13T18:00:00+01:00,BE-TSO-0001,21X-BE-A-A0A0A-Y,Fluxys Belgium,VTP-00029,Zeebrugge Beach,21Z0000000000090,exit,kWh/h,,,104802,2021-03-30T00:27:09+02:00,,Confirmed,,,,,False,,,False,PRISMA,,https://platform.prisma-capacity.eu/,,Trading Point,9,False
1Physical Flowhour2021-01-13 17:00:00 +00:002021-01-13 18:00:00 +00:00BE-TSO-0001VTP-00029exitkWh/h,1,Physical Flow,hour,2021-01-13T18:00:00+01:00,2021-01-13T19:00:00+01:00,BE-TSO-0001,21X-BE-A-A0A0A-Y,Fluxys Belgium,VTP-00029,Zeebrugge Beach,21Z0000000000090,exit,kWh/h,,,56619,2021-03-30T00:27:09+02:00,,Confirmed,,,,,False,,,False,PRISMA,,https://platform.prisma-capacity.eu/,,Trading Point,9,False
1Physical Flowhour2021-01-13 18:00:00 +00:002021-01-13 19:00:00 +00:00BE-TSO-0001VTP-00029exitkWh/h,1,Physical Flow,hour,2021-01-13T19:00:00+01:00,2021-01-13T20:00:00+01:00,BE-TSO-0001,21X-BE-A-A0A0A-Y,Fluxys Belgium,VTP-00029,Zeebrugge Beach,21Z0000000000090,exit,kWh/h,,,52769,2021-03-30T00:27:09+02:00,,Confirmed,,,,,False,,,False,PRISMA,,https://platform.prisma-capacity.eu/,,Trading Point,9,False
1Physical Flowhour2021-01-13 19:00:00 +00:002021-01-13 20:00:00 +00:00BE-TSO-0001VTP-00029exitkWh/h,1,Physical Flow,hour,2021-01-13T20:00:00+01:00,2021-01-13T21:00:00+01:00,BE-TSO-0001,21X-BE-A-A0A0A-Y,Fluxys Belgium,VTP-00029,Zeebrugge Beach,21Z0000000000090,exit,kWh/h,,,27956695,2021-03-30T00:27:09+02:00,,Confirmed,,,,,False,,,False,PRISMA,,https://platform.prisma-capacity.eu/,,Trading Point,9,False
1Physical Flowhour2021-01-13 20:00:00 +00:002021-01-13 21:00:00 +00:00BE-TSO-0001VTP-00029exitkWh/h,1,Physical Flow,hour,2021-01-13T21:00:00+01:00,2021-01-13T22:00:00+01:00,BE-TSO-0001,21X-BE-A-A0A0A-Y,Fluxys Belgium,VTP-00029,Zeebrugge Beach,21Z0000000000090,exit,kWh/h,,,34012613,2021-03-30T00:27:09+02:00,,Confirmed,,,,,False,,,False,PRISMA,,https://platform.prisma-capacity.eu/,,Trading Point,9,False
1Physical Flowhour2021-01-13 21:00:00 +00:002021-01-13 22:00:00 +00:00BE-TSO-0001VTP-00029exitkWh/h,1,Physical Flow,hour,2021-01-13T22:00:00+01:00,2021-01-13T23:00:00+01:00,BE-TSO-0001,21X-BE-A-A0A0A-Y,Fluxys Belgium,VTP-00029,Zeebrugge Beach,21Z0000000000090,exit,kWh/h,,,33516595,2021-03-30T00:27:09+02:00,,Confirmed,,,,,False,,,False,PRISMA,,https://platform.prisma-capacity.eu/,,Trading Point,9,False
1Physical Flowhour2021-01-13 22:00:00 +00:002021-01-13 23:00:00 +00:00BE-TSO-0001VTP-00029exitkWh/h,1,Physical Flow,hour,2021-01-13T23:00:00+01:00,2021-01-14T00:00:00+01:00,BE-TSO-0001,21X-BE-A-A0A0A-Y,Fluxys Belgium,VTP-00029,Zeebrugge Beach,21Z0000000000090,exit,kWh/h,,,32559090,2021-03-30T00:27:09+02:00,,Confirmed,,,,,False,,,False,PRISMA,,https://platform.prisma-capacity.eu/,,Trading Point,9,False
1Physical Flowhour2021-01-13 23:00:00 +00:002021-01-14 00:00:00 +00:00BE-TSO-0001VTP-00029exitkWh/h,1,Physical Flow,hour,2021-01-14T00:00:00+01:00,2021-01-14T01:00:00+01:00,BE-TSO-0001,21X-BE-A-A0A0A-Y,Fluxys Belgium,VTP-00029,Zeebrugge Beach,21Z0000000000090,exit,kWh/h,,,32181713,2021-03-30T00:27:09+02:00,,Confirmed,,,,,False,,,False,PRISMA,,https://platform.prisma-capacity.eu/,,Trading Point,9,False
1Physical Flowhour2021-01-14 00:00:00 +00:002021-01-14 01:00:00 +00:00BE-TSO-0001VTP-00029exitkWh/h,1,Physical Flow,hour,2021-01-14T01:00:00+01:00,2021-01-14T02:00:00+01:00,BE-TSO-0001,21X-BE-A-A0A0A-Y,Fluxys Belgium,VTP-00029,Zeebrugge Beach,21Z0000000000090,exit,kWh/h,,,34379357,2021-03-30T00:27:09+02:00,,Confirmed,,,,,False,,,False,PRISMA,,https://platform.prisma-capacity.eu/,,Trading Point,9,False
1Physical Flowhour2021-01-14 01:00:00 +00:002021-01-14 02:00:00 +00:00BE-TSO-0001VTP-00029exitkWh/h,1,Physical Flow,hour,2021-01-14T02:00:00+01:00,2021-01-14T03:00:00+01:00,BE-TSO-0001,21X-BE-A-A0A0A-Y,Fluxys Belgium,VTP-00029,Zeebrugge Beach,21Z0000000000090,exit,kWh/h,,,33971213,2021-03-30T00:27:09+02:00,,Confirmed,,,,,False,,,False,PRISMA,,https://platform.prisma-capacity.eu/,,Trading Point,9,False
1Physical Flowhour2021-01-14 02:00:00 +00:002021-01-14 03:00:00 +00:00BE-TSO-0001VTP-00029exitkWh/h,1,Physical Flow,hour,2021-01-14T03:00:00+01:00,2021-01-14T04:00:00+01:00,BE-TSO-0001,21X-BE-A-A0A0A-Y,Fluxys Belgium,VTP-00029,Zeebrugge Beach,21Z0000000000090,exit,kWh/h,,,33894932,2021-03-30T00:27:09+02:00,,Confirmed,,,,,False,,,False,PRISMA,,https://platform.prisma-capacity.eu/,,Trading Point,9,False
1Physical Flowhour2021-01-14 03:00:00 +00:002021-01-14 04:00:00 +00:00BE-TSO-0001VTP-00029exitkWh/h,1,Physical Flow,hour,2021-01-14T04:00:00+01:00,2021-01-14T05:00:00+01:00,BE-TSO-0001,21X-BE-A-A0A0A-Y,Fluxys Belgium,VTP-00029,Zeebrugge Beach,21Z0000000000090,exit,kWh/h,,,33466454,2021-03-30T00:27:09+02:00,,Confirmed,,,,,False,,,False,PRISMA,,https://platform.prisma-capacity.eu/,,Trading Point,9,False
1Physical Flowhour2021-01-14 04:00:00 +00:002021-01-14 05:00:00 +00:00BE-TSO-0001VTP-00029exitkWh/h,1,Physical Flow,hour,2021-01-14T05:00:00+01:00,2021-01-14T06:00:00+01:00,BE-TSO-0001,21X-BE-A-A0A0A-Y,Fluxys Belgium,VTP-00029,Zeebrugge Beach,21Z0000000000090,exit,kWh/h,,,33740432,2021-03-30T00:27:09+02:00,,Confirmed,,,,,False,,,False,PRISMA,,https://platform.prisma-capacity.eu/,,Trading Point,9,False
1Physical Flowhour2021-01-14 05:00:00 +00:002021-01-14 06:00:00 +00:00BE-TSO-0001VTP-00029exitkWh/h,1,Physical Flow,hour,2021-01-14T06:00:00+01:00,2021-01-14T07:00:00+01:00,BE-TSO-0001,21X-BE-A-A0A0A-Y,Fluxys Belgium,VTP-00029,Zeebrugge Beach,21Z0000000000090,exit,kWh/h,,,27672518,2021-03-30T00:27:09+02:00,,Confirmed,,,,,False,,,False,PRISMA,,https://platform.prisma-capacity.eu/,,Trading Point,9,False
1Physical Flowhour2021-01-14 06:00:00 +00:002021-01-14 07:00:00 +00:00BE-TSO-0001VTP-00029exitkWh/h,1,Physical Flow,hour,2021-01-14T07:00:00+01:00,2021-01-14T08:00:00+01:00,BE-TSO-0001,21X-BE-A-A0A0A-Y,Fluxys Belgium,VTP-00029,Zeebrugge Beach,21Z0000000000090,exit,kWh/h,,,27188408,2021-03-30T00:27:09+02:00,,Confirmed,,,,,False,,,False,PRISMA,,https://platform.prisma-capacity.eu/,,Trading Point,9,False
1Physical Flowhour2021-01-14 07:00:00 +00:002021-01-14 08:00:00 +00:00BE-TSO-0001VTP-00029exitkWh/h,1,Physical Flow,hour,2021-01-14T08:00:00+01:00,2021-01-14T09:00:00+01:00,BE-TSO-0001,21X-BE-A-A0A0A-Y,Fluxys Belgium,VTP-00029,Zeebrugge Beach,21Z0000000000090,exit,kWh/h,,,27860974,2021-03-30T00:27:09+02:00,,Confirmed,,,,,False,,,False,PRISMA,,https://platform.prisma-capacity.eu/,,Trading Point,9,False
1Physical Flowhour2021-01-14 08:00:00 +00:002021-01-14 09:00:00 +00:00BE-TSO-0001VTP-00029exitkWh/h,1,Physical Flow,hour,2021-01-14T09:00:00+01:00,2021-01-14T10:00:00+01:00,BE-TSO-0001,21X-BE-A-A0A0A-Y,Fluxys Belgium,VTP-00029,Zeebrugge Beach,21Z0000000000090,exit,kWh/h,,,27901216,2021-03-30T00:27:09+02:00,,Confirmed,,,,,False,,,False,PRISMA,,https://platform.prisma-capacity.eu/,,Trading Point,9,False
1Physical Flowhour2021-01-14 09:00:00 +00:002021-01-14 10:00:00 +00:00BE-TSO-0001VTP-00029exitkWh/h,1,Physical Flow,hour,2021-01-14T10:00:00+01:00,2021-01-14T11:00:00+01:00,BE-TSO-0001,21X-BE-A-A0A0A-Y,Fluxys Belgium,VTP-00029,Zeebrugge Beach,21Z0000000000090,exit,kWh/h,,,27908335,2021-03-30T00:27:09+02:00,,Confirmed,,,,,False,,,False,PRISMA,,https://platform.prisma-capacity.eu/,,Trading Point,9,False
1Physical Flowhour2021-01-14 10:00:00 +00:002021-01-14 11:00:00 +00:00BE-TSO-0001VTP-00029exitkWh/h,1,Physical Flow,hour,2021-01-14T11:00:00+01:00,2021-01-14T12:00:00+01:00,BE-TSO-0001,21X-BE-A-A0A0A-Y,Fluxys Belgium,VTP-00029,Zeebrugge Beach,21Z0000000000090,exit,kWh/h,,,27974375,2021-03-30T00:27:09+02:00,,Confirmed,,,,,False,,,False,PRISMA,,https://platform.prisma-capacity.eu/,,Trading Point,9,False
1Physical Flowhour2021-01-14 11:00:00 +00:002021-01-14 12:00:00 +00:00BE-TSO-0001VTP-00029exitkWh/h,1,Physical Flow,hour,2021-01-14T12:00:00+01:00,2021-01-14T13:00:00+01:00,BE-TSO-0001,21X-BE-A-A0A0A-Y,Fluxys Belgium,VTP-00029,Zeebrugge Beach,21Z0000000000090,exit,kWh/h,,,26956546,2021-03-30T00:27:09+02:00,,Confirmed,,,,,False,,,False,PRISMA,,https://platform.prisma-capacity.eu/,,Trading Point,9,False
1Physical Flowhour2021-01-14 12:00:00 +00:002021-01-14 13:00:00 +00:00BE-TSO-0001VTP-00029exitkWh/h,1,Physical Flow,hour,2021-01-14T13:00:00+01:00,2021-01-14T14:00:00+01:00,BE-TSO-0001,21X-BE-A-A0A0A-Y,Fluxys Belgium,VTP-00029,Zeebrugge Beach,21Z0000000000090,exit,kWh/h,,,27109062,2021-03-30T00:27:09+02:00,,Confirmed,,,,,False,,,False,PRISMA,,https://platform.prisma-capacity.eu/,,Trading Point,9,False
1Physical Flowhour2021-01-14 13:00:00 +00:002021-01-14 14:00:00 +00:00BE-TSO-0001VTP-00029exitkWh/h,1,Physical Flow,hour,2021-01-14T14:00:00+01:00,2021-01-14T15:00:00+01:00,BE-TSO-0001,21X-BE-A-A0A0A-Y,Fluxys Belgium,VTP-00029,Zeebrugge Beach,21Z0000000000090,exit,kWh/h,,,27121065,2021-03-30T00:27:09+02:00,,Confirmed,,,,,False,,,False,PRISMA,,https://platform.prisma-capacity.eu/,,Trading Point,9,False
1Physical Flowhour2021-01-14 14:00:00 +00:002021-01-14 15:00:00 +00:00BE-TSO-0001VTP-00029exitkWh/h,1,Physical Flow,hour,2021-01-14T15:00:00+01:00,2021-01-14T16:00:00+01:00,BE-TSO-0001,21X-BE-A-A0A0A-Y,Fluxys Belgium,VTP-00029,Zeebrugge Beach,21Z0000000000090,exit,kWh/h,,,26868134,2021-03-30T00:27:09+02:00,,Confirmed,,,,,False,,,False,PRISMA,,https://platform.prisma-capacity.eu/,,Trading Point,9,False
1Physical Flowhour2021-01-14 15:00:00 +00:002021-01-14 16:00:00 +00:00BE-TSO-0001VTP-00029exitkWh/h,1,Physical Flow,hour,2021-01-14T16:00:00+01:00,2021-01-14T17:00:00+01:00,BE-TSO-0001,21X-BE-A-A0A0A-Y,Fluxys Belgium,VTP-00029,Zeebrugge Beach,21Z0000000000090,exit,kWh/h,,,24982420,2021-03-30T00:27:09+02:00,,Confirmed,,,,,False,,,False,PRISMA,,https://platform.prisma-capacity.eu/,,Trading Point,9,False
1Physical Flowhour2021-01-14 16:00:00 +00:002021-01-14 17:00:00 +00:00BE-TSO-0001VTP-00029exitkWh/h,1,Physical Flow,hour,2021-01-14T17:00:00+01:00,2021-01-14T18:00:00+01:00,BE-TSO-0001,21X-BE-A-A0A0A-Y,Fluxys Belgium,VTP-00029,Zeebrugge Beach,21Z0000000000090,exit,kWh/h,,,23790386,2021-03-30T00:27:09+02:00,,Confirmed,,,,,False,,,False,PRISMA,,https://platform.prisma-capacity.eu/,,Trading Point,9,False
1Physical Flowhour2021-01-14 17:00:00 +00:002021-01-14 18:00:00 +00:00BE-TSO-0001VTP-00029exitkWh/h,1,Physical Flow,hour,2021-01-14T18:00:00+01:00,2021-01-14T19:00:00+01:00,BE-TSO-0001,21X-BE-A-A0A0A-Y,Fluxys Belgium,VTP-00029,Zeebrugge Beach,21Z0000000000090,exit,kWh/h,,,23385492,2021-03-30T00:27:09+02:00,,Confirmed,,,,,False,,,False,PRISMA,,https://platform.prisma-capacity.eu/,,Trading Point,9,False
1Physical Flowhour2021-01-14 18:00:00 +00:002021-01-14 19:00:00 +00:00BE-TSO-0001VTP-00029exitkWh/h,1,Physical Flow,hour,2021-01-14T19:00:00+01:00,2021-01-14T20:00:00+01:00,BE-TSO-0001,21X-BE-A-A0A0A-Y,Fluxys Belgium,VTP-00029,Zeebrugge Beach,21Z0000000000090,exit,kWh/h,,,23176557,2021-03-30T00:27:09+02:00,,Confirmed,,,,,False,,,False,PRISMA,,https://platform.prisma-capacity.eu/,,Trading Point,9,False
1Physical Flowhour2021-01-14 19:00:00 +00:002021-01-14 20:00:00 +00:00BE-TSO-0001VTP-00029exitkWh/h,1,Physical Flow,hour,2021-01-14T20:00:00+01:00,2021-01-14T21:00:00+01:00,BE-TSO-0001,21X-BE-A-A0A0A-Y,Fluxys Belgium,VTP-00029,Zeebrugge Beach,21Z0000000000090,exit,kWh/h,,,21206803,2021-03-30T00:27:09+02:00,,Confirmed,,,,,False,,,False,PRISMA,,https://platform.prisma-capacity.eu/,,Trading Point,9,False
1Physical Flowhour2021-01-14 20:00:00 +00:002021-01-14 21:00:00 +00:00BE-TSO-0001VTP-00029exitkWh/h,1,Physical Flow,hour,2021-01-14T21:00:00+01:00,2021-01-14T22:00:00+01:00,BE-TSO-0001,21X-BE-A-A0A0A-Y,Fluxys Belgium,VTP-00029,Zeebrugge Beach,21Z0000000000090,exit,kWh/h,,,23194521,2021-03-30T00:27:09+02:00,,Confirmed,,,,,False,,,False,PRISMA,,https://platform.prisma-capacity.eu/,,Trading Point,9,False
1Physical Flowhour2021-01-14 21:00:00 +00:002021-01-14 22:00:00 +00:00BE-TSO-0001VTP-00029exitkWh/h,1,Physical Flow,hour,2021-01-14T22:00:00+01:00,2021-01-14T23:00:00+01:00,BE-TSO-0001,21X-BE-A-A0A0A-Y,Fluxys Belgium,VTP-00029,Zeebrugge Beach,21Z0000000000090,exit,kWh/h,,,23052346,2021-03-30T00:27:09+02:00,,Confirmed,,,,,False,,,False,PRISMA,,https://platform.prisma-capacity.eu/,,Trading Point,9,False
1Physical Flowhour2021-01-14 22:00:00 +00:002021-01-14 23:00:00 +00:00BE-TSO-0001VTP-00029exitkWh/h,1,Physical Flow,hour,2021-01-14T23:00:00+01:00,2021-01-15T00:00:00+01:00,BE-TSO-0001,21X-BE-A-A0A0A-Y,Fluxys Belgium,VTP-00029,Zeebrugge Beach,21Z0000000000090,exit,kWh/h,,,23195371,2021-03-30T00:27:09+02:00,,Confirmed,,,,,False,,,False,PRISMA,,https://platform.prisma-capacity.eu/,,Trading Point,9,False
1Physical Flowhour2021-01-14 23:00:00 +00:002021-01-15 00:00:00 +00:00BE-TSO-0001VTP-00029exitkWh/h,1,Physical Flow,hour,2021-01-15T00:00:00+01:00,2021-01-15T01:00:00+01:00,BE-TSO-0001,21X-BE-A-A0A0A-Y,Fluxys Belgium,VTP-00029,Zeebrugge Beach,21Z0000000000090,exit,kWh/h,,,23080928,2021-03-30T00:27:09+02:00,,Confirmed,,,,,False,,,False,PRISMA,,https://platform.prisma-capacity.eu/,,Trading Point,9,False
1Physical Flowhour2021-01-15 00:00:00 +00:002021-01-15 01:00:00 +00:00BE-TSO-0001VTP-00029exitkWh/h,1,Physical Flow,hour,2021-01-15T01:00:00+01:00,2021-01-15T02:00:00+01:00,BE-TSO-0001,21X-BE-A-A0A0A-Y,Fluxys Belgium,VTP-00029,Zeebrugge Beach,21Z0000000000090,exit,kWh/h,,,23148699,2021-03-30T00:27:09+02:00,,Confirmed,,,,,False,,,False,PRISMA,,https://platform.prisma-capacity.eu/,,Trading Point,9,False
1Physical Flowhour2021-01-15 01:00:00 +00:002021-01-15 02:00:00 +00:00BE-TSO-0001VTP-00029exitkWh/h,1,Physical Flow,hour,2021-01-15T02:00:00+01:00,2021-01-15T03:00:00+01:00,BE-TSO-0001,21X-BE-A-A0A0A-Y,Fluxys Belgium,VTP-00029,Zeebrugge Beach,21Z0000000000090,exit,kWh/h,,,23116038,2021-03-30T00:27:09+02:00,,Confirmed,,,,,False,,,False,PRISMA,,https://platform.prisma-capacity.eu/,,Trading Point,9,False
1Physical Flowhour2021-01-15 02:00:00 +00:002021-01-15 03:00:00 +00:00BE-TSO-0001VTP-00029exitkWh/h,1,Physical Flow,hour,2021-01-15T03:00:00+01:00,2021-01-15T04:00:00+01:00,BE-TSO-0001,21X-BE-A-A0A0A-Y,Fluxys Belgium,VTP-00029,Zeebrugge Beach,21Z0000000000090,exit,kWh/h,,,23113453,2021-03-30T00:27:09+02:00,,Confirmed,,,,,False,,,False,PRISMA,,https://platform.prisma-capacity.eu/,,Trading Point,9,False
1Physical Flowhour2021-01-15 03:00:00 +00:002021-01-15 04:00:00 +00:00BE-TSO-0001VTP-00029exitkWh/h,1,Physical Flow,hour,2021-01-15T04:00:00+01:00,2021-01-15T05:00:00+01:00,BE-TSO-0001,21X-BE-A-A0A0A-Y,Fluxys Belgium,VTP-00029,Zeebrugge Beach,21Z0000000000090,exit,kWh/h,,,23112326,2021-03-30T00:27:09+02:00,,Confirmed,,,,,False,,,False,PRISMA,,https://platform.prisma-capacity.eu/,,Trading Point,9,False
1Physical Flowhour2021-01-15 04:00:00 +00:002021-01-15 05:00:00 +00:00BE-TSO-0001VTP-00029exitkWh/h,1,Physical Flow,hour,2021-01-15T05:00:00+01:00,2021-01-15T06:00:00+01:00,BE-TSO-0001,21X-BE-A-A0A0A-Y,Fluxys Belgium,VTP-00029,Zeebrugge Beach,21Z0000000000090,exit,kWh/h,,,23111821,2021-03-30T00:27:09+02:00,,Confirmed,,,,,False,,,False,PRISMA,,https://platform.prisma-capacity.eu/,,Trading Point,9,False
1Physical Flowhour2021-01-15 05:00:00 +00:002021-01-15 06:00:00 +00:00BE-TSO-0001VTP-00029exitkWh/h,1,Physical Flow,hour,2021-01-15T06:00:00+01:00,2021-01-15T07:00:00+01:00,BE-TSO-0001,21X-BE-A-A0A0A-Y,Fluxys Belgium,VTP-00029,Zeebrugge Beach,21Z0000000000090,exit,kWh/h,,,25426566,2021-03-30T00:27:09+02:00,,Confirmed,,,,,False,,,False,PRISMA,,https://platform.prisma-capacity.eu/,,Trading Point,9,False
1Physical Flowhour2021-01-15 06:00:00 +00:002021-01-15 07:00:00 +00:00BE-TSO-0001VTP-00029exitkWh/h,1,Physical Flow,hour,2021-01-15T07:00:00+01:00,2021-01-15T08:00:00+01:00,BE-TSO-0001,21X-BE-A-A0A0A-Y,Fluxys Belgium,VTP-00029,Zeebrugge Beach,21Z0000000000090,exit,kWh/h,,,25009829,2021-03-30T00:27:09+02:00,,Confirmed,,,,,False,,,False,PRISMA,,https://platform.prisma-capacity.eu/,,Trading Point,9,False
1Physical Flowhour2021-01-15 07:00:00 +00:002021-01-15 08:00:00 +00:00BE-TSO-0001VTP-00029exitkWh/h,1,Physical Flow,hour,2021-01-15T08:00:00+01:00,2021-01-15T09:00:00+01:00,BE-TSO-0001,21X-BE-A-A0A0A-Y,Fluxys Belgium,VTP-00029,Zeebrugge Beach,21Z0000000000090,exit,kWh/h,,,25004129,2021-03-30T00:27:09+02:00,,Confirmed,,,,,False,,,False,PRISMA,,https://platform.prisma-capacity.eu/,,Trading Point,9,False
1Physical Flowhour2021-01-15 08:00:00 +00:002021-01-15 09:00:00 +00:00BE-TSO-0001VTP-00029exitkWh/h,1,Physical Flow,hour,2021-01-15T09:00:00+01:00,2021-01-15T10:00:00+01:00,BE-TSO-0001,21X-BE-A-A0A0A-Y,Fluxys Belgium,VTP-00029,Zeebrugge Beach,21Z0000000000090,exit,kWh/h,,,24998648,2021-03-30T00:27:09+02:00,,Confirmed,,,,,False,,,False,PRISMA,,https://platform.prisma-capacity.eu/,,Trading Point,9,False
1Physical Flowhour2021-01-15 09:00:00 +00:002021-01-15 10:00:00 +00:00BE-TSO-0001VTP-00029exitkWh/h,1,Physical Flow,hour,2021-01-15T10:00:00+01:00,2021-01-15T11:00:00+01:00,BE-TSO-0001,21X-BE-A-A0A0A-Y,Fluxys Belgium,VTP-00029,Zeebrugge Beach,21Z0000000000090,exit,kWh/h,,,25005552,2021-03-30T00:27:09+02:00,,Confirmed,,,,,False,,,False,PRISMA,,https://platform.prisma-capacity.eu/,,Trading Point,9,False
1Physical Flowhour2021-01-15 10:00:00 +00:002021-01-15 11:00:00 +00:00BE-TSO-0001VTP-00029exitkWh/h,1,Physical Flow,hour,2021-01-15T11:00:00+01:00,2021-01-15T12:00:00+01:00,BE-TSO-0001,21X-BE-A-A0A0A-Y,Fluxys Belgium,VTP-00029,Zeebrugge Beach,21Z0000000000090,exit,kWh/h,,,25005642,2021-03-30T00:27:09+02:00,,Confirmed,,,,,False,,,False,PRISMA,,https://platform.prisma-capacity.eu/,,Trading Point,9,False
1Physical Flowhour2021-01-15 11:00:00 +00:002021-01-15 12:00:00 +00:00BE-TSO-0001VTP-00029exitkWh/h,1,Physical Flow,hour,2021-01-15T12:00:00+01:00,2021-01-15T13:00:00+01:00,BE-TSO-0001,21X-BE-A-A0A0A-Y,Fluxys Belgium,VTP-00029,Zeebrugge Beach,21Z0000000000090,exit,kWh/h,,,25000751,2021-03-30T00:27:09+02:00,,Confirmed,,,,,False,,,False,PRISMA,,https://platform.prisma-capacity.eu/,,Trading Point,9,False
1Physical Flowhour2021-01-15 12:00:00 +00:002021-01-15 13:00:00 +00:00BE-TSO-0001VTP-00029exitkWh/h,1,Physical Flow,hour,2021-01-15T13:00:00+01:00,2021-01-15T14:00:00+01:00,BE-TSO-0001,21X-BE-A-A0A0A-Y,Fluxys Belgium,VTP-00029,Zeebrugge Beach,21Z0000000000090,exit,kWh/h,,,25004796,2021-03-30T00:27:09+02:00,,Confirmed,,,,,False,,,False,PRISMA,,https://platform.prisma-capacity.eu/,,Trading Point,9,False
1Physical Flowhour2021-01-15 13:00:00 +00:002021-01-15 14:00:00 +00:00BE-TSO-0001VTP-00029exitkWh/h,1,Physical Flow,hour,2021-01-15T14:00:00+01:00,2021-01-15T15:00:00+01:00,BE-TSO-0001,21X-BE-A-A0A0A-Y,Fluxys Belgium,VTP-00029,Zeebrugge Beach,21Z0000000000090,exit,kWh/h,,,25006967,2021-03-30T00:27:09+02:00,,Confirmed,,,,,False,,,False,PRISMA,,https://platform.prisma-capacity.eu/,,Trading Point,9,False
1Physical Flowhour2021-01-15 14:00:00 +00:002021-01-15 15:00:00 +00:00BE-TSO-0001VTP-00029exitkWh/h,1,Physical Flow,hour,2021-01-15T15:00:00+01:00,2021-01-15T16:00:00+01:00,BE-TSO-0001,21X-BE-A-A0A0A-Y,Fluxys Belgium,VTP-00029,Zeebrugge Beach,21Z0000000000090,exit,kWh/h,,,25001247,2021-03-30T00:27:09+02:00,,Confirmed,,,,,False,,,False,PRISMA,,https://platform.prisma-capacity.eu/,,Trading Point,9,False
1Physical Flowhour2021-01-15 15:00:00 +00:002021-01-15 16:00:00 +00:00BE-TSO-0001VTP-00029exitkWh/h,1,Physical Flow,hour,2021-01-15T16:00:00+01:00,2021-01-15T17:00:00+01:00,BE-TSO-0001,21X-BE-A-A0A0A-Y,Fluxys Belgium,VTP-00029,Zeebrugge Beach,21Z0000000000090,exit,kWh/h,,,24737070,2021-03-30T00:27:09+02:00,,Confirmed,,,,,False,,,False,PRISMA,,https://platform.prisma-capacity.eu/,,Trading Point,9,False
1Physical Flowhour2021-01-15 16:00:00 +00:002021-01-15 17:00:00 +00:00BE-TSO-0001VTP-00029exitkWh/h,1,Physical Flow,hour,2021-01-15T17:00:00+01:00,2021-01-15T18:00:00+01:00,BE-TSO-0001,21X-BE-A-A0A0A-Y,Fluxys Belgium,VTP-00029,Zeebrugge Beach,21Z0000000000090,exit,kWh/h,,,21444918,2021-03-30T00:27:09+02:00,,Confirmed,,,,,False,,,False,PRISMA,,https://platform.prisma-capacity.eu/,,Trading Point,9,False
1Physical Flowhour2021-01-15 17:00:00 +00:002021-01-15 18:00:00 +00:00BE-TSO-0001VTP-00029exitkWh/h,1,Physical Flow,hour,2021-01-15T18:00:00+01:00,2021-01-15T19:00:00+01:00,BE-TSO-0001,21X-BE-A-A0A0A-Y,Fluxys Belgium,VTP-00029,Zeebrugge Beach,21Z0000000000090,exit,kWh/h,,,21483165,2021-03-30T00:27:09+02:00,,Confirmed,,,,,False,,,False,PRISMA,,https://platform.prisma-capacity.eu/,,Trading Point,9,False
1Physical Flowhour2021-01-15 18:00:00 +00:002021-01-15 19:00:00 +00:00BE-TSO-0001VTP-00029exitkWh/h,1,Physical Flow,hour,2021-01-15T19:00:00+01:00,2021-01-15T20:00:00+01:00,BE-TSO-0001,21X-BE-A-A0A0A-Y,Fluxys Belgium,VTP-00029,Zeebrugge Beach,21Z0000000000090,exit,kWh/h,,,21399994,2021-03-30T00:27:09+02:00,,Confirmed,,,,,False,,,False,PRISMA,,https://platform.prisma-capacity.eu/,,Trading Point,9,False
1Physical Flowhour2021-01-15 19:00:00 +00:002021-01-15 20:00:00 +00:00BE-TSO-0001VTP-00029exitkWh/h,1,Physical Flow,hour,2021-01-15T20:00:00+01:00,2021-01-15T21:00:00+01:00,BE-TSO-0001,21X-BE-A-A0A0A-Y,Fluxys Belgium,VTP-00029,Zeebrugge Beach,21Z0000000000090,exit,kWh/h,,,21296890,2021-03-30T00:27:09+02:00,,Confirmed,,,,,False,,,False,PRISMA,,https://platform.prisma-capacity.eu/,,Trading Point,9,False
1Physical Flowhour2021-01-15 20:00:00 +00:002021-01-15 21:00:00 +00:00BE-TSO-0001VTP-00029exitkWh/h,1,Physical Flow,hour,2021-01-15T21:00:00+01:00,2021-01-15T22:00:00+01:00,BE-TSO-0001,21X-BE-A-A0A0A-Y,Fluxys Belgium,VTP-00029,Zeebrugge Beach,21Z0000000000090,exit,kWh/h,,,21399186,2021-03-30T00:27:09+02:00,,Confirmed,,,,,False,,,False,PRISMA,,https://platform.prisma-capacity.eu/,,Trading Point,9,False
1Physical Flowhour2021-01-15 21:00:00 +00:002021-01-15 22:00:00 +00:00BE-TSO-0001VTP-00029exitkWh/h,1,Physical Flow,hour,2021-01-15T22:00:00+01:00,2021-01-15T23:00:00+01:00,BE-TSO-0001,21X-BE-A-A0A0A-Y,Fluxys Belgium,VTP-00029,Zeebrugge Beach,21Z0000000000090,exit,kWh/h,,,21400511,2021-03-30T00:27:09+02:00,,Confirmed,,,,,False,,,False,PRISMA,,https://platform.prisma-capacity.eu/,,Trading Point,9,False
1Physical Flowhour2021-01-15 22:00:00 +00:002021-01-15 23:00:00 +00:00BE-TSO-0001VTP-00029exitkWh/h,1,Physical Flow,hour,2021-01-15T23:00:00+01:00,2021-01-16T00:00:00+01:00,BE-TSO-0001,21X-BE-A-A0A0A-Y,Fluxys Belgium,VTP-00029,Zeebrugge Beach,21Z0000000000090,exit,kWh/h,,,21402766,2021-03-30T00:27:09+02:00,,Confirmed,,,,,False,,,False,PRISMA,,https://platform.prisma-capacity.eu/,,Trading Point,9,False
1Physical Flowhour2021-01-15 23:00:00 +00:002021-01-16 00:00:00 +00:00BE-TSO-0001VTP-00029exitkWh/h,1,Physical Flow,hour,2021-01-16T00:00:00+01:00,2021-01-16T01:00:00+01:00,BE-TSO-0001,21X-BE-A-A0A0A-Y,Fluxys Belgium,VTP-00029,Zeebrugge Beach,21Z0000000000090,exit,kWh/h,,,21403232,2021-03-30T00:27:09+02:00,,Confirmed,,,,,False,,,False,PRISMA,,https://platform.prisma-capacity.eu/,,Trading Point,9,False
1Physical Flowhour2021-01-16 00:00:00 +00:002021-01-16 01:00:00 +00:00BE-TSO-0001VTP-00029exitkWh/h,1,Physical Flow,hour,2021-01-16T01:00:00+01:00,2021-01-16T02:00:00+01:00,BE-TSO-0001,21X-BE-A-A0A0A-Y,Fluxys Belgium,VTP-00029,Zeebrugge Beach,21Z0000000000090,exit,kWh/h,,,21401130,2021-03-30T00:27:09+02:00,,Confirmed,,,,,False,,,False,PRISMA,,https://platform.prisma-capacity.eu/,,Trading Point,9,False
1Physical Flowhour2021-01-16 01:00:00 +00:002021-01-16 02:00:00 +00:00BE-TSO-0001VTP-00029exitkWh/h,1,Physical Flow,hour,2021-01-16T02:00:00+01:00,2021-01-16T03:00:00+01:00,BE-TSO-0001,21X-BE-A-A0A0A-Y,Fluxys Belgium,VTP-00029,Zeebrugge Beach,21Z0000000000090,exit,kWh/h,,,21397475,2021-03-30T00:27:09+02:00,,Confirmed,,,,,False,,,False,PRISMA,,https://platform.prisma-capacity.eu/,,Trading Point,9,False
1Physical Flowhour2021-01-16 02:00:00 +00:002021-01-16 03:00:00 +00:00BE-TSO-0001VTP-00029exitkWh/h,1,Physical Flow,hour,2021-01-16T03:00:00+01:00,2021-01-16T04:00:00+01:00,BE-TSO-0001,21X-BE-A-A0A0A-Y,Fluxys Belgium,VTP-00029,Zeebrugge Beach,21Z0000000000090,exit,kWh/h,,,21401431,2021-03-30T00:27:09+02:00,,Confirmed,,,,,False,,,False,PRISMA,,https://platform.prisma-capacity.eu/,,Trading Point,9,False
1Physical Flowhour2021-01-16 03:00:00 +00:002021-01-16 04:00:00 +00:00BE-TSO-0001VTP-00029exitkWh/h,1,Physical Flow,hour,2021-01-16T04:00:00+01:00,2021-01-16T05:00:00+01:00,BE-TSO-0001,21X-BE-A-A0A0A-Y,Fluxys Belgium,VTP-00029,Zeebrugge Beach,21Z0000000000090,exit,kWh/h,,,21398643,2021-03-30T00:27:09+02:00,,Confirmed,,,,,False,,,False,PRISMA,,https://platform.prisma-capacity.eu/,,Trading Point,9,False
1Physical Flowhour2021-01-16 04:00:00 +00:002021-01-16 05:00:00 +00:00BE-TSO-0001VTP-00029exitkWh/h,1,Physical Flow,hour,2021-01-16T05:00:00+01:00,2021-01-16T06:00:00+01:00,BE-TSO-0001,21X-BE-A-A0A0A-Y,Fluxys Belgium,VTP-00029,Zeebrugge Beach,21Z0000000000090,exit,kWh/h,,,21401765,2021-03-30T00:27:09+02:00,,Confirmed,,,,,False,,,False,PRISMA,,https://platform.prisma-capacity.eu/,,Trading Point,9,False
1Physical Flowhour2021-01-16 05:00:00 +00:002021-01-16 06:00:00 +00:00BE-TSO-0001VTP-00029exitkWh/h,1,Physical Flow,hour,2021-01-16T06:00:00+01:00,2021-01-16T07:00:00+01:00,BE-TSO-0001,21X-BE-A-A0A0A-Y,Fluxys Belgium,VTP-00029,Zeebrugge Beach,21Z0000000000090,exit,kWh/h,,,20472130,2021-03-30T00:27:09+02:00,,Confirmed,,,,,False,,,False,PRISMA,,https://platform.prisma-capacity.eu/,,Trading Point,9,False
1Physical Flowhour2021-01-16 06:00:00 +00:002021-01-16 07:00:00 +00:00BE-TSO-0001VTP-00029exitkWh/h,1,Physical Flow,hour,2021-01-16T07:00:00+01:00,2021-01-16T08:00:00+01:00,BE-TSO-0001,21X-BE-A-A0A0A-Y,Fluxys Belgium,VTP-00029,Zeebrugge Beach,21Z0000000000090,exit,kWh/h,,,20306086,2021-03-30T00:27:09+02:00,,Confirmed,,,,,False,,,False,PRISMA,,https://platform.prisma-capacity.eu/,,Trading Point,9,False
1Physical Flowhour2021-01-16 07:00:00 +00:002021-01-16 08:00:00 +00:00BE-TSO-0001VTP-00029exitkWh/h,1,Physical Flow,hour,2021-01-16T08:00:00+01:00,2021-01-16T09:00:00+01:00,BE-TSO-0001,21X-BE-A-A0A0A-Y,Fluxys Belgium,VTP-00029,Zeebrugge Beach,21Z0000000000090,exit,kWh/h,,,20281729,2021-03-30T00:27:09+02:00,,Confirmed,,,,,False,,,False,PRISMA,,https://platform.prisma-capacity.eu/,,Trading Point,9,False
1Physical Flowhour2021-01-16 08:00:00 +00:002021-01-16 09:00:00 +00:00BE-TSO-0001VTP-00029exitkWh/h,1,Physical Flow,hour,2021-01-16T09:00:00+01:00,2021-01-16T10:00:00+01:00,BE-TSO-0001,21X-BE-A-A0A0A-Y,Fluxys Belgium,VTP-00029,Zeebrugge Beach,21Z0000000000090,exit,kWh/h,,,20282352,2021-03-30T00:27:09+02:00,,Confirmed,,,,,False,,,False,PRISMA,,https://platform.prisma-capacity.eu/,,Trading Point,9,False
1Physical Flowhour2021-01-16 09:00:00 +00:002021-01-16 10:00:00 +00:00BE-TSO-0001VTP-00029exitkWh/h,1,Physical Flow,hour,2021-01-16T10:00:00+01:00,2021-01-16T11:00:00+01:00,BE-TSO-0001,21X-BE-A-A0A0A-Y,Fluxys Belgium,VTP-00029,Zeebrugge Beach,21Z0000000000090,exit,kWh/h,,,20278135,2021-03-30T00:27:09+02:00,,Confirmed,,,,,False,,,False,PRISMA,,https://platform.prisma-capacity.eu/,,Trading Point,9,False
1Physical Flowhour2021-01-16 10:00:00 +00:002021-01-16 11:00:00 +00:00BE-TSO-0001VTP-00029exitkWh/h,1,Physical Flow,hour,2021-01-16T11:00:00+01:00,2021-01-16T12:00:00+01:00,BE-TSO-0001,21X-BE-A-A0A0A-Y,Fluxys Belgium,VTP-00029,Zeebrugge Beach,21Z0000000000090,exit,kWh/h,,,20278614,2021-03-30T00:27:09+02:00,,Confirmed,,,,,False,,,False,PRISMA,,https://platform.prisma-capacity.eu/,,Trading Point,9,False
1Physical Flowhour2021-01-16 11:00:00 +00:002021-01-16 12:00:00 +00:00BE-TSO-0001VTP-00029exitkWh/h,1,Physical Flow,hour,2021-01-16T12:00:00+01:00,2021-01-16T13:00:00+01:00,BE-TSO-0001,21X-BE-A-A0A0A-Y,Fluxys Belgium,VTP-00029,Zeebrugge Beach,21Z0000000000090,exit,kWh/h,,,20271101,2021-03-30T00:27:09+02:00,,Confirmed,,,,,False,,,False,PRISMA,,https://platform.prisma-capacity.eu/,,Trading Point,9,False
1Physical Flowhour2021-01-16 12:00:00 +00:002021-01-16 13:00:00 +00:00BE-TSO-0001VTP-00029exitkWh/h,1,Physical Flow,hour,2021-01-16T13:00:00+01:00,2021-01-16T14:00:00+01:00,BE-TSO-0001,21X-BE-A-A0A0A-Y,Fluxys Belgium,VTP-00029,Zeebrugge Beach,21Z0000000000090,exit,kWh/h,,,20271596,2021-03-30T00:27:09+02:00,,Confirmed,,,,,False,,,False,PRISMA,,https://platform.prisma-capacity.eu/,,Trading Point,9,False
1Physical Flowhour2021-01-16 13:00:00 +00:002021-01-16 14:00:00 +00:00BE-TSO-0001VTP-00029exitkWh/h,1,Physical Flow,hour,2021-01-16T14:00:00+01:00,2021-01-16T15:00:00+01:00,BE-TSO-0001,21X-BE-A-A0A0A-Y,Fluxys Belgium,VTP-00029,Zeebrugge Beach,21Z0000000000090,exit,kWh/h,,,20278546,2021-03-30T00:27:09+02:00,,Confirmed,,,,,False,,,False,PRISMA,,https://platform.prisma-capacity.eu/,,Trading Point,9,False
1Physical Flowhour2021-01-16 14:00:00 +00:002021-01-16 15:00:00 +00:00BE-TSO-0001VTP-00029exitkWh/h,1,Physical Flow,hour,2021-01-16T15:00:00+01:00,2021-01-16T16:00:00+01:00,BE-TSO-0001,21X-BE-A-A0A0A-Y,Fluxys Belgium,VTP-00029,Zeebrugge Beach,21Z0000000000090,exit,kWh/h,,,20273898,2021-03-30T00:27:09+02:00,,Confirmed,,,,,False,,,False,PRISMA,,https://platform.prisma-capacity.eu/,,Trading Point,9,False
1Physical Flowhour2021-01-16 15:00:00 +00:002021-01-16 16:00:00 +00:00BE-TSO-0001VTP-00029exitkWh/h,1,Physical Flow,hour,2021-01-16T16:00:00+01:00,2021-01-16T17:00:00+01:00,BE-TSO-0001,21X-BE-A-A0A0A-Y,Fluxys Belgium,VTP-00029,Zeebrugge Beach,21Z0000000000090,exit,kWh/h,,,20274302,2021-03-30T00:27:09+02:00,,Confirmed,,,,,False,,,False,PRISMA,,https://platform.prisma-capacity.eu/,,Trading Point,9,False
1Physical Flowhour2021-01-16 16:00:00 +00:002021-01-16 17:00:00 +00:00BE-TSO-0001VTP-00029exitkWh/h,1,Physical Flow,hour,2021-01-16T17:00:00+01:00,2021-01-16T18:00:00+01:00,BE-TSO-0001,21X-BE-A-A0A0A-Y,Fluxys Belgium,VTP-00029,Zeebrugge Beach,21Z0000000000090,exit,kWh/h,,,20274048,2021-03-30T00:27:09+02:00,,Confirmed,,,,,False,,,False,PRISMA,,https://platform.prisma-capacity.eu/,,Trading Point,9,False
1Physical Flowhour2021-01-16 17:00:00 +00:002021-01-16 18:00:00 +00:00BE-TSO-0001VTP-00029exitkWh/h,1,Physical Flow,hour,2021-01-16T18:00:00+01:00,2021-01-16T19:00:00+01:00,BE-TSO-0001,21X-BE-A-A0A0A-Y,Fluxys Belgium,VTP-00029,Zeebrugge Beach,21Z0000000000090,exit,kWh/h,,,20272207,2021-03-30T00:27:09+02:00,,Confirmed,,,,,False,,,False,PRISMA,,https://platform.prisma-capacity.eu/,,Trading Point,9,False
1Physical Flowhour2021-01-16 18:00:00 +00:002021-01-16 19:00:00 +00:00BE-TSO-0001VTP-00029exitkWh/h,1,Physical Flow,hour,2021-01-16T19:00:00+01:00,2021-01-16T20:00:00+01:00,BE-TSO-0001,21X-BE-A-A0A0A-Y,Fluxys Belgium,VTP-00029,Zeebrugge Beach,21Z0000000000090,exit,kWh/h,,,20416195,2021-03-30T00:27:09+02:00,,Confirmed,,,,,False,,,False,PRISMA,,https://platform.prisma-capacity.eu/,,Trading Point,9,False
1Physical Flowhour2021-01-16 19:00:00 +00:002021-01-16 20:00:00 +00:00BE-TSO-0001VTP-00029exitkWh/h,1,Physical Flow,hour,2021-01-16T20:00:00+01:00,2021-01-16T21:00:00+01:00,BE-TSO-0001,21X-BE-A-A0A0A-Y,Fluxys Belgium,VTP-00029,Zeebrugge Beach,21Z0000000000090,exit,kWh/h,,,20290349,2021-03-30T00:27:09+02:00,,Confirmed,,,,,False,,,False,PRISMA,,https://platform.prisma-capacity.eu/,,Trading Point,9,False
1Physical Flowhour2021-01-16 20:00:00 +00:002021-01-16 21:00:00 +00:00BE-TSO-0001VTP-00029exitkWh/h,1,Physical Flow,hour,2021-01-16T21:00:00+01:00,2021-01-16T22:00:00+01:00,BE-TSO-0001,21X-BE-A-A0A0A-Y,Fluxys Belgium,VTP-00029,Zeebrugge Beach,21Z0000000000090,exit,kWh/h,,,20286729,2021-03-30T00:27:09+02:00,,Confirmed,,,,,False,,,False,PRISMA,,https://platform.prisma-capacity.eu/,,Trading Point,9,False
1Physical Flowhour2021-01-16 21:00:00 +00:002021-01-16 22:00:00 +00:00BE-TSO-0001VTP-00029exitkWh/h,1,Physical Flow,hour,2021-01-16T22:00:00+01:00,2021-01-16T23:00:00+01:00,BE-TSO-0001,21X-BE-A-A0A0A-Y,Fluxys Belgium,VTP-00029,Zeebrugge Beach,21Z0000000000090,exit,kWh/h,,,20305807,2021-03-30T00:27:09+02:00,,Confirmed,,,,,False,,,False,PRISMA,,https://platform.prisma-capacity.eu/,,Trading Point,9,False
1Physical Flowhour2021-01-16 22:00:00 +00:002021-01-16 23:00:00 +00:00BE-TSO-0001VTP-00029exitkWh/h,1,Physical Flow,hour,2021-01-16T23:00:00+01:00,2021-01-17T00:00:00+01:00,BE-TSO-0001,21X-BE-A-A0A0A-Y,Fluxys Belgium,VTP-00029,Zeebrugge Beach,21Z0000000000090,exit,kWh/h,,,19841556,2021-03-30T00:27:09+02:00,,Confirmed,,,,,False,,,False,PRISMA,,https://platform.prisma-capacity.eu/,,Trading Point,9,False
1Physical Flowhour2021-01-16 23:00:00 +00:002021-01-17 00:00:00 +00:00BE-TSO-0001VTP-00029exitkWh/h,1,Physical Flow,hour,2021-01-17T00:00:00+01:00,2021-01-17T01:00:00+01:00,BE-TSO-0001,21X-BE-A-A0A0A-Y,Fluxys Belgium,VTP-00029,Zeebrugge Beach,21Z0000000000090,exit,kWh/h,,,19745048,2021-03-30T00:27:09+02:00,,Confirmed,,,,,False,,,False,PRISMA,,https://platform.prisma-capacity.eu/,,Trading Point,9,False
1Physical Flowhour2021-01-17 00:00:00 +00:002021-01-17 01:00:00 +00:00BE-TSO-0001VTP-00029exitkWh/h,1,Physical Flow,hour,2021-01-17T01:00:00+01:00,2021-01-17T02:00:00+01:00,BE-TSO-0001,21X-BE-A-A0A0A-Y,Fluxys Belgium,VTP-00029,Zeebrugge Beach,21Z0000000000090,exit,kWh/h,,,19852022,2021-03-30T00:27:09+02:00,,Confirmed,,,,,False,,,False,PRISMA,,https://platform.prisma-capacity.eu/,,Trading Point,9,False
1Physical Flowhour2021-01-17 01:00:00 +00:002021-01-17 02:00:00 +00:00BE-TSO-0001VTP-00029exitkWh/h,1,Physical Flow,hour,2021-01-17T02:00:00+01:00,2021-01-17T03:00:00+01:00,BE-TSO-0001,21X-BE-A-A0A0A-Y,Fluxys Belgium,VTP-00029,Zeebrugge Beach,21Z0000000000090,exit,kWh/h,,,19848337,2021-03-30T00:27:09+02:00,,Confirmed,,,,,False,,,False,PRISMA,,https://platform.prisma-capacity.eu/,,Trading Point,9,False
1Physical Flowhour2021-01-17 02:00:00 +00:002021-01-17 03:00:00 +00:00BE-TSO-0001VTP-00029exitkWh/h,1,Physical Flow,hour,2021-01-17T03:00:00+01:00,2021-01-17T04:00:00+01:00,BE-TSO-0001,21X-BE-A-A0A0A-Y,Fluxys Belgium,VTP-00029,Zeebrugge Beach,21Z0000000000090,exit,kWh/h,,,19750848,2021-03-30T00:27:09+02:00,,Confirmed,,,,,False,,,False,PRISMA,,https://platform.prisma-capacity.eu/,,Trading Point,9,False
1Physical Flowhour2021-01-17 03:00:00 +00:002021-01-17 04:00:00 +00:00BE-TSO-0001VTP-00029exitkWh/h,1,Physical Flow,hour,2021-01-17T04:00:00+01:00,2021-01-17T05:00:00+01:00,BE-TSO-0001,21X-BE-A-A0A0A-Y,Fluxys Belgium,VTP-00029,Zeebrugge Beach,21Z0000000000090,exit,kWh/h,,,19624308,2021-03-30T00:27:09+02:00,,Confirmed,,,,,False,,,False,PRISMA,,https://platform.prisma-capacity.eu/,,Trading Point,9,False
1Physical Flowhour2021-01-17 04:00:00 +00:002021-01-17 05:00:00 +00:00BE-TSO-0001VTP-00029exitkWh/h,1,Physical Flow,hour,2021-01-17T05:00:00+01:00,2021-01-17T06:00:00+01:00,BE-TSO-0001,21X-BE-A-A0A0A-Y,Fluxys Belgium,VTP-00029,Zeebrugge Beach,21Z0000000000090,exit,kWh/h,,,19758272,2021-03-30T00:27:09+02:00,,Confirmed,,,,,False,,,False,PRISMA,,https://platform.prisma-capacity.eu/,,Trading Point,9,False
1Physical Flowhour2021-01-17 05:00:00 +00:002021-01-17 06:00:00 +00:00BE-TSO-0001VTP-00029exitkWh/h,1,Physical Flow,hour,2021-01-17T06:00:00+01:00,2021-01-17T07:00:00+01:00,BE-TSO-0001,21X-BE-A-A0A0A-Y,Fluxys Belgium,VTP-00029,Zeebrugge Beach,21Z0000000000090,exit,kWh/h,,,20410728,2021-03-30T00:27:09+02:00,,Confirmed,,,,,False,,,False,PRISMA,,https://platform.prisma-capacity.eu/,,Trading Point,9,False
1Physical Flowhour2021-01-17 06:00:00 +00:002021-01-17 07:00:00 +00:00BE-TSO-0001VTP-00029exitkWh/h,1,Physical Flow,hour,2021-01-17T07:00:00+01:00,2021-01-17T08:00:00+01:00,BE-TSO-0001,21X-BE-A-A0A0A-Y,Fluxys Belgium,VTP-00029,Zeebrugge Beach,21Z0000000000090,exit,kWh/h,,,20434675,2021-03-30T00:27:09+02:00,,Confirmed,,,,,False,,,False,PRISMA,,https://platform.prisma-capacity.eu/,,Trading Point,9,False
1Physical Flowhour2021-01-17 07:00:00 +00:002021-01-17 08:00:00 +00:00BE-TSO-0001VTP-00029exitkWh/h,1,Physical Flow,hour,2021-01-17T08:00:00+01:00,2021-01-17T09:00:00+01:00,BE-TSO-0001,21X-BE-A-A0A0A-Y,Fluxys Belgium,VTP-00029,Zeebrugge Beach,21Z0000000000090,exit,kWh/h,,,20300272,2021-03-30T00:27:09+02:00,,Confirmed,,,,,False,,,False,PRISMA,,https://platform.prisma-capacity.eu/,,Trading Point,9,False
1Physical Flowhour2021-01-17 08:00:00 +00:002021-01-17 09:00:00 +00:00BE-TSO-0001VTP-00029exitkWh/h,1,Physical Flow,hour,2021-01-17T09:00:00+01:00,2021-01-17T10:00:00+01:00,BE-TSO-0001,21X-BE-A-A0A0A-Y,Fluxys Belgium,VTP-00029,Zeebrugge Beach,21Z0000000000090,exit,kWh/h,,,20285011,2021-03-30T00:27:09+02:00,,Confirmed,,,,,False,,,False,PRISMA,,https://platform.prisma-capacity.eu/,,Trading Point,9,False
1Physical Flowhour2021-01-17 09:00:00 +00:002021-01-17 10:00:00 +00:00BE-TSO-0001VTP-00029exitkWh/h,1,Physical Flow,hour,2021-01-17T10:00:00+01:00,2021-01-17T11:00:00+01:00,BE-TSO-0001,21X-BE-A-A0A0A-Y,Fluxys Belgium,VTP-00029,Zeebrugge Beach,21Z0000000000090,exit,kWh/h,,,20222373,2021-03-30T00:27:09+02:00,,Confirmed,,,,,False,,,False,PRISMA,,https://platform.prisma-capacity.eu/,,Trading Point,9,False
1Physical Flowhour2021-01-17 10:00:00 +00:002021-01-17 11:00:00 +00:00BE-TSO-0001VTP-00029exitkWh/h,1,Physical Flow,hour,2021-01-17T11:00:00+01:00,2021-01-17T12:00:00+01:00,BE-TSO-0001,21X-BE-A-A0A0A-Y,Fluxys Belgium,VTP-00029,Zeebrugge Beach,21Z0000000000090,exit,kWh/h,,,20265913,2021-03-30T00:27:09+02:00,,Confirmed,,,,,False,,,False,PRISMA,,https://platform.prisma-capacity.eu/,,Trading Point,9,False
1Physical Flowhour2021-01-17 11:00:00 +00:002021-01-17 12:00:00 +00:00BE-TSO-0001VTP-00029exitkWh/h,1,Physical Flow,hour,2021-01-17T12:00:00+01:00,2021-01-17T13:00:00+01:00,BE-TSO-0001,21X-BE-A-A0A0A-Y,Fluxys Belgium,VTP-00029,Zeebrugge Beach,21Z0000000000090,exit,kWh/h,,,20271339,2021-03-30T00:27:09+02:00,,Confirmed,,,,,False,,,False,PRISMA,,https://platform.prisma-capacity.eu/,,Trading Point,9,False
1Physical Flowhour2021-01-17 12:00:00 +00:002021-01-17 13:00:00 +00:00BE-TSO-0001VTP-00029exitkWh/h,1,Physical Flow,hour,2021-01-17T13:00:00+01:00,2021-01-17T14:00:00+01:00,BE-TSO-0001,21X-BE-A-A0A0A-Y,Fluxys Belgium,VTP-00029,Zeebrugge Beach,21Z0000000000090,exit,kWh/h,,,20272686,2021-03-30T00:27:09+02:00,,Confirmed,,,,,False,,,False,PRISMA,,https://platform.prisma-capacity.eu/,,Trading Point,9,False
1Physical Flowhour2021-01-17 13:00:00 +00:002021-01-17 14:00:00 +00:00BE-TSO-0001VTP-00029exitkWh/h,1,Physical Flow,hour,2021-01-17T14:00:00+01:00,2021-01-17T15:00:00+01:00,BE-TSO-0001,21X-BE-A-A0A0A-Y,Fluxys Belgium,VTP-00029,Zeebrugge Beach,21Z0000000000090,exit,kWh/h,,,20271216,2021-03-30T00:27:09+02:00,,Confirmed,,,,,False,,,False,PRISMA,,https://platform.prisma-capacity.eu/,,Trading Point,9,False
1Physical Flowhour2021-01-17 14:00:00 +00:002021-01-17 15:00:00 +00:00BE-TSO-0001VTP-00029exitkWh/h,1,Physical Flow,hour,2021-01-17T15:00:00+01:00,2021-01-17T16:00:00+01:00,BE-TSO-0001,21X-BE-A-A0A0A-Y,Fluxys Belgium,VTP-00029,Zeebrugge Beach,21Z0000000000090,exit,kWh/h,,,20269829,2021-03-30T00:27:09+02:00,,Confirmed,,,,,False,,,False,PRISMA,,https://platform.prisma-capacity.eu/,,Trading Point,9,False
1Physical Flowhour2021-01-17 15:00:00 +00:002021-01-17 16:00:00 +00:00BE-TSO-0001VTP-00029exitkWh/h,1,Physical Flow,hour,2021-01-17T16:00:00+01:00,2021-01-17T17:00:00+01:00,BE-TSO-0001,21X-BE-A-A0A0A-Y,Fluxys Belgium,VTP-00029,Zeebrugge Beach,21Z0000000000090,exit,kWh/h,,,20299139,2021-03-30T00:27:09+02:00,,Confirmed,,,,,False,,,False,PRISMA,,https://platform.prisma-capacity.eu/,,Trading Point,9,False
1Physical Flowhour2021-01-17 16:00:00 +00:002021-01-17 17:00:00 +00:00BE-TSO-0001VTP-00029exitkWh/h,1,Physical Flow,hour,2021-01-17T17:00:00+01:00,2021-01-17T18:00:00+01:00,BE-TSO-0001,21X-BE-A-A0A0A-Y,Fluxys Belgium,VTP-00029,Zeebrugge Beach,21Z0000000000090,exit,kWh/h,,,20292894,2021-03-30T00:27:09+02:00,,Confirmed,,,,,False,,,False,PRISMA,,https://platform.prisma-capacity.eu/,,Trading Point,9,False
1Physical Flowhour2021-01-17 17:00:00 +00:002021-01-17 18:00:00 +00:00BE-TSO-0001VTP-00029exitkWh/h,1,Physical Flow,hour,2021-01-17T18:00:00+01:00,2021-01-17T19:00:00+01:00,BE-TSO-0001,21X-BE-A-A0A0A-Y,Fluxys Belgium,VTP-00029,Zeebrugge Beach,21Z0000000000090,exit,kWh/h,,,20295170,2021-03-30T00:27:09+02:00,,Confirmed,,,,,False,,,False,PRISMA,,https://platform.prisma-capacity.eu/,,Trading Point,9,False
1Physical Flowhour2021-01-17 18:00:00 +00:002021-01-17 19:00:00 +00:00BE-TSO-0001VTP-00029exitkWh/h,1,Physical Flow,hour,2021-01-17T19:00:00+01:00,2021-01-17T20:00:00+01:00,BE-TSO-0001,21X-BE-A-A0A0A-Y,Fluxys Belgium,VTP-00029,Zeebrugge Beach,21Z0000000000090,exit,kWh/h,,,20294262,2021-03-30T00:27:09+02:00,,Confirmed,,,,,False,,,False,PRISMA,,https://platform.prisma-capacity.eu/,,Trading Point,9,False
1Physical Flowhour2021-01-17 19:00:00 +00:002021-01-17 20:00:00 +00:00BE-TSO-0001VTP-00029exitkWh/h,1,Physical Flow,hour,2021-01-17T20:00:00+01:00,2021-01-17T21:00:00+01:00,BE-TSO-0001,21X-BE-A-A0A0A-Y,Fluxys Belgium,VTP-00029,Zeebrugge Beach,21Z0000000000090,exit,kWh/h,,,20278463,2021-03-30T00:27:09+02:00,,Confirmed,,,,,False,,,False,PRISMA,,https://platform.prisma-capacity.eu/,,Trading Point,9,False
1Physical Flowhour2021-01-17 20:00:00 +00:002021-01-17 21:00:00 +00:00BE-TSO-0001VTP-00029exitkWh/h,1,Physical Flow,hour,2021-01-17T21:00:00+01:00,2021-01-17T22:00:00+01:00,BE-TSO-0001,21X-BE-A-A0A0A-Y,Fluxys Belgium,VTP-00029,Zeebrugge Beach,21Z0000000000090,exit,kWh/h,,,20303768,2021-03-30T00:27:09+02:00,,Confirmed,,,,,False,,,False,PRISMA,,https://platform.prisma-capacity.eu/,,Trading Point,9,False
1Physical Flowhour2021-01-17 21:00:00 +00:002021-01-17 22:00:00 +00:00BE-TSO-0001VTP-00029exitkWh/h,1,Physical Flow,hour,2021-01-17T22:00:00+01:00,2021-01-17T23:00:00+01:00,BE-TSO-0001,21X-BE-A-A0A0A-Y,Fluxys Belgium,VTP-00029,Zeebrugge Beach,21Z0000000000090,exit,kWh/h,,,20221489,2021-03-30T00:27:09+02:00,,Confirmed,,,,,False,,,False,PRISMA,,https://platform.prisma-capacity.eu/,,Trading Point,9,False
1Physical Flowhour2021-01-17 22:00:00 +00:002021-01-17 23:00:00 +00:00BE-TSO-0001VTP-00029exitkWh/h,1,Physical Flow,hour,2021-01-17T23:00:00+01:00,2021-01-18T00:00:00+01:00,BE-TSO-0001,21X-BE-A-A0A0A-Y,Fluxys Belgium,VTP-00029,Zeebrugge Beach,21Z0000000000090,exit,kWh/h,,,19786198,2021-03-30T00:27:09+02:00,,Confirmed,,,,,False,,,False,PRISMA,,https://platform.prisma-capacity.eu/,,Trading Point,9,False
1Physical Flowhour2021-01-17 23:00:00 +00:002021-01-18 00:00:00 +00:00BE-TSO-0001VTP-00029exitkWh/h,1,Physical Flow,hour,2021-01-18T00:00:00+01:00,2021-01-18T01:00:00+01:00,BE-TSO-0001,21X-BE-A-A0A0A-Y,Fluxys Belgium,VTP-00029,Zeebrugge Beach,21Z0000000000090,exit,kWh/h,,,19726986,2021-03-30T00:27:09+02:00,,Confirmed,,,,,False,,,False,PRISMA,,https://platform.prisma-capacity.eu/,,Trading Point,9,False
1Physical Flowhour2021-01-18 00:00:00 +00:002021-01-18 01:00:00 +00:00BE-TSO-0001VTP-00029exitkWh/h,1,Physical Flow,hour,2021-01-18T01:00:00+01:00,2021-01-18T02:00:00+01:00,BE-TSO-0001,21X-BE-A-A0A0A-Y,Fluxys Belgium,VTP-00029,Zeebrugge Beach,21Z0000000000090,exit,kWh/h,,,19516505,2021-03-30T00:27:09+02:00,,Confirmed,,,,,False,,,False,PRISMA,,https://platform.prisma-capacity.eu/,,Trading Point,9,False
1Physical Flowhour2021-01-18 01:00:00 +00:002021-01-18 02:00:00 +00:00BE-TSO-0001VTP-00029exitkWh/h,1,Physical Flow,hour,2021-01-18T02:00:00+01:00,2021-01-18T03:00:00+01:00,BE-TSO-0001,21X-BE-A-A0A0A-Y,Fluxys Belgium,VTP-00029,Zeebrugge Beach,21Z0000000000090,exit,kWh/h,,,19230842,2021-03-30T00:27:09+02:00,,Confirmed,,,,,False,,,False,PRISMA,,https://platform.prisma-capacity.eu/,,Trading Point,9,False
1Physical Flowhour2021-01-18 02:00:00 +00:002021-01-18 03:00:00 +00:00BE-TSO-0001VTP-00029exitkWh/h,1,Physical Flow,hour,2021-01-18T03:00:00+01:00,2021-01-18T04:00:00+01:00,BE-TSO-0001,21X-BE-A-A0A0A-Y,Fluxys Belgium,VTP-00029,Zeebrugge Beach,21Z0000000000090,exit,kWh/h,,,18764877,2021-03-30T00:27:09+02:00,,Confirmed,,,,,False,,,False,PRISMA,,https://platform.prisma-capacity.eu/,,Trading Point,9,False
1Physical Flowhour2021-01-18 03:00:00 +00:002021-01-18 04:00:00 +00:00BE-TSO-0001VTP-00029exitkWh/h,1,Physical Flow,hour,2021-01-18T04:00:00+01:00,2021-01-18T05:00:00+01:00,BE-TSO-0001,21X-BE-A-A0A0A-Y,Fluxys Belgium,VTP-00029,Zeebrugge Beach,21Z0000000000090,exit,kWh/h,,,18061792,2021-03-30T00:27:09+02:00,,Confirmed,,,,,False,,,False,PRISMA,,https://platform.prisma-capacity.eu/,,Trading Point,9,False
1Physical Flowhour2021-01-18 04:00:00 +00:002021-01-18 05:00:00 +00:00BE-TSO-0001VTP-00029exitkWh/h,1,Physical Flow,hour,2021-01-18T05:00:00+01:00,2021-01-18T06:00:00+01:00,BE-TSO-0001,21X-BE-A-A0A0A-Y,Fluxys Belgium,VTP-00029,Zeebrugge Beach,21Z0000000000090,exit,kWh/h,,,17711367,2021-03-30T00:27:09+02:00,,Confirmed,,,,,False,,,False,PRISMA,,https://platform.prisma-capacity.eu/,,Trading Point,9,False
1Physical Flowhour2021-01-18 05:00:00 +00:002021-01-18 06:00:00 +00:00BE-TSO-0001VTP-00029exitkWh/h,1,Physical Flow,hour,2021-01-18T06:00:00+01:00,2021-01-18T07:00:00+01:00,BE-TSO-0001,21X-BE-A-A0A0A-Y,Fluxys Belgium,VTP-00029,Zeebrugge Beach,21Z0000000000090,exit,kWh/h,,,20203529,2021-03-30T00:27:09+02:00,,Confirmed,,,,,False,,,False,PRISMA,,https://platform.prisma-capacity.eu/,,Trading Point,9,False
1Physical Flowhour2021-01-18 06:00:00 +00:002021-01-18 07:00:00 +00:00BE-TSO-0001VTP-00029exitkWh/h,1,Physical Flow,hour,2021-01-18T07:00:00+01:00,2021-01-18T08:00:00+01:00,BE-TSO-0001,21X-BE-A-A0A0A-Y,Fluxys Belgium,VTP-00029,Zeebrugge Beach,21Z0000000000090,exit,kWh/h,,,20129111,2021-03-30T00:27:09+02:00,,Confirmed,,,,,False,,,False,PRISMA,,https://platform.prisma-capacity.eu/,,Trading Point,9,False
1Physical Flowhour2021-01-18 07:00:00 +00:002021-01-18 08:00:00 +00:00BE-TSO-0001VTP-00029exitkWh/h,1,Physical Flow,hour,2021-01-18T08:00:00+01:00,2021-01-18T09:00:00+01:00,BE-TSO-0001,21X-BE-A-A0A0A-Y,Fluxys Belgium,VTP-00029,Zeebrugge Beach,21Z0000000000090,exit,kWh/h,,,20125926,2021-03-30T00:27:09+02:00,,Confirmed,,,,,False,,,False,PRISMA,,https://platform.prisma-capacity.eu/,,Trading Point,9,False
1Physical Flowhour2021-01-18 08:00:00 +00:002021-01-18 09:00:00 +00:00BE-TSO-0001VTP-00029exitkWh/h,1,Physical Flow,hour,2021-01-18T09:00:00+01:00,2021-01-18T10:00:00+01:00,BE-TSO-0001,21X-BE-A-A0A0A-Y,Fluxys Belgium,VTP-00029,Zeebrugge Beach,21Z0000000000090,exit,kWh/h,,,20131289,2021-03-30T00:27:09+02:00,,Confirmed,,,,,False,,,False,PRISMA,,https://platform.prisma-capacity.eu/,,Trading Point,9,False
1Physical Flowhour2021-01-18 09:00:00 +00:002021-01-18 10:00:00 +00:00BE-TSO-0001VTP-00029exitkWh/h,1,Physical Flow,hour,2021-01-18T10:00:00+01:00,2021-01-18T11:00:00+01:00,BE-TSO-0001,21X-BE-A-A0A0A-Y,Fluxys Belgium,VTP-00029,Zeebrugge Beach,21Z0000000000090,exit,kWh/h,,,20066950,2021-03-30T00:27:09+02:00,,Confirmed,,,,,False,,,False,PRISMA,,https://platform.prisma-capacity.eu/,,Trading Point,9,False
1Physical Flowhour2021-01-18 10:00:00 +00:002021-01-18 11:00:00 +00:00BE-TSO-0001VTP-00029exitkWh/h,1,Physical Flow,hour,2021-01-18T11:00:00+01:00,2021-01-18T12:00:00+01:00,BE-TSO-0001,21X-BE-A-A0A0A-Y,Fluxys Belgium,VTP-00029,Zeebrugge Beach,21Z0000000000090,exit,kWh/h,,,20307000,2021-03-30T00:27:09+02:00,,Confirmed,,,,,False,,,False,PRISMA,,https://platform.prisma-capacity.eu/,,Trading Point,9,False
1Physical Flowhour2021-01-18 11:00:00 +00:002021-01-18 12:00:00 +00:00BE-TSO-0001VTP-00029exitkWh/h,1,Physical Flow,hour,2021-01-18T12:00:00+01:00,2021-01-18T13:00:00+01:00,BE-TSO-0001,21X-BE-A-A0A0A-Y,Fluxys Belgium,VTP-00029,Zeebrugge Beach,21Z0000000000090,exit,kWh/h,,,19875288,2021-03-30T00:27:09+02:00,,Confirmed,,,,,False,,,False,PRISMA,,https://platform.prisma-capacity.eu/,,Trading Point,9,False
1Physical Flowhour2021-01-18 12:00:00 +00:002021-01-18 13:00:00 +00:00BE-TSO-0001VTP-00029exitkWh/h,1,Physical Flow,hour,2021-01-18T13:00:00+01:00,2021-01-18T14:00:00+01:00,BE-TSO-0001,21X-BE-A-A0A0A-Y,Fluxys Belgium,VTP-00029,Zeebrugge Beach,21Z0000000000090,exit,kWh/h,,,20160139,2021-03-30T00:27:09+02:00,,Confirmed,,,,,False,,,False,PRISMA,,https://platform.prisma-capacity.eu/,,Trading Point,9,False
1Physical Flowhour2021-01-18 13:00:00 +00:002021-01-18 14:00:00 +00:00BE-TSO-0001VTP-00029exitkWh/h,1,Physical Flow,hour,2021-01-18T14:00:00+01:00,2021-01-18T15:00:00+01:00,BE-TSO-0001,21X-BE-A-A0A0A-Y,Fluxys Belgium,VTP-00029,Zeebrugge Beach,21Z0000000000090,exit,kWh/h,,,19717190,2021-03-30T00:27:09+02:00,,Confirmed,,,,,False,,,False,PRISMA,,https://platform.prisma-capacity.eu/,,Trading Point,9,False
1Physical Flowhour2021-01-18 14:00:00 +00:002021-01-18 15:00:00 +00:00BE-TSO-0001VTP-00029exitkWh/h,1,Physical Flow,hour,2021-01-18T15:00:00+01:00,2021-01-18T16:00:00+01:00,BE-TSO-0001,21X-BE-A-A0A0A-Y,Fluxys Belgium,VTP-00029,Zeebrugge Beach,21Z0000000000090,exit,kWh/h,,,19586150,2021-03-30T00:27:09+02:00,,Confirmed,,,,,False,,,False,PRISMA,,https://platform.prisma-capacity.eu/,,Trading Point,9,False
1Physical Flowhour2021-01-18 15:00:00 +00:002021-01-18 16:00:00 +00:00BE-TSO-0001VTP-00029exitkWh/h,1,Physical Flow,hour,2021-01-18T16:00:00+01:00,2021-01-18T17:00:00+01:00,BE-TSO-0001,21X-BE-A-A0A0A-Y,Fluxys Belgium,VTP-00029,Zeebrugge Beach,21Z0000000000090,exit,kWh/h,,,19577308,2021-03-30T00:27:09+02:00,,Confirmed,,,,,False,,,False,PRISMA,,https://platform.prisma-capacity.eu/,,Trading Point,9,False
1Physical Flowhour2021-01-18 16:00:00 +00:002021-01-18 17:00:00 +00:00BE-TSO-0001VTP-00029exitkWh/h,1,Physical Flow,hour,2021-01-18T17:00:00+01:00,2021-01-18T18:00:00+01:00,BE-TSO-0001,21X-BE-A-A0A0A-Y,Fluxys Belgium,VTP-00029,Zeebrugge Beach,21Z0000000000090,exit,kWh/h,,,19656329,2021-03-30T00:27:09+02:00,,Confirmed,,,,,False,,,False,PRISMA,,https://platform.prisma-capacity.eu/,,Trading Point,9,False
1Physical Flowhour2021-01-18 17:00:00 +00:002021-01-18 18:00:00 +00:00BE-TSO-0001VTP-00029exitkWh/h,1,Physical Flow,hour,2021-01-18T18:00:00+01:00,2021-01-18T19:00:00+01:00,BE-TSO-0001,21X-BE-A-A0A0A-Y,Fluxys Belgium,VTP-00029,Zeebrugge Beach,21Z0000000000090,exit,kWh/h,,,19967842,2021-03-30T00:27:09+02:00,,Confirmed,,,,,False,,,False,PRISMA,,https://platform.prisma-capacity.eu/,,Trading Point,9,False
1Physical Flowhour2021-01-18 18:00:00 +00:002021-01-18 19:00:00 +00:00BE-TSO-0001VTP-00029exitkWh/h,1,Physical Flow,hour,2021-01-18T19:00:00+01:00,2021-01-18T20:00:00+01:00,BE-TSO-0001,21X-BE-A-A0A0A-Y,Fluxys Belgium,VTP-00029,Zeebrugge Beach,21Z0000000000090,exit,kWh/h,,,20008640,2021-03-30T00:27:09+02:00,,Confirmed,,,,,False,,,False,PRISMA,,https://platform.prisma-capacity.eu/,,Trading Point,9,False
1Physical Flowhour2021-01-18 19:00:00 +00:002021-01-18 20:00:00 +00:00BE-TSO-0001VTP-00029exitkWh/h,1,Physical Flow,hour,2021-01-18T20:00:00+01:00,2021-01-18T21:00:00+01:00,BE-TSO-0001,21X-BE-A-A0A0A-Y,Fluxys Belgium,VTP-00029,Zeebrugge Beach,21Z0000000000090,exit,kWh/h,,,19861209,2021-03-30T00:27:09+02:00,,Confirmed,,,,,False,,,False,PRISMA,,https://platform.prisma-capacity.eu/,,Trading Point,9,False
1Physical Flowhour2021-01-18 20:00:00 +00:002021-01-18 21:00:00 +00:00BE-TSO-0001VTP-00029exitkWh/h,1,Physical Flow,hour,2021-01-18T21:00:00+01:00,2021-01-18T22:00:00+01:00,BE-TSO-0001,21X-BE-A-A0A0A-Y,Fluxys Belgium,VTP-00029,Zeebrugge Beach,21Z0000000000090,exit,kWh/h,,,19859741,2021-03-30T00:27:09+02:00,,Confirmed,,,,,False,,,False,PRISMA,,https://platform.prisma-capacity.eu/,,Trading Point,9,False
1Physical Flowhour2021-01-18 21:00:00 +00:002021-01-18 22:00:00 +00:00BE-TSO-0001VTP-00029exitkWh/h,1,Physical Flow,hour,2021-01-18T22:00:00+01:00,2021-01-18T23:00:00+01:00,BE-TSO-0001,21X-BE-A-A0A0A-Y,Fluxys Belgium,VTP-00029,Zeebrugge Beach,21Z0000000000090,exit,kWh/h,,,19828855,2021-03-30T00:27:09+02:00,,Confirmed,,,,,False,,,False,PRISMA,,https://platform.prisma-capacity.eu/,,Trading Point,9,False
1Physical Flowhour2021-01-18 22:00:00 +00:002021-01-18 23:00:00 +00:00BE-TSO-0001VTP-00029exitkWh/h,1,Physical Flow,hour,2021-01-18T23:00:00+01:00,2021-01-19T00:00:00+01:00,BE-TSO-0001,21X-BE-A-A0A0A-Y,Fluxys Belgium,VTP-00029,Zeebrugge Beach,21Z0000000000090,exit,kWh/h,,,19732034,2021-03-30T00:27:09+02:00,,Confirmed,,,,,False,,,False,PRISMA,,https://platform.prisma-capacity.eu/,,Trading Point,9,False
1Physical Flowhour2021-01-18 23:00:00 +00:002021-01-19 00:00:00 +00:00BE-TSO-0001VTP-00029exitkWh/h,1,Physical Flow,hour,2021-01-19T00:00:00+01:00,2021-01-19T01:00:00+01:00,BE-TSO-0001,21X-BE-A-A0A0A-Y,Fluxys Belgium,VTP-00029,Zeebrugge Beach,21Z0000000000090,exit,kWh/h,,,19733031,2021-03-30T00:27:09+02:00,,Confirmed,,,,,False,,,False,PRISMA,,https://platform.prisma-capacity.eu/,,Trading Point,9,False
1Physical Flowhour2021-01-19 00:00:00 +00:002021-01-19 01:00:00 +00:00BE-TSO-0001VTP-00029exitkWh/h,1,Physical Flow,hour,2021-01-19T01:00:00+01:00,2021-01-19T02:00:00+01:00,BE-TSO-0001,21X-BE-A-A0A0A-Y,Fluxys Belgium,VTP-00029,Zeebrugge Beach,21Z0000000000090,exit,kWh/h,,,19730857,2021-03-30T00:27:09+02:00,,Confirmed,,,,,False,,,False,PRISMA,,https://platform.prisma-capacity.eu/,,Trading Point,9,False
1Physical Flowhour2021-01-19 01:00:00 +00:002021-01-19 02:00:00 +00:00BE-TSO-0001VTP-00029exitkWh/h,1,Physical Flow,hour,2021-01-19T02:00:00+01:00,2021-01-19T03:00:00+01:00,BE-TSO-0001,21X-BE-A-A0A0A-Y,Fluxys Belgium,VTP-00029,Zeebrugge Beach,21Z0000000000090,exit,kWh/h,,,19724861,2021-03-30T00:27:09+02:00,,Confirmed,,,,,False,,,False,PRISMA,,https://platform.prisma-capacity.eu/,,Trading Point,9,False
1Physical Flowhour2021-01-19 02:00:00 +00:002021-01-19 03:00:00 +00:00BE-TSO-0001VTP-00029exitkWh/h,1,Physical Flow,hour,2021-01-19T03:00:00+01:00,2021-01-19T04:00:00+01:00,BE-TSO-0001,21X-BE-A-A0A0A-Y,Fluxys Belgium,VTP-00029,Zeebrugge Beach,21Z0000000000090,exit,kWh/h,,,19746334,2021-03-30T00:27:09+02:00,,Confirmed,,,,,False,,,False,PRISMA,,https://platform.prisma-capacity.eu/,,Trading Point,9,False
1Physical Flowhour2021-01-19 03:00:00 +00:002021-01-19 04:00:00 +00:00BE-TSO-0001VTP-00029exitkWh/h,1,Physical Flow,hour,2021-01-19T04:00:00+01:00,2021-01-19T05:00:00+01:00,BE-TSO-0001,21X-BE-A-A0A0A-Y,Fluxys Belgium,VTP-00029,Zeebrugge Beach,21Z0000000000090,exit,kWh/h,,,19736041,2021-03-30T00:27:09+02:00,,Confirmed,,,,,False,,,False,PRISMA,,https://platform.prisma-capacity.eu/,,Trading Point,9,False
1Physical Flowhour2021-01-19 04:00:00 +00:002021-01-19 05:00:00 +00:00BE-TSO-0001VTP-00029exitkWh/h,1,Physical Flow,hour,2021-01-19T05:00:00+01:00,2021-01-19T06:00:00+01:00,BE-TSO-0001,21X-BE-A-A0A0A-Y,Fluxys Belgium,VTP-00029,Zeebrugge Beach,21Z0000000000090,exit,kWh/h,,,19725718,2021-03-30T00:27:09+02:00,,Confirmed,,,,,False,,,False,PRISMA,,https://platform.prisma-capacity.eu/,,Trading Point,9,False
1Physical Flowhour2021-01-19 05:00:00 +00:002021-01-19 06:00:00 +00:00BE-TSO-0001VTP-00029exitkWh/h,1,Physical Flow,hour,2021-01-19T06:00:00+01:00,2021-01-19T07:00:00+01:00,BE-TSO-0001,21X-BE-A-A0A0A-Y,Fluxys Belgium,VTP-00029,Zeebrugge Beach,21Z0000000000090,exit,kWh/h,,,18158854,2021-03-30T00:27:09+02:00,,Confirmed,,,,,False,,,False,PRISMA,,https://platform.prisma-capacity.eu/,,Trading Point,9,False
1Physical Flowhour2021-01-19 06:00:00 +00:002021-01-19 07:00:00 +00:00BE-TSO-0001VTP-00029exitkWh/h,1,Physical Flow,hour,2021-01-19T07:00:00+01:00,2021-01-19T08:00:00+01:00,BE-TSO-0001,21X-BE-A-A0A0A-Y,Fluxys Belgium,VTP-00029,Zeebrugge Beach,21Z0000000000090,exit,kWh/h,,,17784063,2021-03-30T00:27:09+02:00,,Confirmed,,,,,False,,,False,PRISMA,,https://platform.prisma-capacity.eu/,,Trading Point,9,False
1Physical Flowhour2021-01-19 07:00:00 +00:002021-01-19 08:00:00 +00:00BE-TSO-0001VTP-00029exitkWh/h,1,Physical Flow,hour,2021-01-19T08:00:00+01:00,2021-01-19T09:00:00+01:00,BE-TSO-0001,21X-BE-A-A0A0A-Y,Fluxys Belgium,VTP-00029,Zeebrugge Beach,21Z0000000000090,exit,kWh/h,,,17906790,2021-03-30T00:27:09+02:00,,Confirmed,,,,,False,,,False,PRISMA,,https://platform.prisma-capacity.eu/,,Trading Point,9,False
1Physical Flowhour2021-01-19 08:00:00 +00:002021-01-19 09:00:00 +00:00BE-TSO-0001VTP-00029exitkWh/h,1,Physical Flow,hour,2021-01-19T09:00:00+01:00,2021-01-19T10:00:00+01:00,BE-TSO-0001,21X-BE-A-A0A0A-Y,Fluxys Belgium,VTP-00029,Zeebrugge Beach,21Z0000000000090,exit,kWh/h,,,17828356,2021-03-30T00:27:09+02:00,,Confirmed,,,,,False,,,False,PRISMA,,https://platform.prisma-capacity.eu/,,Trading Point,9,False
1Physical Flowhour2021-01-19 09:00:00 +00:002021-01-19 10:00:00 +00:00BE-TSO-0001VTP-00029exitkWh/h,1,Physical Flow,hour,2021-01-19T10:00:00+01:00,2021-01-19T11:00:00+01:00,BE-TSO-0001,21X-BE-A-A0A0A-Y,Fluxys Belgium,VTP-00029,Zeebrugge Beach,21Z0000000000090,exit,kWh/h,,,17847858,2021-03-30T00:27:09+02:00,,Confirmed,,,,,False,,,False,PRISMA,,https://platform.prisma-capacity.eu/,,Trading Point,9,False
1Physical Flowhour2021-01-19 10:00:00 +00:002021-01-19 11:00:00 +00:00BE-TSO-0001VTP-00029exitkWh/h,1,Physical Flow,hour,2021-01-19T11:00:00+01:00,2021-01-19T12:00:00+01:00,BE-TSO-0001,21X-BE-A-A0A0A-Y,Fluxys Belgium,VTP-00029,Zeebrugge Beach,21Z0000000000090,exit,kWh/h,,,17839522,2021-03-30T00:27:09+02:00,,Confirmed,,,,,False,,,False,PRISMA,,https://platform.prisma-capacity.eu/,,Trading Point,9,False
1Physical Flowhour2021-01-19 11:00:00 +00:002021-01-19 12:00:00 +00:00BE-TSO-0001VTP-00029exitkWh/h,1,Physical Flow,hour,2021-01-19T12:00:00+01:00,2021-01-19T13:00:00+01:00,BE-TSO-0001,21X-BE-A-A0A0A-Y,Fluxys Belgium,VTP-00029,Zeebrugge Beach,21Z0000000000090,exit,kWh/h,,,17842746,2021-03-30T00:27:09+02:00,,Confirmed,,,,,False,,,False,PRISMA,,https://platform.prisma-capacity.eu/,,Trading Point,9,False
1Physical Flowhour2021-01-19 12:00:00 +00:002021-01-19 13:00:00 +00:00BE-TSO-0001VTP-00029exitkWh/h,1,Physical Flow,hour,2021-01-19T13:00:00+01:00,2021-01-19T14:00:00+01:00,BE-TSO-0001,21X-BE-A-A0A0A-Y,Fluxys Belgium,VTP-00029,Zeebrugge Beach,21Z0000000000090,exit,kWh/h,,,17837926,2021-03-30T00:27:09+02:00,,Confirmed,,,,,False,,,False,PRISMA,,https://platform.prisma-capacity.eu/,,Trading Point,9,False
1Physical Flowhour2021-01-19 13:00:00 +00:002021-01-19 14:00:00 +00:00BE-TSO-0001VTP-00029exitkWh/h,1,Physical Flow,hour,2021-01-19T14:00:00+01:00,2021-01-19T15:00:00+01:00,BE-TSO-0001,21X-BE-A-A0A0A-Y,Fluxys Belgium,VTP-00029,Zeebrugge Beach,21Z0000000000090,exit,kWh/h,,,17852532,2021-03-30T00:27:09+02:00,,Confirmed,,,,,False,,,False,PRISMA,,https://platform.prisma-capacity.eu/,,Trading Point,9,False
1Physical Flowhour2021-01-19 14:00:00 +00:002021-01-19 15:00:00 +00:00BE-TSO-0001VTP-00029exitkWh/h,1,Physical Flow,hour,2021-01-19T15:00:00+01:00,2021-01-19T16:00:00+01:00,BE-TSO-0001,21X-BE-A-A0A0A-Y,Fluxys Belgium,VTP-00029,Zeebrugge Beach,21Z0000000000090,exit,kWh/h,,,17826149,2021-03-30T00:27:09+02:00,,Confirmed,,,,,False,,,False,PRISMA,,https://platform.prisma-capacity.eu/,,Trading Point,9,False
1Physical Flowhour2021-01-19 15:00:00 +00:002021-01-19 16:00:00 +00:00BE-TSO-0001VTP-00029exitkWh/h,1,Physical Flow,hour,2021-01-19T16:00:00+01:00,2021-01-19T17:00:00+01:00,BE-TSO-0001,21X-BE-A-A0A0A-Y,Fluxys Belgium,VTP-00029,Zeebrugge Beach,21Z0000000000090,exit,kWh/h,,,17850175,2021-03-30T00:27:09+02:00,,Confirmed,,,,,False,,,False,PRISMA,,https://platform.prisma-capacity.eu/,,Trading Point,9,False
1Physical Flowhour2021-01-19 16:00:00 +00:002021-01-19 17:00:00 +00:00BE-TSO-0001VTP-00029exitkWh/h,1,Physical Flow,hour,2021-01-19T17:00:00+01:00,2021-01-19T18:00:00+01:00,BE-TSO-0001,21X-BE-A-A0A0A-Y,Fluxys Belgium,VTP-00029,Zeebrugge Beach,21Z0000000000090,exit,kWh/h,,,17841845,2021-03-30T00:27:09+02:00,,Confirmed,,,,,False,,,False,PRISMA,,https://platform.prisma-capacity.eu/,,Trading Point,9,False
1Physical Flowhour2021-01-19 17:00:00 +00:002021-01-19 18:00:00 +00:00BE-TSO-0001VTP-00029exitkWh/h,1,Physical Flow,hour,2021-01-19T18:00:00+01:00,2021-01-19T19:00:00+01:00,BE-TSO-0001,21X-BE-A-A0A0A-Y,Fluxys Belgium,VTP-00029,Zeebrugge Beach,21Z0000000000090,exit,kWh/h,,,17839014,2021-03-30T00:27:09+02:00,,Confirmed,,,,,False,,,False,PRISMA,,https://platform.prisma-capacity.eu/,,Trading Point,9,False
1Physical Flowhour2021-01-19 18:00:00 +00:002021-01-19 19:00:00 +00:00BE-TSO-0001VTP-00029exitkWh/h,1,Physical Flow,hour,2021-01-19T19:00:00+01:00,2021-01-19T20:00:00+01:00,BE-TSO-0001,21X-BE-A-A0A0A-Y,Fluxys Belgium,VTP-00029,Zeebrugge Beach,21Z0000000000090,exit,kWh/h,,,17852883,2021-03-30T00:27:09+02:00,,Confirmed,,,,,False,,,False,PRISMA,,https://platform.prisma-capacity.eu/,,Trading Point,9,False
1Physical Flowhour2021-01-19 19:00:00 +00:002021-01-19 20:00:00 +00:00BE-TSO-0001VTP-00029exitkWh/h,1,Physical Flow,hour,2021-01-19T20:00:00+01:00,2021-01-19T21:00:00+01:00,BE-TSO-0001,21X-BE-A-A0A0A-Y,Fluxys Belgium,VTP-00029,Zeebrugge Beach,21Z0000000000090,exit,kWh/h,,,17836438,2021-03-30T00:27:09+02:00,,Confirmed,,,,,False,,,False,PRISMA,,https://platform.prisma-capacity.eu/,,Trading Point,9,False
1Physical Flowhour2021-01-19 20:00:00 +00:002021-01-19 21:00:00 +00:00BE-TSO-0001VTP-00029exitkWh/h,1,Physical Flow,hour,2021-01-19T21:00:00+01:00,2021-01-19T22:00:00+01:00,BE-TSO-0001,21X-BE-A-A0A0A-Y,Fluxys Belgium,VTP-00029,Zeebrugge Beach,21Z0000000000090,exit,kWh/h,,,17817930,2021-03-30T00:27:09+02:00,,Confirmed,,,,,False,,,False,PRISMA,,https://platform.prisma-capacity.eu/,,Trading Point,9,False
1Physical Flowhour2021-01-19 21:00:00 +00:002021-01-19 22:00:00 +00:00BE-TSO-0001VTP-00029exitkWh/h,1,Physical Flow,hour,2021-01-19T22:00:00+01:00,2021-01-19T23:00:00+01:00,BE-TSO-0001,21X-BE-A-A0A0A-Y,Fluxys Belgium,VTP-00029,Zeebrugge Beach,21Z0000000000090,exit,kWh/h,,,17885426,2021-03-30T00:27:09+02:00,,Confirmed,,,,,False,,,False,PRISMA,,https://platform.prisma-capacity.eu/,,Trading Point,9,False
1Physical Flowhour2021-01-19 22:00:00 +00:002021-01-19 23:00:00 +00:00BE-TSO-0001VTP-00029exitkWh/h,1,Physical Flow,hour,2021-01-19T23:00:00+01:00,2021-01-20T00:00:00+01:00,BE-TSO-0001,21X-BE-A-A0A0A-Y,Fluxys Belgium,VTP-00029,Zeebrugge Beach,21Z0000000000090,exit,kWh/h,,,17826162,2021-03-30T00:27:09+02:00,,Confirmed,,,,,False,,,False,PRISMA,,https://platform.prisma-capacity.eu/,,Trading Point,9,False
1Physical Flowhour2021-01-19 23:00:00 +00:002021-01-20 00:00:00 +00:00BE-TSO-0001VTP-00029exitkWh/h,1,Physical Flow,hour,2021-01-20T00:00:00+01:00,2021-01-20T01:00:00+01:00,BE-TSO-0001,21X-BE-A-A0A0A-Y,Fluxys Belgium,VTP-00029,Zeebrugge Beach,21Z0000000000090,exit,kWh/h,,,17841733,2021-03-30T00:27:09+02:00,,Confirmed,,,,,False,,,False,PRISMA,,https://platform.prisma-capacity.eu/,,Trading Point,9,False
1Physical Flowhour2021-01-20 00:00:00 +00:002021-01-20 01:00:00 +00:00BE-TSO-0001VTP-00029exitkWh/h,1,Physical Flow,hour,2021-01-20T01:00:00+01:00,2021-01-20T02:00:00+01:00,BE-TSO-0001,21X-BE-A-A0A0A-Y,Fluxys Belgium,VTP-00029,Zeebrugge Beach,21Z0000000000090,exit,kWh/h,,,17837395,2021-03-30T00:27:09+02:00,,Confirmed,,,,,False,,,False,PRISMA,,https://platform.prisma-capacity.eu/,,Trading Point,9,False
1Physical Flowhour2021-01-20 01:00:00 +00:002021-01-20 02:00:00 +00:00BE-TSO-0001VTP-00029exitkWh/h,1,Physical Flow,hour,2021-01-20T02:00:00+01:00,2021-01-20T03:00:00+01:00,BE-TSO-0001,21X-BE-A-A0A0A-Y,Fluxys Belgium,VTP-00029,Zeebrugge Beach,21Z0000000000090,exit,kWh/h,,,17844766,2021-03-30T00:27:09+02:00,,Confirmed,,,,,False,,,False,PRISMA,,https://platform.prisma-capacity.eu/,,Trading Point,9,False
1Physical Flowhour2021-01-20 02:00:00 +00:002021-01-20 03:00:00 +00:00BE-TSO-0001VTP-00029exitkWh/h,1,Physical Flow,hour,2021-01-20T03:00:00+01:00,2021-01-20T04:00:00+01:00,BE-TSO-0001,21X-BE-A-A0A0A-Y,Fluxys Belgium,VTP-00029,Zeebrugge Beach,21Z0000000000090,exit,kWh/h,,,17849595,2021-03-30T00:27:09+02:00,,Confirmed,,,,,False,,,False,PRISMA,,https://platform.prisma-capacity.eu/,,Trading Point,9,False
1Physical Flowhour2021-01-20 03:00:00 +00:002021-01-20 04:00:00 +00:00BE-TSO-0001VTP-00029exitkWh/h,1,Physical Flow,hour,2021-01-20T04:00:00+01:00,2021-01-20T05:00:00+01:00,BE-TSO-0001,21X-BE-A-A0A0A-Y,Fluxys Belgium,VTP-00029,Zeebrugge Beach,21Z0000000000090,exit,kWh/h,,,17875268,2021-03-30T00:27:09+02:00,,Confirmed,,,,,False,,,False,PRISMA,,https://platform.prisma-capacity.eu/,,Trading Point,9,False
1Physical Flowhour2021-01-20 04:00:00 +00:002021-01-20 05:00:00 +00:00BE-TSO-0001VTP-00029exitkWh/h,1,Physical Flow,hour,2021-01-20T05:00:00+01:00,2021-01-20T06:00:00+01:00,BE-TSO-0001,21X-BE-A-A0A0A-Y,Fluxys Belgium,VTP-00029,Zeebrugge Beach,21Z0000000000090,exit,kWh/h,,,17815646,2021-03-30T00:27:09+02:00,,Confirmed,,,,,False,,,False,PRISMA,,https://platform.prisma-capacity.eu/,,Trading Point,9,False
1Physical Flowhour2021-01-20 05:00:00 +00:002021-01-20 06:00:00 +00:00BE-TSO-0001VTP-00029exitkWh/h,1,Physical Flow,hour,2021-01-20T06:00:00+01:00,2021-01-20T07:00:00+01:00,BE-TSO-0001,21X-BE-A-A0A0A-Y,Fluxys Belgium,VTP-00029,Zeebrugge Beach,21Z0000000000090,exit,kWh/h,,,13458507,2021-03-30T00:27:09+02:00,,Confirmed,,,,,False,,,False,PRISMA,,https://platform.prisma-capacity.eu/,,Trading Point,9,False
1Physical Flowhour2021-01-20 06:00:00 +00:002021-01-20 07:00:00 +00:00BE-TSO-0001VTP-00029exitkWh/h,1,Physical Flow,hour,2021-01-20T07:00:00+01:00,2021-01-20T08:00:00+01:00,BE-TSO-0001,21X-BE-A-A0A0A-Y,Fluxys Belgium,VTP-00029,Zeebrugge Beach,21Z0000000000090,exit,kWh/h,,,13189915,2021-03-30T00:27:09+02:00,,Confirmed,,,,,False,,,False,PRISMA,,https://platform.prisma-capacity.eu/,,Trading Point,9,False
1Physical Flowhour2021-01-20 07:00:00 +00:002021-01-20 08:00:00 +00:00BE-TSO-0001VTP-00029exitkWh/h,1,Physical Flow,hour,2021-01-20T08:00:00+01:00,2021-01-20T09:00:00+01:00,BE-TSO-0001,21X-BE-A-A0A0A-Y,Fluxys Belgium,VTP-00029,Zeebrugge Beach,21Z0000000000090,exit,kWh/h,,,13213015,2021-03-30T00:27:09+02:00,,Confirmed,,,,,False,,,False,PRISMA,,https://platform.prisma-capacity.eu/,,Trading Point,9,False
1Physical Flowhour2021-01-20 08:00:00 +00:002021-01-20 09:00:00 +00:00BE-TSO-0001VTP-00029exitkWh/h,1,Physical Flow,hour,2021-01-20T09:00:00+01:00,2021-01-20T10:00:00+01:00,BE-TSO-0001,21X-BE-A-A0A0A-Y,Fluxys Belgium,VTP-00029,Zeebrugge Beach,21Z0000000000090,exit,kWh/h,,,13210823,2021-03-30T00:27:09+02:00,,Confirmed,,,,,False,,,False,PRISMA,,https://platform.prisma-capacity.eu/,,Trading Point,9,False
1Physical Flowhour2021-01-20 09:00:00 +00:002021-01-20 10:00:00 +00:00BE-TSO-0001VTP-00029exitkWh/h,1,Physical Flow,hour,2021-01-20T10:00:00+01:00,2021-01-20T11:00:00+01:00,BE-TSO-0001,21X-BE-A-A0A0A-Y,Fluxys Belgium,VTP-00029,Zeebrugge Beach,21Z0000000000090,exit,kWh/h,,,13214803,2021-03-30T00:27:09+02:00,,Confirmed,,,,,False,,,False,PRISMA,,https://platform.prisma-capacity.eu/,,Trading Point,9,False
1Physical Flowhour2021-01-20 10:00:00 +00:002021-01-20 11:00:00 +00:00BE-TSO-0001VTP-00029exitkWh/h,1,Physical Flow,hour,2021-01-20T11:00:00+01:00,2021-01-20T12:00:00+01:00,BE-TSO-0001,21X-BE-A-A0A0A-Y,Fluxys Belgium,VTP-00029,Zeebrugge Beach,21Z0000000000090,exit,kWh/h,,,13128751,2021-03-30T00:27:09+02:00,,Confirmed,,,,,False,,,False,PRISMA,,https://platform.prisma-capacity.eu/,,Trading Point,9,False
1Physical Flowhour2021-01-20 11:00:00 +00:002021-01-20 12:00:00 +00:00BE-TSO-0001VTP-00029exitkWh/h,1,Physical Flow,hour,2021-01-20T12:00:00+01:00,2021-01-20T13:00:00+01:00,BE-TSO-0001,21X-BE-A-A0A0A-Y,Fluxys Belgium,VTP-00029,Zeebrugge Beach,21Z0000000000090,exit,kWh/h,,,13157565,2021-03-30T00:27:09+02:00,,Confirmed,,,,,False,,,False,PRISMA,,https://platform.prisma-capacity.eu/,,Trading Point,9,False
1Physical Flowhour2021-01-20 12:00:00 +00:002021-01-20 13:00:00 +00:00BE-TSO-0001VTP-00029exitkWh/h,1,Physical Flow,hour,2021-01-20T13:00:00+01:00,2021-01-20T14:00:00+01:00,BE-TSO-0001,21X-BE-A-A0A0A-Y,Fluxys Belgium,VTP-00029,Zeebrugge Beach,21Z0000000000090,exit,kWh/h,,,13208504,2021-03-30T00:27:09+02:00,,Confirmed,,,,,False,,,False,PRISMA,,https://platform.prisma-capacity.eu/,,Trading Point,9,False
1Physical Flowhour2021-01-20 13:00:00 +00:002021-01-20 14:00:00 +00:00BE-TSO-0001VTP-00029exitkWh/h,1,Physical Flow,hour,2021-01-20T14:00:00+01:00,2021-01-20T15:00:00+01:00,BE-TSO-0001,21X-BE-A-A0A0A-Y,Fluxys Belgium,VTP-00029,Zeebrugge Beach,21Z0000000000090,exit,kWh/h,,,13213365,2021-03-30T00:27:09+02:00,,Confirmed,,,,,False,,,False,PRISMA,,https://platform.prisma-capacity.eu/,,Trading Point,9,False
1Physical Flowhour2021-01-20 14:00:00 +00:002021-01-20 15:00:00 +00:00BE-TSO-0001VTP-00029exitkWh/h,1,Physical Flow,hour,2021-01-20T15:00:00+01:00,2021-01-20T16:00:00+01:00,BE-TSO-0001,21X-BE-A-A0A0A-Y,Fluxys Belgium,VTP-00029,Zeebrugge Beach,21Z0000000000090,exit,kWh/h,,,13212389,2021-03-30T00:27:09+02:00,,Confirmed,,,,,False,,,False,PRISMA,,https://platform.prisma-capacity.eu/,,Trading Point,9,False
1Physical Flowhour2021-01-20 15:00:00 +00:002021-01-20 16:00:00 +00:00BE-TSO-0001VTP-00029exitkWh/h,1,Physical Flow,hour,2021-01-20T16:00:00+01:00,2021-01-20T17:00:00+01:00,BE-TSO-0001,21X-BE-A-A0A0A-Y,Fluxys Belgium,VTP-00029,Zeebrugge Beach,21Z0000000000090,exit,kWh/h,,,13191893,2021-03-30T00:27:09+02:00,,Confirmed,,,,,False,,,False,PRISMA,,https://platform.prisma-capacity.eu/,,Trading Point,9,False
1Physical Flowhour2021-01-20 16:00:00 +00:002021-01-20 17:00:00 +00:00BE-TSO-0001VTP-00029exitkWh/h,1,Physical Flow,hour,2021-01-20T17:00:00+01:00,2021-01-20T18:00:00+01:00,BE-TSO-0001,21X-BE-A-A0A0A-Y,Fluxys Belgium,VTP-00029,Zeebrugge Beach,21Z0000000000090,exit,kWh/h,,,13230544,2021-03-30T00:27:09+02:00,,Confirmed,,,,,False,,,False,PRISMA,,https://platform.prisma-capacity.eu/,,Trading Point,9,False
1Physical Flowhour2021-01-20 17:00:00 +00:002021-01-20 18:00:00 +00:00BE-TSO-0001VTP-00029exitkWh/h,1,Physical Flow,hour,2021-01-20T18:00:00+01:00,2021-01-20T19:00:00+01:00,BE-TSO-0001,21X-BE-A-A0A0A-Y,Fluxys Belgium,VTP-00029,Zeebrugge Beach,21Z0000000000090,exit,kWh/h,,,11996524,2021-03-30T00:27:09+02:00,,Confirmed,,,,,False,,,False,PRISMA,,https://platform.prisma-capacity.eu/,,Trading Point,9,False
1Physical Flowhour2021-01-20 18:00:00 +00:002021-01-20 19:00:00 +00:00BE-TSO-0001VTP-00029exitkWh/h,1,Physical Flow,hour,2021-01-20T19:00:00+01:00,2021-01-20T20:00:00+01:00,BE-TSO-0001,21X-BE-A-A0A0A-Y,Fluxys Belgium,VTP-00029,Zeebrugge Beach,21Z0000000000090,exit,kWh/h,,,12002426,2021-03-30T00:27:09+02:00,,Confirmed,,,,,False,,,False,PRISMA,,https://platform.prisma-capacity.eu/,,Trading Point,9,False
1Physical Flowhour2021-01-20 19:00:00 +00:002021-01-20 20:00:00 +00:00BE-TSO-0001VTP-00029exitkWh/h,1,Physical Flow,hour,2021-01-20T20:00:00+01:00,2021-01-20T21:00:00+01:00,BE-TSO-0001,21X-BE-A-A0A0A-Y,Fluxys Belgium,VTP-00029,Zeebrugge Beach,21Z0000000000090,exit,kWh/h,,,12001931,2021-03-30T00:27:09+02:00,,Confirmed,,,,,False,,,False,PRISMA,,https://platform.prisma-capacity.eu/,,Trading Point,9,False
1Physical Flowhour2021-01-20 20:00:00 +00:002021-01-20 21:00:00 +00:00BE-TSO-0001VTP-00029exitkWh/h,1,Physical Flow,hour,2021-01-20T21:00:00+01:00,2021-01-20T22:00:00+01:00,BE-TSO-0001,21X-BE-A-A0A0A-Y,Fluxys Belgium,VTP-00029,Zeebrugge Beach,21Z0000000000090,exit,kWh/h,,,12003998,2021-03-30T00:27:09+02:00,,Confirmed,,,,,False,,,False,PRISMA,,https://platform.prisma-capacity.eu/,,Trading Point,9,False
1Physical Flowhour2021-01-20 21:00:00 +00:002021-01-20 22:00:00 +00:00BE-TSO-0001VTP-00029exitkWh/h,1,Physical Flow,hour,2021-01-20T22:00:00+01:00,2021-01-20T23:00:00+01:00,BE-TSO-0001,21X-BE-A-A0A0A-Y,Fluxys Belgium,VTP-00029,Zeebrugge Beach,21Z0000000000090,exit,kWh/h,,,12002033,2021-03-30T00:27:09+02:00,,Confirmed,,,,,False,,,False,PRISMA,,https://platform.prisma-capacity.eu/,,Trading Point,9,False
1Physical Flowhour2021-01-20 22:00:00 +00:002021-01-20 23:00:00 +00:00BE-TSO-0001VTP-00029exitkWh/h,1,Physical Flow,hour,2021-01-20T23:00:00+01:00,2021-01-21T00:00:00+01:00,BE-TSO-0001,21X-BE-A-A0A0A-Y,Fluxys Belgium,VTP-00029,Zeebrugge Beach,21Z0000000000090,exit,kWh/h,,,12003394,2021-03-30T00:27:09+02:00,,Confirmed,,,,,False,,,False,PRISMA,,https://platform.prisma-capacity.eu/,,Trading Point,9,False
1Physical Flowhour2021-01-20 23:00:00 +00:002021-01-21 00:00:00 +00:00BE-TSO-0001VTP-00029exitkWh/h,1,Physical Flow,hour,2021-01-21T00:00:00+01:00,2021-01-21T01:00:00+01:00,BE-TSO-0001,21X-BE-A-A0A0A-Y,Fluxys Belgium,VTP-00029,Zeebrugge Beach,21Z0000000000090,exit,kWh/h,,,12006348,2021-03-30T00:27:09+02:00,,Confirmed,,,,,False,,,False,PRISMA,,https://platform.prisma-capacity.eu/,,Trading Point,9,False
1Physical Flowhour2021-01-21 00:00:00 +00:002021-01-21 01:00:00 +00:00BE-TSO-0001VTP-00029exitkWh/h,1,Physical Flow,hour,2021-01-21T01:00:00+01:00,2021-01-21T02:00:00+01:00,BE-TSO-0001,21X-BE-A-A0A0A-Y,Fluxys Belgium,VTP-00029,Zeebrugge Beach,21Z0000000000090,exit,kWh/h,,,12000849,2021-03-30T00:27:09+02:00,,Confirmed,,,,,False,,,False,PRISMA,,https://platform.prisma-capacity.eu/,,Trading Point,9,False
1Physical Flowhour2021-01-21 01:00:00 +00:002021-01-21 02:00:00 +00:00BE-TSO-0001VTP-00029exitkWh/h,1,Physical Flow,hour,2021-01-21T02:00:00+01:00,2021-01-21T03:00:00+01:00,BE-TSO-0001,21X-BE-A-A0A0A-Y,Fluxys Belgium,VTP-00029,Zeebrugge Beach,21Z0000000000090,exit,kWh/h,,,12005293,2021-03-30T00:27:09+02:00,,Confirmed,,,,,False,,,False,PRISMA,,https://platform.prisma-capacity.eu/,,Trading Point,9,False
1Physical Flowhour2021-01-21 02:00:00 +00:002021-01-21 03:00:00 +00:00BE-TSO-0001VTP-00029exitkWh/h,1,Physical Flow,hour,2021-01-21T03:00:00+01:00,2021-01-21T04:00:00+01:00,BE-TSO-0001,21X-BE-A-A0A0A-Y,Fluxys Belgium,VTP-00029,Zeebrugge Beach,21Z0000000000090,exit,kWh/h,,,12002584,2021-03-30T00:27:09+02:00,,Confirmed,,,,,False,,,False,PRISMA,,https://platform.prisma-capacity.eu/,,Trading Point,9,False
1Physical Flowhour2021-01-21 03:00:00 +00:002021-01-21 04:00:00 +00:00BE-TSO-0001VTP-00029exitkWh/h,1,Physical Flow,hour,2021-01-21T04:00:00+01:00,2021-01-21T05:00:00+01:00,BE-TSO-0001,21X-BE-A-A0A0A-Y,Fluxys Belgium,VTP-00029,Zeebrugge Beach,21Z0000000000090,exit,kWh/h,,,12005243,2021-03-30T00:27:09+02:00,,Confirmed,,,,,False,,,False,PRISMA,,https://platform.prisma-capacity.eu/,,Trading Point,9,False
1Physical Flowhour2021-01-21 04:00:00 +00:002021-01-21 05:00:00 +00:00BE-TSO-0001VTP-00029exitkWh/h,1,Physical Flow,hour,2021-01-21T05:00:00+01:00,2021-01-21T06:00:00+01:00,BE-TSO-0001,21X-BE-A-A0A0A-Y,Fluxys Belgium,VTP-00029,Zeebrugge Beach,21Z0000000000090,exit,kWh/h,,,11986452,2021-03-30T00:27:09+02:00,,Confirmed,,,,,False,,,False,PRISMA,,https://platform.prisma-capacity.eu/,,Trading Point,9,False
1Physical Flowhour2021-01-21 05:00:00 +00:002021-01-21 06:00:00 +00:00BE-TSO-0001VTP-00029exitkWh/h,1,Physical Flow,hour,2021-01-21T06:00:00+01:00,2021-01-21T07:00:00+01:00,BE-TSO-0001,21X-BE-A-A0A0A-Y,Fluxys Belgium,VTP-00029,Zeebrugge Beach,21Z0000000000090,exit,kWh/h,,,16109362,2021-03-30T00:27:09+02:00,,Confirmed,,,,,False,,,False,PRISMA,,https://platform.prisma-capacity.eu/,,Trading Point,9,False
1Physical Flowhour2021-01-21 06:00:00 +00:002021-01-21 07:00:00 +00:00BE-TSO-0001VTP-00029exitkWh/h,1,Physical Flow,hour,2021-01-21T07:00:00+01:00,2021-01-21T08:00:00+01:00,BE-TSO-0001,21X-BE-A-A0A0A-Y,Fluxys Belgium,VTP-00029,Zeebrugge Beach,21Z0000000000090,exit,kWh/h,,,15207583,2021-03-30T00:27:09+02:00,,Confirmed,,,,,False,,,False,PRISMA,,https://platform.prisma-capacity.eu/,,Trading Point,9,False
1Physical Flowhour2021-01-21 07:00:00 +00:002021-01-21 08:00:00 +00:00BE-TSO-0001VTP-00029exitkWh/h,1,Physical Flow,hour,2021-01-21T08:00:00+01:00,2021-01-21T09:00:00+01:00,BE-TSO-0001,21X-BE-A-A0A0A-Y,Fluxys Belgium,VTP-00029,Zeebrugge Beach,21Z0000000000090,exit,kWh/h,,,20858571,2021-03-30T00:27:09+02:00,,Confirmed,,,,,False,,,False,PRISMA,,https://platform.prisma-capacity.eu/,,Trading Point,9,False
1Physical Flowhour2021-01-21 08:00:00 +00:002021-01-21 09:00:00 +00:00BE-TSO-0001VTP-00029exitkWh/h,1,Physical Flow,hour,2021-01-21T09:00:00+01:00,2021-01-21T10:00:00+01:00,BE-TSO-0001,21X-BE-A-A0A0A-Y,Fluxys Belgium,VTP-00029,Zeebrugge Beach,21Z0000000000090,exit,kWh/h,,,18459951,2021-03-30T00:27:09+02:00,,Confirmed,,,,,False,,,False,PRISMA,,https://platform.prisma-capacity.eu/,,Trading Point,9,False
1Physical Flowhour2021-01-21 09:00:00 +00:002021-01-21 10:00:00 +00:00BE-TSO-0001VTP-00029exitkWh/h,1,Physical Flow,hour,2021-01-21T10:00:00+01:00,2021-01-21T11:00:00+01:00,BE-TSO-0001,21X-BE-A-A0A0A-Y,Fluxys Belgium,VTP-00029,Zeebrugge Beach,21Z0000000000090,exit,kWh/h,,,17321326,2021-03-30T00:27:09+02:00,,Confirmed,,,,,False,,,False,PRISMA,,https://platform.prisma-capacity.eu/,,Trading Point,9,False
1Physical Flowhour2021-01-21 10:00:00 +00:002021-01-21 11:00:00 +00:00BE-TSO-0001VTP-00029exitkWh/h,1,Physical Flow,hour,2021-01-21T11:00:00+01:00,2021-01-21T12:00:00+01:00,BE-TSO-0001,21X-BE-A-A0A0A-Y,Fluxys Belgium,VTP-00029,Zeebrugge Beach,21Z0000000000090,exit,kWh/h,,,17214326,2021-03-30T00:27:09+02:00,,Confirmed,,,,,False,,,False,PRISMA,,https://platform.prisma-capacity.eu/,,Trading Point,9,False
1Physical Flowhour2021-01-21 11:00:00 +00:002021-01-21 12:00:00 +00:00BE-TSO-0001VTP-00029exitkWh/h,1,Physical Flow,hour,2021-01-21T12:00:00+01:00,2021-01-21T13:00:00+01:00,BE-TSO-0001,21X-BE-A-A0A0A-Y,Fluxys Belgium,VTP-00029,Zeebrugge Beach,21Z0000000000090,exit,kWh/h,,,17202512,2021-03-30T00:27:09+02:00,,Confirmed,,,,,False,,,False,PRISMA,,https://platform.prisma-capacity.eu/,,Trading Point,9,False
1Physical Flowhour2021-01-21 12:00:00 +00:002021-01-21 13:00:00 +00:00BE-TSO-0001VTP-00029exitkWh/h,1,Physical Flow,hour,2021-01-21T13:00:00+01:00,2021-01-21T14:00:00+01:00,BE-TSO-0001,21X-BE-A-A0A0A-Y,Fluxys Belgium,VTP-00029,Zeebrugge Beach,21Z0000000000090,exit,kWh/h,,,17232891,2021-03-30T00:27:09+02:00,,Confirmed,,,,,False,,,False,PRISMA,,https://platform.prisma-capacity.eu/,,Trading Point,9,False
1Physical Flowhour2021-01-21 13:00:00 +00:002021-01-21 14:00:00 +00:00BE-TSO-0001VTP-00029exitkWh/h,1,Physical Flow,hour,2021-01-21T14:00:00+01:00,2021-01-21T15:00:00+01:00,BE-TSO-0001,21X-BE-A-A0A0A-Y,Fluxys Belgium,VTP-00029,Zeebrugge Beach,21Z0000000000090,exit,kWh/h,,,17255356,2021-03-30T00:27:09+02:00,,Confirmed,,,,,False,,,False,PRISMA,,https://platform.prisma-capacity.eu/,,Trading Point,9,False
1Physical Flowhour2021-01-21 14:00:00 +00:002021-01-21 15:00:00 +00:00BE-TSO-0001VTP-00029exitkWh/h,1,Physical Flow,hour,2021-01-21T15:00:00+01:00,2021-01-21T16:00:00+01:00,BE-TSO-0001,21X-BE-A-A0A0A-Y,Fluxys Belgium,VTP-00029,Zeebrugge Beach,21Z0000000000090,exit,kWh/h,,,17225391,2021-03-30T00:27:09+02:00,,Confirmed,,,,,False,,,False,PRISMA,,https://platform.prisma-capacity.eu/,,Trading Point,9,False
1Physical Flowhour2021-01-21 15:00:00 +00:002021-01-21 16:00:00 +00:00BE-TSO-0001VTP-00029exitkWh/h,1,Physical Flow,hour,2021-01-21T16:00:00+01:00,2021-01-21T17:00:00+01:00,BE-TSO-0001,21X-BE-A-A0A0A-Y,Fluxys Belgium,VTP-00029,Zeebrugge Beach,21Z0000000000090,exit,kWh/h,,,17280842,2021-03-30T00:27:09+02:00,,Confirmed,,,,,False,,,False,PRISMA,,https://platform.prisma-capacity.eu/,,Trading Point,9,False
1Physical Flowhour2021-01-21 16:00:00 +00:002021-01-21 17:00:00 +00:00BE-TSO-0001VTP-00029exitkWh/h,1,Physical Flow,hour,2021-01-21T17:00:00+01:00,2021-01-21T18:00:00+01:00,BE-TSO-0001,21X-BE-A-A0A0A-Y,Fluxys Belgium,VTP-00029,Zeebrugge Beach,21Z0000000000090,exit,kWh/h,,,17211333,2021-03-30T00:27:09+02:00,,Confirmed,,,,,False,,,False,PRISMA,,https://platform.prisma-capacity.eu/,,Trading Point,9,False
1Physical Flowhour2021-01-21 17:00:00 +00:002021-01-21 18:00:00 +00:00BE-TSO-0001VTP-00029exitkWh/h,1,Physical Flow,hour,2021-01-21T18:00:00+01:00,2021-01-21T19:00:00+01:00,BE-TSO-0001,21X-BE-A-A0A0A-Y,Fluxys Belgium,VTP-00029,Zeebrugge Beach,21Z0000000000090,exit,kWh/h,,,17316650,2021-03-30T00:27:09+02:00,,Confirmed,,,,,False,,,False,PRISMA,,https://platform.prisma-capacity.eu/,,Trading Point,9,False
1Physical Flowhour2021-01-21 18:00:00 +00:002021-01-21 19:00:00 +00:00BE-TSO-0001VTP-00029exitkWh/h,1,Physical Flow,hour,2021-01-21T19:00:00+01:00,2021-01-21T20:00:00+01:00,BE-TSO-0001,21X-BE-A-A0A0A-Y,Fluxys Belgium,VTP-00029,Zeebrugge Beach,21Z0000000000090,exit,kWh/h,,,17327614,2021-03-30T00:27:09+02:00,,Confirmed,,,,,False,,,False,PRISMA,,https://platform.prisma-capacity.eu/,,Trading Point,9,False
1Physical Flowhour2021-01-21 19:00:00 +00:002021-01-21 20:00:00 +00:00BE-TSO-0001VTP-00029exitkWh/h,1,Physical Flow,hour,2021-01-21T20:00:00+01:00,2021-01-21T21:00:00+01:00,BE-TSO-0001,21X-BE-A-A0A0A-Y,Fluxys Belgium,VTP-00029,Zeebrugge Beach,21Z0000000000090,exit,kWh/h,,,17331088,2021-03-30T00:27:09+02:00,,Confirmed,,,,,False,,,False,PRISMA,,https://platform.prisma-capacity.eu/,,Trading Point,9,False
1Physical Flowhour2021-01-21 20:00:00 +00:002021-01-21 21:00:00 +00:00BE-TSO-0001VTP-00029exitkWh/h,1,Physical Flow,hour,2021-01-21T21:00:00+01:00,2021-01-21T22:00:00+01:00,BE-TSO-0001,21X-BE-A-A0A0A-Y,Fluxys Belgium,VTP-00029,Zeebrugge Beach,21Z0000000000090,exit,kWh/h,,,17322344,2021-03-30T00:27:09+02:00,,Confirmed,,,,,False,,,False,PRISMA,,https://platform.prisma-capacity.eu/,,Trading Point,9,False
1Physical Flowhour2021-01-21 21:00:00 +00:002021-01-21 22:00:00 +00:00BE-TSO-0001VTP-00029exitkWh/h,1,Physical Flow,hour,2021-01-21T22:00:00+01:00,2021-01-21T23:00:00+01:00,BE-TSO-0001,21X-BE-A-A0A0A-Y,Fluxys Belgium,VTP-00029,Zeebrugge Beach,21Z0000000000090,exit,kWh/h,,,17352119,2021-03-30T00:27:09+02:00,,Confirmed,,,,,False,,,False,PRISMA,,https://platform.prisma-capacity.eu/,,Trading Point,9,False
1Physical Flowhour2021-01-21 22:00:00 +00:002021-01-21 23:00:00 +00:00BE-TSO-0001VTP-00029exitkWh/h,1,Physical Flow,hour,2021-01-21T23:00:00+01:00,2021-01-22T00:00:00+01:00,BE-TSO-0001,21X-BE-A-A0A0A-Y,Fluxys Belgium,VTP-00029,Zeebrugge Beach,21Z0000000000090,exit,kWh/h,,,17336102,2021-03-30T00:27:09+02:00,,Confirmed,,,,,False,,,False,PRISMA,,https://platform.prisma-capacity.eu/,,Trading Point,9,False
1Physical Flowhour2021-01-21 23:00:00 +00:002021-01-22 00:00:00 +00:00BE-TSO-0001VTP-00029exitkWh/h,1,Physical Flow,hour,2021-01-22T00:00:00+01:00,2021-01-22T01:00:00+01:00,BE-TSO-0001,21X-BE-A-A0A0A-Y,Fluxys Belgium,VTP-00029,Zeebrugge Beach,21Z0000000000090,exit,kWh/h,,,17344657,2021-03-30T00:27:09+02:00,,Confirmed,,,,,False,,,False,PRISMA,,https://platform.prisma-capacity.eu/,,Trading Point,9,False
1Physical Flowhour2021-01-22 00:00:00 +00:002021-01-22 01:00:00 +00:00BE-TSO-0001VTP-00029exitkWh/h,1,Physical Flow,hour,2021-01-22T01:00:00+01:00,2021-01-22T02:00:00+01:00,BE-TSO-0001,21X-BE-A-A0A0A-Y,Fluxys Belgium,VTP-00029,Zeebrugge Beach,21Z0000000000090,exit,kWh/h,,,17365920,2021-03-30T00:27:09+02:00,,Confirmed,,,,,False,,,False,PRISMA,,https://platform.prisma-capacity.eu/,,Trading Point,9,False
1Physical Flowhour2021-01-22 01:00:00 +00:002021-01-22 02:00:00 +00:00BE-TSO-0001VTP-00029exitkWh/h,1,Physical Flow,hour,2021-01-22T02:00:00+01:00,2021-01-22T03:00:00+01:00,BE-TSO-0001,21X-BE-A-A0A0A-Y,Fluxys Belgium,VTP-00029,Zeebrugge Beach,21Z0000000000090,exit,kWh/h,,,17370819,2021-03-30T00:27:09+02:00,,Confirmed,,,,,False,,,False,PRISMA,,https://platform.prisma-capacity.eu/,,Trading Point,9,False
1Physical Flowhour2021-01-22 02:00:00 +00:002021-01-22 03:00:00 +00:00BE-TSO-0001VTP-00029exitkWh/h,1,Physical Flow,hour,2021-01-22T03:00:00+01:00,2021-01-22T04:00:00+01:00,BE-TSO-0001,21X-BE-A-A0A0A-Y,Fluxys Belgium,VTP-00029,Zeebrugge Beach,21Z0000000000090,exit,kWh/h,,,17410804,2021-03-30T00:27:09+02:00,,Confirmed,,,,,False,,,False,PRISMA,,https://platform.prisma-capacity.eu/,,Trading Point,9,False
1Physical Flowhour2021-01-22 03:00:00 +00:002021-01-22 04:00:00 +00:00BE-TSO-0001VTP-00029exitkWh/h,1,Physical Flow,hour,2021-01-22T04:00:00+01:00,2021-01-22T05:00:00+01:00,BE-TSO-0001,21X-BE-A-A0A0A-Y,Fluxys Belgium,VTP-00029,Zeebrugge Beach,21Z0000000000090,exit,kWh/h,,,17350245,2021-03-30T00:27:09+02:00,,Confirmed,,,,,False,,,False,PRISMA,,https://platform.prisma-capacity.eu/,,Trading Point,9,False
1Physical Flowhour2021-01-22 04:00:00 +00:002021-01-22 05:00:00 +00:00BE-TSO-0001VTP-00029exitkWh/h,1,Physical Flow,hour,2021-01-22T05:00:00+01:00,2021-01-22T06:00:00+01:00,BE-TSO-0001,21X-BE-A-A0A0A-Y,Fluxys Belgium,VTP-00029,Zeebrugge Beach,21Z0000000000090,exit,kWh/h,,,17311520,2021-03-30T00:27:09+02:00,,Confirmed,,,,,False,,,False,PRISMA,,https://platform.prisma-capacity.eu/,,Trading Point,9,False
1Physical Flowhour2021-01-22 05:00:00 +00:002021-01-22 06:00:00 +00:00BE-TSO-0001VTP-00029exitkWh/h,1,Physical Flow,hour,2021-01-22T06:00:00+01:00,2021-01-22T07:00:00+01:00,BE-TSO-0001,21X-BE-A-A0A0A-Y,Fluxys Belgium,VTP-00029,Zeebrugge Beach,21Z0000000000090,exit,kWh/h,,,20377904,2021-03-30T00:27:09+02:00,,Confirmed,,,,,False,,,False,PRISMA,,https://platform.prisma-capacity.eu/,,Trading Point,9,False
1Physical Flowhour2021-01-22 06:00:00 +00:002021-01-22 07:00:00 +00:00BE-TSO-0001VTP-00029exitkWh/h,1,Physical Flow,hour,2021-01-22T07:00:00+01:00,2021-01-22T08:00:00+01:00,BE-TSO-0001,21X-BE-A-A0A0A-Y,Fluxys Belgium,VTP-00029,Zeebrugge Beach,21Z0000000000090,exit,kWh/h,,,20099868,2021-03-30T00:27:09+02:00,,Confirmed,,,,,False,,,False,PRISMA,,https://platform.prisma-capacity.eu/,,Trading Point,9,False
1Physical Flowhour2021-01-22 07:00:00 +00:002021-01-22 08:00:00 +00:00BE-TSO-0001VTP-00029exitkWh/h,1,Physical Flow,hour,2021-01-22T08:00:00+01:00,2021-01-22T09:00:00+01:00,BE-TSO-0001,21X-BE-A-A0A0A-Y,Fluxys Belgium,VTP-00029,Zeebrugge Beach,21Z0000000000090,exit,kWh/h,,,20059202,2021-03-30T00:27:09+02:00,,Confirmed,,,,,False,,,False,PRISMA,,https://platform.prisma-capacity.eu/,,Trading Point,9,False
1Physical Flowhour2021-01-22 08:00:00 +00:002021-01-22 09:00:00 +00:00BE-TSO-0001VTP-00029exitkWh/h,1,Physical Flow,hour,2021-01-22T09:00:00+01:00,2021-01-22T10:00:00+01:00,BE-TSO-0001,21X-BE-A-A0A0A-Y,Fluxys Belgium,VTP-00029,Zeebrugge Beach,21Z0000000000090,exit,kWh/h,,,20189272,2021-03-30T00:27:09+02:00,,Confirmed,,,,,False,,,False,PRISMA,,https://platform.prisma-capacity.eu/,,Trading Point,9,False
1Physical Flowhour2021-01-22 09:00:00 +00:002021-01-22 10:00:00 +00:00BE-TSO-0001VTP-00029exitkWh/h,1,Physical Flow,hour,2021-01-22T10:00:00+01:00,2021-01-22T11:00:00+01:00,BE-TSO-0001,21X-BE-A-A0A0A-Y,Fluxys Belgium,VTP-00029,Zeebrugge Beach,21Z0000000000090,exit,kWh/h,,,20052414,2021-03-30T00:27:09+02:00,,Confirmed,,,,,False,,,False,PRISMA,,https://platform.prisma-capacity.eu/,,Trading Point,9,False
1Physical Flowhour2021-01-22 10:00:00 +00:002021-01-22 11:00:00 +00:00BE-TSO-0001VTP-00029exitkWh/h,1,Physical Flow,hour,2021-01-22T11:00:00+01:00,2021-01-22T12:00:00+01:00,BE-TSO-0001,21X-BE-A-A0A0A-Y,Fluxys Belgium,VTP-00029,Zeebrugge Beach,21Z0000000000090,exit,kWh/h,,,20120002,2021-03-30T00:27:09+02:00,,Confirmed,,,,,False,,,False,PRISMA,,https://platform.prisma-capacity.eu/,,Trading Point,9,False
1Physical Flowhour2021-01-22 11:00:00 +00:002021-01-22 12:00:00 +00:00BE-TSO-0001VTP-00029exitkWh/h,1,Physical Flow,hour,2021-01-22T12:00:00+01:00,2021-01-22T13:00:00+01:00,BE-TSO-0001,21X-BE-A-A0A0A-Y,Fluxys Belgium,VTP-00029,Zeebrugge Beach,21Z0000000000090,exit,kWh/h,,,20117171,2021-03-30T00:27:09+02:00,,Confirmed,,,,,False,,,False,PRISMA,,https://platform.prisma-capacity.eu/,,Trading Point,9,False
1Physical Flowhour2021-01-22 12:00:00 +00:002021-01-22 13:00:00 +00:00BE-TSO-0001VTP-00029exitkWh/h,1,Physical Flow,hour,2021-01-22T13:00:00+01:00,2021-01-22T14:00:00+01:00,BE-TSO-0001,21X-BE-A-A0A0A-Y,Fluxys Belgium,VTP-00029,Zeebrugge Beach,21Z0000000000090,exit,kWh/h,,,20122815,2021-03-30T00:27:09+02:00,,Confirmed,,,,,False,,,False,PRISMA,,https://platform.prisma-capacity.eu/,,Trading Point,9,False
1Physical Flowhour2021-01-22 13:00:00 +00:002021-01-22 14:00:00 +00:00BE-TSO-0001VTP-00029exitkWh/h,1,Physical Flow,hour,2021-01-22T14:00:00+01:00,2021-01-22T15:00:00+01:00,BE-TSO-0001,21X-BE-A-A0A0A-Y,Fluxys Belgium,VTP-00029,Zeebrugge Beach,21Z0000000000090,exit,kWh/h,,,20116160,2021-03-30T00:27:09+02:00,,Confirmed,,,,,False,,,False,PRISMA,,https://platform.prisma-capacity.eu/,,Trading Point,9,False
1Physical Flowhour2021-01-22 14:00:00 +00:002021-01-22 15:00:00 +00:00BE-TSO-0001VTP-00029exitkWh/h,1,Physical Flow,hour,2021-01-22T15:00:00+01:00,2021-01-22T16:00:00+01:00,BE-TSO-0001,21X-BE-A-A0A0A-Y,Fluxys Belgium,VTP-00029,Zeebrugge Beach,21Z0000000000090,exit,kWh/h,,,20119056,2021-03-30T00:27:09+02:00,,Confirmed,,,,,False,,,False,PRISMA,,https://platform.prisma-capacity.eu/,,Trading Point,9,False
1Physical Flowhour2021-01-22 15:00:00 +00:002021-01-22 16:00:00 +00:00BE-TSO-0001VTP-00029exitkWh/h,1,Physical Flow,hour,2021-01-22T16:00:00+01:00,2021-01-22T17:00:00+01:00,BE-TSO-0001,21X-BE-A-A0A0A-Y,Fluxys Belgium,VTP-00029,Zeebrugge Beach,21Z0000000000090,exit,kWh/h,,,20120692,2021-03-30T00:27:09+02:00,,Confirmed,,,,,False,,,False,PRISMA,,https://platform.prisma-capacity.eu/,,Trading Point,9,False
1Physical Flowhour2021-01-22 16:00:00 +00:002021-01-22 17:00:00 +00:00BE-TSO-0001VTP-00029exitkWh/h,1,Physical Flow,hour,2021-01-22T17:00:00+01:00,2021-01-22T18:00:00+01:00,BE-TSO-0001,21X-BE-A-A0A0A-Y,Fluxys Belgium,VTP-00029,Zeebrugge Beach,21Z0000000000090,exit,kWh/h,,,20117631,2021-03-30T00:27:09+02:00,,Confirmed,,,,,False,,,False,PRISMA,,https://platform.prisma-capacity.eu/,,Trading Point,9,False
1Physical Flowhour2021-01-22 17:00:00 +00:002021-01-22 18:00:00 +00:00BE-TSO-0001VTP-00029exitkWh/h,1,Physical Flow,hour,2021-01-22T18:00:00+01:00,2021-01-22T19:00:00+01:00,BE-TSO-0001,21X-BE-A-A0A0A-Y,Fluxys Belgium,VTP-00029,Zeebrugge Beach,21Z0000000000090,exit,kWh/h,,,20120689,2021-03-30T00:27:09+02:00,,Confirmed,,,,,False,,,False,PRISMA,,https://platform.prisma-capacity.eu/,,Trading Point,9,False
1Physical Flowhour2021-01-22 18:00:00 +00:002021-01-22 19:00:00 +00:00BE-TSO-0001VTP-00029exitkWh/h,1,Physical Flow,hour,2021-01-22T19:00:00+01:00,2021-01-22T20:00:00+01:00,BE-TSO-0001,21X-BE-A-A0A0A-Y,Fluxys Belgium,VTP-00029,Zeebrugge Beach,21Z0000000000090,exit,kWh/h,,,20118439,2021-03-30T00:27:09+02:00,,Confirmed,,,,,False,,,False,PRISMA,,https://platform.prisma-capacity.eu/,,Trading Point,9,False
1Physical Flowhour2021-01-22 19:00:00 +00:002021-01-22 20:00:00 +00:00BE-TSO-0001VTP-00029exitkWh/h,1,Physical Flow,hour,2021-01-22T20:00:00+01:00,2021-01-22T21:00:00+01:00,BE-TSO-0001,21X-BE-A-A0A0A-Y,Fluxys Belgium,VTP-00029,Zeebrugge Beach,21Z0000000000090,exit,kWh/h,,,20092934,2021-03-30T00:27:09+02:00,,Confirmed,,,,,False,,,False,PRISMA,,https://platform.prisma-capacity.eu/,,Trading Point,9,False
1Physical Flowhour2021-01-22 20:00:00 +00:002021-01-22 21:00:00 +00:00BE-TSO-0001VTP-00029exitkWh/h,1,Physical Flow,hour,2021-01-22T21:00:00+01:00,2021-01-22T22:00:00+01:00,BE-TSO-0001,21X-BE-A-A0A0A-Y,Fluxys Belgium,VTP-00029,Zeebrugge Beach,21Z0000000000090,exit,kWh/h,,,20147189,2021-03-30T00:27:09+02:00,,Confirmed,,,,,False,,,False,PRISMA,,https://platform.prisma-capacity.eu/,,Trading Point,9,False
1Physical Flowhour2021-01-22 21:00:00 +00:002021-01-22 22:00:00 +00:00BE-TSO-0001VTP-00029exitkWh/h,1,Physical Flow,hour,2021-01-22T22:00:00+01:00,2021-01-22T23:00:00+01:00,BE-TSO-0001,21X-BE-A-A0A0A-Y,Fluxys Belgium,VTP-00029,Zeebrugge Beach,21Z0000000000090,exit,kWh/h,,,20118888,2021-03-30T00:27:09+02:00,,Confirmed,,,,,False,,,False,PRISMA,,https://platform.prisma-capacity.eu/,,Trading Point,9,False
1Physical Flowhour2021-01-22 22:00:00 +00:002021-01-22 23:00:00 +00:00BE-TSO-0001VTP-00029exitkWh/h,1,Physical Flow,hour,2021-01-22T23:00:00+01:00,2021-01-23T00:00:00+01:00,BE-TSO-0001,21X-BE-A-A0A0A-Y,Fluxys Belgium,VTP-00029,Zeebrugge Beach,21Z0000000000090,exit,kWh/h,,,20119472,2021-03-30T00:27:09+02:00,,Confirmed,,,,,False,,,False,PRISMA,,https://platform.prisma-capacity.eu/,,Trading Point,9,False
1Physical Flowhour2021-01-22 23:00:00 +00:002021-01-23 00:00:00 +00:00BE-TSO-0001VTP-00029exitkWh/h,1,Physical Flow,hour,2021-01-23T00:00:00+01:00,2021-01-23T01:00:00+01:00,BE-TSO-0001,21X-BE-A-A0A0A-Y,Fluxys Belgium,VTP-00029,Zeebrugge Beach,21Z0000000000090,exit,kWh/h,,,20121634,2021-03-30T00:27:09+02:00,,Confirmed,,,,,False,,,False,PRISMA,,https://platform.prisma-capacity.eu/,,Trading Point,9,False
1Physical Flowhour2021-01-23 00:00:00 +00:002021-01-23 01:00:00 +00:00BE-TSO-0001VTP-00029exitkWh/h,1,Physical Flow,hour,2021-01-23T01:00:00+01:00,2021-01-23T02:00:00+01:00,BE-TSO-0001,21X-BE-A-A0A0A-Y,Fluxys Belgium,VTP-00029,Zeebrugge Beach,21Z0000000000090,exit,kWh/h,,,20118764,2021-03-30T00:27:09+02:00,,Confirmed,,,,,False,,,False,PRISMA,,https://platform.prisma-capacity.eu/,,Trading Point,9,False
1Physical Flowhour2021-01-23 01:00:00 +00:002021-01-23 02:00:00 +00:00BE-TSO-0001VTP-00029exitkWh/h,1,Physical Flow,hour,2021-01-23T02:00:00+01:00,2021-01-23T03:00:00+01:00,BE-TSO-0001,21X-BE-A-A0A0A-Y,Fluxys Belgium,VTP-00029,Zeebrugge Beach,21Z0000000000090,exit,kWh/h,,,20118154,2021-03-30T00:27:09+02:00,,Confirmed,,,,,False,,,False,PRISMA,,https://platform.prisma-capacity.eu/,,Trading Point,9,False
1Physical Flowhour2021-01-23 02:00:00 +00:002021-01-23 03:00:00 +00:00BE-TSO-0001VTP-00029exitkWh/h,1,Physical Flow,hour,2021-01-23T03:00:00+01:00,2021-01-23T04:00:00+01:00,BE-TSO-0001,21X-BE-A-A0A0A-Y,Fluxys Belgium,VTP-00029,Zeebrugge Beach,21Z0000000000090,exit,kWh/h,,,20120465,2021-03-30T00:27:09+02:00,,Confirmed,,,,,False,,,False,PRISMA,,https://platform.prisma-capacity.eu/,,Trading Point,9,False
1Physical Flowhour2021-01-23 03:00:00 +00:002021-01-23 04:00:00 +00:00BE-TSO-0001VTP-00029exitkWh/h,1,Physical Flow,hour,2021-01-23T04:00:00+01:00,2021-01-23T05:00:00+01:00,BE-TSO-0001,21X-BE-A-A0A0A-Y,Fluxys Belgium,VTP-00029,Zeebrugge Beach,21Z0000000000090,exit,kWh/h,,,20121002,2021-03-30T00:27:09+02:00,,Confirmed,,,,,False,,,False,PRISMA,,https://platform.prisma-capacity.eu/,,Trading Point,9,False
1Physical Flowhour2021-01-23 04:00:00 +00:002021-01-23 05:00:00 +00:00BE-TSO-0001VTP-00029exitkWh/h,1,Physical Flow,hour,2021-01-23T05:00:00+01:00,2021-01-23T06:00:00+01:00,BE-TSO-0001,21X-BE-A-A0A0A-Y,Fluxys Belgium,VTP-00029,Zeebrugge Beach,21Z0000000000090,exit,kWh/h,,,20123685,2021-03-30T00:27:09+02:00,,Confirmed,,,,,False,,,False,PRISMA,,https://platform.prisma-capacity.eu/,,Trading Point,9,False
1Physical Flowhour2021-01-23 05:00:00 +00:002021-01-23 06:00:00 +00:00BE-TSO-0001VTP-00029exitkWh/h,1,Physical Flow,hour,2021-01-23T06:00:00+01:00,2021-01-23T07:00:00+01:00,BE-TSO-0001,21X-BE-A-A0A0A-Y,Fluxys Belgium,VTP-00029,Zeebrugge Beach,21Z0000000000090,exit,kWh/h,,,20188602,2021-03-30T00:27:09+02:00,,Confirmed,,,,,False,,,False,PRISMA,,https://platform.prisma-capacity.eu/,,Trading Point,9,False
1Physical Flowhour2021-01-23 06:00:00 +00:002021-01-23 07:00:00 +00:00BE-TSO-0001VTP-00029exitkWh/h,1,Physical Flow,hour,2021-01-23T07:00:00+01:00,2021-01-23T08:00:00+01:00,BE-TSO-0001,21X-BE-A-A0A0A-Y,Fluxys Belgium,VTP-00029,Zeebrugge Beach,21Z0000000000090,exit,kWh/h,,,20000348,2021-03-30T00:27:09+02:00,,Confirmed,,,,,False,,,False,PRISMA,,https://platform.prisma-capacity.eu/,,Trading Point,9,False
1Physical Flowhour2021-01-23 07:00:00 +00:002021-01-23 08:00:00 +00:00BE-TSO-0001VTP-00029exitkWh/h,1,Physical Flow,hour,2021-01-23T08:00:00+01:00,2021-01-23T09:00:00+01:00,BE-TSO-0001,21X-BE-A-A0A0A-Y,Fluxys Belgium,VTP-00029,Zeebrugge Beach,21Z0000000000090,exit,kWh/h,,,12526141,2021-03-30T00:27:09+02:00,,Confirmed,,,,,False,,,False,PRISMA,,https://platform.prisma-capacity.eu/,,Trading Point,9,False
1Physical Flowhour2021-01-23 08:00:00 +00:002021-01-23 09:00:00 +00:00BE-TSO-0001VTP-00029exitkWh/h,1,Physical Flow,hour,2021-01-23T09:00:00+01:00,2021-01-23T10:00:00+01:00,BE-TSO-0001,21X-BE-A-A0A0A-Y,Fluxys Belgium,VTP-00029,Zeebrugge Beach,21Z0000000000090,exit,kWh/h,,,1150597,2021-03-30T00:27:09+02:00,,Confirmed,,,,,False,,,False,PRISMA,,https://platform.prisma-capacity.eu/,,Trading Point,9,False
1Physical Flowhour2021-01-23 09:00:00 +00:002021-01-23 10:00:00 +00:00BE-TSO-0001VTP-00029exitkWh/h,1,Physical Flow,hour,2021-01-23T10:00:00+01:00,2021-01-23T11:00:00+01:00,BE-TSO-0001,21X-BE-A-A0A0A-Y,Fluxys Belgium,VTP-00029,Zeebrugge Beach,21Z0000000000090,exit,kWh/h,,,22799072,2021-03-30T00:27:09+02:00,,Confirmed,,,,,False,,,False,PRISMA,,https://platform.prisma-capacity.eu/,,Trading Point,9,False
1Physical Flowhour2021-01-23 10:00:00 +00:002021-01-23 11:00:00 +00:00BE-TSO-0001VTP-00029exitkWh/h,1,Physical Flow,hour,2021-01-23T11:00:00+01:00,2021-01-23T12:00:00+01:00,BE-TSO-0001,21X-BE-A-A0A0A-Y,Fluxys Belgium,VTP-00029,Zeebrugge Beach,21Z0000000000090,exit,kWh/h,,,23601098,2021-03-30T00:27:09+02:00,,Confirmed,,,,,False,,,False,PRISMA,,https://platform.prisma-capacity.eu/,,Trading Point,9,False
1Physical Flowhour2021-01-23 11:00:00 +00:002021-01-23 12:00:00 +00:00BE-TSO-0001VTP-00029exitkWh/h,1,Physical Flow,hour,2021-01-23T12:00:00+01:00,2021-01-23T13:00:00+01:00,BE-TSO-0001,21X-BE-A-A0A0A-Y,Fluxys Belgium,VTP-00029,Zeebrugge Beach,21Z0000000000090,exit,kWh/h,,,22801174,2021-03-30T00:27:09+02:00,,Confirmed,,,,,False,,,False,PRISMA,,https://platform.prisma-capacity.eu/,,Trading Point,9,False
1Physical Flowhour2021-01-23 12:00:00 +00:002021-01-23 13:00:00 +00:00BE-TSO-0001VTP-00029exitkWh/h,1,Physical Flow,hour,2021-01-23T13:00:00+01:00,2021-01-23T14:00:00+01:00,BE-TSO-0001,21X-BE-A-A0A0A-Y,Fluxys Belgium,VTP-00029,Zeebrugge Beach,21Z0000000000090,exit,kWh/h,,,21579760,2021-03-30T00:27:09+02:00,,Confirmed,,,,,False,,,False,PRISMA,,https://platform.prisma-capacity.eu/,,Trading Point,9,False
1Physical Flowhour2021-01-23 13:00:00 +00:002021-01-23 14:00:00 +00:00BE-TSO-0001VTP-00029exitkWh/h,1,Physical Flow,hour,2021-01-23T14:00:00+01:00,2021-01-23T15:00:00+01:00,BE-TSO-0001,21X-BE-A-A0A0A-Y,Fluxys Belgium,VTP-00029,Zeebrugge Beach,21Z0000000000090,exit,kWh/h,,,21261761,2021-03-30T00:27:09+02:00,,Confirmed,,,,,False,,,False,PRISMA,,https://platform.prisma-capacity.eu/,,Trading Point,9,False
1Physical Flowhour2021-01-23 14:00:00 +00:002021-01-23 15:00:00 +00:00BE-TSO-0001VTP-00029exitkWh/h,1,Physical Flow,hour,2021-01-23T15:00:00+01:00,2021-01-23T16:00:00+01:00,BE-TSO-0001,21X-BE-A-A0A0A-Y,Fluxys Belgium,VTP-00029,Zeebrugge Beach,21Z0000000000090,exit,kWh/h,,,21244332,2021-03-30T00:27:09+02:00,,Confirmed,,,,,False,,,False,PRISMA,,https://platform.prisma-capacity.eu/,,Trading Point,9,False
1Physical Flowhour2021-01-23 15:00:00 +00:002021-01-23 16:00:00 +00:00BE-TSO-0001VTP-00029exitkWh/h,1,Physical Flow,hour,2021-01-23T16:00:00+01:00,2021-01-23T17:00:00+01:00,BE-TSO-0001,21X-BE-A-A0A0A-Y,Fluxys Belgium,VTP-00029,Zeebrugge Beach,21Z0000000000090,exit,kWh/h,,,21241753,2021-03-30T00:27:09+02:00,,Confirmed,,,,,False,,,False,PRISMA,,https://platform.prisma-capacity.eu/,,Trading Point,9,False
1Physical Flowhour2021-01-23 16:00:00 +00:002021-01-23 17:00:00 +00:00BE-TSO-0001VTP-00029exitkWh/h,1,Physical Flow,hour,2021-01-23T17:00:00+01:00,2021-01-23T18:00:00+01:00,BE-TSO-0001,21X-BE-A-A0A0A-Y,Fluxys Belgium,VTP-00029,Zeebrugge Beach,21Z0000000000090,exit,kWh/h,,,21239959,2021-03-30T00:27:09+02:00,,Confirmed,,,,,False,,,False,PRISMA,,https://platform.prisma-capacity.eu/,,Trading Point,9,False
1Physical Flowhour2021-01-23 17:00:00 +00:002021-01-23 18:00:00 +00:00BE-TSO-0001VTP-00029exitkWh/h,1,Physical Flow,hour,2021-01-23T18:00:00+01:00,2021-01-23T19:00:00+01:00,BE-TSO-0001,21X-BE-A-A0A0A-Y,Fluxys Belgium,VTP-00029,Zeebrugge Beach,21Z0000000000090,exit,kWh/h,,,21239669,2021-03-30T00:27:09+02:00,,Confirmed,,,,,False,,,False,PRISMA,,https://platform.prisma-capacity.eu/,,Trading Point,9,False
1Physical Flowhour2021-01-23 18:00:00 +00:002021-01-23 19:00:00 +00:00BE-TSO-0001VTP-00029exitkWh/h,1,Physical Flow,hour,2021-01-23T19:00:00+01:00,2021-01-23T20:00:00+01:00,BE-TSO-0001,21X-BE-A-A0A0A-Y,Fluxys Belgium,VTP-00029,Zeebrugge Beach,21Z0000000000090,exit,kWh/h,,,21223522,2021-03-30T00:27:09+02:00,,Confirmed,,,,,False,,,False,PRISMA,,https://platform.prisma-capacity.eu/,,Trading Point,9,False
1Physical Flowhour2021-01-23 19:00:00 +00:002021-01-23 20:00:00 +00:00BE-TSO-0001VTP-00029exitkWh/h,1,Physical Flow,hour,2021-01-23T20:00:00+01:00,2021-01-23T21:00:00+01:00,BE-TSO-0001,21X-BE-A-A0A0A-Y,Fluxys Belgium,VTP-00029,Zeebrugge Beach,21Z0000000000090,exit,kWh/h,,,21227747,2021-03-30T00:27:09+02:00,,Confirmed,,,,,False,,,False,PRISMA,,https://platform.prisma-capacity.eu/,,Trading Point,9,False
1Physical Flowhour2021-01-23 20:00:00 +00:002021-01-23 21:00:00 +00:00BE-TSO-0001VTP-00029exitkWh/h,1,Physical Flow,hour,2021-01-23T21:00:00+01:00,2021-01-23T22:00:00+01:00,BE-TSO-0001,21X-BE-A-A0A0A-Y,Fluxys Belgium,VTP-00029,Zeebrugge Beach,21Z0000000000090,exit,kWh/h,,,21232812,2021-03-30T00:27:09+02:00,,Confirmed,,,,,False,,,False,PRISMA,,https://platform.prisma-capacity.eu/,,Trading Point,9,False
1Physical Flowhour2021-01-23 21:00:00 +00:002021-01-23 22:00:00 +00:00BE-TSO-0001VTP-00029exitkWh/h,1,Physical Flow,hour,2021-01-23T22:00:00+01:00,2021-01-23T23:00:00+01:00,BE-TSO-0001,21X-BE-A-A0A0A-Y,Fluxys Belgium,VTP-00029,Zeebrugge Beach,21Z0000000000090,exit,kWh/h,,,21238878,2021-03-30T00:27:09+02:00,,Confirmed,,,,,False,,,False,PRISMA,,https://platform.prisma-capacity.eu/,,Trading Point,9,False
1Physical Flowhour2021-01-23 22:00:00 +00:002021-01-23 23:00:00 +00:00BE-TSO-0001VTP-00029exitkWh/h,1,Physical Flow,hour,2021-01-23T23:00:00+01:00,2021-01-24T00:00:00+01:00,BE-TSO-0001,21X-BE-A-A0A0A-Y,Fluxys Belgium,VTP-00029,Zeebrugge Beach,21Z0000000000090,exit,kWh/h,,,21197909,2021-03-30T00:27:09+02:00,,Confirmed,,,,,False,,,False,PRISMA,,https://platform.prisma-capacity.eu/,,Trading Point,9,False
1Physical Flowhour2021-01-23 23:00:00 +00:002021-01-24 00:00:00 +00:00BE-TSO-0001VTP-00029exitkWh/h,1,Physical Flow,hour,2021-01-24T00:00:00+01:00,2021-01-24T01:00:00+01:00,BE-TSO-0001,21X-BE-A-A0A0A-Y,Fluxys Belgium,VTP-00029,Zeebrugge Beach,21Z0000000000090,exit,kWh/h,,,21185413,2021-03-30T00:27:09+02:00,,Confirmed,,,,,False,,,False,PRISMA,,https://platform.prisma-capacity.eu/,,Trading Point,9,False
1Physical Flowhour2021-01-24 00:00:00 +00:002021-01-24 01:00:00 +00:00BE-TSO-0001VTP-00029exitkWh/h,1,Physical Flow,hour,2021-01-24T01:00:00+01:00,2021-01-24T02:00:00+01:00,BE-TSO-0001,21X-BE-A-A0A0A-Y,Fluxys Belgium,VTP-00029,Zeebrugge Beach,21Z0000000000090,exit,kWh/h,,,21188332,2021-03-30T00:27:09+02:00,,Confirmed,,,,,False,,,False,PRISMA,,https://platform.prisma-capacity.eu/,,Trading Point,9,False
1Physical Flowhour2021-01-24 01:00:00 +00:002021-01-24 02:00:00 +00:00BE-TSO-0001VTP-00029exitkWh/h,1,Physical Flow,hour,2021-01-24T02:00:00+01:00,2021-01-24T03:00:00+01:00,BE-TSO-0001,21X-BE-A-A0A0A-Y,Fluxys Belgium,VTP-00029,Zeebrugge Beach,21Z0000000000090,exit,kWh/h,,,21186771,2021-03-30T00:27:09+02:00,,Confirmed,,,,,False,,,False,PRISMA,,https://platform.prisma-capacity.eu/,,Trading Point,9,False
1Physical Flowhour2021-01-24 02:00:00 +00:002021-01-24 03:00:00 +00:00BE-TSO-0001VTP-00029exitkWh/h,1,Physical Flow,hour,2021-01-24T03:00:00+01:00,2021-01-24T04:00:00+01:00,BE-TSO-0001,21X-BE-A-A0A0A-Y,Fluxys Belgium,VTP-00029,Zeebrugge Beach,21Z0000000000090,exit,kWh/h,,,21187616,2021-03-30T00:27:09+02:00,,Confirmed,,,,,False,,,False,PRISMA,,https://platform.prisma-capacity.eu/,,Trading Point,9,False
1Physical Flowhour2021-01-24 03:00:00 +00:002021-01-24 04:00:00 +00:00BE-TSO-0001VTP-00029exitkWh/h,1,Physical Flow,hour,2021-01-24T04:00:00+01:00,2021-01-24T05:00:00+01:00,BE-TSO-0001,21X-BE-A-A0A0A-Y,Fluxys Belgium,VTP-00029,Zeebrugge Beach,21Z0000000000090,exit,kWh/h,,,21169888,2021-03-30T00:27:09+02:00,,Confirmed,,,,,False,,,False,PRISMA,,https://platform.prisma-capacity.eu/,,Trading Point,9,False
1Physical Flowhour2021-01-24 04:00:00 +00:002021-01-24 05:00:00 +00:00BE-TSO-0001VTP-00029exitkWh/h,1,Physical Flow,hour,2021-01-24T05:00:00+01:00,2021-01-24T06:00:00+01:00,BE-TSO-0001,21X-BE-A-A0A0A-Y,Fluxys Belgium,VTP-00029,Zeebrugge Beach,21Z0000000000090,exit,kWh/h,,,21115651,2021-03-30T00:27:09+02:00,,Confirmed,,,,,False,,,False,PRISMA,,https://platform.prisma-capacity.eu/,,Trading Point,9,False
1Physical Flowhour2021-01-24 05:00:00 +00:002021-01-24 06:00:00 +00:00BE-TSO-0001VTP-00029exitkWh/h,1,Physical Flow,hour,2021-01-24T06:00:00+01:00,2021-01-24T07:00:00+01:00,BE-TSO-0001,21X-BE-A-A0A0A-Y,Fluxys Belgium,VTP-00029,Zeebrugge Beach,21Z0000000000090,exit,kWh/h,,,20307768,2021-03-30T00:27:09+02:00,,Confirmed,,,,,False,,,False,PRISMA,,https://platform.prisma-capacity.eu/,,Trading Point,9,False
1Physical Flowhour2021-01-24 06:00:00 +00:002021-01-24 07:00:00 +00:00BE-TSO-0001VTP-00029exitkWh/h,1,Physical Flow,hour,2021-01-24T07:00:00+01:00,2021-01-24T08:00:00+01:00,BE-TSO-0001,21X-BE-A-A0A0A-Y,Fluxys Belgium,VTP-00029,Zeebrugge Beach,21Z0000000000090,exit,kWh/h,,,20282287,2021-03-30T00:27:09+02:00,,Confirmed,,,,,False,,,False,PRISMA,,https://platform.prisma-capacity.eu/,,Trading Point,9,False
1Physical Flowhour2021-01-24 07:00:00 +00:002021-01-24 08:00:00 +00:00BE-TSO-0001VTP-00029exitkWh/h,1,Physical Flow,hour,2021-01-24T08:00:00+01:00,2021-01-24T09:00:00+01:00,BE-TSO-0001,21X-BE-A-A0A0A-Y,Fluxys Belgium,VTP-00029,Zeebrugge Beach,21Z0000000000090,exit,kWh/h,,,20284783,2021-03-30T00:27:09+02:00,,Confirmed,,,,,False,,,False,PRISMA,,https://platform.prisma-capacity.eu/,,Trading Point,9,False
1Physical Flowhour2021-01-24 08:00:00 +00:002021-01-24 09:00:00 +00:00BE-TSO-0001VTP-00029exitkWh/h,1,Physical Flow,hour,2021-01-24T09:00:00+01:00,2021-01-24T10:00:00+01:00,BE-TSO-0001,21X-BE-A-A0A0A-Y,Fluxys Belgium,VTP-00029,Zeebrugge Beach,21Z0000000000090,exit,kWh/h,,,19754007,2021-03-30T00:27:09+02:00,,Confirmed,,,,,False,,,False,PRISMA,,https://platform.prisma-capacity.eu/,,Trading Point,9,False
1Physical Flowhour2021-01-24 09:00:00 +00:002021-01-24 10:00:00 +00:00BE-TSO-0001VTP-00029exitkWh/h,1,Physical Flow,hour,2021-01-24T10:00:00+01:00,2021-01-24T11:00:00+01:00,BE-TSO-0001,21X-BE-A-A0A0A-Y,Fluxys Belgium,VTP-00029,Zeebrugge Beach,21Z0000000000090,exit,kWh/h,,,20081809,2021-03-30T00:27:09+02:00,,Confirmed,,,,,False,,,False,PRISMA,,https://platform.prisma-capacity.eu/,,Trading Point,9,False
1Physical Flowhour2021-01-24 10:00:00 +00:002021-01-24 11:00:00 +00:00BE-TSO-0001VTP-00029exitkWh/h,1,Physical Flow,hour,2021-01-24T11:00:00+01:00,2021-01-24T12:00:00+01:00,BE-TSO-0001,21X-BE-A-A0A0A-Y,Fluxys Belgium,VTP-00029,Zeebrugge Beach,21Z0000000000090,exit,kWh/h,,,20142857,2021-03-30T00:27:09+02:00,,Confirmed,,,,,False,,,False,PRISMA,,https://platform.prisma-capacity.eu/,,Trading Point,9,False
1Physical Flowhour2021-01-24 11:00:00 +00:002021-01-24 12:00:00 +00:00BE-TSO-0001VTP-00029exitkWh/h,1,Physical Flow,hour,2021-01-24T12:00:00+01:00,2021-01-24T13:00:00+01:00,BE-TSO-0001,21X-BE-A-A0A0A-Y,Fluxys Belgium,VTP-00029,Zeebrugge Beach,21Z0000000000090,exit,kWh/h,,,20136416,2021-03-30T00:27:09+02:00,,Confirmed,,,,,False,,,False,PRISMA,,https://platform.prisma-capacity.eu/,,Trading Point,9,False
1Physical Flowhour2021-01-24 12:00:00 +00:002021-01-24 13:00:00 +00:00BE-TSO-0001VTP-00029exitkWh/h,1,Physical Flow,hour,2021-01-24T13:00:00+01:00,2021-01-24T14:00:00+01:00,BE-TSO-0001,21X-BE-A-A0A0A-Y,Fluxys Belgium,VTP-00029,Zeebrugge Beach,21Z0000000000090,exit,kWh/h,,,20109239,2021-03-30T00:27:09+02:00,,Confirmed,,,,,False,,,False,PRISMA,,https://platform.prisma-capacity.eu/,,Trading Point,9,False
1Physical Flowhour2021-01-24 13:00:00 +00:002021-01-24 14:00:00 +00:00BE-TSO-0001VTP-00029exitkWh/h,1,Physical Flow,hour,2021-01-24T14:00:00+01:00,2021-01-24T15:00:00+01:00,BE-TSO-0001,21X-BE-A-A0A0A-Y,Fluxys Belgium,VTP-00029,Zeebrugge Beach,21Z0000000000090,exit,kWh/h,,,20135627,2021-03-30T00:27:09+02:00,,Confirmed,,,,,False,,,False,PRISMA,,https://platform.prisma-capacity.eu/,,Trading Point,9,False
1Physical Flowhour2021-01-24 14:00:00 +00:002021-01-24 15:00:00 +00:00BE-TSO-0001VTP-00029exitkWh/h,1,Physical Flow,hour,2021-01-24T15:00:00+01:00,2021-01-24T16:00:00+01:00,BE-TSO-0001,21X-BE-A-A0A0A-Y,Fluxys Belgium,VTP-00029,Zeebrugge Beach,21Z0000000000090,exit,kWh/h,,,20139593,2021-03-30T00:27:09+02:00,,Confirmed,,,,,False,,,False,PRISMA,,https://platform.prisma-capacity.eu/,,Trading Point,9,False
1Physical Flowhour2021-01-24 15:00:00 +00:002021-01-24 16:00:00 +00:00BE-TSO-0001VTP-00029exitkWh/h,1,Physical Flow,hour,2021-01-24T16:00:00+01:00,2021-01-24T17:00:00+01:00,BE-TSO-0001,21X-BE-A-A0A0A-Y,Fluxys Belgium,VTP-00029,Zeebrugge Beach,21Z0000000000090,exit,kWh/h,,,20135693,2021-03-30T00:27:09+02:00,,Confirmed,,,,,False,,,False,PRISMA,,https://platform.prisma-capacity.eu/,,Trading Point,9,False
1Physical Flowhour2021-01-24 16:00:00 +00:002021-01-24 17:00:00 +00:00BE-TSO-0001VTP-00029exitkWh/h,1,Physical Flow,hour,2021-01-24T17:00:00+01:00,2021-01-24T18:00:00+01:00,BE-TSO-0001,21X-BE-A-A0A0A-Y,Fluxys Belgium,VTP-00029,Zeebrugge Beach,21Z0000000000090,exit,kWh/h,,,20139725,2021-03-30T00:27:09+02:00,,Confirmed,,,,,False,,,False,PRISMA,,https://platform.prisma-capacity.eu/,,Trading Point,9,False
1Physical Flowhour2021-01-24 17:00:00 +00:002021-01-24 18:00:00 +00:00BE-TSO-0001VTP-00029exitkWh/h,1,Physical Flow,hour,2021-01-24T18:00:00+01:00,2021-01-24T19:00:00+01:00,BE-TSO-0001,21X-BE-A-A0A0A-Y,Fluxys Belgium,VTP-00029,Zeebrugge Beach,21Z0000000000090,exit,kWh/h,,,20137025,2021-03-30T00:27:09+02:00,,Confirmed,,,,,False,,,False,PRISMA,,https://platform.prisma-capacity.eu/,,Trading Point,9,False
1Physical Flowhour2021-01-24 18:00:00 +00:002021-01-24 19:00:00 +00:00BE-TSO-0001VTP-00029exitkWh/h,1,Physical Flow,hour,2021-01-24T19:00:00+01:00,2021-01-24T20:00:00+01:00,BE-TSO-0001,21X-BE-A-A0A0A-Y,Fluxys Belgium,VTP-00029,Zeebrugge Beach,21Z0000000000090,exit,kWh/h,,,20139899,2021-03-30T00:27:09+02:00,,Confirmed,,,,,False,,,False,PRISMA,,https://platform.prisma-capacity.eu/,,Trading Point,9,False
1Physical Flowhour2021-01-24 19:00:00 +00:002021-01-24 20:00:00 +00:00BE-TSO-0001VTP-00029exitkWh/h,1,Physical Flow,hour,2021-01-24T20:00:00+01:00,2021-01-24T21:00:00+01:00,BE-TSO-0001,21X-BE-A-A0A0A-Y,Fluxys Belgium,VTP-00029,Zeebrugge Beach,21Z0000000000090,exit,kWh/h,,,20145540,2021-03-30T00:27:09+02:00,,Confirmed,,,,,False,,,False,PRISMA,,https://platform.prisma-capacity.eu/,,Trading Point,9,False
1Physical Flowhour2021-01-24 20:00:00 +00:002021-01-24 21:00:00 +00:00BE-TSO-0001VTP-00029exitkWh/h,1,Physical Flow,hour,2021-01-24T21:00:00+01:00,2021-01-24T22:00:00+01:00,BE-TSO-0001,21X-BE-A-A0A0A-Y,Fluxys Belgium,VTP-00029,Zeebrugge Beach,21Z0000000000090,exit,kWh/h,,,20150477,2021-03-30T00:27:09+02:00,,Confirmed,,,,,False,,,False,PRISMA,,https://platform.prisma-capacity.eu/,,Trading Point,9,False
1Physical Flowhour2021-01-24 21:00:00 +00:002021-01-24 22:00:00 +00:00BE-TSO-0001VTP-00029exitkWh/h,1,Physical Flow,hour,2021-01-24T22:00:00+01:00,2021-01-24T23:00:00+01:00,BE-TSO-0001,21X-BE-A-A0A0A-Y,Fluxys Belgium,VTP-00029,Zeebrugge Beach,21Z0000000000090,exit,kWh/h,,,20148214,2021-03-30T00:27:09+02:00,,Confirmed,,,,,False,,,False,PRISMA,,https://platform.prisma-capacity.eu/,,Trading Point,9,False
1Physical Flowhour2021-01-24 22:00:00 +00:002021-01-24 23:00:00 +00:00BE-TSO-0001VTP-00029exitkWh/h,1,Physical Flow,hour,2021-01-24T23:00:00+01:00,2021-01-25T00:00:00+01:00,BE-TSO-0001,21X-BE-A-A0A0A-Y,Fluxys Belgium,VTP-00029,Zeebrugge Beach,21Z0000000000090,exit,kWh/h,,,20147445,2021-03-30T00:27:09+02:00,,Confirmed,,,,,False,,,False,PRISMA,,https://platform.prisma-capacity.eu/,,Trading Point,9,False
1Physical Flowhour2021-01-24 23:00:00 +00:002021-01-25 00:00:00 +00:00BE-TSO-0001VTP-00029exitkWh/h,1,Physical Flow,hour,2021-01-25T00:00:00+01:00,2021-01-25T01:00:00+01:00,BE-TSO-0001,21X-BE-A-A0A0A-Y,Fluxys Belgium,VTP-00029,Zeebrugge Beach,21Z0000000000090,exit,kWh/h,,,20150537,2021-03-30T00:27:09+02:00,,Confirmed,,,,,False,,,False,PRISMA,,https://platform.prisma-capacity.eu/,,Trading Point,9,False
1Physical Flowhour2021-01-25 00:00:00 +00:002021-01-25 01:00:00 +00:00BE-TSO-0001VTP-00029exitkWh/h,1,Physical Flow,hour,2021-01-25T01:00:00+01:00,2021-01-25T02:00:00+01:00,BE-TSO-0001,21X-BE-A-A0A0A-Y,Fluxys Belgium,VTP-00029,Zeebrugge Beach,21Z0000000000090,exit,kWh/h,,,20149255,2021-03-30T00:27:09+02:00,,Confirmed,,,,,False,,,False,PRISMA,,https://platform.prisma-capacity.eu/,,Trading Point,9,False
1Physical Flowhour2021-01-25 01:00:00 +00:002021-01-25 02:00:00 +00:00BE-TSO-0001VTP-00029exitkWh/h,1,Physical Flow,hour,2021-01-25T02:00:00+01:00,2021-01-25T03:00:00+01:00,BE-TSO-0001,21X-BE-A-A0A0A-Y,Fluxys Belgium,VTP-00029,Zeebrugge Beach,21Z0000000000090,exit,kWh/h,,,20150109,2021-03-30T00:27:09+02:00,,Confirmed,,,,,False,,,False,PRISMA,,https://platform.prisma-capacity.eu/,,Trading Point,9,False
1Physical Flowhour2021-01-25 02:00:00 +00:002021-01-25 03:00:00 +00:00BE-TSO-0001VTP-00029exitkWh/h,1,Physical Flow,hour,2021-01-25T03:00:00+01:00,2021-01-25T04:00:00+01:00,BE-TSO-0001,21X-BE-A-A0A0A-Y,Fluxys Belgium,VTP-00029,Zeebrugge Beach,21Z0000000000090,exit,kWh/h,,,20147698,2021-03-30T00:27:09+02:00,,Confirmed,,,,,False,,,False,PRISMA,,https://platform.prisma-capacity.eu/,,Trading Point,9,False
1Physical Flowhour2021-01-25 03:00:00 +00:002021-01-25 04:00:00 +00:00BE-TSO-0001VTP-00029exitkWh/h,1,Physical Flow,hour,2021-01-25T04:00:00+01:00,2021-01-25T05:00:00+01:00,BE-TSO-0001,21X-BE-A-A0A0A-Y,Fluxys Belgium,VTP-00029,Zeebrugge Beach,21Z0000000000090,exit,kWh/h,,,20150075,2021-03-30T00:27:09+02:00,,Confirmed,,,,,False,,,False,PRISMA,,https://platform.prisma-capacity.eu/,,Trading Point,9,False
1Physical Flowhour2021-01-25 04:00:00 +00:002021-01-25 05:00:00 +00:00BE-TSO-0001VTP-00029exitkWh/h,1,Physical Flow,hour,2021-01-25T05:00:00+01:00,2021-01-25T06:00:00+01:00,BE-TSO-0001,21X-BE-A-A0A0A-Y,Fluxys Belgium,VTP-00029,Zeebrugge Beach,21Z0000000000090,exit,kWh/h,,,20148723,2021-03-30T00:27:09+02:00,,Confirmed,,,,,False,,,False,PRISMA,,https://platform.prisma-capacity.eu/,,Trading Point,9,False
1Physical Flowhour2021-01-25 05:00:00 +00:002021-01-25 06:00:00 +00:00BE-TSO-0001VTP-00029exitkWh/h,1,Physical Flow,hour,2021-01-25T06:00:00+01:00,2021-01-25T07:00:00+01:00,BE-TSO-0001,21X-BE-A-A0A0A-Y,Fluxys Belgium,VTP-00029,Zeebrugge Beach,21Z0000000000090,exit,kWh/h,,,20147227,2021-03-30T00:27:09+02:00,,Confirmed,,,,,False,,,False,PRISMA,,https://platform.prisma-capacity.eu/,,Trading Point,9,False
1Physical Flowhour2021-01-25 06:00:00 +00:002021-01-25 07:00:00 +00:00BE-TSO-0001VTP-00029exitkWh/h,1,Physical Flow,hour,2021-01-25T07:00:00+01:00,2021-01-25T08:00:00+01:00,BE-TSO-0001,21X-BE-A-A0A0A-Y,Fluxys Belgium,VTP-00029,Zeebrugge Beach,21Z0000000000090,exit,kWh/h,,,20146727,2021-03-30T00:27:09+02:00,,Confirmed,,,,,False,,,False,PRISMA,,https://platform.prisma-capacity.eu/,,Trading Point,9,False
1Physical Flowhour2021-01-25 07:00:00 +00:002021-01-25 08:00:00 +00:00BE-TSO-0001VTP-00029exitkWh/h,1,Physical Flow,hour,2021-01-25T08:00:00+01:00,2021-01-25T09:00:00+01:00,BE-TSO-0001,21X-BE-A-A0A0A-Y,Fluxys Belgium,VTP-00029,Zeebrugge Beach,21Z0000000000090,exit,kWh/h,,,20138785,2021-03-30T00:27:09+02:00,,Confirmed,,,,,False,,,False,PRISMA,,https://platform.prisma-capacity.eu/,,Trading Point,9,False
1Physical Flowhour2021-01-25 08:00:00 +00:002021-01-25 09:00:00 +00:00BE-TSO-0001VTP-00029exitkWh/h,1,Physical Flow,hour,2021-01-25T09:00:00+01:00,2021-01-25T10:00:00+01:00,BE-TSO-0001,21X-BE-A-A0A0A-Y,Fluxys Belgium,VTP-00029,Zeebrugge Beach,21Z0000000000090,exit,kWh/h,,,20140167,2021-03-30T00:27:09+02:00,,Confirmed,,,,,False,,,False,PRISMA,,https://platform.prisma-capacity.eu/,,Trading Point,9,False
1Physical Flowhour2021-01-25 09:00:00 +00:002021-01-25 10:00:00 +00:00BE-TSO-0001VTP-00029exitkWh/h,1,Physical Flow,hour,2021-01-25T10:00:00+01:00,2021-01-25T11:00:00+01:00,BE-TSO-0001,21X-BE-A-A0A0A-Y,Fluxys Belgium,VTP-00029,Zeebrugge Beach,21Z0000000000090,exit,kWh/h,,,20147394,2021-03-30T00:27:09+02:00,,Confirmed,,,,,False,,,False,PRISMA,,https://platform.prisma-capacity.eu/,,Trading Point,9,False
1Physical Flowhour2021-01-25 10:00:00 +00:002021-01-25 11:00:00 +00:00BE-TSO-0001VTP-00029exitkWh/h,1,Physical Flow,hour,2021-01-25T11:00:00+01:00,2021-01-25T12:00:00+01:00,BE-TSO-0001,21X-BE-A-A0A0A-Y,Fluxys Belgium,VTP-00029,Zeebrugge Beach,21Z0000000000090,exit,kWh/h,,,20131934,2021-03-30T00:27:09+02:00,,Confirmed,,,,,False,,,False,PRISMA,,https://platform.prisma-capacity.eu/,,Trading Point,9,False
1Physical Flowhour2021-01-25 11:00:00 +00:002021-01-25 12:00:00 +00:00BE-TSO-0001VTP-00029exitkWh/h,1,Physical Flow,hour,2021-01-25T12:00:00+01:00,2021-01-25T13:00:00+01:00,BE-TSO-0001,21X-BE-A-A0A0A-Y,Fluxys Belgium,VTP-00029,Zeebrugge Beach,21Z0000000000090,exit,kWh/h,,,20118903,2021-03-30T00:27:09+02:00,,Confirmed,,,,,False,,,False,PRISMA,,https://platform.prisma-capacity.eu/,,Trading Point,9,False
1Physical Flowhour2021-01-25 12:00:00 +00:002021-01-25 13:00:00 +00:00BE-TSO-0001VTP-00029exitkWh/h,1,Physical Flow,hour,2021-01-25T13:00:00+01:00,2021-01-25T14:00:00+01:00,BE-TSO-0001,21X-BE-A-A0A0A-Y,Fluxys Belgium,VTP-00029,Zeebrugge Beach,21Z0000000000090,exit,kWh/h,,,20128150,2021-03-30T00:27:09+02:00,,Confirmed,,,,,False,,,False,PRISMA,,https://platform.prisma-capacity.eu/,,Trading Point,9,False
1Physical Flowhour2021-01-25 13:00:00 +00:002021-01-25 14:00:00 +00:00BE-TSO-0001VTP-00029exitkWh/h,1,Physical Flow,hour,2021-01-25T14:00:00+01:00,2021-01-25T15:00:00+01:00,BE-TSO-0001,21X-BE-A-A0A0A-Y,Fluxys Belgium,VTP-00029,Zeebrugge Beach,21Z0000000000090,exit,kWh/h,,,20131150,2021-03-30T00:27:09+02:00,,Confirmed,,,,,False,,,False,PRISMA,,https://platform.prisma-capacity.eu/,,Trading Point,9,False
1Physical Flowhour2021-01-25 14:00:00 +00:002021-01-25 15:00:00 +00:00BE-TSO-0001VTP-00029exitkWh/h,1,Physical Flow,hour,2021-01-25T15:00:00+01:00,2021-01-25T16:00:00+01:00,BE-TSO-0001,21X-BE-A-A0A0A-Y,Fluxys Belgium,VTP-00029,Zeebrugge Beach,21Z0000000000090,exit,kWh/h,,,20151805,2021-03-30T00:27:09+02:00,,Confirmed,,,,,False,,,False,PRISMA,,https://platform.prisma-capacity.eu/,,Trading Point,9,False
1Physical Flowhour2021-01-25 15:00:00 +00:002021-01-25 16:00:00 +00:00BE-TSO-0001VTP-00029exitkWh/h,1,Physical Flow,hour,2021-01-25T16:00:00+01:00,2021-01-25T17:00:00+01:00,BE-TSO-0001,21X-BE-A-A0A0A-Y,Fluxys Belgium,VTP-00029,Zeebrugge Beach,21Z0000000000090,exit,kWh/h,,,20062746,2021-03-30T00:27:09+02:00,,Confirmed,,,,,False,,,False,PRISMA,,https://platform.prisma-capacity.eu/,,Trading Point,9,False
1Physical Flowhour2021-01-25 16:00:00 +00:002021-01-25 17:00:00 +00:00BE-TSO-0001VTP-00029exitkWh/h,1,Physical Flow,hour,2021-01-25T17:00:00+01:00,2021-01-25T18:00:00+01:00,BE-TSO-0001,21X-BE-A-A0A0A-Y,Fluxys Belgium,VTP-00029,Zeebrugge Beach,21Z0000000000090,exit,kWh/h,,,20021694,2021-03-30T00:27:09+02:00,,Confirmed,,,,,False,,,False,PRISMA,,https://platform.prisma-capacity.eu/,,Trading Point,9,False
1Physical Flowhour2021-01-25 17:00:00 +00:002021-01-25 18:00:00 +00:00BE-TSO-0001VTP-00029exitkWh/h,1,Physical Flow,hour,2021-01-25T18:00:00+01:00,2021-01-25T19:00:00+01:00,BE-TSO-0001,21X-BE-A-A0A0A-Y,Fluxys Belgium,VTP-00029,Zeebrugge Beach,21Z0000000000090,exit,kWh/h,,,19998943,2021-03-30T00:27:09+02:00,,Confirmed,,,,,False,,,False,PRISMA,,https://platform.prisma-capacity.eu/,,Trading Point,9,False
1Physical Flowhour2021-01-25 18:00:00 +00:002021-01-25 19:00:00 +00:00BE-TSO-0001VTP-00029exitkWh/h,1,Physical Flow,hour,2021-01-25T19:00:00+01:00,2021-01-25T20:00:00+01:00,BE-TSO-0001,21X-BE-A-A0A0A-Y,Fluxys Belgium,VTP-00029,Zeebrugge Beach,21Z0000000000090,exit,kWh/h,,,19997933,2021-03-30T00:27:09+02:00,,Confirmed,,,,,False,,,False,PRISMA,,https://platform.prisma-capacity.eu/,,Trading Point,9,False
1Physical Flowhour2021-01-25 19:00:00 +00:002021-01-25 20:00:00 +00:00BE-TSO-0001VTP-00029exitkWh/h,1,Physical Flow,hour,2021-01-25T20:00:00+01:00,2021-01-25T21:00:00+01:00,BE-TSO-0001,21X-BE-A-A0A0A-Y,Fluxys Belgium,VTP-00029,Zeebrugge Beach,21Z0000000000090,exit,kWh/h,,,19984176,2021-03-30T00:27:09+02:00,,Confirmed,,,,,False,,,False,PRISMA,,https://platform.prisma-capacity.eu/,,Trading Point,9,False
1Physical Flowhour2021-01-25 20:00:00 +00:002021-01-25 21:00:00 +00:00BE-TSO-0001VTP-00029exitkWh/h,1,Physical Flow,hour,2021-01-25T21:00:00+01:00,2021-01-25T22:00:00+01:00,BE-TSO-0001,21X-BE-A-A0A0A-Y,Fluxys Belgium,VTP-00029,Zeebrugge Beach,21Z0000000000090,exit,kWh/h,,,19974053,2021-03-30T00:27:09+02:00,,Confirmed,,,,,False,,,False,PRISMA,,https://platform.prisma-capacity.eu/,,Trading Point,9,False
1Physical Flowhour2021-01-25 21:00:00 +00:002021-01-25 22:00:00 +00:00BE-TSO-0001VTP-00029exitkWh/h,1,Physical Flow,hour,2021-01-25T22:00:00+01:00,2021-01-25T23:00:00+01:00,BE-TSO-0001,21X-BE-A-A0A0A-Y,Fluxys Belgium,VTP-00029,Zeebrugge Beach,21Z0000000000090,exit,kWh/h,,,19987290,2021-03-30T00:27:09+02:00,,Confirmed,,,,,False,,,False,PRISMA,,https://platform.prisma-capacity.eu/,,Trading Point,9,False
1Physical Flowhour2021-01-25 22:00:00 +00:002021-01-25 23:00:00 +00:00BE-TSO-0001VTP-00029exitkWh/h,1,Physical Flow,hour,2021-01-25T23:00:00+01:00,2021-01-26T00:00:00+01:00,BE-TSO-0001,21X-BE-A-A0A0A-Y,Fluxys Belgium,VTP-00029,Zeebrugge Beach,21Z0000000000090,exit,kWh/h,,,19886696,2021-03-30T00:27:09+02:00,,Confirmed,,,,,False,,,False,PRISMA,,https://platform.prisma-capacity.eu/,,Trading Point,9,False
1Physical Flowhour2021-01-25 23:00:00 +00:002021-01-26 00:00:00 +00:00BE-TSO-0001VTP-00029exitkWh/h,1,Physical Flow,hour,2021-01-26T00:00:00+01:00,2021-01-26T01:00:00+01:00,BE-TSO-0001,21X-BE-A-A0A0A-Y,Fluxys Belgium,VTP-00029,Zeebrugge Beach,21Z0000000000090,exit,kWh/h,,,19935039,2021-03-30T00:27:09+02:00,,Confirmed,,,,,False,,,False,PRISMA,,https://platform.prisma-capacity.eu/,,Trading Point,9,False
1Physical Flowhour2021-01-26 00:00:00 +00:002021-01-26 01:00:00 +00:00BE-TSO-0001VTP-00029exitkWh/h,1,Physical Flow,hour,2021-01-26T01:00:00+01:00,2021-01-26T02:00:00+01:00,BE-TSO-0001,21X-BE-A-A0A0A-Y,Fluxys Belgium,VTP-00029,Zeebrugge Beach,21Z0000000000090,exit,kWh/h,,,19961527,2021-03-30T00:27:09+02:00,,Confirmed,,,,,False,,,False,PRISMA,,https://platform.prisma-capacity.eu/,,Trading Point,9,False
1Physical Flowhour2021-01-26 01:00:00 +00:002021-01-26 02:00:00 +00:00BE-TSO-0001VTP-00029exitkWh/h,1,Physical Flow,hour,2021-01-26T02:00:00+01:00,2021-01-26T03:00:00+01:00,BE-TSO-0001,21X-BE-A-A0A0A-Y,Fluxys Belgium,VTP-00029,Zeebrugge Beach,21Z0000000000090,exit,kWh/h,,,19891690,2021-03-30T00:27:09+02:00,,Confirmed,,,,,False,,,False,PRISMA,,https://platform.prisma-capacity.eu/,,Trading Point,9,False
1Physical Flowhour2021-01-26 02:00:00 +00:002021-01-26 03:00:00 +00:00BE-TSO-0001VTP-00029exitkWh/h,1,Physical Flow,hour,2021-01-26T03:00:00+01:00,2021-01-26T04:00:00+01:00,BE-TSO-0001,21X-BE-A-A0A0A-Y,Fluxys Belgium,VTP-00029,Zeebrugge Beach,21Z0000000000090,exit,kWh/h,,,19878067,2021-03-30T00:27:09+02:00,,Confirmed,,,,,False,,,False,PRISMA,,https://platform.prisma-capacity.eu/,,Trading Point,9,False
1Physical Flowhour2021-01-26 03:00:00 +00:002021-01-26 04:00:00 +00:00BE-TSO-0001VTP-00029exitkWh/h,1,Physical Flow,hour,2021-01-26T04:00:00+01:00,2021-01-26T05:00:00+01:00,BE-TSO-0001,21X-BE-A-A0A0A-Y,Fluxys Belgium,VTP-00029,Zeebrugge Beach,21Z0000000000090,exit,kWh/h,,,19863175,2021-03-30T00:27:09+02:00,,Confirmed,,,,,False,,,False,PRISMA,,https://platform.prisma-capacity.eu/,,Trading Point,9,False
1Physical Flowhour2021-01-26 04:00:00 +00:002021-01-26 05:00:00 +00:00BE-TSO-0001VTP-00029exitkWh/h,1,Physical Flow,hour,2021-01-26T05:00:00+01:00,2021-01-26T06:00:00+01:00,BE-TSO-0001,21X-BE-A-A0A0A-Y,Fluxys Belgium,VTP-00029,Zeebrugge Beach,21Z0000000000090,exit,kWh/h,,,19667655,2021-03-30T00:27:09+02:00,,Confirmed,,,,,False,,,False,PRISMA,,https://platform.prisma-capacity.eu/,,Trading Point,9,False
1Physical Flowhour2021-01-26 05:00:00 +00:002021-01-26 06:00:00 +00:00BE-TSO-0001VTP-00029exitkWh/h,1,Physical Flow,hour,2021-01-26T06:00:00+01:00,2021-01-26T07:00:00+01:00,BE-TSO-0001,21X-BE-A-A0A0A-Y,Fluxys Belgium,VTP-00029,Zeebrugge Beach,21Z0000000000090,exit,kWh/h,,,20166504,2021-03-30T00:27:09+02:00,,Confirmed,,,,,False,,,False,PRISMA,,https://platform.prisma-capacity.eu/,,Trading Point,9,False
1Physical Flowhour2021-01-26 06:00:00 +00:002021-01-26 07:00:00 +00:00BE-TSO-0001VTP-00029exitkWh/h,1,Physical Flow,hour,2021-01-26T07:00:00+01:00,2021-01-26T08:00:00+01:00,BE-TSO-0001,21X-BE-A-A0A0A-Y,Fluxys Belgium,VTP-00029,Zeebrugge Beach,21Z0000000000090,exit,kWh/h,,,20142118,2021-03-30T00:27:09+02:00,,Confirmed,,,,,False,,,False,PRISMA,,https://platform.prisma-capacity.eu/,,Trading Point,9,False
1Physical Flowhour2021-01-26 07:00:00 +00:002021-01-26 08:00:00 +00:00BE-TSO-0001VTP-00029exitkWh/h,1,Physical Flow,hour,2021-01-26T08:00:00+01:00,2021-01-26T09:00:00+01:00,BE-TSO-0001,21X-BE-A-A0A0A-Y,Fluxys Belgium,VTP-00029,Zeebrugge Beach,21Z0000000000090,exit,kWh/h,,,20129591,2021-03-30T00:27:09+02:00,,Confirmed,,,,,False,,,False,PRISMA,,https://platform.prisma-capacity.eu/,,Trading Point,9,False
1Physical Flowhour2021-01-26 08:00:00 +00:002021-01-26 09:00:00 +00:00BE-TSO-0001VTP-00029exitkWh/h,1,Physical Flow,hour,2021-01-26T09:00:00+01:00,2021-01-26T10:00:00+01:00,BE-TSO-0001,21X-BE-A-A0A0A-Y,Fluxys Belgium,VTP-00029,Zeebrugge Beach,21Z0000000000090,exit,kWh/h,,,20129499,2021-03-30T00:27:09+02:00,,Confirmed,,,,,False,,,False,PRISMA,,https://platform.prisma-capacity.eu/,,Trading Point,9,False
1Physical Flowhour2021-01-26 09:00:00 +00:002021-01-26 10:00:00 +00:00BE-TSO-0001VTP-00029exitkWh/h,1,Physical Flow,hour,2021-01-26T10:00:00+01:00,2021-01-26T11:00:00+01:00,BE-TSO-0001,21X-BE-A-A0A0A-Y,Fluxys Belgium,VTP-00029,Zeebrugge Beach,21Z0000000000090,exit,kWh/h,,,20116185,2021-03-30T00:27:09+02:00,,Confirmed,,,,,False,,,False,PRISMA,,https://platform.prisma-capacity.eu/,,Trading Point,9,False
1Physical Flowhour2021-01-26 10:00:00 +00:002021-01-26 11:00:00 +00:00BE-TSO-0001VTP-00029exitkWh/h,1,Physical Flow,hour,2021-01-26T11:00:00+01:00,2021-01-26T12:00:00+01:00,BE-TSO-0001,21X-BE-A-A0A0A-Y,Fluxys Belgium,VTP-00029,Zeebrugge Beach,21Z0000000000090,exit,kWh/h,,,20120504,2021-03-30T00:27:09+02:00,,Confirmed,,,,,False,,,False,PRISMA,,https://platform.prisma-capacity.eu/,,Trading Point,9,False
1Physical Flowhour2021-01-26 11:00:00 +00:002021-01-26 12:00:00 +00:00BE-TSO-0001VTP-00029exitkWh/h,1,Physical Flow,hour,2021-01-26T12:00:00+01:00,2021-01-26T13:00:00+01:00,BE-TSO-0001,21X-BE-A-A0A0A-Y,Fluxys Belgium,VTP-00029,Zeebrugge Beach,21Z0000000000090,exit,kWh/h,,,20014509,2021-03-30T00:27:09+02:00,,Confirmed,,,,,False,,,False,PRISMA,,https://platform.prisma-capacity.eu/,,Trading Point,9,False
1Physical Flowhour2021-01-26 12:00:00 +00:002021-01-26 13:00:00 +00:00BE-TSO-0001VTP-00029exitkWh/h,1,Physical Flow,hour,2021-01-26T13:00:00+01:00,2021-01-26T14:00:00+01:00,BE-TSO-0001,21X-BE-A-A0A0A-Y,Fluxys Belgium,VTP-00029,Zeebrugge Beach,21Z0000000000090,exit,kWh/h,,,19854317,2021-03-30T00:27:09+02:00,,Confirmed,,,,,False,,,False,PRISMA,,https://platform.prisma-capacity.eu/,,Trading Point,9,False
1Physical Flowhour2021-01-26 13:00:00 +00:002021-01-26 14:00:00 +00:00BE-TSO-0001VTP-00029exitkWh/h,1,Physical Flow,hour,2021-01-26T14:00:00+01:00,2021-01-26T15:00:00+01:00,BE-TSO-0001,21X-BE-A-A0A0A-Y,Fluxys Belgium,VTP-00029,Zeebrugge Beach,21Z0000000000090,exit,kWh/h,,,19847790,2021-03-30T00:27:09+02:00,,Confirmed,,,,,False,,,False,PRISMA,,https://platform.prisma-capacity.eu/,,Trading Point,9,False
1Physical Flowhour2021-01-26 14:00:00 +00:002021-01-26 15:00:00 +00:00BE-TSO-0001VTP-00029exitkWh/h,1,Physical Flow,hour,2021-01-26T15:00:00+01:00,2021-01-26T16:00:00+01:00,BE-TSO-0001,21X-BE-A-A0A0A-Y,Fluxys Belgium,VTP-00029,Zeebrugge Beach,21Z0000000000090,exit,kWh/h,,,19852249,2021-03-30T00:27:09+02:00,,Confirmed,,,,,False,,,False,PRISMA,,https://platform.prisma-capacity.eu/,,Trading Point,9,False
1Physical Flowhour2021-01-26 15:00:00 +00:002021-01-26 16:00:00 +00:00BE-TSO-0001VTP-00029exitkWh/h,1,Physical Flow,hour,2021-01-26T16:00:00+01:00,2021-01-26T17:00:00+01:00,BE-TSO-0001,21X-BE-A-A0A0A-Y,Fluxys Belgium,VTP-00029,Zeebrugge Beach,21Z0000000000090,exit,kWh/h,,,19584153,2021-03-30T00:27:09+02:00,,Confirmed,,,,,False,,,False,PRISMA,,https://platform.prisma-capacity.eu/,,Trading Point,9,False
1Physical Flowhour2021-01-26 16:00:00 +00:002021-01-26 17:00:00 +00:00BE-TSO-0001VTP-00029exitkWh/h,1,Physical Flow,hour,2021-01-26T17:00:00+01:00,2021-01-26T18:00:00+01:00,BE-TSO-0001,21X-BE-A-A0A0A-Y,Fluxys Belgium,VTP-00029,Zeebrugge Beach,21Z0000000000090,exit,kWh/h,,,19731742,2021-03-30T00:27:09+02:00,,Confirmed,,,,,False,,,False,PRISMA,,https://platform.prisma-capacity.eu/,,Trading Point,9,False
1Physical Flowhour2021-01-26 17:00:00 +00:002021-01-26 18:00:00 +00:00BE-TSO-0001VTP-00029exitkWh/h,1,Physical Flow,hour,2021-01-26T18:00:00+01:00,2021-01-26T19:00:00+01:00,BE-TSO-0001,21X-BE-A-A0A0A-Y,Fluxys Belgium,VTP-00029,Zeebrugge Beach,21Z0000000000090,exit,kWh/h,,,19834822,2021-03-30T00:27:09+02:00,,Confirmed,,,,,False,,,False,PRISMA,,https://platform.prisma-capacity.eu/,,Trading Point,9,False
1Physical Flowhour2021-01-26 18:00:00 +00:002021-01-26 19:00:00 +00:00BE-TSO-0001VTP-00029exitkWh/h,1,Physical Flow,hour,2021-01-26T19:00:00+01:00,2021-01-26T20:00:00+01:00,BE-TSO-0001,21X-BE-A-A0A0A-Y,Fluxys Belgium,VTP-00029,Zeebrugge Beach,21Z0000000000090,exit,kWh/h,,,19853591,2021-03-30T00:27:09+02:00,,Confirmed,,,,,False,,,False,PRISMA,,https://platform.prisma-capacity.eu/,,Trading Point,9,False
1Physical Flowhour2021-01-26 19:00:00 +00:002021-01-26 20:00:00 +00:00BE-TSO-0001VTP-00029exitkWh/h,1,Physical Flow,hour,2021-01-26T20:00:00+01:00,2021-01-26T21:00:00+01:00,BE-TSO-0001,21X-BE-A-A0A0A-Y,Fluxys Belgium,VTP-00029,Zeebrugge Beach,21Z0000000000090,exit,kWh/h,,,19856814,2021-03-30T00:27:09+02:00,,Confirmed,,,,,False,,,False,PRISMA,,https://platform.prisma-capacity.eu/,,Trading Point,9,False
1Physical Flowhour2021-01-26 20:00:00 +00:002021-01-26 21:00:00 +00:00BE-TSO-0001VTP-00029exitkWh/h,1,Physical Flow,hour,2021-01-26T21:00:00+01:00,2021-01-26T22:00:00+01:00,BE-TSO-0001,21X-BE-A-A0A0A-Y,Fluxys Belgium,VTP-00029,Zeebrugge Beach,21Z0000000000090,exit,kWh/h,,,19853906,2021-03-30T00:27:09+02:00,,Confirmed,,,,,False,,,False,PRISMA,,https://platform.prisma-capacity.eu/,,Trading Point,9,False
1Physical Flowhour2021-01-26 21:00:00 +00:002021-01-26 22:00:00 +00:00BE-TSO-0001VTP-00029exitkWh/h,1,Physical Flow,hour,2021-01-26T22:00:00+01:00,2021-01-26T23:00:00+01:00,BE-TSO-0001,21X-BE-A-A0A0A-Y,Fluxys Belgium,VTP-00029,Zeebrugge Beach,21Z0000000000090,exit,kWh/h,,,19882665,2021-03-30T00:27:09+02:00,,Confirmed,,,,,False,,,False,PRISMA,,https://platform.prisma-capacity.eu/,,Trading Point,9,False
1Physical Flowhour2021-01-26 22:00:00 +00:002021-01-26 23:00:00 +00:00BE-TSO-0001VTP-00029exitkWh/h,1,Physical Flow,hour,2021-01-26T23:00:00+01:00,2021-01-27T00:00:00+01:00,BE-TSO-0001,21X-BE-A-A0A0A-Y,Fluxys Belgium,VTP-00029,Zeebrugge Beach,21Z0000000000090,exit,kWh/h,,,19826878,2021-03-30T00:27:09+02:00,,Confirmed,,,,,False,,,False,PRISMA,,https://platform.prisma-capacity.eu/,,Trading Point,9,False
1Physical Flowhour2021-01-26 23:00:00 +00:002021-01-27 00:00:00 +00:00BE-TSO-0001VTP-00029exitkWh/h,1,Physical Flow,hour,2021-01-27T00:00:00+01:00,2021-01-27T01:00:00+01:00,BE-TSO-0001,21X-BE-A-A0A0A-Y,Fluxys Belgium,VTP-00029,Zeebrugge Beach,21Z0000000000090,exit,kWh/h,,,19731348,2021-03-30T00:27:09+02:00,,Confirmed,,,,,False,,,False,PRISMA,,https://platform.prisma-capacity.eu/,,Trading Point,9,False
1Physical Flowhour2021-01-27 00:00:00 +00:002021-01-27 01:00:00 +00:00BE-TSO-0001VTP-00029exitkWh/h,1,Physical Flow,hour,2021-01-27T01:00:00+01:00,2021-01-27T02:00:00+01:00,BE-TSO-0001,21X-BE-A-A0A0A-Y,Fluxys Belgium,VTP-00029,Zeebrugge Beach,21Z0000000000090,exit,kWh/h,,,19731915,2021-03-30T00:27:09+02:00,,Confirmed,,,,,False,,,False,PRISMA,,https://platform.prisma-capacity.eu/,,Trading Point,9,False
1Physical Flowhour2021-01-27 01:00:00 +00:002021-01-27 02:00:00 +00:00BE-TSO-0001VTP-00029exitkWh/h,1,Physical Flow,hour,2021-01-27T02:00:00+01:00,2021-01-27T03:00:00+01:00,BE-TSO-0001,21X-BE-A-A0A0A-Y,Fluxys Belgium,VTP-00029,Zeebrugge Beach,21Z0000000000090,exit,kWh/h,,,19607642,2021-03-30T00:27:09+02:00,,Confirmed,,,,,False,,,False,PRISMA,,https://platform.prisma-capacity.eu/,,Trading Point,9,False
1Physical Flowhour2021-01-27 02:00:00 +00:002021-01-27 03:00:00 +00:00BE-TSO-0001VTP-00029exitkWh/h,1,Physical Flow,hour,2021-01-27T03:00:00+01:00,2021-01-27T04:00:00+01:00,BE-TSO-0001,21X-BE-A-A0A0A-Y,Fluxys Belgium,VTP-00029,Zeebrugge Beach,21Z0000000000090,exit,kWh/h,,,19587748,2021-03-30T00:27:09+02:00,,Confirmed,,,,,False,,,False,PRISMA,,https://platform.prisma-capacity.eu/,,Trading Point,9,False
1Physical Flowhour2021-01-27 03:00:00 +00:002021-01-27 04:00:00 +00:00BE-TSO-0001VTP-00029exitkWh/h,1,Physical Flow,hour,2021-01-27T04:00:00+01:00,2021-01-27T05:00:00+01:00,BE-TSO-0001,21X-BE-A-A0A0A-Y,Fluxys Belgium,VTP-00029,Zeebrugge Beach,21Z0000000000090,exit,kWh/h,,,19587980,2021-03-30T00:27:09+02:00,,Confirmed,,,,,False,,,False,PRISMA,,https://platform.prisma-capacity.eu/,,Trading Point,9,False
1Physical Flowhour2021-01-27 04:00:00 +00:002021-01-27 05:00:00 +00:00BE-TSO-0001VTP-00029exitkWh/h,1,Physical Flow,hour,2021-01-27T05:00:00+01:00,2021-01-27T06:00:00+01:00,BE-TSO-0001,21X-BE-A-A0A0A-Y,Fluxys Belgium,VTP-00029,Zeebrugge Beach,21Z0000000000090,exit,kWh/h,,,19788277,2021-03-30T00:27:09+02:00,,Confirmed,,,,,False,,,False,PRISMA,,https://platform.prisma-capacity.eu/,,Trading Point,9,False
1Physical Flowhour2021-01-27 05:00:00 +00:002021-01-27 06:00:00 +00:00BE-TSO-0001VTP-00029exitkWh/h,1,Physical Flow,hour,2021-01-27T06:00:00+01:00,2021-01-27T07:00:00+01:00,BE-TSO-0001,21X-BE-A-A0A0A-Y,Fluxys Belgium,VTP-00029,Zeebrugge Beach,21Z0000000000090,exit,kWh/h,,,18759554,2021-03-30T00:27:09+02:00,,Confirmed,,,,,False,,,False,PRISMA,,https://platform.prisma-capacity.eu/,,Trading Point,9,False
1Physical Flowhour2021-01-27 06:00:00 +00:002021-01-27 07:00:00 +00:00BE-TSO-0001VTP-00029exitkWh/h,1,Physical Flow,hour,2021-01-27T07:00:00+01:00,2021-01-27T08:00:00+01:00,BE-TSO-0001,21X-BE-A-A0A0A-Y,Fluxys Belgium,VTP-00029,Zeebrugge Beach,21Z0000000000090,exit,kWh/h,,,18749103,2021-03-30T00:27:09+02:00,,Confirmed,,,,,False,,,False,PRISMA,,https://platform.prisma-capacity.eu/,,Trading Point,9,False
1Physical Flowhour2021-01-27 07:00:00 +00:002021-01-27 08:00:00 +00:00BE-TSO-0001VTP-00029exitkWh/h,1,Physical Flow,hour,2021-01-27T08:00:00+01:00,2021-01-27T09:00:00+01:00,BE-TSO-0001,21X-BE-A-A0A0A-Y,Fluxys Belgium,VTP-00029,Zeebrugge Beach,21Z0000000000090,exit,kWh/h,,,18171600,2021-03-30T00:27:09+02:00,,Confirmed,,,,,False,,,False,PRISMA,,https://platform.prisma-capacity.eu/,,Trading Point,9,False
1Physical Flowhour2021-01-27 08:00:00 +00:002021-01-27 09:00:00 +00:00BE-TSO-0001VTP-00029exitkWh/h,1,Physical Flow,hour,2021-01-27T09:00:00+01:00,2021-01-27T10:00:00+01:00,BE-TSO-0001,21X-BE-A-A0A0A-Y,Fluxys Belgium,VTP-00029,Zeebrugge Beach,21Z0000000000090,exit,kWh/h,,,13246481,2021-03-30T00:27:09+02:00,,Confirmed,,,,,False,,,False,PRISMA,,https://platform.prisma-capacity.eu/,,Trading Point,9,False
1Physical Flowhour2021-01-27 09:00:00 +00:002021-01-27 10:00:00 +00:00BE-TSO-0001VTP-00029exitkWh/h,1,Physical Flow,hour,2021-01-27T10:00:00+01:00,2021-01-27T11:00:00+01:00,BE-TSO-0001,21X-BE-A-A0A0A-Y,Fluxys Belgium,VTP-00029,Zeebrugge Beach,21Z0000000000090,exit,kWh/h,,,21373555,2021-03-30T00:27:09+02:00,,Confirmed,,,,,False,,,False,PRISMA,,https://platform.prisma-capacity.eu/,,Trading Point,9,False
1Physical Flowhour2021-01-27 10:00:00 +00:002021-01-27 11:00:00 +00:00BE-TSO-0001VTP-00029exitkWh/h,1,Physical Flow,hour,2021-01-27T11:00:00+01:00,2021-01-27T12:00:00+01:00,BE-TSO-0001,21X-BE-A-A0A0A-Y,Fluxys Belgium,VTP-00029,Zeebrugge Beach,21Z0000000000090,exit,kWh/h,,,21460066,2021-03-30T00:27:09+02:00,,Confirmed,,,,,False,,,False,PRISMA,,https://platform.prisma-capacity.eu/,,Trading Point,9,False
1Physical Flowhour2021-01-27 11:00:00 +00:002021-01-27 12:00:00 +00:00BE-TSO-0001VTP-00029exitkWh/h,1,Physical Flow,hour,2021-01-27T12:00:00+01:00,2021-01-27T13:00:00+01:00,BE-TSO-0001,21X-BE-A-A0A0A-Y,Fluxys Belgium,VTP-00029,Zeebrugge Beach,21Z0000000000090,exit,kWh/h,,,19173332,2021-03-30T00:27:09+02:00,,Confirmed,,,,,False,,,False,PRISMA,,https://platform.prisma-capacity.eu/,,Trading Point,9,False
1Physical Flowhour2021-01-27 12:00:00 +00:002021-01-27 13:00:00 +00:00BE-TSO-0001VTP-00029exitkWh/h,1,Physical Flow,hour,2021-01-27T13:00:00+01:00,2021-01-27T14:00:00+01:00,BE-TSO-0001,21X-BE-A-A0A0A-Y,Fluxys Belgium,VTP-00029,Zeebrugge Beach,21Z0000000000090,exit,kWh/h,,,18058891,2021-03-30T00:27:09+02:00,,Confirmed,,,,,False,,,False,PRISMA,,https://platform.prisma-capacity.eu/,,Trading Point,9,False
1Physical Flowhour2021-01-27 13:00:00 +00:002021-01-27 14:00:00 +00:00BE-TSO-0001VTP-00029exitkWh/h,1,Physical Flow,hour,2021-01-27T14:00:00+01:00,2021-01-27T15:00:00+01:00,BE-TSO-0001,21X-BE-A-A0A0A-Y,Fluxys Belgium,VTP-00029,Zeebrugge Beach,21Z0000000000090,exit,kWh/h,,,18642662,2021-03-30T00:27:09+02:00,,Confirmed,,,,,False,,,False,PRISMA,,https://platform.prisma-capacity.eu/,,Trading Point,9,False
1Physical Flowhour2021-01-27 14:00:00 +00:002021-01-27 15:00:00 +00:00BE-TSO-0001VTP-00029exitkWh/h,1,Physical Flow,hour,2021-01-27T15:00:00+01:00,2021-01-27T16:00:00+01:00,BE-TSO-0001,21X-BE-A-A0A0A-Y,Fluxys Belgium,VTP-00029,Zeebrugge Beach,21Z0000000000090,exit,kWh/h,,,18306743,2021-03-30T00:27:09+02:00,,Confirmed,,,,,False,,,False,PRISMA,,https://platform.prisma-capacity.eu/,,Trading Point,9,False
1Physical Flowhour2021-01-27 15:00:00 +00:002021-01-27 16:00:00 +00:00BE-TSO-0001VTP-00029exitkWh/h,1,Physical Flow,hour,2021-01-27T16:00:00+01:00,2021-01-27T17:00:00+01:00,BE-TSO-0001,21X-BE-A-A0A0A-Y,Fluxys Belgium,VTP-00029,Zeebrugge Beach,21Z0000000000090,exit,kWh/h,,,17824605,2021-03-30T00:27:09+02:00,,Confirmed,,,,,False,,,False,PRISMA,,https://platform.prisma-capacity.eu/,,Trading Point,9,False
1Physical Flowhour2021-01-27 16:00:00 +00:002021-01-27 17:00:00 +00:00BE-TSO-0001VTP-00029exitkWh/h,1,Physical Flow,hour,2021-01-27T17:00:00+01:00,2021-01-27T18:00:00+01:00,BE-TSO-0001,21X-BE-A-A0A0A-Y,Fluxys Belgium,VTP-00029,Zeebrugge Beach,21Z0000000000090,exit,kWh/h,,,17889978,2021-03-30T00:27:09+02:00,,Confirmed,,,,,False,,,False,PRISMA,,https://platform.prisma-capacity.eu/,,Trading Point,9,False
1Physical Flowhour2021-01-27 17:00:00 +00:002021-01-27 18:00:00 +00:00BE-TSO-0001VTP-00029exitkWh/h,1,Physical Flow,hour,2021-01-27T18:00:00+01:00,2021-01-27T19:00:00+01:00,BE-TSO-0001,21X-BE-A-A0A0A-Y,Fluxys Belgium,VTP-00029,Zeebrugge Beach,21Z0000000000090,exit,kWh/h,,,17875363,2021-03-30T00:27:09+02:00,,Confirmed,,,,,False,,,False,PRISMA,,https://platform.prisma-capacity.eu/,,Trading Point,9,False
1Physical Flowhour2021-01-27 18:00:00 +00:002021-01-27 19:00:00 +00:00BE-TSO-0001VTP-00029exitkWh/h,1,Physical Flow,hour,2021-01-27T19:00:00+01:00,2021-01-27T20:00:00+01:00,BE-TSO-0001,21X-BE-A-A0A0A-Y,Fluxys Belgium,VTP-00029,Zeebrugge Beach,21Z0000000000090,exit,kWh/h,,,17958452,2021-03-30T00:27:09+02:00,,Confirmed,,,,,False,,,False,PRISMA,,https://platform.prisma-capacity.eu/,,Trading Point,9,False
1Physical Flowhour2021-01-27 19:00:00 +00:002021-01-27 20:00:00 +00:00BE-TSO-0001VTP-00029exitkWh/h,1,Physical Flow,hour,2021-01-27T20:00:00+01:00,2021-01-27T21:00:00+01:00,BE-TSO-0001,21X-BE-A-A0A0A-Y,Fluxys Belgium,VTP-00029,Zeebrugge Beach,21Z0000000000090,exit,kWh/h,,,17448730,2021-03-30T00:27:09+02:00,,Confirmed,,,,,False,,,False,PRISMA,,https://platform.prisma-capacity.eu/,,Trading Point,9,False
1Physical Flowhour2021-01-27 20:00:00 +00:002021-01-27 21:00:00 +00:00BE-TSO-0001VTP-00029exitkWh/h,1,Physical Flow,hour,2021-01-27T21:00:00+01:00,2021-01-27T22:00:00+01:00,BE-TSO-0001,21X-BE-A-A0A0A-Y,Fluxys Belgium,VTP-00029,Zeebrugge Beach,21Z0000000000090,exit,kWh/h,,,17399472,2021-03-30T00:27:09+02:00,,Confirmed,,,,,False,,,False,PRISMA,,https://platform.prisma-capacity.eu/,,Trading Point,9,False
1Physical Flowhour2021-01-27 21:00:00 +00:002021-01-27 22:00:00 +00:00BE-TSO-0001VTP-00029exitkWh/h,1,Physical Flow,hour,2021-01-27T22:00:00+01:00,2021-01-27T23:00:00+01:00,BE-TSO-0001,21X-BE-A-A0A0A-Y,Fluxys Belgium,VTP-00029,Zeebrugge Beach,21Z0000000000090,exit,kWh/h,,,17436092,2021-03-30T00:27:09+02:00,,Confirmed,,,,,False,,,False,PRISMA,,https://platform.prisma-capacity.eu/,,Trading Point,9,False
1Physical Flowhour2021-01-27 22:00:00 +00:002021-01-27 23:00:00 +00:00BE-TSO-0001VTP-00029exitkWh/h,1,Physical Flow,hour,2021-01-27T23:00:00+01:00,2021-01-28T00:00:00+01:00,BE-TSO-0001,21X-BE-A-A0A0A-Y,Fluxys Belgium,VTP-00029,Zeebrugge Beach,21Z0000000000090,exit,kWh/h,,,17426908,2021-03-30T00:27:09+02:00,,Confirmed,,,,,False,,,False,PRISMA,,https://platform.prisma-capacity.eu/,,Trading Point,9,False
1Physical Flowhour2021-01-27 23:00:00 +00:002021-01-28 00:00:00 +00:00BE-TSO-0001VTP-00029exitkWh/h,1,Physical Flow,hour,2021-01-28T00:00:00+01:00,2021-01-28T01:00:00+01:00,BE-TSO-0001,21X-BE-A-A0A0A-Y,Fluxys Belgium,VTP-00029,Zeebrugge Beach,21Z0000000000090,exit,kWh/h,,,17433749,2021-03-30T00:27:09+02:00,,Confirmed,,,,,False,,,False,PRISMA,,https://platform.prisma-capacity.eu/,,Trading Point,9,False
1Physical Flowhour2021-01-28 00:00:00 +00:002021-01-28 01:00:00 +00:00BE-TSO-0001VTP-00029exitkWh/h,1,Physical Flow,hour,2021-01-28T01:00:00+01:00,2021-01-28T02:00:00+01:00,BE-TSO-0001,21X-BE-A-A0A0A-Y,Fluxys Belgium,VTP-00029,Zeebrugge Beach,21Z0000000000090,exit,kWh/h,,,17461504,2021-03-30T00:27:09+02:00,,Confirmed,,,,,False,,,False,PRISMA,,https://platform.prisma-capacity.eu/,,Trading Point,9,False
1Physical Flowhour2021-01-28 01:00:00 +00:002021-01-28 02:00:00 +00:00BE-TSO-0001VTP-00029exitkWh/h,1,Physical Flow,hour,2021-01-28T02:00:00+01:00,2021-01-28T03:00:00+01:00,BE-TSO-0001,21X-BE-A-A0A0A-Y,Fluxys Belgium,VTP-00029,Zeebrugge Beach,21Z0000000000090,exit,kWh/h,,,17435131,2021-03-30T00:27:09+02:00,,Confirmed,,,,,False,,,False,PRISMA,,https://platform.prisma-capacity.eu/,,Trading Point,9,False
1Physical Flowhour2021-01-28 02:00:00 +00:002021-01-28 03:00:00 +00:00BE-TSO-0001VTP-00029exitkWh/h,1,Physical Flow,hour,2021-01-28T03:00:00+01:00,2021-01-28T04:00:00+01:00,BE-TSO-0001,21X-BE-A-A0A0A-Y,Fluxys Belgium,VTP-00029,Zeebrugge Beach,21Z0000000000090,exit,kWh/h,,,17449812,2021-03-30T00:27:09+02:00,,Confirmed,,,,,False,,,False,PRISMA,,https://platform.prisma-capacity.eu/,,Trading Point,9,False
1Physical Flowhour2021-01-28 03:00:00 +00:002021-01-28 04:00:00 +00:00BE-TSO-0001VTP-00029exitkWh/h,1,Physical Flow,hour,2021-01-28T04:00:00+01:00,2021-01-28T05:00:00+01:00,BE-TSO-0001,21X-BE-A-A0A0A-Y,Fluxys Belgium,VTP-00029,Zeebrugge Beach,21Z0000000000090,exit,kWh/h,,,17431402,2021-03-30T00:27:09+02:00,,Confirmed,,,,,False,,,False,PRISMA,,https://platform.prisma-capacity.eu/,,Trading Point,9,False
1Physical Flowhour2021-01-28 04:00:00 +00:002021-01-28 05:00:00 +00:00BE-TSO-0001VTP-00029exitkWh/h,1,Physical Flow,hour,2021-01-28T05:00:00+01:00,2021-01-28T06:00:00+01:00,BE-TSO-0001,21X-BE-A-A0A0A-Y,Fluxys Belgium,VTP-00029,Zeebrugge Beach,21Z0000000000090,exit,kWh/h,,,17325939,2021-03-30T00:27:09+02:00,,Confirmed,,,,,False,,,False,PRISMA,,https://platform.prisma-capacity.eu/,,Trading Point,9,False
1Physical Flowhour2021-01-28 05:00:00 +00:002021-01-28 06:00:00 +00:00BE-TSO-0001VTP-00029exitkWh/h,1,Physical Flow,hour,2021-01-28T06:00:00+01:00,2021-01-28T07:00:00+01:00,BE-TSO-0001,21X-BE-A-A0A0A-Y,Fluxys Belgium,VTP-00029,Zeebrugge Beach,21Z0000000000090,exit,kWh/h,,,9672451,2021-03-30T00:27:09+02:00,,Confirmed,,,,,False,,,False,PRISMA,,https://platform.prisma-capacity.eu/,,Trading Point,9,False
1Physical Flowhour2021-01-28 06:00:00 +00:002021-01-28 07:00:00 +00:00BE-TSO-0001VTP-00029exitkWh/h,1,Physical Flow,hour,2021-01-28T07:00:00+01:00,2021-01-28T08:00:00+01:00,BE-TSO-0001,21X-BE-A-A0A0A-Y,Fluxys Belgium,VTP-00029,Zeebrugge Beach,21Z0000000000090,exit,kWh/h,,,8606179,2021-03-30T00:27:09+02:00,,Confirmed,,,,,False,,,False,PRISMA,,https://platform.prisma-capacity.eu/,,Trading Point,9,False
1Physical Flowhour2021-01-28 07:00:00 +00:002021-01-28 08:00:00 +00:00BE-TSO-0001VTP-00029exitkWh/h,1,Physical Flow,hour,2021-01-28T08:00:00+01:00,2021-01-28T09:00:00+01:00,BE-TSO-0001,21X-BE-A-A0A0A-Y,Fluxys Belgium,VTP-00029,Zeebrugge Beach,21Z0000000000090,exit,kWh/h,,,8902947,2021-03-30T00:27:09+02:00,,Confirmed,,,,,False,,,False,PRISMA,,https://platform.prisma-capacity.eu/,,Trading Point,9,False
1Physical Flowhour2021-01-28 08:00:00 +00:002021-01-28 09:00:00 +00:00BE-TSO-0001VTP-00029exitkWh/h,1,Physical Flow,hour,2021-01-28T09:00:00+01:00,2021-01-28T10:00:00+01:00,BE-TSO-0001,21X-BE-A-A0A0A-Y,Fluxys Belgium,VTP-00029,Zeebrugge Beach,21Z0000000000090,exit,kWh/h,,,9066017,2021-03-30T00:27:09+02:00,,Confirmed,,,,,False,,,False,PRISMA,,https://platform.prisma-capacity.eu/,,Trading Point,9,False
1Physical Flowhour2021-01-28 09:00:00 +00:002021-01-28 10:00:00 +00:00BE-TSO-0001VTP-00029exitkWh/h,1,Physical Flow,hour,2021-01-28T10:00:00+01:00,2021-01-28T11:00:00+01:00,BE-TSO-0001,21X-BE-A-A0A0A-Y,Fluxys Belgium,VTP-00029,Zeebrugge Beach,21Z0000000000090,exit,kWh/h,,,9277406,2021-03-30T00:27:09+02:00,,Confirmed,,,,,False,,,False,PRISMA,,https://platform.prisma-capacity.eu/,,Trading Point,9,False
1Physical Flowhour2021-01-28 10:00:00 +00:002021-01-28 11:00:00 +00:00BE-TSO-0001VTP-00029exitkWh/h,1,Physical Flow,hour,2021-01-28T11:00:00+01:00,2021-01-28T12:00:00+01:00,BE-TSO-0001,21X-BE-A-A0A0A-Y,Fluxys Belgium,VTP-00029,Zeebrugge Beach,21Z0000000000090,exit,kWh/h,,,9027447,2021-03-30T00:27:09+02:00,,Confirmed,,,,,False,,,False,PRISMA,,https://platform.prisma-capacity.eu/,,Trading Point,9,False
1Physical Flowhour2021-01-28 11:00:00 +00:002021-01-28 12:00:00 +00:00BE-TSO-0001VTP-00029exitkWh/h,1,Physical Flow,hour,2021-01-28T12:00:00+01:00,2021-01-28T13:00:00+01:00,BE-TSO-0001,21X-BE-A-A0A0A-Y,Fluxys Belgium,VTP-00029,Zeebrugge Beach,21Z0000000000090,exit,kWh/h,,,8572564,2021-03-30T00:27:09+02:00,,Confirmed,,,,,False,,,False,PRISMA,,https://platform.prisma-capacity.eu/,,Trading Point,9,False
1Physical Flowhour2021-01-28 12:00:00 +00:002021-01-28 13:00:00 +00:00BE-TSO-0001VTP-00029exitkWh/h,1,Physical Flow,hour,2021-01-28T13:00:00+01:00,2021-01-28T14:00:00+01:00,BE-TSO-0001,21X-BE-A-A0A0A-Y,Fluxys Belgium,VTP-00029,Zeebrugge Beach,21Z0000000000090,exit,kWh/h,,,8971391,2021-03-30T00:27:09+02:00,,Confirmed,,,,,False,,,False,PRISMA,,https://platform.prisma-capacity.eu/,,Trading Point,9,False
1Physical Flowhour2021-01-28 13:00:00 +00:002021-01-28 14:00:00 +00:00BE-TSO-0001VTP-00029exitkWh/h,1,Physical Flow,hour,2021-01-28T14:00:00+01:00,2021-01-28T15:00:00+01:00,BE-TSO-0001,21X-BE-A-A0A0A-Y,Fluxys Belgium,VTP-00029,Zeebrugge Beach,21Z0000000000090,exit,kWh/h,,,8988878,2021-03-30T00:27:09+02:00,,Confirmed,,,,,False,,,False,PRISMA,,https://platform.prisma-capacity.eu/,,Trading Point,9,False
1Physical Flowhour2021-01-28 14:00:00 +00:002021-01-28 15:00:00 +00:00BE-TSO-0001VTP-00029exitkWh/h,1,Physical Flow,hour,2021-01-28T15:00:00+01:00,2021-01-28T16:00:00+01:00,BE-TSO-0001,21X-BE-A-A0A0A-Y,Fluxys Belgium,VTP-00029,Zeebrugge Beach,21Z0000000000090,exit,kWh/h,,,9012582,2021-03-30T00:27:09+02:00,,Confirmed,,,,,False,,,False,PRISMA,,https://platform.prisma-capacity.eu/,,Trading Point,9,False
1Physical Flowhour2021-01-28 15:00:00 +00:002021-01-28 16:00:00 +00:00BE-TSO-0001VTP-00029exitkWh/h,1,Physical Flow,hour,2021-01-28T16:00:00+01:00,2021-01-28T17:00:00+01:00,BE-TSO-0001,21X-BE-A-A0A0A-Y,Fluxys Belgium,VTP-00029,Zeebrugge Beach,21Z0000000000090,exit,kWh/h,,,9000567,2021-03-30T00:27:09+02:00,,Confirmed,,,,,False,,,False,PRISMA,,https://platform.prisma-capacity.eu/,,Trading Point,9,False
1Physical Flowhour2021-01-28 16:00:00 +00:002021-01-28 17:00:00 +00:00BE-TSO-0001VTP-00029exitkWh/h,1,Physical Flow,hour,2021-01-28T17:00:00+01:00,2021-01-28T18:00:00+01:00,BE-TSO-0001,21X-BE-A-A0A0A-Y,Fluxys Belgium,VTP-00029,Zeebrugge Beach,21Z0000000000090,exit,kWh/h,,,9000749,2021-03-30T00:27:09+02:00,,Confirmed,,,,,False,,,False,PRISMA,,https://platform.prisma-capacity.eu/,,Trading Point,9,False
1Physical Flowhour2021-01-28 17:00:00 +00:002021-01-28 18:00:00 +00:00BE-TSO-0001VTP-00029exitkWh/h,1,Physical Flow,hour,2021-01-28T18:00:00+01:00,2021-01-28T19:00:00+01:00,BE-TSO-0001,21X-BE-A-A0A0A-Y,Fluxys Belgium,VTP-00029,Zeebrugge Beach,21Z0000000000090,exit,kWh/h,,,8999760,2021-03-30T00:27:09+02:00,,Confirmed,,,,,False,,,False,PRISMA,,https://platform.prisma-capacity.eu/,,Trading Point,9,False
1Physical Flowhour2021-01-28 18:00:00 +00:002021-01-28 19:00:00 +00:00BE-TSO-0001VTP-00029exitkWh/h,1,Physical Flow,hour,2021-01-28T19:00:00+01:00,2021-01-28T20:00:00+01:00,BE-TSO-0001,21X-BE-A-A0A0A-Y,Fluxys Belgium,VTP-00029,Zeebrugge Beach,21Z0000000000090,exit,kWh/h,,,8984748,2021-03-30T00:27:09+02:00,,Confirmed,,,,,False,,,False,PRISMA,,https://platform.prisma-capacity.eu/,,Trading Point,9,False
1Physical Flowhour2021-01-28 19:00:00 +00:002021-01-28 20:00:00 +00:00BE-TSO-0001VTP-00029exitkWh/h,1,Physical Flow,hour,2021-01-28T20:00:00+01:00,2021-01-28T21:00:00+01:00,BE-TSO-0001,21X-BE-A-A0A0A-Y,Fluxys Belgium,VTP-00029,Zeebrugge Beach,21Z0000000000090,exit,kWh/h,,,9022404,2021-03-30T00:27:09+02:00,,Confirmed,,,,,False,,,False,PRISMA,,https://platform.prisma-capacity.eu/,,Trading Point,9,False
1Physical Flowhour2021-01-28 20:00:00 +00:002021-01-28 21:00:00 +00:00BE-TSO-0001VTP-00029exitkWh/h,1,Physical Flow,hour,2021-01-28T21:00:00+01:00,2021-01-28T22:00:00+01:00,BE-TSO-0001,21X-BE-A-A0A0A-Y,Fluxys Belgium,VTP-00029,Zeebrugge Beach,21Z0000000000090,exit,kWh/h,,,9023470,2021-03-30T00:27:09+02:00,,Confirmed,,,,,False,,,False,PRISMA,,https://platform.prisma-capacity.eu/,,Trading Point,9,False
1Physical Flowhour2021-01-28 21:00:00 +00:002021-01-28 22:00:00 +00:00BE-TSO-0001VTP-00029exitkWh/h,1,Physical Flow,hour,2021-01-28T22:00:00+01:00,2021-01-28T23:00:00+01:00,BE-TSO-0001,21X-BE-A-A0A0A-Y,Fluxys Belgium,VTP-00029,Zeebrugge Beach,21Z0000000000090,exit,kWh/h,,,9008211,2021-03-30T00:27:09+02:00,,Confirmed,,,,,False,,,False,PRISMA,,https://platform.prisma-capacity.eu/,,Trading Point,9,False
1Physical Flowhour2021-01-28 22:00:00 +00:002021-01-28 23:00:00 +00:00BE-TSO-0001VTP-00029exitkWh/h,1,Physical Flow,hour,2021-01-28T23:00:00+01:00,2021-01-29T00:00:00+01:00,BE-TSO-0001,21X-BE-A-A0A0A-Y,Fluxys Belgium,VTP-00029,Zeebrugge Beach,21Z0000000000090,exit,kWh/h,,,9008568,2021-03-30T00:27:09+02:00,,Confirmed,,,,,False,,,False,PRISMA,,https://platform.prisma-capacity.eu/,,Trading Point,9,False
1Physical Flowhour2021-01-28 23:00:00 +00:002021-01-29 00:00:00 +00:00BE-TSO-0001VTP-00029exitkWh/h,1,Physical Flow,hour,2021-01-29T00:00:00+01:00,2021-01-29T01:00:00+01:00,BE-TSO-0001,21X-BE-A-A0A0A-Y,Fluxys Belgium,VTP-00029,Zeebrugge Beach,21Z0000000000090,exit,kWh/h,,,9028462,2021-03-30T00:27:09+02:00,,Confirmed,,,,,False,,,False,PRISMA,,https://platform.prisma-capacity.eu/,,Trading Point,9,False
1Physical Flowhour2021-01-29 00:00:00 +00:002021-01-29 01:00:00 +00:00BE-TSO-0001VTP-00029exitkWh/h,1,Physical Flow,hour,2021-01-29T01:00:00+01:00,2021-01-29T02:00:00+01:00,BE-TSO-0001,21X-BE-A-A0A0A-Y,Fluxys Belgium,VTP-00029,Zeebrugge Beach,21Z0000000000090,exit,kWh/h,,,9009348,2021-03-30T00:27:09+02:00,,Confirmed,,,,,False,,,False,PRISMA,,https://platform.prisma-capacity.eu/,,Trading Point,9,False
1Physical Flowhour2021-01-29 01:00:00 +00:002021-01-29 02:00:00 +00:00BE-TSO-0001VTP-00029exitkWh/h,1,Physical Flow,hour,2021-01-29T02:00:00+01:00,2021-01-29T03:00:00+01:00,BE-TSO-0001,21X-BE-A-A0A0A-Y,Fluxys Belgium,VTP-00029,Zeebrugge Beach,21Z0000000000090,exit,kWh/h,,,8986258,2021-03-30T00:27:09+02:00,,Confirmed,,,,,False,,,False,PRISMA,,https://platform.prisma-capacity.eu/,,Trading Point,9,False
1Physical Flowhour2021-01-29 02:00:00 +00:002021-01-29 03:00:00 +00:00BE-TSO-0001VTP-00029exitkWh/h,1,Physical Flow,hour,2021-01-29T03:00:00+01:00,2021-01-29T04:00:00+01:00,BE-TSO-0001,21X-BE-A-A0A0A-Y,Fluxys Belgium,VTP-00029,Zeebrugge Beach,21Z0000000000090,exit,kWh/h,,,8971827,2021-03-30T00:27:09+02:00,,Confirmed,,,,,False,,,False,PRISMA,,https://platform.prisma-capacity.eu/,,Trading Point,9,False
1Physical Flowhour2021-01-29 03:00:00 +00:002021-01-29 04:00:00 +00:00BE-TSO-0001VTP-00029exitkWh/h,1,Physical Flow,hour,2021-01-29T04:00:00+01:00,2021-01-29T05:00:00+01:00,BE-TSO-0001,21X-BE-A-A0A0A-Y,Fluxys Belgium,VTP-00029,Zeebrugge Beach,21Z0000000000090,exit,kWh/h,,,9383201,2021-03-30T00:27:09+02:00,,Confirmed,,,,,False,,,False,PRISMA,,https://platform.prisma-capacity.eu/,,Trading Point,9,False
1Physical Flowhour2021-01-29 04:00:00 +00:002021-01-29 05:00:00 +00:00BE-TSO-0001VTP-00029exitkWh/h,1,Physical Flow,hour,2021-01-29T05:00:00+01:00,2021-01-29T06:00:00+01:00,BE-TSO-0001,21X-BE-A-A0A0A-Y,Fluxys Belgium,VTP-00029,Zeebrugge Beach,21Z0000000000090,exit,kWh/h,,,9333770,2021-03-30T00:27:09+02:00,,Confirmed,,,,,False,,,False,PRISMA,,https://platform.prisma-capacity.eu/,,Trading Point,9,False
1Physical Flowhour2021-01-29 05:00:00 +00:002021-01-29 06:00:00 +00:00BE-TSO-0001VTP-00029exitkWh/h,1,Physical Flow,hour,2021-01-29T06:00:00+01:00,2021-01-29T07:00:00+01:00,BE-TSO-0001,21X-BE-A-A0A0A-Y,Fluxys Belgium,VTP-00029,Zeebrugge Beach,21Z0000000000090,exit,kWh/h,,,13260394,2021-03-30T00:27:09+02:00,,Confirmed,,,,,False,,,False,PRISMA,,https://platform.prisma-capacity.eu/,,Trading Point,9,False
1Physical Flowhour2021-01-29 06:00:00 +00:002021-01-29 07:00:00 +00:00BE-TSO-0001VTP-00029exitkWh/h,1,Physical Flow,hour,2021-01-29T07:00:00+01:00,2021-01-29T08:00:00+01:00,BE-TSO-0001,21X-BE-A-A0A0A-Y,Fluxys Belgium,VTP-00029,Zeebrugge Beach,21Z0000000000090,exit,kWh/h,,,13049400,2021-03-30T00:27:09+02:00,,Confirmed,,,,,False,,,False,PRISMA,,https://platform.prisma-capacity.eu/,,Trading Point,9,False
1Physical Flowhour2021-01-29 07:00:00 +00:002021-01-29 08:00:00 +00:00BE-TSO-0001VTP-00029exitkWh/h,1,Physical Flow,hour,2021-01-29T08:00:00+01:00,2021-01-29T09:00:00+01:00,BE-TSO-0001,21X-BE-A-A0A0A-Y,Fluxys Belgium,VTP-00029,Zeebrugge Beach,21Z0000000000090,exit,kWh/h,,,13048664,2021-03-30T00:27:09+02:00,,Confirmed,,,,,False,,,False,PRISMA,,https://platform.prisma-capacity.eu/,,Trading Point,9,False
1Physical Flowhour2021-01-29 08:00:00 +00:002021-01-29 09:00:00 +00:00BE-TSO-0001VTP-00029exitkWh/h,1,Physical Flow,hour,2021-01-29T09:00:00+01:00,2021-01-29T10:00:00+01:00,BE-TSO-0001,21X-BE-A-A0A0A-Y,Fluxys Belgium,VTP-00029,Zeebrugge Beach,21Z0000000000090,exit,kWh/h,,,13039159,2021-03-30T00:27:09+02:00,,Confirmed,,,,,False,,,False,PRISMA,,https://platform.prisma-capacity.eu/,,Trading Point,9,False
1Physical Flowhour2021-01-29 09:00:00 +00:002021-01-29 10:00:00 +00:00BE-TSO-0001VTP-00029exitkWh/h,1,Physical Flow,hour,2021-01-29T10:00:00+01:00,2021-01-29T11:00:00+01:00,BE-TSO-0001,21X-BE-A-A0A0A-Y,Fluxys Belgium,VTP-00029,Zeebrugge Beach,21Z0000000000090,exit,kWh/h,,,12979474,2021-03-30T00:27:09+02:00,,Confirmed,,,,,False,,,False,PRISMA,,https://platform.prisma-capacity.eu/,,Trading Point,9,False
1Physical Flowhour2021-01-29 10:00:00 +00:002021-01-29 11:00:00 +00:00BE-TSO-0001VTP-00029exitkWh/h,1,Physical Flow,hour,2021-01-29T11:00:00+01:00,2021-01-29T12:00:00+01:00,BE-TSO-0001,21X-BE-A-A0A0A-Y,Fluxys Belgium,VTP-00029,Zeebrugge Beach,21Z0000000000090,exit,kWh/h,,,13048358,2021-03-30T00:27:09+02:00,,Confirmed,,,,,False,,,False,PRISMA,,https://platform.prisma-capacity.eu/,,Trading Point,9,False
1Physical Flowhour2021-01-29 11:00:00 +00:002021-01-29 12:00:00 +00:00BE-TSO-0001VTP-00029exitkWh/h,1,Physical Flow,hour,2021-01-29T12:00:00+01:00,2021-01-29T13:00:00+01:00,BE-TSO-0001,21X-BE-A-A0A0A-Y,Fluxys Belgium,VTP-00029,Zeebrugge Beach,21Z0000000000090,exit,kWh/h,,,13043879,2021-03-30T00:27:09+02:00,,Confirmed,,,,,False,,,False,PRISMA,,https://platform.prisma-capacity.eu/,,Trading Point,9,False
1Physical Flowhour2021-01-29 12:00:00 +00:002021-01-29 13:00:00 +00:00BE-TSO-0001VTP-00029exitkWh/h,1,Physical Flow,hour,2021-01-29T13:00:00+01:00,2021-01-29T14:00:00+01:00,BE-TSO-0001,21X-BE-A-A0A0A-Y,Fluxys Belgium,VTP-00029,Zeebrugge Beach,21Z0000000000090,exit,kWh/h,,,13037082,2021-03-30T00:27:09+02:00,,Confirmed,,,,,False,,,False,PRISMA,,https://platform.prisma-capacity.eu/,,Trading Point,9,False
1Physical Flowhour2021-01-29 13:00:00 +00:002021-01-29 14:00:00 +00:00BE-TSO-0001VTP-00029exitkWh/h,1,Physical Flow,hour,2021-01-29T14:00:00+01:00,2021-01-29T15:00:00+01:00,BE-TSO-0001,21X-BE-A-A0A0A-Y,Fluxys Belgium,VTP-00029,Zeebrugge Beach,21Z0000000000090,exit,kWh/h,,,13042644,2021-03-30T00:27:09+02:00,,Confirmed,,,,,False,,,False,PRISMA,,https://platform.prisma-capacity.eu/,,Trading Point,9,False
1Physical Flowhour2021-01-29 14:00:00 +00:002021-01-29 15:00:00 +00:00BE-TSO-0001VTP-00029exitkWh/h,1,Physical Flow,hour,2021-01-29T15:00:00+01:00,2021-01-29T16:00:00+01:00,BE-TSO-0001,21X-BE-A-A0A0A-Y,Fluxys Belgium,VTP-00029,Zeebrugge Beach,21Z0000000000090,exit,kWh/h,,,13022241,2021-03-30T00:27:09+02:00,,Confirmed,,,,,False,,,False,PRISMA,,https://platform.prisma-capacity.eu/,,Trading Point,9,False
1Physical Flowhour2021-01-29 15:00:00 +00:002021-01-29 16:00:00 +00:00BE-TSO-0001VTP-00029exitkWh/h,1,Physical Flow,hour,2021-01-29T16:00:00+01:00,2021-01-29T17:00:00+01:00,BE-TSO-0001,21X-BE-A-A0A0A-Y,Fluxys Belgium,VTP-00029,Zeebrugge Beach,21Z0000000000090,exit,kWh/h,,,13004167,2021-03-30T00:27:09+02:00,,Confirmed,,,,,False,,,False,PRISMA,,https://platform.prisma-capacity.eu/,,Trading Point,9,False
1Physical Flowhour2021-01-29 16:00:00 +00:002021-01-29 17:00:00 +00:00BE-TSO-0001VTP-00029exitkWh/h,1,Physical Flow,hour,2021-01-29T17:00:00+01:00,2021-01-29T18:00:00+01:00,BE-TSO-0001,21X-BE-A-A0A0A-Y,Fluxys Belgium,VTP-00029,Zeebrugge Beach,21Z0000000000090,exit,kWh/h,,,13041628,2021-03-30T00:27:09+02:00,,Confirmed,,,,,False,,,False,PRISMA,,https://platform.prisma-capacity.eu/,,Trading Point,9,False
1Physical Flowhour2021-01-29 17:00:00 +00:002021-01-29 18:00:00 +00:00BE-TSO-0001VTP-00029exitkWh/h,1,Physical Flow,hour,2021-01-29T18:00:00+01:00,2021-01-29T19:00:00+01:00,BE-TSO-0001,21X-BE-A-A0A0A-Y,Fluxys Belgium,VTP-00029,Zeebrugge Beach,21Z0000000000090,exit,kWh/h,,,13041072,2021-03-30T00:27:09+02:00,,Confirmed,,,,,False,,,False,PRISMA,,https://platform.prisma-capacity.eu/,,Trading Point,9,False
1Physical Flowhour2021-01-29 18:00:00 +00:002021-01-29 19:00:00 +00:00BE-TSO-0001VTP-00029exitkWh/h,1,Physical Flow,hour,2021-01-29T19:00:00+01:00,2021-01-29T20:00:00+01:00,BE-TSO-0001,21X-BE-A-A0A0A-Y,Fluxys Belgium,VTP-00029,Zeebrugge Beach,21Z0000000000090,exit,kWh/h,,,13039687,2021-03-30T00:27:09+02:00,,Confirmed,,,,,False,,,False,PRISMA,,https://platform.prisma-capacity.eu/,,Trading Point,9,False
1Physical Flowhour2021-01-29 19:00:00 +00:002021-01-29 20:00:00 +00:00BE-TSO-0001VTP-00029exitkWh/h,1,Physical Flow,hour,2021-01-29T20:00:00+01:00,2021-01-29T21:00:00+01:00,BE-TSO-0001,21X-BE-A-A0A0A-Y,Fluxys Belgium,VTP-00029,Zeebrugge Beach,21Z0000000000090,exit,kWh/h,,,13040810,2021-03-30T00:27:09+02:00,,Confirmed,,,,,False,,,False,PRISMA,,https://platform.prisma-capacity.eu/,,Trading Point,9,False
1Physical Flowhour2021-01-29 20:00:00 +00:002021-01-29 21:00:00 +00:00BE-TSO-0001VTP-00029exitkWh/h,1,Physical Flow,hour,2021-01-29T21:00:00+01:00,2021-01-29T22:00:00+01:00,BE-TSO-0001,21X-BE-A-A0A0A-Y,Fluxys Belgium,VTP-00029,Zeebrugge Beach,21Z0000000000090,exit,kWh/h,,,13041696,2021-03-30T00:27:09+02:00,,Confirmed,,,,,False,,,False,PRISMA,,https://platform.prisma-capacity.eu/,,Trading Point,9,False
1Physical Flowhour2021-01-29 21:00:00 +00:002021-01-29 22:00:00 +00:00BE-TSO-0001VTP-00029exitkWh/h,1,Physical Flow,hour,2021-01-29T22:00:00+01:00,2021-01-29T23:00:00+01:00,BE-TSO-0001,21X-BE-A-A0A0A-Y,Fluxys Belgium,VTP-00029,Zeebrugge Beach,21Z0000000000090,exit,kWh/h,,,13040594,2021-03-30T00:27:09+02:00,,Confirmed,,,,,False,,,False,PRISMA,,https://platform.prisma-capacity.eu/,,Trading Point,9,False
1Physical Flowhour2021-01-29 22:00:00 +00:002021-01-29 23:00:00 +00:00BE-TSO-0001VTP-00029exitkWh/h,1,Physical Flow,hour,2021-01-29T23:00:00+01:00,2021-01-30T00:00:00+01:00,BE-TSO-0001,21X-BE-A-A0A0A-Y,Fluxys Belgium,VTP-00029,Zeebrugge Beach,21Z0000000000090,exit,kWh/h,,,13040574,2021-03-30T00:27:09+02:00,,Confirmed,,,,,False,,,False,PRISMA,,https://platform.prisma-capacity.eu/,,Trading Point,9,False
1Physical Flowhour2021-01-29 23:00:00 +00:002021-01-30 00:00:00 +00:00BE-TSO-0001VTP-00029exitkWh/h,1,Physical Flow,hour,2021-01-30T00:00:00+01:00,2021-01-30T01:00:00+01:00,BE-TSO-0001,21X-BE-A-A0A0A-Y,Fluxys Belgium,VTP-00029,Zeebrugge Beach,21Z0000000000090,exit,kWh/h,,,13040052,2021-03-30T00:27:09+02:00,,Confirmed,,,,,False,,,False,PRISMA,,https://platform.prisma-capacity.eu/,,Trading Point,9,False
1Physical Flowhour2021-01-30 00:00:00 +00:002021-01-30 01:00:00 +00:00BE-TSO-0001VTP-00029exitkWh/h,1,Physical Flow,hour,2021-01-30T01:00:00+01:00,2021-01-30T02:00:00+01:00,BE-TSO-0001,21X-BE-A-A0A0A-Y,Fluxys Belgium,VTP-00029,Zeebrugge Beach,21Z0000000000090,exit,kWh/h,,,13041348,2021-03-30T00:27:09+02:00,,Confirmed,,,,,False,,,False,PRISMA,,https://platform.prisma-capacity.eu/,,Trading Point,9,False
1Physical Flowhour2021-01-30 01:00:00 +00:002021-01-30 02:00:00 +00:00BE-TSO-0001VTP-00029exitkWh/h,1,Physical Flow,hour,2021-01-30T02:00:00+01:00,2021-01-30T03:00:00+01:00,BE-TSO-0001,21X-BE-A-A0A0A-Y,Fluxys Belgium,VTP-00029,Zeebrugge Beach,21Z0000000000090,exit,kWh/h,,,13040461,2021-03-30T00:27:09+02:00,,Confirmed,,,,,False,,,False,PRISMA,,https://platform.prisma-capacity.eu/,,Trading Point,9,False
1Physical Flowhour2021-01-30 02:00:00 +00:002021-01-30 03:00:00 +00:00BE-TSO-0001VTP-00029exitkWh/h,1,Physical Flow,hour,2021-01-30T03:00:00+01:00,2021-01-30T04:00:00+01:00,BE-TSO-0001,21X-BE-A-A0A0A-Y,Fluxys Belgium,VTP-00029,Zeebrugge Beach,21Z0000000000090,exit,kWh/h,,,13041793,2021-03-30T00:27:09+02:00,,Confirmed,,,,,False,,,False,PRISMA,,https://platform.prisma-capacity.eu/,,Trading Point,9,False
1Physical Flowhour2021-01-30 03:00:00 +00:002021-01-30 04:00:00 +00:00BE-TSO-0001VTP-00029exitkWh/h,1,Physical Flow,hour,2021-01-30T04:00:00+01:00,2021-01-30T05:00:00+01:00,BE-TSO-0001,21X-BE-A-A0A0A-Y,Fluxys Belgium,VTP-00029,Zeebrugge Beach,21Z0000000000090,exit,kWh/h,,,13040434,2021-03-30T00:27:09+02:00,,Confirmed,,,,,False,,,False,PRISMA,,https://platform.prisma-capacity.eu/,,Trading Point,9,False
1Physical Flowhour2021-01-30 04:00:00 +00:002021-01-30 05:00:00 +00:00BE-TSO-0001VTP-00029exitkWh/h,1,Physical Flow,hour,2021-01-30T05:00:00+01:00,2021-01-30T06:00:00+01:00,BE-TSO-0001,21X-BE-A-A0A0A-Y,Fluxys Belgium,VTP-00029,Zeebrugge Beach,21Z0000000000090,exit,kWh/h,,,13024890,2021-03-30T00:27:09+02:00,,Confirmed,,,,,False,,,False,PRISMA,,https://platform.prisma-capacity.eu/,,Trading Point,9,False
1Physical Flowhour2021-01-30 05:00:00 +00:002021-01-30 06:00:00 +00:00BE-TSO-0001VTP-00029exitkWh/h,1,Physical Flow,hour,2021-01-30T06:00:00+01:00,2021-01-30T07:00:00+01:00,BE-TSO-0001,21X-BE-A-A0A0A-Y,Fluxys Belgium,VTP-00029,Zeebrugge Beach,21Z0000000000090,exit,kWh/h,,,18448268,2021-03-30T00:27:09+02:00,,Confirmed,,,,,False,,,False,PRISMA,,https://platform.prisma-capacity.eu/,,Trading Point,9,False
1Physical Flowhour2021-01-30 06:00:00 +00:002021-01-30 07:00:00 +00:00BE-TSO-0001VTP-00029exitkWh/h,1,Physical Flow,hour,2021-01-30T07:00:00+01:00,2021-01-30T08:00:00+01:00,BE-TSO-0001,21X-BE-A-A0A0A-Y,Fluxys Belgium,VTP-00029,Zeebrugge Beach,21Z0000000000090,exit,kWh/h,,,18292783,2021-03-30T00:27:09+02:00,,Confirmed,,,,,False,,,False,PRISMA,,https://platform.prisma-capacity.eu/,,Trading Point,9,False
1Physical Flowhour2021-01-30 07:00:00 +00:002021-01-30 08:00:00 +00:00BE-TSO-0001VTP-00029exitkWh/h,1,Physical Flow,hour,2021-01-30T08:00:00+01:00,2021-01-30T09:00:00+01:00,BE-TSO-0001,21X-BE-A-A0A0A-Y,Fluxys Belgium,VTP-00029,Zeebrugge Beach,21Z0000000000090,exit,kWh/h,,,18280018,2021-03-30T00:27:09+02:00,,Confirmed,,,,,False,,,False,PRISMA,,https://platform.prisma-capacity.eu/,,Trading Point,9,False
1Physical Flowhour2021-01-30 08:00:00 +00:002021-01-30 09:00:00 +00:00BE-TSO-0001VTP-00029exitkWh/h,1,Physical Flow,hour,2021-01-30T09:00:00+01:00,2021-01-30T10:00:00+01:00,BE-TSO-0001,21X-BE-A-A0A0A-Y,Fluxys Belgium,VTP-00029,Zeebrugge Beach,21Z0000000000090,exit,kWh/h,,,18284495,2021-03-30T00:27:09+02:00,,Confirmed,,,,,False,,,False,PRISMA,,https://platform.prisma-capacity.eu/,,Trading Point,9,False
1Physical Flowhour2021-01-30 09:00:00 +00:002021-01-30 10:00:00 +00:00BE-TSO-0001VTP-00029exitkWh/h,1,Physical Flow,hour,2021-01-30T10:00:00+01:00,2021-01-30T11:00:00+01:00,BE-TSO-0001,21X-BE-A-A0A0A-Y,Fluxys Belgium,VTP-00029,Zeebrugge Beach,21Z0000000000090,exit,kWh/h,,,18256000,2021-03-30T00:27:09+02:00,,Confirmed,,,,,False,,,False,PRISMA,,https://platform.prisma-capacity.eu/,,Trading Point,9,False
1Physical Flowhour2021-01-30 10:00:00 +00:002021-01-30 11:00:00 +00:00BE-TSO-0001VTP-00029exitkWh/h,1,Physical Flow,hour,2021-01-30T11:00:00+01:00,2021-01-30T12:00:00+01:00,BE-TSO-0001,21X-BE-A-A0A0A-Y,Fluxys Belgium,VTP-00029,Zeebrugge Beach,21Z0000000000090,exit,kWh/h,,,18314527,2021-03-30T00:27:09+02:00,,Confirmed,,,,,False,,,False,PRISMA,,https://platform.prisma-capacity.eu/,,Trading Point,9,False
1Physical Flowhour2021-01-30 11:00:00 +00:002021-01-30 12:00:00 +00:00BE-TSO-0001VTP-00029exitkWh/h,1,Physical Flow,hour,2021-01-30T12:00:00+01:00,2021-01-30T13:00:00+01:00,BE-TSO-0001,21X-BE-A-A0A0A-Y,Fluxys Belgium,VTP-00029,Zeebrugge Beach,21Z0000000000090,exit,kWh/h,,,18283110,2021-03-30T00:27:09+02:00,,Confirmed,,,,,False,,,False,PRISMA,,https://platform.prisma-capacity.eu/,,Trading Point,9,False
1Physical Flowhour2021-01-30 12:00:00 +00:002021-01-30 13:00:00 +00:00BE-TSO-0001VTP-00029exitkWh/h,1,Physical Flow,hour,2021-01-30T13:00:00+01:00,2021-01-30T14:00:00+01:00,BE-TSO-0001,21X-BE-A-A0A0A-Y,Fluxys Belgium,VTP-00029,Zeebrugge Beach,21Z0000000000090,exit,kWh/h,,,18285835,2021-03-30T00:27:09+02:00,,Confirmed,,,,,False,,,False,PRISMA,,https://platform.prisma-capacity.eu/,,Trading Point,9,False
1Physical Flowhour2021-01-30 13:00:00 +00:002021-01-30 14:00:00 +00:00BE-TSO-0001VTP-00029exitkWh/h,1,Physical Flow,hour,2021-01-30T14:00:00+01:00,2021-01-30T15:00:00+01:00,BE-TSO-0001,21X-BE-A-A0A0A-Y,Fluxys Belgium,VTP-00029,Zeebrugge Beach,21Z0000000000090,exit,kWh/h,,,18280290,2021-03-30T00:27:09+02:00,,Confirmed,,,,,False,,,False,PRISMA,,https://platform.prisma-capacity.eu/,,Trading Point,9,False
1Physical Flowhour2021-01-30 14:00:00 +00:002021-01-30 15:00:00 +00:00BE-TSO-0001VTP-00029exitkWh/h,1,Physical Flow,hour,2021-01-30T15:00:00+01:00,2021-01-30T16:00:00+01:00,BE-TSO-0001,21X-BE-A-A0A0A-Y,Fluxys Belgium,VTP-00029,Zeebrugge Beach,21Z0000000000090,exit,kWh/h,,,18286328,2021-03-30T00:27:09+02:00,,Confirmed,,,,,False,,,False,PRISMA,,https://platform.prisma-capacity.eu/,,Trading Point,9,False
1Physical Flowhour2021-01-30 15:00:00 +00:002021-01-30 16:00:00 +00:00BE-TSO-0001VTP-00029exitkWh/h,1,Physical Flow,hour,2021-01-30T16:00:00+01:00,2021-01-30T17:00:00+01:00,BE-TSO-0001,21X-BE-A-A0A0A-Y,Fluxys Belgium,VTP-00029,Zeebrugge Beach,21Z0000000000090,exit,kWh/h,,,18286183,2021-03-30T00:27:09+02:00,,Confirmed,,,,,False,,,False,PRISMA,,https://platform.prisma-capacity.eu/,,Trading Point,9,False
1Physical Flowhour2021-01-30 16:00:00 +00:002021-01-30 17:00:00 +00:00BE-TSO-0001VTP-00029exitkWh/h,1,Physical Flow,hour,2021-01-30T17:00:00+01:00,2021-01-30T18:00:00+01:00,BE-TSO-0001,21X-BE-A-A0A0A-Y,Fluxys Belgium,VTP-00029,Zeebrugge Beach,21Z0000000000090,exit,kWh/h,,,18283870,2021-03-30T00:27:09+02:00,,Confirmed,,,,,False,,,False,PRISMA,,https://platform.prisma-capacity.eu/,,Trading Point,9,False
1Physical Flowhour2021-01-30 17:00:00 +00:002021-01-30 18:00:00 +00:00BE-TSO-0001VTP-00029exitkWh/h,1,Physical Flow,hour,2021-01-30T18:00:00+01:00,2021-01-30T19:00:00+01:00,BE-TSO-0001,21X-BE-A-A0A0A-Y,Fluxys Belgium,VTP-00029,Zeebrugge Beach,21Z0000000000090,exit,kWh/h,,,18285696,2021-03-30T00:27:09+02:00,,Confirmed,,,,,False,,,False,PRISMA,,https://platform.prisma-capacity.eu/,,Trading Point,9,False
1Physical Flowhour2021-01-30 18:00:00 +00:002021-01-30 19:00:00 +00:00BE-TSO-0001VTP-00029exitkWh/h,1,Physical Flow,hour,2021-01-30T19:00:00+01:00,2021-01-30T20:00:00+01:00,BE-TSO-0001,21X-BE-A-A0A0A-Y,Fluxys Belgium,VTP-00029,Zeebrugge Beach,21Z0000000000090,exit,kWh/h,,,18279354,2021-03-30T00:27:09+02:00,,Confirmed,,,,,False,,,False,PRISMA,,https://platform.prisma-capacity.eu/,,Trading Point,9,False
1Physical Flowhour2021-01-30 19:00:00 +00:002021-01-30 20:00:00 +00:00BE-TSO-0001VTP-00029exitkWh/h,1,Physical Flow,hour,2021-01-30T20:00:00+01:00,2021-01-30T21:00:00+01:00,BE-TSO-0001,21X-BE-A-A0A0A-Y,Fluxys Belgium,VTP-00029,Zeebrugge Beach,21Z0000000000090,exit,kWh/h,,,18289982,2021-03-30T00:27:09+02:00,,Confirmed,,,,,False,,,False,PRISMA,,https://platform.prisma-capacity.eu/,,Trading Point,9,False
1Physical Flowhour2021-01-30 20:00:00 +00:002021-01-30 21:00:00 +00:00BE-TSO-0001VTP-00029exitkWh/h,1,Physical Flow,hour,2021-01-30T21:00:00+01:00,2021-01-30T22:00:00+01:00,BE-TSO-0001,21X-BE-A-A0A0A-Y,Fluxys Belgium,VTP-00029,Zeebrugge Beach,21Z0000000000090,exit,kWh/h,,,18283467,2021-03-30T00:27:09+02:00,,Confirmed,,,,,False,,,False,PRISMA,,https://platform.prisma-capacity.eu/,,Trading Point,9,False
1Physical Flowhour2021-01-30 21:00:00 +00:002021-01-30 22:00:00 +00:00BE-TSO-0001VTP-00029exitkWh/h,1,Physical Flow,hour,2021-01-30T22:00:00+01:00,2021-01-30T23:00:00+01:00,BE-TSO-0001,21X-BE-A-A0A0A-Y,Fluxys Belgium,VTP-00029,Zeebrugge Beach,21Z0000000000090,exit,kWh/h,,,17983099,2021-03-30T00:27:09+02:00,,Confirmed,,,,,False,,,False,PRISMA,,https://platform.prisma-capacity.eu/,,Trading Point,9,False
1Physical Flowhour2021-01-30 22:00:00 +00:002021-01-30 23:00:00 +00:00BE-TSO-0001VTP-00029exitkWh/h,1,Physical Flow,hour,2021-01-30T23:00:00+01:00,2021-01-31T00:00:00+01:00,BE-TSO-0001,21X-BE-A-A0A0A-Y,Fluxys Belgium,VTP-00029,Zeebrugge Beach,21Z0000000000090,exit,kWh/h,,,17924876,2021-03-30T00:27:09+02:00,,Confirmed,,,,,False,,,False,PRISMA,,https://platform.prisma-capacity.eu/,,Trading Point,9,False
1Physical Flowhour2021-01-30 23:00:00 +00:002021-01-31 00:00:00 +00:00BE-TSO-0001VTP-00029exitkWh/h,1,Physical Flow,hour,2021-01-31T00:00:00+01:00,2021-01-31T01:00:00+01:00,BE-TSO-0001,21X-BE-A-A0A0A-Y,Fluxys Belgium,VTP-00029,Zeebrugge Beach,21Z0000000000090,exit,kWh/h,,,17687460,2021-03-30T00:27:09+02:00,,Confirmed,,,,,False,,,False,PRISMA,,https://platform.prisma-capacity.eu/,,Trading Point,9,False
1Physical Flowhour2021-01-31 00:00:00 +00:002021-01-31 01:00:00 +00:00BE-TSO-0001VTP-00029exitkWh/h,1,Physical Flow,hour,2021-01-31T01:00:00+01:00,2021-01-31T02:00:00+01:00,BE-TSO-0001,21X-BE-A-A0A0A-Y,Fluxys Belgium,VTP-00029,Zeebrugge Beach,21Z0000000000090,exit,kWh/h,,,17722019,2021-03-30T00:27:09+02:00,,Confirmed,,,,,False,,,False,PRISMA,,https://platform.prisma-capacity.eu/,,Trading Point,9,False
1Physical Flowhour2021-01-31 01:00:00 +00:002021-01-31 02:00:00 +00:00BE-TSO-0001VTP-00029exitkWh/h,1,Physical Flow,hour,2021-01-31T02:00:00+01:00,2021-01-31T03:00:00+01:00,BE-TSO-0001,21X-BE-A-A0A0A-Y,Fluxys Belgium,VTP-00029,Zeebrugge Beach,21Z0000000000090,exit,kWh/h,,,17415622,2021-03-30T00:27:09+02:00,,Confirmed,,,,,False,,,False,PRISMA,,https://platform.prisma-capacity.eu/,,Trading Point,9,False
1Physical Flowhour2021-01-31 02:00:00 +00:002021-01-31 03:00:00 +00:00BE-TSO-0001VTP-00029exitkWh/h,1,Physical Flow,hour,2021-01-31T03:00:00+01:00,2021-01-31T04:00:00+01:00,BE-TSO-0001,21X-BE-A-A0A0A-Y,Fluxys Belgium,VTP-00029,Zeebrugge Beach,21Z0000000000090,exit,kWh/h,,,17385280,2021-03-30T00:27:09+02:00,,Confirmed,,,,,False,,,False,PRISMA,,https://platform.prisma-capacity.eu/,,Trading Point,9,False
1Physical Flowhour2021-01-31 03:00:00 +00:002021-01-31 04:00:00 +00:00BE-TSO-0001VTP-00029exitkWh/h,1,Physical Flow,hour,2021-01-31T04:00:00+01:00,2021-01-31T05:00:00+01:00,BE-TSO-0001,21X-BE-A-A0A0A-Y,Fluxys Belgium,VTP-00029,Zeebrugge Beach,21Z0000000000090,exit,kWh/h,,,17397719,2021-03-30T00:27:09+02:00,,Confirmed,,,,,False,,,False,PRISMA,,https://platform.prisma-capacity.eu/,,Trading Point,9,False
1Physical Flowhour2021-01-31 04:00:00 +00:002021-01-31 05:00:00 +00:00BE-TSO-0001VTP-00029exitkWh/h,1,Physical Flow,hour,2021-01-31T05:00:00+01:00,2021-01-31T06:00:00+01:00,BE-TSO-0001,21X-BE-A-A0A0A-Y,Fluxys Belgium,VTP-00029,Zeebrugge Beach,21Z0000000000090,exit,kWh/h,,,17371327,2021-03-30T00:27:09+02:00,,Confirmed,,,,,False,,,False,PRISMA,,https://platform.prisma-capacity.eu/,,Trading Point,9,False
1Physical Flowhour2021-01-31 05:00:00 +00:002021-01-31 06:00:00 +00:00BE-TSO-0001VTP-00029exitkWh/h,1,Physical Flow,hour,2021-01-31T06:00:00+01:00,2021-01-31T07:00:00+01:00,BE-TSO-0001,21X-BE-A-A0A0A-Y,Fluxys Belgium,VTP-00029,Zeebrugge Beach,21Z0000000000090,exit,kWh/h,,,17950087,2021-03-30T00:27:09+02:00,,Confirmed,,,,,False,,,False,PRISMA,,https://platform.prisma-capacity.eu/,,Trading Point,9,False
1Physical Flowhour2021-01-31 06:00:00 +00:002021-01-31 07:00:00 +00:00BE-TSO-0001VTP-00029exitkWh/h,1,Physical Flow,hour,2021-01-31T07:00:00+01:00,2021-01-31T08:00:00+01:00,BE-TSO-0001,21X-BE-A-A0A0A-Y,Fluxys Belgium,VTP-00029,Zeebrugge Beach,21Z0000000000090,exit,kWh/h,,,17746679,2021-03-30T00:27:09+02:00,,Confirmed,,,,,False,,,False,PRISMA,,https://platform.prisma-capacity.eu/,,Trading Point,9,False
1Physical Flowhour2021-01-31 07:00:00 +00:002021-01-31 08:00:00 +00:00BE-TSO-0001VTP-00029exitkWh/h,1,Physical Flow,hour,2021-01-31T08:00:00+01:00,2021-01-31T09:00:00+01:00,BE-TSO-0001,21X-BE-A-A0A0A-Y,Fluxys Belgium,VTP-00029,Zeebrugge Beach,21Z0000000000090,exit,kWh/h,,,17744466,2021-03-30T00:27:09+02:00,,Confirmed,,,,,False,,,False,PRISMA,,https://platform.prisma-capacity.eu/,,Trading Point,9,False
1Physical Flowhour2021-01-31 08:00:00 +00:002021-01-31 09:00:00 +00:00BE-TSO-0001VTP-00029exitkWh/h,1,Physical Flow,hour,2021-01-31T09:00:00+01:00,2021-01-31T10:00:00+01:00,BE-TSO-0001,21X-BE-A-A0A0A-Y,Fluxys Belgium,VTP-00029,Zeebrugge Beach,21Z0000000000090,exit,kWh/h,,,17720813,2021-03-30T00:27:09+02:00,,Confirmed,,,,,False,,,False,PRISMA,,https://platform.prisma-capacity.eu/,,Trading Point,9,False
1Physical Flowhour2021-01-31 09:00:00 +00:002021-01-31 10:00:00 +00:00BE-TSO-0001VTP-00029exitkWh/h,1,Physical Flow,hour,2021-01-31T10:00:00+01:00,2021-01-31T11:00:00+01:00,BE-TSO-0001,21X-BE-A-A0A0A-Y,Fluxys Belgium,VTP-00029,Zeebrugge Beach,21Z0000000000090,exit,kWh/h,,,17774551,2021-03-30T00:27:09+02:00,,Confirmed,,,,,False,,,False,PRISMA,,https://platform.prisma-capacity.eu/,,Trading Point,9,False
1Physical Flowhour2021-01-31 10:00:00 +00:002021-01-31 11:00:00 +00:00BE-TSO-0001VTP-00029exitkWh/h,1,Physical Flow,hour,2021-01-31T11:00:00+01:00,2021-01-31T12:00:00+01:00,BE-TSO-0001,21X-BE-A-A0A0A-Y,Fluxys Belgium,VTP-00029,Zeebrugge Beach,21Z0000000000090,exit,kWh/h,,,17782738,2021-03-30T00:27:09+02:00,,Confirmed,,,,,False,,,False,PRISMA,,https://platform.prisma-capacity.eu/,,Trading Point,9,False
1Physical Flowhour2021-01-31 11:00:00 +00:002021-01-31 12:00:00 +00:00BE-TSO-0001VTP-00029exitkWh/h,1,Physical Flow,hour,2021-01-31T12:00:00+01:00,2021-01-31T13:00:00+01:00,BE-TSO-0001,21X-BE-A-A0A0A-Y,Fluxys Belgium,VTP-00029,Zeebrugge Beach,21Z0000000000090,exit,kWh/h,,,17686217,2021-03-30T00:27:09+02:00,,Confirmed,,,,,False,,,False,PRISMA,,https://platform.prisma-capacity.eu/,,Trading Point,9,False
1Physical Flowhour2021-01-31 12:00:00 +00:002021-01-31 13:00:00 +00:00BE-TSO-0001VTP-00029exitkWh/h,1,Physical Flow,hour,2021-01-31T13:00:00+01:00,2021-01-31T14:00:00+01:00,BE-TSO-0001,21X-BE-A-A0A0A-Y,Fluxys Belgium,VTP-00029,Zeebrugge Beach,21Z0000000000090,exit,kWh/h,,,17796055,2021-03-30T00:27:09+02:00,,Confirmed,,,,,False,,,False,PRISMA,,https://platform.prisma-capacity.eu/,,Trading Point,9,False
1Physical Flowhour2021-01-31 13:00:00 +00:002021-01-31 14:00:00 +00:00BE-TSO-0001VTP-00029exitkWh/h,1,Physical Flow,hour,2021-01-31T14:00:00+01:00,2021-01-31T15:00:00+01:00,BE-TSO-0001,21X-BE-A-A0A0A-Y,Fluxys Belgium,VTP-00029,Zeebrugge Beach,21Z0000000000090,exit,kWh/h,,,17722336,2021-03-30T00:27:09+02:00,,Confirmed,,,,,False,,,False,PRISMA,,https://platform.prisma-capacity.eu/,,Trading Point,9,False
1Physical Flowhour2021-01-31 14:00:00 +00:002021-01-31 15:00:00 +00:00BE-TSO-0001VTP-00029exitkWh/h,1,Physical Flow,hour,2021-01-31T15:00:00+01:00,2021-01-31T16:00:00+01:00,BE-TSO-0001,21X-BE-A-A0A0A-Y,Fluxys Belgium,VTP-00029,Zeebrugge Beach,21Z0000000000090,exit,kWh/h,,,17774634,2021-03-30T00:27:09+02:00,,Confirmed,,,,,False,,,False,PRISMA,,https://platform.prisma-capacity.eu/,,Trading Point,9,False
1Physical Flowhour2021-01-31 15:00:00 +00:002021-01-31 16:00:00 +00:00BE-TSO-0001VTP-00029exitkWh/h,1,Physical Flow,hour,2021-01-31T16:00:00+01:00,2021-01-31T17:00:00+01:00,BE-TSO-0001,21X-BE-A-A0A0A-Y,Fluxys Belgium,VTP-00029,Zeebrugge Beach,21Z0000000000090,exit,kWh/h,,,17734320,2021-03-30T00:27:09+02:00,,Confirmed,,,,,False,,,False,PRISMA,,https://platform.prisma-capacity.eu/,,Trading Point,9,False
1Physical Flowhour2021-01-31 16:00:00 +00:002021-01-31 17:00:00 +00:00BE-TSO-0001VTP-00029exitkWh/h,1,Physical Flow,hour,2021-01-31T17:00:00+01:00,2021-01-31T18:00:00+01:00,BE-TSO-0001,21X-BE-A-A0A0A-Y,Fluxys Belgium,VTP-00029,Zeebrugge Beach,21Z0000000000090,exit,kWh/h,,,17736319,2021-03-30T00:27:09+02:00,,Confirmed,,,,,False,,,False,PRISMA,,https://platform.prisma-capacity.eu/,,Trading Point,9,False
1Physical Flowhour2021-01-31 17:00:00 +00:002021-01-31 18:00:00 +00:00BE-TSO-0001VTP-00029exitkWh/h,1,Physical Flow,hour,2021-01-31T18:00:00+01:00,2021-01-31T19:00:00+01:00,BE-TSO-0001,21X-BE-A-A0A0A-Y,Fluxys Belgium,VTP-00029,Zeebrugge Beach,21Z0000000000090,exit,kWh/h,,,17739105,2021-03-30T00:27:09+02:00,,Confirmed,,,,,False,,,False,PRISMA,,https://platform.prisma-capacity.eu/,,Trading Point,9,False
1Physical Flowhour2021-01-31 18:00:00 +00:002021-01-31 19:00:00 +00:00BE-TSO-0001VTP-00029exitkWh/h,1,Physical Flow,hour,2021-01-31T19:00:00+01:00,2021-01-31T20:00:00+01:00,BE-TSO-0001,21X-BE-A-A0A0A-Y,Fluxys Belgium,VTP-00029,Zeebrugge Beach,21Z0000000000090,exit,kWh/h,,,17737946,2021-03-30T00:27:09+02:00,,Confirmed,,,,,False,,,False,PRISMA,,https://platform.prisma-capacity.eu/,,Trading Point,9,False
1Physical Flowhour2021-01-31 19:00:00 +00:002021-01-31 20:00:00 +00:00BE-TSO-0001VTP-00029exitkWh/h,1,Physical Flow,hour,2021-01-31T20:00:00+01:00,2021-01-31T21:00:00+01:00,BE-TSO-0001,21X-BE-A-A0A0A-Y,Fluxys Belgium,VTP-00029,Zeebrugge Beach,21Z0000000000090,exit,kWh/h,,,17740703,2021-03-30T00:27:09+02:00,,Confirmed,,,,,False,,,False,PRISMA,,https://platform.prisma-capacity.eu/,,Trading Point,9,False
1Physical Flowhour2021-01-31 20:00:00 +00:002021-01-31 21:00:00 +00:00BE-TSO-0001VTP-00029exitkWh/h,1,Physical Flow,hour,2021-01-31T21:00:00+01:00,2021-01-31T22:00:00+01:00,BE-TSO-0001,21X-BE-A-A0A0A-Y,Fluxys Belgium,VTP-00029,Zeebrugge Beach,21Z0000000000090,exit,kWh/h,,,17718662,2021-03-30T00:27:09+02:00,,Confirmed,,,,,False,,,False,PRISMA,,https://platform.prisma-capacity.eu/,,Trading Point,9,False
1Physical Flowhour2021-01-31 21:00:00 +00:002021-01-31 22:00:00 +00:00BE-TSO-0001VTP-00029exitkWh/h,1,Physical Flow,hour,2021-01-31T22:00:00+01:00,2021-01-31T23:00:00+01:00,BE-TSO-0001,21X-BE-A-A0A0A-Y,Fluxys Belgium,VTP-00029,Zeebrugge Beach,21Z0000000000090,exit,kWh/h,,,17685665,2021-03-30T00:27:09+02:00,,Confirmed,,,,,False,,,False,PRISMA,,https://platform.prisma-capacity.eu/,,Trading Point,9,False
1Physical Flowhour2021-01-31 22:00:00 +00:002021-01-31 23:00:00 +00:00BE-TSO-0001VTP-00029exitkWh/h,1,Physical Flow,hour,2021-01-31T23:00:00+01:00,2021-02-01T00:00:00+01:00,BE-TSO-0001,21X-BE-A-A0A0A-Y,Fluxys Belgium,VTP-00029,Zeebrugge Beach,21Z0000000000090,exit,kWh/h,,,17737531,2021-03-30T00:27:09+02:00,,Confirmed,,,,,False,,,False,PRISMA,,https://platform.prisma-capacity.eu/,,Trading Point,9,False
1Physical Flowhour2021-01-31 23:00:00 +00:002021-02-01 00:00:00 +00:00BE-TSO-0001VTP-00029exitkWh/h,1,Physical Flow,hour,2021-02-01T00:00:00+01:00,2021-02-01T01:00:00+01:00,BE-TSO-0001,21X-BE-A-A0A0A-Y,Fluxys Belgium,VTP-00029,Zeebrugge Beach,21Z0000000000090,exit,kWh/h,,,17740874,2021-03-30T00:27:09+02:00,,Confirmed,,,,,False,,,False,PRISMA,,https://platform.prisma-capacity.eu/,,Trading Point,9,False
1Physical Flowhour2021-02-01 00:00:00 +00:002021-02-01 01:00:00 +00:00BE-TSO-0001VTP-00029exitkWh/h,1,Physical Flow,hour,2021-02-01T01:00:00+01:00,2021-02-01T02:00:00+01:00,BE-TSO-0001,21X-BE-A-A0A0A-Y,Fluxys Belgium,VTP-00029,Zeebrugge Beach,21Z0000000000090,exit,kWh/h,,,17712255,2021-03-30T00:27:09+02:00,,Confirmed,,,,,False,,,False,PRISMA,,https://platform.prisma-capacity.eu/,,Trading Point,9,False
1Physical Flowhour2021-02-01 01:00:00 +00:002021-02-01 02:00:00 +00:00BE-TSO-0001VTP-00029exitkWh/h,1,Physical Flow,hour,2021-02-01T02:00:00+01:00,2021-02-01T03:00:00+01:00,BE-TSO-0001,21X-BE-A-A0A0A-Y,Fluxys Belgium,VTP-00029,Zeebrugge Beach,21Z0000000000090,exit,kWh/h,,,17698149,2021-03-30T00:27:09+02:00,,Confirmed,,,,,False,,,False,PRISMA,,https://platform.prisma-capacity.eu/,,Trading Point,9,False
1Physical Flowhour2021-02-01 02:00:00 +00:002021-02-01 03:00:00 +00:00BE-TSO-0001VTP-00029exitkWh/h,1,Physical Flow,hour,2021-02-01T03:00:00+01:00,2021-02-01T04:00:00+01:00,BE-TSO-0001,21X-BE-A-A0A0A-Y,Fluxys Belgium,VTP-00029,Zeebrugge Beach,21Z0000000000090,exit,kWh/h,,,17733780,2021-03-30T00:27:09+02:00,,Confirmed,,,,,False,,,False,PRISMA,,https://platform.prisma-capacity.eu/,,Trading Point,9,False
1Physical Flowhour2021-02-01 03:00:00 +00:002021-02-01 04:00:00 +00:00BE-TSO-0001VTP-00029exitkWh/h,1,Physical Flow,hour,2021-02-01T04:00:00+01:00,2021-02-01T05:00:00+01:00,BE-TSO-0001,21X-BE-A-A0A0A-Y,Fluxys Belgium,VTP-00029,Zeebrugge Beach,21Z0000000000090,exit,kWh/h,,,17737792,2021-03-30T00:27:09+02:00,,Confirmed,,,,,False,,,False,PRISMA,,https://platform.prisma-capacity.eu/,,Trading Point,9,False
1Physical Flowhour2021-02-01 04:00:00 +00:002021-02-01 05:00:00 +00:00BE-TSO-0001VTP-00029exitkWh/h,1,Physical Flow,hour,2021-02-01T05:00:00+01:00,2021-02-01T06:00:00+01:00,BE-TSO-0001,21X-BE-A-A0A0A-Y,Fluxys Belgium,VTP-00029,Zeebrugge Beach,21Z0000000000090,exit,kWh/h,,,17734346,2021-03-30T00:27:09+02:00,,Confirmed,,,,,False,,,False,PRISMA,,https://platform.prisma-capacity.eu/,,Trading Point,9,False
1Physical Flowhour2021-02-01 05:00:00 +00:002021-02-01 06:00:00 +00:00BE-TSO-0001VTP-00029exitkWh/h,1,Physical Flow,hour,2021-02-01T06:00:00+01:00,2021-02-01T07:00:00+01:00,BE-TSO-0001,21X-BE-A-A0A0A-Y,Fluxys Belgium,VTP-00029,Zeebrugge Beach,21Z0000000000090,exit,kWh/h,,,11686137,2021-03-30T00:27:09+02:00,,Confirmed,,,,,False,,,False,PRISMA,,https://platform.prisma-capacity.eu/,,Trading Point,9,False
1Physical Flowhour2021-02-01 06:00:00 +00:002021-02-01 07:00:00 +00:00BE-TSO-0001VTP-00029exitkWh/h,1,Physical Flow,hour,2021-02-01T07:00:00+01:00,2021-02-01T08:00:00+01:00,BE-TSO-0001,21X-BE-A-A0A0A-Y,Fluxys Belgium,VTP-00029,Zeebrugge Beach,21Z0000000000090,exit,kWh/h,,,11581144,2021-03-30T00:27:09+02:00,,Confirmed,,,,,False,,,False,PRISMA,,https://platform.prisma-capacity.eu/,,Trading Point,9,False
1Physical Flowhour2021-02-01 07:00:00 +00:002021-02-01 08:00:00 +00:00BE-TSO-0001VTP-00029exitkWh/h,1,Physical Flow,hour,2021-02-01T08:00:00+01:00,2021-02-01T09:00:00+01:00,BE-TSO-0001,21X-BE-A-A0A0A-Y,Fluxys Belgium,VTP-00029,Zeebrugge Beach,21Z0000000000090,exit,kWh/h,,,11577416,2021-03-30T00:27:09+02:00,,Confirmed,,,,,False,,,False,PRISMA,,https://platform.prisma-capacity.eu/,,Trading Point,9,False
1Physical Flowhour2021-02-01 08:00:00 +00:002021-02-01 09:00:00 +00:00BE-TSO-0001VTP-00029exitkWh/h,1,Physical Flow,hour,2021-02-01T09:00:00+01:00,2021-02-01T10:00:00+01:00,BE-TSO-0001,21X-BE-A-A0A0A-Y,Fluxys Belgium,VTP-00029,Zeebrugge Beach,21Z0000000000090,exit,kWh/h,,,11577848,2021-03-30T00:27:09+02:00,,Confirmed,,,,,False,,,False,PRISMA,,https://platform.prisma-capacity.eu/,,Trading Point,9,False
1Physical Flowhour2021-02-01 09:00:00 +00:002021-02-01 10:00:00 +00:00BE-TSO-0001VTP-00029exitkWh/h,1,Physical Flow,hour,2021-02-01T10:00:00+01:00,2021-02-01T11:00:00+01:00,BE-TSO-0001,21X-BE-A-A0A0A-Y,Fluxys Belgium,VTP-00029,Zeebrugge Beach,21Z0000000000090,exit,kWh/h,,,11577185,2021-03-30T00:27:09+02:00,,Confirmed,,,,,False,,,False,PRISMA,,https://platform.prisma-capacity.eu/,,Trading Point,9,False
1Physical Flowhour2021-02-01 10:00:00 +00:002021-02-01 11:00:00 +00:00BE-TSO-0001VTP-00029exitkWh/h,1,Physical Flow,hour,2021-02-01T11:00:00+01:00,2021-02-01T12:00:00+01:00,BE-TSO-0001,21X-BE-A-A0A0A-Y,Fluxys Belgium,VTP-00029,Zeebrugge Beach,21Z0000000000090,exit,kWh/h,,,11577487,2021-03-30T00:27:09+02:00,,Confirmed,,,,,False,,,False,PRISMA,,https://platform.prisma-capacity.eu/,,Trading Point,9,False
1Physical Flowhour2021-02-01 11:00:00 +00:002021-02-01 12:00:00 +00:00BE-TSO-0001VTP-00029exitkWh/h,1,Physical Flow,hour,2021-02-01T12:00:00+01:00,2021-02-01T13:00:00+01:00,BE-TSO-0001,21X-BE-A-A0A0A-Y,Fluxys Belgium,VTP-00029,Zeebrugge Beach,21Z0000000000090,exit,kWh/h,,,11577756,2021-03-30T00:27:09+02:00,,Confirmed,,,,,False,,,False,PRISMA,,https://platform.prisma-capacity.eu/,,Trading Point,9,False
1Physical Flowhour2021-02-01 12:00:00 +00:002021-02-01 13:00:00 +00:00BE-TSO-0001VTP-00029exitkWh/h,1,Physical Flow,hour,2021-02-01T13:00:00+01:00,2021-02-01T14:00:00+01:00,BE-TSO-0001,21X-BE-A-A0A0A-Y,Fluxys Belgium,VTP-00029,Zeebrugge Beach,21Z0000000000090,exit,kWh/h,,,11578098,2021-03-30T00:27:09+02:00,,Confirmed,,,,,False,,,False,PRISMA,,https://platform.prisma-capacity.eu/,,Trading Point,9,False
1Physical Flowhour2021-02-01 13:00:00 +00:002021-02-01 14:00:00 +00:00BE-TSO-0001VTP-00029exitkWh/h,1,Physical Flow,hour,2021-02-01T14:00:00+01:00,2021-02-01T15:00:00+01:00,BE-TSO-0001,21X-BE-A-A0A0A-Y,Fluxys Belgium,VTP-00029,Zeebrugge Beach,21Z0000000000090,exit,kWh/h,,,11576305,2021-03-30T00:27:09+02:00,,Confirmed,,,,,False,,,False,PRISMA,,https://platform.prisma-capacity.eu/,,Trading Point,9,False
1Physical Flowhour2021-02-01 14:00:00 +00:002021-02-01 15:00:00 +00:00BE-TSO-0001VTP-00029exitkWh/h,1,Physical Flow,hour,2021-02-01T15:00:00+01:00,2021-02-01T16:00:00+01:00,BE-TSO-0001,21X-BE-A-A0A0A-Y,Fluxys Belgium,VTP-00029,Zeebrugge Beach,21Z0000000000090,exit,kWh/h,,,11578098,2021-03-30T00:27:09+02:00,,Confirmed,,,,,False,,,False,PRISMA,,https://platform.prisma-capacity.eu/,,Trading Point,9,False
1Physical Flowhour2021-02-01 15:00:00 +00:002021-02-01 16:00:00 +00:00BE-TSO-0001VTP-00029exitkWh/h,1,Physical Flow,hour,2021-02-01T16:00:00+01:00,2021-02-01T17:00:00+01:00,BE-TSO-0001,21X-BE-A-A0A0A-Y,Fluxys Belgium,VTP-00029,Zeebrugge Beach,21Z0000000000090,exit,kWh/h,,,11562547,2021-03-30T00:27:09+02:00,,Confirmed,,,,,False,,,False,PRISMA,,https://platform.prisma-capacity.eu/,,Trading Point,9,False
1Physical Flowhour2021-02-01 16:00:00 +00:002021-02-01 17:00:00 +00:00BE-TSO-0001VTP-00029exitkWh/h,1,Physical Flow,hour,2021-02-01T17:00:00+01:00,2021-02-01T18:00:00+01:00,BE-TSO-0001,21X-BE-A-A0A0A-Y,Fluxys Belgium,VTP-00029,Zeebrugge Beach,21Z0000000000090,exit,kWh/h,,,10948162,2021-03-30T00:27:09+02:00,,Confirmed,,,,,False,,,False,PRISMA,,https://platform.prisma-capacity.eu/,,Trading Point,9,False
1Physical Flowhour2021-02-01 17:00:00 +00:002021-02-01 18:00:00 +00:00BE-TSO-0001VTP-00029exitkWh/h,1,Physical Flow,hour,2021-02-01T18:00:00+01:00,2021-02-01T19:00:00+01:00,BE-TSO-0001,21X-BE-A-A0A0A-Y,Fluxys Belgium,VTP-00029,Zeebrugge Beach,21Z0000000000090,exit,kWh/h,,,10936670,2021-03-30T00:27:09+02:00,,Confirmed,,,,,False,,,False,PRISMA,,https://platform.prisma-capacity.eu/,,Trading Point,9,False
1Physical Flowhour2021-02-01 18:00:00 +00:002021-02-01 19:00:00 +00:00BE-TSO-0001VTP-00029exitkWh/h,1,Physical Flow,hour,2021-02-01T19:00:00+01:00,2021-02-01T20:00:00+01:00,BE-TSO-0001,21X-BE-A-A0A0A-Y,Fluxys Belgium,VTP-00029,Zeebrugge Beach,21Z0000000000090,exit,kWh/h,,,10939278,2021-03-30T00:27:09+02:00,,Confirmed,,,,,False,,,False,PRISMA,,https://platform.prisma-capacity.eu/,,Trading Point,9,False
1Physical Flowhour2021-02-01 19:00:00 +00:002021-02-01 20:00:00 +00:00BE-TSO-0001VTP-00029exitkWh/h,1,Physical Flow,hour,2021-02-01T20:00:00+01:00,2021-02-01T21:00:00+01:00,BE-TSO-0001,21X-BE-A-A0A0A-Y,Fluxys Belgium,VTP-00029,Zeebrugge Beach,21Z0000000000090,exit,kWh/h,,,10940015,2021-03-30T00:27:09+02:00,,Confirmed,,,,,False,,,False,PRISMA,,https://platform.prisma-capacity.eu/,,Trading Point,9,False
1Physical Flowhour2021-02-01 20:00:00 +00:002021-02-01 21:00:00 +00:00BE-TSO-0001VTP-00029exitkWh/h,1,Physical Flow,hour,2021-02-01T21:00:00+01:00,2021-02-01T22:00:00+01:00,BE-TSO-0001,21X-BE-A-A0A0A-Y,Fluxys Belgium,VTP-00029,Zeebrugge Beach,21Z0000000000090,exit,kWh/h,,,10924941,2021-03-30T00:27:09+02:00,,Confirmed,,,,,False,,,False,PRISMA,,https://platform.prisma-capacity.eu/,,Trading Point,9,False
1Physical Flowhour2021-02-01 21:00:00 +00:002021-02-01 22:00:00 +00:00BE-TSO-0001VTP-00029exitkWh/h,1,Physical Flow,hour,2021-02-01T22:00:00+01:00,2021-02-01T23:00:00+01:00,BE-TSO-0001,21X-BE-A-A0A0A-Y,Fluxys Belgium,VTP-00029,Zeebrugge Beach,21Z0000000000090,exit,kWh/h,,,10950518,2021-03-30T00:27:09+02:00,,Confirmed,,,,,False,,,False,PRISMA,,https://platform.prisma-capacity.eu/,,Trading Point,9,False
1Physical Flowhour2021-02-01 22:00:00 +00:002021-02-01 23:00:00 +00:00BE-TSO-0001VTP-00029exitkWh/h,1,Physical Flow,hour,2021-02-01T23:00:00+01:00,2021-02-02T00:00:00+01:00,BE-TSO-0001,21X-BE-A-A0A0A-Y,Fluxys Belgium,VTP-00029,Zeebrugge Beach,21Z0000000000090,exit,kWh/h,,,10936746,2021-03-30T00:27:09+02:00,,Confirmed,,,,,False,,,False,PRISMA,,https://platform.prisma-capacity.eu/,,Trading Point,9,False
1Physical Flowhour2021-02-01 23:00:00 +00:002021-02-02 00:00:00 +00:00BE-TSO-0001VTP-00029exitkWh/h,1,Physical Flow,hour,2021-02-02T00:00:00+01:00,2021-02-02T01:00:00+01:00,BE-TSO-0001,21X-BE-A-A0A0A-Y,Fluxys Belgium,VTP-00029,Zeebrugge Beach,21Z0000000000090,exit,kWh/h,,,10940068,2021-03-30T00:27:09+02:00,,Confirmed,,,,,False,,,False,PRISMA,,https://platform.prisma-capacity.eu/,,Trading Point,9,False
1Physical Flowhour2021-02-02 00:00:00 +00:002021-02-02 01:00:00 +00:00BE-TSO-0001VTP-00029exitkWh/h,1,Physical Flow,hour,2021-02-02T01:00:00+01:00,2021-02-02T02:00:00+01:00,BE-TSO-0001,21X-BE-A-A0A0A-Y,Fluxys Belgium,VTP-00029,Zeebrugge Beach,21Z0000000000090,exit,kWh/h,,,10934902,2021-03-30T00:27:09+02:00,,Confirmed,,,,,False,,,False,PRISMA,,https://platform.prisma-capacity.eu/,,Trading Point,9,False
1Physical Flowhour2021-02-02 01:00:00 +00:002021-02-02 02:00:00 +00:00BE-TSO-0001VTP-00029exitkWh/h,1,Physical Flow,hour,2021-02-02T02:00:00+01:00,2021-02-02T03:00:00+01:00,BE-TSO-0001,21X-BE-A-A0A0A-Y,Fluxys Belgium,VTP-00029,Zeebrugge Beach,21Z0000000000090,exit,kWh/h,,,10937803,2021-03-30T00:27:09+02:00,,Confirmed,,,,,False,,,False,PRISMA,,https://platform.prisma-capacity.eu/,,Trading Point,9,False
1Physical Flowhour2021-02-02 02:00:00 +00:002021-02-02 03:00:00 +00:00BE-TSO-0001VTP-00029exitkWh/h,1,Physical Flow,hour,2021-02-02T03:00:00+01:00,2021-02-02T04:00:00+01:00,BE-TSO-0001,21X-BE-A-A0A0A-Y,Fluxys Belgium,VTP-00029,Zeebrugge Beach,21Z0000000000090,exit,kWh/h,,,10938515,2021-03-30T00:27:09+02:00,,Confirmed,,,,,False,,,False,PRISMA,,https://platform.prisma-capacity.eu/,,Trading Point,9,False
1Physical Flowhour2021-02-02 03:00:00 +00:002021-02-02 04:00:00 +00:00BE-TSO-0001VTP-00029exitkWh/h,1,Physical Flow,hour,2021-02-02T04:00:00+01:00,2021-02-02T05:00:00+01:00,BE-TSO-0001,21X-BE-A-A0A0A-Y,Fluxys Belgium,VTP-00029,Zeebrugge Beach,21Z0000000000090,exit,kWh/h,,,10938071,2021-03-30T00:27:09+02:00,,Confirmed,,,,,False,,,False,PRISMA,,https://platform.prisma-capacity.eu/,,Trading Point,9,False
1Physical Flowhour2021-02-02 04:00:00 +00:002021-02-02 05:00:00 +00:00BE-TSO-0001VTP-00029exitkWh/h,1,Physical Flow,hour,2021-02-02T05:00:00+01:00,2021-02-02T06:00:00+01:00,BE-TSO-0001,21X-BE-A-A0A0A-Y,Fluxys Belgium,VTP-00029,Zeebrugge Beach,21Z0000000000090,exit,kWh/h,,,10938214,2021-03-30T00:27:09+02:00,,Confirmed,,,,,False,,,False,PRISMA,,https://platform.prisma-capacity.eu/,,Trading Point,9,False
1Physical Flowhour2021-02-02 05:00:00 +00:002021-02-02 06:00:00 +00:00BE-TSO-0001VTP-00029exitkWh/h,1,Physical Flow,hour,2021-02-02T06:00:00+01:00,2021-02-02T07:00:00+01:00,BE-TSO-0001,21X-BE-A-A0A0A-Y,Fluxys Belgium,VTP-00029,Zeebrugge Beach,21Z0000000000090,exit,kWh/h,,,10184296,2021-03-30T00:27:09+02:00,,Confirmed,,,,,False,,,False,PRISMA,,https://platform.prisma-capacity.eu/,,Trading Point,9,False
1Physical Flowhour2021-02-02 06:00:00 +00:002021-02-02 07:00:00 +00:00BE-TSO-0001VTP-00029exitkWh/h,1,Physical Flow,hour,2021-02-02T07:00:00+01:00,2021-02-02T08:00:00+01:00,BE-TSO-0001,21X-BE-A-A0A0A-Y,Fluxys Belgium,VTP-00029,Zeebrugge Beach,21Z0000000000090,exit,kWh/h,,,10084209,2021-03-30T00:27:09+02:00,,Confirmed,,,,,False,,,False,PRISMA,,https://platform.prisma-capacity.eu/,,Trading Point,9,False
1Physical Flowhour2021-02-02 07:00:00 +00:002021-02-02 08:00:00 +00:00BE-TSO-0001VTP-00029exitkWh/h,1,Physical Flow,hour,2021-02-02T08:00:00+01:00,2021-02-02T09:00:00+01:00,BE-TSO-0001,21X-BE-A-A0A0A-Y,Fluxys Belgium,VTP-00029,Zeebrugge Beach,21Z0000000000090,exit,kWh/h,,,10085650,2021-03-30T00:27:09+02:00,,Confirmed,,,,,False,,,False,PRISMA,,https://platform.prisma-capacity.eu/,,Trading Point,9,False
1Physical Flowhour2021-02-02 08:00:00 +00:002021-02-02 09:00:00 +00:00BE-TSO-0001VTP-00029exitkWh/h,1,Physical Flow,hour,2021-02-02T09:00:00+01:00,2021-02-02T10:00:00+01:00,BE-TSO-0001,21X-BE-A-A0A0A-Y,Fluxys Belgium,VTP-00029,Zeebrugge Beach,21Z0000000000090,exit,kWh/h,,,10082807,2021-03-30T00:27:09+02:00,,Confirmed,,,,,False,,,False,PRISMA,,https://platform.prisma-capacity.eu/,,Trading Point,9,False
1Physical Flowhour2021-02-02 09:00:00 +00:002021-02-02 10:00:00 +00:00BE-TSO-0001VTP-00029exitkWh/h,1,Physical Flow,hour,2021-02-02T10:00:00+01:00,2021-02-02T11:00:00+01:00,BE-TSO-0001,21X-BE-A-A0A0A-Y,Fluxys Belgium,VTP-00029,Zeebrugge Beach,21Z0000000000090,exit,kWh/h,,,10085285,2021-03-30T00:27:09+02:00,,Confirmed,,,,,False,,,False,PRISMA,,https://platform.prisma-capacity.eu/,,Trading Point,9,False
1Physical Flowhour2021-02-02 10:00:00 +00:002021-02-02 11:00:00 +00:00BE-TSO-0001VTP-00029exitkWh/h,1,Physical Flow,hour,2021-02-02T11:00:00+01:00,2021-02-02T12:00:00+01:00,BE-TSO-0001,21X-BE-A-A0A0A-Y,Fluxys Belgium,VTP-00029,Zeebrugge Beach,21Z0000000000090,exit,kWh/h,,,10083944,2021-03-30T00:27:09+02:00,,Confirmed,,,,,False,,,False,PRISMA,,https://platform.prisma-capacity.eu/,,Trading Point,9,False
1Physical Flowhour2021-02-02 11:00:00 +00:002021-02-02 12:00:00 +00:00BE-TSO-0001VTP-00029exitkWh/h,1,Physical Flow,hour,2021-02-02T12:00:00+01:00,2021-02-02T13:00:00+01:00,BE-TSO-0001,21X-BE-A-A0A0A-Y,Fluxys Belgium,VTP-00029,Zeebrugge Beach,21Z0000000000090,exit,kWh/h,,,10070538,2021-03-30T00:27:09+02:00,,Confirmed,,,,,False,,,False,PRISMA,,https://platform.prisma-capacity.eu/,,Trading Point,9,False
1Physical Flowhour2021-02-02 12:00:00 +00:002021-02-02 13:00:00 +00:00BE-TSO-0001VTP-00029exitkWh/h,1,Physical Flow,hour,2021-02-02T13:00:00+01:00,2021-02-02T14:00:00+01:00,BE-TSO-0001,21X-BE-A-A0A0A-Y,Fluxys Belgium,VTP-00029,Zeebrugge Beach,21Z0000000000090,exit,kWh/h,,,10024175,2021-03-30T00:27:09+02:00,,Confirmed,,,,,False,,,False,PRISMA,,https://platform.prisma-capacity.eu/,,Trading Point,9,False
1Physical Flowhour2021-02-02 13:00:00 +00:002021-02-02 14:00:00 +00:00BE-TSO-0001VTP-00029exitkWh/h,1,Physical Flow,hour,2021-02-02T14:00:00+01:00,2021-02-02T15:00:00+01:00,BE-TSO-0001,21X-BE-A-A0A0A-Y,Fluxys Belgium,VTP-00029,Zeebrugge Beach,21Z0000000000090,exit,kWh/h,,,20956,2021-03-30T00:27:09+02:00,,Confirmed,,,,,False,,,False,PRISMA,,https://platform.prisma-capacity.eu/,,Trading Point,9,False
1Physical Flowhour2021-02-02 14:00:00 +00:002021-02-02 15:00:00 +00:00BE-TSO-0001VTP-00029exitkWh/h,1,Physical Flow,hour,2021-02-02T15:00:00+01:00,2021-02-02T16:00:00+01:00,BE-TSO-0001,21X-BE-A-A0A0A-Y,Fluxys Belgium,VTP-00029,Zeebrugge Beach,21Z0000000000090,exit,kWh/h,,,7101,2021-03-30T00:27:09+02:00,,Confirmed,,,,,False,,,False,PRISMA,,https://platform.prisma-capacity.eu/,,Trading Point,9,False
1Physical Flowhour2021-02-02 15:00:00 +00:002021-02-02 16:00:00 +00:00BE-TSO-0001VTP-00029exitkWh/h,1,Physical Flow,hour,2021-02-02T16:00:00+01:00,2021-02-02T17:00:00+01:00,BE-TSO-0001,21X-BE-A-A0A0A-Y,Fluxys Belgium,VTP-00029,Zeebrugge Beach,21Z0000000000090,exit,kWh/h,,,4999,2021-03-30T00:27:09+02:00,,Confirmed,,,,,False,,,False,PRISMA,,https://platform.prisma-capacity.eu/,,Trading Point,9,False
1Physical Flowhour2021-02-02 16:00:00 +00:002021-02-02 17:00:00 +00:00BE-TSO-0001VTP-00029exitkWh/h,1,Physical Flow,hour,2021-02-02T17:00:00+01:00,2021-02-02T18:00:00+01:00,BE-TSO-0001,21X-BE-A-A0A0A-Y,Fluxys Belgium,VTP-00029,Zeebrugge Beach,21Z0000000000090,exit,kWh/h,,,6792,2021-03-30T00:27:09+02:00,,Confirmed,,,,,False,,,False,PRISMA,,https://platform.prisma-capacity.eu/,,Trading Point,9,False
1Physical Flowhour2021-02-02 17:00:00 +00:002021-02-02 18:00:00 +00:00BE-TSO-0001VTP-00029exitkWh/h,1,Physical Flow,hour,2021-02-02T18:00:00+01:00,2021-02-02T19:00:00+01:00,BE-TSO-0001,21X-BE-A-A0A0A-Y,Fluxys Belgium,VTP-00029,Zeebrugge Beach,21Z0000000000090,exit,kWh/h,,,8097,2021-03-30T00:27:09+02:00,,Confirmed,,,,,False,,,False,PRISMA,,https://platform.prisma-capacity.eu/,,Trading Point,9,False
1Physical Flowhour2021-02-02 18:00:00 +00:002021-02-02 19:00:00 +00:00BE-TSO-0001VTP-00029exitkWh/h,1,Physical Flow,hour,2021-02-02T19:00:00+01:00,2021-02-02T20:00:00+01:00,BE-TSO-0001,21X-BE-A-A0A0A-Y,Fluxys Belgium,VTP-00029,Zeebrugge Beach,21Z0000000000090,exit,kWh/h,,,13008,2021-03-30T00:27:09+02:00,,Confirmed,,,,,False,,,False,PRISMA,,https://platform.prisma-capacity.eu/,,Trading Point,9,False
1Physical Flowhour2021-02-02 19:00:00 +00:002021-02-02 20:00:00 +00:00BE-TSO-0001VTP-00029exitkWh/h,1,Physical Flow,hour,2021-02-02T20:00:00+01:00,2021-02-02T21:00:00+01:00,BE-TSO-0001,21X-BE-A-A0A0A-Y,Fluxys Belgium,VTP-00029,Zeebrugge Beach,21Z0000000000090,exit,kWh/h,,,14452,2021-03-30T00:27:09+02:00,,Confirmed,,,,,False,,,False,PRISMA,,https://platform.prisma-capacity.eu/,,Trading Point,9,False
1Physical Flowhour2021-02-02 20:00:00 +00:002021-02-02 21:00:00 +00:00BE-TSO-0001VTP-00029exitkWh/h,1,Physical Flow,hour,2021-02-02T21:00:00+01:00,2021-02-02T22:00:00+01:00,BE-TSO-0001,21X-BE-A-A0A0A-Y,Fluxys Belgium,VTP-00029,Zeebrugge Beach,21Z0000000000090,exit,kWh/h,,,25521,2021-03-30T00:27:09+02:00,,Confirmed,,,,,False,,,False,PRISMA,,https://platform.prisma-capacity.eu/,,Trading Point,9,False
1Physical Flowhour2021-02-02 21:00:00 +00:002021-02-02 22:00:00 +00:00BE-TSO-0001VTP-00029exitkWh/h,1,Physical Flow,hour,2021-02-02T22:00:00+01:00,2021-02-02T23:00:00+01:00,BE-TSO-0001,21X-BE-A-A0A0A-Y,Fluxys Belgium,VTP-00029,Zeebrugge Beach,21Z0000000000090,exit,kWh/h,,,10089780,2021-03-30T00:27:09+02:00,,Confirmed,,,,,False,,,False,PRISMA,,https://platform.prisma-capacity.eu/,,Trading Point,9,False
1Physical Flowhour2021-02-02 22:00:00 +00:002021-02-02 23:00:00 +00:00BE-TSO-0001VTP-00029exitkWh/h,1,Physical Flow,hour,2021-02-02T23:00:00+01:00,2021-02-03T00:00:00+01:00,BE-TSO-0001,21X-BE-A-A0A0A-Y,Fluxys Belgium,VTP-00029,Zeebrugge Beach,21Z0000000000090,exit,kWh/h,,,10215472,2021-03-30T00:27:09+02:00,,Confirmed,,,,,False,,,False,PRISMA,,https://platform.prisma-capacity.eu/,,Trading Point,9,False
1Physical Flowhour2021-02-02 23:00:00 +00:002021-02-03 00:00:00 +00:00BE-TSO-0001VTP-00029exitkWh/h,1,Physical Flow,hour,2021-02-03T00:00:00+01:00,2021-02-03T01:00:00+01:00,BE-TSO-0001,21X-BE-A-A0A0A-Y,Fluxys Belgium,VTP-00029,Zeebrugge Beach,21Z0000000000090,exit,kWh/h,,,10003914,2021-03-30T00:27:09+02:00,,Confirmed,,,,,False,,,False,PRISMA,,https://platform.prisma-capacity.eu/,,Trading Point,9,False
1Physical Flowhour2021-02-03 00:00:00 +00:002021-02-03 01:00:00 +00:00BE-TSO-0001VTP-00029exitkWh/h,1,Physical Flow,hour,2021-02-03T01:00:00+01:00,2021-02-03T02:00:00+01:00,BE-TSO-0001,21X-BE-A-A0A0A-Y,Fluxys Belgium,VTP-00029,Zeebrugge Beach,21Z0000000000090,exit,kWh/h,,,10078538,2021-03-30T00:27:09+02:00,,Confirmed,,,,,False,,,False,PRISMA,,https://platform.prisma-capacity.eu/,,Trading Point,9,False
1Physical Flowhour2021-02-03 01:00:00 +00:002021-02-03 02:00:00 +00:00BE-TSO-0001VTP-00029exitkWh/h,1,Physical Flow,hour,2021-02-03T02:00:00+01:00,2021-02-03T03:00:00+01:00,BE-TSO-0001,21X-BE-A-A0A0A-Y,Fluxys Belgium,VTP-00029,Zeebrugge Beach,21Z0000000000090,exit,kWh/h,,,10085193,2021-03-30T00:27:09+02:00,,Confirmed,,,,,False,,,False,PRISMA,,https://platform.prisma-capacity.eu/,,Trading Point,9,False
1Physical Flowhour2021-02-03 02:00:00 +00:002021-02-03 03:00:00 +00:00BE-TSO-0001VTP-00029exitkWh/h,1,Physical Flow,hour,2021-02-03T03:00:00+01:00,2021-02-03T04:00:00+01:00,BE-TSO-0001,21X-BE-A-A0A0A-Y,Fluxys Belgium,VTP-00029,Zeebrugge Beach,21Z0000000000090,exit,kWh/h,,,10084517,2021-03-30T00:27:09+02:00,,Confirmed,,,,,False,,,False,PRISMA,,https://platform.prisma-capacity.eu/,,Trading Point,9,False
1Physical Flowhour2021-02-03 03:00:00 +00:002021-02-03 04:00:00 +00:00BE-TSO-0001VTP-00029exitkWh/h,1,Physical Flow,hour,2021-02-03T04:00:00+01:00,2021-02-03T05:00:00+01:00,BE-TSO-0001,21X-BE-A-A0A0A-Y,Fluxys Belgium,VTP-00029,Zeebrugge Beach,21Z0000000000090,exit,kWh/h,,,10079464,2021-03-30T00:27:09+02:00,,Confirmed,,,,,False,,,False,PRISMA,,https://platform.prisma-capacity.eu/,,Trading Point,9,False
1Physical Flowhour2021-02-03 04:00:00 +00:002021-02-03 05:00:00 +00:00BE-TSO-0001VTP-00029exitkWh/h,1,Physical Flow,hour,2021-02-03T05:00:00+01:00,2021-02-03T06:00:00+01:00,BE-TSO-0001,21X-BE-A-A0A0A-Y,Fluxys Belgium,VTP-00029,Zeebrugge Beach,21Z0000000000090,exit,kWh/h,,,10086502,2021-03-30T00:27:09+02:00,,Confirmed,,,,,False,,,False,PRISMA,,https://platform.prisma-capacity.eu/,,Trading Point,9,False
1Physical Flowhour2021-02-03 05:00:00 +00:002021-02-03 06:00:00 +00:00BE-TSO-0001VTP-00029exitkWh/h,1,Physical Flow,hour,2021-02-03T06:00:00+01:00,2021-02-03T07:00:00+01:00,BE-TSO-0001,21X-BE-A-A0A0A-Y,Fluxys Belgium,VTP-00029,Zeebrugge Beach,21Z0000000000090,exit,kWh/h,,,12816745,2021-03-30T00:27:09+02:00,,Confirmed,,,,,False,,,False,PRISMA,,https://platform.prisma-capacity.eu/,,Trading Point,9,False
1Physical Flowhour2021-02-03 06:00:00 +00:002021-02-03 07:00:00 +00:00BE-TSO-0001VTP-00029exitkWh/h,1,Physical Flow,hour,2021-02-03T07:00:00+01:00,2021-02-03T08:00:00+01:00,BE-TSO-0001,21X-BE-A-A0A0A-Y,Fluxys Belgium,VTP-00029,Zeebrugge Beach,21Z0000000000090,exit,kWh/h,,,12613824,2021-03-30T00:27:09+02:00,,Confirmed,,,,,False,,,False,PRISMA,,https://platform.prisma-capacity.eu/,,Trading Point,9,False
1Physical Flowhour2021-02-03 07:00:00 +00:002021-02-03 08:00:00 +00:00BE-TSO-0001VTP-00029exitkWh/h,1,Physical Flow,hour,2021-02-03T08:00:00+01:00,2021-02-03T09:00:00+01:00,BE-TSO-0001,21X-BE-A-A0A0A-Y,Fluxys Belgium,VTP-00029,Zeebrugge Beach,21Z0000000000090,exit,kWh/h,,,12581074,2021-03-30T00:27:09+02:00,,Confirmed,,,,,False,,,False,PRISMA,,https://platform.prisma-capacity.eu/,,Trading Point,9,False
1Physical Flowhour2021-02-03 08:00:00 +00:002021-02-03 09:00:00 +00:00BE-TSO-0001VTP-00029exitkWh/h,1,Physical Flow,hour,2021-02-03T09:00:00+01:00,2021-02-03T10:00:00+01:00,BE-TSO-0001,21X-BE-A-A0A0A-Y,Fluxys Belgium,VTP-00029,Zeebrugge Beach,21Z0000000000090,exit,kWh/h,,,12568052,2021-03-30T00:27:09+02:00,,Confirmed,,,,,False,,,False,PRISMA,,https://platform.prisma-capacity.eu/,,Trading Point,9,False
1Physical Flowhour2021-02-03 09:00:00 +00:002021-02-03 10:00:00 +00:00BE-TSO-0001VTP-00029exitkWh/h,1,Physical Flow,hour,2021-02-03T10:00:00+01:00,2021-02-03T11:00:00+01:00,BE-TSO-0001,21X-BE-A-A0A0A-Y,Fluxys Belgium,VTP-00029,Zeebrugge Beach,21Z0000000000090,exit,kWh/h,,,12556178,2021-03-30T00:27:09+02:00,,Confirmed,,,,,False,,,False,PRISMA,,https://platform.prisma-capacity.eu/,,Trading Point,9,False
1Physical Flowhour2021-02-03 10:00:00 +00:002021-02-03 11:00:00 +00:00BE-TSO-0001VTP-00029exitkWh/h,1,Physical Flow,hour,2021-02-03T11:00:00+01:00,2021-02-03T12:00:00+01:00,BE-TSO-0001,21X-BE-A-A0A0A-Y,Fluxys Belgium,VTP-00029,Zeebrugge Beach,21Z0000000000090,exit,kWh/h,,,34759,2021-03-30T00:27:09+02:00,,Confirmed,,,,,False,,,False,PRISMA,,https://platform.prisma-capacity.eu/,,Trading Point,9,False
1Physical Flowhour2021-02-03 11:00:00 +00:002021-02-03 12:00:00 +00:00BE-TSO-0001VTP-00029exitkWh/h,1,Physical Flow,hour,2021-02-03T12:00:00+01:00,2021-02-03T13:00:00+01:00,BE-TSO-0001,21X-BE-A-A0A0A-Y,Fluxys Belgium,VTP-00029,Zeebrugge Beach,21Z0000000000090,exit,kWh/h,,,4352,2021-03-30T00:27:09+02:00,,Confirmed,,,,,False,,,False,PRISMA,,https://platform.prisma-capacity.eu/,,Trading Point,9,False
1Physical Flowhour2021-02-03 12:00:00 +00:002021-02-03 13:00:00 +00:00BE-TSO-0001VTP-00029exitkWh/h,1,Physical Flow,hour,2021-02-03T13:00:00+01:00,2021-02-03T14:00:00+01:00,BE-TSO-0001,21X-BE-A-A0A0A-Y,Fluxys Belgium,VTP-00029,Zeebrugge Beach,21Z0000000000090,exit,kWh/h,,,2046,2021-03-30T00:27:09+02:00,,Confirmed,,,,,False,,,False,PRISMA,,https://platform.prisma-capacity.eu/,,Trading Point,9,False
1Physical Flowhour2021-02-03 13:00:00 +00:002021-02-03 14:00:00 +00:00BE-TSO-0001VTP-00029exitkWh/h,1,Physical Flow,hour,2021-02-03T14:00:00+01:00,2021-02-03T15:00:00+01:00,BE-TSO-0001,21X-BE-A-A0A0A-Y,Fluxys Belgium,VTP-00029,Zeebrugge Beach,21Z0000000000090,exit,kWh/h,,,2196,2021-03-30T00:27:09+02:00,,Confirmed,,,,,False,,,False,PRISMA,,https://platform.prisma-capacity.eu/,,Trading Point,9,False
1Physical Flowhour2021-02-03 14:00:00 +00:002021-02-03 15:00:00 +00:00BE-TSO-0001VTP-00029exitkWh/h,1,Physical Flow,hour,2021-02-03T15:00:00+01:00,2021-02-03T16:00:00+01:00,BE-TSO-0001,21X-BE-A-A0A0A-Y,Fluxys Belgium,VTP-00029,Zeebrugge Beach,21Z0000000000090,exit,kWh/h,,,2151,2021-03-30T00:27:09+02:00,,Confirmed,,,,,False,,,False,PRISMA,,https://platform.prisma-capacity.eu/,,Trading Point,9,False
1Physical Flowhour2021-02-03 15:00:00 +00:002021-02-03 16:00:00 +00:00BE-TSO-0001VTP-00029exitkWh/h,1,Physical Flow,hour,2021-02-03T16:00:00+01:00,2021-02-03T17:00:00+01:00,BE-TSO-0001,21X-BE-A-A0A0A-Y,Fluxys Belgium,VTP-00029,Zeebrugge Beach,21Z0000000000090,exit,kWh/h,,,1781,2021-03-30T00:27:09+02:00,,Confirmed,,,,,False,,,False,PRISMA,,https://platform.prisma-capacity.eu/,,Trading Point,9,False
1Physical Flowhour2021-02-03 16:00:00 +00:002021-02-03 17:00:00 +00:00BE-TSO-0001VTP-00029exitkWh/h,1,Physical Flow,hour,2021-02-03T17:00:00+01:00,2021-02-03T18:00:00+01:00,BE-TSO-0001,21X-BE-A-A0A0A-Y,Fluxys Belgium,VTP-00029,Zeebrugge Beach,21Z0000000000090,exit,kWh/h,,,1547,2021-03-30T00:27:09+02:00,,Confirmed,,,,,False,,,False,PRISMA,,https://platform.prisma-capacity.eu/,,Trading Point,9,False
1Physical Flowhour2021-02-03 17:00:00 +00:002021-02-03 18:00:00 +00:00BE-TSO-0001VTP-00029exitkWh/h,1,Physical Flow,hour,2021-02-03T18:00:00+01:00,2021-02-03T19:00:00+01:00,BE-TSO-0001,21X-BE-A-A0A0A-Y,Fluxys Belgium,VTP-00029,Zeebrugge Beach,21Z0000000000090,exit,kWh/h,,,4104,2021-03-30T00:27:09+02:00,,Confirmed,,,,,False,,,False,PRISMA,,https://platform.prisma-capacity.eu/,,Trading Point,9,False
1Physical Flowhour2021-02-03 18:00:00 +00:002021-02-03 19:00:00 +00:00BE-TSO-0001VTP-00029exitkWh/h,1,Physical Flow,hour,2021-02-03T19:00:00+01:00,2021-02-03T20:00:00+01:00,BE-TSO-0001,21X-BE-A-A0A0A-Y,Fluxys Belgium,VTP-00029,Zeebrugge Beach,21Z0000000000090,exit,kWh/h,,,1289,2021-03-30T00:27:09+02:00,,Confirmed,,,,,False,,,False,PRISMA,,https://platform.prisma-capacity.eu/,,Trading Point,9,False
1Physical Flowhour2021-02-03 19:00:00 +00:002021-02-03 20:00:00 +00:00BE-TSO-0001VTP-00029exitkWh/h,1,Physical Flow,hour,2021-02-03T20:00:00+01:00,2021-02-03T21:00:00+01:00,BE-TSO-0001,21X-BE-A-A0A0A-Y,Fluxys Belgium,VTP-00029,Zeebrugge Beach,21Z0000000000090,exit,kWh/h,,,5159,2021-03-30T00:27:09+02:00,,Confirmed,,,,,False,,,False,PRISMA,,https://platform.prisma-capacity.eu/,,Trading Point,9,False
1Physical Flowhour2021-02-03 20:00:00 +00:002021-02-03 21:00:00 +00:00BE-TSO-0001VTP-00029exitkWh/h,1,Physical Flow,hour,2021-02-03T21:00:00+01:00,2021-02-03T22:00:00+01:00,BE-TSO-0001,21X-BE-A-A0A0A-Y,Fluxys Belgium,VTP-00029,Zeebrugge Beach,21Z0000000000090,exit,kWh/h,,,13471,2021-03-30T00:27:09+02:00,,Confirmed,,,,,False,,,False,PRISMA,,https://platform.prisma-capacity.eu/,,Trading Point,9,False
1Physical Flowhour2021-02-03 21:00:00 +00:002021-02-03 22:00:00 +00:00BE-TSO-0001VTP-00029exitkWh/h,1,Physical Flow,hour,2021-02-03T22:00:00+01:00,2021-02-03T23:00:00+01:00,BE-TSO-0001,21X-BE-A-A0A0A-Y,Fluxys Belgium,VTP-00029,Zeebrugge Beach,21Z0000000000090,exit,kWh/h,,,12160890,2021-03-30T00:27:09+02:00,,Confirmed,,,,,False,,,False,PRISMA,,https://platform.prisma-capacity.eu/,,Trading Point,9,False
1Physical Flowhour2021-02-03 22:00:00 +00:002021-02-03 23:00:00 +00:00BE-TSO-0001VTP-00029exitkWh/h,1,Physical Flow,hour,2021-02-03T23:00:00+01:00,2021-02-04T00:00:00+01:00,BE-TSO-0001,21X-BE-A-A0A0A-Y,Fluxys Belgium,VTP-00029,Zeebrugge Beach,21Z0000000000090,exit,kWh/h,,,12953256,2021-03-30T00:27:09+02:00,,Confirmed,,,,,False,,,False,PRISMA,,https://platform.prisma-capacity.eu/,,Trading Point,9,False
1Physical Flowhour2021-02-03 23:00:00 +00:002021-02-04 00:00:00 +00:00BE-TSO-0001VTP-00029exitkWh/h,1,Physical Flow,hour,2021-02-04T00:00:00+01:00,2021-02-04T01:00:00+01:00,BE-TSO-0001,21X-BE-A-A0A0A-Y,Fluxys Belgium,VTP-00029,Zeebrugge Beach,21Z0000000000090,exit,kWh/h,,,12583989,2021-03-30T00:27:09+02:00,,Confirmed,,,,,False,,,False,PRISMA,,https://platform.prisma-capacity.eu/,,Trading Point,9,False
1Physical Flowhour2021-02-04 00:00:00 +00:002021-02-04 01:00:00 +00:00BE-TSO-0001VTP-00029exitkWh/h,1,Physical Flow,hour,2021-02-04T01:00:00+01:00,2021-02-04T02:00:00+01:00,BE-TSO-0001,21X-BE-A-A0A0A-Y,Fluxys Belgium,VTP-00029,Zeebrugge Beach,21Z0000000000090,exit,kWh/h,,,12618745,2021-03-30T00:27:09+02:00,,Confirmed,,,,,False,,,False,PRISMA,,https://platform.prisma-capacity.eu/,,Trading Point,9,False
1Physical Flowhour2021-02-04 01:00:00 +00:002021-02-04 02:00:00 +00:00BE-TSO-0001VTP-00029exitkWh/h,1,Physical Flow,hour,2021-02-04T02:00:00+01:00,2021-02-04T03:00:00+01:00,BE-TSO-0001,21X-BE-A-A0A0A-Y,Fluxys Belgium,VTP-00029,Zeebrugge Beach,21Z0000000000090,exit,kWh/h,,,12603338,2021-03-30T00:27:09+02:00,,Confirmed,,,,,False,,,False,PRISMA,,https://platform.prisma-capacity.eu/,,Trading Point,9,False
1Physical Flowhour2021-02-04 02:00:00 +00:002021-02-04 03:00:00 +00:00BE-TSO-0001VTP-00029exitkWh/h,1,Physical Flow,hour,2021-02-04T03:00:00+01:00,2021-02-04T04:00:00+01:00,BE-TSO-0001,21X-BE-A-A0A0A-Y,Fluxys Belgium,VTP-00029,Zeebrugge Beach,21Z0000000000090,exit,kWh/h,,,12600021,2021-03-30T00:27:09+02:00,,Confirmed,,,,,False,,,False,PRISMA,,https://platform.prisma-capacity.eu/,,Trading Point,9,False
1Physical Flowhour2021-02-04 03:00:00 +00:002021-02-04 04:00:00 +00:00BE-TSO-0001VTP-00029exitkWh/h,1,Physical Flow,hour,2021-02-04T04:00:00+01:00,2021-02-04T05:00:00+01:00,BE-TSO-0001,21X-BE-A-A0A0A-Y,Fluxys Belgium,VTP-00029,Zeebrugge Beach,21Z0000000000090,exit,kWh/h,,,12600393,2021-03-30T00:27:09+02:00,,Confirmed,,,,,False,,,False,PRISMA,,https://platform.prisma-capacity.eu/,,Trading Point,9,False
1Physical Flowhour2021-02-04 04:00:00 +00:002021-02-04 05:00:00 +00:00BE-TSO-0001VTP-00029exitkWh/h,1,Physical Flow,hour,2021-02-04T05:00:00+01:00,2021-02-04T06:00:00+01:00,BE-TSO-0001,21X-BE-A-A0A0A-Y,Fluxys Belgium,VTP-00029,Zeebrugge Beach,21Z0000000000090,exit,kWh/h,,,12603931,2021-03-30T00:27:09+02:00,,Confirmed,,,,,False,,,False,PRISMA,,https://platform.prisma-capacity.eu/,,Trading Point,9,False
1Physical Flowhour2021-02-04 05:00:00 +00:002021-02-04 06:00:00 +00:00BE-TSO-0001VTP-00029exitkWh/h,1,Physical Flow,hour,2021-02-04T06:00:00+01:00,2021-02-04T07:00:00+01:00,BE-TSO-0001,21X-BE-A-A0A0A-Y,Fluxys Belgium,VTP-00029,Zeebrugge Beach,21Z0000000000090,exit,kWh/h,,,13179515,2021-03-30T00:27:09+02:00,,Confirmed,,,,,False,,,False,PRISMA,,https://platform.prisma-capacity.eu/,,Trading Point,9,False
1Physical Flowhour2021-02-04 06:00:00 +00:002021-02-04 07:00:00 +00:00BE-TSO-0001VTP-00029exitkWh/h,1,Physical Flow,hour,2021-02-04T07:00:00+01:00,2021-02-04T08:00:00+01:00,BE-TSO-0001,21X-BE-A-A0A0A-Y,Fluxys Belgium,VTP-00029,Zeebrugge Beach,21Z0000000000090,exit,kWh/h,,,13061418,2021-03-30T00:27:09+02:00,,Confirmed,,,,,False,,,False,PRISMA,,https://platform.prisma-capacity.eu/,,Trading Point,9,False
1Physical Flowhour2021-02-04 07:00:00 +00:002021-02-04 08:00:00 +00:00BE-TSO-0001VTP-00029exitkWh/h,1,Physical Flow,hour,2021-02-04T08:00:00+01:00,2021-02-04T09:00:00+01:00,BE-TSO-0001,21X-BE-A-A0A0A-Y,Fluxys Belgium,VTP-00029,Zeebrugge Beach,21Z0000000000090,exit,kWh/h,,,13123681,2021-03-30T00:27:09+02:00,,Confirmed,,,,,False,,,False,PRISMA,,https://platform.prisma-capacity.eu/,,Trading Point,9,False
1Physical Flowhour2021-02-04 08:00:00 +00:002021-02-04 09:00:00 +00:00BE-TSO-0001VTP-00029exitkWh/h,1,Physical Flow,hour,2021-02-04T09:00:00+01:00,2021-02-04T10:00:00+01:00,BE-TSO-0001,21X-BE-A-A0A0A-Y,Fluxys Belgium,VTP-00029,Zeebrugge Beach,21Z0000000000090,exit,kWh/h,,,33093,2021-03-30T00:27:09+02:00,,Confirmed,,,,,False,,,False,PRISMA,,https://platform.prisma-capacity.eu/,,Trading Point,9,False
1Physical Flowhour2021-02-04 09:00:00 +00:002021-02-04 10:00:00 +00:00BE-TSO-0001VTP-00029exitkWh/h,1,Physical Flow,hour,2021-02-04T10:00:00+01:00,2021-02-04T11:00:00+01:00,BE-TSO-0001,21X-BE-A-A0A0A-Y,Fluxys Belgium,VTP-00029,Zeebrugge Beach,21Z0000000000090,exit,kWh/h,,,381,2021-03-30T00:27:09+02:00,,Confirmed,,,,,False,,,False,PRISMA,,https://platform.prisma-capacity.eu/,,Trading Point,9,False
1Physical Flowhour2021-02-04 10:00:00 +00:002021-02-04 11:00:00 +00:00BE-TSO-0001VTP-00029exitkWh/h,1,Physical Flow,hour,2021-02-04T11:00:00+01:00,2021-02-04T12:00:00+01:00,BE-TSO-0001,21X-BE-A-A0A0A-Y,Fluxys Belgium,VTP-00029,Zeebrugge Beach,21Z0000000000090,exit,kWh/h,,,677,2021-03-30T00:27:09+02:00,,Confirmed,,,,,False,,,False,PRISMA,,https://platform.prisma-capacity.eu/,,Trading Point,9,False
1Physical Flowhour2021-02-04 11:00:00 +00:002021-02-04 12:00:00 +00:00BE-TSO-0001VTP-00029exitkWh/h,1,Physical Flow,hour,2021-02-04T12:00:00+01:00,2021-02-04T13:00:00+01:00,BE-TSO-0001,21X-BE-A-A0A0A-Y,Fluxys Belgium,VTP-00029,Zeebrugge Beach,21Z0000000000090,exit,kWh/h,,,0,2021-03-30T00:27:09+02:00,,Confirmed,,,,,False,,,False,PRISMA,,https://platform.prisma-capacity.eu/,,Trading Point,9,False
1Physical Flowhour2021-02-04 12:00:00 +00:002021-02-04 13:00:00 +00:00BE-TSO-0001VTP-00029exitkWh/h,1,Physical Flow,hour,2021-02-04T13:00:00+01:00,2021-02-04T14:00:00+01:00,BE-TSO-0001,21X-BE-A-A0A0A-Y,Fluxys Belgium,VTP-00029,Zeebrugge Beach,21Z0000000000090,exit,kWh/h,,,424,2021-03-30T00:27:09+02:00,,Confirmed,,,,,False,,,False,PRISMA,,https://platform.prisma-capacity.eu/,,Trading Point,9,False
1Physical Flowhour2021-02-04 13:00:00 +00:002021-02-04 14:00:00 +00:00BE-TSO-0001VTP-00029exitkWh/h,1,Physical Flow,hour,2021-02-04T14:00:00+01:00,2021-02-04T15:00:00+01:00,BE-TSO-0001,21X-BE-A-A0A0A-Y,Fluxys Belgium,VTP-00029,Zeebrugge Beach,21Z0000000000090,exit,kWh/h,,,3249,2021-03-30T00:27:09+02:00,,Confirmed,,,,,False,,,False,PRISMA,,https://platform.prisma-capacity.eu/,,Trading Point,9,False
1Physical Flowhour2021-02-04 14:00:00 +00:002021-02-04 15:00:00 +00:00BE-TSO-0001VTP-00029exitkWh/h,1,Physical Flow,hour,2021-02-04T15:00:00+01:00,2021-02-04T16:00:00+01:00,BE-TSO-0001,21X-BE-A-A0A0A-Y,Fluxys Belgium,VTP-00029,Zeebrugge Beach,21Z0000000000090,exit,kWh/h,,,803,2021-03-30T00:27:09+02:00,,Confirmed,,,,,False,,,False,PRISMA,,https://platform.prisma-capacity.eu/,,Trading Point,9,False
1Physical Flowhour2021-02-04 15:00:00 +00:002021-02-04 16:00:00 +00:00BE-TSO-0001VTP-00029exitkWh/h,1,Physical Flow,hour,2021-02-04T16:00:00+01:00,2021-02-04T17:00:00+01:00,BE-TSO-0001,21X-BE-A-A0A0A-Y,Fluxys Belgium,VTP-00029,Zeebrugge Beach,21Z0000000000090,exit,kWh/h,,,1101,2021-03-30T00:27:09+02:00,,Confirmed,,,,,False,,,False,PRISMA,,https://platform.prisma-capacity.eu/,,Trading Point,9,False
1Physical Flowhour2021-02-04 16:00:00 +00:002021-02-04 17:00:00 +00:00BE-TSO-0001VTP-00029exitkWh/h,1,Physical Flow,hour,2021-02-04T17:00:00+01:00,2021-02-04T18:00:00+01:00,BE-TSO-0001,21X-BE-A-A0A0A-Y,Fluxys Belgium,VTP-00029,Zeebrugge Beach,21Z0000000000090,exit,kWh/h,,,244,2021-03-30T00:27:09+02:00,,Confirmed,,,,,False,,,False,PRISMA,,https://platform.prisma-capacity.eu/,,Trading Point,9,False
1Physical Flowhour2021-02-04 17:00:00 +00:002021-02-04 18:00:00 +00:00BE-TSO-0001VTP-00029exitkWh/h,1,Physical Flow,hour,2021-02-04T18:00:00+01:00,2021-02-04T19:00:00+01:00,BE-TSO-0001,21X-BE-A-A0A0A-Y,Fluxys Belgium,VTP-00029,Zeebrugge Beach,21Z0000000000090,exit,kWh/h,,,428,2021-03-30T00:27:09+02:00,,Confirmed,,,,,False,,,False,PRISMA,,https://platform.prisma-capacity.eu/,,Trading Point,9,False
1Physical Flowhour2021-02-04 18:00:00 +00:002021-02-04 19:00:00 +00:00BE-TSO-0001VTP-00029exitkWh/h,1,Physical Flow,hour,2021-02-04T19:00:00+01:00,2021-02-04T20:00:00+01:00,BE-TSO-0001,21X-BE-A-A0A0A-Y,Fluxys Belgium,VTP-00029,Zeebrugge Beach,21Z0000000000090,exit,kWh/h,,,131,2021-03-30T00:27:09+02:00,,Confirmed,,,,,False,,,False,PRISMA,,https://platform.prisma-capacity.eu/,,Trading Point,9,False
1Physical Flowhour2021-02-04 19:00:00 +00:002021-02-04 20:00:00 +00:00BE-TSO-0001VTP-00029exitkWh/h,1,Physical Flow,hour,2021-02-04T20:00:00+01:00,2021-02-04T21:00:00+01:00,BE-TSO-0001,21X-BE-A-A0A0A-Y,Fluxys Belgium,VTP-00029,Zeebrugge Beach,21Z0000000000090,exit,kWh/h,,,288,2021-03-30T00:27:09+02:00,,Confirmed,,,,,False,,,False,PRISMA,,https://platform.prisma-capacity.eu/,,Trading Point,9,False
1Physical Flowhour2021-02-04 20:00:00 +00:002021-02-04 21:00:00 +00:00BE-TSO-0001VTP-00029exitkWh/h,1,Physical Flow,hour,2021-02-04T21:00:00+01:00,2021-02-04T22:00:00+01:00,BE-TSO-0001,21X-BE-A-A0A0A-Y,Fluxys Belgium,VTP-00029,Zeebrugge Beach,21Z0000000000090,exit,kWh/h,,,81,2021-03-30T00:27:09+02:00,,Confirmed,,,,,False,,,False,PRISMA,,https://platform.prisma-capacity.eu/,,Trading Point,9,False
1Physical Flowhour2021-02-04 21:00:00 +00:002021-02-04 22:00:00 +00:00BE-TSO-0001VTP-00029exitkWh/h,1,Physical Flow,hour,2021-02-04T22:00:00+01:00,2021-02-04T23:00:00+01:00,BE-TSO-0001,21X-BE-A-A0A0A-Y,Fluxys Belgium,VTP-00029,Zeebrugge Beach,21Z0000000000090,exit,kWh/h,,,12173403,2021-03-30T00:27:09+02:00,,Confirmed,,,,,False,,,False,PRISMA,,https://platform.prisma-capacity.eu/,,Trading Point,9,False
1Physical Flowhour2021-02-04 22:00:00 +00:002021-02-04 23:00:00 +00:00BE-TSO-0001VTP-00029exitkWh/h,1,Physical Flow,hour,2021-02-04T23:00:00+01:00,2021-02-05T00:00:00+01:00,BE-TSO-0001,21X-BE-A-A0A0A-Y,Fluxys Belgium,VTP-00029,Zeebrugge Beach,21Z0000000000090,exit,kWh/h,,,13885071,2021-03-30T00:27:09+02:00,,Confirmed,,,,,False,,,False,PRISMA,,https://platform.prisma-capacity.eu/,,Trading Point,9,False
1Physical Flowhour2021-02-04 23:00:00 +00:002021-02-05 00:00:00 +00:00BE-TSO-0001VTP-00029exitkWh/h,1,Physical Flow,hour,2021-02-05T00:00:00+01:00,2021-02-05T01:00:00+01:00,BE-TSO-0001,21X-BE-A-A0A0A-Y,Fluxys Belgium,VTP-00029,Zeebrugge Beach,21Z0000000000090,exit,kWh/h,,,13053470,2021-03-30T00:27:09+02:00,,Confirmed,,,,,False,,,False,PRISMA,,https://platform.prisma-capacity.eu/,,Trading Point,9,False
1Physical Flowhour2021-02-05 00:00:00 +00:002021-02-05 01:00:00 +00:00BE-TSO-0001VTP-00029exitkWh/h,1,Physical Flow,hour,2021-02-05T01:00:00+01:00,2021-02-05T02:00:00+01:00,BE-TSO-0001,21X-BE-A-A0A0A-Y,Fluxys Belgium,VTP-00029,Zeebrugge Beach,21Z0000000000090,exit,kWh/h,,,13007178,2021-03-30T00:27:09+02:00,,Confirmed,,,,,False,,,False,PRISMA,,https://platform.prisma-capacity.eu/,,Trading Point,9,False
1Physical Flowhour2021-02-05 01:00:00 +00:002021-02-05 02:00:00 +00:00BE-TSO-0001VTP-00029exitkWh/h,1,Physical Flow,hour,2021-02-05T02:00:00+01:00,2021-02-05T03:00:00+01:00,BE-TSO-0001,21X-BE-A-A0A0A-Y,Fluxys Belgium,VTP-00029,Zeebrugge Beach,21Z0000000000090,exit,kWh/h,,,13091608,2021-03-30T00:27:09+02:00,,Confirmed,,,,,False,,,False,PRISMA,,https://platform.prisma-capacity.eu/,,Trading Point,9,False
1Physical Flowhour2021-02-05 02:00:00 +00:002021-02-05 03:00:00 +00:00BE-TSO-0001VTP-00029exitkWh/h,1,Physical Flow,hour,2021-02-05T03:00:00+01:00,2021-02-05T04:00:00+01:00,BE-TSO-0001,21X-BE-A-A0A0A-Y,Fluxys Belgium,VTP-00029,Zeebrugge Beach,21Z0000000000090,exit,kWh/h,,,13014754,2021-03-30T00:27:09+02:00,,Confirmed,,,,,False,,,False,PRISMA,,https://platform.prisma-capacity.eu/,,Trading Point,9,False
1Physical Flowhour2021-02-05 03:00:00 +00:002021-02-05 04:00:00 +00:00BE-TSO-0001VTP-00029exitkWh/h,1,Physical Flow,hour,2021-02-05T04:00:00+01:00,2021-02-05T05:00:00+01:00,BE-TSO-0001,21X-BE-A-A0A0A-Y,Fluxys Belgium,VTP-00029,Zeebrugge Beach,21Z0000000000090,exit,kWh/h,,,13111403,2021-03-30T00:27:09+02:00,,Confirmed,,,,,False,,,False,PRISMA,,https://platform.prisma-capacity.eu/,,Trading Point,9,False
1Physical Flowhour2021-02-05 04:00:00 +00:002021-02-05 05:00:00 +00:00BE-TSO-0001VTP-00029exitkWh/h,1,Physical Flow,hour,2021-02-05T05:00:00+01:00,2021-02-05T06:00:00+01:00,BE-TSO-0001,21X-BE-A-A0A0A-Y,Fluxys Belgium,VTP-00029,Zeebrugge Beach,21Z0000000000090,exit,kWh/h,,,13056262,2021-03-30T00:27:09+02:00,,Confirmed,,,,,False,,,False,PRISMA,,https://platform.prisma-capacity.eu/,,Trading Point,9,False
1Physical Flowhour2021-02-05 05:00:00 +00:002021-02-05 06:00:00 +00:00BE-TSO-0001VTP-00029exitkWh/h,1,Physical Flow,hour,2021-02-05T06:00:00+01:00,2021-02-05T07:00:00+01:00,BE-TSO-0001,21X-BE-A-A0A0A-Y,Fluxys Belgium,VTP-00029,Zeebrugge Beach,21Z0000000000090,exit,kWh/h,,,13235255,2021-03-30T00:27:09+02:00,,Confirmed,,,,,False,,,False,PRISMA,,https://platform.prisma-capacity.eu/,,Trading Point,9,False
1Physical Flowhour2021-02-05 06:00:00 +00:002021-02-05 07:00:00 +00:00BE-TSO-0001VTP-00029exitkWh/h,1,Physical Flow,hour,2021-02-05T07:00:00+01:00,2021-02-05T08:00:00+01:00,BE-TSO-0001,21X-BE-A-A0A0A-Y,Fluxys Belgium,VTP-00029,Zeebrugge Beach,21Z0000000000090,exit,kWh/h,,,13057640,2021-03-30T00:27:09+02:00,,Confirmed,,,,,False,,,False,PRISMA,,https://platform.prisma-capacity.eu/,,Trading Point,9,False
1Physical Flowhour2021-02-05 07:00:00 +00:002021-02-05 08:00:00 +00:00BE-TSO-0001VTP-00029exitkWh/h,1,Physical Flow,hour,2021-02-05T08:00:00+01:00,2021-02-05T09:00:00+01:00,BE-TSO-0001,21X-BE-A-A0A0A-Y,Fluxys Belgium,VTP-00029,Zeebrugge Beach,21Z0000000000090,exit,kWh/h,,,13079475,2021-03-30T00:27:09+02:00,,Confirmed,,,,,False,,,False,PRISMA,,https://platform.prisma-capacity.eu/,,Trading Point,9,False
1Physical Flowhour2021-02-05 08:00:00 +00:002021-02-05 09:00:00 +00:00BE-TSO-0001VTP-00029exitkWh/h,1,Physical Flow,hour,2021-02-05T09:00:00+01:00,2021-02-05T10:00:00+01:00,BE-TSO-0001,21X-BE-A-A0A0A-Y,Fluxys Belgium,VTP-00029,Zeebrugge Beach,21Z0000000000090,exit,kWh/h,,,12805691,2021-03-30T00:27:09+02:00,,Confirmed,,,,,False,,,False,PRISMA,,https://platform.prisma-capacity.eu/,,Trading Point,9,False
1Physical Flowhour2021-02-05 09:00:00 +00:002021-02-05 10:00:00 +00:00BE-TSO-0001VTP-00029exitkWh/h,1,Physical Flow,hour,2021-02-05T10:00:00+01:00,2021-02-05T11:00:00+01:00,BE-TSO-0001,21X-BE-A-A0A0A-Y,Fluxys Belgium,VTP-00029,Zeebrugge Beach,21Z0000000000090,exit,kWh/h,,,12370825,2021-03-30T00:27:09+02:00,,Confirmed,,,,,False,,,False,PRISMA,,https://platform.prisma-capacity.eu/,,Trading Point,9,False
1Physical Flowhour2021-02-05 10:00:00 +00:002021-02-05 11:00:00 +00:00BE-TSO-0001VTP-00029exitkWh/h,1,Physical Flow,hour,2021-02-05T11:00:00+01:00,2021-02-05T12:00:00+01:00,BE-TSO-0001,21X-BE-A-A0A0A-Y,Fluxys Belgium,VTP-00029,Zeebrugge Beach,21Z0000000000090,exit,kWh/h,,,17532,2021-03-30T00:27:09+02:00,,Confirmed,,,,,False,,,False,PRISMA,,https://platform.prisma-capacity.eu/,,Trading Point,9,False
1Physical Flowhour2021-02-05 11:00:00 +00:002021-02-05 12:00:00 +00:00BE-TSO-0001VTP-00029exitkWh/h,1,Physical Flow,hour,2021-02-05T12:00:00+01:00,2021-02-05T13:00:00+01:00,BE-TSO-0001,21X-BE-A-A0A0A-Y,Fluxys Belgium,VTP-00029,Zeebrugge Beach,21Z0000000000090,exit,kWh/h,,,5646,2021-03-30T00:27:09+02:00,,Confirmed,,,,,False,,,False,PRISMA,,https://platform.prisma-capacity.eu/,,Trading Point,9,False
1Physical Flowhour2021-02-05 12:00:00 +00:002021-02-05 13:00:00 +00:00BE-TSO-0001VTP-00029exitkWh/h,1,Physical Flow,hour,2021-02-05T13:00:00+01:00,2021-02-05T14:00:00+01:00,BE-TSO-0001,21X-BE-A-A0A0A-Y,Fluxys Belgium,VTP-00029,Zeebrugge Beach,21Z0000000000090,exit,kWh/h,,,5091,2021-03-30T00:27:09+02:00,,Confirmed,,,,,False,,,False,PRISMA,,https://platform.prisma-capacity.eu/,,Trading Point,9,False
1Physical Flowhour2021-02-05 13:00:00 +00:002021-02-05 14:00:00 +00:00BE-TSO-0001VTP-00029exitkWh/h,1,Physical Flow,hour,2021-02-05T14:00:00+01:00,2021-02-05T15:00:00+01:00,BE-TSO-0001,21X-BE-A-A0A0A-Y,Fluxys Belgium,VTP-00029,Zeebrugge Beach,21Z0000000000090,exit,kWh/h,,,10501,2021-03-30T00:27:09+02:00,,Confirmed,,,,,False,,,False,PRISMA,,https://platform.prisma-capacity.eu/,,Trading Point,9,False
1Physical Flowhour2021-02-05 14:00:00 +00:002021-02-05 15:00:00 +00:00BE-TSO-0001VTP-00029exitkWh/h,1,Physical Flow,hour,2021-02-05T15:00:00+01:00,2021-02-05T16:00:00+01:00,BE-TSO-0001,21X-BE-A-A0A0A-Y,Fluxys Belgium,VTP-00029,Zeebrugge Beach,21Z0000000000090,exit,kWh/h,,,10347,2021-03-30T00:27:09+02:00,,Confirmed,,,,,False,,,False,PRISMA,,https://platform.prisma-capacity.eu/,,Trading Point,9,False
1Physical Flowhour2021-02-05 15:00:00 +00:002021-02-05 16:00:00 +00:00BE-TSO-0001VTP-00029exitkWh/h,1,Physical Flow,hour,2021-02-05T16:00:00+01:00,2021-02-05T17:00:00+01:00,BE-TSO-0001,21X-BE-A-A0A0A-Y,Fluxys Belgium,VTP-00029,Zeebrugge Beach,21Z0000000000090,exit,kWh/h,,,5460,2021-03-30T00:27:09+02:00,,Confirmed,,,,,False,,,False,PRISMA,,https://platform.prisma-capacity.eu/,,Trading Point,9,False
1Physical Flowhour2021-02-05 16:00:00 +00:002021-02-05 17:00:00 +00:00BE-TSO-0001VTP-00029exitkWh/h,1,Physical Flow,hour,2021-02-05T17:00:00+01:00,2021-02-05T18:00:00+01:00,BE-TSO-0001,21X-BE-A-A0A0A-Y,Fluxys Belgium,VTP-00029,Zeebrugge Beach,21Z0000000000090,exit,kWh/h,,,5675,2021-03-30T00:27:09+02:00,,Confirmed,,,,,False,,,False,PRISMA,,https://platform.prisma-capacity.eu/,,Trading Point,9,False
1Physical Flowhour2021-02-05 17:00:00 +00:002021-02-05 18:00:00 +00:00BE-TSO-0001VTP-00029exitkWh/h,1,Physical Flow,hour,2021-02-05T18:00:00+01:00,2021-02-05T19:00:00+01:00,BE-TSO-0001,21X-BE-A-A0A0A-Y,Fluxys Belgium,VTP-00029,Zeebrugge Beach,21Z0000000000090,exit,kWh/h,,,6229,2021-03-30T00:27:09+02:00,,Confirmed,,,,,False,,,False,PRISMA,,https://platform.prisma-capacity.eu/,,Trading Point,9,False
1Physical Flowhour2021-02-05 18:00:00 +00:002021-02-05 19:00:00 +00:00BE-TSO-0001VTP-00029exitkWh/h,1,Physical Flow,hour,2021-02-05T19:00:00+01:00,2021-02-05T20:00:00+01:00,BE-TSO-0001,21X-BE-A-A0A0A-Y,Fluxys Belgium,VTP-00029,Zeebrugge Beach,21Z0000000000090,exit,kWh/h,,,5412,2021-03-30T00:27:09+02:00,,Confirmed,,,,,False,,,False,PRISMA,,https://platform.prisma-capacity.eu/,,Trading Point,9,False
1Physical Flowhour2021-02-05 19:00:00 +00:002021-02-05 20:00:00 +00:00BE-TSO-0001VTP-00029exitkWh/h,1,Physical Flow,hour,2021-02-05T20:00:00+01:00,2021-02-05T21:00:00+01:00,BE-TSO-0001,21X-BE-A-A0A0A-Y,Fluxys Belgium,VTP-00029,Zeebrugge Beach,21Z0000000000090,exit,kWh/h,,,11962,2021-03-30T00:27:09+02:00,,Confirmed,,,,,False,,,False,PRISMA,,https://platform.prisma-capacity.eu/,,Trading Point,9,False
1Physical Flowhour2021-02-05 20:00:00 +00:002021-02-05 21:00:00 +00:00BE-TSO-0001VTP-00029exitkWh/h,1,Physical Flow,hour,2021-02-05T21:00:00+01:00,2021-02-05T22:00:00+01:00,BE-TSO-0001,21X-BE-A-A0A0A-Y,Fluxys Belgium,VTP-00029,Zeebrugge Beach,21Z0000000000090,exit,kWh/h,,,16888,2021-03-30T00:27:09+02:00,,Confirmed,,,,,False,,,False,PRISMA,,https://platform.prisma-capacity.eu/,,Trading Point,9,False
1Physical Flowhour2021-02-05 21:00:00 +00:002021-02-05 22:00:00 +00:00BE-TSO-0001VTP-00029exitkWh/h,1,Physical Flow,hour,2021-02-05T22:00:00+01:00,2021-02-05T23:00:00+01:00,BE-TSO-0001,21X-BE-A-A0A0A-Y,Fluxys Belgium,VTP-00029,Zeebrugge Beach,21Z0000000000090,exit,kWh/h,,,12472022,2021-03-30T00:27:09+02:00,,Confirmed,,,,,False,,,False,PRISMA,,https://platform.prisma-capacity.eu/,,Trading Point,9,False
1Physical Flowhour2021-02-05 22:00:00 +00:002021-02-05 23:00:00 +00:00BE-TSO-0001VTP-00029exitkWh/h,1,Physical Flow,hour,2021-02-05T23:00:00+01:00,2021-02-06T00:00:00+01:00,BE-TSO-0001,21X-BE-A-A0A0A-Y,Fluxys Belgium,VTP-00029,Zeebrugge Beach,21Z0000000000090,exit,kWh/h,,,12922893,2021-03-30T00:27:09+02:00,,Confirmed,,,,,False,,,False,PRISMA,,https://platform.prisma-capacity.eu/,,Trading Point,9,False
1Physical Flowhour2021-02-05 23:00:00 +00:002021-02-06 00:00:00 +00:00BE-TSO-0001VTP-00029exitkWh/h,1,Physical Flow,hour,2021-02-06T00:00:00+01:00,2021-02-06T01:00:00+01:00,BE-TSO-0001,21X-BE-A-A0A0A-Y,Fluxys Belgium,VTP-00029,Zeebrugge Beach,21Z0000000000090,exit,kWh/h,,,12315081,2021-03-30T00:27:09+02:00,,Confirmed,,,,,False,,,False,PRISMA,,https://platform.prisma-capacity.eu/,,Trading Point,9,False
1Physical Flowhour2021-02-06 00:00:00 +00:002021-02-06 01:00:00 +00:00BE-TSO-0001VTP-00029exitkWh/h,1,Physical Flow,hour,2021-02-06T01:00:00+01:00,2021-02-06T02:00:00+01:00,BE-TSO-0001,21X-BE-A-A0A0A-Y,Fluxys Belgium,VTP-00029,Zeebrugge Beach,21Z0000000000090,exit,kWh/h,,,12316640,2021-03-30T00:27:09+02:00,,Confirmed,,,,,False,,,False,PRISMA,,https://platform.prisma-capacity.eu/,,Trading Point,9,False
1Physical Flowhour2021-02-06 01:00:00 +00:002021-02-06 02:00:00 +00:00BE-TSO-0001VTP-00029exitkWh/h,1,Physical Flow,hour,2021-02-06T02:00:00+01:00,2021-02-06T03:00:00+01:00,BE-TSO-0001,21X-BE-A-A0A0A-Y,Fluxys Belgium,VTP-00029,Zeebrugge Beach,21Z0000000000090,exit,kWh/h,,,12318000,2021-03-30T00:27:09+02:00,,Confirmed,,,,,False,,,False,PRISMA,,https://platform.prisma-capacity.eu/,,Trading Point,9,False
1Physical Flowhour2021-02-06 02:00:00 +00:002021-02-06 03:00:00 +00:00BE-TSO-0001VTP-00029exitkWh/h,1,Physical Flow,hour,2021-02-06T03:00:00+01:00,2021-02-06T04:00:00+01:00,BE-TSO-0001,21X-BE-A-A0A0A-Y,Fluxys Belgium,VTP-00029,Zeebrugge Beach,21Z0000000000090,exit,kWh/h,,,12317458,2021-03-30T00:27:09+02:00,,Confirmed,,,,,False,,,False,PRISMA,,https://platform.prisma-capacity.eu/,,Trading Point,9,False
1Physical Flowhour2021-02-06 03:00:00 +00:002021-02-06 04:00:00 +00:00BE-TSO-0001VTP-00029exitkWh/h,1,Physical Flow,hour,2021-02-06T04:00:00+01:00,2021-02-06T05:00:00+01:00,BE-TSO-0001,21X-BE-A-A0A0A-Y,Fluxys Belgium,VTP-00029,Zeebrugge Beach,21Z0000000000090,exit,kWh/h,,,12317808,2021-03-30T00:27:09+02:00,,Confirmed,,,,,False,,,False,PRISMA,,https://platform.prisma-capacity.eu/,,Trading Point,9,False
1Physical Flowhour2021-02-06 04:00:00 +00:002021-02-06 05:00:00 +00:00BE-TSO-0001VTP-00029exitkWh/h,1,Physical Flow,hour,2021-02-06T05:00:00+01:00,2021-02-06T06:00:00+01:00,BE-TSO-0001,21X-BE-A-A0A0A-Y,Fluxys Belgium,VTP-00029,Zeebrugge Beach,21Z0000000000090,exit,kWh/h,,,12300367,2021-03-30T00:27:09+02:00,,Confirmed,,,,,False,,,False,PRISMA,,https://platform.prisma-capacity.eu/,,Trading Point,9,False
1Physical Flowhour2021-02-06 05:00:00 +00:002021-02-06 06:00:00 +00:00BE-TSO-0001VTP-00029exitkWh/h,1,Physical Flow,hour,2021-02-06T06:00:00+01:00,2021-02-06T07:00:00+01:00,BE-TSO-0001,21X-BE-A-A0A0A-Y,Fluxys Belgium,VTP-00029,Zeebrugge Beach,21Z0000000000090,exit,kWh/h,,,12752936,2021-03-30T00:27:09+02:00,,Confirmed,,,,,False,,,False,PRISMA,,https://platform.prisma-capacity.eu/,,Trading Point,9,False
1Physical Flowhour2021-02-06 06:00:00 +00:002021-02-06 07:00:00 +00:00BE-TSO-0001VTP-00029exitkWh/h,1,Physical Flow,hour,2021-02-06T07:00:00+01:00,2021-02-06T08:00:00+01:00,BE-TSO-0001,21X-BE-A-A0A0A-Y,Fluxys Belgium,VTP-00029,Zeebrugge Beach,21Z0000000000090,exit,kWh/h,,,12632483,2021-03-30T00:27:09+02:00,,Confirmed,,,,,False,,,False,PRISMA,,https://platform.prisma-capacity.eu/,,Trading Point,9,False
1Physical Flowhour2021-02-06 07:00:00 +00:002021-02-06 08:00:00 +00:00BE-TSO-0001VTP-00029exitkWh/h,1,Physical Flow,hour,2021-02-06T08:00:00+01:00,2021-02-06T09:00:00+01:00,BE-TSO-0001,21X-BE-A-A0A0A-Y,Fluxys Belgium,VTP-00029,Zeebrugge Beach,21Z0000000000090,exit,kWh/h,,,12632024,2021-03-30T00:27:09+02:00,,Confirmed,,,,,False,,,False,PRISMA,,https://platform.prisma-capacity.eu/,,Trading Point,9,False
1Physical Flowhour2021-02-06 08:00:00 +00:002021-02-06 09:00:00 +00:00BE-TSO-0001VTP-00029exitkWh/h,1,Physical Flow,hour,2021-02-06T09:00:00+01:00,2021-02-06T10:00:00+01:00,BE-TSO-0001,21X-BE-A-A0A0A-Y,Fluxys Belgium,VTP-00029,Zeebrugge Beach,21Z0000000000090,exit,kWh/h,,,11643799,2021-03-30T00:27:09+02:00,,Confirmed,,,,,False,,,False,PRISMA,,https://platform.prisma-capacity.eu/,,Trading Point,9,False
1Physical Flowhour2021-02-06 09:00:00 +00:002021-02-06 10:00:00 +00:00BE-TSO-0001VTP-00029exitkWh/h,1,Physical Flow,hour,2021-02-06T10:00:00+01:00,2021-02-06T11:00:00+01:00,BE-TSO-0001,21X-BE-A-A0A0A-Y,Fluxys Belgium,VTP-00029,Zeebrugge Beach,21Z0000000000090,exit,kWh/h,,,11664353,2021-03-30T00:27:09+02:00,,Confirmed,,,,,False,,,False,PRISMA,,https://platform.prisma-capacity.eu/,,Trading Point,9,False
1Physical Flowhour2021-02-06 10:00:00 +00:002021-02-06 11:00:00 +00:00BE-TSO-0001VTP-00029exitkWh/h,1,Physical Flow,hour,2021-02-06T11:00:00+01:00,2021-02-06T12:00:00+01:00,BE-TSO-0001,21X-BE-A-A0A0A-Y,Fluxys Belgium,VTP-00029,Zeebrugge Beach,21Z0000000000090,exit,kWh/h,,,11638408,2021-03-30T00:27:09+02:00,,Confirmed,,,,,False,,,False,PRISMA,,https://platform.prisma-capacity.eu/,,Trading Point,9,False
1Physical Flowhour2021-02-06 11:00:00 +00:002021-02-06 12:00:00 +00:00BE-TSO-0001VTP-00029exitkWh/h,1,Physical Flow,hour,2021-02-06T12:00:00+01:00,2021-02-06T13:00:00+01:00,BE-TSO-0001,21X-BE-A-A0A0A-Y,Fluxys Belgium,VTP-00029,Zeebrugge Beach,21Z0000000000090,exit,kWh/h,,,26510,2021-03-30T00:27:09+02:00,,Confirmed,,,,,False,,,False,PRISMA,,https://platform.prisma-capacity.eu/,,Trading Point,9,False
1Physical Flowhour2021-02-06 12:00:00 +00:002021-02-06 13:00:00 +00:00BE-TSO-0001VTP-00029exitkWh/h,1,Physical Flow,hour,2021-02-06T13:00:00+01:00,2021-02-06T14:00:00+01:00,BE-TSO-0001,21X-BE-A-A0A0A-Y,Fluxys Belgium,VTP-00029,Zeebrugge Beach,21Z0000000000090,exit,kWh/h,,,8611,2021-03-30T00:27:09+02:00,,Confirmed,,,,,False,,,False,PRISMA,,https://platform.prisma-capacity.eu/,,Trading Point,9,False
1Physical Flowhour2021-02-06 13:00:00 +00:002021-02-06 14:00:00 +00:00BE-TSO-0001VTP-00029exitkWh/h,1,Physical Flow,hour,2021-02-06T14:00:00+01:00,2021-02-06T15:00:00+01:00,BE-TSO-0001,21X-BE-A-A0A0A-Y,Fluxys Belgium,VTP-00029,Zeebrugge Beach,21Z0000000000090,exit,kWh/h,,,2364,2021-03-30T00:27:09+02:00,,Confirmed,,,,,False,,,False,PRISMA,,https://platform.prisma-capacity.eu/,,Trading Point,9,False
1Physical Flowhour2021-02-06 14:00:00 +00:002021-02-06 15:00:00 +00:00BE-TSO-0001VTP-00029exitkWh/h,1,Physical Flow,hour,2021-02-06T15:00:00+01:00,2021-02-06T16:00:00+01:00,BE-TSO-0001,21X-BE-A-A0A0A-Y,Fluxys Belgium,VTP-00029,Zeebrugge Beach,21Z0000000000090,exit,kWh/h,,,3654,2021-03-30T00:27:09+02:00,,Confirmed,,,,,False,,,False,PRISMA,,https://platform.prisma-capacity.eu/,,Trading Point,9,False
1Physical Flowhour2021-02-06 15:00:00 +00:002021-02-06 16:00:00 +00:00BE-TSO-0001VTP-00029exitkWh/h,1,Physical Flow,hour,2021-02-06T16:00:00+01:00,2021-02-06T17:00:00+01:00,BE-TSO-0001,21X-BE-A-A0A0A-Y,Fluxys Belgium,VTP-00029,Zeebrugge Beach,21Z0000000000090,exit,kWh/h,,,4885,2021-03-30T00:27:09+02:00,,Confirmed,,,,,False,,,False,PRISMA,,https://platform.prisma-capacity.eu/,,Trading Point,9,False
1Physical Flowhour2021-02-06 16:00:00 +00:002021-02-06 17:00:00 +00:00BE-TSO-0001VTP-00029exitkWh/h,1,Physical Flow,hour,2021-02-06T17:00:00+01:00,2021-02-06T18:00:00+01:00,BE-TSO-0001,21X-BE-A-A0A0A-Y,Fluxys Belgium,VTP-00029,Zeebrugge Beach,21Z0000000000090,exit,kWh/h,,,4617,2021-03-30T00:27:09+02:00,,Confirmed,,,,,False,,,False,PRISMA,,https://platform.prisma-capacity.eu/,,Trading Point,9,False
1Physical Flowhour2021-02-06 17:00:00 +00:002021-02-06 18:00:00 +00:00BE-TSO-0001VTP-00029exitkWh/h,1,Physical Flow,hour,2021-02-06T18:00:00+01:00,2021-02-06T19:00:00+01:00,BE-TSO-0001,21X-BE-A-A0A0A-Y,Fluxys Belgium,VTP-00029,Zeebrugge Beach,21Z0000000000090,exit,kWh/h,,,2386,2021-03-30T00:27:09+02:00,,Confirmed,,,,,False,,,False,PRISMA,,https://platform.prisma-capacity.eu/,,Trading Point,9,False
1Physical Flowhour2021-02-06 18:00:00 +00:002021-02-06 19:00:00 +00:00BE-TSO-0001VTP-00029exitkWh/h,1,Physical Flow,hour,2021-02-06T19:00:00+01:00,2021-02-06T20:00:00+01:00,BE-TSO-0001,21X-BE-A-A0A0A-Y,Fluxys Belgium,VTP-00029,Zeebrugge Beach,21Z0000000000090,exit,kWh/h,,,9694,2021-03-30T00:27:09+02:00,,Confirmed,,,,,False,,,False,PRISMA,,https://platform.prisma-capacity.eu/,,Trading Point,9,False
1Physical Flowhour2021-02-06 19:00:00 +00:002021-02-06 20:00:00 +00:00BE-TSO-0001VTP-00029exitkWh/h,1,Physical Flow,hour,2021-02-06T20:00:00+01:00,2021-02-06T21:00:00+01:00,BE-TSO-0001,21X-BE-A-A0A0A-Y,Fluxys Belgium,VTP-00029,Zeebrugge Beach,21Z0000000000090,exit,kWh/h,,,10521,2021-03-30T00:27:09+02:00,,Confirmed,,,,,False,,,False,PRISMA,,https://platform.prisma-capacity.eu/,,Trading Point,9,False
1Physical Flowhour2021-02-06 20:00:00 +00:002021-02-06 21:00:00 +00:00BE-TSO-0001VTP-00029exitkWh/h,1,Physical Flow,hour,2021-02-06T21:00:00+01:00,2021-02-06T22:00:00+01:00,BE-TSO-0001,21X-BE-A-A0A0A-Y,Fluxys Belgium,VTP-00029,Zeebrugge Beach,21Z0000000000090,exit,kWh/h,,,11404170,2021-03-30T00:27:09+02:00,,Confirmed,,,,,False,,,False,PRISMA,,https://platform.prisma-capacity.eu/,,Trading Point,9,False
1Physical Flowhour2021-02-06 21:00:00 +00:002021-02-06 22:00:00 +00:00BE-TSO-0001VTP-00029exitkWh/h,1,Physical Flow,hour,2021-02-06T22:00:00+01:00,2021-02-06T23:00:00+01:00,BE-TSO-0001,21X-BE-A-A0A0A-Y,Fluxys Belgium,VTP-00029,Zeebrugge Beach,21Z0000000000090,exit,kWh/h,,,11527118,2021-03-30T00:27:09+02:00,,Confirmed,,,,,False,,,False,PRISMA,,https://platform.prisma-capacity.eu/,,Trading Point,9,False
1Physical Flowhour2021-02-06 22:00:00 +00:002021-02-06 23:00:00 +00:00BE-TSO-0001VTP-00029exitkWh/h,1,Physical Flow,hour,2021-02-06T23:00:00+01:00,2021-02-07T00:00:00+01:00,BE-TSO-0001,21X-BE-A-A0A0A-Y,Fluxys Belgium,VTP-00029,Zeebrugge Beach,21Z0000000000090,exit,kWh/h,,,11421056,2021-03-30T00:27:09+02:00,,Confirmed,,,,,False,,,False,PRISMA,,https://platform.prisma-capacity.eu/,,Trading Point,9,False
1Physical Flowhour2021-02-06 23:00:00 +00:002021-02-07 00:00:00 +00:00BE-TSO-0001VTP-00029exitkWh/h,1,Physical Flow,hour,2021-02-07T00:00:00+01:00,2021-02-07T01:00:00+01:00,BE-TSO-0001,21X-BE-A-A0A0A-Y,Fluxys Belgium,VTP-00029,Zeebrugge Beach,21Z0000000000090,exit,kWh/h,,,11579223,2021-03-30T00:27:09+02:00,,Confirmed,,,,,False,,,False,PRISMA,,https://platform.prisma-capacity.eu/,,Trading Point,9,False
1Physical Flowhour2021-02-07 00:00:00 +00:002021-02-07 01:00:00 +00:00BE-TSO-0001VTP-00029exitkWh/h,1,Physical Flow,hour,2021-02-07T01:00:00+01:00,2021-02-07T02:00:00+01:00,BE-TSO-0001,21X-BE-A-A0A0A-Y,Fluxys Belgium,VTP-00029,Zeebrugge Beach,21Z0000000000090,exit,kWh/h,,,11583126,2021-03-30T00:27:09+02:00,,Confirmed,,,,,False,,,False,PRISMA,,https://platform.prisma-capacity.eu/,,Trading Point,9,False
1Physical Flowhour2021-02-07 01:00:00 +00:002021-02-07 02:00:00 +00:00BE-TSO-0001VTP-00029exitkWh/h,1,Physical Flow,hour,2021-02-07T02:00:00+01:00,2021-02-07T03:00:00+01:00,BE-TSO-0001,21X-BE-A-A0A0A-Y,Fluxys Belgium,VTP-00029,Zeebrugge Beach,21Z0000000000090,exit,kWh/h,,,11400624,2021-03-30T00:27:09+02:00,,Confirmed,,,,,False,,,False,PRISMA,,https://platform.prisma-capacity.eu/,,Trading Point,9,False
1Physical Flowhour2021-02-07 02:00:00 +00:002021-02-07 03:00:00 +00:00BE-TSO-0001VTP-00029exitkWh/h,1,Physical Flow,hour,2021-02-07T03:00:00+01:00,2021-02-07T04:00:00+01:00,BE-TSO-0001,21X-BE-A-A0A0A-Y,Fluxys Belgium,VTP-00029,Zeebrugge Beach,21Z0000000000090,exit,kWh/h,,,22753,2021-03-30T00:27:09+02:00,,Confirmed,,,,,False,,,False,PRISMA,,https://platform.prisma-capacity.eu/,,Trading Point,9,False
1Physical Flowhour2021-02-07 03:00:00 +00:002021-02-07 04:00:00 +00:00BE-TSO-0001VTP-00029exitkWh/h,1,Physical Flow,hour,2021-02-07T04:00:00+01:00,2021-02-07T05:00:00+01:00,BE-TSO-0001,21X-BE-A-A0A0A-Y,Fluxys Belgium,VTP-00029,Zeebrugge Beach,21Z0000000000090,exit,kWh/h,,,8069,2021-03-30T00:27:09+02:00,,Confirmed,,,,,False,,,False,PRISMA,,https://platform.prisma-capacity.eu/,,Trading Point,9,False
1Physical Flowhour2021-02-07 04:00:00 +00:002021-02-07 05:00:00 +00:00BE-TSO-0001VTP-00029exitkWh/h,1,Physical Flow,hour,2021-02-07T05:00:00+01:00,2021-02-07T06:00:00+01:00,BE-TSO-0001,21X-BE-A-A0A0A-Y,Fluxys Belgium,VTP-00029,Zeebrugge Beach,21Z0000000000090,exit,kWh/h,,,9261,2021-03-30T00:27:09+02:00,,Confirmed,,,,,False,,,False,PRISMA,,https://platform.prisma-capacity.eu/,,Trading Point,9,False
1Physical Flowhour2021-02-07 05:00:00 +00:002021-02-07 06:00:00 +00:00BE-TSO-0001VTP-00029exitkWh/h,1,Physical Flow,hour,2021-02-07T06:00:00+01:00,2021-02-07T07:00:00+01:00,BE-TSO-0001,21X-BE-A-A0A0A-Y,Fluxys Belgium,VTP-00029,Zeebrugge Beach,21Z0000000000090,exit,kWh/h,,,5986,2021-03-30T00:27:09+02:00,,Confirmed,,,,,False,,,False,PRISMA,,https://platform.prisma-capacity.eu/,,Trading Point,9,False
1Physical Flowhour2021-02-07 06:00:00 +00:002021-02-07 07:00:00 +00:00BE-TSO-0001VTP-00029exitkWh/h,1,Physical Flow,hour,2021-02-07T07:00:00+01:00,2021-02-07T08:00:00+01:00,BE-TSO-0001,21X-BE-A-A0A0A-Y,Fluxys Belgium,VTP-00029,Zeebrugge Beach,21Z0000000000090,exit,kWh/h,,,6857,2021-03-30T00:27:09+02:00,,Confirmed,,,,,False,,,False,PRISMA,,https://platform.prisma-capacity.eu/,,Trading Point,9,False
1Physical Flowhour2021-02-07 07:00:00 +00:002021-02-07 08:00:00 +00:00BE-TSO-0001VTP-00029exitkWh/h,1,Physical Flow,hour,2021-02-07T08:00:00+01:00,2021-02-07T09:00:00+01:00,BE-TSO-0001,21X-BE-A-A0A0A-Y,Fluxys Belgium,VTP-00029,Zeebrugge Beach,21Z0000000000090,exit,kWh/h,,,12797,2021-03-30T00:27:09+02:00,,Confirmed,,,,,False,,,False,PRISMA,,https://platform.prisma-capacity.eu/,,Trading Point,9,False
1Physical Flowhour2021-02-07 08:00:00 +00:002021-02-07 09:00:00 +00:00BE-TSO-0001VTP-00029exitkWh/h,1,Physical Flow,hour,2021-02-07T09:00:00+01:00,2021-02-07T10:00:00+01:00,BE-TSO-0001,21X-BE-A-A0A0A-Y,Fluxys Belgium,VTP-00029,Zeebrugge Beach,21Z0000000000090,exit,kWh/h,,,11709225,2021-03-30T00:27:09+02:00,,Confirmed,,,,,False,,,False,PRISMA,,https://platform.prisma-capacity.eu/,,Trading Point,9,False
1Physical Flowhour2021-02-07 09:00:00 +00:002021-02-07 10:00:00 +00:00BE-TSO-0001VTP-00029exitkWh/h,1,Physical Flow,hour,2021-02-07T10:00:00+01:00,2021-02-07T11:00:00+01:00,BE-TSO-0001,21X-BE-A-A0A0A-Y,Fluxys Belgium,VTP-00029,Zeebrugge Beach,21Z0000000000090,exit,kWh/h,,,11732599,2021-03-30T00:27:09+02:00,,Confirmed,,,,,False,,,False,PRISMA,,https://platform.prisma-capacity.eu/,,Trading Point,9,False
1Physical Flowhour2021-02-07 10:00:00 +00:002021-02-07 11:00:00 +00:00BE-TSO-0001VTP-00029exitkWh/h,1,Physical Flow,hour,2021-02-07T11:00:00+01:00,2021-02-07T12:00:00+01:00,BE-TSO-0001,21X-BE-A-A0A0A-Y,Fluxys Belgium,VTP-00029,Zeebrugge Beach,21Z0000000000090,exit,kWh/h,,,11723441,2021-03-30T00:27:09+02:00,,Confirmed,,,,,False,,,False,PRISMA,,https://platform.prisma-capacity.eu/,,Trading Point,9,False
1Physical Flowhour2021-02-07 11:00:00 +00:002021-02-07 12:00:00 +00:00BE-TSO-0001VTP-00029exitkWh/h,1,Physical Flow,hour,2021-02-07T12:00:00+01:00,2021-02-07T13:00:00+01:00,BE-TSO-0001,21X-BE-A-A0A0A-Y,Fluxys Belgium,VTP-00029,Zeebrugge Beach,21Z0000000000090,exit,kWh/h,,,11671937,2021-03-30T00:27:09+02:00,,Confirmed,,,,,False,,,False,PRISMA,,https://platform.prisma-capacity.eu/,,Trading Point,9,False
1Physical Flowhour2021-02-07 12:00:00 +00:002021-02-07 13:00:00 +00:00BE-TSO-0001VTP-00029exitkWh/h,1,Physical Flow,hour,2021-02-07T13:00:00+01:00,2021-02-07T14:00:00+01:00,BE-TSO-0001,21X-BE-A-A0A0A-Y,Fluxys Belgium,VTP-00029,Zeebrugge Beach,21Z0000000000090,exit,kWh/h,,,11730575,2021-03-30T00:27:09+02:00,,Confirmed,,,,,False,,,False,PRISMA,,https://platform.prisma-capacity.eu/,,Trading Point,9,False
1Physical Flowhour2021-02-07 13:00:00 +00:002021-02-07 14:00:00 +00:00BE-TSO-0001VTP-00029exitkWh/h,1,Physical Flow,hour,2021-02-07T14:00:00+01:00,2021-02-07T15:00:00+01:00,BE-TSO-0001,21X-BE-A-A0A0A-Y,Fluxys Belgium,VTP-00029,Zeebrugge Beach,21Z0000000000090,exit,kWh/h,,,11701679,2021-03-30T00:27:09+02:00,,Confirmed,,,,,False,,,False,PRISMA,,https://platform.prisma-capacity.eu/,,Trading Point,9,False
1Physical Flowhour2021-02-07 14:00:00 +00:002021-02-07 15:00:00 +00:00BE-TSO-0001VTP-00029exitkWh/h,1,Physical Flow,hour,2021-02-07T15:00:00+01:00,2021-02-07T16:00:00+01:00,BE-TSO-0001,21X-BE-A-A0A0A-Y,Fluxys Belgium,VTP-00029,Zeebrugge Beach,21Z0000000000090,exit,kWh/h,,,11395489,2021-03-30T00:27:09+02:00,,Confirmed,,,,,False,,,False,PRISMA,,https://platform.prisma-capacity.eu/,,Trading Point,9,False
1Physical Flowhour2021-02-07 15:00:00 +00:002021-02-07 16:00:00 +00:00BE-TSO-0001VTP-00029exitkWh/h,1,Physical Flow,hour,2021-02-07T16:00:00+01:00,2021-02-07T17:00:00+01:00,BE-TSO-0001,21X-BE-A-A0A0A-Y,Fluxys Belgium,VTP-00029,Zeebrugge Beach,21Z0000000000090,exit,kWh/h,,,20535,2021-03-30T00:27:09+02:00,,Confirmed,,,,,False,,,False,PRISMA,,https://platform.prisma-capacity.eu/,,Trading Point,9,False
1Physical Flowhour2021-02-07 16:00:00 +00:002021-02-07 17:00:00 +00:00BE-TSO-0001VTP-00029exitkWh/h,1,Physical Flow,hour,2021-02-07T17:00:00+01:00,2021-02-07T18:00:00+01:00,BE-TSO-0001,21X-BE-A-A0A0A-Y,Fluxys Belgium,VTP-00029,Zeebrugge Beach,21Z0000000000090,exit,kWh/h,,,2089,2021-03-30T00:27:09+02:00,,Confirmed,,,,,False,,,False,PRISMA,,https://platform.prisma-capacity.eu/,,Trading Point,9,False
1Physical Flowhour2021-02-07 17:00:00 +00:002021-02-07 18:00:00 +00:00BE-TSO-0001VTP-00029exitkWh/h,1,Physical Flow,hour,2021-02-07T18:00:00+01:00,2021-02-07T19:00:00+01:00,BE-TSO-0001,21X-BE-A-A0A0A-Y,Fluxys Belgium,VTP-00029,Zeebrugge Beach,21Z0000000000090,exit,kWh/h,,,3556,2021-03-30T00:27:09+02:00,,Confirmed,,,,,False,,,False,PRISMA,,https://platform.prisma-capacity.eu/,,Trading Point,9,False
1Physical Flowhour2021-02-07 18:00:00 +00:002021-02-07 19:00:00 +00:00BE-TSO-0001VTP-00029exitkWh/h,1,Physical Flow,hour,2021-02-07T19:00:00+01:00,2021-02-07T20:00:00+01:00,BE-TSO-0001,21X-BE-A-A0A0A-Y,Fluxys Belgium,VTP-00029,Zeebrugge Beach,21Z0000000000090,exit,kWh/h,,,6086,2021-03-30T00:27:09+02:00,,Confirmed,,,,,False,,,False,PRISMA,,https://platform.prisma-capacity.eu/,,Trading Point,9,False
1Physical Flowhour2021-02-07 19:00:00 +00:002021-02-07 20:00:00 +00:00BE-TSO-0001VTP-00029exitkWh/h,1,Physical Flow,hour,2021-02-07T20:00:00+01:00,2021-02-07T21:00:00+01:00,BE-TSO-0001,21X-BE-A-A0A0A-Y,Fluxys Belgium,VTP-00029,Zeebrugge Beach,21Z0000000000090,exit,kWh/h,,,12487,2021-03-30T00:27:09+02:00,,Confirmed,,,,,False,,,False,PRISMA,,https://platform.prisma-capacity.eu/,,Trading Point,9,False
1Physical Flowhour2021-02-07 20:00:00 +00:002021-02-07 21:00:00 +00:00BE-TSO-0001VTP-00029exitkWh/h,1,Physical Flow,hour,2021-02-07T21:00:00+01:00,2021-02-07T22:00:00+01:00,BE-TSO-0001,21X-BE-A-A0A0A-Y,Fluxys Belgium,VTP-00029,Zeebrugge Beach,21Z0000000000090,exit,kWh/h,,,18197,2021-03-30T00:27:09+02:00,,Confirmed,,,,,False,,,False,PRISMA,,https://platform.prisma-capacity.eu/,,Trading Point,9,False
1Physical Flowhour2021-02-07 21:00:00 +00:002021-02-07 22:00:00 +00:00BE-TSO-0001VTP-00029exitkWh/h,1,Physical Flow,hour,2021-02-07T22:00:00+01:00,2021-02-07T23:00:00+01:00,BE-TSO-0001,21X-BE-A-A0A0A-Y,Fluxys Belgium,VTP-00029,Zeebrugge Beach,21Z0000000000090,exit,kWh/h,,,18633,2021-03-30T00:27:09+02:00,,Confirmed,,,,,False,,,False,PRISMA,,https://platform.prisma-capacity.eu/,,Trading Point,9,False
1Physical Flowhour2021-02-07 22:00:00 +00:002021-02-07 23:00:00 +00:00BE-TSO-0001VTP-00029exitkWh/h,1,Physical Flow,hour,2021-02-07T23:00:00+01:00,2021-02-08T00:00:00+01:00,BE-TSO-0001,21X-BE-A-A0A0A-Y,Fluxys Belgium,VTP-00029,Zeebrugge Beach,21Z0000000000090,exit,kWh/h,,,32895,2021-03-30T00:27:09+02:00,,Confirmed,,,,,False,,,False,PRISMA,,https://platform.prisma-capacity.eu/,,Trading Point,9,False
1Physical Flowhour2021-02-07 23:00:00 +00:002021-02-08 00:00:00 +00:00BE-TSO-0001VTP-00029exitkWh/h,1,Physical Flow,hour,2021-02-08T00:00:00+01:00,2021-02-08T01:00:00+01:00,BE-TSO-0001,21X-BE-A-A0A0A-Y,Fluxys Belgium,VTP-00029,Zeebrugge Beach,21Z0000000000090,exit,kWh/h,,,11743868,2021-03-30T00:27:09+02:00,,Confirmed,,,,,False,,,False,PRISMA,,https://platform.prisma-capacity.eu/,,Trading Point,9,False
1Physical Flowhour2021-02-08 00:00:00 +00:002021-02-08 01:00:00 +00:00BE-TSO-0001VTP-00029exitkWh/h,1,Physical Flow,hour,2021-02-08T01:00:00+01:00,2021-02-08T02:00:00+01:00,BE-TSO-0001,21X-BE-A-A0A0A-Y,Fluxys Belgium,VTP-00029,Zeebrugge Beach,21Z0000000000090,exit,kWh/h,,,11706153,2021-03-30T00:27:09+02:00,,Confirmed,,,,,False,,,False,PRISMA,,https://platform.prisma-capacity.eu/,,Trading Point,9,False
1Physical Flowhour2021-02-08 01:00:00 +00:002021-02-08 02:00:00 +00:00BE-TSO-0001VTP-00029exitkWh/h,1,Physical Flow,hour,2021-02-08T02:00:00+01:00,2021-02-08T03:00:00+01:00,BE-TSO-0001,21X-BE-A-A0A0A-Y,Fluxys Belgium,VTP-00029,Zeebrugge Beach,21Z0000000000090,exit,kWh/h,,,11684232,2021-03-30T00:27:09+02:00,,Confirmed,,,,,False,,,False,PRISMA,,https://platform.prisma-capacity.eu/,,Trading Point,9,False
1Physical Flowhour2021-02-08 02:00:00 +00:002021-02-08 03:00:00 +00:00BE-TSO-0001VTP-00029exitkWh/h,1,Physical Flow,hour,2021-02-08T03:00:00+01:00,2021-02-08T04:00:00+01:00,BE-TSO-0001,21X-BE-A-A0A0A-Y,Fluxys Belgium,VTP-00029,Zeebrugge Beach,21Z0000000000090,exit,kWh/h,,,11668324,2021-03-30T00:27:09+02:00,,Confirmed,,,,,False,,,False,PRISMA,,https://platform.prisma-capacity.eu/,,Trading Point,9,False
1Physical Flowhour2021-02-08 03:00:00 +00:002021-02-08 04:00:00 +00:00BE-TSO-0001VTP-00029exitkWh/h,1,Physical Flow,hour,2021-02-08T04:00:00+01:00,2021-02-08T05:00:00+01:00,BE-TSO-0001,21X-BE-A-A0A0A-Y,Fluxys Belgium,VTP-00029,Zeebrugge Beach,21Z0000000000090,exit,kWh/h,,,11701015,2021-03-30T00:27:09+02:00,,Confirmed,,,,,False,,,False,PRISMA,,https://platform.prisma-capacity.eu/,,Trading Point,9,False
1Physical Flowhour2021-02-08 04:00:00 +00:002021-02-08 05:00:00 +00:00BE-TSO-0001VTP-00029exitkWh/h,1,Physical Flow,hour,2021-02-08T05:00:00+01:00,2021-02-08T06:00:00+01:00,BE-TSO-0001,21X-BE-A-A0A0A-Y,Fluxys Belgium,VTP-00029,Zeebrugge Beach,21Z0000000000090,exit,kWh/h,,,11700374,2021-03-30T00:27:09+02:00,,Confirmed,,,,,False,,,False,PRISMA,,https://platform.prisma-capacity.eu/,,Trading Point,9,False
1Physical Flowhour2021-02-08 05:00:00 +00:002021-02-08 06:00:00 +00:00BE-TSO-0001VTP-00029exitkWh/h,1,Physical Flow,hour,2021-02-08T06:00:00+01:00,2021-02-08T07:00:00+01:00,BE-TSO-0001,21X-BE-A-A0A0A-Y,Fluxys Belgium,VTP-00029,Zeebrugge Beach,21Z0000000000090,exit,kWh/h,,,11515579,2021-03-30T00:27:09+02:00,,Confirmed,,,,,False,,,False,PRISMA,,https://platform.prisma-capacity.eu/,,Trading Point,9,False
1Physical Flowhour2021-02-08 06:00:00 +00:002021-02-08 07:00:00 +00:00BE-TSO-0001VTP-00029exitkWh/h,1,Physical Flow,hour,2021-02-08T07:00:00+01:00,2021-02-08T08:00:00+01:00,BE-TSO-0001,21X-BE-A-A0A0A-Y,Fluxys Belgium,VTP-00029,Zeebrugge Beach,21Z0000000000090,exit,kWh/h,,,11398983,2021-03-30T00:27:09+02:00,,Confirmed,,,,,False,,,False,PRISMA,,https://platform.prisma-capacity.eu/,,Trading Point,9,False
1Physical Flowhour2021-02-08 07:00:00 +00:002021-02-08 08:00:00 +00:00BE-TSO-0001VTP-00029exitkWh/h,1,Physical Flow,hour,2021-02-08T08:00:00+01:00,2021-02-08T09:00:00+01:00,BE-TSO-0001,21X-BE-A-A0A0A-Y,Fluxys Belgium,VTP-00029,Zeebrugge Beach,21Z0000000000090,exit,kWh/h,,,11400532,2021-03-30T00:27:09+02:00,,Confirmed,,,,,False,,,False,PRISMA,,https://platform.prisma-capacity.eu/,,Trading Point,9,False
1Physical Flowhour2021-02-08 08:00:00 +00:002021-02-08 09:00:00 +00:00BE-TSO-0001VTP-00029exitkWh/h,1,Physical Flow,hour,2021-02-08T09:00:00+01:00,2021-02-08T10:00:00+01:00,BE-TSO-0001,21X-BE-A-A0A0A-Y,Fluxys Belgium,VTP-00029,Zeebrugge Beach,21Z0000000000090,exit,kWh/h,,,11402447,2021-03-30T00:27:09+02:00,,Confirmed,,,,,False,,,False,PRISMA,,https://platform.prisma-capacity.eu/,,Trading Point,9,False
1Physical Flowhour2021-02-08 09:00:00 +00:002021-02-08 10:00:00 +00:00BE-TSO-0001VTP-00029exitkWh/h,1,Physical Flow,hour,2021-02-08T10:00:00+01:00,2021-02-08T11:00:00+01:00,BE-TSO-0001,21X-BE-A-A0A0A-Y,Fluxys Belgium,VTP-00029,Zeebrugge Beach,21Z0000000000090,exit,kWh/h,,,11772730,2021-03-30T00:27:09+02:00,,Confirmed,,,,,False,,,False,PRISMA,,https://platform.prisma-capacity.eu/,,Trading Point,9,False
1Physical Flowhour2021-02-08 10:00:00 +00:002021-02-08 11:00:00 +00:00BE-TSO-0001VTP-00029exitkWh/h,1,Physical Flow,hour,2021-02-08T11:00:00+01:00,2021-02-08T12:00:00+01:00,BE-TSO-0001,21X-BE-A-A0A0A-Y,Fluxys Belgium,VTP-00029,Zeebrugge Beach,21Z0000000000090,exit,kWh/h,,,11803496,2021-03-30T00:27:09+02:00,,Confirmed,,,,,False,,,False,PRISMA,,https://platform.prisma-capacity.eu/,,Trading Point,9,False
1Physical Flowhour2021-02-08 11:00:00 +00:002021-02-08 12:00:00 +00:00BE-TSO-0001VTP-00029exitkWh/h,1,Physical Flow,hour,2021-02-08T12:00:00+01:00,2021-02-08T13:00:00+01:00,BE-TSO-0001,21X-BE-A-A0A0A-Y,Fluxys Belgium,VTP-00029,Zeebrugge Beach,21Z0000000000090,exit,kWh/h,,,10736450,2021-03-30T00:27:09+02:00,,Confirmed,,,,,False,,,False,PRISMA,,https://platform.prisma-capacity.eu/,,Trading Point,9,False
1Physical Flowhour2021-02-08 12:00:00 +00:002021-02-08 13:00:00 +00:00BE-TSO-0001VTP-00029exitkWh/h,1,Physical Flow,hour,2021-02-08T13:00:00+01:00,2021-02-08T14:00:00+01:00,BE-TSO-0001,21X-BE-A-A0A0A-Y,Fluxys Belgium,VTP-00029,Zeebrugge Beach,21Z0000000000090,exit,kWh/h,,,15287,2021-03-30T00:27:09+02:00,,Confirmed,,,,,False,,,False,PRISMA,,https://platform.prisma-capacity.eu/,,Trading Point,9,False
1Physical Flowhour2021-02-08 13:00:00 +00:002021-02-08 14:00:00 +00:00BE-TSO-0001VTP-00029exitkWh/h,1,Physical Flow,hour,2021-02-08T14:00:00+01:00,2021-02-08T15:00:00+01:00,BE-TSO-0001,21X-BE-A-A0A0A-Y,Fluxys Belgium,VTP-00029,Zeebrugge Beach,21Z0000000000090,exit,kWh/h,,,8054,2021-03-30T00:27:09+02:00,,Confirmed,,,,,False,,,False,PRISMA,,https://platform.prisma-capacity.eu/,,Trading Point,9,False
1Physical Flowhour2021-02-08 14:00:00 +00:002021-02-08 15:00:00 +00:00BE-TSO-0001VTP-00029exitkWh/h,1,Physical Flow,hour,2021-02-08T15:00:00+01:00,2021-02-08T16:00:00+01:00,BE-TSO-0001,21X-BE-A-A0A0A-Y,Fluxys Belgium,VTP-00029,Zeebrugge Beach,21Z0000000000090,exit,kWh/h,,,3936,2021-03-30T00:27:09+02:00,,Confirmed,,,,,False,,,False,PRISMA,,https://platform.prisma-capacity.eu/,,Trading Point,9,False
1Physical Flowhour2021-02-08 15:00:00 +00:002021-02-08 16:00:00 +00:00BE-TSO-0001VTP-00029exitkWh/h,1,Physical Flow,hour,2021-02-08T16:00:00+01:00,2021-02-08T17:00:00+01:00,BE-TSO-0001,21X-BE-A-A0A0A-Y,Fluxys Belgium,VTP-00029,Zeebrugge Beach,21Z0000000000090,exit,kWh/h,,,3962,2021-03-30T00:27:09+02:00,,Confirmed,,,,,False,,,False,PRISMA,,https://platform.prisma-capacity.eu/,,Trading Point,9,False
1Physical Flowhour2021-02-08 16:00:00 +00:002021-02-08 17:00:00 +00:00BE-TSO-0001VTP-00029exitkWh/h,1,Physical Flow,hour,2021-02-08T17:00:00+01:00,2021-02-08T18:00:00+01:00,BE-TSO-0001,21X-BE-A-A0A0A-Y,Fluxys Belgium,VTP-00029,Zeebrugge Beach,21Z0000000000090,exit,kWh/h,,,5376,2021-03-30T00:27:09+02:00,,Confirmed,,,,,False,,,False,PRISMA,,https://platform.prisma-capacity.eu/,,Trading Point,9,False
1Physical Flowhour2021-02-08 17:00:00 +00:002021-02-08 18:00:00 +00:00BE-TSO-0001VTP-00029exitkWh/h,1,Physical Flow,hour,2021-02-08T18:00:00+01:00,2021-02-08T19:00:00+01:00,BE-TSO-0001,21X-BE-A-A0A0A-Y,Fluxys Belgium,VTP-00029,Zeebrugge Beach,21Z0000000000090,exit,kWh/h,,,18317,2021-03-30T00:27:09+02:00,,Confirmed,,,,,False,,,False,PRISMA,,https://platform.prisma-capacity.eu/,,Trading Point,9,False
1Physical Flowhour2021-02-08 18:00:00 +00:002021-02-08 19:00:00 +00:00BE-TSO-0001VTP-00029exitkWh/h,1,Physical Flow,hour,2021-02-08T19:00:00+01:00,2021-02-08T20:00:00+01:00,BE-TSO-0001,21X-BE-A-A0A0A-Y,Fluxys Belgium,VTP-00029,Zeebrugge Beach,21Z0000000000090,exit,kWh/h,,,11244163,2021-03-30T00:27:09+02:00,,Confirmed,,,,,False,,,False,PRISMA,,https://platform.prisma-capacity.eu/,,Trading Point,9,False
1Physical Flowhour2021-02-08 19:00:00 +00:002021-02-08 20:00:00 +00:00BE-TSO-0001VTP-00029exitkWh/h,1,Physical Flow,hour,2021-02-08T20:00:00+01:00,2021-02-08T21:00:00+01:00,BE-TSO-0001,21X-BE-A-A0A0A-Y,Fluxys Belgium,VTP-00029,Zeebrugge Beach,21Z0000000000090,exit,kWh/h,,,12173881,2021-03-30T00:27:09+02:00,,Confirmed,,,,,False,,,False,PRISMA,,https://platform.prisma-capacity.eu/,,Trading Point,9,False
1Physical Flowhour2021-02-08 20:00:00 +00:002021-02-08 21:00:00 +00:00BE-TSO-0001VTP-00029exitkWh/h,1,Physical Flow,hour,2021-02-08T21:00:00+01:00,2021-02-08T22:00:00+01:00,BE-TSO-0001,21X-BE-A-A0A0A-Y,Fluxys Belgium,VTP-00029,Zeebrugge Beach,21Z0000000000090,exit,kWh/h,,,11877246,2021-03-30T00:27:09+02:00,,Confirmed,,,,,False,,,False,PRISMA,,https://platform.prisma-capacity.eu/,,Trading Point,9,False
1Physical Flowhour2021-02-08 21:00:00 +00:002021-02-08 22:00:00 +00:00BE-TSO-0001VTP-00029exitkWh/h,1,Physical Flow,hour,2021-02-08T22:00:00+01:00,2021-02-08T23:00:00+01:00,BE-TSO-0001,21X-BE-A-A0A0A-Y,Fluxys Belgium,VTP-00029,Zeebrugge Beach,21Z0000000000090,exit,kWh/h,,,12670602,2021-03-30T00:27:09+02:00,,Confirmed,,,,,False,,,False,PRISMA,,https://platform.prisma-capacity.eu/,,Trading Point,9,False
1Physical Flowhour2021-02-08 22:00:00 +00:002021-02-08 23:00:00 +00:00BE-TSO-0001VTP-00029exitkWh/h,1,Physical Flow,hour,2021-02-08T23:00:00+01:00,2021-02-09T00:00:00+01:00,BE-TSO-0001,21X-BE-A-A0A0A-Y,Fluxys Belgium,VTP-00029,Zeebrugge Beach,21Z0000000000090,exit,kWh/h,,,12310988,2021-03-30T00:27:09+02:00,,Confirmed,,,,,False,,,False,PRISMA,,https://platform.prisma-capacity.eu/,,Trading Point,9,False
1Physical Flowhour2021-02-08 23:00:00 +00:002021-02-09 00:00:00 +00:00BE-TSO-0001VTP-00029exitkWh/h,1,Physical Flow,hour,2021-02-09T00:00:00+01:00,2021-02-09T01:00:00+01:00,BE-TSO-0001,21X-BE-A-A0A0A-Y,Fluxys Belgium,VTP-00029,Zeebrugge Beach,21Z0000000000090,exit,kWh/h,,,12533234,2021-03-30T00:27:09+02:00,,Confirmed,,,,,False,,,False,PRISMA,,https://platform.prisma-capacity.eu/,,Trading Point,9,False
1Physical Flowhour2021-02-09 00:00:00 +00:002021-02-09 01:00:00 +00:00BE-TSO-0001VTP-00029exitkWh/h,1,Physical Flow,hour,2021-02-09T01:00:00+01:00,2021-02-09T02:00:00+01:00,BE-TSO-0001,21X-BE-A-A0A0A-Y,Fluxys Belgium,VTP-00029,Zeebrugge Beach,21Z0000000000090,exit,kWh/h,,,12539422,2021-03-30T00:27:09+02:00,,Confirmed,,,,,False,,,False,PRISMA,,https://platform.prisma-capacity.eu/,,Trading Point,9,False
1Physical Flowhour2021-02-09 01:00:00 +00:002021-02-09 02:00:00 +00:00BE-TSO-0001VTP-00029exitkWh/h,1,Physical Flow,hour,2021-02-09T02:00:00+01:00,2021-02-09T03:00:00+01:00,BE-TSO-0001,21X-BE-A-A0A0A-Y,Fluxys Belgium,VTP-00029,Zeebrugge Beach,21Z0000000000090,exit,kWh/h,,,12538370,2021-03-30T00:27:09+02:00,,Confirmed,,,,,False,,,False,PRISMA,,https://platform.prisma-capacity.eu/,,Trading Point,9,False
1Physical Flowhour2021-02-09 02:00:00 +00:002021-02-09 03:00:00 +00:00BE-TSO-0001VTP-00029exitkWh/h,1,Physical Flow,hour,2021-02-09T03:00:00+01:00,2021-02-09T04:00:00+01:00,BE-TSO-0001,21X-BE-A-A0A0A-Y,Fluxys Belgium,VTP-00029,Zeebrugge Beach,21Z0000000000090,exit,kWh/h,,,13806816,2021-03-30T00:27:09+02:00,,Confirmed,,,,,False,,,False,PRISMA,,https://platform.prisma-capacity.eu/,,Trading Point,9,False
1Physical Flowhour2021-02-09 03:00:00 +00:002021-02-09 04:00:00 +00:00BE-TSO-0001VTP-00029exitkWh/h,1,Physical Flow,hour,2021-02-09T04:00:00+01:00,2021-02-09T05:00:00+01:00,BE-TSO-0001,21X-BE-A-A0A0A-Y,Fluxys Belgium,VTP-00029,Zeebrugge Beach,21Z0000000000090,exit,kWh/h,,,14820805,2021-03-30T00:27:09+02:00,,Confirmed,,,,,False,,,False,PRISMA,,https://platform.prisma-capacity.eu/,,Trading Point,9,False
1Physical Flowhour2021-02-09 04:00:00 +00:002021-02-09 05:00:00 +00:00BE-TSO-0001VTP-00029exitkWh/h,1,Physical Flow,hour,2021-02-09T05:00:00+01:00,2021-02-09T06:00:00+01:00,BE-TSO-0001,21X-BE-A-A0A0A-Y,Fluxys Belgium,VTP-00029,Zeebrugge Beach,21Z0000000000090,exit,kWh/h,,,14373845,2021-03-30T00:27:09+02:00,,Confirmed,,,,,False,,,False,PRISMA,,https://platform.prisma-capacity.eu/,,Trading Point,9,False
1Physical Flowhour2021-02-09 05:00:00 +00:002021-02-09 06:00:00 +00:00BE-TSO-0001VTP-00029exitkWh/h,1,Physical Flow,hour,2021-02-09T06:00:00+01:00,2021-02-09T07:00:00+01:00,BE-TSO-0001,21X-BE-A-A0A0A-Y,Fluxys Belgium,VTP-00029,Zeebrugge Beach,21Z0000000000090,exit,kWh/h,,,11939805,2021-03-30T00:27:09+02:00,,Confirmed,,,,,False,,,False,PRISMA,,https://platform.prisma-capacity.eu/,,Trading Point,9,False
1Physical Flowhour2021-02-09 06:00:00 +00:002021-02-09 07:00:00 +00:00BE-TSO-0001VTP-00029exitkWh/h,1,Physical Flow,hour,2021-02-09T07:00:00+01:00,2021-02-09T08:00:00+01:00,BE-TSO-0001,21X-BE-A-A0A0A-Y,Fluxys Belgium,VTP-00029,Zeebrugge Beach,21Z0000000000090,exit,kWh/h,,,11697203,2021-03-30T00:27:09+02:00,,Confirmed,,,,,False,,,False,PRISMA,,https://platform.prisma-capacity.eu/,,Trading Point,9,False
1Physical Flowhour2021-02-09 07:00:00 +00:002021-02-09 08:00:00 +00:00BE-TSO-0001VTP-00029exitkWh/h,1,Physical Flow,hour,2021-02-09T08:00:00+01:00,2021-02-09T09:00:00+01:00,BE-TSO-0001,21X-BE-A-A0A0A-Y,Fluxys Belgium,VTP-00029,Zeebrugge Beach,21Z0000000000090,exit,kWh/h,,,11497109,2021-03-30T00:27:09+02:00,,Confirmed,,,,,False,,,False,PRISMA,,https://platform.prisma-capacity.eu/,,Trading Point,9,False
1Physical Flowhour2021-02-09 08:00:00 +00:002021-02-09 09:00:00 +00:00BE-TSO-0001VTP-00029exitkWh/h,1,Physical Flow,hour,2021-02-09T09:00:00+01:00,2021-02-09T10:00:00+01:00,BE-TSO-0001,21X-BE-A-A0A0A-Y,Fluxys Belgium,VTP-00029,Zeebrugge Beach,21Z0000000000090,exit,kWh/h,,,11451976,2021-03-30T00:27:09+02:00,,Confirmed,,,,,False,,,False,PRISMA,,https://platform.prisma-capacity.eu/,,Trading Point,9,False
1Physical Flowhour2021-02-09 09:00:00 +00:002021-02-09 10:00:00 +00:00BE-TSO-0001VTP-00029exitkWh/h,1,Physical Flow,hour,2021-02-09T10:00:00+01:00,2021-02-09T11:00:00+01:00,BE-TSO-0001,21X-BE-A-A0A0A-Y,Fluxys Belgium,VTP-00029,Zeebrugge Beach,21Z0000000000090,exit,kWh/h,,,11415938,2021-03-30T00:27:09+02:00,,Confirmed,,,,,False,,,False,PRISMA,,https://platform.prisma-capacity.eu/,,Trading Point,9,False
1Physical Flowhour2021-02-09 10:00:00 +00:002021-02-09 11:00:00 +00:00BE-TSO-0001VTP-00029exitkWh/h,1,Physical Flow,hour,2021-02-09T11:00:00+01:00,2021-02-09T12:00:00+01:00,BE-TSO-0001,21X-BE-A-A0A0A-Y,Fluxys Belgium,VTP-00029,Zeebrugge Beach,21Z0000000000090,exit,kWh/h,,,11577287,2021-03-30T00:27:09+02:00,,Confirmed,,,,,False,,,False,PRISMA,,https://platform.prisma-capacity.eu/,,Trading Point,9,False
1Physical Flowhour2021-02-09 11:00:00 +00:002021-02-09 12:00:00 +00:00BE-TSO-0001VTP-00029exitkWh/h,1,Physical Flow,hour,2021-02-09T12:00:00+01:00,2021-02-09T13:00:00+01:00,BE-TSO-0001,21X-BE-A-A0A0A-Y,Fluxys Belgium,VTP-00029,Zeebrugge Beach,21Z0000000000090,exit,kWh/h,,,11562688,2021-03-30T00:27:09+02:00,,Confirmed,,,,,False,,,False,PRISMA,,https://platform.prisma-capacity.eu/,,Trading Point,9,False
1Physical Flowhour2021-02-09 12:00:00 +00:002021-02-09 13:00:00 +00:00BE-TSO-0001VTP-00029exitkWh/h,1,Physical Flow,hour,2021-02-09T13:00:00+01:00,2021-02-09T14:00:00+01:00,BE-TSO-0001,21X-BE-A-A0A0A-Y,Fluxys Belgium,VTP-00029,Zeebrugge Beach,21Z0000000000090,exit,kWh/h,,,11593014,2021-03-30T00:27:09+02:00,,Confirmed,,,,,False,,,False,PRISMA,,https://platform.prisma-capacity.eu/,,Trading Point,9,False
1Physical Flowhour2021-02-09 13:00:00 +00:002021-02-09 14:00:00 +00:00BE-TSO-0001VTP-00029exitkWh/h,1,Physical Flow,hour,2021-02-09T14:00:00+01:00,2021-02-09T15:00:00+01:00,BE-TSO-0001,21X-BE-A-A0A0A-Y,Fluxys Belgium,VTP-00029,Zeebrugge Beach,21Z0000000000090,exit,kWh/h,,,11578472,2021-03-30T00:27:09+02:00,,Confirmed,,,,,False,,,False,PRISMA,,https://platform.prisma-capacity.eu/,,Trading Point,9,False
1Physical Flowhour2021-02-09 14:00:00 +00:002021-02-09 15:00:00 +00:00BE-TSO-0001VTP-00029exitkWh/h,1,Physical Flow,hour,2021-02-09T15:00:00+01:00,2021-02-09T16:00:00+01:00,BE-TSO-0001,21X-BE-A-A0A0A-Y,Fluxys Belgium,VTP-00029,Zeebrugge Beach,21Z0000000000090,exit,kWh/h,,,11575454,2021-03-30T00:27:09+02:00,,Confirmed,,,,,False,,,False,PRISMA,,https://platform.prisma-capacity.eu/,,Trading Point,9,False
1Physical Flowhour2021-02-09 15:00:00 +00:002021-02-09 16:00:00 +00:00BE-TSO-0001VTP-00029exitkWh/h,1,Physical Flow,hour,2021-02-09T16:00:00+01:00,2021-02-09T17:00:00+01:00,BE-TSO-0001,21X-BE-A-A0A0A-Y,Fluxys Belgium,VTP-00029,Zeebrugge Beach,21Z0000000000090,exit,kWh/h,,,11578386,2021-03-30T00:27:09+02:00,,Confirmed,,,,,False,,,False,PRISMA,,https://platform.prisma-capacity.eu/,,Trading Point,9,False
1Physical Flowhour2021-02-09 16:00:00 +00:002021-02-09 17:00:00 +00:00BE-TSO-0001VTP-00029exitkWh/h,1,Physical Flow,hour,2021-02-09T17:00:00+01:00,2021-02-09T18:00:00+01:00,BE-TSO-0001,21X-BE-A-A0A0A-Y,Fluxys Belgium,VTP-00029,Zeebrugge Beach,21Z0000000000090,exit,kWh/h,,,11562464,2021-03-30T00:27:09+02:00,,Confirmed,,,,,False,,,False,PRISMA,,https://platform.prisma-capacity.eu/,,Trading Point,9,False
1Physical Flowhour2021-02-09 17:00:00 +00:002021-02-09 18:00:00 +00:00BE-TSO-0001VTP-00029exitkWh/h,1,Physical Flow,hour,2021-02-09T18:00:00+01:00,2021-02-09T19:00:00+01:00,BE-TSO-0001,21X-BE-A-A0A0A-Y,Fluxys Belgium,VTP-00029,Zeebrugge Beach,21Z0000000000090,exit,kWh/h,,,11591474,2021-03-30T00:27:09+02:00,,Confirmed,,,,,False,,,False,PRISMA,,https://platform.prisma-capacity.eu/,,Trading Point,9,False
1Physical Flowhour2021-02-09 18:00:00 +00:002021-02-09 19:00:00 +00:00BE-TSO-0001VTP-00029exitkWh/h,1,Physical Flow,hour,2021-02-09T19:00:00+01:00,2021-02-09T20:00:00+01:00,BE-TSO-0001,21X-BE-A-A0A0A-Y,Fluxys Belgium,VTP-00029,Zeebrugge Beach,21Z0000000000090,exit,kWh/h,,,11576728,2021-03-30T00:27:09+02:00,,Confirmed,,,,,False,,,False,PRISMA,,https://platform.prisma-capacity.eu/,,Trading Point,9,False
1Physical Flowhour2021-02-09 19:00:00 +00:002021-02-09 20:00:00 +00:00BE-TSO-0001VTP-00029exitkWh/h,1,Physical Flow,hour,2021-02-09T20:00:00+01:00,2021-02-09T21:00:00+01:00,BE-TSO-0001,21X-BE-A-A0A0A-Y,Fluxys Belgium,VTP-00029,Zeebrugge Beach,21Z0000000000090,exit,kWh/h,,,11585495,2021-03-30T00:27:09+02:00,,Confirmed,,,,,False,,,False,PRISMA,,https://platform.prisma-capacity.eu/,,Trading Point,9,False
1Physical Flowhour2021-02-09 20:00:00 +00:002021-02-09 21:00:00 +00:00BE-TSO-0001VTP-00029exitkWh/h,1,Physical Flow,hour,2021-02-09T21:00:00+01:00,2021-02-09T22:00:00+01:00,BE-TSO-0001,21X-BE-A-A0A0A-Y,Fluxys Belgium,VTP-00029,Zeebrugge Beach,21Z0000000000090,exit,kWh/h,,,11617579,2021-03-30T00:27:09+02:00,,Confirmed,,,,,False,,,False,PRISMA,,https://platform.prisma-capacity.eu/,,Trading Point,9,False
1Physical Flowhour2021-02-09 21:00:00 +00:002021-02-09 22:00:00 +00:00BE-TSO-0001VTP-00029exitkWh/h,1,Physical Flow,hour,2021-02-09T22:00:00+01:00,2021-02-09T23:00:00+01:00,BE-TSO-0001,21X-BE-A-A0A0A-Y,Fluxys Belgium,VTP-00029,Zeebrugge Beach,21Z0000000000090,exit,kWh/h,,,11539725,2021-03-30T00:27:09+02:00,,Confirmed,,,,,False,,,False,PRISMA,,https://platform.prisma-capacity.eu/,,Trading Point,9,False
1Physical Flowhour2021-02-09 22:00:00 +00:002021-02-09 23:00:00 +00:00BE-TSO-0001VTP-00029exitkWh/h,1,Physical Flow,hour,2021-02-09T23:00:00+01:00,2021-02-10T00:00:00+01:00,BE-TSO-0001,21X-BE-A-A0A0A-Y,Fluxys Belgium,VTP-00029,Zeebrugge Beach,21Z0000000000090,exit,kWh/h,,,11626625,2021-03-30T00:27:09+02:00,,Confirmed,,,,,False,,,False,PRISMA,,https://platform.prisma-capacity.eu/,,Trading Point,9,False
1Physical Flowhour2021-02-09 23:00:00 +00:002021-02-10 00:00:00 +00:00BE-TSO-0001VTP-00029exitkWh/h,1,Physical Flow,hour,2021-02-10T00:00:00+01:00,2021-02-10T01:00:00+01:00,BE-TSO-0001,21X-BE-A-A0A0A-Y,Fluxys Belgium,VTP-00029,Zeebrugge Beach,21Z0000000000090,exit,kWh/h,,,11612466,2021-03-30T00:27:09+02:00,,Confirmed,,,,,False,,,False,PRISMA,,https://platform.prisma-capacity.eu/,,Trading Point,9,False
1Physical Flowhour2021-02-10 00:00:00 +00:002021-02-10 01:00:00 +00:00BE-TSO-0001VTP-00029exitkWh/h,1,Physical Flow,hour,2021-02-10T01:00:00+01:00,2021-02-10T02:00:00+01:00,BE-TSO-0001,21X-BE-A-A0A0A-Y,Fluxys Belgium,VTP-00029,Zeebrugge Beach,21Z0000000000090,exit,kWh/h,,,11546492,2021-03-30T00:27:09+02:00,,Confirmed,,,,,False,,,False,PRISMA,,https://platform.prisma-capacity.eu/,,Trading Point,9,False
1Physical Flowhour2021-02-10 01:00:00 +00:002021-02-10 02:00:00 +00:00BE-TSO-0001VTP-00029exitkWh/h,1,Physical Flow,hour,2021-02-10T02:00:00+01:00,2021-02-10T03:00:00+01:00,BE-TSO-0001,21X-BE-A-A0A0A-Y,Fluxys Belgium,VTP-00029,Zeebrugge Beach,21Z0000000000090,exit,kWh/h,,,11603859,2021-03-30T00:27:09+02:00,,Confirmed,,,,,False,,,False,PRISMA,,https://platform.prisma-capacity.eu/,,Trading Point,9,False
1Physical Flowhour2021-02-10 02:00:00 +00:002021-02-10 03:00:00 +00:00BE-TSO-0001VTP-00029exitkWh/h,1,Physical Flow,hour,2021-02-10T03:00:00+01:00,2021-02-10T04:00:00+01:00,BE-TSO-0001,21X-BE-A-A0A0A-Y,Fluxys Belgium,VTP-00029,Zeebrugge Beach,21Z0000000000090,exit,kWh/h,,,10174022,2021-03-30T00:27:09+02:00,,Confirmed,,,,,False,,,False,PRISMA,,https://platform.prisma-capacity.eu/,,Trading Point,9,False
1Physical Flowhour2021-02-10 03:00:00 +00:002021-02-10 04:00:00 +00:00BE-TSO-0001VTP-00029exitkWh/h,1,Physical Flow,hour,2021-02-10T04:00:00+01:00,2021-02-10T05:00:00+01:00,BE-TSO-0001,21X-BE-A-A0A0A-Y,Fluxys Belgium,VTP-00029,Zeebrugge Beach,21Z0000000000090,exit,kWh/h,,,10178464,2021-03-30T00:27:09+02:00,,Confirmed,,,,,False,,,False,PRISMA,,https://platform.prisma-capacity.eu/,,Trading Point,9,False
1Physical Flowhour2021-02-10 04:00:00 +00:002021-02-10 05:00:00 +00:00BE-TSO-0001VTP-00029exitkWh/h,1,Physical Flow,hour,2021-02-10T05:00:00+01:00,2021-02-10T06:00:00+01:00,BE-TSO-0001,21X-BE-A-A0A0A-Y,Fluxys Belgium,VTP-00029,Zeebrugge Beach,21Z0000000000090,exit,kWh/h,,,10128094,2021-03-30T00:27:09+02:00,,Confirmed,,,,,False,,,False,PRISMA,,https://platform.prisma-capacity.eu/,,Trading Point,9,False
1Physical Flowhour2021-02-10 05:00:00 +00:002021-02-10 06:00:00 +00:00BE-TSO-0001VTP-00029exitkWh/h,1,Physical Flow,hour,2021-02-10T06:00:00+01:00,2021-02-10T07:00:00+01:00,BE-TSO-0001,21X-BE-A-A0A0A-Y,Fluxys Belgium,VTP-00029,Zeebrugge Beach,21Z0000000000090,exit,kWh/h,,,9748995,2021-03-30T00:27:09+02:00,,Confirmed,,,,,False,,,False,PRISMA,,https://platform.prisma-capacity.eu/,,Trading Point,9,False
1Physical Flowhour2021-02-10 06:00:00 +00:002021-02-10 07:00:00 +00:00BE-TSO-0001VTP-00029exitkWh/h,1,Physical Flow,hour,2021-02-10T07:00:00+01:00,2021-02-10T08:00:00+01:00,BE-TSO-0001,21X-BE-A-A0A0A-Y,Fluxys Belgium,VTP-00029,Zeebrugge Beach,21Z0000000000090,exit,kWh/h,,,9496610,2021-03-30T00:27:09+02:00,,Confirmed,,,,,False,,,False,PRISMA,,https://platform.prisma-capacity.eu/,,Trading Point,9,False
1Physical Flowhour2021-02-10 07:00:00 +00:002021-02-10 08:00:00 +00:00BE-TSO-0001VTP-00029exitkWh/h,1,Physical Flow,hour,2021-02-10T08:00:00+01:00,2021-02-10T09:00:00+01:00,BE-TSO-0001,21X-BE-A-A0A0A-Y,Fluxys Belgium,VTP-00029,Zeebrugge Beach,21Z0000000000090,exit,kWh/h,,,9637282,2021-03-30T00:27:09+02:00,,Confirmed,,,,,False,,,False,PRISMA,,https://platform.prisma-capacity.eu/,,Trading Point,9,False
1Physical Flowhour2021-02-10 08:00:00 +00:002021-02-10 09:00:00 +00:00BE-TSO-0001VTP-00029exitkWh/h,1,Physical Flow,hour,2021-02-10T09:00:00+01:00,2021-02-10T10:00:00+01:00,BE-TSO-0001,21X-BE-A-A0A0A-Y,Fluxys Belgium,VTP-00029,Zeebrugge Beach,21Z0000000000090,exit,kWh/h,,,9655332,2021-03-30T00:27:09+02:00,,Confirmed,,,,,False,,,False,PRISMA,,https://platform.prisma-capacity.eu/,,Trading Point,9,False
1Physical Flowhour2021-02-10 09:00:00 +00:002021-02-10 10:00:00 +00:00BE-TSO-0001VTP-00029exitkWh/h,1,Physical Flow,hour,2021-02-10T10:00:00+01:00,2021-02-10T11:00:00+01:00,BE-TSO-0001,21X-BE-A-A0A0A-Y,Fluxys Belgium,VTP-00029,Zeebrugge Beach,21Z0000000000090,exit,kWh/h,,,9519840,2021-03-30T00:27:09+02:00,,Confirmed,,,,,False,,,False,PRISMA,,https://platform.prisma-capacity.eu/,,Trading Point,9,False
1Physical Flowhour2021-02-10 10:00:00 +00:002021-02-10 11:00:00 +00:00BE-TSO-0001VTP-00029exitkWh/h,1,Physical Flow,hour,2021-02-10T11:00:00+01:00,2021-02-10T12:00:00+01:00,BE-TSO-0001,21X-BE-A-A0A0A-Y,Fluxys Belgium,VTP-00029,Zeebrugge Beach,21Z0000000000090,exit,kWh/h,,,9399406,2021-03-30T00:27:09+02:00,,Confirmed,,,,,False,,,False,PRISMA,,https://platform.prisma-capacity.eu/,,Trading Point,9,False
1Physical Flowhour2021-02-10 11:00:00 +00:002021-02-10 12:00:00 +00:00BE-TSO-0001VTP-00029exitkWh/h,1,Physical Flow,hour,2021-02-10T12:00:00+01:00,2021-02-10T13:00:00+01:00,BE-TSO-0001,21X-BE-A-A0A0A-Y,Fluxys Belgium,VTP-00029,Zeebrugge Beach,21Z0000000000090,exit,kWh/h,,,9378103,2021-03-30T00:27:09+02:00,,Confirmed,,,,,False,,,False,PRISMA,,https://platform.prisma-capacity.eu/,,Trading Point,9,False
1Physical Flowhour2021-02-10 12:00:00 +00:002021-02-10 13:00:00 +00:00BE-TSO-0001VTP-00029exitkWh/h,1,Physical Flow,hour,2021-02-10T13:00:00+01:00,2021-02-10T14:00:00+01:00,BE-TSO-0001,21X-BE-A-A0A0A-Y,Fluxys Belgium,VTP-00029,Zeebrugge Beach,21Z0000000000090,exit,kWh/h,,,9228135,2021-03-30T00:27:09+02:00,,Confirmed,,,,,False,,,False,PRISMA,,https://platform.prisma-capacity.eu/,,Trading Point,9,False
1Physical Flowhour2021-02-10 13:00:00 +00:002021-02-10 14:00:00 +00:00BE-TSO-0001VTP-00029exitkWh/h,1,Physical Flow,hour,2021-02-10T14:00:00+01:00,2021-02-10T15:00:00+01:00,BE-TSO-0001,21X-BE-A-A0A0A-Y,Fluxys Belgium,VTP-00029,Zeebrugge Beach,21Z0000000000090,exit,kWh/h,,,9499257,2021-03-30T00:27:09+02:00,,Confirmed,,,,,False,,,False,PRISMA,,https://platform.prisma-capacity.eu/,,Trading Point,9,False
1Physical Flowhour2021-02-10 14:00:00 +00:002021-02-10 15:00:00 +00:00BE-TSO-0001VTP-00029exitkWh/h,1,Physical Flow,hour,2021-02-10T15:00:00+01:00,2021-02-10T16:00:00+01:00,BE-TSO-0001,21X-BE-A-A0A0A-Y,Fluxys Belgium,VTP-00029,Zeebrugge Beach,21Z0000000000090,exit,kWh/h,,,9495518,2021-03-30T00:27:09+02:00,,Confirmed,,,,,False,,,False,PRISMA,,https://platform.prisma-capacity.eu/,,Trading Point,9,False
1Physical Flowhour2021-02-10 15:00:00 +00:002021-02-10 16:00:00 +00:00BE-TSO-0001VTP-00029exitkWh/h,1,Physical Flow,hour,2021-02-10T16:00:00+01:00,2021-02-10T17:00:00+01:00,BE-TSO-0001,21X-BE-A-A0A0A-Y,Fluxys Belgium,VTP-00029,Zeebrugge Beach,21Z0000000000090,exit,kWh/h,,,9497108,2021-03-30T00:27:09+02:00,,Confirmed,,,,,False,,,False,PRISMA,,https://platform.prisma-capacity.eu/,,Trading Point,9,False
1Physical Flowhour2021-02-10 16:00:00 +00:002021-02-10 17:00:00 +00:00BE-TSO-0001VTP-00029exitkWh/h,1,Physical Flow,hour,2021-02-10T17:00:00+01:00,2021-02-10T18:00:00+01:00,BE-TSO-0001,21X-BE-A-A0A0A-Y,Fluxys Belgium,VTP-00029,Zeebrugge Beach,21Z0000000000090,exit,kWh/h,,,9533157,2021-03-30T00:27:09+02:00,,Confirmed,,,,,False,,,False,PRISMA,,https://platform.prisma-capacity.eu/,,Trading Point,9,False
1Physical Flowhour2021-02-10 17:00:00 +00:002021-02-10 18:00:00 +00:00BE-TSO-0001VTP-00029exitkWh/h,1,Physical Flow,hour,2021-02-10T18:00:00+01:00,2021-02-10T19:00:00+01:00,BE-TSO-0001,21X-BE-A-A0A0A-Y,Fluxys Belgium,VTP-00029,Zeebrugge Beach,21Z0000000000090,exit,kWh/h,,,10076116,2021-03-30T00:27:09+02:00,,Confirmed,,,,,False,,,False,PRISMA,,https://platform.prisma-capacity.eu/,,Trading Point,9,False
1Physical Flowhour2021-02-10 18:00:00 +00:002021-02-10 19:00:00 +00:00BE-TSO-0001VTP-00029exitkWh/h,1,Physical Flow,hour,2021-02-10T19:00:00+01:00,2021-02-10T20:00:00+01:00,BE-TSO-0001,21X-BE-A-A0A0A-Y,Fluxys Belgium,VTP-00029,Zeebrugge Beach,21Z0000000000090,exit,kWh/h,,,9758738,2021-03-30T00:27:09+02:00,,Confirmed,,,,,False,,,False,PRISMA,,https://platform.prisma-capacity.eu/,,Trading Point,9,False
1Physical Flowhour2021-02-10 19:00:00 +00:002021-02-10 20:00:00 +00:00BE-TSO-0001VTP-00029exitkWh/h,1,Physical Flow,hour,2021-02-10T20:00:00+01:00,2021-02-10T21:00:00+01:00,BE-TSO-0001,21X-BE-A-A0A0A-Y,Fluxys Belgium,VTP-00029,Zeebrugge Beach,21Z0000000000090,exit,kWh/h,,,9764218,2021-03-30T00:27:09+02:00,,Confirmed,,,,,False,,,False,PRISMA,,https://platform.prisma-capacity.eu/,,Trading Point,9,False
1Physical Flowhour2021-02-10 20:00:00 +00:002021-02-10 21:00:00 +00:00BE-TSO-0001VTP-00029exitkWh/h,1,Physical Flow,hour,2021-02-10T21:00:00+01:00,2021-02-10T22:00:00+01:00,BE-TSO-0001,21X-BE-A-A0A0A-Y,Fluxys Belgium,VTP-00029,Zeebrugge Beach,21Z0000000000090,exit,kWh/h,,,9763693,2021-03-30T00:27:09+02:00,,Confirmed,,,,,False,,,False,PRISMA,,https://platform.prisma-capacity.eu/,,Trading Point,9,False
1Physical Flowhour2021-02-10 21:00:00 +00:002021-02-10 22:00:00 +00:00BE-TSO-0001VTP-00029exitkWh/h,1,Physical Flow,hour,2021-02-10T22:00:00+01:00,2021-02-10T23:00:00+01:00,BE-TSO-0001,21X-BE-A-A0A0A-Y,Fluxys Belgium,VTP-00029,Zeebrugge Beach,21Z0000000000090,exit,kWh/h,,,9761792,2021-03-30T00:27:09+02:00,,Confirmed,,,,,False,,,False,PRISMA,,https://platform.prisma-capacity.eu/,,Trading Point,9,False
1Physical Flowhour2021-02-10 22:00:00 +00:002021-02-10 23:00:00 +00:00BE-TSO-0001VTP-00029exitkWh/h,1,Physical Flow,hour,2021-02-10T23:00:00+01:00,2021-02-11T00:00:00+01:00,BE-TSO-0001,21X-BE-A-A0A0A-Y,Fluxys Belgium,VTP-00029,Zeebrugge Beach,21Z0000000000090,exit,kWh/h,,,9764716,2021-03-30T00:27:09+02:00,,Confirmed,,,,,False,,,False,PRISMA,,https://platform.prisma-capacity.eu/,,Trading Point,9,False
1Physical Flowhour2021-02-10 23:00:00 +00:002021-02-11 00:00:00 +00:00BE-TSO-0001VTP-00029exitkWh/h,1,Physical Flow,hour,2021-02-11T00:00:00+01:00,2021-02-11T01:00:00+01:00,BE-TSO-0001,21X-BE-A-A0A0A-Y,Fluxys Belgium,VTP-00029,Zeebrugge Beach,21Z0000000000090,exit,kWh/h,,,9763080,2021-03-30T00:27:09+02:00,,Confirmed,,,,,False,,,False,PRISMA,,https://platform.prisma-capacity.eu/,,Trading Point,9,False
1Physical Flowhour2021-02-11 00:00:00 +00:002021-02-11 01:00:00 +00:00BE-TSO-0001VTP-00029exitkWh/h,1,Physical Flow,hour,2021-02-11T01:00:00+01:00,2021-02-11T02:00:00+01:00,BE-TSO-0001,21X-BE-A-A0A0A-Y,Fluxys Belgium,VTP-00029,Zeebrugge Beach,21Z0000000000090,exit,kWh/h,,,9763869,2021-03-30T00:27:09+02:00,,Confirmed,,,,,False,,,False,PRISMA,,https://platform.prisma-capacity.eu/,,Trading Point,9,False
1Physical Flowhour2021-02-11 01:00:00 +00:002021-02-11 02:00:00 +00:00BE-TSO-0001VTP-00029exitkWh/h,1,Physical Flow,hour,2021-02-11T02:00:00+01:00,2021-02-11T03:00:00+01:00,BE-TSO-0001,21X-BE-A-A0A0A-Y,Fluxys Belgium,VTP-00029,Zeebrugge Beach,21Z0000000000090,exit,kWh/h,,,9917520,2021-03-30T00:27:09+02:00,,Confirmed,,,,,False,,,False,PRISMA,,https://platform.prisma-capacity.eu/,,Trading Point,9,False
1Physical Flowhour2021-02-11 02:00:00 +00:002021-02-11 03:00:00 +00:00BE-TSO-0001VTP-00029exitkWh/h,1,Physical Flow,hour,2021-02-11T03:00:00+01:00,2021-02-11T04:00:00+01:00,BE-TSO-0001,21X-BE-A-A0A0A-Y,Fluxys Belgium,VTP-00029,Zeebrugge Beach,21Z0000000000090,exit,kWh/h,,,10276437,2021-03-30T00:27:09+02:00,,Confirmed,,,,,False,,,False,PRISMA,,https://platform.prisma-capacity.eu/,,Trading Point,9,False
1Physical Flowhour2021-02-11 03:00:00 +00:002021-02-11 04:00:00 +00:00BE-TSO-0001VTP-00029exitkWh/h,1,Physical Flow,hour,2021-02-11T04:00:00+01:00,2021-02-11T05:00:00+01:00,BE-TSO-0001,21X-BE-A-A0A0A-Y,Fluxys Belgium,VTP-00029,Zeebrugge Beach,21Z0000000000090,exit,kWh/h,,,9476966,2021-03-30T00:27:09+02:00,,Confirmed,,,,,False,,,False,PRISMA,,https://platform.prisma-capacity.eu/,,Trading Point,9,False
1Physical Flowhour2021-02-11 04:00:00 +00:002021-02-11 05:00:00 +00:00BE-TSO-0001VTP-00029exitkWh/h,1,Physical Flow,hour,2021-02-11T05:00:00+01:00,2021-02-11T06:00:00+01:00,BE-TSO-0001,21X-BE-A-A0A0A-Y,Fluxys Belgium,VTP-00029,Zeebrugge Beach,21Z0000000000090,exit,kWh/h,,,9502292,2021-03-30T00:27:09+02:00,,Confirmed,,,,,False,,,False,PRISMA,,https://platform.prisma-capacity.eu/,,Trading Point,9,False
1Physical Flowhour2021-02-11 05:00:00 +00:002021-02-11 06:00:00 +00:00BE-TSO-0001VTP-00029exitkWh/h,1,Physical Flow,hour,2021-02-11T06:00:00+01:00,2021-02-11T07:00:00+01:00,BE-TSO-0001,21X-BE-A-A0A0A-Y,Fluxys Belgium,VTP-00029,Zeebrugge Beach,21Z0000000000090,exit,kWh/h,,,9647811,2021-03-30T00:27:09+02:00,,Confirmed,,,,,False,,,False,PRISMA,,https://platform.prisma-capacity.eu/,,Trading Point,9,False
1Physical Flowhour2021-02-11 06:00:00 +00:002021-02-11 07:00:00 +00:00BE-TSO-0001VTP-00029exitkWh/h,1,Physical Flow,hour,2021-02-11T07:00:00+01:00,2021-02-11T08:00:00+01:00,BE-TSO-0001,21X-BE-A-A0A0A-Y,Fluxys Belgium,VTP-00029,Zeebrugge Beach,21Z0000000000090,exit,kWh/h,,,9656494,2021-03-30T00:27:09+02:00,,Confirmed,,,,,False,,,False,PRISMA,,https://platform.prisma-capacity.eu/,,Trading Point,9,False
1Physical Flowhour2021-02-11 07:00:00 +00:002021-02-11 08:00:00 +00:00BE-TSO-0001VTP-00029exitkWh/h,1,Physical Flow,hour,2021-02-11T08:00:00+01:00,2021-02-11T09:00:00+01:00,BE-TSO-0001,21X-BE-A-A0A0A-Y,Fluxys Belgium,VTP-00029,Zeebrugge Beach,21Z0000000000090,exit,kWh/h,,,9645001,2021-03-30T00:27:09+02:00,,Confirmed,,,,,False,,,False,PRISMA,,https://platform.prisma-capacity.eu/,,Trading Point,9,False
1Physical Flowhour2021-02-11 08:00:00 +00:002021-02-11 09:00:00 +00:00BE-TSO-0001VTP-00029exitkWh/h,1,Physical Flow,hour,2021-02-11T09:00:00+01:00,2021-02-11T10:00:00+01:00,BE-TSO-0001,21X-BE-A-A0A0A-Y,Fluxys Belgium,VTP-00029,Zeebrugge Beach,21Z0000000000090,exit,kWh/h,,,9566579,2021-03-30T00:27:09+02:00,,Confirmed,,,,,False,,,False,PRISMA,,https://platform.prisma-capacity.eu/,,Trading Point,9,False
1Physical Flowhour2021-02-11 09:00:00 +00:002021-02-11 10:00:00 +00:00BE-TSO-0001VTP-00029exitkWh/h,1,Physical Flow,hour,2021-02-11T10:00:00+01:00,2021-02-11T11:00:00+01:00,BE-TSO-0001,21X-BE-A-A0A0A-Y,Fluxys Belgium,VTP-00029,Zeebrugge Beach,21Z0000000000090,exit,kWh/h,,,9507612,2021-03-30T00:27:09+02:00,,Confirmed,,,,,False,,,False,PRISMA,,https://platform.prisma-capacity.eu/,,Trading Point,9,False
1Physical Flowhour2021-02-11 10:00:00 +00:002021-02-11 11:00:00 +00:00BE-TSO-0001VTP-00029exitkWh/h,1,Physical Flow,hour,2021-02-11T11:00:00+01:00,2021-02-11T12:00:00+01:00,BE-TSO-0001,21X-BE-A-A0A0A-Y,Fluxys Belgium,VTP-00029,Zeebrugge Beach,21Z0000000000090,exit,kWh/h,,,9505915,2021-03-30T00:27:09+02:00,,Confirmed,,,,,False,,,False,PRISMA,,https://platform.prisma-capacity.eu/,,Trading Point,9,False
1Physical Flowhour2021-02-11 11:00:00 +00:002021-02-11 12:00:00 +00:00BE-TSO-0001VTP-00029exitkWh/h,1,Physical Flow,hour,2021-02-11T12:00:00+01:00,2021-02-11T13:00:00+01:00,BE-TSO-0001,21X-BE-A-A0A0A-Y,Fluxys Belgium,VTP-00029,Zeebrugge Beach,21Z0000000000090,exit,kWh/h,,,798966,2021-03-30T00:27:09+02:00,,Confirmed,,,,,False,,,False,PRISMA,,https://platform.prisma-capacity.eu/,,Trading Point,9,False
1Physical Flowhour2021-02-11 12:00:00 +00:002021-02-11 13:00:00 +00:00BE-TSO-0001VTP-00029exitkWh/h,1,Physical Flow,hour,2021-02-11T13:00:00+01:00,2021-02-11T14:00:00+01:00,BE-TSO-0001,21X-BE-A-A0A0A-Y,Fluxys Belgium,VTP-00029,Zeebrugge Beach,21Z0000000000090,exit,kWh/h,,,5549,2021-03-30T00:27:09+02:00,,Confirmed,,,,,False,,,False,PRISMA,,https://platform.prisma-capacity.eu/,,Trading Point,9,False
1Physical Flowhour2021-02-11 13:00:00 +00:002021-02-11 14:00:00 +00:00BE-TSO-0001VTP-00029exitkWh/h,1,Physical Flow,hour,2021-02-11T14:00:00+01:00,2021-02-11T15:00:00+01:00,BE-TSO-0001,21X-BE-A-A0A0A-Y,Fluxys Belgium,VTP-00029,Zeebrugge Beach,21Z0000000000090,exit,kWh/h,,,4659,2021-03-30T00:27:09+02:00,,Confirmed,,,,,False,,,False,PRISMA,,https://platform.prisma-capacity.eu/,,Trading Point,9,False
1Physical Flowhour2021-02-11 14:00:00 +00:002021-02-11 15:00:00 +00:00BE-TSO-0001VTP-00029exitkWh/h,1,Physical Flow,hour,2021-02-11T15:00:00+01:00,2021-02-11T16:00:00+01:00,BE-TSO-0001,21X-BE-A-A0A0A-Y,Fluxys Belgium,VTP-00029,Zeebrugge Beach,21Z0000000000090,exit,kWh/h,,,7334,2021-03-30T00:27:09+02:00,,Confirmed,,,,,False,,,False,PRISMA,,https://platform.prisma-capacity.eu/,,Trading Point,9,False
1Physical Flowhour2021-02-11 15:00:00 +00:002021-02-11 16:00:00 +00:00BE-TSO-0001VTP-00029exitkWh/h,1,Physical Flow,hour,2021-02-11T16:00:00+01:00,2021-02-11T17:00:00+01:00,BE-TSO-0001,21X-BE-A-A0A0A-Y,Fluxys Belgium,VTP-00029,Zeebrugge Beach,21Z0000000000090,exit,kWh/h,,,9504,2021-03-30T00:27:09+02:00,,Confirmed,,,,,False,,,False,PRISMA,,https://platform.prisma-capacity.eu/,,Trading Point,9,False
1Physical Flowhour2021-02-11 16:00:00 +00:002021-02-11 17:00:00 +00:00BE-TSO-0001VTP-00029exitkWh/h,1,Physical Flow,hour,2021-02-11T17:00:00+01:00,2021-02-11T18:00:00+01:00,BE-TSO-0001,21X-BE-A-A0A0A-Y,Fluxys Belgium,VTP-00029,Zeebrugge Beach,21Z0000000000090,exit,kWh/h,,,10602,2021-03-30T00:27:09+02:00,,Confirmed,,,,,False,,,False,PRISMA,,https://platform.prisma-capacity.eu/,,Trading Point,9,False
1Physical Flowhour2021-02-11 17:00:00 +00:002021-02-11 18:00:00 +00:00BE-TSO-0001VTP-00029exitkWh/h,1,Physical Flow,hour,2021-02-11T18:00:00+01:00,2021-02-11T19:00:00+01:00,BE-TSO-0001,21X-BE-A-A0A0A-Y,Fluxys Belgium,VTP-00029,Zeebrugge Beach,21Z0000000000090,exit,kWh/h,,,9891,2021-03-30T00:27:09+02:00,,Confirmed,,,,,False,,,False,PRISMA,,https://platform.prisma-capacity.eu/,,Trading Point,9,False
1Physical Flowhour2021-02-11 18:00:00 +00:002021-02-11 19:00:00 +00:00BE-TSO-0001VTP-00029exitkWh/h,1,Physical Flow,hour,2021-02-11T19:00:00+01:00,2021-02-11T20:00:00+01:00,BE-TSO-0001,21X-BE-A-A0A0A-Y,Fluxys Belgium,VTP-00029,Zeebrugge Beach,21Z0000000000090,exit,kWh/h,,,7919,2021-03-30T00:27:09+02:00,,Confirmed,,,,,False,,,False,PRISMA,,https://platform.prisma-capacity.eu/,,Trading Point,9,False
1Physical Flowhour2021-02-11 19:00:00 +00:002021-02-11 20:00:00 +00:00BE-TSO-0001VTP-00029exitkWh/h,1,Physical Flow,hour,2021-02-11T20:00:00+01:00,2021-02-11T21:00:00+01:00,BE-TSO-0001,21X-BE-A-A0A0A-Y,Fluxys Belgium,VTP-00029,Zeebrugge Beach,21Z0000000000090,exit,kWh/h,,,6605,2021-03-30T00:27:09+02:00,,Confirmed,,,,,False,,,False,PRISMA,,https://platform.prisma-capacity.eu/,,Trading Point,9,False
1Physical Flowhour2021-02-11 20:00:00 +00:002021-02-11 21:00:00 +00:00BE-TSO-0001VTP-00029exitkWh/h,1,Physical Flow,hour,2021-02-11T21:00:00+01:00,2021-02-11T22:00:00+01:00,BE-TSO-0001,21X-BE-A-A0A0A-Y,Fluxys Belgium,VTP-00029,Zeebrugge Beach,21Z0000000000090,exit,kWh/h,,,7329,2021-03-30T00:27:09+02:00,,Confirmed,,,,,False,,,False,PRISMA,,https://platform.prisma-capacity.eu/,,Trading Point,9,False
1Physical Flowhour2021-02-11 21:00:00 +00:002021-02-11 22:00:00 +00:00BE-TSO-0001VTP-00029exitkWh/h,1,Physical Flow,hour,2021-02-11T22:00:00+01:00,2021-02-11T23:00:00+01:00,BE-TSO-0001,21X-BE-A-A0A0A-Y,Fluxys Belgium,VTP-00029,Zeebrugge Beach,21Z0000000000090,exit,kWh/h,,,9079,2021-03-30T00:27:09+02:00,,Confirmed,,,,,False,,,False,PRISMA,,https://platform.prisma-capacity.eu/,,Trading Point,9,False
1Physical Flowhour2021-02-11 22:00:00 +00:002021-02-11 23:00:00 +00:00BE-TSO-0001VTP-00029exitkWh/h,1,Physical Flow,hour,2021-02-11T23:00:00+01:00,2021-02-12T00:00:00+01:00,BE-TSO-0001,21X-BE-A-A0A0A-Y,Fluxys Belgium,VTP-00029,Zeebrugge Beach,21Z0000000000090,exit,kWh/h,,,10457673,2021-03-30T00:27:09+02:00,,Confirmed,,,,,False,,,False,PRISMA,,https://platform.prisma-capacity.eu/,,Trading Point,9,False
1Physical Flowhour2021-02-11 23:00:00 +00:002021-02-12 00:00:00 +00:00BE-TSO-0001VTP-00029exitkWh/h,1,Physical Flow,hour,2021-02-12T00:00:00+01:00,2021-02-12T01:00:00+01:00,BE-TSO-0001,21X-BE-A-A0A0A-Y,Fluxys Belgium,VTP-00029,Zeebrugge Beach,21Z0000000000090,exit,kWh/h,,,9722736,2021-03-30T00:27:09+02:00,,Confirmed,,,,,False,,,False,PRISMA,,https://platform.prisma-capacity.eu/,,Trading Point,9,False
1Physical Flowhour2021-02-12 00:00:00 +00:002021-02-12 01:00:00 +00:00BE-TSO-0001VTP-00029exitkWh/h,1,Physical Flow,hour,2021-02-12T01:00:00+01:00,2021-02-12T02:00:00+01:00,BE-TSO-0001,21X-BE-A-A0A0A-Y,Fluxys Belgium,VTP-00029,Zeebrugge Beach,21Z0000000000090,exit,kWh/h,,,8237853,2021-03-30T00:27:09+02:00,,Confirmed,,,,,False,,,False,PRISMA,,https://platform.prisma-capacity.eu/,,Trading Point,9,False
1Physical Flowhour2021-02-12 01:00:00 +00:002021-02-12 02:00:00 +00:00BE-TSO-0001VTP-00029exitkWh/h,1,Physical Flow,hour,2021-02-12T02:00:00+01:00,2021-02-12T03:00:00+01:00,BE-TSO-0001,21X-BE-A-A0A0A-Y,Fluxys Belgium,VTP-00029,Zeebrugge Beach,21Z0000000000090,exit,kWh/h,,,8502191,2021-03-30T00:27:09+02:00,,Confirmed,,,,,False,,,False,PRISMA,,https://platform.prisma-capacity.eu/,,Trading Point,9,False
1Physical Flowhour2021-02-12 02:00:00 +00:002021-02-12 03:00:00 +00:00BE-TSO-0001VTP-00029exitkWh/h,1,Physical Flow,hour,2021-02-12T03:00:00+01:00,2021-02-12T04:00:00+01:00,BE-TSO-0001,21X-BE-A-A0A0A-Y,Fluxys Belgium,VTP-00029,Zeebrugge Beach,21Z0000000000090,exit,kWh/h,,,8885214,2021-03-30T00:27:09+02:00,,Confirmed,,,,,False,,,False,PRISMA,,https://platform.prisma-capacity.eu/,,Trading Point,9,False
1Physical Flowhour2021-02-12 03:00:00 +00:002021-02-12 04:00:00 +00:00BE-TSO-0001VTP-00029exitkWh/h,1,Physical Flow,hour,2021-02-12T04:00:00+01:00,2021-02-12T05:00:00+01:00,BE-TSO-0001,21X-BE-A-A0A0A-Y,Fluxys Belgium,VTP-00029,Zeebrugge Beach,21Z0000000000090,exit,kWh/h,,,8801764,2021-03-30T00:27:09+02:00,,Confirmed,,,,,False,,,False,PRISMA,,https://platform.prisma-capacity.eu/,,Trading Point,9,False
1Physical Flowhour2021-02-12 04:00:00 +00:002021-02-12 05:00:00 +00:00BE-TSO-0001VTP-00029exitkWh/h,1,Physical Flow,hour,2021-02-12T05:00:00+01:00,2021-02-12T06:00:00+01:00,BE-TSO-0001,21X-BE-A-A0A0A-Y,Fluxys Belgium,VTP-00029,Zeebrugge Beach,21Z0000000000090,exit,kWh/h,,,9292438,2021-03-30T00:27:09+02:00,,Confirmed,,,,,False,,,False,PRISMA,,https://platform.prisma-capacity.eu/,,Trading Point,9,False
1Physical Flowhour2021-02-12 05:00:00 +00:002021-02-12 06:00:00 +00:00BE-TSO-0001VTP-00029exitkWh/h,1,Physical Flow,hour,2021-02-12T06:00:00+01:00,2021-02-12T07:00:00+01:00,BE-TSO-0001,21X-BE-A-A0A0A-Y,Fluxys Belgium,VTP-00029,Zeebrugge Beach,21Z0000000000090,exit,kWh/h,,,9892861,2021-03-30T00:27:09+02:00,,Confirmed,,,,,False,,,False,PRISMA,,https://platform.prisma-capacity.eu/,,Trading Point,9,False
1Physical Flowhour2021-02-12 06:00:00 +00:002021-02-12 07:00:00 +00:00BE-TSO-0001VTP-00029exitkWh/h,1,Physical Flow,hour,2021-02-12T07:00:00+01:00,2021-02-12T08:00:00+01:00,BE-TSO-0001,21X-BE-A-A0A0A-Y,Fluxys Belgium,VTP-00029,Zeebrugge Beach,21Z0000000000090,exit,kWh/h,,,9734673,2021-03-30T00:27:09+02:00,,Confirmed,,,,,False,,,False,PRISMA,,https://platform.prisma-capacity.eu/,,Trading Point,9,False
1Physical Flowhour2021-02-12 07:00:00 +00:002021-02-12 08:00:00 +00:00BE-TSO-0001VTP-00029exitkWh/h,1,Physical Flow,hour,2021-02-12T08:00:00+01:00,2021-02-12T09:00:00+01:00,BE-TSO-0001,21X-BE-A-A0A0A-Y,Fluxys Belgium,VTP-00029,Zeebrugge Beach,21Z0000000000090,exit,kWh/h,,,9764293,2021-03-30T00:27:09+02:00,,Confirmed,,,,,False,,,False,PRISMA,,https://platform.prisma-capacity.eu/,,Trading Point,9,False
1Physical Flowhour2021-02-12 08:00:00 +00:002021-02-12 09:00:00 +00:00BE-TSO-0001VTP-00029exitkWh/h,1,Physical Flow,hour,2021-02-12T09:00:00+01:00,2021-02-12T10:00:00+01:00,BE-TSO-0001,21X-BE-A-A0A0A-Y,Fluxys Belgium,VTP-00029,Zeebrugge Beach,21Z0000000000090,exit,kWh/h,,,9873960,2021-03-30T00:27:09+02:00,,Confirmed,,,,,False,,,False,PRISMA,,https://platform.prisma-capacity.eu/,,Trading Point,9,False
1Physical Flowhour2021-02-12 09:00:00 +00:002021-02-12 10:00:00 +00:00BE-TSO-0001VTP-00029exitkWh/h,1,Physical Flow,hour,2021-02-12T10:00:00+01:00,2021-02-12T11:00:00+01:00,BE-TSO-0001,21X-BE-A-A0A0A-Y,Fluxys Belgium,VTP-00029,Zeebrugge Beach,21Z0000000000090,exit,kWh/h,,,9874130,2021-03-30T00:27:09+02:00,,Confirmed,,,,,False,,,False,PRISMA,,https://platform.prisma-capacity.eu/,,Trading Point,9,False
1Physical Flowhour2021-02-12 10:00:00 +00:002021-02-12 11:00:00 +00:00BE-TSO-0001VTP-00029exitkWh/h,1,Physical Flow,hour,2021-02-12T11:00:00+01:00,2021-02-12T12:00:00+01:00,BE-TSO-0001,21X-BE-A-A0A0A-Y,Fluxys Belgium,VTP-00029,Zeebrugge Beach,21Z0000000000090,exit,kWh/h,,,9279997,2021-03-30T00:27:09+02:00,,Confirmed,,,,,False,,,False,PRISMA,,https://platform.prisma-capacity.eu/,,Trading Point,9,False
1Physical Flowhour2021-02-12 11:00:00 +00:002021-02-12 12:00:00 +00:00BE-TSO-0001VTP-00029exitkWh/h,1,Physical Flow,hour,2021-02-12T12:00:00+01:00,2021-02-12T13:00:00+01:00,BE-TSO-0001,21X-BE-A-A0A0A-Y,Fluxys Belgium,VTP-00029,Zeebrugge Beach,21Z0000000000090,exit,kWh/h,,,10476,2021-03-30T00:27:09+02:00,,Confirmed,,,,,False,,,False,PRISMA,,https://platform.prisma-capacity.eu/,,Trading Point,9,False
1Physical Flowhour2021-02-12 12:00:00 +00:002021-02-12 13:00:00 +00:00BE-TSO-0001VTP-00029exitkWh/h,1,Physical Flow,hour,2021-02-12T13:00:00+01:00,2021-02-12T14:00:00+01:00,BE-TSO-0001,21X-BE-A-A0A0A-Y,Fluxys Belgium,VTP-00029,Zeebrugge Beach,21Z0000000000090,exit,kWh/h,,,2556,2021-03-30T00:27:09+02:00,,Confirmed,,,,,False,,,False,PRISMA,,https://platform.prisma-capacity.eu/,,Trading Point,9,False
1Physical Flowhour2021-02-12 13:00:00 +00:002021-02-12 14:00:00 +00:00BE-TSO-0001VTP-00029exitkWh/h,1,Physical Flow,hour,2021-02-12T14:00:00+01:00,2021-02-12T15:00:00+01:00,BE-TSO-0001,21X-BE-A-A0A0A-Y,Fluxys Belgium,VTP-00029,Zeebrugge Beach,21Z0000000000090,exit,kWh/h,,,2887,2021-03-30T00:27:09+02:00,,Confirmed,,,,,False,,,False,PRISMA,,https://platform.prisma-capacity.eu/,,Trading Point,9,False
1Physical Flowhour2021-02-12 14:00:00 +00:002021-02-12 15:00:00 +00:00BE-TSO-0001VTP-00029exitkWh/h,1,Physical Flow,hour,2021-02-12T15:00:00+01:00,2021-02-12T16:00:00+01:00,BE-TSO-0001,21X-BE-A-A0A0A-Y,Fluxys Belgium,VTP-00029,Zeebrugge Beach,21Z0000000000090,exit,kWh/h,,,3956,2021-03-30T00:27:09+02:00,,Confirmed,,,,,False,,,False,PRISMA,,https://platform.prisma-capacity.eu/,,Trading Point,9,False
1Physical Flowhour2021-02-12 15:00:00 +00:002021-02-12 16:00:00 +00:00BE-TSO-0001VTP-00029exitkWh/h,1,Physical Flow,hour,2021-02-12T16:00:00+01:00,2021-02-12T17:00:00+01:00,BE-TSO-0001,21X-BE-A-A0A0A-Y,Fluxys Belgium,VTP-00029,Zeebrugge Beach,21Z0000000000090,exit,kWh/h,,,1598,2021-03-30T00:27:09+02:00,,Confirmed,,,,,False,,,False,PRISMA,,https://platform.prisma-capacity.eu/,,Trading Point,9,False
1Physical Flowhour2021-02-12 16:00:00 +00:002021-02-12 17:00:00 +00:00BE-TSO-0001VTP-00029exitkWh/h,1,Physical Flow,hour,2021-02-12T17:00:00+01:00,2021-02-12T18:00:00+01:00,BE-TSO-0001,21X-BE-A-A0A0A-Y,Fluxys Belgium,VTP-00029,Zeebrugge Beach,21Z0000000000090,exit,kWh/h,,,1577,2021-03-30T00:27:09+02:00,,Confirmed,,,,,False,,,False,PRISMA,,https://platform.prisma-capacity.eu/,,Trading Point,9,False
1Physical Flowhour2021-02-12 17:00:00 +00:002021-02-12 18:00:00 +00:00BE-TSO-0001VTP-00029exitkWh/h,1,Physical Flow,hour,2021-02-12T18:00:00+01:00,2021-02-12T19:00:00+01:00,BE-TSO-0001,21X-BE-A-A0A0A-Y,Fluxys Belgium,VTP-00029,Zeebrugge Beach,21Z0000000000090,exit,kWh/h,,,1451,2021-03-30T00:27:09+02:00,,Confirmed,,,,,False,,,False,PRISMA,,https://platform.prisma-capacity.eu/,,Trading Point,9,False
1Physical Flowhour2021-02-12 18:00:00 +00:002021-02-12 19:00:00 +00:00BE-TSO-0001VTP-00029exitkWh/h,1,Physical Flow,hour,2021-02-12T19:00:00+01:00,2021-02-12T20:00:00+01:00,BE-TSO-0001,21X-BE-A-A0A0A-Y,Fluxys Belgium,VTP-00029,Zeebrugge Beach,21Z0000000000090,exit,kWh/h,,,930,2021-03-30T00:27:09+02:00,,Confirmed,,,,,False,,,False,PRISMA,,https://platform.prisma-capacity.eu/,,Trading Point,9,False
1Physical Flowhour2021-02-12 19:00:00 +00:002021-02-12 20:00:00 +00:00BE-TSO-0001VTP-00029exitkWh/h,1,Physical Flow,hour,2021-02-12T20:00:00+01:00,2021-02-12T21:00:00+01:00,BE-TSO-0001,21X-BE-A-A0A0A-Y,Fluxys Belgium,VTP-00029,Zeebrugge Beach,21Z0000000000090,exit,kWh/h,,,753,2021-03-30T00:27:09+02:00,,Confirmed,,,,,False,,,False,PRISMA,,https://platform.prisma-capacity.eu/,,Trading Point,9,False
1Physical Flowhour2021-02-12 20:00:00 +00:002021-02-12 21:00:00 +00:00BE-TSO-0001VTP-00029exitkWh/h,1,Physical Flow,hour,2021-02-12T21:00:00+01:00,2021-02-12T22:00:00+01:00,BE-TSO-0001,21X-BE-A-A0A0A-Y,Fluxys Belgium,VTP-00029,Zeebrugge Beach,21Z0000000000090,exit,kWh/h,,,16408,2021-03-30T00:27:09+02:00,,Confirmed,,,,,False,,,False,PRISMA,,https://platform.prisma-capacity.eu/,,Trading Point,9,False
1Physical Flowhour2021-02-12 21:00:00 +00:002021-02-12 22:00:00 +00:00BE-TSO-0001VTP-00029exitkWh/h,1,Physical Flow,hour,2021-02-12T22:00:00+01:00,2021-02-12T23:00:00+01:00,BE-TSO-0001,21X-BE-A-A0A0A-Y,Fluxys Belgium,VTP-00029,Zeebrugge Beach,21Z0000000000090,exit,kWh/h,,,9587766,2021-03-30T00:27:09+02:00,,Confirmed,,,,,False,,,False,PRISMA,,https://platform.prisma-capacity.eu/,,Trading Point,9,False
1Physical Flowhour2021-02-12 22:00:00 +00:002021-02-12 23:00:00 +00:00BE-TSO-0001VTP-00029exitkWh/h,1,Physical Flow,hour,2021-02-12T23:00:00+01:00,2021-02-13T00:00:00+01:00,BE-TSO-0001,21X-BE-A-A0A0A-Y,Fluxys Belgium,VTP-00029,Zeebrugge Beach,21Z0000000000090,exit,kWh/h,,,9828671,2021-03-30T00:27:09+02:00,,Confirmed,,,,,False,,,False,PRISMA,,https://platform.prisma-capacity.eu/,,Trading Point,9,False
1Physical Flowhour2021-02-12 23:00:00 +00:002021-02-13 00:00:00 +00:00BE-TSO-0001VTP-00029exitkWh/h,1,Physical Flow,hour,2021-02-13T00:00:00+01:00,2021-02-13T01:00:00+01:00,BE-TSO-0001,21X-BE-A-A0A0A-Y,Fluxys Belgium,VTP-00029,Zeebrugge Beach,21Z0000000000090,exit,kWh/h,,,9616245,2021-03-30T00:27:09+02:00,,Confirmed,,,,,False,,,False,PRISMA,,https://platform.prisma-capacity.eu/,,Trading Point,9,False
1Physical Flowhour2021-02-13 00:00:00 +00:002021-02-13 01:00:00 +00:00BE-TSO-0001VTP-00029exitkWh/h,1,Physical Flow,hour,2021-02-13T01:00:00+01:00,2021-02-13T02:00:00+01:00,BE-TSO-0001,21X-BE-A-A0A0A-Y,Fluxys Belgium,VTP-00029,Zeebrugge Beach,21Z0000000000090,exit,kWh/h,,,9729155,2021-03-30T00:27:09+02:00,,Confirmed,,,,,False,,,False,PRISMA,,https://platform.prisma-capacity.eu/,,Trading Point,9,False
1Physical Flowhour2021-02-13 01:00:00 +00:002021-02-13 02:00:00 +00:00BE-TSO-0001VTP-00029exitkWh/h,1,Physical Flow,hour,2021-02-13T02:00:00+01:00,2021-02-13T03:00:00+01:00,BE-TSO-0001,21X-BE-A-A0A0A-Y,Fluxys Belgium,VTP-00029,Zeebrugge Beach,21Z0000000000090,exit,kWh/h,,,10029479,2021-03-30T00:27:09+02:00,,Confirmed,,,,,False,,,False,PRISMA,,https://platform.prisma-capacity.eu/,,Trading Point,9,False
1Physical Flowhour2021-02-13 02:00:00 +00:002021-02-13 03:00:00 +00:00BE-TSO-0001VTP-00029exitkWh/h,1,Physical Flow,hour,2021-02-13T03:00:00+01:00,2021-02-13T04:00:00+01:00,BE-TSO-0001,21X-BE-A-A0A0A-Y,Fluxys Belgium,VTP-00029,Zeebrugge Beach,21Z0000000000090,exit,kWh/h,,,9928191,2021-03-30T00:27:09+02:00,,Confirmed,,,,,False,,,False,PRISMA,,https://platform.prisma-capacity.eu/,,Trading Point,9,False
1Physical Flowhour2021-02-13 03:00:00 +00:002021-02-13 04:00:00 +00:00BE-TSO-0001VTP-00029exitkWh/h,1,Physical Flow,hour,2021-02-13T04:00:00+01:00,2021-02-13T05:00:00+01:00,BE-TSO-0001,21X-BE-A-A0A0A-Y,Fluxys Belgium,VTP-00029,Zeebrugge Beach,21Z0000000000090,exit,kWh/h,,,9821185,2021-03-30T00:27:09+02:00,,Confirmed,,,,,False,,,False,PRISMA,,https://platform.prisma-capacity.eu/,,Trading Point,9,False
1Physical Flowhour2021-02-13 04:00:00 +00:002021-02-13 05:00:00 +00:00BE-TSO-0001VTP-00029exitkWh/h,1,Physical Flow,hour,2021-02-13T05:00:00+01:00,2021-02-13T06:00:00+01:00,BE-TSO-0001,21X-BE-A-A0A0A-Y,Fluxys Belgium,VTP-00029,Zeebrugge Beach,21Z0000000000090,exit,kWh/h,,,9728009,2021-03-30T00:27:09+02:00,,Confirmed,,,,,False,,,False,PRISMA,,https://platform.prisma-capacity.eu/,,Trading Point,9,False
1Physical Flowhour2021-02-13 05:00:00 +00:002021-02-13 06:00:00 +00:00BE-TSO-0001VTP-00029exitkWh/h,1,Physical Flow,hour,2021-02-13T06:00:00+01:00,2021-02-13T07:00:00+01:00,BE-TSO-0001,21X-BE-A-A0A0A-Y,Fluxys Belgium,VTP-00029,Zeebrugge Beach,21Z0000000000090,exit,kWh/h,,,10812826,2021-03-30T00:27:09+02:00,,Confirmed,,,,,False,,,False,PRISMA,,https://platform.prisma-capacity.eu/,,Trading Point,9,False
1Physical Flowhour2021-02-13 06:00:00 +00:002021-02-13 07:00:00 +00:00BE-TSO-0001VTP-00029exitkWh/h,1,Physical Flow,hour,2021-02-13T07:00:00+01:00,2021-02-13T08:00:00+01:00,BE-TSO-0001,21X-BE-A-A0A0A-Y,Fluxys Belgium,VTP-00029,Zeebrugge Beach,21Z0000000000090,exit,kWh/h,,,10699996,2021-03-30T00:27:09+02:00,,Confirmed,,,,,False,,,False,PRISMA,,https://platform.prisma-capacity.eu/,,Trading Point,9,False
1Physical Flowhour2021-02-13 07:00:00 +00:002021-02-13 08:00:00 +00:00BE-TSO-0001VTP-00029exitkWh/h,1,Physical Flow,hour,2021-02-13T08:00:00+01:00,2021-02-13T09:00:00+01:00,BE-TSO-0001,21X-BE-A-A0A0A-Y,Fluxys Belgium,VTP-00029,Zeebrugge Beach,21Z0000000000090,exit,kWh/h,,,10703200,2021-03-30T00:27:09+02:00,,Confirmed,,,,,False,,,False,PRISMA,,https://platform.prisma-capacity.eu/,,Trading Point,9,False
1Physical Flowhour2021-02-13 08:00:00 +00:002021-02-13 09:00:00 +00:00BE-TSO-0001VTP-00029exitkWh/h,1,Physical Flow,hour,2021-02-13T09:00:00+01:00,2021-02-13T10:00:00+01:00,BE-TSO-0001,21X-BE-A-A0A0A-Y,Fluxys Belgium,VTP-00029,Zeebrugge Beach,21Z0000000000090,exit,kWh/h,,,10699858,2021-03-30T00:27:09+02:00,,Confirmed,,,,,False,,,False,PRISMA,,https://platform.prisma-capacity.eu/,,Trading Point,9,False
1Physical Flowhour2021-02-13 09:00:00 +00:002021-02-13 10:00:00 +00:00BE-TSO-0001VTP-00029exitkWh/h,1,Physical Flow,hour,2021-02-13T10:00:00+01:00,2021-02-13T11:00:00+01:00,BE-TSO-0001,21X-BE-A-A0A0A-Y,Fluxys Belgium,VTP-00029,Zeebrugge Beach,21Z0000000000090,exit,kWh/h,,,82711,2021-03-30T00:27:09+02:00,,Confirmed,,,,,False,,,False,PRISMA,,https://platform.prisma-capacity.eu/,,Trading Point,9,False
1Physical Flowhour2021-02-13 10:00:00 +00:002021-02-13 11:00:00 +00:00BE-TSO-0001VTP-00029exitkWh/h,1,Physical Flow,hour,2021-02-13T11:00:00+01:00,2021-02-13T12:00:00+01:00,BE-TSO-0001,21X-BE-A-A0A0A-Y,Fluxys Belgium,VTP-00029,Zeebrugge Beach,21Z0000000000090,exit,kWh/h,,,54203,2021-03-30T00:27:09+02:00,,Provisional,,,,,False,,,False,PRISMA,,https://platform.prisma-capacity.eu/,,Trading Point,9,False
1Physical Flowhour2021-02-13 11:00:00 +00:002021-02-13 12:00:00 +00:00BE-TSO-0001VTP-00029exitkWh/h,1,Physical Flow,hour,2021-02-13T12:00:00+01:00,2021-02-13T13:00:00+01:00,BE-TSO-0001,21X-BE-A-A0A0A-Y,Fluxys Belgium,VTP-00029,Zeebrugge Beach,21Z0000000000090,exit,kWh/h,,,669,2021-03-30T00:27:09+02:00,,Confirmed,,,,,False,,,False,PRISMA,,https://platform.prisma-capacity.eu/,,Trading Point,9,False
1Physical Flowhour2021-02-13 12:00:00 +00:002021-02-13 13:00:00 +00:00BE-TSO-0001VTP-00029exitkWh/h,1,Physical Flow,hour,2021-02-13T13:00:00+01:00,2021-02-13T14:00:00+01:00,BE-TSO-0001,21X-BE-A-A0A0A-Y,Fluxys Belgium,VTP-00029,Zeebrugge Beach,21Z0000000000090,exit,kWh/h,,,184,2021-03-30T00:27:09+02:00,,Confirmed,,,,,False,,,False,PRISMA,,https://platform.prisma-capacity.eu/,,Trading Point,9,False
1Physical Flowhour2021-02-13 13:00:00 +00:002021-02-13 14:00:00 +00:00BE-TSO-0001VTP-00029exitkWh/h,1,Physical Flow,hour,2021-02-13T14:00:00+01:00,2021-02-13T15:00:00+01:00,BE-TSO-0001,21X-BE-A-A0A0A-Y,Fluxys Belgium,VTP-00029,Zeebrugge Beach,21Z0000000000090,exit,kWh/h,,,391,2021-03-30T00:27:09+02:00,,Confirmed,,,,,False,,,False,PRISMA,,https://platform.prisma-capacity.eu/,,Trading Point,9,False
1Physical Flowhour2021-02-13 14:00:00 +00:002021-02-13 15:00:00 +00:00BE-TSO-0001VTP-00029exitkWh/h,1,Physical Flow,hour,2021-02-13T15:00:00+01:00,2021-02-13T16:00:00+01:00,BE-TSO-0001,21X-BE-A-A0A0A-Y,Fluxys Belgium,VTP-00029,Zeebrugge Beach,21Z0000000000090,exit,kWh/h,,,220,2021-03-30T00:27:09+02:00,,Confirmed,,,,,False,,,False,PRISMA,,https://platform.prisma-capacity.eu/,,Trading Point,9,False
1Physical Flowhour2021-02-13 15:00:00 +00:002021-02-13 16:00:00 +00:00BE-TSO-0001VTP-00029exitkWh/h,1,Physical Flow,hour,2021-02-13T16:00:00+01:00,2021-02-13T17:00:00+01:00,BE-TSO-0001,21X-BE-A-A0A0A-Y,Fluxys Belgium,VTP-00029,Zeebrugge Beach,21Z0000000000090,exit,kWh/h,,,380,2021-03-30T00:27:09+02:00,,Confirmed,,,,,False,,,False,PRISMA,,https://platform.prisma-capacity.eu/,,Trading Point,9,False
1Physical Flowhour2021-02-13 16:00:00 +00:002021-02-13 17:00:00 +00:00BE-TSO-0001VTP-00029exitkWh/h,1,Physical Flow,hour,2021-02-13T17:00:00+01:00,2021-02-13T18:00:00+01:00,BE-TSO-0001,21X-BE-A-A0A0A-Y,Fluxys Belgium,VTP-00029,Zeebrugge Beach,21Z0000000000090,exit,kWh/h,,,290,2021-03-30T00:27:09+02:00,,Confirmed,,,,,False,,,False,PRISMA,,https://platform.prisma-capacity.eu/,,Trading Point,9,False
1Physical Flowhour2021-02-13 17:00:00 +00:002021-02-13 18:00:00 +00:00BE-TSO-0001VTP-00029exitkWh/h,1,Physical Flow,hour,2021-02-13T18:00:00+01:00,2021-02-13T19:00:00+01:00,BE-TSO-0001,21X-BE-A-A0A0A-Y,Fluxys Belgium,VTP-00029,Zeebrugge Beach,21Z0000000000090,exit,kWh/h,,,5080,2021-03-30T00:27:09+02:00,,Confirmed,,,,,False,,,False,PRISMA,,https://platform.prisma-capacity.eu/,,Trading Point,9,False
1Physical Flowhour2021-02-13 18:00:00 +00:002021-02-13 19:00:00 +00:00BE-TSO-0001VTP-00029exitkWh/h,1,Physical Flow,hour,2021-02-13T19:00:00+01:00,2021-02-13T20:00:00+01:00,BE-TSO-0001,21X-BE-A-A0A0A-Y,Fluxys Belgium,VTP-00029,Zeebrugge Beach,21Z0000000000090,exit,kWh/h,,,3209,2021-03-30T00:27:09+02:00,,Confirmed,,,,,False,,,False,PRISMA,,https://platform.prisma-capacity.eu/,,Trading Point,9,False
1Physical Flowhour2021-02-13 19:00:00 +00:002021-02-13 20:00:00 +00:00BE-TSO-0001VTP-00029exitkWh/h,1,Physical Flow,hour,2021-02-13T20:00:00+01:00,2021-02-13T21:00:00+01:00,BE-TSO-0001,21X-BE-A-A0A0A-Y,Fluxys Belgium,VTP-00029,Zeebrugge Beach,21Z0000000000090,exit,kWh/h,,,2804,2021-03-30T00:27:09+02:00,,Confirmed,,,,,False,,,False,PRISMA,,https://platform.prisma-capacity.eu/,,Trading Point,9,False
1Physical Flowhour2021-02-13 20:00:00 +00:002021-02-13 21:00:00 +00:00BE-TSO-0001VTP-00029exitkWh/h,1,Physical Flow,hour,2021-02-13T21:00:00+01:00,2021-02-13T22:00:00+01:00,BE-TSO-0001,21X-BE-A-A0A0A-Y,Fluxys Belgium,VTP-00029,Zeebrugge Beach,21Z0000000000090,exit,kWh/h,,,2462,2021-03-30T00:27:09+02:00,,Confirmed,,,,,False,,,False,PRISMA,,https://platform.prisma-capacity.eu/,,Trading Point,9,False
1Physical Flowhour2021-02-13 21:00:00 +00:002021-02-13 22:00:00 +00:00BE-TSO-0001VTP-00029exitkWh/h,1,Physical Flow,hour,2021-02-13T22:00:00+01:00,2021-02-13T23:00:00+01:00,BE-TSO-0001,21X-BE-A-A0A0A-Y,Fluxys Belgium,VTP-00029,Zeebrugge Beach,21Z0000000000090,exit,kWh/h,,,2528,2021-03-30T00:27:09+02:00,,Confirmed,,,,,False,,,False,PRISMA,,https://platform.prisma-capacity.eu/,,Trading Point,9,False
1Physical Flowhour2021-02-13 22:00:00 +00:002021-02-13 23:00:00 +00:00BE-TSO-0001VTP-00029exitkWh/h,1,Physical Flow,hour,2021-02-13T23:00:00+01:00,2021-02-14T00:00:00+01:00,BE-TSO-0001,21X-BE-A-A0A0A-Y,Fluxys Belgium,VTP-00029,Zeebrugge Beach,21Z0000000000090,exit,kWh/h,,,9353,2021-03-30T00:27:09+02:00,,Confirmed,,,,,False,,,False,PRISMA,,https://platform.prisma-capacity.eu/,,Trading Point,9,False
1Physical Flowhour2021-02-13 23:00:00 +00:002021-02-14 00:00:00 +00:00BE-TSO-0001VTP-00029exitkWh/h,1,Physical Flow,hour,2021-02-14T00:00:00+01:00,2021-02-14T01:00:00+01:00,BE-TSO-0001,21X-BE-A-A0A0A-Y,Fluxys Belgium,VTP-00029,Zeebrugge Beach,21Z0000000000090,exit,kWh/h,,,9668898,2021-03-30T00:27:09+02:00,,Confirmed,,,,,False,,,False,PRISMA,,https://platform.prisma-capacity.eu/,,Trading Point,9,False
1Physical Flowhour2021-02-14 00:00:00 +00:002021-02-14 01:00:00 +00:00BE-TSO-0001VTP-00029exitkWh/h,1,Physical Flow,hour,2021-02-14T01:00:00+01:00,2021-02-14T02:00:00+01:00,BE-TSO-0001,21X-BE-A-A0A0A-Y,Fluxys Belgium,VTP-00029,Zeebrugge Beach,21Z0000000000090,exit,kWh/h,,,10394550,2021-03-30T00:27:09+02:00,,Confirmed,,,,,False,,,False,PRISMA,,https://platform.prisma-capacity.eu/,,Trading Point,9,False
1Physical Flowhour2021-02-14 01:00:00 +00:002021-02-14 02:00:00 +00:00BE-TSO-0001VTP-00029exitkWh/h,1,Physical Flow,hour,2021-02-14T02:00:00+01:00,2021-02-14T03:00:00+01:00,BE-TSO-0001,21X-BE-A-A0A0A-Y,Fluxys Belgium,VTP-00029,Zeebrugge Beach,21Z0000000000090,exit,kWh/h,,,10366524,2021-03-30T00:27:09+02:00,,Confirmed,,,,,False,,,False,PRISMA,,https://platform.prisma-capacity.eu/,,Trading Point,9,False
1Physical Flowhour2021-02-14 02:00:00 +00:002021-02-14 03:00:00 +00:00BE-TSO-0001VTP-00029exitkWh/h,1,Physical Flow,hour,2021-02-14T03:00:00+01:00,2021-02-14T04:00:00+01:00,BE-TSO-0001,21X-BE-A-A0A0A-Y,Fluxys Belgium,VTP-00029,Zeebrugge Beach,21Z0000000000090,exit,kWh/h,,,10368018,2021-03-30T00:27:09+02:00,,Confirmed,,,,,False,,,False,PRISMA,,https://platform.prisma-capacity.eu/,,Trading Point,9,False
1Physical Flowhour2021-02-14 03:00:00 +00:002021-02-14 04:00:00 +00:00BE-TSO-0001VTP-00029exitkWh/h,1,Physical Flow,hour,2021-02-14T04:00:00+01:00,2021-02-14T05:00:00+01:00,BE-TSO-0001,21X-BE-A-A0A0A-Y,Fluxys Belgium,VTP-00029,Zeebrugge Beach,21Z0000000000090,exit,kWh/h,,,10368218,2021-03-30T00:27:09+02:00,,Confirmed,,,,,False,,,False,PRISMA,,https://platform.prisma-capacity.eu/,,Trading Point,9,False
1Physical Flowhour2021-02-14 04:00:00 +00:002021-02-14 05:00:00 +00:00BE-TSO-0001VTP-00029exitkWh/h,1,Physical Flow,hour,2021-02-14T05:00:00+01:00,2021-02-14T06:00:00+01:00,BE-TSO-0001,21X-BE-A-A0A0A-Y,Fluxys Belgium,VTP-00029,Zeebrugge Beach,21Z0000000000090,exit,kWh/h,,,10369581,2021-03-30T00:27:09+02:00,,Confirmed,,,,,False,,,False,PRISMA,,https://platform.prisma-capacity.eu/,,Trading Point,9,False
1Physical Flowhour2021-02-14 05:00:00 +00:002021-02-14 06:00:00 +00:00BE-TSO-0001VTP-00029exitkWh/h,1,Physical Flow,hour,2021-02-14T06:00:00+01:00,2021-02-14T07:00:00+01:00,BE-TSO-0001,21X-BE-A-A0A0A-Y,Fluxys Belgium,VTP-00029,Zeebrugge Beach,21Z0000000000090,exit,kWh/h,,,10809397,2021-03-30T00:27:09+02:00,,Confirmed,,,,,False,,,False,PRISMA,,https://platform.prisma-capacity.eu/,,Trading Point,9,False
1Physical Flowhour2021-02-14 06:00:00 +00:002021-02-14 07:00:00 +00:00BE-TSO-0001VTP-00029exitkWh/h,1,Physical Flow,hour,2021-02-14T07:00:00+01:00,2021-02-14T08:00:00+01:00,BE-TSO-0001,21X-BE-A-A0A0A-Y,Fluxys Belgium,VTP-00029,Zeebrugge Beach,21Z0000000000090,exit,kWh/h,,,10647923,2021-03-30T00:27:09+02:00,,Confirmed,,,,,False,,,False,PRISMA,,https://platform.prisma-capacity.eu/,,Trading Point,9,False
1Physical Flowhour2021-02-14 07:00:00 +00:002021-02-14 08:00:00 +00:00BE-TSO-0001VTP-00029exitkWh/h,1,Physical Flow,hour,2021-02-14T08:00:00+01:00,2021-02-14T09:00:00+01:00,BE-TSO-0001,21X-BE-A-A0A0A-Y,Fluxys Belgium,VTP-00029,Zeebrugge Beach,21Z0000000000090,exit,kWh/h,,,12046,2021-03-30T00:27:09+02:00,,Confirmed,,,,,False,,,False,PRISMA,,https://platform.prisma-capacity.eu/,,Trading Point,9,False
1Physical Flowhour2021-02-14 08:00:00 +00:002021-02-14 09:00:00 +00:00BE-TSO-0001VTP-00029exitkWh/h,1,Physical Flow,hour,2021-02-14T09:00:00+01:00,2021-02-14T10:00:00+01:00,BE-TSO-0001,21X-BE-A-A0A0A-Y,Fluxys Belgium,VTP-00029,Zeebrugge Beach,21Z0000000000090,exit,kWh/h,,,4328,2021-03-30T00:27:09+02:00,,Confirmed,,,,,False,,,False,PRISMA,,https://platform.prisma-capacity.eu/,,Trading Point,9,False
1Physical Flowhour2021-02-14 09:00:00 +00:002021-02-14 10:00:00 +00:00BE-TSO-0001VTP-00029exitkWh/h,1,Physical Flow,hour,2021-02-14T10:00:00+01:00,2021-02-14T11:00:00+01:00,BE-TSO-0001,21X-BE-A-A0A0A-Y,Fluxys Belgium,VTP-00029,Zeebrugge Beach,21Z0000000000090,exit,kWh/h,,,4703,2021-03-30T00:27:09+02:00,,Confirmed,,,,,False,,,False,PRISMA,,https://platform.prisma-capacity.eu/,,Trading Point,9,False
1Physical Flowhour2021-02-14 10:00:00 +00:002021-02-14 11:00:00 +00:00BE-TSO-0001VTP-00029exitkWh/h,1,Physical Flow,hour,2021-02-14T11:00:00+01:00,2021-02-14T12:00:00+01:00,BE-TSO-0001,21X-BE-A-A0A0A-Y,Fluxys Belgium,VTP-00029,Zeebrugge Beach,21Z0000000000090,exit,kWh/h,,,4026,2021-03-30T00:27:09+02:00,,Confirmed,,,,,False,,,False,PRISMA,,https://platform.prisma-capacity.eu/,,Trading Point,9,False
1Physical Flowhour2021-02-14 11:00:00 +00:002021-02-14 12:00:00 +00:00BE-TSO-0001VTP-00029exitkWh/h,1,Physical Flow,hour,2021-02-14T12:00:00+01:00,2021-02-14T13:00:00+01:00,BE-TSO-0001,21X-BE-A-A0A0A-Y,Fluxys Belgium,VTP-00029,Zeebrugge Beach,21Z0000000000090,exit,kWh/h,,,753,2021-03-30T00:27:09+02:00,,Confirmed,,,,,False,,,False,PRISMA,,https://platform.prisma-capacity.eu/,,Trading Point,9,False
1Physical Flowhour2021-02-14 12:00:00 +00:002021-02-14 13:00:00 +00:00BE-TSO-0001VTP-00029exitkWh/h,1,Physical Flow,hour,2021-02-14T13:00:00+01:00,2021-02-14T14:00:00+01:00,BE-TSO-0001,21X-BE-A-A0A0A-Y,Fluxys Belgium,VTP-00029,Zeebrugge Beach,21Z0000000000090,exit,kWh/h,,,493,2021-03-30T00:27:09+02:00,,Confirmed,,,,,False,,,False,PRISMA,,https://platform.prisma-capacity.eu/,,Trading Point,9,False
1Physical Flowhour2021-02-14 13:00:00 +00:002021-02-14 14:00:00 +00:00BE-TSO-0001VTP-00029exitkWh/h,1,Physical Flow,hour,2021-02-14T14:00:00+01:00,2021-02-14T15:00:00+01:00,BE-TSO-0001,21X-BE-A-A0A0A-Y,Fluxys Belgium,VTP-00029,Zeebrugge Beach,21Z0000000000090,exit,kWh/h,,,8448,2021-03-30T00:27:09+02:00,,Confirmed,,,,,False,,,False,PRISMA,,https://platform.prisma-capacity.eu/,,Trading Point,9,False
1Physical Flowhour2021-02-14 14:00:00 +00:002021-02-14 15:00:00 +00:00BE-TSO-0001VTP-00029exitkWh/h,1,Physical Flow,hour,2021-02-14T15:00:00+01:00,2021-02-14T16:00:00+01:00,BE-TSO-0001,21X-BE-A-A0A0A-Y,Fluxys Belgium,VTP-00029,Zeebrugge Beach,21Z0000000000090,exit,kWh/h,,,8662,2021-03-30T00:27:09+02:00,,Confirmed,,,,,False,,,False,PRISMA,,https://platform.prisma-capacity.eu/,,Trading Point,9,False
1Physical Flowhour2021-02-14 15:00:00 +00:002021-02-14 16:00:00 +00:00BE-TSO-0001VTP-00029exitkWh/h,1,Physical Flow,hour,2021-02-14T16:00:00+01:00,2021-02-14T17:00:00+01:00,BE-TSO-0001,21X-BE-A-A0A0A-Y,Fluxys Belgium,VTP-00029,Zeebrugge Beach,21Z0000000000090,exit,kWh/h,,,5740,2021-03-30T00:27:09+02:00,,Confirmed,,,,,False,,,False,PRISMA,,https://platform.prisma-capacity.eu/,,Trading Point,9,False
1Physical Flowhour2021-02-14 16:00:00 +00:002021-02-14 17:00:00 +00:00BE-TSO-0001VTP-00029exitkWh/h,1,Physical Flow,hour,2021-02-14T17:00:00+01:00,2021-02-14T18:00:00+01:00,BE-TSO-0001,21X-BE-A-A0A0A-Y,Fluxys Belgium,VTP-00029,Zeebrugge Beach,21Z0000000000090,exit,kWh/h,,,6440,2021-03-30T00:27:09+02:00,,Confirmed,,,,,False,,,False,PRISMA,,https://platform.prisma-capacity.eu/,,Trading Point,9,False
1Physical Flowhour2021-02-14 17:00:00 +00:002021-02-14 18:00:00 +00:00BE-TSO-0001VTP-00029exitkWh/h,1,Physical Flow,hour,2021-02-14T18:00:00+01:00,2021-02-14T19:00:00+01:00,BE-TSO-0001,21X-BE-A-A0A0A-Y,Fluxys Belgium,VTP-00029,Zeebrugge Beach,21Z0000000000090,exit,kWh/h,,,15739,2021-03-30T00:27:09+02:00,,Confirmed,,,,,False,,,False,PRISMA,,https://platform.prisma-capacity.eu/,,Trading Point,9,False
1Physical Flowhour2021-02-14 18:00:00 +00:002021-02-14 19:00:00 +00:00BE-TSO-0001VTP-00029exitkWh/h,1,Physical Flow,hour,2021-02-14T19:00:00+01:00,2021-02-14T20:00:00+01:00,BE-TSO-0001,21X-BE-A-A0A0A-Y,Fluxys Belgium,VTP-00029,Zeebrugge Beach,21Z0000000000090,exit,kWh/h,,,19641,2021-03-30T00:27:09+02:00,,Confirmed,,,,,False,,,False,PRISMA,,https://platform.prisma-capacity.eu/,,Trading Point,9,False
1Physical Flowhour2021-02-14 19:00:00 +00:002021-02-14 20:00:00 +00:00BE-TSO-0001VTP-00029exitkWh/h,1,Physical Flow,hour,2021-02-14T20:00:00+01:00,2021-02-14T21:00:00+01:00,BE-TSO-0001,21X-BE-A-A0A0A-Y,Fluxys Belgium,VTP-00029,Zeebrugge Beach,21Z0000000000090,exit,kWh/h,,,20426,2021-03-30T00:27:09+02:00,,Confirmed,,,,,False,,,False,PRISMA,,https://platform.prisma-capacity.eu/,,Trading Point,9,False
1Physical Flowhour2021-02-14 20:00:00 +00:002021-02-14 21:00:00 +00:00BE-TSO-0001VTP-00029exitkWh/h,1,Physical Flow,hour,2021-02-14T21:00:00+01:00,2021-02-14T22:00:00+01:00,BE-TSO-0001,21X-BE-A-A0A0A-Y,Fluxys Belgium,VTP-00029,Zeebrugge Beach,21Z0000000000090,exit,kWh/h,,,9395962,2021-03-30T00:27:09+02:00,,Confirmed,,,,,False,,,False,PRISMA,,https://platform.prisma-capacity.eu/,,Trading Point,9,False
1Physical Flowhour2021-02-14 21:00:00 +00:002021-02-14 22:00:00 +00:00BE-TSO-0001VTP-00029exitkWh/h,1,Physical Flow,hour,2021-02-14T22:00:00+01:00,2021-02-14T23:00:00+01:00,BE-TSO-0001,21X-BE-A-A0A0A-Y,Fluxys Belgium,VTP-00029,Zeebrugge Beach,21Z0000000000090,exit,kWh/h,,,9733339,2021-03-30T00:27:09+02:00,,Confirmed,,,,,False,,,False,PRISMA,,https://platform.prisma-capacity.eu/,,Trading Point,9,False
1Physical Flowhour2021-02-14 22:00:00 +00:002021-02-14 23:00:00 +00:00BE-TSO-0001VTP-00029exitkWh/h,1,Physical Flow,hour,2021-02-14T23:00:00+01:00,2021-02-15T00:00:00+01:00,BE-TSO-0001,21X-BE-A-A0A0A-Y,Fluxys Belgium,VTP-00029,Zeebrugge Beach,21Z0000000000090,exit,kWh/h,,,9684216,2021-03-30T00:27:09+02:00,,Confirmed,,,,,False,,,False,PRISMA,,https://platform.prisma-capacity.eu/,,Trading Point,9,False
1Physical Flowhour2021-02-14 23:00:00 +00:002021-02-15 00:00:00 +00:00BE-TSO-0001VTP-00029exitkWh/h,1,Physical Flow,hour,2021-02-15T00:00:00+01:00,2021-02-15T01:00:00+01:00,BE-TSO-0001,21X-BE-A-A0A0A-Y,Fluxys Belgium,VTP-00029,Zeebrugge Beach,21Z0000000000090,exit,kWh/h,,,9566652,2021-03-30T00:27:09+02:00,,Confirmed,,,,,False,,,False,PRISMA,,https://platform.prisma-capacity.eu/,,Trading Point,9,False
1Physical Flowhour2021-02-15 00:00:00 +00:002021-02-15 01:00:00 +00:00BE-TSO-0001VTP-00029exitkWh/h,1,Physical Flow,hour,2021-02-15T01:00:00+01:00,2021-02-15T02:00:00+01:00,BE-TSO-0001,21X-BE-A-A0A0A-Y,Fluxys Belgium,VTP-00029,Zeebrugge Beach,21Z0000000000090,exit,kWh/h,,,9621063,2021-03-30T00:27:09+02:00,,Confirmed,,,,,False,,,False,PRISMA,,https://platform.prisma-capacity.eu/,,Trading Point,9,False
1Physical Flowhour2021-02-15 01:00:00 +00:002021-02-15 02:00:00 +00:00BE-TSO-0001VTP-00029exitkWh/h,1,Physical Flow,hour,2021-02-15T02:00:00+01:00,2021-02-15T03:00:00+01:00,BE-TSO-0001,21X-BE-A-A0A0A-Y,Fluxys Belgium,VTP-00029,Zeebrugge Beach,21Z0000000000090,exit,kWh/h,,,9594362,2021-03-30T00:27:09+02:00,,Confirmed,,,,,False,,,False,PRISMA,,https://platform.prisma-capacity.eu/,,Trading Point,9,False
1Physical Flowhour2021-02-15 02:00:00 +00:002021-02-15 03:00:00 +00:00BE-TSO-0001VTP-00029exitkWh/h,1,Physical Flow,hour,2021-02-15T03:00:00+01:00,2021-02-15T04:00:00+01:00,BE-TSO-0001,21X-BE-A-A0A0A-Y,Fluxys Belgium,VTP-00029,Zeebrugge Beach,21Z0000000000090,exit,kWh/h,,,9621461,2021-03-30T00:27:09+02:00,,Confirmed,,,,,False,,,False,PRISMA,,https://platform.prisma-capacity.eu/,,Trading Point,9,False
1Physical Flowhour2021-02-15 03:00:00 +00:002021-02-15 04:00:00 +00:00BE-TSO-0001VTP-00029exitkWh/h,1,Physical Flow,hour,2021-02-15T04:00:00+01:00,2021-02-15T05:00:00+01:00,BE-TSO-0001,21X-BE-A-A0A0A-Y,Fluxys Belgium,VTP-00029,Zeebrugge Beach,21Z0000000000090,exit,kWh/h,,,9654268,2021-03-30T00:27:09+02:00,,Confirmed,,,,,False,,,False,PRISMA,,https://platform.prisma-capacity.eu/,,Trading Point,9,False
1Physical Flowhour2021-02-15 04:00:00 +00:002021-02-15 05:00:00 +00:00BE-TSO-0001VTP-00029exitkWh/h,1,Physical Flow,hour,2021-02-15T05:00:00+01:00,2021-02-15T06:00:00+01:00,BE-TSO-0001,21X-BE-A-A0A0A-Y,Fluxys Belgium,VTP-00029,Zeebrugge Beach,21Z0000000000090,exit,kWh/h,,,9715231,2021-03-30T00:27:09+02:00,,Confirmed,,,,,False,,,False,PRISMA,,https://platform.prisma-capacity.eu/,,Trading Point,9,False
1Physical Flowhour2021-02-15 05:00:00 +00:002021-02-15 06:00:00 +00:00BE-TSO-0001VTP-00029exitkWh/h,1,Physical Flow,hour,2021-02-15T06:00:00+01:00,2021-02-15T07:00:00+01:00,BE-TSO-0001,21X-BE-A-A0A0A-Y,Fluxys Belgium,VTP-00029,Zeebrugge Beach,21Z0000000000090,exit,kWh/h,,,10137822,2021-03-30T00:27:09+02:00,,Confirmed,,,,,False,,,False,PRISMA,,https://platform.prisma-capacity.eu/,,Trading Point,9,False
1Physical Flowhour2021-02-15 06:00:00 +00:002021-02-15 07:00:00 +00:00BE-TSO-0001VTP-00029exitkWh/h,1,Physical Flow,hour,2021-02-15T07:00:00+01:00,2021-02-15T08:00:00+01:00,BE-TSO-0001,21X-BE-A-A0A0A-Y,Fluxys Belgium,VTP-00029,Zeebrugge Beach,21Z0000000000090,exit,kWh/h,,,10035174,2021-03-30T00:27:09+02:00,,Confirmed,,,,,False,,,False,PRISMA,,https://platform.prisma-capacity.eu/,,Trading Point,9,False
1Physical Flowhour2021-02-15 07:00:00 +00:002021-02-15 08:00:00 +00:00BE-TSO-0001VTP-00029exitkWh/h,1,Physical Flow,hour,2021-02-15T08:00:00+01:00,2021-02-15T09:00:00+01:00,BE-TSO-0001,21X-BE-A-A0A0A-Y,Fluxys Belgium,VTP-00029,Zeebrugge Beach,21Z0000000000090,exit,kWh/h,,,1529,2021-03-30T00:27:09+02:00,,Confirmed,,,,,False,,,False,PRISMA,,https://platform.prisma-capacity.eu/,,Trading Point,9,False
1Physical Flowhour2021-02-15 08:00:00 +00:002021-02-15 09:00:00 +00:00BE-TSO-0001VTP-00029exitkWh/h,1,Physical Flow,hour,2021-02-15T09:00:00+01:00,2021-02-15T10:00:00+01:00,BE-TSO-0001,21X-BE-A-A0A0A-Y,Fluxys Belgium,VTP-00029,Zeebrugge Beach,21Z0000000000090,exit,kWh/h,,,216,2021-03-30T00:27:09+02:00,,Confirmed,,,,,False,,,False,PRISMA,,https://platform.prisma-capacity.eu/,,Trading Point,9,False
1Physical Flowhour2021-02-15 09:00:00 +00:002021-02-15 10:00:00 +00:00BE-TSO-0001VTP-00029exitkWh/h,1,Physical Flow,hour,2021-02-15T10:00:00+01:00,2021-02-15T11:00:00+01:00,BE-TSO-0001,21X-BE-A-A0A0A-Y,Fluxys Belgium,VTP-00029,Zeebrugge Beach,21Z0000000000090,exit,kWh/h,,,77,2021-03-30T00:27:09+02:00,,Confirmed,,,,,False,,,False,PRISMA,,https://platform.prisma-capacity.eu/,,Trading Point,9,False
1Physical Flowhour2021-02-15 10:00:00 +00:002021-02-15 11:00:00 +00:00BE-TSO-0001VTP-00029exitkWh/h,1,Physical Flow,hour,2021-02-15T11:00:00+01:00,2021-02-15T12:00:00+01:00,BE-TSO-0001,21X-BE-A-A0A0A-Y,Fluxys Belgium,VTP-00029,Zeebrugge Beach,21Z0000000000090,exit,kWh/h,,,361,2021-03-30T00:27:09+02:00,,Confirmed,,,,,False,,,False,PRISMA,,https://platform.prisma-capacity.eu/,,Trading Point,9,False
1Physical Flowhour2021-02-15 11:00:00 +00:002021-02-15 12:00:00 +00:00BE-TSO-0001VTP-00029exitkWh/h,1,Physical Flow,hour,2021-02-15T12:00:00+01:00,2021-02-15T13:00:00+01:00,BE-TSO-0001,21X-BE-A-A0A0A-Y,Fluxys Belgium,VTP-00029,Zeebrugge Beach,21Z0000000000090,exit,kWh/h,,,144,2021-03-30T00:27:09+02:00,,Provisional,,,,,False,,,False,PRISMA,,https://platform.prisma-capacity.eu/,,Trading Point,9,False
1Physical Flowhour2021-02-15 12:00:00 +00:002021-02-15 13:00:00 +00:00BE-TSO-0001VTP-00029exitkWh/h,1,Physical Flow,hour,2021-02-15T13:00:00+01:00,2021-02-15T14:00:00+01:00,BE-TSO-0001,21X-BE-A-A0A0A-Y,Fluxys Belgium,VTP-00029,Zeebrugge Beach,21Z0000000000090,exit,kWh/h,,,182,2021-03-30T00:27:09+02:00,,Confirmed,,,,,False,,,False,PRISMA,,https://platform.prisma-capacity.eu/,,Trading Point,9,False
1Physical Flowhour2021-02-15 13:00:00 +00:002021-02-15 14:00:00 +00:00BE-TSO-0001VTP-00029exitkWh/h,1,Physical Flow,hour,2021-02-15T14:00:00+01:00,2021-02-15T15:00:00+01:00,BE-TSO-0001,21X-BE-A-A0A0A-Y,Fluxys Belgium,VTP-00029,Zeebrugge Beach,21Z0000000000090,exit,kWh/h,,,337,2021-03-30T00:27:09+02:00,,Confirmed,,,,,False,,,False,PRISMA,,https://platform.prisma-capacity.eu/,,Trading Point,9,False
1Physical Flowhour2021-02-15 14:00:00 +00:002021-02-15 15:00:00 +00:00BE-TSO-0001VTP-00029exitkWh/h,1,Physical Flow,hour,2021-02-15T15:00:00+01:00,2021-02-15T16:00:00+01:00,BE-TSO-0001,21X-BE-A-A0A0A-Y,Fluxys Belgium,VTP-00029,Zeebrugge Beach,21Z0000000000090,exit,kWh/h,,,151,2021-03-30T00:27:09+02:00,,Confirmed,,,,,False,,,False,PRISMA,,https://platform.prisma-capacity.eu/,,Trading Point,9,False
1Physical Flowhour2021-02-15 15:00:00 +00:002021-02-15 16:00:00 +00:00BE-TSO-0001VTP-00029exitkWh/h,1,Physical Flow,hour,2021-02-15T16:00:00+01:00,2021-02-15T17:00:00+01:00,BE-TSO-0001,21X-BE-A-A0A0A-Y,Fluxys Belgium,VTP-00029,Zeebrugge Beach,21Z0000000000090,exit,kWh/h,,,171,2021-03-30T00:27:09+02:00,,Confirmed,,,,,False,,,False,PRISMA,,https://platform.prisma-capacity.eu/,,Trading Point,9,False
1Physical Flowhour2021-02-15 16:00:00 +00:002021-02-15 17:00:00 +00:00BE-TSO-0001VTP-00029exitkWh/h,1,Physical Flow,hour,2021-02-15T17:00:00+01:00,2021-02-15T18:00:00+01:00,BE-TSO-0001,21X-BE-A-A0A0A-Y,Fluxys Belgium,VTP-00029,Zeebrugge Beach,21Z0000000000090,exit,kWh/h,,,213,2021-03-30T00:27:09+02:00,,Confirmed,,,,,False,,,False,PRISMA,,https://platform.prisma-capacity.eu/,,Trading Point,9,False
1Physical Flowhour2021-02-15 17:00:00 +00:002021-02-15 18:00:00 +00:00BE-TSO-0001VTP-00029exitkWh/h,1,Physical Flow,hour,2021-02-15T18:00:00+01:00,2021-02-15T19:00:00+01:00,BE-TSO-0001,21X-BE-A-A0A0A-Y,Fluxys Belgium,VTP-00029,Zeebrugge Beach,21Z0000000000090,exit,kWh/h,,,137,2021-03-30T00:27:09+02:00,,Confirmed,,,,,False,,,False,PRISMA,,https://platform.prisma-capacity.eu/,,Trading Point,9,False
1Physical Flowhour2021-02-15 18:00:00 +00:002021-02-15 19:00:00 +00:00BE-TSO-0001VTP-00029exitkWh/h,1,Physical Flow,hour,2021-02-15T19:00:00+01:00,2021-02-15T20:00:00+01:00,BE-TSO-0001,21X-BE-A-A0A0A-Y,Fluxys Belgium,VTP-00029,Zeebrugge Beach,21Z0000000000090,exit,kWh/h,,,191,2021-03-30T00:27:09+02:00,,Confirmed,,,,,False,,,False,PRISMA,,https://platform.prisma-capacity.eu/,,Trading Point,9,False
1Physical Flowhour2021-02-15 19:00:00 +00:002021-02-15 20:00:00 +00:00BE-TSO-0001VTP-00029exitkWh/h,1,Physical Flow,hour,2021-02-15T20:00:00+01:00,2021-02-15T21:00:00+01:00,BE-TSO-0001,21X-BE-A-A0A0A-Y,Fluxys Belgium,VTP-00029,Zeebrugge Beach,21Z0000000000090,exit,kWh/h,,,3074,2021-03-30T00:27:09+02:00,,Confirmed,,,,,False,,,False,PRISMA,,https://platform.prisma-capacity.eu/,,Trading Point,9,False
1Physical Flowhour2021-02-15 20:00:00 +00:002021-02-15 21:00:00 +00:00BE-TSO-0001VTP-00029exitkWh/h,1,Physical Flow,hour,2021-02-15T21:00:00+01:00,2021-02-15T22:00:00+01:00,BE-TSO-0001,21X-BE-A-A0A0A-Y,Fluxys Belgium,VTP-00029,Zeebrugge Beach,21Z0000000000090,exit,kWh/h,,,1762,2021-03-30T00:27:09+02:00,,Confirmed,,,,,False,,,False,PRISMA,,https://platform.prisma-capacity.eu/,,Trading Point,9,False
1Physical Flowhour2021-02-15 21:00:00 +00:002021-02-15 22:00:00 +00:00BE-TSO-0001VTP-00029exitkWh/h,1,Physical Flow,hour,2021-02-15T22:00:00+01:00,2021-02-15T23:00:00+01:00,BE-TSO-0001,21X-BE-A-A0A0A-Y,Fluxys Belgium,VTP-00029,Zeebrugge Beach,21Z0000000000090,exit,kWh/h,,,9826,2021-03-30T00:27:09+02:00,,Confirmed,,,,,False,,,False,PRISMA,,https://platform.prisma-capacity.eu/,,Trading Point,9,False
1Physical Flowhour2021-02-15 22:00:00 +00:002021-02-15 23:00:00 +00:00BE-TSO-0001VTP-00029exitkWh/h,1,Physical Flow,hour,2021-02-15T23:00:00+01:00,2021-02-16T00:00:00+01:00,BE-TSO-0001,21X-BE-A-A0A0A-Y,Fluxys Belgium,VTP-00029,Zeebrugge Beach,21Z0000000000090,exit,kWh/h,,,5729,2021-03-30T00:27:09+02:00,,Confirmed,,,,,False,,,False,PRISMA,,https://platform.prisma-capacity.eu/,,Trading Point,9,False
1Physical Flowhour2021-02-15 23:00:00 +00:002021-02-16 00:00:00 +00:00BE-TSO-0001VTP-00029exitkWh/h,1,Physical Flow,hour,2021-02-16T00:00:00+01:00,2021-02-16T01:00:00+01:00,BE-TSO-0001,21X-BE-A-A0A0A-Y,Fluxys Belgium,VTP-00029,Zeebrugge Beach,21Z0000000000090,exit,kWh/h,,,11003815,2021-03-30T00:27:09+02:00,,Confirmed,,,,,False,,,False,PRISMA,,https://platform.prisma-capacity.eu/,,Trading Point,9,False
1Physical Flowhour2021-02-16 00:00:00 +00:002021-02-16 01:00:00 +00:00BE-TSO-0001VTP-00029exitkWh/h,1,Physical Flow,hour,2021-02-16T01:00:00+01:00,2021-02-16T02:00:00+01:00,BE-TSO-0001,21X-BE-A-A0A0A-Y,Fluxys Belgium,VTP-00029,Zeebrugge Beach,21Z0000000000090,exit,kWh/h,,,10965436,2021-03-30T00:27:09+02:00,,Confirmed,,,,,False,,,False,PRISMA,,https://platform.prisma-capacity.eu/,,Trading Point,9,False
1Physical Flowhour2021-02-16 01:00:00 +00:002021-02-16 02:00:00 +00:00BE-TSO-0001VTP-00029exitkWh/h,1,Physical Flow,hour,2021-02-16T02:00:00+01:00,2021-02-16T03:00:00+01:00,BE-TSO-0001,21X-BE-A-A0A0A-Y,Fluxys Belgium,VTP-00029,Zeebrugge Beach,21Z0000000000090,exit,kWh/h,,,11017800,2021-03-30T00:27:09+02:00,,Confirmed,,,,,False,,,False,PRISMA,,https://platform.prisma-capacity.eu/,,Trading Point,9,False
1Physical Flowhour2021-02-16 02:00:00 +00:002021-02-16 03:00:00 +00:00BE-TSO-0001VTP-00029exitkWh/h,1,Physical Flow,hour,2021-02-16T03:00:00+01:00,2021-02-16T04:00:00+01:00,BE-TSO-0001,21X-BE-A-A0A0A-Y,Fluxys Belgium,VTP-00029,Zeebrugge Beach,21Z0000000000090,exit,kWh/h,,,11013821,2021-03-30T00:27:09+02:00,,Confirmed,,,,,False,,,False,PRISMA,,https://platform.prisma-capacity.eu/,,Trading Point,9,False
1Physical Flowhour2021-02-16 03:00:00 +00:002021-02-16 04:00:00 +00:00BE-TSO-0001VTP-00029exitkWh/h,1,Physical Flow,hour,2021-02-16T04:00:00+01:00,2021-02-16T05:00:00+01:00,BE-TSO-0001,21X-BE-A-A0A0A-Y,Fluxys Belgium,VTP-00029,Zeebrugge Beach,21Z0000000000090,exit,kWh/h,,,10887136,2021-03-30T00:27:09+02:00,,Confirmed,,,,,False,,,False,PRISMA,,https://platform.prisma-capacity.eu/,,Trading Point,9,False
1Physical Flowhour2021-02-16 04:00:00 +00:002021-02-16 05:00:00 +00:00BE-TSO-0001VTP-00029exitkWh/h,1,Physical Flow,hour,2021-02-16T05:00:00+01:00,2021-02-16T06:00:00+01:00,BE-TSO-0001,21X-BE-A-A0A0A-Y,Fluxys Belgium,VTP-00029,Zeebrugge Beach,21Z0000000000090,exit,kWh/h,,,10958,2021-03-30T00:27:09+02:00,,Confirmed,,,,,False,,,False,PRISMA,,https://platform.prisma-capacity.eu/,,Trading Point,9,False
1Physical Flowhour2021-02-16 05:00:00 +00:002021-02-16 06:00:00 +00:00BE-TSO-0001VTP-00029exitkWh/h,1,Physical Flow,hour,2021-02-16T06:00:00+01:00,2021-02-16T07:00:00+01:00,BE-TSO-0001,21X-BE-A-A0A0A-Y,Fluxys Belgium,VTP-00029,Zeebrugge Beach,21Z0000000000090,exit,kWh/h,,,639,2021-03-30T00:27:09+02:00,,Confirmed,,,,,False,,,False,PRISMA,,https://platform.prisma-capacity.eu/,,Trading Point,9,False
1Physical Flowhour2021-02-16 06:00:00 +00:002021-02-16 07:00:00 +00:00BE-TSO-0001VTP-00029exitkWh/h,1,Physical Flow,hour,2021-02-16T07:00:00+01:00,2021-02-16T08:00:00+01:00,BE-TSO-0001,21X-BE-A-A0A0A-Y,Fluxys Belgium,VTP-00029,Zeebrugge Beach,21Z0000000000090,exit,kWh/h,,,265,2021-03-30T00:27:09+02:00,,Confirmed,,,,,False,,,False,PRISMA,,https://platform.prisma-capacity.eu/,,Trading Point,9,False
1Physical Flowhour2021-02-16 07:00:00 +00:002021-02-16 08:00:00 +00:00BE-TSO-0001VTP-00029exitkWh/h,1,Physical Flow,hour,2021-02-16T08:00:00+01:00,2021-02-16T09:00:00+01:00,BE-TSO-0001,21X-BE-A-A0A0A-Y,Fluxys Belgium,VTP-00029,Zeebrugge Beach,21Z0000000000090,exit,kWh/h,,,341,2021-03-30T00:27:09+02:00,,Confirmed,,,,,False,,,False,PRISMA,,https://platform.prisma-capacity.eu/,,Trading Point,9,False
1Physical Flowhour2021-02-16 08:00:00 +00:002021-02-16 09:00:00 +00:00BE-TSO-0001VTP-00029exitkWh/h,1,Physical Flow,hour,2021-02-16T09:00:00+01:00,2021-02-16T10:00:00+01:00,BE-TSO-0001,21X-BE-A-A0A0A-Y,Fluxys Belgium,VTP-00029,Zeebrugge Beach,21Z0000000000090,exit,kWh/h,,,243,2021-03-30T00:27:09+02:00,,Confirmed,,,,,False,,,False,PRISMA,,https://platform.prisma-capacity.eu/,,Trading Point,9,False
1Physical Flowhour2021-02-16 09:00:00 +00:002021-02-16 10:00:00 +00:00BE-TSO-0001VTP-00029exitkWh/h,1,Physical Flow,hour,2021-02-16T10:00:00+01:00,2021-02-16T11:00:00+01:00,BE-TSO-0001,21X-BE-A-A0A0A-Y,Fluxys Belgium,VTP-00029,Zeebrugge Beach,21Z0000000000090,exit,kWh/h,,,260,2021-03-30T00:27:09+02:00,,Confirmed,,,,,False,,,False,PRISMA,,https://platform.prisma-capacity.eu/,,Trading Point,9,False
1Physical Flowhour2021-02-16 10:00:00 +00:002021-02-16 11:00:00 +00:00BE-TSO-0001VTP-00029exitkWh/h,1,Physical Flow,hour,2021-02-16T11:00:00+01:00,2021-02-16T12:00:00+01:00,BE-TSO-0001,21X-BE-A-A0A0A-Y,Fluxys Belgium,VTP-00029,Zeebrugge Beach,21Z0000000000090,exit,kWh/h,,,99,2021-03-30T00:27:09+02:00,,Confirmed,,,,,False,,,False,PRISMA,,https://platform.prisma-capacity.eu/,,Trading Point,9,False
1Physical Flowhour2021-02-16 11:00:00 +00:002021-02-16 12:00:00 +00:00BE-TSO-0001VTP-00029exitkWh/h,1,Physical Flow,hour,2021-02-16T12:00:00+01:00,2021-02-16T13:00:00+01:00,BE-TSO-0001,21X-BE-A-A0A0A-Y,Fluxys Belgium,VTP-00029,Zeebrugge Beach,21Z0000000000090,exit,kWh/h,,,504,2021-03-30T00:27:09+02:00,,Provisional,,,,,False,,,False,PRISMA,,https://platform.prisma-capacity.eu/,,Trading Point,9,False
1Physical Flowhour2021-02-16 12:00:00 +00:002021-02-16 13:00:00 +00:00BE-TSO-0001VTP-00029exitkWh/h,1,Physical Flow,hour,2021-02-16T13:00:00+01:00,2021-02-16T14:00:00+01:00,BE-TSO-0001,21X-BE-A-A0A0A-Y,Fluxys Belgium,VTP-00029,Zeebrugge Beach,21Z0000000000090,exit,kWh/h,,,213,2021-03-30T00:27:09+02:00,,Confirmed,,,,,False,,,False,PRISMA,,https://platform.prisma-capacity.eu/,,Trading Point,9,False
1Physical Flowhour2021-02-16 13:00:00 +00:002021-02-16 14:00:00 +00:00BE-TSO-0001VTP-00029exitkWh/h,1,Physical Flow,hour,2021-02-16T14:00:00+01:00,2021-02-16T15:00:00+01:00,BE-TSO-0001,21X-BE-A-A0A0A-Y,Fluxys Belgium,VTP-00029,Zeebrugge Beach,21Z0000000000090,exit,kWh/h,,,1225,2021-03-30T00:27:09+02:00,,Confirmed,,,,,False,,,False,PRISMA,,https://platform.prisma-capacity.eu/,,Trading Point,9,False
1Physical Flowhour2021-02-16 14:00:00 +00:002021-02-16 15:00:00 +00:00BE-TSO-0001VTP-00029exitkWh/h,1,Physical Flow,hour,2021-02-16T15:00:00+01:00,2021-02-16T16:00:00+01:00,BE-TSO-0001,21X-BE-A-A0A0A-Y,Fluxys Belgium,VTP-00029,Zeebrugge Beach,21Z0000000000090,exit,kWh/h,,,306,2021-03-30T00:27:09+02:00,,Confirmed,,,,,False,,,False,PRISMA,,https://platform.prisma-capacity.eu/,,Trading Point,9,False
1Physical Flowhour2021-02-16 15:00:00 +00:002021-02-16 16:00:00 +00:00BE-TSO-0001VTP-00029exitkWh/h,1,Physical Flow,hour,2021-02-16T16:00:00+01:00,2021-02-16T17:00:00+01:00,BE-TSO-0001,21X-BE-A-A0A0A-Y,Fluxys Belgium,VTP-00029,Zeebrugge Beach,21Z0000000000090,exit,kWh/h,,,598,2021-03-30T00:27:09+02:00,,Confirmed,,,,,False,,,False,PRISMA,,https://platform.prisma-capacity.eu/,,Trading Point,9,False
1Physical Flowhour2021-02-16 16:00:00 +00:002021-02-16 17:00:00 +00:00BE-TSO-0001VTP-00029exitkWh/h,1,Physical Flow,hour,2021-02-16T17:00:00+01:00,2021-02-16T18:00:00+01:00,BE-TSO-0001,21X-BE-A-A0A0A-Y,Fluxys Belgium,VTP-00029,Zeebrugge Beach,21Z0000000000090,exit,kWh/h,,,1111,2021-03-30T00:27:09+02:00,,Confirmed,,,,,False,,,False,PRISMA,,https://platform.prisma-capacity.eu/,,Trading Point,9,False
1Physical Flowhour2021-02-16 17:00:00 +00:002021-02-16 18:00:00 +00:00BE-TSO-0001VTP-00029exitkWh/h,1,Physical Flow,hour,2021-02-16T18:00:00+01:00,2021-02-16T19:00:00+01:00,BE-TSO-0001,21X-BE-A-A0A0A-Y,Fluxys Belgium,VTP-00029,Zeebrugge Beach,21Z0000000000090,exit,kWh/h,,,550,2021-03-30T00:27:09+02:00,,Confirmed,,,,,False,,,False,PRISMA,,https://platform.prisma-capacity.eu/,,Trading Point,9,False
1Physical Flowhour2021-02-16 18:00:00 +00:002021-02-16 19:00:00 +00:00BE-TSO-0001VTP-00029exitkWh/h,1,Physical Flow,hour,2021-02-16T19:00:00+01:00,2021-02-16T20:00:00+01:00,BE-TSO-0001,21X-BE-A-A0A0A-Y,Fluxys Belgium,VTP-00029,Zeebrugge Beach,21Z0000000000090,exit,kWh/h,,,818,2021-03-30T00:27:09+02:00,,Confirmed,,,,,False,,,False,PRISMA,,https://platform.prisma-capacity.eu/,,Trading Point,9,False
1Physical Flowhour2021-02-16 19:00:00 +00:002021-02-16 20:00:00 +00:00BE-TSO-0001VTP-00029exitkWh/h,1,Physical Flow,hour,2021-02-16T20:00:00+01:00,2021-02-16T21:00:00+01:00,BE-TSO-0001,21X-BE-A-A0A0A-Y,Fluxys Belgium,VTP-00029,Zeebrugge Beach,21Z0000000000090,exit,kWh/h,,,759,2021-03-30T00:27:09+02:00,,Confirmed,,,,,False,,,False,PRISMA,,https://platform.prisma-capacity.eu/,,Trading Point,9,False
1Physical Flowhour2021-02-16 20:00:00 +00:002021-02-16 21:00:00 +00:00BE-TSO-0001VTP-00029exitkWh/h,1,Physical Flow,hour,2021-02-16T21:00:00+01:00,2021-02-16T22:00:00+01:00,BE-TSO-0001,21X-BE-A-A0A0A-Y,Fluxys Belgium,VTP-00029,Zeebrugge Beach,21Z0000000000090,exit,kWh/h,,,884,2021-03-30T00:27:09+02:00,,Confirmed,,,,,False,,,False,PRISMA,,https://platform.prisma-capacity.eu/,,Trading Point,9,False
1Physical Flowhour2021-02-16 21:00:00 +00:002021-02-16 22:00:00 +00:00BE-TSO-0001VTP-00029exitkWh/h,1,Physical Flow,hour,2021-02-16T22:00:00+01:00,2021-02-16T23:00:00+01:00,BE-TSO-0001,21X-BE-A-A0A0A-Y,Fluxys Belgium,VTP-00029,Zeebrugge Beach,21Z0000000000090,exit,kWh/h,,,1075,2021-03-30T00:27:09+02:00,,Confirmed,,,,,False,,,False,PRISMA,,https://platform.prisma-capacity.eu/,,Trading Point,9,False
1Physical Flowhour2021-02-16 22:00:00 +00:002021-02-16 23:00:00 +00:00BE-TSO-0001VTP-00029exitkWh/h,1,Physical Flow,hour,2021-02-16T23:00:00+01:00,2021-02-17T00:00:00+01:00,BE-TSO-0001,21X-BE-A-A0A0A-Y,Fluxys Belgium,VTP-00029,Zeebrugge Beach,21Z0000000000090,exit,kWh/h,,,428,2021-03-30T00:27:09+02:00,,Confirmed,,,,,False,,,False,PRISMA,,https://platform.prisma-capacity.eu/,,Trading Point,9,False
1Physical Flowhour2021-02-16 23:00:00 +00:002021-02-17 00:00:00 +00:00BE-TSO-0001VTP-00029exitkWh/h,1,Physical Flow,hour,2021-02-17T00:00:00+01:00,2021-02-17T01:00:00+01:00,BE-TSO-0001,21X-BE-A-A0A0A-Y,Fluxys Belgium,VTP-00029,Zeebrugge Beach,21Z0000000000090,exit,kWh/h,,,678,2021-03-30T00:27:09+02:00,,Confirmed,,,,,False,,,False,PRISMA,,https://platform.prisma-capacity.eu/,,Trading Point,9,False
1Physical Flowhour2021-02-17 00:00:00 +00:002021-02-17 01:00:00 +00:00BE-TSO-0001VTP-00029exitkWh/h,1,Physical Flow,hour,2021-02-17T01:00:00+01:00,2021-02-17T02:00:00+01:00,BE-TSO-0001,21X-BE-A-A0A0A-Y,Fluxys Belgium,VTP-00029,Zeebrugge Beach,21Z0000000000090,exit,kWh/h,,,956,2021-03-30T00:27:09+02:00,,Confirmed,,,,,False,,,False,PRISMA,,https://platform.prisma-capacity.eu/,,Trading Point,9,False
1Physical Flowhour2021-02-17 01:00:00 +00:002021-02-17 02:00:00 +00:00BE-TSO-0001VTP-00029exitkWh/h,1,Physical Flow,hour,2021-02-17T02:00:00+01:00,2021-02-17T03:00:00+01:00,BE-TSO-0001,21X-BE-A-A0A0A-Y,Fluxys Belgium,VTP-00029,Zeebrugge Beach,21Z0000000000090,exit,kWh/h,,,932,2021-03-30T00:27:09+02:00,,Confirmed,,,,,False,,,False,PRISMA,,https://platform.prisma-capacity.eu/,,Trading Point,9,False
1Physical Flowhour2021-02-17 02:00:00 +00:002021-02-17 03:00:00 +00:00BE-TSO-0001VTP-00029exitkWh/h,1,Physical Flow,hour,2021-02-17T03:00:00+01:00,2021-02-17T04:00:00+01:00,BE-TSO-0001,21X-BE-A-A0A0A-Y,Fluxys Belgium,VTP-00029,Zeebrugge Beach,21Z0000000000090,exit,kWh/h,,,1371,2021-03-30T00:27:09+02:00,,Confirmed,,,,,False,,,False,PRISMA,,https://platform.prisma-capacity.eu/,,Trading Point,9,False
1Physical Flowhour2021-02-17 03:00:00 +00:002021-02-17 04:00:00 +00:00BE-TSO-0001VTP-00029exitkWh/h,1,Physical Flow,hour,2021-02-17T04:00:00+01:00,2021-02-17T05:00:00+01:00,BE-TSO-0001,21X-BE-A-A0A0A-Y,Fluxys Belgium,VTP-00029,Zeebrugge Beach,21Z0000000000090,exit,kWh/h,,,1464,2021-03-30T00:27:09+02:00,,Confirmed,,,,,False,,,False,PRISMA,,https://platform.prisma-capacity.eu/,,Trading Point,9,False
1Physical Flowhour2021-02-17 04:00:00 +00:002021-02-17 05:00:00 +00:00BE-TSO-0001VTP-00029exitkWh/h,1,Physical Flow,hour,2021-02-17T05:00:00+01:00,2021-02-17T06:00:00+01:00,BE-TSO-0001,21X-BE-A-A0A0A-Y,Fluxys Belgium,VTP-00029,Zeebrugge Beach,21Z0000000000090,exit,kWh/h,,,502,2021-03-30T00:27:09+02:00,,Confirmed,,,,,False,,,False,PRISMA,,https://platform.prisma-capacity.eu/,,Trading Point,9,False
1Physical Flowhour2021-02-17 05:00:00 +00:002021-02-17 06:00:00 +00:00BE-TSO-0001VTP-00029exitkWh/h,1,Physical Flow,hour,2021-02-17T06:00:00+01:00,2021-02-17T07:00:00+01:00,BE-TSO-0001,21X-BE-A-A0A0A-Y,Fluxys Belgium,VTP-00029,Zeebrugge Beach,21Z0000000000090,exit,kWh/h,,,1204,2021-03-30T00:27:09+02:00,,Confirmed,,,,,False,,,False,PRISMA,,https://platform.prisma-capacity.eu/,,Trading Point,9,False
1Physical Flowhour2021-02-17 06:00:00 +00:002021-02-17 07:00:00 +00:00BE-TSO-0001VTP-00029exitkWh/h,1,Physical Flow,hour,2021-02-17T07:00:00+01:00,2021-02-17T08:00:00+01:00,BE-TSO-0001,21X-BE-A-A0A0A-Y,Fluxys Belgium,VTP-00029,Zeebrugge Beach,21Z0000000000090,exit,kWh/h,,,1488,2021-03-30T00:27:09+02:00,,Confirmed,,,,,False,,,False,PRISMA,,https://platform.prisma-capacity.eu/,,Trading Point,9,False
1Physical Flowhour2021-02-17 07:00:00 +00:002021-02-17 08:00:00 +00:00BE-TSO-0001VTP-00029exitkWh/h,1,Physical Flow,hour,2021-02-17T08:00:00+01:00,2021-02-17T09:00:00+01:00,BE-TSO-0001,21X-BE-A-A0A0A-Y,Fluxys Belgium,VTP-00029,Zeebrugge Beach,21Z0000000000090,exit,kWh/h,,,742,2021-03-30T00:27:09+02:00,,Confirmed,,,,,False,,,False,PRISMA,,https://platform.prisma-capacity.eu/,,Trading Point,9,False
1Physical Flowhour2021-02-17 08:00:00 +00:002021-02-17 09:00:00 +00:00BE-TSO-0001VTP-00029exitkWh/h,1,Physical Flow,hour,2021-02-17T09:00:00+01:00,2021-02-17T10:00:00+01:00,BE-TSO-0001,21X-BE-A-A0A0A-Y,Fluxys Belgium,VTP-00029,Zeebrugge Beach,21Z0000000000090,exit,kWh/h,,,1067,2021-03-30T00:27:09+02:00,,Confirmed,,,,,False,,,False,PRISMA,,https://platform.prisma-capacity.eu/,,Trading Point,9,False
1Physical Flowhour2021-02-17 09:00:00 +00:002021-02-17 10:00:00 +00:00BE-TSO-0001VTP-00029exitkWh/h,1,Physical Flow,hour,2021-02-17T10:00:00+01:00,2021-02-17T11:00:00+01:00,BE-TSO-0001,21X-BE-A-A0A0A-Y,Fluxys Belgium,VTP-00029,Zeebrugge Beach,21Z0000000000090,exit,kWh/h,,,736,2021-03-30T00:27:09+02:00,,Provisional,,,,,False,,,False,PRISMA,,https://platform.prisma-capacity.eu/,,Trading Point,9,False
1Physical Flowhour2021-02-17 10:00:00 +00:002021-02-17 11:00:00 +00:00BE-TSO-0001VTP-00029exitkWh/h,1,Physical Flow,hour,2021-02-17T11:00:00+01:00,2021-02-17T12:00:00+01:00,BE-TSO-0001,21X-BE-A-A0A0A-Y,Fluxys Belgium,VTP-00029,Zeebrugge Beach,21Z0000000000090,exit,kWh/h,,,1058,2021-03-30T00:27:09+02:00,,Confirmed,,,,,False,,,False,PRISMA,,https://platform.prisma-capacity.eu/,,Trading Point,9,False
1Physical Flowhour2021-02-17 11:00:00 +00:002021-02-17 12:00:00 +00:00BE-TSO-0001VTP-00029exitkWh/h,1,Physical Flow,hour,2021-02-17T12:00:00+01:00,2021-02-17T13:00:00+01:00,BE-TSO-0001,21X-BE-A-A0A0A-Y,Fluxys Belgium,VTP-00029,Zeebrugge Beach,21Z0000000000090,exit,kWh/h,,,1936,2021-03-30T00:27:09+02:00,,Provisional,,,,,False,,,False,PRISMA,,https://platform.prisma-capacity.eu/,,Trading Point,9,False
1Physical Flowhour2021-02-17 12:00:00 +00:002021-02-17 13:00:00 +00:00BE-TSO-0001VTP-00029exitkWh/h,1,Physical Flow,hour,2021-02-17T13:00:00+01:00,2021-02-17T14:00:00+01:00,BE-TSO-0001,21X-BE-A-A0A0A-Y,Fluxys Belgium,VTP-00029,Zeebrugge Beach,21Z0000000000090,exit,kWh/h,,,1167,2021-03-30T00:27:09+02:00,,Provisional,,,,,False,,,False,PRISMA,,https://platform.prisma-capacity.eu/,,Trading Point,9,False
1Physical Flowhour2021-02-17 13:00:00 +00:002021-02-17 14:00:00 +00:00BE-TSO-0001VTP-00029exitkWh/h,1,Physical Flow,hour,2021-02-17T14:00:00+01:00,2021-02-17T15:00:00+01:00,BE-TSO-0001,21X-BE-A-A0A0A-Y,Fluxys Belgium,VTP-00029,Zeebrugge Beach,21Z0000000000090,exit,kWh/h,,,494,2021-03-30T00:27:09+02:00,,Confirmed,,,,,False,,,False,PRISMA,,https://platform.prisma-capacity.eu/,,Trading Point,9,False
1Physical Flowhour2021-02-17 14:00:00 +00:002021-02-17 15:00:00 +00:00BE-TSO-0001VTP-00029exitkWh/h,1,Physical Flow,hour,2021-02-17T15:00:00+01:00,2021-02-17T16:00:00+01:00,BE-TSO-0001,21X-BE-A-A0A0A-Y,Fluxys Belgium,VTP-00029,Zeebrugge Beach,21Z0000000000090,exit,kWh/h,,,29,2021-03-30T00:27:09+02:00,,Confirmed,,,,,False,,,False,PRISMA,,https://platform.prisma-capacity.eu/,,Trading Point,9,False
1Physical Flowhour2021-02-17 15:00:00 +00:002021-02-17 16:00:00 +00:00BE-TSO-0001VTP-00029exitkWh/h,1,Physical Flow,hour,2021-02-17T16:00:00+01:00,2021-02-17T17:00:00+01:00,BE-TSO-0001,21X-BE-A-A0A0A-Y,Fluxys Belgium,VTP-00029,Zeebrugge Beach,21Z0000000000090,exit,kWh/h,,,3995,2021-03-30T00:27:09+02:00,,Provisional,,,,,False,,,False,PRISMA,,https://platform.prisma-capacity.eu/,,Trading Point,9,False
1Physical Flowhour2021-02-17 16:00:00 +00:002021-02-17 17:00:00 +00:00BE-TSO-0001VTP-00029exitkWh/h,1,Physical Flow,hour,2021-02-17T17:00:00+01:00,2021-02-17T18:00:00+01:00,BE-TSO-0001,21X-BE-A-A0A0A-Y,Fluxys Belgium,VTP-00029,Zeebrugge Beach,21Z0000000000090,exit,kWh/h,,,500,2021-03-30T00:27:09+02:00,,Provisional,,,,,False,,,False,PRISMA,,https://platform.prisma-capacity.eu/,,Trading Point,9,False
1Physical Flowhour2021-02-17 17:00:00 +00:002021-02-17 18:00:00 +00:00BE-TSO-0001VTP-00029exitkWh/h,1,Physical Flow,hour,2021-02-17T18:00:00+01:00,2021-02-17T19:00:00+01:00,BE-TSO-0001,21X-BE-A-A0A0A-Y,Fluxys Belgium,VTP-00029,Zeebrugge Beach,21Z0000000000090,exit,kWh/h,,,871,2021-03-30T00:27:09+02:00,,Confirmed,,,,,False,,,False,PRISMA,,https://platform.prisma-capacity.eu/,,Trading Point,9,False
1Physical Flowhour2021-02-17 18:00:00 +00:002021-02-17 19:00:00 +00:00BE-TSO-0001VTP-00029exitkWh/h,1,Physical Flow,hour,2021-02-17T19:00:00+01:00,2021-02-17T20:00:00+01:00,BE-TSO-0001,21X-BE-A-A0A0A-Y,Fluxys Belgium,VTP-00029,Zeebrugge Beach,21Z0000000000090,exit,kWh/h,,,5388,2021-03-30T00:27:09+02:00,,Confirmed,,,,,False,,,False,PRISMA,,https://platform.prisma-capacity.eu/,,Trading Point,9,False
1Physical Flowhour2021-02-17 19:00:00 +00:002021-02-17 20:00:00 +00:00BE-TSO-0001VTP-00029exitkWh/h,1,Physical Flow,hour,2021-02-17T20:00:00+01:00,2021-02-17T21:00:00+01:00,BE-TSO-0001,21X-BE-A-A0A0A-Y,Fluxys Belgium,VTP-00029,Zeebrugge Beach,21Z0000000000090,exit,kWh/h,,,2497,2021-03-30T00:27:09+02:00,,Confirmed,,,,,False,,,False,PRISMA,,https://platform.prisma-capacity.eu/,,Trading Point,9,False
1Physical Flowhour2021-02-17 20:00:00 +00:002021-02-17 21:00:00 +00:00BE-TSO-0001VTP-00029exitkWh/h,1,Physical Flow,hour,2021-02-17T21:00:00+01:00,2021-02-17T22:00:00+01:00,BE-TSO-0001,21X-BE-A-A0A0A-Y,Fluxys Belgium,VTP-00029,Zeebrugge Beach,21Z0000000000090,exit,kWh/h,,,12934,2021-03-30T00:27:09+02:00,,Confirmed,,,,,False,,,False,PRISMA,,https://platform.prisma-capacity.eu/,,Trading Point,9,False
1Physical Flowhour2021-02-17 21:00:00 +00:002021-02-17 22:00:00 +00:00BE-TSO-0001VTP-00029exitkWh/h,1,Physical Flow,hour,2021-02-17T22:00:00+01:00,2021-02-17T23:00:00+01:00,BE-TSO-0001,21X-BE-A-A0A0A-Y,Fluxys Belgium,VTP-00029,Zeebrugge Beach,21Z0000000000090,exit,kWh/h,,,10728,2021-03-30T00:27:09+02:00,,Confirmed,,,,,False,,,False,PRISMA,,https://platform.prisma-capacity.eu/,,Trading Point,9,False
1Physical Flowhour2021-02-17 22:00:00 +00:002021-02-17 23:00:00 +00:00BE-TSO-0001VTP-00029exitkWh/h,1,Physical Flow,hour,2021-02-17T23:00:00+01:00,2021-02-18T00:00:00+01:00,BE-TSO-0001,21X-BE-A-A0A0A-Y,Fluxys Belgium,VTP-00029,Zeebrugge Beach,21Z0000000000090,exit,kWh/h,,,8127,2021-03-30T00:27:09+02:00,,Confirmed,,,,,False,,,False,PRISMA,,https://platform.prisma-capacity.eu/,,Trading Point,9,False
1Physical Flowhour2021-02-17 23:00:00 +00:002021-02-18 00:00:00 +00:00BE-TSO-0001VTP-00029exitkWh/h,1,Physical Flow,hour,2021-02-18T00:00:00+01:00,2021-02-18T01:00:00+01:00,BE-TSO-0001,21X-BE-A-A0A0A-Y,Fluxys Belgium,VTP-00029,Zeebrugge Beach,21Z0000000000090,exit,kWh/h,,,7136,2021-03-30T00:27:09+02:00,,Confirmed,,,,,False,,,False,PRISMA,,https://platform.prisma-capacity.eu/,,Trading Point,9,False
1Physical Flowhour2021-02-18 00:00:00 +00:002021-02-18 01:00:00 +00:00BE-TSO-0001VTP-00029exitkWh/h,1,Physical Flow,hour,2021-02-18T01:00:00+01:00,2021-02-18T02:00:00+01:00,BE-TSO-0001,21X-BE-A-A0A0A-Y,Fluxys Belgium,VTP-00029,Zeebrugge Beach,21Z0000000000090,exit,kWh/h,,,11083,2021-03-30T00:27:09+02:00,,Confirmed,,,,,False,,,False,PRISMA,,https://platform.prisma-capacity.eu/,,Trading Point,9,False
1Physical Flowhour2021-02-18 01:00:00 +00:002021-02-18 02:00:00 +00:00BE-TSO-0001VTP-00029exitkWh/h,1,Physical Flow,hour,2021-02-18T02:00:00+01:00,2021-02-18T03:00:00+01:00,BE-TSO-0001,21X-BE-A-A0A0A-Y,Fluxys Belgium,VTP-00029,Zeebrugge Beach,21Z0000000000090,exit,kWh/h,,,3120,2021-03-30T00:27:09+02:00,,Confirmed,,,,,False,,,False,PRISMA,,https://platform.prisma-capacity.eu/,,Trading Point,9,False
1Physical Flowhour2021-02-18 02:00:00 +00:002021-02-18 03:00:00 +00:00BE-TSO-0001VTP-00029exitkWh/h,1,Physical Flow,hour,2021-02-18T03:00:00+01:00,2021-02-18T04:00:00+01:00,BE-TSO-0001,21X-BE-A-A0A0A-Y,Fluxys Belgium,VTP-00029,Zeebrugge Beach,21Z0000000000090,exit,kWh/h,,,2147,2021-03-30T00:27:09+02:00,,Confirmed,,,,,False,,,False,PRISMA,,https://platform.prisma-capacity.eu/,,Trading Point,9,False
1Physical Flowhour2021-02-18 03:00:00 +00:002021-02-18 04:00:00 +00:00BE-TSO-0001VTP-00029exitkWh/h,1,Physical Flow,hour,2021-02-18T04:00:00+01:00,2021-02-18T05:00:00+01:00,BE-TSO-0001,21X-BE-A-A0A0A-Y,Fluxys Belgium,VTP-00029,Zeebrugge Beach,21Z0000000000090,exit,kWh/h,,,10747,2021-03-30T00:27:09+02:00,,Confirmed,,,,,False,,,False,PRISMA,,https://platform.prisma-capacity.eu/,,Trading Point,9,False
1Physical Flowhour2021-02-18 04:00:00 +00:002021-02-18 05:00:00 +00:00BE-TSO-0001VTP-00029exitkWh/h,1,Physical Flow,hour,2021-02-18T05:00:00+01:00,2021-02-18T06:00:00+01:00,BE-TSO-0001,21X-BE-A-A0A0A-Y,Fluxys Belgium,VTP-00029,Zeebrugge Beach,21Z0000000000090,exit,kWh/h,,,740,2021-03-30T00:27:09+02:00,,Confirmed,,,,,False,,,False,PRISMA,,https://platform.prisma-capacity.eu/,,Trading Point,9,False
1Physical Flowhour2021-02-18 05:00:00 +00:002021-02-18 06:00:00 +00:00BE-TSO-0001VTP-00029exitkWh/h,1,Physical Flow,hour,2021-02-18T06:00:00+01:00,2021-02-18T07:00:00+01:00,BE-TSO-0001,21X-BE-A-A0A0A-Y,Fluxys Belgium,VTP-00029,Zeebrugge Beach,21Z0000000000090,exit,kWh/h,,,4928,2021-03-30T00:27:09+02:00,,Confirmed,,,,,False,,,False,PRISMA,,https://platform.prisma-capacity.eu/,,Trading Point,9,False
1Physical Flowhour2021-02-18 06:00:00 +00:002021-02-18 07:00:00 +00:00BE-TSO-0001VTP-00029exitkWh/h,1,Physical Flow,hour,2021-02-18T07:00:00+01:00,2021-02-18T08:00:00+01:00,BE-TSO-0001,21X-BE-A-A0A0A-Y,Fluxys Belgium,VTP-00029,Zeebrugge Beach,21Z0000000000090,exit,kWh/h,,,732,2021-03-30T00:27:09+02:00,,Confirmed,,,,,False,,,False,PRISMA,,https://platform.prisma-capacity.eu/,,Trading Point,9,False
1Physical Flowhour2021-02-18 07:00:00 +00:002021-02-18 08:00:00 +00:00BE-TSO-0001VTP-00029exitkWh/h,1,Physical Flow,hour,2021-02-18T08:00:00+01:00,2021-02-18T09:00:00+01:00,BE-TSO-0001,21X-BE-A-A0A0A-Y,Fluxys Belgium,VTP-00029,Zeebrugge Beach,21Z0000000000090,exit,kWh/h,,,532,2021-03-30T00:27:09+02:00,,Confirmed,,,,,False,,,False,PRISMA,,https://platform.prisma-capacity.eu/,,Trading Point,9,False
1Physical Flowhour2021-02-18 08:00:00 +00:002021-02-18 09:00:00 +00:00BE-TSO-0001VTP-00029exitkWh/h,1,Physical Flow,hour,2021-02-18T09:00:00+01:00,2021-02-18T10:00:00+01:00,BE-TSO-0001,21X-BE-A-A0A0A-Y,Fluxys Belgium,VTP-00029,Zeebrugge Beach,21Z0000000000090,exit,kWh/h,,,460,2021-03-30T00:27:09+02:00,,Confirmed,,,,,False,,,False,PRISMA,,https://platform.prisma-capacity.eu/,,Trading Point,9,False
1Physical Flowhour2021-02-18 09:00:00 +00:002021-02-18 10:00:00 +00:00BE-TSO-0001VTP-00029exitkWh/h,1,Physical Flow,hour,2021-02-18T10:00:00+01:00,2021-02-18T11:00:00+01:00,BE-TSO-0001,21X-BE-A-A0A0A-Y,Fluxys Belgium,VTP-00029,Zeebrugge Beach,21Z0000000000090,exit,kWh/h,,,837,2021-03-30T00:27:09+02:00,,Confirmed,,,,,False,,,False,PRISMA,,https://platform.prisma-capacity.eu/,,Trading Point,9,False
1Physical Flowhour2021-02-18 10:00:00 +00:002021-02-18 11:00:00 +00:00BE-TSO-0001VTP-00029exitkWh/h,1,Physical Flow,hour,2021-02-18T11:00:00+01:00,2021-02-18T12:00:00+01:00,BE-TSO-0001,21X-BE-A-A0A0A-Y,Fluxys Belgium,VTP-00029,Zeebrugge Beach,21Z0000000000090,exit,kWh/h,,,401,2021-03-30T00:27:09+02:00,,Confirmed,,,,,False,,,False,PRISMA,,https://platform.prisma-capacity.eu/,,Trading Point,9,False
1Physical Flowhour2021-02-18 11:00:00 +00:002021-02-18 12:00:00 +00:00BE-TSO-0001VTP-00029exitkWh/h,1,Physical Flow,hour,2021-02-18T12:00:00+01:00,2021-02-18T13:00:00+01:00,BE-TSO-0001,21X-BE-A-A0A0A-Y,Fluxys Belgium,VTP-00029,Zeebrugge Beach,21Z0000000000090,exit,kWh/h,,,565,2021-03-30T00:27:09+02:00,,Confirmed,,,,,False,,,False,PRISMA,,https://platform.prisma-capacity.eu/,,Trading Point,9,False
1Physical Flowhour2021-02-18 12:00:00 +00:002021-02-18 13:00:00 +00:00BE-TSO-0001VTP-00029exitkWh/h,1,Physical Flow,hour,2021-02-18T13:00:00+01:00,2021-02-18T14:00:00+01:00,BE-TSO-0001,21X-BE-A-A0A0A-Y,Fluxys Belgium,VTP-00029,Zeebrugge Beach,21Z0000000000090,exit,kWh/h,,,851,2021-03-30T00:27:09+02:00,,Confirmed,,,,,False,,,False,PRISMA,,https://platform.prisma-capacity.eu/,,Trading Point,9,False
1Physical Flowhour2021-02-18 13:00:00 +00:002021-02-18 14:00:00 +00:00BE-TSO-0001VTP-00029exitkWh/h,1,Physical Flow,hour,2021-02-18T14:00:00+01:00,2021-02-18T15:00:00+01:00,BE-TSO-0001,21X-BE-A-A0A0A-Y,Fluxys Belgium,VTP-00029,Zeebrugge Beach,21Z0000000000090,exit,kWh/h,,,114,2021-03-30T00:27:09+02:00,,Confirmed,,,,,False,,,False,PRISMA,,https://platform.prisma-capacity.eu/,,Trading Point,9,False
1Physical Flowhour2021-02-18 14:00:00 +00:002021-02-18 15:00:00 +00:00BE-TSO-0001VTP-00029exitkWh/h,1,Physical Flow,hour,2021-02-18T15:00:00+01:00,2021-02-18T16:00:00+01:00,BE-TSO-0001,21X-BE-A-A0A0A-Y,Fluxys Belgium,VTP-00029,Zeebrugge Beach,21Z0000000000090,exit,kWh/h,,,177,2021-03-30T00:27:09+02:00,,Confirmed,,,,,False,,,False,PRISMA,,https://platform.prisma-capacity.eu/,,Trading Point,9,False
1Physical Flowhour2021-02-18 15:00:00 +00:002021-02-18 16:00:00 +00:00BE-TSO-0001VTP-00029exitkWh/h,1,Physical Flow,hour,2021-02-18T16:00:00+01:00,2021-02-18T17:00:00+01:00,BE-TSO-0001,21X-BE-A-A0A0A-Y,Fluxys Belgium,VTP-00029,Zeebrugge Beach,21Z0000000000090,exit,kWh/h,,,586,2021-03-30T00:27:09+02:00,,Confirmed,,,,,False,,,False,PRISMA,,https://platform.prisma-capacity.eu/,,Trading Point,9,False
1Physical Flowhour2021-02-18 16:00:00 +00:002021-02-18 17:00:00 +00:00BE-TSO-0001VTP-00029exitkWh/h,1,Physical Flow,hour,2021-02-18T17:00:00+01:00,2021-02-18T18:00:00+01:00,BE-TSO-0001,21X-BE-A-A0A0A-Y,Fluxys Belgium,VTP-00029,Zeebrugge Beach,21Z0000000000090,exit,kWh/h,,,3599,2021-03-30T00:27:09+02:00,,Confirmed,,,,,False,,,False,PRISMA,,https://platform.prisma-capacity.eu/,,Trading Point,9,False
1Physical Flowhour2021-02-18 17:00:00 +00:002021-02-18 18:00:00 +00:00BE-TSO-0001VTP-00029exitkWh/h,1,Physical Flow,hour,2021-02-18T18:00:00+01:00,2021-02-18T19:00:00+01:00,BE-TSO-0001,21X-BE-A-A0A0A-Y,Fluxys Belgium,VTP-00029,Zeebrugge Beach,21Z0000000000090,exit,kWh/h,,,551,2021-03-30T00:27:09+02:00,,Confirmed,,,,,False,,,False,PRISMA,,https://platform.prisma-capacity.eu/,,Trading Point,9,False
1Physical Flowhour2021-02-18 18:00:00 +00:002021-02-18 19:00:00 +00:00BE-TSO-0001VTP-00029exitkWh/h,1,Physical Flow,hour,2021-02-18T19:00:00+01:00,2021-02-18T20:00:00+01:00,BE-TSO-0001,21X-BE-A-A0A0A-Y,Fluxys Belgium,VTP-00029,Zeebrugge Beach,21Z0000000000090,exit,kWh/h,,,747,2021-03-30T00:27:09+02:00,,Confirmed,,,,,False,,,False,PRISMA,,https://platform.prisma-capacity.eu/,,Trading Point,9,False
1Physical Flowhour2021-02-18 19:00:00 +00:002021-02-18 20:00:00 +00:00BE-TSO-0001VTP-00029exitkWh/h,1,Physical Flow,hour,2021-02-18T20:00:00+01:00,2021-02-18T21:00:00+01:00,BE-TSO-0001,21X-BE-A-A0A0A-Y,Fluxys Belgium,VTP-00029,Zeebrugge Beach,21Z0000000000090,exit,kWh/h,,,579,2021-03-30T00:27:09+02:00,,Confirmed,,,,,False,,,False,PRISMA,,https://platform.prisma-capacity.eu/,,Trading Point,9,False
1Physical Flowhour2021-02-18 20:00:00 +00:002021-02-18 21:00:00 +00:00BE-TSO-0001VTP-00029exitkWh/h,1,Physical Flow,hour,2021-02-18T21:00:00+01:00,2021-02-18T22:00:00+01:00,BE-TSO-0001,21X-BE-A-A0A0A-Y,Fluxys Belgium,VTP-00029,Zeebrugge Beach,21Z0000000000090,exit,kWh/h,,,2534,2021-03-30T00:27:09+02:00,,Provisional,,,,,False,,,False,PRISMA,,https://platform.prisma-capacity.eu/,,Trading Point,9,False
1Physical Flowhour2021-02-18 21:00:00 +00:002021-02-18 22:00:00 +00:00BE-TSO-0001VTP-00029exitkWh/h,1,Physical Flow,hour,2021-02-18T22:00:00+01:00,2021-02-18T23:00:00+01:00,BE-TSO-0001,21X-BE-A-A0A0A-Y,Fluxys Belgium,VTP-00029,Zeebrugge Beach,21Z0000000000090,exit,kWh/h,,,10604,2021-03-30T00:27:09+02:00,,Confirmed,,,,,False,,,False,PRISMA,,https://platform.prisma-capacity.eu/,,Trading Point,9,False
1Physical Flowhour2021-02-18 22:00:00 +00:002021-02-18 23:00:00 +00:00BE-TSO-0001VTP-00029exitkWh/h,1,Physical Flow,hour,2021-02-18T23:00:00+01:00,2021-02-19T00:00:00+01:00,BE-TSO-0001,21X-BE-A-A0A0A-Y,Fluxys Belgium,VTP-00029,Zeebrugge Beach,21Z0000000000090,exit,kWh/h,,,9162,2021-03-30T00:27:09+02:00,,Confirmed,,,,,False,,,False,PRISMA,,https://platform.prisma-capacity.eu/,,Trading Point,9,False
1Physical Flowhour2021-02-18 23:00:00 +00:002021-02-19 00:00:00 +00:00BE-TSO-0001VTP-00029exitkWh/h,1,Physical Flow,hour,2021-02-19T00:00:00+01:00,2021-02-19T01:00:00+01:00,BE-TSO-0001,21X-BE-A-A0A0A-Y,Fluxys Belgium,VTP-00029,Zeebrugge Beach,21Z0000000000090,exit,kWh/h,,,6649,2021-03-30T00:27:09+02:00,,Confirmed,,,,,False,,,False,PRISMA,,https://platform.prisma-capacity.eu/,,Trading Point,9,False
1Physical Flowhour2021-02-19 00:00:00 +00:002021-02-19 01:00:00 +00:00BE-TSO-0001VTP-00029exitkWh/h,1,Physical Flow,hour,2021-02-19T01:00:00+01:00,2021-02-19T02:00:00+01:00,BE-TSO-0001,21X-BE-A-A0A0A-Y,Fluxys Belgium,VTP-00029,Zeebrugge Beach,21Z0000000000090,exit,kWh/h,,,2080,2021-03-30T00:27:09+02:00,,Confirmed,,,,,False,,,False,PRISMA,,https://platform.prisma-capacity.eu/,,Trading Point,9,False
1Physical Flowhour2021-02-19 01:00:00 +00:002021-02-19 02:00:00 +00:00BE-TSO-0001VTP-00029exitkWh/h,1,Physical Flow,hour,2021-02-19T02:00:00+01:00,2021-02-19T03:00:00+01:00,BE-TSO-0001,21X-BE-A-A0A0A-Y,Fluxys Belgium,VTP-00029,Zeebrugge Beach,21Z0000000000090,exit,kWh/h,,,1994,2021-03-30T00:27:09+02:00,,Confirmed,,,,,False,,,False,PRISMA,,https://platform.prisma-capacity.eu/,,Trading Point,9,False
1Physical Flowhour2021-02-19 02:00:00 +00:002021-02-19 03:00:00 +00:00BE-TSO-0001VTP-00029exitkWh/h,1,Physical Flow,hour,2021-02-19T03:00:00+01:00,2021-02-19T04:00:00+01:00,BE-TSO-0001,21X-BE-A-A0A0A-Y,Fluxys Belgium,VTP-00029,Zeebrugge Beach,21Z0000000000090,exit,kWh/h,,,9887755,2021-03-30T00:27:09+02:00,,Confirmed,,,,,False,,,False,PRISMA,,https://platform.prisma-capacity.eu/,,Trading Point,9,False
1Physical Flowhour2021-02-19 03:00:00 +00:002021-02-19 04:00:00 +00:00BE-TSO-0001VTP-00029exitkWh/h,1,Physical Flow,hour,2021-02-19T04:00:00+01:00,2021-02-19T05:00:00+01:00,BE-TSO-0001,21X-BE-A-A0A0A-Y,Fluxys Belgium,VTP-00029,Zeebrugge Beach,21Z0000000000090,exit,kWh/h,,,9971458,2021-03-30T00:27:09+02:00,,Confirmed,,,,,False,,,False,PRISMA,,https://platform.prisma-capacity.eu/,,Trading Point,9,False
1Physical Flowhour2021-02-19 04:00:00 +00:002021-02-19 05:00:00 +00:00BE-TSO-0001VTP-00029exitkWh/h,1,Physical Flow,hour,2021-02-19T05:00:00+01:00,2021-02-19T06:00:00+01:00,BE-TSO-0001,21X-BE-A-A0A0A-Y,Fluxys Belgium,VTP-00029,Zeebrugge Beach,21Z0000000000090,exit,kWh/h,,,9929680,2021-03-30T00:27:09+02:00,,Confirmed,,,,,False,,,False,PRISMA,,https://platform.prisma-capacity.eu/,,Trading Point,9,False
1Physical Flowhour2021-02-19 05:00:00 +00:002021-02-19 06:00:00 +00:00BE-TSO-0001VTP-00029exitkWh/h,1,Physical Flow,hour,2021-02-19T06:00:00+01:00,2021-02-19T07:00:00+01:00,BE-TSO-0001,21X-BE-A-A0A0A-Y,Fluxys Belgium,VTP-00029,Zeebrugge Beach,21Z0000000000090,exit,kWh/h,,,9923256,2021-03-30T00:27:09+02:00,,Confirmed,,,,,False,,,False,PRISMA,,https://platform.prisma-capacity.eu/,,Trading Point,9,False
1Physical Flowhour2021-02-19 06:00:00 +00:002021-02-19 07:00:00 +00:00BE-TSO-0001VTP-00029exitkWh/h,1,Physical Flow,hour,2021-02-19T07:00:00+01:00,2021-02-19T08:00:00+01:00,BE-TSO-0001,21X-BE-A-A0A0A-Y,Fluxys Belgium,VTP-00029,Zeebrugge Beach,21Z0000000000090,exit,kWh/h,,,14118,2021-03-30T00:27:09+02:00,,Confirmed,,,,,False,,,False,PRISMA,,https://platform.prisma-capacity.eu/,,Trading Point,9,False
1Physical Flowhour2021-02-19 07:00:00 +00:002021-02-19 08:00:00 +00:00BE-TSO-0001VTP-00029exitkWh/h,1,Physical Flow,hour,2021-02-19T08:00:00+01:00,2021-02-19T09:00:00+01:00,BE-TSO-0001,21X-BE-A-A0A0A-Y,Fluxys Belgium,VTP-00029,Zeebrugge Beach,21Z0000000000090,exit,kWh/h,,,184,2021-03-30T00:27:09+02:00,,Confirmed,,,,,False,,,False,PRISMA,,https://platform.prisma-capacity.eu/,,Trading Point,9,False
1Physical Flowhour2021-02-19 08:00:00 +00:002021-02-19 09:00:00 +00:00BE-TSO-0001VTP-00029exitkWh/h,1,Physical Flow,hour,2021-02-19T09:00:00+01:00,2021-02-19T10:00:00+01:00,BE-TSO-0001,21X-BE-A-A0A0A-Y,Fluxys Belgium,VTP-00029,Zeebrugge Beach,21Z0000000000090,exit,kWh/h,,,381,2021-03-30T00:27:09+02:00,,Confirmed,,,,,False,,,False,PRISMA,,https://platform.prisma-capacity.eu/,,Trading Point,9,False
1Physical Flowhour2021-02-19 09:00:00 +00:002021-02-19 10:00:00 +00:00BE-TSO-0001VTP-00029exitkWh/h,1,Physical Flow,hour,2021-02-19T10:00:00+01:00,2021-02-19T11:00:00+01:00,BE-TSO-0001,21X-BE-A-A0A0A-Y,Fluxys Belgium,VTP-00029,Zeebrugge Beach,21Z0000000000090,exit,kWh/h,,,1218,2021-03-30T00:27:09+02:00,,Confirmed,,,,,False,,,False,PRISMA,,https://platform.prisma-capacity.eu/,,Trading Point,9,False
1Physical Flowhour2021-02-19 10:00:00 +00:002021-02-19 11:00:00 +00:00BE-TSO-0001VTP-00029exitkWh/h,1,Physical Flow,hour,2021-02-19T11:00:00+01:00,2021-02-19T12:00:00+01:00,BE-TSO-0001,21X-BE-A-A0A0A-Y,Fluxys Belgium,VTP-00029,Zeebrugge Beach,21Z0000000000090,exit,kWh/h,,,2000,2021-03-30T00:27:09+02:00,,Confirmed,,,,,False,,,False,PRISMA,,https://platform.prisma-capacity.eu/,,Trading Point,9,False
1Physical Flowhour2021-02-19 11:00:00 +00:002021-02-19 12:00:00 +00:00BE-TSO-0001VTP-00029exitkWh/h,1,Physical Flow,hour,2021-02-19T12:00:00+01:00,2021-02-19T13:00:00+01:00,BE-TSO-0001,21X-BE-A-A0A0A-Y,Fluxys Belgium,VTP-00029,Zeebrugge Beach,21Z0000000000090,exit,kWh/h,,,804,2021-03-30T00:27:09+02:00,,Confirmed,,,,,False,,,False,PRISMA,,https://platform.prisma-capacity.eu/,,Trading Point,9,False
1Physical Flowhour2021-02-19 12:00:00 +00:002021-02-19 13:00:00 +00:00BE-TSO-0001VTP-00029exitkWh/h,1,Physical Flow,hour,2021-02-19T13:00:00+01:00,2021-02-19T14:00:00+01:00,BE-TSO-0001,21X-BE-A-A0A0A-Y,Fluxys Belgium,VTP-00029,Zeebrugge Beach,21Z0000000000090,exit,kWh/h,,,222,2021-03-30T00:27:09+02:00,,Confirmed,,,,,False,,,False,PRISMA,,https://platform.prisma-capacity.eu/,,Trading Point,9,False
1Physical Flowhour2021-02-19 13:00:00 +00:002021-02-19 14:00:00 +00:00BE-TSO-0001VTP-00029exitkWh/h,1,Physical Flow,hour,2021-02-19T14:00:00+01:00,2021-02-19T15:00:00+01:00,BE-TSO-0001,21X-BE-A-A0A0A-Y,Fluxys Belgium,VTP-00029,Zeebrugge Beach,21Z0000000000090,exit,kWh/h,,,522,2021-03-30T00:27:09+02:00,,Confirmed,,,,,False,,,False,PRISMA,,https://platform.prisma-capacity.eu/,,Trading Point,9,False
1Physical Flowhour2021-02-19 14:00:00 +00:002021-02-19 15:00:00 +00:00BE-TSO-0001VTP-00029exitkWh/h,1,Physical Flow,hour,2021-02-19T15:00:00+01:00,2021-02-19T16:00:00+01:00,BE-TSO-0001,21X-BE-A-A0A0A-Y,Fluxys Belgium,VTP-00029,Zeebrugge Beach,21Z0000000000090,exit,kWh/h,,,2144,2021-03-30T00:27:09+02:00,,Confirmed,,,,,False,,,False,PRISMA,,https://platform.prisma-capacity.eu/,,Trading Point,9,False
1Physical Flowhour2021-02-19 15:00:00 +00:002021-02-19 16:00:00 +00:00BE-TSO-0001VTP-00029exitkWh/h,1,Physical Flow,hour,2021-02-19T16:00:00+01:00,2021-02-19T17:00:00+01:00,BE-TSO-0001,21X-BE-A-A0A0A-Y,Fluxys Belgium,VTP-00029,Zeebrugge Beach,21Z0000000000090,exit,kWh/h,,,2891,2021-03-30T00:27:09+02:00,,Confirmed,,,,,False,,,False,PRISMA,,https://platform.prisma-capacity.eu/,,Trading Point,9,False
1Physical Flowhour2021-02-19 16:00:00 +00:002021-02-19 17:00:00 +00:00BE-TSO-0001VTP-00029exitkWh/h,1,Physical Flow,hour,2021-02-19T17:00:00+01:00,2021-02-19T18:00:00+01:00,BE-TSO-0001,21X-BE-A-A0A0A-Y,Fluxys Belgium,VTP-00029,Zeebrugge Beach,21Z0000000000090,exit,kWh/h,,,2273,2021-03-30T00:27:09+02:00,,Confirmed,,,,,False,,,False,PRISMA,,https://platform.prisma-capacity.eu/,,Trading Point,9,False
1Physical Flowhour2021-02-19 17:00:00 +00:002021-02-19 18:00:00 +00:00BE-TSO-0001VTP-00029exitkWh/h,1,Physical Flow,hour,2021-02-19T18:00:00+01:00,2021-02-19T19:00:00+01:00,BE-TSO-0001,21X-BE-A-A0A0A-Y,Fluxys Belgium,VTP-00029,Zeebrugge Beach,21Z0000000000090,exit,kWh/h,,,2066,2021-03-30T00:27:09+02:00,,Confirmed,,,,,False,,,False,PRISMA,,https://platform.prisma-capacity.eu/,,Trading Point,9,False
1Physical Flowhour2021-02-19 18:00:00 +00:002021-02-19 19:00:00 +00:00BE-TSO-0001VTP-00029exitkWh/h,1,Physical Flow,hour,2021-02-19T19:00:00+01:00,2021-02-19T20:00:00+01:00,BE-TSO-0001,21X-BE-A-A0A0A-Y,Fluxys Belgium,VTP-00029,Zeebrugge Beach,21Z0000000000090,exit,kWh/h,,,1263,2021-03-30T00:27:09+02:00,,Confirmed,,,,,False,,,False,PRISMA,,https://platform.prisma-capacity.eu/,,Trading Point,9,False
1Physical Flowhour2021-02-19 19:00:00 +00:002021-02-19 20:00:00 +00:00BE-TSO-0001VTP-00029exitkWh/h,1,Physical Flow,hour,2021-02-19T20:00:00+01:00,2021-02-19T21:00:00+01:00,BE-TSO-0001,21X-BE-A-A0A0A-Y,Fluxys Belgium,VTP-00029,Zeebrugge Beach,21Z0000000000090,exit,kWh/h,,,2777,2021-03-30T00:27:09+02:00,,Confirmed,,,,,False,,,False,PRISMA,,https://platform.prisma-capacity.eu/,,Trading Point,9,False
1Physical Flowhour2021-02-19 20:00:00 +00:002021-02-19 21:00:00 +00:00BE-TSO-0001VTP-00029exitkWh/h,1,Physical Flow,hour,2021-02-19T21:00:00+01:00,2021-02-19T22:00:00+01:00,BE-TSO-0001,21X-BE-A-A0A0A-Y,Fluxys Belgium,VTP-00029,Zeebrugge Beach,21Z0000000000090,exit,kWh/h,,,961,2021-03-30T00:27:09+02:00,,Confirmed,,,,,False,,,False,PRISMA,,https://platform.prisma-capacity.eu/,,Trading Point,9,False
1Physical Flowhour2021-02-19 21:00:00 +00:002021-02-19 22:00:00 +00:00BE-TSO-0001VTP-00029exitkWh/h,1,Physical Flow,hour,2021-02-19T22:00:00+01:00,2021-02-19T23:00:00+01:00,BE-TSO-0001,21X-BE-A-A0A0A-Y,Fluxys Belgium,VTP-00029,Zeebrugge Beach,21Z0000000000090,exit,kWh/h,,,6632,2021-03-30T00:27:09+02:00,,Confirmed,,,,,False,,,False,PRISMA,,https://platform.prisma-capacity.eu/,,Trading Point,9,False
1Physical Flowhour2021-02-19 22:00:00 +00:002021-02-19 23:00:00 +00:00BE-TSO-0001VTP-00029exitkWh/h,1,Physical Flow,hour,2021-02-19T23:00:00+01:00,2021-02-20T00:00:00+01:00,BE-TSO-0001,21X-BE-A-A0A0A-Y,Fluxys Belgium,VTP-00029,Zeebrugge Beach,21Z0000000000090,exit,kWh/h,,,4543,2021-03-30T00:27:09+02:00,,Confirmed,,,,,False,,,False,PRISMA,,https://platform.prisma-capacity.eu/,,Trading Point,9,False
1Physical Flowhour2021-02-19 23:00:00 +00:002021-02-20 00:00:00 +00:00BE-TSO-0001VTP-00029exitkWh/h,1,Physical Flow,hour,2021-02-20T00:00:00+01:00,2021-02-20T01:00:00+01:00,BE-TSO-0001,21X-BE-A-A0A0A-Y,Fluxys Belgium,VTP-00029,Zeebrugge Beach,21Z0000000000090,exit,kWh/h,,,2820,2021-03-30T00:27:09+02:00,,Confirmed,,,,,False,,,False,PRISMA,,https://platform.prisma-capacity.eu/,,Trading Point,9,False
1Physical Flowhour2021-02-20 00:00:00 +00:002021-02-20 01:00:00 +00:00BE-TSO-0001VTP-00029exitkWh/h,1,Physical Flow,hour,2021-02-20T01:00:00+01:00,2021-02-20T02:00:00+01:00,BE-TSO-0001,21X-BE-A-A0A0A-Y,Fluxys Belgium,VTP-00029,Zeebrugge Beach,21Z0000000000090,exit,kWh/h,,,9322814,2021-03-30T00:27:09+02:00,,Confirmed,,,,,False,,,False,PRISMA,,https://platform.prisma-capacity.eu/,,Trading Point,9,False
1Physical Flowhour2021-02-20 01:00:00 +00:002021-02-20 02:00:00 +00:00BE-TSO-0001VTP-00029exitkWh/h,1,Physical Flow,hour,2021-02-20T02:00:00+01:00,2021-02-20T03:00:00+01:00,BE-TSO-0001,21X-BE-A-A0A0A-Y,Fluxys Belgium,VTP-00029,Zeebrugge Beach,21Z0000000000090,exit,kWh/h,,,9842453,2021-03-30T00:27:09+02:00,,Confirmed,,,,,False,,,False,PRISMA,,https://platform.prisma-capacity.eu/,,Trading Point,9,False
1Physical Flowhour2021-02-20 02:00:00 +00:002021-02-20 03:00:00 +00:00BE-TSO-0001VTP-00029exitkWh/h,1,Physical Flow,hour,2021-02-20T03:00:00+01:00,2021-02-20T04:00:00+01:00,BE-TSO-0001,21X-BE-A-A0A0A-Y,Fluxys Belgium,VTP-00029,Zeebrugge Beach,21Z0000000000090,exit,kWh/h,,,9330988,2021-03-30T00:27:09+02:00,,Confirmed,,,,,False,,,False,PRISMA,,https://platform.prisma-capacity.eu/,,Trading Point,9,False
1Physical Flowhour2021-02-20 03:00:00 +00:002021-02-20 04:00:00 +00:00BE-TSO-0001VTP-00029exitkWh/h,1,Physical Flow,hour,2021-02-20T04:00:00+01:00,2021-02-20T05:00:00+01:00,BE-TSO-0001,21X-BE-A-A0A0A-Y,Fluxys Belgium,VTP-00029,Zeebrugge Beach,21Z0000000000090,exit,kWh/h,,,9722339,2021-03-30T00:27:09+02:00,,Confirmed,,,,,False,,,False,PRISMA,,https://platform.prisma-capacity.eu/,,Trading Point,9,False
1Physical Flowhour2021-02-20 04:00:00 +00:002021-02-20 05:00:00 +00:00BE-TSO-0001VTP-00029exitkWh/h,1,Physical Flow,hour,2021-02-20T05:00:00+01:00,2021-02-20T06:00:00+01:00,BE-TSO-0001,21X-BE-A-A0A0A-Y,Fluxys Belgium,VTP-00029,Zeebrugge Beach,21Z0000000000090,exit,kWh/h,,,9564204,2021-03-30T00:27:09+02:00,,Confirmed,,,,,False,,,False,PRISMA,,https://platform.prisma-capacity.eu/,,Trading Point,9,False
1Physical Flowhour2021-02-20 05:00:00 +00:002021-02-20 06:00:00 +00:00BE-TSO-0001VTP-00029exitkWh/h,1,Physical Flow,hour,2021-02-20T06:00:00+01:00,2021-02-20T07:00:00+01:00,BE-TSO-0001,21X-BE-A-A0A0A-Y,Fluxys Belgium,VTP-00029,Zeebrugge Beach,21Z0000000000090,exit,kWh/h,,,9696841,2021-03-30T00:27:09+02:00,,Confirmed,,,,,False,,,False,PRISMA,,https://platform.prisma-capacity.eu/,,Trading Point,9,False
1Physical Flowhour2021-02-20 06:00:00 +00:002021-02-20 07:00:00 +00:00BE-TSO-0001VTP-00029exitkWh/h,1,Physical Flow,hour,2021-02-20T07:00:00+01:00,2021-02-20T08:00:00+01:00,BE-TSO-0001,21X-BE-A-A0A0A-Y,Fluxys Belgium,VTP-00029,Zeebrugge Beach,21Z0000000000090,exit,kWh/h,,,9348680,2021-03-30T00:27:09+02:00,,Confirmed,,,,,False,,,False,PRISMA,,https://platform.prisma-capacity.eu/,,Trading Point,9,False
1Physical Flowhour2021-02-20 07:00:00 +00:002021-02-20 08:00:00 +00:00BE-TSO-0001VTP-00029exitkWh/h,1,Physical Flow,hour,2021-02-20T08:00:00+01:00,2021-02-20T09:00:00+01:00,BE-TSO-0001,21X-BE-A-A0A0A-Y,Fluxys Belgium,VTP-00029,Zeebrugge Beach,21Z0000000000090,exit,kWh/h,,,9199,2021-03-30T00:27:09+02:00,,Confirmed,,,,,False,,,False,PRISMA,,https://platform.prisma-capacity.eu/,,Trading Point,9,False
1Physical Flowhour2021-02-20 08:00:00 +00:002021-02-20 09:00:00 +00:00BE-TSO-0001VTP-00029exitkWh/h,1,Physical Flow,hour,2021-02-20T09:00:00+01:00,2021-02-20T10:00:00+01:00,BE-TSO-0001,21X-BE-A-A0A0A-Y,Fluxys Belgium,VTP-00029,Zeebrugge Beach,21Z0000000000090,exit,kWh/h,,,263,2021-03-30T00:27:09+02:00,,Confirmed,,,,,False,,,False,PRISMA,,https://platform.prisma-capacity.eu/,,Trading Point,9,False
1Physical Flowhour2021-02-20 09:00:00 +00:002021-02-20 10:00:00 +00:00BE-TSO-0001VTP-00029exitkWh/h,1,Physical Flow,hour,2021-02-20T10:00:00+01:00,2021-02-20T11:00:00+01:00,BE-TSO-0001,21X-BE-A-A0A0A-Y,Fluxys Belgium,VTP-00029,Zeebrugge Beach,21Z0000000000090,exit,kWh/h,,,602,2021-03-30T00:27:09+02:00,,Confirmed,,,,,False,,,False,PRISMA,,https://platform.prisma-capacity.eu/,,Trading Point,9,False
1Physical Flowhour2021-02-20 10:00:00 +00:002021-02-20 11:00:00 +00:00BE-TSO-0001VTP-00029exitkWh/h,1,Physical Flow,hour,2021-02-20T11:00:00+01:00,2021-02-20T12:00:00+01:00,BE-TSO-0001,21X-BE-A-A0A0A-Y,Fluxys Belgium,VTP-00029,Zeebrugge Beach,21Z0000000000090,exit,kWh/h,,,1168,2021-03-30T00:27:09+02:00,,Confirmed,,,,,False,,,False,PRISMA,,https://platform.prisma-capacity.eu/,,Trading Point,9,False
1Physical Flowhour2021-02-20 11:00:00 +00:002021-02-20 12:00:00 +00:00BE-TSO-0001VTP-00029exitkWh/h,1,Physical Flow,hour,2021-02-20T12:00:00+01:00,2021-02-20T13:00:00+01:00,BE-TSO-0001,21X-BE-A-A0A0A-Y,Fluxys Belgium,VTP-00029,Zeebrugge Beach,21Z0000000000090,exit,kWh/h,,,437,2021-03-30T00:27:09+02:00,,Confirmed,,,,,False,,,False,PRISMA,,https://platform.prisma-capacity.eu/,,Trading Point,9,False
1Physical Flowhour2021-02-20 12:00:00 +00:002021-02-20 13:00:00 +00:00BE-TSO-0001VTP-00029exitkWh/h,1,Physical Flow,hour,2021-02-20T13:00:00+01:00,2021-02-20T14:00:00+01:00,BE-TSO-0001,21X-BE-A-A0A0A-Y,Fluxys Belgium,VTP-00029,Zeebrugge Beach,21Z0000000000090,exit,kWh/h,,,538,2021-03-30T00:27:09+02:00,,Confirmed,,,,,False,,,False,PRISMA,,https://platform.prisma-capacity.eu/,,Trading Point,9,False
1Physical Flowhour2021-02-20 13:00:00 +00:002021-02-20 14:00:00 +00:00BE-TSO-0001VTP-00029exitkWh/h,1,Physical Flow,hour,2021-02-20T14:00:00+01:00,2021-02-20T15:00:00+01:00,BE-TSO-0001,21X-BE-A-A0A0A-Y,Fluxys Belgium,VTP-00029,Zeebrugge Beach,21Z0000000000090,exit,kWh/h,,,794,2021-03-30T00:27:09+02:00,,Confirmed,,,,,False,,,False,PRISMA,,https://platform.prisma-capacity.eu/,,Trading Point,9,False
1Physical Flowhour2021-02-20 14:00:00 +00:002021-02-20 15:00:00 +00:00BE-TSO-0001VTP-00029exitkWh/h,1,Physical Flow,hour,2021-02-20T15:00:00+01:00,2021-02-20T16:00:00+01:00,BE-TSO-0001,21X-BE-A-A0A0A-Y,Fluxys Belgium,VTP-00029,Zeebrugge Beach,21Z0000000000090,exit,kWh/h,,,791,2021-03-30T00:27:09+02:00,,Confirmed,,,,,False,,,False,PRISMA,,https://platform.prisma-capacity.eu/,,Trading Point,9,False
1Physical Flowhour2021-02-20 15:00:00 +00:002021-02-20 16:00:00 +00:00BE-TSO-0001VTP-00029exitkWh/h,1,Physical Flow,hour,2021-02-20T16:00:00+01:00,2021-02-20T17:00:00+01:00,BE-TSO-0001,21X-BE-A-A0A0A-Y,Fluxys Belgium,VTP-00029,Zeebrugge Beach,21Z0000000000090,exit,kWh/h,,,894,2021-03-30T00:27:09+02:00,,Confirmed,,,,,False,,,False,PRISMA,,https://platform.prisma-capacity.eu/,,Trading Point,9,False
1Physical Flowhour2021-02-20 16:00:00 +00:002021-02-20 17:00:00 +00:00BE-TSO-0001VTP-00029exitkWh/h,1,Physical Flow,hour,2021-02-20T17:00:00+01:00,2021-02-20T18:00:00+01:00,BE-TSO-0001,21X-BE-A-A0A0A-Y,Fluxys Belgium,VTP-00029,Zeebrugge Beach,21Z0000000000090,exit,kWh/h,,,643,2021-03-30T00:27:09+02:00,,Confirmed,,,,,False,,,False,PRISMA,,https://platform.prisma-capacity.eu/,,Trading Point,9,False
1Physical Flowhour2021-02-20 17:00:00 +00:002021-02-20 18:00:00 +00:00BE-TSO-0001VTP-00029exitkWh/h,1,Physical Flow,hour,2021-02-20T18:00:00+01:00,2021-02-20T19:00:00+01:00,BE-TSO-0001,21X-BE-A-A0A0A-Y,Fluxys Belgium,VTP-00029,Zeebrugge Beach,21Z0000000000090,exit,kWh/h,,,633,2021-03-30T00:27:09+02:00,,Confirmed,,,,,False,,,False,PRISMA,,https://platform.prisma-capacity.eu/,,Trading Point,9,False
1Physical Flowhour2021-02-20 18:00:00 +00:002021-02-20 19:00:00 +00:00BE-TSO-0001VTP-00029exitkWh/h,1,Physical Flow,hour,2021-02-20T19:00:00+01:00,2021-02-20T20:00:00+01:00,BE-TSO-0001,21X-BE-A-A0A0A-Y,Fluxys Belgium,VTP-00029,Zeebrugge Beach,21Z0000000000090,exit,kWh/h,,,3761,2021-03-30T00:27:09+02:00,,Confirmed,,,,,False,,,False,PRISMA,,https://platform.prisma-capacity.eu/,,Trading Point,9,False
1Physical Flowhour2021-02-20 19:00:00 +00:002021-02-20 20:00:00 +00:00BE-TSO-0001VTP-00029exitkWh/h,1,Physical Flow,hour,2021-02-20T20:00:00+01:00,2021-02-20T21:00:00+01:00,BE-TSO-0001,21X-BE-A-A0A0A-Y,Fluxys Belgium,VTP-00029,Zeebrugge Beach,21Z0000000000090,exit,kWh/h,,,2052,2021-03-30T00:27:09+02:00,,Confirmed,,,,,False,,,False,PRISMA,,https://platform.prisma-capacity.eu/,,Trading Point,9,False
1Physical Flowhour2021-02-20 20:00:00 +00:002021-02-20 21:00:00 +00:00BE-TSO-0001VTP-00029exitkWh/h,1,Physical Flow,hour,2021-02-20T21:00:00+01:00,2021-02-20T22:00:00+01:00,BE-TSO-0001,21X-BE-A-A0A0A-Y,Fluxys Belgium,VTP-00029,Zeebrugge Beach,21Z0000000000090,exit,kWh/h,,,306,2021-03-30T00:27:09+02:00,,Confirmed,,,,,False,,,False,PRISMA,,https://platform.prisma-capacity.eu/,,Trading Point,9,False
1Physical Flowhour2021-02-20 21:00:00 +00:002021-02-20 22:00:00 +00:00BE-TSO-0001VTP-00029exitkWh/h,1,Physical Flow,hour,2021-02-20T22:00:00+01:00,2021-02-20T23:00:00+01:00,BE-TSO-0001,21X-BE-A-A0A0A-Y,Fluxys Belgium,VTP-00029,Zeebrugge Beach,21Z0000000000090,exit,kWh/h,,,1002,2021-03-30T00:27:09+02:00,,Confirmed,,,,,False,,,False,PRISMA,,https://platform.prisma-capacity.eu/,,Trading Point,9,False
1Physical Flowhour2021-02-20 22:00:00 +00:002021-02-20 23:00:00 +00:00BE-TSO-0001VTP-00029exitkWh/h,1,Physical Flow,hour,2021-02-20T23:00:00+01:00,2021-02-21T00:00:00+01:00,BE-TSO-0001,21X-BE-A-A0A0A-Y,Fluxys Belgium,VTP-00029,Zeebrugge Beach,21Z0000000000090,exit,kWh/h,,,1672,2021-03-30T00:27:09+02:00,,Confirmed,,,,,False,,,False,PRISMA,,https://platform.prisma-capacity.eu/,,Trading Point,9,False
1Physical Flowhour2021-02-20 23:00:00 +00:002021-02-21 00:00:00 +00:00BE-TSO-0001VTP-00029exitkWh/h,1,Physical Flow,hour,2021-02-21T00:00:00+01:00,2021-02-21T01:00:00+01:00,BE-TSO-0001,21X-BE-A-A0A0A-Y,Fluxys Belgium,VTP-00029,Zeebrugge Beach,21Z0000000000090,exit,kWh/h,,,5276,2021-03-30T00:27:09+02:00,,Confirmed,,,,,False,,,False,PRISMA,,https://platform.prisma-capacity.eu/,,Trading Point,9,False
1Physical Flowhour2021-02-21 00:00:00 +00:002021-02-21 01:00:00 +00:00BE-TSO-0001VTP-00029exitkWh/h,1,Physical Flow,hour,2021-02-21T01:00:00+01:00,2021-02-21T02:00:00+01:00,BE-TSO-0001,21X-BE-A-A0A0A-Y,Fluxys Belgium,VTP-00029,Zeebrugge Beach,21Z0000000000090,exit,kWh/h,,,9845774,2021-03-30T00:27:09+02:00,,Confirmed,,,,,False,,,False,PRISMA,,https://platform.prisma-capacity.eu/,,Trading Point,9,False
1Physical Flowhour2021-02-21 01:00:00 +00:002021-02-21 02:00:00 +00:00BE-TSO-0001VTP-00029exitkWh/h,1,Physical Flow,hour,2021-02-21T02:00:00+01:00,2021-02-21T03:00:00+01:00,BE-TSO-0001,21X-BE-A-A0A0A-Y,Fluxys Belgium,VTP-00029,Zeebrugge Beach,21Z0000000000090,exit,kWh/h,,,11214978,2021-03-30T00:27:09+02:00,,Confirmed,,,,,False,,,False,PRISMA,,https://platform.prisma-capacity.eu/,,Trading Point,9,False
1Physical Flowhour2021-02-21 02:00:00 +00:002021-02-21 03:00:00 +00:00BE-TSO-0001VTP-00029exitkWh/h,1,Physical Flow,hour,2021-02-21T03:00:00+01:00,2021-02-21T04:00:00+01:00,BE-TSO-0001,21X-BE-A-A0A0A-Y,Fluxys Belgium,VTP-00029,Zeebrugge Beach,21Z0000000000090,exit,kWh/h,,,10594200,2021-03-30T00:27:09+02:00,,Confirmed,,,,,False,,,False,PRISMA,,https://platform.prisma-capacity.eu/,,Trading Point,9,False
1Physical Flowhour2021-02-21 03:00:00 +00:002021-02-21 04:00:00 +00:00BE-TSO-0001VTP-00029exitkWh/h,1,Physical Flow,hour,2021-02-21T04:00:00+01:00,2021-02-21T05:00:00+01:00,BE-TSO-0001,21X-BE-A-A0A0A-Y,Fluxys Belgium,VTP-00029,Zeebrugge Beach,21Z0000000000090,exit,kWh/h,,,10463551,2021-03-30T00:27:09+02:00,,Confirmed,,,,,False,,,False,PRISMA,,https://platform.prisma-capacity.eu/,,Trading Point,9,False
1Physical Flowhour2021-02-21 04:00:00 +00:002021-02-21 05:00:00 +00:00BE-TSO-0001VTP-00029exitkWh/h,1,Physical Flow,hour,2021-02-21T05:00:00+01:00,2021-02-21T06:00:00+01:00,BE-TSO-0001,21X-BE-A-A0A0A-Y,Fluxys Belgium,VTP-00029,Zeebrugge Beach,21Z0000000000090,exit,kWh/h,,,10460233,2021-03-30T00:27:09+02:00,,Confirmed,,,,,False,,,False,PRISMA,,https://platform.prisma-capacity.eu/,,Trading Point,9,False
1Physical Flowhour2021-02-21 05:00:00 +00:002021-02-21 06:00:00 +00:00BE-TSO-0001VTP-00029exitkWh/h,1,Physical Flow,hour,2021-02-21T06:00:00+01:00,2021-02-21T07:00:00+01:00,BE-TSO-0001,21X-BE-A-A0A0A-Y,Fluxys Belgium,VTP-00029,Zeebrugge Beach,21Z0000000000090,exit,kWh/h,,,9674087,2021-03-30T00:27:09+02:00,,Confirmed,,,,,False,,,False,PRISMA,,https://platform.prisma-capacity.eu/,,Trading Point,9,False
1Physical Flowhour2021-02-21 06:00:00 +00:002021-02-21 07:00:00 +00:00BE-TSO-0001VTP-00029exitkWh/h,1,Physical Flow,hour,2021-02-21T07:00:00+01:00,2021-02-21T08:00:00+01:00,BE-TSO-0001,21X-BE-A-A0A0A-Y,Fluxys Belgium,VTP-00029,Zeebrugge Beach,21Z0000000000090,exit,kWh/h,,,9393675,2021-03-30T00:27:09+02:00,,Confirmed,,,,,False,,,False,PRISMA,,https://platform.prisma-capacity.eu/,,Trading Point,9,False
1Physical Flowhour2021-02-21 07:00:00 +00:002021-02-21 08:00:00 +00:00BE-TSO-0001VTP-00029exitkWh/h,1,Physical Flow,hour,2021-02-21T08:00:00+01:00,2021-02-21T09:00:00+01:00,BE-TSO-0001,21X-BE-A-A0A0A-Y,Fluxys Belgium,VTP-00029,Zeebrugge Beach,21Z0000000000090,exit,kWh/h,,,9635,2021-03-30T00:27:09+02:00,,Confirmed,,,,,False,,,False,PRISMA,,https://platform.prisma-capacity.eu/,,Trading Point,9,False
1Physical Flowhour2021-02-21 08:00:00 +00:002021-02-21 09:00:00 +00:00BE-TSO-0001VTP-00029exitkWh/h,1,Physical Flow,hour,2021-02-21T09:00:00+01:00,2021-02-21T10:00:00+01:00,BE-TSO-0001,21X-BE-A-A0A0A-Y,Fluxys Belgium,VTP-00029,Zeebrugge Beach,21Z0000000000090,exit,kWh/h,,,2377,2021-03-30T00:27:09+02:00,,Confirmed,,,,,False,,,False,PRISMA,,https://platform.prisma-capacity.eu/,,Trading Point,9,False
1Physical Flowhour2021-02-21 09:00:00 +00:002021-02-21 10:00:00 +00:00BE-TSO-0001VTP-00029exitkWh/h,1,Physical Flow,hour,2021-02-21T10:00:00+01:00,2021-02-21T11:00:00+01:00,BE-TSO-0001,21X-BE-A-A0A0A-Y,Fluxys Belgium,VTP-00029,Zeebrugge Beach,21Z0000000000090,exit,kWh/h,,,925,2021-03-30T00:27:09+02:00,,Confirmed,,,,,False,,,False,PRISMA,,https://platform.prisma-capacity.eu/,,Trading Point,9,False
1Physical Flowhour2021-02-21 10:00:00 +00:002021-02-21 11:00:00 +00:00BE-TSO-0001VTP-00029exitkWh/h,1,Physical Flow,hour,2021-02-21T11:00:00+01:00,2021-02-21T12:00:00+01:00,BE-TSO-0001,21X-BE-A-A0A0A-Y,Fluxys Belgium,VTP-00029,Zeebrugge Beach,21Z0000000000090,exit,kWh/h,,,873,2021-03-30T00:27:09+02:00,,Confirmed,,,,,False,,,False,PRISMA,,https://platform.prisma-capacity.eu/,,Trading Point,9,False
1Physical Flowhour2021-02-21 11:00:00 +00:002021-02-21 12:00:00 +00:00BE-TSO-0001VTP-00029exitkWh/h,1,Physical Flow,hour,2021-02-21T12:00:00+01:00,2021-02-21T13:00:00+01:00,BE-TSO-0001,21X-BE-A-A0A0A-Y,Fluxys Belgium,VTP-00029,Zeebrugge Beach,21Z0000000000090,exit,kWh/h,,,1814,2021-03-30T00:27:09+02:00,,Confirmed,,,,,False,,,False,PRISMA,,https://platform.prisma-capacity.eu/,,Trading Point,9,False
1Physical Flowhour2021-02-21 12:00:00 +00:002021-02-21 13:00:00 +00:00BE-TSO-0001VTP-00029exitkWh/h,1,Physical Flow,hour,2021-02-21T13:00:00+01:00,2021-02-21T14:00:00+01:00,BE-TSO-0001,21X-BE-A-A0A0A-Y,Fluxys Belgium,VTP-00029,Zeebrugge Beach,21Z0000000000090,exit,kWh/h,,,2916,2021-03-30T00:27:09+02:00,,Confirmed,,,,,False,,,False,PRISMA,,https://platform.prisma-capacity.eu/,,Trading Point,9,False
1Physical Flowhour2021-02-21 13:00:00 +00:002021-02-21 14:00:00 +00:00BE-TSO-0001VTP-00029exitkWh/h,1,Physical Flow,hour,2021-02-21T14:00:00+01:00,2021-02-21T15:00:00+01:00,BE-TSO-0001,21X-BE-A-A0A0A-Y,Fluxys Belgium,VTP-00029,Zeebrugge Beach,21Z0000000000090,exit,kWh/h,,,10418,2021-03-30T00:27:09+02:00,,Confirmed,,,,,False,,,False,PRISMA,,https://platform.prisma-capacity.eu/,,Trading Point,9,False
1Physical Flowhour2021-02-21 14:00:00 +00:002021-02-21 15:00:00 +00:00BE-TSO-0001VTP-00029exitkWh/h,1,Physical Flow,hour,2021-02-21T15:00:00+01:00,2021-02-21T16:00:00+01:00,BE-TSO-0001,21X-BE-A-A0A0A-Y,Fluxys Belgium,VTP-00029,Zeebrugge Beach,21Z0000000000090,exit,kWh/h,,,6966,2021-03-30T00:27:09+02:00,,Confirmed,,,,,False,,,False,PRISMA,,https://platform.prisma-capacity.eu/,,Trading Point,9,False
1Physical Flowhour2021-02-21 15:00:00 +00:002021-02-21 16:00:00 +00:00BE-TSO-0001VTP-00029exitkWh/h,1,Physical Flow,hour,2021-02-21T16:00:00+01:00,2021-02-21T17:00:00+01:00,BE-TSO-0001,21X-BE-A-A0A0A-Y,Fluxys Belgium,VTP-00029,Zeebrugge Beach,21Z0000000000090,exit,kWh/h,,,8758,2021-03-30T00:27:09+02:00,,Confirmed,,,,,False,,,False,PRISMA,,https://platform.prisma-capacity.eu/,,Trading Point,9,False
1Physical Flowhour2021-02-21 16:00:00 +00:002021-02-21 17:00:00 +00:00BE-TSO-0001VTP-00029exitkWh/h,1,Physical Flow,hour,2021-02-21T17:00:00+01:00,2021-02-21T18:00:00+01:00,BE-TSO-0001,21X-BE-A-A0A0A-Y,Fluxys Belgium,VTP-00029,Zeebrugge Beach,21Z0000000000090,exit,kWh/h,,,10253,2021-03-30T00:27:09+02:00,,Confirmed,,,,,False,,,False,PRISMA,,https://platform.prisma-capacity.eu/,,Trading Point,9,False
1Physical Flowhour2021-02-21 17:00:00 +00:002021-02-21 18:00:00 +00:00BE-TSO-0001VTP-00029exitkWh/h,1,Physical Flow,hour,2021-02-21T18:00:00+01:00,2021-02-21T19:00:00+01:00,BE-TSO-0001,21X-BE-A-A0A0A-Y,Fluxys Belgium,VTP-00029,Zeebrugge Beach,21Z0000000000090,exit,kWh/h,,,8047,2021-03-30T00:27:09+02:00,,Confirmed,,,,,False,,,False,PRISMA,,https://platform.prisma-capacity.eu/,,Trading Point,9,False
1Physical Flowhour2021-02-21 18:00:00 +00:002021-02-21 19:00:00 +00:00BE-TSO-0001VTP-00029exitkWh/h,1,Physical Flow,hour,2021-02-21T19:00:00+01:00,2021-02-21T20:00:00+01:00,BE-TSO-0001,21X-BE-A-A0A0A-Y,Fluxys Belgium,VTP-00029,Zeebrugge Beach,21Z0000000000090,exit,kWh/h,,,6693,2021-03-30T00:27:09+02:00,,Confirmed,,,,,False,,,False,PRISMA,,https://platform.prisma-capacity.eu/,,Trading Point,9,False
1Physical Flowhour2021-02-21 19:00:00 +00:002021-02-21 20:00:00 +00:00BE-TSO-0001VTP-00029exitkWh/h,1,Physical Flow,hour,2021-02-21T20:00:00+01:00,2021-02-21T21:00:00+01:00,BE-TSO-0001,21X-BE-A-A0A0A-Y,Fluxys Belgium,VTP-00029,Zeebrugge Beach,21Z0000000000090,exit,kWh/h,,,11645008,2021-03-30T00:27:09+02:00,,Confirmed,,,,,False,,,False,PRISMA,,https://platform.prisma-capacity.eu/,,Trading Point,9,False
1Physical Flowhour2021-02-21 20:00:00 +00:002021-02-21 21:00:00 +00:00BE-TSO-0001VTP-00029exitkWh/h,1,Physical Flow,hour,2021-02-21T21:00:00+01:00,2021-02-21T22:00:00+01:00,BE-TSO-0001,21X-BE-A-A0A0A-Y,Fluxys Belgium,VTP-00029,Zeebrugge Beach,21Z0000000000090,exit,kWh/h,,,13286115,2021-03-30T00:27:09+02:00,,Confirmed,,,,,False,,,False,PRISMA,,https://platform.prisma-capacity.eu/,,Trading Point,9,False
1Physical Flowhour2021-02-21 21:00:00 +00:002021-02-21 22:00:00 +00:00BE-TSO-0001VTP-00029exitkWh/h,1,Physical Flow,hour,2021-02-21T22:00:00+01:00,2021-02-21T23:00:00+01:00,BE-TSO-0001,21X-BE-A-A0A0A-Y,Fluxys Belgium,VTP-00029,Zeebrugge Beach,21Z0000000000090,exit,kWh/h,,,13353180,2021-03-30T00:27:09+02:00,,Confirmed,,,,,False,,,False,PRISMA,,https://platform.prisma-capacity.eu/,,Trading Point,9,False
1Physical Flowhour2021-02-21 22:00:00 +00:002021-02-21 23:00:00 +00:00BE-TSO-0001VTP-00029exitkWh/h,1,Physical Flow,hour,2021-02-21T23:00:00+01:00,2021-02-22T00:00:00+01:00,BE-TSO-0001,21X-BE-A-A0A0A-Y,Fluxys Belgium,VTP-00029,Zeebrugge Beach,21Z0000000000090,exit,kWh/h,,,13124236,2021-03-30T00:27:09+02:00,,Confirmed,,,,,False,,,False,PRISMA,,https://platform.prisma-capacity.eu/,,Trading Point,9,False
1Physical Flowhour2021-02-21 23:00:00 +00:002021-02-22 00:00:00 +00:00BE-TSO-0001VTP-00029exitkWh/h,1,Physical Flow,hour,2021-02-22T00:00:00+01:00,2021-02-22T01:00:00+01:00,BE-TSO-0001,21X-BE-A-A0A0A-Y,Fluxys Belgium,VTP-00029,Zeebrugge Beach,21Z0000000000090,exit,kWh/h,,,12612350,2021-03-30T00:27:09+02:00,,Confirmed,,,,,False,,,False,PRISMA,,https://platform.prisma-capacity.eu/,,Trading Point,9,False
1Physical Flowhour2021-02-22 00:00:00 +00:002021-02-22 01:00:00 +00:00BE-TSO-0001VTP-00029exitkWh/h,1,Physical Flow,hour,2021-02-22T01:00:00+01:00,2021-02-22T02:00:00+01:00,BE-TSO-0001,21X-BE-A-A0A0A-Y,Fluxys Belgium,VTP-00029,Zeebrugge Beach,21Z0000000000090,exit,kWh/h,,,22748,2021-03-30T00:27:09+02:00,,Confirmed,,,,,False,,,False,PRISMA,,https://platform.prisma-capacity.eu/,,Trading Point,9,False
1Physical Flowhour2021-02-22 01:00:00 +00:002021-02-22 02:00:00 +00:00BE-TSO-0001VTP-00029exitkWh/h,1,Physical Flow,hour,2021-02-22T02:00:00+01:00,2021-02-22T03:00:00+01:00,BE-TSO-0001,21X-BE-A-A0A0A-Y,Fluxys Belgium,VTP-00029,Zeebrugge Beach,21Z0000000000090,exit,kWh/h,,,6061,2021-03-30T00:27:09+02:00,,Confirmed,,,,,False,,,False,PRISMA,,https://platform.prisma-capacity.eu/,,Trading Point,9,False
1Physical Flowhour2021-02-22 02:00:00 +00:002021-02-22 03:00:00 +00:00BE-TSO-0001VTP-00029exitkWh/h,1,Physical Flow,hour,2021-02-22T03:00:00+01:00,2021-02-22T04:00:00+01:00,BE-TSO-0001,21X-BE-A-A0A0A-Y,Fluxys Belgium,VTP-00029,Zeebrugge Beach,21Z0000000000090,exit,kWh/h,,,13084,2021-03-30T00:27:09+02:00,,Confirmed,,,,,False,,,False,PRISMA,,https://platform.prisma-capacity.eu/,,Trading Point,9,False
1Physical Flowhour2021-02-22 03:00:00 +00:002021-02-22 04:00:00 +00:00BE-TSO-0001VTP-00029exitkWh/h,1,Physical Flow,hour,2021-02-22T04:00:00+01:00,2021-02-22T05:00:00+01:00,BE-TSO-0001,21X-BE-A-A0A0A-Y,Fluxys Belgium,VTP-00029,Zeebrugge Beach,21Z0000000000090,exit,kWh/h,,,10598,2021-03-30T00:27:09+02:00,,Confirmed,,,,,False,,,False,PRISMA,,https://platform.prisma-capacity.eu/,,Trading Point,9,False
1Physical Flowhour2021-02-22 04:00:00 +00:002021-02-22 05:00:00 +00:00BE-TSO-0001VTP-00029exitkWh/h,1,Physical Flow,hour,2021-02-22T05:00:00+01:00,2021-02-22T06:00:00+01:00,BE-TSO-0001,21X-BE-A-A0A0A-Y,Fluxys Belgium,VTP-00029,Zeebrugge Beach,21Z0000000000090,exit,kWh/h,,,7107,2021-03-30T00:27:09+02:00,,Confirmed,,,,,False,,,False,PRISMA,,https://platform.prisma-capacity.eu/,,Trading Point,9,False
1Physical Flowhour2021-02-22 05:00:00 +00:002021-02-22 06:00:00 +00:00BE-TSO-0001VTP-00029exitkWh/h,1,Physical Flow,hour,2021-02-22T06:00:00+01:00,2021-02-22T07:00:00+01:00,BE-TSO-0001,21X-BE-A-A0A0A-Y,Fluxys Belgium,VTP-00029,Zeebrugge Beach,21Z0000000000090,exit,kWh/h,,,11413567,2021-03-30T00:27:09+02:00,,Confirmed,,,,,False,,,False,PRISMA,,https://platform.prisma-capacity.eu/,,Trading Point,9,False
1Physical Flowhour2021-02-22 06:00:00 +00:002021-02-22 07:00:00 +00:00BE-TSO-0001VTP-00029exitkWh/h,1,Physical Flow,hour,2021-02-22T07:00:00+01:00,2021-02-22T08:00:00+01:00,BE-TSO-0001,21X-BE-A-A0A0A-Y,Fluxys Belgium,VTP-00029,Zeebrugge Beach,21Z0000000000090,exit,kWh/h,,,12206092,2021-03-30T00:27:09+02:00,,Confirmed,,,,,False,,,False,PRISMA,,https://platform.prisma-capacity.eu/,,Trading Point,9,False
1Physical Flowhour2021-02-22 07:00:00 +00:002021-02-22 08:00:00 +00:00BE-TSO-0001VTP-00029exitkWh/h,1,Physical Flow,hour,2021-02-22T08:00:00+01:00,2021-02-22T09:00:00+01:00,BE-TSO-0001,21X-BE-A-A0A0A-Y,Fluxys Belgium,VTP-00029,Zeebrugge Beach,21Z0000000000090,exit,kWh/h,,,11665644,2021-03-30T00:27:09+02:00,,Confirmed,,,,,False,,,False,PRISMA,,https://platform.prisma-capacity.eu/,,Trading Point,9,False
1Physical Flowhour2021-02-22 08:00:00 +00:002021-02-22 09:00:00 +00:00BE-TSO-0001VTP-00029exitkWh/h,1,Physical Flow,hour,2021-02-22T09:00:00+01:00,2021-02-22T10:00:00+01:00,BE-TSO-0001,21X-BE-A-A0A0A-Y,Fluxys Belgium,VTP-00029,Zeebrugge Beach,21Z0000000000090,exit,kWh/h,,,230884,2021-03-30T00:27:09+02:00,,Confirmed,,,,,False,,,False,PRISMA,,https://platform.prisma-capacity.eu/,,Trading Point,9,False
1Physical Flowhour2021-02-22 09:00:00 +00:002021-02-22 10:00:00 +00:00BE-TSO-0001VTP-00029exitkWh/h,1,Physical Flow,hour,2021-02-22T10:00:00+01:00,2021-02-22T11:00:00+01:00,BE-TSO-0001,21X-BE-A-A0A0A-Y,Fluxys Belgium,VTP-00029,Zeebrugge Beach,21Z0000000000090,exit,kWh/h,,,3164,2021-03-30T00:27:09+02:00,,Confirmed,,,,,False,,,False,PRISMA,,https://platform.prisma-capacity.eu/,,Trading Point,9,False
1Physical Flowhour2021-02-22 10:00:00 +00:002021-02-22 11:00:00 +00:00BE-TSO-0001VTP-00029exitkWh/h,1,Physical Flow,hour,2021-02-22T11:00:00+01:00,2021-02-22T12:00:00+01:00,BE-TSO-0001,21X-BE-A-A0A0A-Y,Fluxys Belgium,VTP-00029,Zeebrugge Beach,21Z0000000000090,exit,kWh/h,,,7634,2021-03-30T00:27:09+02:00,,Confirmed,,,,,False,,,False,PRISMA,,https://platform.prisma-capacity.eu/,,Trading Point,9,False
1Physical Flowhour2021-02-22 11:00:00 +00:002021-02-22 12:00:00 +00:00BE-TSO-0001VTP-00029exitkWh/h,1,Physical Flow,hour,2021-02-22T12:00:00+01:00,2021-02-22T13:00:00+01:00,BE-TSO-0001,21X-BE-A-A0A0A-Y,Fluxys Belgium,VTP-00029,Zeebrugge Beach,21Z0000000000090,exit,kWh/h,,,3074,2021-03-30T00:27:09+02:00,,Confirmed,,,,,False,,,False,PRISMA,,https://platform.prisma-capacity.eu/,,Trading Point,9,False
1Physical Flowhour2021-02-22 12:00:00 +00:002021-02-22 13:00:00 +00:00BE-TSO-0001VTP-00029exitkWh/h,1,Physical Flow,hour,2021-02-22T13:00:00+01:00,2021-02-22T14:00:00+01:00,BE-TSO-0001,21X-BE-A-A0A0A-Y,Fluxys Belgium,VTP-00029,Zeebrugge Beach,21Z0000000000090,exit,kWh/h,,,5793,2021-03-30T00:27:09+02:00,,Confirmed,,,,,False,,,False,PRISMA,,https://platform.prisma-capacity.eu/,,Trading Point,9,False
1Physical Flowhour2021-02-22 13:00:00 +00:002021-02-22 14:00:00 +00:00BE-TSO-0001VTP-00029exitkWh/h,1,Physical Flow,hour,2021-02-22T14:00:00+01:00,2021-02-22T15:00:00+01:00,BE-TSO-0001,21X-BE-A-A0A0A-Y,Fluxys Belgium,VTP-00029,Zeebrugge Beach,21Z0000000000090,exit,kWh/h,,,3541,2021-03-30T00:27:09+02:00,,Confirmed,,,,,False,,,False,PRISMA,,https://platform.prisma-capacity.eu/,,Trading Point,9,False
1Physical Flowhour2021-02-22 14:00:00 +00:002021-02-22 15:00:00 +00:00BE-TSO-0001VTP-00029exitkWh/h,1,Physical Flow,hour,2021-02-22T15:00:00+01:00,2021-02-22T16:00:00+01:00,BE-TSO-0001,21X-BE-A-A0A0A-Y,Fluxys Belgium,VTP-00029,Zeebrugge Beach,21Z0000000000090,exit,kWh/h,,,3010,2021-03-30T00:27:09+02:00,,Confirmed,,,,,False,,,False,PRISMA,,https://platform.prisma-capacity.eu/,,Trading Point,9,False
1Physical Flowhour2021-02-22 15:00:00 +00:002021-02-22 16:00:00 +00:00BE-TSO-0001VTP-00029exitkWh/h,1,Physical Flow,hour,2021-02-22T16:00:00+01:00,2021-02-22T17:00:00+01:00,BE-TSO-0001,21X-BE-A-A0A0A-Y,Fluxys Belgium,VTP-00029,Zeebrugge Beach,21Z0000000000090,exit,kWh/h,,,9365,2021-03-30T00:27:09+02:00,,Confirmed,,,,,False,,,False,PRISMA,,https://platform.prisma-capacity.eu/,,Trading Point,9,False
1Physical Flowhour2021-02-22 16:00:00 +00:002021-02-22 17:00:00 +00:00BE-TSO-0001VTP-00029exitkWh/h,1,Physical Flow,hour,2021-02-22T17:00:00+01:00,2021-02-22T18:00:00+01:00,BE-TSO-0001,21X-BE-A-A0A0A-Y,Fluxys Belgium,VTP-00029,Zeebrugge Beach,21Z0000000000090,exit,kWh/h,,,7066,2021-03-30T00:27:09+02:00,,Confirmed,,,,,False,,,False,PRISMA,,https://platform.prisma-capacity.eu/,,Trading Point,9,False
1Physical Flowhour2021-02-22 17:00:00 +00:002021-02-22 18:00:00 +00:00BE-TSO-0001VTP-00029exitkWh/h,1,Physical Flow,hour,2021-02-22T18:00:00+01:00,2021-02-22T19:00:00+01:00,BE-TSO-0001,21X-BE-A-A0A0A-Y,Fluxys Belgium,VTP-00029,Zeebrugge Beach,21Z0000000000090,exit,kWh/h,,,3218,2021-03-30T00:27:09+02:00,,Confirmed,,,,,False,,,False,PRISMA,,https://platform.prisma-capacity.eu/,,Trading Point,9,False
1Physical Flowhour2021-02-22 18:00:00 +00:002021-02-22 19:00:00 +00:00BE-TSO-0001VTP-00029exitkWh/h,1,Physical Flow,hour,2021-02-22T19:00:00+01:00,2021-02-22T20:00:00+01:00,BE-TSO-0001,21X-BE-A-A0A0A-Y,Fluxys Belgium,VTP-00029,Zeebrugge Beach,21Z0000000000090,exit,kWh/h,,,1486,2021-03-30T00:27:09+02:00,,Confirmed,,,,,False,,,False,PRISMA,,https://platform.prisma-capacity.eu/,,Trading Point,9,False
1Physical Flowhour2021-02-22 19:00:00 +00:002021-02-22 20:00:00 +00:00BE-TSO-0001VTP-00029exitkWh/h,1,Physical Flow,hour,2021-02-22T20:00:00+01:00,2021-02-22T21:00:00+01:00,BE-TSO-0001,21X-BE-A-A0A0A-Y,Fluxys Belgium,VTP-00029,Zeebrugge Beach,21Z0000000000090,exit,kWh/h,,,5930,2021-03-30T00:27:09+02:00,,Confirmed,,,,,False,,,False,PRISMA,,https://platform.prisma-capacity.eu/,,Trading Point,9,False
1Physical Flowhour2021-02-22 20:00:00 +00:002021-02-22 21:00:00 +00:00BE-TSO-0001VTP-00029exitkWh/h,1,Physical Flow,hour,2021-02-22T21:00:00+01:00,2021-02-22T22:00:00+01:00,BE-TSO-0001,21X-BE-A-A0A0A-Y,Fluxys Belgium,VTP-00029,Zeebrugge Beach,21Z0000000000090,exit,kWh/h,,,2436,2021-03-30T00:27:09+02:00,,Confirmed,,,,,False,,,False,PRISMA,,https://platform.prisma-capacity.eu/,,Trading Point,9,False
1Physical Flowhour2021-02-22 21:00:00 +00:002021-02-22 22:00:00 +00:00BE-TSO-0001VTP-00029exitkWh/h,1,Physical Flow,hour,2021-02-22T22:00:00+01:00,2021-02-22T23:00:00+01:00,BE-TSO-0001,21X-BE-A-A0A0A-Y,Fluxys Belgium,VTP-00029,Zeebrugge Beach,21Z0000000000090,exit,kWh/h,,,10531558,2021-03-30T00:27:09+02:00,,Confirmed,,,,,False,,,False,PRISMA,,https://platform.prisma-capacity.eu/,,Trading Point,9,False
1Physical Flowhour2021-02-22 22:00:00 +00:002021-02-22 23:00:00 +00:00BE-TSO-0001VTP-00029exitkWh/h,1,Physical Flow,hour,2021-02-22T23:00:00+01:00,2021-02-23T00:00:00+01:00,BE-TSO-0001,21X-BE-A-A0A0A-Y,Fluxys Belgium,VTP-00029,Zeebrugge Beach,21Z0000000000090,exit,kWh/h,,,10958533,2021-03-30T00:27:09+02:00,,Confirmed,,,,,False,,,False,PRISMA,,https://platform.prisma-capacity.eu/,,Trading Point,9,False
1Physical Flowhour2021-02-22 23:00:00 +00:002021-02-23 00:00:00 +00:00BE-TSO-0001VTP-00029exitkWh/h,1,Physical Flow,hour,2021-02-23T00:00:00+01:00,2021-02-23T01:00:00+01:00,BE-TSO-0001,21X-BE-A-A0A0A-Y,Fluxys Belgium,VTP-00029,Zeebrugge Beach,21Z0000000000090,exit,kWh/h,,,10292454,2021-03-30T00:27:09+02:00,,Confirmed,,,,,False,,,False,PRISMA,,https://platform.prisma-capacity.eu/,,Trading Point,9,False
1Physical Flowhour2021-02-23 00:00:00 +00:002021-02-23 01:00:00 +00:00BE-TSO-0001VTP-00029exitkWh/h,1,Physical Flow,hour,2021-02-23T01:00:00+01:00,2021-02-23T02:00:00+01:00,BE-TSO-0001,21X-BE-A-A0A0A-Y,Fluxys Belgium,VTP-00029,Zeebrugge Beach,21Z0000000000090,exit,kWh/h,,,10359905,2021-03-30T00:27:09+02:00,,Confirmed,,,,,False,,,False,PRISMA,,https://platform.prisma-capacity.eu/,,Trading Point,9,False
1Physical Flowhour2021-02-23 01:00:00 +00:002021-02-23 02:00:00 +00:00BE-TSO-0001VTP-00029exitkWh/h,1,Physical Flow,hour,2021-02-23T02:00:00+01:00,2021-02-23T03:00:00+01:00,BE-TSO-0001,21X-BE-A-A0A0A-Y,Fluxys Belgium,VTP-00029,Zeebrugge Beach,21Z0000000000090,exit,kWh/h,,,10632204,2021-03-30T00:27:09+02:00,,Confirmed,,,,,False,,,False,PRISMA,,https://platform.prisma-capacity.eu/,,Trading Point,9,False
1Physical Flowhour2021-02-23 02:00:00 +00:002021-02-23 03:00:00 +00:00BE-TSO-0001VTP-00029exitkWh/h,1,Physical Flow,hour,2021-02-23T03:00:00+01:00,2021-02-23T04:00:00+01:00,BE-TSO-0001,21X-BE-A-A0A0A-Y,Fluxys Belgium,VTP-00029,Zeebrugge Beach,21Z0000000000090,exit,kWh/h,,,10632211,2021-03-30T00:27:09+02:00,,Confirmed,,,,,False,,,False,PRISMA,,https://platform.prisma-capacity.eu/,,Trading Point,9,False
1Physical Flowhour2021-02-23 03:00:00 +00:002021-02-23 04:00:00 +00:00BE-TSO-0001VTP-00029exitkWh/h,1,Physical Flow,hour,2021-02-23T04:00:00+01:00,2021-02-23T05:00:00+01:00,BE-TSO-0001,21X-BE-A-A0A0A-Y,Fluxys Belgium,VTP-00029,Zeebrugge Beach,21Z0000000000090,exit,kWh/h,,,10631743,2021-03-30T00:27:09+02:00,,Confirmed,,,,,False,,,False,PRISMA,,https://platform.prisma-capacity.eu/,,Trading Point,9,False
1Physical Flowhour2021-02-23 04:00:00 +00:002021-02-23 05:00:00 +00:00BE-TSO-0001VTP-00029exitkWh/h,1,Physical Flow,hour,2021-02-23T05:00:00+01:00,2021-02-23T06:00:00+01:00,BE-TSO-0001,21X-BE-A-A0A0A-Y,Fluxys Belgium,VTP-00029,Zeebrugge Beach,21Z0000000000090,exit,kWh/h,,,10631742,2021-03-30T00:27:09+02:00,,Confirmed,,,,,False,,,False,PRISMA,,https://platform.prisma-capacity.eu/,,Trading Point,9,False
1Physical Flowhour2021-02-23 05:00:00 +00:002021-02-23 06:00:00 +00:00BE-TSO-0001VTP-00029exitkWh/h,1,Physical Flow,hour,2021-02-23T06:00:00+01:00,2021-02-23T07:00:00+01:00,BE-TSO-0001,21X-BE-A-A0A0A-Y,Fluxys Belgium,VTP-00029,Zeebrugge Beach,21Z0000000000090,exit,kWh/h,,,11691066,2021-03-30T00:27:09+02:00,,Confirmed,,,,,False,,,False,PRISMA,,https://platform.prisma-capacity.eu/,,Trading Point,9,False
1Physical Flowhour2021-02-23 06:00:00 +00:002021-02-23 07:00:00 +00:00BE-TSO-0001VTP-00029exitkWh/h,1,Physical Flow,hour,2021-02-23T07:00:00+01:00,2021-02-23T08:00:00+01:00,BE-TSO-0001,21X-BE-A-A0A0A-Y,Fluxys Belgium,VTP-00029,Zeebrugge Beach,21Z0000000000090,exit,kWh/h,,,11408797,2021-03-30T00:27:09+02:00,,Confirmed,,,,,False,,,False,PRISMA,,https://platform.prisma-capacity.eu/,,Trading Point,9,False
1Physical Flowhour2021-02-23 07:00:00 +00:002021-02-23 08:00:00 +00:00BE-TSO-0001VTP-00029exitkWh/h,1,Physical Flow,hour,2021-02-23T08:00:00+01:00,2021-02-23T09:00:00+01:00,BE-TSO-0001,21X-BE-A-A0A0A-Y,Fluxys Belgium,VTP-00029,Zeebrugge Beach,21Z0000000000090,exit,kWh/h,,,12551,2021-03-30T00:27:09+02:00,,Confirmed,,,,,False,,,False,PRISMA,,https://platform.prisma-capacity.eu/,,Trading Point,9,False
1Physical Flowhour2021-02-23 08:00:00 +00:002021-02-23 09:00:00 +00:00BE-TSO-0001VTP-00029exitkWh/h,1,Physical Flow,hour,2021-02-23T09:00:00+01:00,2021-02-23T10:00:00+01:00,BE-TSO-0001,21X-BE-A-A0A0A-Y,Fluxys Belgium,VTP-00029,Zeebrugge Beach,21Z0000000000090,exit,kWh/h,,,589,2021-03-30T00:27:09+02:00,,Confirmed,,,,,False,,,False,PRISMA,,https://platform.prisma-capacity.eu/,,Trading Point,9,False
1Physical Flowhour2021-02-23 09:00:00 +00:002021-02-23 10:00:00 +00:00BE-TSO-0001VTP-00029exitkWh/h,1,Physical Flow,hour,2021-02-23T10:00:00+01:00,2021-02-23T11:00:00+01:00,BE-TSO-0001,21X-BE-A-A0A0A-Y,Fluxys Belgium,VTP-00029,Zeebrugge Beach,21Z0000000000090,exit,kWh/h,,,157,2021-03-30T00:27:09+02:00,,Confirmed,,,,,False,,,False,PRISMA,,https://platform.prisma-capacity.eu/,,Trading Point,9,False
1Physical Flowhour2021-02-23 10:00:00 +00:002021-02-23 11:00:00 +00:00BE-TSO-0001VTP-00029exitkWh/h,1,Physical Flow,hour,2021-02-23T11:00:00+01:00,2021-02-23T12:00:00+01:00,BE-TSO-0001,21X-BE-A-A0A0A-Y,Fluxys Belgium,VTP-00029,Zeebrugge Beach,21Z0000000000090,exit,kWh/h,,,226,2021-03-30T00:27:09+02:00,,Confirmed,,,,,False,,,False,PRISMA,,https://platform.prisma-capacity.eu/,,Trading Point,9,False
1Physical Flowhour2021-02-23 11:00:00 +00:002021-02-23 12:00:00 +00:00BE-TSO-0001VTP-00029exitkWh/h,1,Physical Flow,hour,2021-02-23T12:00:00+01:00,2021-02-23T13:00:00+01:00,BE-TSO-0001,21X-BE-A-A0A0A-Y,Fluxys Belgium,VTP-00029,Zeebrugge Beach,21Z0000000000090,exit,kWh/h,,,250,2021-03-30T00:27:09+02:00,,Confirmed,,,,,False,,,False,PRISMA,,https://platform.prisma-capacity.eu/,,Trading Point,9,False
1Physical Flowhour2021-02-23 12:00:00 +00:002021-02-23 13:00:00 +00:00BE-TSO-0001VTP-00029exitkWh/h,1,Physical Flow,hour,2021-02-23T13:00:00+01:00,2021-02-23T14:00:00+01:00,BE-TSO-0001,21X-BE-A-A0A0A-Y,Fluxys Belgium,VTP-00029,Zeebrugge Beach,21Z0000000000090,exit,kWh/h,,,150,2021-03-30T00:27:09+02:00,,Confirmed,,,,,False,,,False,PRISMA,,https://platform.prisma-capacity.eu/,,Trading Point,9,False
1Physical Flowhour2021-02-23 13:00:00 +00:002021-02-23 14:00:00 +00:00BE-TSO-0001VTP-00029exitkWh/h,1,Physical Flow,hour,2021-02-23T14:00:00+01:00,2021-02-23T15:00:00+01:00,BE-TSO-0001,21X-BE-A-A0A0A-Y,Fluxys Belgium,VTP-00029,Zeebrugge Beach,21Z0000000000090,exit,kWh/h,,,746,2021-03-30T00:27:09+02:00,,Provisional,,,,,False,,,False,PRISMA,,https://platform.prisma-capacity.eu/,,Trading Point,9,False
1Physical Flowhour2021-02-23 14:00:00 +00:002021-02-23 15:00:00 +00:00BE-TSO-0001VTP-00029exitkWh/h,1,Physical Flow,hour,2021-02-23T15:00:00+01:00,2021-02-23T16:00:00+01:00,BE-TSO-0001,21X-BE-A-A0A0A-Y,Fluxys Belgium,VTP-00029,Zeebrugge Beach,21Z0000000000090,exit,kWh/h,,,618,2021-03-30T00:27:09+02:00,,Confirmed,,,,,False,,,False,PRISMA,,https://platform.prisma-capacity.eu/,,Trading Point,9,False
1Physical Flowhour2021-02-23 15:00:00 +00:002021-02-23 16:00:00 +00:00BE-TSO-0001VTP-00029exitkWh/h,1,Physical Flow,hour,2021-02-23T16:00:00+01:00,2021-02-23T17:00:00+01:00,BE-TSO-0001,21X-BE-A-A0A0A-Y,Fluxys Belgium,VTP-00029,Zeebrugge Beach,21Z0000000000090,exit,kWh/h,,,1071,2021-03-30T00:27:09+02:00,,Confirmed,,,,,False,,,False,PRISMA,,https://platform.prisma-capacity.eu/,,Trading Point,9,False
1Physical Flowhour2021-02-23 16:00:00 +00:002021-02-23 17:00:00 +00:00BE-TSO-0001VTP-00029exitkWh/h,1,Physical Flow,hour,2021-02-23T17:00:00+01:00,2021-02-23T18:00:00+01:00,BE-TSO-0001,21X-BE-A-A0A0A-Y,Fluxys Belgium,VTP-00029,Zeebrugge Beach,21Z0000000000090,exit,kWh/h,,,1052,2021-03-30T00:27:09+02:00,,Confirmed,,,,,False,,,False,PRISMA,,https://platform.prisma-capacity.eu/,,Trading Point,9,False
1Physical Flowhour2021-02-23 17:00:00 +00:002021-02-23 18:00:00 +00:00BE-TSO-0001VTP-00029exitkWh/h,1,Physical Flow,hour,2021-02-23T18:00:00+01:00,2021-02-23T19:00:00+01:00,BE-TSO-0001,21X-BE-A-A0A0A-Y,Fluxys Belgium,VTP-00029,Zeebrugge Beach,21Z0000000000090,exit,kWh/h,,,1847,2021-03-30T00:27:09+02:00,,Confirmed,,,,,False,,,False,PRISMA,,https://platform.prisma-capacity.eu/,,Trading Point,9,False
1Physical Flowhour2021-02-23 18:00:00 +00:002021-02-23 19:00:00 +00:00BE-TSO-0001VTP-00029exitkWh/h,1,Physical Flow,hour,2021-02-23T19:00:00+01:00,2021-02-23T20:00:00+01:00,BE-TSO-0001,21X-BE-A-A0A0A-Y,Fluxys Belgium,VTP-00029,Zeebrugge Beach,21Z0000000000090,exit,kWh/h,,,3379,2021-03-30T00:27:09+02:00,,Confirmed,,,,,False,,,False,PRISMA,,https://platform.prisma-capacity.eu/,,Trading Point,9,False
1Physical Flowhour2021-02-23 19:00:00 +00:002021-02-23 20:00:00 +00:00BE-TSO-0001VTP-00029exitkWh/h,1,Physical Flow,hour,2021-02-23T20:00:00+01:00,2021-02-23T21:00:00+01:00,BE-TSO-0001,21X-BE-A-A0A0A-Y,Fluxys Belgium,VTP-00029,Zeebrugge Beach,21Z0000000000090,exit,kWh/h,,,2288,2021-03-30T00:27:09+02:00,,Confirmed,,,,,False,,,False,PRISMA,,https://platform.prisma-capacity.eu/,,Trading Point,9,False
1Physical Flowhour2021-02-23 20:00:00 +00:002021-02-23 21:00:00 +00:00BE-TSO-0001VTP-00029exitkWh/h,1,Physical Flow,hour,2021-02-23T21:00:00+01:00,2021-02-23T22:00:00+01:00,BE-TSO-0001,21X-BE-A-A0A0A-Y,Fluxys Belgium,VTP-00029,Zeebrugge Beach,21Z0000000000090,exit,kWh/h,,,2718,2021-03-30T00:27:09+02:00,,Provisional,,,,,False,,,False,PRISMA,,https://platform.prisma-capacity.eu/,,Trading Point,9,False
1Physical Flowhour2021-02-23 21:00:00 +00:002021-02-23 22:00:00 +00:00BE-TSO-0001VTP-00029exitkWh/h,1,Physical Flow,hour,2021-02-23T22:00:00+01:00,2021-02-23T23:00:00+01:00,BE-TSO-0001,21X-BE-A-A0A0A-Y,Fluxys Belgium,VTP-00029,Zeebrugge Beach,21Z0000000000090,exit,kWh/h,,,1242,2021-03-30T00:27:09+02:00,,Confirmed,,,,,False,,,False,PRISMA,,https://platform.prisma-capacity.eu/,,Trading Point,9,False
1Physical Flowhour2021-02-23 22:00:00 +00:002021-02-23 23:00:00 +00:00BE-TSO-0001VTP-00029exitkWh/h,1,Physical Flow,hour,2021-02-23T23:00:00+01:00,2021-02-24T00:00:00+01:00,BE-TSO-0001,21X-BE-A-A0A0A-Y,Fluxys Belgium,VTP-00029,Zeebrugge Beach,21Z0000000000090,exit,kWh/h,,,2098,2021-03-30T00:27:09+02:00,,Confirmed,,,,,False,,,False,PRISMA,,https://platform.prisma-capacity.eu/,,Trading Point,9,False
1Physical Flowhour2021-02-23 23:00:00 +00:002021-02-24 00:00:00 +00:00BE-TSO-0001VTP-00029exitkWh/h,1,Physical Flow,hour,2021-02-24T00:00:00+01:00,2021-02-24T01:00:00+01:00,BE-TSO-0001,21X-BE-A-A0A0A-Y,Fluxys Belgium,VTP-00029,Zeebrugge Beach,21Z0000000000090,exit,kWh/h,,,1353,2021-03-30T00:27:09+02:00,,Confirmed,,,,,False,,,False,PRISMA,,https://platform.prisma-capacity.eu/,,Trading Point,9,False
1Physical Flowhour2021-02-24 00:00:00 +00:002021-02-24 01:00:00 +00:00BE-TSO-0001VTP-00029exitkWh/h,1,Physical Flow,hour,2021-02-24T01:00:00+01:00,2021-02-24T02:00:00+01:00,BE-TSO-0001,21X-BE-A-A0A0A-Y,Fluxys Belgium,VTP-00029,Zeebrugge Beach,21Z0000000000090,exit,kWh/h,,,1862,2021-03-30T00:27:09+02:00,,Confirmed,,,,,False,,,False,PRISMA,,https://platform.prisma-capacity.eu/,,Trading Point,9,False
1Physical Flowhour2021-02-24 01:00:00 +00:002021-02-24 02:00:00 +00:00BE-TSO-0001VTP-00029exitkWh/h,1,Physical Flow,hour,2021-02-24T02:00:00+01:00,2021-02-24T03:00:00+01:00,BE-TSO-0001,21X-BE-A-A0A0A-Y,Fluxys Belgium,VTP-00029,Zeebrugge Beach,21Z0000000000090,exit,kWh/h,,,685,2021-03-30T00:27:09+02:00,,Confirmed,,,,,False,,,False,PRISMA,,https://platform.prisma-capacity.eu/,,Trading Point,9,False
1Physical Flowhour2021-02-24 02:00:00 +00:002021-02-24 03:00:00 +00:00BE-TSO-0001VTP-00029exitkWh/h,1,Physical Flow,hour,2021-02-24T03:00:00+01:00,2021-02-24T04:00:00+01:00,BE-TSO-0001,21X-BE-A-A0A0A-Y,Fluxys Belgium,VTP-00029,Zeebrugge Beach,21Z0000000000090,exit,kWh/h,,,865,2021-03-30T00:27:09+02:00,,Confirmed,,,,,False,,,False,PRISMA,,https://platform.prisma-capacity.eu/,,Trading Point,9,False
1Physical Flowhour2021-02-24 03:00:00 +00:002021-02-24 04:00:00 +00:00BE-TSO-0001VTP-00029exitkWh/h,1,Physical Flow,hour,2021-02-24T04:00:00+01:00,2021-02-24T05:00:00+01:00,BE-TSO-0001,21X-BE-A-A0A0A-Y,Fluxys Belgium,VTP-00029,Zeebrugge Beach,21Z0000000000090,exit,kWh/h,,,2028,2021-03-30T00:27:09+02:00,,Confirmed,,,,,False,,,False,PRISMA,,https://platform.prisma-capacity.eu/,,Trading Point,9,False
1Physical Flowhour2021-02-24 04:00:00 +00:002021-02-24 05:00:00 +00:00BE-TSO-0001VTP-00029exitkWh/h,1,Physical Flow,hour,2021-02-24T05:00:00+01:00,2021-02-24T06:00:00+01:00,BE-TSO-0001,21X-BE-A-A0A0A-Y,Fluxys Belgium,VTP-00029,Zeebrugge Beach,21Z0000000000090,exit,kWh/h,,,6604,2021-03-30T00:27:09+02:00,,Confirmed,,,,,False,,,False,PRISMA,,https://platform.prisma-capacity.eu/,,Trading Point,9,False
1Physical Flowhour2021-02-24 05:00:00 +00:002021-02-24 06:00:00 +00:00BE-TSO-0001VTP-00029exitkWh/h,1,Physical Flow,hour,2021-02-24T06:00:00+01:00,2021-02-24T07:00:00+01:00,BE-TSO-0001,21X-BE-A-A0A0A-Y,Fluxys Belgium,VTP-00029,Zeebrugge Beach,21Z0000000000090,exit,kWh/h,,,978,2021-03-30T00:27:09+02:00,,Confirmed,,,,,False,,,False,PRISMA,,https://platform.prisma-capacity.eu/,,Trading Point,9,False
1Physical Flowhour2021-02-24 06:00:00 +00:002021-02-24 07:00:00 +00:00BE-TSO-0001VTP-00029exitkWh/h,1,Physical Flow,hour,2021-02-24T07:00:00+01:00,2021-02-24T08:00:00+01:00,BE-TSO-0001,21X-BE-A-A0A0A-Y,Fluxys Belgium,VTP-00029,Zeebrugge Beach,21Z0000000000090,exit,kWh/h,,,378,2021-03-30T00:27:09+02:00,,Confirmed,,,,,False,,,False,PRISMA,,https://platform.prisma-capacity.eu/,,Trading Point,9,False
1Physical Flowhour2021-02-24 07:00:00 +00:002021-02-24 08:00:00 +00:00BE-TSO-0001VTP-00029exitkWh/h,1,Physical Flow,hour,2021-02-24T08:00:00+01:00,2021-02-24T09:00:00+01:00,BE-TSO-0001,21X-BE-A-A0A0A-Y,Fluxys Belgium,VTP-00029,Zeebrugge Beach,21Z0000000000090,exit,kWh/h,,,543,2021-03-30T00:27:09+02:00,,Confirmed,,,,,False,,,False,PRISMA,,https://platform.prisma-capacity.eu/,,Trading Point,9,False
1Physical Flowhour2021-02-24 08:00:00 +00:002021-02-24 09:00:00 +00:00BE-TSO-0001VTP-00029exitkWh/h,1,Physical Flow,hour,2021-02-24T09:00:00+01:00,2021-02-24T10:00:00+01:00,BE-TSO-0001,21X-BE-A-A0A0A-Y,Fluxys Belgium,VTP-00029,Zeebrugge Beach,21Z0000000000090,exit,kWh/h,,,1327,2021-03-30T00:27:09+02:00,,Confirmed,,,,,False,,,False,PRISMA,,https://platform.prisma-capacity.eu/,,Trading Point,9,False
1Physical Flowhour2021-02-24 09:00:00 +00:002021-02-24 10:00:00 +00:00BE-TSO-0001VTP-00029exitkWh/h,1,Physical Flow,hour,2021-02-24T10:00:00+01:00,2021-02-24T11:00:00+01:00,BE-TSO-0001,21X-BE-A-A0A0A-Y,Fluxys Belgium,VTP-00029,Zeebrugge Beach,21Z0000000000090,exit,kWh/h,,,910,2021-03-30T00:27:09+02:00,,Confirmed,,,,,False,,,False,PRISMA,,https://platform.prisma-capacity.eu/,,Trading Point,9,False
1Physical Flowhour2021-02-24 10:00:00 +00:002021-02-24 11:00:00 +00:00BE-TSO-0001VTP-00029exitkWh/h,1,Physical Flow,hour,2021-02-24T11:00:00+01:00,2021-02-24T12:00:00+01:00,BE-TSO-0001,21X-BE-A-A0A0A-Y,Fluxys Belgium,VTP-00029,Zeebrugge Beach,21Z0000000000090,exit,kWh/h,,,499,2021-03-30T00:27:09+02:00,,Confirmed,,,,,False,,,False,PRISMA,,https://platform.prisma-capacity.eu/,,Trading Point,9,False
1Physical Flowhour2021-02-24 11:00:00 +00:002021-02-24 12:00:00 +00:00BE-TSO-0001VTP-00029exitkWh/h,1,Physical Flow,hour,2021-02-24T12:00:00+01:00,2021-02-24T13:00:00+01:00,BE-TSO-0001,21X-BE-A-A0A0A-Y,Fluxys Belgium,VTP-00029,Zeebrugge Beach,21Z0000000000090,exit,kWh/h,,,291,2021-03-30T00:27:09+02:00,,Confirmed,,,,,False,,,False,PRISMA,,https://platform.prisma-capacity.eu/,,Trading Point,9,False
1Physical Flowhour2021-02-24 12:00:00 +00:002021-02-24 13:00:00 +00:00BE-TSO-0001VTP-00029exitkWh/h,1,Physical Flow,hour,2021-02-24T13:00:00+01:00,2021-02-24T14:00:00+01:00,BE-TSO-0001,21X-BE-A-A0A0A-Y,Fluxys Belgium,VTP-00029,Zeebrugge Beach,21Z0000000000090,exit,kWh/h,,,520,2021-03-30T00:27:09+02:00,,Confirmed,,,,,False,,,False,PRISMA,,https://platform.prisma-capacity.eu/,,Trading Point,9,False
1Physical Flowhour2021-02-24 13:00:00 +00:002021-02-24 14:00:00 +00:00BE-TSO-0001VTP-00029exitkWh/h,1,Physical Flow,hour,2021-02-24T14:00:00+01:00,2021-02-24T15:00:00+01:00,BE-TSO-0001,21X-BE-A-A0A0A-Y,Fluxys Belgium,VTP-00029,Zeebrugge Beach,21Z0000000000090,exit,kWh/h,,,365,2021-03-30T00:27:09+02:00,,Confirmed,,,,,False,,,False,PRISMA,,https://platform.prisma-capacity.eu/,,Trading Point,9,False
1Physical Flowhour2021-02-24 14:00:00 +00:002021-02-24 15:00:00 +00:00BE-TSO-0001VTP-00029exitkWh/h,1,Physical Flow,hour,2021-02-24T15:00:00+01:00,2021-02-24T16:00:00+01:00,BE-TSO-0001,21X-BE-A-A0A0A-Y,Fluxys Belgium,VTP-00029,Zeebrugge Beach,21Z0000000000090,exit,kWh/h,,,248,2021-03-30T00:27:09+02:00,,Confirmed,,,,,False,,,False,PRISMA,,https://platform.prisma-capacity.eu/,,Trading Point,9,False
1Physical Flowhour2021-02-24 15:00:00 +00:002021-02-24 16:00:00 +00:00BE-TSO-0001VTP-00029exitkWh/h,1,Physical Flow,hour,2021-02-24T16:00:00+01:00,2021-02-24T17:00:00+01:00,BE-TSO-0001,21X-BE-A-A0A0A-Y,Fluxys Belgium,VTP-00029,Zeebrugge Beach,21Z0000000000090,exit,kWh/h,,,7157,2021-03-30T00:27:09+02:00,,Confirmed,,,,,False,,,False,PRISMA,,https://platform.prisma-capacity.eu/,,Trading Point,9,False
1Physical Flowhour2021-02-24 16:00:00 +00:002021-02-24 17:00:00 +00:00BE-TSO-0001VTP-00029exitkWh/h,1,Physical Flow,hour,2021-02-24T17:00:00+01:00,2021-02-24T18:00:00+01:00,BE-TSO-0001,21X-BE-A-A0A0A-Y,Fluxys Belgium,VTP-00029,Zeebrugge Beach,21Z0000000000090,exit,kWh/h,,,1398,2021-03-30T00:27:09+02:00,,Confirmed,,,,,False,,,False,PRISMA,,https://platform.prisma-capacity.eu/,,Trading Point,9,False
1Physical Flowhour2021-02-24 17:00:00 +00:002021-02-24 18:00:00 +00:00BE-TSO-0001VTP-00029exitkWh/h,1,Physical Flow,hour,2021-02-24T18:00:00+01:00,2021-02-24T19:00:00+01:00,BE-TSO-0001,21X-BE-A-A0A0A-Y,Fluxys Belgium,VTP-00029,Zeebrugge Beach,21Z0000000000090,exit,kWh/h,,,1490,2021-03-30T00:27:09+02:00,,Confirmed,,,,,False,,,False,PRISMA,,https://platform.prisma-capacity.eu/,,Trading Point,9,False
1Physical Flowhour2021-02-24 18:00:00 +00:002021-02-24 19:00:00 +00:00BE-TSO-0001VTP-00029exitkWh/h,1,Physical Flow,hour,2021-02-24T19:00:00+01:00,2021-02-24T20:00:00+01:00,BE-TSO-0001,21X-BE-A-A0A0A-Y,Fluxys Belgium,VTP-00029,Zeebrugge Beach,21Z0000000000090,exit,kWh/h,,,1764,2021-03-30T00:27:09+02:00,,Provisional,,,,,False,,,False,PRISMA,,https://platform.prisma-capacity.eu/,,Trading Point,9,False
1Physical Flowhour2021-02-24 19:00:00 +00:002021-02-24 20:00:00 +00:00BE-TSO-0001VTP-00029exitkWh/h,1,Physical Flow,hour,2021-02-24T20:00:00+01:00,2021-02-24T21:00:00+01:00,BE-TSO-0001,21X-BE-A-A0A0A-Y,Fluxys Belgium,VTP-00029,Zeebrugge Beach,21Z0000000000090,exit,kWh/h,,,1298,2021-03-30T00:27:09+02:00,,Confirmed,,,,,False,,,False,PRISMA,,https://platform.prisma-capacity.eu/,,Trading Point,9,False
1Physical Flowhour2021-02-24 20:00:00 +00:002021-02-24 21:00:00 +00:00BE-TSO-0001VTP-00029exitkWh/h,1,Physical Flow,hour,2021-02-24T21:00:00+01:00,2021-02-24T22:00:00+01:00,BE-TSO-0001,21X-BE-A-A0A0A-Y,Fluxys Belgium,VTP-00029,Zeebrugge Beach,21Z0000000000090,exit,kWh/h,,,520,2021-03-30T00:27:09+02:00,,Confirmed,,,,,False,,,False,PRISMA,,https://platform.prisma-capacity.eu/,,Trading Point,9,False
1Physical Flowhour2021-02-24 21:00:00 +00:002021-02-24 22:00:00 +00:00BE-TSO-0001VTP-00029exitkWh/h,1,Physical Flow,hour,2021-02-24T22:00:00+01:00,2021-02-24T23:00:00+01:00,BE-TSO-0001,21X-BE-A-A0A0A-Y,Fluxys Belgium,VTP-00029,Zeebrugge Beach,21Z0000000000090,exit,kWh/h,,,424,2021-03-30T00:27:09+02:00,,Confirmed,,,,,False,,,False,PRISMA,,https://platform.prisma-capacity.eu/,,Trading Point,9,False
1Physical Flowhour2021-02-24 22:00:00 +00:002021-02-24 23:00:00 +00:00BE-TSO-0001VTP-00029exitkWh/h,1,Physical Flow,hour,2021-02-24T23:00:00+01:00,2021-02-25T00:00:00+01:00,BE-TSO-0001,21X-BE-A-A0A0A-Y,Fluxys Belgium,VTP-00029,Zeebrugge Beach,21Z0000000000090,exit,kWh/h,,,315,2021-03-30T00:27:09+02:00,,Confirmed,,,,,False,,,False,PRISMA,,https://platform.prisma-capacity.eu/,,Trading Point,9,False
1Physical Flowhour2021-02-24 23:00:00 +00:002021-02-25 00:00:00 +00:00BE-TSO-0001VTP-00029exitkWh/h,1,Physical Flow,hour,2021-02-25T00:00:00+01:00,2021-02-25T01:00:00+01:00,BE-TSO-0001,21X-BE-A-A0A0A-Y,Fluxys Belgium,VTP-00029,Zeebrugge Beach,21Z0000000000090,exit,kWh/h,,,66,2021-03-30T00:27:09+02:00,,Confirmed,,,,,False,,,False,PRISMA,,https://platform.prisma-capacity.eu/,,Trading Point,9,False
1Physical Flowhour2021-02-25 00:00:00 +00:002021-02-25 01:00:00 +00:00BE-TSO-0001VTP-00029exitkWh/h,1,Physical Flow,hour,2021-02-25T01:00:00+01:00,2021-02-25T02:00:00+01:00,BE-TSO-0001,21X-BE-A-A0A0A-Y,Fluxys Belgium,VTP-00029,Zeebrugge Beach,21Z0000000000090,exit,kWh/h,,,91,2021-03-30T00:27:09+02:00,,Confirmed,,,,,False,,,False,PRISMA,,https://platform.prisma-capacity.eu/,,Trading Point,9,False
1Physical Flowhour2021-02-25 01:00:00 +00:002021-02-25 02:00:00 +00:00BE-TSO-0001VTP-00029exitkWh/h,1,Physical Flow,hour,2021-02-25T02:00:00+01:00,2021-02-25T03:00:00+01:00,BE-TSO-0001,21X-BE-A-A0A0A-Y,Fluxys Belgium,VTP-00029,Zeebrugge Beach,21Z0000000000090,exit,kWh/h,,,116,2021-03-30T00:27:09+02:00,,Confirmed,,,,,False,,,False,PRISMA,,https://platform.prisma-capacity.eu/,,Trading Point,9,False
1Physical Flowhour2021-02-25 02:00:00 +00:002021-02-25 03:00:00 +00:00BE-TSO-0001VTP-00029exitkWh/h,1,Physical Flow,hour,2021-02-25T03:00:00+01:00,2021-02-25T04:00:00+01:00,BE-TSO-0001,21X-BE-A-A0A0A-Y,Fluxys Belgium,VTP-00029,Zeebrugge Beach,21Z0000000000090,exit,kWh/h,,,97,2021-03-30T00:27:09+02:00,,Confirmed,,,,,False,,,False,PRISMA,,https://platform.prisma-capacity.eu/,,Trading Point,9,False
1Physical Flowhour2021-02-25 03:00:00 +00:002021-02-25 04:00:00 +00:00BE-TSO-0001VTP-00029exitkWh/h,1,Physical Flow,hour,2021-02-25T04:00:00+01:00,2021-02-25T05:00:00+01:00,BE-TSO-0001,21X-BE-A-A0A0A-Y,Fluxys Belgium,VTP-00029,Zeebrugge Beach,21Z0000000000090,exit,kWh/h,,,133,2021-03-30T00:27:09+02:00,,Confirmed,,,,,False,,,False,PRISMA,,https://platform.prisma-capacity.eu/,,Trading Point,9,False
1Physical Flowhour2021-02-25 04:00:00 +00:002021-02-25 05:00:00 +00:00BE-TSO-0001VTP-00029exitkWh/h,1,Physical Flow,hour,2021-02-25T05:00:00+01:00,2021-02-25T06:00:00+01:00,BE-TSO-0001,21X-BE-A-A0A0A-Y,Fluxys Belgium,VTP-00029,Zeebrugge Beach,21Z0000000000090,exit,kWh/h,,,435,2021-03-30T00:27:09+02:00,,Confirmed,,,,,False,,,False,PRISMA,,https://platform.prisma-capacity.eu/,,Trading Point,9,False
1Physical Flowhour2021-02-25 05:00:00 +00:002021-02-25 06:00:00 +00:00BE-TSO-0001VTP-00029exitkWh/h,1,Physical Flow,hour,2021-02-25T06:00:00+01:00,2021-02-25T07:00:00+01:00,BE-TSO-0001,21X-BE-A-A0A0A-Y,Fluxys Belgium,VTP-00029,Zeebrugge Beach,21Z0000000000090,exit,kWh/h,,,2262,2021-03-30T00:27:09+02:00,,Confirmed,,,,,False,,,False,PRISMA,,https://platform.prisma-capacity.eu/,,Trading Point,9,False
1Physical Flowhour2021-02-25 06:00:00 +00:002021-02-25 07:00:00 +00:00BE-TSO-0001VTP-00029exitkWh/h,1,Physical Flow,hour,2021-02-25T07:00:00+01:00,2021-02-25T08:00:00+01:00,BE-TSO-0001,21X-BE-A-A0A0A-Y,Fluxys Belgium,VTP-00029,Zeebrugge Beach,21Z0000000000090,exit,kWh/h,,,518,2021-03-30T00:27:09+02:00,,Confirmed,,,,,False,,,False,PRISMA,,https://platform.prisma-capacity.eu/,,Trading Point,9,False
1Physical Flowhour2021-02-25 07:00:00 +00:002021-02-25 08:00:00 +00:00BE-TSO-0001VTP-00029exitkWh/h,1,Physical Flow,hour,2021-02-25T08:00:00+01:00,2021-02-25T09:00:00+01:00,BE-TSO-0001,21X-BE-A-A0A0A-Y,Fluxys Belgium,VTP-00029,Zeebrugge Beach,21Z0000000000090,exit,kWh/h,,,435,2021-03-30T00:27:09+02:00,,Confirmed,,,,,False,,,False,PRISMA,,https://platform.prisma-capacity.eu/,,Trading Point,9,False
1Physical Flowhour2021-02-25 08:00:00 +00:002021-02-25 09:00:00 +00:00BE-TSO-0001VTP-00029exitkWh/h,1,Physical Flow,hour,2021-02-25T09:00:00+01:00,2021-02-25T10:00:00+01:00,BE-TSO-0001,21X-BE-A-A0A0A-Y,Fluxys Belgium,VTP-00029,Zeebrugge Beach,21Z0000000000090,exit,kWh/h,,,1916,2021-03-30T00:27:09+02:00,,Confirmed,,,,,False,,,False,PRISMA,,https://platform.prisma-capacity.eu/,,Trading Point,9,False
1Physical Flowhour2021-02-25 09:00:00 +00:002021-02-25 10:00:00 +00:00BE-TSO-0001VTP-00029exitkWh/h,1,Physical Flow,hour,2021-02-25T10:00:00+01:00,2021-02-25T11:00:00+01:00,BE-TSO-0001,21X-BE-A-A0A0A-Y,Fluxys Belgium,VTP-00029,Zeebrugge Beach,21Z0000000000090,exit,kWh/h,,,357,2021-03-30T00:27:09+02:00,,Confirmed,,,,,False,,,False,PRISMA,,https://platform.prisma-capacity.eu/,,Trading Point,9,False
1Physical Flowhour2021-02-25 10:00:00 +00:002021-02-25 11:00:00 +00:00BE-TSO-0001VTP-00029exitkWh/h,1,Physical Flow,hour,2021-02-25T11:00:00+01:00,2021-02-25T12:00:00+01:00,BE-TSO-0001,21X-BE-A-A0A0A-Y,Fluxys Belgium,VTP-00029,Zeebrugge Beach,21Z0000000000090,exit,kWh/h,,,991,2021-03-30T00:27:09+02:00,,Confirmed,,,,,False,,,False,PRISMA,,https://platform.prisma-capacity.eu/,,Trading Point,9,False
1Physical Flowhour2021-02-25 11:00:00 +00:002021-02-25 12:00:00 +00:00BE-TSO-0001VTP-00029exitkWh/h,1,Physical Flow,hour,2021-02-25T12:00:00+01:00,2021-02-25T13:00:00+01:00,BE-TSO-0001,21X-BE-A-A0A0A-Y,Fluxys Belgium,VTP-00029,Zeebrugge Beach,21Z0000000000090,exit,kWh/h,,,1337,2021-03-30T00:27:09+02:00,,Confirmed,,,,,False,,,False,PRISMA,,https://platform.prisma-capacity.eu/,,Trading Point,9,False
1Physical Flowhour2021-02-25 12:00:00 +00:002021-02-25 13:00:00 +00:00BE-TSO-0001VTP-00029exitkWh/h,1,Physical Flow,hour,2021-02-25T13:00:00+01:00,2021-02-25T14:00:00+01:00,BE-TSO-0001,21X-BE-A-A0A0A-Y,Fluxys Belgium,VTP-00029,Zeebrugge Beach,21Z0000000000090,exit,kWh/h,,,412,2021-03-30T00:27:09+02:00,,Confirmed,,,,,False,,,False,PRISMA,,https://platform.prisma-capacity.eu/,,Trading Point,9,False
1Physical Flowhour2021-02-25 13:00:00 +00:002021-02-25 14:00:00 +00:00BE-TSO-0001VTP-00029exitkWh/h,1,Physical Flow,hour,2021-02-25T14:00:00+01:00,2021-02-25T15:00:00+01:00,BE-TSO-0001,21X-BE-A-A0A0A-Y,Fluxys Belgium,VTP-00029,Zeebrugge Beach,21Z0000000000090,exit,kWh/h,,,760,2021-03-30T00:27:09+02:00,,Confirmed,,,,,False,,,False,PRISMA,,https://platform.prisma-capacity.eu/,,Trading Point,9,False
1Physical Flowhour2021-02-25 14:00:00 +00:002021-02-25 15:00:00 +00:00BE-TSO-0001VTP-00029exitkWh/h,1,Physical Flow,hour,2021-02-25T15:00:00+01:00,2021-02-25T16:00:00+01:00,BE-TSO-0001,21X-BE-A-A0A0A-Y,Fluxys Belgium,VTP-00029,Zeebrugge Beach,21Z0000000000090,exit,kWh/h,,,761,2021-03-30T00:27:09+02:00,,Confirmed,,,,,False,,,False,PRISMA,,https://platform.prisma-capacity.eu/,,Trading Point,9,False
1Physical Flowhour2021-02-25 15:00:00 +00:002021-02-25 16:00:00 +00:00BE-TSO-0001VTP-00029exitkWh/h,1,Physical Flow,hour,2021-02-25T16:00:00+01:00,2021-02-25T17:00:00+01:00,BE-TSO-0001,21X-BE-A-A0A0A-Y,Fluxys Belgium,VTP-00029,Zeebrugge Beach,21Z0000000000090,exit,kWh/h,,,564,2021-03-30T00:27:09+02:00,,Confirmed,,,,,False,,,False,PRISMA,,https://platform.prisma-capacity.eu/,,Trading Point,9,False
1Physical Flowhour2021-02-25 16:00:00 +00:002021-02-25 17:00:00 +00:00BE-TSO-0001VTP-00029exitkWh/h,1,Physical Flow,hour,2021-02-25T17:00:00+01:00,2021-02-25T18:00:00+01:00,BE-TSO-0001,21X-BE-A-A0A0A-Y,Fluxys Belgium,VTP-00029,Zeebrugge Beach,21Z0000000000090,exit,kWh/h,,,1003,2021-03-30T00:27:09+02:00,,Confirmed,,,,,False,,,False,PRISMA,,https://platform.prisma-capacity.eu/,,Trading Point,9,False
1Physical Flowhour2021-02-25 17:00:00 +00:002021-02-25 18:00:00 +00:00BE-TSO-0001VTP-00029exitkWh/h,1,Physical Flow,hour,2021-02-25T18:00:00+01:00,2021-02-25T19:00:00+01:00,BE-TSO-0001,21X-BE-A-A0A0A-Y,Fluxys Belgium,VTP-00029,Zeebrugge Beach,21Z0000000000090,exit,kWh/h,,,1398,2021-03-30T00:27:09+02:00,,Confirmed,,,,,False,,,False,PRISMA,,https://platform.prisma-capacity.eu/,,Trading Point,9,False
1Physical Flowhour2021-02-25 18:00:00 +00:002021-02-25 19:00:00 +00:00BE-TSO-0001VTP-00029exitkWh/h,1,Physical Flow,hour,2021-02-25T19:00:00+01:00,2021-02-25T20:00:00+01:00,BE-TSO-0001,21X-BE-A-A0A0A-Y,Fluxys Belgium,VTP-00029,Zeebrugge Beach,21Z0000000000090,exit,kWh/h,,,1294,2021-03-30T00:27:09+02:00,,Confirmed,,,,,False,,,False,PRISMA,,https://platform.prisma-capacity.eu/,,Trading Point,9,False
1Physical Flowhour2021-02-25 19:00:00 +00:002021-02-25 20:00:00 +00:00BE-TSO-0001VTP-00029exitkWh/h,1,Physical Flow,hour,2021-02-25T20:00:00+01:00,2021-02-25T21:00:00+01:00,BE-TSO-0001,21X-BE-A-A0A0A-Y,Fluxys Belgium,VTP-00029,Zeebrugge Beach,21Z0000000000090,exit,kWh/h,,,1886,2021-03-30T00:27:09+02:00,,Confirmed,,,,,False,,,False,PRISMA,,https://platform.prisma-capacity.eu/,,Trading Point,9,False
1Physical Flowhour2021-02-25 20:00:00 +00:002021-02-25 21:00:00 +00:00BE-TSO-0001VTP-00029exitkWh/h,1,Physical Flow,hour,2021-02-25T21:00:00+01:00,2021-02-25T22:00:00+01:00,BE-TSO-0001,21X-BE-A-A0A0A-Y,Fluxys Belgium,VTP-00029,Zeebrugge Beach,21Z0000000000090,exit,kWh/h,,,4382,2021-03-30T00:27:09+02:00,,Confirmed,,,,,False,,,False,PRISMA,,https://platform.prisma-capacity.eu/,,Trading Point,9,False
1Physical Flowhour2021-02-25 21:00:00 +00:002021-02-25 22:00:00 +00:00BE-TSO-0001VTP-00029exitkWh/h,1,Physical Flow,hour,2021-02-25T22:00:00+01:00,2021-02-25T23:00:00+01:00,BE-TSO-0001,21X-BE-A-A0A0A-Y,Fluxys Belgium,VTP-00029,Zeebrugge Beach,21Z0000000000090,exit,kWh/h,,,2507,2021-03-30T00:27:09+02:00,,Confirmed,,,,,False,,,False,PRISMA,,https://platform.prisma-capacity.eu/,,Trading Point,9,False
1Physical Flowhour2021-02-25 22:00:00 +00:002021-02-25 23:00:00 +00:00BE-TSO-0001VTP-00029exitkWh/h,1,Physical Flow,hour,2021-02-25T23:00:00+01:00,2021-02-26T00:00:00+01:00,BE-TSO-0001,21X-BE-A-A0A0A-Y,Fluxys Belgium,VTP-00029,Zeebrugge Beach,21Z0000000000090,exit,kWh/h,,,2948,2021-03-30T00:27:09+02:00,,Confirmed,,,,,False,,,False,PRISMA,,https://platform.prisma-capacity.eu/,,Trading Point,9,False
1Physical Flowhour2021-02-25 23:00:00 +00:002021-02-26 00:00:00 +00:00BE-TSO-0001VTP-00029exitkWh/h,1,Physical Flow,hour,2021-02-26T00:00:00+01:00,2021-02-26T01:00:00+01:00,BE-TSO-0001,21X-BE-A-A0A0A-Y,Fluxys Belgium,VTP-00029,Zeebrugge Beach,21Z0000000000090,exit,kWh/h,,,5668,2021-03-30T00:27:09+02:00,,Confirmed,,,,,False,,,False,PRISMA,,https://platform.prisma-capacity.eu/,,Trading Point,9,False
1Physical Flowhour2021-02-26 00:00:00 +00:002021-02-26 01:00:00 +00:00BE-TSO-0001VTP-00029exitkWh/h,1,Physical Flow,hour,2021-02-26T01:00:00+01:00,2021-02-26T02:00:00+01:00,BE-TSO-0001,21X-BE-A-A0A0A-Y,Fluxys Belgium,VTP-00029,Zeebrugge Beach,21Z0000000000090,exit,kWh/h,,,8445645,2021-03-30T00:27:09+02:00,,Confirmed,,,,,False,,,False,PRISMA,,https://platform.prisma-capacity.eu/,,Trading Point,9,False
1Physical Flowhour2021-02-26 01:00:00 +00:002021-02-26 02:00:00 +00:00BE-TSO-0001VTP-00029exitkWh/h,1,Physical Flow,hour,2021-02-26T02:00:00+01:00,2021-02-26T03:00:00+01:00,BE-TSO-0001,21X-BE-A-A0A0A-Y,Fluxys Belgium,VTP-00029,Zeebrugge Beach,21Z0000000000090,exit,kWh/h,,,13667719,2021-03-30T00:27:09+02:00,,Confirmed,,,,,False,,,False,PRISMA,,https://platform.prisma-capacity.eu/,,Trading Point,9,False
1Physical Flowhour2021-02-26 02:00:00 +00:002021-02-26 03:00:00 +00:00BE-TSO-0001VTP-00029exitkWh/h,1,Physical Flow,hour,2021-02-26T03:00:00+01:00,2021-02-26T04:00:00+01:00,BE-TSO-0001,21X-BE-A-A0A0A-Y,Fluxys Belgium,VTP-00029,Zeebrugge Beach,21Z0000000000090,exit,kWh/h,,,10985030,2021-03-30T00:27:09+02:00,,Confirmed,,,,,False,,,False,PRISMA,,https://platform.prisma-capacity.eu/,,Trading Point,9,False
1Physical Flowhour2021-02-26 03:00:00 +00:002021-02-26 04:00:00 +00:00BE-TSO-0001VTP-00029exitkWh/h,1,Physical Flow,hour,2021-02-26T04:00:00+01:00,2021-02-26T05:00:00+01:00,BE-TSO-0001,21X-BE-A-A0A0A-Y,Fluxys Belgium,VTP-00029,Zeebrugge Beach,21Z0000000000090,exit,kWh/h,,,10992554,2021-03-30T00:27:09+02:00,,Confirmed,,,,,False,,,False,PRISMA,,https://platform.prisma-capacity.eu/,,Trading Point,9,False
1Physical Flowhour2021-02-26 04:00:00 +00:002021-02-26 05:00:00 +00:00BE-TSO-0001VTP-00029exitkWh/h,1,Physical Flow,hour,2021-02-26T05:00:00+01:00,2021-02-26T06:00:00+01:00,BE-TSO-0001,21X-BE-A-A0A0A-Y,Fluxys Belgium,VTP-00029,Zeebrugge Beach,21Z0000000000090,exit,kWh/h,,,10837792,2021-03-30T00:27:09+02:00,,Confirmed,,,,,False,,,False,PRISMA,,https://platform.prisma-capacity.eu/,,Trading Point,9,False
1Physical Flowhour2021-02-26 05:00:00 +00:002021-02-26 06:00:00 +00:00BE-TSO-0001VTP-00029exitkWh/h,1,Physical Flow,hour,2021-02-26T06:00:00+01:00,2021-02-26T07:00:00+01:00,BE-TSO-0001,21X-BE-A-A0A0A-Y,Fluxys Belgium,VTP-00029,Zeebrugge Beach,21Z0000000000090,exit,kWh/h,,,3015,2021-03-30T00:27:09+02:00,,Confirmed,,,,,False,,,False,PRISMA,,https://platform.prisma-capacity.eu/,,Trading Point,9,False
1Physical Flowhour2021-02-26 06:00:00 +00:002021-02-26 07:00:00 +00:00BE-TSO-0001VTP-00029exitkWh/h,1,Physical Flow,hour,2021-02-26T07:00:00+01:00,2021-02-26T08:00:00+01:00,BE-TSO-0001,21X-BE-A-A0A0A-Y,Fluxys Belgium,VTP-00029,Zeebrugge Beach,21Z0000000000090,exit,kWh/h,,,2091,2021-03-30T00:27:09+02:00,,Confirmed,,,,,False,,,False,PRISMA,,https://platform.prisma-capacity.eu/,,Trading Point,9,False
1Physical Flowhour2021-02-26 07:00:00 +00:002021-02-26 08:00:00 +00:00BE-TSO-0001VTP-00029exitkWh/h,1,Physical Flow,hour,2021-02-26T08:00:00+01:00,2021-02-26T09:00:00+01:00,BE-TSO-0001,21X-BE-A-A0A0A-Y,Fluxys Belgium,VTP-00029,Zeebrugge Beach,21Z0000000000090,exit,kWh/h,,,3058,2021-03-30T00:27:09+02:00,,Confirmed,,,,,False,,,False,PRISMA,,https://platform.prisma-capacity.eu/,,Trading Point,9,False
1Physical Flowhour2021-02-26 08:00:00 +00:002021-02-26 09:00:00 +00:00BE-TSO-0001VTP-00029exitkWh/h,1,Physical Flow,hour,2021-02-26T09:00:00+01:00,2021-02-26T10:00:00+01:00,BE-TSO-0001,21X-BE-A-A0A0A-Y,Fluxys Belgium,VTP-00029,Zeebrugge Beach,21Z0000000000090,exit,kWh/h,,,2351,2021-03-30T00:27:09+02:00,,Confirmed,,,,,False,,,False,PRISMA,,https://platform.prisma-capacity.eu/,,Trading Point,9,False
1Physical Flowhour2021-02-26 09:00:00 +00:002021-02-26 10:00:00 +00:00BE-TSO-0001VTP-00029exitkWh/h,1,Physical Flow,hour,2021-02-26T10:00:00+01:00,2021-02-26T11:00:00+01:00,BE-TSO-0001,21X-BE-A-A0A0A-Y,Fluxys Belgium,VTP-00029,Zeebrugge Beach,21Z0000000000090,exit,kWh/h,,,1505,2021-03-30T00:27:09+02:00,,Confirmed,,,,,False,,,False,PRISMA,,https://platform.prisma-capacity.eu/,,Trading Point,9,False
1Physical Flowhour2021-02-26 10:00:00 +00:002021-02-26 11:00:00 +00:00BE-TSO-0001VTP-00029exitkWh/h,1,Physical Flow,hour,2021-02-26T11:00:00+01:00,2021-02-26T12:00:00+01:00,BE-TSO-0001,21X-BE-A-A0A0A-Y,Fluxys Belgium,VTP-00029,Zeebrugge Beach,21Z0000000000090,exit,kWh/h,,,2122,2021-03-30T00:27:09+02:00,,Provisional,,,,,False,,,False,PRISMA,,https://platform.prisma-capacity.eu/,,Trading Point,9,False
1Physical Flowhour2021-02-26 11:00:00 +00:002021-02-26 12:00:00 +00:00BE-TSO-0001VTP-00029exitkWh/h,1,Physical Flow,hour,2021-02-26T12:00:00+01:00,2021-02-26T13:00:00+01:00,BE-TSO-0001,21X-BE-A-A0A0A-Y,Fluxys Belgium,VTP-00029,Zeebrugge Beach,21Z0000000000090,exit,kWh/h,,,3912,2021-03-30T00:27:09+02:00,,Provisional,,,,,False,,,False,PRISMA,,https://platform.prisma-capacity.eu/,,Trading Point,9,False
1Physical Flowhour2021-02-26 12:00:00 +00:002021-02-26 13:00:00 +00:00BE-TSO-0001VTP-00029exitkWh/h,1,Physical Flow,hour,2021-02-26T13:00:00+01:00,2021-02-26T14:00:00+01:00,BE-TSO-0001,21X-BE-A-A0A0A-Y,Fluxys Belgium,VTP-00029,Zeebrugge Beach,21Z0000000000090,exit,kWh/h,,,1067,2021-03-30T00:27:09+02:00,,Provisional,,,,,False,,,False,PRISMA,,https://platform.prisma-capacity.eu/,,Trading Point,9,False
1Physical Flowhour2021-02-26 13:00:00 +00:002021-02-26 14:00:00 +00:00BE-TSO-0001VTP-00029exitkWh/h,1,Physical Flow,hour,2021-02-26T14:00:00+01:00,2021-02-26T15:00:00+01:00,BE-TSO-0001,21X-BE-A-A0A0A-Y,Fluxys Belgium,VTP-00029,Zeebrugge Beach,21Z0000000000090,exit,kWh/h,,,955,2021-03-30T00:27:09+02:00,,Provisional,,,,,False,,,False,PRISMA,,https://platform.prisma-capacity.eu/,,Trading Point,9,False
1Physical Flowhour2021-02-26 14:00:00 +00:002021-02-26 15:00:00 +00:00BE-TSO-0001VTP-00029exitkWh/h,1,Physical Flow,hour,2021-02-26T15:00:00+01:00,2021-02-26T16:00:00+01:00,BE-TSO-0001,21X-BE-A-A0A0A-Y,Fluxys Belgium,VTP-00029,Zeebrugge Beach,21Z0000000000090,exit,kWh/h,,,2117,2021-03-30T00:27:09+02:00,,Confirmed,,,,,False,,,False,PRISMA,,https://platform.prisma-capacity.eu/,,Trading Point,9,False
1Physical Flowhour2021-02-26 15:00:00 +00:002021-02-26 16:00:00 +00:00BE-TSO-0001VTP-00029exitkWh/h,1,Physical Flow,hour,2021-02-26T16:00:00+01:00,2021-02-26T17:00:00+01:00,BE-TSO-0001,21X-BE-A-A0A0A-Y,Fluxys Belgium,VTP-00029,Zeebrugge Beach,21Z0000000000090,exit,kWh/h,,,1474,2021-03-30T00:27:09+02:00,,Confirmed,,,,,False,,,False,PRISMA,,https://platform.prisma-capacity.eu/,,Trading Point,9,False
1Physical Flowhour2021-02-26 16:00:00 +00:002021-02-26 17:00:00 +00:00BE-TSO-0001VTP-00029exitkWh/h,1,Physical Flow,hour,2021-02-26T17:00:00+01:00,2021-02-26T18:00:00+01:00,BE-TSO-0001,21X-BE-A-A0A0A-Y,Fluxys Belgium,VTP-00029,Zeebrugge Beach,21Z0000000000090,exit,kWh/h,,,5934,2021-03-30T00:27:09+02:00,,Confirmed,,,,,False,,,False,PRISMA,,https://platform.prisma-capacity.eu/,,Trading Point,9,False
1Physical Flowhour2021-02-26 17:00:00 +00:002021-02-26 18:00:00 +00:00BE-TSO-0001VTP-00029exitkWh/h,1,Physical Flow,hour,2021-02-26T18:00:00+01:00,2021-02-26T19:00:00+01:00,BE-TSO-0001,21X-BE-A-A0A0A-Y,Fluxys Belgium,VTP-00029,Zeebrugge Beach,21Z0000000000090,exit,kWh/h,,,7404,2021-03-30T00:27:09+02:00,,Confirmed,,,,,False,,,False,PRISMA,,https://platform.prisma-capacity.eu/,,Trading Point,9,False
1Physical Flowhour2021-02-26 18:00:00 +00:002021-02-26 19:00:00 +00:00BE-TSO-0001VTP-00029exitkWh/h,1,Physical Flow,hour,2021-02-26T19:00:00+01:00,2021-02-26T20:00:00+01:00,BE-TSO-0001,21X-BE-A-A0A0A-Y,Fluxys Belgium,VTP-00029,Zeebrugge Beach,21Z0000000000090,exit,kWh/h,,,9811,2021-03-30T00:27:09+02:00,,Confirmed,,,,,False,,,False,PRISMA,,https://platform.prisma-capacity.eu/,,Trading Point,9,False
1Physical Flowhour2021-02-26 19:00:00 +00:002021-02-26 20:00:00 +00:00BE-TSO-0001VTP-00029exitkWh/h,1,Physical Flow,hour,2021-02-26T20:00:00+01:00,2021-02-26T21:00:00+01:00,BE-TSO-0001,21X-BE-A-A0A0A-Y,Fluxys Belgium,VTP-00029,Zeebrugge Beach,21Z0000000000090,exit,kWh/h,,,6888,2021-03-30T00:27:09+02:00,,Confirmed,,,,,False,,,False,PRISMA,,https://platform.prisma-capacity.eu/,,Trading Point,9,False
1Physical Flowhour2021-02-26 20:00:00 +00:002021-02-26 21:00:00 +00:00BE-TSO-0001VTP-00029exitkWh/h,1,Physical Flow,hour,2021-02-26T21:00:00+01:00,2021-02-26T22:00:00+01:00,BE-TSO-0001,21X-BE-A-A0A0A-Y,Fluxys Belgium,VTP-00029,Zeebrugge Beach,21Z0000000000090,exit,kWh/h,,,5322,2021-03-30T00:27:09+02:00,,Confirmed,,,,,False,,,False,PRISMA,,https://platform.prisma-capacity.eu/,,Trading Point,9,False
1Physical Flowhour2021-02-26 21:00:00 +00:002021-02-26 22:00:00 +00:00BE-TSO-0001VTP-00029exitkWh/h,1,Physical Flow,hour,2021-02-26T22:00:00+01:00,2021-02-26T23:00:00+01:00,BE-TSO-0001,21X-BE-A-A0A0A-Y,Fluxys Belgium,VTP-00029,Zeebrugge Beach,21Z0000000000090,exit,kWh/h,,,4191,2021-03-30T00:27:09+02:00,,Confirmed,,,,,False,,,False,PRISMA,,https://platform.prisma-capacity.eu/,,Trading Point,9,False
1Physical Flowhour2021-02-26 22:00:00 +00:002021-02-26 23:00:00 +00:00BE-TSO-0001VTP-00029exitkWh/h,1,Physical Flow,hour,2021-02-26T23:00:00+01:00,2021-02-27T00:00:00+01:00,BE-TSO-0001,21X-BE-A-A0A0A-Y,Fluxys Belgium,VTP-00029,Zeebrugge Beach,21Z0000000000090,exit,kWh/h,,,6768,2021-03-30T00:27:09+02:00,,Confirmed,,,,,False,,,False,PRISMA,,https://platform.prisma-capacity.eu/,,Trading Point,9,False
1Physical Flowhour2021-02-26 23:00:00 +00:002021-02-27 00:00:00 +00:00BE-TSO-0001VTP-00029exitkWh/h,1,Physical Flow,hour,2021-02-27T00:00:00+01:00,2021-02-27T01:00:00+01:00,BE-TSO-0001,21X-BE-A-A0A0A-Y,Fluxys Belgium,VTP-00029,Zeebrugge Beach,21Z0000000000090,exit,kWh/h,,,10124467,2021-03-30T00:27:09+02:00,,Confirmed,,,,,False,,,False,PRISMA,,https://platform.prisma-capacity.eu/,,Trading Point,9,False
1Physical Flowhour2021-02-27 00:00:00 +00:002021-02-27 01:00:00 +00:00BE-TSO-0001VTP-00029exitkWh/h,1,Physical Flow,hour,2021-02-27T01:00:00+01:00,2021-02-27T02:00:00+01:00,BE-TSO-0001,21X-BE-A-A0A0A-Y,Fluxys Belgium,VTP-00029,Zeebrugge Beach,21Z0000000000090,exit,kWh/h,,,10148083,2021-03-30T00:27:09+02:00,,Confirmed,,,,,False,,,False,PRISMA,,https://platform.prisma-capacity.eu/,,Trading Point,9,False
1Physical Flowhour2021-02-27 01:00:00 +00:002021-02-27 02:00:00 +00:00BE-TSO-0001VTP-00029exitkWh/h,1,Physical Flow,hour,2021-02-27T02:00:00+01:00,2021-02-27T03:00:00+01:00,BE-TSO-0001,21X-BE-A-A0A0A-Y,Fluxys Belgium,VTP-00029,Zeebrugge Beach,21Z0000000000090,exit,kWh/h,,,9877985,2021-03-30T00:27:09+02:00,,Confirmed,,,,,False,,,False,PRISMA,,https://platform.prisma-capacity.eu/,,Trading Point,9,False
1Physical Flowhour2021-02-27 02:00:00 +00:002021-02-27 03:00:00 +00:00BE-TSO-0001VTP-00029exitkWh/h,1,Physical Flow,hour,2021-02-27T03:00:00+01:00,2021-02-27T04:00:00+01:00,BE-TSO-0001,21X-BE-A-A0A0A-Y,Fluxys Belgium,VTP-00029,Zeebrugge Beach,21Z0000000000090,exit,kWh/h,,,9988180,2021-03-30T00:27:09+02:00,,Confirmed,,,,,False,,,False,PRISMA,,https://platform.prisma-capacity.eu/,,Trading Point,9,False
1Physical Flowhour2021-02-27 03:00:00 +00:002021-02-27 04:00:00 +00:00BE-TSO-0001VTP-00029exitkWh/h,1,Physical Flow,hour,2021-02-27T04:00:00+01:00,2021-02-27T05:00:00+01:00,BE-TSO-0001,21X-BE-A-A0A0A-Y,Fluxys Belgium,VTP-00029,Zeebrugge Beach,21Z0000000000090,exit,kWh/h,,,10016247,2021-03-30T00:27:09+02:00,,Confirmed,,,,,False,,,False,PRISMA,,https://platform.prisma-capacity.eu/,,Trading Point,9,False
1Physical Flowhour2021-02-27 04:00:00 +00:002021-02-27 05:00:00 +00:00BE-TSO-0001VTP-00029exitkWh/h,1,Physical Flow,hour,2021-02-27T05:00:00+01:00,2021-02-27T06:00:00+01:00,BE-TSO-0001,21X-BE-A-A0A0A-Y,Fluxys Belgium,VTP-00029,Zeebrugge Beach,21Z0000000000090,exit,kWh/h,,,10018753,2021-03-30T00:27:09+02:00,,Confirmed,,,,,False,,,False,PRISMA,,https://platform.prisma-capacity.eu/,,Trading Point,9,False
1Physical Flowhour2021-02-27 05:00:00 +00:002021-02-27 06:00:00 +00:00BE-TSO-0001VTP-00029exitkWh/h,1,Physical Flow,hour,2021-02-27T06:00:00+01:00,2021-02-27T07:00:00+01:00,BE-TSO-0001,21X-BE-A-A0A0A-Y,Fluxys Belgium,VTP-00029,Zeebrugge Beach,21Z0000000000090,exit,kWh/h,,,10201142,2021-03-30T00:27:09+02:00,,Confirmed,,,,,False,,,False,PRISMA,,https://platform.prisma-capacity.eu/,,Trading Point,9,False
1Physical Flowhour2021-02-27 06:00:00 +00:002021-02-27 07:00:00 +00:00BE-TSO-0001VTP-00029exitkWh/h,1,Physical Flow,hour,2021-02-27T07:00:00+01:00,2021-02-27T08:00:00+01:00,BE-TSO-0001,21X-BE-A-A0A0A-Y,Fluxys Belgium,VTP-00029,Zeebrugge Beach,21Z0000000000090,exit,kWh/h,,,9988986,2021-03-30T00:27:09+02:00,,Confirmed,,,,,False,,,False,PRISMA,,https://platform.prisma-capacity.eu/,,Trading Point,9,False
1Physical Flowhour2021-02-27 07:00:00 +00:002021-02-27 08:00:00 +00:00BE-TSO-0001VTP-00029exitkWh/h,1,Physical Flow,hour,2021-02-27T08:00:00+01:00,2021-02-27T09:00:00+01:00,BE-TSO-0001,21X-BE-A-A0A0A-Y,Fluxys Belgium,VTP-00029,Zeebrugge Beach,21Z0000000000090,exit,kWh/h,,,10299900,2021-03-30T00:27:09+02:00,,Confirmed,,,,,False,,,False,PRISMA,,https://platform.prisma-capacity.eu/,,Trading Point,9,False
1Physical Flowhour2021-02-27 08:00:00 +00:002021-02-27 09:00:00 +00:00BE-TSO-0001VTP-00029exitkWh/h,1,Physical Flow,hour,2021-02-27T09:00:00+01:00,2021-02-27T10:00:00+01:00,BE-TSO-0001,21X-BE-A-A0A0A-Y,Fluxys Belgium,VTP-00029,Zeebrugge Beach,21Z0000000000090,exit,kWh/h,,,9615570,2021-03-30T00:27:09+02:00,,Confirmed,,,,,False,,,False,PRISMA,,https://platform.prisma-capacity.eu/,,Trading Point,9,False
1Physical Flowhour2021-02-27 09:00:00 +00:002021-02-27 10:00:00 +00:00BE-TSO-0001VTP-00029exitkWh/h,1,Physical Flow,hour,2021-02-27T10:00:00+01:00,2021-02-27T11:00:00+01:00,BE-TSO-0001,21X-BE-A-A0A0A-Y,Fluxys Belgium,VTP-00029,Zeebrugge Beach,21Z0000000000090,exit,kWh/h,,,10822,2021-03-30T00:27:09+02:00,,Confirmed,,,,,False,,,False,PRISMA,,https://platform.prisma-capacity.eu/,,Trading Point,9,False
1Physical Flowhour2021-02-27 10:00:00 +00:002021-02-27 11:00:00 +00:00BE-TSO-0001VTP-00029exitkWh/h,1,Physical Flow,hour,2021-02-27T11:00:00+01:00,2021-02-27T12:00:00+01:00,BE-TSO-0001,21X-BE-A-A0A0A-Y,Fluxys Belgium,VTP-00029,Zeebrugge Beach,21Z0000000000090,exit,kWh/h,,,3815,2021-03-30T00:27:09+02:00,,Confirmed,,,,,False,,,False,PRISMA,,https://platform.prisma-capacity.eu/,,Trading Point,9,False
1Physical Flowhour2021-02-27 11:00:00 +00:002021-02-27 12:00:00 +00:00BE-TSO-0001VTP-00029exitkWh/h,1,Physical Flow,hour,2021-02-27T12:00:00+01:00,2021-02-27T13:00:00+01:00,BE-TSO-0001,21X-BE-A-A0A0A-Y,Fluxys Belgium,VTP-00029,Zeebrugge Beach,21Z0000000000090,exit,kWh/h,,,5668,2021-03-30T00:27:09+02:00,,Confirmed,,,,,False,,,False,PRISMA,,https://platform.prisma-capacity.eu/,,Trading Point,9,False
1Physical Flowhour2021-02-27 12:00:00 +00:002021-02-27 13:00:00 +00:00BE-TSO-0001VTP-00029exitkWh/h,1,Physical Flow,hour,2021-02-27T13:00:00+01:00,2021-02-27T14:00:00+01:00,BE-TSO-0001,21X-BE-A-A0A0A-Y,Fluxys Belgium,VTP-00029,Zeebrugge Beach,21Z0000000000090,exit,kWh/h,,,3389,2021-03-30T00:27:09+02:00,,Confirmed,,,,,False,,,False,PRISMA,,https://platform.prisma-capacity.eu/,,Trading Point,9,False
1Physical Flowhour2021-02-27 13:00:00 +00:002021-02-27 14:00:00 +00:00BE-TSO-0001VTP-00029exitkWh/h,1,Physical Flow,hour,2021-02-27T14:00:00+01:00,2021-02-27T15:00:00+01:00,BE-TSO-0001,21X-BE-A-A0A0A-Y,Fluxys Belgium,VTP-00029,Zeebrugge Beach,21Z0000000000090,exit,kWh/h,,,4786,2021-03-30T00:27:09+02:00,,Confirmed,,,,,False,,,False,PRISMA,,https://platform.prisma-capacity.eu/,,Trading Point,9,False
1Physical Flowhour2021-02-27 14:00:00 +00:002021-02-27 15:00:00 +00:00BE-TSO-0001VTP-00029exitkWh/h,1,Physical Flow,hour,2021-02-27T15:00:00+01:00,2021-02-27T16:00:00+01:00,BE-TSO-0001,21X-BE-A-A0A0A-Y,Fluxys Belgium,VTP-00029,Zeebrugge Beach,21Z0000000000090,exit,kWh/h,,,3959,2021-03-30T00:27:09+02:00,,Confirmed,,,,,False,,,False,PRISMA,,https://platform.prisma-capacity.eu/,,Trading Point,9,False
1Physical Flowhour2021-02-27 15:00:00 +00:002021-02-27 16:00:00 +00:00BE-TSO-0001VTP-00029exitkWh/h,1,Physical Flow,hour,2021-02-27T16:00:00+01:00,2021-02-27T17:00:00+01:00,BE-TSO-0001,21X-BE-A-A0A0A-Y,Fluxys Belgium,VTP-00029,Zeebrugge Beach,21Z0000000000090,exit,kWh/h,,,5506,2021-03-30T00:27:09+02:00,,Confirmed,,,,,False,,,False,PRISMA,,https://platform.prisma-capacity.eu/,,Trading Point,9,False
1Physical Flowhour2021-02-27 16:00:00 +00:002021-02-27 17:00:00 +00:00BE-TSO-0001VTP-00029exitkWh/h,1,Physical Flow,hour,2021-02-27T17:00:00+01:00,2021-02-27T18:00:00+01:00,BE-TSO-0001,21X-BE-A-A0A0A-Y,Fluxys Belgium,VTP-00029,Zeebrugge Beach,21Z0000000000090,exit,kWh/h,,,6863,2021-03-30T00:27:09+02:00,,Confirmed,,,,,False,,,False,PRISMA,,https://platform.prisma-capacity.eu/,,Trading Point,9,False
1Physical Flowhour2021-02-27 17:00:00 +00:002021-02-27 18:00:00 +00:00BE-TSO-0001VTP-00029exitkWh/h,1,Physical Flow,hour,2021-02-27T18:00:00+01:00,2021-02-27T19:00:00+01:00,BE-TSO-0001,21X-BE-A-A0A0A-Y,Fluxys Belgium,VTP-00029,Zeebrugge Beach,21Z0000000000090,exit,kWh/h,,,7361,2021-03-30T00:27:09+02:00,,Confirmed,,,,,False,,,False,PRISMA,,https://platform.prisma-capacity.eu/,,Trading Point,9,False
1Physical Flowhour2021-02-27 18:00:00 +00:002021-02-27 19:00:00 +00:00BE-TSO-0001VTP-00029exitkWh/h,1,Physical Flow,hour,2021-02-27T19:00:00+01:00,2021-02-27T20:00:00+01:00,BE-TSO-0001,21X-BE-A-A0A0A-Y,Fluxys Belgium,VTP-00029,Zeebrugge Beach,21Z0000000000090,exit,kWh/h,,,7458,2021-03-30T00:27:09+02:00,,Confirmed,,,,,False,,,False,PRISMA,,https://platform.prisma-capacity.eu/,,Trading Point,9,False
1Physical Flowhour2021-02-27 19:00:00 +00:002021-02-27 20:00:00 +00:00BE-TSO-0001VTP-00029exitkWh/h,1,Physical Flow,hour,2021-02-27T20:00:00+01:00,2021-02-27T21:00:00+01:00,BE-TSO-0001,21X-BE-A-A0A0A-Y,Fluxys Belgium,VTP-00029,Zeebrugge Beach,21Z0000000000090,exit,kWh/h,,,6262,2021-03-30T00:27:09+02:00,,Confirmed,,,,,False,,,False,PRISMA,,https://platform.prisma-capacity.eu/,,Trading Point,9,False
1Physical Flowhour2021-02-27 20:00:00 +00:002021-02-27 21:00:00 +00:00BE-TSO-0001VTP-00029exitkWh/h,1,Physical Flow,hour,2021-02-27T21:00:00+01:00,2021-02-27T22:00:00+01:00,BE-TSO-0001,21X-BE-A-A0A0A-Y,Fluxys Belgium,VTP-00029,Zeebrugge Beach,21Z0000000000090,exit,kWh/h,,,3200,2021-03-30T00:27:09+02:00,,Confirmed,,,,,False,,,False,PRISMA,,https://platform.prisma-capacity.eu/,,Trading Point,9,False
1Physical Flowhour2021-02-27 21:00:00 +00:002021-02-27 22:00:00 +00:00BE-TSO-0001VTP-00029exitkWh/h,1,Physical Flow,hour,2021-02-27T22:00:00+01:00,2021-02-27T23:00:00+01:00,BE-TSO-0001,21X-BE-A-A0A0A-Y,Fluxys Belgium,VTP-00029,Zeebrugge Beach,21Z0000000000090,exit,kWh/h,,,10569698,2021-03-30T00:27:09+02:00,,Confirmed,,,,,False,,,False,PRISMA,,https://platform.prisma-capacity.eu/,,Trading Point,9,False
1Physical Flowhour2021-02-27 22:00:00 +00:002021-02-27 23:00:00 +00:00BE-TSO-0001VTP-00029exitkWh/h,1,Physical Flow,hour,2021-02-27T23:00:00+01:00,2021-02-28T00:00:00+01:00,BE-TSO-0001,21X-BE-A-A0A0A-Y,Fluxys Belgium,VTP-00029,Zeebrugge Beach,21Z0000000000090,exit,kWh/h,,,10923218,2021-03-30T00:27:09+02:00,,Confirmed,,,,,False,,,False,PRISMA,,https://platform.prisma-capacity.eu/,,Trading Point,9,False
1Physical Flowhour2021-02-27 23:00:00 +00:002021-02-28 00:00:00 +00:00BE-TSO-0001VTP-00029exitkWh/h,1,Physical Flow,hour,2021-02-28T00:00:00+01:00,2021-02-28T01:00:00+01:00,BE-TSO-0001,21X-BE-A-A0A0A-Y,Fluxys Belgium,VTP-00029,Zeebrugge Beach,21Z0000000000090,exit,kWh/h,,,10692732,2021-03-30T00:27:09+02:00,,Confirmed,,,,,False,,,False,PRISMA,,https://platform.prisma-capacity.eu/,,Trading Point,9,False
1Physical Flowhour2021-02-28 00:00:00 +00:002021-02-28 01:00:00 +00:00BE-TSO-0001VTP-00029exitkWh/h,1,Physical Flow,hour,2021-02-28T01:00:00+01:00,2021-02-28T02:00:00+01:00,BE-TSO-0001,21X-BE-A-A0A0A-Y,Fluxys Belgium,VTP-00029,Zeebrugge Beach,21Z0000000000090,exit,kWh/h,,,10305284,2021-03-30T00:27:09+02:00,,Confirmed,,,,,False,,,False,PRISMA,,https://platform.prisma-capacity.eu/,,Trading Point,9,False
1Physical Flowhour2021-02-28 01:00:00 +00:002021-02-28 02:00:00 +00:00BE-TSO-0001VTP-00029exitkWh/h,1,Physical Flow,hour,2021-02-28T02:00:00+01:00,2021-02-28T03:00:00+01:00,BE-TSO-0001,21X-BE-A-A0A0A-Y,Fluxys Belgium,VTP-00029,Zeebrugge Beach,21Z0000000000090,exit,kWh/h,,,10733917,2021-03-30T00:27:09+02:00,,Confirmed,,,,,False,,,False,PRISMA,,https://platform.prisma-capacity.eu/,,Trading Point,9,False
1Physical Flowhour2021-02-28 02:00:00 +00:002021-02-28 03:00:00 +00:00BE-TSO-0001VTP-00029exitkWh/h,1,Physical Flow,hour,2021-02-28T03:00:00+01:00,2021-02-28T04:00:00+01:00,BE-TSO-0001,21X-BE-A-A0A0A-Y,Fluxys Belgium,VTP-00029,Zeebrugge Beach,21Z0000000000090,exit,kWh/h,,,10861845,2021-03-30T00:27:09+02:00,,Confirmed,,,,,False,,,False,PRISMA,,https://platform.prisma-capacity.eu/,,Trading Point,9,False
1Physical Flowhour2021-02-28 03:00:00 +00:002021-02-28 04:00:00 +00:00BE-TSO-0001VTP-00029exitkWh/h,1,Physical Flow,hour,2021-02-28T04:00:00+01:00,2021-02-28T05:00:00+01:00,BE-TSO-0001,21X-BE-A-A0A0A-Y,Fluxys Belgium,VTP-00029,Zeebrugge Beach,21Z0000000000090,exit,kWh/h,,,10489789,2021-03-30T00:27:09+02:00,,Confirmed,,,,,False,,,False,PRISMA,,https://platform.prisma-capacity.eu/,,Trading Point,9,False
1Physical Flowhour2021-02-28 04:00:00 +00:002021-02-28 05:00:00 +00:00BE-TSO-0001VTP-00029exitkWh/h,1,Physical Flow,hour,2021-02-28T05:00:00+01:00,2021-02-28T06:00:00+01:00,BE-TSO-0001,21X-BE-A-A0A0A-Y,Fluxys Belgium,VTP-00029,Zeebrugge Beach,21Z0000000000090,exit,kWh/h,,,10504364,2021-03-30T00:27:09+02:00,,Confirmed,,,,,False,,,False,PRISMA,,https://platform.prisma-capacity.eu/,,Trading Point,9,False
1Physical Flowhour2021-02-28 05:00:00 +00:002021-02-28 06:00:00 +00:00BE-TSO-0001VTP-00029exitkWh/h,1,Physical Flow,hour,2021-02-28T06:00:00+01:00,2021-02-28T07:00:00+01:00,BE-TSO-0001,21X-BE-A-A0A0A-Y,Fluxys Belgium,VTP-00029,Zeebrugge Beach,21Z0000000000090,exit,kWh/h,,,10275699,2021-03-30T00:27:09+02:00,,Confirmed,,,,,False,,,False,PRISMA,,https://platform.prisma-capacity.eu/,,Trading Point,9,False
1Physical Flowhour2021-02-28 06:00:00 +00:002021-02-28 07:00:00 +00:00BE-TSO-0001VTP-00029exitkWh/h,1,Physical Flow,hour,2021-02-28T07:00:00+01:00,2021-02-28T08:00:00+01:00,BE-TSO-0001,21X-BE-A-A0A0A-Y,Fluxys Belgium,VTP-00029,Zeebrugge Beach,21Z0000000000090,exit,kWh/h,,,9951828,2021-03-30T00:27:09+02:00,,Confirmed,,,,,False,,,False,PRISMA,,https://platform.prisma-capacity.eu/,,Trading Point,9,False
1Physical Flowhour2021-02-28 07:00:00 +00:002021-02-28 08:00:00 +00:00BE-TSO-0001VTP-00029exitkWh/h,1,Physical Flow,hour,2021-02-28T08:00:00+01:00,2021-02-28T09:00:00+01:00,BE-TSO-0001,21X-BE-A-A0A0A-Y,Fluxys Belgium,VTP-00029,Zeebrugge Beach,21Z0000000000090,exit,kWh/h,,,10027717,2021-03-30T00:27:09+02:00,,Confirmed,,,,,False,,,False,PRISMA,,https://platform.prisma-capacity.eu/,,Trading Point,9,False
1Physical Flowhour2021-02-28 08:00:00 +00:002021-02-28 09:00:00 +00:00BE-TSO-0001VTP-00029exitkWh/h,1,Physical Flow,hour,2021-02-28T09:00:00+01:00,2021-02-28T10:00:00+01:00,BE-TSO-0001,21X-BE-A-A0A0A-Y,Fluxys Belgium,VTP-00029,Zeebrugge Beach,21Z0000000000090,exit,kWh/h,,,9631386,2021-03-30T00:27:09+02:00,,Confirmed,,,,,False,,,False,PRISMA,,https://platform.prisma-capacity.eu/,,Trading Point,9,False
1Physical Flowhour2021-02-28 09:00:00 +00:002021-02-28 10:00:00 +00:00BE-TSO-0001VTP-00029exitkWh/h,1,Physical Flow,hour,2021-02-28T10:00:00+01:00,2021-02-28T11:00:00+01:00,BE-TSO-0001,21X-BE-A-A0A0A-Y,Fluxys Belgium,VTP-00029,Zeebrugge Beach,21Z0000000000090,exit,kWh/h,,,12721,2021-03-30T00:27:09+02:00,,Confirmed,,,,,False,,,False,PRISMA,,https://platform.prisma-capacity.eu/,,Trading Point,9,False
1Physical Flowhour2021-02-28 10:00:00 +00:002021-02-28 11:00:00 +00:00BE-TSO-0001VTP-00029exitkWh/h,1,Physical Flow,hour,2021-02-28T11:00:00+01:00,2021-02-28T12:00:00+01:00,BE-TSO-0001,21X-BE-A-A0A0A-Y,Fluxys Belgium,VTP-00029,Zeebrugge Beach,21Z0000000000090,exit,kWh/h,,,3943,2021-03-30T00:27:09+02:00,,Confirmed,,,,,False,,,False,PRISMA,,https://platform.prisma-capacity.eu/,,Trading Point,9,False
1Physical Flowhour2021-02-28 11:00:00 +00:002021-02-28 12:00:00 +00:00BE-TSO-0001VTP-00029exitkWh/h,1,Physical Flow,hour,2021-02-28T12:00:00+01:00,2021-02-28T13:00:00+01:00,BE-TSO-0001,21X-BE-A-A0A0A-Y,Fluxys Belgium,VTP-00029,Zeebrugge Beach,21Z0000000000090,exit,kWh/h,,,3296,2021-03-30T00:27:09+02:00,,Confirmed,,,,,False,,,False,PRISMA,,https://platform.prisma-capacity.eu/,,Trading Point,9,False
1Physical Flowhour2021-02-28 12:00:00 +00:002021-02-28 13:00:00 +00:00BE-TSO-0001VTP-00029exitkWh/h,1,Physical Flow,hour,2021-02-28T13:00:00+01:00,2021-02-28T14:00:00+01:00,BE-TSO-0001,21X-BE-A-A0A0A-Y,Fluxys Belgium,VTP-00029,Zeebrugge Beach,21Z0000000000090,exit,kWh/h,,,7052,2021-03-30T00:27:09+02:00,,Confirmed,,,,,False,,,False,PRISMA,,https://platform.prisma-capacity.eu/,,Trading Point,9,False
1Physical Flowhour2021-02-28 13:00:00 +00:002021-02-28 14:00:00 +00:00BE-TSO-0001VTP-00029exitkWh/h,1,Physical Flow,hour,2021-02-28T14:00:00+01:00,2021-02-28T15:00:00+01:00,BE-TSO-0001,21X-BE-A-A0A0A-Y,Fluxys Belgium,VTP-00029,Zeebrugge Beach,21Z0000000000090,exit,kWh/h,,,8667,2021-03-30T00:27:09+02:00,,Confirmed,,,,,False,,,False,PRISMA,,https://platform.prisma-capacity.eu/,,Trading Point,9,False
1Physical Flowhour2021-02-28 14:00:00 +00:002021-02-28 15:00:00 +00:00BE-TSO-0001VTP-00029exitkWh/h,1,Physical Flow,hour,2021-02-28T15:00:00+01:00,2021-02-28T16:00:00+01:00,BE-TSO-0001,21X-BE-A-A0A0A-Y,Fluxys Belgium,VTP-00029,Zeebrugge Beach,21Z0000000000090,exit,kWh/h,,,9587,2021-03-30T00:27:09+02:00,,Confirmed,,,,,False,,,False,PRISMA,,https://platform.prisma-capacity.eu/,,Trading Point,9,False
1Physical Flowhour2021-02-28 15:00:00 +00:002021-02-28 16:00:00 +00:00BE-TSO-0001VTP-00029exitkWh/h,1,Physical Flow,hour,2021-02-28T16:00:00+01:00,2021-02-28T17:00:00+01:00,BE-TSO-0001,21X-BE-A-A0A0A-Y,Fluxys Belgium,VTP-00029,Zeebrugge Beach,21Z0000000000090,exit,kWh/h,,,6411,2021-03-30T00:27:09+02:00,,Confirmed,,,,,False,,,False,PRISMA,,https://platform.prisma-capacity.eu/,,Trading Point,9,False
1Physical Flowhour2021-02-28 16:00:00 +00:002021-02-28 17:00:00 +00:00BE-TSO-0001VTP-00029exitkWh/h,1,Physical Flow,hour,2021-02-28T17:00:00+01:00,2021-02-28T18:00:00+01:00,BE-TSO-0001,21X-BE-A-A0A0A-Y,Fluxys Belgium,VTP-00029,Zeebrugge Beach,21Z0000000000090,exit,kWh/h,,,7598,2021-03-30T00:27:09+02:00,,Confirmed,,,,,False,,,False,PRISMA,,https://platform.prisma-capacity.eu/,,Trading Point,9,False
1Physical Flowhour2021-02-28 17:00:00 +00:002021-02-28 18:00:00 +00:00BE-TSO-0001VTP-00029exitkWh/h,1,Physical Flow,hour,2021-02-28T18:00:00+01:00,2021-02-28T19:00:00+01:00,BE-TSO-0001,21X-BE-A-A0A0A-Y,Fluxys Belgium,VTP-00029,Zeebrugge Beach,21Z0000000000090,exit,kWh/h,,,7291,2021-03-30T00:27:09+02:00,,Confirmed,,,,,False,,,False,PRISMA,,https://platform.prisma-capacity.eu/,,Trading Point,9,False
1Physical Flowhour2021-02-28 18:00:00 +00:002021-02-28 19:00:00 +00:00BE-TSO-0001VTP-00029exitkWh/h,1,Physical Flow,hour,2021-02-28T19:00:00+01:00,2021-02-28T20:00:00+01:00,BE-TSO-0001,21X-BE-A-A0A0A-Y,Fluxys Belgium,VTP-00029,Zeebrugge Beach,21Z0000000000090,exit,kWh/h,,,5488,2021-03-30T00:27:09+02:00,,Confirmed,,,,,False,,,False,PRISMA,,https://platform.prisma-capacity.eu/,,Trading Point,9,False
1Physical Flowhour2021-02-28 19:00:00 +00:002021-02-28 20:00:00 +00:00BE-TSO-0001VTP-00029exitkWh/h,1,Physical Flow,hour,2021-02-28T20:00:00+01:00,2021-02-28T21:00:00+01:00,BE-TSO-0001,21X-BE-A-A0A0A-Y,Fluxys Belgium,VTP-00029,Zeebrugge Beach,21Z0000000000090,exit,kWh/h,,,17057,2021-03-30T00:27:09+02:00,,Confirmed,,,,,False,,,False,PRISMA,,https://platform.prisma-capacity.eu/,,Trading Point,9,False
1Physical Flowhour2021-02-28 20:00:00 +00:002021-02-28 21:00:00 +00:00BE-TSO-0001VTP-00029exitkWh/h,1,Physical Flow,hour,2021-02-28T21:00:00+01:00,2021-02-28T22:00:00+01:00,BE-TSO-0001,21X-BE-A-A0A0A-Y,Fluxys Belgium,VTP-00029,Zeebrugge Beach,21Z0000000000090,exit,kWh/h,,,31755,2021-03-30T00:27:09+02:00,,Confirmed,,,,,False,,,False,PRISMA,,https://platform.prisma-capacity.eu/,,Trading Point,9,False
1Physical Flowhour2021-02-28 21:00:00 +00:002021-02-28 22:00:00 +00:00BE-TSO-0001VTP-00029exitkWh/h,1,Physical Flow,hour,2021-02-28T22:00:00+01:00,2021-02-28T23:00:00+01:00,BE-TSO-0001,21X-BE-A-A0A0A-Y,Fluxys Belgium,VTP-00029,Zeebrugge Beach,21Z0000000000090,exit,kWh/h,,,10694456,2021-03-30T00:27:09+02:00,,Confirmed,,,,,False,,,False,PRISMA,,https://platform.prisma-capacity.eu/,,Trading Point,9,False
1Physical Flowhour2021-02-28 22:00:00 +00:002021-02-28 23:00:00 +00:00BE-TSO-0001VTP-00029exitkWh/h,1,Physical Flow,hour,2021-02-28T23:00:00+01:00,2021-03-01T00:00:00+01:00,BE-TSO-0001,21X-BE-A-A0A0A-Y,Fluxys Belgium,VTP-00029,Zeebrugge Beach,21Z0000000000090,exit,kWh/h,,,10987412,2021-03-30T00:27:09+02:00,,Confirmed,,,,,False,,,False,PRISMA,,https://platform.prisma-capacity.eu/,,Trading Point,9,False
1Physical Flowhour2021-02-28 23:00:00 +00:002021-03-01 00:00:00 +00:00BE-TSO-0001VTP-00029exitkWh/h,1,Physical Flow,hour,2021-03-01T00:00:00+01:00,2021-03-01T01:00:00+01:00,BE-TSO-0001,21X-BE-A-A0A0A-Y,Fluxys Belgium,VTP-00029,Zeebrugge Beach,21Z0000000000090,exit,kWh/h,,,10478467,2021-03-30T00:27:09+02:00,,Confirmed,,,,,False,,,False,PRISMA,,https://platform.prisma-capacity.eu/,,Trading Point,9,False
1Physical Flowhour2021-03-01 00:00:00 +00:002021-03-01 01:00:00 +00:00BE-TSO-0001VTP-00029exitkWh/h,1,Physical Flow,hour,2021-03-01T01:00:00+01:00,2021-03-01T02:00:00+01:00,BE-TSO-0001,21X-BE-A-A0A0A-Y,Fluxys Belgium,VTP-00029,Zeebrugge Beach,21Z0000000000090,exit,kWh/h,,,10432541,2021-03-30T00:27:09+02:00,,Confirmed,,,,,False,,,False,PRISMA,,https://platform.prisma-capacity.eu/,,Trading Point,9,False
1Physical Flowhour2021-03-01 01:00:00 +00:002021-03-01 02:00:00 +00:00BE-TSO-0001VTP-00029exitkWh/h,1,Physical Flow,hour,2021-03-01T02:00:00+01:00,2021-03-01T03:00:00+01:00,BE-TSO-0001,21X-BE-A-A0A0A-Y,Fluxys Belgium,VTP-00029,Zeebrugge Beach,21Z0000000000090,exit,kWh/h,,,10669217,2021-03-30T00:27:09+02:00,,Confirmed,,,,,False,,,False,PRISMA,,https://platform.prisma-capacity.eu/,,Trading Point,9,False
1Physical Flowhour2021-03-01 02:00:00 +00:002021-03-01 03:00:00 +00:00BE-TSO-0001VTP-00029exitkWh/h,1,Physical Flow,hour,2021-03-01T03:00:00+01:00,2021-03-01T04:00:00+01:00,BE-TSO-0001,21X-BE-A-A0A0A-Y,Fluxys Belgium,VTP-00029,Zeebrugge Beach,21Z0000000000090,exit,kWh/h,,,10605742,2021-03-30T00:27:09+02:00,,Confirmed,,,,,False,,,False,PRISMA,,https://platform.prisma-capacity.eu/,,Trading Point,9,False
1Physical Flowhour2021-03-01 03:00:00 +00:002021-03-01 04:00:00 +00:00BE-TSO-0001VTP-00029exitkWh/h,1,Physical Flow,hour,2021-03-01T04:00:00+01:00,2021-03-01T05:00:00+01:00,BE-TSO-0001,21X-BE-A-A0A0A-Y,Fluxys Belgium,VTP-00029,Zeebrugge Beach,21Z0000000000090,exit,kWh/h,,,10668553,2021-03-30T00:27:09+02:00,,Confirmed,,,,,False,,,False,PRISMA,,https://platform.prisma-capacity.eu/,,Trading Point,9,False
1Physical Flowhour2021-03-01 04:00:00 +00:002021-03-01 05:00:00 +00:00BE-TSO-0001VTP-00029exitkWh/h,1,Physical Flow,hour,2021-03-01T05:00:00+01:00,2021-03-01T06:00:00+01:00,BE-TSO-0001,21X-BE-A-A0A0A-Y,Fluxys Belgium,VTP-00029,Zeebrugge Beach,21Z0000000000090,exit,kWh/h,,,10292566,2021-03-30T00:27:09+02:00,,Confirmed,,,,,False,,,False,PRISMA,,https://platform.prisma-capacity.eu/,,Trading Point,9,False
1Physical Flowhour2021-03-01 05:00:00 +00:002021-03-01 06:00:00 +00:00BE-TSO-0001VTP-00029exitkWh/h,1,Physical Flow,hour,2021-03-01T06:00:00+01:00,2021-03-01T07:00:00+01:00,BE-TSO-0001,21X-BE-A-A0A0A-Y,Fluxys Belgium,VTP-00029,Zeebrugge Beach,21Z0000000000090,exit,kWh/h,,,28722,2021-03-30T00:27:09+02:00,,Confirmed,,,,,False,,,False,PRISMA,,https://platform.prisma-capacity.eu/,,Trading Point,9,False
1Physical Flowhour2021-03-01 06:00:00 +00:002021-03-01 07:00:00 +00:00BE-TSO-0001VTP-00029exitkWh/h,1,Physical Flow,hour,2021-03-01T07:00:00+01:00,2021-03-01T08:00:00+01:00,BE-TSO-0001,21X-BE-A-A0A0A-Y,Fluxys Belgium,VTP-00029,Zeebrugge Beach,21Z0000000000090,exit,kWh/h,,,14142,2021-03-30T00:27:09+02:00,,Confirmed,,,,,False,,,False,PRISMA,,https://platform.prisma-capacity.eu/,,Trading Point,9,False
1Physical Flowhour2021-03-01 07:00:00 +00:002021-03-01 08:00:00 +00:00BE-TSO-0001VTP-00029exitkWh/h,1,Physical Flow,hour,2021-03-01T08:00:00+01:00,2021-03-01T09:00:00+01:00,BE-TSO-0001,21X-BE-A-A0A0A-Y,Fluxys Belgium,VTP-00029,Zeebrugge Beach,21Z0000000000090,exit,kWh/h,,,6247,2021-03-30T00:27:09+02:00,,Confirmed,,,,,False,,,False,PRISMA,,https://platform.prisma-capacity.eu/,,Trading Point,9,False
1Physical Flowhour2021-03-01 08:00:00 +00:002021-03-01 09:00:00 +00:00BE-TSO-0001VTP-00029exitkWh/h,1,Physical Flow,hour,2021-03-01T09:00:00+01:00,2021-03-01T10:00:00+01:00,BE-TSO-0001,21X-BE-A-A0A0A-Y,Fluxys Belgium,VTP-00029,Zeebrugge Beach,21Z0000000000090,exit,kWh/h,,,7912,2021-03-30T00:27:09+02:00,,Provisional,,,,,False,,,False,PRISMA,,https://platform.prisma-capacity.eu/,,Trading Point,9,False
1Physical Flowhour2021-03-01 09:00:00 +00:002021-03-01 10:00:00 +00:00BE-TSO-0001VTP-00029exitkWh/h,1,Physical Flow,hour,2021-03-01T10:00:00+01:00,2021-03-01T11:00:00+01:00,BE-TSO-0001,21X-BE-A-A0A0A-Y,Fluxys Belgium,VTP-00029,Zeebrugge Beach,21Z0000000000090,exit,kWh/h,,,1587,2021-03-30T00:27:09+02:00,,Provisional,,,,,False,,,False,PRISMA,,https://platform.prisma-capacity.eu/,,Trading Point,9,False
1Physical Flowhour2021-03-01 10:00:00 +00:002021-03-01 11:00:00 +00:00BE-TSO-0001VTP-00029exitkWh/h,1,Physical Flow,hour,2021-03-01T11:00:00+01:00,2021-03-01T12:00:00+01:00,BE-TSO-0001,21X-BE-A-A0A0A-Y,Fluxys Belgium,VTP-00029,Zeebrugge Beach,21Z0000000000090,exit,kWh/h,,,1793,2021-03-30T00:27:09+02:00,,Provisional,,,,,False,,,False,PRISMA,,https://platform.prisma-capacity.eu/,,Trading Point,9,False
1Physical Flowhour2021-03-01 11:00:00 +00:002021-03-01 12:00:00 +00:00BE-TSO-0001VTP-00029exitkWh/h,1,Physical Flow,hour,2021-03-01T12:00:00+01:00,2021-03-01T13:00:00+01:00,BE-TSO-0001,21X-BE-A-A0A0A-Y,Fluxys Belgium,VTP-00029,Zeebrugge Beach,21Z0000000000090,exit,kWh/h,,,3200,2021-03-30T00:27:09+02:00,,Provisional,,,,,False,,,False,PRISMA,,https://platform.prisma-capacity.eu/,,Trading Point,9,False
1Physical Flowhour2021-03-01 12:00:00 +00:002021-03-01 13:00:00 +00:00BE-TSO-0001VTP-00029exitkWh/h,1,Physical Flow,hour,2021-03-01T13:00:00+01:00,2021-03-01T14:00:00+01:00,BE-TSO-0001,21X-BE-A-A0A0A-Y,Fluxys Belgium,VTP-00029,Zeebrugge Beach,21Z0000000000090,exit,kWh/h,,,3127,2021-03-30T00:27:09+02:00,,Confirmed,,,,,False,,,False,PRISMA,,https://platform.prisma-capacity.eu/,,Trading Point,9,False
1Physical Flowhour2021-03-01 13:00:00 +00:002021-03-01 14:00:00 +00:00BE-TSO-0001VTP-00029exitkWh/h,1,Physical Flow,hour,2021-03-01T14:00:00+01:00,2021-03-01T15:00:00+01:00,BE-TSO-0001,21X-BE-A-A0A0A-Y,Fluxys Belgium,VTP-00029,Zeebrugge Beach,21Z0000000000090,exit,kWh/h,,,47179,2021-03-30T00:27:09+02:00,,Confirmed,,,,,False,,,False,PRISMA,,https://platform.prisma-capacity.eu/,,Trading Point,9,False
1Physical Flowhour2021-03-01 14:00:00 +00:002021-03-01 15:00:00 +00:00BE-TSO-0001VTP-00029exitkWh/h,1,Physical Flow,hour,2021-03-01T15:00:00+01:00,2021-03-01T16:00:00+01:00,BE-TSO-0001,21X-BE-A-A0A0A-Y,Fluxys Belgium,VTP-00029,Zeebrugge Beach,21Z0000000000090,exit,kWh/h,,,3733042,2021-03-30T00:27:09+02:00,,Confirmed,,,,,False,,,False,PRISMA,,https://platform.prisma-capacity.eu/,,Trading Point,9,False
1Physical Flowhour2021-03-01 15:00:00 +00:002021-03-01 16:00:00 +00:00BE-TSO-0001VTP-00029exitkWh/h,1,Physical Flow,hour,2021-03-01T16:00:00+01:00,2021-03-01T17:00:00+01:00,BE-TSO-0001,21X-BE-A-A0A0A-Y,Fluxys Belgium,VTP-00029,Zeebrugge Beach,21Z0000000000090,exit,kWh/h,,,3788740,2021-03-30T00:27:09+02:00,,Confirmed,,,,,False,,,False,PRISMA,,https://platform.prisma-capacity.eu/,,Trading Point,9,False
1Physical Flowhour2021-03-01 16:00:00 +00:002021-03-01 17:00:00 +00:00BE-TSO-0001VTP-00029exitkWh/h,1,Physical Flow,hour,2021-03-01T17:00:00+01:00,2021-03-01T18:00:00+01:00,BE-TSO-0001,21X-BE-A-A0A0A-Y,Fluxys Belgium,VTP-00029,Zeebrugge Beach,21Z0000000000090,exit,kWh/h,,,3784017,2021-03-30T00:27:09+02:00,,Confirmed,,,,,False,,,False,PRISMA,,https://platform.prisma-capacity.eu/,,Trading Point,9,False
1Physical Flowhour2021-03-01 17:00:00 +00:002021-03-01 18:00:00 +00:00BE-TSO-0001VTP-00029exitkWh/h,1,Physical Flow,hour,2021-03-01T18:00:00+01:00,2021-03-01T19:00:00+01:00,BE-TSO-0001,21X-BE-A-A0A0A-Y,Fluxys Belgium,VTP-00029,Zeebrugge Beach,21Z0000000000090,exit,kWh/h,,,3785398,2021-03-30T00:27:09+02:00,,Confirmed,,,,,False,,,False,PRISMA,,https://platform.prisma-capacity.eu/,,Trading Point,9,False
1Physical Flowhour2021-03-01 18:00:00 +00:002021-03-01 19:00:00 +00:00BE-TSO-0001VTP-00029exitkWh/h,1,Physical Flow,hour,2021-03-01T19:00:00+01:00,2021-03-01T20:00:00+01:00,BE-TSO-0001,21X-BE-A-A0A0A-Y,Fluxys Belgium,VTP-00029,Zeebrugge Beach,21Z0000000000090,exit,kWh/h,,,3776488,2021-03-30T00:27:09+02:00,,Confirmed,,,,,False,,,False,PRISMA,,https://platform.prisma-capacity.eu/,,Trading Point,9,False
1Physical Flowhour2021-03-01 19:00:00 +00:002021-03-01 20:00:00 +00:00BE-TSO-0001VTP-00029exitkWh/h,1,Physical Flow,hour,2021-03-01T20:00:00+01:00,2021-03-01T21:00:00+01:00,BE-TSO-0001,21X-BE-A-A0A0A-Y,Fluxys Belgium,VTP-00029,Zeebrugge Beach,21Z0000000000090,exit,kWh/h,,,3799002,2021-03-30T00:27:09+02:00,,Confirmed,,,,,False,,,False,PRISMA,,https://platform.prisma-capacity.eu/,,Trading Point,9,False
1Physical Flowhour2021-03-01 20:00:00 +00:002021-03-01 21:00:00 +00:00BE-TSO-0001VTP-00029exitkWh/h,1,Physical Flow,hour,2021-03-01T21:00:00+01:00,2021-03-01T22:00:00+01:00,BE-TSO-0001,21X-BE-A-A0A0A-Y,Fluxys Belgium,VTP-00029,Zeebrugge Beach,21Z0000000000090,exit,kWh/h,,,3780287,2021-03-30T00:27:09+02:00,,Confirmed,,,,,False,,,False,PRISMA,,https://platform.prisma-capacity.eu/,,Trading Point,9,False
1Physical Flowhour2021-03-01 21:00:00 +00:002021-03-01 22:00:00 +00:00BE-TSO-0001VTP-00029exitkWh/h,1,Physical Flow,hour,2021-03-01T22:00:00+01:00,2021-03-01T23:00:00+01:00,BE-TSO-0001,21X-BE-A-A0A0A-Y,Fluxys Belgium,VTP-00029,Zeebrugge Beach,21Z0000000000090,exit,kWh/h,,,3781883,2021-03-30T00:27:09+02:00,,Confirmed,,,,,False,,,False,PRISMA,,https://platform.prisma-capacity.eu/,,Trading Point,9,False
1Physical Flowhour2021-03-01 22:00:00 +00:002021-03-01 23:00:00 +00:00BE-TSO-0001VTP-00029exitkWh/h,1,Physical Flow,hour,2021-03-01T23:00:00+01:00,2021-03-02T00:00:00+01:00,BE-TSO-0001,21X-BE-A-A0A0A-Y,Fluxys Belgium,VTP-00029,Zeebrugge Beach,21Z0000000000090,exit,kWh/h,,,3785704,2021-03-30T00:27:09+02:00,,Confirmed,,,,,False,,,False,PRISMA,,https://platform.prisma-capacity.eu/,,Trading Point,9,False
1Physical Flowhour2021-03-01 23:00:00 +00:002021-03-02 00:00:00 +00:00BE-TSO-0001VTP-00029exitkWh/h,1,Physical Flow,hour,2021-03-02T00:00:00+01:00,2021-03-02T01:00:00+01:00,BE-TSO-0001,21X-BE-A-A0A0A-Y,Fluxys Belgium,VTP-00029,Zeebrugge Beach,21Z0000000000090,exit,kWh/h,,,3771863,2021-03-30T00:27:09+02:00,,Confirmed,,,,,False,,,False,PRISMA,,https://platform.prisma-capacity.eu/,,Trading Point,9,False
1Physical Flowhour2021-03-02 00:00:00 +00:002021-03-02 01:00:00 +00:00BE-TSO-0001VTP-00029exitkWh/h,1,Physical Flow,hour,2021-03-02T01:00:00+01:00,2021-03-02T02:00:00+01:00,BE-TSO-0001,21X-BE-A-A0A0A-Y,Fluxys Belgium,VTP-00029,Zeebrugge Beach,21Z0000000000090,exit,kWh/h,,,3805977,2021-03-30T00:27:09+02:00,,Confirmed,,,,,False,,,False,PRISMA,,https://platform.prisma-capacity.eu/,,Trading Point,9,False
1Physical Flowhour2021-03-02 01:00:00 +00:002021-03-02 02:00:00 +00:00BE-TSO-0001VTP-00029exitkWh/h,1,Physical Flow,hour,2021-03-02T02:00:00+01:00,2021-03-02T03:00:00+01:00,BE-TSO-0001,21X-BE-A-A0A0A-Y,Fluxys Belgium,VTP-00029,Zeebrugge Beach,21Z0000000000090,exit,kWh/h,,,3786229,2021-03-30T00:27:09+02:00,,Confirmed,,,,,False,,,False,PRISMA,,https://platform.prisma-capacity.eu/,,Trading Point,9,False
1Physical Flowhour2021-03-02 02:00:00 +00:002021-03-02 03:00:00 +00:00BE-TSO-0001VTP-00029exitkWh/h,1,Physical Flow,hour,2021-03-02T03:00:00+01:00,2021-03-02T04:00:00+01:00,BE-TSO-0001,21X-BE-A-A0A0A-Y,Fluxys Belgium,VTP-00029,Zeebrugge Beach,21Z0000000000090,exit,kWh/h,,,3792197,2021-03-30T00:27:09+02:00,,Confirmed,,,,,False,,,False,PRISMA,,https://platform.prisma-capacity.eu/,,Trading Point,9,False
1Physical Flowhour2021-03-02 03:00:00 +00:002021-03-02 04:00:00 +00:00BE-TSO-0001VTP-00029exitkWh/h,1,Physical Flow,hour,2021-03-02T04:00:00+01:00,2021-03-02T05:00:00+01:00,BE-TSO-0001,21X-BE-A-A0A0A-Y,Fluxys Belgium,VTP-00029,Zeebrugge Beach,21Z0000000000090,exit,kWh/h,,,3769419,2021-03-30T00:27:09+02:00,,Confirmed,,,,,False,,,False,PRISMA,,https://platform.prisma-capacity.eu/,,Trading Point,9,False
1Physical Flowhour2021-03-02 04:00:00 +00:002021-03-02 05:00:00 +00:00BE-TSO-0001VTP-00029exitkWh/h,1,Physical Flow,hour,2021-03-02T05:00:00+01:00,2021-03-02T06:00:00+01:00,BE-TSO-0001,21X-BE-A-A0A0A-Y,Fluxys Belgium,VTP-00029,Zeebrugge Beach,21Z0000000000090,exit,kWh/h,,,3782977,2021-03-30T00:27:09+02:00,,Confirmed,,,,,False,,,False,PRISMA,,https://platform.prisma-capacity.eu/,,Trading Point,9,False
1Physical Flowhour2021-03-02 05:00:00 +00:002021-03-02 06:00:00 +00:00BE-TSO-0001VTP-00029exitkWh/h,1,Physical Flow,hour,2021-03-02T06:00:00+01:00,2021-03-02T07:00:00+01:00,BE-TSO-0001,21X-BE-A-A0A0A-Y,Fluxys Belgium,VTP-00029,Zeebrugge Beach,21Z0000000000090,exit,kWh/h,,,3749314,2021-03-30T00:27:09+02:00,,Confirmed,,,,,False,,,False,PRISMA,,https://platform.prisma-capacity.eu/,,Trading Point,9,False
1Physical Flowhour2021-03-02 06:00:00 +00:002021-03-02 07:00:00 +00:00BE-TSO-0001VTP-00029exitkWh/h,1,Physical Flow,hour,2021-03-02T07:00:00+01:00,2021-03-02T08:00:00+01:00,BE-TSO-0001,21X-BE-A-A0A0A-Y,Fluxys Belgium,VTP-00029,Zeebrugge Beach,21Z0000000000090,exit,kWh/h,,,3668451,2021-03-30T00:27:09+02:00,,Confirmed,,,,,False,,,False,PRISMA,,https://platform.prisma-capacity.eu/,,Trading Point,9,False
1Physical Flowhour2021-03-02 07:00:00 +00:002021-03-02 08:00:00 +00:00BE-TSO-0001VTP-00029exitkWh/h,1,Physical Flow,hour,2021-03-02T08:00:00+01:00,2021-03-02T09:00:00+01:00,BE-TSO-0001,21X-BE-A-A0A0A-Y,Fluxys Belgium,VTP-00029,Zeebrugge Beach,21Z0000000000090,exit,kWh/h,,,3683108,2021-03-30T00:27:09+02:00,,Confirmed,,,,,False,,,False,PRISMA,,https://platform.prisma-capacity.eu/,,Trading Point,9,False
1Physical Flowhour2021-03-02 08:00:00 +00:002021-03-02 09:00:00 +00:00BE-TSO-0001VTP-00029exitkWh/h,1,Physical Flow,hour,2021-03-02T09:00:00+01:00,2021-03-02T10:00:00+01:00,BE-TSO-0001,21X-BE-A-A0A0A-Y,Fluxys Belgium,VTP-00029,Zeebrugge Beach,21Z0000000000090,exit,kWh/h,,,3690168,2021-03-30T00:27:09+02:00,,Confirmed,,,,,False,,,False,PRISMA,,https://platform.prisma-capacity.eu/,,Trading Point,9,False
1Physical Flowhour2021-03-02 09:00:00 +00:002021-03-02 10:00:00 +00:00BE-TSO-0001VTP-00029exitkWh/h,1,Physical Flow,hour,2021-03-02T10:00:00+01:00,2021-03-02T11:00:00+01:00,BE-TSO-0001,21X-BE-A-A0A0A-Y,Fluxys Belgium,VTP-00029,Zeebrugge Beach,21Z0000000000090,exit,kWh/h,,,3666352,2021-03-30T00:27:09+02:00,,Confirmed,,,,,False,,,False,PRISMA,,https://platform.prisma-capacity.eu/,,Trading Point,9,False
1Physical Flowhour2021-03-02 10:00:00 +00:002021-03-02 11:00:00 +00:00BE-TSO-0001VTP-00029exitkWh/h,1,Physical Flow,hour,2021-03-02T11:00:00+01:00,2021-03-02T12:00:00+01:00,BE-TSO-0001,21X-BE-A-A0A0A-Y,Fluxys Belgium,VTP-00029,Zeebrugge Beach,21Z0000000000090,exit,kWh/h,,,3684545,2021-03-30T00:27:09+02:00,,Confirmed,,,,,False,,,False,PRISMA,,https://platform.prisma-capacity.eu/,,Trading Point,9,False
1Physical Flowhour2021-03-02 11:00:00 +00:002021-03-02 12:00:00 +00:00BE-TSO-0001VTP-00029exitkWh/h,1,Physical Flow,hour,2021-03-02T12:00:00+01:00,2021-03-02T13:00:00+01:00,BE-TSO-0001,21X-BE-A-A0A0A-Y,Fluxys Belgium,VTP-00029,Zeebrugge Beach,21Z0000000000090,exit,kWh/h,,,4442172,2021-03-30T00:27:09+02:00,,Confirmed,,,,,False,,,False,PRISMA,,https://platform.prisma-capacity.eu/,,Trading Point,9,False
1Physical Flowhour2021-03-02 12:00:00 +00:002021-03-02 13:00:00 +00:00BE-TSO-0001VTP-00029exitkWh/h,1,Physical Flow,hour,2021-03-02T13:00:00+01:00,2021-03-02T14:00:00+01:00,BE-TSO-0001,21X-BE-A-A0A0A-Y,Fluxys Belgium,VTP-00029,Zeebrugge Beach,21Z0000000000090,exit,kWh/h,,,4569327,2021-03-30T00:27:09+02:00,,Confirmed,,,,,False,,,False,PRISMA,,https://platform.prisma-capacity.eu/,,Trading Point,9,False
1Physical Flowhour2021-03-02 13:00:00 +00:002021-03-02 14:00:00 +00:00BE-TSO-0001VTP-00029exitkWh/h,1,Physical Flow,hour,2021-03-02T14:00:00+01:00,2021-03-02T15:00:00+01:00,BE-TSO-0001,21X-BE-A-A0A0A-Y,Fluxys Belgium,VTP-00029,Zeebrugge Beach,21Z0000000000090,exit,kWh/h,,,4490181,2021-03-30T00:27:09+02:00,,Confirmed,,,,,False,,,False,PRISMA,,https://platform.prisma-capacity.eu/,,Trading Point,9,False
1Physical Flowhour2021-03-02 14:00:00 +00:002021-03-02 15:00:00 +00:00BE-TSO-0001VTP-00029exitkWh/h,1,Physical Flow,hour,2021-03-02T15:00:00+01:00,2021-03-02T16:00:00+01:00,BE-TSO-0001,21X-BE-A-A0A0A-Y,Fluxys Belgium,VTP-00029,Zeebrugge Beach,21Z0000000000090,exit,kWh/h,,,3670598,2021-03-30T00:27:09+02:00,,Confirmed,,,,,False,,,False,PRISMA,,https://platform.prisma-capacity.eu/,,Trading Point,9,False
1Physical Flowhour2021-03-02 15:00:00 +00:002021-03-02 16:00:00 +00:00BE-TSO-0001VTP-00029exitkWh/h,1,Physical Flow,hour,2021-03-02T16:00:00+01:00,2021-03-02T17:00:00+01:00,BE-TSO-0001,21X-BE-A-A0A0A-Y,Fluxys Belgium,VTP-00029,Zeebrugge Beach,21Z0000000000090,exit,kWh/h,,,3688724,2021-03-30T00:27:09+02:00,,Confirmed,,,,,False,,,False,PRISMA,,https://platform.prisma-capacity.eu/,,Trading Point,9,False
1Physical Flowhour2021-03-02 16:00:00 +00:002021-03-02 17:00:00 +00:00BE-TSO-0001VTP-00029exitkWh/h,1,Physical Flow,hour,2021-03-02T17:00:00+01:00,2021-03-02T18:00:00+01:00,BE-TSO-0001,21X-BE-A-A0A0A-Y,Fluxys Belgium,VTP-00029,Zeebrugge Beach,21Z0000000000090,exit,kWh/h,,,3683142,2021-03-30T00:27:09+02:00,,Confirmed,,,,,False,,,False,PRISMA,,https://platform.prisma-capacity.eu/,,Trading Point,9,False
1Physical Flowhour2021-03-02 17:00:00 +00:002021-03-02 18:00:00 +00:00BE-TSO-0001VTP-00029exitkWh/h,1,Physical Flow,hour,2021-03-02T18:00:00+01:00,2021-03-02T19:00:00+01:00,BE-TSO-0001,21X-BE-A-A0A0A-Y,Fluxys Belgium,VTP-00029,Zeebrugge Beach,21Z0000000000090,exit,kWh/h,,,3671094,2021-03-30T00:27:09+02:00,,Confirmed,,,,,False,,,False,PRISMA,,https://platform.prisma-capacity.eu/,,Trading Point,9,False
1Physical Flowhour2021-03-02 18:00:00 +00:002021-03-02 19:00:00 +00:00BE-TSO-0001VTP-00029exitkWh/h,1,Physical Flow,hour,2021-03-02T19:00:00+01:00,2021-03-02T20:00:00+01:00,BE-TSO-0001,21X-BE-A-A0A0A-Y,Fluxys Belgium,VTP-00029,Zeebrugge Beach,21Z0000000000090,exit,kWh/h,,,3677784,2021-03-30T00:27:09+02:00,,Confirmed,,,,,False,,,False,PRISMA,,https://platform.prisma-capacity.eu/,,Trading Point,9,False
1Physical Flowhour2021-03-02 19:00:00 +00:002021-03-02 20:00:00 +00:00BE-TSO-0001VTP-00029exitkWh/h,1,Physical Flow,hour,2021-03-02T20:00:00+01:00,2021-03-02T21:00:00+01:00,BE-TSO-0001,21X-BE-A-A0A0A-Y,Fluxys Belgium,VTP-00029,Zeebrugge Beach,21Z0000000000090,exit,kWh/h,,,3684785,2021-03-30T00:27:09+02:00,,Confirmed,,,,,False,,,False,PRISMA,,https://platform.prisma-capacity.eu/,,Trading Point,9,False
1Physical Flowhour2021-03-02 20:00:00 +00:002021-03-02 21:00:00 +00:00BE-TSO-0001VTP-00029exitkWh/h,1,Physical Flow,hour,2021-03-02T21:00:00+01:00,2021-03-02T22:00:00+01:00,BE-TSO-0001,21X-BE-A-A0A0A-Y,Fluxys Belgium,VTP-00029,Zeebrugge Beach,21Z0000000000090,exit,kWh/h,,,3675283,2021-03-30T00:27:09+02:00,,Confirmed,,,,,False,,,False,PRISMA,,https://platform.prisma-capacity.eu/,,Trading Point,9,False
1Physical Flowhour2021-03-02 21:00:00 +00:002021-03-02 22:00:00 +00:00BE-TSO-0001VTP-00029exitkWh/h,1,Physical Flow,hour,2021-03-02T22:00:00+01:00,2021-03-02T23:00:00+01:00,BE-TSO-0001,21X-BE-A-A0A0A-Y,Fluxys Belgium,VTP-00029,Zeebrugge Beach,21Z0000000000090,exit,kWh/h,,,3681149,2021-03-30T00:27:09+02:00,,Confirmed,,,,,False,,,False,PRISMA,,https://platform.prisma-capacity.eu/,,Trading Point,9,False
1Physical Flowhour2021-03-02 22:00:00 +00:002021-03-02 23:00:00 +00:00BE-TSO-0001VTP-00029exitkWh/h,1,Physical Flow,hour,2021-03-02T23:00:00+01:00,2021-03-03T00:00:00+01:00,BE-TSO-0001,21X-BE-A-A0A0A-Y,Fluxys Belgium,VTP-00029,Zeebrugge Beach,21Z0000000000090,exit,kWh/h,,,3678942,2021-03-30T00:27:09+02:00,,Confirmed,,,,,False,,,False,PRISMA,,https://platform.prisma-capacity.eu/,,Trading Point,9,False
1Physical Flowhour2021-03-02 23:00:00 +00:002021-03-03 00:00:00 +00:00BE-TSO-0001VTP-00029exitkWh/h,1,Physical Flow,hour,2021-03-03T00:00:00+01:00,2021-03-03T01:00:00+01:00,BE-TSO-0001,21X-BE-A-A0A0A-Y,Fluxys Belgium,VTP-00029,Zeebrugge Beach,21Z0000000000090,exit,kWh/h,,,3680342,2021-03-30T00:27:09+02:00,,Confirmed,,,,,False,,,False,PRISMA,,https://platform.prisma-capacity.eu/,,Trading Point,9,False
1Physical Flowhour2021-03-03 00:00:00 +00:002021-03-03 01:00:00 +00:00BE-TSO-0001VTP-00029exitkWh/h,1,Physical Flow,hour,2021-03-03T01:00:00+01:00,2021-03-03T02:00:00+01:00,BE-TSO-0001,21X-BE-A-A0A0A-Y,Fluxys Belgium,VTP-00029,Zeebrugge Beach,21Z0000000000090,exit,kWh/h,,,3703950,2021-03-30T00:27:09+02:00,,Confirmed,,,,,False,,,False,PRISMA,,https://platform.prisma-capacity.eu/,,Trading Point,9,False
1Physical Flowhour2021-03-03 01:00:00 +00:002021-03-03 02:00:00 +00:00BE-TSO-0001VTP-00029exitkWh/h,1,Physical Flow,hour,2021-03-03T02:00:00+01:00,2021-03-03T03:00:00+01:00,BE-TSO-0001,21X-BE-A-A0A0A-Y,Fluxys Belgium,VTP-00029,Zeebrugge Beach,21Z0000000000090,exit,kWh/h,,,3660553,2021-03-30T00:27:09+02:00,,Confirmed,,,,,False,,,False,PRISMA,,https://platform.prisma-capacity.eu/,,Trading Point,9,False
1Physical Flowhour2021-03-03 02:00:00 +00:002021-03-03 03:00:00 +00:00BE-TSO-0001VTP-00029exitkWh/h,1,Physical Flow,hour,2021-03-03T03:00:00+01:00,2021-03-03T04:00:00+01:00,BE-TSO-0001,21X-BE-A-A0A0A-Y,Fluxys Belgium,VTP-00029,Zeebrugge Beach,21Z0000000000090,exit,kWh/h,,,3679131,2021-03-30T00:27:09+02:00,,Confirmed,,,,,False,,,False,PRISMA,,https://platform.prisma-capacity.eu/,,Trading Point,9,False
1Physical Flowhour2021-03-03 03:00:00 +00:002021-03-03 04:00:00 +00:00BE-TSO-0001VTP-00029exitkWh/h,1,Physical Flow,hour,2021-03-03T04:00:00+01:00,2021-03-03T05:00:00+01:00,BE-TSO-0001,21X-BE-A-A0A0A-Y,Fluxys Belgium,VTP-00029,Zeebrugge Beach,21Z0000000000090,exit,kWh/h,,,3705445,2021-03-30T00:27:09+02:00,,Confirmed,,,,,False,,,False,PRISMA,,https://platform.prisma-capacity.eu/,,Trading Point,9,False
1Physical Flowhour2021-03-03 04:00:00 +00:002021-03-03 05:00:00 +00:00BE-TSO-0001VTP-00029exitkWh/h,1,Physical Flow,hour,2021-03-03T05:00:00+01:00,2021-03-03T06:00:00+01:00,BE-TSO-0001,21X-BE-A-A0A0A-Y,Fluxys Belgium,VTP-00029,Zeebrugge Beach,21Z0000000000090,exit,kWh/h,,,3666768,2021-03-30T00:27:09+02:00,,Confirmed,,,,,False,,,False,PRISMA,,https://platform.prisma-capacity.eu/,,Trading Point,9,False
1Physical Flowhour2021-03-03 05:00:00 +00:002021-03-03 06:00:00 +00:00BE-TSO-0001VTP-00029exitkWh/h,1,Physical Flow,hour,2021-03-03T06:00:00+01:00,2021-03-03T07:00:00+01:00,BE-TSO-0001,21X-BE-A-A0A0A-Y,Fluxys Belgium,VTP-00029,Zeebrugge Beach,21Z0000000000090,exit,kWh/h,,,4759046,2021-03-30T00:27:09+02:00,,Confirmed,,,,,False,,,False,PRISMA,,https://platform.prisma-capacity.eu/,,Trading Point,9,False
1Physical Flowhour2021-03-03 06:00:00 +00:002021-03-03 07:00:00 +00:00BE-TSO-0001VTP-00029exitkWh/h,1,Physical Flow,hour,2021-03-03T07:00:00+01:00,2021-03-03T08:00:00+01:00,BE-TSO-0001,21X-BE-A-A0A0A-Y,Fluxys Belgium,VTP-00029,Zeebrugge Beach,21Z0000000000090,exit,kWh/h,,,4716941,2021-03-30T00:27:09+02:00,,Confirmed,,,,,False,,,False,PRISMA,,https://platform.prisma-capacity.eu/,,Trading Point,9,False
1Physical Flowhour2021-03-03 07:00:00 +00:002021-03-03 08:00:00 +00:00BE-TSO-0001VTP-00029exitkWh/h,1,Physical Flow,hour,2021-03-03T08:00:00+01:00,2021-03-03T09:00:00+01:00,BE-TSO-0001,21X-BE-A-A0A0A-Y,Fluxys Belgium,VTP-00029,Zeebrugge Beach,21Z0000000000090,exit,kWh/h,,,4733620,2021-03-30T00:27:09+02:00,,Confirmed,,,,,False,,,False,PRISMA,,https://platform.prisma-capacity.eu/,,Trading Point,9,False
1Physical Flowhour2021-03-03 08:00:00 +00:002021-03-03 09:00:00 +00:00BE-TSO-0001VTP-00029exitkWh/h,1,Physical Flow,hour,2021-03-03T09:00:00+01:00,2021-03-03T10:00:00+01:00,BE-TSO-0001,21X-BE-A-A0A0A-Y,Fluxys Belgium,VTP-00029,Zeebrugge Beach,21Z0000000000090,exit,kWh/h,,,4794157,2021-03-30T00:27:09+02:00,,Confirmed,,,,,False,,,False,PRISMA,,https://platform.prisma-capacity.eu/,,Trading Point,9,False
1Physical Flowhour2021-03-03 09:00:00 +00:002021-03-03 10:00:00 +00:00BE-TSO-0001VTP-00029exitkWh/h,1,Physical Flow,hour,2021-03-03T10:00:00+01:00,2021-03-03T11:00:00+01:00,BE-TSO-0001,21X-BE-A-A0A0A-Y,Fluxys Belgium,VTP-00029,Zeebrugge Beach,21Z0000000000090,exit,kWh/h,,,4628004,2021-03-30T00:27:09+02:00,,Confirmed,,,,,False,,,False,PRISMA,,https://platform.prisma-capacity.eu/,,Trading Point,9,False
1Physical Flowhour2021-03-03 10:00:00 +00:002021-03-03 11:00:00 +00:00BE-TSO-0001VTP-00029exitkWh/h,1,Physical Flow,hour,2021-03-03T11:00:00+01:00,2021-03-03T12:00:00+01:00,BE-TSO-0001,21X-BE-A-A0A0A-Y,Fluxys Belgium,VTP-00029,Zeebrugge Beach,21Z0000000000090,exit,kWh/h,,,4724463,2021-03-30T00:27:09+02:00,,Confirmed,,,,,False,,,False,PRISMA,,https://platform.prisma-capacity.eu/,,Trading Point,9,False
1Physical Flowhour2021-03-03 11:00:00 +00:002021-03-03 12:00:00 +00:00BE-TSO-0001VTP-00029exitkWh/h,1,Physical Flow,hour,2021-03-03T12:00:00+01:00,2021-03-03T13:00:00+01:00,BE-TSO-0001,21X-BE-A-A0A0A-Y,Fluxys Belgium,VTP-00029,Zeebrugge Beach,21Z0000000000090,exit,kWh/h,,,4736971,2021-03-30T00:27:09+02:00,,Confirmed,,,,,False,,,False,PRISMA,,https://platform.prisma-capacity.eu/,,Trading Point,9,False
1Physical Flowhour2021-03-03 12:00:00 +00:002021-03-03 13:00:00 +00:00BE-TSO-0001VTP-00029exitkWh/h,1,Physical Flow,hour,2021-03-03T13:00:00+01:00,2021-03-03T14:00:00+01:00,BE-TSO-0001,21X-BE-A-A0A0A-Y,Fluxys Belgium,VTP-00029,Zeebrugge Beach,21Z0000000000090,exit,kWh/h,,,4695093,2021-03-30T00:27:09+02:00,,Confirmed,,,,,False,,,False,PRISMA,,https://platform.prisma-capacity.eu/,,Trading Point,9,False
1Physical Flowhour2021-03-03 13:00:00 +00:002021-03-03 14:00:00 +00:00BE-TSO-0001VTP-00029exitkWh/h,1,Physical Flow,hour,2021-03-03T14:00:00+01:00,2021-03-03T15:00:00+01:00,BE-TSO-0001,21X-BE-A-A0A0A-Y,Fluxys Belgium,VTP-00029,Zeebrugge Beach,21Z0000000000090,exit,kWh/h,,,4721274,2021-03-30T00:27:09+02:00,,Confirmed,,,,,False,,,False,PRISMA,,https://platform.prisma-capacity.eu/,,Trading Point,9,False
1Physical Flowhour2021-03-03 14:00:00 +00:002021-03-03 15:00:00 +00:00BE-TSO-0001VTP-00029exitkWh/h,1,Physical Flow,hour,2021-03-03T15:00:00+01:00,2021-03-03T16:00:00+01:00,BE-TSO-0001,21X-BE-A-A0A0A-Y,Fluxys Belgium,VTP-00029,Zeebrugge Beach,21Z0000000000090,exit,kWh/h,,,4709529,2021-03-30T00:27:09+02:00,,Confirmed,,,,,False,,,False,PRISMA,,https://platform.prisma-capacity.eu/,,Trading Point,9,False
1Physical Flowhour2021-03-03 15:00:00 +00:002021-03-03 16:00:00 +00:00BE-TSO-0001VTP-00029exitkWh/h,1,Physical Flow,hour,2021-03-03T16:00:00+01:00,2021-03-03T17:00:00+01:00,BE-TSO-0001,21X-BE-A-A0A0A-Y,Fluxys Belgium,VTP-00029,Zeebrugge Beach,21Z0000000000090,exit,kWh/h,,,4713421,2021-03-30T00:27:09+02:00,,Confirmed,,,,,False,,,False,PRISMA,,https://platform.prisma-capacity.eu/,,Trading Point,9,False
1Physical Flowhour2021-03-03 16:00:00 +00:002021-03-03 17:00:00 +00:00BE-TSO-0001VTP-00029exitkWh/h,1,Physical Flow,hour,2021-03-03T17:00:00+01:00,2021-03-03T18:00:00+01:00,BE-TSO-0001,21X-BE-A-A0A0A-Y,Fluxys Belgium,VTP-00029,Zeebrugge Beach,21Z0000000000090,exit,kWh/h,,,4692025,2021-03-30T00:27:09+02:00,,Confirmed,,,,,False,,,False,PRISMA,,https://platform.prisma-capacity.eu/,,Trading Point,9,False
1Physical Flowhour2021-03-03 17:00:00 +00:002021-03-03 18:00:00 +00:00BE-TSO-0001VTP-00029exitkWh/h,1,Physical Flow,hour,2021-03-03T18:00:00+01:00,2021-03-03T19:00:00+01:00,BE-TSO-0001,21X-BE-A-A0A0A-Y,Fluxys Belgium,VTP-00029,Zeebrugge Beach,21Z0000000000090,exit,kWh/h,,,4722521,2021-03-30T00:27:09+02:00,,Confirmed,,,,,False,,,False,PRISMA,,https://platform.prisma-capacity.eu/,,Trading Point,9,False
1Physical Flowhour2021-03-03 18:00:00 +00:002021-03-03 19:00:00 +00:00BE-TSO-0001VTP-00029exitkWh/h,1,Physical Flow,hour,2021-03-03T19:00:00+01:00,2021-03-03T20:00:00+01:00,BE-TSO-0001,21X-BE-A-A0A0A-Y,Fluxys Belgium,VTP-00029,Zeebrugge Beach,21Z0000000000090,exit,kWh/h,,,4733044,2021-03-30T00:27:09+02:00,,Confirmed,,,,,False,,,False,PRISMA,,https://platform.prisma-capacity.eu/,,Trading Point,9,False
1Physical Flowhour2021-03-03 19:00:00 +00:002021-03-03 20:00:00 +00:00BE-TSO-0001VTP-00029exitkWh/h,1,Physical Flow,hour,2021-03-03T20:00:00+01:00,2021-03-03T21:00:00+01:00,BE-TSO-0001,21X-BE-A-A0A0A-Y,Fluxys Belgium,VTP-00029,Zeebrugge Beach,21Z0000000000090,exit,kWh/h,,,4700039,2021-03-30T00:27:09+02:00,,Confirmed,,,,,False,,,False,PRISMA,,https://platform.prisma-capacity.eu/,,Trading Point,9,False
1Physical Flowhour2021-03-03 20:00:00 +00:002021-03-03 21:00:00 +00:00BE-TSO-0001VTP-00029exitkWh/h,1,Physical Flow,hour,2021-03-03T21:00:00+01:00,2021-03-03T22:00:00+01:00,BE-TSO-0001,21X-BE-A-A0A0A-Y,Fluxys Belgium,VTP-00029,Zeebrugge Beach,21Z0000000000090,exit,kWh/h,,,4714170,2021-03-30T00:27:09+02:00,,Confirmed,,,,,False,,,False,PRISMA,,https://platform.prisma-capacity.eu/,,Trading Point,9,False
1Physical Flowhour2021-03-03 21:00:00 +00:002021-03-03 22:00:00 +00:00BE-TSO-0001VTP-00029exitkWh/h,1,Physical Flow,hour,2021-03-03T22:00:00+01:00,2021-03-03T23:00:00+01:00,BE-TSO-0001,21X-BE-A-A0A0A-Y,Fluxys Belgium,VTP-00029,Zeebrugge Beach,21Z0000000000090,exit,kWh/h,,,4722236,2021-03-30T00:27:09+02:00,,Confirmed,,,,,False,,,False,PRISMA,,https://platform.prisma-capacity.eu/,,Trading Point,9,False
1Physical Flowhour2021-03-03 22:00:00 +00:002021-03-03 23:00:00 +00:00BE-TSO-0001VTP-00029exitkWh/h,1,Physical Flow,hour,2021-03-03T23:00:00+01:00,2021-03-04T00:00:00+01:00,BE-TSO-0001,21X-BE-A-A0A0A-Y,Fluxys Belgium,VTP-00029,Zeebrugge Beach,21Z0000000000090,exit,kWh/h,,,4713900,2021-03-30T00:27:09+02:00,,Confirmed,,,,,False,,,False,PRISMA,,https://platform.prisma-capacity.eu/,,Trading Point,9,False
1Physical Flowhour2021-03-03 23:00:00 +00:002021-03-04 00:00:00 +00:00BE-TSO-0001VTP-00029exitkWh/h,1,Physical Flow,hour,2021-03-04T00:00:00+01:00,2021-03-04T01:00:00+01:00,BE-TSO-0001,21X-BE-A-A0A0A-Y,Fluxys Belgium,VTP-00029,Zeebrugge Beach,21Z0000000000090,exit,kWh/h,,,4753224,2021-03-30T00:27:09+02:00,,Confirmed,,,,,False,,,False,PRISMA,,https://platform.prisma-capacity.eu/,,Trading Point,9,False
1Physical Flowhour2021-03-04 00:00:00 +00:002021-03-04 01:00:00 +00:00BE-TSO-0001VTP-00029exitkWh/h,1,Physical Flow,hour,2021-03-04T01:00:00+01:00,2021-03-04T02:00:00+01:00,BE-TSO-0001,21X-BE-A-A0A0A-Y,Fluxys Belgium,VTP-00029,Zeebrugge Beach,21Z0000000000090,exit,kWh/h,,,4656701,2021-03-30T00:27:09+02:00,,Confirmed,,,,,False,,,False,PRISMA,,https://platform.prisma-capacity.eu/,,Trading Point,9,False
1Physical Flowhour2021-03-04 01:00:00 +00:002021-03-04 02:00:00 +00:00BE-TSO-0001VTP-00029exitkWh/h,1,Physical Flow,hour,2021-03-04T02:00:00+01:00,2021-03-04T03:00:00+01:00,BE-TSO-0001,21X-BE-A-A0A0A-Y,Fluxys Belgium,VTP-00029,Zeebrugge Beach,21Z0000000000090,exit,kWh/h,,,4707328,2021-03-30T00:27:09+02:00,,Confirmed,,,,,False,,,False,PRISMA,,https://platform.prisma-capacity.eu/,,Trading Point,9,False
1Physical Flowhour2021-03-04 02:00:00 +00:002021-03-04 03:00:00 +00:00BE-TSO-0001VTP-00029exitkWh/h,1,Physical Flow,hour,2021-03-04T03:00:00+01:00,2021-03-04T04:00:00+01:00,BE-TSO-0001,21X-BE-A-A0A0A-Y,Fluxys Belgium,VTP-00029,Zeebrugge Beach,21Z0000000000090,exit,kWh/h,,,4930951,2021-03-30T00:27:09+02:00,,Confirmed,,,,,False,,,False,PRISMA,,https://platform.prisma-capacity.eu/,,Trading Point,9,False
1Physical Flowhour2021-03-04 03:00:00 +00:002021-03-04 04:00:00 +00:00BE-TSO-0001VTP-00029exitkWh/h,1,Physical Flow,hour,2021-03-04T04:00:00+01:00,2021-03-04T05:00:00+01:00,BE-TSO-0001,21X-BE-A-A0A0A-Y,Fluxys Belgium,VTP-00029,Zeebrugge Beach,21Z0000000000090,exit,kWh/h,,,4373987,2021-03-30T00:27:09+02:00,,Confirmed,,,,,False,,,False,PRISMA,,https://platform.prisma-capacity.eu/,,Trading Point,9,False
1Physical Flowhour2021-03-04 04:00:00 +00:002021-03-04 05:00:00 +00:00BE-TSO-0001VTP-00029exitkWh/h,1,Physical Flow,hour,2021-03-04T05:00:00+01:00,2021-03-04T06:00:00+01:00,BE-TSO-0001,21X-BE-A-A0A0A-Y,Fluxys Belgium,VTP-00029,Zeebrugge Beach,21Z0000000000090,exit,kWh/h,,,4825960,2021-03-30T00:27:09+02:00,,Confirmed,,,,,False,,,False,PRISMA,,https://platform.prisma-capacity.eu/,,Trading Point,9,False
1Physical Flowhour2021-03-04 05:00:00 +00:002021-03-04 06:00:00 +00:00BE-TSO-0001VTP-00029exitkWh/h,1,Physical Flow,hour,2021-03-04T06:00:00+01:00,2021-03-04T07:00:00+01:00,BE-TSO-0001,21X-BE-A-A0A0A-Y,Fluxys Belgium,VTP-00029,Zeebrugge Beach,21Z0000000000090,exit,kWh/h,,,4801116,2021-03-30T00:27:09+02:00,,Confirmed,,,,,False,,,False,PRISMA,,https://platform.prisma-capacity.eu/,,Trading Point,9,False
1Physical Flowhour2021-03-04 06:00:00 +00:002021-03-04 07:00:00 +00:00BE-TSO-0001VTP-00029exitkWh/h,1,Physical Flow,hour,2021-03-04T07:00:00+01:00,2021-03-04T08:00:00+01:00,BE-TSO-0001,21X-BE-A-A0A0A-Y,Fluxys Belgium,VTP-00029,Zeebrugge Beach,21Z0000000000090,exit,kWh/h,,,4708775,2021-03-30T00:27:09+02:00,,Confirmed,,,,,False,,,False,PRISMA,,https://platform.prisma-capacity.eu/,,Trading Point,9,False
1Physical Flowhour2021-03-04 07:00:00 +00:002021-03-04 08:00:00 +00:00BE-TSO-0001VTP-00029exitkWh/h,1,Physical Flow,hour,2021-03-04T08:00:00+01:00,2021-03-04T09:00:00+01:00,BE-TSO-0001,21X-BE-A-A0A0A-Y,Fluxys Belgium,VTP-00029,Zeebrugge Beach,21Z0000000000090,exit,kWh/h,,,4713049,2021-03-30T00:27:09+02:00,,Confirmed,,,,,False,,,False,PRISMA,,https://platform.prisma-capacity.eu/,,Trading Point,9,False
1Physical Flowhour2021-03-04 08:00:00 +00:002021-03-04 09:00:00 +00:00BE-TSO-0001VTP-00029exitkWh/h,1,Physical Flow,hour,2021-03-04T09:00:00+01:00,2021-03-04T10:00:00+01:00,BE-TSO-0001,21X-BE-A-A0A0A-Y,Fluxys Belgium,VTP-00029,Zeebrugge Beach,21Z0000000000090,exit,kWh/h,,,4709919,2021-03-30T00:27:09+02:00,,Confirmed,,,,,False,,,False,PRISMA,,https://platform.prisma-capacity.eu/,,Trading Point,9,False
1Physical Flowhour2021-03-04 09:00:00 +00:002021-03-04 10:00:00 +00:00BE-TSO-0001VTP-00029exitkWh/h,1,Physical Flow,hour,2021-03-04T10:00:00+01:00,2021-03-04T11:00:00+01:00,BE-TSO-0001,21X-BE-A-A0A0A-Y,Fluxys Belgium,VTP-00029,Zeebrugge Beach,21Z0000000000090,exit,kWh/h,,,4711392,2021-03-30T00:27:09+02:00,,Confirmed,,,,,False,,,False,PRISMA,,https://platform.prisma-capacity.eu/,,Trading Point,9,False
1Physical Flowhour2021-03-04 10:00:00 +00:002021-03-04 11:00:00 +00:00BE-TSO-0001VTP-00029exitkWh/h,1,Physical Flow,hour,2021-03-04T11:00:00+01:00,2021-03-04T12:00:00+01:00,BE-TSO-0001,21X-BE-A-A0A0A-Y,Fluxys Belgium,VTP-00029,Zeebrugge Beach,21Z0000000000090,exit,kWh/h,,,4711841,2021-03-30T00:27:09+02:00,,Confirmed,,,,,False,,,False,PRISMA,,https://platform.prisma-capacity.eu/,,Trading Point,9,False
1Physical Flowhour2021-03-04 11:00:00 +00:002021-03-04 12:00:00 +00:00BE-TSO-0001VTP-00029exitkWh/h,1,Physical Flow,hour,2021-03-04T12:00:00+01:00,2021-03-04T13:00:00+01:00,BE-TSO-0001,21X-BE-A-A0A0A-Y,Fluxys Belgium,VTP-00029,Zeebrugge Beach,21Z0000000000090,exit,kWh/h,,,4715537,2021-03-30T00:27:09+02:00,,Confirmed,,,,,False,,,False,PRISMA,,https://platform.prisma-capacity.eu/,,Trading Point,9,False
1Physical Flowhour2021-03-04 12:00:00 +00:002021-03-04 13:00:00 +00:00BE-TSO-0001VTP-00029exitkWh/h,1,Physical Flow,hour,2021-03-04T13:00:00+01:00,2021-03-04T14:00:00+01:00,BE-TSO-0001,21X-BE-A-A0A0A-Y,Fluxys Belgium,VTP-00029,Zeebrugge Beach,21Z0000000000090,exit,kWh/h,,,4710138,2021-03-30T00:27:09+02:00,,Confirmed,,,,,False,,,False,PRISMA,,https://platform.prisma-capacity.eu/,,Trading Point,9,False
1Physical Flowhour2021-03-04 13:00:00 +00:002021-03-04 14:00:00 +00:00BE-TSO-0001VTP-00029exitkWh/h,1,Physical Flow,hour,2021-03-04T14:00:00+01:00,2021-03-04T15:00:00+01:00,BE-TSO-0001,21X-BE-A-A0A0A-Y,Fluxys Belgium,VTP-00029,Zeebrugge Beach,21Z0000000000090,exit,kWh/h,,,4629911,2021-03-30T00:27:09+02:00,,Confirmed,,,,,False,,,False,PRISMA,,https://platform.prisma-capacity.eu/,,Trading Point,9,False
1Physical Flowhour2021-03-04 14:00:00 +00:002021-03-04 15:00:00 +00:00BE-TSO-0001VTP-00029exitkWh/h,1,Physical Flow,hour,2021-03-04T15:00:00+01:00,2021-03-04T16:00:00+01:00,BE-TSO-0001,21X-BE-A-A0A0A-Y,Fluxys Belgium,VTP-00029,Zeebrugge Beach,21Z0000000000090,exit,kWh/h,,,4797093,2021-03-30T00:27:09+02:00,,Confirmed,,,,,False,,,False,PRISMA,,https://platform.prisma-capacity.eu/,,Trading Point,9,False
1Physical Flowhour2021-03-04 15:00:00 +00:002021-03-04 16:00:00 +00:00BE-TSO-0001VTP-00029exitkWh/h,1,Physical Flow,hour,2021-03-04T16:00:00+01:00,2021-03-04T17:00:00+01:00,BE-TSO-0001,21X-BE-A-A0A0A-Y,Fluxys Belgium,VTP-00029,Zeebrugge Beach,21Z0000000000090,exit,kWh/h,,,4702621,2021-03-30T00:27:09+02:00,,Confirmed,,,,,False,,,False,PRISMA,,https://platform.prisma-capacity.eu/,,Trading Point,9,False
1Physical Flowhour2021-03-04 16:00:00 +00:002021-03-04 17:00:00 +00:00BE-TSO-0001VTP-00029exitkWh/h,1,Physical Flow,hour,2021-03-04T17:00:00+01:00,2021-03-04T18:00:00+01:00,BE-TSO-0001,21X-BE-A-A0A0A-Y,Fluxys Belgium,VTP-00029,Zeebrugge Beach,21Z0000000000090,exit,kWh/h,,,4711857,2021-03-30T00:27:09+02:00,,Confirmed,,,,,False,,,False,PRISMA,,https://platform.prisma-capacity.eu/,,Trading Point,9,False
1Physical Flowhour2021-03-04 17:00:00 +00:002021-03-04 18:00:00 +00:00BE-TSO-0001VTP-00029exitkWh/h,1,Physical Flow,hour,2021-03-04T18:00:00+01:00,2021-03-04T19:00:00+01:00,BE-TSO-0001,21X-BE-A-A0A0A-Y,Fluxys Belgium,VTP-00029,Zeebrugge Beach,21Z0000000000090,exit,kWh/h,,,5101161,2021-03-30T00:27:09+02:00,,Confirmed,,,,,False,,,False,PRISMA,,https://platform.prisma-capacity.eu/,,Trading Point,9,False
1Physical Flowhour2021-03-04 18:00:00 +00:002021-03-04 19:00:00 +00:00BE-TSO-0001VTP-00029exitkWh/h,1,Physical Flow,hour,2021-03-04T19:00:00+01:00,2021-03-04T20:00:00+01:00,BE-TSO-0001,21X-BE-A-A0A0A-Y,Fluxys Belgium,VTP-00029,Zeebrugge Beach,21Z0000000000090,exit,kWh/h,,,5097048,2021-03-30T00:27:09+02:00,,Confirmed,,,,,False,,,False,PRISMA,,https://platform.prisma-capacity.eu/,,Trading Point,9,False
1Physical Flowhour2021-03-04 19:00:00 +00:002021-03-04 20:00:00 +00:00BE-TSO-0001VTP-00029exitkWh/h,1,Physical Flow,hour,2021-03-04T20:00:00+01:00,2021-03-04T21:00:00+01:00,BE-TSO-0001,21X-BE-A-A0A0A-Y,Fluxys Belgium,VTP-00029,Zeebrugge Beach,21Z0000000000090,exit,kWh/h,,,5092174,2021-03-30T00:27:09+02:00,,Confirmed,,,,,False,,,False,PRISMA,,https://platform.prisma-capacity.eu/,,Trading Point,9,False
1Physical Flowhour2021-03-04 20:00:00 +00:002021-03-04 21:00:00 +00:00BE-TSO-0001VTP-00029exitkWh/h,1,Physical Flow,hour,2021-03-04T21:00:00+01:00,2021-03-04T22:00:00+01:00,BE-TSO-0001,21X-BE-A-A0A0A-Y,Fluxys Belgium,VTP-00029,Zeebrugge Beach,21Z0000000000090,exit,kWh/h,,,5109779,2021-03-30T00:27:09+02:00,,Confirmed,,,,,False,,,False,PRISMA,,https://platform.prisma-capacity.eu/,,Trading Point,9,False
1Physical Flowhour2021-03-04 21:00:00 +00:002021-03-04 22:00:00 +00:00BE-TSO-0001VTP-00029exitkWh/h,1,Physical Flow,hour,2021-03-04T22:00:00+01:00,2021-03-04T23:00:00+01:00,BE-TSO-0001,21X-BE-A-A0A0A-Y,Fluxys Belgium,VTP-00029,Zeebrugge Beach,21Z0000000000090,exit,kWh/h,,,5109888,2021-03-30T00:27:09+02:00,,Confirmed,,,,,False,,,False,PRISMA,,https://platform.prisma-capacity.eu/,,Trading Point,9,False
1Physical Flowhour2021-03-04 22:00:00 +00:002021-03-04 23:00:00 +00:00BE-TSO-0001VTP-00029exitkWh/h,1,Physical Flow,hour,2021-03-04T23:00:00+01:00,2021-03-05T00:00:00+01:00,BE-TSO-0001,21X-BE-A-A0A0A-Y,Fluxys Belgium,VTP-00029,Zeebrugge Beach,21Z0000000000090,exit,kWh/h,,,5097928,2021-03-30T00:27:09+02:00,,Confirmed,,,,,False,,,False,PRISMA,,https://platform.prisma-capacity.eu/,,Trading Point,9,False
1Physical Flowhour2021-03-04 23:00:00 +00:002021-03-05 00:00:00 +00:00BE-TSO-0001VTP-00029exitkWh/h,1,Physical Flow,hour,2021-03-05T00:00:00+01:00,2021-03-05T01:00:00+01:00,BE-TSO-0001,21X-BE-A-A0A0A-Y,Fluxys Belgium,VTP-00029,Zeebrugge Beach,21Z0000000000090,exit,kWh/h,,,5098459,2021-03-30T00:27:09+02:00,,Confirmed,,,,,False,,,False,PRISMA,,https://platform.prisma-capacity.eu/,,Trading Point,9,False
1Physical Flowhour2021-03-05 00:00:00 +00:002021-03-05 01:00:00 +00:00BE-TSO-0001VTP-00029exitkWh/h,1,Physical Flow,hour,2021-03-05T01:00:00+01:00,2021-03-05T02:00:00+01:00,BE-TSO-0001,21X-BE-A-A0A0A-Y,Fluxys Belgium,VTP-00029,Zeebrugge Beach,21Z0000000000090,exit,kWh/h,,,5091437,2021-03-30T00:27:09+02:00,,Confirmed,,,,,False,,,False,PRISMA,,https://platform.prisma-capacity.eu/,,Trading Point,9,False
1Physical Flowhour2021-03-05 01:00:00 +00:002021-03-05 02:00:00 +00:00BE-TSO-0001VTP-00029exitkWh/h,1,Physical Flow,hour,2021-03-05T02:00:00+01:00,2021-03-05T03:00:00+01:00,BE-TSO-0001,21X-BE-A-A0A0A-Y,Fluxys Belgium,VTP-00029,Zeebrugge Beach,21Z0000000000090,exit,kWh/h,,,5099598,2021-03-30T00:27:09+02:00,,Confirmed,,,,,False,,,False,PRISMA,,https://platform.prisma-capacity.eu/,,Trading Point,9,False
1Physical Flowhour2021-03-05 02:00:00 +00:002021-03-05 03:00:00 +00:00BE-TSO-0001VTP-00029exitkWh/h,1,Physical Flow,hour,2021-03-05T03:00:00+01:00,2021-03-05T04:00:00+01:00,BE-TSO-0001,21X-BE-A-A0A0A-Y,Fluxys Belgium,VTP-00029,Zeebrugge Beach,21Z0000000000090,exit,kWh/h,,,5103472,2021-03-30T00:27:09+02:00,,Confirmed,,,,,False,,,False,PRISMA,,https://platform.prisma-capacity.eu/,,Trading Point,9,False
1Physical Flowhour2021-03-05 03:00:00 +00:002021-03-05 04:00:00 +00:00BE-TSO-0001VTP-00029exitkWh/h,1,Physical Flow,hour,2021-03-05T04:00:00+01:00,2021-03-05T05:00:00+01:00,BE-TSO-0001,21X-BE-A-A0A0A-Y,Fluxys Belgium,VTP-00029,Zeebrugge Beach,21Z0000000000090,exit,kWh/h,,,5093929,2021-03-30T00:27:09+02:00,,Confirmed,,,,,False,,,False,PRISMA,,https://platform.prisma-capacity.eu/,,Trading Point,9,False
1Physical Flowhour2021-03-05 04:00:00 +00:002021-03-05 05:00:00 +00:00BE-TSO-0001VTP-00029exitkWh/h,1,Physical Flow,hour,2021-03-05T05:00:00+01:00,2021-03-05T06:00:00+01:00,BE-TSO-0001,21X-BE-A-A0A0A-Y,Fluxys Belgium,VTP-00029,Zeebrugge Beach,21Z0000000000090,exit,kWh/h,,,5100862,2021-03-30T00:27:09+02:00,,Confirmed,,,,,False,,,False,PRISMA,,https://platform.prisma-capacity.eu/,,Trading Point,9,False
1Physical Flowhour2021-03-05 05:00:00 +00:002021-03-05 06:00:00 +00:00BE-TSO-0001VTP-00029exitkWh/h,1,Physical Flow,hour,2021-03-05T06:00:00+01:00,2021-03-05T07:00:00+01:00,BE-TSO-0001,21X-BE-A-A0A0A-Y,Fluxys Belgium,VTP-00029,Zeebrugge Beach,21Z0000000000090,exit,kWh/h,,,5935764,2021-03-30T00:27:09+02:00,,Confirmed,,,,,False,,,False,PRISMA,,https://platform.prisma-capacity.eu/,,Trading Point,9,False
1Physical Flowhour2021-03-05 06:00:00 +00:002021-03-05 07:00:00 +00:00BE-TSO-0001VTP-00029exitkWh/h,1,Physical Flow,hour,2021-03-05T07:00:00+01:00,2021-03-05T08:00:00+01:00,BE-TSO-0001,21X-BE-A-A0A0A-Y,Fluxys Belgium,VTP-00029,Zeebrugge Beach,21Z0000000000090,exit,kWh/h,,,5906095,2021-03-30T00:27:09+02:00,,Confirmed,,,,,False,,,False,PRISMA,,https://platform.prisma-capacity.eu/,,Trading Point,9,False
1Physical Flowhour2021-03-05 07:00:00 +00:002021-03-05 08:00:00 +00:00BE-TSO-0001VTP-00029exitkWh/h,1,Physical Flow,hour,2021-03-05T08:00:00+01:00,2021-03-05T09:00:00+01:00,BE-TSO-0001,21X-BE-A-A0A0A-Y,Fluxys Belgium,VTP-00029,Zeebrugge Beach,21Z0000000000090,exit,kWh/h,,,5874292,2021-03-30T00:27:09+02:00,,Confirmed,,,,,False,,,False,PRISMA,,https://platform.prisma-capacity.eu/,,Trading Point,9,False
1Physical Flowhour2021-03-05 08:00:00 +00:002021-03-05 09:00:00 +00:00BE-TSO-0001VTP-00029exitkWh/h,1,Physical Flow,hour,2021-03-05T09:00:00+01:00,2021-03-05T10:00:00+01:00,BE-TSO-0001,21X-BE-A-A0A0A-Y,Fluxys Belgium,VTP-00029,Zeebrugge Beach,21Z0000000000090,exit,kWh/h,,,5866151,2021-03-30T00:27:09+02:00,,Confirmed,,,,,False,,,False,PRISMA,,https://platform.prisma-capacity.eu/,,Trading Point,9,False
1Physical Flowhour2021-03-05 09:00:00 +00:002021-03-05 10:00:00 +00:00BE-TSO-0001VTP-00029exitkWh/h,1,Physical Flow,hour,2021-03-05T10:00:00+01:00,2021-03-05T11:00:00+01:00,BE-TSO-0001,21X-BE-A-A0A0A-Y,Fluxys Belgium,VTP-00029,Zeebrugge Beach,21Z0000000000090,exit,kWh/h,,,5876117,2021-03-30T00:27:09+02:00,,Confirmed,,,,,False,,,False,PRISMA,,https://platform.prisma-capacity.eu/,,Trading Point,9,False
1Physical Flowhour2021-03-05 10:00:00 +00:002021-03-05 11:00:00 +00:00BE-TSO-0001VTP-00029exitkWh/h,1,Physical Flow,hour,2021-03-05T11:00:00+01:00,2021-03-05T12:00:00+01:00,BE-TSO-0001,21X-BE-A-A0A0A-Y,Fluxys Belgium,VTP-00029,Zeebrugge Beach,21Z0000000000090,exit,kWh/h,,,5866755,2021-03-30T00:27:09+02:00,,Confirmed,,,,,False,,,False,PRISMA,,https://platform.prisma-capacity.eu/,,Trading Point,9,False
1Physical Flowhour2021-03-05 11:00:00 +00:002021-03-05 12:00:00 +00:00BE-TSO-0001VTP-00029exitkWh/h,1,Physical Flow,hour,2021-03-05T12:00:00+01:00,2021-03-05T13:00:00+01:00,BE-TSO-0001,21X-BE-A-A0A0A-Y,Fluxys Belgium,VTP-00029,Zeebrugge Beach,21Z0000000000090,exit,kWh/h,,,5860006,2021-03-30T00:27:09+02:00,,Confirmed,,,,,False,,,False,PRISMA,,https://platform.prisma-capacity.eu/,,Trading Point,9,False
1Physical Flowhour2021-03-05 12:00:00 +00:002021-03-05 13:00:00 +00:00BE-TSO-0001VTP-00029exitkWh/h,1,Physical Flow,hour,2021-03-05T13:00:00+01:00,2021-03-05T14:00:00+01:00,BE-TSO-0001,21X-BE-A-A0A0A-Y,Fluxys Belgium,VTP-00029,Zeebrugge Beach,21Z0000000000090,exit,kWh/h,,,5884276,2021-03-30T00:27:09+02:00,,Confirmed,,,,,False,,,False,PRISMA,,https://platform.prisma-capacity.eu/,,Trading Point,9,False
1Physical Flowhour2021-03-05 13:00:00 +00:002021-03-05 14:00:00 +00:00BE-TSO-0001VTP-00029exitkWh/h,1,Physical Flow,hour,2021-03-05T14:00:00+01:00,2021-03-05T15:00:00+01:00,BE-TSO-0001,21X-BE-A-A0A0A-Y,Fluxys Belgium,VTP-00029,Zeebrugge Beach,21Z0000000000090,exit,kWh/h,,,5867456,2021-03-30T00:27:09+02:00,,Confirmed,,,,,False,,,False,PRISMA,,https://platform.prisma-capacity.eu/,,Trading Point,9,False
1Physical Flowhour2021-03-05 14:00:00 +00:002021-03-05 15:00:00 +00:00BE-TSO-0001VTP-00029exitkWh/h,1,Physical Flow,hour,2021-03-05T15:00:00+01:00,2021-03-05T16:00:00+01:00,BE-TSO-0001,21X-BE-A-A0A0A-Y,Fluxys Belgium,VTP-00029,Zeebrugge Beach,21Z0000000000090,exit,kWh/h,,,5874394,2021-03-30T00:27:09+02:00,,Confirmed,,,,,False,,,False,PRISMA,,https://platform.prisma-capacity.eu/,,Trading Point,9,False
1Physical Flowhour2021-03-05 15:00:00 +00:002021-03-05 16:00:00 +00:00BE-TSO-0001VTP-00029exitkWh/h,1,Physical Flow,hour,2021-03-05T16:00:00+01:00,2021-03-05T17:00:00+01:00,BE-TSO-0001,21X-BE-A-A0A0A-Y,Fluxys Belgium,VTP-00029,Zeebrugge Beach,21Z0000000000090,exit,kWh/h,,,5859025,2021-03-30T00:27:09+02:00,,Confirmed,,,,,False,,,False,PRISMA,,https://platform.prisma-capacity.eu/,,Trading Point,9,False
1Physical Flowhour2021-03-05 16:00:00 +00:002021-03-05 17:00:00 +00:00BE-TSO-0001VTP-00029exitkWh/h,1,Physical Flow,hour,2021-03-05T17:00:00+01:00,2021-03-05T18:00:00+01:00,BE-TSO-0001,21X-BE-A-A0A0A-Y,Fluxys Belgium,VTP-00029,Zeebrugge Beach,21Z0000000000090,exit,kWh/h,,,5884777,2021-03-30T00:27:09+02:00,,Confirmed,,,,,False,,,False,PRISMA,,https://platform.prisma-capacity.eu/,,Trading Point,9,False
1Physical Flowhour2021-03-05 17:00:00 +00:002021-03-05 18:00:00 +00:00BE-TSO-0001VTP-00029exitkWh/h,1,Physical Flow,hour,2021-03-05T18:00:00+01:00,2021-03-05T19:00:00+01:00,BE-TSO-0001,21X-BE-A-A0A0A-Y,Fluxys Belgium,VTP-00029,Zeebrugge Beach,21Z0000000000090,exit,kWh/h,,,5866368,2021-03-30T00:27:09+02:00,,Confirmed,,,,,False,,,False,PRISMA,,https://platform.prisma-capacity.eu/,,Trading Point,9,False
1Physical Flowhour2021-03-05 18:00:00 +00:002021-03-05 19:00:00 +00:00BE-TSO-0001VTP-00029exitkWh/h,1,Physical Flow,hour,2021-03-05T19:00:00+01:00,2021-03-05T20:00:00+01:00,BE-TSO-0001,21X-BE-A-A0A0A-Y,Fluxys Belgium,VTP-00029,Zeebrugge Beach,21Z0000000000090,exit,kWh/h,,,5877220,2021-03-30T00:27:09+02:00,,Confirmed,,,,,False,,,False,PRISMA,,https://platform.prisma-capacity.eu/,,Trading Point,9,False
1Physical Flowhour2021-03-05 19:00:00 +00:002021-03-05 20:00:00 +00:00BE-TSO-0001VTP-00029exitkWh/h,1,Physical Flow,hour,2021-03-05T20:00:00+01:00,2021-03-05T21:00:00+01:00,BE-TSO-0001,21X-BE-A-A0A0A-Y,Fluxys Belgium,VTP-00029,Zeebrugge Beach,21Z0000000000090,exit,kWh/h,,,5882213,2021-03-30T00:27:09+02:00,,Confirmed,,,,,False,,,False,PRISMA,,https://platform.prisma-capacity.eu/,,Trading Point,9,False
1Physical Flowhour2021-03-05 20:00:00 +00:002021-03-05 21:00:00 +00:00BE-TSO-0001VTP-00029exitkWh/h,1,Physical Flow,hour,2021-03-05T21:00:00+01:00,2021-03-05T22:00:00+01:00,BE-TSO-0001,21X-BE-A-A0A0A-Y,Fluxys Belgium,VTP-00029,Zeebrugge Beach,21Z0000000000090,exit,kWh/h,,,5863182,2021-03-30T00:27:09+02:00,,Confirmed,,,,,False,,,False,PRISMA,,https://platform.prisma-capacity.eu/,,Trading Point,9,False
1Physical Flowhour2021-03-05 21:00:00 +00:002021-03-05 22:00:00 +00:00BE-TSO-0001VTP-00029exitkWh/h,1,Physical Flow,hour,2021-03-05T22:00:00+01:00,2021-03-05T23:00:00+01:00,BE-TSO-0001,21X-BE-A-A0A0A-Y,Fluxys Belgium,VTP-00029,Zeebrugge Beach,21Z0000000000090,exit,kWh/h,,,5868039,2021-03-30T00:27:09+02:00,,Confirmed,,,,,False,,,False,PRISMA,,https://platform.prisma-capacity.eu/,,Trading Point,9,False
1Physical Flowhour2021-03-05 22:00:00 +00:002021-03-05 23:00:00 +00:00BE-TSO-0001VTP-00029exitkWh/h,1,Physical Flow,hour,2021-03-05T23:00:00+01:00,2021-03-06T00:00:00+01:00,BE-TSO-0001,21X-BE-A-A0A0A-Y,Fluxys Belgium,VTP-00029,Zeebrugge Beach,21Z0000000000090,exit,kWh/h,,,5889842,2021-03-30T00:27:09+02:00,,Confirmed,,,,,False,,,False,PRISMA,,https://platform.prisma-capacity.eu/,,Trading Point,9,False
1Physical Flowhour2021-03-05 23:00:00 +00:002021-03-06 00:00:00 +00:00BE-TSO-0001VTP-00029exitkWh/h,1,Physical Flow,hour,2021-03-06T00:00:00+01:00,2021-03-06T01:00:00+01:00,BE-TSO-0001,21X-BE-A-A0A0A-Y,Fluxys Belgium,VTP-00029,Zeebrugge Beach,21Z0000000000090,exit,kWh/h,,,5856347,2021-03-30T00:27:09+02:00,,Confirmed,,,,,False,,,False,PRISMA,,https://platform.prisma-capacity.eu/,,Trading Point,9,False
1Physical Flowhour2021-03-06 00:00:00 +00:002021-03-06 01:00:00 +00:00BE-TSO-0001VTP-00029exitkWh/h,1,Physical Flow,hour,2021-03-06T01:00:00+01:00,2021-03-06T02:00:00+01:00,BE-TSO-0001,21X-BE-A-A0A0A-Y,Fluxys Belgium,VTP-00029,Zeebrugge Beach,21Z0000000000090,exit,kWh/h,,,5864499,2021-03-30T00:27:09+02:00,,Confirmed,,,,,False,,,False,PRISMA,,https://platform.prisma-capacity.eu/,,Trading Point,9,False
1Physical Flowhour2021-03-06 01:00:00 +00:002021-03-06 02:00:00 +00:00BE-TSO-0001VTP-00029exitkWh/h,1,Physical Flow,hour,2021-03-06T02:00:00+01:00,2021-03-06T03:00:00+01:00,BE-TSO-0001,21X-BE-A-A0A0A-Y,Fluxys Belgium,VTP-00029,Zeebrugge Beach,21Z0000000000090,exit,kWh/h,,,5885227,2021-03-30T00:27:09+02:00,,Confirmed,,,,,False,,,False,PRISMA,,https://platform.prisma-capacity.eu/,,Trading Point,9,False
1Physical Flowhour2021-03-06 02:00:00 +00:002021-03-06 03:00:00 +00:00BE-TSO-0001VTP-00029exitkWh/h,1,Physical Flow,hour,2021-03-06T03:00:00+01:00,2021-03-06T04:00:00+01:00,BE-TSO-0001,21X-BE-A-A0A0A-Y,Fluxys Belgium,VTP-00029,Zeebrugge Beach,21Z0000000000090,exit,kWh/h,,,5882295,2021-03-30T00:27:09+02:00,,Confirmed,,,,,False,,,False,PRISMA,,https://platform.prisma-capacity.eu/,,Trading Point,9,False
1Physical Flowhour2021-03-06 03:00:00 +00:002021-03-06 04:00:00 +00:00BE-TSO-0001VTP-00029exitkWh/h,1,Physical Flow,hour,2021-03-06T04:00:00+01:00,2021-03-06T05:00:00+01:00,BE-TSO-0001,21X-BE-A-A0A0A-Y,Fluxys Belgium,VTP-00029,Zeebrugge Beach,21Z0000000000090,exit,kWh/h,,,5895295,2021-03-30T00:27:09+02:00,,Confirmed,,,,,False,,,False,PRISMA,,https://platform.prisma-capacity.eu/,,Trading Point,9,False
1Physical Flowhour2021-03-06 04:00:00 +00:002021-03-06 05:00:00 +00:00BE-TSO-0001VTP-00029exitkWh/h,1,Physical Flow,hour,2021-03-06T05:00:00+01:00,2021-03-06T06:00:00+01:00,BE-TSO-0001,21X-BE-A-A0A0A-Y,Fluxys Belgium,VTP-00029,Zeebrugge Beach,21Z0000000000090,exit,kWh/h,,,5879459,2021-03-30T00:27:09+02:00,,Confirmed,,,,,False,,,False,PRISMA,,https://platform.prisma-capacity.eu/,,Trading Point,9,False
1Physical Flowhour2021-03-06 05:00:00 +00:002021-03-06 06:00:00 +00:00BE-TSO-0001VTP-00029exitkWh/h,1,Physical Flow,hour,2021-03-06T06:00:00+01:00,2021-03-06T07:00:00+01:00,BE-TSO-0001,21X-BE-A-A0A0A-Y,Fluxys Belgium,VTP-00029,Zeebrugge Beach,21Z0000000000090,exit,kWh/h,,,4835359,2021-03-30T00:27:09+02:00,,Provisional,,,,,False,,,False,PRISMA,,https://platform.prisma-capacity.eu/,,Trading Point,9,False
1Physical Flowhour2021-03-06 06:00:00 +00:002021-03-06 07:00:00 +00:00BE-TSO-0001VTP-00029exitkWh/h,1,Physical Flow,hour,2021-03-06T07:00:00+01:00,2021-03-06T08:00:00+01:00,BE-TSO-0001,21X-BE-A-A0A0A-Y,Fluxys Belgium,VTP-00029,Zeebrugge Beach,21Z0000000000090,exit,kWh/h,,,4706464,2021-03-30T00:27:09+02:00,,Provisional,,,,,False,,,False,PRISMA,,https://platform.prisma-capacity.eu/,,Trading Point,9,False
1Physical Flowhour2021-03-06 07:00:00 +00:002021-03-06 08:00:00 +00:00BE-TSO-0001VTP-00029exitkWh/h,1,Physical Flow,hour,2021-03-06T08:00:00+01:00,2021-03-06T09:00:00+01:00,BE-TSO-0001,21X-BE-A-A0A0A-Y,Fluxys Belgium,VTP-00029,Zeebrugge Beach,21Z0000000000090,exit,kWh/h,,,4788176,2021-03-30T00:27:09+02:00,,Provisional,,,,,False,,,False,PRISMA,,https://platform.prisma-capacity.eu/,,Trading Point,9,False
1Physical Flowhour2021-03-06 08:00:00 +00:002021-03-06 09:00:00 +00:00BE-TSO-0001VTP-00029exitkWh/h,1,Physical Flow,hour,2021-03-06T09:00:00+01:00,2021-03-06T10:00:00+01:00,BE-TSO-0001,21X-BE-A-A0A0A-Y,Fluxys Belgium,VTP-00029,Zeebrugge Beach,21Z0000000000090,exit,kWh/h,,,4669945,2021-03-30T00:27:09+02:00,,Provisional,,,,,False,,,False,PRISMA,,https://platform.prisma-capacity.eu/,,Trading Point,9,False
1Physical Flowhour2021-03-06 09:00:00 +00:002021-03-06 10:00:00 +00:00BE-TSO-0001VTP-00029exitkWh/h,1,Physical Flow,hour,2021-03-06T10:00:00+01:00,2021-03-06T11:00:00+01:00,BE-TSO-0001,21X-BE-A-A0A0A-Y,Fluxys Belgium,VTP-00029,Zeebrugge Beach,21Z0000000000090,exit,kWh/h,,,4633799,2021-03-30T00:27:09+02:00,,Provisional,,,,,False,,,False,PRISMA,,https://platform.prisma-capacity.eu/,,Trading Point,9,False
1Physical Flowhour2021-03-06 10:00:00 +00:002021-03-06 11:00:00 +00:00BE-TSO-0001VTP-00029exitkWh/h,1,Physical Flow,hour,2021-03-06T11:00:00+01:00,2021-03-06T12:00:00+01:00,BE-TSO-0001,21X-BE-A-A0A0A-Y,Fluxys Belgium,VTP-00029,Zeebrugge Beach,21Z0000000000090,exit,kWh/h,,,4720446,2021-03-30T00:27:09+02:00,,Provisional,,,,,False,,,False,PRISMA,,https://platform.prisma-capacity.eu/,,Trading Point,9,False
1Physical Flowhour2021-03-06 11:00:00 +00:002021-03-06 12:00:00 +00:00BE-TSO-0001VTP-00029exitkWh/h,1,Physical Flow,hour,2021-03-06T12:00:00+01:00,2021-03-06T13:00:00+01:00,BE-TSO-0001,21X-BE-A-A0A0A-Y,Fluxys Belgium,VTP-00029,Zeebrugge Beach,21Z0000000000090,exit,kWh/h,,,4707576,2021-03-30T00:27:09+02:00,,Provisional,,,,,False,,,False,PRISMA,,https://platform.prisma-capacity.eu/,,Trading Point,9,False
1Physical Flowhour2021-03-06 12:00:00 +00:002021-03-06 13:00:00 +00:00BE-TSO-0001VTP-00029exitkWh/h,1,Physical Flow,hour,2021-03-06T13:00:00+01:00,2021-03-06T14:00:00+01:00,BE-TSO-0001,21X-BE-A-A0A0A-Y,Fluxys Belgium,VTP-00029,Zeebrugge Beach,21Z0000000000090,exit,kWh/h,,,4711320,2021-03-30T00:27:09+02:00,,Provisional,,,,,False,,,False,PRISMA,,https://platform.prisma-capacity.eu/,,Trading Point,9,False
1Physical Flowhour2021-03-06 13:00:00 +00:002021-03-06 14:00:00 +00:00BE-TSO-0001VTP-00029exitkWh/h,1,Physical Flow,hour,2021-03-06T14:00:00+01:00,2021-03-06T15:00:00+01:00,BE-TSO-0001,21X-BE-A-A0A0A-Y,Fluxys Belgium,VTP-00029,Zeebrugge Beach,21Z0000000000090,exit,kWh/h,,,4710624,2021-03-30T00:27:09+02:00,,Provisional,,,,,False,,,False,PRISMA,,https://platform.prisma-capacity.eu/,,Trading Point,9,False
1Physical Flowhour2021-03-06 14:00:00 +00:002021-03-06 15:00:00 +00:00BE-TSO-0001VTP-00029exitkWh/h,1,Physical Flow,hour,2021-03-06T15:00:00+01:00,2021-03-06T16:00:00+01:00,BE-TSO-0001,21X-BE-A-A0A0A-Y,Fluxys Belgium,VTP-00029,Zeebrugge Beach,21Z0000000000090,exit,kWh/h,,,4711637,2021-03-30T00:27:09+02:00,,Provisional,,,,,False,,,False,PRISMA,,https://platform.prisma-capacity.eu/,,Trading Point,9,False
1Physical Flowhour2021-03-06 15:00:00 +00:002021-03-06 16:00:00 +00:00BE-TSO-0001VTP-00029exitkWh/h,1,Physical Flow,hour,2021-03-06T16:00:00+01:00,2021-03-06T17:00:00+01:00,BE-TSO-0001,21X-BE-A-A0A0A-Y,Fluxys Belgium,VTP-00029,Zeebrugge Beach,21Z0000000000090,exit,kWh/h,,,4713554,2021-03-30T00:27:09+02:00,,Provisional,,,,,False,,,False,PRISMA,,https://platform.prisma-capacity.eu/,,Trading Point,9,False
1Physical Flowhour2021-03-06 16:00:00 +00:002021-03-06 17:00:00 +00:00BE-TSO-0001VTP-00029exitkWh/h,1,Physical Flow,hour,2021-03-06T17:00:00+01:00,2021-03-06T18:00:00+01:00,BE-TSO-0001,21X-BE-A-A0A0A-Y,Fluxys Belgium,VTP-00029,Zeebrugge Beach,21Z0000000000090,exit,kWh/h,,,4710074,2021-03-30T00:27:09+02:00,,Provisional,,,,,False,,,False,PRISMA,,https://platform.prisma-capacity.eu/,,Trading Point,9,False
1Physical Flowhour2021-03-06 17:00:00 +00:002021-03-06 18:00:00 +00:00BE-TSO-0001VTP-00029exitkWh/h,1,Physical Flow,hour,2021-03-06T18:00:00+01:00,2021-03-06T19:00:00+01:00,BE-TSO-0001,21X-BE-A-A0A0A-Y,Fluxys Belgium,VTP-00029,Zeebrugge Beach,21Z0000000000090,exit,kWh/h,,,4711145,2021-03-30T00:27:09+02:00,,Provisional,,,,,False,,,False,PRISMA,,https://platform.prisma-capacity.eu/,,Trading Point,9,False
1Physical Flowhour2021-03-06 18:00:00 +00:002021-03-06 19:00:00 +00:00BE-TSO-0001VTP-00029exitkWh/h,1,Physical Flow,hour,2021-03-06T19:00:00+01:00,2021-03-06T20:00:00+01:00,BE-TSO-0001,21X-BE-A-A0A0A-Y,Fluxys Belgium,VTP-00029,Zeebrugge Beach,21Z0000000000090,exit,kWh/h,,,4710317,2021-03-30T00:27:09+02:00,,Provisional,,,,,False,,,False,PRISMA,,https://platform.prisma-capacity.eu/,,Trading Point,9,False
1Physical Flowhour2021-03-06 19:00:00 +00:002021-03-06 20:00:00 +00:00BE-TSO-0001VTP-00029exitkWh/h,1,Physical Flow,hour,2021-03-06T20:00:00+01:00,2021-03-06T21:00:00+01:00,BE-TSO-0001,21X-BE-A-A0A0A-Y,Fluxys Belgium,VTP-00029,Zeebrugge Beach,21Z0000000000090,exit,kWh/h,,,4712203,2021-03-30T00:27:09+02:00,,Provisional,,,,,False,,,False,PRISMA,,https://platform.prisma-capacity.eu/,,Trading Point,9,False
1Physical Flowhour2021-03-06 20:00:00 +00:002021-03-06 21:00:00 +00:00BE-TSO-0001VTP-00029exitkWh/h,1,Physical Flow,hour,2021-03-06T21:00:00+01:00,2021-03-06T22:00:00+01:00,BE-TSO-0001,21X-BE-A-A0A0A-Y,Fluxys Belgium,VTP-00029,Zeebrugge Beach,21Z0000000000090,exit,kWh/h,,,4703577,2021-03-30T00:27:09+02:00,,Provisional,,,,,False,,,False,PRISMA,,https://platform.prisma-capacity.eu/,,Trading Point,9,False
1Physical Flowhour2021-03-06 21:00:00 +00:002021-03-06 22:00:00 +00:00BE-TSO-0001VTP-00029exitkWh/h,1,Physical Flow,hour,2021-03-06T22:00:00+01:00,2021-03-06T23:00:00+01:00,BE-TSO-0001,21X-BE-A-A0A0A-Y,Fluxys Belgium,VTP-00029,Zeebrugge Beach,21Z0000000000090,exit,kWh/h,,,4708469,2021-03-30T00:27:09+02:00,,Provisional,,,,,False,,,False,PRISMA,,https://platform.prisma-capacity.eu/,,Trading Point,9,False
1Physical Flowhour2021-03-06 22:00:00 +00:002021-03-06 23:00:00 +00:00BE-TSO-0001VTP-00029exitkWh/h,1,Physical Flow,hour,2021-03-06T23:00:00+01:00,2021-03-07T00:00:00+01:00,BE-TSO-0001,21X-BE-A-A0A0A-Y,Fluxys Belgium,VTP-00029,Zeebrugge Beach,21Z0000000000090,exit,kWh/h,,,4721833,2021-03-30T00:27:09+02:00,,Provisional,,,,,False,,,False,PRISMA,,https://platform.prisma-capacity.eu/,,Trading Point,9,False
1Physical Flowhour2021-03-06 23:00:00 +00:002021-03-07 00:00:00 +00:00BE-TSO-0001VTP-00029exitkWh/h,1,Physical Flow,hour,2021-03-07T00:00:00+01:00,2021-03-07T01:00:00+01:00,BE-TSO-0001,21X-BE-A-A0A0A-Y,Fluxys Belgium,VTP-00029,Zeebrugge Beach,21Z0000000000090,exit,kWh/h,,,4712557,2021-03-30T00:27:09+02:00,,Provisional,,,,,False,,,False,PRISMA,,https://platform.prisma-capacity.eu/,,Trading Point,9,False
1Physical Flowhour2021-03-07 00:00:00 +00:002021-03-07 01:00:00 +00:00BE-TSO-0001VTP-00029exitkWh/h,1,Physical Flow,hour,2021-03-07T01:00:00+01:00,2021-03-07T02:00:00+01:00,BE-TSO-0001,21X-BE-A-A0A0A-Y,Fluxys Belgium,VTP-00029,Zeebrugge Beach,21Z0000000000090,exit,kWh/h,,,4717750,2021-03-30T00:27:09+02:00,,Provisional,,,,,False,,,False,PRISMA,,https://platform.prisma-capacity.eu/,,Trading Point,9,False
1Physical Flowhour2021-03-07 01:00:00 +00:002021-03-07 02:00:00 +00:00BE-TSO-0001VTP-00029exitkWh/h,1,Physical Flow,hour,2021-03-07T02:00:00+01:00,2021-03-07T03:00:00+01:00,BE-TSO-0001,21X-BE-A-A0A0A-Y,Fluxys Belgium,VTP-00029,Zeebrugge Beach,21Z0000000000090,exit,kWh/h,,,0,2021-03-30T00:27:09+02:00,,Provisional,,,,,False,,,False,PRISMA,,https://platform.prisma-capacity.eu/,,Trading Point,9,False
1Physical Flowhour2021-03-07 02:00:00 +00:002021-03-07 03:00:00 +00:00BE-TSO-0001VTP-00029exitkWh/h,1,Physical Flow,hour,2021-03-07T03:00:00+01:00,2021-03-07T04:00:00+01:00,BE-TSO-0001,21X-BE-A-A0A0A-Y,Fluxys Belgium,VTP-00029,Zeebrugge Beach,21Z0000000000090,exit,kWh/h,,,0,2021-03-30T00:27:09+02:00,,Provisional,,,,,False,,,False,PRISMA,,https://platform.prisma-capacity.eu/,,Trading Point,9,False
1Physical Flowhour2021-03-07 03:00:00 +00:002021-03-07 04:00:00 +00:00BE-TSO-0001VTP-00029exitkWh/h,1,Physical Flow,hour,2021-03-07T04:00:00+01:00,2021-03-07T05:00:00+01:00,BE-TSO-0001,21X-BE-A-A0A0A-Y,Fluxys Belgium,VTP-00029,Zeebrugge Beach,21Z0000000000090,exit,kWh/h,,,0,2021-03-30T00:27:09+02:00,,Provisional,,,,,False,,,False,PRISMA,,https://platform.prisma-capacity.eu/,,Trading Point,9,False
1Physical Flowhour2021-03-07 04:00:00 +00:002021-03-07 05:00:00 +00:00BE-TSO-0001VTP-00029exitkWh/h,1,Physical Flow,hour,2021-03-07T05:00:00+01:00,2021-03-07T06:00:00+01:00,BE-TSO-0001,21X-BE-A-A0A0A-Y,Fluxys Belgium,VTP-00029,Zeebrugge Beach,21Z0000000000090,exit,kWh/h,,,0,2021-03-30T00:27:09+02:00,,Provisional,,,,,False,,,False,PRISMA,,https://platform.prisma-capacity.eu/,,Trading Point,9,False
1Physical Flowhour2021-03-07 05:00:00 +00:002021-03-07 06:00:00 +00:00BE-TSO-0001VTP-00029exitkWh/h,1,Physical Flow,hour,2021-03-07T06:00:00+01:00,2021-03-07T07:00:00+01:00,BE-TSO-0001,21X-BE-A-A0A0A-Y,Fluxys Belgium,VTP-00029,Zeebrugge Beach,21Z0000000000090,exit,kWh/h,,,4733822,2021-03-14T15:45:08+01:00,,Confirmed,,,,,False,,,False,PRISMA,,https://platform.prisma-capacity.eu/,,Trading Point,9,False
1Physical Flowhour2021-03-07 06:00:00 +00:002021-03-07 07:00:00 +00:00BE-TSO-0001VTP-00029exitkWh/h,1,Physical Flow,hour,2021-03-07T07:00:00+01:00,2021-03-07T08:00:00+01:00,BE-TSO-0001,21X-BE-A-A0A0A-Y,Fluxys Belgium,VTP-00029,Zeebrugge Beach,21Z0000000000090,exit,kWh/h,,,4759905,2021-03-14T15:45:08+01:00,,Confirmed,,,,,False,,,False,PRISMA,,https://platform.prisma-capacity.eu/,,Trading Point,9,False
1Physical Flowhour2021-03-07 07:00:00 +00:002021-03-07 08:00:00 +00:00BE-TSO-0001VTP-00029exitkWh/h,1,Physical Flow,hour,2021-03-07T08:00:00+01:00,2021-03-07T09:00:00+01:00,BE-TSO-0001,21X-BE-A-A0A0A-Y,Fluxys Belgium,VTP-00029,Zeebrugge Beach,21Z0000000000090,exit,kWh/h,,,4719382,2021-03-14T15:45:08+01:00,,Confirmed,,,,,False,,,False,PRISMA,,https://platform.prisma-capacity.eu/,,Trading Point,9,False
1Physical Flowhour2021-03-07 08:00:00 +00:002021-03-07 09:00:00 +00:00BE-TSO-0001VTP-00029exitkWh/h,1,Physical Flow,hour,2021-03-07T09:00:00+01:00,2021-03-07T10:00:00+01:00,BE-TSO-0001,21X-BE-A-A0A0A-Y,Fluxys Belgium,VTP-00029,Zeebrugge Beach,21Z0000000000090,exit,kWh/h,,,4713246,2021-03-14T15:45:08+01:00,,Confirmed,,,,,False,,,False,PRISMA,,https://platform.prisma-capacity.eu/,,Trading Point,9,False
1Physical Flowhour2021-03-07 09:00:00 +00:002021-03-07 10:00:00 +00:00BE-TSO-0001VTP-00029exitkWh/h,1,Physical Flow,hour,2021-03-07T10:00:00+01:00,2021-03-07T11:00:00+01:00,BE-TSO-0001,21X-BE-A-A0A0A-Y,Fluxys Belgium,VTP-00029,Zeebrugge Beach,21Z0000000000090,exit,kWh/h,,,4718727,2021-03-14T15:45:08+01:00,,Confirmed,,,,,False,,,False,PRISMA,,https://platform.prisma-capacity.eu/,,Trading Point,9,False
1Physical Flowhour2021-03-07 10:00:00 +00:002021-03-07 11:00:00 +00:00BE-TSO-0001VTP-00029exitkWh/h,1,Physical Flow,hour,2021-03-07T11:00:00+01:00,2021-03-07T12:00:00+01:00,BE-TSO-0001,21X-BE-A-A0A0A-Y,Fluxys Belgium,VTP-00029,Zeebrugge Beach,21Z0000000000090,exit,kWh/h,,,4710888,2021-03-14T15:45:08+01:00,,Confirmed,,,,,False,,,False,PRISMA,,https://platform.prisma-capacity.eu/,,Trading Point,9,False
1Physical Flowhour2021-03-07 11:00:00 +00:002021-03-07 12:00:00 +00:00BE-TSO-0001VTP-00029exitkWh/h,1,Physical Flow,hour,2021-03-07T12:00:00+01:00,2021-03-07T13:00:00+01:00,BE-TSO-0001,21X-BE-A-A0A0A-Y,Fluxys Belgium,VTP-00029,Zeebrugge Beach,21Z0000000000090,exit,kWh/h,,,4707538,2021-03-14T15:45:08+01:00,,Confirmed,,,,,False,,,False,PRISMA,,https://platform.prisma-capacity.eu/,,Trading Point,9,False
1Physical Flowhour2021-03-07 12:00:00 +00:002021-03-07 13:00:00 +00:00BE-TSO-0001VTP-00029exitkWh/h,1,Physical Flow,hour,2021-03-07T13:00:00+01:00,2021-03-07T14:00:00+01:00,BE-TSO-0001,21X-BE-A-A0A0A-Y,Fluxys Belgium,VTP-00029,Zeebrugge Beach,21Z0000000000090,exit,kWh/h,,,4713936,2021-03-14T15:45:08+01:00,,Confirmed,,,,,False,,,False,PRISMA,,https://platform.prisma-capacity.eu/,,Trading Point,9,False
1Physical Flowhour2021-03-07 13:00:00 +00:002021-03-07 14:00:00 +00:00BE-TSO-0001VTP-00029exitkWh/h,1,Physical Flow,hour,2021-03-07T14:00:00+01:00,2021-03-07T15:00:00+01:00,BE-TSO-0001,21X-BE-A-A0A0A-Y,Fluxys Belgium,VTP-00029,Zeebrugge Beach,21Z0000000000090,exit,kWh/h,,,4714092,2021-03-14T15:45:08+01:00,,Confirmed,,,,,False,,,False,PRISMA,,https://platform.prisma-capacity.eu/,,Trading Point,9,False
1Physical Flowhour2021-03-07 14:00:00 +00:002021-03-07 15:00:00 +00:00BE-TSO-0001VTP-00029exitkWh/h,1,Physical Flow,hour,2021-03-07T15:00:00+01:00,2021-03-07T16:00:00+01:00,BE-TSO-0001,21X-BE-A-A0A0A-Y,Fluxys Belgium,VTP-00029,Zeebrugge Beach,21Z0000000000090,exit,kWh/h,,,4708872,2021-03-14T15:45:08+01:00,,Confirmed,,,,,False,,,False,PRISMA,,https://platform.prisma-capacity.eu/,,Trading Point,9,False
1Physical Flowhour2021-03-07 15:00:00 +00:002021-03-07 16:00:00 +00:00BE-TSO-0001VTP-00029exitkWh/h,1,Physical Flow,hour,2021-03-07T16:00:00+01:00,2021-03-07T17:00:00+01:00,BE-TSO-0001,21X-BE-A-A0A0A-Y,Fluxys Belgium,VTP-00029,Zeebrugge Beach,21Z0000000000090,exit,kWh/h,,,4699251,2021-03-14T15:45:08+01:00,,Confirmed,,,,,False,,,False,PRISMA,,https://platform.prisma-capacity.eu/,,Trading Point,9,False
1Physical Flowhour2021-03-07 16:00:00 +00:002021-03-07 17:00:00 +00:00BE-TSO-0001VTP-00029exitkWh/h,1,Physical Flow,hour,2021-03-07T17:00:00+01:00,2021-03-07T18:00:00+01:00,BE-TSO-0001,21X-BE-A-A0A0A-Y,Fluxys Belgium,VTP-00029,Zeebrugge Beach,21Z0000000000090,exit,kWh/h,,,4744433,2021-03-14T15:45:08+01:00,,Confirmed,,,,,False,,,False,PRISMA,,https://platform.prisma-capacity.eu/,,Trading Point,9,False
1Physical Flowhour2021-03-07 17:00:00 +00:002021-03-07 18:00:00 +00:00BE-TSO-0001VTP-00029exitkWh/h,1,Physical Flow,hour,2021-03-07T18:00:00+01:00,2021-03-07T19:00:00+01:00,BE-TSO-0001,21X-BE-A-A0A0A-Y,Fluxys Belgium,VTP-00029,Zeebrugge Beach,21Z0000000000090,exit,kWh/h,,,4711815,2021-03-14T15:45:08+01:00,,Confirmed,,,,,False,,,False,PRISMA,,https://platform.prisma-capacity.eu/,,Trading Point,9,False
1Physical Flowhour2021-03-07 18:00:00 +00:002021-03-07 19:00:00 +00:00BE-TSO-0001VTP-00029exitkWh/h,1,Physical Flow,hour,2021-03-07T19:00:00+01:00,2021-03-07T20:00:00+01:00,BE-TSO-0001,21X-BE-A-A0A0A-Y,Fluxys Belgium,VTP-00029,Zeebrugge Beach,21Z0000000000090,exit,kWh/h,,,4605738,2021-03-14T15:45:08+01:00,,Confirmed,,,,,False,,,False,PRISMA,,https://platform.prisma-capacity.eu/,,Trading Point,9,False
1Physical Flowhour2021-03-07 19:00:00 +00:002021-03-07 20:00:00 +00:00BE-TSO-0001VTP-00029exitkWh/h,1,Physical Flow,hour,2021-03-07T20:00:00+01:00,2021-03-07T21:00:00+01:00,BE-TSO-0001,21X-BE-A-A0A0A-Y,Fluxys Belgium,VTP-00029,Zeebrugge Beach,21Z0000000000090,exit,kWh/h,,,4806086,2021-03-14T15:45:08+01:00,,Confirmed,,,,,False,,,False,PRISMA,,https://platform.prisma-capacity.eu/,,Trading Point,9,False
1Physical Flowhour2021-03-07 20:00:00 +00:002021-03-07 21:00:00 +00:00BE-TSO-0001VTP-00029exitkWh/h,1,Physical Flow,hour,2021-03-07T21:00:00+01:00,2021-03-07T22:00:00+01:00,BE-TSO-0001,21X-BE-A-A0A0A-Y,Fluxys Belgium,VTP-00029,Zeebrugge Beach,21Z0000000000090,exit,kWh/h,,,4678516,2021-03-14T15:45:08+01:00,,Confirmed,,,,,False,,,False,PRISMA,,https://platform.prisma-capacity.eu/,,Trading Point,9,False
1Physical Flowhour2021-03-07 21:00:00 +00:002021-03-07 22:00:00 +00:00BE-TSO-0001VTP-00029exitkWh/h,1,Physical Flow,hour,2021-03-07T22:00:00+01:00,2021-03-07T23:00:00+01:00,BE-TSO-0001,21X-BE-A-A0A0A-Y,Fluxys Belgium,VTP-00029,Zeebrugge Beach,21Z0000000000090,exit,kWh/h,,,4710980,2021-03-14T15:45:08+01:00,,Confirmed,,,,,False,,,False,PRISMA,,https://platform.prisma-capacity.eu/,,Trading Point,9,False
1Physical Flowhour2021-03-07 22:00:00 +00:002021-03-07 23:00:00 +00:00BE-TSO-0001VTP-00029exitkWh/h,1,Physical Flow,hour,2021-03-07T23:00:00+01:00,2021-03-08T00:00:00+01:00,BE-TSO-0001,21X-BE-A-A0A0A-Y,Fluxys Belgium,VTP-00029,Zeebrugge Beach,21Z0000000000090,exit,kWh/h,,,4708038,2021-03-14T15:45:08+01:00,,Confirmed,,,,,False,,,False,PRISMA,,https://platform.prisma-capacity.eu/,,Trading Point,9,False
1Physical Flowhour2021-03-07 23:00:00 +00:002021-03-08 00:00:00 +00:00BE-TSO-0001VTP-00029exitkWh/h,1,Physical Flow,hour,2021-03-08T00:00:00+01:00,2021-03-08T01:00:00+01:00,BE-TSO-0001,21X-BE-A-A0A0A-Y,Fluxys Belgium,VTP-00029,Zeebrugge Beach,21Z0000000000090,exit,kWh/h,,,4748016,2021-03-14T15:45:08+01:00,,Confirmed,,,,,False,,,False,PRISMA,,https://platform.prisma-capacity.eu/,,Trading Point,9,False
1Physical Flowhour2021-03-08 00:00:00 +00:002021-03-08 01:00:00 +00:00BE-TSO-0001VTP-00029exitkWh/h,1,Physical Flow,hour,2021-03-08T01:00:00+01:00,2021-03-08T02:00:00+01:00,BE-TSO-0001,21X-BE-A-A0A0A-Y,Fluxys Belgium,VTP-00029,Zeebrugge Beach,21Z0000000000090,exit,kWh/h,,,4649947,2021-03-14T15:45:08+01:00,,Confirmed,,,,,False,,,False,PRISMA,,https://platform.prisma-capacity.eu/,,Trading Point,9,False
1Physical Flowhour2021-03-08 01:00:00 +00:002021-03-08 02:00:00 +00:00BE-TSO-0001VTP-00029exitkWh/h,1,Physical Flow,hour,2021-03-08T02:00:00+01:00,2021-03-08T03:00:00+01:00,BE-TSO-0001,21X-BE-A-A0A0A-Y,Fluxys Belgium,VTP-00029,Zeebrugge Beach,21Z0000000000090,exit,kWh/h,,,4788436,2021-03-14T15:45:08+01:00,,Confirmed,,,,,False,,,False,PRISMA,,https://platform.prisma-capacity.eu/,,Trading Point,9,False
1Physical Flowhour2021-03-08 02:00:00 +00:002021-03-08 03:00:00 +00:00BE-TSO-0001VTP-00029exitkWh/h,1,Physical Flow,hour,2021-03-08T03:00:00+01:00,2021-03-08T04:00:00+01:00,BE-TSO-0001,21X-BE-A-A0A0A-Y,Fluxys Belgium,VTP-00029,Zeebrugge Beach,21Z0000000000090,exit,kWh/h,,,4645987,2021-03-14T15:45:08+01:00,,Confirmed,,,,,False,,,False,PRISMA,,https://platform.prisma-capacity.eu/,,Trading Point,9,False
1Physical Flowhour2021-03-08 03:00:00 +00:002021-03-08 04:00:00 +00:00BE-TSO-0001VTP-00029exitkWh/h,1,Physical Flow,hour,2021-03-08T04:00:00+01:00,2021-03-08T05:00:00+01:00,BE-TSO-0001,21X-BE-A-A0A0A-Y,Fluxys Belgium,VTP-00029,Zeebrugge Beach,21Z0000000000090,exit,kWh/h,,,4665193,2021-03-14T15:45:08+01:00,,Confirmed,,,,,False,,,False,PRISMA,,https://platform.prisma-capacity.eu/,,Trading Point,9,False
1Physical Flowhour2021-03-08 04:00:00 +00:002021-03-08 05:00:00 +00:00BE-TSO-0001VTP-00029exitkWh/h,1,Physical Flow,hour,2021-03-08T05:00:00+01:00,2021-03-08T06:00:00+01:00,BE-TSO-0001,21X-BE-A-A0A0A-Y,Fluxys Belgium,VTP-00029,Zeebrugge Beach,21Z0000000000090,exit,kWh/h,,,4783771,2021-03-14T15:45:08+01:00,,Confirmed,,,,,False,,,False,PRISMA,,https://platform.prisma-capacity.eu/,,Trading Point,9,False
1Physical Flowhour2021-03-08 05:00:00 +00:002021-03-08 06:00:00 +00:00BE-TSO-0001VTP-00029exitkWh/h,1,Physical Flow,hour,2021-03-08T06:00:00+01:00,2021-03-08T07:00:00+01:00,BE-TSO-0001,21X-BE-A-A0A0A-Y,Fluxys Belgium,VTP-00029,Zeebrugge Beach,21Z0000000000090,exit,kWh/h,,,5756668,2021-03-14T15:45:08+01:00,,Confirmed,,,,,False,,,False,PRISMA,,https://platform.prisma-capacity.eu/,,Trading Point,9,False
1Physical Flowhour2021-03-08 06:00:00 +00:002021-03-08 07:00:00 +00:00BE-TSO-0001VTP-00029exitkWh/h,1,Physical Flow,hour,2021-03-08T07:00:00+01:00,2021-03-08T08:00:00+01:00,BE-TSO-0001,21X-BE-A-A0A0A-Y,Fluxys Belgium,VTP-00029,Zeebrugge Beach,21Z0000000000090,exit,kWh/h,,,5749024,2021-03-14T15:45:08+01:00,,Confirmed,,,,,False,,,False,PRISMA,,https://platform.prisma-capacity.eu/,,Trading Point,9,False
1Physical Flowhour2021-03-08 07:00:00 +00:002021-03-08 08:00:00 +00:00BE-TSO-0001VTP-00029exitkWh/h,1,Physical Flow,hour,2021-03-08T08:00:00+01:00,2021-03-08T09:00:00+01:00,BE-TSO-0001,21X-BE-A-A0A0A-Y,Fluxys Belgium,VTP-00029,Zeebrugge Beach,21Z0000000000090,exit,kWh/h,,,5833655,2021-03-14T15:45:08+01:00,,Confirmed,,,,,False,,,False,PRISMA,,https://platform.prisma-capacity.eu/,,Trading Point,9,False
1Physical Flowhour2021-03-08 08:00:00 +00:002021-03-08 09:00:00 +00:00BE-TSO-0001VTP-00029exitkWh/h,1,Physical Flow,hour,2021-03-08T09:00:00+01:00,2021-03-08T10:00:00+01:00,BE-TSO-0001,21X-BE-A-A0A0A-Y,Fluxys Belgium,VTP-00029,Zeebrugge Beach,21Z0000000000090,exit,kWh/h,,,5896147,2021-03-14T15:45:08+01:00,,Confirmed,,,,,False,,,False,PRISMA,,https://platform.prisma-capacity.eu/,,Trading Point,9,False
1Physical Flowhour2021-03-08 09:00:00 +00:002021-03-08 10:00:00 +00:00BE-TSO-0001VTP-00029exitkWh/h,1,Physical Flow,hour,2021-03-08T10:00:00+01:00,2021-03-08T11:00:00+01:00,BE-TSO-0001,21X-BE-A-A0A0A-Y,Fluxys Belgium,VTP-00029,Zeebrugge Beach,21Z0000000000090,exit,kWh/h,,,5841765,2021-03-14T15:45:08+01:00,,Confirmed,,,,,False,,,False,PRISMA,,https://platform.prisma-capacity.eu/,,Trading Point,9,False
1Physical Flowhour2021-03-08 10:00:00 +00:002021-03-08 11:00:00 +00:00BE-TSO-0001VTP-00029exitkWh/h,1,Physical Flow,hour,2021-03-08T11:00:00+01:00,2021-03-08T12:00:00+01:00,BE-TSO-0001,21X-BE-A-A0A0A-Y,Fluxys Belgium,VTP-00029,Zeebrugge Beach,21Z0000000000090,exit,kWh/h,,,5769637,2021-03-14T15:45:08+01:00,,Confirmed,,,,,False,,,False,PRISMA,,https://platform.prisma-capacity.eu/,,Trading Point,9,False
1Physical Flowhour2021-03-08 11:00:00 +00:002021-03-08 12:00:00 +00:00BE-TSO-0001VTP-00029exitkWh/h,1,Physical Flow,hour,2021-03-08T12:00:00+01:00,2021-03-08T13:00:00+01:00,BE-TSO-0001,21X-BE-A-A0A0A-Y,Fluxys Belgium,VTP-00029,Zeebrugge Beach,21Z0000000000090,exit,kWh/h,,,5817256,2021-03-14T15:45:08+01:00,,Confirmed,,,,,False,,,False,PRISMA,,https://platform.prisma-capacity.eu/,,Trading Point,9,False
1Physical Flowhour2021-03-08 12:00:00 +00:002021-03-08 13:00:00 +00:00BE-TSO-0001VTP-00029exitkWh/h,1,Physical Flow,hour,2021-03-08T13:00:00+01:00,2021-03-08T14:00:00+01:00,BE-TSO-0001,21X-BE-A-A0A0A-Y,Fluxys Belgium,VTP-00029,Zeebrugge Beach,21Z0000000000090,exit,kWh/h,,,5775755,2021-03-14T15:45:08+01:00,,Confirmed,,,,,False,,,False,PRISMA,,https://platform.prisma-capacity.eu/,,Trading Point,9,False
1Physical Flowhour2021-03-08 13:00:00 +00:002021-03-08 14:00:00 +00:00BE-TSO-0001VTP-00029exitkWh/h,1,Physical Flow,hour,2021-03-08T14:00:00+01:00,2021-03-08T15:00:00+01:00,BE-TSO-0001,21X-BE-A-A0A0A-Y,Fluxys Belgium,VTP-00029,Zeebrugge Beach,21Z0000000000090,exit,kWh/h,,,5701292,2021-03-14T15:45:08+01:00,,Confirmed,,,,,False,,,False,PRISMA,,https://platform.prisma-capacity.eu/,,Trading Point,9,False
1Physical Flowhour2021-03-08 14:00:00 +00:002021-03-08 15:00:00 +00:00BE-TSO-0001VTP-00029exitkWh/h,1,Physical Flow,hour,2021-03-08T15:00:00+01:00,2021-03-08T16:00:00+01:00,BE-TSO-0001,21X-BE-A-A0A0A-Y,Fluxys Belgium,VTP-00029,Zeebrugge Beach,21Z0000000000090,exit,kWh/h,,,5639602,2021-03-14T15:45:08+01:00,,Confirmed,,,,,False,,,False,PRISMA,,https://platform.prisma-capacity.eu/,,Trading Point,9,False
1Physical Flowhour2021-03-08 15:00:00 +00:002021-03-08 16:00:00 +00:00BE-TSO-0001VTP-00029exitkWh/h,1,Physical Flow,hour,2021-03-08T16:00:00+01:00,2021-03-08T17:00:00+01:00,BE-TSO-0001,21X-BE-A-A0A0A-Y,Fluxys Belgium,VTP-00029,Zeebrugge Beach,21Z0000000000090,exit,kWh/h,,,5514512,2021-03-14T15:45:08+01:00,,Confirmed,,,,,False,,,False,PRISMA,,https://platform.prisma-capacity.eu/,,Trading Point,9,False
1Physical Flowhour2021-03-08 16:00:00 +00:002021-03-08 17:00:00 +00:00BE-TSO-0001VTP-00029exitkWh/h,1,Physical Flow,hour,2021-03-08T17:00:00+01:00,2021-03-08T18:00:00+01:00,BE-TSO-0001,21X-BE-A-A0A0A-Y,Fluxys Belgium,VTP-00029,Zeebrugge Beach,21Z0000000000090,exit,kWh/h,,,5513968,2021-03-14T15:45:08+01:00,,Confirmed,,,,,False,,,False,PRISMA,,https://platform.prisma-capacity.eu/,,Trading Point,9,False
1Physical Flowhour2021-03-08 17:00:00 +00:002021-03-08 18:00:00 +00:00BE-TSO-0001VTP-00029exitkWh/h,1,Physical Flow,hour,2021-03-08T18:00:00+01:00,2021-03-08T19:00:00+01:00,BE-TSO-0001,21X-BE-A-A0A0A-Y,Fluxys Belgium,VTP-00029,Zeebrugge Beach,21Z0000000000090,exit,kWh/h,,,5647356,2021-03-14T15:45:08+01:00,,Confirmed,,,,,False,,,False,PRISMA,,https://platform.prisma-capacity.eu/,,Trading Point,9,False
1Physical Flowhour2021-03-08 18:00:00 +00:002021-03-08 19:00:00 +00:00BE-TSO-0001VTP-00029exitkWh/h,1,Physical Flow,hour,2021-03-08T19:00:00+01:00,2021-03-08T20:00:00+01:00,BE-TSO-0001,21X-BE-A-A0A0A-Y,Fluxys Belgium,VTP-00029,Zeebrugge Beach,21Z0000000000090,exit,kWh/h,,,5830441,2021-03-14T15:45:08+01:00,,Confirmed,,,,,False,,,False,PRISMA,,https://platform.prisma-capacity.eu/,,Trading Point,9,False
1Physical Flowhour2021-03-08 19:00:00 +00:002021-03-08 20:00:00 +00:00BE-TSO-0001VTP-00029exitkWh/h,1,Physical Flow,hour,2021-03-08T20:00:00+01:00,2021-03-08T21:00:00+01:00,BE-TSO-0001,21X-BE-A-A0A0A-Y,Fluxys Belgium,VTP-00029,Zeebrugge Beach,21Z0000000000090,exit,kWh/h,,,5784486,2021-03-14T15:45:08+01:00,,Confirmed,,,,,False,,,False,PRISMA,,https://platform.prisma-capacity.eu/,,Trading Point,9,False
1Physical Flowhour2021-03-08 20:00:00 +00:002021-03-08 21:00:00 +00:00BE-TSO-0001VTP-00029exitkWh/h,1,Physical Flow,hour,2021-03-08T21:00:00+01:00,2021-03-08T22:00:00+01:00,BE-TSO-0001,21X-BE-A-A0A0A-Y,Fluxys Belgium,VTP-00029,Zeebrugge Beach,21Z0000000000090,exit,kWh/h,,,5586253,2021-03-14T15:45:08+01:00,,Confirmed,,,,,False,,,False,PRISMA,,https://platform.prisma-capacity.eu/,,Trading Point,9,False
1Physical Flowhour2021-03-08 21:00:00 +00:002021-03-08 22:00:00 +00:00BE-TSO-0001VTP-00029exitkWh/h,1,Physical Flow,hour,2021-03-08T22:00:00+01:00,2021-03-08T23:00:00+01:00,BE-TSO-0001,21X-BE-A-A0A0A-Y,Fluxys Belgium,VTP-00029,Zeebrugge Beach,21Z0000000000090,exit,kWh/h,,,5506214,2021-03-14T15:45:08+01:00,,Confirmed,,,,,False,,,False,PRISMA,,https://platform.prisma-capacity.eu/,,Trading Point,9,False
1Physical Flowhour2021-03-08 22:00:00 +00:002021-03-08 23:00:00 +00:00BE-TSO-0001VTP-00029exitkWh/h,1,Physical Flow,hour,2021-03-08T23:00:00+01:00,2021-03-09T00:00:00+01:00,BE-TSO-0001,21X-BE-A-A0A0A-Y,Fluxys Belgium,VTP-00029,Zeebrugge Beach,21Z0000000000090,exit,kWh/h,,,5501097,2021-03-14T15:45:08+01:00,,Confirmed,,,,,False,,,False,PRISMA,,https://platform.prisma-capacity.eu/,,Trading Point,9,False
1Physical Flowhour2021-03-08 23:00:00 +00:002021-03-09 00:00:00 +00:00BE-TSO-0001VTP-00029exitkWh/h,1,Physical Flow,hour,2021-03-09T00:00:00+01:00,2021-03-09T01:00:00+01:00,BE-TSO-0001,21X-BE-A-A0A0A-Y,Fluxys Belgium,VTP-00029,Zeebrugge Beach,21Z0000000000090,exit,kWh/h,,,5694467,2021-03-14T15:45:08+01:00,,Confirmed,,,,,False,,,False,PRISMA,,https://platform.prisma-capacity.eu/,,Trading Point,9,False
1Physical Flowhour2021-03-09 00:00:00 +00:002021-03-09 01:00:00 +00:00BE-TSO-0001VTP-00029exitkWh/h,1,Physical Flow,hour,2021-03-09T01:00:00+01:00,2021-03-09T02:00:00+01:00,BE-TSO-0001,21X-BE-A-A0A0A-Y,Fluxys Belgium,VTP-00029,Zeebrugge Beach,21Z0000000000090,exit,kWh/h,,,5561136,2021-03-14T15:45:08+01:00,,Confirmed,,,,,False,,,False,PRISMA,,https://platform.prisma-capacity.eu/,,Trading Point,9,False
1Physical Flowhour2021-03-09 01:00:00 +00:002021-03-09 02:00:00 +00:00BE-TSO-0001VTP-00029exitkWh/h,1,Physical Flow,hour,2021-03-09T02:00:00+01:00,2021-03-09T03:00:00+01:00,BE-TSO-0001,21X-BE-A-A0A0A-Y,Fluxys Belgium,VTP-00029,Zeebrugge Beach,21Z0000000000090,exit,kWh/h,,,5779877,2021-03-14T15:45:08+01:00,,Confirmed,,,,,False,,,False,PRISMA,,https://platform.prisma-capacity.eu/,,Trading Point,9,False
1Physical Flowhour2021-03-09 02:00:00 +00:002021-03-09 03:00:00 +00:00BE-TSO-0001VTP-00029exitkWh/h,1,Physical Flow,hour,2021-03-09T03:00:00+01:00,2021-03-09T04:00:00+01:00,BE-TSO-0001,21X-BE-A-A0A0A-Y,Fluxys Belgium,VTP-00029,Zeebrugge Beach,21Z0000000000090,exit,kWh/h,,,5782013,2021-03-14T15:45:08+01:00,,Confirmed,,,,,False,,,False,PRISMA,,https://platform.prisma-capacity.eu/,,Trading Point,9,False
1Physical Flowhour2021-03-09 03:00:00 +00:002021-03-09 04:00:00 +00:00BE-TSO-0001VTP-00029exitkWh/h,1,Physical Flow,hour,2021-03-09T04:00:00+01:00,2021-03-09T05:00:00+01:00,BE-TSO-0001,21X-BE-A-A0A0A-Y,Fluxys Belgium,VTP-00029,Zeebrugge Beach,21Z0000000000090,exit,kWh/h,,,5696629,2021-03-14T15:45:08+01:00,,Confirmed,,,,,False,,,False,PRISMA,,https://platform.prisma-capacity.eu/,,Trading Point,9,False
1Physical Flowhour2021-03-09 04:00:00 +00:002021-03-09 05:00:00 +00:00BE-TSO-0001VTP-00029exitkWh/h,1,Physical Flow,hour,2021-03-09T05:00:00+01:00,2021-03-09T06:00:00+01:00,BE-TSO-0001,21X-BE-A-A0A0A-Y,Fluxys Belgium,VTP-00029,Zeebrugge Beach,21Z0000000000090,exit,kWh/h,,,5601231,2021-03-14T15:45:08+01:00,,Confirmed,,,,,False,,,False,PRISMA,,https://platform.prisma-capacity.eu/,,Trading Point,9,False
1Physical Flowhour2021-03-09 05:00:00 +00:002021-03-09 06:00:00 +00:00BE-TSO-0001VTP-00029exitkWh/h,1,Physical Flow,hour,2021-03-09T06:00:00+01:00,2021-03-09T07:00:00+01:00,BE-TSO-0001,21X-BE-A-A0A0A-Y,Fluxys Belgium,VTP-00029,Zeebrugge Beach,21Z0000000000090,exit,kWh/h,,,5389967,2021-03-14T15:45:08+01:00,,Confirmed,,,,,False,,,False,PRISMA,,https://platform.prisma-capacity.eu/,,Trading Point,9,False
1Physical Flowhour2021-03-09 06:00:00 +00:002021-03-09 07:00:00 +00:00BE-TSO-0001VTP-00029exitkWh/h,1,Physical Flow,hour,2021-03-09T07:00:00+01:00,2021-03-09T08:00:00+01:00,BE-TSO-0001,21X-BE-A-A0A0A-Y,Fluxys Belgium,VTP-00029,Zeebrugge Beach,21Z0000000000090,exit,kWh/h,,,4882586,2021-03-14T15:45:08+01:00,,Confirmed,,,,,False,,,False,PRISMA,,https://platform.prisma-capacity.eu/,,Trading Point,9,False
1Physical Flowhour2021-03-09 07:00:00 +00:002021-03-09 08:00:00 +00:00BE-TSO-0001VTP-00029exitkWh/h,1,Physical Flow,hour,2021-03-09T08:00:00+01:00,2021-03-09T09:00:00+01:00,BE-TSO-0001,21X-BE-A-A0A0A-Y,Fluxys Belgium,VTP-00029,Zeebrugge Beach,21Z0000000000090,exit,kWh/h,,,4888706,2021-03-14T15:45:08+01:00,,Confirmed,,,,,False,,,False,PRISMA,,https://platform.prisma-capacity.eu/,,Trading Point,9,False
1Physical Flowhour2021-03-09 08:00:00 +00:002021-03-09 09:00:00 +00:00BE-TSO-0001VTP-00029exitkWh/h,1,Physical Flow,hour,2021-03-09T09:00:00+01:00,2021-03-09T10:00:00+01:00,BE-TSO-0001,21X-BE-A-A0A0A-Y,Fluxys Belgium,VTP-00029,Zeebrugge Beach,21Z0000000000090,exit,kWh/h,,,4645086,2021-03-14T15:45:08+01:00,,Confirmed,,,,,False,,,False,PRISMA,,https://platform.prisma-capacity.eu/,,Trading Point,9,False
1Physical Flowhour2021-03-09 09:00:00 +00:002021-03-09 10:00:00 +00:00BE-TSO-0001VTP-00029exitkWh/h,1,Physical Flow,hour,2021-03-09T10:00:00+01:00,2021-03-09T11:00:00+01:00,BE-TSO-0001,21X-BE-A-A0A0A-Y,Fluxys Belgium,VTP-00029,Zeebrugge Beach,21Z0000000000090,exit,kWh/h,,,4584997,2021-03-14T15:45:08+01:00,,Confirmed,,,,,False,,,False,PRISMA,,https://platform.prisma-capacity.eu/,,Trading Point,9,False
1Physical Flowhour2021-03-09 10:00:00 +00:002021-03-09 11:00:00 +00:00BE-TSO-0001VTP-00029exitkWh/h,1,Physical Flow,hour,2021-03-09T11:00:00+01:00,2021-03-09T12:00:00+01:00,BE-TSO-0001,21X-BE-A-A0A0A-Y,Fluxys Belgium,VTP-00029,Zeebrugge Beach,21Z0000000000090,exit,kWh/h,,,4552168,2021-03-14T15:45:08+01:00,,Confirmed,,,,,False,,,False,PRISMA,,https://platform.prisma-capacity.eu/,,Trading Point,9,False
1Physical Flowhour2021-03-09 11:00:00 +00:002021-03-09 12:00:00 +00:00BE-TSO-0001VTP-00029exitkWh/h,1,Physical Flow,hour,2021-03-09T12:00:00+01:00,2021-03-09T13:00:00+01:00,BE-TSO-0001,21X-BE-A-A0A0A-Y,Fluxys Belgium,VTP-00029,Zeebrugge Beach,21Z0000000000090,exit,kWh/h,,,4530086,2021-03-14T15:45:08+01:00,,Confirmed,,,,,False,,,False,PRISMA,,https://platform.prisma-capacity.eu/,,Trading Point,9,False
1Physical Flowhour2021-03-09 12:00:00 +00:002021-03-09 13:00:00 +00:00BE-TSO-0001VTP-00029exitkWh/h,1,Physical Flow,hour,2021-03-09T13:00:00+01:00,2021-03-09T14:00:00+01:00,BE-TSO-0001,21X-BE-A-A0A0A-Y,Fluxys Belgium,VTP-00029,Zeebrugge Beach,21Z0000000000090,exit,kWh/h,,,4529422,2021-03-14T15:45:08+01:00,,Confirmed,,,,,False,,,False,PRISMA,,https://platform.prisma-capacity.eu/,,Trading Point,9,False
1Physical Flowhour2021-03-09 13:00:00 +00:002021-03-09 14:00:00 +00:00BE-TSO-0001VTP-00029exitkWh/h,1,Physical Flow,hour,2021-03-09T14:00:00+01:00,2021-03-09T15:00:00+01:00,BE-TSO-0001,21X-BE-A-A0A0A-Y,Fluxys Belgium,VTP-00029,Zeebrugge Beach,21Z0000000000090,exit,kWh/h,,,4765151,2021-03-14T15:45:08+01:00,,Confirmed,,,,,False,,,False,PRISMA,,https://platform.prisma-capacity.eu/,,Trading Point,9,False
1Physical Flowhour2021-03-09 14:00:00 +00:002021-03-09 15:00:00 +00:00BE-TSO-0001VTP-00029exitkWh/h,1,Physical Flow,hour,2021-03-09T15:00:00+01:00,2021-03-09T16:00:00+01:00,BE-TSO-0001,21X-BE-A-A0A0A-Y,Fluxys Belgium,VTP-00029,Zeebrugge Beach,21Z0000000000090,exit,kWh/h,,,4730009,2021-03-14T15:45:08+01:00,,Confirmed,,,,,False,,,False,PRISMA,,https://platform.prisma-capacity.eu/,,Trading Point,9,False
1Physical Flowhour2021-03-09 15:00:00 +00:002021-03-09 16:00:00 +00:00BE-TSO-0001VTP-00029exitkWh/h,1,Physical Flow,hour,2021-03-09T16:00:00+01:00,2021-03-09T17:00:00+01:00,BE-TSO-0001,21X-BE-A-A0A0A-Y,Fluxys Belgium,VTP-00029,Zeebrugge Beach,21Z0000000000090,exit,kWh/h,,,4741764,2021-03-14T15:45:08+01:00,,Confirmed,,,,,False,,,False,PRISMA,,https://platform.prisma-capacity.eu/,,Trading Point,9,False
1Physical Flowhour2021-03-09 16:00:00 +00:002021-03-09 17:00:00 +00:00BE-TSO-0001VTP-00029exitkWh/h,1,Physical Flow,hour,2021-03-09T17:00:00+01:00,2021-03-09T18:00:00+01:00,BE-TSO-0001,21X-BE-A-A0A0A-Y,Fluxys Belgium,VTP-00029,Zeebrugge Beach,21Z0000000000090,exit,kWh/h,,,4752185,2021-03-14T15:45:08+01:00,,Confirmed,,,,,False,,,False,PRISMA,,https://platform.prisma-capacity.eu/,,Trading Point,9,False
1Physical Flowhour2021-03-09 17:00:00 +00:002021-03-09 18:00:00 +00:00BE-TSO-0001VTP-00029exitkWh/h,1,Physical Flow,hour,2021-03-09T18:00:00+01:00,2021-03-09T19:00:00+01:00,BE-TSO-0001,21X-BE-A-A0A0A-Y,Fluxys Belgium,VTP-00029,Zeebrugge Beach,21Z0000000000090,exit,kWh/h,,,4739918,2021-03-14T15:45:08+01:00,,Confirmed,,,,,False,,,False,PRISMA,,https://platform.prisma-capacity.eu/,,Trading Point,9,False
1Physical Flowhour2021-03-09 18:00:00 +00:002021-03-09 19:00:00 +00:00BE-TSO-0001VTP-00029exitkWh/h,1,Physical Flow,hour,2021-03-09T19:00:00+01:00,2021-03-09T20:00:00+01:00,BE-TSO-0001,21X-BE-A-A0A0A-Y,Fluxys Belgium,VTP-00029,Zeebrugge Beach,21Z0000000000090,exit,kWh/h,,,4723944,2021-03-14T15:45:08+01:00,,Confirmed,,,,,False,,,False,PRISMA,,https://platform.prisma-capacity.eu/,,Trading Point,9,False
1Physical Flowhour2021-03-09 19:00:00 +00:002021-03-09 20:00:00 +00:00BE-TSO-0001VTP-00029exitkWh/h,1,Physical Flow,hour,2021-03-09T20:00:00+01:00,2021-03-09T21:00:00+01:00,BE-TSO-0001,21X-BE-A-A0A0A-Y,Fluxys Belgium,VTP-00029,Zeebrugge Beach,21Z0000000000090,exit,kWh/h,,,4671924,2021-03-14T15:45:08+01:00,,Confirmed,,,,,False,,,False,PRISMA,,https://platform.prisma-capacity.eu/,,Trading Point,9,False
1Physical Flowhour2021-03-09 20:00:00 +00:002021-03-09 21:00:00 +00:00BE-TSO-0001VTP-00029exitkWh/h,1,Physical Flow,hour,2021-03-09T21:00:00+01:00,2021-03-09T22:00:00+01:00,BE-TSO-0001,21X-BE-A-A0A0A-Y,Fluxys Belgium,VTP-00029,Zeebrugge Beach,21Z0000000000090,exit,kWh/h,,,4678849,2021-03-14T15:45:08+01:00,,Confirmed,,,,,False,,,False,PRISMA,,https://platform.prisma-capacity.eu/,,Trading Point,9,False
1Physical Flowhour2021-03-09 21:00:00 +00:002021-03-09 22:00:00 +00:00BE-TSO-0001VTP-00029exitkWh/h,1,Physical Flow,hour,2021-03-09T22:00:00+01:00,2021-03-09T23:00:00+01:00,BE-TSO-0001,21X-BE-A-A0A0A-Y,Fluxys Belgium,VTP-00029,Zeebrugge Beach,21Z0000000000090,exit,kWh/h,,,4676645,2021-03-14T15:45:08+01:00,,Confirmed,,,,,False,,,False,PRISMA,,https://platform.prisma-capacity.eu/,,Trading Point,9,False
1Physical Flowhour2021-03-09 22:00:00 +00:002021-03-09 23:00:00 +00:00BE-TSO-0001VTP-00029exitkWh/h,1,Physical Flow,hour,2021-03-09T23:00:00+01:00,2021-03-10T00:00:00+01:00,BE-TSO-0001,21X-BE-A-A0A0A-Y,Fluxys Belgium,VTP-00029,Zeebrugge Beach,21Z0000000000090,exit,kWh/h,,,4681361,2021-03-14T15:45:08+01:00,,Confirmed,,,,,False,,,False,PRISMA,,https://platform.prisma-capacity.eu/,,Trading Point,9,False
1Physical Flowhour2021-03-09 23:00:00 +00:002021-03-10 00:00:00 +00:00BE-TSO-0001VTP-00029exitkWh/h,1,Physical Flow,hour,2021-03-10T00:00:00+01:00,2021-03-10T01:00:00+01:00,BE-TSO-0001,21X-BE-A-A0A0A-Y,Fluxys Belgium,VTP-00029,Zeebrugge Beach,21Z0000000000090,exit,kWh/h,,,4685102,2021-03-14T15:45:08+01:00,,Confirmed,,,,,False,,,False,PRISMA,,https://platform.prisma-capacity.eu/,,Trading Point,9,False
1Physical Flowhour2021-03-10 00:00:00 +00:002021-03-10 01:00:00 +00:00BE-TSO-0001VTP-00029exitkWh/h,1,Physical Flow,hour,2021-03-10T01:00:00+01:00,2021-03-10T02:00:00+01:00,BE-TSO-0001,21X-BE-A-A0A0A-Y,Fluxys Belgium,VTP-00029,Zeebrugge Beach,21Z0000000000090,exit,kWh/h,,,4690616,2021-03-14T15:45:08+01:00,,Confirmed,,,,,False,,,False,PRISMA,,https://platform.prisma-capacity.eu/,,Trading Point,9,False
1Physical Flowhour2021-03-10 01:00:00 +00:002021-03-10 02:00:00 +00:00BE-TSO-0001VTP-00029exitkWh/h,1,Physical Flow,hour,2021-03-10T02:00:00+01:00,2021-03-10T03:00:00+01:00,BE-TSO-0001,21X-BE-A-A0A0A-Y,Fluxys Belgium,VTP-00029,Zeebrugge Beach,21Z0000000000090,exit,kWh/h,,,4687466,2021-03-14T15:45:08+01:00,,Confirmed,,,,,False,,,False,PRISMA,,https://platform.prisma-capacity.eu/,,Trading Point,9,False
1Physical Flowhour2021-03-10 02:00:00 +00:002021-03-10 03:00:00 +00:00BE-TSO-0001VTP-00029exitkWh/h,1,Physical Flow,hour,2021-03-10T03:00:00+01:00,2021-03-10T04:00:00+01:00,BE-TSO-0001,21X-BE-A-A0A0A-Y,Fluxys Belgium,VTP-00029,Zeebrugge Beach,21Z0000000000090,exit,kWh/h,,,4673026,2021-03-14T15:45:08+01:00,,Confirmed,,,,,False,,,False,PRISMA,,https://platform.prisma-capacity.eu/,,Trading Point,9,False
1Physical Flowhour2021-03-10 03:00:00 +00:002021-03-10 04:00:00 +00:00BE-TSO-0001VTP-00029exitkWh/h,1,Physical Flow,hour,2021-03-10T04:00:00+01:00,2021-03-10T05:00:00+01:00,BE-TSO-0001,21X-BE-A-A0A0A-Y,Fluxys Belgium,VTP-00029,Zeebrugge Beach,21Z0000000000090,exit,kWh/h,,,4674992,2021-03-14T15:45:08+01:00,,Confirmed,,,,,False,,,False,PRISMA,,https://platform.prisma-capacity.eu/,,Trading Point,9,False
1Physical Flowhour2021-03-10 04:00:00 +00:002021-03-10 05:00:00 +00:00BE-TSO-0001VTP-00029exitkWh/h,1,Physical Flow,hour,2021-03-10T05:00:00+01:00,2021-03-10T06:00:00+01:00,BE-TSO-0001,21X-BE-A-A0A0A-Y,Fluxys Belgium,VTP-00029,Zeebrugge Beach,21Z0000000000090,exit,kWh/h,,,4663036,2021-03-14T15:45:08+01:00,,Confirmed,,,,,False,,,False,PRISMA,,https://platform.prisma-capacity.eu/,,Trading Point,9,False
1Physical Flowhour2021-03-10 05:00:00 +00:002021-03-10 06:00:00 +00:00BE-TSO-0001VTP-00029exitkWh/h,1,Physical Flow,hour,2021-03-10T06:00:00+01:00,2021-03-10T07:00:00+01:00,BE-TSO-0001,21X-BE-A-A0A0A-Y,Fluxys Belgium,VTP-00029,Zeebrugge Beach,21Z0000000000090,exit,kWh/h,,,4666960,2021-03-14T15:45:08+01:00,,Confirmed,,,,,False,,,False,PRISMA,,https://platform.prisma-capacity.eu/,,Trading Point,9,False
1Physical Flowhour2021-03-10 06:00:00 +00:002021-03-10 07:00:00 +00:00BE-TSO-0001VTP-00029exitkWh/h,1,Physical Flow,hour,2021-03-10T07:00:00+01:00,2021-03-10T08:00:00+01:00,BE-TSO-0001,21X-BE-A-A0A0A-Y,Fluxys Belgium,VTP-00029,Zeebrugge Beach,21Z0000000000090,exit,kWh/h,,,4676885,2021-03-14T15:45:08+01:00,,Confirmed,,,,,False,,,False,PRISMA,,https://platform.prisma-capacity.eu/,,Trading Point,9,False
1Physical Flowhour2021-03-10 07:00:00 +00:002021-03-10 08:00:00 +00:00BE-TSO-0001VTP-00029exitkWh/h,1,Physical Flow,hour,2021-03-10T08:00:00+01:00,2021-03-10T09:00:00+01:00,BE-TSO-0001,21X-BE-A-A0A0A-Y,Fluxys Belgium,VTP-00029,Zeebrugge Beach,21Z0000000000090,exit,kWh/h,,,4664192,2021-03-14T15:45:08+01:00,,Confirmed,,,,,False,,,False,PRISMA,,https://platform.prisma-capacity.eu/,,Trading Point,9,False
1Physical Flowhour2021-03-10 08:00:00 +00:002021-03-10 09:00:00 +00:00BE-TSO-0001VTP-00029exitkWh/h,1,Physical Flow,hour,2021-03-10T09:00:00+01:00,2021-03-10T10:00:00+01:00,BE-TSO-0001,21X-BE-A-A0A0A-Y,Fluxys Belgium,VTP-00029,Zeebrugge Beach,21Z0000000000090,exit,kWh/h,,,4630894,2021-03-14T15:45:08+01:00,,Confirmed,,,,,False,,,False,PRISMA,,https://platform.prisma-capacity.eu/,,Trading Point,9,False
1Physical Flowhour2021-03-10 09:00:00 +00:002021-03-10 10:00:00 +00:00BE-TSO-0001VTP-00029exitkWh/h,1,Physical Flow,hour,2021-03-10T10:00:00+01:00,2021-03-10T11:00:00+01:00,BE-TSO-0001,21X-BE-A-A0A0A-Y,Fluxys Belgium,VTP-00029,Zeebrugge Beach,21Z0000000000090,exit,kWh/h,,,4574614,2021-03-14T15:45:08+01:00,,Confirmed,,,,,False,,,False,PRISMA,,https://platform.prisma-capacity.eu/,,Trading Point,9,False
1Physical Flowhour2021-03-10 10:00:00 +00:002021-03-10 11:00:00 +00:00BE-TSO-0001VTP-00029exitkWh/h,1,Physical Flow,hour,2021-03-10T11:00:00+01:00,2021-03-10T12:00:00+01:00,BE-TSO-0001,21X-BE-A-A0A0A-Y,Fluxys Belgium,VTP-00029,Zeebrugge Beach,21Z0000000000090,exit,kWh/h,,,4531526,2021-03-14T15:45:08+01:00,,Confirmed,,,,,False,,,False,PRISMA,,https://platform.prisma-capacity.eu/,,Trading Point,9,False
1Physical Flowhour2021-03-10 11:00:00 +00:002021-03-10 12:00:00 +00:00BE-TSO-0001VTP-00029exitkWh/h,1,Physical Flow,hour,2021-03-10T12:00:00+01:00,2021-03-10T13:00:00+01:00,BE-TSO-0001,21X-BE-A-A0A0A-Y,Fluxys Belgium,VTP-00029,Zeebrugge Beach,21Z0000000000090,exit,kWh/h,,,4440381,2021-03-14T15:45:08+01:00,,Confirmed,,,,,False,,,False,PRISMA,,https://platform.prisma-capacity.eu/,,Trading Point,9,False
1Physical Flowhour2021-03-10 12:00:00 +00:002021-03-10 13:00:00 +00:00BE-TSO-0001VTP-00029exitkWh/h,1,Physical Flow,hour,2021-03-10T13:00:00+01:00,2021-03-10T14:00:00+01:00,BE-TSO-0001,21X-BE-A-A0A0A-Y,Fluxys Belgium,VTP-00029,Zeebrugge Beach,21Z0000000000090,exit,kWh/h,,,4392018,2021-03-14T15:45:08+01:00,,Confirmed,,,,,False,,,False,PRISMA,,https://platform.prisma-capacity.eu/,,Trading Point,9,False
1Physical Flowhour2021-03-10 13:00:00 +00:002021-03-10 14:00:00 +00:00BE-TSO-0001VTP-00029exitkWh/h,1,Physical Flow,hour,2021-03-10T14:00:00+01:00,2021-03-10T15:00:00+01:00,BE-TSO-0001,21X-BE-A-A0A0A-Y,Fluxys Belgium,VTP-00029,Zeebrugge Beach,21Z0000000000090,exit,kWh/h,,,4417855,2021-03-14T15:45:08+01:00,,Confirmed,,,,,False,,,False,PRISMA,,https://platform.prisma-capacity.eu/,,Trading Point,9,False
1Physical Flowhour2021-03-10 14:00:00 +00:002021-03-10 15:00:00 +00:00BE-TSO-0001VTP-00029exitkWh/h,1,Physical Flow,hour,2021-03-10T15:00:00+01:00,2021-03-10T16:00:00+01:00,BE-TSO-0001,21X-BE-A-A0A0A-Y,Fluxys Belgium,VTP-00029,Zeebrugge Beach,21Z0000000000090,exit,kWh/h,,,4403882,2021-03-14T15:45:08+01:00,,Confirmed,,,,,False,,,False,PRISMA,,https://platform.prisma-capacity.eu/,,Trading Point,9,False
1Physical Flowhour2021-03-10 15:00:00 +00:002021-03-10 16:00:00 +00:00BE-TSO-0001VTP-00029exitkWh/h,1,Physical Flow,hour,2021-03-10T16:00:00+01:00,2021-03-10T17:00:00+01:00,BE-TSO-0001,21X-BE-A-A0A0A-Y,Fluxys Belgium,VTP-00029,Zeebrugge Beach,21Z0000000000090,exit,kWh/h,,,4397979,2021-03-14T15:45:08+01:00,,Confirmed,,,,,False,,,False,PRISMA,,https://platform.prisma-capacity.eu/,,Trading Point,9,False
1Physical Flowhour2021-03-10 16:00:00 +00:002021-03-10 17:00:00 +00:00BE-TSO-0001VTP-00029exitkWh/h,1,Physical Flow,hour,2021-03-10T17:00:00+01:00,2021-03-10T18:00:00+01:00,BE-TSO-0001,21X-BE-A-A0A0A-Y,Fluxys Belgium,VTP-00029,Zeebrugge Beach,21Z0000000000090,exit,kWh/h,,,4405845,2021-03-14T15:45:08+01:00,,Confirmed,,,,,False,,,False,PRISMA,,https://platform.prisma-capacity.eu/,,Trading Point,9,False
1Physical Flowhour2021-03-10 17:00:00 +00:002021-03-10 18:00:00 +00:00BE-TSO-0001VTP-00029exitkWh/h,1,Physical Flow,hour,2021-03-10T18:00:00+01:00,2021-03-10T19:00:00+01:00,BE-TSO-0001,21X-BE-A-A0A0A-Y,Fluxys Belgium,VTP-00029,Zeebrugge Beach,21Z0000000000090,exit,kWh/h,,,4394771,2021-03-14T15:45:08+01:00,,Confirmed,,,,,False,,,False,PRISMA,,https://platform.prisma-capacity.eu/,,Trading Point,9,False
1Physical Flowhour2021-03-10 18:00:00 +00:002021-03-10 19:00:00 +00:00BE-TSO-0001VTP-00029exitkWh/h,1,Physical Flow,hour,2021-03-10T19:00:00+01:00,2021-03-10T20:00:00+01:00,BE-TSO-0001,21X-BE-A-A0A0A-Y,Fluxys Belgium,VTP-00029,Zeebrugge Beach,21Z0000000000090,exit,kWh/h,,,4407733,2021-03-14T15:45:08+01:00,,Confirmed,,,,,False,,,False,PRISMA,,https://platform.prisma-capacity.eu/,,Trading Point,9,False
1Physical Flowhour2021-03-10 19:00:00 +00:002021-03-10 20:00:00 +00:00BE-TSO-0001VTP-00029exitkWh/h,1,Physical Flow,hour,2021-03-10T20:00:00+01:00,2021-03-10T21:00:00+01:00,BE-TSO-0001,21X-BE-A-A0A0A-Y,Fluxys Belgium,VTP-00029,Zeebrugge Beach,21Z0000000000090,exit,kWh/h,,,4407191,2021-03-14T15:45:08+01:00,,Confirmed,,,,,False,,,False,PRISMA,,https://platform.prisma-capacity.eu/,,Trading Point,9,False
1Physical Flowhour2021-03-10 20:00:00 +00:002021-03-10 21:00:00 +00:00BE-TSO-0001VTP-00029exitkWh/h,1,Physical Flow,hour,2021-03-10T21:00:00+01:00,2021-03-10T22:00:00+01:00,BE-TSO-0001,21X-BE-A-A0A0A-Y,Fluxys Belgium,VTP-00029,Zeebrugge Beach,21Z0000000000090,exit,kWh/h,,,4401520,2021-03-14T15:45:08+01:00,,Confirmed,,,,,False,,,False,PRISMA,,https://platform.prisma-capacity.eu/,,Trading Point,9,False
1Physical Flowhour2021-03-10 21:00:00 +00:002021-03-10 22:00:00 +00:00BE-TSO-0001VTP-00029exitkWh/h,1,Physical Flow,hour,2021-03-10T22:00:00+01:00,2021-03-10T23:00:00+01:00,BE-TSO-0001,21X-BE-A-A0A0A-Y,Fluxys Belgium,VTP-00029,Zeebrugge Beach,21Z0000000000090,exit,kWh/h,,,4402312,2021-03-14T15:45:08+01:00,,Confirmed,,,,,False,,,False,PRISMA,,https://platform.prisma-capacity.eu/,,Trading Point,9,False
1Physical Flowhour2021-03-10 22:00:00 +00:002021-03-10 23:00:00 +00:00BE-TSO-0001VTP-00029exitkWh/h,1,Physical Flow,hour,2021-03-10T23:00:00+01:00,2021-03-11T00:00:00+01:00,BE-TSO-0001,21X-BE-A-A0A0A-Y,Fluxys Belgium,VTP-00029,Zeebrugge Beach,21Z0000000000090,exit,kWh/h,,,4410160,2021-03-14T15:45:08+01:00,,Confirmed,,,,,False,,,False,PRISMA,,https://platform.prisma-capacity.eu/,,Trading Point,9,False
1Physical Flowhour2021-03-10 23:00:00 +00:002021-03-11 00:00:00 +00:00BE-TSO-0001VTP-00029exitkWh/h,1,Physical Flow,hour,2021-03-11T00:00:00+01:00,2021-03-11T01:00:00+01:00,BE-TSO-0001,21X-BE-A-A0A0A-Y,Fluxys Belgium,VTP-00029,Zeebrugge Beach,21Z0000000000090,exit,kWh/h,,,4417325,2021-03-14T15:45:08+01:00,,Confirmed,,,,,False,,,False,PRISMA,,https://platform.prisma-capacity.eu/,,Trading Point,9,False
1Physical Flowhour2021-03-11 00:00:00 +00:002021-03-11 01:00:00 +00:00BE-TSO-0001VTP-00029exitkWh/h,1,Physical Flow,hour,2021-03-11T01:00:00+01:00,2021-03-11T02:00:00+01:00,BE-TSO-0001,21X-BE-A-A0A0A-Y,Fluxys Belgium,VTP-00029,Zeebrugge Beach,21Z0000000000090,exit,kWh/h,,,4658501,2021-03-14T15:45:08+01:00,,Confirmed,,,,,False,,,False,PRISMA,,https://platform.prisma-capacity.eu/,,Trading Point,9,False
1Physical Flowhour2021-03-11 01:00:00 +00:002021-03-11 02:00:00 +00:00BE-TSO-0001VTP-00029exitkWh/h,1,Physical Flow,hour,2021-03-11T02:00:00+01:00,2021-03-11T03:00:00+01:00,BE-TSO-0001,21X-BE-A-A0A0A-Y,Fluxys Belgium,VTP-00029,Zeebrugge Beach,21Z0000000000090,exit,kWh/h,,,4611176,2021-03-14T15:45:08+01:00,,Confirmed,,,,,False,,,False,PRISMA,,https://platform.prisma-capacity.eu/,,Trading Point,9,False
1Physical Flowhour2021-03-11 02:00:00 +00:002021-03-11 03:00:00 +00:00BE-TSO-0001VTP-00029exitkWh/h,1,Physical Flow,hour,2021-03-11T03:00:00+01:00,2021-03-11T04:00:00+01:00,BE-TSO-0001,21X-BE-A-A0A0A-Y,Fluxys Belgium,VTP-00029,Zeebrugge Beach,21Z0000000000090,exit,kWh/h,,,4461611,2021-03-14T15:45:08+01:00,,Confirmed,,,,,False,,,False,PRISMA,,https://platform.prisma-capacity.eu/,,Trading Point,9,False
1Physical Flowhour2021-03-11 03:00:00 +00:002021-03-11 04:00:00 +00:00BE-TSO-0001VTP-00029exitkWh/h,1,Physical Flow,hour,2021-03-11T04:00:00+01:00,2021-03-11T05:00:00+01:00,BE-TSO-0001,21X-BE-A-A0A0A-Y,Fluxys Belgium,VTP-00029,Zeebrugge Beach,21Z0000000000090,exit,kWh/h,,,4460808,2021-03-14T15:45:08+01:00,,Confirmed,,,,,False,,,False,PRISMA,,https://platform.prisma-capacity.eu/,,Trading Point,9,False
1Physical Flowhour2021-03-11 04:00:00 +00:002021-03-11 05:00:00 +00:00BE-TSO-0001VTP-00029exitkWh/h,1,Physical Flow,hour,2021-03-11T05:00:00+01:00,2021-03-11T06:00:00+01:00,BE-TSO-0001,21X-BE-A-A0A0A-Y,Fluxys Belgium,VTP-00029,Zeebrugge Beach,21Z0000000000090,exit,kWh/h,,,4411684,2021-03-14T15:45:08+01:00,,Confirmed,,,,,False,,,False,PRISMA,,https://platform.prisma-capacity.eu/,,Trading Point,9,False
1Physical Flowhour2021-03-11 05:00:00 +00:002021-03-11 06:00:00 +00:00BE-TSO-0001VTP-00029exitkWh/h,1,Physical Flow,hour,2021-03-11T06:00:00+01:00,2021-03-11T07:00:00+01:00,BE-TSO-0001,21X-BE-A-A0A0A-Y,Fluxys Belgium,VTP-00029,Zeebrugge Beach,21Z0000000000090,exit,kWh/h,,,4984393,2021-03-14T15:45:08+01:00,,Confirmed,,,,,False,,,False,PRISMA,,https://platform.prisma-capacity.eu/,,Trading Point,9,False
1Physical Flowhour2021-03-11 06:00:00 +00:002021-03-11 07:00:00 +00:00BE-TSO-0001VTP-00029exitkWh/h,1,Physical Flow,hour,2021-03-11T07:00:00+01:00,2021-03-11T08:00:00+01:00,BE-TSO-0001,21X-BE-A-A0A0A-Y,Fluxys Belgium,VTP-00029,Zeebrugge Beach,21Z0000000000090,exit,kWh/h,,,5056102,2021-03-14T15:45:08+01:00,,Confirmed,,,,,False,,,False,PRISMA,,https://platform.prisma-capacity.eu/,,Trading Point,9,False
1Physical Flowhour2021-03-11 07:00:00 +00:002021-03-11 08:00:00 +00:00BE-TSO-0001VTP-00029exitkWh/h,1,Physical Flow,hour,2021-03-11T08:00:00+01:00,2021-03-11T09:00:00+01:00,BE-TSO-0001,21X-BE-A-A0A0A-Y,Fluxys Belgium,VTP-00029,Zeebrugge Beach,21Z0000000000090,exit,kWh/h,,,2683022,2021-03-14T15:45:08+01:00,,Confirmed,,,,,False,,,False,PRISMA,,https://platform.prisma-capacity.eu/,,Trading Point,9,False
1Physical Flowhour2021-03-11 08:00:00 +00:002021-03-11 09:00:00 +00:00BE-TSO-0001VTP-00029exitkWh/h,1,Physical Flow,hour,2021-03-11T09:00:00+01:00,2021-03-11T10:00:00+01:00,BE-TSO-0001,21X-BE-A-A0A0A-Y,Fluxys Belgium,VTP-00029,Zeebrugge Beach,21Z0000000000090,exit,kWh/h,,,479220,2021-03-14T15:45:08+01:00,,Confirmed,,,,,False,,,False,PRISMA,,https://platform.prisma-capacity.eu/,,Trading Point,9,False
1Physical Flowhour2021-03-11 09:00:00 +00:002021-03-11 10:00:00 +00:00BE-TSO-0001VTP-00029exitkWh/h,1,Physical Flow,hour,2021-03-11T10:00:00+01:00,2021-03-11T11:00:00+01:00,BE-TSO-0001,21X-BE-A-A0A0A-Y,Fluxys Belgium,VTP-00029,Zeebrugge Beach,21Z0000000000090,exit,kWh/h,,,910179,2021-03-14T15:45:08+01:00,,Confirmed,,,,,False,,,False,PRISMA,,https://platform.prisma-capacity.eu/,,Trading Point,9,False
1Physical Flowhour2021-03-11 10:00:00 +00:002021-03-11 11:00:00 +00:00BE-TSO-0001VTP-00029exitkWh/h,1,Physical Flow,hour,2021-03-11T11:00:00+01:00,2021-03-11T12:00:00+01:00,BE-TSO-0001,21X-BE-A-A0A0A-Y,Fluxys Belgium,VTP-00029,Zeebrugge Beach,21Z0000000000090,exit,kWh/h,,,831874,2021-03-14T15:45:08+01:00,,Confirmed,,,,,False,,,False,PRISMA,,https://platform.prisma-capacity.eu/,,Trading Point,9,False
1Physical Flowhour2021-03-11 11:00:00 +00:002021-03-11 12:00:00 +00:00BE-TSO-0001VTP-00029exitkWh/h,1,Physical Flow,hour,2021-03-11T12:00:00+01:00,2021-03-11T13:00:00+01:00,BE-TSO-0001,21X-BE-A-A0A0A-Y,Fluxys Belgium,VTP-00029,Zeebrugge Beach,21Z0000000000090,exit,kWh/h,,,4744080,2021-03-14T15:45:08+01:00,,Confirmed,,,,,False,,,False,PRISMA,,https://platform.prisma-capacity.eu/,,Trading Point,9,False
1Physical Flowhour2021-03-11 12:00:00 +00:002021-03-11 13:00:00 +00:00BE-TSO-0001VTP-00029exitkWh/h,1,Physical Flow,hour,2021-03-11T13:00:00+01:00,2021-03-11T14:00:00+01:00,BE-TSO-0001,21X-BE-A-A0A0A-Y,Fluxys Belgium,VTP-00029,Zeebrugge Beach,21Z0000000000090,exit,kWh/h,,,5207773,2021-03-14T15:45:08+01:00,,Confirmed,,,,,False,,,False,PRISMA,,https://platform.prisma-capacity.eu/,,Trading Point,9,False
1Physical Flowhour2021-03-11 13:00:00 +00:002021-03-11 14:00:00 +00:00BE-TSO-0001VTP-00029exitkWh/h,1,Physical Flow,hour,2021-03-11T14:00:00+01:00,2021-03-11T15:00:00+01:00,BE-TSO-0001,21X-BE-A-A0A0A-Y,Fluxys Belgium,VTP-00029,Zeebrugge Beach,21Z0000000000090,exit,kWh/h,,,5165431,2021-03-14T15:45:08+01:00,,Confirmed,,,,,False,,,False,PRISMA,,https://platform.prisma-capacity.eu/,,Trading Point,9,False
1Physical Flowhour2021-03-11 14:00:00 +00:002021-03-11 15:00:00 +00:00BE-TSO-0001VTP-00029exitkWh/h,1,Physical Flow,hour,2021-03-11T15:00:00+01:00,2021-03-11T16:00:00+01:00,BE-TSO-0001,21X-BE-A-A0A0A-Y,Fluxys Belgium,VTP-00029,Zeebrugge Beach,21Z0000000000090,exit,kWh/h,,,5140603,2021-03-14T15:45:08+01:00,,Confirmed,,,,,False,,,False,PRISMA,,https://platform.prisma-capacity.eu/,,Trading Point,9,False
1Physical Flowhour2021-03-11 15:00:00 +00:002021-03-11 16:00:00 +00:00BE-TSO-0001VTP-00029exitkWh/h,1,Physical Flow,hour,2021-03-11T16:00:00+01:00,2021-03-11T17:00:00+01:00,BE-TSO-0001,21X-BE-A-A0A0A-Y,Fluxys Belgium,VTP-00029,Zeebrugge Beach,21Z0000000000090,exit,kWh/h,,,5232089,2021-03-14T15:45:08+01:00,,Confirmed,,,,,False,,,False,PRISMA,,https://platform.prisma-capacity.eu/,,Trading Point,9,False
1Physical Flowhour2021-03-11 16:00:00 +00:002021-03-11 17:00:00 +00:00BE-TSO-0001VTP-00029exitkWh/h,1,Physical Flow,hour,2021-03-11T17:00:00+01:00,2021-03-11T18:00:00+01:00,BE-TSO-0001,21X-BE-A-A0A0A-Y,Fluxys Belgium,VTP-00029,Zeebrugge Beach,21Z0000000000090,exit,kWh/h,,,8262465,2021-03-14T15:45:08+01:00,,Confirmed,,,,,False,,,False,PRISMA,,https://platform.prisma-capacity.eu/,,Trading Point,9,False
1Physical Flowhour2021-03-11 17:00:00 +00:002021-03-11 18:00:00 +00:00BE-TSO-0001VTP-00029exitkWh/h,1,Physical Flow,hour,2021-03-11T18:00:00+01:00,2021-03-11T19:00:00+01:00,BE-TSO-0001,21X-BE-A-A0A0A-Y,Fluxys Belgium,VTP-00029,Zeebrugge Beach,21Z0000000000090,exit,kWh/h,,,8167058,2021-03-14T15:45:08+01:00,,Confirmed,,,,,False,,,False,PRISMA,,https://platform.prisma-capacity.eu/,,Trading Point,9,False
1Physical Flowhour2021-03-11 18:00:00 +00:002021-03-11 19:00:00 +00:00BE-TSO-0001VTP-00029exitkWh/h,1,Physical Flow,hour,2021-03-11T19:00:00+01:00,2021-03-11T20:00:00+01:00,BE-TSO-0001,21X-BE-A-A0A0A-Y,Fluxys Belgium,VTP-00029,Zeebrugge Beach,21Z0000000000090,exit,kWh/h,,,7976206,2021-03-14T15:45:08+01:00,,Confirmed,,,,,False,,,False,PRISMA,,https://platform.prisma-capacity.eu/,,Trading Point,9,False
1Physical Flowhour2021-03-11 19:00:00 +00:002021-03-11 20:00:00 +00:00BE-TSO-0001VTP-00029exitkWh/h,1,Physical Flow,hour,2021-03-11T20:00:00+01:00,2021-03-11T21:00:00+01:00,BE-TSO-0001,21X-BE-A-A0A0A-Y,Fluxys Belgium,VTP-00029,Zeebrugge Beach,21Z0000000000090,exit,kWh/h,,,7490512,2021-03-14T15:45:08+01:00,,Confirmed,,,,,False,,,False,PRISMA,,https://platform.prisma-capacity.eu/,,Trading Point,9,False
1Physical Flowhour2021-03-11 20:00:00 +00:002021-03-11 21:00:00 +00:00BE-TSO-0001VTP-00029exitkWh/h,1,Physical Flow,hour,2021-03-11T21:00:00+01:00,2021-03-11T22:00:00+01:00,BE-TSO-0001,21X-BE-A-A0A0A-Y,Fluxys Belgium,VTP-00029,Zeebrugge Beach,21Z0000000000090,exit,kWh/h,,,5706858,2021-03-14T15:45:08+01:00,,Confirmed,,,,,False,,,False,PRISMA,,https://platform.prisma-capacity.eu/,,Trading Point,9,False
1Physical Flowhour2021-03-11 21:00:00 +00:002021-03-11 22:00:00 +00:00BE-TSO-0001VTP-00029exitkWh/h,1,Physical Flow,hour,2021-03-11T22:00:00+01:00,2021-03-11T23:00:00+01:00,BE-TSO-0001,21X-BE-A-A0A0A-Y,Fluxys Belgium,VTP-00029,Zeebrugge Beach,21Z0000000000090,exit,kWh/h,,,5115444,2021-03-14T15:45:08+01:00,,Confirmed,,,,,False,,,False,PRISMA,,https://platform.prisma-capacity.eu/,,Trading Point,9,False
1Physical Flowhour2021-03-11 22:00:00 +00:002021-03-11 23:00:00 +00:00BE-TSO-0001VTP-00029exitkWh/h,1,Physical Flow,hour,2021-03-11T23:00:00+01:00,2021-03-12T00:00:00+01:00,BE-TSO-0001,21X-BE-A-A0A0A-Y,Fluxys Belgium,VTP-00029,Zeebrugge Beach,21Z0000000000090,exit,kWh/h,,,4917317,2021-03-14T15:45:08+01:00,,Confirmed,,,,,False,,,False,PRISMA,,https://platform.prisma-capacity.eu/,,Trading Point,9,False
1Physical Flowhour2021-03-11 23:00:00 +00:002021-03-12 00:00:00 +00:00BE-TSO-0001VTP-00029exitkWh/h,1,Physical Flow,hour,2021-03-12T00:00:00+01:00,2021-03-12T01:00:00+01:00,BE-TSO-0001,21X-BE-A-A0A0A-Y,Fluxys Belgium,VTP-00029,Zeebrugge Beach,21Z0000000000090,exit,kWh/h,,,4415328,2021-03-14T15:45:08+01:00,,Confirmed,,,,,False,,,False,PRISMA,,https://platform.prisma-capacity.eu/,,Trading Point,9,False
1Physical Flowhour2021-03-12 00:00:00 +00:002021-03-12 01:00:00 +00:00BE-TSO-0001VTP-00029exitkWh/h,1,Physical Flow,hour,2021-03-12T01:00:00+01:00,2021-03-12T02:00:00+01:00,BE-TSO-0001,21X-BE-A-A0A0A-Y,Fluxys Belgium,VTP-00029,Zeebrugge Beach,21Z0000000000090,exit,kWh/h,,,4396130,2021-03-14T15:45:08+01:00,,Confirmed,,,,,False,,,False,PRISMA,,https://platform.prisma-capacity.eu/,,Trading Point,9,False
1Physical Flowhour2021-03-12 01:00:00 +00:002021-03-12 02:00:00 +00:00BE-TSO-0001VTP-00029exitkWh/h,1,Physical Flow,hour,2021-03-12T02:00:00+01:00,2021-03-12T03:00:00+01:00,BE-TSO-0001,21X-BE-A-A0A0A-Y,Fluxys Belgium,VTP-00029,Zeebrugge Beach,21Z0000000000090,exit,kWh/h,,,4422876,2021-03-14T15:45:08+01:00,,Confirmed,,,,,False,,,False,PRISMA,,https://platform.prisma-capacity.eu/,,Trading Point,9,False
1Physical Flowhour2021-03-12 02:00:00 +00:002021-03-12 03:00:00 +00:00BE-TSO-0001VTP-00029exitkWh/h,1,Physical Flow,hour,2021-03-12T03:00:00+01:00,2021-03-12T04:00:00+01:00,BE-TSO-0001,21X-BE-A-A0A0A-Y,Fluxys Belgium,VTP-00029,Zeebrugge Beach,21Z0000000000090,exit,kWh/h,,,4439342,2021-03-14T15:45:08+01:00,,Confirmed,,,,,False,,,False,PRISMA,,https://platform.prisma-capacity.eu/,,Trading Point,9,False
1Physical Flowhour2021-03-12 03:00:00 +00:002021-03-12 04:00:00 +00:00BE-TSO-0001VTP-00029exitkWh/h,1,Physical Flow,hour,2021-03-12T04:00:00+01:00,2021-03-12T05:00:00+01:00,BE-TSO-0001,21X-BE-A-A0A0A-Y,Fluxys Belgium,VTP-00029,Zeebrugge Beach,21Z0000000000090,exit,kWh/h,,,4457568,2021-03-14T15:45:08+01:00,,Confirmed,,,,,False,,,False,PRISMA,,https://platform.prisma-capacity.eu/,,Trading Point,9,False
1Physical Flowhour2021-03-12 04:00:00 +00:002021-03-12 05:00:00 +00:00BE-TSO-0001VTP-00029exitkWh/h,1,Physical Flow,hour,2021-03-12T05:00:00+01:00,2021-03-12T06:00:00+01:00,BE-TSO-0001,21X-BE-A-A0A0A-Y,Fluxys Belgium,VTP-00029,Zeebrugge Beach,21Z0000000000090,exit,kWh/h,,,4449880,2021-03-14T15:45:08+01:00,,Confirmed,,,,,False,,,False,PRISMA,,https://platform.prisma-capacity.eu/,,Trading Point,9,False
1Physical Flowhour2021-03-12 05:00:00 +00:002021-03-12 06:00:00 +00:00BE-TSO-0001VTP-00029exitkWh/h,1,Physical Flow,hour,2021-03-12T06:00:00+01:00,2021-03-12T07:00:00+01:00,BE-TSO-0001,21X-BE-A-A0A0A-Y,Fluxys Belgium,VTP-00029,Zeebrugge Beach,21Z0000000000090,exit,kWh/h,,,4888467,2021-03-14T19:03:09+01:00,,Confirmed,,,,,False,,,False,PRISMA,,https://platform.prisma-capacity.eu/,,Trading Point,9,False
1Physical Flowhour2021-03-12 06:00:00 +00:002021-03-12 07:00:00 +00:00BE-TSO-0001VTP-00029exitkWh/h,1,Physical Flow,hour,2021-03-12T07:00:00+01:00,2021-03-12T08:00:00+01:00,BE-TSO-0001,21X-BE-A-A0A0A-Y,Fluxys Belgium,VTP-00029,Zeebrugge Beach,21Z0000000000090,exit,kWh/h,,,4545119,2021-03-14T19:03:09+01:00,,Confirmed,,,,,False,,,False,PRISMA,,https://platform.prisma-capacity.eu/,,Trading Point,9,False
1Physical Flowhour2021-03-12 07:00:00 +00:002021-03-12 08:00:00 +00:00BE-TSO-0001VTP-00029exitkWh/h,1,Physical Flow,hour,2021-03-12T08:00:00+01:00,2021-03-12T09:00:00+01:00,BE-TSO-0001,21X-BE-A-A0A0A-Y,Fluxys Belgium,VTP-00029,Zeebrugge Beach,21Z0000000000090,exit,kWh/h,,,4930185,2021-03-14T19:03:09+01:00,,Confirmed,,,,,False,,,False,PRISMA,,https://platform.prisma-capacity.eu/,,Trading Point,9,False
1Physical Flowhour2021-03-12 08:00:00 +00:002021-03-12 09:00:00 +00:00BE-TSO-0001VTP-00029exitkWh/h,1,Physical Flow,hour,2021-03-12T09:00:00+01:00,2021-03-12T10:00:00+01:00,BE-TSO-0001,21X-BE-A-A0A0A-Y,Fluxys Belgium,VTP-00029,Zeebrugge Beach,21Z0000000000090,exit,kWh/h,,,4916761,2021-03-14T19:03:09+01:00,,Confirmed,,,,,False,,,False,PRISMA,,https://platform.prisma-capacity.eu/,,Trading Point,9,False
1Physical Flowhour2021-03-12 09:00:00 +00:002021-03-12 10:00:00 +00:00BE-TSO-0001VTP-00029exitkWh/h,1,Physical Flow,hour,2021-03-12T10:00:00+01:00,2021-03-12T11:00:00+01:00,BE-TSO-0001,21X-BE-A-A0A0A-Y,Fluxys Belgium,VTP-00029,Zeebrugge Beach,21Z0000000000090,exit,kWh/h,,,4747940,2021-03-14T19:03:09+01:00,,Confirmed,,,,,False,,,False,PRISMA,,https://platform.prisma-capacity.eu/,,Trading Point,9,False
1Physical Flowhour2021-03-12 10:00:00 +00:002021-03-12 11:00:00 +00:00BE-TSO-0001VTP-00029exitkWh/h,1,Physical Flow,hour,2021-03-12T11:00:00+01:00,2021-03-12T12:00:00+01:00,BE-TSO-0001,21X-BE-A-A0A0A-Y,Fluxys Belgium,VTP-00029,Zeebrugge Beach,21Z0000000000090,exit,kWh/h,,,4293473,2021-03-14T19:03:09+01:00,,Confirmed,,,,,False,,,False,PRISMA,,https://platform.prisma-capacity.eu/,,Trading Point,9,False
1Physical Flowhour2021-03-12 11:00:00 +00:002021-03-12 12:00:00 +00:00BE-TSO-0001VTP-00029exitkWh/h,1,Physical Flow,hour,2021-03-12T12:00:00+01:00,2021-03-12T13:00:00+01:00,BE-TSO-0001,21X-BE-A-A0A0A-Y,Fluxys Belgium,VTP-00029,Zeebrugge Beach,21Z0000000000090,exit,kWh/h,,,4693872,2021-03-14T19:03:09+01:00,,Confirmed,,,,,False,,,False,PRISMA,,https://platform.prisma-capacity.eu/,,Trading Point,9,False
1Physical Flowhour2021-03-12 12:00:00 +00:002021-03-12 13:00:00 +00:00BE-TSO-0001VTP-00029exitkWh/h,1,Physical Flow,hour,2021-03-12T13:00:00+01:00,2021-03-12T14:00:00+01:00,BE-TSO-0001,21X-BE-A-A0A0A-Y,Fluxys Belgium,VTP-00029,Zeebrugge Beach,21Z0000000000090,exit,kWh/h,,,4756765,2021-03-14T19:03:09+01:00,,Confirmed,,,,,False,,,False,PRISMA,,https://platform.prisma-capacity.eu/,,Trading Point,9,False
1Physical Flowhour2021-03-12 13:00:00 +00:002021-03-12 14:00:00 +00:00BE-TSO-0001VTP-00029exitkWh/h,1,Physical Flow,hour,2021-03-12T14:00:00+01:00,2021-03-12T15:00:00+01:00,BE-TSO-0001,21X-BE-A-A0A0A-Y,Fluxys Belgium,VTP-00029,Zeebrugge Beach,21Z0000000000090,exit,kWh/h,,,4727102,2021-03-14T19:03:09+01:00,,Confirmed,,,,,False,,,False,PRISMA,,https://platform.prisma-capacity.eu/,,Trading Point,9,False
1Physical Flowhour2021-03-12 14:00:00 +00:002021-03-12 15:00:00 +00:00BE-TSO-0001VTP-00029exitkWh/h,1,Physical Flow,hour,2021-03-12T15:00:00+01:00,2021-03-12T16:00:00+01:00,BE-TSO-0001,21X-BE-A-A0A0A-Y,Fluxys Belgium,VTP-00029,Zeebrugge Beach,21Z0000000000090,exit,kWh/h,,,4713485,2021-03-14T19:03:09+01:00,,Confirmed,,,,,False,,,False,PRISMA,,https://platform.prisma-capacity.eu/,,Trading Point,9,False
1Physical Flowhour2021-03-12 15:00:00 +00:002021-03-12 16:00:00 +00:00BE-TSO-0001VTP-00029exitkWh/h,1,Physical Flow,hour,2021-03-12T16:00:00+01:00,2021-03-12T17:00:00+01:00,BE-TSO-0001,21X-BE-A-A0A0A-Y,Fluxys Belgium,VTP-00029,Zeebrugge Beach,21Z0000000000090,exit,kWh/h,,,4721590,2021-03-14T19:03:09+01:00,,Confirmed,,,,,False,,,False,PRISMA,,https://platform.prisma-capacity.eu/,,Trading Point,9,False
1Physical Flowhour2021-03-12 16:00:00 +00:002021-03-12 17:00:00 +00:00BE-TSO-0001VTP-00029exitkWh/h,1,Physical Flow,hour,2021-03-12T17:00:00+01:00,2021-03-12T18:00:00+01:00,BE-TSO-0001,21X-BE-A-A0A0A-Y,Fluxys Belgium,VTP-00029,Zeebrugge Beach,21Z0000000000090,exit,kWh/h,,,4696737,2021-03-14T19:03:09+01:00,,Confirmed,,,,,False,,,False,PRISMA,,https://platform.prisma-capacity.eu/,,Trading Point,9,False
1Physical Flowhour2021-03-12 17:00:00 +00:002021-03-12 18:00:00 +00:00BE-TSO-0001VTP-00029exitkWh/h,1,Physical Flow,hour,2021-03-12T18:00:00+01:00,2021-03-12T19:00:00+01:00,BE-TSO-0001,21X-BE-A-A0A0A-Y,Fluxys Belgium,VTP-00029,Zeebrugge Beach,21Z0000000000090,exit,kWh/h,,,4678571,2021-03-14T19:03:09+01:00,,Confirmed,,,,,False,,,False,PRISMA,,https://platform.prisma-capacity.eu/,,Trading Point,9,False
1Physical Flowhour2021-03-12 18:00:00 +00:002021-03-12 19:00:00 +00:00BE-TSO-0001VTP-00029exitkWh/h,1,Physical Flow,hour,2021-03-12T19:00:00+01:00,2021-03-12T20:00:00+01:00,BE-TSO-0001,21X-BE-A-A0A0A-Y,Fluxys Belgium,VTP-00029,Zeebrugge Beach,21Z0000000000090,exit,kWh/h,,,4642069,2021-03-14T19:03:09+01:00,,Confirmed,,,,,False,,,False,PRISMA,,https://platform.prisma-capacity.eu/,,Trading Point,9,False
1Physical Flowhour2021-03-12 19:00:00 +00:002021-03-12 20:00:00 +00:00BE-TSO-0001VTP-00029exitkWh/h,1,Physical Flow,hour,2021-03-12T20:00:00+01:00,2021-03-12T21:00:00+01:00,BE-TSO-0001,21X-BE-A-A0A0A-Y,Fluxys Belgium,VTP-00029,Zeebrugge Beach,21Z0000000000090,exit,kWh/h,,,5386657,2021-03-14T19:03:09+01:00,,Confirmed,,,,,False,,,False,PRISMA,,https://platform.prisma-capacity.eu/,,Trading Point,9,False
1Physical Flowhour2021-03-12 20:00:00 +00:002021-03-12 21:00:00 +00:00BE-TSO-0001VTP-00029exitkWh/h,1,Physical Flow,hour,2021-03-12T21:00:00+01:00,2021-03-12T22:00:00+01:00,BE-TSO-0001,21X-BE-A-A0A0A-Y,Fluxys Belgium,VTP-00029,Zeebrugge Beach,21Z0000000000090,exit,kWh/h,,,4823860,2021-03-14T19:03:09+01:00,,Confirmed,,,,,False,,,False,PRISMA,,https://platform.prisma-capacity.eu/,,Trading Point,9,False
1Physical Flowhour2021-03-12 21:00:00 +00:002021-03-12 22:00:00 +00:00BE-TSO-0001VTP-00029exitkWh/h,1,Physical Flow,hour,2021-03-12T22:00:00+01:00,2021-03-12T23:00:00+01:00,BE-TSO-0001,21X-BE-A-A0A0A-Y,Fluxys Belgium,VTP-00029,Zeebrugge Beach,21Z0000000000090,exit,kWh/h,,,4774651,2021-03-14T19:03:09+01:00,,Confirmed,,,,,False,,,False,PRISMA,,https://platform.prisma-capacity.eu/,,Trading Point,9,False
1Physical Flowhour2021-03-12 22:00:00 +00:002021-03-12 23:00:00 +00:00BE-TSO-0001VTP-00029exitkWh/h,1,Physical Flow,hour,2021-03-12T23:00:00+01:00,2021-03-13T00:00:00+01:00,BE-TSO-0001,21X-BE-A-A0A0A-Y,Fluxys Belgium,VTP-00029,Zeebrugge Beach,21Z0000000000090,exit,kWh/h,,,4677086,2021-03-14T19:03:09+01:00,,Confirmed,,,,,False,,,False,PRISMA,,https://platform.prisma-capacity.eu/,,Trading Point,9,False
1Physical Flowhour2021-03-12 23:00:00 +00:002021-03-13 00:00:00 +00:00BE-TSO-0001VTP-00029exitkWh/h,1,Physical Flow,hour,2021-03-13T00:00:00+01:00,2021-03-13T01:00:00+01:00,BE-TSO-0001,21X-BE-A-A0A0A-Y,Fluxys Belgium,VTP-00029,Zeebrugge Beach,21Z0000000000090,exit,kWh/h,,,4678711,2021-03-14T19:03:09+01:00,,Confirmed,,,,,False,,,False,PRISMA,,https://platform.prisma-capacity.eu/,,Trading Point,9,False
1Physical Flowhour2021-03-13 00:00:00 +00:002021-03-13 01:00:00 +00:00BE-TSO-0001VTP-00029exitkWh/h,1,Physical Flow,hour,2021-03-13T01:00:00+01:00,2021-03-13T02:00:00+01:00,BE-TSO-0001,21X-BE-A-A0A0A-Y,Fluxys Belgium,VTP-00029,Zeebrugge Beach,21Z0000000000090,exit,kWh/h,,,4680796,2021-03-14T19:03:09+01:00,,Confirmed,,,,,False,,,False,PRISMA,,https://platform.prisma-capacity.eu/,,Trading Point,9,False
1Physical Flowhour2021-03-13 01:00:00 +00:002021-03-13 02:00:00 +00:00BE-TSO-0001VTP-00029exitkWh/h,1,Physical Flow,hour,2021-03-13T02:00:00+01:00,2021-03-13T03:00:00+01:00,BE-TSO-0001,21X-BE-A-A0A0A-Y,Fluxys Belgium,VTP-00029,Zeebrugge Beach,21Z0000000000090,exit,kWh/h,,,4680426,2021-03-14T19:03:09+01:00,,Confirmed,,,,,False,,,False,PRISMA,,https://platform.prisma-capacity.eu/,,Trading Point,9,False
1Physical Flowhour2021-03-13 02:00:00 +00:002021-03-13 03:00:00 +00:00BE-TSO-0001VTP-00029exitkWh/h,1,Physical Flow,hour,2021-03-13T03:00:00+01:00,2021-03-13T04:00:00+01:00,BE-TSO-0001,21X-BE-A-A0A0A-Y,Fluxys Belgium,VTP-00029,Zeebrugge Beach,21Z0000000000090,exit,kWh/h,,,4623175,2021-03-14T19:03:09+01:00,,Confirmed,,,,,False,,,False,PRISMA,,https://platform.prisma-capacity.eu/,,Trading Point,9,False
1Physical Flowhour2021-03-13 03:00:00 +00:002021-03-13 04:00:00 +00:00BE-TSO-0001VTP-00029exitkWh/h,1,Physical Flow,hour,2021-03-13T04:00:00+01:00,2021-03-13T05:00:00+01:00,BE-TSO-0001,21X-BE-A-A0A0A-Y,Fluxys Belgium,VTP-00029,Zeebrugge Beach,21Z0000000000090,exit,kWh/h,,,4561578,2021-03-14T19:03:09+01:00,,Confirmed,,,,,False,,,False,PRISMA,,https://platform.prisma-capacity.eu/,,Trading Point,9,False
1Physical Flowhour2021-03-13 04:00:00 +00:002021-03-13 05:00:00 +00:00BE-TSO-0001VTP-00029exitkWh/h,1,Physical Flow,hour,2021-03-13T05:00:00+01:00,2021-03-13T06:00:00+01:00,BE-TSO-0001,21X-BE-A-A0A0A-Y,Fluxys Belgium,VTP-00029,Zeebrugge Beach,21Z0000000000090,exit,kWh/h,,,4543387,2021-03-14T19:03:09+01:00,,Confirmed,,,,,False,,,False,PRISMA,,https://platform.prisma-capacity.eu/,,Trading Point,9,False
1Physical Flowhour2021-03-13 05:00:00 +00:002021-03-13 06:00:00 +00:00BE-TSO-0001VTP-00029exitkWh/h,1,Physical Flow,hour,2021-03-13T06:00:00+01:00,2021-03-13T07:00:00+01:00,BE-TSO-0001,21X-BE-A-A0A0A-Y,Fluxys Belgium,VTP-00029,Zeebrugge Beach,21Z0000000000090,exit,kWh/h,,,4560935,2021-03-15T10:39:09+01:00,,Confirmed,,,,,False,,,False,PRISMA,,https://platform.prisma-capacity.eu/,,Trading Point,9,False
1Physical Flowhour2021-03-13 06:00:00 +00:002021-03-13 07:00:00 +00:00BE-TSO-0001VTP-00029exitkWh/h,1,Physical Flow,hour,2021-03-13T07:00:00+01:00,2021-03-13T08:00:00+01:00,BE-TSO-0001,21X-BE-A-A0A0A-Y,Fluxys Belgium,VTP-00029,Zeebrugge Beach,21Z0000000000090,exit,kWh/h,,,4614294,2021-03-15T10:39:09+01:00,,Confirmed,,,,,False,,,False,PRISMA,,https://platform.prisma-capacity.eu/,,Trading Point,9,False
1Physical Flowhour2021-03-13 07:00:00 +00:002021-03-13 08:00:00 +00:00BE-TSO-0001VTP-00029exitkWh/h,1,Physical Flow,hour,2021-03-13T08:00:00+01:00,2021-03-13T09:00:00+01:00,BE-TSO-0001,21X-BE-A-A0A0A-Y,Fluxys Belgium,VTP-00029,Zeebrugge Beach,21Z0000000000090,exit,kWh/h,,,4664185,2021-03-15T10:39:09+01:00,,Confirmed,,,,,False,,,False,PRISMA,,https://platform.prisma-capacity.eu/,,Trading Point,9,False
1Physical Flowhour2021-03-13 08:00:00 +00:002021-03-13 09:00:00 +00:00BE-TSO-0001VTP-00029exitkWh/h,1,Physical Flow,hour,2021-03-13T09:00:00+01:00,2021-03-13T10:00:00+01:00,BE-TSO-0001,21X-BE-A-A0A0A-Y,Fluxys Belgium,VTP-00029,Zeebrugge Beach,21Z0000000000090,exit,kWh/h,,,4675551,2021-03-15T10:39:09+01:00,,Confirmed,,,,,False,,,False,PRISMA,,https://platform.prisma-capacity.eu/,,Trading Point,9,False
1Physical Flowhour2021-03-13 09:00:00 +00:002021-03-13 10:00:00 +00:00BE-TSO-0001VTP-00029exitkWh/h,1,Physical Flow,hour,2021-03-13T10:00:00+01:00,2021-03-13T11:00:00+01:00,BE-TSO-0001,21X-BE-A-A0A0A-Y,Fluxys Belgium,VTP-00029,Zeebrugge Beach,21Z0000000000090,exit,kWh/h,,,4572410,2021-03-15T10:39:09+01:00,,Confirmed,,,,,False,,,False,PRISMA,,https://platform.prisma-capacity.eu/,,Trading Point,9,False
1Physical Flowhour2021-03-13 10:00:00 +00:002021-03-13 11:00:00 +00:00BE-TSO-0001VTP-00029exitkWh/h,1,Physical Flow,hour,2021-03-13T11:00:00+01:00,2021-03-13T12:00:00+01:00,BE-TSO-0001,21X-BE-A-A0A0A-Y,Fluxys Belgium,VTP-00029,Zeebrugge Beach,21Z0000000000090,exit,kWh/h,,,4545279,2021-03-15T10:39:09+01:00,,Confirmed,,,,,False,,,False,PRISMA,,https://platform.prisma-capacity.eu/,,Trading Point,9,False
1Physical Flowhour2021-03-13 11:00:00 +00:002021-03-13 12:00:00 +00:00BE-TSO-0001VTP-00029exitkWh/h,1,Physical Flow,hour,2021-03-13T12:00:00+01:00,2021-03-13T13:00:00+01:00,BE-TSO-0001,21X-BE-A-A0A0A-Y,Fluxys Belgium,VTP-00029,Zeebrugge Beach,21Z0000000000090,exit,kWh/h,,,4539579,2021-03-15T10:39:09+01:00,,Confirmed,,,,,False,,,False,PRISMA,,https://platform.prisma-capacity.eu/,,Trading Point,9,False
1Physical Flowhour2021-03-13 12:00:00 +00:002021-03-13 13:00:00 +00:00BE-TSO-0001VTP-00029exitkWh/h,1,Physical Flow,hour,2021-03-13T13:00:00+01:00,2021-03-13T14:00:00+01:00,BE-TSO-0001,21X-BE-A-A0A0A-Y,Fluxys Belgium,VTP-00029,Zeebrugge Beach,21Z0000000000090,exit,kWh/h,,,4429281,2021-03-15T10:39:09+01:00,,Confirmed,,,,,False,,,False,PRISMA,,https://platform.prisma-capacity.eu/,,Trading Point,9,False
1Physical Flowhour2021-03-13 13:00:00 +00:002021-03-13 14:00:00 +00:00BE-TSO-0001VTP-00029exitkWh/h,1,Physical Flow,hour,2021-03-13T14:00:00+01:00,2021-03-13T15:00:00+01:00,BE-TSO-0001,21X-BE-A-A0A0A-Y,Fluxys Belgium,VTP-00029,Zeebrugge Beach,21Z0000000000090,exit,kWh/h,,,4406086,2021-03-15T10:39:09+01:00,,Confirmed,,,,,False,,,False,PRISMA,,https://platform.prisma-capacity.eu/,,Trading Point,9,False
1Physical Flowhour2021-03-13 14:00:00 +00:002021-03-13 15:00:00 +00:00BE-TSO-0001VTP-00029exitkWh/h,1,Physical Flow,hour,2021-03-13T15:00:00+01:00,2021-03-13T16:00:00+01:00,BE-TSO-0001,21X-BE-A-A0A0A-Y,Fluxys Belgium,VTP-00029,Zeebrugge Beach,21Z0000000000090,exit,kWh/h,,,4396726,2021-03-15T10:39:09+01:00,,Confirmed,,,,,False,,,False,PRISMA,,https://platform.prisma-capacity.eu/,,Trading Point,9,False
1Physical Flowhour2021-03-13 15:00:00 +00:002021-03-13 16:00:00 +00:00BE-TSO-0001VTP-00029exitkWh/h,1,Physical Flow,hour,2021-03-13T16:00:00+01:00,2021-03-13T17:00:00+01:00,BE-TSO-0001,21X-BE-A-A0A0A-Y,Fluxys Belgium,VTP-00029,Zeebrugge Beach,21Z0000000000090,exit,kWh/h,,,4404999,2021-03-15T10:39:09+01:00,,Confirmed,,,,,False,,,False,PRISMA,,https://platform.prisma-capacity.eu/,,Trading Point,9,False
1Physical Flowhour2021-03-13 16:00:00 +00:002021-03-13 17:00:00 +00:00BE-TSO-0001VTP-00029exitkWh/h,1,Physical Flow,hour,2021-03-13T17:00:00+01:00,2021-03-13T18:00:00+01:00,BE-TSO-0001,21X-BE-A-A0A0A-Y,Fluxys Belgium,VTP-00029,Zeebrugge Beach,21Z0000000000090,exit,kWh/h,,,4403903,2021-03-15T10:39:09+01:00,,Confirmed,,,,,False,,,False,PRISMA,,https://platform.prisma-capacity.eu/,,Trading Point,9,False
1Physical Flowhour2021-03-13 17:00:00 +00:002021-03-13 18:00:00 +00:00BE-TSO-0001VTP-00029exitkWh/h,1,Physical Flow,hour,2021-03-13T18:00:00+01:00,2021-03-13T19:00:00+01:00,BE-TSO-0001,21X-BE-A-A0A0A-Y,Fluxys Belgium,VTP-00029,Zeebrugge Beach,21Z0000000000090,exit,kWh/h,,,4406747,2021-03-15T10:39:09+01:00,,Confirmed,,,,,False,,,False,PRISMA,,https://platform.prisma-capacity.eu/,,Trading Point,9,False
1Physical Flowhour2021-03-13 18:00:00 +00:002021-03-13 19:00:00 +00:00BE-TSO-0001VTP-00029exitkWh/h,1,Physical Flow,hour,2021-03-13T19:00:00+01:00,2021-03-13T20:00:00+01:00,BE-TSO-0001,21X-BE-A-A0A0A-Y,Fluxys Belgium,VTP-00029,Zeebrugge Beach,21Z0000000000090,exit,kWh/h,,,4405806,2021-03-15T10:39:09+01:00,,Confirmed,,,,,False,,,False,PRISMA,,https://platform.prisma-capacity.eu/,,Trading Point,9,False
1Physical Flowhour2021-03-13 19:00:00 +00:002021-03-13 20:00:00 +00:00BE-TSO-0001VTP-00029exitkWh/h,1,Physical Flow,hour,2021-03-13T20:00:00+01:00,2021-03-13T21:00:00+01:00,BE-TSO-0001,21X-BE-A-A0A0A-Y,Fluxys Belgium,VTP-00029,Zeebrugge Beach,21Z0000000000090,exit,kWh/h,,,4401797,2021-03-15T10:39:09+01:00,,Confirmed,,,,,False,,,False,PRISMA,,https://platform.prisma-capacity.eu/,,Trading Point,9,False
1Physical Flowhour2021-03-13 20:00:00 +00:002021-03-13 21:00:00 +00:00BE-TSO-0001VTP-00029exitkWh/h,1,Physical Flow,hour,2021-03-13T21:00:00+01:00,2021-03-13T22:00:00+01:00,BE-TSO-0001,21X-BE-A-A0A0A-Y,Fluxys Belgium,VTP-00029,Zeebrugge Beach,21Z0000000000090,exit,kWh/h,,,4411575,2021-03-15T10:39:09+01:00,,Confirmed,,,,,False,,,False,PRISMA,,https://platform.prisma-capacity.eu/,,Trading Point,9,False
1Physical Flowhour2021-03-13 21:00:00 +00:002021-03-13 22:00:00 +00:00BE-TSO-0001VTP-00029exitkWh/h,1,Physical Flow,hour,2021-03-13T22:00:00+01:00,2021-03-13T23:00:00+01:00,BE-TSO-0001,21X-BE-A-A0A0A-Y,Fluxys Belgium,VTP-00029,Zeebrugge Beach,21Z0000000000090,exit,kWh/h,,,4404827,2021-03-15T10:39:09+01:00,,Confirmed,,,,,False,,,False,PRISMA,,https://platform.prisma-capacity.eu/,,Trading Point,9,False
1Physical Flowhour2021-03-13 22:00:00 +00:002021-03-13 23:00:00 +00:00BE-TSO-0001VTP-00029exitkWh/h,1,Physical Flow,hour,2021-03-13T23:00:00+01:00,2021-03-14T00:00:00+01:00,BE-TSO-0001,21X-BE-A-A0A0A-Y,Fluxys Belgium,VTP-00029,Zeebrugge Beach,21Z0000000000090,exit,kWh/h,,,4446773,2021-03-15T10:39:09+01:00,,Confirmed,,,,,False,,,False,PRISMA,,https://platform.prisma-capacity.eu/,,Trading Point,9,False
1Physical Flowhour2021-03-13 23:00:00 +00:002021-03-14 00:00:00 +00:00BE-TSO-0001VTP-00029exitkWh/h,1,Physical Flow,hour,2021-03-14T00:00:00+01:00,2021-03-14T01:00:00+01:00,BE-TSO-0001,21X-BE-A-A0A0A-Y,Fluxys Belgium,VTP-00029,Zeebrugge Beach,21Z0000000000090,exit,kWh/h,,,4476165,2021-03-15T10:39:09+01:00,,Confirmed,,,,,False,,,False,PRISMA,,https://platform.prisma-capacity.eu/,,Trading Point,9,False
1Physical Flowhour2021-03-14 00:00:00 +00:002021-03-14 01:00:00 +00:00BE-TSO-0001VTP-00029exitkWh/h,1,Physical Flow,hour,2021-03-14T01:00:00+01:00,2021-03-14T02:00:00+01:00,BE-TSO-0001,21X-BE-A-A0A0A-Y,Fluxys Belgium,VTP-00029,Zeebrugge Beach,21Z0000000000090,exit,kWh/h,,,4475811,2021-03-15T10:39:09+01:00,,Confirmed,,,,,False,,,False,PRISMA,,https://platform.prisma-capacity.eu/,,Trading Point,9,False
1Physical Flowhour2021-03-14 01:00:00 +00:002021-03-14 02:00:00 +00:00BE-TSO-0001VTP-00029exitkWh/h,1,Physical Flow,hour,2021-03-14T02:00:00+01:00,2021-03-14T03:00:00+01:00,BE-TSO-0001,21X-BE-A-A0A0A-Y,Fluxys Belgium,VTP-00029,Zeebrugge Beach,21Z0000000000090,exit,kWh/h,,,4471721,2021-03-15T10:39:09+01:00,,Confirmed,,,,,False,,,False,PRISMA,,https://platform.prisma-capacity.eu/,,Trading Point,9,False
1Physical Flowhour2021-03-14 02:00:00 +00:002021-03-14 03:00:00 +00:00BE-TSO-0001VTP-00029exitkWh/h,1,Physical Flow,hour,2021-03-14T03:00:00+01:00,2021-03-14T04:00:00+01:00,BE-TSO-0001,21X-BE-A-A0A0A-Y,Fluxys Belgium,VTP-00029,Zeebrugge Beach,21Z0000000000090,exit,kWh/h,,,4472757,2021-03-15T10:39:09+01:00,,Confirmed,,,,,False,,,False,PRISMA,,https://platform.prisma-capacity.eu/,,Trading Point,9,False
1Physical Flowhour2021-03-14 03:00:00 +00:002021-03-14 04:00:00 +00:00BE-TSO-0001VTP-00029exitkWh/h,1,Physical Flow,hour,2021-03-14T04:00:00+01:00,2021-03-14T05:00:00+01:00,BE-TSO-0001,21X-BE-A-A0A0A-Y,Fluxys Belgium,VTP-00029,Zeebrugge Beach,21Z0000000000090,exit,kWh/h,,,4482020,2021-03-15T10:39:09+01:00,,Confirmed,,,,,False,,,False,PRISMA,,https://platform.prisma-capacity.eu/,,Trading Point,9,False
1Physical Flowhour2021-03-14 04:00:00 +00:002021-03-14 05:00:00 +00:00BE-TSO-0001VTP-00029exitkWh/h,1,Physical Flow,hour,2021-03-14T05:00:00+01:00,2021-03-14T06:00:00+01:00,BE-TSO-0001,21X-BE-A-A0A0A-Y,Fluxys Belgium,VTP-00029,Zeebrugge Beach,21Z0000000000090,exit,kWh/h,,,4416720,2021-03-15T10:39:09+01:00,,Confirmed,,,,,False,,,False,PRISMA,,https://platform.prisma-capacity.eu/,,Trading Point,9,False
1Physical Flowhour2021-03-14 05:00:00 +00:002021-03-14 06:00:00 +00:00BE-TSO-0001VTP-00029exitkWh/h,1,Physical Flow,hour,2021-03-14T06:00:00+01:00,2021-03-14T07:00:00+01:00,BE-TSO-0001,21X-BE-A-A0A0A-Y,Fluxys Belgium,VTP-00029,Zeebrugge Beach,21Z0000000000090,exit,kWh/h,,,4411929,2021-03-16T10:35:15+01:00,,Confirmed,,,,,False,,,False,PRISMA,,https://platform.prisma-capacity.eu/,,Trading Point,9,False
1Physical Flowhour2021-03-14 06:00:00 +00:002021-03-14 07:00:00 +00:00BE-TSO-0001VTP-00029exitkWh/h,1,Physical Flow,hour,2021-03-14T07:00:00+01:00,2021-03-14T08:00:00+01:00,BE-TSO-0001,21X-BE-A-A0A0A-Y,Fluxys Belgium,VTP-00029,Zeebrugge Beach,21Z0000000000090,exit,kWh/h,,,4401369,2021-03-16T10:35:15+01:00,,Confirmed,,,,,False,,,False,PRISMA,,https://platform.prisma-capacity.eu/,,Trading Point,9,False
1Physical Flowhour2021-03-14 07:00:00 +00:002021-03-14 08:00:00 +00:00BE-TSO-0001VTP-00029exitkWh/h,1,Physical Flow,hour,2021-03-14T08:00:00+01:00,2021-03-14T09:00:00+01:00,BE-TSO-0001,21X-BE-A-A0A0A-Y,Fluxys Belgium,VTP-00029,Zeebrugge Beach,21Z0000000000090,exit,kWh/h,,,4370528,2021-03-16T10:35:15+01:00,,Confirmed,,,,,False,,,False,PRISMA,,https://platform.prisma-capacity.eu/,,Trading Point,9,False
1Physical Flowhour2021-03-14 08:00:00 +00:002021-03-14 09:00:00 +00:00BE-TSO-0001VTP-00029exitkWh/h,1,Physical Flow,hour,2021-03-14T09:00:00+01:00,2021-03-14T10:00:00+01:00,BE-TSO-0001,21X-BE-A-A0A0A-Y,Fluxys Belgium,VTP-00029,Zeebrugge Beach,21Z0000000000090,exit,kWh/h,,,4475211,2021-03-16T10:35:15+01:00,,Confirmed,,,,,False,,,False,PRISMA,,https://platform.prisma-capacity.eu/,,Trading Point,9,False
1Physical Flowhour2021-03-14 09:00:00 +00:002021-03-14 10:00:00 +00:00BE-TSO-0001VTP-00029exitkWh/h,1,Physical Flow,hour,2021-03-14T10:00:00+01:00,2021-03-14T11:00:00+01:00,BE-TSO-0001,21X-BE-A-A0A0A-Y,Fluxys Belgium,VTP-00029,Zeebrugge Beach,21Z0000000000090,exit,kWh/h,,,4665748,2021-03-16T10:35:15+01:00,,Confirmed,,,,,False,,,False,PRISMA,,https://platform.prisma-capacity.eu/,,Trading Point,9,False
1Physical Flowhour2021-03-14 10:00:00 +00:002021-03-14 11:00:00 +00:00BE-TSO-0001VTP-00029exitkWh/h,1,Physical Flow,hour,2021-03-14T11:00:00+01:00,2021-03-14T12:00:00+01:00,BE-TSO-0001,21X-BE-A-A0A0A-Y,Fluxys Belgium,VTP-00029,Zeebrugge Beach,21Z0000000000090,exit,kWh/h,,,4731094,2021-03-16T10:35:15+01:00,,Confirmed,,,,,False,,,False,PRISMA,,https://platform.prisma-capacity.eu/,,Trading Point,9,False
1Physical Flowhour2021-03-14 11:00:00 +00:002021-03-14 12:00:00 +00:00BE-TSO-0001VTP-00029exitkWh/h,1,Physical Flow,hour,2021-03-14T12:00:00+01:00,2021-03-14T13:00:00+01:00,BE-TSO-0001,21X-BE-A-A0A0A-Y,Fluxys Belgium,VTP-00029,Zeebrugge Beach,21Z0000000000090,exit,kWh/h,,,4672480,2021-03-16T10:35:15+01:00,,Confirmed,,,,,False,,,False,PRISMA,,https://platform.prisma-capacity.eu/,,Trading Point,9,False
1Physical Flowhour2021-03-14 12:00:00 +00:002021-03-14 13:00:00 +00:00BE-TSO-0001VTP-00029exitkWh/h,1,Physical Flow,hour,2021-03-14T13:00:00+01:00,2021-03-14T14:00:00+01:00,BE-TSO-0001,21X-BE-A-A0A0A-Y,Fluxys Belgium,VTP-00029,Zeebrugge Beach,21Z0000000000090,exit,kWh/h,,,4634998,2021-03-16T10:35:15+01:00,,Confirmed,,,,,False,,,False,PRISMA,,https://platform.prisma-capacity.eu/,,Trading Point,9,False
1Physical Flowhour2021-03-14 13:00:00 +00:002021-03-14 14:00:00 +00:00BE-TSO-0001VTP-00029exitkWh/h,1,Physical Flow,hour,2021-03-14T14:00:00+01:00,2021-03-14T15:00:00+01:00,BE-TSO-0001,21X-BE-A-A0A0A-Y,Fluxys Belgium,VTP-00029,Zeebrugge Beach,21Z0000000000090,exit,kWh/h,,,4640535,2021-03-16T10:35:15+01:00,,Confirmed,,,,,False,,,False,PRISMA,,https://platform.prisma-capacity.eu/,,Trading Point,9,False
1Physical Flowhour2021-03-14 14:00:00 +00:002021-03-14 15:00:00 +00:00BE-TSO-0001VTP-00029exitkWh/h,1,Physical Flow,hour,2021-03-14T15:00:00+01:00,2021-03-14T16:00:00+01:00,BE-TSO-0001,21X-BE-A-A0A0A-Y,Fluxys Belgium,VTP-00029,Zeebrugge Beach,21Z0000000000090,exit,kWh/h,,,4148919,2021-03-16T10:35:15+01:00,,Confirmed,,,,,False,,,False,PRISMA,,https://platform.prisma-capacity.eu/,,Trading Point,9,False
1Physical Flowhour2021-03-14 15:00:00 +00:002021-03-14 16:00:00 +00:00BE-TSO-0001VTP-00029exitkWh/h,1,Physical Flow,hour,2021-03-14T16:00:00+01:00,2021-03-14T17:00:00+01:00,BE-TSO-0001,21X-BE-A-A0A0A-Y,Fluxys Belgium,VTP-00029,Zeebrugge Beach,21Z0000000000090,exit,kWh/h,,,4126969,2021-03-16T10:35:15+01:00,,Confirmed,,,,,False,,,False,PRISMA,,https://platform.prisma-capacity.eu/,,Trading Point,9,False
1Physical Flowhour2021-03-14 16:00:00 +00:002021-03-14 17:00:00 +00:00BE-TSO-0001VTP-00029exitkWh/h,1,Physical Flow,hour,2021-03-14T17:00:00+01:00,2021-03-14T18:00:00+01:00,BE-TSO-0001,21X-BE-A-A0A0A-Y,Fluxys Belgium,VTP-00029,Zeebrugge Beach,21Z0000000000090,exit,kWh/h,,,4402090,2021-03-16T10:35:15+01:00,,Confirmed,,,,,False,,,False,PRISMA,,https://platform.prisma-capacity.eu/,,Trading Point,9,False
1Physical Flowhour2021-03-14 17:00:00 +00:002021-03-14 18:00:00 +00:00BE-TSO-0001VTP-00029exitkWh/h,1,Physical Flow,hour,2021-03-14T18:00:00+01:00,2021-03-14T19:00:00+01:00,BE-TSO-0001,21X-BE-A-A0A0A-Y,Fluxys Belgium,VTP-00029,Zeebrugge Beach,21Z0000000000090,exit,kWh/h,,,4541515,2021-03-16T10:35:15+01:00,,Confirmed,,,,,False,,,False,PRISMA,,https://platform.prisma-capacity.eu/,,Trading Point,9,False
1Physical Flowhour2021-03-14 18:00:00 +00:002021-03-14 19:00:00 +00:00BE-TSO-0001VTP-00029exitkWh/h,1,Physical Flow,hour,2021-03-14T19:00:00+01:00,2021-03-14T20:00:00+01:00,BE-TSO-0001,21X-BE-A-A0A0A-Y,Fluxys Belgium,VTP-00029,Zeebrugge Beach,21Z0000000000090,exit,kWh/h,,,4534797,2021-03-16T10:35:15+01:00,,Confirmed,,,,,False,,,False,PRISMA,,https://platform.prisma-capacity.eu/,,Trading Point,9,False
1Physical Flowhour2021-03-14 19:00:00 +00:002021-03-14 20:00:00 +00:00BE-TSO-0001VTP-00029exitkWh/h,1,Physical Flow,hour,2021-03-14T20:00:00+01:00,2021-03-14T21:00:00+01:00,BE-TSO-0001,21X-BE-A-A0A0A-Y,Fluxys Belgium,VTP-00029,Zeebrugge Beach,21Z0000000000090,exit,kWh/h,,,4540023,2021-03-16T10:35:15+01:00,,Confirmed,,,,,False,,,False,PRISMA,,https://platform.prisma-capacity.eu/,,Trading Point,9,False
1Physical Flowhour2021-03-14 20:00:00 +00:002021-03-14 21:00:00 +00:00BE-TSO-0001VTP-00029exitkWh/h,1,Physical Flow,hour,2021-03-14T21:00:00+01:00,2021-03-14T22:00:00+01:00,BE-TSO-0001,21X-BE-A-A0A0A-Y,Fluxys Belgium,VTP-00029,Zeebrugge Beach,21Z0000000000090,exit,kWh/h,,,4543364,2021-03-16T10:35:15+01:00,,Confirmed,,,,,False,,,False,PRISMA,,https://platform.prisma-capacity.eu/,,Trading Point,9,False
1Physical Flowhour2021-03-14 21:00:00 +00:002021-03-14 22:00:00 +00:00BE-TSO-0001VTP-00029exitkWh/h,1,Physical Flow,hour,2021-03-14T22:00:00+01:00,2021-03-14T23:00:00+01:00,BE-TSO-0001,21X-BE-A-A0A0A-Y,Fluxys Belgium,VTP-00029,Zeebrugge Beach,21Z0000000000090,exit,kWh/h,,,4510813,2021-03-16T10:35:15+01:00,,Confirmed,,,,,False,,,False,PRISMA,,https://platform.prisma-capacity.eu/,,Trading Point,9,False
1Physical Flowhour2021-03-14 22:00:00 +00:002021-03-14 23:00:00 +00:00BE-TSO-0001VTP-00029exitkWh/h,1,Physical Flow,hour,2021-03-14T23:00:00+01:00,2021-03-15T00:00:00+01:00,BE-TSO-0001,21X-BE-A-A0A0A-Y,Fluxys Belgium,VTP-00029,Zeebrugge Beach,21Z0000000000090,exit,kWh/h,,,4480322,2021-03-16T10:35:15+01:00,,Confirmed,,,,,False,,,False,PRISMA,,https://platform.prisma-capacity.eu/,,Trading Point,9,False
1Physical Flowhour2021-03-14 23:00:00 +00:002021-03-15 00:00:00 +00:00BE-TSO-0001VTP-00029exitkWh/h,1,Physical Flow,hour,2021-03-15T00:00:00+01:00,2021-03-15T01:00:00+01:00,BE-TSO-0001,21X-BE-A-A0A0A-Y,Fluxys Belgium,VTP-00029,Zeebrugge Beach,21Z0000000000090,exit,kWh/h,,,4420026,2021-03-16T10:35:15+01:00,,Confirmed,,,,,False,,,False,PRISMA,,https://platform.prisma-capacity.eu/,,Trading Point,9,False
1Physical Flowhour2021-03-15 00:00:00 +00:002021-03-15 01:00:00 +00:00BE-TSO-0001VTP-00029exitkWh/h,1,Physical Flow,hour,2021-03-15T01:00:00+01:00,2021-03-15T02:00:00+01:00,BE-TSO-0001,21X-BE-A-A0A0A-Y,Fluxys Belgium,VTP-00029,Zeebrugge Beach,21Z0000000000090,exit,kWh/h,,,4412748,2021-03-16T10:35:15+01:00,,Confirmed,,,,,False,,,False,PRISMA,,https://platform.prisma-capacity.eu/,,Trading Point,9,False
1Physical Flowhour2021-03-15 01:00:00 +00:002021-03-15 02:00:00 +00:00BE-TSO-0001VTP-00029exitkWh/h,1,Physical Flow,hour,2021-03-15T02:00:00+01:00,2021-03-15T03:00:00+01:00,BE-TSO-0001,21X-BE-A-A0A0A-Y,Fluxys Belgium,VTP-00029,Zeebrugge Beach,21Z0000000000090,exit,kWh/h,,,4395403,2021-03-16T10:35:15+01:00,,Confirmed,,,,,False,,,False,PRISMA,,https://platform.prisma-capacity.eu/,,Trading Point,9,False
1Physical Flowhour2021-03-15 02:00:00 +00:002021-03-15 03:00:00 +00:00BE-TSO-0001VTP-00029exitkWh/h,1,Physical Flow,hour,2021-03-15T03:00:00+01:00,2021-03-15T04:00:00+01:00,BE-TSO-0001,21X-BE-A-A0A0A-Y,Fluxys Belgium,VTP-00029,Zeebrugge Beach,21Z0000000000090,exit,kWh/h,,,4410421,2021-03-16T10:35:15+01:00,,Confirmed,,,,,False,,,False,PRISMA,,https://platform.prisma-capacity.eu/,,Trading Point,9,False
1Physical Flowhour2021-03-15 03:00:00 +00:002021-03-15 04:00:00 +00:00BE-TSO-0001VTP-00029exitkWh/h,1,Physical Flow,hour,2021-03-15T04:00:00+01:00,2021-03-15T05:00:00+01:00,BE-TSO-0001,21X-BE-A-A0A0A-Y,Fluxys Belgium,VTP-00029,Zeebrugge Beach,21Z0000000000090,exit,kWh/h,,,4439738,2021-03-16T10:35:15+01:00,,Confirmed,,,,,False,,,False,PRISMA,,https://platform.prisma-capacity.eu/,,Trading Point,9,False
1Physical Flowhour2021-03-15 04:00:00 +00:002021-03-15 05:00:00 +00:00BE-TSO-0001VTP-00029exitkWh/h,1,Physical Flow,hour,2021-03-15T05:00:00+01:00,2021-03-15T06:00:00+01:00,BE-TSO-0001,21X-BE-A-A0A0A-Y,Fluxys Belgium,VTP-00029,Zeebrugge Beach,21Z0000000000090,exit,kWh/h,,,4472518,2021-03-16T10:35:15+01:00,,Confirmed,,,,,False,,,False,PRISMA,,https://platform.prisma-capacity.eu/,,Trading Point,9,False
1Physical Flowhour2021-03-15 05:00:00 +00:002021-03-15 06:00:00 +00:00BE-TSO-0001VTP-00029exitkWh/h,1,Physical Flow,hour,2021-03-15T06:00:00+01:00,2021-03-15T07:00:00+01:00,BE-TSO-0001,21X-BE-A-A0A0A-Y,Fluxys Belgium,VTP-00029,Zeebrugge Beach,21Z0000000000090,exit,kWh/h,,,4463368,2021-03-17T12:13:14+01:00,,Confirmed,,,,,False,,,False,PRISMA,,https://platform.prisma-capacity.eu/,,Trading Point,9,False
1Physical Flowhour2021-03-15 06:00:00 +00:002021-03-15 07:00:00 +00:00BE-TSO-0001VTP-00029exitkWh/h,1,Physical Flow,hour,2021-03-15T07:00:00+01:00,2021-03-15T08:00:00+01:00,BE-TSO-0001,21X-BE-A-A0A0A-Y,Fluxys Belgium,VTP-00029,Zeebrugge Beach,21Z0000000000090,exit,kWh/h,,,4467109,2021-03-17T12:13:14+01:00,,Confirmed,,,,,False,,,False,PRISMA,,https://platform.prisma-capacity.eu/,,Trading Point,9,False
1Physical Flowhour2021-03-15 07:00:00 +00:002021-03-15 08:00:00 +00:00BE-TSO-0001VTP-00029exitkWh/h,1,Physical Flow,hour,2021-03-15T08:00:00+01:00,2021-03-15T09:00:00+01:00,BE-TSO-0001,21X-BE-A-A0A0A-Y,Fluxys Belgium,VTP-00029,Zeebrugge Beach,21Z0000000000090,exit,kWh/h,,,4476062,2021-03-17T12:13:14+01:00,,Confirmed,,,,,False,,,False,PRISMA,,https://platform.prisma-capacity.eu/,,Trading Point,9,False
1Physical Flowhour2021-03-15 08:00:00 +00:002021-03-15 09:00:00 +00:00BE-TSO-0001VTP-00029exitkWh/h,1,Physical Flow,hour,2021-03-15T09:00:00+01:00,2021-03-15T10:00:00+01:00,BE-TSO-0001,21X-BE-A-A0A0A-Y,Fluxys Belgium,VTP-00029,Zeebrugge Beach,21Z0000000000090,exit,kWh/h,,,4492316,2021-03-17T12:13:14+01:00,,Confirmed,,,,,False,,,False,PRISMA,,https://platform.prisma-capacity.eu/,,Trading Point,9,False
1Physical Flowhour2021-03-15 09:00:00 +00:002021-03-15 10:00:00 +00:00BE-TSO-0001VTP-00029exitkWh/h,1,Physical Flow,hour,2021-03-15T10:00:00+01:00,2021-03-15T11:00:00+01:00,BE-TSO-0001,21X-BE-A-A0A0A-Y,Fluxys Belgium,VTP-00029,Zeebrugge Beach,21Z0000000000090,exit,kWh/h,,,4590477,2021-03-17T12:13:14+01:00,,Confirmed,,,,,False,,,False,PRISMA,,https://platform.prisma-capacity.eu/,,Trading Point,9,False
1Physical Flowhour2021-03-15 10:00:00 +00:002021-03-15 11:00:00 +00:00BE-TSO-0001VTP-00029exitkWh/h,1,Physical Flow,hour,2021-03-15T11:00:00+01:00,2021-03-15T12:00:00+01:00,BE-TSO-0001,21X-BE-A-A0A0A-Y,Fluxys Belgium,VTP-00029,Zeebrugge Beach,21Z0000000000090,exit,kWh/h,,,4507239,2021-03-17T12:13:14+01:00,,Confirmed,,,,,False,,,False,PRISMA,,https://platform.prisma-capacity.eu/,,Trading Point,9,False
1Physical Flowhour2021-03-15 11:00:00 +00:002021-03-15 12:00:00 +00:00BE-TSO-0001VTP-00029exitkWh/h,1,Physical Flow,hour,2021-03-15T12:00:00+01:00,2021-03-15T13:00:00+01:00,BE-TSO-0001,21X-BE-A-A0A0A-Y,Fluxys Belgium,VTP-00029,Zeebrugge Beach,21Z0000000000090,exit,kWh/h,,,4511762,2021-03-17T12:13:14+01:00,,Confirmed,,,,,False,,,False,PRISMA,,https://platform.prisma-capacity.eu/,,Trading Point,9,False
1Physical Flowhour2021-03-15 12:00:00 +00:002021-03-15 13:00:00 +00:00BE-TSO-0001VTP-00029exitkWh/h,1,Physical Flow,hour,2021-03-15T13:00:00+01:00,2021-03-15T14:00:00+01:00,BE-TSO-0001,21X-BE-A-A0A0A-Y,Fluxys Belgium,VTP-00029,Zeebrugge Beach,21Z0000000000090,exit,kWh/h,,,4501722,2021-03-17T12:13:14+01:00,,Confirmed,,,,,False,,,False,PRISMA,,https://platform.prisma-capacity.eu/,,Trading Point,9,False
1Physical Flowhour2021-03-15 13:00:00 +00:002021-03-15 14:00:00 +00:00BE-TSO-0001VTP-00029exitkWh/h,1,Physical Flow,hour,2021-03-15T14:00:00+01:00,2021-03-15T15:00:00+01:00,BE-TSO-0001,21X-BE-A-A0A0A-Y,Fluxys Belgium,VTP-00029,Zeebrugge Beach,21Z0000000000090,exit,kWh/h,,,4436933,2021-03-17T12:13:14+01:00,,Confirmed,,,,,False,,,False,PRISMA,,https://platform.prisma-capacity.eu/,,Trading Point,9,False
1Physical Flowhour2021-03-15 14:00:00 +00:002021-03-15 15:00:00 +00:00BE-TSO-0001VTP-00029exitkWh/h,1,Physical Flow,hour,2021-03-15T15:00:00+01:00,2021-03-15T16:00:00+01:00,BE-TSO-0001,21X-BE-A-A0A0A-Y,Fluxys Belgium,VTP-00029,Zeebrugge Beach,21Z0000000000090,exit,kWh/h,,,4402030,2021-03-17T12:13:14+01:00,,Confirmed,,,,,False,,,False,PRISMA,,https://platform.prisma-capacity.eu/,,Trading Point,9,False
1Physical Flowhour2021-03-15 15:00:00 +00:002021-03-15 16:00:00 +00:00BE-TSO-0001VTP-00029exitkWh/h,1,Physical Flow,hour,2021-03-15T16:00:00+01:00,2021-03-15T17:00:00+01:00,BE-TSO-0001,21X-BE-A-A0A0A-Y,Fluxys Belgium,VTP-00029,Zeebrugge Beach,21Z0000000000090,exit,kWh/h,,,4398194,2021-03-17T12:13:14+01:00,,Confirmed,,,,,False,,,False,PRISMA,,https://platform.prisma-capacity.eu/,,Trading Point,9,False
1Physical Flowhour2021-03-15 16:00:00 +00:002021-03-15 17:00:00 +00:00BE-TSO-0001VTP-00029exitkWh/h,1,Physical Flow,hour,2021-03-15T17:00:00+01:00,2021-03-15T18:00:00+01:00,BE-TSO-0001,21X-BE-A-A0A0A-Y,Fluxys Belgium,VTP-00029,Zeebrugge Beach,21Z0000000000090,exit,kWh/h,,,4404519,2021-03-17T12:13:14+01:00,,Confirmed,,,,,False,,,False,PRISMA,,https://platform.prisma-capacity.eu/,,Trading Point,9,False
1Physical Flowhour2021-03-15 17:00:00 +00:002021-03-15 18:00:00 +00:00BE-TSO-0001VTP-00029exitkWh/h,1,Physical Flow,hour,2021-03-15T18:00:00+01:00,2021-03-15T19:00:00+01:00,BE-TSO-0001,21X-BE-A-A0A0A-Y,Fluxys Belgium,VTP-00029,Zeebrugge Beach,21Z0000000000090,exit,kWh/h,,,4400495,2021-03-17T12:13:14+01:00,,Confirmed,,,,,False,,,False,PRISMA,,https://platform.prisma-capacity.eu/,,Trading Point,9,False
1Physical Flowhour2021-03-15 18:00:00 +00:002021-03-15 19:00:00 +00:00BE-TSO-0001VTP-00029exitkWh/h,1,Physical Flow,hour,2021-03-15T19:00:00+01:00,2021-03-15T20:00:00+01:00,BE-TSO-0001,21X-BE-A-A0A0A-Y,Fluxys Belgium,VTP-00029,Zeebrugge Beach,21Z0000000000090,exit,kWh/h,,,4084739,2021-03-17T12:13:14+01:00,,Confirmed,,,,,False,,,False,PRISMA,,https://platform.prisma-capacity.eu/,,Trading Point,9,False
1Physical Flowhour2021-03-15 19:00:00 +00:002021-03-15 20:00:00 +00:00BE-TSO-0001VTP-00029exitkWh/h,1,Physical Flow,hour,2021-03-15T20:00:00+01:00,2021-03-15T21:00:00+01:00,BE-TSO-0001,21X-BE-A-A0A0A-Y,Fluxys Belgium,VTP-00029,Zeebrugge Beach,21Z0000000000090,exit,kWh/h,,,4609114,2021-03-17T12:13:14+01:00,,Confirmed,,,,,False,,,False,PRISMA,,https://platform.prisma-capacity.eu/,,Trading Point,9,False
1Physical Flowhour2021-03-15 20:00:00 +00:002021-03-15 21:00:00 +00:00BE-TSO-0001VTP-00029exitkWh/h,1,Physical Flow,hour,2021-03-15T21:00:00+01:00,2021-03-15T22:00:00+01:00,BE-TSO-0001,21X-BE-A-A0A0A-Y,Fluxys Belgium,VTP-00029,Zeebrugge Beach,21Z0000000000090,exit,kWh/h,,,3563899,2021-03-17T12:13:14+01:00,,Confirmed,,,,,False,,,False,PRISMA,,https://platform.prisma-capacity.eu/,,Trading Point,9,False
1Physical Flowhour2021-03-15 21:00:00 +00:002021-03-15 22:00:00 +00:00BE-TSO-0001VTP-00029exitkWh/h,1,Physical Flow,hour,2021-03-15T22:00:00+01:00,2021-03-15T23:00:00+01:00,BE-TSO-0001,21X-BE-A-A0A0A-Y,Fluxys Belgium,VTP-00029,Zeebrugge Beach,21Z0000000000090,exit,kWh/h,,,3524631,2021-03-17T12:13:14+01:00,,Confirmed,,,,,False,,,False,PRISMA,,https://platform.prisma-capacity.eu/,,Trading Point,9,False
1Physical Flowhour2021-03-15 22:00:00 +00:002021-03-15 23:00:00 +00:00BE-TSO-0001VTP-00029exitkWh/h,1,Physical Flow,hour,2021-03-15T23:00:00+01:00,2021-03-16T00:00:00+01:00,BE-TSO-0001,21X-BE-A-A0A0A-Y,Fluxys Belgium,VTP-00029,Zeebrugge Beach,21Z0000000000090,exit,kWh/h,,,3552961,2021-03-17T12:13:14+01:00,,Confirmed,,,,,False,,,False,PRISMA,,https://platform.prisma-capacity.eu/,,Trading Point,9,False
1Physical Flowhour2021-03-15 23:00:00 +00:002021-03-16 00:00:00 +00:00BE-TSO-0001VTP-00029exitkWh/h,1,Physical Flow,hour,2021-03-16T00:00:00+01:00,2021-03-16T01:00:00+01:00,BE-TSO-0001,21X-BE-A-A0A0A-Y,Fluxys Belgium,VTP-00029,Zeebrugge Beach,21Z0000000000090,exit,kWh/h,,,3569942,2021-03-17T12:13:14+01:00,,Confirmed,,,,,False,,,False,PRISMA,,https://platform.prisma-capacity.eu/,,Trading Point,9,False
1Physical Flowhour2021-03-16 00:00:00 +00:002021-03-16 01:00:00 +00:00BE-TSO-0001VTP-00029exitkWh/h,1,Physical Flow,hour,2021-03-16T01:00:00+01:00,2021-03-16T02:00:00+01:00,BE-TSO-0001,21X-BE-A-A0A0A-Y,Fluxys Belgium,VTP-00029,Zeebrugge Beach,21Z0000000000090,exit,kWh/h,,,3568631,2021-03-17T12:13:14+01:00,,Confirmed,,,,,False,,,False,PRISMA,,https://platform.prisma-capacity.eu/,,Trading Point,9,False
1Physical Flowhour2021-03-16 01:00:00 +00:002021-03-16 02:00:00 +00:00BE-TSO-0001VTP-00029exitkWh/h,1,Physical Flow,hour,2021-03-16T02:00:00+01:00,2021-03-16T03:00:00+01:00,BE-TSO-0001,21X-BE-A-A0A0A-Y,Fluxys Belgium,VTP-00029,Zeebrugge Beach,21Z0000000000090,exit,kWh/h,,,3093092,2021-03-17T12:13:14+01:00,,Confirmed,,,,,False,,,False,PRISMA,,https://platform.prisma-capacity.eu/,,Trading Point,9,False
1Physical Flowhour2021-03-16 02:00:00 +00:002021-03-16 03:00:00 +00:00BE-TSO-0001VTP-00029exitkWh/h,1,Physical Flow,hour,2021-03-16T03:00:00+01:00,2021-03-16T04:00:00+01:00,BE-TSO-0001,21X-BE-A-A0A0A-Y,Fluxys Belgium,VTP-00029,Zeebrugge Beach,21Z0000000000090,exit,kWh/h,,,3019030,2021-03-17T12:13:14+01:00,,Confirmed,,,,,False,,,False,PRISMA,,https://platform.prisma-capacity.eu/,,Trading Point,9,False
1Physical Flowhour2021-03-16 03:00:00 +00:002021-03-16 04:00:00 +00:00BE-TSO-0001VTP-00029exitkWh/h,1,Physical Flow,hour,2021-03-16T04:00:00+01:00,2021-03-16T05:00:00+01:00,BE-TSO-0001,21X-BE-A-A0A0A-Y,Fluxys Belgium,VTP-00029,Zeebrugge Beach,21Z0000000000090,exit,kWh/h,,,3012836,2021-03-17T12:13:14+01:00,,Confirmed,,,,,False,,,False,PRISMA,,https://platform.prisma-capacity.eu/,,Trading Point,9,False
1Physical Flowhour2021-03-16 04:00:00 +00:002021-03-16 05:00:00 +00:00BE-TSO-0001VTP-00029exitkWh/h,1,Physical Flow,hour,2021-03-16T05:00:00+01:00,2021-03-16T06:00:00+01:00,BE-TSO-0001,21X-BE-A-A0A0A-Y,Fluxys Belgium,VTP-00029,Zeebrugge Beach,21Z0000000000090,exit,kWh/h,,,3014243,2021-03-17T12:13:14+01:00,,Confirmed,,,,,False,,,False,PRISMA,,https://platform.prisma-capacity.eu/,,Trading Point,9,False
1Physical Flowhour2021-03-16 05:00:00 +00:002021-03-16 06:00:00 +00:00BE-TSO-0001VTP-00029exitkWh/h,1,Physical Flow,hour,2021-03-16T06:00:00+01:00,2021-03-16T07:00:00+01:00,BE-TSO-0001,21X-BE-A-A0A0A-Y,Fluxys Belgium,VTP-00029,Zeebrugge Beach,21Z0000000000090,exit,kWh/h,,,21418,2021-03-17T12:13:14+01:00,,Provisional,,,,,False,,,False,PRISMA,,https://platform.prisma-capacity.eu/,,Trading Point,9,False
1Physical Flowhour2021-03-16 06:00:00 +00:002021-03-16 07:00:00 +00:00BE-TSO-0001VTP-00029exitkWh/h,1,Physical Flow,hour,2021-03-16T07:00:00+01:00,2021-03-16T08:00:00+01:00,BE-TSO-0001,21X-BE-A-A0A0A-Y,Fluxys Belgium,VTP-00029,Zeebrugge Beach,21Z0000000000090,exit,kWh/h,,,10553,2021-03-17T12:13:14+01:00,,Provisional,,,,,False,,,False,PRISMA,,https://platform.prisma-capacity.eu/,,Trading Point,9,False
1Physical Flowhour2021-03-16 07:00:00 +00:002021-03-16 08:00:00 +00:00BE-TSO-0001VTP-00029exitkWh/h,1,Physical Flow,hour,2021-03-16T08:00:00+01:00,2021-03-16T09:00:00+01:00,BE-TSO-0001,21X-BE-A-A0A0A-Y,Fluxys Belgium,VTP-00029,Zeebrugge Beach,21Z0000000000090,exit,kWh/h,,,27650,2021-03-17T12:13:14+01:00,,Provisional,,,,,False,,,False,PRISMA,,https://platform.prisma-capacity.eu/,,Trading Point,9,False
1Physical Flowhour2021-03-16 08:00:00 +00:002021-03-16 09:00:00 +00:00BE-TSO-0001VTP-00029exitkWh/h,1,Physical Flow,hour,2021-03-16T09:00:00+01:00,2021-03-16T10:00:00+01:00,BE-TSO-0001,21X-BE-A-A0A0A-Y,Fluxys Belgium,VTP-00029,Zeebrugge Beach,21Z0000000000090,exit,kWh/h,,,1094,2021-03-17T12:13:14+01:00,,Provisional,,,,,False,,,False,PRISMA,,https://platform.prisma-capacity.eu/,,Trading Point,9,False
1Physical Flowhour2021-03-16 09:00:00 +00:002021-03-16 10:00:00 +00:00BE-TSO-0001VTP-00029exitkWh/h,1,Physical Flow,hour,2021-03-16T10:00:00+01:00,2021-03-16T11:00:00+01:00,BE-TSO-0001,21X-BE-A-A0A0A-Y,Fluxys Belgium,VTP-00029,Zeebrugge Beach,21Z0000000000090,exit,kWh/h,,,1224,2021-03-17T12:13:14+01:00,,Provisional,,,,,False,,,False,PRISMA,,https://platform.prisma-capacity.eu/,,Trading Point,9,False
1Physical Flowhour2021-03-16 10:00:00 +00:002021-03-16 11:00:00 +00:00BE-TSO-0001VTP-00029exitkWh/h,1,Physical Flow,hour,2021-03-16T11:00:00+01:00,2021-03-16T12:00:00+01:00,BE-TSO-0001,21X-BE-A-A0A0A-Y,Fluxys Belgium,VTP-00029,Zeebrugge Beach,21Z0000000000090,exit,kWh/h,,,1732,2021-03-17T12:13:14+01:00,,Provisional,,,,,False,,,False,PRISMA,,https://platform.prisma-capacity.eu/,,Trading Point,9,False
1Physical Flowhour2021-03-16 11:00:00 +00:002021-03-16 12:00:00 +00:00BE-TSO-0001VTP-00029exitkWh/h,1,Physical Flow,hour,2021-03-16T12:00:00+01:00,2021-03-16T13:00:00+01:00,BE-TSO-0001,21X-BE-A-A0A0A-Y,Fluxys Belgium,VTP-00029,Zeebrugge Beach,21Z0000000000090,exit,kWh/h,,,6934,2021-03-17T12:13:14+01:00,,Provisional,,,,,False,,,False,PRISMA,,https://platform.prisma-capacity.eu/,,Trading Point,9,False
1Physical Flowhour2021-03-16 12:00:00 +00:002021-03-16 13:00:00 +00:00BE-TSO-0001VTP-00029exitkWh/h,1,Physical Flow,hour,2021-03-16T13:00:00+01:00,2021-03-16T14:00:00+01:00,BE-TSO-0001,21X-BE-A-A0A0A-Y,Fluxys Belgium,VTP-00029,Zeebrugge Beach,21Z0000000000090,exit,kWh/h,,,7046,2021-03-17T12:13:14+01:00,,Provisional,,,,,False,,,False,PRISMA,,https://platform.prisma-capacity.eu/,,Trading Point,9,False
1Physical Flowhour2021-03-16 13:00:00 +00:002021-03-16 14:00:00 +00:00BE-TSO-0001VTP-00029exitkWh/h,1,Physical Flow,hour,2021-03-16T14:00:00+01:00,2021-03-16T15:00:00+01:00,BE-TSO-0001,21X-BE-A-A0A0A-Y,Fluxys Belgium,VTP-00029,Zeebrugge Beach,21Z0000000000090,exit,kWh/h,,,1960,2021-03-17T12:13:14+01:00,,Provisional,,,,,False,,,False,PRISMA,,https://platform.prisma-capacity.eu/,,Trading Point,9,False
1Physical Flowhour2021-03-16 14:00:00 +00:002021-03-16 15:00:00 +00:00BE-TSO-0001VTP-00029exitkWh/h,1,Physical Flow,hour,2021-03-16T15:00:00+01:00,2021-03-16T16:00:00+01:00,BE-TSO-0001,21X-BE-A-A0A0A-Y,Fluxys Belgium,VTP-00029,Zeebrugge Beach,21Z0000000000090,exit,kWh/h,,,3390,2021-03-17T12:13:14+01:00,,Provisional,,,,,False,,,False,PRISMA,,https://platform.prisma-capacity.eu/,,Trading Point,9,False
1Physical Flowhour2021-03-16 15:00:00 +00:002021-03-16 16:00:00 +00:00BE-TSO-0001VTP-00029exitkWh/h,1,Physical Flow,hour,2021-03-16T16:00:00+01:00,2021-03-16T17:00:00+01:00,BE-TSO-0001,21X-BE-A-A0A0A-Y,Fluxys Belgium,VTP-00029,Zeebrugge Beach,21Z0000000000090,exit,kWh/h,,,1898,2021-03-17T12:13:14+01:00,,Provisional,,,,,False,,,False,PRISMA,,https://platform.prisma-capacity.eu/,,Trading Point,9,False
1Physical Flowhour2021-03-16 16:00:00 +00:002021-03-16 17:00:00 +00:00BE-TSO-0001VTP-00029exitkWh/h,1,Physical Flow,hour,2021-03-16T17:00:00+01:00,2021-03-16T18:00:00+01:00,BE-TSO-0001,21X-BE-A-A0A0A-Y,Fluxys Belgium,VTP-00029,Zeebrugge Beach,21Z0000000000090,exit,kWh/h,,,2853,2021-03-17T12:13:14+01:00,,Provisional,,,,,False,,,False,PRISMA,,https://platform.prisma-capacity.eu/,,Trading Point,9,False
1Physical Flowhour2021-03-16 17:00:00 +00:002021-03-16 18:00:00 +00:00BE-TSO-0001VTP-00029exitkWh/h,1,Physical Flow,hour,2021-03-16T18:00:00+01:00,2021-03-16T19:00:00+01:00,BE-TSO-0001,21X-BE-A-A0A0A-Y,Fluxys Belgium,VTP-00029,Zeebrugge Beach,21Z0000000000090,exit,kWh/h,,,2334,2021-03-17T12:13:14+01:00,,Provisional,,,,,False,,,False,PRISMA,,https://platform.prisma-capacity.eu/,,Trading Point,9,False
1Physical Flowhour2021-03-16 18:00:00 +00:002021-03-16 19:00:00 +00:00BE-TSO-0001VTP-00029exitkWh/h,1,Physical Flow,hour,2021-03-16T19:00:00+01:00,2021-03-16T20:00:00+01:00,BE-TSO-0001,21X-BE-A-A0A0A-Y,Fluxys Belgium,VTP-00029,Zeebrugge Beach,21Z0000000000090,exit,kWh/h,,,3888,2021-03-17T12:13:14+01:00,,Provisional,,,,,False,,,False,PRISMA,,https://platform.prisma-capacity.eu/,,Trading Point,9,False
1Physical Flowhour2021-03-16 19:00:00 +00:002021-03-16 20:00:00 +00:00BE-TSO-0001VTP-00029exitkWh/h,1,Physical Flow,hour,2021-03-16T20:00:00+01:00,2021-03-16T21:00:00+01:00,BE-TSO-0001,21X-BE-A-A0A0A-Y,Fluxys Belgium,VTP-00029,Zeebrugge Beach,21Z0000000000090,exit,kWh/h,,,5056,2021-03-17T12:13:14+01:00,,Provisional,,,,,False,,,False,PRISMA,,https://platform.prisma-capacity.eu/,,Trading Point,9,False
1Physical Flowhour2021-03-16 20:00:00 +00:002021-03-16 21:00:00 +00:00BE-TSO-0001VTP-00029exitkWh/h,1,Physical Flow,hour,2021-03-16T21:00:00+01:00,2021-03-16T22:00:00+01:00,BE-TSO-0001,21X-BE-A-A0A0A-Y,Fluxys Belgium,VTP-00029,Zeebrugge Beach,21Z0000000000090,exit,kWh/h,,,8843,2021-03-17T12:13:14+01:00,,Provisional,,,,,False,,,False,PRISMA,,https://platform.prisma-capacity.eu/,,Trading Point,9,False
1Physical Flowhour2021-03-16 21:00:00 +00:002021-03-16 22:00:00 +00:00BE-TSO-0001VTP-00029exitkWh/h,1,Physical Flow,hour,2021-03-16T22:00:00+01:00,2021-03-16T23:00:00+01:00,BE-TSO-0001,21X-BE-A-A0A0A-Y,Fluxys Belgium,VTP-00029,Zeebrugge Beach,21Z0000000000090,exit,kWh/h,,,27148,2021-03-17T12:13:14+01:00,,Provisional,,,,,False,,,False,PRISMA,,https://platform.prisma-capacity.eu/,,Trading Point,9,False
1Physical Flowhour2021-03-16 22:00:00 +00:002021-03-16 23:00:00 +00:00BE-TSO-0001VTP-00029exitkWh/h,1,Physical Flow,hour,2021-03-16T23:00:00+01:00,2021-03-17T00:00:00+01:00,BE-TSO-0001,21X-BE-A-A0A0A-Y,Fluxys Belgium,VTP-00029,Zeebrugge Beach,21Z0000000000090,exit,kWh/h,,,17012,2021-03-17T12:13:14+01:00,,Provisional,,,,,False,,,False,PRISMA,,https://platform.prisma-capacity.eu/,,Trading Point,9,False
1Physical Flowhour2021-03-16 23:00:00 +00:002021-03-17 00:00:00 +00:00BE-TSO-0001VTP-00029exitkWh/h,1,Physical Flow,hour,2021-03-17T00:00:00+01:00,2021-03-17T01:00:00+01:00,BE-TSO-0001,21X-BE-A-A0A0A-Y,Fluxys Belgium,VTP-00029,Zeebrugge Beach,21Z0000000000090,exit,kWh/h,,,11042,2021-03-17T12:13:14+01:00,,Provisional,,,,,False,,,False,PRISMA,,https://platform.prisma-capacity.eu/,,Trading Point,9,False
1Physical Flowhour2021-03-17 00:00:00 +00:002021-03-17 01:00:00 +00:00BE-TSO-0001VTP-00029exitkWh/h,1,Physical Flow,hour,2021-03-17T01:00:00+01:00,2021-03-17T02:00:00+01:00,BE-TSO-0001,21X-BE-A-A0A0A-Y,Fluxys Belgium,VTP-00029,Zeebrugge Beach,21Z0000000000090,exit,kWh/h,,,11015,2021-03-17T12:13:14+01:00,,Provisional,,,,,False,,,False,PRISMA,,https://platform.prisma-capacity.eu/,,Trading Point,9,False
1Physical Flowhour2021-03-17 01:00:00 +00:002021-03-17 02:00:00 +00:00BE-TSO-0001VTP-00029exitkWh/h,1,Physical Flow,hour,2021-03-17T02:00:00+01:00,2021-03-17T03:00:00+01:00,BE-TSO-0001,21X-BE-A-A0A0A-Y,Fluxys Belgium,VTP-00029,Zeebrugge Beach,21Z0000000000090,exit,kWh/h,,,1644365,2021-03-17T12:13:14+01:00,,Provisional,,,,,False,,,False,PRISMA,,https://platform.prisma-capacity.eu/,,Trading Point,9,False
1Physical Flowhour2021-03-17 02:00:00 +00:002021-03-17 03:00:00 +00:00BE-TSO-0001VTP-00029exitkWh/h,1,Physical Flow,hour,2021-03-17T03:00:00+01:00,2021-03-17T04:00:00+01:00,BE-TSO-0001,21X-BE-A-A0A0A-Y,Fluxys Belgium,VTP-00029,Zeebrugge Beach,21Z0000000000090,exit,kWh/h,,,0,2021-03-17T12:13:14+01:00,,Provisional,,,,,False,,,False,PRISMA,,https://platform.prisma-capacity.eu/,,Trading Point,9,False
1Physical Flowhour2021-03-17 03:00:00 +00:002021-03-17 04:00:00 +00:00BE-TSO-0001VTP-00029exitkWh/h,1,Physical Flow,hour,2021-03-17T04:00:00+01:00,2021-03-17T05:00:00+01:00,BE-TSO-0001,21X-BE-A-A0A0A-Y,Fluxys Belgium,VTP-00029,Zeebrugge Beach,21Z0000000000090,exit,kWh/h,,,0,2021-03-17T12:13:14+01:00,,Provisional,,,,,False,,,False,PRISMA,,https://platform.prisma-capacity.eu/,,Trading Point,9,False
1Physical Flowhour2021-03-17 04:00:00 +00:002021-03-17 05:00:00 +00:00BE-TSO-0001VTP-00029exitkWh/h,1,Physical Flow,hour,2021-03-17T05:00:00+01:00,2021-03-17T06:00:00+01:00,BE-TSO-0001,21X-BE-A-A0A0A-Y,Fluxys Belgium,VTP-00029,Zeebrugge Beach,21Z0000000000090,exit,kWh/h,,,0,2021-03-17T12:13:14+01:00,,Provisional,,,,,False,,,False,PRISMA,,https://platform.prisma-capacity.eu/,,Trading Point,9,False
